"LineNumber","Kind","Name","TypeDefIndex","Declaration"
"364","class","MstItemEntity","6","public class MstItemEntity // TypeDefIndex: 6"
"381","enum","MstItemCategory","7","public enum MstItemCategory // TypeDefIndex: 7"
"392","class","MstItems","8","public class MstItems : ScriptableObject // TypeDefIndex: 8"
"1449","class","Reporter.","43","private sealed class Reporter.<readInfo>d__188 : IEnumerator<object>, IEnumerator, IDisposable // TypeDefIndex: 43"
"2045","class","PurchaseRowPrefab","54","public class PurchaseRowPrefab : MonoBehaviour // TypeDefIndex: 54"
"2087","class","AdsPage","55","public class AdsPage : MonoBehaviour // TypeDefIndex: 55"
"2249","class","PurchasePage.","59","private sealed class PurchasePage.<>c__DisplayClass10_0 // TypeDefIndex: 59"
"2267","class","PurchasePage.","60","private sealed class PurchasePage.<>c__DisplayClass13_0 // TypeDefIndex: 60"
"2283","class","PurchasePage","61","public class PurchasePage : MonoBehaviour // TypeDefIndex: 61"
"2347","class","SavePage","62","public class SavePage : MonoBehaviour // TypeDefIndex: 62"
"2560","class","FBWindowsADSManager.","70","private sealed class FBWindowsADSManager.<>c__DisplayClass3_0 // TypeDefIndex: 70"
"2577","class","FBWindowsADSManager.","71","private sealed class FBWindowsADSManager.<>c__DisplayClass4_0 // TypeDefIndex: 71"
"2594","class","FBWindowsADSManager.","72","private sealed class FBWindowsADSManager.<>c__DisplayClass5_0 // TypeDefIndex: 72"
"2611","class","FBWindowsADSManager.","73","private sealed class FBWindowsADSManager.<>c__DisplayClass6_0 // TypeDefIndex: 73"
"2627","class","FBWindowsADSManager","74","public class FBWindowsADSManager : MonoBehaviour // TypeDefIndex: 74"
"2785","class","FBWindowsLoginManager.","80","private sealed class FBWindowsLoginManager.<LoadPictureFromUrl>d__10 : IEnumerator<object>, IEnumerator, IDisposable // TypeDefIndex: 80"
"2902","class","FBWindowsPhysicalGamepadManager","83","public class FBWindowsPhysicalGamepadManager : MonoBehaviour // TypeDefIndex: 83"
"2918","class","FBWindowsPurchaseManager.","84","private sealed class FBWindowsPurchaseManager.<>c__DisplayClass5_0 // TypeDefIndex: 84"
"2935","class","FBWindowsPurchaseManager.","85","private sealed class FBWindowsPurchaseManager.<>c__DisplayClass9_0 // TypeDefIndex: 85"
"2956","class","FBWindowsPurchaseManager.","86","private sealed class FBWindowsPurchaseManager.<LoadPictureFromUrl>d__6 : IEnumerator<object>, IEnumerator, IDisposable // TypeDefIndex: 86"
"2997","class","FBWindowsPurchaseManager","87","public class FBWindowsPurchaseManager : MonoBehaviour // TypeDefIndex: 87"
"3092","class","FBWindowsSoftKeyboardManager","90","public class FBWindowsSoftKeyboardManager : MonoBehaviour // TypeDefIndex: 90"
"3163","class","FBWindowsVirtualGamepadManager","92","public class FBWindowsVirtualGamepadManager : MonoBehaviour // TypeDefIndex: 92"
"3182","class","GAAdMobIntegration","93","public class GAAdMobIntegration // TypeDefIndex: 93"
"3340","class","UnityWebRequestHS","104","public class UnityWebRequestHS // TypeDefIndex: 104"
"3383","class","UnityWebRequestManager","105","public class UnityWebRequestManager : Immortal<UnityWebRequestManager> // TypeDefIndex: 105"
"3435","class","LocalizeItem","108","public class LocalizeItem : MonoBehaviour // TypeDefIndex: 108"
"3585","class","LocalizeTableDataManager.","114","private sealed class LocalizeTableDataManager.<>c__DisplayClass5_0 // TypeDefIndex: 114"
"3612","class","LocalizeTableDataManager","115","public class LocalizeTableDataManager : MonoBehaviourSingleton<LocalizeTableDataManager> // TypeDefIndex: 115"
"3722","class","Table_Language","118","public class Table_Language : ExcelImporterRoot // TypeDefIndex: 118"
"3834","class","UserSaveData","121","public abstract class UserSaveData // TypeDefIndex: 121"
"3893","class","UILeaderboardPage.","124","private sealed class UILeaderboardPage.<>c__DisplayClass13_0 // TypeDefIndex: 124"
"3912","class","UILeaderboardPage","125","public class UILeaderboardPage : MonoBehaviour // TypeDefIndex: 125"
"3958","class","UILeaderboardRankInfo","126","public class UILeaderboardRankInfo : MonoBehaviour // TypeDefIndex: 126"
"4052","enum","LoadingPopupType","130","public enum LoadingPopupType // TypeDefIndex: 130"
"4108","enum","MapType","135","public enum MapType // TypeDefIndex: 135"
"4119","enum","MapCellLockType","136","public enum MapCellLockType // TypeDefIndex: 136"
"4169","enum","RewardType","138","public enum RewardType // TypeDefIndex: 138"
"4198","enum","CurrencyType","139","public enum CurrencyType // TypeDefIndex: 139"
"4223","enum","RequestType","141","public enum RequestType // TypeDefIndex: 141"
"4242","enum","RequestGroupType","142","public enum RequestGroupType // TypeDefIndex: 142"
"4265","enum","MaidCoinType","144","public enum MaidCoinType // TypeDefIndex: 144"
"4276","enum","ItemType","145","public enum ItemType // TypeDefIndex: 145"
"4307","enum","RewardBoxType","147","public enum RewardBoxType // TypeDefIndex: 147"
"4339","enum","BlockType","150","public enum BlockType // TypeDefIndex: 150"
"4388","enum","BlockTextType","152","public enum BlockTextType // TypeDefIndex: 152"
"4470","enum","RequestState","154","public enum RequestState // TypeDefIndex: 154"
"4485","enum","BagPurchaseType","155","public enum BagPurchaseType // TypeDefIndex: 155"
"4537","enum","MissionQuestType","157","public enum MissionQuestType // TypeDefIndex: 157"
"4569","enum","ShopPromotionCondition","159","public enum ShopPromotionCondition // TypeDefIndex: 159"
"4616","enum","PackagePurchaseLocation","161","public enum PackagePurchaseLocation // TypeDefIndex: 161"
"4671","enum","NPCType","164","public enum NPCType // TypeDefIndex: 164"
"4683","enum","MaidSkillType","165","public enum MaidSkillType // TypeDefIndex: 165"
"4707","enum","NpcDialogType","166","public enum NpcDialogType // TypeDefIndex: 166"
"4734","enum","NpcAnimType","167","public enum NpcAnimType // TypeDefIndex: 167"
"4764","enum","NpcSkinType","168","public enum NpcSkinType // TypeDefIndex: 168"
"4781","enum","NpcEffectType","169","public enum NpcEffectType // TypeDefIndex: 169"
"4805","enum","MissionRefreshType","171","public enum MissionRefreshType // TypeDefIndex: 171"
"4815","enum","MissionPassType","172","public enum MissionPassType // TypeDefIndex: 172"
"4824","enum","EventSummerFestivalShopType","173","public enum EventSummerFestivalShopType // TypeDefIndex: 173"
"4904","enum","MaidChatType","180","public enum MaidChatType // TypeDefIndex: 180"
"4914","enum","OutGameStoryType","181","public enum OutGameStoryType // TypeDefIndex: 181"
"4935","enum","LoadingType","183","public enum LoadingType // TypeDefIndex: 183"
"4982","enum","LocalNoticeRewardType","187","public enum LocalNoticeRewardType // TypeDefIndex: 187"
"5062","enum","BlockSpineType","194","public enum BlockSpineType // TypeDefIndex: 194"
"5074","enum","MemoryCardType","195","public enum MemoryCardType // TypeDefIndex: 195"
"5083","enum","MemoryCardGrade","196","public enum MemoryCardGrade // TypeDefIndex: 196"
"5093","enum","MemoryCardTicketType","197","public enum MemoryCardTicketType // TypeDefIndex: 197"
"5125","enum","ItemUnlockType","200","public enum ItemUnlockType // TypeDefIndex: 200"
"5137","enum","InGameResType","201","public enum InGameResType // TypeDefIndex: 201"
"5158","enum","NpcUnlockType","203","public enum NpcUnlockType // TypeDefIndex: 203"
"5341","struct","RewardInfo","207","public struct RewardInfo // TypeDefIndex: 207"
"5356","struct","CostumeRewardInfo","208","public struct CostumeRewardInfo // TypeDefIndex: 208"
"5375","struct","BlockTextInfo","210","public struct BlockTextInfo // TypeDefIndex: 210"
"5386","struct","ProduceBlockTextInfo","211","public struct ProduceBlockTextInfo // TypeDefIndex: 211"
"5501","struct","NpcEffectInfo","219","public struct NpcEffectInfo // TypeDefIndex: 219"
"5527","struct","BloodWormStepInfo","221","public struct BloodWormStepInfo // TypeDefIndex: 221"
"5544","class","RewardCommonInfo","222","public class RewardCommonInfo // TypeDefIndex: 222"
"5559","class","UserSaveDataMetaInfo","223","public class UserSaveDataMetaInfo // TypeDefIndex: 223"
"5586","class","Effect_EchoArchive_BlockCollect","225","public class Effect_EchoArchive_BlockCollect : Effect_BezierFly // TypeDefIndex: 225"
"5781","class","Effect_BlockTextNoti","229","public class Effect_BlockTextNoti : Effect // TypeDefIndex: 229"
"5801","class","Effect_ItemBlockIdle","230","public class Effect_ItemBlockIdle : Effect // TypeDefIndex: 230"
"5827","class","Effect_MemorySkill.","231","private sealed class Effect_MemorySkill.<MoveUp>d__5 : IEnumerator<object>, IEnumerator, IDisposable // TypeDefIndex: 231"
"5870","class","Effect_MemorySkill","232","public class Effect_MemorySkill : Effect // TypeDefIndex: 232"
"5897","class","Effect_Reward","233","public class Effect_Reward // TypeDefIndex: 233"
"5916","class","Effect_RewardAP.","234","private sealed class Effect_RewardAP.<>c__DisplayClass3_0 // TypeDefIndex: 234"
"5935","class","Effect_RewardAP","235","public class Effect_RewardAP : Effect_Reward // TypeDefIndex: 235"
"5960","class","Effect_RewardBalloonsFly","236","public class Effect_RewardBalloonsFly : Effect_BezierFly // TypeDefIndex: 236"
"5989","class","Effect_RewardBlock.","237","private sealed class Effect_RewardBlock.<>c__DisplayClass2_0 // TypeDefIndex: 237"
"6008","class","Effect_RewardBlock","238","public class Effect_RewardBlock : Effect_Reward // TypeDefIndex: 238"
"6033","class","Effect_RewardDormitory.","239","private sealed class Effect_RewardDormitory.<>c__DisplayClass2_0 // TypeDefIndex: 239"
"6052","class","Effect_RewardDormitory","240","public class Effect_RewardDormitory : Effect_Reward // TypeDefIndex: 240"
"6073","class","Effect_RewardEventFly","241","public class Effect_RewardEventFly : Effect_BezierFly // TypeDefIndex: 241"
"6105","class","Effect_RewardExp.","242","private sealed class Effect_RewardExp.<>c__DisplayClass4_0 // TypeDefIndex: 242"
"6124","class","Effect_RewardExp","243","public class Effect_RewardExp : Effect_Reward // TypeDefIndex: 243"
"6159","class","Effect_RewardFindEvidence","244","public class Effect_RewardFindEvidence : Effect_BezierFly // TypeDefIndex: 244"
"6191","class","Effect_RewardFly","245","public class Effect_RewardFly : Effect_BezierFly // TypeDefIndex: 245"
"6232","class","Effect_RewardGold.","246","private sealed class Effect_RewardGold.<>c__DisplayClass3_0 // TypeDefIndex: 246"
"6251","class","Effect_RewardGold","247","public class Effect_RewardGold : Effect_Reward // TypeDefIndex: 247"
"6277","class","Effect_RewardItem.","248","private sealed class Effect_RewardItem.<>c__DisplayClass3_0 // TypeDefIndex: 248"
"6296","class","Effect_RewardItem","249","public class Effect_RewardItem : Effect_Reward // TypeDefIndex: 249"
"6322","class","Effect_RewardJewel.","250","private sealed class Effect_RewardJewel.<>c__DisplayClass3_0 // TypeDefIndex: 250"
"6341","class","Effect_RewardJewel","251","public class Effect_RewardJewel : Effect_Reward // TypeDefIndex: 251"
"6366","class","Effect_RewardMaidCoin","252","public class Effect_RewardMaidCoin : Effect_Reward // TypeDefIndex: 252"
"6382","class","Effect_RewardMaidGift.","253","private sealed class Effect_RewardMaidGift.<>c__DisplayClass2_0 // TypeDefIndex: 253"
"6401","class","Effect_RewardMaidGift","254","public class Effect_RewardMaidGift : Effect_Reward // TypeDefIndex: 254"
"6426","class","Effect_RewardMainQuestPoint.","255","private sealed class Effect_RewardMainQuestPoint.<>c__DisplayClass2_0 // TypeDefIndex: 255"
"6445","class","Effect_RewardMainQuestPoint","256","public class Effect_RewardMainQuestPoint : Effect_Reward // TypeDefIndex: 256"
"6470","class","Effect_RewardMasterHeart.","257","private sealed class Effect_RewardMasterHeart.<>c__DisplayClass3_0 // TypeDefIndex: 257"
"6489","class","Effect_RewardMasterHeart","258","public class Effect_RewardMasterHeart : Effect_Reward // TypeDefIndex: 258"
"6515","class","Effect_RewardMasterHeartPiece.","259","private sealed class Effect_RewardMasterHeartPiece.<>c__DisplayClass3_0 // TypeDefIndex: 259"
"6534","class","Effect_RewardMasterHeartPiece","260","public class Effect_RewardMasterHeartPiece : Effect_Reward // TypeDefIndex: 260"
"6560","class","Effect_RewardMissionPass.","261","private sealed class Effect_RewardMissionPass.<>c__DisplayClass5_0 // TypeDefIndex: 261"
"6579","class","Effect_RewardMissionPass","262","public class Effect_RewardMissionPass : Effect_Reward // TypeDefIndex: 262"
"6607","class","Effect_RewardPopFly.","263","private sealed class Effect_RewardPopFly.<>c__DisplayClass8_0 // TypeDefIndex: 263"
"6623","class","Effect_RewardPopFly","264","public class Effect_RewardPopFly : Effect_BezierFly // TypeDefIndex: 264"
"6667","class","Effect_SpreadFly","265","public class Effect_SpreadFly : Effect // TypeDefIndex: 265"
"6766","class","Effect_LobbyRewardEvent.","268","private sealed class Effect_LobbyRewardEvent.<>c__DisplayClass6_0 // TypeDefIndex: 268"
"6786","class","Effect_LobbyRewardEvent","269","public class Effect_LobbyRewardEvent : Effect_Reward // TypeDefIndex: 269"
"6817","class","Effect_LobbyRewardSeason.","270","private sealed class Effect_LobbyRewardSeason.<>c__DisplayClass7_0 // TypeDefIndex: 270"
"6837","class","Effect_LobbyRewardSeason","271","public class Effect_LobbyRewardSeason : Effect_Reward // TypeDefIndex: 271"
"7291","class","InGame_BlockSpineObject","277","public class InGame_BlockSpineObject : MonoBehaviour // TypeDefIndex: 277"
"7326","class","FabricateItemBlockInfo","279","public class FabricateItemBlockInfo // TypeDefIndex: 279"
"7340","struct","ProduceUseItemInfo","280","public struct ProduceUseItemInfo // TypeDefIndex: 280"
"7351","class","InGame_ItemBlock.","281","private sealed class InGame_ItemBlock.<>c // TypeDefIndex: 281"
"7375","class","InGame_ItemBlock.","282","private sealed class InGame_ItemBlock.<>c__DisplayClass183_0 // TypeDefIndex: 282"
"7391","class","InGame_ItemBlock.","283","private sealed class InGame_ItemBlock.<UseSkillDelay>d__184 : IEnumerator<object>, IEnumerator, IDisposable // TypeDefIndex: 283"
"7429","class","InGame_ItemBlock","284","public class InGame_ItemBlock : MonoBehaviour // TypeDefIndex: 284"
"8122","class","InGame_ItemBlock_BubbleTime.Timer","285","public sealed class InGame_ItemBlock_BubbleTime.Timer : MulticastDelegate // TypeDefIndex: 285"
"8140","class","InGame_ItemBlock_BubbleTime","286","public class InGame_ItemBlock_BubbleTime : MonoBehaviour // TypeDefIndex: 286"
"8186","class","InGame_ItemBlock_CoolTime.Timer","287","public sealed class InGame_ItemBlock_CoolTime.Timer : MulticastDelegate // TypeDefIndex: 287"
"8204","class","InGame_ItemBlock_CoolTime","288","public class InGame_ItemBlock_CoolTime : MonoBehaviour // TypeDefIndex: 288"
"8267","class","InGame_ItemBlock_EAFabricateTimer.Timer","289","public sealed class InGame_ItemBlock_EAFabricateTimer.Timer : MulticastDelegate // TypeDefIndex: 289"
"8285","class","InGame_ItemBlock_EAFabricateTimer","290","public class InGame_ItemBlock_EAFabricateTimer : MonoBehaviour // TypeDefIndex: 290"
"8331","class","InGame_ItemBlock_FabricateTimer.Timer","291","public sealed class InGame_ItemBlock_FabricateTimer.Timer : MulticastDelegate // TypeDefIndex: 291"
"8349","class","InGame_ItemBlock_FabricateTimer","292","public class InGame_ItemBlock_FabricateTimer : MonoBehaviour // TypeDefIndex: 292"
"8396","class","InGame_ItemBlock_OpenCoolTime.Timer","293","public sealed class InGame_ItemBlock_OpenCoolTime.Timer : MulticastDelegate // TypeDefIndex: 293"
"8414","class","InGame_ItemBlock_OpenCoolTime","294","public class InGame_ItemBlock_OpenCoolTime : MonoBehaviour // TypeDefIndex: 294"
"8460","class","InGame_ItemBlock_Spine","295","public class InGame_ItemBlock_Spine : MonoBehaviour // TypeDefIndex: 295"
"8494","class","InGame_ItemCell","296","public class InGame_ItemCell : MonoBehaviour // TypeDefIndex: 296"
"8679","class","InGame.","297","private sealed class InGame.<>c // TypeDefIndex: 297"
"8706","class","InGame","298","public class InGame : MonoBehaviourSingleton<InGame> // TypeDefIndex: 298"
"8938","class","InGame_BlockManager.","299","private sealed class InGame_BlockManager.<>c // TypeDefIndex: 299"
"8974","class","InGame_BlockManager.","300","private sealed class InGame_BlockManager.<>c__DisplayClass91_0 // TypeDefIndex: 300"
"8993","class","InGame_BlockManager","301","public class InGame_BlockManager : MonoBehaviourSingleton<InGame_BlockManager> // TypeDefIndex: 301"
"9419","class","InGame_DragManager.","302","private sealed class InGame_DragManager.<>c // TypeDefIndex: 302"
"9451","class","InGame_DragManager.","303","private sealed class InGame_DragManager.<>c__DisplayClass43_0 // TypeDefIndex: 303"
"9472","class","InGame_DragManager.","304","private sealed class InGame_DragManager.<>c__DisplayClass44_0 // TypeDefIndex: 304"
"9491","class","InGame_DragManager.","305","private sealed class InGame_DragManager.<>c__DisplayClass50_0 // TypeDefIndex: 305"
"9507","class","InGame_DragManager.","306","private sealed class InGame_DragManager.<>c__DisplayClass52_0 // TypeDefIndex: 306"
"9523","class","InGame_DragManager.","307","private sealed class InGame_DragManager.<>c__DisplayClass54_0 // TypeDefIndex: 307"
"9539","class","InGame_DragManager.","308","private sealed class InGame_DragManager.<>c__DisplayClass56_0 // TypeDefIndex: 308"
"9555","class","InGame_DragManager.","309","private sealed class InGame_DragManager.<OnUseItemBlock>d__44 : IEnumerator<object>, IEnumerator, IDisposable // TypeDefIndex: 309"
"9601","class","InGame_DragManager","310","public class InGame_DragManager : MonoBehaviourSingleton<InGame_DragManager> // TypeDefIndex: 310"
"9763","struct","InGameCellInfo","312","public struct InGameCellInfo // TypeDefIndex: 312"
"9775","class","InGame_MapManager.","313","private sealed class InGame_MapManager.<>c // TypeDefIndex: 313"
"9795","class","InGame_MapManager.","314","private sealed class InGame_MapManager.<>c__DisplayClass115_0 // TypeDefIndex: 314"
"9811","class","InGame_MapManager.","315","private sealed class InGame_MapManager.<>c__DisplayClass66_0 // TypeDefIndex: 315"
"9830","class","InGame_MapManager.","316","private sealed class InGame_MapManager.<>c__DisplayClass66_1 // TypeDefIndex: 316"
"9853","class","InGame_MapManager.","317","private sealed class InGame_MapManager.<>c__DisplayClass67_0 // TypeDefIndex: 317"
"9870","class","InGame_MapManager.","318","private sealed class InGame_MapManager.<>c__DisplayClass72_0 // TypeDefIndex: 318"
"9887","class","InGame_MapManager.","319","private sealed class InGame_MapManager.<>c__DisplayClass76_0 // TypeDefIndex: 319"
"9904","class","InGame_MapManager.","320","private sealed class InGame_MapManager.<>c__DisplayClass87_0 // TypeDefIndex: 320"
"9919","class","InGame_MapManager","321","public class InGame_MapManager : MonoBehaviourSingleton<InGame_MapManager> // TypeDefIndex: 321"
"10253","class","InGameCellMapIDInfo","322","public class InGameCellMapIDInfo // TypeDefIndex: 322"
"10268","class","InGame_RequestManager.","323","private sealed class InGame_RequestManager.<>c // TypeDefIndex: 323"
"10308","class","InGame_RequestManager.","324","private sealed class InGame_RequestManager.<>c__DisplayClass139_0 // TypeDefIndex: 324"
"10326","class","InGame_RequestManager.","325","private sealed class InGame_RequestManager.<>c__DisplayClass78_0 // TypeDefIndex: 325"
"10343","class","InGame_RequestManager.","326","private sealed class InGame_RequestManager.<ClearBlocksCo>d__137 : IEnumerator<object>, IEnumerator, IDisposable // TypeDefIndex: 326"
"10383","class","InGame_RequestManager","327","public class InGame_RequestManager : MonoBehaviourSingleton<InGame_RequestManager> // TypeDefIndex: 327"
"10793","class","AssetBundleManager.","330","private sealed class AssetBundleManager.<LoadBundleFile>d__12 : IEnumerator<object>, IEnumerator, IDisposable // TypeDefIndex: 330"
"10838","class","AssetBundleManager.","331","private sealed class AssetBundleManager.<LoadBundleInfo>d__11 : IEnumerator<object>, IEnumerator, IDisposable // TypeDefIndex: 331"
"10926","class","BGMManager.","333","private sealed class BGMManager.<Fade>d__26 : IEnumerator<object>, IEnumerator, IDisposable // TypeDefIndex: 333"
"10969","class","BGMManager.","334","private sealed class BGMManager.<FadeToVolume>d__32 : IEnumerator<object>, IEnumerator, IDisposable // TypeDefIndex: 334"
"11013","class","BGMManager.","335","private sealed class BGMManager.<FadeVolume>d__28 : IEnumerator<object>, IEnumerator, IDisposable // TypeDefIndex: 335"
"11167","class","UserCollectibleData","338","public class UserCollectibleData : UserSaveData // TypeDefIndex: 338"
"11389","class","GemSpriteValueInfo","343","public class GemSpriteValueInfo // TypeDefIndex: 343"
"11403","class","SaveCampaignInfo","344","public class SaveCampaignInfo // TypeDefIndex: 344"
"11463","class","TestLoadLevel","348","public class TestLoadLevel // TypeDefIndex: 348"
"11568","class","IngameResConfigInfo","355","public class IngameResConfigInfo // TypeDefIndex: 355"
"11583","class","GameLoadingInfo","356","public class GameLoadingInfo // TypeDefIndex: 356"
"11866","class","InGameConfigManager","359","public class InGameConfigManager : MonoBehaviourSingleton<InGameConfigManager> // TypeDefIndex: 359"
"12174","class","MemoryConfigDataInfo","362","public class MemoryConfigDataInfo // TypeDefIndex: 362"
"12189","class","LevelConfigManager","363","public class LevelConfigManager : MonoBehaviourSingleton<LevelConfigManager> // TypeDefIndex: 363"
"12451","class","MaidAIChatLanguageChatLengthConfig","364","public class MaidAIChatLanguageChatLengthConfig // TypeDefIndex: 364"
"12464","class","MaidAIChatConfigManager","365","public class MaidAIChatConfigManager : MonoBehaviourSingleton<MaidAIChatConfigManager> // TypeDefIndex: 365"
"12785","class","AddBoradLineInfo","366","public class AddBoradLineInfo // TypeDefIndex: 366"
"12823","class","ShopRefreshInfo","368","public class ShopRefreshInfo // TypeDefIndex: 368"
"12843","class","ShopMemoryTicketInfo","369","public class ShopMemoryTicketInfo // TypeDefIndex: 369"
"12865","class","ShopMemoryTicketItemInfo","370","public class ShopMemoryTicketItemInfo // TypeDefIndex: 370"
"12881","class","ShopMemoryTicketItemDailyInfo","371","public class ShopMemoryTicketItemDailyInfo : ShopMemoryTicketItemInfo // TypeDefIndex: 371"
"12895","class","ShopConfigManager","372","public class ShopConfigManager : MonoBehaviourSingleton<ShopConfigManager> // TypeDefIndex: 372"
"13013","class","UserCustomerEpisodeSaveData","373","public class UserCustomerEpisodeSaveData : UserSaveData // TypeDefIndex: 373"
"13026","class","CustomerEpisodeSaveData","374","public class CustomerEpisodeSaveData // TypeDefIndex: 374"
"13041","class","CustomerEpisodeManager","375","public class CustomerEpisodeManager : MonoBehaviourSingleton<CustomerEpisodeManager> // TypeDefIndex: 375"
"13146","class","UserAlbumSaveData","380","public class UserAlbumSaveData : UserSaveData // TypeDefIndex: 380"
"13164","class","AlbumDataManager.","381","private sealed class AlbumDataManager.<>c__DisplayClass5_0 // TypeDefIndex: 381"
"13183","class","AlbumDataManager","382","public class AlbumDataManager : MonoBehaviourSingleton<AlbumDataManager> // TypeDefIndex: 382"
"13234","class","UserAttendanceSaveData","383","public class UserAttendanceSaveData : UserSaveData // TypeDefIndex: 383"
"13259","class","DailyDataManager","384","public class DailyDataManager : MonoBehaviourSingleton<DailyDataManager> // TypeDefIndex: 384"
"13343","class","EchoArchiveUserData","385","public class EchoArchiveUserData : UserSaveData // TypeDefIndex: 385"
"13394","class","EchoArchiveGameData_RequestComplete","388","public class EchoArchiveGameData_RequestComplete // TypeDefIndex: 388"
"13410","class","EchoArchiveRequestData","389","public class EchoArchiveRequestData // TypeDefIndex: 389"
"13444","class","EchoArchiveGameData_CollectBlock","391","public class EchoArchiveGameData_CollectBlock // TypeDefIndex: 391"
"13460","class","EchoArchiveGameData_FabricateBlock","392","public class EchoArchiveGameData_FabricateBlock // TypeDefIndex: 392"
"13484","class","EAFabricateInitData","393","public class EAFabricateInitData // TypeDefIndex: 393"
"13502","class","EchoArchiveDataManager.","394","private sealed class EchoArchiveDataManager.<>c__DisplayClass18_0 // TypeDefIndex: 394"
"13520","class","EchoArchiveDataManager.","395","private sealed class EchoArchiveDataManager.<>c__DisplayClass18_1 // TypeDefIndex: 395"
"13536","class","EchoArchiveDataManager.","396","private sealed class EchoArchiveDataManager.<>c__DisplayClass7_0 // TypeDefIndex: 396"
"13554","class","EchoArchiveDataManager.","397","private sealed class EchoArchiveDataManager.<>c__DisplayClass8_0 // TypeDefIndex: 397"
"13571","class","EchoArchiveDataManager","398","public class EchoArchiveDataManager : MonoBehaviourSingleton<EchoArchiveDataManager> // TypeDefIndex: 398"
"13634","class","UserHighKujiData","399","public class UserHighKujiData : UserSaveData // TypeDefIndex: 399"
"13702","class","HighKujiDataManager.","403","private sealed class HighKujiDataManager.<>c // TypeDefIndex: 403"
"13722","class","HighKujiDataManager.","404","private sealed class HighKujiDataManager.<>c__DisplayClass13_0 // TypeDefIndex: 404"
"13735","class","HighKujiDataManager.","405","private sealed class HighKujiDataManager.<>c__DisplayClass13_1 // TypeDefIndex: 405"
"13752","class","HighKujiDataManager.","406","private sealed class HighKujiDataManager.<>c__DisplayClass13_2 // TypeDefIndex: 406"
"13769","class","HighKujiDataManager.","407","private sealed class HighKujiDataManager.<>c__DisplayClass14_0 // TypeDefIndex: 407"
"13783","class","HighKujiDataManager.","408","private sealed class HighKujiDataManager.<>c__DisplayClass14_1 // TypeDefIndex: 408"
"13803","class","HighKujiDataManager.","409","private sealed class HighKujiDataManager.<>c__DisplayClass14_2 // TypeDefIndex: 409"
"13820","class","HighKujiDataManager.","410","private sealed class HighKujiDataManager.<>c__DisplayClass5_0 // TypeDefIndex: 410"
"13837","class","HighKujiDataManager","411","public class HighKujiDataManager : MonoBehaviourSingleton<HighKujiDataManager> // TypeDefIndex: 411"
"13899","class","LevelPassUserData","412","public class LevelPassUserData : UserSaveData // TypeDefIndex: 412"
"13914","class","LevelPassRewardDataInfo","413","public class LevelPassRewardDataInfo // TypeDefIndex: 413"
"13933","class","LevelPassDataInfo","414","public class LevelPassDataInfo // TypeDefIndex: 414"
"13953","class","LevelPassDataManager.","415","private sealed class LevelPassDataManager.<>c // TypeDefIndex: 415"
"13973","class","LevelPassDataManager.","416","private sealed class LevelPassDataManager.<>c__DisplayClass13_0 // TypeDefIndex: 416"
"13991","class","LevelPassDataManager.","417","private sealed class LevelPassDataManager.<>c__DisplayClass15_0 // TypeDefIndex: 417"
"14007","class","LevelPassDataManager.","418","private sealed class LevelPassDataManager.<>c__DisplayClass16_0 // TypeDefIndex: 418"
"14023","class","LevelPassDataManager.","419","private sealed class LevelPassDataManager.<>c__DisplayClass21_0 // TypeDefIndex: 419"
"14040","class","LevelPassDataManager","420","public class LevelPassDataManager : MonoBehaviourSingleton<LevelPassDataManager> // TypeDefIndex: 420"
"14121","class","ProduceBlockMapSaveData","421","public class ProduceBlockMapSaveData : UserSaveData // TypeDefIndex: 421"
"14134","class","ProduceBlockMapData","422","public class ProduceBlockMapData // TypeDefIndex: 422"
"14148","class","MapSaveData","423","public class MapSaveData : UserSaveData // TypeDefIndex: 423"
"14167","class","MapCellData","424","public class MapCellData // TypeDefIndex: 424"
"14188","class","MapCellTypeData","425","public class MapCellTypeData // TypeDefIndex: 425"
"14208","class","BlockSaveData","426","public class BlockSaveData : UserSaveData // TypeDefIndex: 426"
"14226","class","MapBlockTypeData","427","public class MapBlockTypeData // TypeDefIndex: 427"
"14240","class","MapBlockData","428","public class MapBlockData // TypeDefIndex: 428"
"14263","class","ProduceBlockSaveData","429","public class ProduceBlockSaveData : UserSaveData // TypeDefIndex: 429"
"14280","class","ProduceBlockData","430","public class ProduceBlockData // TypeDefIndex: 430"
"14310","class","FabricateBlockMapData.","431","private sealed class FabricateBlockMapData.<>c // TypeDefIndex: 431"
"14330","class","FabricateBlockMapData","432","public class FabricateBlockMapData // TypeDefIndex: 432"
"14357","class","FabricateInitBlockData","433","public class FabricateInitBlockData // TypeDefIndex: 433"
"14375","class","GrowProduceBlockMapData","434","public class GrowProduceBlockMapData // TypeDefIndex: 434"
"14392","class","CollectionSaveData","435","public class CollectionSaveData : UserSaveData // TypeDefIndex: 435"
"14408","class","BlockCollectionData","436","public class BlockCollectionData // TypeDefIndex: 436"
"14438","class","CustomerCollectionData","438","public class CustomerCollectionData // TypeDefIndex: 438"
"14466","class","BubbleBlockSaveData","440","public class BubbleBlockSaveData : UserSaveData // TypeDefIndex: 440"
"14479","class","BubbleBlockData","441","public class BubbleBlockData // TypeDefIndex: 441"
"14497","class","BoxBlockSaveData","442","public class BoxBlockSaveData : UserSaveData // TypeDefIndex: 442"
"14510","class","SelectBoxBlockData","443","public class SelectBoxBlockData // TypeDefIndex: 443"
"14525","class","MapDataManager.","444","private sealed class MapDataManager.<>c // TypeDefIndex: 444"
"14549","class","MapDataManager.","445","private sealed class MapDataManager.<>c__DisplayClass126_0 // TypeDefIndex: 445"
"14564","class","MapDataManager","446","public class MapDataManager : MonoBehaviourSingleton<MapDataManager> // TypeDefIndex: 446"
"14949","class","UserMemoryCardSaveData","447","public class UserMemoryCardSaveData : UserSaveData // TypeDefIndex: 447"
"14966","class","UserMemoryCardData","448","public class UserMemoryCardData // TypeDefIndex: 448"
"14982","class","UserMemoryGachaStateData","449","public class UserMemoryGachaStateData // TypeDefIndex: 449"
"14997","enum","PurchaseType","450","public enum PurchaseType // TypeDefIndex: 450"
"15007","struct","PurchaseInfo","451","public struct PurchaseInfo // TypeDefIndex: 451"
"15038","class","SavedGachaPoolState","454","public class SavedGachaPoolState // TypeDefIndex: 454"
"15053","struct","MemoryCardManager.WeightedEntry","455","private struct MemoryCardManager.WeightedEntry // TypeDefIndex: 455"
"15063","class","MemoryCardManager.","456","private sealed class MemoryCardManager.<>c // TypeDefIndex: 456"
"15086","class","MemoryCardManager","457","public class MemoryCardManager : MonoBehaviourSingleton<MemoryCardManager> // TypeDefIndex: 457"
"15372","class","UserMiniGameData","458","public class UserMiniGameData : UserSaveData // TypeDefIndex: 458"
"15390","class","UserEventMiniGame","459","public class UserEventMiniGame : UserSaveData // TypeDefIndex: 459"
"15403","class","MiniGameDataManager","460","public class MiniGameDataManager : MonoBehaviourSingleton<MiniGameDataManager> // TypeDefIndex: 460"
"15464","class","UserCustomerSaveData","461","public class UserCustomerSaveData : UserSaveData // TypeDefIndex: 461"
"15478","class","CustomerData","462","public class CustomerData // TypeDefIndex: 462"
"15493","class","CustomerCouponRewardInfo","463","public class CustomerCouponRewardInfo // TypeDefIndex: 463"
"15509","class","NpcSkinSaveData","464","public class NpcSkinSaveData : UserSaveData // TypeDefIndex: 464"
"15523","class","MaidSaveData","465","public class MaidSaveData : UserSaveData // TypeDefIndex: 465"
"15541","class","MaidInfo","466","public class MaidInfo // TypeDefIndex: 466"
"15560","class","MaidGiftInfo","467","public class MaidGiftInfo // TypeDefIndex: 467"
"15574","class","NpcSkinData","468","public class NpcSkinData // TypeDefIndex: 468"
"15605","class","NpcUnlockSaveData","470","public class NpcUnlockSaveData : UserSaveData // TypeDefIndex: 470"
"15620","class","NpcDataManager.","471","private sealed class NpcDataManager.<>c // TypeDefIndex: 471"
"15652","class","NpcDataManager.","472","private sealed class NpcDataManager.<>c__DisplayClass22_0 // TypeDefIndex: 472"
"15668","class","NpcDataManager.","473","private sealed class NpcDataManager.<>c__DisplayClass36_0 // TypeDefIndex: 473"
"15684","class","NpcDataManager.","474","private sealed class NpcDataManager.<>c__DisplayClass36_1 // TypeDefIndex: 474"
"15700","class","NpcDataManager.","475","private sealed class NpcDataManager.<>c__DisplayClass38_0 // TypeDefIndex: 475"
"15716","class","NpcDataManager.","476","private sealed class NpcDataManager.<>c__DisplayClass55_0 // TypeDefIndex: 476"
"15733","class","NpcDataManager","477","public class NpcDataManager : MonoBehaviourSingleton<NpcDataManager> // TypeDefIndex: 477"
"15915","class","UserOutGameData","478","public class UserOutGameData : UserSaveData // TypeDefIndex: 478"
"15944","class","OutGameNeedCurrencyData","479","public class OutGameNeedCurrencyData // TypeDefIndex: 479"
"15957","class","OutGameDataManager","480","public class OutGameDataManager : MonoBehaviourSingleton<OutGameDataManager> // TypeDefIndex: 480"
"16040","class","MaidCoinInfo","481","public class MaidCoinInfo // TypeDefIndex: 481"
"16054","class","MaidCoinSaveData","482","public class MaidCoinSaveData : UserSaveData // TypeDefIndex: 482"
"16084","class","PhotoCardSaveData","484","public class PhotoCardSaveData : UserSaveData // TypeDefIndex: 484"
"16096","class","PhotoCardDataManager","485","public class PhotoCardDataManager : MonoBehaviourSingleton<PhotoCardDataManager> // TypeDefIndex: 485"
"16158","class","RequestItemData","486","public class RequestItemData // TypeDefIndex: 486"
"16174","class","RequestNpcData","487","public class RequestNpcData // TypeDefIndex: 487"
"16188","class","RequestSaveData","488","public class RequestSaveData : UserSaveData // TypeDefIndex: 488"
"16216","class","RequestTotalData","489","public class RequestTotalData // TypeDefIndex: 489"
"16232","class","RequestRewardPointSaveData","490","public class RequestRewardPointSaveData : UserSaveData // TypeDefIndex: 490"
"16245","class","RequestData","491","public class RequestData // TypeDefIndex: 491"
"16274","class","RequestDormitoryData","492","public class RequestDormitoryData // TypeDefIndex: 492"
"16293","class","RequestCompleteSaveData","493","public class RequestCompleteSaveData : UserSaveData // TypeDefIndex: 493"
"16307","class","RequestCompleteData","494","public class RequestCompleteData // TypeDefIndex: 494"
"16321","class","RequestTimeData","495","public class RequestTimeData : UserSaveData // TypeDefIndex: 495"
"16336","class","RequestGroupData","496","public class RequestGroupData // TypeDefIndex: 496"
"16352","class","RequestMainPointData","497","public class RequestMainPointData // TypeDefIndex: 497"
"16372","class","RequestDataManager.","498","private sealed class RequestDataManager.<>c // TypeDefIndex: 498"
"16476","class","RequestDataManager.","499","private sealed class RequestDataManager.<>c__DisplayClass111_0 // TypeDefIndex: 499"
"16505","class","RequestDataManager.","500","private sealed class RequestDataManager.<>c__DisplayClass115_0 // TypeDefIndex: 500"
"16521","class","RequestDataManager.","501","private sealed class RequestDataManager.<>c__DisplayClass30_0 // TypeDefIndex: 501"
"16539","class","RequestDataManager.","502","private sealed class RequestDataManager.<>c__DisplayClass33_0 // TypeDefIndex: 502"
"16555","class","RequestDataManager.","503","private sealed class RequestDataManager.<>c__DisplayClass56_0 // TypeDefIndex: 503"
"16580","class","RequestDataManager.","504","private sealed class RequestDataManager.<>c__DisplayClass56_1 // TypeDefIndex: 504"
"16596","class","RequestDataManager.","505","private sealed class RequestDataManager.<>c__DisplayClass59_0 // TypeDefIndex: 505"
"16613","class","RequestDataManager.","506","private sealed class RequestDataManager.<>c__DisplayClass60_0 // TypeDefIndex: 506"
"16629","class","RequestDataManager.","507","private sealed class RequestDataManager.<>c__DisplayClass60_1 // TypeDefIndex: 507"
"16645","class","RequestDataManager.","508","private sealed class RequestDataManager.<>c__DisplayClass60_2 // TypeDefIndex: 508"
"16661","class","RequestDataManager.","509","private sealed class RequestDataManager.<>c__DisplayClass60_3 // TypeDefIndex: 509"
"16677","class","RequestDataManager.","510","private sealed class RequestDataManager.<>c__DisplayClass60_4 // TypeDefIndex: 510"
"16693","class","RequestDataManager.","511","private sealed class RequestDataManager.<>c__DisplayClass64_0 // TypeDefIndex: 511"
"16726","class","RequestDataManager.","512","private sealed class RequestDataManager.<>c__DisplayClass71_0 // TypeDefIndex: 512"
"16744","class","RequestDataManager.","513","private sealed class RequestDataManager.<>c__DisplayClass97_0 // TypeDefIndex: 513"
"16758","class","RequestDataManager.","514","private sealed class RequestDataManager.<>c__DisplayClass97_1 // TypeDefIndex: 514"
"16775","class","RequestDataManager.","515","private sealed class RequestDataManager.<>c__DisplayClass97_2 // TypeDefIndex: 515"
"16789","class","RequestDataManager.","516","private sealed class RequestDataManager.<>c__DisplayClass97_3 // TypeDefIndex: 516"
"16806","class","RequestDataManager.","517","private sealed class RequestDataManager.<>c__DisplayClass97_4 // TypeDefIndex: 517"
"16820","class","RequestDataManager.","518","private sealed class RequestDataManager.<>c__DisplayClass97_5 // TypeDefIndex: 518"
"16837","class","RequestDataManager.","519","private sealed class RequestDataManager.<>c__DisplayClass97_6 // TypeDefIndex: 519"
"16851","class","RequestDataManager.","520","private sealed class RequestDataManager.<>c__DisplayClass97_7 // TypeDefIndex: 520"
"16868","class","RequestDataManager.","521","private sealed class RequestDataManager.<>c__DisplayClass97_8 // TypeDefIndex: 521"
"16882","class","RequestDataManager.","522","private sealed class RequestDataManager.<>c__DisplayClass97_9 // TypeDefIndex: 522"
"16898","class","RequestDataManager","523","public class RequestDataManager : MonoBehaviourSingleton<RequestDataManager> // TypeDefIndex: 523"
"17281","class","ServerRewardSaveData","524","public class ServerRewardSaveData : UserSaveData // TypeDefIndex: 524"
"17296","class","ServerRewardData","525","public class ServerRewardData // TypeDefIndex: 525"
"17312","class","LocalRewardData","526","public class LocalRewardData // TypeDefIndex: 526"
"17327","class","LocalNoticeRewardSaveData","527","public class LocalNoticeRewardSaveData : UserSaveData // TypeDefIndex: 527"
"17340","class","FriendRewardSaveData","528","public class FriendRewardSaveData : UserSaveData // TypeDefIndex: 528"
"17373","class","CouponRewardSaveData","530","public class CouponRewardSaveData : UserSaveData // TypeDefIndex: 530"
"17386","class","CouponRewardData","531","public class CouponRewardData // TypeDefIndex: 531"
"17400","class","RewardBlockSaveData","532","public class RewardBlockSaveData : UserSaveData // TypeDefIndex: 532"
"17419","class","RewardBlockData","533","public class RewardBlockData // TypeDefIndex: 533"
"17437","class","InGameRewardData","534","public class InGameRewardData // TypeDefIndex: 534"
"17457","class","RewardDataManager.","535","private sealed class RewardDataManager.<>c // TypeDefIndex: 535"
"17545","class","RewardDataManager.","536","private sealed class RewardDataManager.<>c__DisplayClass28_0 // TypeDefIndex: 536"
"17606","class","RewardDataManager","537","public class RewardDataManager : MonoBehaviourSingleton<RewardDataManager> // TypeDefIndex: 537"
"17778","class","UserRouletteData","538","public class UserRouletteData : UserSaveData // TypeDefIndex: 538"
"17827","class","RouletteDataManager.","541","private sealed class RouletteDataManager.<>c // TypeDefIndex: 541"
"17846","class","RouletteDataManager","542","public class RouletteDataManager : MonoBehaviourSingleton<RouletteDataManager> // TypeDefIndex: 542"
"17902","class","SeriouslyMergeData","543","public class SeriouslyMergeData : UserSaveData // TypeDefIndex: 543"
"17927","class","SeriouslyMergeDataManager.","544","private sealed class SeriouslyMergeDataManager.<>c__DisplayClass10_0 // TypeDefIndex: 544"
"17945","class","SeriouslyMergeDataManager.","545","private sealed class SeriouslyMergeDataManager.<>c__DisplayClass14_0 // TypeDefIndex: 545"
"17960","class","SeriouslyMergeDataManager","546","public class SeriouslyMergeDataManager : MonoBehaviourSingleton<SeriouslyMergeDataManager> // TypeDefIndex: 546"
"18038","class","ShopGoldSaveData","547","public class ShopGoldSaveData : UserSaveData // TypeDefIndex: 547"
"18054","class","ShopGoldData","548","public class ShopGoldData // TypeDefIndex: 548"
"18069","class","ShopJewelSaveData","549","public class ShopJewelSaveData : UserSaveData // TypeDefIndex: 549"
"18085","class","ShopMasterHeartSaveData","550","public class ShopMasterHeartSaveData : UserSaveData // TypeDefIndex: 550"
"18101","class","ShopJewelData","551","public class ShopJewelData // TypeDefIndex: 551"
"18116","class","ShopMasterHeartData","552","public class ShopMasterHeartData // TypeDefIndex: 552"
"18131","class","ShopApSaveData","553","public class ShopApSaveData : UserSaveData // TypeDefIndex: 553"
"18145","class","ShopApData","554","public class ShopApData // TypeDefIndex: 554"
"18160","class","ShopBlockSaveData","555","public class ShopBlockSaveData : UserSaveData // TypeDefIndex: 555"
"18174","class","ShopMaidGiftSaveData","556","public class ShopMaidGiftSaveData : UserSaveData // TypeDefIndex: 556"
"18189","class","ShopMemoryTicketSaveData","557","public class ShopMemoryTicketSaveData : UserSaveData // TypeDefIndex: 557"
"18204","class","ShopSkinPackageSaveData","558","public class ShopSkinPackageSaveData : UserSaveData // TypeDefIndex: 558"
"18217","class","ShopBlockData","559","public class ShopBlockData // TypeDefIndex: 559"
"18232","class","ShopMaidGiftData","560","public class ShopMaidGiftData // TypeDefIndex: 560"
"18250","class","ShopMemoryTicketData","561","public class ShopMemoryTicketData // TypeDefIndex: 561"
"18269","class","ShopAddLineSaveData","562","public class ShopAddLineSaveData : UserSaveData // TypeDefIndex: 562"
"18287","enum","ShopRvRemoveSaveData.RvRemoveFreeEventState","563","public enum ShopRvRemoveSaveData.RvRemoveFreeEventState // TypeDefIndex: 563"
"18298","class","ShopRvRemoveSaveData","564","public class ShopRvRemoveSaveData : UserSaveData // TypeDefIndex: 564"
"18318","class","ShopProductBuySaveData","565","public class ShopProductBuySaveData : UserSaveData // TypeDefIndex: 565"
"18332","class","ShopDataManager.ShopAdsRemoveFreeEvent","566","public sealed class ShopDataManager.ShopAdsRemoveFreeEvent : MulticastDelegate // TypeDefIndex: 566"
"18352","class","ShopDataManager.","567","private sealed class ShopDataManager.<>c // TypeDefIndex: 567"
"18376","class","ShopDataManager.","568","private sealed class ShopDataManager.<>c__DisplayClass63_0 // TypeDefIndex: 568"
"18392","class","ShopDataManager.","569","private sealed class ShopDataManager.<>c__DisplayClass64_0 // TypeDefIndex: 569"
"18408","class","ShopDataManager.","570","private sealed class ShopDataManager.<>c__DisplayClass65_0 // TypeDefIndex: 570"
"18424","class","ShopDataManager.","571","private sealed class ShopDataManager.<>c__DisplayClass69_0 // TypeDefIndex: 571"
"18440","class","ShopDataManager.","572","private sealed class ShopDataManager.<>c__DisplayClass74_0 // TypeDefIndex: 572"
"18458","class","ShopDataManager.","573","private sealed class ShopDataManager.<>c__DisplayClass92_0 // TypeDefIndex: 573"
"18474","class","ShopDataManager","574","public class ShopDataManager : MonoBehaviourSingleton<ShopDataManager> // TypeDefIndex: 574"
"18775","class","UserStoryData","575","public class UserStoryData : UserSaveData // TypeDefIndex: 575"
"18805","class","StoryDataManager.","577","private sealed class StoryDataManager.<>c__DisplayClass4_0 // TypeDefIndex: 577"
"18823","class","StoryDataManager","578","public class StoryDataManager : MonoBehaviourSingleton<StoryDataManager> // TypeDefIndex: 578"
"18885","class","StoryTableDataManager","581","public class StoryTableDataManager : MonoBehaviourSingleton<StoryTableDataManager> // TypeDefIndex: 581"
"18968","struct","TableDataManager.ChatSelectData","582","public struct TableDataManager.ChatSelectData // TypeDefIndex: 582"
"18982","class","TableDataManager.","583","private sealed class TableDataManager.<>c // TypeDefIndex: 583"
"19018","class","TableDataManager.","584","private sealed class TableDataManager.<>c__DisplayClass116_0 // TypeDefIndex: 584"
"19034","class","TableDataManager.","585","private sealed class TableDataManager.<>c__DisplayClass117_0 // TypeDefIndex: 585"
"19050","class","TableDataManager.","586","private sealed class TableDataManager.<>c__DisplayClass118_0 // TypeDefIndex: 586"
"19066","class","TableDataManager.","587","private sealed class TableDataManager.<>c__DisplayClass154_0 // TypeDefIndex: 587"
"19082","class","TableDataManager.","588","private sealed class TableDataManager.<>c__DisplayClass155_0 // TypeDefIndex: 588"
"19098","class","TableDataManager.","589","private sealed class TableDataManager.<>c__DisplayClass156_0 // TypeDefIndex: 589"
"19115","class","TableDataManager.","590","private sealed class TableDataManager.<>c__DisplayClass157_0 // TypeDefIndex: 590"
"19131","class","TableDataManager.","591","private sealed class TableDataManager.<>c__DisplayClass158_0 // TypeDefIndex: 591"
"19148","class","TableDataManager.","592","private sealed class TableDataManager.<>c__DisplayClass159_0 // TypeDefIndex: 592"
"19164","class","TableDataManager.","593","private sealed class TableDataManager.<>c__DisplayClass160_0 // TypeDefIndex: 593"
"19180","class","TableDataManager.","594","private sealed class TableDataManager.<>c__DisplayClass161_0 // TypeDefIndex: 594"
"19196","class","TableDataManager.","595","private sealed class TableDataManager.<>c__DisplayClass163_0 // TypeDefIndex: 595"
"19212","class","TableDataManager.","596","private sealed class TableDataManager.<>c__DisplayClass164_0 // TypeDefIndex: 596"
"19228","class","TableDataManager.","597","private sealed class TableDataManager.<>c__DisplayClass204_0 // TypeDefIndex: 597"
"19244","class","TableDataManager.","598","private sealed class TableDataManager.<>c__DisplayClass29_0 // TypeDefIndex: 598"
"19260","class","TableDataManager.","599","private sealed class TableDataManager.<>c__DisplayClass32_0 // TypeDefIndex: 599"
"19276","class","TableDataManager.","600","private sealed class TableDataManager.<>c__DisplayClass330_0 // TypeDefIndex: 600"
"19292","class","TableDataManager.","601","private sealed class TableDataManager.<>c__DisplayClass332_0 // TypeDefIndex: 601"
"19308","class","TableDataManager.","602","private sealed class TableDataManager.<>c__DisplayClass333_0 // TypeDefIndex: 602"
"19325","class","TableDataManager.","603","private sealed class TableDataManager.<>c__DisplayClass334_0 // TypeDefIndex: 603"
"19343","class","TableDataManager.","604","private sealed class TableDataManager.<>c__DisplayClass335_0 // TypeDefIndex: 604"
"19359","class","TableDataManager.","605","private sealed class TableDataManager.<>c__DisplayClass336_0 // TypeDefIndex: 605"
"19375","class","TableDataManager.","606","private sealed class TableDataManager.<>c__DisplayClass341_0 // TypeDefIndex: 606"
"19391","class","TableDataManager.","607","private sealed class TableDataManager.<>c__DisplayClass35_0 // TypeDefIndex: 607"
"19407","class","TableDataManager.","608","private sealed class TableDataManager.<>c__DisplayClass374_0 // TypeDefIndex: 608"
"19423","class","TableDataManager.","609","private sealed class TableDataManager.<>c__DisplayClass376_0 // TypeDefIndex: 609"
"19439","class","TableDataManager.","610","private sealed class TableDataManager.<>c__DisplayClass377_0 // TypeDefIndex: 610"
"19455","class","TableDataManager.","611","private sealed class TableDataManager.<>c__DisplayClass378_0 // TypeDefIndex: 611"
"19471","class","TableDataManager.","612","private sealed class TableDataManager.<>c__DisplayClass37_0 // TypeDefIndex: 612"
"19487","class","TableDataManager.","613","private sealed class TableDataManager.<>c__DisplayClass381_0 // TypeDefIndex: 613"
"19503","class","TableDataManager.","614","private sealed class TableDataManager.<>c__DisplayClass382_0 // TypeDefIndex: 614"
"19519","class","TableDataManager.","615","private sealed class TableDataManager.<>c__DisplayClass387_0 // TypeDefIndex: 615"
"19535","class","TableDataManager.","616","private sealed class TableDataManager.<>c__DisplayClass389_0 // TypeDefIndex: 616"
"19551","class","TableDataManager.","617","private sealed class TableDataManager.<>c__DisplayClass38_0 // TypeDefIndex: 617"
"19567","class","TableDataManager.","618","private sealed class TableDataManager.<>c__DisplayClass390_0 // TypeDefIndex: 618"
"19583","class","TableDataManager.","619","private sealed class TableDataManager.<>c__DisplayClass391_0 // TypeDefIndex: 619"
"19601","class","TableDataManager.","620","private sealed class TableDataManager.<>c__DisplayClass391_1 // TypeDefIndex: 620"
"19618","class","TableDataManager.","621","private sealed class TableDataManager.<>c__DisplayClass393_0 // TypeDefIndex: 621"
"19635","class","TableDataManager.","622","private sealed class TableDataManager.<>c__DisplayClass43_0 // TypeDefIndex: 622"
"19651","class","TableDataManager.","623","private sealed class TableDataManager.<>c__DisplayClass442_0 // TypeDefIndex: 623"
"19667","class","TableDataManager.","624","private sealed class TableDataManager.<>c__DisplayClass44_0 // TypeDefIndex: 624"
"19683","class","TableDataManager.","625","private sealed class TableDataManager.<>c__DisplayClass451_0 // TypeDefIndex: 625"
"19699","class","TableDataManager.","626","private sealed class TableDataManager.<>c__DisplayClass45_0 // TypeDefIndex: 626"
"19715","class","TableDataManager.","627","private sealed class TableDataManager.<>c__DisplayClass547_0 // TypeDefIndex: 627"
"19731","class","TableDataManager.","628","private sealed class TableDataManager.<>c__DisplayClass548_0 // TypeDefIndex: 628"
"19751","class","TableDataManager.","629","private sealed class TableDataManager.<>c__DisplayClass550_0 // TypeDefIndex: 629"
"19767","class","TableDataManager.","630","private sealed class TableDataManager.<>c__DisplayClass553_0 // TypeDefIndex: 630"
"19783","class","TableDataManager.","631","private sealed class TableDataManager.<>c__DisplayClass555_0 // TypeDefIndex: 631"
"19799","class","TableDataManager.","632","private sealed class TableDataManager.<>c__DisplayClass557_0 // TypeDefIndex: 632"
"19815","class","TableDataManager.","633","private sealed class TableDataManager.<>c__DisplayClass559_0 // TypeDefIndex: 633"
"19831","class","TableDataManager.","634","private sealed class TableDataManager.<>c__DisplayClass561_0 // TypeDefIndex: 634"
"19847","class","TableDataManager.","635","private sealed class TableDataManager.<>c__DisplayClass563_0 // TypeDefIndex: 635"
"19863","class","TableDataManager.","636","private sealed class TableDataManager.<>c__DisplayClass564_0 // TypeDefIndex: 636"
"19879","class","TableDataManager.","637","private sealed class TableDataManager.<>c__DisplayClass568_0 // TypeDefIndex: 637"
"19895","class","TableDataManager.","638","private sealed class TableDataManager.<>c__DisplayClass572_0 // TypeDefIndex: 638"
"19912","class","TableDataManager.","639","private sealed class TableDataManager.<>c__DisplayClass573_0 // TypeDefIndex: 639"
"19928","class","TableDataManager.","640","private sealed class TableDataManager.<>c__DisplayClass575_0 // TypeDefIndex: 640"
"19944","class","TableDataManager.","641","private sealed class TableDataManager.<>c__DisplayClass576_0 // TypeDefIndex: 641"
"19961","class","TableDataManager.","642","private sealed class TableDataManager.<>c__DisplayClass616_0 // TypeDefIndex: 642"
"19977","class","TableDataManager.","643","private sealed class TableDataManager.<>c__DisplayClass617_0 // TypeDefIndex: 643"
"19994","class","TableDataManager.","644","private sealed class TableDataManager.<>c__DisplayClass617_1 // TypeDefIndex: 644"
"20011","class","TableDataManager.","645","private sealed class TableDataManager.<>c__DisplayClass643_0 // TypeDefIndex: 645"
"20027","class","TableDataManager.","646","private sealed class TableDataManager.<>c__DisplayClass657_0 // TypeDefIndex: 646"
"20043","class","TableDataManager.","647","private sealed class TableDataManager.<>c__DisplayClass69_0 // TypeDefIndex: 647"
"20059","class","TableDataManager.","648","private sealed class TableDataManager.<>c__DisplayClass71_0 // TypeDefIndex: 648"
"20075","class","TableDataManager.","649","private sealed class TableDataManager.<>c__DisplayClass72_0 // TypeDefIndex: 649"
"20091","class","TableDataManager.","650","private sealed class TableDataManager.<>c__DisplayClass73_0 // TypeDefIndex: 650"
"20107","class","TableDataManager.","651","private sealed class TableDataManager.<>c__DisplayClass743_0 // TypeDefIndex: 651"
"20123","class","TableDataManager.","652","private sealed class TableDataManager.<>c__DisplayClass744_0 // TypeDefIndex: 652"
"20139","class","TableDataManager.","653","private sealed class TableDataManager.<>c__DisplayClass755_0 // TypeDefIndex: 653"
"20155","class","TableDataManager.","654","private sealed class TableDataManager.<>c__DisplayClass759_0 // TypeDefIndex: 654"
"20171","class","TableDataManager.","655","private sealed class TableDataManager.<>c__DisplayClass797_0 // TypeDefIndex: 655"
"20187","class","TableDataManager.","656","private sealed class TableDataManager.<>c__DisplayClass79_0 // TypeDefIndex: 656"
"20203","class","TableDataManager.","657","private sealed class TableDataManager.<>c__DisplayClass81_0 // TypeDefIndex: 657"
"20220","class","TableDataManager.","658","private sealed class TableDataManager.<>c__DisplayClass88_0 // TypeDefIndex: 658"
"20236","class","TableDataManager.","659","private sealed class TableDataManager.<>c__DisplayClass98_0 // TypeDefIndex: 659"
"20251","class","TableDataManager","660","public class TableDataManager : MonoBehaviourSingleton<TableDataManager> // TypeDefIndex: 660"
"22405","class","BlockDropPickResult","661","public class BlockDropPickResult // TypeDefIndex: 661"
"22432","class","UserData","663","public class UserData : UserSaveData // TypeDefIndex: 663"
"22461","class","UserProfileInfoData","664","public class UserProfileInfoData : UserSaveData // TypeDefIndex: 664"
"22483","class","UserPlayInfoData","665","public class UserPlayInfoData : UserSaveData // TypeDefIndex: 665"
"22524","class","UserTimeData","666","public class UserTimeData : UserSaveData // TypeDefIndex: 666"
"22547","class","UserTutorialSaveData","667","public class UserTutorialSaveData : UserSaveData // TypeDefIndex: 667"
"22569","class","UserTutorialData","668","public class UserTutorialData // TypeDefIndex: 668"
"22583","class","UserTutorialStepData","669","public class UserTutorialStepData // TypeDefIndex: 669"
"22600","class","UserOptionData","670","public class UserOptionData : UserSaveData // TypeDefIndex: 670"
"22635","class","UserSnsData","671","public class UserSnsData : UserSaveData // TypeDefIndex: 671"
"22648","class","UserItemData","672","public class UserItemData : UserSaveData // TypeDefIndex: 672"
"22661","class","ItemInfoData","673","public class ItemInfoData // TypeDefIndex: 673"
"22675","class","UserInGameResourceData","674","public class UserInGameResourceData : UserSaveData // TypeDefIndex: 674"
"22694","class","InGameResDataInfo","675","public class InGameResDataInfo // TypeDefIndex: 675"
"22709","class","UserDataManager.ResourceChange","676","public sealed class UserDataManager.ResourceChange : MulticastDelegate // TypeDefIndex: 676"
"22728","class","UserDataManager.","677","private sealed class UserDataManager.<>c__DisplayClass263_0 // TypeDefIndex: 677"
"22744","class","UserDataManager.","678","private sealed class UserDataManager.<>c__DisplayClass264_0 // TypeDefIndex: 678"
"22760","class","UserDataManager.","679","private sealed class UserDataManager.<>c__DisplayClass265_0 // TypeDefIndex: 679"
"22778","class","UserDataManager.","680","private sealed class UserDataManager.<>c__DisplayClass266_0 // TypeDefIndex: 680"
"22794","class","UserDataManager.","681","private sealed class UserDataManager.<>c__DisplayClass267_0 // TypeDefIndex: 681"
"22810","class","UserDataManager.","682","private sealed class UserDataManager.<>c__DisplayClass268_0 // TypeDefIndex: 682"
"22826","class","UserDataManager.","683","private sealed class UserDataManager.<>c__DisplayClass269_0 // TypeDefIndex: 683"
"22842","class","UserDataManager.","684","private sealed class UserDataManager.<>c__DisplayClass287_0 // TypeDefIndex: 684"
"22860","class","UserDataManager.","685","private sealed class UserDataManager.<>c__DisplayClass288_0 // TypeDefIndex: 685"
"22878","struct","UserDataManager.","686","private struct UserDataManager.<CheckUpdateUserInfo>d__289 : IAsyncStateMachine // TypeDefIndex: 686"
"22899","class","UserDataManager","687","public class UserDataManager : MonoBehaviourSingleton<UserDataManager> // TypeDefIndex: 687"
"23631","class","UserVideoBonusSaveData","689","public class UserVideoBonusSaveData : UserSaveData // TypeDefIndex: 689"
"23651","class","VideoBonusDataManager.","690","private sealed class VideoBonusDataManager.<>c // TypeDefIndex: 690"
"23671","class","VideoBonusDataManager.","691","private sealed class VideoBonusDataManager.<>c__DisplayClass20_0 // TypeDefIndex: 691"
"23687","class","VideoBonusDataManager","692","public class VideoBonusDataManager : MonoBehaviourSingleton<VideoBonusDataManager> // TypeDefIndex: 692"
"23763","class","WorkLogUserData","693","public class WorkLogUserData : UserSaveData // TypeDefIndex: 693"
"23789","class","WorkLogMissionData","694","public class WorkLogMissionData // TypeDefIndex: 694"
"23813","class","WorkLogRewardData","695","public class WorkLogRewardData // TypeDefIndex: 695"
"23833","class","WorkLogDataManager.","696","private sealed class WorkLogDataManager.<>c // TypeDefIndex: 696"
"23853","class","WorkLogDataManager.","697","private sealed class WorkLogDataManager.<>c__DisplayClass11_0 // TypeDefIndex: 697"
"23871","class","WorkLogDataManager","698","public class WorkLogDataManager : MonoBehaviourSingleton<WorkLogDataManager> // TypeDefIndex: 698"
"24215","class","UserEventData","708","public class UserEventData : UserSaveData // TypeDefIndex: 708"
"24313","class","EventQuestItem","711","public class EventQuestItem // TypeDefIndex: 711"
"26616","class","BingoBoardInfo","767","public class BingoBoardInfo // TypeDefIndex: 767"
"26743","class","UserEventCumulativeQuestData","774","public class UserEventCumulativeQuestData // TypeDefIndex: 774"
"26763","class","CumulativeQuestClearInfo","775","public class CumulativeQuestClearInfo // TypeDefIndex: 775"
"26777","class","EventBoardInfo","776","public class EventBoardInfo // TypeDefIndex: 776"
"27122","class","SchoolUniformGameData_CollectBlock","794","public class SchoolUniformGameData_CollectBlock // TypeDefIndex: 794"
"27157","class","SummerFestivalShopInfo","796","public class SummerFestivalShopInfo // TypeDefIndex: 796"
"27174","class","SummerFestivalRequestInfo","797","public class SummerFestivalRequestInfo // TypeDefIndex: 797"
"27222","class","UserTreasureSandMapInfo","800","public class UserTreasureSandMapInfo // TypeDefIndex: 800"
"27239","class","UserTreasureSandBlockInfo","801","public class UserTreasureSandBlockInfo // TypeDefIndex: 801"
"27356","class","EventMapManager","804","public class EventMapManager : MonoBehaviourSingleton<EventMapManager> // TypeDefIndex: 804"
"27444","class","UserFindEvidenceData","808","public class UserFindEvidenceData : UserSaveData // TypeDefIndex: 808"
"27542","class","FindEvidenceManager.","812","private sealed class FindEvidenceManager.<CheckEventTutorialRoutine>d__6 : IEnumerator<object>, IEnumerator, IDisposable // TypeDefIndex: 812"
"27643","class","GameManager.","814","private sealed class GameManager.<>c // TypeDefIndex: 814"
"27683","class","GameManager.","815","private sealed class GameManager.<>c__DisplayClass62_0 // TypeDefIndex: 815"
"27700","class","GameManager.","816","private sealed class GameManager.<>c__DisplayClass66_0 // TypeDefIndex: 816"
"27717","class","GameManager.","817","private sealed class GameManager.<>c__DisplayClass67_0 // TypeDefIndex: 817"
"27735","class","GameManager.","818","private sealed class GameManager.<CheckNetwork>d__92 : IEnumerator<object>, IEnumerator, IDisposable // TypeDefIndex: 818"
"27774","class","GameManager.","819","private sealed class GameManager.<delay>d__80 : IEnumerator<object>, IEnumerator, IDisposable // TypeDefIndex: 819"
"27814","class","GameManager.","820","private sealed class GameManager.<delay>d__82 : IEnumerator<object>, IEnumerator, IDisposable // TypeDefIndex: 820"
"27854","class","GameManager","821","public class GameManager : MonoBehaviourSingleton<GameManager> // TypeDefIndex: 821"
"28197","class","GamePlayManager.","824","private sealed class GamePlayManager.<LoadAndInstantiate>d__18 : IEnumerator<object>, IEnumerator, IDisposable // TypeDefIndex: 824"
"28645","class","ProduceBlockSlotSaveData","837","public class ProduceBlockSlotSaveData : UserSaveData // TypeDefIndex: 837"
"28661","class","BlockSlotSaveData","838","public class BlockSlotSaveData : UserSaveData // TypeDefIndex: 838"
"28681","class","BlockSlotData","839","public class BlockSlotData // TypeDefIndex: 839"
"28703","class","InvenDataManager","840","public class InvenDataManager : MonoBehaviourSingleton<InvenDataManager> // TypeDefIndex: 840"
"28827","class","MaidAIChatAccessPolicy","842","public static class MaidAIChatAccessPolicy // TypeDefIndex: 842"
"28867","class","UserMaidAIChatProgressData","843","public class UserMaidAIChatProgressData : UserSaveData // TypeDefIndex: 843"
"28903","class","MaidAIChatPushNotificationState","844","public class MaidAIChatPushNotificationState // TypeDefIndex: 844"
"28922","class","MaidAIChatCachedMessage","845","public class MaidAIChatCachedMessage // TypeDefIndex: 845"
"28940","class","MaidAIChatManager.","846","private sealed class MaidAIChatManager.<>c // TypeDefIndex: 846"
"28959","class","MaidAIChatManager","847","public class MaidAIChatManager : MonoBehaviourSingleton<MaidAIChatManager> // TypeDefIndex: 847"
"29338","class","UserMaidChatData","848","public class UserMaidChatData : UserSaveData // TypeDefIndex: 848"
"29353","class","MaidChatManager.","849","private sealed class MaidChatManager.<>c // TypeDefIndex: 849"
"29377","class","MaidChatManager.","850","private sealed class MaidChatManager.<>c__DisplayClass19_0 // TypeDefIndex: 850"
"29393","class","MaidChatManager.","851","private sealed class MaidChatManager.<>c__DisplayClass7_0 // TypeDefIndex: 851"
"29408","class","MaidChatManager","852","public class MaidChatManager : MonoBehaviourSingleton<MaidChatManager> // TypeDefIndex: 852"
"29580","class","UserMemoryTicketExchangeShopSaveData","855","public class UserMemoryTicketExchangeShopSaveData : UserSaveData // TypeDefIndex: 855"
"29594","class","ActiveTicketExchangeShop","856","public class ActiveTicketExchangeShop // TypeDefIndex: 856"
"29609","class","MemoryTicketExchangeShopManager","857","public class MemoryTicketExchangeShopManager : MonoBehaviourSingleton<MemoryTicketExchangeShopManager> // TypeDefIndex: 857"
"29679","enum","MissionPassState","858","public enum MissionPassState // TypeDefIndex: 858"
"29691","class","UserMissionPassData","859","public class UserMissionPassData : UserSaveData // TypeDefIndex: 859"
"29728","class","MissionPassQuestInfo","860","public class MissionPassQuestInfo // TypeDefIndex: 860"
"29749","class","MissionPassLvInfo","861","public class MissionPassLvInfo // TypeDefIndex: 861"
"29768","class","MissionPassRewardInfo","862","public class MissionPassRewardInfo // TypeDefIndex: 862"
"29785","class","MissionPassDataManager.","863","private sealed class MissionPassDataManager.<>c // TypeDefIndex: 863"
"29805","class","MissionPassDataManager.","864","private sealed class MissionPassDataManager.<>c__DisplayClass28_0 // TypeDefIndex: 864"
"29819","class","MissionPassDataManager.","865","private sealed class MissionPassDataManager.<>c__DisplayClass28_1 // TypeDefIndex: 865"
"29836","class","MissionPassDataManager.","866","private sealed class MissionPassDataManager.<>c__DisplayClass28_2 // TypeDefIndex: 866"
"29853","class","MissionPassDataManager.","867","private sealed class MissionPassDataManager.<>c__DisplayClass37_0 // TypeDefIndex: 867"
"29874","class","MissionPassDataManager","868","public class MissionPassDataManager : MonoBehaviourSingleton<MissionPassDataManager> // TypeDefIndex: 868"
"30010","class","NoticeSaveData","869","public class NoticeSaveData : UserSaveData // TypeDefIndex: 869"
"30245","class","OutGameMaidInfo","875","public class OutGameMaidInfo // TypeDefIndex: 875"
"30267","class","OutGameManager.","876","private sealed class OutGameManager.<>c // TypeDefIndex: 876"
"30339","class","OutGameManager.","877","private sealed class OutGameManager.<>c__DisplayClass101_0 // TypeDefIndex: 877"
"30355","class","OutGameManager.","878","private sealed class OutGameManager.<>c__DisplayClass119_0 // TypeDefIndex: 878"
"30372","class","OutGameManager.","879","private sealed class OutGameManager.<>c__DisplayClass128_0 // TypeDefIndex: 879"
"30388","class","OutGameManager.","880","private sealed class OutGameManager.<>c__DisplayClass132_0 // TypeDefIndex: 880"
"30404","class","OutGameManager.","881","private sealed class OutGameManager.<>c__DisplayClass132_1 // TypeDefIndex: 881"
"30420","class","OutGameManager.","882","private sealed class OutGameManager.<>c__DisplayClass135_0 // TypeDefIndex: 882"
"30437","class","OutGameManager.","883","private sealed class OutGameManager.<>c__DisplayClass138_0 // TypeDefIndex: 883"
"30456","class","OutGameManager.","884","private sealed class OutGameManager.<>c__DisplayClass150_0 // TypeDefIndex: 884"
"30472","class","OutGameManager.","885","private sealed class OutGameManager.<>c__DisplayClass154_0 // TypeDefIndex: 885"
"30489","class","OutGameManager.","886","private sealed class OutGameManager.<>c__DisplayClass154_1 // TypeDefIndex: 886"
"30506","class","OutGameManager.","887","private sealed class OutGameManager.<>c__DisplayClass170_0 // TypeDefIndex: 887"
"30570","class","OutGameManager.","888","private sealed class OutGameManager.<>c__DisplayClass170_1 // TypeDefIndex: 888"
"30587","class","OutGameManager.","889","private sealed class OutGameManager.<>c__DisplayClass182_0 // TypeDefIndex: 889"
"30603","class","OutGameManager.","890","private sealed class OutGameManager.<>c__DisplayClass186_0 // TypeDefIndex: 890"
"30619","class","OutGameManager.","891","private sealed class OutGameManager.<>c__DisplayClass63_0 // TypeDefIndex: 891"
"30639","class","OutGameManager.","892","private sealed class OutGameManager.<>c__DisplayClass69_0 // TypeDefIndex: 892"
"30656","class","OutGameManager.","893","private sealed class OutGameManager.<>c__DisplayClass70_0 // TypeDefIndex: 893"
"30673","class","OutGameManager.","894","private sealed class OutGameManager.<>c__DisplayClass76_0 // TypeDefIndex: 894"
"30691","class","OutGameManager.","895","private sealed class OutGameManager.<>c__DisplayClass81_0 // TypeDefIndex: 895"
"30707","class","OutGameManager.","896","private sealed class OutGameManager.<>c__DisplayClass82_0 // TypeDefIndex: 896"
"30726","class","OutGameManager.","897","private sealed class OutGameManager.<>c__DisplayClass83_0 // TypeDefIndex: 897"
"30744","class","OutGameManager.","898","private sealed class OutGameManager.<>c__DisplayClass84_0 // TypeDefIndex: 898"
"30769","class","OutGameManager.","899","private sealed class OutGameManager.<>c__DisplayClass92_0 // TypeDefIndex: 899"
"30786","class","OutGameManager.","900","private sealed class OutGameManager.<>c__DisplayClass95_0 // TypeDefIndex: 900"
"30813","class","OutGameManager","901","public class OutGameManager : MonoBehaviourSingleton<OutGameManager> // TypeDefIndex: 901"
"31343","class","UserSpecialBlockPackageData","902","public class UserSpecialBlockPackageData : UserSaveData // TypeDefIndex: 902"
"31357","class","PackageManager.","903","private sealed class PackageManager.<>c__DisplayClass24_0 // TypeDefIndex: 903"
"31373","class","PackageManager.","904","private sealed class PackageManager.<>c__DisplayClass25_0 // TypeDefIndex: 904"
"31389","class","PackageManager.","905","private sealed class PackageManager.<>c__DisplayClass27_0 // TypeDefIndex: 905"
"31406","class","PackageManager.","906","private sealed class PackageManager.<>c__DisplayClass27_1 // TypeDefIndex: 906"
"31423","class","PackageManager.","907","private sealed class PackageManager.<>c__DisplayClass29_0 // TypeDefIndex: 907"
"31439","class","PackageManager.","908","private sealed class PackageManager.<>c__DisplayClass30_0 // TypeDefIndex: 908"
"31455","class","PackageManager.","909","private sealed class PackageManager.<>c__DisplayClass31_0 // TypeDefIndex: 909"
"31471","class","PackageManager.","910","private sealed class PackageManager.<>c__DisplayClass32_0 // TypeDefIndex: 910"
"31487","class","PackageManager.","911","private sealed class PackageManager.<>c__DisplayClass39_0 // TypeDefIndex: 911"
"31503","class","PackageManager.","912","private sealed class PackageManager.<>c__DisplayClass42_0 // TypeDefIndex: 912"
"31519","class","PackageManager.","913","private sealed class PackageManager.<>c__DisplayClass44_0 // TypeDefIndex: 913"
"31535","class","PackageManager.","914","private sealed class PackageManager.<>c__DisplayClass46_0 // TypeDefIndex: 914"
"31550","class","PackageManager","915","public class PackageManager : MonoBehaviourSingleton<PackageManager> // TypeDefIndex: 915"
"31994","class","UserPackageData","918","public class UserPackageData : UserSaveData // TypeDefIndex: 918"
"32042","enum","PackageSchaduleType","921","public enum PackageSchaduleType // TypeDefIndex: 921"
"32053","class","PackageItem","922","public class PackageItem // TypeDefIndex: 922"
"32067","class","UserAdsRemoveData","923","public class UserAdsRemoveData : UserSaveData // TypeDefIndex: 923"
"32080","class","UserGemJarData","924","public class UserGemJarData : UserSaveData // TypeDefIndex: 924"
"32100","enum","GoldenWormState","925","public enum GoldenWormState // TypeDefIndex: 925"
"32111","class","UserGoldenWormData","926","public class UserGoldenWormData : UserSaveData // TypeDefIndex: 926"
"32124","class","UserOnePlusData","927","public class UserOnePlusData : UserSaveData // TypeDefIndex: 927"
"32138","class","UserProductData","928","public class UserProductData : UserSaveData // TypeDefIndex: 928"
"32164","class","UserSpecialAttendanceData","930","public class UserSpecialAttendanceData : UserSaveData // TypeDefIndex: 930"
"32630","class","UserRandomObjectData","945","public class UserRandomObjectData : UserSaveData // TypeDefIndex: 945"
"32713","class","ReloadManager.","949","private sealed class ReloadManager.<LoadScene>d__3 : IEnumerator<object>, IEnumerator, IDisposable // TypeDefIndex: 949"
"32752","class","ReloadManager","950","public class ReloadManager : MonoBehaviour // TypeDefIndex: 950"
"32780","struct","RewardTypeRes","951","public struct RewardTypeRes // TypeDefIndex: 951"
"32791","struct","NpcData","952","public struct NpcData // TypeDefIndex: 952"
"32800","struct","BlockCategoryRes","953","public struct BlockCategoryRes // TypeDefIndex: 953"
"32809","struct","MaidCoin","954","public struct MaidCoin // TypeDefIndex: 954"
"32818","struct","RequestTray","955","public struct RequestTray // TypeDefIndex: 955"
"32827","struct","EventCoinIconTypeRes","956","public struct EventCoinIconTypeRes // TypeDefIndex: 956"
"32845","struct","RewardBoxTypeRes","958","public struct RewardBoxTypeRes // TypeDefIndex: 958"
"32854","struct","MissionPassQuestIcon","959","public struct MissionPassQuestIcon // TypeDefIndex: 959"
"32874","struct","NpcUnlockRes","961","public struct NpcUnlockRes // TypeDefIndex: 961"
"32892","struct","MaidDormitoryRes","963","public struct MaidDormitoryRes // TypeDefIndex: 963"
"32905","struct","MaidSkillRes","964","public struct MaidSkillRes // TypeDefIndex: 964"
"32914","struct","MaidMiniIcon","965","public struct MaidMiniIcon // TypeDefIndex: 965"
"33001","class","ResourceManager.","972","private sealed class ResourceManager.<DownloadImage>d__99 : IEnumerator<object>, IEnumerator, IDisposable // TypeDefIndex: 972"
"33048","class","ResourceManager.","973","private sealed class ResourceManager.<UnloadUnsedAsset>d__73 : IEnumerator<object>, IEnumerator, IDisposable // TypeDefIndex: 973"
"33376","class","RewardManager.RewardInfo","975","public class RewardManager.RewardInfo // TypeDefIndex: 975"
"33397","class","RewardManager.","976","private sealed class RewardManager.<>c // TypeDefIndex: 976"
"33416","class","RewardManager","977","public class RewardManager : MonoBehaviourSingleton<RewardManager> // TypeDefIndex: 977"
"33482","class","UserSaveCampaignData","978","public class UserSaveCampaignData : UserSaveData // TypeDefIndex: 978"
"33496","class","SaveCampaignManager","979","public class SaveCampaignManager : MonoBehaviourSingleton<SaveCampaignManager> // TypeDefIndex: 979"
"33786","class","SoundManager.","988","private sealed class SoundManager.<FadeVolume>d__18 : IEnumerator<object>, IEnumerator, IDisposable // TypeDefIndex: 988"
"33894","class","TeamMemoryPreset","990","public class TeamMemoryPreset // TypeDefIndex: 990"
"33909","class","UserTeamMemoryPresetSaveData","991","public class UserTeamMemoryPresetSaveData : UserSaveData // TypeDefIndex: 991"
"33922","class","TeamMemoryPresetManager","992","public class TeamMemoryPresetManager : MonoBehaviourSingleton<TeamMemoryPresetManager> // TypeDefIndex: 992"
"34232","enum","CheckTutorialType","997","public enum CheckTutorialType // TypeDefIndex: 997"
"34244","enum","TutorialType","998","public enum TutorialType // TypeDefIndex: 998"
"34357","struct","TutorialInfo","999","public struct TutorialInfo // TypeDefIndex: 999"
"34367","class","TutorialManager.","1000","private sealed class TutorialManager.<>c // TypeDefIndex: 1000"
"34387","class","TutorialManager.","1001","private sealed class TutorialManager.<>c__DisplayClass19_0 // TypeDefIndex: 1001"
"34404","class","TutorialManager.","1002","private sealed class TutorialManager.<BGFade>d__28 : IEnumerator<object>, IEnumerator, IDisposable // TypeDefIndex: 1002"
"34448","class","TutorialManager","1003","public class TutorialManager : MonoBehaviourSingleton<TutorialManager> // TypeDefIndex: 1003"
"34563","class","UIManager.","1004","private sealed class UIManager.<Fade>d__65 : IEnumerator<object>, IEnumerator, IDisposable // TypeDefIndex: 1004"
"34833","enum","UIPopupManager.Order","1007","public enum UIPopupManager.Order // TypeDefIndex: 1007"
"35463","class","PropInventory","1023","public class PropInventory : MonoBehaviour // TypeDefIndex: 1023"
"35494","class","MaidNPC","1024","public class MaidNPC : NPC // TypeDefIndex: 1024"
"35540","class","NPC","1025","public class NPC : MonoBehaviour // TypeDefIndex: 1025"
"35671","class","NpcEffect.","1026","private sealed class NpcEffect.<>c__DisplayClass5_0 // TypeDefIndex: 1026"
"35688","class","NpcEffect","1027","public class NpcEffect : MonoBehaviour // TypeDefIndex: 1027"
"36660","class","OutGameSeasonPass","1055","public class OutGameSeasonPass : MonoBehaviour // TypeDefIndex: 1055"
"36822","class","NpcPoint","1062","public class NpcPoint // TypeDefIndex: 1062"
"36865","class","RoomBase.","1064","private sealed class RoomBase.<RestoreColorGradually>d__23 : IEnumerator<object>, IEnumerator, IDisposable // TypeDefIndex: 1064"
"36908","class","RoomBase.","1065","private sealed class RoomBase.<RestoreSkeletonColorGradually>d__24 : IEnumerator<object>, IEnumerator, IDisposable // TypeDefIndex: 1065"
"37233","class","UserEventStatData","1075","public class UserEventStatData : UserSaveData // TypeDefIndex: 1075"
"37384","enum","ServerRewardType","1079","public enum ServerRewardType // TypeDefIndex: 1079"
"37393","class","ServerRewardItemInfo","1080","public class ServerRewardItemInfo // TypeDefIndex: 1080"
"37407","class","ServerRewardInfo","1081","public class ServerRewardInfo // TypeDefIndex: 1081"
"37641","class","HighscoreApplovinMax.ReadyAds","1092","public sealed class HighscoreApplovinMax.ReadyAds : MulticastDelegate // TypeDefIndex: 1092"
"37736","class","HighscoreApplovinMax.","1096","private sealed class HighscoreApplovinMax.<LoadRewardedAdWait>d__19 : IEnumerator<object>, IEnumerator, IDisposable // TypeDefIndex: 1096"
"37884","class","UserDataServerItem","1099","public class UserDataServerItem // TypeDefIndex: 1099"
"37920","class","UserDataSaveCloud.","1101","private sealed class UserDataSaveCloud.<>c // TypeDefIndex: 1101"
"37940","class","UserDataSaveCloud.","1102","private sealed class UserDataSaveCloud.<>c__DisplayClass5_0 // TypeDefIndex: 1102"
"37956","class","UserDataSaveCloud.","1103","private sealed class UserDataSaveCloud.<>c__DisplayClass6_0 // TypeDefIndex: 1103"
"37972","class","UserDataSaveCloud.","1104","private sealed class UserDataSaveCloud.<>c__DisplayClass7_0 // TypeDefIndex: 1104"
"37990","class","UserDataSaveCloud","1105","public class UserDataSaveCloud : Immortal<UserDataSaveCloud> // TypeDefIndex: 1105"
"38057","class","Table_Album","1107","public class Table_Album : ExcelImporterRoot // TypeDefIndex: 1107"
"38088","class","AlwaysMiniGameRewardInfo","1109","public class AlwaysMiniGameRewardInfo // TypeDefIndex: 1109"
"38120","class","AlwaysBloodWormStepData","1110","public class AlwaysBloodWormStepData // TypeDefIndex: 1110"
"38174","class","Table_AlwaysMiniGame","1113","public class Table_AlwaysMiniGame : ExcelImporterRoot // TypeDefIndex: 1113"
"38211","class","AttendanceDailyRewardData","1115","public class AttendanceDailyRewardData // TypeDefIndex: 1115"
"38231","class","Table_Attendance","1116","public class Table_Attendance : ExcelImporterRoot // TypeDefIndex: 1116"
"38248","class","BlockTableData","1117","public class BlockTableData // TypeDefIndex: 1117"
"38306","class","BlockDropTableData","1118","public class BlockDropTableData // TypeDefIndex: 1118"
"38323","class","BlockBubbleDropTableData","1119","public class BlockBubbleDropTableData // TypeDefIndex: 1119"
"38340","class","BlockDesignedDropTableData","1120","public class BlockDesignedDropTableData // TypeDefIndex: 1120"
"38356","class","BlockProduceTableData","1121","public class BlockProduceTableData // TypeDefIndex: 1121"
"38371","class","BlockGrowProduceTableData","1122","public class BlockGrowProduceTableData // TypeDefIndex: 1122"
"38389","class","BlockSpineTableData","1123","public class BlockSpineTableData // TypeDefIndex: 1123"
"38407","class","BlockProduceMsgTableData","1124","public class BlockProduceMsgTableData // TypeDefIndex: 1124"
"38421","class","BlockCoolTimeTableData","1125","public class BlockCoolTimeTableData // TypeDefIndex: 1125"
"38438","class","BubbleRewardTableData","1126","public class BubbleRewardTableData // TypeDefIndex: 1126"
"38455","class","BlockCollectionTableData","1127","public class BlockCollectionTableData // TypeDefIndex: 1127"
"38471","class","BlockMergeDropRateTableData","1128","public class BlockMergeDropRateTableData // TypeDefIndex: 1128"
"38486","class","BlockMergeDropPoolTableData","1129","public class BlockMergeDropPoolTableData // TypeDefIndex: 1129"
"38501","class","Table_Block","1130","public class Table_Block : ExcelImporterRoot // TypeDefIndex: 1130"
"38604","class","BoxBlockGroupTableData","1135","public class BoxBlockGroupTableData // TypeDefIndex: 1135"
"38621","class","Table_BlockBox","1136","public class Table_BlockBox : ExcelImporterRoot // TypeDefIndex: 1136"
"38641","class","FabricateBlockData","1137","public class FabricateBlockData // TypeDefIndex: 1137"
"38660","class","FabricateRecipeData","1138","public class FabricateRecipeData // TypeDefIndex: 1138"
"38689","class","Table_BlockFabricate","1139","public class Table_BlockFabricate : ExcelImporterRoot // TypeDefIndex: 1139"
"38706","enum","MapCellType","1140","public enum MapCellType // TypeDefIndex: 1140"
"38721","class","MapTableData","1141","public class MapTableData // TypeDefIndex: 1141"
"38761","class","EchoArchiveMapTableData","1142","public class EchoArchiveMapTableData // TypeDefIndex: 1142"
"38782","class","Table_Board","1143","public class Table_Board : ExcelImporterRoot // TypeDefIndex: 1143"
"38800","class","CollectibleItem","1144","public class CollectibleItem // TypeDefIndex: 1144"
"38835","class","Table_Collectible","1146","public class Table_Collectible : ExcelImporterRoot // TypeDefIndex: 1146"
"38866","class","CustomerEpisodeData","1148","public class CustomerEpisodeData // TypeDefIndex: 1148"
"38884","class","CustomerEpisodeRewardData","1149","public class CustomerEpisodeRewardData // TypeDefIndex: 1149"
"38903","class","CustomerStoryStepData","1150","public class CustomerStoryStepData // TypeDefIndex: 1150"
"38931","class","CustomerStoryDialogData","1151","public class CustomerStoryDialogData // TypeDefIndex: 1151"
"38997","class","Table_CustomerEpisode","1152","public class Table_CustomerEpisode : ExcelImporterRoot // TypeDefIndex: 1152"
"39017","class","DailyMissionTableData","1153","public class DailyMissionTableData // TypeDefIndex: 1153"
"39036","class","DailyEventMissionTableData","1154","public class DailyEventMissionTableData // TypeDefIndex: 1154"
"39056","class","DailyAdsMissionTableData","1155","public class DailyAdsMissionTableData // TypeDefIndex: 1155"
"39073","class","Table_DailyMission","1156","public class Table_DailyMission : ExcelImporterRoot // TypeDefIndex: 1156"
"39182","class","EACollectBlockTableData","1162","public class EACollectBlockTableData // TypeDefIndex: 1162"
"39196","class","EAFabricateBlockTableData","1163","public class EAFabricateBlockTableData // TypeDefIndex: 1163"
"39213","class","EARequestTableData","1164","public class EARequestTableData // TypeDefIndex: 1164"
"39247","class","Table_EchoArchive","1166","public class Table_EchoArchive : ExcelImporterRoot // TypeDefIndex: 1166"
"39371","class","EventDropBlockData","1173","public class EventDropBlockData // TypeDefIndex: 1173"
"39422","class","EventBlockDatas","1175","public class EventBlockDatas // TypeDefIndex: 1175"
"39436","class","EventIngameResourceData","1176","public class EventIngameResourceData // TypeDefIndex: 1176"
"39467","class","Table_Event","1178","public class Table_Event : ExcelImporterRoot // TypeDefIndex: 1178"
"39493","class","ArcadeMiniGameData","1179","public class ArcadeMiniGameData // TypeDefIndex: 1179"
"39509","class","ArcadeMiniGameRewardData","1180","public class ArcadeMiniGameRewardData // TypeDefIndex: 1180"
"39533","class","ArcadeRankingRewardData","1181","public class ArcadeRankingRewardData // TypeDefIndex: 1181"
"39557","class","Table_Event_Arcade","1182","public class Table_Event_Arcade : ExcelImporterRoot // TypeDefIndex: 1182"
"39643","class","Table_Event_Band","1185","public class Table_Event_Band : ExcelImporterRoot // TypeDefIndex: 1185"
"39660","class","EventBingoBoardData","1186","public class EventBingoBoardData // TypeDefIndex: 1186"
"39677","class","EventBingoBlockData","1187","public class EventBingoBlockData // TypeDefIndex: 1187"
"39710","class","EventBingoMaxLevelData","1188","public class EventBingoMaxLevelData // TypeDefIndex: 1188"
"39739","class","Table_Event_Bingo","1190","public class Table_Event_Bingo : ExcelImporterRoot // TypeDefIndex: 1190"
"39796","class","Event_BloodWormRewardData","1193","public class Event_BloodWormRewardData // TypeDefIndex: 1193"
"39813","class","Event_BloodWorm_RewardList","1194","public class Event_BloodWorm_RewardList // TypeDefIndex: 1194"
"39844","class","Table_Event_BloodWorm","1196","public class Table_Event_BloodWorm : ExcelImporterRoot // TypeDefIndex: 1196"
"39995","class","EventCardPack_ShopTableData","1203","public class EventCardPack_ShopTableData // TypeDefIndex: 1203"
"40016","class","Table_Event_CardPack","1204","public class Table_Event_CardPack : ExcelImporterRoot // TypeDefIndex: 1204"
"40071","class","CartoonRewardIdData","1207","public class CartoonRewardIdData // TypeDefIndex: 1207"
"40099","class","Table_Event_Cartoon","1208","public class Table_Event_Cartoon : ExcelImporterRoot // TypeDefIndex: 1208"
"40118","class","EventCumulativeQuestTableData","1209","public class EventCumulativeQuestTableData // TypeDefIndex: 1209"
"40133","class","CumulativeQuestItemTableData","1210","public class CumulativeQuestItemTableData // TypeDefIndex: 1210"
"40153","class","Table_Event_CumulativeQuest","1211","public class Table_Event_CumulativeQuest : ExcelImporterRoot // TypeDefIndex: 1211"
"40201","class","Event_FishingRewardData","1213","public class Event_FishingRewardData // TypeDefIndex: 1213"
"40219","class","Event_FishingBlockData","1214","public class Event_FishingBlockData // TypeDefIndex: 1214"
"40235","class","Table_Event_Fishing","1215","public class Table_Event_Fishing : ExcelImporterRoot // TypeDefIndex: 1215"
"40308","class","MatchItemReward","1219","public class MatchItemReward // TypeDefIndex: 1219"
"40324","class","Table_Event_MatchCard","1220","public class Table_Event_MatchCard : ExcelImporterRoot // TypeDefIndex: 1220"
"40366","class","MateRaceRewardData","1222","public class MateRaceRewardData // TypeDefIndex: 1222"
"40402","class","Table_Event_MateRace","1224","public class Table_Event_MateRace : ExcelImporterRoot // TypeDefIndex: 1224"
"40452","class","Table_Event_PointCollect","1227","public class Table_Event_PointCollect : ExcelImporterRoot // TypeDefIndex: 1227"
"40502","class","Event_PuddingJumpRewardData","1230","public class Event_PuddingJumpRewardData // TypeDefIndex: 1230"
"40536","class","Table_Event_PuddingJump","1232","public class Table_Event_PuddingJump : ExcelImporterRoot // TypeDefIndex: 1232"
"40572","class","EventSchoolUniformStepTableData","1234","public class EventSchoolUniformStepTableData // TypeDefIndex: 1234"
"40594","class","EventUniformCollectBlockTableData","1235","public class EventUniformCollectBlockTableData // TypeDefIndex: 1235"
"40622","class","EventUniformKeepOnBlockTableData","1237","public class EventUniformKeepOnBlockTableData // TypeDefIndex: 1237"
"40636","class","Table_Event_SchoolUniform","1238","public class Table_Event_SchoolUniform : ExcelImporterRoot // TypeDefIndex: 1238"
"40710","class","SeasonPassMergePointRateData","1242","public class SeasonPassMergePointRateData // TypeDefIndex: 1242"
"40726","class","SeasonPassRewardIdData","1243","public class SeasonPassRewardIdData // TypeDefIndex: 1243"
"40754","class","Table_Event_SeasonPass","1244","public class Table_Event_SeasonPass : ExcelImporterRoot // TypeDefIndex: 1244"
"40801","class","EventSummerFestivalReward","1246","public class EventSummerFestivalReward // TypeDefIndex: 1246"
"40823","class","EventSummerFestivalNpc","1247","public class EventSummerFestivalNpc // TypeDefIndex: 1247"
"40838","class","Table_Event_SummerFestival","1248","public class Table_Event_SummerFestival : ExcelImporterRoot // TypeDefIndex: 1248"
"40878","class","Table_Event_SurpriseBox","1250","public class Table_Event_SurpriseBox : ExcelImporterRoot // TypeDefIndex: 1250"
"40930","class","TreasureSandBlockTableData","1252","public class TreasureSandBlockTableData // TypeDefIndex: 1252"
"40949","class","TreasureSandBlockGroupTableData","1253","public class TreasureSandBlockGroupTableData // TypeDefIndex: 1253"
"40979","class","Table_Event_TreasureSand","1255","public class Table_Event_TreasureSand : ExcelImporterRoot // TypeDefIndex: 1255"
"41014","class","Event_VendingMachineRewardData","1257","public class Event_VendingMachineRewardData // TypeDefIndex: 1257"
"41031","class","Table_Event_VendingMachine","1258","public class Table_Event_VendingMachine : ExcelImporterRoot // TypeDefIndex: 1258"
"41088","class","WhiteDayRewardIdData","1260","public class WhiteDayRewardIdData // TypeDefIndex: 1260"
"41130","class","Table_Event_WhiteDay","1262","public class Table_Event_WhiteDay : ExcelImporterRoot // TypeDefIndex: 1262"
"41164","class","Table_FindEvidence","1264","public class Table_FindEvidence : ExcelImporterRoot // TypeDefIndex: 1264"
"41180","class","FriendInviteReward","1265","public class FriendInviteReward // TypeDefIndex: 1265"
"41216","class","Table_FriendInvite","1266","public class Table_FriendInvite : ExcelImporterRoot // TypeDefIndex: 1266"
"41279","class","HighKujiRewardTableData","1270","public class HighKujiRewardTableData // TypeDefIndex: 1270"
"41331","class","Table_HighKuji","1273","public class Table_HighKuji : ExcelImporterRoot // TypeDefIndex: 1273"
"41351","class","ProduceBlockSlotTableData","1274","public class ProduceBlockSlotTableData // TypeDefIndex: 1274"
"41380","class","BlockSlotTableData","1276","public class BlockSlotTableData // TypeDefIndex: 1276"
"41395","class","Table_Inventory","1277","public class Table_Inventory : ExcelImporterRoot // TypeDefIndex: 1277"
"41412","class","ItemData","1278","public class ItemData // TypeDefIndex: 1278"
"41442","class","RewardBoxData","1280","public class RewardBoxData // TypeDefIndex: 1280"
"41476","class","MemoryCardTicketData","1281","public class MemoryCardTicketData // TypeDefIndex: 1281"
"41527","class","InGameResTableData","1284","public class InGameResTableData // TypeDefIndex: 1284"
"41550","class","Table_Item","1285","public class Table_Item : ExcelImporterRoot // TypeDefIndex: 1285"
"41572","class","LevelPassTableData","1286","public class LevelPassTableData // TypeDefIndex: 1286"
"41594","class","LevelPassRewardTableData","1287","public class LevelPassRewardTableData // TypeDefIndex: 1287"
"41616","class","Table_LevelPass","1288","public class Table_LevelPass : ExcelImporterRoot // TypeDefIndex: 1288"
"41633","class","MaidAIChatSituationData","1289","public class MaidAIChatSituationData // TypeDefIndex: 1289"
"41648","class","MaidAIChatModerationData","1290","public class MaidAIChatModerationData // TypeDefIndex: 1290"
"41662","class","MaidAIChatInvalidStringData","1291","public class MaidAIChatInvalidStringData // TypeDefIndex: 1291"
"41675","class","Table_MaidAIChat","1292","public class Table_MaidAIChat : ExcelImporterRoot // TypeDefIndex: 1292"
"41795","class","Table_MaidChat","1296","public class Table_MaidChat : ExcelImporterRoot // TypeDefIndex: 1296"
"41815","class","MemoryCardData","1297","public class MemoryCardData // TypeDefIndex: 1297"
"41838","class","MemoryCardSkillData","1298","public class MemoryCardSkillData // TypeDefIndex: 1298"
"41855","class","MemoryCardSlotData","1299","public class MemoryCardSlotData // TypeDefIndex: 1299"
"41869","class","MemoryGachaPoolData","1300","public class MemoryGachaPoolData // TypeDefIndex: 1300"
"41899","class","MemoryGachaPoolCardData","1301","public class MemoryGachaPoolCardData // TypeDefIndex: 1301"
"41914","class","MemoryTicketGemRateData","1302","public class MemoryTicketGemRateData // TypeDefIndex: 1302"
"41928","class","MemoryGachaScheduleData","1303","public class MemoryGachaScheduleData // TypeDefIndex: 1303"
"41945","class","MemoryTicketExchangeShopData","1304","public class MemoryTicketExchangeShopData // TypeDefIndex: 1304"
"41965","class","Table_MemoryCard","1305","public class Table_MemoryCard : ExcelImporterRoot // TypeDefIndex: 1305"
"41988","class","MissionPassTableData","1306","public class MissionPassTableData // TypeDefIndex: 1306"
"42013","class","MissionPassResTableData","1307","public class MissionPassResTableData // TypeDefIndex: 1307"
"42032","class","MissionPassLevelTableData","1308","public class MissionPassLevelTableData // TypeDefIndex: 1308"
"42053","class","MissionPassQuestTableData","1309","public class MissionPassQuestTableData // TypeDefIndex: 1309"
"42073","class","MissionPassBonusRewardTableData","1310","public class MissionPassBonusRewardTableData // TypeDefIndex: 1310"
"42090","class","MissionPassNormalRewardInfo","1311","public class MissionPassNormalRewardInfo // TypeDefIndex: 1311"
"42104","class","MissionPassVIPRewardInfo","1312","public class MissionPassVIPRewardInfo // TypeDefIndex: 1312"
"42119","class","Table_MissionPass","1313","public class Table_MissionPass : ExcelImporterRoot // TypeDefIndex: 1313"
"42140","class","NoticeRewardInfo","1314","public class NoticeRewardInfo // TypeDefIndex: 1314"
"42215","class","Table_Notice","1316","public class Table_Notice : ExcelImporterRoot // TypeDefIndex: 1316"
"42234","class","NpcTableData","1317","public class NpcTableData // TypeDefIndex: 1317"
"42267","class","MaidLevelTableData","1318","public class MaidLevelTableData // TypeDefIndex: 1318"
"42285","class","MaidSceneLoadingTableData","1319","public class MaidSceneLoadingTableData // TypeDefIndex: 1319"
"42306","class","MaidSkillTableData","1320","public class MaidSkillTableData // TypeDefIndex: 1320"
"42323","class","MaidInfoTableData","1321","public class MaidInfoTableData // TypeDefIndex: 1321"
"42348","class","InGameNpcDialog","1322","public class InGameNpcDialog // TypeDefIndex: 1322"
"42389","class","CustomerTableData","1323","public class CustomerTableData // TypeDefIndex: 1323"
"42411","class","CustomerRewardData","1324","public class CustomerRewardData // TypeDefIndex: 1324"
"42427","class","CustomerLikeLevelData","1325","public class CustomerLikeLevelData // TypeDefIndex: 1325"
"42446","class","MaidGiftTableData","1326","public class MaidGiftTableData // TypeDefIndex: 1326"
"42463","class","Table_Npc","1327","public class Table_Npc : ExcelImporterRoot // TypeDefIndex: 1327"
"42495","enum","QuestType","1328","public enum QuestType // TypeDefIndex: 1328"
"42508","class","RoomQuestData","1329","public class RoomQuestData // TypeDefIndex: 1329"
"42597","class","LevelData","1334","public class LevelData // TypeDefIndex: 1334"
"42649","class","Table_OutGame","1337","public class Table_OutGame : ExcelImporterRoot // TypeDefIndex: 1337"
"42734","class","LevelUpPackageData","1341","public class LevelUpPackageData // TypeDefIndex: 1341"
"42796","class","PackageRewardData","1345","public class PackageRewardData // TypeDefIndex: 1345"
"42824","class","GoldenWormRewardData","1346","public class GoldenWormRewardData // TypeDefIndex: 1346"
"42855","class","EnergyPackageData","1347","public class EnergyPackageData // TypeDefIndex: 1347"
"42926","class","AdsRemovePackageData","1350","public class AdsRemovePackageData // TypeDefIndex: 1350"
"42956","class","GemJarPackageData","1351","public class GemJarPackageData // TypeDefIndex: 1351"
"42976","class","SpecialBlockPackageData","1352","public class SpecialBlockPackageData // TypeDefIndex: 1352"
"43081","class","Table_Package","1357","public class Table_Package : ExcelImporterRoot // TypeDefIndex: 1357"
"43115","class","MaidCoinData","1358","public class MaidCoinData // TypeDefIndex: 1358"
"43181","class","Table_PhotoCard","1361","public class Table_PhotoCard : ExcelImporterRoot // TypeDefIndex: 1361"
"43222","class","Table_RandomObject","1363","public class Table_RandomObject : ExcelImporterRoot // TypeDefIndex: 1363"
"43238","class","RequestMainRoomTableData","1364","public class RequestMainRoomTableData // TypeDefIndex: 1364"
"43271","class","RequestRandomTableData","1365","public class RequestRandomTableData // TypeDefIndex: 1365"
"43294","class","RequestUrgentTableData","1366","public class RequestUrgentTableData // TypeDefIndex: 1366"
"43312","class","RequestDormitoryTableData","1367","public class RequestDormitoryTableData // TypeDefIndex: 1367"
"43327","class","RequestEventTableData","1368","public class RequestEventTableData // TypeDefIndex: 1368"
"43359","class","RequestRewardPointData","1369","public class RequestRewardPointData // TypeDefIndex: 1369"
"43378","class","RequestEventItemRewardData","1370","public class RequestEventItemRewardData // TypeDefIndex: 1370"
"43396","class","RequestRandomBlockTableData","1371","public class RequestRandomBlockTableData // TypeDefIndex: 1371"
"43412","class","RandomBlockGroupTableData","1372","public class RandomBlockGroupTableData // TypeDefIndex: 1372"
"43427","class","ConstructQuestRewardData","1373","public class ConstructQuestRewardData // TypeDefIndex: 1373"
"43445","class","RequestMainPointTableData","1374","public class RequestMainPointTableData // TypeDefIndex: 1374"
"43462","class","RequestMainDeginedChangeData","1375","public class RequestMainDeginedChangeData // TypeDefIndex: 1375"
"43475","class","Table_Request","1376","public class Table_Request : ExcelImporterRoot // TypeDefIndex: 1376"
"43552","class","RouletteRewardTableData","1380","public class RouletteRewardTableData // TypeDefIndex: 1380"
"43613","class","Table_Roulette","1383","public class Table_Roulette : ExcelImporterRoot // TypeDefIndex: 1383"
"43650","class","Table_SNS","1385","public class Table_SNS : ExcelImporterRoot // TypeDefIndex: 1385"
"43666","class","SRMergeStepTableData","1386","public class SRMergeStepTableData // TypeDefIndex: 1386"
"43682","class","SRMergeSkillGroupTableData","1387","public class SRMergeSkillGroupTableData // TypeDefIndex: 1387"
"43697","class","SRMergeSkillTableData","1388","public class SRMergeSkillTableData // TypeDefIndex: 1388"
"43718","class","SRMergeConfigTableData","1389","public class SRMergeConfigTableData // TypeDefIndex: 1389"
"43733","class","Table_SeriouslyMerge","1390","public class Table_SeriouslyMerge : ExcelImporterRoot // TypeDefIndex: 1390"
"43752","class","ShopApTableData","1391","public class ShopApTableData // TypeDefIndex: 1391"
"43783","class","ShopJewelTableData","1392","public class ShopJewelTableData // TypeDefIndex: 1392"
"43811","class","ShopMasterHeartTableData","1393","public class ShopMasterHeartTableData : ShopJewelTableData // TypeDefIndex: 1393"
"43824","class","ShopGoldTableData","1394","public class ShopGoldTableData // TypeDefIndex: 1394"
"43850","class","ShopDailyTableData","1395","public class ShopDailyTableData // TypeDefIndex: 1395"
"43867","class","ShopDailyRandomRewardTableData","1396","public class ShopDailyRandomRewardTableData // TypeDefIndex: 1396"
"43884","class","ShopSkinPackageTableData","1397","public class ShopSkinPackageTableData // TypeDefIndex: 1397"
"43914","class","ShopBlockGroupLvTableData","1398","public class ShopBlockGroupLvTableData // TypeDefIndex: 1398"
"43928","class","ShopMaidGiftTableData","1399","public class ShopMaidGiftTableData // TypeDefIndex: 1399"
"43948","class","ShopProductTableData","1400","public class ShopProductTableData // TypeDefIndex: 1400"
"43972","class","ShopAddBoradLineMapTableData","1401","public class ShopAddBoradLineMapTableData // TypeDefIndex: 1401"
"43987","class","ShopNpcCostumeTableData","1402","public class ShopNpcCostumeTableData // TypeDefIndex: 1402"
"44020","class","ShopAddLinePriceTableData","1403","public class ShopAddLinePriceTableData // TypeDefIndex: 1403"
"44034","class","Table_Shop","1404","public class Table_Shop : ExcelImporterRoot // TypeDefIndex: 1404"
"44061","class","Table_ShopPackage","1405","public class Table_ShopPackage : MonoBehaviour // TypeDefIndex: 1405"
"44393","class","Table_Story","1416","public class Table_Story : ExcelImporterRoot // TypeDefIndex: 1416"
"44441","class","Table_UserKey","1418","public class Table_UserKey : ExcelImporterRoot // TypeDefIndex: 1418"
"44457","class","VideoBonusRewardData","1419","public class VideoBonusRewardData // TypeDefIndex: 1419"
"44474","class","VideoBonusBuyRewardData","1420","public class VideoBonusBuyRewardData // TypeDefIndex: 1420"
"44502","class","Table_VideoBonus","1421","public class Table_VideoBonus : ExcelImporterRoot // TypeDefIndex: 1421"
"44519","class","WorkLogMissionTableData","1422","public class WorkLogMissionTableData // TypeDefIndex: 1422"
"44541","class","WorkLogRewardTableData","1423","public class WorkLogRewardTableData // TypeDefIndex: 1423"
"44569","class","Table_WorkLog","1424","public class Table_WorkLog : ExcelImporterRoot // TypeDefIndex: 1424"
"44956","class","UIListitem_CustomerChat","1438","public class UIListitem_CustomerChat : MonoBehaviour // TypeDefIndex: 1438"
"44981","class","UIListitem_CustomerChatBox.","1439","private sealed class UIListitem_CustomerChatBox.<ShakeTextCoroutine>d__6 : IEnumerator<object>, IEnumerator, IDisposable // TypeDefIndex: 1439"
"45024","class","UIListitem_CustomerChatBox","1440","public class UIListitem_CustomerChatBox : MonoBehaviour // TypeDefIndex: 1440"
"45055","class","UIListitem_CustomerBG.","1441","private sealed class UIListitem_CustomerBG.<FadeCoroutine>d__13 : IEnumerator<object>, IEnumerator, IDisposable // TypeDefIndex: 1441"
"45098","class","UIListitem_CustomerBG","1442","public class UIListitem_CustomerBG : MonoBehaviour // TypeDefIndex: 1442"
"45147","class","UIListItem_EA_BlockCollectItem","1443","public class UIListItem_EA_BlockCollectItem : MonoBehaviour // TypeDefIndex: 1443"
"45205","class","UIListItem_EA_FabricateBlockItem","1444","public class UIListItem_EA_FabricateBlockItem : MonoBehaviour // TypeDefIndex: 1444"
"45253","class","UIListItem_EchoArchive_BookItem","1445","public class UIListItem_EchoArchive_BookItem : MonoBehaviour // TypeDefIndex: 1445"
"45287","class","UIListItem_InGame_EchoArchive","1446","public class UIListItem_InGame_EchoArchive : MonoBehaviour // TypeDefIndex: 1446"
"45326","class","UIListitem_EchoArchive_Episode","1447","public class UIListitem_EchoArchive_Episode : InfiniteScrollItem // TypeDefIndex: 1447"
"45364","class","UIListItem_CardPack_Card","1448","public class UIListItem_CardPack_Card : MonoBehaviour // TypeDefIndex: 1448"
"45410","class","UIListItem_CardPack_CardGroup","1449","public class UIListItem_CardPack_CardGroup : MonoBehaviour // TypeDefIndex: 1449"
"45456","class","CardPackRewardCardInfo","1450","public class CardPackRewardCardInfo : InfiniteScrollData // TypeDefIndex: 1450"
"45471","class","UIListItem_CardPack_RewardCard","1451","public class UIListItem_CardPack_RewardCard : InfiniteScrollItem // TypeDefIndex: 1451"
"45514","class","UIListItem_PC_PuddingJump_Pudding.","1452","private sealed class UIListItem_PC_PuddingJump_Pudding.<MovePudding>d__17 : IEnumerator<object>, IEnumerator, IDisposable // TypeDefIndex: 1452"
"45556","class","UIListItem_PC_PuddingJump_Pudding.","1453","private sealed class UIListItem_PC_PuddingJump_Pudding.<MoveSpoon>d__18 : IEnumerator<object>, IEnumerator, IDisposable // TypeDefIndex: 1453"
"45597","class","UIListItem_PC_PuddingJump_Pudding","1454","public class UIListItem_PC_PuddingJump_Pudding : MonoBehaviour // TypeDefIndex: 1454"
"45649","class","UIListitem_PC_BloodWormTarget.","1455","private sealed class UIListitem_PC_BloodWormTarget.<MoveCatched>d__13 : IEnumerator<object>, IEnumerator, IDisposable // TypeDefIndex: 1455"
"45691","class","UIListitem_PC_BloodWormTarget.","1456","private sealed class UIListitem_PC_BloodWormTarget.<MoveTarget>d__12 : IEnumerator<object>, IEnumerator, IDisposable // TypeDefIndex: 1456"
"45733","class","UIListitem_PC_BloodWormTarget","1457","public class UIListitem_PC_BloodWormTarget : MonoBehaviour // TypeDefIndex: 1457"
"45792","class","UIListitem_PC_VendingMachineSlot","1459","public class UIListitem_PC_VendingMachineSlot : MonoBehaviour // TypeDefIndex: 1459"
"45826","class","UIListItem_EventCumulativeQuestInfo","1460","public class UIListItem_EventCumulativeQuestInfo : MonoBehaviour // TypeDefIndex: 1460"
"45888","struct","MatchCardItemInfo","1461","public struct MatchCardItemInfo // TypeDefIndex: 1461"
"45901","class","UIListItem_MatchCard","1462","public class UIListItem_MatchCard : MonoBehaviour // TypeDefIndex: 1462"
"45967","class","UIListItem_MateRaceMate.","1463","private sealed class UIListItem_MateRaceMate.<ScaleAnimation>d__11 : IEnumerator<object>, IEnumerator, IDisposable // TypeDefIndex: 1463"
"46008","class","UIListItem_MateRaceMate","1464","public class UIListItem_MateRaceMate : MonoBehaviour // TypeDefIndex: 1464"
"46050","class","UIListItem_MateRaceRewardRank","1465","public class UIListItem_MateRaceRewardRank : MonoBehaviour // TypeDefIndex: 1465"
"46072","class","UIListItem_RequestEvent_Band","1466","public class UIListItem_RequestEvent_Band : UIListItem_RequestEvent_Base // TypeDefIndex: 1466"
"46098","class","UIListItem_RequestEvent_Base","1467","public class UIListItem_RequestEvent_Base : UIListItem_Quest // TypeDefIndex: 1467"
"46161","class","UIListItem_RequestEvent_Bingo","1468","public class UIListItem_RequestEvent_Bingo : UIListItem_RequestEvent_Base // TypeDefIndex: 1468"
"46197","class","UIListItem_RequestEvent_CardPack","1469","public class UIListItem_RequestEvent_CardPack : UIListItem_RequestEvent_Base // TypeDefIndex: 1469"
"46230","class","UIListItem_RequestEvent_CumulativeQuest.","1470","private sealed class UIListItem_RequestEvent_CumulativeQuest.<>c // TypeDefIndex: 1470"
"46249","class","UIListItem_RequestEvent_CumulativeQuest","1471","public class UIListItem_RequestEvent_CumulativeQuest : UIListItem_RequestEvent_Base // TypeDefIndex: 1471"
"46278","class","UIListItem_RequestEvent_House","1472","public class UIListItem_RequestEvent_House : UIListItem_RequestEvent_Base // TypeDefIndex: 1472"
"46336","class","UIListItem_RequestEvent_Match3d","1473","public class UIListItem_RequestEvent_Match3d : UIListItem_RequestEvent_Base // TypeDefIndex: 1473"
"46345","class","UIListItem_RequestEvent_MatchCard","1474","public class UIListItem_RequestEvent_MatchCard : UIListItem_RequestEvent_Base // TypeDefIndex: 1474"
"46382","class","UIListItem_RequestEvent_MateRace","1475","public class UIListItem_RequestEvent_MateRace : UIListItem_RequestEvent_Base // TypeDefIndex: 1475"
"46431","class","UIListItem_RequestEvent_MiniGame","1476","public class UIListItem_RequestEvent_MiniGame : UIListItem_RequestEvent_Base // TypeDefIndex: 1476"
"46455","class","UIListItem_RequestEvent_Ocean","1477","public class UIListItem_RequestEvent_Ocean : UIListItem_RequestEvent_Base // TypeDefIndex: 1477"
"46513","class","UIListItem_RequestEvent_PointCollect","1478","public class UIListItem_RequestEvent_PointCollect : UIListItem_RequestEvent_Base // TypeDefIndex: 1478"
"46541","class","UIListItem_RequestEvent_Pudding","1479","public class UIListItem_RequestEvent_Pudding : UIListItem_RequestEvent_Base // TypeDefIndex: 1479"
"46599","class","UIListItem_RequestEvent_Spring","1480","public class UIListItem_RequestEvent_Spring : UIListItem_RequestEvent_Base // TypeDefIndex: 1480"
"46657","class","UIListItem_RequestEvent_TreasureSand","1481","public class UIListItem_RequestEvent_TreasureSand : UIListItem_RequestEvent_Base // TypeDefIndex: 1481"
"46688","class","UIListItem_RequestEvent_Uniform","1482","public class UIListItem_RequestEvent_Uniform : UIListItem_RequestEvent_Base // TypeDefIndex: 1482"
"46714","class","UIListItem_RequestEvent_WhiteDay","1483","public class UIListItem_RequestEvent_WhiteDay : UIListItem_RequestEvent_Base // TypeDefIndex: 1483"
"46745","class","UIListItem_RequestEvent_Winter","1484","public class UIListItem_RequestEvent_Winter : UIListItem_RequestEvent_Base // TypeDefIndex: 1484"
"46803","class","UIListItem_SeasonPass_RewardItem","1485","public class UIListItem_SeasonPass_RewardItem : MonoBehaviour // TypeDefIndex: 1485"
"46846","class","UIListitem_CartoonQuest","1486","public class UIListitem_CartoonQuest : MonoBehaviour // TypeDefIndex: 1486"
"46891","class","UIListitem_EventCartoonQuestItemSlot","1487","public class UIListitem_EventCartoonQuestItemSlot : MonoBehaviour // TypeDefIndex: 1487"
"46942","class","UIListitem_EventSummerFestival","1488","public class UIListitem_EventSummerFestival : MonoBehaviour // TypeDefIndex: 1488"
"46957","class","UIListitem_EventTreasureSandBlock","1489","public class UIListitem_EventTreasureSandBlock : MonoBehaviour // TypeDefIndex: 1489"
"47064","class","UIListitem_EventTreasureSandBlockList.","1490","private sealed class UIListitem_EventTreasureSandBlockList.<C_OpenBlock>d__9 : IEnumerator<object>, IEnumerator, IDisposable // TypeDefIndex: 1490"
"47105","class","UIListitem_EventTreasureSandBlockList","1491","public class UIListitem_EventTreasureSandBlockList : MonoBehaviour // TypeDefIndex: 1491"
"47140","class","UIListitem_EventTreasureSandCell","1492","public class UIListitem_EventTreasureSandCell : MonoBehaviour // TypeDefIndex: 1492"
"47181","class","UIListitem_Event_BandPackage.","1493","private sealed class UIListitem_Event_BandPackage.<>c__DisplayClass10_0 // TypeDefIndex: 1493"
"47197","class","UIListitem_Event_BandPackage","1494","public class UIListitem_Event_BandPackage : MonoBehaviour // TypeDefIndex: 1494"
"47239","class","UIListitem_Event_BandSheet.","1495","private sealed class UIListitem_Event_BandSheet.<StartPointAnimCo>d__17 : IEnumerator<object>, IEnumerator, IDisposable // TypeDefIndex: 1495"
"47282","class","UIListitem_Event_BandSheet","1496","public class UIListitem_Event_BandSheet : MonoBehaviour // TypeDefIndex: 1496"
"47338","class","UIListitem_Event_Fish","1497","public class UIListitem_Event_Fish : MonoBehaviour // TypeDefIndex: 1497"
"47376","class","UIListitem_Event_FishingCell.","1498","private sealed class UIListitem_Event_FishingCell.<>c // TypeDefIndex: 1498"
"47396","class","UIListitem_Event_FishingCell.","1499","private sealed class UIListitem_Event_FishingCell.<>c__DisplayClass15_0 // TypeDefIndex: 1499"
"47413","class","UIListitem_Event_FishingCell.","1500","private sealed class UIListitem_Event_FishingCell.<WaitOpenBlockInfoPopup>d__11 : IEnumerator<object>, IEnumerator, IDisposable // TypeDefIndex: 1500"
"47450","class","UIListitem_Event_FishingCell","1501","public class UIListitem_Event_FishingCell : MonoBehaviour // TypeDefIndex: 1501"
"47502","class","UIListitem_MateRaceNameTag","1502","public class UIListitem_MateRaceNameTag : MonoBehaviour // TypeDefIndex: 1502"
"47518","class","UIListitem_MissionPassAlarm","1503","public class UIListitem_MissionPassAlarm : MonoBehaviour // TypeDefIndex: 1503"
"47533","class","UIListitem_MissionPassBonusReward","1504","public class UIListitem_MissionPassBonusReward : MonoBehaviour // TypeDefIndex: 1504"
"47549","class","UIListitem_MissionPassQuest","1505","public class UIListitem_MissionPassQuest : MonoBehaviour // TypeDefIndex: 1505"
"47619","class","MissionPassRewardItemData","1506","public class MissionPassRewardItemData : InfiniteScrollData // TypeDefIndex: 1506"
"47637","class","UIListitem_MissionPassReward","1507","public class UIListitem_MissionPassReward : InfiniteScrollItem // TypeDefIndex: 1507"
"47733","class","UIListitem_RequestEvent_Cartoon","1508","public class UIListitem_RequestEvent_Cartoon : UIListItem_RequestEvent_Base // TypeDefIndex: 1508"
"47769","class","UIListitem_RequestEvent_SeasonPass","1509","public class UIListitem_RequestEvent_SeasonPass : UIListItem_RequestEvent_Base // TypeDefIndex: 1509"
"47803","class","UIListitem_RequestEvent_SummerFestival","1510","public class UIListitem_RequestEvent_SummerFestival : UIListItem_RequestEvent_Base // TypeDefIndex: 1510"
"47876","class","UIListitem_RequestMissionPass","1511","public class UIListitem_RequestMissionPass : MonoBehaviour // TypeDefIndex: 1511"
"47925","class","UIListitem_SeasonPass_Reward","1512","public class UIListitem_SeasonPass_Reward : MonoBehaviour // TypeDefIndex: 1512"
"47969","class","UiListitem_RequestEvent_Fishing","1513","public class UiListitem_RequestEvent_Fishing : UIListItem_RequestEvent_Base // TypeDefIndex: 1513"
"47994","class","ListItem_InGameBoard","1514","public class ListItem_InGameBoard : MonoBehaviour // TypeDefIndex: 1514"
"48026","class","UIInGame_RequestTimerCheck.Timer","1515","public sealed class UIInGame_RequestTimerCheck.Timer : MulticastDelegate // TypeDefIndex: 1515"
"48044","class","UIInGame_RequestTimerCheck","1516","public class UIInGame_RequestTimerCheck : MonoBehaviour // TypeDefIndex: 1516"
"48069","class","UIListItem_BlockSeq.","1517","private sealed class UIListItem_BlockSeq.<>c__DisplayClass41_0 // TypeDefIndex: 1517"
"48087","class","UIListItem_BlockSeq.","1518","private sealed class UIListItem_BlockSeq.<>c__DisplayClass43_0 // TypeDefIndex: 1518"
"48103","class","UIListItem_BlockSeq","1519","public class UIListItem_BlockSeq : MonoBehaviour // TypeDefIndex: 1519"
"48209","class","UIListItem_EventBingoSlot.","1520","private sealed class UIListItem_EventBingoSlot.<>c__DisplayClass29_0 // TypeDefIndex: 1520"
"48230","class","UIListItem_EventBingoSlot","1521","public class UIListItem_EventBingoSlot : MonoBehaviour // TypeDefIndex: 1521"
"48320","class","UIListItem_EventReward.","1522","private sealed class UIListItem_EventReward.<>c__DisplayClass5_0 // TypeDefIndex: 1522"
"48337","class","UIListItem_EventReward.","1523","private sealed class UIListItem_EventReward.<>c__DisplayClass5_1 // TypeDefIndex: 1523"
"48353","class","UIListItem_EventReward","1524","public class UIListItem_EventReward : MonoBehaviour // TypeDefIndex: 1524"
"48382","class","UIListItem_EventSlotHouse","1525","public class UIListItem_EventSlotHouse : MonoBehaviour // TypeDefIndex: 1525"
"48434","class","UIListItem_EventSurpriseBox","1526","public class UIListItem_EventSurpriseBox : MonoBehaviour // TypeDefIndex: 1526"
"48489","class","UIListItem_FabricateInfo","1527","public class UIListItem_FabricateInfo : MonoBehaviour // TypeDefIndex: 1527"
"48518","class","UIListItem_GridSeriouslyMerge","1528","public class UIListItem_GridSeriouslyMerge : MonoBehaviour // TypeDefIndex: 1528"
"48561","class","UIListItem_InvenSlot_Block_BM","1529","public class UIListItem_InvenSlot_Block_BM : MonoBehaviour // TypeDefIndex: 1529"
"48617","class","UIListItem_MaidSkin_AlernativeReward","1530","public class UIListItem_MaidSkin_AlernativeReward : MonoBehaviour // TypeDefIndex: 1530"
"48636","class","UIListItem_Quest.","1531","private sealed class UIListItem_Quest.<OnStartFinishRequest>d__23 : IEnumerator<object>, IEnumerator, IDisposable // TypeDefIndex: 1531"
"48682","class","UIListItem_Quest.","1532","private sealed class UIListItem_Quest.<OnStartNewRequest>d__22 : IEnumerator<object>, IEnumerator, IDisposable // TypeDefIndex: 1532"
"48721","class","UIListItem_Quest.","1533","private sealed class UIListItem_Quest.<OnStartNewTrayAnim>d__25 : IEnumerator<object>, IEnumerator, IDisposable // TypeDefIndex: 1533"
"48760","class","UIListItem_Quest.","1534","private sealed class UIListItem_Quest.<OnStartTrayFinishAnim>d__24 : IEnumerator<object>, IEnumerator, IDisposable // TypeDefIndex: 1534"
"48799","class","UIListItem_Quest","1535","public class UIListItem_Quest : MonoBehaviour // TypeDefIndex: 1535"
"48880","class","UIListItem_Request.","1536","private sealed class UIListItem_Request.<>c // TypeDefIndex: 1536"
"48900","class","UIListItem_Request.","1537","private sealed class UIListItem_Request.<>c__DisplayClass104_0 // TypeDefIndex: 1537"
"48917","class","UIListItem_Request.","1538","private sealed class UIListItem_Request.<>c__DisplayClass112_0 // TypeDefIndex: 1538"
"48933","class","UIListItem_Request.","1539","private sealed class UIListItem_Request.<>c__DisplayClass80_0 // TypeDefIndex: 1539"
"48950","class","UIListItem_Request.","1540","private sealed class UIListItem_Request.<OnCompleteFinish>d__96 : IEnumerator<object>, IEnumerator, IDisposable // TypeDefIndex: 1540"
"48989","class","UIListItem_Request.","1541","private sealed class UIListItem_Request.<OnOffDialog>d__107 : IEnumerator<object>, IEnumerator, IDisposable // TypeDefIndex: 1541"
"49032","class","UIListItem_Request.","1542","private sealed class UIListItem_Request.<TouchAnimTimer>d__109 : IEnumerator<object>, IEnumerator, IDisposable // TypeDefIndex: 1542"
"49071","class","UIListItem_Request","1543","public class UIListItem_Request : UIListItem_Quest // TypeDefIndex: 1543"
"49388","class","UIListItem_RequestItem","1544","public class UIListItem_RequestItem : MonoBehaviour // TypeDefIndex: 1544"
"49505","class","UIListItem_RequestMainPoint","1547","public class UIListItem_RequestMainPoint : MonoBehaviour // TypeDefIndex: 1547"
"49546","class","UIListItem_Request_SummerFestival","1548","public class UIListItem_Request_SummerFestival : MonoBehaviour // TypeDefIndex: 1548"
"49580","class","UIListItem_Reward.","1549","private sealed class UIListItem_Reward.<>c__DisplayClass8_0 // TypeDefIndex: 1549"
"49600","class","UIListItem_Reward.","1550","private sealed class UIListItem_Reward.<>c__DisplayClass8_1 // TypeDefIndex: 1550"
"49616","class","UIListItem_Reward","1551","public class UIListItem_Reward : MonoBehaviour // TypeDefIndex: 1551"
"49682","class","UIListitem_CutSceneAnim.","1553","private sealed class UIListitem_CutSceneAnim.<>c // TypeDefIndex: 1553"
"49701","class","UIListitem_CutSceneAnim","1554","public class UIListitem_CutSceneAnim : MonoBehaviour // TypeDefIndex: 1554"
"49745","class","FabricateInitItemData","1555","public class FabricateInitItemData : InfiniteScrollData // TypeDefIndex: 1555"
"49759","class","UIListitem_FabricateInitBlock","1556","public class UIListitem_FabricateInitBlock : InfiniteScrollItem // TypeDefIndex: 1556"
"49803","class","FabricateRecipeItemData","1557","public class FabricateRecipeItemData : InfiniteScrollData // TypeDefIndex: 1557"
"49816","class","UIListitem_FabricateRecipeInfo","1558","public class UIListitem_FabricateRecipeInfo : InfiniteScrollItem // TypeDefIndex: 1558"
"49836","class","UIListitem_GroupQuestInfo","1559","public class UIListitem_GroupQuestInfo : MonoBehaviour // TypeDefIndex: 1559"
"49863","class","UIListitem_MaidAIChatCard","1560","public class UIListitem_MaidAIChatCard : MonoBehaviour // TypeDefIndex: 1560"
"49916","class","UIListitem_MaidCard","1561","public class UIListitem_MaidCard : MonoBehaviour // TypeDefIndex: 1561"
"49991","class","UIListitem_MainRoomQuestGroup.","1562","private sealed class UIListitem_MainRoomQuestGroup.<>c // TypeDefIndex: 1562"
"50011","class","UIListitem_MainRoomQuestGroup.","1563","private sealed class UIListitem_MainRoomQuestGroup.<>c__DisplayClass45_0 // TypeDefIndex: 1563"
"50027","class","UIListitem_MainRoomQuestGroup.","1564","private sealed class UIListitem_MainRoomQuestGroup.<FinishAnim>d__40 : IEnumerator<object>, IEnumerator, IDisposable // TypeDefIndex: 1564"
"50069","class","UIListitem_MainRoomQuestGroup.","1565","private sealed class UIListitem_MainRoomQuestGroup.<LayoutRebuild>d__48 : IEnumerator<object>, IEnumerator, IDisposable // TypeDefIndex: 1565"
"50108","class","UIListitem_MainRoomQuestGroup.","1566","private sealed class UIListitem_MainRoomQuestGroup.<OnOffDialog>d__43 : IEnumerator<object>, IEnumerator, IDisposable // TypeDefIndex: 1566"
"50149","class","UIListitem_MainRoomQuestGroup","1567","public class UIListitem_MainRoomQuestGroup : MonoBehaviour // TypeDefIndex: 1567"
"50275","class","UIListitem_PhotoCard.PhotoCardLVObjectInfo","1568","private class UIListitem_PhotoCard.PhotoCardLVObjectInfo // TypeDefIndex: 1568"
"50288","class","UIListitem_PhotoCard","1569","public class UIListitem_PhotoCard : MonoBehaviour // TypeDefIndex: 1569"
"50322","class","UIListitem_PhotoCardSpine","1570","public class UIListitem_PhotoCardSpine : MonoBehaviour // TypeDefIndex: 1570"
"50347","class","UIListitem_ProduceParentInfo","1571","public class UIListitem_ProduceParentInfo : MonoBehaviour // TypeDefIndex: 1571"
"50385","class","UIListitem_QuestInfoGroup.","1572","private sealed class UIListitem_QuestInfoGroup.<RebuildLayout>d__28 : IEnumerator<object>, IEnumerator, IDisposable // TypeDefIndex: 1572"
"50423","class","UIListitem_QuestInfoGroup","1573","public class UIListitem_QuestInfoGroup : MonoBehaviour // TypeDefIndex: 1573"
"50501","class","UIListitem_QuestInfoItem","1574","public class UIListitem_QuestInfoItem : MonoBehaviour // TypeDefIndex: 1574"
"50523","class","UIListitem_RandomQuestInfoGroup","1575","public class UIListitem_RandomQuestInfoGroup : MonoBehaviour // TypeDefIndex: 1575"
"50545","class","UIListitem_RequestDormitory.","1576","private sealed class UIListitem_RequestDormitory.<LinquidMoveCo>d__20 : IEnumerator<object>, IEnumerator, IDisposable // TypeDefIndex: 1576"
"50583","class","UIListitem_RequestDormitory","1577","public class UIListitem_RequestDormitory : MonoBehaviour // TypeDefIndex: 1577"
"50638","class","UIListitem_RequestRewardItem","1578","public class UIListitem_RequestRewardItem : MonoBehaviour // TypeDefIndex: 1578"
"50673","class","UIListitem_SeriouslyMergeSkillItem","1579","public class UIListitem_SeriouslyMergeSkillItem : MonoBehaviour // TypeDefIndex: 1579"
"50715","class","UIListItem_MaidNoteGift","1580","public class UIListItem_MaidNoteGift : MonoBehaviour, IBeginDragHandler, IEventSystemHandler, IDragHandler, IEndDragHandler, IPointerDownHandler, IPointerUpHandler, IPointerClickHandler // TypeDefIndex: 1580"
"50812","class","UIListItem_MaidTeamEditor","1581","public class UIListItem_MaidTeamEditor : MonoBehaviour // TypeDefIndex: 1581"
"50827","class","UIListItem_PresetBtn","1582","public class UIListItem_PresetBtn : MonoBehaviour // TypeDefIndex: 1582"
"50849","class","UIListitem_CostumeChangeBtn","1583","public class UIListitem_CostumeChangeBtn : MonoBehaviour // TypeDefIndex: 1583"
"50902","enum","InGameResItemStatus","1584","public enum InGameResItemStatus // TypeDefIndex: 1584"
"50915","class","UIListitem_InGameResItem","1585","public class UIListitem_InGameResItem : MonoBehaviour // TypeDefIndex: 1585"
"50991","class","UIListitem_MaidAlbumGroup","1586","public class UIListitem_MaidAlbumGroup : MonoBehaviour // TypeDefIndex: 1586"
"51055","class","UIListitem_MaidAlbumItem","1587","public class UIListitem_MaidAlbumItem : MonoBehaviour // TypeDefIndex: 1587"
"51079","class","UIListitem_MaidFormation","1588","public class UIListitem_MaidFormation : MonoBehaviour // TypeDefIndex: 1588"
"51133","class","UIListitem_RemodelingRoomGroup","1589","public class UIListitem_RemodelingRoomGroup : MonoBehaviour // TypeDefIndex: 1589"
"51181","class","UIListitem_TeamFormationNpc","1590","public class UIListitem_TeamFormationNpc : MonoBehaviour // TypeDefIndex: 1590"
"51232","class","UIMaidNote_Album","1591","public class UIMaidNote_Album : MonoBehaviour // TypeDefIndex: 1591"
"51266","class","UIMaidNote_Collection.","1592","private sealed class UIMaidNote_Collection.<>c__DisplayClass40_0 // TypeDefIndex: 1592"
"51283","class","UIMaidNote_Collection.","1593","private sealed class UIMaidNote_Collection.<>c__DisplayClass41_0 // TypeDefIndex: 1593"
"51299","class","UIMaidNote_Collection","1594","public class UIMaidNote_Collection : MonoBehaviour // TypeDefIndex: 1594"
"51469","class","UIMaidNote_Customer","1595","public class UIMaidNote_Customer : MonoBehaviour // TypeDefIndex: 1595"
"51554","class","UIMaidNote_Remodeling","1596","public class UIMaidNote_Remodeling : MonoBehaviour // TypeDefIndex: 1596"
"51605","class","UIMaidNote_StoryReplay.","1597","private sealed class UIMaidNote_StoryReplay.<>c // TypeDefIndex: 1597"
"51625","struct","UIMaidNote_StoryReplay.","1598","private struct UIMaidNote_StoryReplay.<>c__DisplayClass31_0 // TypeDefIndex: 1598"
"51633","class","UIMaidNote_StoryReplay.","1599","private sealed class UIMaidNote_StoryReplay.<>c__DisplayClass32_0 // TypeDefIndex: 1599"
"51653","struct","UIMaidNote_StoryReplay.","1600","private struct UIMaidNote_StoryReplay.<>c__DisplayClass33_0 // TypeDefIndex: 1600"
"51661","struct","UIMaidNote_StoryReplay.","1601","private struct UIMaidNote_StoryReplay.<>c__DisplayClass49_0 // TypeDefIndex: 1601"
"51668","class","UIMaidNote_StoryReplay","1602","public class UIMaidNote_StoryReplay : MonoBehaviour // TypeDefIndex: 1602"
"51806","class","MemoryCardSkillUI","1603","public class MemoryCardSkillUI // TypeDefIndex: 1603"
"51823","class","UIMaidNote_TeamFormation.","1604","private sealed class UIMaidNote_TeamFormation.<>c__DisplayClass34_0 // TypeDefIndex: 1604"
"51839","class","UIMaidNote_TeamFormation","1605","public class UIMaidNote_TeamFormation : MonoBehaviour // TypeDefIndex: 1605"
"52029","class","UIListItem_LevelStars","1606","public class UIListItem_LevelStars : MonoBehaviour // TypeDefIndex: 1606"
"52072","class","UIListItem_MemoryCardChanceInfo","1607","public class UIListItem_MemoryCardChanceInfo : MonoBehaviour // TypeDefIndex: 1607"
"52090","class","UIListItem_MemoryCardShop","1608","public class UIListItem_MemoryCardShop : MonoBehaviour // TypeDefIndex: 1608"
"52152","class","UIListItem_MemoryCardShop_Normal","1609","public class UIListItem_MemoryCardShop_Normal : MonoBehaviour // TypeDefIndex: 1609"
"52179","class","MemoryCardTabButton","1610","public class MemoryCardTabButton : MonoBehaviour // TypeDefIndex: 1610"
"52198","class","UIListItem_TeamFormation_MemoryCardSlot.","1611","private sealed class UIListItem_TeamFormation_MemoryCardSlot.<>c__DisplayClass34_0 // TypeDefIndex: 1611"
"52213","class","UIListItem_TeamFormation_MemoryCardSlot","1612","public class UIListItem_TeamFormation_MemoryCardSlot : MonoBehaviour // TypeDefIndex: 1612"
"52321","class","UIListitem_CumulativeReward","1613","public class UIListitem_CumulativeReward : MonoBehaviour // TypeDefIndex: 1613"
"52378","class","UIListitem_MiniGame_BloodWorm.","1616","private sealed class UIListitem_MiniGame_BloodWorm.<StartCounting>d__39 : IEnumerator<object>, IEnumerator, IDisposable // TypeDefIndex: 1616"
"52418","class","UIListitem_MiniGame_BloodWorm","1617","public class UIListitem_MiniGame_BloodWorm : MonoBehaviour // TypeDefIndex: 1617"
"52534","class","UIListitem_MiniGame_BloodWormTarget.","1619","private sealed class UIListitem_MiniGame_BloodWormTarget.<MoveCatched>d__17 : IEnumerator<object>, IEnumerator, IDisposable // TypeDefIndex: 1619"
"52576","class","UIListitem_MiniGame_BloodWormTarget.","1620","private sealed class UIListitem_MiniGame_BloodWormTarget.<MoveTarget>d__16 : IEnumerator<object>, IEnumerator, IDisposable // TypeDefIndex: 1620"
"52617","class","UIListitem_MiniGame_BloodWormTarget","1621","public class UIListitem_MiniGame_BloodWormTarget : MonoBehaviour // TypeDefIndex: 1621"
"52678","class","UIListitem_MiniGame_PuddingJump.","1623","private sealed class UIListitem_MiniGame_PuddingJump.<StartCounting>d__62 : IEnumerator<object>, IEnumerator, IDisposable // TypeDefIndex: 1623"
"52719","class","UIListitem_MiniGame_PuddingJump.","1624","private sealed class UIListitem_MiniGame_PuddingJump.<StartScrollMove>d__67 : IEnumerator<object>, IEnumerator, IDisposable // TypeDefIndex: 1624"
"52761","class","UIListitem_MiniGame_PuddingJump.","1625","private sealed class UIListitem_MiniGame_PuddingJump.<WarningObjectInstance>d__65 : IEnumerator<object>, IEnumerator, IDisposable // TypeDefIndex: 1625"
"52802","class","UIListitem_MiniGame_PuddingJump","1626","public class UIListitem_MiniGame_PuddingJump : MonoBehaviour // TypeDefIndex: 1626"
"52981","class","UIListitem_MiniGame_VendingMachine.","1627","private sealed class UIListitem_MiniGame_VendingMachine.<StartOnTarget>d__42 : IEnumerator<object>, IEnumerator, IDisposable // TypeDefIndex: 1627"
"53022","class","UIListitem_MiniGame_VendingMachine.","1628","private sealed class UIListitem_MiniGame_VendingMachine.<StartReplayRoundAnim>d__48 : IEnumerator<object>, IEnumerator, IDisposable // TypeDefIndex: 1628"
"53063","class","UIListitem_MiniGame_VendingMachine","1629","public class UIListitem_MiniGame_VendingMachine : MonoBehaviour // TypeDefIndex: 1629"
"53221","class","UIListitem_MiniGame_VendingMachineTarget","1632","public class UIListitem_MiniGame_VendingMachineTarget : MonoBehaviour // TypeDefIndex: 1632"
"53259","class","UIListitem_PuddingJump_Char","1633","public class UIListitem_PuddingJump_Char : MonoBehaviour // TypeDefIndex: 1633"
"53345","class","UIListitem_PuddingJump_Pudding.","1635","private sealed class UIListitem_PuddingJump_Pudding.<>c // TypeDefIndex: 1635"
"53365","class","UIListitem_PuddingJump_Pudding.","1636","private sealed class UIListitem_PuddingJump_Pudding.<CheckPuddingType>d__18 : IEnumerator<object>, IEnumerator, IDisposable // TypeDefIndex: 1636"
"53405","class","UIListitem_PuddingJump_Pudding.","1637","private sealed class UIListitem_PuddingJump_Pudding.<MovePudding>d__19 : IEnumerator<object>, IEnumerator, IDisposable // TypeDefIndex: 1637"
"53447","class","UIListitem_PuddingJump_Pudding.","1638","private sealed class UIListitem_PuddingJump_Pudding.<MoveSpoon>d__20 : IEnumerator<object>, IEnumerator, IDisposable // TypeDefIndex: 1638"
"53488","class","UIListitem_PuddingJump_Pudding","1639","public class UIListitem_PuddingJump_Pudding : MonoBehaviour // TypeDefIndex: 1639"
"53543","class","UIListItem_ChooseDormitory.","1640","private sealed class UIListItem_ChooseDormitory.<ScaleAnimation>d__14 : IEnumerator<object>, IEnumerator, IDisposable // TypeDefIndex: 1640"
"53584","class","UIListItem_ChooseDormitory","1641","public class UIListItem_ChooseDormitory : MonoBehaviour // TypeDefIndex: 1641"
"53635","class","UIListItem_Language","1642","public class UIListItem_Language : MonoBehaviour // TypeDefIndex: 1642"
"53661","class","UIListItem_CardPackTierRate","1643","public class UIListItem_CardPackTierRate : MonoBehaviour // TypeDefIndex: 1643"
"53680","class","UIListItem_HighKuji_RankReward","1644","public class UIListItem_HighKuji_RankReward : MonoBehaviour // TypeDefIndex: 1644"
"53721","class","UIListItem_HighKuji_RateItem","1645","public class UIListItem_HighKuji_RateItem : MonoBehaviour // TypeDefIndex: 1645"
"53742","class","UIListItem_HighKuji_ResultTicket","1646","public class UIListItem_HighKuji_ResultTicket : MonoBehaviour // TypeDefIndex: 1646"
"53760","class","UIListItem_HighKuji_Select","1647","public class UIListItem_HighKuji_Select : MonoBehaviour // TypeDefIndex: 1647"
"53809","class","UIListItem_HighKuji_TicketCount","1648","public class UIListItem_HighKuji_TicketCount : MonoBehaviour // TypeDefIndex: 1648"
"53826","class","UIListItem_MemoryTicketExchangeShop.","1649","private sealed class UIListItem_MemoryTicketExchangeShop.<>c__DisplayClass2_0 // TypeDefIndex: 1649"
"53842","class","UIListItem_MemoryTicketExchangeShop","1650","public class UIListItem_MemoryTicketExchangeShop : UIListItem_ShopBase // TypeDefIndex: 1650"
"53891","class","UIListItem_PackageIcon_CardPack","1651","public class UIListItem_PackageIcon_CardPack : UIListitem_PackageIconBase // TypeDefIndex: 1651"
"53912","class","UIListItem_RouletteSlot","1652","public class UIListItem_RouletteSlot : MonoBehaviour // TypeDefIndex: 1652"
"53938","class","UIListItem_Roulette_RateItem","1653","public class UIListItem_Roulette_RateItem : MonoBehaviour // TypeDefIndex: 1653"
"53959","class","UIListItem_ShopBase","1654","public abstract class UIListItem_ShopBase : MonoBehaviour // TypeDefIndex: 1654"
"54016","class","UIListItem_ShopBlock","1655","public class UIListItem_ShopBlock : UIListItem_ShopBase // TypeDefIndex: 1655"
"54056","class","UIListItem_Currency.","1656","private sealed class UIListItem_Currency.<>c__DisplayClass10_0 // TypeDefIndex: 1656"
"54073","class","UIListItem_Currency.","1657","private sealed class UIListItem_Currency.<>c__DisplayClass11_0 // TypeDefIndex: 1657"
"54090","class","UIListItem_Currency.","1658","private sealed class UIListItem_Currency.<>c__DisplayClass17_0 // TypeDefIndex: 1658"
"54106","class","UIListItem_Currency","1659","public class UIListItem_Currency : UIListItem_ShopBase // TypeDefIndex: 1659"
"54185","class","UIListItem_ShopDaily.","1660","private sealed class UIListItem_ShopDaily.<>c__DisplayClass6_0 // TypeDefIndex: 1660"
"54202","class","UIListItem_ShopDaily.","1661","private sealed class UIListItem_ShopDaily.<>c__DisplayClass9_0 // TypeDefIndex: 1661"
"54218","class","UIListItem_ShopDaily","1662","public class UIListItem_ShopDaily : UIListItem_ShopBase // TypeDefIndex: 1662"
"54266","class","UIListItem_ShopNormal.","1663","private sealed class UIListItem_ShopNormal.<>c__DisplayClass20_0 // TypeDefIndex: 1663"
"54283","class","UIListItem_ShopNormal.","1664","private sealed class UIListItem_ShopNormal.<>c__DisplayClass21_0 // TypeDefIndex: 1664"
"54300","class","UIListItem_ShopNormal.","1665","private sealed class UIListItem_ShopNormal.<>c__DisplayClass23_0 // TypeDefIndex: 1665"
"54316","class","UIListItem_ShopNormal","1666","public class UIListItem_ShopNormal : MonoBehaviour // TypeDefIndex: 1666"
"54414","class","UIListItem_ShopTitleBlock.","1667","private sealed class UIListItem_ShopTitleBlock.<DelayedRefresh>d__7 : IEnumerator<object>, IEnumerator, IDisposable // TypeDefIndex: 1667"
"54452","class","UIListItem_ShopTitleBlock","1668","public class UIListItem_ShopTitleBlock : MonoBehaviour // TypeDefIndex: 1668"
"54488","class","UIListItem_ShopTitleDaily.","1669","private sealed class UIListItem_ShopTitleDaily.<DelayedRefresh>d__8 : IEnumerator<object>, IEnumerator, IDisposable // TypeDefIndex: 1669"
"54526","class","UIListItem_ShopTitleDaily","1670","public class UIListItem_ShopTitleDaily : MonoBehaviour // TypeDefIndex: 1670"
"54561","class","UIListItem_ShopTitleMemoryTicket.","1671","private sealed class UIListItem_ShopTitleMemoryTicket.<DelayedRefresh>d__8 : IEnumerator<object>, IEnumerator, IDisposable // TypeDefIndex: 1671"
"54599","class","UIListItem_ShopTitleMemoryTicket","1672","public class UIListItem_ShopTitleMemoryTicket : MonoBehaviour // TypeDefIndex: 1672"
"54633","class","UIListitem_GemJarPackage","1673","public class UIListitem_GemJarPackage : MonoBehaviour // TypeDefIndex: 1673"
"54671","class","UIListitem_GemjarProgress","1674","public class UIListitem_GemjarProgress : MonoBehaviour // TypeDefIndex: 1674"
"54720","class","UIListitem_Package.","1675","private sealed class UIListitem_Package.<>c // TypeDefIndex: 1675"
"54739","class","UIListitem_Package","1676","public class UIListitem_Package : MonoBehaviour // TypeDefIndex: 1676"
"54803","class","UIListitem_PackageIconBase","1677","public class UIListitem_PackageIconBase : MonoBehaviour // TypeDefIndex: 1677"
"54844","class","UIListitem_PackageIcon_Costume","1678","public class UIListitem_PackageIcon_Costume : UIListitem_PackageIconBase // TypeDefIndex: 1678"
"54860","class","UIListitem_PackageIcon_SeasonPass","1679","public class UIListitem_PackageIcon_SeasonPass : UIListitem_PackageIconBase // TypeDefIndex: 1679"
"54882","class","UIListitem_ShopCostume.","1680","private sealed class UIListitem_ShopCostume.<DelaySetting>d__24 : IEnumerator<object>, IEnumerator, IDisposable // TypeDefIndex: 1680"
"54920","class","UIListitem_ShopCostume","1681","public class UIListitem_ShopCostume : MonoBehaviour // TypeDefIndex: 1681"
"55007","class","UIListitem_ShopCostumeItem","1682","public class UIListitem_ShopCostumeItem : MonoBehaviour // TypeDefIndex: 1682"
"55058","class","UIListitem_ShopHighKujiTicket.","1683","private sealed class UIListitem_ShopHighKujiTicket.<>c // TypeDefIndex: 1683"
"55078","class","UIListitem_ShopHighKujiTicket.","1684","private sealed class UIListitem_ShopHighKujiTicket.<>c__DisplayClass18_0 // TypeDefIndex: 1684"
"55094","class","UIListitem_ShopHighKujiTicket","1685","public class UIListitem_ShopHighKujiTicket : MonoBehaviour // TypeDefIndex: 1685"
"55154","class","UIListitem_ShopHighKujiTicketGroup","1686","public class UIListitem_ShopHighKujiTicketGroup : MonoBehaviour // TypeDefIndex: 1686"
"55202","class","UIListitem_ShopMaidGift","1687","public class UIListitem_ShopMaidGift : UIListItem_ShopBase // TypeDefIndex: 1687"
"55244","class","UIListitem_ShopMemoryTicket","1688","public class UIListitem_ShopMemoryTicket : MonoBehaviour // TypeDefIndex: 1688"
"55264","class","UIListitem_ShopMemoryTicketItem","1689","public class UIListitem_ShopMemoryTicketItem : MonoBehaviour // TypeDefIndex: 1689"
"55299","class","UIListitem_ShopSummerFestival.","1690","private sealed class UIListitem_ShopSummerFestival.<>c // TypeDefIndex: 1690"
"55319","class","UIListitem_ShopSummerFestival.","1691","private sealed class UIListitem_ShopSummerFestival.<>c__DisplayClass2_0 // TypeDefIndex: 1691"
"55335","class","UIListitem_ShopSummerFestival","1692","public class UIListitem_ShopSummerFestival : UIListItem_ShopBase // TypeDefIndex: 1692"
"55375","class","UIListitem_ShopTitleMaidGift.","1693","private sealed class UIListitem_ShopTitleMaidGift.<DelayedRefresh>d__7 : IEnumerator<object>, IEnumerator, IDisposable // TypeDefIndex: 1693"
"55413","class","UIListitem_ShopTitleMaidGift","1694","public class UIListitem_ShopTitleMaidGift : MonoBehaviour // TypeDefIndex: 1694"
"55448","class","UIListitem_SpecialBlockPackageQuest","1695","public class UIListitem_SpecialBlockPackageQuest : MonoBehaviour // TypeDefIndex: 1695"
"55465","class","UIListItem_StoryDialog.","1696","private sealed class UIListItem_StoryDialog.<Shake>d__33 : IEnumerator<object>, IEnumerator, IDisposable // TypeDefIndex: 1696"
"55505","class","UIListItem_StoryDialog.","1697","private sealed class UIListItem_StoryDialog.<ShowDialog>d__31 : IEnumerator<object>, IEnumerator, IDisposable // TypeDefIndex: 1697"
"55548","class","UIListItem_StoryDialog","1698","public class UIListItem_StoryDialog : MonoBehaviour // TypeDefIndex: 1698"
"55634","class","UIListItem_StoryStartQuest","1699","public class UIListItem_StoryStartQuest : MonoBehaviour // TypeDefIndex: 1699"
"55663","struct","BGFadeInfo","1700","public struct BGFadeInfo // TypeDefIndex: 1700"
"55674","struct","BGFadeTweenInfo","1701","public struct BGFadeTweenInfo // TypeDefIndex: 1701"
"55683","class","UIListitem_StoryBG.","1702","private sealed class UIListitem_StoryBG.<>c__DisplayClass30_0 // TypeDefIndex: 1702"
"55700","class","UIListitem_StoryBG.","1703","private sealed class UIListitem_StoryBG.<>c__DisplayClass32_0 // TypeDefIndex: 1703"
"55717","class","UIListitem_StoryBG.","1704","private sealed class UIListitem_StoryBG.<>c__DisplayClass34_0 // TypeDefIndex: 1704"
"55733","class","UIListitem_StoryBG.","1705","private sealed class UIListitem_StoryBG.<Shake>d__33 : IEnumerator<object>, IEnumerator, IDisposable // TypeDefIndex: 1705"
"55773","class","UIListitem_StoryBG","1706","public class UIListitem_StoryBG : MonoBehaviour // TypeDefIndex: 1706"
"55865","class","StoryBGItemInfo","1707","public class StoryBGItemInfo // TypeDefIndex: 1707"
"55881","class","UIListitem_StoryBGItem.","1708","private sealed class UIListitem_StoryBGItem.<>c__DisplayClass4_0 // TypeDefIndex: 1708"
"55896","class","UIListitem_StoryBGItem","1709","public class UIListitem_StoryBGItem : MonoBehaviour // TypeDefIndex: 1709"
"55948","class","UIListitem_StoryCharGroup.","1712","private sealed class UIListitem_StoryCharGroup.<>c__DisplayClass16_0 // TypeDefIndex: 1712"
"55978","class","UIListitem_StoryCharGroup.","1713","private sealed class UIListitem_StoryCharGroup.<>c__DisplayClass16_1 // TypeDefIndex: 1713"
"55995","class","UIListitem_StoryCharGroup.","1714","private sealed class UIListitem_StoryCharGroup.<>c__DisplayClass19_0 // TypeDefIndex: 1714"
"56010","class","UIListitem_StoryCharGroup","1715","public class UIListitem_StoryCharGroup : MonoBehaviour // TypeDefIndex: 1715"
"56100","class","UIListitem_StoryCharInfo.","1718","private sealed class UIListitem_StoryCharInfo.<>c__DisplayClass28_0 // TypeDefIndex: 1718"
"56120","class","UIListitem_StoryCharInfo.","1719","private sealed class UIListitem_StoryCharInfo.<>c__DisplayClass32_0 // TypeDefIndex: 1719"
"56141","class","UIListitem_StoryCharInfo.","1720","private sealed class UIListitem_StoryCharInfo.<SetEnterColorTween>d__35 : IEnumerator<object>, IEnumerator, IDisposable // TypeDefIndex: 1720"
"56181","class","UIListitem_StoryCharInfo.","1721","private sealed class UIListitem_StoryCharInfo.<SetExitColorTween>d__36 : IEnumerator<object>, IEnumerator, IDisposable // TypeDefIndex: 1721"
"56220","class","UIListitem_StoryCharInfo","1722","public class UIListitem_StoryCharInfo : MonoBehaviour // TypeDefIndex: 1722"
"56329","class","UIListitem_StoryLog.","1723","private sealed class UIListitem_StoryLog.<RebuildLayout>d__6 : IEnumerator<object>, IEnumerator, IDisposable // TypeDefIndex: 1723"
"56367","class","UIListitem_StoryLog","1724","public class UIListitem_StoryLog : MonoBehaviour // TypeDefIndex: 1724"
"56395","class","UIListitem_StoryLogItem","1725","public class UIListitem_StoryLogItem : MonoBehaviour // TypeDefIndex: 1725"
"56422","class","UIListitem_StoryPopupImage.","1726","private sealed class UIListitem_StoryPopupImage.<>c__DisplayClass4_0 // TypeDefIndex: 1726"
"56438","class","UIListitem_StoryPopupImage","1727","public class UIListitem_StoryPopupImage : MonoBehaviour // TypeDefIndex: 1727"
"56464","class","UIListitem_StorySelectBtn","1728","public class UIListitem_StorySelectBtn : MonoBehaviour // TypeDefIndex: 1728"
"56492","class","UIListitem_StorySelectBtnItem","1729","public class UIListitem_StorySelectBtnItem : MonoBehaviour // TypeDefIndex: 1729"
"56523","class","UIListitem_StorySummary.","1730","private sealed class UIListitem_StorySummary.<>c // TypeDefIndex: 1730"
"56542","class","UIListitem_StorySummary","1731","public class UIListitem_StorySummary : MonoBehaviour // TypeDefIndex: 1731"
"56591","class","UILIstitem_WorkLogReward","1732","public class UILIstitem_WorkLogReward : MonoBehaviour // TypeDefIndex: 1732"
"56625","class","UIListItem_BoxReward.","1733","private sealed class UIListItem_BoxReward.<>c__DisplayClass4_0 // TypeDefIndex: 1733"
"56642","class","UIListItem_BoxReward.","1734","private sealed class UIListItem_BoxReward.<>c__DisplayClass4_1 // TypeDefIndex: 1734"
"56658","class","UIListItem_BoxReward","1735","public class UIListItem_BoxReward : MonoBehaviour // TypeDefIndex: 1735"
"56692","class","UIListItem_Collectible","1736","public class UIListItem_Collectible : MonoBehaviour // TypeDefIndex: 1736"
"56728","class","BlockCollectionItemData","1737","public class BlockCollectionItemData : InfiniteScrollData // TypeDefIndex: 1737"
"56743","class","UIListItem_Collection","1738","public class UIListItem_Collection : InfiniteScrollItem // TypeDefIndex: 1738"
"56806","class","UIListItem_CollectionCustomerSeq","1739","public class UIListItem_CollectionCustomerSeq : MonoBehaviour // TypeDefIndex: 1739"
"56856","class","UIListItem_CollectionFurnitrueSeq","1740","public class UIListItem_CollectionFurnitrueSeq : MonoBehaviour // TypeDefIndex: 1740"
"56882","class","UIListItem_CouponCard","1741","public class UIListItem_CouponCard : MonoBehaviour // TypeDefIndex: 1741"
"56905","class","UIListItem_EventSlotReward","1742","public class UIListItem_EventSlotReward : MonoBehaviour // TypeDefIndex: 1742"
"56932","class","UIListItem_GoldenWorm.","1743","private sealed class UIListItem_GoldenWorm.<>c // TypeDefIndex: 1743"
"56952","class","UIListItem_GoldenWorm.","1744","private sealed class UIListItem_GoldenWorm.<>c__DisplayClass26_0 // TypeDefIndex: 1744"
"56967","class","UIListItem_GoldenWorm","1745","public class UIListItem_GoldenWorm : MonoBehaviour // TypeDefIndex: 1745"
"57064","class","UIListItem_InvenSlot_Block","1746","public class UIListItem_InvenSlot_Block : MonoBehaviour // TypeDefIndex: 1746"
"57156","class","UIListItem_InvenSlot_ProduceBlock","1747","public class UIListItem_InvenSlot_ProduceBlock : MonoBehaviour // TypeDefIndex: 1747"
"57226","class","UIListItem_MaidSelect","1748","public class UIListItem_MaidSelect : MonoBehaviour // TypeDefIndex: 1748"
"57277","class","UIListItem_MaidSelectBox","1749","public class UIListItem_MaidSelectBox : MonoBehaviour // TypeDefIndex: 1749"
"57329","struct","UIListItem_MemoryArchiveCard.","1750","private struct UIListItem_MemoryArchiveCard.<ApplyPreviewImageAsync>d__12 : IAsyncStateMachine // TypeDefIndex: 1750"
"57349","class","UIListItem_MemoryArchiveCard","1751","public class UIListItem_MemoryArchiveCard : MonoBehaviour // TypeDefIndex: 1751"
"57407","class","UIListItem_MemoryCard.","1752","private sealed class UIListItem_MemoryCard.<CoDelayShowDetailsFallback>d__48 : IEnumerator<object>, IEnumerator, IDisposable // TypeDefIndex: 1752"
"57445","class","UIListItem_MemoryCard","1753","public class UIListItem_MemoryCard : MonoBehaviour // TypeDefIndex: 1753"
"57604","class","UIListItem_MemoryCard_Gallery","1754","public class UIListItem_MemoryCard_Gallery : InfiniteScrollItem // TypeDefIndex: 1754"
"57666","class","UIListItem_Notice","1755","public class UIListItem_Notice : UIListItem_NoticeBase // TypeDefIndex: 1755"
"57682","class","UIListItem_NoticeAds","1756","public class UIListItem_NoticeAds : UIListItem_NoticeBase // TypeDefIndex: 1756"
"57707","class","UIListItem_NoticeBase","1757","public abstract class UIListItem_NoticeBase : MonoBehaviour // TypeDefIndex: 1757"
"57765","class","UIListItem_Notice_Sns.","1758","private sealed class UIListItem_Notice_Sns.<CheckExternalTaskCompetion>d__11 : IEnumerator<object>, IEnumerator, IDisposable // TypeDefIndex: 1758"
"57804","class","UIListItem_Notice_Sns","1759","public class UIListItem_Notice_Sns : MonoBehaviour // TypeDefIndex: 1759"
"57853","class","UIListItem_NotificationText","1760","public class UIListItem_NotificationText : MonoBehaviour // TypeDefIndex: 1760"
"57876","class","UIListItem_PuddingReward","1761","public class UIListItem_PuddingReward : MonoBehaviour // TypeDefIndex: 1761"
"57906","class","UIListItem_RoomFurnitrueSeq.","1762","private sealed class UIListItem_RoomFurnitrueSeq.<>c // TypeDefIndex: 1762"
"57930","class","UIListItem_RoomFurnitrueSeq.","1763","private sealed class UIListItem_RoomFurnitrueSeq.<>c__DisplayClass13_0 // TypeDefIndex: 1763"
"57950","class","UIListItem_RoomFurnitrueSeq","1764","public class UIListItem_RoomFurnitrueSeq : MonoBehaviour // TypeDefIndex: 1764"
"57994","class","UIListItem_TabSlot_Collection","1765","public class UIListItem_TabSlot_Collection : MonoBehaviour // TypeDefIndex: 1765"
"58037","class","UIListItem_VideoBonus","1766","public class UIListItem_VideoBonus : UIListItem_BoxReward // TypeDefIndex: 1766"
"58060","class","UIListItem_WorkLog_DayTab","1767","public class UIListItem_WorkLog_DayTab : MonoBehaviour // TypeDefIndex: 1767"
"58110","class","UIListItem_WorkLog_InGame","1768","public class UIListItem_WorkLog_InGame : MonoBehaviour // TypeDefIndex: 1768"
"58150","class","UIListitem_AttendanceDaily.","1769","private sealed class UIListitem_AttendanceDaily.<>c // TypeDefIndex: 1769"
"58170","class","UIListitem_AttendanceDaily.","1770","private sealed class UIListitem_AttendanceDaily.<GiftGetAnim>d__17 : IEnumerator<object>, IEnumerator, IDisposable // TypeDefIndex: 1770"
"58208","class","UIListitem_AttendanceDaily","1771","public class UIListitem_AttendanceDaily : MonoBehaviour // TypeDefIndex: 1771"
"58255","class","UIListitem_Attendance_Day7.","1772","private sealed class UIListitem_Attendance_Day7.<ScrollMove>d__5 : IEnumerator<object>, IEnumerator, IDisposable // TypeDefIndex: 1772"
"58294","class","UIListitem_Attendance_Day7","1773","public class UIListitem_Attendance_Day7 : UIListitem_AttendanceDaily // TypeDefIndex: 1773"
"58319","class","UIListitem_BenefitMore","1774","public class UIListitem_BenefitMore : MonoBehaviour // TypeDefIndex: 1774"
"58361","class","UIListitem_BenefitSale","1775","public class UIListitem_BenefitSale : MonoBehaviour // TypeDefIndex: 1775"
"58403","class","CollectionCategoryitemData","1776","public class CollectionCategoryitemData : InfiniteScrollData // TypeDefIndex: 1776"
"58422","class","UIListitem_CollectionCategory","1777","public class UIListitem_CollectionCategory : InfiniteScrollItem // TypeDefIndex: 1777"
"58488","class","UIListitem_DailyMission","1778","public class UIListitem_DailyMission : MonoBehaviour // TypeDefIndex: 1778"
"58497","class","UIListitem_EnergyBottle","1779","public class UIListitem_EnergyBottle : MonoBehaviour // TypeDefIndex: 1779"
"58531","class","UIListitem_LevelPassReward","1780","public class UIListitem_LevelPassReward : InfiniteScrollItem // TypeDefIndex: 1780"
"58587","class","UIListitem_LikeReward_Customer","1781","public class UIListitem_LikeReward_Customer : MonoBehaviour // TypeDefIndex: 1781"
"58643","class","UIListitem_MaidCouponSelect","1782","public class UIListitem_MaidCouponSelect : MonoBehaviour // TypeDefIndex: 1782"
"58695","class","UIListitem_MaidReward","1783","public class UIListitem_MaidReward : MonoBehaviour // TypeDefIndex: 1783"
"58755","class","UIListitem_MateRaceTrack.","1784","private sealed class UIListitem_MateRaceTrack.<SliderAnim>d__8 : IEnumerator<object>, IEnumerator, IDisposable // TypeDefIndex: 1784"
"58798","class","UIListitem_MateRaceTrack","1785","public class UIListitem_MateRaceTrack : MonoBehaviour // TypeDefIndex: 1785"
"58838","class","UIListitem_MemoryCard_SkillGroup","1786","public class UIListitem_MemoryCard_SkillGroup : InfiniteScrollItem // TypeDefIndex: 1786"
"58871","class","UIListitem_ProfileFrameChange","1787","public class UIListitem_ProfileFrameChange : InfiniteScrollItem // TypeDefIndex: 1787"
"58915","class","UIListitem_RewardItem.","1788","private sealed class UIListitem_RewardItem.<>c__DisplayClass11_0 // TypeDefIndex: 1788"
"58935","class","UIListitem_RewardItem.","1789","private sealed class UIListitem_RewardItem.<>c__DisplayClass11_1 // TypeDefIndex: 1789"
"58951","class","UIListitem_RewardItem","1790","public class UIListitem_RewardItem : MonoBehaviour // TypeDefIndex: 1790"
"59008","class","UIListitem_RewardItem_Event","1791","public class UIListitem_RewardItem_Event : UIListitem_RewardItem // TypeDefIndex: 1791"
"59032","class","UIListitem_RewardItem_Npc","1792","public class UIListitem_RewardItem_Npc : MonoBehaviour // TypeDefIndex: 1792"
"59049","class","UIListitem_RewardMaidCoin.","1793","private sealed class UIListitem_RewardMaidCoin.<OnSetGage>d__9 : IEnumerator<object>, IEnumerator, IDisposable // TypeDefIndex: 1793"
"59089","class","UIListitem_RewardMaidCoin","1794","public class UIListitem_RewardMaidCoin : MonoBehaviour // TypeDefIndex: 1794"
"59119","class","UIListitem_RewardUserProfile","1795","public class UIListitem_RewardUserProfile : MonoBehaviour // TypeDefIndex: 1795"
"59139","class","UIListitem_RoomFurniture","1796","public class UIListitem_RoomFurniture : MonoBehaviour // TypeDefIndex: 1796"
"59174","class","UIListitem_SpecialAttendanceDayItem.","1797","private sealed class UIListitem_SpecialAttendanceDayItem.<>c // TypeDefIndex: 1797"
"59198","class","UIListitem_SpecialAttendanceDayItem.","1798","private sealed class UIListitem_SpecialAttendanceDayItem.<StartGetRewardAnim>d__6 : IEnumerator<object>, IEnumerator, IDisposable // TypeDefIndex: 1798"
"59237","class","UIListitem_SpecialAttendanceDayItem","1799","public class UIListitem_SpecialAttendanceDayItem : MonoBehaviour // TypeDefIndex: 1799"
"59264","class","UIListitem_StoryReplayChapter","1800","public class UIListitem_StoryReplayChapter : MonoBehaviour // TypeDefIndex: 1800"
"59315","class","UIListitem_StoryReplayChapter_Customer","1801","public class UIListitem_StoryReplayChapter_Customer : MonoBehaviour // TypeDefIndex: 1801"
"59366","class","UIListitem_StoryReplayChapter_EchoArchive","1802","public class UIListitem_StoryReplayChapter_EchoArchive : MonoBehaviour // TypeDefIndex: 1802"
"59421","class","UIListitem_StoryReplayChapter_Event","1803","public class UIListitem_StoryReplayChapter_Event : MonoBehaviour // TypeDefIndex: 1803"
"59472","class","UIListitem_StoryReplayItem","1804","public class UIListitem_StoryReplayItem : MonoBehaviour // TypeDefIndex: 1804"
"59532","class","UIListitem_StoryReplayItem_Customer","1805","public class UIListitem_StoryReplayItem_Customer : MonoBehaviour // TypeDefIndex: 1805"
"59559","class","UIListitem_TabSlot_StoryReplay","1806","public class UIListitem_TabSlot_StoryReplay : MonoBehaviour // TypeDefIndex: 1806"
"59592","class","UIListitem_UserProfileIconChange","1807","public class UIListitem_UserProfileIconChange : InfiniteScrollItem // TypeDefIndex: 1807"
"59635","class","UIListitem_UserProfillFramChange","1808","public class UIListitem_UserProfillFramChange : MonoBehaviour // TypeDefIndex: 1808"
"59664","struct","UIListitem_VillageBuild.BtnData","1810","public struct UIListitem_VillageBuild.BtnData // TypeDefIndex: 1810"
"59673","class","UIListitem_VillageBuild.","1811","private sealed class UIListitem_VillageBuild.<>c__DisplayClass14_0 // TypeDefIndex: 1811"
"59691","class","UIListitem_VillageBuild.","1812","private sealed class UIListitem_VillageBuild.<>c__DisplayClass19_0 // TypeDefIndex: 1812"
"59706","class","UIListitem_VillageBuild","1813","public class UIListitem_VillageBuild : MonoBehaviour // TypeDefIndex: 1813"
"59769","class","UIListitem_WhiteDayPipe","1814","public class UIListitem_WhiteDayPipe : MonoBehaviour // TypeDefIndex: 1814"
"59799","class","UIListitem_WorkLogMission","1815","public class UIListitem_WorkLogMission : MonoBehaviour // TypeDefIndex: 1815"
"59845","enum","UIRewardBlockGet.BlockRewardGetType","1816","public enum UIRewardBlockGet.BlockRewardGetType // TypeDefIndex: 1816"
"59860","class","UIRewardBlockGet.","1817","private sealed class UIRewardBlockGet.<UpdateEffect>d__57 : IEnumerator<object>, IEnumerator, IDisposable // TypeDefIndex: 1817"
"59898","class","UIRewardBlockGet","1818","public class UIRewardBlockGet : MonoBehaviourSingleton<UIRewardBlockGet> // TypeDefIndex: 1818"
"60085","class","UIPopup_BlockUser","1821","public class UIPopup_BlockUser : UIPopup<UIPopup_BlockUser> // TypeDefIndex: 1821"
"60502","class","UIPopup_GameDataLoad","1834","public class UIPopup_GameDataLoad : UIPopup<UIPopup_GameDataLoad> // TypeDefIndex: 1834"
"61038","class","UIpopup_NeedCurrency","1848","public class UIpopup_NeedCurrency : UIPopup<UIpopup_NeedCurrency> // TypeDefIndex: 1848"
"61051","class","UIListItem_LoadSaveFile.","1849","private sealed class UIListItem_LoadSaveFile.<>c__DisplayClass3_0 // TypeDefIndex: 1849"
"61067","class","UIListItem_LoadSaveFile","1850","public class UIListItem_LoadSaveFile : MonoBehaviour // TypeDefIndex: 1850"
"61378","class","UIPopup_LoadSaveFile.","1854","private sealed class UIPopup_LoadSaveFile.<>c // TypeDefIndex: 1854"
"61401","class","UIPopup_LoadSaveFile","1855","public class UIPopup_LoadSaveFile : UIPopup<UIPopup_LoadSaveFile> // TypeDefIndex: 1855"
"61455","class","UIPopup_EventReward_Bingo","1857","public class UIPopup_EventReward_Bingo : UIPopup<UIPopup_EventReward_Bingo> // TypeDefIndex: 1857"
"61565","class","UIPopup_EventReward_House","1858","public class UIPopup_EventReward_House : UIPopup<UIPopup_EventReward_House> // TypeDefIndex: 1858"
"61640","struct","UIPopup_EventReward_MateRace.RankRes","1859","public struct UIPopup_EventReward_MateRace.RankRes // TypeDefIndex: 1859"
"61650","class","UIPopup_EventReward_MateRace.","1860","private sealed class UIPopup_EventReward_MateRace.<PlayCloseAnimationAndClose>d__9 : IEnumerator<object>, IEnumerator, IDisposable // TypeDefIndex: 1860"
"61688","class","UIPopup_EventReward_MateRace","1861","public class UIPopup_EventReward_MateRace : UIPopup<UIPopup_EventReward_MateRace> // TypeDefIndex: 1861"
"61723","class","UIPopup_EventReward_Ocean","1862","public class UIPopup_EventReward_Ocean : UIPopup<UIPopup_EventReward_Ocean> // TypeDefIndex: 1862"
"61797","class","UIPopup_EventReward_Pudding","1863","public class UIPopup_EventReward_Pudding : UIPopup<UIPopup_EventReward_Pudding> // TypeDefIndex: 1863"
"61844","class","UIPopup_EventReward_Spring","1864","public class UIPopup_EventReward_Spring : UIPopup<UIPopup_EventReward_Spring> // TypeDefIndex: 1864"
"61918","class","UIPopup_EventReward_Winter","1865","public class UIPopup_EventReward_Winter : UIPopup<UIPopup_EventReward_Winter> // TypeDefIndex: 1865"
"62155","class","UIPopup_CompleteMissionPass.MissionPassAlarmItem","1872","public class UIPopup_CompleteMissionPass.MissionPassAlarmItem // TypeDefIndex: 1872"
"62172","class","UIPopup_CompleteMissionPass","1873","public class UIPopup_CompleteMissionPass : UIPopup<UIPopup_CompleteMissionPass> // TypeDefIndex: 1873"
"62238","class","UIPopup_CustomerEpisodeGuide","1874","public class UIPopup_CustomerEpisodeGuide : UIPopup<UIPopup_CustomerEpisodeGuide> // TypeDefIndex: 1874"
"62454","class","UIPopup_EventBingo.","1882","private sealed class UIPopup_EventBingo.<CheckReceiveRewardCO>d__67 : IEnumerator<object>, IEnumerator, IDisposable // TypeDefIndex: 1882"
"62677","class","UIPopup_EventBingoRewardInfo","1885","public class UIPopup_EventBingoRewardInfo : UIPopup<UIPopup_EventBingoRewardInfo> // TypeDefIndex: 1885"
"62834","class","UIPopup_EventCumulativeQuest.","1891","private sealed class UIPopup_EventCumulativeQuest.<>c // TypeDefIndex: 1891"
"62854","class","UIPopup_EventCumulativeQuest.","1892","private sealed class UIPopup_EventCumulativeQuest.<>c__DisplayClass17_0 // TypeDefIndex: 1892"
"62871","class","UIPopup_EventCumulativeQuest","1893","public class UIPopup_EventCumulativeQuest : UIPopup<UIPopup_EventCumulativeQuest> // TypeDefIndex: 1893"
"63413","class","UIPopup_EventMatchCard.","1905","private sealed class UIPopup_EventMatchCard.<GiveGameEndReward>d__57 : IEnumerator<object>, IEnumerator, IDisposable // TypeDefIndex: 1905"
"64752","class","TreasureSandMapScale","1931","internal class TreasureSandMapScale // TypeDefIndex: 1931"
"65145","class","CardShopItemInfo","1939","public class CardShopItemInfo // TypeDefIndex: 1939"
"66317","class","UIPopup_Event_SummerFestivalShop.","1959","private sealed class UIPopup_Event_SummerFestivalShop.<>c__DisplayClass19_0 // TypeDefIndex: 1959"
"66333","class","UIPopup_Event_SummerFestivalShop","1960","public class UIPopup_Event_SummerFestivalShop : UIPopup<UIPopup_Event_SummerFestivalShop> // TypeDefIndex: 1960"
"66461","class","UIPopup_MemoryStart","1963","public class UIPopup_MemoryStart : UIPopup<UIPopup_MemoryStart> // TypeDefIndex: 1963"
"67565","class","UIPopup_MissionPassBase.","1987","private sealed class UIPopup_MissionPassBase.<>c // TypeDefIndex: 1987"
"67589","class","UIPopup_MissionPassBase.","1988","private sealed class UIPopup_MissionPassBase.<>c__DisplayClass84_0 // TypeDefIndex: 1988"
"67606","class","UIPopup_MissionPassBase.","1989","private sealed class UIPopup_MissionPassBase.<>c__DisplayClass86_0 // TypeDefIndex: 1989"
"67624","class","UIPopup_MissionPassBase.","1990","private sealed class UIPopup_MissionPassBase.<>c__DisplayClass89_0 // TypeDefIndex: 1990"
"67643","class","UIPopup_MissionPassBase.","1991","private sealed class UIPopup_MissionPassBase.<>c__DisplayClass92_0 // TypeDefIndex: 1991"
"67660","class","UIPopup_MissionPassBase.","1992","private sealed class UIPopup_MissionPassBase.<LockPanelDialogTimer>d__103 : IEnumerator<object>, IEnumerator, IDisposable // TypeDefIndex: 1992"
"67699","class","UIPopup_MissionPassBase.","1993","private sealed class UIPopup_MissionPassBase.<StartExpGageCo>d__87 : IEnumerator<object>, IEnumerator, IDisposable // TypeDefIndex: 1993"
"67744","class","UIPopup_MissionPassBase.","1994","private sealed class UIPopup_MissionPassBase.<StartLvGage>d__92 : IEnumerator<object>, IEnumerator, IDisposable // TypeDefIndex: 1994"
"67789","class","UIPopup_MissionPassBase","1995","public class UIPopup_MissionPassBase : MonoBehaviour // TypeDefIndex: 1995"
"68132","class","UIPopup_SeasonPass.","1997","private sealed class UIPopup_SeasonPass.<MaidAnim>d__48<T> : IEnumerator<object>, IEnumerator, IDisposable // TypeDefIndex: 1997"
"68538","class","UIPopup_SeasonPass_Purchase.","2006","private sealed class UIPopup_SeasonPass_Purchase.<>c<T> // TypeDefIndex: 2006"
"68573","class","UIPopup_SeasonPass_Purchase.","2007","private sealed class UIPopup_SeasonPass_Purchase.<>c__DisplayClass12_0<T> // TypeDefIndex: 2007"
"68610","class","UIPopup_SeasonPass_Purchase.","2008","private sealed class UIPopup_SeasonPass_Purchase.<>c__DisplayClass13_0<T> // TypeDefIndex: 2008"
"68637","class","UIPopup_SeasonPass_Purchase","2009","public abstract class UIPopup_SeasonPass_Purchase<T> : UIPopup<T> // TypeDefIndex: 2009"
"68732","class","UIPopup_SeasonPass_Purchase_Christmas_2025","2010","public class UIPopup_SeasonPass_Purchase_Christmas_2025 : UIPopup_SeasonPass_Purchase<UIPopup_SeasonPass_Purchase_Christmas_2025> // TypeDefIndex: 2010"
"68741","class","UIPopup_SeasonPass_Purchase_Halloween_2025","2011","public class UIPopup_SeasonPass_Purchase_Halloween_2025 : UIPopup_SeasonPass_Purchase<UIPopup_SeasonPass_Purchase_Halloween_2025> // TypeDefIndex: 2011"
"68750","class","UIPopup_SeasonPass_Purchase_Summer_2025","2012","public class UIPopup_SeasonPass_Purchase_Summer_2025 : UIPopup_SeasonPass_Purchase<UIPopup_SeasonPass_Purchase_Summer_2025> // TypeDefIndex: 2012"
"68774","class","UIPopup_SeriouslyMergeGuide","2014","public class UIPopup_SeriouslyMergeGuide : UIPopup<UIPopup_SeriouslyMergeGuide> // TypeDefIndex: 2014"
"68790","class","UIPopup_InventoryBM","2015","public class UIPopup_InventoryBM : UIPopup<UIPopup_InventoryBM> // TypeDefIndex: 2015"
"68821","class","UIPopup_ItemDetailInfo","2016","public class UIPopup_ItemDetailInfo : UIPopup<UIPopup_ItemDetailInfo> // TypeDefIndex: 2016"
"68871","class","UIPopup_ItemUseCopy","2017","public class UIPopup_ItemUseCopy : UIPopup<UIPopup_ItemUseCopy> // TypeDefIndex: 2017"
"68898","class","UIPopup_ItemUseJoker","2018","public class UIPopup_ItemUseJoker : UIPopup<UIPopup_ItemUseJoker> // TypeDefIndex: 2018"
"68923","class","UIPopup_ItemUseSplit","2019","public class UIPopup_ItemUseSplit : UIPopup<UIPopup_ItemUseSplit> // TypeDefIndex: 2019"
"68952","class","UIPopup_RequestGroupInfo","2020","public class UIPopup_RequestGroupInfo : UIPopup<UIPopup_RequestGroupInfo> // TypeDefIndex: 2020"
"69006","class","UIPopup_RequestMainPointInfo","2021","public class UIPopup_RequestMainPointInfo : UIPopup<UIPopup_RequestMainPointInfo> // TypeDefIndex: 2021"
"69044","class","UIPopup_SeriouslyMerge","2022","public class UIPopup_SeriouslyMerge : UIPopup<UIPopup_SeriouslyMerge> // TypeDefIndex: 2022"
"69107","class","UIPopup_SeriouslyMergeInfo","2023","public class UIPopup_SeriouslyMergeInfo : UIPopup<UIPopup_SeriouslyMergeInfo> // TypeDefIndex: 2023"
"69297","class","UIPopup_LevelUp.","2027","private sealed class UIPopup_LevelUp.<>c // TypeDefIndex: 2027"
"69316","class","UIPopup_LevelUp","2028","public class UIPopup_LevelUp : UIPopup<UIPopup_LevelUp> // TypeDefIndex: 2028"
"69355","class","UIPopup_NewMaid","2029","public class UIPopup_NewMaid : UIPopup<UIPopup_NewMaid> // TypeDefIndex: 2029"
"69387","class","UIPopup_NewNpc","2030","public class UIPopup_NewNpc : UIPopup<UIPopup_NewNpc> // TypeDefIndex: 2030"
"69713","class","UIPopup_GemJarPackage.","2039","private sealed class UIPopup_GemJarPackage.<DelayToTargetingStep>d__20 : IEnumerator<object>, IEnumerator, IDisposable // TypeDefIndex: 2039"
"69753","class","UIPopup_GemJarPackage.","2040","private sealed class UIPopup_GemJarPackage.<StartBuyAnim>d__26 : IEnumerator<object>, IEnumerator, IDisposable // TypeDefIndex: 2040"
"69791","class","UIPopup_GemJarPackage","2041","public class UIPopup_GemJarPackage : UIPopup<UIPopup_GemJarPackage> // TypeDefIndex: 2041"
"69882","class","UIPopup_GemJarProgress","2042","public class UIPopup_GemJarProgress : UIPopup<UIPopup_GemJarProgress> // TypeDefIndex: 2042"
"70277","class","SpecialBlockPackageItemInfo","2050","public class SpecialBlockPackageItemInfo // TypeDefIndex: 2050"
"70290","class","UIPopup_SpecialBlockPackage","2051","public class UIPopup_SpecialBlockPackage : UIPopup<UIPopup_SpecialBlockPackage> // TypeDefIndex: 2051"
"70528","class","UIListitem_CostumePackage","2057","public class UIListitem_CostumePackage : UIListitem_Package // TypeDefIndex: 2057"
"70569","class","UIPopup_Shop.","2058","private sealed class UIPopup_Shop.<>c__DisplayClass48_0 // TypeDefIndex: 2058"
"70585","class","UIPopup_Shop","2059","public class UIPopup_Shop : UIPopup<UIPopup_Shop> // TypeDefIndex: 2059"
"71263","struct","AddLineRewardAmount","2068","internal struct AddLineRewardAmount // TypeDefIndex: 2068"
"71273","class","UIPopup_AddLinePack.","2069","private sealed class UIPopup_AddLinePack.<>c__DisplayClass17_0 // TypeDefIndex: 2069"
"71290","class","UIPopup_AddLinePack.","2070","private sealed class UIPopup_AddLinePack.<>c__DisplayClass17_1 // TypeDefIndex: 2070"
"71309","class","UIPopup_AddLinePack.","2071","private sealed class UIPopup_AddLinePack.<>c__DisplayClass19_0 // TypeDefIndex: 2071"
"71328","class","UIPopup_AddLinePack","2072","public class UIPopup_AddLinePack : UIPopup<UIPopup_AddLinePack> // TypeDefIndex: 2072"
"71379","class","UIPopup_AddLineUnlock","2073","public class UIPopup_AddLineUnlock : UIPopup<UIPopup_AddLineUnlock> // TypeDefIndex: 2073"
"71395","class","UIPopup_AdsRemovePackage.","2074","private sealed class UIPopup_AdsRemovePackage.<>c__DisplayClass14_0 // TypeDefIndex: 2074"
"71411","class","UIPopup_AdsRemovePackage","2075","public class UIPopup_AdsRemovePackage : UIPopup<UIPopup_AdsRemovePackage> // TypeDefIndex: 2075"
"71590","class","UIPopup_BingoRegister.","2079","private sealed class UIPopup_BingoRegister.<WaitOpenBlockInfoPopup>d__11 : IEnumerator<object>, IEnumerator, IDisposable // TypeDefIndex: 2079"
"71666","class","UIPopup_BlockDetailInfo","2081","public class UIPopup_BlockDetailInfo : UIPopup<UIPopup_BlockDetailInfo> // TypeDefIndex: 2081"
"71705","class","UIPopup_BlockInfo","2082","public class UIPopup_BlockInfo : UIPopup<UIPopup_BlockInfo> // TypeDefIndex: 2082"
"71809","class","UIPopup_BuildLoading.AnimationInfo","2083","public class UIPopup_BuildLoading.AnimationInfo // TypeDefIndex: 2083"
"71827","class","UIPopup_BuildLoading.","2084","private sealed class UIPopup_BuildLoading.<>c // TypeDefIndex: 2084"
"71847","class","UIPopup_BuildLoading.","2085","private sealed class UIPopup_BuildLoading.<>c__DisplayClass9_0 // TypeDefIndex: 2085"
"71862","class","UIPopup_BuildLoading","2086","public class UIPopup_BuildLoading : UIPopup<UIPopup_BuildLoading> // TypeDefIndex: 2086"
"71901","class","UIPopup_BuyPurchase","2087","public class UIPopup_BuyPurchase : UIPopup<UIPopup_BuyPurchase> // TypeDefIndex: 2087"
"71935","class","UIPopup_CafeNameChange","2088","public class UIPopup_CafeNameChange : UIPopup<UIPopup_CafeNameChange> // TypeDefIndex: 2088"
"72091","class","UIPopup_CustomerChat.","2094","private sealed class UIPopup_CustomerChat.<>c__DisplayClass35_0 // TypeDefIndex: 2094"
"72109","class","UIPopup_CustomerChat.","2095","private sealed class UIPopup_CustomerChat.<>c__DisplayClass58_0 // TypeDefIndex: 2095"
"72126","class","UIPopup_CustomerChat.","2096","private sealed class UIPopup_CustomerChat.<AnimateCharacter>d__42 : IEnumerator<object>, IEnumerator, IDisposable // TypeDefIndex: 2096"
"72173","class","UIPopup_CustomerChat","2097","public class UIPopup_CustomerChat : UIPopup<UIPopup_CustomerChat> // TypeDefIndex: 2097"
"72347","class","UIPopup_CustomerInfo.","2098","private sealed class UIPopup_CustomerInfo.<>c // TypeDefIndex: 2098"
"72379","class","UIPopup_CustomerInfo.","2099","private sealed class UIPopup_CustomerInfo.<>c__DisplayClass63_0 // TypeDefIndex: 2099"
"72416","class","UIPopup_CustomerInfo.","2100","private sealed class UIPopup_CustomerInfo.<>c__DisplayClass65_0 // TypeDefIndex: 2100"
"72432","class","UIPopup_CustomerInfo.","2101","private sealed class UIPopup_CustomerInfo.<>c__DisplayClass69_0 // TypeDefIndex: 2101"
"72453","class","UIPopup_CustomerInfo.","2102","private sealed class UIPopup_CustomerInfo.<>c__DisplayClass71_0 // TypeDefIndex: 2102"
"72469","class","UIPopup_CustomerInfo","2103","public class UIPopup_CustomerInfo : UIPopup<UIPopup_CustomerInfo> // TypeDefIndex: 2103"
"72680","class","UIPopup_CustomerStory","2104","public class UIPopup_CustomerStory : UIPopup<UIPopup_CustomerStory> // TypeDefIndex: 2104"
"72703","class","UIPopup_DailyMission","2105","public class UIPopup_DailyMission : UIPopup<UIPopup_DailyMission> // TypeDefIndex: 2105"
"72712","class","UIPopup_DecoItemInfo","2106","public class UIPopup_DecoItemInfo : UIPopup<UIPopup_DecoItemInfo> // TypeDefIndex: 2106"
"73028","class","UIPopup_DormitoryQuest.","2114","private sealed class UIPopup_DormitoryQuest.<>c__DisplayClass25_0 // TypeDefIndex: 2114"
"73047","class","UIPopup_DormitoryQuest","2115","public class UIPopup_DormitoryQuest : UIPopup<UIPopup_DormitoryQuest> // TypeDefIndex: 2115"
"73195","class","UIPopup_EchoArchiveGuide_Fabricate","2118","public class UIPopup_EchoArchiveGuide_Fabricate : UIPopup<UIPopup_EchoArchiveGuide_Fabricate> // TypeDefIndex: 2118"
"73416","class","UIPopup_Energy","2124","public class UIPopup_Energy : UIPopup<UIPopup_Energy> // TypeDefIndex: 2124"
"73524","class","UIPopup_EnergyPackage","2125","public class UIPopup_EnergyPackage : UIPopup<UIPopup_EnergyPackage> // TypeDefIndex: 2125"
"73774","class","UIPopup_EventWhiteDay.","2133","private sealed class UIPopup_EventWhiteDay.<NextStepLoadingAnim>d__48 : IEnumerator<object>, IEnumerator, IDisposable // TypeDefIndex: 2133"
"74026","class","FabricateBlockInfoType","2136","public class FabricateBlockInfoType // TypeDefIndex: 2136"
"74042","class","UIPopup_FabricateBlockInfo.","2137","private sealed class UIPopup_FabricateBlockInfo.<>c // TypeDefIndex: 2137"
"74061","class","UIPopup_FabricateBlockInfo","2138","public class UIPopup_FabricateBlockInfo : UIPopup<UIPopup_FabricateBlockInfo> // TypeDefIndex: 2138"
"74098","class","UIPopup_FabricateProduct_BlockInfo","2139","public class UIPopup_FabricateProduct_BlockInfo : UIPopup<UIPopup_FabricateProduct_BlockInfo> // TypeDefIndex: 2139"
"74453","class","UIPopup_InGameCutScene.","2150","private sealed class UIPopup_InGameCutScene.<>c__DisplayClass4_0 // TypeDefIndex: 2150"
"74469","class","UIPopup_InGameCutScene","2151","public class UIPopup_InGameCutScene : UIPopup<UIPopup_InGameCutScene> // TypeDefIndex: 2151"
"74497","class","UIPopup_InGameResChange","2152","public class UIPopup_InGameResChange : UIPopup<UIPopup_InGameResChange> // TypeDefIndex: 2152"
"74597","class","UIPopup_Inventory","2153","public class UIPopup_Inventory : UIPopup<UIPopup_Inventory> // TypeDefIndex: 2153"
"74690","class","LevelPassRewardItemData","2154","public class LevelPassRewardItemData : InfiniteScrollData // TypeDefIndex: 2154"
"74712","class","UIPopup_LevelPassBase.","2155","private sealed class UIPopup_LevelPassBase.<>c__DisplayClass24_0 // TypeDefIndex: 2155"
"74731","class","UIPopup_LevelPassBase","2156","public class UIPopup_LevelPassBase : MonoBehaviour // TypeDefIndex: 2156"
"74830","class","UIPopup_LevelPassClose_PassCheck","2157","public class UIPopup_LevelPassClose_PassCheck : UIPopup<UIPopup_LevelPassClose_PassCheck> // TypeDefIndex: 2157"
"74876","class","UIPopup_LikeAbilityBlockInfo","2158","public class UIPopup_LikeAbilityBlockInfo : UIPopup<UIPopup_LikeAbilityBlockInfo> // TypeDefIndex: 2158"
"74909","class","UIPopup_Loading","2159","public class UIPopup_Loading : UIPopup<UIPopup_Loading> // TypeDefIndex: 2159"
"74929","class","UIPopup_MaidAIChatADItem","2160","public class UIPopup_MaidAIChatADItem : UIPopup<UIPopup_MaidAIChatADItem> // TypeDefIndex: 2160"
"75014","class","UIPopup_MaidAIChatAIDisclosure","2161","public class UIPopup_MaidAIChatAIDisclosure : UIPopup<UIPopup_MaidAIChatAIDisclosure> // TypeDefIndex: 2161"
"75044","class","UIPopup_MaidAIChatEndingImageGenerate.","2162","private sealed class UIPopup_MaidAIChatEndingImageGenerate.<>c__DisplayClass76_0 // TypeDefIndex: 2162"
"75060","struct","UIPopup_MaidAIChatEndingImageGenerate.","2163","private struct UIPopup_MaidAIChatEndingImageGenerate.<DownloadTextureAsync>d__75 : IAsyncStateMachine // TypeDefIndex: 2163"
"75081","struct","UIPopup_MaidAIChatEndingImageGenerate.","2164","private struct UIPopup_MaidAIChatEndingImageGenerate.<OnClickYes>d__36 : IAsyncStateMachine // TypeDefIndex: 2164"
"75106","struct","UIPopup_MaidAIChatEndingImageGenerate.","2165","private struct UIPopup_MaidAIChatEndingImageGenerate.<RecoverPendingEndingImageJobAsync>d__48 : IAsyncStateMachine // TypeDefIndex: 2165"
"75129","class","UIPopup_MaidAIChatEndingImageGenerate.","2166","private sealed class UIPopup_MaidAIChatEndingImageGenerate.<RefreshGenerateCostTextNextFrame>d__42 : IEnumerator<object>, IEnumerator, IDisposable // TypeDefIndex: 2166"
"75168","struct","UIPopup_MaidAIChatEndingImageGenerate.","2167","private struct UIPopup_MaidAIChatEndingImageGenerate.<ResolvePendingJobResponseAsync>d__64 : IAsyncStateMachine // TypeDefIndex: 2167"
"75188","class","UIPopup_MaidAIChatEndingImageGenerate","2168","public class UIPopup_MaidAIChatEndingImageGenerate : UIPopup<UIPopup_MaidAIChatEndingImageGenerate> // TypeDefIndex: 2168"
"75414","class","UIPopup_MaidAIChatNetworkError","2169","public class UIPopup_MaidAIChatNetworkError : UIPopup<UIPopup_MaidAIChatNetworkError> // TypeDefIndex: 2169"
"75436","struct","UIPopup_MaidAIChatReport.","2170","private struct UIPopup_MaidAIChatReport.<OnClickSubmit>d__18 : IAsyncStateMachine // TypeDefIndex: 2170"
"75456","class","UIPopup_MaidAIChatReport","2171","public class UIPopup_MaidAIChatReport : UIPopup<UIPopup_MaidAIChatReport> // TypeDefIndex: 2171"
"75517","class","UIPopup_MaidAIChatServerCheck","2172","public class UIPopup_MaidAIChatServerCheck : UIPopup<UIPopup_MaidAIChatServerCheck> // TypeDefIndex: 2172"
"75529","class","UIPopup_MaidChatNotice","2173","public class UIPopup_MaidChatNotice : UIPopup<UIPopup_MaidChatNotice> // TypeDefIndex: 2173"
"75556","class","UIPopup_MaidChatSkip","2174","public class UIPopup_MaidChatSkip : UIPopup<UIPopup_MaidChatSkip> // TypeDefIndex: 2174"
"75577","class","UIPopup_MaidCouponSelect","2175","public class UIPopup_MaidCouponSelect : UIPopup<UIPopup_MaidCouponSelect> // TypeDefIndex: 2175"
"75629","class","UIPopup_MaidLevelUp","2176","public class UIPopup_MaidLevelUp : UIPopup<UIPopup_MaidLevelUp> // TypeDefIndex: 2176"
"75658","class","MaidData","2177","public class MaidData // TypeDefIndex: 2177"
"75673","class","UIPopup_MaidLobbySelect","2178","public class UIPopup_MaidLobbySelect : UIPopup<UIPopup_MaidLobbySelect> // TypeDefIndex: 2178"
"75711","class","UIPopup_MaidNote","2179","public class UIPopup_MaidNote : UIPopup<UIPopup_MaidNote> // TypeDefIndex: 2179"
"76077","class","UIPopup_MaidSelect","2180","public class UIPopup_MaidSelect : UIPopup<UIPopup_MaidSelect> // TypeDefIndex: 2180"
"76167","struct","UIPopup_MasterHeartChatEndingResult.","2182","private struct UIPopup_MasterHeartChatEndingResult.<LoadArchivePreviewAsync>d__127 : IAsyncStateMachine // TypeDefIndex: 2182"
"76187","struct","UIPopup_MasterHeartChatEndingResult.","2183","private struct UIPopup_MasterHeartChatEndingResult.<LoadEndingAsync>d__59 : IAsyncStateMachine // TypeDefIndex: 2183"
"76617","class","UIPopup_MemoryCardBoard.","2185","private sealed class UIPopup_MemoryCardBoard.<>c__DisplayClass41_0 // TypeDefIndex: 2185"
"76635","class","UIPopup_MemoryCardBoard.","2186","private sealed class UIPopup_MemoryCardBoard.<AnimateCardRoutine>d__46 : IEnumerator<object>, IEnumerator, IDisposable // TypeDefIndex: 2186"
"76682","class","UIPopup_MemoryCardBoard.","2187","private sealed class UIPopup_MemoryCardBoard.<FingerWatcherRoutine>d__40 : IEnumerator<object>, IEnumerator, IDisposable // TypeDefIndex: 2187"
"76721","class","UIPopup_MemoryCardBoard.","2188","private sealed class UIPopup_MemoryCardBoard.<PlayProducePulseRoutine>d__55 : IEnumerator<object>, IEnumerator, IDisposable // TypeDefIndex: 2188"
"76766","class","UIPopup_MemoryCardBoard.","2189","private sealed class UIPopup_MemoryCardBoard.<PostCompleteDelayRoutine>d__52 : IEnumerator<object>, IEnumerator, IDisposable // TypeDefIndex: 2189"
"76804","class","UIPopup_MemoryCardBoard","2190","public class UIPopup_MemoryCardBoard : UIPopup<UIPopup_MemoryCardBoard> // TypeDefIndex: 2190"
"76960","class","UIPopup_MemoryCardInfo","2191","public class UIPopup_MemoryCardInfo : UIPopup<UIPopup_MemoryCardInfo> // TypeDefIndex: 2191"
"77060","class","UIPopup_MemoryCardInfo_CardShop","2192","public class UIPopup_MemoryCardInfo_CardShop : UIPopup<UIPopup_MemoryCardInfo_CardShop> // TypeDefIndex: 2192"
"77080","struct","UIPopup_MemoryCardProbability.Row","2193","private struct UIPopup_MemoryCardProbability.Row // TypeDefIndex: 2193"
"77088","class","UIPopup_MemoryCardProbability","2194","public class UIPopup_MemoryCardProbability : UIPopup<UIPopup_MemoryCardProbability> // TypeDefIndex: 2194"
"77140","class","MemoryCardTabItem","2196","public class MemoryCardTabItem // TypeDefIndex: 2196"
"77160","class","UIPopup_MemoryCardShop.","2197","private sealed class UIPopup_MemoryCardShop.<>c // TypeDefIndex: 2197"
"77188","class","UIPopup_MemoryCardShop.","2198","private sealed class UIPopup_MemoryCardShop.<>c__DisplayClass37_0 // TypeDefIndex: 2198"
"77205","class","UIPopup_MemoryCardShop.","2199","private sealed class UIPopup_MemoryCardShop.<>c__DisplayClass38_0 // TypeDefIndex: 2199"
"77221","class","UIPopup_MemoryCardShop","2200","public class UIPopup_MemoryCardShop : UIPopup<UIPopup_MemoryCardShop> // TypeDefIndex: 2200"
"77443","class","UIPopup_MemoryCard_BuyTickets","2201","public class UIPopup_MemoryCard_BuyTickets : UIPopup<UIPopup_MemoryCard_BuyTickets> // TypeDefIndex: 2201"
"77471","class","UIPopup_MemoryCard_GachaResult.","2202","private sealed class UIPopup_MemoryCard_GachaResult.<>c // TypeDefIndex: 2202"
"77491","class","UIPopup_MemoryCard_GachaResult.","2203","private sealed class UIPopup_MemoryCard_GachaResult.<>c__DisplayClass36_0 // TypeDefIndex: 2203"
"77509","class","UIPopup_MemoryCard_GachaResult.","2204","private sealed class UIPopup_MemoryCard_GachaResult.<Co_AfterAllOpened>d__37 : IEnumerator<object>, IEnumerator, IDisposable // TypeDefIndex: 2204"
"77547","class","UIPopup_MemoryCard_GachaResult","2205","public class UIPopup_MemoryCard_GachaResult : UIPopup<UIPopup_MemoryCard_GachaResult> // TypeDefIndex: 2205"
"77660","class","UIPopup_MemoryTicketExchangeShop","2206","public class UIPopup_MemoryTicketExchangeShop : MonoBehaviour // TypeDefIndex: 2206"
"77730","class","UIPopup_Memory_GetEffect.","2207","private sealed class UIPopup_Memory_GetEffect.<WaitAndExecute>d__9 : IEnumerator<object>, IEnumerator, IDisposable // TypeDefIndex: 2207"
"77768","class","UIPopup_Memory_GetEffect","2208","public class UIPopup_Memory_GetEffect : UIPopup<UIPopup_Memory_GetEffect> // TypeDefIndex: 2208"
"78187","class","UIPopup_MissionPass","2218","public class UIPopup_MissionPass : UIPopup<UIPopup_MissionPass> // TypeDefIndex: 2218"
"78245","class","UIPopup_MissionPassClose_PassCheck","2219","public class UIPopup_MissionPassClose_PassCheck : UIPopup<UIPopup_MissionPassClose_PassCheck> // TypeDefIndex: 2219"
"78293","class","UIPopup_MissionPassClose_RewardGet","2220","public class UIPopup_MissionPassClose_RewardGet : UIPopup<UIPopup_MissionPassClose_RewardGet> // TypeDefIndex: 2220"
"78332","class","UIPopup_MissionPassPurchase.","2221","private sealed class UIPopup_MissionPassPurchase.<>c__DisplayClass20_0 // TypeDefIndex: 2221"
"78349","class","UIPopup_MissionPassPurchase.","2222","private sealed class UIPopup_MissionPassPurchase.<>c__DisplayClass20_1 // TypeDefIndex: 2222"
"78366","class","UIPopup_MissionPassPurchase.","2223","private sealed class UIPopup_MissionPassPurchase.<>c__DisplayClass21_0 // TypeDefIndex: 2223"
"78383","class","UIPopup_MissionPassPurchase.","2224","private sealed class UIPopup_MissionPassPurchase.<>c__DisplayClass21_1 // TypeDefIndex: 2224"
"78399","class","UIPopup_MissionPassPurchase","2225","public class UIPopup_MissionPassPurchase : MonoBehaviour // TypeDefIndex: 2225"
"78461","class","UIPopup_MissionPassQuestComplete","2226","public class UIPopup_MissionPassQuestComplete : UIPopup<UIPopup_MissionPassQuestComplete> // TypeDefIndex: 2226"
"78521","struct","NeedleBlockDesc","2228","public struct NeedleBlockDesc // TypeDefIndex: 2228"
"78530","class","UIPopup_NeedleBlockInfo","2229","public class UIPopup_NeedleBlockInfo : UIPopup<UIPopup_NeedleBlockInfo> // TypeDefIndex: 2229"
"78899","struct","GrowProduceInfo","2236","public struct GrowProduceInfo // TypeDefIndex: 2236"
"78909","class","UIPopup_ProduceBlockInfo","2237","public class UIPopup_ProduceBlockInfo : UIPopup<UIPopup_ProduceBlockInfo> // TypeDefIndex: 2237"
"78992","class","UIPopup_QuestInfoList.","2238","private sealed class UIPopup_QuestInfoList.<>c // TypeDefIndex: 2238"
"79016","class","UIPopup_QuestInfoList.","2239","private sealed class UIPopup_QuestInfoList.<>c__DisplayClass10_0 // TypeDefIndex: 2239"
"79032","class","UIPopup_QuestInfoList.","2240","private sealed class UIPopup_QuestInfoList.<>c__DisplayClass11_0 // TypeDefIndex: 2240"
"79048","class","UIPopup_QuestInfoList.","2241","private sealed class UIPopup_QuestInfoList.<>c__DisplayClass12_0 // TypeDefIndex: 2241"
"79064","class","UIPopup_QuestInfoList.","2242","private sealed class UIPopup_QuestInfoList.<>c__DisplayClass8_0 // TypeDefIndex: 2242"
"79079","class","UIPopup_QuestInfoList","2243","public class UIPopup_QuestInfoList : UIPopup<UIPopup_QuestInfoList> // TypeDefIndex: 2243"
"79124","class","UIPopup_RateReview.","2244","private sealed class UIPopup_RateReview.<RequestGooglePlayStoreReviewCoroutine>d__11 : IEnumerator<object>, IEnumerator, IDisposable // TypeDefIndex: 2244"
"79258","class","UIPopup_RewardGet","2247","public abstract class UIPopup_RewardGet<T> : UIPopup<T> // TypeDefIndex: 2247"
"79322","class","UIPopup_RewardGetAddScale.","2248","private sealed class UIPopup_RewardGetAddScale.<StartExpAddValue>d__10 : IEnumerator<object>, IEnumerator, IDisposable // TypeDefIndex: 2248"
"79360","class","UIPopup_RewardGetAddScale","2249","public class UIPopup_RewardGetAddScale : UIPopup<UIPopup_RewardGetAddScale> // TypeDefIndex: 2249"
"79408","class","UIPopup_RewardGetMaidCoin","2251","public class UIPopup_RewardGetMaidCoin : UIPopup<UIPopup_RewardGetMaidCoin> // TypeDefIndex: 2251"
"79453","class","UIPopup_RewardGetMaidRelationship.","2252","private sealed class UIPopup_RewardGetMaidRelationship.<>c__DisplayClass19_0 // TypeDefIndex: 2252"
"79470","class","UIPopup_RewardGetMaidRelationship.","2253","private sealed class UIPopup_RewardGetMaidRelationship.<SetItemsDelay>d__13 : IEnumerator<object>, IEnumerator, IDisposable // TypeDefIndex: 2253"
"79510","class","UIPopup_RewardGetMaidRelationship","2254","public class UIPopup_RewardGetMaidRelationship : UIPopup_RewardGet<UIPopup_RewardGetMaidRelationship> // TypeDefIndex: 2254"
"79561","class","UIPopup_RewardGetNormal.","2255","private sealed class UIPopup_RewardGetNormal.<>c__DisplayClass15_0 // TypeDefIndex: 2255"
"79578","class","UIPopup_RewardGetNormal.","2256","private sealed class UIPopup_RewardGetNormal.<SetItemsDelay>d__10 : IEnumerator<object>, IEnumerator, IDisposable // TypeDefIndex: 2256"
"79617","class","UIPopup_RewardGetNormal","2257","public class UIPopup_RewardGetNormal : UIPopup_RewardGet<UIPopup_RewardGetNormal> // TypeDefIndex: 2257"
"79661","class","UIPopup_RewardGetPhotoCard.","2258","private sealed class UIPopup_RewardGetPhotoCard.<PhotoCardGage>d__22 : IEnumerator<object>, IEnumerator, IDisposable // TypeDefIndex: 2258"
"79701","class","UIPopup_RewardGetPhotoCard","2259","public class UIPopup_RewardGetPhotoCard : UIPopup<UIPopup_RewardGetPhotoCard> // TypeDefIndex: 2259"
"79762","class","UIPopup_RewardGetUserProfile.","2260","private sealed class UIPopup_RewardGetUserProfile.<SetItemsDelay>d__6 : IEnumerator<object>, IEnumerator, IDisposable // TypeDefIndex: 2260"
"79804","class","UIPopup_RewardGetUserProfile","2261","public class UIPopup_RewardGetUserProfile : UIPopup<UIPopup_RewardGetUserProfile> // TypeDefIndex: 2261"
"79839","class","UIPopup_RewardGet_CardAllComplete.","2262","private sealed class UIPopup_RewardGet_CardAllComplete.<>c__DisplayClass15_0 // TypeDefIndex: 2262"
"79856","class","UIPopup_RewardGet_CardAllComplete.","2263","private sealed class UIPopup_RewardGet_CardAllComplete.<SetItemsDelay>d__10 : IEnumerator<object>, IEnumerator, IDisposable // TypeDefIndex: 2263"
"79896","class","UIPopup_RewardGet_CardAllComplete","2264","public class UIPopup_RewardGet_CardAllComplete : UIPopup_RewardGet<UIPopup_RewardGet_CardAllComplete> // TypeDefIndex: 2264"
"79940","class","UIPopup_RewardGet_CardGroupComplete.","2265","private sealed class UIPopup_RewardGet_CardGroupComplete.<RewardItemDelayCo>d__9 : IEnumerator<object>, IEnumerator, IDisposable // TypeDefIndex: 2265"
"79979","class","UIPopup_RewardGet_CardGroupComplete","2266","public class UIPopup_RewardGet_CardGroupComplete : UIPopup_RewardGet<UIPopup_RewardGet_CardGroupComplete> // TypeDefIndex: 2266"
"80020","class","UIPopup_RewardGet_CardPack.","2267","private sealed class UIPopup_RewardGet_CardPack.<>c // TypeDefIndex: 2267"
"80048","class","UIPopup_RewardGet_CardPack.","2268","private sealed class UIPopup_RewardGet_CardPack.<StartCardOpenAnim>d__28 : IEnumerator<object>, IEnumerator, IDisposable // TypeDefIndex: 2268"
"80089","class","UIPopup_RewardGet_CardPack","2269","public class UIPopup_RewardGet_CardPack : UIPopup_RewardGet<UIPopup_RewardGet_CardPack> // TypeDefIndex: 2269"
"80183","class","UIPopup_RewardGet_Costume","2270","public class UIPopup_RewardGet_Costume : UIPopup_RewardGet<UIPopup_RewardGet_Costume> // TypeDefIndex: 2270"
"80232","class","UIPopup_RewardGet_InGameRes.","2271","private sealed class UIPopup_RewardGet_InGameRes.<SetItemsDelay>d__6 : IEnumerator<object>, IEnumerator, IDisposable // TypeDefIndex: 2271"
"80275","class","UIPopup_RewardGet_InGameRes","2272","public class UIPopup_RewardGet_InGameRes : UIPopup<UIPopup_RewardGet_InGameRes> // TypeDefIndex: 2272"
"80309","enum","UIPopup_Reward_CustomerCoupon.CouponRewardState","2273","private enum UIPopup_Reward_CustomerCoupon.CouponRewardState // TypeDefIndex: 2273"
"80321","class","UIPopup_Reward_CustomerCoupon.","2274","private sealed class UIPopup_Reward_CustomerCoupon.<>c__DisplayClass51_0 // TypeDefIndex: 2274"
"80335","class","UIPopup_Reward_CustomerCoupon.","2275","private sealed class UIPopup_Reward_CustomerCoupon.<>c__DisplayClass51_1 // TypeDefIndex: 2275"
"80352","class","UIPopup_Reward_CustomerCoupon.","2276","private sealed class UIPopup_Reward_CustomerCoupon.<>c__DisplayClass51_2 // TypeDefIndex: 2276"
"80368","class","UIPopup_Reward_CustomerCoupon","2277","public class UIPopup_Reward_CustomerCoupon : UIPopup<UIPopup_Reward_CustomerCoupon> // TypeDefIndex: 2277"
"80540","class","UIPopup_RoomQuestInfo.","2278","private sealed class UIPopup_RoomQuestInfo.<>c // TypeDefIndex: 2278"
"80559","class","UIPopup_RoomQuestInfo","2279","public class UIPopup_RoomQuestInfo : UIPopup<UIPopup_RoomQuestInfo> // TypeDefIndex: 2279"
"80689","class","UIPopup_SaveCampaign.","2281","private sealed class UIPopup_SaveCampaign.<SetDescCoroutine>d__11 : IEnumerator<object>, IEnumerator, IDisposable // TypeDefIndex: 2281"
"80727","class","UIPopup_SaveCampaign","2282","public class UIPopup_SaveCampaign : UIPopup<UIPopup_SaveCampaign> // TypeDefIndex: 2282"
"80994","enum","StoryAnimStep","2289","public enum StoryAnimStep // TypeDefIndex: 2289"
"81377","class","UIPopup_SubMapEnd_RewardGet","2295","public class UIPopup_SubMapEnd_RewardGet : UIPopup<UIPopup_SubMapEnd_RewardGet> // TypeDefIndex: 2295"
"81416","class","ProfileChangeItemData","2296","public class ProfileChangeItemData : InfiniteScrollData // TypeDefIndex: 2296"
"82026","class","UIpopup_Profilepurchase","2306","public class UIpopup_Profilepurchase : UIPopup<UIpopup_Profilepurchase> // TypeDefIndex: 2306"
"82065","class","UiPopup_LevelPass","2307","public class UiPopup_LevelPass : UIPopup<UiPopup_LevelPass> // TypeDefIndex: 2307"
"82289","struct","TutorialTextInfo","2313","public struct TutorialTextInfo // TypeDefIndex: 2313"
"82300","struct","TutorialTextKey","2314","public struct TutorialTextKey // TypeDefIndex: 2314"
"82309","class","UITutorial","2315","public class UITutorial : MonoBehaviour // TypeDefIndex: 2315"
"82324","class","UITutorial_ApRecharge","2316","public class UITutorial_ApRecharge : UITutorial // TypeDefIndex: 2316"
"82399","class","UITutorial_AutoProduce.","2317","private sealed class UITutorial_AutoProduce.<>c__DisplayClass8_0 // TypeDefIndex: 2317"
"82415","class","UITutorial_AutoProduce","2318","public class UITutorial_AutoProduce : UITutorial // TypeDefIndex: 2318"
"82468","class","UITutorial_BlockInfo.","2319","private sealed class UITutorial_BlockInfo.<>c__DisplayClass24_0 // TypeDefIndex: 2319"
"82485","class","UITutorial_BlockInfo.","2320","private sealed class UITutorial_BlockInfo.<>c__DisplayClass25_0 // TypeDefIndex: 2320"
"82502","class","UITutorial_BlockInfo.","2321","private sealed class UITutorial_BlockInfo.<>c__DisplayClass26_0 // TypeDefIndex: 2321"
"82519","class","UITutorial_BlockInfo.","2322","private sealed class UITutorial_BlockInfo.<>c__DisplayClass27_0 // TypeDefIndex: 2322"
"82536","class","UITutorial_BlockInfo.","2323","private sealed class UITutorial_BlockInfo.<>c__DisplayClass28_0 // TypeDefIndex: 2323"
"82553","class","UITutorial_BlockInfo.","2324","private sealed class UITutorial_BlockInfo.<>c__DisplayClass28_1 // TypeDefIndex: 2324"
"82569","class","UITutorial_BlockInfo","2325","public class UITutorial_BlockInfo : UITutorial // TypeDefIndex: 2325"
"82665","class","UITutorial_BlockInfo_B.","2326","private sealed class UITutorial_BlockInfo_B.<>c__DisplayClass19_0 // TypeDefIndex: 2326"
"82682","class","UITutorial_BlockInfo_B.","2327","private sealed class UITutorial_BlockInfo_B.<>c__DisplayClass20_0 // TypeDefIndex: 2327"
"82699","class","UITutorial_BlockInfo_B.","2328","private sealed class UITutorial_BlockInfo_B.<>c__DisplayClass21_0 // TypeDefIndex: 2328"
"82716","class","UITutorial_BlockInfo_B.","2329","private sealed class UITutorial_BlockInfo_B.<>c__DisplayClass22_0 // TypeDefIndex: 2329"
"82733","class","UITutorial_BlockInfo_B.","2330","private sealed class UITutorial_BlockInfo_B.<>c__DisplayClass23_0 // TypeDefIndex: 2330"
"82749","class","UITutorial_BlockInfo_B","2331","public class UITutorial_BlockInfo_B : UITutorial // TypeDefIndex: 2331"
"82835","class","UITutorial_BlockInfo_Fabricate.","2332","private sealed class UITutorial_BlockInfo_Fabricate.<>c__DisplayClass7_0 // TypeDefIndex: 2332"
"82851","class","UITutorial_BlockInfo_Fabricate","2333","public class UITutorial_BlockInfo_Fabricate : UITutorial // TypeDefIndex: 2333"
"82895","class","UITutorial_BlockInfo_New.","2334","private sealed class UITutorial_BlockInfo_New.<>c__DisplayClass13_0 // TypeDefIndex: 2334"
"82912","class","UITutorial_BlockInfo_New.","2335","private sealed class UITutorial_BlockInfo_New.<>c__DisplayClass14_0 // TypeDefIndex: 2335"
"82928","class","UITutorial_BlockInfo_New","2336","public class UITutorial_BlockInfo_New : UITutorial // TypeDefIndex: 2336"
"82987","class","UITutorial_BubbleBlock.","2337","private sealed class UITutorial_BubbleBlock.<>c__DisplayClass8_0 // TypeDefIndex: 2337"
"83004","class","UITutorial_BubbleBlock.","2338","private sealed class UITutorial_BubbleBlock.<>c__DisplayClass9_0 // TypeDefIndex: 2338"
"83020","class","UITutorial_BubbleBlock","2339","public class UITutorial_BubbleBlock : UITutorial // TypeDefIndex: 2339"
"83072","class","UITutorial_Collection.","2340","private sealed class UITutorial_Collection.<>c__DisplayClass33_0 // TypeDefIndex: 2340"
"83088","class","UITutorial_Collection","2341","public class UITutorial_Collection : UITutorial // TypeDefIndex: 2341"
"83192","class","UITutorial_Costume.","2342","private sealed class UITutorial_Costume.<>c__DisplayClass22_0 // TypeDefIndex: 2342"
"83209","class","UITutorial_Costume.","2343","private sealed class UITutorial_Costume.<>c__DisplayClass23_0 // TypeDefIndex: 2343"
"83226","class","UITutorial_Costume.","2344","private sealed class UITutorial_Costume.<>c__DisplayClass24_0 // TypeDefIndex: 2344"
"83243","class","UITutorial_Costume.","2345","private sealed class UITutorial_Costume.<>c__DisplayClass25_0 // TypeDefIndex: 2345"
"83260","class","UITutorial_Costume.","2346","private sealed class UITutorial_Costume.<>c__DisplayClass26_0 // TypeDefIndex: 2346"
"83277","class","UITutorial_Costume.","2347","private sealed class UITutorial_Costume.<>c__DisplayClass27_0 // TypeDefIndex: 2347"
"83294","class","UITutorial_Costume.","2348","private sealed class UITutorial_Costume.<>c__DisplayClass28_0 // TypeDefIndex: 2348"
"83310","class","UITutorial_Costume","2349","public class UITutorial_Costume : UITutorial // TypeDefIndex: 2349"
"83439","class","UITutorial_CustomerEpisode","2350","public class UITutorial_CustomerEpisode : UITutorial // TypeDefIndex: 2350"
"83540","class","UITutorial_CustomerInfo","2351","public class UITutorial_CustomerInfo : UITutorial // TypeDefIndex: 2351"
"83617","class","UITutorial_Dormitory.","2352","private sealed class UITutorial_Dormitory.<>c__DisplayClass19_0 // TypeDefIndex: 2352"
"83634","class","UITutorial_Dormitory.","2353","private sealed class UITutorial_Dormitory.<>c__DisplayClass20_0 // TypeDefIndex: 2353"
"83650","class","UITutorial_Dormitory","2354","public class UITutorial_Dormitory : UITutorial // TypeDefIndex: 2354"
"83732","class","UITutorial_EchoArchive.","2355","private sealed class UITutorial_EchoArchive.<>c__DisplayClass21_0 // TypeDefIndex: 2355"
"83749","class","UITutorial_EchoArchive.","2356","private sealed class UITutorial_EchoArchive.<>c__DisplayClass22_0 // TypeDefIndex: 2356"
"83766","class","UITutorial_EchoArchive.","2357","private sealed class UITutorial_EchoArchive.<>c__DisplayClass24_0 // TypeDefIndex: 2357"
"83783","class","UITutorial_EchoArchive.","2358","private sealed class UITutorial_EchoArchive.<>c__DisplayClass26_0 // TypeDefIndex: 2358"
"83799","class","UITutorial_EchoArchive","2359","public class UITutorial_EchoArchive : UITutorial // TypeDefIndex: 2359"
"83898","class","UITutorial_InGame","2360","public class UITutorial_InGame : MonoBehaviour // TypeDefIndex: 2360"
"83913","class","UITutorial_InGameRes","2361","public class UITutorial_InGameRes : UITutorial // TypeDefIndex: 2361"
"83931","class","UITutorial_InGameTeamFormation","2362","public class UITutorial_InGameTeamFormation : UITutorial // TypeDefIndex: 2362"
"83985","class","UITutorial_Inventory.","2363","private sealed class UITutorial_Inventory.<>c // TypeDefIndex: 2363"
"84005","class","UITutorial_Inventory.","2364","private sealed class UITutorial_Inventory.<>c__DisplayClass13_0 // TypeDefIndex: 2364"
"84021","class","UITutorial_Inventory","2365","public class UITutorial_Inventory : UITutorial // TypeDefIndex: 2365"
"84072","class","UITutorial_LevelPass.","2366","private sealed class UITutorial_LevelPass.<>c__DisplayClass8_0 // TypeDefIndex: 2366"
"84089","class","UITutorial_LevelPass.","2367","private sealed class UITutorial_LevelPass.<>c__DisplayClass8_1 // TypeDefIndex: 2367"
"84106","class","UITutorial_LevelPass.","2368","private sealed class UITutorial_LevelPass.<>c__DisplayClass9_0 // TypeDefIndex: 2368"
"84122","class","UITutorial_LevelPass","2369","public class UITutorial_LevelPass : UITutorial // TypeDefIndex: 2369"
"84174","class","UITutorial_MaidAIChat.","2370","private sealed class UITutorial_MaidAIChat.<>c // TypeDefIndex: 2370"
"84194","class","UITutorial_MaidAIChat.","2371","private sealed class UITutorial_MaidAIChat.<>c__DisplayClass44_0 // TypeDefIndex: 2371"
"84211","class","UITutorial_MaidAIChat.","2372","private sealed class UITutorial_MaidAIChat.<>c__DisplayClass45_0 // TypeDefIndex: 2372"
"84228","class","UITutorial_MaidAIChat.","2373","private sealed class UITutorial_MaidAIChat.<>c__DisplayClass49_0 // TypeDefIndex: 2373"
"84245","class","UITutorial_MaidAIChat.","2374","private sealed class UITutorial_MaidAIChat.<>c__DisplayClass51_0 // TypeDefIndex: 2374"
"84262","class","UITutorial_MaidAIChat.","2375","private sealed class UITutorial_MaidAIChat.<>c__DisplayClass53_0 // TypeDefIndex: 2375"
"84278","class","UITutorial_MaidAIChat","2376","public class UITutorial_MaidAIChat : UITutorial // TypeDefIndex: 2376"
"84465","class","UITutorial_MaidAlbum","2377","public class UITutorial_MaidAlbum : UITutorial // TypeDefIndex: 2377"
"84483","class","UITutorial_MaidChat","2378","public class UITutorial_MaidChat : UITutorial // TypeDefIndex: 2378"
"84574","class","UITutorial_MaidGift","2379","public class UITutorial_MaidGift : UITutorial // TypeDefIndex: 2379"
"84718","class","UITutorial_MaidGiftInfo","2380","public class UITutorial_MaidGiftInfo : UITutorial // TypeDefIndex: 2380"
"84753","class","UITutorial_MaidLobby.","2381","private sealed class UITutorial_MaidLobby.<>c__DisplayClass16_0 // TypeDefIndex: 2381"
"84773","class","UITutorial_MaidLobby","2382","public class UITutorial_MaidLobby : UITutorial // TypeDefIndex: 2382"
"84829","class","UITutorial_MaidNote","2383","public class UITutorial_MaidNote : UITutorial // TypeDefIndex: 2383"
"84981","class","UITutorial_MaidSkill","2384","public class UITutorial_MaidSkill : UITutorial // TypeDefIndex: 2384"
"85083","class","UITutorial_MaidTeamFormation","2385","public class UITutorial_MaidTeamFormation : UITutorial // TypeDefIndex: 2385"
"85209","class","UITutorial_MemoryCardCollection.","2386","private sealed class UITutorial_MemoryCardCollection.<>c__DisplayClass16_0 // TypeDefIndex: 2386"
"85225","class","UITutorial_MemoryCardCollection","2387","public class UITutorial_MemoryCardCollection : UITutorial // TypeDefIndex: 2387"
"85307","class","UITutorial_MemoryCardShop.","2388","private sealed class UITutorial_MemoryCardShop.<>c__DisplayClass9_0 // TypeDefIndex: 2388"
"85323","class","UITutorial_MemoryCardShop","2389","public class UITutorial_MemoryCardShop : UITutorial // TypeDefIndex: 2389"
"85382","struct","MergeInfo","2390","public struct MergeInfo // TypeDefIndex: 2390"
"85397","class","UITutorial_Merge.","2391","private sealed class UITutorial_Merge.<>c__DisplayClass12_0 // TypeDefIndex: 2391"
"85414","class","UITutorial_Merge","2392","public class UITutorial_Merge : UITutorial // TypeDefIndex: 2392"
"85461","class","UITutorial_Merge_A","2393","public class UITutorial_Merge_A : UITutorial // TypeDefIndex: 2393"
"85505","class","UITutorial_Merge_FindBlock.","2394","private sealed class UITutorial_Merge_FindBlock.<>c__DisplayClass10_0 // TypeDefIndex: 2394"
"85522","class","UITutorial_Merge_FindBlock","2395","public class UITutorial_Merge_FindBlock : UITutorial // TypeDefIndex: 2395"
"85555","class","UITutorial_MultipleQuest","2396","public class UITutorial_MultipleQuest : UITutorial // TypeDefIndex: 2396"
"85612","class","UITutorial_NewEvent.","2397","private sealed class UITutorial_NewEvent.<>c__DisplayClass15_0 // TypeDefIndex: 2397"
"85628","class","UITutorial_NewEvent","2398","public class UITutorial_NewEvent : UITutorial // TypeDefIndex: 2398"
"85685","class","UITutorial_Produce.","2399","private sealed class UITutorial_Produce.<>c__DisplayClass8_0 // TypeDefIndex: 2399"
"85701","class","UITutorial_Produce","2400","public class UITutorial_Produce : UITutorial // TypeDefIndex: 2400"
"85733","class","UITutorial_QuestInfoCheck","2401","public class UITutorial_QuestInfoCheck : UITutorial // TypeDefIndex: 2401"
"85839","class","UITutorial_RandomRequest.","2402","private sealed class UITutorial_RandomRequest.<>c__DisplayClass18_0 // TypeDefIndex: 2402"
"85859","class","UITutorial_RandomRequest","2403","public class UITutorial_RandomRequest : UITutorial // TypeDefIndex: 2403"
"85927","class","UITutorial_Remodeling","2404","public class UITutorial_Remodeling : UITutorial // TypeDefIndex: 2404"
"86071","class","UITutorial_Remodeling_02","2405","public class UITutorial_Remodeling_02 : UITutorial // TypeDefIndex: 2405"
"86162","class","UITutorial_RequestComplete_GroupQuest","2406","public class UITutorial_RequestComplete_GroupQuest : UITutorial // TypeDefIndex: 2406"
"86275","class","UITutorial_RequestComplete_New","2407","public class UITutorial_RequestComplete_New : UITutorial // TypeDefIndex: 2407"
"86326","class","UITutorial_RequestComplete_Quest","2408","public class UITutorial_RequestComplete_Quest : UITutorial // TypeDefIndex: 2408"
"86377","class","UITutorial_Request_OutGame","2409","public class UITutorial_Request_OutGame : UITutorial // TypeDefIndex: 2409"
"86446","class","UITutorial_Request_OutGame_A","2410","public class UITutorial_Request_OutGame_A : UITutorial // TypeDefIndex: 2410"
"86505","class","UITutorial_ResetCoolTime.","2411","private sealed class UITutorial_ResetCoolTime.<>c__DisplayClass10_0 // TypeDefIndex: 2411"
"86522","class","UITutorial_ResetCoolTime.","2412","private sealed class UITutorial_ResetCoolTime.<>c__DisplayClass9_0 // TypeDefIndex: 2412"
"86538","class","UITutorial_ResetCoolTime","2413","public class UITutorial_ResetCoolTime : UITutorial // TypeDefIndex: 2413"
"86586","class","UITutorial_RewardBlock","2414","public class UITutorial_RewardBlock : UITutorial // TypeDefIndex: 2414"
"86635","class","UITutorial_RewardRandomBlock.","2415","private sealed class UITutorial_RewardRandomBlock.<>c__DisplayClass7_0 // TypeDefIndex: 2415"
"86651","class","UITutorial_RewardRandomBlock","2416","public class UITutorial_RewardRandomBlock : UITutorial // TypeDefIndex: 2416"
"86697","class","UITutorial_SchoolUniform.","2417","private sealed class UITutorial_SchoolUniform.<>c__DisplayClass10_0 // TypeDefIndex: 2417"
"86713","class","UITutorial_SchoolUniform","2418","public class UITutorial_SchoolUniform : UITutorial // TypeDefIndex: 2418"
"86773","class","UITutorial_SellBlock.","2419","private sealed class UITutorial_SellBlock.<>c__DisplayClass6_0 // TypeDefIndex: 2419"
"86790","class","UITutorial_SellBlock.","2420","private sealed class UITutorial_SellBlock.<>c__DisplayClass6_1 // TypeDefIndex: 2420"
"86806","class","UITutorial_SellBlock","2421","public class UITutorial_SellBlock : UITutorial // TypeDefIndex: 2421"
"86837","class","UITutorial_SeriouslyMerge","2422","public class UITutorial_SeriouslyMerge : UITutorial // TypeDefIndex: 2422"
"86897","class","UITutorial_Shop","2423","public class UITutorial_Shop : UITutorial // TypeDefIndex: 2423"
"86981","class","UITutorial_StoryReplay","2424","public class UITutorial_StoryReplay : UITutorial // TypeDefIndex: 2424"
"87087","class","UITutorial_TreasureSand.","2425","private sealed class UITutorial_TreasureSand.<>c__DisplayClass10_0 // TypeDefIndex: 2425"
"87104","class","UITutorial_TreasureSand.","2426","private sealed class UITutorial_TreasureSand.<>c__DisplayClass8_0 // TypeDefIndex: 2426"
"87120","class","UITutorial_TreasureSand","2427","public class UITutorial_TreasureSand : UITutorial // TypeDefIndex: 2427"
"87173","class","UITutorial_UserProfile","2428","public class UITutorial_UserProfile : UITutorial // TypeDefIndex: 2428"
"87276","class","UITutorial_WorkLog.","2429","private sealed class UITutorial_WorkLog.<>c__DisplayClass8_0 // TypeDefIndex: 2429"
"87293","class","UITutorial_WorkLog.","2430","private sealed class UITutorial_WorkLog.<>c__DisplayClass9_0 // TypeDefIndex: 2430"
"87309","class","UITutorial_WorkLog","2431","public class UITutorial_WorkLog : UITutorial // TypeDefIndex: 2431"
"87364","class","UiTutorial_Resycle.","2432","private sealed class UiTutorial_Resycle.<>c__DisplayClass4_0 // TypeDefIndex: 2432"
"87380","class","UiTutorial_Resycle","2433","public class UiTutorial_Resycle : UITutorial // TypeDefIndex: 2433"
"87412","class","UIAdsButton","2434","public class UIAdsButton : MonoBehaviour // TypeDefIndex: 2434"
"87430","class","UIAdsRemoveFreeEventTag","2435","public class UIAdsRemoveFreeEventTag : MonoBehaviour // TypeDefIndex: 2435"
"87454","class","UIEventIcon_CardPack","2437","public class UIEventIcon_CardPack : UIEventQuestBase // TypeDefIndex: 2437"
"87472","class","UIEventQuestBase","2438","public class UIEventQuestBase : UITapButton // TypeDefIndex: 2438"
"87516","class","UIEventQuest_Band","2439","public class UIEventQuest_Band : UIEventQuestBase // TypeDefIndex: 2439"
"87534","class","UIEventQuest_Bingo","2440","public class UIEventQuest_Bingo : UIEventQuestBase // TypeDefIndex: 2440"
"87555","class","UIEventQuest_Cartoon","2441","public class UIEventQuest_Cartoon : UIEventQuestBase // TypeDefIndex: 2441"
"87578","class","UIEventQuest_CumulativeQuest.","2442","private sealed class UIEventQuest_CumulativeQuest.<>c // TypeDefIndex: 2442"
"87597","class","UIEventQuest_CumulativeQuest","2443","public class UIEventQuest_CumulativeQuest : UIEventQuestBase // TypeDefIndex: 2443"
"87624","class","UIEventQuest_FindEvidence.","2444","private sealed class UIEventQuest_FindEvidence.<>c // TypeDefIndex: 2444"
"87644","class","UIEventQuest_FindEvidence.","2445","private sealed class UIEventQuest_FindEvidence.<AutoCloseAfterDelay>d__14 : IEnumerator<object>, IEnumerator, IDisposable // TypeDefIndex: 2445"
"87684","class","UIEventQuest_FindEvidence.","2446","private sealed class UIEventQuest_FindEvidence.<PlayAnimationWithCallback>d__13 : IEnumerator<object>, IEnumerator, IDisposable // TypeDefIndex: 2446"
"87724","class","UIEventQuest_FindEvidence","2447","public class UIEventQuest_FindEvidence : UITapButton // TypeDefIndex: 2447"
"87804","class","UIEventQuest_Fishing","2448","public class UIEventQuest_Fishing : UIEventQuestBase // TypeDefIndex: 2448"
"87825","class","UIEventQuest_House","2449","public class UIEventQuest_House : UIEventQuestBase // TypeDefIndex: 2449"
"87846","class","UIEventQuest_Match3d","2450","public class UIEventQuest_Match3d : UIEventQuestBase // TypeDefIndex: 2450"
"87864","class","UIEventQuest_MatchCard","2451","public class UIEventQuest_MatchCard : UIEventQuestBase // TypeDefIndex: 2451"
"87892","class","UIEventQuest_MateRace","2452","public class UIEventQuest_MateRace : UIEventQuestBase // TypeDefIndex: 2452"
"87917","class","UIEventQuest_MiniGame","2453","public class UIEventQuest_MiniGame : UIEventQuestBase // TypeDefIndex: 2453"
"87938","class","UIEventQuest_Ocean","2454","public class UIEventQuest_Ocean : UIEventQuestBase // TypeDefIndex: 2454"
"87956","class","UIEventQuest_PointCollect","2455","public class UIEventQuest_PointCollect : UIEventQuestBase // TypeDefIndex: 2455"
"87980","class","UIEventQuest_Pudding","2456","public class UIEventQuest_Pudding : UIEventQuestBase // TypeDefIndex: 2456"
"88001","class","UIEventQuest_SchoolUniform","2457","public class UIEventQuest_SchoolUniform : UIEventQuestBase // TypeDefIndex: 2457"
"88025","class","UIEventQuest_SeasonPass","2458","public class UIEventQuest_SeasonPass : UIEventQuestBase // TypeDefIndex: 2458"
"88055","class","UIEventQuest_Spring","2459","public class UIEventQuest_Spring : UIEventQuestBase // TypeDefIndex: 2459"
"88073","class","UIEventQuest_SummerFestival","2460","public class UIEventQuest_SummerFestival : UIEventQuestBase // TypeDefIndex: 2460"
"88098","class","UIEventQuest_TreasureSand","2461","public class UIEventQuest_TreasureSand : UIEventQuestBase // TypeDefIndex: 2461"
"88123","class","UIEventQuest_WhiteDay","2462","public class UIEventQuest_WhiteDay : UIEventQuestBase // TypeDefIndex: 2462"
"88151","class","UIEventQuest_Winter","2463","public class UIEventQuest_Winter : UIEventQuestBase // TypeDefIndex: 2463"
"88169","class","UITap_MissionPass","2464","public class UITap_MissionPass : MonoBehaviour // TypeDefIndex: 2464"
"88246","class","UIPackage_BenefitMorePackage","2466","public class UIPackage_BenefitMorePackage : UIListitem_PackageIconBase // TypeDefIndex: 2466"
"88264","class","UIPackage_BenefitSalePackage","2467","public class UIPackage_BenefitSalePackage : UIListitem_PackageIconBase // TypeDefIndex: 2467"
"88282","class","UIPackage_DuckTube","2468","public class UIPackage_DuckTube : UIListitem_PackageIconBase // TypeDefIndex: 2468"
"88300","class","UIPackage_EnergyPackage","2469","public class UIPackage_EnergyPackage : UIListitem_PackageIconBase // TypeDefIndex: 2469"
"88312","class","UIPackage_GemJar","2470","public class UIPackage_GemJar : UIListitem_PackageIconBase // TypeDefIndex: 2470"
"88342","class","UIPackage_GoldenWorm","2471","public class UIPackage_GoldenWorm : UIListitem_PackageIconBase // TypeDefIndex: 2471"
"88360","class","UIPackage_HighKuji","2472","public class UIPackage_HighKuji : UIListitem_PackageIconBase // TypeDefIndex: 2472"
"88399","class","UIPackage_OnePlusPackage","2474","public class UIPackage_OnePlusPackage : UIListitem_PackageIconBase // TypeDefIndex: 2474"
"88417","class","UIPackage_Roulette","2475","public class UIPackage_Roulette : UIListitem_PackageIconBase // TypeDefIndex: 2475"
"88447","class","UIPackage_SpecialAttendance","2476","public class UIPackage_SpecialAttendance : UIListitem_PackageIconBase // TypeDefIndex: 2476"
"88465","class","UIPackage_StarterPack","2477","public class UIPackage_StarterPack : UIListitem_PackageIconBase // TypeDefIndex: 2477"
"88501","class","UITab_MissionPass","2479","public class UITab_MissionPass : UITapButton // TypeDefIndex: 2479"
"88531","class","UITab_AddLine","2480","public class UITab_AddLine : UITapButton // TypeDefIndex: 2480"
"88546","class","UITab_AdsRemove","2481","public class UITab_AdsRemove : UITapButton // TypeDefIndex: 2481"
"88592","class","UITab_ChangeMainMaid","2483","public class UITab_ChangeMainMaid : UITapButton // TypeDefIndex: 2483"
"88607","class","UITab_LevelPass","2484","public class UITab_LevelPass : UITapButton // TypeDefIndex: 2484"
"89236","class","BlockInfoSkinInfo","2495","public class BlockInfoSkinInfo // TypeDefIndex: 2495"
"89251","class","UIBlockInfo.","2496","private sealed class UIBlockInfo.<>c__DisplayClass109_0 // TypeDefIndex: 2496"
"89268","class","UIBlockInfo.","2497","private sealed class UIBlockInfo.<>c__DisplayClass99_0 // TypeDefIndex: 2497"
"89284","class","UIBlockInfo","2498","public class UIBlockInfo : MonoBehaviour // TypeDefIndex: 2498"
"89563","class","UICellUnLockInfo_BlockMerge","2499","public class UICellUnLockInfo_BlockMerge : UICellUnlockInfo // TypeDefIndex: 2499"
"89614","class","UIFabricateInfo","2501","public class UIFabricateInfo : MonoBehaviour // TypeDefIndex: 2501"
"89657","class","UIInGameRewardBlock","2502","public class UIInGameRewardBlock : MonoBehaviour // TypeDefIndex: 2502"
"89701","class","UIInGameRewardBlock_BM","2503","public class UIInGameRewardBlock_BM : MonoBehaviour // TypeDefIndex: 2503"
"89736","class","UIInventory","2504","public class UIInventory : MonoBehaviour // TypeDefIndex: 2504"
"89781","class","UIRequestInfo.","2505","private sealed class UIRequestInfo.<>c__DisplayClass105_0 // TypeDefIndex: 2505"
"89799","class","UIRequestInfo.","2506","private sealed class UIRequestInfo.<>c__DisplayClass106_0 // TypeDefIndex: 2506"
"89817","class","UIRequestInfo.","2507","private sealed class UIRequestInfo.<>c__DisplayClass129_0 // TypeDefIndex: 2507"
"89834","class","UIRequestInfo.","2508","private sealed class UIRequestInfo.<>c__DisplayClass130_0 // TypeDefIndex: 2508"
"89851","class","UIRequestInfo.","2509","private sealed class UIRequestInfo.<>c__DisplayClass148_0 // TypeDefIndex: 2509"
"89866","class","UIRequestInfo","2510","public class UIRequestInfo : MonoBehaviour // TypeDefIndex: 2510"
"90298","class","MaidSkillTargetInfo","2511","public class MaidSkillTargetInfo // TypeDefIndex: 2511"
"90401","class","UIUseItemBlock","2514","public class UIUseItemBlock : MonoBehaviour // TypeDefIndex: 2514"
"90446","class","UI_CompleteBlock","2515","public class UI_CompleteBlock : MonoBehaviour // TypeDefIndex: 2515"
"90601","class","MaidAIChatCatalogMaid","2518","public class MaidAIChatCatalogMaid // TypeDefIndex: 2518"
"90620","class","MaidAIChatCatalogSituation","2519","public class MaidAIChatCatalogSituation // TypeDefIndex: 2519"
"90637","class","MaidAIChatCatalogResponse","2520","public class MaidAIChatCatalogResponse // TypeDefIndex: 2520"
"90652","class","MaidAIChatSessionRequest","2521","public class MaidAIChatSessionRequest // TypeDefIndex: 2521"
"90665","class","MaidAIChatSessionResponse","2522","public class MaidAIChatSessionResponse // TypeDefIndex: 2522"
"90682","class","MaidAIChatServerMaintenanceResponse","2523","public class MaidAIChatServerMaintenanceResponse // TypeDefIndex: 2523"
"90695","class","MaidAIChatRoomSummary","2524","public class MaidAIChatRoomSummary // TypeDefIndex: 2524"
"90722","class","MaidAIChatRoomListResponse","2525","public class MaidAIChatRoomListResponse // TypeDefIndex: 2525"
"90737","class","MaidAIChatRoomMessage","2526","public class MaidAIChatRoomMessage // TypeDefIndex: 2526"
"90755","class","MaidAIChatRoomMessagesResponse","2527","public class MaidAIChatRoomMessagesResponse // TypeDefIndex: 2527"
"90770","class","MaidAIChatChatRequest","2528","public class MaidAIChatChatRequest // TypeDefIndex: 2528"
"90786","class","MaidAIChatChatResponse","2529","public class MaidAIChatChatResponse // TypeDefIndex: 2529"
"90806","class","MaidAIChatEndingHistoryItem","2530","public class MaidAIChatEndingHistoryItem // TypeDefIndex: 2530"
"90820","class","MaidAIChatEndingTextRequest","2531","public class MaidAIChatEndingTextRequest // TypeDefIndex: 2531"
"90834","class","MaidAIChatEndingResponse","2532","public class MaidAIChatEndingResponse // TypeDefIndex: 2532"
"90855","class","MaidAIChatUsage","2533","public class MaidAIChatUsage // TypeDefIndex: 2533"
"90870","class","MaidAIChatBilling","2534","public class MaidAIChatBilling // TypeDefIndex: 2534"
"90886","class","MaidAIChatEndingImageRequest","2535","public class MaidAIChatEndingImageRequest // TypeDefIndex: 2535"
"90902","class","MaidAIChatFirstMessageRequest","2536","public class MaidAIChatFirstMessageRequest // TypeDefIndex: 2536"
"90917","class","MaidAIChatFirstMessageResponse","2537","public class MaidAIChatFirstMessageResponse // TypeDefIndex: 2537"
"90937","class","MaidAIChatEndingImageResponse","2538","public class MaidAIChatEndingImageResponse // TypeDefIndex: 2538"
"90961","class","MaidAIChatMemoryArchiveEntry","2539","public class MaidAIChatMemoryArchiveEntry // TypeDefIndex: 2539"
"90988","class","MaidAIChatPendingEndingImageJob","2540","public class MaidAIChatPendingEndingImageJob // TypeDefIndex: 2540"
"91017","class","MaidAIChatPendingEndingTextJob","2541","public class MaidAIChatPendingEndingTextJob // TypeDefIndex: 2541"
"91036","class","MaidAIChatPendingChatJob","2542","public class MaidAIChatPendingChatJob // TypeDefIndex: 2542"
"91058","class","MaidAIChatErrorDetails","2543","public class MaidAIChatErrorDetails // TypeDefIndex: 2543"
"91086","class","MaidAIChatErrorResponse","2544","public class MaidAIChatErrorResponse // TypeDefIndex: 2544"
"91109","class","MaidAIChatReportRequest","2545","public class MaidAIChatReportRequest // TypeDefIndex: 2545"
"91126","class","MaidAIChatReportResponse","2546","public class MaidAIChatReportResponse // TypeDefIndex: 2546"
"91141","class","MaidAIChatBlockedContentLogRequest","2547","public class MaidAIChatBlockedContentLogRequest // TypeDefIndex: 2547"
"91158","class","MaidAIChatBlockedContentLogResponse","2548","public class MaidAIChatBlockedContentLogResponse // TypeDefIndex: 2548"
"91176","class","MaidAIChatArchiveImageLoader.","2549","private sealed class MaidAIChatArchiveImageLoader.<>c__DisplayClass4_0 // TypeDefIndex: 2549"
"91192","struct","MaidAIChatArchiveImageLoader.","2550","private struct MaidAIChatArchiveImageLoader.<DownloadTextureAsync>d__4 : IAsyncStateMachine // TypeDefIndex: 2550"
"91213","struct","MaidAIChatArchiveImageLoader.","2551","private struct MaidAIChatArchiveImageLoader.<LoadArchiveTextureAsync>d__1 : IAsyncStateMachine // TypeDefIndex: 2551"
"91235","struct","MaidAIChatArchiveImageLoader.","2552","private struct MaidAIChatArchiveImageLoader.<LoadLocalTextureAsync>d__3 : IAsyncStateMachine // TypeDefIndex: 2552"
"91255","struct","MaidAIChatArchiveImageLoader.","2553","private struct MaidAIChatArchiveImageLoader.<LoadRemoteTextureAsync>d__2 : IAsyncStateMachine // TypeDefIndex: 2553"
"91274","class","MaidAIChatArchiveImageLoader","2554","public static class MaidAIChatArchiveImageLoader // TypeDefIndex: 2554"
"91317","interface","IMaidAIChatPoolable","2555","public interface IMaidAIChatPoolable // TypeDefIndex: 2555"
"91329","class","MaidAIChatComponentPool","2556","public class MaidAIChatComponentPool<T> // TypeDefIndex: 2556"
"91388","class","MaidAIChatEndingDebugSnapshot","2557","public class MaidAIChatEndingDebugSnapshot // TypeDefIndex: 2557"
"91408","class","MaidAIChatDisplayText","2558","public static class MaidAIChatDisplayText // TypeDefIndex: 2558"
"91453","class","MaidAIChatHttpException","2559","public class MaidAIChatHttpException : Exception // TypeDefIndex: 2559"
"91514","class","MaidAIChatHttpClient.","2560","private sealed class MaidAIChatHttpClient.<>c__DisplayClass15_0 // TypeDefIndex: 2560"
"91530","struct","MaidAIChatHttpClient.","2561","private struct MaidAIChatHttpClient.<GetJsonAsync>d__6<T> : IAsyncStateMachine // TypeDefIndex: 2561"
"91568","struct","MaidAIChatHttpClient.","2562","private struct MaidAIChatHttpClient.<GetRawAsync>d__10 : IAsyncStateMachine // TypeDefIndex: 2562"
"91592","struct","MaidAIChatHttpClient.","2563","private struct MaidAIChatHttpClient.<PostJsonAsync>d__7<T> : IAsyncStateMachine // TypeDefIndex: 2563"
"91632","struct","MaidAIChatHttpClient.","2564","private struct MaidAIChatHttpClient.<PostJsonAsync>d__8<T> : IAsyncStateMachine // TypeDefIndex: 2564"
"91673","struct","MaidAIChatHttpClient.","2565","private struct MaidAIChatHttpClient.<PostJsonStringAsync>d__9<T> : IAsyncStateMachine // TypeDefIndex: 2565"
"91714","struct","MaidAIChatHttpClient.","2566","private struct MaidAIChatHttpClient.<PostRawAsync>d__11 : IAsyncStateMachine // TypeDefIndex: 2566"
"91738","struct","MaidAIChatHttpClient.","2567","private struct MaidAIChatHttpClient.<PostRawAsync>d__12 : IAsyncStateMachine // TypeDefIndex: 2567"
"91763","struct","MaidAIChatHttpClient.","2568","private struct MaidAIChatHttpClient.<PostRawJsonAsync>d__13 : IAsyncStateMachine // TypeDefIndex: 2568"
"91789","class","MaidAIChatHttpClient","2569","public class MaidAIChatHttpClient // TypeDefIndex: 2569"
"91890","class","MaidAIChatInvalidFilter","2570","public static class MaidAIChatInvalidFilter // TypeDefIndex: 2570"
"91906","enum","MaidAIChatReportContentType","2571","public enum MaidAIChatReportContentType // TypeDefIndex: 2571"
"91917","enum","MaidAIChatReportReason","2572","public enum MaidAIChatReportReason // TypeDefIndex: 2572"
"91930","class","MaidAIChatReportTargetInfo","2573","public class MaidAIChatReportTargetInfo // TypeDefIndex: 2573"
"91951","class","MaidAIChatReportEntry","2574","public class MaidAIChatReportEntry // TypeDefIndex: 2574"
"91972","class","MaidAIChatModeration","2575","public static class MaidAIChatModeration // TypeDefIndex: 2575"
"92035","class","MaidAIChatService.","2576","private sealed class MaidAIChatService.<>c // TypeDefIndex: 2576"
"92059","class","MaidAIChatService.","2577","private sealed class MaidAIChatService.<>c__DisplayClass32_0 // TypeDefIndex: 2577"
"92076","class","MaidAIChatService.","2578","private sealed class MaidAIChatService.<>c__DisplayClass34_0 // TypeDefIndex: 2578"
"92093","class","MaidAIChatService.","2579","private sealed class MaidAIChatService.<>c__DisplayClass43_0 // TypeDefIndex: 2579"
"92111","class","MaidAIChatService.","2580","private sealed class MaidAIChatService.<>c__DisplayClass46_0 // TypeDefIndex: 2580"
"92129","class","MaidAIChatService.","2581","private sealed class MaidAIChatService.<>c__DisplayClass48_0 // TypeDefIndex: 2581"
"92146","class","MaidAIChatService.","2582","private sealed class MaidAIChatService.<>c__DisplayClass49_0 // TypeDefIndex: 2582"
"92164","class","MaidAIChatService.","2583","private sealed class MaidAIChatService.<>c__DisplayClass50_0 // TypeDefIndex: 2583"
"92182","class","MaidAIChatService.","2584","private sealed class MaidAIChatService.<>c__DisplayClass77_0 // TypeDefIndex: 2584"
"92199","class","MaidAIChatService.","2585","private sealed class MaidAIChatService.<>c__DisplayClass92_0 // TypeDefIndex: 2585"
"92221","struct","MaidAIChatService.","2586","private struct MaidAIChatService.<CreateRoomAsync>d__36 : IAsyncStateMachine // TypeDefIndex: 2586"
"92252","struct","MaidAIChatService.","2587","private struct MaidAIChatService.<EnsureAuthorizedAsync>d__31 : IAsyncStateMachine // TypeDefIndex: 2587"
"92273","struct","MaidAIChatService.","2588","private struct MaidAIChatService.<EnsureRoomHasInitialMessageAsync>d__124 : IAsyncStateMachine // TypeDefIndex: 2588"
"92296","struct","MaidAIChatService.","2589","private struct MaidAIChatService.<EnsureSessionAsync>d__127 : IAsyncStateMachine // TypeDefIndex: 2589"
"92318","struct","MaidAIChatService.","2590","private struct MaidAIChatService.<ExecuteProtectedRequestAsync>d__90<T> : IAsyncStateMachine // TypeDefIndex: 2590"
"92357","struct","MaidAIChatService.","2591","private struct MaidAIChatService.<FetchCatalogAsync>d__34 : IAsyncStateMachine // TypeDefIndex: 2591"
"92378","struct","MaidAIChatService.","2592","private struct MaidAIChatService.<GenerateEndingAsync>d__42 : IAsyncStateMachine // TypeDefIndex: 2592"
"92399","struct","MaidAIChatService.","2593","private struct MaidAIChatService.<GenerateEndingAsync>d__43 : IAsyncStateMachine // TypeDefIndex: 2593"
"92420","struct","MaidAIChatService.","2594","private struct MaidAIChatService.<GenerateEndingImageAsync>d__45 : IAsyncStateMachine // TypeDefIndex: 2594"
"92444","struct","MaidAIChatService.","2595","private struct MaidAIChatService.<GenerateEndingImageAsync>d__46 : IAsyncStateMachine // TypeDefIndex: 2595"
"92469","struct","MaidAIChatService.","2596","private struct MaidAIChatService.<GetCatalogAsync>d__33 : IAsyncStateMachine // TypeDefIndex: 2596"
"92491","struct","MaidAIChatService.","2597","private struct MaidAIChatService.<GetEndingImageAsync>d__47 : IAsyncStateMachine // TypeDefIndex: 2597"
"92512","struct","MaidAIChatService.","2598","private struct MaidAIChatService.<GetEndingImageAsync>d__48 : IAsyncStateMachine // TypeDefIndex: 2598"
"92533","struct","MaidAIChatService.","2599","private struct MaidAIChatService.<GetResetInitialMessageAsync>d__38 : IAsyncStateMachine // TypeDefIndex: 2599"
"92556","struct","MaidAIChatService.","2600","private struct MaidAIChatService.<GetRoomMessagesAsync>d__37 : IAsyncStateMachine // TypeDefIndex: 2600"
"92580","struct","MaidAIChatService.","2601","private struct MaidAIChatService.<IsServerMaintenanceModeAsync>d__32 : IAsyncStateMachine // TypeDefIndex: 2601"
"92600","struct","MaidAIChatService.","2602","private struct MaidAIChatService.<IssueSessionAsync>d__128 : IAsyncStateMachine // TypeDefIndex: 2602"
"92620","struct","MaidAIChatService.","2603","private struct MaidAIChatService.<RecoverPendingChatJobAsync>d__67 : IAsyncStateMachine // TypeDefIndex: 2603"
"92642","struct","MaidAIChatService.","2604","private struct MaidAIChatService.<SendRoomChatAsync>d__39 : IAsyncStateMachine // TypeDefIndex: 2604"
"92665","struct","MaidAIChatService.","2605","private struct MaidAIChatService.<SendRoomChatAsync>d__40 : IAsyncStateMachine // TypeDefIndex: 2605"
"92690","struct","MaidAIChatService.","2606","private struct MaidAIChatService.<SendRoomChatWithRetryAsync>d__91 : IAsyncStateMachine // TypeDefIndex: 2606"
"92712","struct","MaidAIChatService.","2607","private struct MaidAIChatService.<SendRoomChatWithRetryAsync>d__92 : IAsyncStateMachine // TypeDefIndex: 2607"
"92737","struct","MaidAIChatService.","2608","private struct MaidAIChatService.<SubmitBlockedContentLogAsync>d__50 : IAsyncStateMachine // TypeDefIndex: 2608"
"92762","struct","MaidAIChatService.","2609","private struct MaidAIChatService.<SubmitReportAsync>d__49 : IAsyncStateMachine // TypeDefIndex: 2609"
"92784","struct","MaidAIChatService.","2610","private struct MaidAIChatService.<TryEnsureCatalogAsync>d__76 : IAsyncStateMachine // TypeDefIndex: 2610"
"92804","struct","MaidAIChatService.","2611","private struct MaidAIChatService.<TryGetFirstMessageAsync>d__77 : IAsyncStateMachine // TypeDefIndex: 2611"
"92825","class","MaidAIChatService","2612","public class MaidAIChatService // TypeDefIndex: 2612"
"93270","struct","MaidAIChatTextFormatter.TextSegment","2613","private struct MaidAIChatTextFormatter.TextSegment // TypeDefIndex: 2613"
"93278","class","MaidAIChatTextFormatter","2614","public static class MaidAIChatTextFormatter // TypeDefIndex: 2614"
"93310","class","UIListitem_MaidAIChatMessage.","2615","private sealed class UIListitem_MaidAIChatMessage.<>c__DisplayClass24_0 // TypeDefIndex: 2615"
"93329","class","UIListitem_MaidAIChatMessage","2616","public class UIListitem_MaidAIChatMessage : MonoBehaviour, IMaidAIChatPoolable // TypeDefIndex: 2616"
"93430","class","UIListitem_MaidAIChatMessageBox","2617","public class UIListitem_MaidAIChatMessageBox : MonoBehaviour, IMaidAIChatPoolable // TypeDefIndex: 2617"
"93484","class","UIListitem_MaidAIChatScenarioCard","2618","public class UIListitem_MaidAIChatScenarioCard : MonoBehaviour // TypeDefIndex: 2618"
"93533","struct","UIMaidAIChat.","2619","private struct UIMaidAIChat.<InitializeAsync>d__42 : IAsyncStateMachine // TypeDefIndex: 2619"
"93553","struct","UIMaidAIChat.","2620","private struct UIMaidAIChat.<OpenListAsync>d__46 : IAsyncStateMachine // TypeDefIndex: 2620"
"93573","struct","UIMaidAIChat.","2621","private struct UIMaidAIChat.<OpenRoomAsync>d__56 : IAsyncStateMachine // TypeDefIndex: 2621"
"93594","struct","UIMaidAIChat.","2622","private struct UIMaidAIChat.<PreloadCreateCatalogForTutorialAsync>d__51 : IAsyncStateMachine // TypeDefIndex: 2622"
"93614","struct","UIMaidAIChat.","2623","private struct UIMaidAIChat.<PrepareEnterAsync>d__36 : IAsyncStateMachine // TypeDefIndex: 2623"
"93636","struct","UIMaidAIChat.","2624","private struct UIMaidAIChat.<RecoverPendingChatAsyncInternal>d__63 : IAsyncStateMachine // TypeDefIndex: 2624"
"93656","struct","UIMaidAIChat.","2625","private struct UIMaidAIChat.<RecoverPendingDataAsync>d__61 : IAsyncStateMachine // TypeDefIndex: 2625"
"93677","struct","UIMaidAIChat.","2626","private struct UIMaidAIChat.<TryRecoverPendingChatAsync>d__62 : IAsyncStateMachine // TypeDefIndex: 2626"
"93696","class","UIMaidAIChat","2627","public class UIMaidAIChat : MonoBehaviour // TypeDefIndex: 2627"
"93872","class","UIMaidAIChatCreateView.","2628","private sealed class UIMaidAIChatCreateView.<>c // TypeDefIndex: 2628"
"93920","struct","UIMaidAIChatCreateView.","2629","private struct UIMaidAIChatCreateView.<CreateAsync>d__59 : IAsyncStateMachine // TypeDefIndex: 2629"
"93940","struct","UIMaidAIChatCreateView.","2630","private struct UIMaidAIChatCreateView.<OpenAsync>d__34 : IAsyncStateMachine // TypeDefIndex: 2630"
"93959","class","UIMaidAIChatCreateView","2631","public class UIMaidAIChatCreateView : MonoBehaviour // TypeDefIndex: 2631"
"94124","class","UIMaidAIChatListView","2632","public class UIMaidAIChatListView : MonoBehaviour // TypeDefIndex: 2632"
"94269","class","UIMaidAIChatMemoryArchive","2633","public class UIMaidAIChatMemoryArchive : MonoBehaviour // TypeDefIndex: 2633"
"94307","struct","UIMaidAIChatRoomView.RowState","2634","private struct UIMaidAIChatRoomView.RowState // TypeDefIndex: 2634"
"94316","struct","UIMaidAIChatRoomView.ChatBoxSegment","2635","private struct UIMaidAIChatRoomView.ChatBoxSegment // TypeDefIndex: 2635"
"94325","class","UIMaidAIChatRoomView.","2636","private sealed class UIMaidAIChatRoomView.<>c__DisplayClass140_0 // TypeDefIndex: 2636"
"94342","class","UIMaidAIChatRoomView.","2637","private sealed class UIMaidAIChatRoomView.<>c__DisplayClass145_0 // TypeDefIndex: 2637"
"94361","struct","UIMaidAIChatRoomView.","2638","private struct UIMaidAIChatRoomView.<LoadOlderMessagesAsync>d__108 : IAsyncStateMachine // TypeDefIndex: 2638"
"94385","struct","UIMaidAIChatRoomView.","2639","private struct UIMaidAIChatRoomView.<OnClickSend>d__86 : IAsyncStateMachine // TypeDefIndex: 2639"
"94412","struct","UIMaidAIChatRoomView.","2640","private struct UIMaidAIChatRoomView.<OnConfirmResetRoom>d__82 : IAsyncStateMachine // TypeDefIndex: 2640"
"94434","struct","UIMaidAIChatRoomView.","2641","private struct UIMaidAIChatRoomView.<OpenRoomAsync>d__70 : IAsyncStateMachine // TypeDefIndex: 2641"
"94457","struct","UIMaidAIChatRoomView.","2642","private struct UIMaidAIChatRoomView.<SubmitLocalBlockedContentLogAsync>d__159 : IAsyncStateMachine // TypeDefIndex: 2642"
"94478","class","UIMaidAIChatRoomView","2643","public class UIMaidAIChatRoomView : MonoBehaviour // TypeDefIndex: 2643"
"94876","class","UIListitem_Chat.","2644","private sealed class UIListitem_Chat.<>c__DisplayClass7_0 // TypeDefIndex: 2644"
"94894","class","UIListitem_Chat.","2645","private sealed class UIListitem_Chat.<>c__DisplayClass8_0 // TypeDefIndex: 2645"
"94911","class","UIListitem_Chat","2646","public class UIListitem_Chat : MonoBehaviour // TypeDefIndex: 2646"
"94950","class","UIListitem_ChatBox","2647","public class UIListitem_ChatBox : MonoBehaviour // TypeDefIndex: 2647"
"94969","class","UIListitem_ChatBoxImage","2648","public class UIListitem_ChatBoxImage : MonoBehaviour // TypeDefIndex: 2648"
"94985","class","UIListitem_ChatSelectBtnItem","2649","public class UIListitem_ChatSelectBtnItem : MonoBehaviour // TypeDefIndex: 2649"
"95008","enum","ChatAnimStep","2650","public enum ChatAnimStep // TypeDefIndex: 2650"
"95022","class","UIMaidChatRoom.","2651","private sealed class UIMaidChatRoom.<>c__DisplayClass43_0 // TypeDefIndex: 2651"
"95039","class","UIMaidChatRoom.","2652","private sealed class UIMaidChatRoom.<>c__DisplayClass48_0 // TypeDefIndex: 2652"
"95056","class","UIMaidChatRoom.","2653","private sealed class UIMaidChatRoom.<DelayedOnNextDialog>d__50 : IEnumerator<object>, IEnumerator, IDisposable // TypeDefIndex: 2653"
"95094","class","UIMaidChatRoom","2654","public class UIMaidChatRoom : MonoBehaviour // TypeDefIndex: 2654"
"95225","class","UIMaidChatSelectBtn.","2655","private sealed class UIMaidChatSelectBtn.<TypeText>d__12 : IEnumerator<object>, IEnumerator, IDisposable // TypeDefIndex: 2655"
"95266","class","UIMaidChatSelectBtn","2656","public class UIMaidChatSelectBtn : MonoBehaviour // TypeDefIndex: 2656"
"95483","class","UIMaidChat","2660","public class UIMaidChat : MonoBehaviour // TypeDefIndex: 2660"
"95529","class","UIMaidInfo.","2661","private sealed class UIMaidInfo.<>c__DisplayClass117_0 // TypeDefIndex: 2661"
"95550","class","UIMaidInfo.","2662","private sealed class UIMaidInfo.<SetTransform>d__133 : IEnumerator<object>, IEnumerator, IDisposable // TypeDefIndex: 2662"
"95595","class","UIMaidInfo","2663","public class UIMaidInfo : MonoBehaviour // TypeDefIndex: 2663"
"95944","class","UIMaidLevelInfo.","2664","private sealed class UIMaidLevelInfo.<>c__DisplayClass42_0 // TypeDefIndex: 2664"
"95962","class","UIMaidLevelInfo.","2665","private sealed class UIMaidLevelInfo.<StartMaidExpUp>d__45 : IEnumerator<object>, IEnumerator, IDisposable // TypeDefIndex: 2665"
"96009","class","UIMaidLevelInfo","2666","public class UIMaidLevelInfo : MonoBehaviour // TypeDefIndex: 2666"
"96136","class","UIMaidReward.","2667","private sealed class UIMaidReward.<>c // TypeDefIndex: 2667"
"96155","class","UIMaidReward","2668","public class UIMaidReward : MonoBehaviour // TypeDefIndex: 2668"
"96219","class","MemoryCardItemData","2669","public class MemoryCardItemData : InfiniteScrollData // TypeDefIndex: 2669"
"96236","class","MemoryCardGroupItemData","2670","public class MemoryCardGroupItemData : InfiniteScrollData // TypeDefIndex: 2670"
"96250","enum","UIMemoryCardGallery.SortKey","2671","private enum UIMemoryCardGallery.SortKey // TypeDefIndex: 2671"
"96262","struct","UIMemoryCardGallery.DeferredBindTask","2672","public struct UIMemoryCardGallery.DeferredBindTask // TypeDefIndex: 2672"
"96272","class","UIMemoryCardGallery.","2673","private sealed class UIMemoryCardGallery.<>c // TypeDefIndex: 2673"
"96291","class","UIMemoryCardGallery","2674","public class UIMemoryCardGallery : MonoBehaviour // TypeDefIndex: 2674"
"96501","class","UILobbyItem","2677","public class UILobbyItem : MonoBehaviour // TypeDefIndex: 2677"
"96536","class","UILobby_CollectibleBtn","2678","public class UILobby_CollectibleBtn : UILobbyItem // TypeDefIndex: 2678"
"96557","class","UILobby_MaidNoteBtn","2679","public class UILobby_MaidNoteBtn : UILobbyItem // TypeDefIndex: 2679"
"96608","class","UIFurnitureQuest","2681","public class UIFurnitureQuest : MonoBehaviour // TypeDefIndex: 2681"
"96662","class","UIItemVillageLvUpRewardInfo","2682","public class UIItemVillageLvUpRewardInfo : MonoBehaviour // TypeDefIndex: 2682"
"96687","class","UIMaidLD.","2683","private sealed class UIMaidLD.<>c // TypeDefIndex: 2683"
"96707","class","UIMaidLD.","2684","private sealed class UIMaidLD.<AnimateMaidView>d__21 : IEnumerator<object>, IEnumerator, IDisposable // TypeDefIndex: 2684"
"96751","class","UIMaidLD","2685","public class UIMaidLD : MonoBehaviour // TypeDefIndex: 2685"
"96819","class","LobbyMaidInfo","2686","public class LobbyMaidInfo // TypeDefIndex: 2686"
"96831","class","UIMaidLobby","2687","public class UIMaidLobby : MonoBehaviour // TypeDefIndex: 2687"
"96869","class","UINpcDialog.","2688","private sealed class UINpcDialog.<OnOffDialog>d__8 : IEnumerator<object>, IEnumerator, IDisposable // TypeDefIndex: 2688"
"96908","class","UINpcDialog","2689","public class UINpcDialog : MonoBehaviour // TypeDefIndex: 2689"
"96978","class","UIInGame_EchoArchive_Fabricate","2692","public class UIInGame_EchoArchive_Fabricate : MonoBehaviour // TypeDefIndex: 2692"
"97015","class","UIInGame_SchoolUniform.","2693","private sealed class UIInGame_SchoolUniform.<>c__DisplayClass15_0 // TypeDefIndex: 2693"
"97031","class","UIInGame_SchoolUniform","2694","public class UIInGame_SchoolUniform : MonoBehaviour // TypeDefIndex: 2694"
"97103","class","UIInGameSubMap","2695","public class UIInGameSubMap : MonoBehaviour // TypeDefIndex: 2695"
"97143","class","UIInGameSubMap_EchoArchive.","2696","private sealed class UIInGameSubMap_EchoArchive.<>c // TypeDefIndex: 2696"
"97166","class","UIInGameSubMap_EchoArchive","2697","public class UIInGameSubMap_EchoArchive : UIInGameSubMap // TypeDefIndex: 2697"
"97234","class","UIInGameSubMap_Event","2698","public class UIInGameSubMap_Event : UIInGameSubMap // TypeDefIndex: 2698"
"97415","class","MapCellLockUIInfo","2701","public class MapCellLockUIInfo // TypeDefIndex: 2701"
"97431","class","SubMapUnlockUIInfo","2702","public class SubMapUnlockUIInfo // TypeDefIndex: 2702"
"97448","class","UIInGame.","2703","private sealed class UIInGame.<>c__DisplayClass62_0 // TypeDefIndex: 2703"
"97463","class","UIInGame","2704","public class UIInGame : MonoBehaviour // TypeDefIndex: 2704"
"97663","class","UIInGameBG","2705","public class UIInGameBG : MonoBehaviour // TypeDefIndex: 2705"
"97717","class","UIInGameBag","2706","public class UIInGameBag : MonoBehaviour // TypeDefIndex: 2706"
"97781","struct","LoadingLogoInfo","2707","public struct LoadingLogoInfo // TypeDefIndex: 2707"
"97791","class","UILoading.","2708","private sealed class UILoading.<>c__DisplayClass37_0 // TypeDefIndex: 2708"
"97811","class","UILoading","2709","public class UILoading : MonoBehaviour // TypeDefIndex: 2709"
"97927","class","UIOutGame","2711","public class UIOutGame : MonoBehaviour // TypeDefIndex: 2711"
"98038","class","SceneLoadingItem","2713","public class SceneLoadingItem // TypeDefIndex: 2713"
"98063","class","UISceneLoading.","2714","private sealed class UISceneLoading.<>c // TypeDefIndex: 2714"
"98082","class","UISceneLoading","2715","public class UISceneLoading : MonoBehaviour // TypeDefIndex: 2715"
"98917","class","UIGradient","2733","public class UIGradient : BaseMeshEffect // TypeDefIndex: 2733"
"98936","struct","UIGradientUtils.Matrix2x3","2734","public struct UIGradientUtils.Matrix2x3 // TypeDefIndex: 2734"
"98956","class","UIGradientUtils","2735","public static class UIGradientUtils // TypeDefIndex: 2735"
"99415","class","InfinityScrollTest_Item","2752","public class InfinityScrollTest_Item : InfiniteScrollItem // TypeDefIndex: 2752"
"99543","class","ObjectPoolItem","2759","public class ObjectPoolItem : MonoBehaviour // TypeDefIndex: 2759"
"99674","struct","PrefabLightmapData.RendererInfo","2766","private struct PrefabLightmapData.RendererInfo // TypeDefIndex: 2766"
"99684","struct","PrefabLightmapData.LightInfo","2767","private struct PrefabLightmapData.LightInfo // TypeDefIndex: 2767"
"99694","class","PrefabLightmapData","2768","public class PrefabLightmapData : MonoBehaviour // TypeDefIndex: 2768"
"99734","class","ReadOnlyAttribute","2769","public class ReadOnlyAttribute : PropertyAttribute // TypeDefIndex: 2769"
"99856","class","ScrollViewFocusFunctions.","2774","private sealed class ScrollViewFocusFunctions.<FocusOnItemCoroutine>d__14 : IEnumerator<object>, IEnumerator, IDisposable // TypeDefIndex: 2774"
"99897","class","ScrollViewFocusFunctions.","2775","private sealed class ScrollViewFocusFunctions.<FocusOnItemCoroutine>d__15 : IEnumerator<object>, IEnumerator, IDisposable // TypeDefIndex: 2775"
"101035","class","AdsFingerManager","2810","public class AdsFingerManager : MonoBehaviourSingleton<AdsFingerManager> // TypeDefIndex: 2810"
"101067","class","Ads01_InGame_BlockManager.","2811","private sealed class Ads01_InGame_BlockManager.<StartSpawnCo>d__6 : IEnumerator<object>, IEnumerator, IDisposable // TypeDefIndex: 2811"
"101107","class","Ads01_InGame_BlockManager","2812","public class Ads01_InGame_BlockManager : MonoBehaviourSingleton<Ads01_InGame_BlockManager> // TypeDefIndex: 2812"
"101132","class","Ads01_InGame_DragManager","2813","public class Ads01_InGame_DragManager : InGame_DragManager // TypeDefIndex: 2813"
"101151","class","Ads01_InGame_Itemblock","2814","public class Ads01_InGame_Itemblock : InGame_ItemBlock // TypeDefIndex: 2814"
"101161","class","Ads01_RequestManager.","2815","private sealed class Ads01_RequestManager.<>c__DisplayClass5_0 // TypeDefIndex: 2815"
"101178","class","Ads01_RequestManager","2816","public class Ads01_RequestManager : MonoBehaviourSingleton<Ads01_RequestManager> // TypeDefIndex: 2816"
"101202","class","Ads_01_GameAdsManager","2817","public class Ads_01_GameAdsManager : MonoBehaviourSingleton<Ads_01_GameAdsManager> // TypeDefIndex: 2817"
"101215","class","UIListitem_QuestItemAds01","2818","public class UIListitem_QuestItemAds01 : MonoBehaviour // TypeDefIndex: 2818"
"101249","class","Ads02_DragManager","2819","public class Ads02_DragManager : InGame_DragManager // TypeDefIndex: 2819"
"101265","class","Ads02_Uilsititem_Request.","2820","private sealed class Ads02_Uilsititem_Request.<OnCompleteFinish>d__3 : IEnumerator<object>, IEnumerator, IDisposable // TypeDefIndex: 2820"
"101303","class","Ads02_Uilsititem_Request","2821","public class Ads02_Uilsititem_Request : UIListItem_Request // TypeDefIndex: 2821"
"101334","class","GameManager_Ads02.","2822","private sealed class GameManager_Ads02.<>c__DisplayClass2_0 // TypeDefIndex: 2822"
"101351","class","GameManager_Ads02","2823","public class GameManager_Ads02 : GameManager // TypeDefIndex: 2823"
"101383","class","Ads03_DragManager","2824","public class Ads03_DragManager : InGame_DragManager // TypeDefIndex: 2824"
"101398","class","Ads04_DragManager","2825","public class Ads04_DragManager : InGame_DragManager // TypeDefIndex: 2825"
"101414","class","Ads_05_RequestItem.","2826","private sealed class Ads_05_RequestItem.<OnCompleteFinish>d__4 : IEnumerator<object>, IEnumerator, IDisposable // TypeDefIndex: 2826"
"101452","class","Ads_05_RequestItem","2827","public class Ads_05_RequestItem : UIListItem_Request // TypeDefIndex: 2827"
"101485","class","AdsNpcInfo","2828","public class AdsNpcInfo // TypeDefIndex: 2828"
"101500","class","Ads_05_RequestManager.","2829","private sealed class Ads_05_RequestManager.<>c__DisplayClass9_0 // TypeDefIndex: 2829"
"101520","class","Ads_05_RequestManager","2830","public class Ads_05_RequestManager : InGame_RequestManager // TypeDefIndex: 2830"
"101556","class","GameManager_Ads05.","2831","private sealed class GameManager_Ads05.<>c__DisplayClass2_0 // TypeDefIndex: 2831"
"101573","class","GameManager_Ads05","2832","public class GameManager_Ads05 : GameManager // TypeDefIndex: 2832"
"101605","class","UIPopup_RequestComplete_Ads","2833","public class UIPopup_RequestComplete_Ads : MonoBehaviourSingleton<UIPopup_RequestComplete_Ads> // TypeDefIndex: 2833"
"101634","class","GameManager_Ads01.","2834","private sealed class GameManager_Ads01.<>c // TypeDefIndex: 2834"
"101654","class","GameManager_Ads01.","2835","private sealed class GameManager_Ads01.<>c__DisplayClass6_0 // TypeDefIndex: 2835"
"101671","class","GameManager_Ads01.","2836","private sealed class GameManager_Ads01.<>c__DisplayClass7_0 // TypeDefIndex: 2836"
"101688","class","GameManager_Ads01.","2837","private sealed class GameManager_Ads01.<>c__DisplayClass8_0 // TypeDefIndex: 2837"
"101705","class","GameManager_Ads01","2838","public class GameManager_Ads01 : GameManager // TypeDefIndex: 2838"
"101752","class","MapDataManager_Ads01","2839","public class MapDataManager_Ads01 : MapDataManager // TypeDefIndex: 2839"
"101782","class","TableDataManager_Ads01","2840","public class TableDataManager_Ads01 : MonoBehaviour // TypeDefIndex: 2840"
"101797","class","UIManager_Ads01","2841","public class UIManager_Ads01 : UIManager // TypeDefIndex: 2841"
"101954","class","MiniProfiler.RecorderEntry","2848","internal class MiniProfiler.RecorderEntry // TypeDefIndex: 2848"
"102081","enum","UIGradient2.Type","2854","public enum UIGradient2.Type // TypeDefIndex: 2854"
"102092","enum","UIGradient2.Blend","2855","public enum UIGradient2.Blend // TypeDefIndex: 2855"
"102104","class","UIGradient2.","2856","private sealed class UIGradient2.<>c // TypeDefIndex: 2856"
"102128","class","UIGradient2","2857","public class UIGradient2 : BaseMeshEffect // TypeDefIndex: 2857"
"102449","class","ArcadezoneRankInfo","2863","public class ArcadezoneRankInfo // TypeDefIndex: 2863"
"102463","class","ArcadezoneStateInfo","2864","public class ArcadezoneStateInfo // TypeDefIndex: 2864"
"102487","class","RequestArcadezoneStateInfo","2865","public class RequestArcadezoneStateInfo // TypeDefIndex: 2865"
"102590","enum","NetworkArcadezone.requestType","2871","private enum NetworkArcadezone.requestType // TypeDefIndex: 2871"
"102601","class","NetworkArcadezone.AracezoneStateUpdate","2872","public sealed class NetworkArcadezone.AracezoneStateUpdate : MulticastDelegate // TypeDefIndex: 2872"
"102620","struct","NetworkArcadezone.","2873","private struct NetworkArcadezone.<RequestArcadezoneGetMyRank>d__22 : IAsyncStateMachine // TypeDefIndex: 2873"
"102642","struct","NetworkArcadezone.","2874","private struct NetworkArcadezone.<RequestArcadezoneSendScore>d__21 : IAsyncStateMachine // TypeDefIndex: 2874"
"102666","struct","NetworkArcadezone.","2875","private struct NetworkArcadezone.<RequestCompleteArcadezoneReward>d__20 : IAsyncStateMachine // TypeDefIndex: 2875"
"102689","struct","NetworkArcadezone.","2876","private struct NetworkArcadezone.<RequestGetArcadeWeekState>d__19 : IAsyncStateMachine // TypeDefIndex: 2876"
"102712","struct","NetworkArcadezone.","2877","private struct NetworkArcadezone.<RequestGetArcadezoneMyRankPage>d__23 : IAsyncStateMachine // TypeDefIndex: 2877"
"102734","struct","NetworkArcadezone.","2878","private struct NetworkArcadezone.<RequestGetArcadezoneRankListTop>d__24 : IAsyncStateMachine // TypeDefIndex: 2878"
"102756","class","NetworkArcadezone","2879","public class NetworkArcadezone : MonoBehaviourSingleton<NetworkArcadezone> // TypeDefIndex: 2879"
"102856","struct","NetworkUserInfo.","2882","private struct NetworkUserInfo.<RequestGetUserProfile>d__9 : IAsyncStateMachine // TypeDefIndex: 2882"
"102878","struct","NetworkUserInfo.","2883","private struct NetworkUserInfo.<RequestUpdateUserProfile>d__8 : IAsyncStateMachine // TypeDefIndex: 2883"
"102930","class","PurchaseComleteInfo","2885","internal class PurchaseComleteInfo // TypeDefIndex: 2885"
"103242","class","LeaderboardManager.","2898","private sealed class LeaderboardManager.<>c__DisplayClass12_0 // TypeDefIndex: 2898"
"103260","class","LeaderboardManager.","2899","private sealed class LeaderboardManager.<RequestGetMyRankListWWW>d__20 : IEnumerator<object>, IEnumerator, IDisposable // TypeDefIndex: 2899"
"103304","class","LeaderboardManager.","2900","private sealed class LeaderboardManager.<RequestGetRankListTopWWW>d__18 : IEnumerator<object>, IEnumerator, IDisposable // TypeDefIndex: 2900"
"103348","class","LeaderboardManager.","2901","private sealed class LeaderboardManager.<RequestSendScoreWWW>d__16 : IEnumerator<object>, IEnumerator, IDisposable // TypeDefIndex: 2901"
"103393","class","LeaderboardManager.","2902","private sealed class LeaderboardManager.<RequestUpdateUserInfoWWW>d__14 : IEnumerator<object>, IEnumerator, IDisposable // TypeDefIndex: 2902"
"103436","class","LeaderboardManager","2903","public class LeaderboardManager : MonoBehaviourSingleton<LeaderboardManager> // TypeDefIndex: 2903"
"103877","class","TestSaveFileInfo","2909","public class TestSaveFileInfo // TypeDefIndex: 2909"
"103890","class","LoadSaveFileInfo","2910","public class LoadSaveFileInfo // TypeDefIndex: 2910"
"104031","class","HighscoreCommon.","2915","private sealed class HighscoreCommon.<GetSaveFileLevelListWWW>d__83 : IEnumerator<object>, IEnumerator, IDisposable // TypeDefIndex: 2915"
"104073","class","HighscoreCommon.","2916","private sealed class HighscoreCommon.<GetUserSaveFileWWWByUserKey>d__71 : IEnumerator<object>, IEnumerator, IDisposable // TypeDefIndex: 2916"
"104115","class","HighscoreCommon.","2917","private sealed class HighscoreCommon.<RequestAddBlockUserInfoWWW>d__75 : IEnumerator<object>, IEnumerator, IDisposable // TypeDefIndex: 2917"
"104156","class","HighscoreCommon.","2918","private sealed class HighscoreCommon.<RequestAddInviteUserWWW>d__29 : IEnumerator<object>, IEnumerator, IDisposable // TypeDefIndex: 2918"
"104199","class","HighscoreCommon.","2919","private sealed class HighscoreCommon.<RequestAddMessageTokenWWW>d__21 : IEnumerator<object>, IEnumerator, IDisposable // TypeDefIndex: 2919"
"104241","class","HighscoreCommon.","2920","private sealed class HighscoreCommon.<RequestCheckBlockUserWWW>d__41 : IEnumerator<object>, IEnumerator, IDisposable // TypeDefIndex: 2920"
"104282","class","HighscoreCommon.","2921","private sealed class HighscoreCommon.<RequestCheckCheatEnableWWW>d__79 : IEnumerator<object>, IEnumerator, IDisposable // TypeDefIndex: 2921"
"104324","class","HighscoreCommon.","2922","private sealed class HighscoreCommon.<RequestCheckCouponWWW>d__43 : IEnumerator<object>, IEnumerator, IDisposable // TypeDefIndex: 2922"
"104366","class","HighscoreCommon.","2923","private sealed class HighscoreCommon.<RequestCheckReceiptOnestoreWWW>d__49 : IEnumerator<object>, IEnumerator, IDisposable // TypeDefIndex: 2923"
"104418","class","HighscoreCommon.","2924","private sealed class HighscoreCommon.<RequestCheckReceiptWWW>d__46 : IEnumerator<object>, IEnumerator, IDisposable // TypeDefIndex: 2924"
"104474","class","HighscoreCommon.","2925","private sealed class HighscoreCommon.<RequestConnectPlatformUserWWW>d__55 : IEnumerator<object>, IEnumerator, IDisposable // TypeDefIndex: 2925"
"104517","class","HighscoreCommon.","2926","private sealed class HighscoreCommon.<RequestConvertPlatformUserIDWWW>d__59 : IEnumerator<object>, IEnumerator, IDisposable // TypeDefIndex: 2926"
"104560","class","HighscoreCommon.","2927","private sealed class HighscoreCommon.<RequestCountryInfoWWW>d__65 : IEnumerator<object>, IEnumerator, IDisposable // TypeDefIndex: 2927"
"104601","class","HighscoreCommon.","2928","private sealed class HighscoreCommon.<RequestDeletePlatformUserIDWWW>d__61 : IEnumerator<object>, IEnumerator, IDisposable // TypeDefIndex: 2928"
"104642","class","HighscoreCommon.","2929","private sealed class HighscoreCommon.<RequestGetInviteUserCountWWW>d__31 : IEnumerator<object>, IEnumerator, IDisposable // TypeDefIndex: 2929"
"104684","class","HighscoreCommon.","2930","private sealed class HighscoreCommon.<RequestGetPlatformUserInfoWWW>d__53 : IEnumerator<object>, IEnumerator, IDisposable // TypeDefIndex: 2930"
"104727","class","HighscoreCommon.","2931","private sealed class HighscoreCommon.<RequestGetSaveFileWWW>d__85 : IEnumerator<object>, IEnumerator, IDisposable // TypeDefIndex: 2931"
"104771","class","HighscoreCommon.","2932","private sealed class HighscoreCommon.<RequestInitGameInfoWWW>d__18 : IEnumerator<object>, IEnumerator, IDisposable // TypeDefIndex: 2932"
"104813","class","HighscoreCommon.","2933","private sealed class HighscoreCommon.<RequestPurchaseCompleteWWW>d__51 : IEnumerator<object>, IEnumerator, IDisposable // TypeDefIndex: 2933"
"104856","class","HighscoreCommon.","2934","private sealed class HighscoreCommon.<RequestRecoverCompleteWWW>d__63 : IEnumerator<object>, IEnumerator, IDisposable // TypeDefIndex: 2934"
"104897","class","HighscoreCommon.","2935","private sealed class HighscoreCommon.<RequestRemoveItemCompleteWWW>d__27 : IEnumerator<object>, IEnumerator, IDisposable // TypeDefIndex: 2935"
"104940","class","HighscoreCommon.","2936","private sealed class HighscoreCommon.<RequestRewardRecvCompleteWWW>d__23 : IEnumerator<object>, IEnumerator, IDisposable // TypeDefIndex: 2936"
"104980","class","HighscoreCommon.","2937","private sealed class HighscoreCommon.<RequestRewardRecvCompleteWWW>d__25 : IEnumerator<object>, IEnumerator, IDisposable // TypeDefIndex: 2937"
"105023","class","HighscoreCommon.","2938","private sealed class HighscoreCommon.<RequestSendLogWWW>d__77 : IEnumerator<object>, IEnumerator, IDisposable // TypeDefIndex: 2938"
"105065","class","HighscoreCommon.","2939","private sealed class HighscoreCommon.<RequestSendSaveFileWWW>d__81 : IEnumerator<object>, IEnumerator, IDisposable // TypeDefIndex: 2939"
"105109","class","HighscoreCommon.","2940","private sealed class HighscoreCommon.<RequestTimeInfoWWW>d__67 : IEnumerator<object>, IEnumerator, IDisposable // TypeDefIndex: 2940"
"105150","class","HighscoreCommon.","2941","private sealed class HighscoreCommon.<RequestUpdatePlatformUserIDWWW>d__57 : IEnumerator<object>, IEnumerator, IDisposable // TypeDefIndex: 2941"
"105236","class","HighscoreCommon.","2943","private sealed class HighscoreCommon.<SendUserDataSaveWWW>d__69 : IEnumerator<object>, IEnumerator, IDisposable // TypeDefIndex: 2943"
"105897","class","HighscoreSaveLoad.SaveLoadData","2954","private class HighscoreSaveLoad.SaveLoadData // TypeDefIndex: 2954"
"105910","enum","HighscoreSaveLoad.SaveType","2955","public enum HighscoreSaveLoad.SaveType // TypeDefIndex: 2955"
"105919","class","HighscoreSaveLoad","2956","public class HighscoreSaveLoad : MonoBehaviourSingleton<HighscoreSaveLoad> // TypeDefIndex: 2956"
"106116","class","GDPR.Settings","2961","public class GDPR.Settings : LocalSaveData<GDPR.Settings> // TypeDefIndex: 2961"
"106434","interface","ILocalSaveData","2968","public interface ILocalSaveData // TypeDefIndex: 2968"
"106444","class","LocalSaveData","2969","public abstract class LocalSaveData<T> : ILocalSaveData // TypeDefIndex: 2969"
"106638","enum","GAAdAction","2979","public enum GAAdAction // TypeDefIndex: 2979"
"106652","enum","GAAdType","2980","public enum GAAdType // TypeDefIndex: 2980"
"106667","enum","GAAdError","2981","public enum GAAdError // TypeDefIndex: 2981"
"107889","class","GA_Ads","2999","public static class GA_Ads // TypeDefIndex: 2999"
"108493","class","AppRequests","3017","internal class AppRequests : MenuBase // TypeDefIndex: 3017"
"108549","class","GraphRequest.","3019","private sealed class GraphRequest.<TakeScreenshot>d__4 : IEnumerator<object>, IEnumerator, IDisposable // TypeDefIndex: 3019"
"108587","class","GraphRequest","3020","internal class GraphRequest : MenuBase // TypeDefIndex: 3020"
"108610","class","IAP","3021","internal class IAP : MenuBase // TypeDefIndex: 3021"
"108732","class","UploadToMediaLibrary","3027","internal class UploadToMediaLibrary : MenuBase // TypeDefIndex: 3027"
"108994","class","ObstructorTilemap","3036","public class ObstructorTilemap : MonoBehaviour // TypeDefIndex: 3036"
"110208","class","WaterSimulationAdvanced","3059","public class WaterSimulationAdvanced : WaterSimulation // TypeDefIndex: 3059"
"110448","class","WaterShaderIdsREF","3061","public static class WaterShaderIdsREF // TypeDefIndex: 3061"
"110465","class","WaterShaderIdsSUR","3062","public static class WaterShaderIdsSUR // TypeDefIndex: 3062"
"110477","class","WaterShaderIdsOBS","3063","public static class WaterShaderIdsOBS // TypeDefIndex: 3063"
"110777","class","Spawner","3071","public class Spawner : MonoBehaviour // TypeDefIndex: 3071"
"111391","enum","WaterPresets.WaterPresetShaders","3083","public enum WaterPresets.WaterPresetShaders // TypeDefIndex: 3083"
"111613","class","GradientFunctions","3089","public static class GradientFunctions // TypeDefIndex: 3089"
"112175","class","LiquidLevelPouringSync","3111","public class LiquidLevelPouringSync : MonoBehaviour // TypeDefIndex: 3111"
"112214","class","LiquidVolume.ShaderParams","3113","private static class LiquidVolume.ShaderParams // TypeDefIndex: 3113"
"113720","enum","LEVEL_COMPENSATION","3124","public enum LEVEL_COMPENSATION // TypeDefIndex: 3124"
"115773","class","ETFXLightFade","3178","public class ETFXLightFade : MonoBehaviour // TypeDefIndex: 3178"
"116115","enum","Interop.Sys.Permissions","3199","internal enum Interop.Sys.Permissions // TypeDefIndex: 3199"
"117089","class","Level2Map","3245","internal class Level2Map // TypeDefIndex: 3245"
"118474","class","PrimeGeneratorBase","3277","internal abstract class PrimeGeneratorBase // TypeDefIndex: 3277"
"118500","class","SequentialSearchPrimeGeneratorBase","3278","internal class SequentialSearchPrimeGeneratorBase : PrimeGeneratorBase // TypeDefIndex: 3278"
"118637","class","TaskTrace","3286","internal static class TaskTrace // TypeDefIndex: 3286"
"118675","class","TaskTraceCallbacks","3288","internal abstract class TaskTraceCallbacks // TypeDefIndex: 3288"
"118732","class","RuntimeThread","3291","internal sealed class RuntimeThread // TypeDefIndex: 3291"
"118807","struct","string.ProbabilisticMap","3294","private struct string.ProbabilisticMap // TypeDefIndex: 3294"
"119533","struct","TimeZoneInfo.TZifHead","3297","private struct TimeZoneInfo.TZifHead // TypeDefIndex: 3297"
"119563","class","TimeZoneInfo.AdjustmentRule","3299","public sealed class TimeZoneInfo.AdjustmentRule : IEquatable<TimeZoneInfo.AdjustmentRule>, ISerializable, IDeserializationCallback // TypeDefIndex: 3299"
"127955","struct","ArraySegment","3334","public struct ArraySegment<T> : IList<T>, ICollection<T>, IEnumerable<T>, IEnumerable, IReadOnlyList<T>, IReadOnlyCollection<T> // TypeDefIndex: 3334"
"128433","class","AssemblyLoadEventArgs","3336","public class AssemblyLoadEventArgs : EventArgs // TypeDefIndex: 3336"
"128447","class","AssemblyLoadEventHandler","3337","public sealed class AssemblyLoadEventHandler : MulticastDelegate // TypeDefIndex: 3337"
"128539","class","BadImageFormatException","3341","public class BadImageFormatException : SystemException // TypeDefIndex: 3341"
"130796","class","DllNotFoundException","3358","public class DllNotFoundException : TypeLoadException // TypeDefIndex: 3358"
"130943","class","EntryPointNotFoundException","3360","public class EntryPointNotFoundException : TypeLoadException // TypeDefIndex: 3360"
"133531","struct","Memory","3421","public struct Memory<T> : IEquatable<Memory<T>> // TypeDefIndex: 3421"
"133835","class","MemoryDebugView","3422","internal sealed class MemoryDebugView<T> // TypeDefIndex: 3422"
"133840","class","MemoryExtensions","3423","public static class MemoryExtensions // TypeDefIndex: 3423"
"137211","struct","ReadOnlyMemory","3447","public struct ReadOnlyMemory<T> : IEquatable<ReadOnlyMemory<T>> // TypeDefIndex: 3447"
"137403","struct","ReadOnlySpan","3448","public struct ReadOnlySpan<T> // TypeDefIndex: 3448"
"156724","class","STAThreadAttribute","3466","public sealed class STAThreadAttribute : Attribute // TypeDefIndex: 3466"
"156735","class","ThreadStaticAttribute","3467","public class ThreadStaticAttribute : Attribute // TypeDefIndex: 3467"
"159011","class","TypeAccessException","3483","public class TypeAccessException : TypeLoadException // TypeDefIndex: 3483"
"164319","class","AppDomainUnloadedException","3514","public class AppDomainUnloadedException : SystemException // TypeDefIndex: 3514"
"164332","class","CannotUnloadAppDomainException","3515","public class CannotUnloadAppDomainException : SystemException // TypeDefIndex: 3515"
"164444","class","OutOfMemoryException","3519","public class OutOfMemoryException : SystemException // TypeDefIndex: 3519"
"253209","class","TypeLoadException","3565","public class TypeLoadException : SystemException, ISerializable // TypeDefIndex: 3565"
"255062","class","MonoListItem","3601","internal sealed class MonoListItem // TypeDefIndex: 3601"
"255622","class","ParameterizedStrings.LowLevelStack","3613","private sealed class ParameterizedStrings.LowLevelStack // TypeDefIndex: 3613"
"255747","class","TermInfoReader","3617","internal class TermInfoReader // TypeDefIndex: 3617"
"257594","enum","LazyThreadSafetyMode","3658","public enum LazyThreadSafetyMode // TypeDefIndex: 3658"
"257629","class","ParameterizedThreadStart","3661","public sealed class ParameterizedThreadStart : MulticastDelegate // TypeDefIndex: 3661"
"257642","class","SemaphoreFullException","3662","public class SemaphoreFullException : SystemException // TypeDefIndex: 3662"
"257682","class","ThreadStart","3665","public sealed class ThreadStart : MulticastDelegate // TypeDefIndex: 3665"
"257695","enum","ThreadState","3666","public enum ThreadState // TypeDefIndex: 3666"
"257713","class","ThreadStateException","3667","public class ThreadStateException : SystemException // TypeDefIndex: 3667"
"258297","struct","SparselyPopulatedArrayAddInfo","3687","internal struct SparselyPopulatedArrayAddInfo<T> // TypeDefIndex: 3687"
"258435","class","SemaphoreSlim.TaskNode","3691","private sealed class SemaphoreSlim.TaskNode : Task<bool>, IThreadPoolWorkItem // TypeDefIndex: 3691"
"258455","struct","SemaphoreSlim.","3692","private struct SemaphoreSlim.<WaitUntilCountOrTimeoutAsync>d__32 : IAsyncStateMachine // TypeDefIndex: 3692"
"258482","class","SemaphoreSlim","3693","public class SemaphoreSlim : IDisposable // TypeDefIndex: 3693"
"258561","class","SpinLock.SystemThreading_SpinLockDebugView","3694","internal class SpinLock.SystemThreading_SpinLockDebugView // TypeDefIndex: 3694"
"258622","struct","ThreadLocal.LinkedSlotVolatile","3696","private struct ThreadLocal.LinkedSlotVolatile<T> // TypeDefIndex: 3696"
"258629","class","ThreadLocal.LinkedSlot","3697","private sealed class ThreadLocal.LinkedSlot<T> // TypeDefIndex: 3697"
"258652","class","ThreadLocal.IdManager","3698","private class ThreadLocal.IdManager<T> // TypeDefIndex: 3698"
"258695","class","ThreadLocal.FinalizationHelper","3699","private class ThreadLocal.FinalizationHelper<T> // TypeDefIndex: 3699"
"258729","class","ThreadLocal","3700","public class ThreadLocal<T> : IDisposable // TypeDefIndex: 3700"
"258928","class","SystemThreading_ThreadLocalDebugView","3701","internal sealed class SystemThreading_ThreadLocalDebugView<T> // TypeDefIndex: 3701"
"259025","struct","ExecutionContext.Reader","3707","internal struct ExecutionContext.Reader // TypeDefIndex: 3707"
"259451","class","ThreadHelper","3717","internal class ThreadHelper // TypeDefIndex: 3717"
"259481","class","Thread","3718","public sealed class Thread : CriticalFinalizerObject // TypeDefIndex: 3718"
"259728","class","ThreadAbortException","3720","public sealed class ThreadAbortException : SystemException // TypeDefIndex: 3720"
"259742","class","ThreadInterruptedException","3721","public class ThreadInterruptedException : SystemException // TypeDefIndex: 3721"
"259754","interface","IThreadPoolWorkItem","3722","internal interface IThreadPoolWorkItem // TypeDefIndex: 3722"
"259792","class","ThreadPoolGlobals","3725","internal static class ThreadPoolGlobals // TypeDefIndex: 3725"
"259807","class","ThreadPoolWorkQueue.SparseArray","3726","internal class ThreadPoolWorkQueue.SparseArray<T> // TypeDefIndex: 3726"
"259851","class","ThreadPoolWorkQueue.WorkStealingQueue","3727","internal class ThreadPoolWorkQueue.WorkStealingQueue // TypeDefIndex: 3727"
"259882","class","ThreadPoolWorkQueue.QueueSegment","3728","internal class ThreadPoolWorkQueue.QueueSegment // TypeDefIndex: 3728"
"259912","class","ThreadPoolWorkQueue","3729","internal sealed class ThreadPoolWorkQueue // TypeDefIndex: 3729"
"259951","class","ThreadPoolWorkQueueThreadLocals","3730","internal sealed class ThreadPoolWorkQueueThreadLocals // TypeDefIndex: 3730"
"259973","class","_ThreadPoolWaitCallback","3731","internal static class _ThreadPoolWaitCallback // TypeDefIndex: 3731"
"259982","class","QueueUserWorkItemCallback","3732","internal sealed class QueueUserWorkItemCallback : IThreadPoolWorkItem // TypeDefIndex: 3732"
"260010","class","ThreadPool.","3733","private sealed class ThreadPool.<>c__DisplayClass17_0<TState> // TypeDefIndex: 3733"
"260041","class","ThreadPool","3734","public static class ThreadPool // TypeDefIndex: 3734"
"260369","class","ReaderWriterLock","3740","public sealed class ReaderWriterLock : CriticalFinalizerObject // TypeDefIndex: 3740"
"260436","class","InternalThread","3742","internal sealed class InternalThread : CriticalFinalizerObject // TypeDefIndex: 3742"
"260686","class","TaskCanceledException","3751","public class TaskCanceledException : OperationCanceledException // TypeDefIndex: 3751"
"260704","class","TaskCompletionSource","3752","public class TaskCompletionSource<TResult> // TypeDefIndex: 3752"
"261055","class","TaskSchedulerException","3753","public class TaskSchedulerException : Exception // TypeDefIndex: 3753"
"261070","class","TaskToApm.TaskWrapperAsyncResult","3754","private sealed class TaskToApm.TaskWrapperAsyncResult : IAsyncResult // TypeDefIndex: 3754"
"261103","class","TaskToApm.","3755","private sealed class TaskToApm.<>c__DisplayClass3_0 // TypeDefIndex: 3755"
"261119","class","TaskToApm","3756","internal static class TaskToApm // TypeDefIndex: 3756"
"261150","class","ValueTask.ValueTaskSourceAsTask.","3757","private sealed class ValueTask.ValueTaskSourceAsTask.<>c // TypeDefIndex: 3757"
"261168","class","ValueTask.ValueTaskSourceAsTask","3758","private sealed class ValueTask.ValueTaskSourceAsTask : Task<VoidTaskResult> // TypeDefIndex: 3758"
"261187","struct","ValueTask","3759","public struct ValueTask : IEquatable<ValueTask> // TypeDefIndex: 3759"
"261248","class","ValueTask.ValueTaskSourceAsTask.","3760","private sealed class ValueTask.ValueTaskSourceAsTask.<>c<TResult> // TypeDefIndex: 3760"
"261290","class","ValueTask.ValueTaskSourceAsTask","3761","private sealed class ValueTask.ValueTaskSourceAsTask<TResult> : Task<TResult> // TypeDefIndex: 3761"
"261325","struct","ValueTask","3762","public struct ValueTask<TResult> : IEquatable<ValueTask<TResult>> // TypeDefIndex: 3762"
"261509","class","TaskAwaiters","3763","internal static class TaskAwaiters // TypeDefIndex: 3763"
"261599","class","Task.TaskWhenAnyCast.","3766","private sealed class Task.TaskWhenAnyCast.<>c<TResult> // TypeDefIndex: 3766"
"261641","class","Task.TaskWhenAnyCast","3767","internal static class Task.TaskWhenAnyCast<TResult> // TypeDefIndex: 3767"
"261663","class","Task","3768","public class Task<TResult> : Task // TypeDefIndex: 3768"
"262977","class","SystemThreadingTasks_FutureDebugView","3769","internal class SystemThreadingTasks_FutureDebugView<TResult> // TypeDefIndex: 3769"
"262981","class","TaskFactory.FromAsyncTrimPromise","3770","private sealed class TaskFactory.FromAsyncTrimPromise<TResult, TInstance> : Task<TResult> // TypeDefIndex: 3770"
"263049","class","TaskFactory.","3771","private sealed class TaskFactory.<>c__DisplayClass35_0<TResult> // TypeDefIndex: 3771"
"263179","class","TaskFactory.","3772","private sealed class TaskFactory.<>c__DisplayClass38_0<TResult, TArg1> // TypeDefIndex: 3772"
"263219","class","TaskFactory.","3773","private sealed class TaskFactory.<>c__DisplayClass41_0<TResult, TArg1, TArg2> // TypeDefIndex: 3773"
"263252","class","TaskFactory","3774","public class TaskFactory<TResult> // TypeDefIndex: 3774"
"263668","enum","TaskStatus","3775","public enum TaskStatus // TypeDefIndex: 3775"
"263683","class","Task.ContingentProperties","3776","internal class Task.ContingentProperties // TypeDefIndex: 3776"
"263708","class","Task.SetOnInvokeMres","3777","private sealed class Task.SetOnInvokeMres : ManualResetEventSlim, ITaskCompletionAction // TypeDefIndex: 3777"
"263726","class","Task.DelayPromise","3778","private sealed class Task.DelayPromise : Task<VoidTaskResult> // TypeDefIndex: 3778"
"263743","class","Task.WhenAllPromise","3779","private sealed class Task.WhenAllPromise<T> : Task<T[]>, ITaskCompletionAction // TypeDefIndex: 3779"
"263803","class","Task.","3780","private sealed class Task.<>c // TypeDefIndex: 3780"
"263837","class","Task","3781","public class Task : IThreadPoolWorkItem, IAsyncResult, IDisposable // TypeDefIndex: 3781"
"264452","class","CompletionActionInvoker","3782","internal sealed class CompletionActionInvoker : IThreadPoolWorkItem // TypeDefIndex: 3782"
"264471","class","SystemThreadingTasks_TaskDebugView","3783","internal class SystemThreadingTasks_TaskDebugView // TypeDefIndex: 3783"
"264476","enum","TaskCreationOptions","3784","public enum TaskCreationOptions // TypeDefIndex: 3784"
"264491","enum","InternalTaskOptions","3785","internal enum InternalTaskOptions // TypeDefIndex: 3785"
"264506","enum","TaskContinuationOptions","3786","public enum TaskContinuationOptions // TypeDefIndex: 3786"
"264546","struct","VoidTaskResult","3788","internal struct VoidTaskResult // TypeDefIndex: 3788"
"264550","interface","ITaskCompletionAction","3789","internal interface ITaskCompletionAction // TypeDefIndex: 3789"
"264628","class","UnwrapPromise","3791","internal sealed class UnwrapPromise<TResult> : Task<TResult>, ITaskCompletionAction // TypeDefIndex: 3791"
"264777","class","ContinuationTaskFromTask","3792","internal sealed class ContinuationTaskFromTask : Task // TypeDefIndex: 3792"
"264792","class","ContinuationResultTaskFromTask","3793","internal sealed class ContinuationResultTaskFromTask<TResult> : Task<TResult> // TypeDefIndex: 3793"
"264823","class","ContinuationTaskFromResultTask","3794","internal sealed class ContinuationTaskFromResultTask<TAntecedentResult> : Task // TypeDefIndex: 3794"
"264950","class","ContinuationResultTaskFromResultTask","3795","internal sealed class ContinuationResultTaskFromResultTask<TAntecedentResult, TResult> : Task<TResult> // TypeDefIndex: 3795"
"264999","class","TaskContinuation","3796","internal abstract class TaskContinuation // TypeDefIndex: 3796"
"265014","class","StandardTaskContinuation","3797","internal class StandardTaskContinuation : TaskContinuation // TypeDefIndex: 3797"
"265033","class","SynchronizationContextAwaitTaskContinuation.","3798","private sealed class SynchronizationContextAwaitTaskContinuation.<>c // TypeDefIndex: 3798"
"265051","class","SynchronizationContextAwaitTaskContinuation","3799","internal sealed class SynchronizationContextAwaitTaskContinuation : AwaitTaskContinuation // TypeDefIndex: 3799"
"265079","class","TaskSchedulerAwaitTaskContinuation.","3800","private sealed class TaskSchedulerAwaitTaskContinuation.<>c // TypeDefIndex: 3800"
"265098","class","TaskSchedulerAwaitTaskContinuation","3801","internal sealed class TaskSchedulerAwaitTaskContinuation : AwaitTaskContinuation // TypeDefIndex: 3801"
"265113","class","AwaitTaskContinuation","3802","internal class AwaitTaskContinuation : TaskContinuation, IThreadPoolWorkItem // TypeDefIndex: 3802"
"265163","class","TaskExceptionHolder","3803","internal class TaskExceptionHolder // TypeDefIndex: 3803"
"265218","class","TaskFactory.CompleteOnInvokePromise","3804","internal sealed class TaskFactory.CompleteOnInvokePromise : Task<Task>, ITaskCompletionAction // TypeDefIndex: 3804"
"265239","class","TaskFactory","3805","public class TaskFactory // TypeDefIndex: 3805"
"265341","class","TaskScheduler.SystemThreadingTasks_TaskSchedulerDebugView","3806","internal sealed class TaskScheduler.SystemThreadingTasks_TaskSchedulerDebugView // TypeDefIndex: 3806"
"265347","class","TaskScheduler","3807","public abstract class TaskScheduler // TypeDefIndex: 3807"
"265414","class","SynchronizationContextTaskScheduler.","3808","private sealed class SynchronizationContextTaskScheduler.<>c // TypeDefIndex: 3808"
"265432","class","SynchronizationContextTaskScheduler","3809","internal sealed class SynchronizationContextTaskScheduler : TaskScheduler // TypeDefIndex: 3809"
"265454","class","UnobservedTaskExceptionEventArgs","3810","public class UnobservedTaskExceptionEventArgs : EventArgs // TypeDefIndex: 3810"
"265469","class","ThreadPoolTaskScheduler.","3811","private sealed class ThreadPoolTaskScheduler.<>c // TypeDefIndex: 3811"
"265487","class","ThreadPoolTaskScheduler","3812","internal sealed class ThreadPoolTaskScheduler : TaskScheduler // TypeDefIndex: 3812"
"265521","enum","CausalityTraceLevel","3813","internal enum CausalityTraceLevel // TypeDefIndex: 3813"
"265595","enum","ValueTaskSourceOnCompletedFlags","3818","public enum ValueTaskSourceOnCompletedFlags // TypeDefIndex: 3818"
"265605","enum","ValueTaskSourceStatus","3819","public enum ValueTaskSourceStatus // TypeDefIndex: 3819"
"265616","interface","IValueTaskSource","3820","public interface IValueTaskSource // TypeDefIndex: 3820"
"265631","interface","IValueTaskSource","3821","public interface IValueTaskSource<TResult> // TypeDefIndex: 3821"
"268321","interface","IPermission","3875","public interface IPermission : ISecurityEncodable // TypeDefIndex: 3875"
"268404","class","CodeAccessPermission","3879","public abstract class CodeAccessPermission : IPermission, ISecurityEncodable // TypeDefIndex: 3879"
"268442","class","NamedPermissionSet","3880","public sealed class NamedPermissionSet : PermissionSet // TypeDefIndex: 3880"
"268484","class","PermissionSet","3881","public class PermissionSet : ISecurityEncodable, ICollection, IEnumerable, IDeserializationCallback // TypeDefIndex: 3881"
"268836","interface","Tokenizer.ITokenReader","3891","internal interface Tokenizer.ITokenReader // TypeDefIndex: 3891"
"268845","class","Tokenizer.StreamTokenReader","3892","internal class Tokenizer.StreamTokenReader : Tokenizer.ITokenReader // TypeDefIndex: 3892"
"268909","class","TokenizerShortBlock","3894","internal sealed class TokenizerShortBlock // TypeDefIndex: 3894"
"268922","class","TokenizerStringBlock","3895","internal sealed class TokenizerStringBlock // TypeDefIndex: 3895"
"269050","enum","PermissionState","3899","public enum PermissionState // TypeDefIndex: 3899"
"269133","struct","CryptoStream.","3902","private struct CryptoStream.<ReadAsyncInternal>d__37 : IAsyncStateMachine // TypeDefIndex: 3902"
"269159","struct","CryptoStream.","3903","private struct CryptoStream.<ReadAsyncCore>d__42 : IAsyncStateMachine // TypeDefIndex: 3903"
"269555","class","RSASignaturePadding","3912","public sealed class RSASignaturePadding : IEquatable<RSASignaturePadding> // TypeDefIndex: 3912"
"269596","enum","RSASignaturePaddingMode","3913","public enum RSASignaturePaddingMode // TypeDefIndex: 3913"
"269711","enum","PaddingMode","3919","public enum PaddingMode // TypeDefIndex: 3919"
"270332","class","RandomNumberGenerator","3944","public abstract class RandomNumberGenerator : IDisposable // TypeDefIndex: 3944"
"271598","class","RNGCryptoServiceProvider","3980","public sealed class RNGCryptoServiceProvider : RandomNumberGenerator // TypeDefIndex: 3980"
"272122","enum","TokenImpersonationLevel","3995","public enum TokenImpersonationLevel // TypeDefIndex: 3995"
"272655","enum","CustomErrorsModes","4009","public enum CustomErrorsModes // TypeDefIndex: 4009"
"274629","class","CADSerializer","4073","internal class CADSerializer // TypeDefIndex: 4073"
"274650","class","AsyncRequest","4074","internal class AsyncRequest // TypeDefIndex: 4074"
"274811","class","AppDomainLevelActivator","4084","internal class AppDomainLevelActivator : IActivator // TypeDefIndex: 4084"
"274834","class","ConstructionLevelActivator","4085","internal class ConstructionLevelActivator : IActivator // TypeDefIndex: 4085"
"274853","class","ContextLevelActivator","4086","internal class ContextLevelActivator : IActivator // TypeDefIndex: 4086"
"275161","struct","LogicalCallContext.Reader","4099","internal struct LogicalCallContext.Reader // TypeDefIndex: 4099"
"275312","class","AsyncResult","4105","public class AsyncResult : IAsyncResult, IMessageSink, IThreadPoolWorkItem // TypeDefIndex: 4105"
"275406","class","CADArgHolder","4106","internal class CADArgHolder // TypeDefIndex: 4106"
"275418","class","CADObjRef","4107","internal class CADObjRef // TypeDefIndex: 4107"
"275433","class","CADMethodRef","4108","internal class CADMethodRef // TypeDefIndex: 4108"
"275455","class","CADMessageBase","4109","internal class CADMessageBase // TypeDefIndex: 4109"
"275504","class","CADMethodCallMessage","4110","internal class CADMethodCallMessage : CADMessageBase // TypeDefIndex: 4110"
"275535","class","CADMethodReturnMessage","4111","internal class CADMethodReturnMessage : CADMessageBase // TypeDefIndex: 4111"
"275809","class","Header","4119","public class Header // TypeDefIndex: 4119"
"275814","class","HeaderHandler","4120","public sealed class HeaderHandler : MulticastDelegate // TypeDefIndex: 4120"
"277260","class","ObjectIDGenerator","4170","public class ObjectIDGenerator // TypeDefIndex: 4170"
"277708","class","TypeLoadExceptionHolder","4178","internal class TypeLoadExceptionHolder // TypeDefIndex: 4178"
"278148","enum","TypeFilterLevel","4193","public enum TypeFilterLevel // TypeDefIndex: 4193"
"278157","enum","BinaryHeaderEnum","4194","internal enum BinaryHeaderEnum // TypeDefIndex: 4194"
"278392","class","SerializationHeaderRecord","4209","internal sealed class SerializationHeaderRecord // TypeDefIndex: 4209"
"278590","class","BinaryCrossAppDomainMap","4217","internal sealed class BinaryCrossAppDomainMap // TypeDefIndex: 4217"
"278633","class","BinaryObjectWithMap","4219","internal sealed class BinaryObjectWithMap // TypeDefIndex: 4219"
"278665","class","BinaryObjectWithMapTyped","4220","internal sealed class BinaryObjectWithMapTyped // TypeDefIndex: 4220"
"278826","class","ObjectMap","4226","internal sealed class ObjectMap // TypeDefIndex: 4226"
"279236","class","ObjectMapInfo","4231","internal sealed class ObjectMapInfo // TypeDefIndex: 4231"
"279333","class","ReadObjectInfo","4233","internal sealed class ReadObjectInfo // TypeDefIndex: 4233"
"279484","class","ObjectReader.TypeNAssembly","4237","internal class ObjectReader.TypeNAssembly // TypeDefIndex: 4237"
"279497","class","ObjectReader.TopLevelAssemblyTypeResolver","4238","internal sealed class ObjectReader.TopLevelAssemblyTypeResolver // TypeDefIndex: 4238"
"279512","class","ObjectReader","4239","internal sealed class ObjectReader // TypeDefIndex: 4239"
"280341","class","MemoryMarshal","4256","public static class MemoryMarshal // TypeDefIndex: 4256"
"281693","struct","AsyncValueTaskMethodBuilder","4308","public struct AsyncValueTaskMethodBuilder // TypeDefIndex: 4308"
"281702","struct","AsyncValueTaskMethodBuilder","4309","public struct AsyncValueTaskMethodBuilder<TResult> // TypeDefIndex: 4309"
"281845","struct","ConfiguredValueTaskAwaitable.ConfiguredValueTaskAwaiter","4314","public struct ConfiguredValueTaskAwaitable.ConfiguredValueTaskAwaiter : ICriticalNotifyCompletion, INotifyCompletion // TypeDefIndex: 4314"
"281874","struct","ConfiguredValueTaskAwaitable","4315","public struct ConfiguredValueTaskAwaitable // TypeDefIndex: 4315"
"281890","struct","ConfiguredValueTaskAwaitable.ConfiguredValueTaskAwaiter","4316","public struct ConfiguredValueTaskAwaitable.ConfiguredValueTaskAwaiter<TResult> : ICriticalNotifyCompletion, INotifyCompletion // TypeDefIndex: 4316"
"281959","struct","ConfiguredValueTaskAwaitable","4317","public struct ConfiguredValueTaskAwaitable<TResult> // TypeDefIndex: 4317"
"282188","class","IsReadOnlyAttribute","4331","public sealed class IsReadOnlyAttribute : Attribute // TypeDefIndex: 4331"
"282355","class","ValueTaskAwaiter.","4342","private sealed class ValueTaskAwaiter.<>c // TypeDefIndex: 4342"
"282374","struct","ValueTaskAwaiter","4343","public struct ValueTaskAwaiter : ICriticalNotifyCompletion, INotifyCompletion // TypeDefIndex: 4343"
"282407","struct","ValueTaskAwaiter","4344","public struct ValueTaskAwaiter<TResult> : ICriticalNotifyCompletion, INotifyCompletion // TypeDefIndex: 4344"
"282476","class","TaskAwaiter.","4345","private sealed class TaskAwaiter.<>c__DisplayClass11_0 // TypeDefIndex: 4345"
"282493","struct","TaskAwaiter","4346","public struct TaskAwaiter : ICriticalNotifyCompletion, INotifyCompletion // TypeDefIndex: 4346"
"282540","struct","TaskAwaiter","4347","public struct TaskAwaiter<TResult> : ICriticalNotifyCompletion, INotifyCompletion // TypeDefIndex: 4347"
"282849","struct","ConfiguredTaskAwaitable.ConfiguredTaskAwaiter","4348","public struct ConfiguredTaskAwaitable.ConfiguredTaskAwaiter : ICriticalNotifyCompletion, INotifyCompletion // TypeDefIndex: 4348"
"282879","struct","ConfiguredTaskAwaitable","4349","public struct ConfiguredTaskAwaitable // TypeDefIndex: 4349"
"282895","struct","ConfiguredTaskAwaitable.ConfiguredTaskAwaiter","4350","public struct ConfiguredTaskAwaitable.ConfiguredTaskAwaiter<TResult> : ICriticalNotifyCompletion, INotifyCompletion // TypeDefIndex: 4350"
"283205","struct","ConfiguredTaskAwaitable","4351","public struct ConfiguredTaskAwaitable<TResult> // TypeDefIndex: 4351"
"283333","class","ReflectionBlockedAttribute","4352","internal class ReflectionBlockedAttribute : Attribute // TypeDefIndex: 4352"
"283486","struct","AsyncTaskMethodBuilder","4354","public struct AsyncTaskMethodBuilder // TypeDefIndex: 4354"
"283993","struct","AsyncTaskMethodBuilder","4355","public struct AsyncTaskMethodBuilder<TResult> // TypeDefIndex: 4355"
"285858","class","AsyncTaskCache","4356","internal static class AsyncTaskCache // TypeDefIndex: 4356"
"286033","enum","LoadHint","4362","public enum LoadHint // TypeDefIndex: 4362"
"295012","interface","IResourceReader","4377","public interface IResourceReader : IEnumerable, IDisposable // TypeDefIndex: 4377"
"295351","class","ResourceReader.ResourceEnumerator","4392","internal sealed class ResourceReader.ResourceEnumerator : IDictionaryEnumerator, IEnumerator // TypeDefIndex: 4392"
"295395","class","ResourceReader","4393","public sealed class ResourceReader : IResourceReader, IEnumerable, IDisposable // TypeDefIndex: 4393"
"295717","class","AssemblyMetadataAttribute","4406","public sealed class AssemblyMetadataAttribute : Attribute // TypeDefIndex: 4406"
"295774","class","AssemblyTrademarkAttribute","4410","public sealed class AssemblyTrademarkAttribute : Attribute // TypeDefIndex: 4410"
"295951","class","EventInfo.AddEventAdapter","4418","private sealed class EventInfo.AddEventAdapter : MulticastDelegate // TypeDefIndex: 4418"
"296884","class","ReflectionTypeLoadException","4444","public sealed class ReflectionTypeLoadException : SystemException, ISerializable // TypeDefIndex: 4444"
"297961","class","MissingMetadataException","4462","public sealed class MissingMetadataException : TypeAccessException // TypeDefIndex: 4462"
"299443","class","RuntimePropertyInfo.GetterAdapter","4486","private sealed class RuntimePropertyInfo.GetterAdapter : MulticastDelegate // TypeDefIndex: 4486"
"300053","class","ILGenerator","4498","public class ILGenerator // TypeDefIndex: 4498"
"303551","struct","UmAlQuraCalendar.DateMapping","4564","internal struct UmAlQuraCalendar.DateMapping // TypeDefIndex: 4564"
"303963","class","CodePageDataItem","4570","internal class CodePageDataItem // TypeDefIndex: 4570"
"304035","struct","InternalEncodingDataItem","4572","internal struct InternalEncodingDataItem // TypeDefIndex: 4572"
"304043","struct","InternalCodePageDataItem","4573","internal struct InternalCodePageDataItem // TypeDefIndex: 4573"
"304392","class","IdnMapping","4579","public sealed class IdnMapping // TypeDefIndex: 4579"
"304933","enum","EventLevel","4599","public enum EventLevel // TypeDefIndex: 4599"
"305968","class","ReadOnlyCollectionBase","4637","public abstract class ReadOnlyCollectionBase : ICollection, IEnumerable // TypeDefIndex: 4637"
"306720","class","ArrayList.ReadOnlyArrayList","4650","private class ArrayList.ReadOnlyArrayList : ArrayList // TypeDefIndex: 4650"
"307629","class","ConcurrentQueue","4665","public class ConcurrentQueue<T> : IEnumerable<T>, IEnumerable, ICollection, IReadOnlyCollection<T> // TypeDefIndex: 4665"
"307953","struct","PaddedHeadAndTail","4666","internal struct PaddedHeadAndTail // TypeDefIndex: 4666"
"308259","class","ConcurrentDictionary","4672","public class ConcurrentDictionary<TKey, TValue> : IDictionary<TKey, TValue>, ICollection<KeyValuePair<TKey, TValue>>, IEnumerable<KeyValuePair<TKey, TValue>>, IEnumerable, IDictionary, ICollection, IReadOnlyDictionary<TKey, TValue>, IReadOnlyCollection<KeyValuePair<TKey, TValue>> // TypeDefIndex: 4672"
"309288","class","ConcurrentStack","4676","public class ConcurrentStack<T> : IEnumerable<T>, IEnumerable, ICollection, IReadOnlyCollection<T> // TypeDefIndex: 4676"
"309399","class","IProducerConsumerCollectionDebugView","4677","internal sealed class IProducerConsumerCollectionDebugView<T> // TypeDefIndex: 4677"
"309407","class","Collection","4678","public class Collection<T> : IList<T>, ICollection<T>, IEnumerable<T>, IEnumerable, IList, ICollection, IReadOnlyList<T>, IReadOnlyCollection<T> // TypeDefIndex: 4678"
"309805","class","ReadOnlyCollection","4679","public class ReadOnlyCollection<T> : IList<T>, ICollection<T>, IEnumerable<T>, IEnumerable, IList, ICollection, IReadOnlyList<T>, IReadOnlyCollection<T> // TypeDefIndex: 4679"
"335815","class","KeyedCollection","4680","public abstract class KeyedCollection<TKey, TItem> : Collection<TItem> // TypeDefIndex: 4680"
"336006","struct","ReadOnlyDictionary.DictionaryEnumerator","4681","private struct ReadOnlyDictionary.DictionaryEnumerator<TKey, TValue> : IDictionaryEnumerator, IEnumerator // TypeDefIndex: 4681"
"336102","class","ReadOnlyDictionary.KeyCollection","4682","public sealed class ReadOnlyDictionary.KeyCollection<TKey, TValue> : ICollection<TKey>, IEnumerable<TKey>, IEnumerable, ICollection, IReadOnlyCollection<TKey> // TypeDefIndex: 4682"
"336275","class","ReadOnlyDictionary.ValueCollection","4683","public sealed class ReadOnlyDictionary.ValueCollection<TKey, TValue> : ICollection<TValue>, IEnumerable<TValue>, IEnumerable, ICollection, IReadOnlyCollection<TValue> // TypeDefIndex: 4683"
"336449","class","ReadOnlyDictionary","4684","public class ReadOnlyDictionary<TKey, TValue> : IDictionary<TKey, TValue>, ICollection<KeyValuePair<TKey, TValue>>, IEnumerable<KeyValuePair<TKey, TValue>>, IEnumerable, IDictionary, ICollection, IReadOnlyDictionary<TKey, TValue>, IReadOnlyCollection<KeyValuePair<TKey, TValue>> // TypeDefIndex: 4684"
"336898","class","ReadOnlyDictionaryHelpers","4685","internal static class ReadOnlyDictionaryHelpers // TypeDefIndex: 4685"
"346006","class","Dictionary.KeyCollection","4690","public sealed class Dictionary.KeyCollection<TKey, TValue> : ICollection<TKey>, IEnumerable<TKey>, IEnumerable, ICollection, IReadOnlyCollection<TKey> // TypeDefIndex: 4690"
"358081","class","Dictionary.ValueCollection","4692","public sealed class Dictionary.ValueCollection<TKey, TValue> : ICollection<TValue>, IEnumerable<TValue>, IEnumerable, ICollection, IReadOnlyCollection<TValue> // TypeDefIndex: 4692"
"366528","class","Dictionary","4693","public class Dictionary<TKey, TValue> : IDictionary<TKey, TValue>, ICollection<KeyValuePair<TKey, TValue>>, IEnumerable<KeyValuePair<TKey, TValue>>, IEnumerable, IDictionary, ICollection, IReadOnlyDictionary<TKey, TValue>, IReadOnlyCollection<KeyValuePair<TKey, TValue>>, ISerializable, IDeserializationCallback // TypeDefIndex: 4693"
"399949","interface","IReadOnlyCollection","4705","public interface IReadOnlyCollection<T> : IEnumerable<T>, IEnumerable // TypeDefIndex: 4705"
"399967","interface","IReadOnlyDictionary","4706","public interface IReadOnlyDictionary<TKey, TValue> : IReadOnlyCollection<KeyValuePair<TKey, TValue>>, IEnumerable<KeyValuePair<TKey, TValue>>, IEnumerable // TypeDefIndex: 4706"
"400019","interface","IReadOnlyList","4707","public interface IReadOnlyList<T> : IReadOnlyCollection<T>, IEnumerable<T>, IEnumerable // TypeDefIndex: 4707"
"408810","class","List","4712","public class List<T> : IList<T>, ICollection<T>, IEnumerable<T>, IEnumerable, IList, ICollection, IReadOnlyList<T>, IReadOnlyCollection<T> // TypeDefIndex: 4712"
"460786","class","LowLevelDictionary.Entry","4717","private sealed class LowLevelDictionary.Entry<TKey, TValue> // TypeDefIndex: 4717"
"460808","class","LowLevelDictionary.DefaultComparer","4718","private sealed class LowLevelDictionary.DefaultComparer<TKey, TValue, T> : IEqualityComparer<T> // TypeDefIndex: 4718"
"460848","class","LowLevelDictionary","4719","internal class LowLevelDictionary<TKey, TValue> // TypeDefIndex: 4719"
"461259","class","Queue","4722","public class Queue<T> : IEnumerable<T>, IEnumerable, ICollection, IReadOnlyCollection<T> // TypeDefIndex: 4722"
"462381","class","Stack","4725","public class Stack<T> : IEnumerable<T>, IEnumerable, ICollection, IReadOnlyCollection<T> // TypeDefIndex: 4725"
"463533","class","LowLevelList","4729","internal class LowLevelList<T> // TypeDefIndex: 4729"
"463770","struct","LowLevelListWithIList.Enumerator","4730","private struct LowLevelListWithIList.Enumerator<T> : IEnumerator<T>, IDisposable, IEnumerator // TypeDefIndex: 4730"
"463863","class","LowLevelListWithIList","4731","internal sealed class LowLevelListWithIList<T> : LowLevelList<T>, IList<T>, ICollection<T>, IEnumerable<T>, IEnumerable // TypeDefIndex: 4731"
"503445","interface","IMemoryOwner","4753","public interface IMemoryOwner<T> : IDisposable // TypeDefIndex: 4753"
"503471","struct","MemoryHandle","4755","public struct MemoryHandle : IDisposable // TypeDefIndex: 4755"
"503496","class","MemoryManager","4756","public abstract class MemoryManager<T> // TypeDefIndex: 4756"
"503535","enum","TlsOverPerCoreLockedStacksArrayPool.MemoryPressure","4757","private enum TlsOverPerCoreLockedStacksArrayPool.MemoryPressure<T> // TypeDefIndex: 4757"
"503955","class","ArrayMemoryPool.ArrayMemoryPoolBuffer","4762","private sealed class ArrayMemoryPool.ArrayMemoryPoolBuffer<T> : IMemoryOwner<T>, IDisposable // TypeDefIndex: 4762"
"504000","class","ArrayMemoryPool","4763","internal sealed class ArrayMemoryPool<T> : MemoryPool<T> // TypeDefIndex: 4763"
"504039","class","MemoryPool","4764","public abstract class MemoryPool<T> : IDisposable // TypeDefIndex: 4764"
"504253","class","FileLoadException","4772","public class FileLoadException : IOException // TypeDefIndex: 4772"
"504414","class","MemoryStream","4778","public class MemoryStream : Stream // TypeDefIndex: 4778"
"504624","class","PinnedBufferMemoryStream","4781","internal sealed class PinnedBufferMemoryStream : UnmanagedMemoryStream // TypeDefIndex: 4781"
"504668","class","StreamReader.NullStreamReader","4784","private class StreamReader.NullStreamReader : StreamReader // TypeDefIndex: 4784"
"504709","struct","StreamReader.","4785","private struct StreamReader.<ReadLineAsyncInternal>d__61 : IAsyncStateMachine // TypeDefIndex: 4785"
"504731","struct","StreamReader.","4786","private struct StreamReader.<ReadToEndAsyncInternal>d__63 : IAsyncStateMachine // TypeDefIndex: 4786"
"504752","struct","StreamReader.","4787","private struct StreamReader.<ReadAsyncInternal>d__66 : IAsyncStateMachine // TypeDefIndex: 4787"
"504781","struct","StreamReader.","4788","private struct StreamReader.<ReadBufferAsync>d__69 : IAsyncStateMachine // TypeDefIndex: 4788"
"504803","class","StreamReader","4789","public class StreamReader : TextReader // TypeDefIndex: 4789"
"505066","class","TextReader.NullTextReader","4791","private sealed class TextReader.NullTextReader : TextReader // TypeDefIndex: 4791"
"505082","class","TextReader.SyncTextReader","4792","internal sealed class TextReader.SyncTextReader : TextReader // TypeDefIndex: 4792"
"505123","class","TextReader.","4793","private sealed class TextReader.<>c // TypeDefIndex: 4793"
"505147","struct","TextReader.","4794","private struct TextReader.<ReadToEndAsync>d__14 : IAsyncStateMachine // TypeDefIndex: 4794"
"505169","class","TextReader","4795","public abstract class TextReader : MarshalByRefObject, IDisposable // TypeDefIndex: 4795"
"505394","class","UnmanagedMemoryStream","4799","public class UnmanagedMemoryStream : Stream // TypeDefIndex: 4799"
"505724","struct","File.","4804","private struct File.<InternalReadAllBytesAsync>d__71 : IAsyncStateMachine // TypeDefIndex: 4804"
"505749","struct","File.","4805","private struct File.<InternalReadAllBytesUnknownLengthAsync>d__72 : IAsyncStateMachine // TypeDefIndex: 4805"
"506165","struct","Stream.ReadWriteParameters","4815","private struct Stream.ReadWriteParameters // TypeDefIndex: 4815"
"506174","class","Stream.ReadWriteTask","4816","private sealed class Stream.ReadWriteTask : Task<int>, ITaskCompletionAction // TypeDefIndex: 4816"
"506480","struct","Stream.","4823","private struct Stream.<<ReadAsync>g__FinishReadAsync|44_0>d : IAsyncStateMachine // TypeDefIndex: 4823"
"506726","class","BinaryReader","4826","public class BinaryReader : IDisposable // TypeDefIndex: 4826"
"506934","class","StringReader","4828","public class StringReader : TextReader // TypeDefIndex: 4828"
"507026","class","FileStream.ReadDelegate","4830","private sealed class FileStream.ReadDelegate : MulticastDelegate // TypeDefIndex: 4830"
"507589","class","UnexceptionalStreamReader","4840","internal class UnexceptionalStreamReader : StreamReader // TypeDefIndex: 4840"
"507647","class","CStreamReader","4842","internal class CStreamReader : StreamReader // TypeDefIndex: 4842"
"508974","class","DynamicAtlas.TextureInfo","4925","internal class DynamicAtlas.TextureInfo : LinkedPoolItem<DynamicAtlas.TextureInfo> // TypeDefIndex: 4925"
"511336","enum","BindingLogLevel","4965","public enum BindingLogLevel // TypeDefIndex: 4965"
"511350","struct","DataBindingManager.BindingRequest","4966","private struct DataBindingManager.BindingRequest // TypeDefIndex: 4966"
"512068","interface","IBindingRequest","4989","internal interface IBindingRequest // TypeDefIndex: 4989"
"512168","enum","BindingUpdateStage","4991","internal enum BindingUpdateStage // TypeDefIndex: 4991"
"512848","struct","ReadOnlyHierarchyViewModelList.Enumerator","5001","private struct ReadOnlyHierarchyViewModelList.Enumerator : IEnumerator // TypeDefIndex: 5001"
"512874","class","ReadOnlyHierarchyViewModelList","5002","internal class ReadOnlyHierarchyViewModelList : IList, ICollection, IEnumerable // TypeDefIndex: 5002"
"512943","class","BaseTreeViewController.","5003","private sealed class BaseTreeViewController.<GetAllItemIds>d__23 : IEnumerable<int>, IEnumerable, IEnumerator<int>, IEnumerator, IDisposable // TypeDefIndex: 5003"
"514509","class","ReusableCollectionItem","5022","internal class ReusableCollectionItem // TypeDefIndex: 5022"
"514630","class","ReusableListViewItem","5023","internal class ReusableListViewItem : ReusableCollectionItem // TypeDefIndex: 5023"
"514678","class","ReusableMultiColumnListViewItem","5024","internal class ReusableMultiColumnListViewItem : ReusableListViewItem // TypeDefIndex: 5024"
"514699","class","ReusableMultiColumnTreeViewItem","5025","internal class ReusableMultiColumnTreeViewItem : ReusableTreeViewItem // TypeDefIndex: 5025"
"514720","class","ReusableTreeViewItem","5026","internal class ReusableTreeViewItem : ReusableCollectionItem // TypeDefIndex: 5026"
"515750","enum","ListViewReorderMode","5036","public enum ListViewReorderMode // TypeDefIndex: 5036"
"518046","class","BaseVerticalCollectionView.","5060","private sealed class BaseVerticalCollectionView.<get_selectedItems>d__88 : IEnumerable<object>, IEnumerable, IEnumerator<object>, IEnumerator, IDisposable // TypeDefIndex: 5060"
"520040","class","GenericDropdownMenu.MenuItem","5126","internal class GenericDropdownMenu.MenuItem // TypeDefIndex: 5126"
"523761","class","KeyboardTextEditorEventHandler","5150","internal class KeyboardTextEditorEventHandler : TextEditorEventHandler // TypeDefIndex: 5150"
"529593","class","RadioButton.UxmlFactory","5221","public class RadioButton.UxmlFactory : UxmlFactory<RadioButton, RadioButton.UxmlTraits> // TypeDefIndex: 5221"
"529603","class","RadioButton.UxmlTraits","5222","public class RadioButton.UxmlTraits : BaseFieldTraits<bool, UxmlBoolAttributeDescription> // TypeDefIndex: 5222"
"529618","class","RadioButton","5223","public class RadioButton : BaseBoolField, IGroupBoxOption // TypeDefIndex: 5223"
"529676","class","RadioButtonGroup.UxmlFactory","5224","public class RadioButtonGroup.UxmlFactory : UxmlFactory<RadioButtonGroup, RadioButtonGroup.UxmlTraits> // TypeDefIndex: 5224"
"529686","class","RadioButtonGroup.UxmlTraits","5225","public class RadioButtonGroup.UxmlTraits : BaseFieldTraits<int, UxmlIntAttributeDescription> // TypeDefIndex: 5225"
"529702","class","RadioButtonGroup.","5226","private sealed class RadioButtonGroup.<get_choices>d__17 : IEnumerable<string>, IEnumerable, IEnumerator<string>, IEnumerator, IDisposable // TypeDefIndex: 5226"
"529759","class","RadioButtonGroup","5227","public class RadioButtonGroup : BaseField<int>, IGroupBox // TypeDefIndex: 5227"
"532499","struct","TreeViewItemData","5278","public struct TreeViewItemData<T> // TypeDefIndex: 5278"
"534357","class","BaseReorderableDragAndDropController","5317","internal abstract class BaseReorderableDragAndDropController : ICollectionDragAndDropController, IDragAndDropController<IListDragAndDropArgs>, IReorderable // TypeDefIndex: 5317"
"534569","interface","ICollectionDragAndDropController","5322","internal interface ICollectionDragAndDropController : IDragAndDropController<IListDragAndDropArgs>, IReorderable // TypeDefIndex: 5322"
"534950","interface","IReorderable","5334","internal interface IReorderable // TypeDefIndex: 5334"
"535168","class","ListViewReorderableDragAndDropController","5339","internal class ListViewReorderableDragAndDropController : BaseReorderableDragAndDropController // TypeDefIndex: 5339"
"535186","class","TreeViewReorderableDragAndDropController.DropData","5340","protected class TreeViewReorderableDragAndDropController.DropData // TypeDefIndex: 5340"
"535202","class","TreeViewReorderableDragAndDropController","5341","internal class TreeViewReorderableDragAndDropController : BaseReorderableDragAndDropController // TypeDefIndex: 5341"
"535273","class","DropdownMenuItem","5343","public abstract class DropdownMenuItem // TypeDefIndex: 5343"
"535282","class","DropdownMenuSeparator","5344","public class DropdownMenuSeparator : DropdownMenuItem // TypeDefIndex: 5344"
"535316","class","DropdownMenuAction","5346","public class DropdownMenuAction : DropdownMenuItem // TypeDefIndex: 5346"
"538313","interface","IKeyboardEvent","5408","public interface IKeyboardEvent // TypeDefIndex: 5408"
"538334","class","KeyboardEventBase","5409","public abstract class KeyboardEventBase<T> : EventBase<T>, IKeyboardEvent // TypeDefIndex: 5409"
"538532","class","KeyDownEvent","5411","public class KeyDownEvent : KeyboardEventBase<KeyDownEvent> // TypeDefIndex: 5411"
"538554","class","KeyboardEventExtensions","5412","internal static class KeyboardEventExtensions // TypeDefIndex: 5412"
"538588","class","KeyUpEvent","5414","public class KeyUpEvent : KeyboardEventBase<KeyUpEvent> // TypeDefIndex: 5414"
"541610","class","CustomStyleResolvedEvent.","5491","private sealed class CustomStyleResolvedEvent.<>c // TypeDefIndex: 5491"
"541629","class","CustomStyleResolvedEvent","5492","public class CustomStyleResolvedEvent : EventBase<CustomStyleResolvedEvent> // TypeDefIndex: 5492"
"543919","enum","KeyboardNavigationOperation","5545","public enum KeyboardNavigationOperation // TypeDefIndex: 5545"
"543939","struct","KeyboardNavigationManipulator.","5546","private struct KeyboardNavigationManipulator.<>c__DisplayClass4_0 // TypeDefIndex: 5546"
"543946","class","KeyboardNavigationManipulator","5547","public class KeyboardNavigationManipulator : Manipulator // TypeDefIndex: 5547"
"544213","struct","MeshBuilderNative.NativeBorderParams","5558","public struct MeshBuilderNative.NativeBorderParams // TypeDefIndex: 5558"
"545019","class","LoadResourceFunction","5575","internal sealed class LoadResourceFunction : MulticastDelegate // TypeDefIndex: 5575"
"545043","class","GetViewDataDictionary","5577","internal sealed class GetViewDataDictionary : MulticastDelegate // TypeDefIndex: 5577"
"545055","class","SavePersistentViewData","5578","internal sealed class SavePersistentViewData : MulticastDelegate // TypeDefIndex: 5578"
"546848","class","ScheduledItem.","5619","private sealed class ScheduledItem.<>c // TypeDefIndex: 5619"
"546869","class","ScheduledItem","5620","internal abstract class ScheduledItem // TypeDefIndex: 5620"
"548107","struct","CustomStyleProperty","5639","public struct CustomStyleProperty<T> : IEquatable<CustomStyleProperty<T>> // TypeDefIndex: 5639"
"548244","interface","ICustomStyle","5640","public interface ICustomStyle // TypeDefIndex: 5640"
"550279","class","InlineStyleAccessPropertyBag.AlignItemsProperty","5654","private class InlineStyleAccessPropertyBag.AlignItemsProperty : InlineStyleAccessPropertyBag.InlineStyleEnumProperty<Align> // TypeDefIndex: 5654"
"550511","class","InlineStyleAccessPropertyBag.BorderBottomColorProperty","5662","private class InlineStyleAccessPropertyBag.BorderBottomColorProperty : InlineStyleAccessPropertyBag.InlineStyleColorProperty // TypeDefIndex: 5662"
"550540","class","InlineStyleAccessPropertyBag.BorderBottomLeftRadiusProperty","5663","private class InlineStyleAccessPropertyBag.BorderBottomLeftRadiusProperty : InlineStyleAccessPropertyBag.InlineStyleLengthProperty // TypeDefIndex: 5663"
"550569","class","InlineStyleAccessPropertyBag.BorderBottomRightRadiusProperty","5664","private class InlineStyleAccessPropertyBag.BorderBottomRightRadiusProperty : InlineStyleAccessPropertyBag.InlineStyleLengthProperty // TypeDefIndex: 5664"
"550598","class","InlineStyleAccessPropertyBag.BorderBottomWidthProperty","5665","private class InlineStyleAccessPropertyBag.BorderBottomWidthProperty : InlineStyleAccessPropertyBag.InlineStyleFloatProperty // TypeDefIndex: 5665"
"550627","class","InlineStyleAccessPropertyBag.BorderLeftColorProperty","5666","private class InlineStyleAccessPropertyBag.BorderLeftColorProperty : InlineStyleAccessPropertyBag.InlineStyleColorProperty // TypeDefIndex: 5666"
"550656","class","InlineStyleAccessPropertyBag.BorderLeftWidthProperty","5667","private class InlineStyleAccessPropertyBag.BorderLeftWidthProperty : InlineStyleAccessPropertyBag.InlineStyleFloatProperty // TypeDefIndex: 5667"
"550685","class","InlineStyleAccessPropertyBag.BorderRightColorProperty","5668","private class InlineStyleAccessPropertyBag.BorderRightColorProperty : InlineStyleAccessPropertyBag.InlineStyleColorProperty // TypeDefIndex: 5668"
"550714","class","InlineStyleAccessPropertyBag.BorderRightWidthProperty","5669","private class InlineStyleAccessPropertyBag.BorderRightWidthProperty : InlineStyleAccessPropertyBag.InlineStyleFloatProperty // TypeDefIndex: 5669"
"550743","class","InlineStyleAccessPropertyBag.BorderTopColorProperty","5670","private class InlineStyleAccessPropertyBag.BorderTopColorProperty : InlineStyleAccessPropertyBag.InlineStyleColorProperty // TypeDefIndex: 5670"
"550772","class","InlineStyleAccessPropertyBag.BorderTopLeftRadiusProperty","5671","private class InlineStyleAccessPropertyBag.BorderTopLeftRadiusProperty : InlineStyleAccessPropertyBag.InlineStyleLengthProperty // TypeDefIndex: 5671"
"550801","class","InlineStyleAccessPropertyBag.BorderTopRightRadiusProperty","5672","private class InlineStyleAccessPropertyBag.BorderTopRightRadiusProperty : InlineStyleAccessPropertyBag.InlineStyleLengthProperty // TypeDefIndex: 5672"
"550830","class","InlineStyleAccessPropertyBag.BorderTopWidthProperty","5673","private class InlineStyleAccessPropertyBag.BorderTopWidthProperty : InlineStyleAccessPropertyBag.InlineStyleFloatProperty // TypeDefIndex: 5673"
"551555","class","InlineStyleAccessPropertyBag.PaddingBottomProperty","5698","private class InlineStyleAccessPropertyBag.PaddingBottomProperty : InlineStyleAccessPropertyBag.InlineStyleLengthProperty // TypeDefIndex: 5698"
"551584","class","InlineStyleAccessPropertyBag.PaddingLeftProperty","5699","private class InlineStyleAccessPropertyBag.PaddingLeftProperty : InlineStyleAccessPropertyBag.InlineStyleLengthProperty // TypeDefIndex: 5699"
"551613","class","InlineStyleAccessPropertyBag.PaddingRightProperty","5700","private class InlineStyleAccessPropertyBag.PaddingRightProperty : InlineStyleAccessPropertyBag.InlineStyleLengthProperty // TypeDefIndex: 5700"
"551642","class","InlineStyleAccessPropertyBag.PaddingTopProperty","5701","private class InlineStyleAccessPropertyBag.PaddingTopProperty : InlineStyleAccessPropertyBag.InlineStyleLengthProperty // TypeDefIndex: 5701"
"551816","class","InlineStyleAccessPropertyBag.TextShadowProperty","5707","private class InlineStyleAccessPropertyBag.TextShadowProperty : InlineStyleAccessPropertyBag.InlineStyleTextShadowProperty // TypeDefIndex: 5707"
"552454","class","InlineStyleAccessPropertyBag.UnityTextGeneratorProperty","5729","private class InlineStyleAccessPropertyBag.UnityTextGeneratorProperty : InlineStyleAccessPropertyBag.InlineStyleEnumProperty<TextGeneratorType> // TypeDefIndex: 5729"
"553489","class","InlineStyleAccessPropertyBag.InlineStyleTextShadowProperty","5756","private abstract class InlineStyleAccessPropertyBag.InlineStyleTextShadowProperty : InlineStyleAccessPropertyBag.InlineStyleProperty<StyleTextShadow, TextShadow> // TypeDefIndex: 5756"
"554142","class","VisualElement.BaseVisualElementScheduledItem","5769","private abstract class VisualElement.BaseVisualElementScheduledItem : ScheduledItem, IVisualElementScheduledItem // TypeDefIndex: 5769"
"554243","class","VisualElement.VisualElementScheduledItem","5770","private abstract class VisualElement.VisualElementScheduledItem<ActionType> : VisualElement.BaseVisualElementScheduledItem // TypeDefIndex: 5770"
"554263","class","VisualElement.TimerStateScheduledItem","5771","private class VisualElement.TimerStateScheduledItem : VisualElement.VisualElementScheduledItem<Action<TimerState>> // TypeDefIndex: 5771"
"554275","class","VisualElement.SimpleScheduledItem","5772","private class VisualElement.SimpleScheduledItem : VisualElement.VisualElementScheduledItem<Action> // TypeDefIndex: 5772"
"554287","class","VisualElement.CustomStyleAccess","5773","internal class VisualElement.CustomStyleAccess : ICustomStyle // TypeDefIndex: 5773"
"555988","class","ResolvedStyleAccessPropertyBag.AlignItemsProperty","5778","private class ResolvedStyleAccessPropertyBag.AlignItemsProperty : ResolvedStyleAccessPropertyBag.ResolvedEnumProperty<Align> // TypeDefIndex: 5778"
"556220","class","ResolvedStyleAccessPropertyBag.BorderBottomColorProperty","5786","private class ResolvedStyleAccessPropertyBag.BorderBottomColorProperty : ResolvedStyleAccessPropertyBag.ResolvedColorProperty // TypeDefIndex: 5786"
"556249","class","ResolvedStyleAccessPropertyBag.BorderBottomLeftRadiusProperty","5787","private class ResolvedStyleAccessPropertyBag.BorderBottomLeftRadiusProperty : ResolvedStyleAccessPropertyBag.ResolvedFloatProperty // TypeDefIndex: 5787"
"556278","class","ResolvedStyleAccessPropertyBag.BorderBottomRightRadiusProperty","5788","private class ResolvedStyleAccessPropertyBag.BorderBottomRightRadiusProperty : ResolvedStyleAccessPropertyBag.ResolvedFloatProperty // TypeDefIndex: 5788"
"556307","class","ResolvedStyleAccessPropertyBag.BorderBottomWidthProperty","5789","private class ResolvedStyleAccessPropertyBag.BorderBottomWidthProperty : ResolvedStyleAccessPropertyBag.ResolvedFloatProperty // TypeDefIndex: 5789"
"556336","class","ResolvedStyleAccessPropertyBag.BorderLeftColorProperty","5790","private class ResolvedStyleAccessPropertyBag.BorderLeftColorProperty : ResolvedStyleAccessPropertyBag.ResolvedColorProperty // TypeDefIndex: 5790"
"556365","class","ResolvedStyleAccessPropertyBag.BorderLeftWidthProperty","5791","private class ResolvedStyleAccessPropertyBag.BorderLeftWidthProperty : ResolvedStyleAccessPropertyBag.ResolvedFloatProperty // TypeDefIndex: 5791"
"556394","class","ResolvedStyleAccessPropertyBag.BorderRightColorProperty","5792","private class ResolvedStyleAccessPropertyBag.BorderRightColorProperty : ResolvedStyleAccessPropertyBag.ResolvedColorProperty // TypeDefIndex: 5792"
"556423","class","ResolvedStyleAccessPropertyBag.BorderRightWidthProperty","5793","private class ResolvedStyleAccessPropertyBag.BorderRightWidthProperty : ResolvedStyleAccessPropertyBag.ResolvedFloatProperty // TypeDefIndex: 5793"
"556452","class","ResolvedStyleAccessPropertyBag.BorderTopColorProperty","5794","private class ResolvedStyleAccessPropertyBag.BorderTopColorProperty : ResolvedStyleAccessPropertyBag.ResolvedColorProperty // TypeDefIndex: 5794"
"556481","class","ResolvedStyleAccessPropertyBag.BorderTopLeftRadiusProperty","5795","private class ResolvedStyleAccessPropertyBag.BorderTopLeftRadiusProperty : ResolvedStyleAccessPropertyBag.ResolvedFloatProperty // TypeDefIndex: 5795"
"556510","class","ResolvedStyleAccessPropertyBag.BorderTopRightRadiusProperty","5796","private class ResolvedStyleAccessPropertyBag.BorderTopRightRadiusProperty : ResolvedStyleAccessPropertyBag.ResolvedFloatProperty // TypeDefIndex: 5796"
"556539","class","ResolvedStyleAccessPropertyBag.BorderTopWidthProperty","5797","private class ResolvedStyleAccessPropertyBag.BorderTopWidthProperty : ResolvedStyleAccessPropertyBag.ResolvedFloatProperty // TypeDefIndex: 5797"
"557206","class","ResolvedStyleAccessPropertyBag.PaddingBottomProperty","5820","private class ResolvedStyleAccessPropertyBag.PaddingBottomProperty : ResolvedStyleAccessPropertyBag.ResolvedFloatProperty // TypeDefIndex: 5820"
"557235","class","ResolvedStyleAccessPropertyBag.PaddingLeftProperty","5821","private class ResolvedStyleAccessPropertyBag.PaddingLeftProperty : ResolvedStyleAccessPropertyBag.ResolvedFloatProperty // TypeDefIndex: 5821"
"557264","class","ResolvedStyleAccessPropertyBag.PaddingRightProperty","5822","private class ResolvedStyleAccessPropertyBag.PaddingRightProperty : ResolvedStyleAccessPropertyBag.ResolvedFloatProperty // TypeDefIndex: 5822"
"557293","class","ResolvedStyleAccessPropertyBag.PaddingTopProperty","5823","private class ResolvedStyleAccessPropertyBag.PaddingTopProperty : ResolvedStyleAccessPropertyBag.ResolvedFloatProperty // TypeDefIndex: 5823"
"558047","class","ResolvedStyleAccessPropertyBag.UnityTextGeneratorProperty","5849","private class ResolvedStyleAccessPropertyBag.UnityTextGeneratorProperty : ResolvedStyleAccessPropertyBag.ResolvedEnumProperty<TextGeneratorType> // TypeDefIndex: 5849"
"560941","struct","StyleTextShadow","5913","public struct StyleTextShadow : IStyleValue<TextShadow>, IEquatable<StyleTextShadow> // TypeDefIndex: 5913"
"566320","class","StylePropertyAnimationSystem.ValuesTextShadow","5978","private class StylePropertyAnimationSystem.ValuesTextShadow : StylePropertyAnimationSystem.Values<TextShadow> // TypeDefIndex: 5978"
"567271","enum","StyleSheet.OrderedSelectorType","6005","internal enum StyleSheet.OrderedSelectorType // TypeDefIndex: 6005"
"569616","class","TextShadow.PropertyBag.OffsetProperty","6045","private class TextShadow.PropertyBag.OffsetProperty : Property<TextShadow, Vector2> // TypeDefIndex: 6045"
"569651","class","TextShadow.PropertyBag.BlurRadiusProperty","6046","private class TextShadow.PropertyBag.BlurRadiusProperty : Property<TextShadow, float> // TypeDefIndex: 6046"
"569686","class","TextShadow.PropertyBag.ColorProperty","6047","private class TextShadow.PropertyBag.ColorProperty : Property<TextShadow, Color> // TypeDefIndex: 6047"
"569721","class","TextShadow.PropertyBag","6048","internal class TextShadow.PropertyBag : ContainerPropertyBag<TextShadow> // TypeDefIndex: 6048"
"569730","struct","TextShadow","6049","public struct TextShadow : IEquatable<TextShadow> // TypeDefIndex: 6049"
"573446","enum","GradientType","6159","internal enum GradientType // TypeDefIndex: 6159"
"573455","enum","AddressMode","6160","internal enum AddressMode // TypeDefIndex: 6160"
"573479","struct","GradientSettings","6162","internal struct GradientSettings // TypeDefIndex: 6162"
"574079","enum","VisualElementFocusRing.DefaultFocusOrder","6189","public enum VisualElementFocusRing.DefaultFocusOrder // TypeDefIndex: 6189"
"574165","interface","IVisualElementScheduledItem","6192","public interface IVisualElementScheduledItem // TypeDefIndex: 6192"
"575234","class","Allocator2D.Row","6223","public class Allocator2D.Row : LinkedPoolItem<Allocator2D.Row> // TypeDefIndex: 6223"
"575834","class","EntryRecorder","6242","internal class EntryRecorder // TypeDefIndex: 6242"
"575915","struct","GradientSettingsAtlas.RawTexture","6243","private struct GradientSettingsAtlas.RawTexture // TypeDefIndex: 6243"
"575932","class","GradientSettingsAtlas","6244","internal class GradientSettingsAtlas : IDisposable // TypeDefIndex: 6244"
"576154","class","JobMerger","6250","internal class JobMerger : IDisposable // TypeDefIndex: 6250"
"576193","class","LinkedPoolItem","6251","internal class LinkedPoolItem<T> // TypeDefIndex: 6251"
"576281","class","BasicNode","6253","internal class BasicNode<T> : LinkedPoolItem<BasicNode<T>> // TypeDefIndex: 6253"
"576438","interface","IMeshGenerator","6258","internal interface IMeshGenerator // TypeDefIndex: 6258"
"576472","struct","MeshGenerator.RepeatRectUV","6259","private struct MeshGenerator.RepeatRectUV // TypeDefIndex: 6259"
"576480","struct","MeshGenerator.BackgroundRepeatInstance","6260","public struct MeshGenerator.BackgroundRepeatInstance // TypeDefIndex: 6260"
"576489","struct","MeshGenerator.BorderParams","6261","public struct MeshGenerator.BorderParams // TypeDefIndex: 6261"
"576518","struct","MeshGenerator.RectangleParams","6262","public struct MeshGenerator.RectangleParams // TypeDefIndex: 6262"
"576594","struct","MeshGenerator.TessellationJobParameters","6263","private struct MeshGenerator.TessellationJobParameters // TypeDefIndex: 6263"
"576604","struct","MeshGenerator.TessellationJob","6264","private struct MeshGenerator.TessellationJob : IJobParallelFor // TypeDefIndex: 6264"
"576639","class","MeshGenerator","6265","internal class MeshGenerator : IMeshGenerator, IDisposable // TypeDefIndex: 6265"
"577273","struct","RenderChain.DepthOrderedDirtyTracking","6274","private struct RenderChain.DepthOrderedDirtyTracking // TypeDefIndex: 6274"
"577726","enum","RenderDataDirtyTypes","6280","internal enum RenderDataDirtyTypes // TypeDefIndex: 6280"
"577745","enum","RenderDataDirtyTypeClasses","6281","internal enum RenderDataDirtyTypeClasses // TypeDefIndex: 6281"
"577851","class","ExtraRenderChainVEData","6284","internal class ExtraRenderChainVEData : LinkedPoolItem<ExtraRenderChainVEData> // TypeDefIndex: 6284"
"577972","class","BaseShaderInfoStorage","6288","internal abstract class BaseShaderInfoStorage : IDisposable // TypeDefIndex: 6288"
"578023","class","ShaderInfoStorage","6289","internal class ShaderInfoStorage<T> : BaseShaderInfoStorage // TypeDefIndex: 6289"
"578131","class","ShaderInfoStorageRGBAFloat.","6290","private sealed class ShaderInfoStorageRGBAFloat.<>c // TypeDefIndex: 6290"
"578149","class","ShaderInfoStorageRGBAFloat","6291","internal class ShaderInfoStorageRGBAFloat : ShaderInfoStorage<Color> // TypeDefIndex: 6291"
"578164","class","Shaders","6292","internal static class Shaders // TypeDefIndex: 6292"
"578363","struct","TempMeshAllocatorImpl.ThreadData","6295","private struct TempMeshAllocatorImpl.ThreadData // TypeDefIndex: 6295"
"578615","struct","BitmapAllocator32.Page","6303","private struct BitmapAllocator32.Page // TypeDefIndex: 6303"
"578624","struct","BitmapAllocator32","6304","internal struct BitmapAllocator32 // TypeDefIndex: 6304"
"578665","class","UIRVEShaderInfoAllocator","6305","internal class UIRVEShaderInfoAllocator // TypeDefIndex: 6305"
"578836","class","VectorImageRenderInfo","6308","internal class VectorImageRenderInfo : LinkedPoolItem<VectorImageRenderInfo> // TypeDefIndex: 6308"
"578855","class","GradientRemapPool.","6309","private sealed class GradientRemapPool.<>c // TypeDefIndex: 6309"
"578878","class","GradientRemapPool","6310","internal class GradientRemapPool : LinkedPool<GradientRemap> // TypeDefIndex: 6310"
"578887","class","GradientRemap","6311","internal class GradientRemap : LinkedPoolItem<GradientRemap> // TypeDefIndex: 6311"
"578906","class","VectorImageManager","6312","internal class VectorImageManager : IDisposable // TypeDefIndex: 6312"
"578962","class","MeshHandle","6313","internal class MeshHandle : LinkedPoolItem<MeshHandle> // TypeDefIndex: 6313"
"579307","class","BestFitAllocator.BlockPool","6322","private class BestFitAllocator.BlockPool : LinkedPool<BestFitAllocator.Block> // TypeDefIndex: 6322"
"579322","class","BestFitAllocator.Block","6323","private class BestFitAllocator.Block : LinkedPoolItem<BestFitAllocator.Block> // TypeDefIndex: 6323"
"579706","class","RenderChainCommand","6332","internal class RenderChainCommand : LinkedPoolItem<RenderChainCommand> // TypeDefIndex: 6332"
"580493","struct","LayoutComputedData.","6350","public struct LayoutComputedData.<Border>e__FixedBuffer // TypeDefIndex: 6350"
"580529","struct","LayoutComputedData.","6354","public struct LayoutComputedData.<Padding>e__FixedBuffer // TypeDefIndex: 6354"
"582169","class","StylePropertyReader.GetCursorIdFunction","6403","internal sealed class StylePropertyReader.GetCursorIdFunction : MulticastDelegate // TypeDefIndex: 6403"
"582182","class","StylePropertyReader","6404","internal class StylePropertyReader // TypeDefIndex: 6404"
"582420","struct","StyleSelectorHelper.SelectorWorkItem","6407","private struct StyleSelectorHelper.SelectorWorkItem // TypeDefIndex: 6407"
"585928","class","MultiColumnHeaderColumnMovePreview","6456","internal class MultiColumnHeaderColumnMovePreview : VisualElement // TypeDefIndex: 6456"
"585943","class","MultiColumnHeaderColumnMoveLocationPreview","6457","internal class MultiColumnHeaderColumnMoveLocationPreview : VisualElement // TypeDefIndex: 6457"
"586084","class","MultiColumnHeaderColumnResizePreview","6459","internal class MultiColumnHeaderColumnResizePreview : VisualElement // TypeDefIndex: 6459"
"586174","struct","MultiColumnCollectionHeader.ViewState.ColumnState","6461","private struct MultiColumnCollectionHeader.ViewState.ColumnState // TypeDefIndex: 6461"
"586186","class","MultiColumnCollectionHeader.ViewState","6462","private class MultiColumnCollectionHeader.ViewState // TypeDefIndex: 6462"
"586209","class","MultiColumnCollectionHeader.ColumnData","6463","internal class MultiColumnCollectionHeader.ColumnData // TypeDefIndex: 6463"
"586246","struct","MultiColumnCollectionHeader.SortedColumnState","6464","private struct MultiColumnCollectionHeader.SortedColumnState // TypeDefIndex: 6464"
"586260","class","MultiColumnCollectionHeader.","6465","private sealed class MultiColumnCollectionHeader.<>c__DisplayClass67_0 // TypeDefIndex: 6465"
"586280","class","MultiColumnCollectionHeader.","6466","private sealed class MultiColumnCollectionHeader.<>c__DisplayClass73_0 // TypeDefIndex: 6466"
"586295","class","MultiColumnCollectionHeader","6467","internal class MultiColumnCollectionHeader : VisualElement, IDisposable // TypeDefIndex: 6467"
"586515","class","MultiColumnHeaderColumnSortIndicator","6468","internal class MultiColumnHeaderColumnSortIndicator : VisualElement // TypeDefIndex: 6468"
"586539","class","MultiColumnHeaderColumnIcon","6469","internal class MultiColumnHeaderColumnIcon : Image // TypeDefIndex: 6469"
"586575","class","MultiColumnHeaderColumn","6470","internal class MultiColumnHeaderColumn : VisualElement // TypeDefIndex: 6470"
"586705","class","MultiColumnHeaderColumnResizeHandle","6471","internal class MultiColumnHeaderColumnResizeHandle : VisualElement // TypeDefIndex: 6471"
"586864","class","BinHexDecoder","6484","internal class BinHexDecoder : IncrementalReadDecoder // TypeDefIndex: 6484"
"587185","enum","XmlSqlBinaryReader.ScanState","6490","private enum XmlSqlBinaryReader.ScanState // TypeDefIndex: 6490"
"587201","struct","XmlSqlBinaryReader.QName","6491","internal struct XmlSqlBinaryReader.QName // TypeDefIndex: 6491"
"587245","struct","XmlSqlBinaryReader.ElemInfo","6492","private struct XmlSqlBinaryReader.ElemInfo // TypeDefIndex: 6492"
"587264","struct","XmlSqlBinaryReader.AttrInfo","6493","private struct XmlSqlBinaryReader.AttrInfo // TypeDefIndex: 6493"
"587298","class","XmlSqlBinaryReader.NamespaceDecl","6494","private class XmlSqlBinaryReader.NamespaceDecl // TypeDefIndex: 6494"
"587315","struct","XmlSqlBinaryReader.SymbolTables","6495","private struct XmlSqlBinaryReader.SymbolTables // TypeDefIndex: 6495"
"587330","class","XmlSqlBinaryReader.NestedBinXml","6496","private class XmlSqlBinaryReader.NestedBinXml // TypeDefIndex: 6496"
"587344","class","XmlSqlBinaryReader","6497","internal sealed class XmlSqlBinaryReader : XmlReader, IXmlNamespaceResolver // TypeDefIndex: 6497"
"587932","enum","ConformanceLevel","6503","public enum ConformanceLevel // TypeDefIndex: 6503"
"588406","interface","IDtdParserAdapter","6517","internal interface IDtdParserAdapter // TypeDefIndex: 6517"
"588500","interface","IDtdParserAdapterWithValidation","6518","internal interface IDtdParserAdapterWithValidation : IDtdParserAdapter // TypeDefIndex: 6518"
"588516","interface","IDtdParserAdapterV1","6519","internal interface IDtdParserAdapterV1 : IDtdParserAdapterWithValidation, IDtdParserAdapter // TypeDefIndex: 6519"
"588563","class","IncrementalReadDecoder","6522","internal abstract class IncrementalReadDecoder // TypeDefIndex: 6522"
"588581","class","IncrementalReadDummyDecoder","6523","internal class IncrementalReadDummyDecoder : IncrementalReadDecoder // TypeDefIndex: 6523"
"588733","enum","ReadContentAsBinaryHelper.State","6527","private enum ReadContentAsBinaryHelper.State // TypeDefIndex: 6527"
"588743","class","ReadContentAsBinaryHelper","6528","internal class ReadContentAsBinaryHelper // TypeDefIndex: 6528"
"588791","class","TernaryTreeReadOnly","6531","internal class TernaryTreeReadOnly // TypeDefIndex: 6531"
"588806","enum","ReadState","6532","public enum ReadState // TypeDefIndex: 6532"
"589014","class","ValidatingReaderNodeData","6537","internal class ValidatingReaderNodeData // TypeDefIndex: 6537"
"589148","class","XmlAsyncCheckReader","6540","internal class XmlAsyncCheckReader : XmlReader // TypeDefIndex: 6540"
"589342","class","XmlAsyncCheckReaderWithNS","6541","internal class XmlAsyncCheckReaderWithNS : XmlAsyncCheckReader, IXmlNamespaceResolver // TypeDefIndex: 6541"
"589363","class","XmlAsyncCheckReaderWithLineInfo","6542","internal class XmlAsyncCheckReaderWithLineInfo : XmlAsyncCheckReader, IXmlLineInfo // TypeDefIndex: 6542"
"589388","class","XmlAsyncCheckReaderWithLineInfoNS","6543","internal class XmlAsyncCheckReaderWithLineInfoNS : XmlAsyncCheckReaderWithLineInfo, IXmlNamespaceResolver // TypeDefIndex: 6543"
"589409","class","XmlAsyncCheckReaderWithLineInfoNSSchema","6544","internal class XmlAsyncCheckReaderWithLineInfoNSSchema : XmlAsyncCheckReaderWithLineInfoNS, IXmlSchemaInfo // TypeDefIndex: 6544"
"590390","class","XmlReader","6554","public abstract class XmlReader : IDisposable // TypeDefIndex: 6554"
"590620","class","XmlReaderSettings","6555","public sealed class XmlReaderSettings // TypeDefIndex: 6555"
"590903","class","XmlTextReader","6558","public class XmlTextReader : XmlReader, IXmlLineInfo, IXmlNamespaceResolver // TypeDefIndex: 6558"
"591106","enum","XmlTextReaderImpl.ParsingFunction","6559","private enum XmlTextReaderImpl.ParsingFunction // TypeDefIndex: 6559"
"591139","enum","XmlTextReaderImpl.ParsingMode","6560","private enum XmlTextReaderImpl.ParsingMode // TypeDefIndex: 6560"
"591149","enum","XmlTextReaderImpl.EntityType","6561","private enum XmlTextReaderImpl.EntityType // TypeDefIndex: 6561"
"591164","enum","XmlTextReaderImpl.EntityExpandType","6562","private enum XmlTextReaderImpl.EntityExpandType // TypeDefIndex: 6562"
"591174","enum","XmlTextReaderImpl.IncrementalReadState","6563","private enum XmlTextReaderImpl.IncrementalReadState // TypeDefIndex: 6563"
"591196","class","XmlTextReaderImpl.LaterInitParam","6564","private class XmlTextReaderImpl.LaterInitParam // TypeDefIndex: 6564"
"591217","enum","XmlTextReaderImpl.InitInputType","6565","private enum XmlTextReaderImpl.InitInputType // TypeDefIndex: 6565"
"591228","struct","XmlTextReaderImpl.ParsingState","6566","private struct XmlTextReaderImpl.ParsingState // TypeDefIndex: 6566"
"591273","class","XmlTextReaderImpl.XmlContext","6567","private class XmlTextReaderImpl.XmlContext // TypeDefIndex: 6567"
"591291","class","XmlTextReaderImpl.NoNamespaceManager","6568","private class XmlTextReaderImpl.NoNamespaceManager : XmlNamespaceManager // TypeDefIndex: 6568"
"591330","class","XmlTextReaderImpl.DtdParserProxy","6569","internal class XmlTextReaderImpl.DtdParserProxy : IDtdParserAdapterV1, IDtdParserAdapterWithValidation, IDtdParserAdapter // TypeDefIndex: 6569"
"591450","class","XmlTextReaderImpl.NodeData","6570","private class XmlTextReaderImpl.NodeData : IComparable // TypeDefIndex: 6570"
"591568","class","XmlTextReaderImpl.DtdDefaultAttributeInfoToNodeDataComparer","6571","private class XmlTextReaderImpl.DtdDefaultAttributeInfoToNodeDataComparer : IComparer<object> // TypeDefIndex: 6571"
"591592","class","XmlTextReaderImpl.OnDefaultAttributeUseDelegate","6572","internal sealed class XmlTextReaderImpl.OnDefaultAttributeUseDelegate : MulticastDelegate // TypeDefIndex: 6572"
"591604","class","XmlTextReaderImpl","6573","internal class XmlTextReaderImpl : XmlReader, IXmlLineInfo, IXmlNamespaceResolver // TypeDefIndex: 6573"
"593157","class","XmlValidatingReader","6584","public class XmlValidatingReader : XmlReader // TypeDefIndex: 6584"
"593253","enum","XmlValidatingReaderImpl.ParsingFunction","6585","private enum XmlValidatingReaderImpl.ParsingFunction // TypeDefIndex: 6585"
"593268","class","XmlValidatingReaderImpl.ValidationEventHandling","6586","internal class XmlValidatingReaderImpl.ValidationEventHandling : IValidationEventHandling // TypeDefIndex: 6586"
"593293","class","XmlValidatingReaderImpl","6587","internal sealed class XmlValidatingReaderImpl : XmlReader, IXmlLineInfo, IXmlNamespaceResolver // TypeDefIndex: 6587"
"593697","enum","XmlWellFormedWriter.AttributeValueCache.ItemType","6596","private enum XmlWellFormedWriter.AttributeValueCache.ItemType // TypeDefIndex: 6596"
"593713","class","XmlWellFormedWriter.AttributeValueCache.Item","6597","private class XmlWellFormedWriter.AttributeValueCache.Item // TypeDefIndex: 6597"
"594354","enum","XsdCachingReader.CachingReaderState","6607","private enum XsdCachingReader.CachingReaderState // TypeDefIndex: 6607"
"594368","class","XsdCachingReader","6608","internal class XsdCachingReader : XmlReader, IXmlLineInfo // TypeDefIndex: 6608"
"594596","enum","XsdValidatingReader.ValidatingReaderState","6611","private enum XsdValidatingReader.ValidatingReaderState // TypeDefIndex: 6611"
"594616","class","XsdValidatingReader","6612","internal class XsdValidatingReader : XmlReader, IXmlSchemaInfo, IXmlLineInfo, IXmlNamespaceResolver // TypeDefIndex: 6612"
"595086","class","XmlAttributeCollection","6615","public sealed class XmlAttributeCollection : XmlNamedNodeMap, ICollection, IEnumerable // TypeDefIndex: 6615"
"596294","class","XmlLoader","6631","internal class XmlLoader // TypeDefIndex: 6631"
"596524","class","XmlNamedNodeMap.SmallXmlNodeList.SingleObjectEnumerator","6634","private class XmlNamedNodeMap.SmallXmlNodeList.SingleObjectEnumerator : IEnumerator // TypeDefIndex: 6634"
"596550","struct","XmlNamedNodeMap.SmallXmlNodeList","6635","internal struct XmlNamedNodeMap.SmallXmlNodeList // TypeDefIndex: 6635"
"596581","class","XmlNamedNodeMap","6636","public class XmlNamedNodeMap : IEnumerable // TypeDefIndex: 6636"
"596925","struct","XmlNodeReaderNavigator.VirtualAttribute","6641","internal struct XmlNodeReaderNavigator.VirtualAttribute // TypeDefIndex: 6641"
"596938","class","XmlNodeReaderNavigator","6642","internal class XmlNodeReaderNavigator // TypeDefIndex: 6642"
"597138","class","XmlNodeReader","6643","public class XmlNodeReader : XmlReader, IXmlNamespaceResolver // TypeDefIndex: 6643"
"597720","class","ReaderPositionInfo","6654","internal class ReaderPositionInfo : PositionInfo // TypeDefIndex: 6654"
"598863","class","XmlDownloadManager.","6673","private sealed class XmlDownloadManager.<>c__DisplayClass4_0 // TypeDefIndex: 6673"
"598879","struct","XmlDownloadManager.","6674","private struct XmlDownloadManager.<GetNonFileStreamAsync>d__5 : IAsyncStateMachine // TypeDefIndex: 6674"
"598903","class","XmlDownloadManager","6675","internal class XmlDownloadManager // TypeDefIndex: 6675"
"599021","class","XmlCachedStream","6678","internal class XmlCachedStream : MemoryStream // TypeDefIndex: 6678"
"599808","class","XPathItem","6707","public abstract class XPathItem // TypeDefIndex: 6707"
"599872","class","XPathNavigator","6709","public abstract class XPathNavigator : XPathItem, ICloneable, IXmlNamespaceResolver // TypeDefIndex: 6709"
"600627","class","XmlArrayItemAttribute","6737","public class XmlArrayItemAttribute : Attribute // TypeDefIndex: 6737"
"600681","class","XmlArrayItemAttributes","6738","public class XmlArrayItemAttributes : CollectionBase // TypeDefIndex: 6738"
"601040","class","XmlMapping","6749","public abstract class XmlMapping // TypeDefIndex: 6749"
"601096","class","ObjectMap","6750","internal class ObjectMap // TypeDefIndex: 6750"
"601114","class","XmlMemberMapping","6752","public class XmlMemberMapping // TypeDefIndex: 6752"
"601119","class","XmlMembersMapping","6753","public class XmlMembersMapping : XmlMapping // TypeDefIndex: 6753"
"601359","class","XmlSchemaProviderAttribute","6759","public sealed class XmlSchemaProviderAttribute : Attribute // TypeDefIndex: 6759"
"601418","class","XmlSerializationReadCallback","6763","public sealed class XmlSerializationReadCallback : MulticastDelegate // TypeDefIndex: 6763"
"601430","class","XmlSerializationReader.WriteCallbackInfo","6764","private class XmlSerializationReader.WriteCallbackInfo // TypeDefIndex: 6764"
"601445","class","XmlSerializationReader.CollectionFixup","6765","protected class XmlSerializationReader.CollectionFixup // TypeDefIndex: 6765"
"601481","class","XmlSerializationReader.Fixup","6766","protected class XmlSerializationReader.Fixup // TypeDefIndex: 6766"
"601509","class","XmlSerializationReader.CollectionItemFixup","6767","private class XmlSerializationReader.CollectionItemFixup // TypeDefIndex: 6767"
"601538","class","XmlSerializationReader","6768","public abstract class XmlSerializationReader : XmlSerializationGeneratedCode // TypeDefIndex: 6768"
"601728","class","XmlSerializationReaderInterpreter.FixupCallbackInfo","6769","private class XmlSerializationReaderInterpreter.FixupCallbackInfo // TypeDefIndex: 6769"
"601745","class","XmlSerializationReaderInterpreter.ReaderCallbackInfo","6770","private class XmlSerializationReaderInterpreter.ReaderCallbackInfo // TypeDefIndex: 6770"
"601761","class","XmlSerializationReaderInterpreter","6771","internal class XmlSerializationReaderInterpreter : XmlSerializationReader // TypeDefIndex: 6771"
"602380","class","XmlTypeMapElementInfo","6783","internal class XmlTypeMapElementInfo // TypeDefIndex: 6783"
"602504","class","XmlTypeMapElementInfoList","6784","internal class XmlTypeMapElementInfoList : ArrayList // TypeDefIndex: 6784"
"602513","class","XmlTypeMapMember","6785","internal class XmlTypeMapMember // TypeDefIndex: 6785"
"602612","class","XmlTypeMapMemberAttribute","6786","internal class XmlTypeMapMemberAttribute : XmlTypeMapMember // TypeDefIndex: 6786"
"602654","class","XmlTypeMapMemberElement","6787","internal class XmlTypeMapMemberElement : XmlTypeMapMember // TypeDefIndex: 6787"
"602705","class","XmlTypeMapMemberList","6788","internal class XmlTypeMapMemberList : XmlTypeMapMemberElement // TypeDefIndex: 6788"
"602714","class","XmlTypeMapMemberExpandable","6789","internal class XmlTypeMapMemberExpandable : XmlTypeMapMemberElement // TypeDefIndex: 6789"
"602735","class","XmlTypeMapMemberFlatList","6790","internal class XmlTypeMapMemberFlatList : XmlTypeMapMemberExpandable // TypeDefIndex: 6790"
"602756","class","XmlTypeMapMemberAnyElement","6791","internal class XmlTypeMapMemberAnyElement : XmlTypeMapMemberExpandable // TypeDefIndex: 6791"
"602774","class","XmlTypeMapMemberAnyAttribute","6792","internal class XmlTypeMapMemberAnyAttribute : XmlTypeMapMember // TypeDefIndex: 6792"
"602783","class","XmlTypeMapMemberNamespaces","6793","internal class XmlTypeMapMemberNamespaces : XmlTypeMapMember // TypeDefIndex: 6793"
"602792","class","XmlTypeMapping","6794","public class XmlTypeMapping : XmlMapping // TypeDefIndex: 6794"
"602882","class","XmlSerializableMapping","6795","internal class XmlSerializableMapping : XmlTypeMapping // TypeDefIndex: 6795"
"602896","class","ClassMap","6796","internal class ClassMap : ObjectMap // TypeDefIndex: 6796"
"602998","class","ListMap","6797","internal class ListMap : ObjectMap // TypeDefIndex: 6797"
"603042","class","EnumMap.EnumMapMember","6798","public class EnumMap.EnumMapMember // TypeDefIndex: 6798"
"603070","class","EnumMap","6799","internal class EnumMap : ObjectMap // TypeDefIndex: 6799"
"603111","class","XmlReaderSection","6800","public sealed class XmlReaderSection // TypeDefIndex: 6800"
"604652","enum","XmlSchemaDatatypeVariety","6844","public enum XmlSchemaDatatypeVariety // TypeDefIndex: 6844"
"604740","class","DatatypeImplementation.SchemaDatatypeMap","6849","private class DatatypeImplementation.SchemaDatatypeMap : IComparable // TypeDefIndex: 6849"
"604773","class","DatatypeImplementation","6850","internal abstract class DatatypeImplementation : XmlSchemaDatatype // TypeDefIndex: 6850"
"606955","struct","FacetsChecker.FacetsCompiler.Map","6915","private struct FacetsChecker.FacetsCompiler.Map // TypeDefIndex: 6915"
"607913","class","SchemaAttDef","6940","internal sealed class SchemaAttDef : SchemaDeclBase, IDtdDefaultAttributeInfo, IDtdAttributeInfo // TypeDefIndex: 6940"
"608425","enum","SchemaDeclBase.Use","6945","internal enum SchemaDeclBase.Use // TypeDefIndex: 6945"
"608437","class","SchemaDeclBase","6946","internal abstract class SchemaDeclBase // TypeDefIndex: 6946"
"608550","class","SchemaElementDecl","6947","internal sealed class SchemaElementDecl : SchemaDeclBase, IDtdAttributeListInfo // TypeDefIndex: 6947"
"610314","class","XmlAtomicValue","6975","public sealed class XmlAtomicValue : XPathItem, ICloneable // TypeDefIndex: 6975"
"610792","class","XmlSchemaAny","6980","public class XmlSchemaAny : XmlSchemaParticle // TypeDefIndex: 6980"
"611767","class","XmlSchemaDatatype","6999","public abstract class XmlSchemaDatatype // TypeDefIndex: 6999"
"611877","enum","XmlSchemaDerivationMethod","7000","public enum XmlSchemaDerivationMethod // TypeDefIndex: 7000"
"611900","class","XmlSchemaDocumentation","7001","public class XmlSchemaDocumentation : XmlSchemaObject // TypeDefIndex: 7001"
"611936","class","XmlSchemaElement","7002","public class XmlSchemaElement : XmlSchemaParticle // TypeDefIndex: 7002"
"612429","class","XmlSchemaPatternFacet","7011","public class XmlSchemaPatternFacet : XmlSchemaFacet // TypeDefIndex: 7011"
"612606","class","XmlSchemaGroupBase","7022","public abstract class XmlSchemaGroupBase : XmlSchemaParticle // TypeDefIndex: 7022"
"612625","class","XmlSchemaGroupRef","7023","public class XmlSchemaGroupRef : XmlSchemaParticle // TypeDefIndex: 7023"
"612665","class","XmlSchemaIdentityConstraint","7024","public class XmlSchemaIdentityConstraint : XmlSchemaAnnotated // TypeDefIndex: 7024"
"612751","class","XmlSchemaUnique","7026","public class XmlSchemaUnique : XmlSchemaIdentityConstraint // TypeDefIndex: 7026"
"612760","class","XmlSchemaKey","7027","public class XmlSchemaKey : XmlSchemaIdentityConstraint // TypeDefIndex: 7027"
"612769","class","XmlSchemaKeyref","7028","public class XmlSchemaKeyref : XmlSchemaIdentityConstraint // TypeDefIndex: 7028"
"613326","enum","XmlSchemaParticle.Occurs","7042","private enum XmlSchemaParticle.Occurs // TypeDefIndex: 7042"
"613336","class","XmlSchemaParticle.EmptyParticle","7043","private class XmlSchemaParticle.EmptyParticle : XmlSchemaParticle // TypeDefIndex: 7043"
"613351","class","XmlSchemaParticle","7044","public abstract class XmlSchemaParticle : XmlSchemaAnnotated // TypeDefIndex: 7044"
"618169","class","UnityWebRequestHelper.","7149","private sealed class UnityWebRequestHelper.<SendWebRequestAndDispose>d__6 : IEnumerator<object>, IEnumerator, IDisposable // TypeDefIndex: 7149"
"618211","class","UnityWebRequestHelper","7150","public class UnityWebRequestHelper // TypeDefIndex: 7150"
"618250","class","GpmWebRequest.Result","7151","public class GpmWebRequest.Result // TypeDefIndex: 7151"
"618273","class","GpmWebRequest.","7152","private sealed class GpmWebRequest.<getRequestRoutine>d__11 : IEnumerator<object>, IEnumerator, IDisposable // TypeDefIndex: 7152"
"618314","class","GpmWebRequest.","7153","private sealed class GpmWebRequest.<postRequestRoutine>d__12 : IEnumerator<object>, IEnumerator, IDisposable // TypeDefIndex: 7153"
"618355","class","GpmWebRequest","7154","public class GpmWebRequest // TypeDefIndex: 7154"
"618591","class","GpmJsonMapper","7162","public static class GpmJsonMapper // TypeDefIndex: 7162"
"618670","class","GpmMessagePackMapper","7163","public static class GpmMessagePackMapper // TypeDefIndex: 7163"
"618829","class","LazyReadOnlyCollection.LazyLoader","7169","private class LazyReadOnlyCollection.LazyLoader<T> : IEnumerator<T>, IEnumerator, IDisposable // TypeDefIndex: 7169"
"618912","class","LazyReadOnlyCollection.","7170","private sealed class LazyReadOnlyCollection.<>c<T> // TypeDefIndex: 7170"
"618955","class","LazyReadOnlyCollection","7171","internal class LazyReadOnlyCollection<T> : ICollection<T>, IEnumerable<T>, IEnumerable // TypeDefIndex: 7171"
"619102","class","ReadOnlyCollection","7172","internal class ReadOnlyCollection<T> : ICollection<T>, IEnumerable<T>, IEnumerable // TypeDefIndex: 7172"
"620092","class","AbstractReader","7190","public abstract class AbstractReader<TEntry, TVolume> : IReader, IDisposable, IReaderExtractionListener, IExtractionListener // TypeDefIndex: 7190"
"620381","interface","IReader","7191","public interface IReader : IDisposable // TypeDefIndex: 7191"
"620438","class","IReaderExtensions.","7192","private sealed class IReaderExtensions.<>c__DisplayClass4_0 // TypeDefIndex: 7192"
"620455","class","IReaderExtensions","7193","public static class IReaderExtensions // TypeDefIndex: 7193"
"620481","interface","IReaderExtractionListener","7194","internal interface IReaderExtractionListener : IExtractionListener // TypeDefIndex: 7194"
"620490","class","ReaderFactory","7195","public static class ReaderFactory // TypeDefIndex: 7195"
"620499","class","ReaderOptions","7196","public class ReaderOptions : OptionsBase // TypeDefIndex: 7196"
"620534","class","ReaderProgress","7197","public class ReaderProgress // TypeDefIndex: 7197"
"620571","class","ZipReader.","7198","private sealed class ZipReader.<GetEntries>d__6 : IEnumerable<ZipEntry>, IEnumerable, IEnumerator<ZipEntry>, IEnumerator, IDisposable // TypeDefIndex: 7198"
"620624","class","ZipReader","7199","public class ZipReader : AbstractReader<ZipEntry, ZipVolume> // TypeDefIndex: 7199"
"620652","class","TarReader","7200","public class TarReader : AbstractReader<TarEntry, TarVolume> // TypeDefIndex: 7200"
"620682","class","MultiVolumeRarReader.MultiVolumeStreamEnumerator","7201","private class MultiVolumeRarReader.MultiVolumeStreamEnumerator : IEnumerable<FilePart>, IEnumerable, IEnumerator<FilePart>, IEnumerator, IDisposable // TypeDefIndex: 7201"
"620729","class","MultiVolumeRarReader","7202","internal class MultiVolumeRarReader : RarReader // TypeDefIndex: 7202"
"620774","class","RarReader.","7204","private sealed class RarReader.<>c // TypeDefIndex: 7204"
"620798","class","RarReader.","7205","private sealed class RarReader.<GetEntries>d__13 : IEnumerable<RarReaderEntry>, IEnumerable, IEnumerator<RarReaderEntry>, IEnumerator, IDisposable // TypeDefIndex: 7205"
"620851","class","RarReader","7206","public abstract class RarReader : AbstractReader<RarReaderEntry, RarVolume> // TypeDefIndex: 7206"
"620902","class","RarReaderEntry","7207","public class RarReaderEntry : RarEntry // TypeDefIndex: 7207"
"620942","class","RarReaderVolume","7208","public class RarReaderVolume : RarVolume // TypeDefIndex: 7208"
"620957","class","SingleVolumeRarReader","7209","internal class SingleVolumeRarReader : RarReader // TypeDefIndex: 7209"
"620975","class","GZipReader","7210","public class GZipReader : AbstractReader<GZipEntry, GZipVolume> // TypeDefIndex: 7210"
"621198","class","MarkingBinaryReader","7214","internal class MarkingBinaryReader : BinaryReader // TypeDefIndex: 7214"
"621372","class","ReadOnlySubStream","7216","internal class ReadOnlySubStream : NonDisposingStream // TypeDefIndex: 7216"
"621646","interface","IBlockCipher","7222","public interface IBlockCipher // TypeDefIndex: 7222"
"621696","class","RijndaelEngine","7225","public class RijndaelEngine : IBlockCipher // TypeDefIndex: 7225"
"622143","class","ReadOnlyStream","7235","public abstract class ReadOnlyStream : Stream // TypeDefIndex: 7235"
"622204","class","XZBlock.","7236","private sealed class XZBlock.<>c // TypeDefIndex: 7236"
"622227","class","XZBlock","7237","internal sealed class XZBlock : XZReadOnlyStream // TypeDefIndex: 7237"
"622379","class","XZHeader","7239","public class XZHeader // TypeDefIndex: 7239"
"622548","class","XZReadOnlyStream","7244","public abstract class XZReadOnlyStream : ReadOnlyStream // TypeDefIndex: 7244"
"622557","class","XZStream","7245","public sealed class XZStream : XZReadOnlyStream // TypeDefIndex: 7245"
"622640","enum","BlockFilter.FilterTypes","7246","public enum BlockFilter.FilterTypes // TypeDefIndex: 7246"
"622655","class","BlockFilter","7247","internal abstract class BlockFilter : ReadOnlyStream // TypeDefIndex: 7247"
"622707","class","Lzma2Filter","7248","internal class Lzma2Filter : BlockFilter // TypeDefIndex: 7248"
"622788","class","MultiVolumeReadOnlyStream","7250","internal class MultiVolumeReadOnlyStream : Stream // TypeDefIndex: 7250"
"623386","class","VMStandardFilterSignature","7263","internal class VMStandardFilterSignature // TypeDefIndex: 7263"
"623420","enum","VMStandardFilters","7264","internal enum VMStandardFilters // TypeDefIndex: 7264"
"623911","struct","UnpackBlockHeader","7273","internal struct UnpackBlockHeader // TypeDefIndex: 7273"
"623923","struct","UnpackBlockTables","7274","internal struct UnpackBlockTables // TypeDefIndex: 7274"
"624499","enum","BlockTypes","7281","internal enum BlockTypes // TypeDefIndex: 7281"
"625082","struct","MemoryNode","7298","internal struct MemoryNode // TypeDefIndex: 7298"
"625499","struct","PpmState","7303","internal struct PpmState // TypeDefIndex: 7303"
"626100","class","RarMemBlock","7311","internal class RarMemBlock : Pointer // TypeDefIndex: 7311"
"627812","enum","BlockType","7355","internal enum BlockType // TypeDefIndex: 7355"
"628458","enum","BlockType","7369","internal enum BlockType // TypeDefIndex: 7369"
"629035","enum","DeflateManager.BlockState","7382","internal enum DeflateManager.BlockState // TypeDefIndex: 7382"
"629642","enum","InflateBlocks.InflateBlockMode","7392","private enum InflateBlocks.InflateBlockMode // TypeDefIndex: 7392"
"629659","class","InflateBlocks","7393","internal sealed class InflateBlocks // TypeDefIndex: 7393"
"629852","enum","CompressionLevel","7398","public enum CompressionLevel // TypeDefIndex: 7398"
"629956","class","Adler","7404","internal sealed class Adler // TypeDefIndex: 7404"
"630834","class","ADCBase","7417","public static class ADCBase // TypeDefIndex: 7417"
"630860","class","ADCStream","7418","public class ADCStream : Stream // TypeDefIndex: 7418"
"631055","class","CompressedBytesReadEventArgs","7423","public class CompressedBytesReadEventArgs : EventArgs // TypeDefIndex: 7423"
"631696","class","ReaderExtractionEventArgs","7445","public class ReaderExtractionEventArgs<T> : EventArgs // TypeDefIndex: 7445"
"631795","class","PkwareTraditionalCryptoStream","7448","internal class PkwareTraditionalCryptoStream : Stream // TypeDefIndex: 7448"
"631853","class","PkwareTraditionalEncryptionData","7449","internal class PkwareTraditionalEncryptionData // TypeDefIndex: 7449"
"631924","class","SeekableZipHeaderFactory.","7451","private sealed class SeekableZipHeaderFactory.<ReadSeekableHeader>d__3 : IEnumerable<ZipHeader>, IEnumerable, IEnumerator<ZipHeader>, IEnumerator, IDisposable // TypeDefIndex: 7451"
"631975","class","SeekableZipHeaderFactory","7452","internal class SeekableZipHeaderFactory : ZipHeaderFactory // TypeDefIndex: 7452"
"632020","class","StreamingZipHeaderFactory.","7454","private sealed class StreamingZipHeaderFactory.<ReadStreamHeader>d__1 : IEnumerable<ZipHeader>, IEnumerable, IEnumerator<ZipHeader>, IEnumerator, IDisposable // TypeDefIndex: 7454"
"632070","class","StreamingZipHeaderFactory","7455","internal class StreamingZipHeaderFactory : ZipHeaderFactory // TypeDefIndex: 7455"
"632384","class","ZipHeaderFactory.","7463","private sealed class ZipHeaderFactory.<>c // TypeDefIndex: 7463"
"632403","class","ZipHeaderFactory","7464","internal class ZipHeaderFactory // TypeDefIndex: 7464"
"632459","class","DirectoryEndHeader","7466","internal class DirectoryEndHeader : ZipHeader // TypeDefIndex: 7466"
"632569","class","DirectoryEntryHeader.","7467","private sealed class DirectoryEntryHeader.<>c // TypeDefIndex: 7467"
"632588","class","DirectoryEntryHeader","7468","internal class DirectoryEntryHeader : ZipFileEntry // TypeDefIndex: 7468"
"632682","enum","HeaderFlags","7469","internal enum HeaderFlags // TypeDefIndex: 7469"
"632696","class","IgnoreHeader","7470","internal class IgnoreHeader : ZipHeader // TypeDefIndex: 7470"
"632710","class","LocalEntryHeader.","7471","private sealed class LocalEntryHeader.<>c // TypeDefIndex: 7471"
"632729","class","LocalEntryHeader","7472","internal class LocalEntryHeader : ZipFileEntry // TypeDefIndex: 7472"
"632756","enum","ExtraDataType","7473","internal enum ExtraDataType // TypeDefIndex: 7473"
"632767","class","ExtraData","7474","internal class ExtraData // TypeDefIndex: 7474"
"632813","class","ExtraUnicodePathExtraField","7475","internal class ExtraUnicodePathExtraField : ExtraData // TypeDefIndex: 7475"
"632836","class","Zip64ExtendedInformationExtraField","7476","internal class Zip64ExtendedInformationExtraField : ExtraData // TypeDefIndex: 7476"
"632896","class","LocalEntryHeaderExtraFactory","7477","internal static class LocalEntryHeaderExtraFactory // TypeDefIndex: 7477"
"632905","class","SplitHeader","7478","internal class SplitHeader : ZipHeader // TypeDefIndex: 7478"
"632917","class","Zip64DirectoryEndHeader","7479","internal class Zip64DirectoryEndHeader : ZipHeader // TypeDefIndex: 7479"
"633044","class","Zip64DirectoryEndLocatorHeader","7480","internal class Zip64DirectoryEndLocatorHeader : ZipHeader // TypeDefIndex: 7480"
"633093","class","ZipFileEntry","7481","internal abstract class ZipFileEntry : ZipHeader // TypeDefIndex: 7481"
"633281","class","ZipHeader","7482","internal abstract class ZipHeader // TypeDefIndex: 7482"
"633315","enum","ZipHeaderType","7483","internal enum ZipHeaderType // TypeDefIndex: 7483"
"633497","class","TarHeaderFactory.","7487","private sealed class TarHeaderFactory.<ReadHeader>d__0 : IEnumerable<TarHeader>, IEnumerable, IEnumerator<TarHeader>, IEnumerator, IDisposable // TypeDefIndex: 7487"
"633549","class","TarHeaderFactory","7488","internal static class TarHeaderFactory // TypeDefIndex: 7488"
"633562","class","TarReadOnlySubStream","7489","internal class TarReadOnlySubStream : NonDisposingStream // TypeDefIndex: 7489"
"633661","class","TarHeader","7492","internal class TarHeader // TypeDefIndex: 7492"
"633881","class","ArchiveReader.CExtractFolderInfo","7494","internal class ArchiveReader.CExtractFolderInfo // TypeDefIndex: 7494"
"633895","class","ArchiveReader.FolderUnpackStream","7495","private class ArchiveReader.FolderUnpackStream : Stream // TypeDefIndex: 7495"
"633959","class","ArchiveReader.","7496","private sealed class ArchiveReader.<>c__DisplayClass25_0 // TypeDefIndex: 7496"
"633976","class","ArchiveReader.","7497","private sealed class ArchiveReader.<>c__DisplayClass34_0 // TypeDefIndex: 7497"
"634008","class","ArchiveReader","7498","internal class ArchiveReader // TypeDefIndex: 7498"
"634162","class","CFileItem","7501","internal class CFileItem // TypeDefIndex: 7501"
"634412","class","DataReader","7505","internal class DataReader // TypeDefIndex: 7505"
"634623","class","RarCrcBinaryReader","7509","internal class RarCrcBinaryReader : MarkingBinaryReader // TypeDefIndex: 7509"
"634653","class","RarCryptoBinaryReader","7510","internal class RarCryptoBinaryReader : RarCrcBinaryReader // TypeDefIndex: 7510"
"634995","class","AvHeader","7517","internal class AvHeader : RarHeader // TypeDefIndex: 7517"
"635055","class","ArchiveCryptHeader","7518","internal class ArchiveCryptHeader : RarHeader // TypeDefIndex: 7518"
"635082","class","ArchiveHeader","7519","internal class ArchiveHeader : RarHeader // TypeDefIndex: 7519"
"635179","class","CommentHeader","7520","internal class CommentHeader : RarHeader // TypeDefIndex: 7520"
"635239","class","EndArchiveHeader","7521","internal class EndArchiveHeader : RarHeader // TypeDefIndex: 7521"
"635291","class","FileHeader","7522","internal class FileHeader : RarHeader // TypeDefIndex: 7522"
"635580","enum","HeaderType","7524","internal enum HeaderType // TypeDefIndex: 7524"
"635599","class","HeaderCodeV","7525","internal static class HeaderCodeV // TypeDefIndex: 7525"
"635620","class","HeaderFlagsV4","7526","internal static class HeaderFlagsV4 // TypeDefIndex: 7526"
"635636","class","HeaderFlagsV5","7528","internal static class HeaderFlagsV5 // TypeDefIndex: 7528"
"635749","interface","IRarHeader","7537","internal interface IRarHeader // TypeDefIndex: 7537"
"635761","class","MarkHeader","7538","internal class MarkHeader : IRarHeader // TypeDefIndex: 7538"
"635803","class","NewSubHeaderType","7539","internal class NewSubHeaderType : IEquatable<NewSubHeaderType> // TypeDefIndex: 7539"
"635826","class","ProtectHeader","7540","internal class ProtectHeader : RarHeader // TypeDefIndex: 7540"
"635890","class","RarHeader","7541","internal class RarHeader : IRarHeader // TypeDefIndex: 7541"
"635981","class","RarHeaderFactory.","7542","private sealed class RarHeaderFactory.<ReadHeaders>d__12 : IEnumerable<IRarHeader>, IEnumerable, IEnumerator<IRarHeader>, IEnumerator, IDisposable // TypeDefIndex: 7542"
"636031","class","RarHeaderFactory","7543","internal class RarHeaderFactory // TypeDefIndex: 7543"
"636080","class","SignHeader","7544","internal class SignHeader : RarHeader // TypeDefIndex: 7544"
"637405","class","ZipArchive.","7565","private sealed class ZipArchive.<LoadEntries>d__16 : IEnumerable<ZipArchiveEntry>, IEnumerable, IEnumerator<ZipArchiveEntry>, IEnumerator, IDisposable // TypeDefIndex: 7565"
"637670","class","TarArchive.","7570","private sealed class TarArchive.<LoadEntries>d__11 : IEnumerable<TarArchiveEntry>, IEnumerable, IEnumerator<TarArchiveEntry>, IEnumerator, IDisposable // TypeDefIndex: 7570"
"637891","class","SevenZipArchive.SevenZipReader.","7574","private sealed class SevenZipArchive.SevenZipReader.<>c // TypeDefIndex: 7574"
"637919","class","SevenZipArchive.SevenZipReader.","7575","private sealed class SevenZipArchive.SevenZipReader.<GetEntries>d__7 : IEnumerable<SevenZipEntry>, IEnumerable, IEnumerator<SevenZipEntry>, IEnumerator, IDisposable // TypeDefIndex: 7575"
"637980","class","SevenZipArchive.SevenZipReader","7576","private class SevenZipArchive.SevenZipReader : AbstractReader<SevenZipEntry, SevenZipVolume> // TypeDefIndex: 7576"
"638053","class","SevenZipArchive.","7579","private sealed class SevenZipArchive.<LoadEntries>d__11 : IEnumerable<SevenZipArchiveEntry>, IEnumerable, IEnumerator<SevenZipArchiveEntry>, IEnumerator, IDisposable // TypeDefIndex: 7579"
"638105","class","SevenZipArchive.","7580","private sealed class SevenZipArchive.<LoadVolumes>d__10 : IEnumerable<SevenZipVolume>, IEnumerable, IEnumerator<SevenZipVolume>, IEnumerator, IDisposable // TypeDefIndex: 7580"
"638900","class","GZipArchive.","7600","private sealed class GZipArchive.<LoadEntries>d__16 : IEnumerable<GZipArchiveEntry>, IEnumerable, IEnumerator<GZipArchiveEntry>, IEnumerator, IDisposable // TypeDefIndex: 7600"
"639573","class","TinyJsonReader","7619","internal class TinyJsonReader : IDisposable // TypeDefIndex: 7619"
"639878","class","MessagePackBinary.StreamDecodeMemoryPool","7621","private static class MessagePackBinary.StreamDecodeMemoryPool // TypeDefIndex: 7621"
"640400","struct","ExtensionHeader","7624","public struct ExtensionHeader // TypeDefIndex: 7624"
"640893","class","GradientModeFormatter","7640","public sealed class GradientModeFormatter : IMessagePackFormatter<GradientMode>, IMessagePackFormatter // TypeDefIndex: 7640"
"640953","class","GradientColorKeyFormatter","7644","public sealed class GradientColorKeyFormatter : IMessagePackFormatter<GradientColorKey>, IMessagePackFormatter // TypeDefIndex: 7644"
"640968","class","GradientAlphaKeyFormatter","7645","public sealed class GradientAlphaKeyFormatter : IMessagePackFormatter<GradientAlphaKey>, IMessagePackFormatter // TypeDefIndex: 7645"
"640983","class","GradientFormatter","7646","public sealed class GradientFormatter : IMessagePackFormatter<Gradient>, IMessagePackFormatter // TypeDefIndex: 7646"
"645730","interface","IMapHeaderDecoder","7682","internal interface IMapHeaderDecoder // TypeDefIndex: 7682"
"645739","class","FixMapHeader","7683","internal sealed class FixMapHeader : IMapHeaderDecoder // TypeDefIndex: 7683"
"645757","class","Map16Header","7684","internal sealed class Map16Header : IMapHeaderDecoder // TypeDefIndex: 7684"
"645775","class","Map32Header","7685","internal sealed class Map32Header : IMapHeaderDecoder // TypeDefIndex: 7685"
"645793","class","InvalidMapHeader","7686","internal sealed class InvalidMapHeader : IMapHeaderDecoder // TypeDefIndex: 7686"
"645811","interface","IArrayHeaderDecoder","7687","internal interface IArrayHeaderDecoder // TypeDefIndex: 7687"
"645820","class","FixArrayHeader","7688","internal sealed class FixArrayHeader : IArrayHeaderDecoder // TypeDefIndex: 7688"
"645838","class","Array16Header","7689","internal sealed class Array16Header : IArrayHeaderDecoder // TypeDefIndex: 7689"
"645856","class","Array32Header","7690","internal sealed class Array32Header : IArrayHeaderDecoder // TypeDefIndex: 7690"
"645874","class","InvalidArrayHeader","7691","internal sealed class InvalidArrayHeader : IArrayHeaderDecoder // TypeDefIndex: 7691"
"647962","interface","IExtHeaderDecoder","7815","internal interface IExtHeaderDecoder // TypeDefIndex: 7815"
"647971","class","FixExt1Header","7816","internal sealed class FixExt1Header : IExtHeaderDecoder // TypeDefIndex: 7816"
"647989","class","FixExt2Header","7817","internal sealed class FixExt2Header : IExtHeaderDecoder // TypeDefIndex: 7817"
"648007","class","FixExt4Header","7818","internal sealed class FixExt4Header : IExtHeaderDecoder // TypeDefIndex: 7818"
"648025","class","FixExt8Header","7819","internal sealed class FixExt8Header : IExtHeaderDecoder // TypeDefIndex: 7819"
"648043","class","FixExt16Header","7820","internal sealed class FixExt16Header : IExtHeaderDecoder // TypeDefIndex: 7820"
"648061","class","Ext8Header","7821","internal sealed class Ext8Header : IExtHeaderDecoder // TypeDefIndex: 7821"
"648079","class","Ext16Header","7822","internal sealed class Ext16Header : IExtHeaderDecoder // TypeDefIndex: 7822"
"648097","class","Ext32Header","7823","internal sealed class Ext32Header : IExtHeaderDecoder // TypeDefIndex: 7823"
"648115","class","InvalidExtHeader","7824","internal sealed class InvalidExtHeader : IExtHeaderDecoder // TypeDefIndex: 7824"
"648214","interface","IReadNextDecoder","7830","internal interface IReadNextDecoder // TypeDefIndex: 7830"
"648223","class","ReadNext1","7831","internal sealed class ReadNext1 : IReadNextDecoder // TypeDefIndex: 7831"
"648241","class","ReadNext2","7832","internal sealed class ReadNext2 : IReadNextDecoder // TypeDefIndex: 7832"
"648259","class","ReadNext3","7833","internal sealed class ReadNext3 : IReadNextDecoder // TypeDefIndex: 7833"
"648277","class","ReadNext4","7834","internal sealed class ReadNext4 : IReadNextDecoder // TypeDefIndex: 7834"
"648295","class","ReadNext5","7835","internal sealed class ReadNext5 : IReadNextDecoder // TypeDefIndex: 7835"
"648313","class","ReadNext6","7836","internal sealed class ReadNext6 : IReadNextDecoder // TypeDefIndex: 7836"
"648331","class","ReadNext9","7837","internal sealed class ReadNext9 : IReadNextDecoder // TypeDefIndex: 7837"
"648349","class","ReadNext10","7838","internal sealed class ReadNext10 : IReadNextDecoder // TypeDefIndex: 7838"
"648367","class","ReadNext18","7839","internal sealed class ReadNext18 : IReadNextDecoder // TypeDefIndex: 7839"
"648385","class","ReadNextMap","7840","internal sealed class ReadNextMap : IReadNextDecoder // TypeDefIndex: 7840"
"648403","class","ReadNextArray","7841","internal sealed class ReadNextArray : IReadNextDecoder // TypeDefIndex: 7841"
"648421","class","ReadNextFixStr","7842","internal sealed class ReadNextFixStr : IReadNextDecoder // TypeDefIndex: 7842"
"648439","class","ReadNextStr8","7843","internal sealed class ReadNextStr8 : IReadNextDecoder // TypeDefIndex: 7843"
"648457","class","ReadNextStr16","7844","internal sealed class ReadNextStr16 : IReadNextDecoder // TypeDefIndex: 7844"
"648475","class","ReadNextStr32","7845","internal sealed class ReadNextStr32 : IReadNextDecoder // TypeDefIndex: 7845"
"648493","class","ReadNextBin8","7846","internal sealed class ReadNextBin8 : IReadNextDecoder // TypeDefIndex: 7846"
"648511","class","ReadNextBin16","7847","internal sealed class ReadNextBin16 : IReadNextDecoder // TypeDefIndex: 7847"
"648529","class","ReadNextBin32","7848","internal sealed class ReadNextBin32 : IReadNextDecoder // TypeDefIndex: 7848"
"648547","class","ReadNextExt8","7849","internal sealed class ReadNextExt8 : IReadNextDecoder // TypeDefIndex: 7849"
"648565","class","ReadNextExt16","7850","internal sealed class ReadNextExt16 : IReadNextDecoder // TypeDefIndex: 7850"
"648583","class","ReadNextExt32","7851","internal sealed class ReadNextExt32 : IReadNextDecoder // TypeDefIndex: 7851"
"648813","class","AutomataDictionary.AutomataNode.","7856","private sealed class AutomataDictionary.AutomataNode.<YieldChildren>d__16 : IEnumerable<AutomataDictionary.AutomataNode>, IEnumerable, IEnumerator<AutomataDictionary.AutomataNode>, IEnumerator, IDisposable // TypeDefIndex: 7856"
"648861","class","AutomataDictionary.AutomataNode","7857","private class AutomataDictionary.AutomataNode : IComparable<AutomataDictionary.AutomataNode> // TypeDefIndex: 7857"
"648909","class","AutomataDictionary.","7858","private sealed class AutomataDictionary.<YieldCore>d__8 : IEnumerable<KeyValuePair<string, int>>, IEnumerable, IEnumerator<KeyValuePair<string, int>>, IEnumerator, IDisposable // TypeDefIndex: 7858"
"648966","class","AutomataDictionary","7859","public class AutomataDictionary : IEnumerable<KeyValuePair<string, int>>, IEnumerable // TypeDefIndex: 7859"
"649415","class","ThreadsafeTypeKeyHashTable.Entry","7871","private class ThreadsafeTypeKeyHashTable.Entry<TValue> // TypeDefIndex: 7871"
"649461","class","ThreadsafeTypeKeyHashTable.","7872","private sealed class ThreadsafeTypeKeyHashTable.<>c__DisplayClass5_0<TValue> // TypeDefIndex: 7872"
"649492","class","ThreadsafeTypeKeyHashTable","7873","internal class ThreadsafeTypeKeyHashTable<TValue> // TypeDefIndex: 7873"
"649614","class","LZ4MemoryPool","7874","internal static class LZ4MemoryPool // TypeDefIndex: 7874"
"649641","class","InternalMemoryPool","7876","internal static class InternalMemoryPool // TypeDefIndex: 7876"
"652482","class","ReadOnlyCollectionFormatter","7905","public sealed class ReadOnlyCollectionFormatter<T> : CollectionFormatterBase<T, T[], ReadOnlyCollection<T>> // TypeDefIndex: 7905"
"652941","class","ReadOnlyObservableCollectionFormatter","7918","public sealed class ReadOnlyObservableCollectionFormatter<T> : CollectionFormatterBase<T, ObservableCollection<T>, ReadOnlyObservableCollection<T>> // TypeDefIndex: 7918"
"652979","class","InterfaceReadOnlyListFormatter","7919","public sealed class InterfaceReadOnlyListFormatter<T> : CollectionFormatterBase<T, T[], IReadOnlyList<T>> // TypeDefIndex: 7919"
"653017","class","InterfaceReadOnlyCollectionFormatter","7920","public sealed class InterfaceReadOnlyCollectionFormatter<T> : CollectionFormatterBase<T, T[], IReadOnlyCollection<T>> // TypeDefIndex: 7920"
"653511","class","ReadOnlyDictionaryFormatter","7933","public sealed class ReadOnlyDictionaryFormatter<TKey, TValue> : DictionaryFormatterBase<TKey, TValue, Dictionary<TKey, TValue>, ReadOnlyDictionary<TKey, TValue>> // TypeDefIndex: 7933"
"653549","class","InterfaceReadOnlyDictionaryFormatter","7934","public sealed class InterfaceReadOnlyDictionaryFormatter<TKey, TValue> : DictionaryFormatterBase<TKey, TValue, Dictionary<TKey, TValue>, IReadOnlyDictionary<TKey, TValue>> // TypeDefIndex: 7934"
"654177","class","ForceInt16BlockFormatter","7940","public sealed class ForceInt16BlockFormatter : IMessagePackFormatter<short>, IMessagePackFormatter // TypeDefIndex: 7940"
"654198","class","NullableForceInt16BlockFormatter","7941","public sealed class NullableForceInt16BlockFormatter : IMessagePackFormatter<Nullable<short>>, IMessagePackFormatter // TypeDefIndex: 7941"
"654219","class","ForceInt16BlockArrayFormatter","7942","public sealed class ForceInt16BlockArrayFormatter : IMessagePackFormatter<short[]>, IMessagePackFormatter // TypeDefIndex: 7942"
"654240","class","ForceInt32BlockFormatter","7943","public sealed class ForceInt32BlockFormatter : IMessagePackFormatter<int>, IMessagePackFormatter // TypeDefIndex: 7943"
"654261","class","NullableForceInt32BlockFormatter","7944","public sealed class NullableForceInt32BlockFormatter : IMessagePackFormatter<Nullable<int>>, IMessagePackFormatter // TypeDefIndex: 7944"
"654282","class","ForceInt32BlockArrayFormatter","7945","public sealed class ForceInt32BlockArrayFormatter : IMessagePackFormatter<int[]>, IMessagePackFormatter // TypeDefIndex: 7945"
"654303","class","ForceInt64BlockFormatter","7946","public sealed class ForceInt64BlockFormatter : IMessagePackFormatter<long>, IMessagePackFormatter // TypeDefIndex: 7946"
"654324","class","NullableForceInt64BlockFormatter","7947","public sealed class NullableForceInt64BlockFormatter : IMessagePackFormatter<Nullable<long>>, IMessagePackFormatter // TypeDefIndex: 7947"
"654345","class","ForceInt64BlockArrayFormatter","7948","public sealed class ForceInt64BlockArrayFormatter : IMessagePackFormatter<long[]>, IMessagePackFormatter // TypeDefIndex: 7948"
"654366","class","ForceUInt16BlockFormatter","7949","public sealed class ForceUInt16BlockFormatter : IMessagePackFormatter<ushort>, IMessagePackFormatter // TypeDefIndex: 7949"
"654387","class","NullableForceUInt16BlockFormatter","7950","public sealed class NullableForceUInt16BlockFormatter : IMessagePackFormatter<Nullable<ushort>>, IMessagePackFormatter // TypeDefIndex: 7950"
"654408","class","ForceUInt16BlockArrayFormatter","7951","public sealed class ForceUInt16BlockArrayFormatter : IMessagePackFormatter<ushort[]>, IMessagePackFormatter // TypeDefIndex: 7951"
"654429","class","ForceUInt32BlockFormatter","7952","public sealed class ForceUInt32BlockFormatter : IMessagePackFormatter<uint>, IMessagePackFormatter // TypeDefIndex: 7952"
"654450","class","NullableForceUInt32BlockFormatter","7953","public sealed class NullableForceUInt32BlockFormatter : IMessagePackFormatter<Nullable<uint>>, IMessagePackFormatter // TypeDefIndex: 7953"
"654471","class","ForceUInt32BlockArrayFormatter","7954","public sealed class ForceUInt32BlockArrayFormatter : IMessagePackFormatter<uint[]>, IMessagePackFormatter // TypeDefIndex: 7954"
"654492","class","ForceUInt64BlockFormatter","7955","public sealed class ForceUInt64BlockFormatter : IMessagePackFormatter<ulong>, IMessagePackFormatter // TypeDefIndex: 7955"
"654513","class","NullableForceUInt64BlockFormatter","7956","public sealed class NullableForceUInt64BlockFormatter : IMessagePackFormatter<Nullable<ulong>>, IMessagePackFormatter // TypeDefIndex: 7956"
"654534","class","ForceUInt64BlockArrayFormatter","7957","public sealed class ForceUInt64BlockArrayFormatter : IMessagePackFormatter<ulong[]>, IMessagePackFormatter // TypeDefIndex: 7957"
"654555","class","ForceByteBlockFormatter","7958","public sealed class ForceByteBlockFormatter : IMessagePackFormatter<byte>, IMessagePackFormatter // TypeDefIndex: 7958"
"654576","class","NullableForceByteBlockFormatter","7959","public sealed class NullableForceByteBlockFormatter : IMessagePackFormatter<Nullable<byte>>, IMessagePackFormatter // TypeDefIndex: 7959"
"654597","class","ForceSByteBlockFormatter","7960","public sealed class ForceSByteBlockFormatter : IMessagePackFormatter<sbyte>, IMessagePackFormatter // TypeDefIndex: 7960"
"654618","class","NullableForceSByteBlockFormatter","7961","public sealed class NullableForceSByteBlockFormatter : IMessagePackFormatter<Nullable<sbyte>>, IMessagePackFormatter // TypeDefIndex: 7961"
"654639","class","ForceSByteBlockArrayFormatter","7962","public sealed class ForceSByteBlockArrayFormatter : IMessagePackFormatter<sbyte[]>, IMessagePackFormatter // TypeDefIndex: 7962"
"656949","interface","IJsonWrapper","8051","public interface IJsonWrapper : IList, ICollection, IEnumerable, IOrderedDictionary, IDictionary // TypeDefIndex: 8051"
"657038","class","JsonData","8052","public class JsonData : IJsonWrapper, IList, ICollection, IEnumerable, IOrderedDictionary, IDictionary, IEquatable<JsonData> // TypeDefIndex: 8052"
"657397","class","OrderedDictionaryEnumerator","8053","internal class OrderedDictionaryEnumerator : IDictionaryEnumerator, IEnumerator // TypeDefIndex: 8053"
"657460","struct","PropertyMetadata","8055","internal struct PropertyMetadata // TypeDefIndex: 8055"
"657469","struct","ArrayMetadata","8056","internal struct ArrayMetadata // TypeDefIndex: 8056"
"657503","struct","ObjectMetadata","8057","internal struct ObjectMetadata // TypeDefIndex: 8057"
"657669","class","JsonMapper.","8063","private sealed class JsonMapper.<>c // TypeDefIndex: 8063"
"657801","class","JsonMapper.","8064","private sealed class JsonMapper.<>c__DisplayClass39_0<T> // TypeDefIndex: 8064"
"657827","class","JsonMapper.","8065","private sealed class JsonMapper.<>c__DisplayClass40_0<TJson, TValue> // TypeDefIndex: 8065"
"657852","class","JsonMapper","8066","public class JsonMapper // TypeDefIndex: 8066"
"657988","class","JsonMockWrapper","8067","public class JsonMockWrapper : IJsonWrapper, IList, ICollection, IEnumerable, IOrderedDictionary, IDictionary // TypeDefIndex: 8067"
"658207","class","JsonReader","8069","public class JsonReader // TypeDefIndex: 8069"
"658851","interface","IMultilanguageLoader","8083","public interface IMultilanguageLoader // TypeDefIndex: 8083"
"658860","enum","MultilanguageLoader.LoadType","8084","public enum MultilanguageLoader.LoadType // TypeDefIndex: 8084"
"658872","class","MultilanguageLoader.","8085","private sealed class MultilanguageLoader.<>c__DisplayClass5_0 // TypeDefIndex: 8085"
"658889","class","MultilanguageLoader.","8086","private sealed class MultilanguageLoader.<>c__DisplayClass6_0 // TypeDefIndex: 8086"
"658906","class","MultilanguageLoader.","8087","private sealed class MultilanguageLoader.<>c__DisplayClass7_0 // TypeDefIndex: 8087"
"658927","class","MultilanguageLoader.","8088","private sealed class MultilanguageLoader.<DownloadFile>d__8 : IEnumerator<object>, IEnumerator, IDisposable // TypeDefIndex: 8088"
"658970","class","MultilanguageLoader","8089","internal class MultilanguageLoader : IMultilanguageLoader // TypeDefIndex: 8089"
"659124","enum","GpmLogger.LogLevelType","8097","public enum GpmLogger.LogLevelType // TypeDefIndex: 8097"
"659491","class","LaunchingRequest","8113","public class LaunchingRequest // TypeDefIndex: 8113"
"659509","class","LogNCrashRequest","8114","public class LogNCrashRequest // TypeDefIndex: 8114"
"659555","class","LaunchingInfo.Header","8117","public class LaunchingInfo.Header // TypeDefIndex: 8117"
"659622","class","QueueItem","8122","public class QueueItem // TypeDefIndex: 8122"
"660196","enum","UnityTls.unitytls_log_level","8176","public enum UnityTls.unitytls_log_level // TypeDefIndex: 8176"
"660351","class","UnityTls.unitytls_tlsctx_read_callback","8191","public sealed class UnityTls.unitytls_tlsctx_read_callback : MulticastDelegate // TypeDefIndex: 8191"
"660737","class","UnityTls.unitytls_interface_struct.unitytls_tlsctx_read_t","8221","public sealed class UnityTls.unitytls_interface_struct.unitytls_tlsctx_read_t : MulticastDelegate // TypeDefIndex: 8221"
"660815","class","UnityTls.unitytls_interface_struct.unitytls_tlsctx_set_trace_level_t","8227","public sealed class UnityTls.unitytls_interface_struct.unitytls_tlsctx_set_trace_level_t : MulticastDelegate // TypeDefIndex: 8227"
"661222","struct","AsyncProtocolRequest.","8239","private struct AsyncProtocolRequest.<StartOperation>d__23 : IAsyncStateMachine // TypeDefIndex: 8239"
"661243","struct","AsyncProtocolRequest.","8240","private struct AsyncProtocolRequest.<ProcessOperation>d__24 : IAsyncStateMachine // TypeDefIndex: 8240"
"661267","struct","AsyncProtocolRequest.","8241","private struct AsyncProtocolRequest.<InnerRead>d__25 : IAsyncStateMachine // TypeDefIndex: 8241"
"661289","class","AsyncProtocolRequest","8242","internal abstract class AsyncProtocolRequest // TypeDefIndex: 8242"
"661359","class","AsyncHandshakeRequest","8243","internal class AsyncHandshakeRequest : AsyncProtocolRequest // TypeDefIndex: 8243"
"661371","class","AsyncReadOrWriteRequest","8244","internal abstract class AsyncReadOrWriteRequest : AsyncProtocolRequest // TypeDefIndex: 8244"
"661405","class","AsyncReadRequest","8245","internal class AsyncReadRequest : AsyncReadOrWriteRequest // TypeDefIndex: 8245"
"661417","class","AsyncWriteRequest","8246","internal class AsyncWriteRequest : AsyncReadOrWriteRequest // TypeDefIndex: 8246"
"661585","struct","MobileAuthenticatedStream.","8254","private struct MobileAuthenticatedStream.<InnerRead>d__66 : IAsyncStateMachine // TypeDefIndex: 8254"
"662508","class","CertificateData.","8277","private sealed class CertificateData.<ReadReverseRdns>d__21 : IEnumerable<KeyValuePair<string, string>>, IEnumerable, IEnumerator<KeyValuePair<string, string>>, IDisposable, IEnumerator // TypeDefIndex: 8277"
"662643","class","IPv4AddressHelper","8281","internal static class IPv4AddressHelper // TypeDefIndex: 8281"
"662670","class","IPv6AddressHelper","8282","internal static class IPv6AddressHelper // TypeDefIndex: 8282"
"663950","class","IOSelectorJob","8315","internal class IOSelectorJob : IThreadPoolWorkItem // TypeDefIndex: 8315"
"664150","class","CaptureCollection","8321","public class CaptureCollection : IList<Capture>, ICollection<Capture>, IEnumerable<Capture>, IEnumerable, IReadOnlyList<Capture>, IReadOnlyCollection<Capture>, IList, ICollection // TypeDefIndex: 8321"
"664341","class","GroupCollection","8325","public class GroupCollection : IList<Group>, ICollection<Group>, IEnumerable<Group>, IEnumerable, IReadOnlyList<Group>, IReadOnlyCollection<Group>, IList, ICollection // TypeDefIndex: 8325"
"664590","class","MatchCollection","8329","public class MatchCollection : IList<Match>, ICollection<Match>, IEnumerable<Match>, IEnumerable, IReadOnlyList<Match>, IReadOnlyCollection<Match>, IList, ICollection // TypeDefIndex: 8329"
"665007","struct","RegexCharClass.LowerCaseMapping","8336","private struct RegexCharClass.LowerCaseMapping // TypeDefIndex: 8336"
"666208","class","SwitchLevelAttribute","8357","public sealed class SwitchLevelAttribute : Attribute // TypeDefIndex: 8357"
"666226","enum","TraceLevel","8358","public enum TraceLevel // TypeDefIndex: 8358"
"666248","class","AsyncStreamReader","8360","internal class AsyncStreamReader // TypeDefIndex: 8360"
"666274","enum","Process.StreamReadMode","8361","private enum Process.StreamReadMode // TypeDefIndex: 8361"
"666501","class","ProcessModuleCollection","8366","public class ProcessModuleCollection : ReadOnlyCollectionBase // TypeDefIndex: 8366"
"666668","class","ProcessThreadCollection","8368","public class ProcessThreadCollection : ReadOnlyCollectionBase // TypeDefIndex: 8368"
"666802","class","ServiceNameCollection","8376","public class ServiceNameCollection : ReadOnlyCollectionBase // TypeDefIndex: 8376"
"666855","enum","DerSequenceReader.DerTag","8380","internal enum DerSequenceReader.DerTag // TypeDefIndex: 8380"
"666879","class","DerSequenceReader.","8381","private sealed class DerSequenceReader.<>c // TypeDefIndex: 8381"
"666906","class","DerSequenceReader","8382","internal class DerSequenceReader // TypeDefIndex: 8382"
"668921","class","ComponentCollection","8433","public class ComponentCollection : ReadOnlyCollectionBase // TypeDefIndex: 8433"
"669246","class","ReadOnlyAttribute","8446","public sealed class ReadOnlyAttribute : Attribute // TypeDefIndex: 8446"
"669603","class","CultureInfoConverter.CultureInfoMapper","8461","private static class CultureInfoConverter.CultureInfoMapper // TypeDefIndex: 8461"
"669845","class","ToolboxItemAttribute","8469","public class ToolboxItemAttribute : Attribute // TypeDefIndex: 8469"
"672262","class","TypeDescriptor.AttributeFilterCacheItem","8536","private sealed class TypeDescriptor.AttributeFilterCacheItem // TypeDefIndex: 8536"
"672278","class","TypeDescriptor.FilterCacheItem","8537","private sealed class TypeDescriptor.FilterCacheItem // TypeDefIndex: 8537"
"672316","class","TypeDescriptor.MergedTypeDescriptor","8540","private sealed class TypeDescriptor.MergedTypeDescriptor : ICustomTypeDescriptor // TypeDefIndex: 8540"
"673330","class","ReadOnlyObservableCollection","8572","public class ReadOnlyObservableCollection<T> : ReadOnlyCollection<T>, INotifyCollectionChanged, INotifyPropertyChanged // TypeDefIndex: 8572"
"673488","interface","IOrderedDictionary","8574","public interface IOrderedDictionary : IDictionary, ICollection, IEnumerable // TypeDefIndex: 8574"
"673779","class","OrderedDictionary.OrderedDictionaryEnumerator","8581","private class OrderedDictionary.OrderedDictionaryEnumerator : IDictionaryEnumerator, IEnumerator // TypeDefIndex: 8581"
"673816","class","OrderedDictionary.OrderedDictionaryKeyValueCollection","8582","private class OrderedDictionary.OrderedDictionaryKeyValueCollection : ICollection, IEnumerable // TypeDefIndex: 8582"
"673851","class","OrderedDictionary","8583","public class OrderedDictionary : IOrderedDictionary, IDictionary, ICollection, IEnumerable, ISerializable, IDeserializationCallback // TypeDefIndex: 8583"
"674166","class","ReadOnlyList","8590","internal sealed class ReadOnlyList : IList, ICollection, IEnumerable // TypeDefIndex: 8590"
"674582","class","ConcurrentBag","8598","public class ConcurrentBag<T> : IEnumerable<T>, IEnumerable, ICollection, IReadOnlyCollection<T> // TypeDefIndex: 8598"
"675175","class","LinkedList","8605","public class LinkedList<T> : ICollection<T>, IEnumerable<T>, IEnumerable, ICollection, IReadOnlyCollection<T>, ISerializable, IDeserializationCallback // TypeDefIndex: 8605"
"676606","class","SortedDictionary.KeyCollection","8611","public sealed class SortedDictionary.KeyCollection<TKey, TValue> : ICollection<TKey>, IEnumerable<TKey>, IEnumerable, ICollection, IReadOnlyCollection<TKey> // TypeDefIndex: 8611"
"676981","class","SortedDictionary.ValueCollection","8615","public sealed class SortedDictionary.ValueCollection<TKey, TValue> : ICollection<TValue>, IEnumerable<TValue>, IEnumerable, ICollection, IReadOnlyCollection<TValue> // TypeDefIndex: 8615"
"677298","class","SortedDictionary","8619","public class SortedDictionary<TKey, TValue> : IDictionary<TKey, TValue>, ICollection<KeyValuePair<TKey, TValue>>, IEnumerable<KeyValuePair<TKey, TValue>>, IEnumerable, IDictionary, ICollection, IReadOnlyDictionary<TKey, TValue>, IReadOnlyCollection<KeyValuePair<TKey, TValue>> // TypeDefIndex: 8619"
"678691","class","SortedList","8626","public class SortedList<TKey, TValue> : IDictionary<TKey, TValue>, ICollection<KeyValuePair<TKey, TValue>>, IEnumerable<KeyValuePair<TKey, TValue>>, IEnumerable, IDictionary, ICollection, IReadOnlyDictionary<TKey, TValue>, IReadOnlyCollection<KeyValuePair<TKey, TValue>> // TypeDefIndex: 8626"
"679962","class","SortedSet","8631","public class SortedSet<T> : ISet<T>, ICollection<T>, IEnumerable<T>, IEnumerable, ICollection, IReadOnlyCollection<T>, ISerializable, IDeserializationCallback // TypeDefIndex: 8631"
"680648","class","DeflateStream.ReadMethod","8640","private sealed class DeflateStream.ReadMethod : MulticastDelegate // TypeDefIndex: 8640"
"680666","class","DeflateStream.WriteMethod","8641","private sealed class DeflateStream.WriteMethod : MulticastDelegate // TypeDefIndex: 8641"
"680783","class","DeflateStreamNative.UnmanagedReadOrWrite","8643","private sealed class DeflateStreamNative.UnmanagedReadOrWrite : MulticastDelegate // TypeDefIndex: 8643"
"681245","class","IPAddress.ReadOnlyIPAddress","8657","private sealed class IPAddress.ReadOnlyIPAddress : IPAddress // TypeDefIndex: 8657"
"681255","class","IPAddress","8658","public class IPAddress // TypeDefIndex: 8658"
"681365","class","IPAddressParser","8659","internal class IPAddressParser // TypeDefIndex: 8659"
"682021","enum","FtpWebRequest.RequestStage","8675","private enum FtpWebRequest.RequestStage // TypeDefIndex: 8675"
"682034","struct","FtpWebRequest.","8676","private struct FtpWebRequest.<CreateConnectionAsync>d__86 : IAsyncStateMachine // TypeDefIndex: 8676"
"682056","class","FtpWebRequest.","8677","private sealed class FtpWebRequest.<>c // TypeDefIndex: 8677"
"682075","class","FtpWebRequest","8678","public sealed class FtpWebRequest : WebRequest // TypeDefIndex: 8678"
"682297","class","FtpWebRequestCreator","8679","internal class FtpWebRequestCreator : IWebRequestCreate // TypeDefIndex: 8679"
"682309","class","FtpWebResponse.EmptyStream","8680","internal sealed class FtpWebResponse.EmptyStream : MemoryStream // TypeDefIndex: 8680"
"682675","enum","HttpListenerRequestUriBuilder.ParsingResult","8692","private enum HttpListenerRequestUriBuilder.ParsingResult // TypeDefIndex: 8692"
"682685","enum","HttpListenerRequestUriBuilder.EncodingType","8693","private enum HttpListenerRequestUriBuilder.EncodingType // TypeDefIndex: 8693"
"682694","class","HttpListenerRequestUriBuilder","8694","internal sealed class HttpListenerRequestUriBuilder // TypeDefIndex: 8694"
"682765","enum","HttpRequestHeader","8695","public enum HttpRequestHeader // TypeDefIndex: 8695"
"682884","interface","IWebRequestCreate","8700","public interface IWebRequestCreate // TypeDefIndex: 8700"
"682983","class","WebRequestPrefixElement","8705","internal class WebRequestPrefixElement // TypeDefIndex: 8705"
"683132","class","SocketAddress","8711","public class SocketAddress // TypeDefIndex: 8711"
"683283","class","WebExceptionMapping","8716","internal static class WebExceptionMapping // TypeDefIndex: 8716"
"683298","enum","WebHeaderCollectionType","8717","internal enum WebHeaderCollectionType // TypeDefIndex: 8717"
"683316","enum","WebHeaderCollection.RfcChar","8718","private enum WebHeaderCollection.RfcChar // TypeDefIndex: 8718"
"683334","class","WebHeaderCollection","8719","public class WebHeaderCollection : NameValueCollection, ISerializable // TypeDefIndex: 8719"
"683484","class","WebRequest.DesignerWebRequestCreate","8721","internal class WebRequest.DesignerWebRequestCreate : IWebRequestCreate // TypeDefIndex: 8721"
"683497","class","WebRequest.","8722","private sealed class WebRequest.<>c__DisplayClass78_0 // TypeDefIndex: 8722"
"683514","class","WebRequest.","8723","private sealed class WebRequest.<>c__DisplayClass79_0 // TypeDefIndex: 8723"
"683531","class","WebRequest","8724","public abstract class WebRequest : MarshalByRefObject, ISerializable // TypeDefIndex: 8724"
"683834","class","HeaderParser","8729","internal sealed class HeaderParser : MulticastDelegate // TypeDefIndex: 8729"
"683846","class","HeaderInfo","8730","internal class HeaderInfo // TypeDefIndex: 8730"
"683863","class","HeaderInfoTable","8731","internal class HeaderInfoTable // TypeDefIndex: 8731"
"683913","class","LazyAsyncResult.ThreadContext","8734","private class LazyAsyncResult.ThreadContext // TypeDefIndex: 8734"
"684042","class","TimerThread.Queue","8738","internal abstract class TimerThread.Queue // TypeDefIndex: 8738"
"684063","class","TimerThread.Timer","8739","internal abstract class TimerThread.Timer : IDisposable // TypeDefIndex: 8739"
"684096","class","TimerThread.Callback","8740","internal sealed class TimerThread.Callback : MulticastDelegate // TypeDefIndex: 8740"
"684108","class","TimerThread.TimerQueue","8741","private class TimerThread.TimerQueue : TimerThread.Queue // TypeDefIndex: 8741"
"684127","class","TimerThread.InfiniteTimerQueue","8742","private class TimerThread.InfiniteTimerQueue : TimerThread.Queue // TypeDefIndex: 8742"
"684139","enum","TimerThread.TimerNode.TimerState","8743","private enum TimerThread.TimerNode.TimerState // TypeDefIndex: 8743"
"684150","class","TimerThread.TimerNode","8744","private class TimerThread.TimerNode : TimerThread.Timer // TypeDefIndex: 8744"
"684196","class","TimerThread.InfiniteTimer","8745","private class TimerThread.InfiniteTimer : TimerThread.Timer // TypeDefIndex: 8745"
"684217","class","TimerThread","8746","internal static class TimerThread // TypeDefIndex: 8746"
"684708","struct","HeaderVariantInfo","8757","internal struct HeaderVariantInfo // TypeDefIndex: 8757"
"684872","class","FileWebRequest","8762","public class FileWebRequest : WebRequest, ISerializable // TypeDefIndex: 8762"
"685009","class","FileWebRequestCreator","8763","internal class FileWebRequestCreator : IWebRequestCreate // TypeDefIndex: 8763"
"685235","class","UnsafeNclNativeMethods.HttpApi.HTTP_REQUEST_HEADER_ID","8769","internal static class UnsafeNclNativeMethods.HttpApi.HTTP_REQUEST_HEADER_ID // TypeDefIndex: 8769"
"685397","struct","BufferedReadStream.","8779","private struct BufferedReadStream.<ProcessReadAsync>d__2 : IAsyncStateMachine // TypeDefIndex: 8779"
"685420","class","BufferedReadStream","8780","internal class BufferedReadStream : WebReadStream // TypeDefIndex: 8780"
"685439","class","ChunkedInputStream.ReadBufferState","8781","private class ChunkedInputStream.ReadBufferState // TypeDefIndex: 8781"
"685455","class","ChunkedInputStream","8782","internal class ChunkedInputStream : RequestStream // TypeDefIndex: 8782"
"685494","class","ContentDecodeStream","8784","internal class ContentDecodeStream : WebReadStream // TypeDefIndex: 8784"
"685538","class","DigestHeaderParser","8787","internal class DigestHeaderParser // TypeDefIndex: 8787"
"685693","class","Dns.GetHostAddressesCallback","8790","private sealed class Dns.GetHostAddressesCallback : MulticastDelegate // TypeDefIndex: 8790"
"685865","struct","FixedSizeReadStream.","8794","private struct FixedSizeReadStream.<ProcessReadAsync>d__5 : IAsyncStateMachine // TypeDefIndex: 8794"
"685888","class","FixedSizeReadStream","8795","internal class FixedSizeReadStream : WebReadStream // TypeDefIndex: 8795"
"686256","class","HttpListenerRequest","8803","public sealed class HttpListenerRequest // TypeDefIndex: 8803"
"686460","class","HttpRequestCreator","8805","internal class HttpRequestCreator : IWebRequestCreate // TypeDefIndex: 8805"
"686517","enum","HttpWebRequest.NtlmAuthState","8807","private enum HttpWebRequest.NtlmAuthState // TypeDefIndex: 8807"
"686527","struct","HttpWebRequest.AuthorizationState","8808","private struct HttpWebRequest.AuthorizationState // TypeDefIndex: 8808"
"686567","class","HttpWebRequest.","8809","private sealed class HttpWebRequest.<>c__241<T> // TypeDefIndex: 8809"
"686620","struct","HttpWebRequest.","8810","private struct HttpWebRequest.<RunWithTimeoutWorker>d__241<T> : IAsyncStateMachine // TypeDefIndex: 8810"
"686666","struct","HttpWebRequest.","8811","private struct HttpWebRequest.<MyGetResponseAsync>d__243 : IAsyncStateMachine // TypeDefIndex: 8811"
"686700","struct","HttpWebRequest.","8812","private struct HttpWebRequest.<GetResponseFromData>d__244 : IAsyncStateMachine // TypeDefIndex: 8812"
"686728","struct","HttpWebRequest.","8813","private struct HttpWebRequest.<<GetRewriteHandler>b__271_0>d : IAsyncStateMachine // TypeDefIndex: 8813"
"686749","class","HttpWebRequest","8814","public class HttpWebRequest : WebRequest, ISerializable // TypeDefIndex: 8814"
"687477","struct","MonoChunkStream.","8822","private struct MonoChunkStream.<ProcessReadAsync>d__7 : IAsyncStateMachine // TypeDefIndex: 8822"
"687502","struct","MonoChunkStream.","8823","private struct MonoChunkStream.<FinishReading>d__8 : IAsyncStateMachine // TypeDefIndex: 8823"
"687524","class","MonoChunkStream","8824","internal class MonoChunkStream : WebReadStream // TypeDefIndex: 8824"
"687586","class","RequestStream","8826","internal class RequestStream : Stream // TypeDefIndex: 8826"
"688525","enum","ReadState","8842","internal enum ReadState // TypeDefIndex: 8842"
"688905","struct","WebConnectionTunnel.","8851","private struct WebConnectionTunnel.<ReadHeaders>d__43 : IAsyncStateMachine // TypeDefIndex: 8851"
"689055","struct","WebOperation.","8853","private struct WebOperation.<GetRequestStream>d__50 : IAsyncStateMachine // TypeDefIndex: 8853"
"689245","struct","WebReadStream.","8856","private struct WebReadStream.<ReadAsync>d__28 : IAsyncStateMachine // TypeDefIndex: 8856"
"689269","class","WebReadStream","8857","internal abstract class WebReadStream : Stream // TypeDefIndex: 8857"
"689358","struct","WebRequestStream.","8858","private struct WebRequestStream.<FinishWriting>d__31 : IAsyncStateMachine // TypeDefIndex: 8858"
"689379","struct","WebRequestStream.","8859","private struct WebRequestStream.<WriteAsyncInner>d__33 : IAsyncStateMachine // TypeDefIndex: 8859"
"689405","struct","WebRequestStream.","8860","private struct WebRequestStream.<ProcessWrite>d__34 : IAsyncStateMachine // TypeDefIndex: 8860"
"689429","struct","WebRequestStream.","8861","private struct WebRequestStream.<Initialize>d__36 : IAsyncStateMachine // TypeDefIndex: 8861"
"689451","struct","WebRequestStream.","8862","private struct WebRequestStream.<SetHeadersAsync>d__37 : IAsyncStateMachine // TypeDefIndex: 8862"
"689473","struct","WebRequestStream.","8863","private struct WebRequestStream.<WriteRequestAsync>d__38 : IAsyncStateMachine // TypeDefIndex: 8863"
"689496","struct","WebRequestStream.","8864","private struct WebRequestStream.<WriteChunkTrailer_inner>d__39 : IAsyncStateMachine // TypeDefIndex: 8864"
"689517","struct","WebRequestStream.","8865","private struct WebRequestStream.<WriteChunkTrailer>d__40 : IAsyncStateMachine // TypeDefIndex: 8865"
"689539","class","WebRequestStream","8866","internal class WebRequestStream : WebConnectionStream // TypeDefIndex: 8866"
"689650","struct","WebResponseStream.","8867","private struct WebResponseStream.<ReadAsync>d__40 : IAsyncStateMachine // TypeDefIndex: 8867"
"689703","struct","WebResponseStream.","8869","private struct WebResponseStream.<ReadAllAsyncInner>d__47 : IAsyncStateMachine // TypeDefIndex: 8869"
"689727","struct","WebResponseStream.","8870","private struct WebResponseStream.<ReadAllAsync>d__48 : IAsyncStateMachine // TypeDefIndex: 8870"
"689753","struct","WebResponseStream.","8871","private struct WebResponseStream.<InitReadAsync>d__52 : IAsyncStateMachine // TypeDefIndex: 8871"
"690139","class","RequestCache","8886","internal abstract class RequestCache // TypeDefIndex: 8886"
"690151","class","RequestCacheManager","8887","internal sealed class RequestCacheManager // TypeDefIndex: 8887"
"690173","class","RequestCacheValidator","8888","internal class RequestCacheValidator // TypeDefIndex: 8888"
"690182","class","RequestCachingSectionInternal","8889","internal class RequestCachingSectionInternal // TypeDefIndex: 8889"
"690194","class","RequestCacheBinding","8890","internal class RequestCacheBinding // TypeDefIndex: 8890"
"690222","enum","RequestCacheLevel","8891","public enum RequestCacheLevel // TypeDefIndex: 8891"
"690236","class","RequestCachePolicy","8892","public class RequestCachePolicy // TypeDefIndex: 8892"
"690257","class","RequestCacheProtocol","8893","internal class RequestCacheProtocol // TypeDefIndex: 8893"
"690420","class","Socket.TaskSocketAsyncEventArgs","8896","private class Socket.TaskSocketAsyncEventArgs<TResult> : SocketAsyncEventArgs // TypeDefIndex: 8896"
"690458","class","Socket.Int32TaskSocketAsyncEventArgs","8897","private sealed class Socket.Int32TaskSocketAsyncEventArgs : Socket.TaskSocketAsyncEventArgs<int> // TypeDefIndex: 8897"
"690501","class","Socket.AwaitableSocketAsyncEventArgs","8899","internal sealed class Socket.AwaitableSocketAsyncEventArgs : SocketAsyncEventArgs, IValueTaskSource, IValueTaskSource<int> // TypeDefIndex: 8899"
"691291","enum","AddressFamily","8907","public enum AddressFamily // TypeDefIndex: 8907"
"691370","enum","IPProtectionLevel","8909","public enum IPProtectionLevel // TypeDefIndex: 8909"
"691539","enum","SocketOptionLevel","8917","public enum SocketOptionLevel // TypeDefIndex: 8917"
"692084","class","DomainLiteralReader","8930","internal static class DomainLiteralReader // TypeDefIndex: 8930"
"692093","class","DotAtomReader","8931","internal static class DotAtomReader // TypeDefIndex: 8931"
"692102","class","MailAddressParser","8932","internal static class MailAddressParser // TypeDefIndex: 8932"
"692129","class","QuotedPairReader","8933","internal static class QuotedPairReader // TypeDefIndex: 8933"
"692141","class","QuotedStringFormatReader","8934","internal static class QuotedStringFormatReader // TypeDefIndex: 8934"
"692156","class","WhitespaceReader","8935","internal static class WhitespaceReader // TypeDefIndex: 8935"
"692168","class","MailAddress","8936","public class MailAddress // TypeDefIndex: 8936"
"692392","enum","AuthenticationLevel","8941","public enum AuthenticationLevel // TypeDefIndex: 8941"
"692720","class","ConnectionManagementElement","8963","public sealed class ConnectionManagementElement : ConfigurationElement // TypeDefIndex: 8963"
"692726","class","ConnectionManagementElementCollection","8964","public sealed class ConnectionManagementElementCollection : ConfigurationElementCollection // TypeDefIndex: 8964"
"692735","class","ConnectionManagementSection","8965","public sealed class ConnectionManagementSection : ConfigurationSection // TypeDefIndex: 8965"
"692783","class","HttpWebRequestElement","8968","public sealed class HttpWebRequestElement : ConfigurationElement // TypeDefIndex: 8968"
"692897","class","WebRequestModulesSection","8976","public sealed class WebRequestModulesSection : ConfigurationSection // TypeDefIndex: 8976"
"692914","class","WebRequestModuleElementCollection","8977","public sealed class WebRequestModuleElementCollection : ConfigurationElementCollection // TypeDefIndex: 8977"
"692923","class","WebRequestModuleElement","8978","public sealed class WebRequestModuleElement : ConfigurationElement // TypeDefIndex: 8978"
"693234","class","XRBuiltinShaderConstants","8992","public static class XRBuiltinShaderConstants // TypeDefIndex: 8992"
"693864","class","ICameraHistoryReadAccess.HistoryRequestDelegate","9004","public sealed class ICameraHistoryReadAccess.HistoryRequestDelegate : MulticastDelegate // TypeDefIndex: 9004"
"693882","interface","ICameraHistoryReadAccess","9005","public interface ICameraHistoryReadAccess // TypeDefIndex: 9005"
"693904","class","CameraHistoryItem","9006","public abstract class CameraHistoryItem : ContextItem // TypeDefIndex: 9006"
"697398","struct","ContextContainer.Item","9027","private struct ContextContainer.Item // TypeDefIndex: 9027"
"697466","class","ContextItem","9029","public abstract class ContextItem // TypeDefIndex: 9029"
"697493","class","AdditionalPropertyAttribute","9031","public class AdditionalPropertyAttribute : Attribute // TypeDefIndex: 9031"
"699475","enum","AdvancedUpscalers","9055","public enum AdvancedUpscalers // TypeDefIndex: 9055"
"699532","interface","IAdditionalData","9057","public interface IAdditionalData // TypeDefIndex: 9057"
"700581","enum","ReloadAttribute.Package","9075","public enum ReloadAttribute.Package // TypeDefIndex: 9075"
"700592","class","ReloadAttribute","9076","public sealed class ReloadAttribute : Attribute // TypeDefIndex: 9076"
"700608","class","ReloadGroupAttribute","9077","public sealed class ReloadGroupAttribute : Attribute // TypeDefIndex: 9077"
"702810","struct","DebugUI.Foldout.ContextMenuItem","9130","public struct DebugUI.Foldout.ContextMenuItem // TypeDefIndex: 9130"
"703988","class","DebugUI.RuntimeDebugShadersMessageBox.","9159","private sealed class DebugUI.RuntimeDebugShadersMessageBox.<>c // TypeDefIndex: 9159"
"704007","class","DebugUI.RuntimeDebugShadersMessageBox","9160","public class DebugUI.RuntimeDebugShadersMessageBox : DebugUI.MessageBox // TypeDefIndex: 9160"
"705050","class","ShaderDebugPrintManager.Profiling","9195","private static class ShaderDebugPrintManager.Profiling // TypeDefIndex: 9195"
"705062","enum","ShaderDebugPrintManager.DebugValueType","9196","private enum ShaderDebugPrintManager.DebugValueType // TypeDefIndex: 9196"
"705082","class","ShaderDebugPrintManager","9197","public sealed class ShaderDebugPrintManager // TypeDefIndex: 9197"
"705148","struct","ShaderDebugPrintInput","9198","public struct ShaderDebugPrintInput // TypeDefIndex: 9198"
"705209","class","ShaderDebugPrintInputProducer","9199","public static class ShaderDebugPrintInputProducer // TypeDefIndex: 9199"
"705611","interface","IShaderVariantSettings","9203","public interface IShaderVariantSettings // TypeDefIndex: 9203"
"705641","class","ProbeTouchupVolume","9204","public class ProbeTouchupVolume : ProbeAdjustmentVolume // TypeDefIndex: 9204"
"706049","enum","ProbeAdjustmentVolume.Shape","9214","public enum ProbeAdjustmentVolume.Shape // TypeDefIndex: 9214"
"706058","enum","ProbeAdjustmentVolume.Mode","9215","public enum ProbeAdjustmentVolume.Mode // TypeDefIndex: 9215"
"706073","enum","ProbeAdjustmentVolume.RenderingLayerMaskOperation","9216","public enum ProbeAdjustmentVolume.RenderingLayerMaskOperation // TypeDefIndex: 9216"
"706083","enum","ProbeAdjustmentVolume.Version","9217","private enum ProbeAdjustmentVolume.Version // TypeDefIndex: 9217"
"706095","class","ProbeAdjustmentVolume","9218","public class ProbeAdjustmentVolume : MonoBehaviour, ISerializationCallbackReceiver // TypeDefIndex: 9218"
"706605","struct","ProbeGlobalIndirection.IndexMetaData","9227","internal struct ProbeGlobalIndirection.IndexMetaData // TypeDefIndex: 9227"
"706698","class","ProbeReferenceVolume.ShaderIDs","9229","internal static class ProbeReferenceVolume.ShaderIDs // TypeDefIndex: 9229"
"706755","class","ProbeReferenceVolume.DiskStreamingRequest","9232","internal class ProbeReferenceVolume.DiskStreamingRequest // TypeDefIndex: 9232"
"706866","enum","ProbeReferenceVolume.CellStreamingRequest.State","9235","public enum ProbeReferenceVolume.CellStreamingRequest.State // TypeDefIndex: 9235"
"706878","class","ProbeReferenceVolume.CellStreamingRequest.OnStreamingCompleteDelegate","9236","public sealed class ProbeReferenceVolume.CellStreamingRequest.OnStreamingCompleteDelegate : MulticastDelegate // TypeDefIndex: 9236"
"706897","class","ProbeReferenceVolume.CellStreamingRequest","9237","internal class ProbeReferenceVolume.CellStreamingRequest // TypeDefIndex: 9237"
"707377","struct","ProbeReferenceVolume.ExtraDataActionInput","9250","public struct ProbeReferenceVolume.ExtraDataActionInput // TypeDefIndex: 9250"
"708497","enum","DebugProbeShadingMode","9254","public enum DebugProbeShadingMode // TypeDefIndex: 9254"
"708669","struct","ProbeVolumeShadingParameters","9261","internal struct ProbeVolumeShadingParameters // TypeDefIndex: 9261"
"708690","enum","ProbeVolumeTextureMemoryBudget","9262","public enum ProbeVolumeTextureMemoryBudget // TypeDefIndex: 9262"
"708701","enum","ProbeVolumeBlendingTextureMemoryBudget","9263","public enum ProbeVolumeBlendingTextureMemoryBudget // TypeDefIndex: 9263"
"709517","struct","ProbeVolumePerSceneData.ObsoleteSerializablePerScenarioDataItem","9288","private struct ProbeVolumePerSceneData.ObsoleteSerializablePerScenarioDataItem // TypeDefIndex: 9288"
"709931","struct","ShaderVariablesProbeVolumes","9302","internal struct ShaderVariablesProbeVolumes // TypeDefIndex: 9302"
"711028","class","STP.ShaderResources","9342","private static class STP.ShaderResources // TypeDefIndex: 9342"
"711058","class","STP.ShaderKeywords","9343","private static class STP.ShaderKeywords // TypeDefIndex: 9343"
"711165","class","STP.PreTaaData","9347","private class STP.PreTaaData // TypeDefIndex: 9347"
"711186","class","STP.TaaData","9348","private class STP.TaaData // TypeDefIndex: 9348"
"711339","enum","IncludeAdditionalRPAssets.Version","9353","private enum IncludeAdditionalRPAssets.Version // TypeDefIndex: 9353"
"711353","class","IncludeAdditionalRPAssets","9354","public class IncludeAdditionalRPAssets : IRenderPipelineGraphicsSettings // TypeDefIndex: 9354"
"711400","enum","ShaderVariantLogLevel","9355","public enum ShaderVariantLogLevel // TypeDefIndex: 9355"
"711413","enum","ShaderStrippingSetting.Version","9356","internal enum ShaderStrippingSetting.Version // TypeDefIndex: 9356"
"711425","class","ShaderStrippingSetting","9357","public class ShaderStrippingSetting : IRenderPipelineGraphicsSettings // TypeDefIndex: 9357"
"711590","struct","ShaderGenUInt4","9365","public struct ShaderGenUInt4 // TypeDefIndex: 9365"
"713606","class","Blitter.BlitShaderIDs","9407","private static class Blitter.BlitShaderIDs // TypeDefIndex: 9407"
"713627","enum","Blitter.BlitShaderPassNames","9408","private enum Blitter.BlitShaderPassNames // TypeDefIndex: 9408"
"714438","class","FSRUtils.ShaderConstants","9422","private static class FSRUtils.ShaderConstants // TypeDefIndex: 9422"
"714484","class","GPUPrefixSum.ShaderDefs","9424","internal static class GPUPrefixSum.ShaderDefs // TypeDefIndex: 9424"
"714506","struct","GPUPrefixSum.LevelOffsets","9425","public struct GPUPrefixSum.LevelOffsets // TypeDefIndex: 9425"
"714625","class","GPUPrefixSum.ShaderIDs","9431","private static class GPUPrefixSum.ShaderIDs // TypeDefIndex: 9431"
"714717","enum","GPUSort.Stage","9437","private enum GPUSort.Stage // TypeDefIndex: 9437"
"714780","class","HDROutputUtils.ShaderKeywords","9441","public static class HDROutputUtils.ShaderKeywords // TypeDefIndex: 9441"
"714799","class","HDROutputUtils.ShaderPropertyId","9442","private static class HDROutputUtils.ShaderPropertyId // TypeDefIndex: 9442"
"715351","class","TextureGradient","9458","public class TextureGradient : IDisposable // TypeDefIndex: 9458"
"715427","class","TextureGradientParameter","9459","public class TextureGradientParameter : VolumeParameter<TextureGradient> // TypeDefIndex: 9459"
"717183","class","CubemapParameter","9511","public class CubemapParameter : VolumeParameter<Texture> // TypeDefIndex: 9511"
"717197","class","NoInterpCubemapParameter","9512","public class NoInterpCubemapParameter : VolumeParameter<Cubemap> // TypeDefIndex: 9512"
"717901","interface","IRenderGraphRecorder","9530","public interface IRenderGraphRecorder // TypeDefIndex: 9530"
"721127","struct","FastMemoryDesc","9603","public struct FastMemoryDesc // TypeDefIndex: 9603"
"722364","enum","PassMergeState","9633","internal enum PassMergeState // TypeDefIndex: 9633"
"722487","enum","LoadReason","9636","internal enum LoadReason // TypeDefIndex: 9636"
"722502","struct","LoadAudit","9637","internal struct LoadAudit // TypeDefIndex: 9637"
"722657","struct","ResourceReaderData","9643","internal struct ResourceReaderData // TypeDefIndex: 9643"
"722822","class","StageRuntimeInterface","9649","public class StageRuntimeInterface // TypeDefIndex: 9649"
"724543","enum","LightmapType","9706","internal enum LightmapType // TypeDefIndex: 9706"
"726218","class","JobProducerTypeAttribute","9724","public sealed class JobProducerTypeAttribute : Attribute // TypeDefIndex: 9724"
"726667","enum","ProfilerRecorderOptions","9742","public enum ProfilerRecorderOptions // TypeDefIndex: 9742"
"726684","struct","ProfilerRecorderSample","9743","public struct ProfilerRecorderSample // TypeDefIndex: 9743"
"726701","enum","ProfilerRecorder.ControlOptions","9744","internal enum ProfilerRecorder.ControlOptions // TypeDefIndex: 9744"
"726714","enum","ProfilerRecorder.CountOptions","9745","internal enum ProfilerRecorder.CountOptions // TypeDefIndex: 9745"
"726727","struct","ProfilerRecorder","9746","public struct ProfilerRecorder : IDisposable // TypeDefIndex: 9746"
"726823","class","ProfilerRecorderDebugView","9747","internal sealed class ProfilerRecorderDebugView // TypeDefIndex: 9747"
"726905","struct","ProfilerRecorderDescription","9751","public struct ProfilerRecorderDescription // TypeDefIndex: 9751"
"726928","struct","ProfilerRecorderHandle","9752","public struct ProfilerRecorderHandle // TypeDefIndex: 9752"
"727033","class","MemorySnapshotMetadata","9755","public class MemorySnapshotMetadata // TypeDefIndex: 9755"
"727067","class","MemoryProfiler","9756","public static class MemoryProfiler // TypeDefIndex: 9756"
"727102","struct","ReadCommand","9757","public struct ReadCommand // TypeDefIndex: 9757"
"727111","struct","ReadCommandArray","9758","public struct ReadCommandArray // TypeDefIndex: 9758"
"727137","enum","AssetLoadingSubsystem","9761","public enum AssetLoadingSubsystem // TypeDefIndex: 9761"
"727154","enum","ReadStatus","9762","public enum ReadStatus // TypeDefIndex: 9762"
"727211","struct","ReadHandle","9765","public struct ReadHandle : IDisposable // TypeDefIndex: 9765"
"727281","class","AsyncReadManager","9766","public static class AsyncReadManager // TypeDefIndex: 9766"
"727342","enum","FileReadType","9768","public enum FileReadType // TypeDefIndex: 9768"
"727353","struct","AsyncReadManagerRequestMetric","9769","public struct AsyncReadManagerRequestMetric // TypeDefIndex: 9769"
"727407","class","AsyncReadManagerMetricsFilters","9770","public class AsyncReadManagerMetricsFilters // TypeDefIndex: 9770"
"727514","class","ReadOnlyAttribute","9777","public sealed class ReadOnlyAttribute : Attribute // TypeDefIndex: 9777"
"730070","struct","NativeArray.ReadOnly.Enumerator","9787","public struct NativeArray.ReadOnly.Enumerator<T> : IEnumerator<T>, IEnumerator, IDisposable // TypeDefIndex: 9787"
"732532","struct","NativeArray.ReadOnly","9788","public struct NativeArray.ReadOnly<T> : IEnumerable<T>, IEnumerable // TypeDefIndex: 9788"
"751440","class","NativeArrayReadOnlyDebugView","9793","internal sealed class NativeArrayReadOnlyDebugView<T> // TypeDefIndex: 9793"
"753176","class","NativeContainerIsReadOnlyAttribute","9804","public sealed class NativeContainerIsReadOnlyAttribute : Attribute // TypeDefIndex: 9804"
"753231","class","NativeSetThreadIndexAttribute","9809","public sealed class NativeSetThreadIndexAttribute : Attribute // TypeDefIndex: 9809"
"753243","class","NativeContainerNeedsThreadIndexAttribute","9810","public sealed class NativeContainerNeedsThreadIndexAttribute : Attribute // TypeDefIndex: 9810"
"757892","enum","SpriteMaskInteraction","9830","public enum SpriteMaskInteraction // TypeDefIndex: 9830"
"758007","enum","SpriteMeshType","9832","public enum SpriteMeshType // TypeDefIndex: 9832"
"758601","class","Application.LowMemoryCallback","9843","public sealed class Application.LowMemoryCallback : MulticastDelegate // TypeDefIndex: 9843"
"758613","class","Application.MemoryUsageChangedCallback","9844","public sealed class Application.MemoryUsageChangedCallback : MulticastDelegate // TypeDefIndex: 9844"
"758944","enum","ApplicationMemoryUsage","9847","public enum ApplicationMemoryUsage // TypeDefIndex: 9847"
"758956","struct","ApplicationMemoryUsageChange","9848","public struct ApplicationMemoryUsageChange // TypeDefIndex: 9848"
"761322","struct","BeforeRenderHelper.OrderBlock","9896","private struct BeforeRenderHelper.OrderBlock // TypeDefIndex: 9896"
"762008","class","LightmapData","9913","public sealed class LightmapData // TypeDefIndex: 9913"
"762041","class","LightmapSettings","9914","public sealed class LightmapSettings : Object // TypeDefIndex: 9914"
"762385","class","MaterialPropertyBlock.BindingsMarshaller","9925","internal static class MaterialPropertyBlock.BindingsMarshaller // TypeDefIndex: 9925"
"762398","class","MaterialPropertyBlock","9926","public sealed class MaterialPropertyBlock // TypeDefIndex: 9926"
"763068","class","Shader","9929","public sealed class Shader : Object // TypeDefIndex: 9929"
"764334","enum","LightShadows","9946","public enum LightShadows // TypeDefIndex: 9946"
"764345","enum","LightmapBakeType","9947","public enum LightmapBakeType // TypeDefIndex: 9947"
"764365","enum","ShadowmaskMode","9949","public enum ShadowmaskMode // TypeDefIndex: 9949"
"764374","enum","ShadowObjectsFilter","9950","public enum ShadowObjectsFilter // TypeDefIndex: 9950"
"764602","enum","CubemapFace","9964","public enum CubemapFace // TypeDefIndex: 9964"
"764681","enum","RenderTextureReadWrite","9968","public enum RenderTextureReadWrite // TypeDefIndex: 9968"
"764692","enum","RenderTextureMemoryless","9969","public enum RenderTextureMemoryless // TypeDefIndex: 9969"
"764716","enum","LightmapsMode","9971","public enum LightmapsMode // TypeDefIndex: 9971"
"764782","enum","LODFadeMode","9976","public enum LODFadeMode // TypeDefIndex: 9976"
"766197","class","Cubemap","9984","public sealed class Cubemap : Texture // TypeDefIndex: 9984"
"766512","class","CubemapArray","9987","public sealed class CubemapArray : Texture // TypeDefIndex: 9987"
"767286","struct","MipmapLimitDescriptor","9991","public struct MipmapLimitDescriptor // TypeDefIndex: 9991"
"768270","struct","GradientColorKey","10009","public struct GradientColorKey // TypeDefIndex: 10009"
"768284","struct","GradientAlphaKey","10010","public struct GradientAlphaKey // TypeDefIndex: 10010"
"768297","enum","GradientMode","10011","public enum GradientMode // TypeDefIndex: 10011"
"768307","class","Gradient.BindingsMarshaller","10012","internal static class Gradient.BindingsMarshaller // TypeDefIndex: 10012"
"768318","class","Gradient","10013","public class Gradient : IEquatable<Gradient> // TypeDefIndex: 10013"
"770197","class","HeaderAttribute","10038","public class HeaderAttribute : PropertyAttribute // TypeDefIndex: 10038"
"770478","class","ResourceRequest.BindingsMarshaller","10050","internal static class ResourceRequest.BindingsMarshaller // TypeDefIndex: 10050"
"770488","class","ResourceRequest","10051","public class ResourceRequest : AsyncOperation // TypeDefIndex: 10051"
"770999","class","AddComponentMenu","10064","public sealed class AddComponentMenu : Attribute // TypeDefIndex: 10064"
"771135","class","DefaultExecutionOrder","10072","public class DefaultExecutionOrder : Attribute // TypeDefIndex: 10072"
"771170","enum","Awaitable.AwaiterCompletionThreadAffinity","10075","internal enum Awaitable.AwaiterCompletionThreadAffinity // TypeDefIndex: 10075"
"772044","class","FailedToLoadScriptObject","10103","internal class FailedToLoadScriptObject : Object // TypeDefIndex: 10103"
"772424","class","InspectorOrderAttribute","10105","public sealed class InspectorOrderAttribute : PropertyAttribute // TypeDefIndex: 10105"
"772506","struct","LazyLoadReference","10109","public struct LazyLoadReference<T> // TypeDefIndex: 10109"
"772907","enum","RuntimeInitializeLoadType","10115","public enum RuntimeInitializeLoadType // TypeDefIndex: 10115"
"772921","class","RuntimeInitializeOnLoadMethodAttribute","10116","public class RuntimeInitializeOnLoadMethodAttribute : PreserveAttribute // TypeDefIndex: 10116"
"773883","struct","UnitySynchronizationContext.WorkRequest","10137","private struct UnitySynchronizationContext.WorkRequest // TypeDefIndex: 10137"
"774245","class","ComputeShader","10152","public sealed class ComputeShader : Object // TypeDefIndex: 10152"
"774350","class","ShaderVariantCollection","10153","public sealed class ShaderVariantCollection : Object // TypeDefIndex: 10153"
"774373","class","PreloadData","10155","internal class PreloadData : Object // TypeDefIndex: 10155"
"774940","struct","TouchScreenKeyboard_InternalConstructorHelperArguments","10161","internal struct TouchScreenKeyboard_InternalConstructorHelperArguments // TypeDefIndex: 10161"
"774952","enum","TouchScreenKeyboard.Status","10162","public enum TouchScreenKeyboard.Status // TypeDefIndex: 10162"
"774963","enum","TouchScreenKeyboard.InputFieldAppearance","10163","public enum TouchScreenKeyboard.InputFieldAppearance // TypeDefIndex: 10163"
"774973","class","TouchScreenKeyboard.BindingsMarshaller","10164","internal static class TouchScreenKeyboard.BindingsMarshaller // TypeDefIndex: 10164"
"774985","class","TouchScreenKeyboard","10165","public class TouchScreenKeyboard // TypeDefIndex: 10165"
"775127","enum","TouchScreenKeyboardType","10166","public enum TouchScreenKeyboardType // TypeDefIndex: 10166"
"775827","class","Recorder","10178","public sealed class Recorder // TypeDefIndex: 10178"
"777780","struct","BindingsAllocator.NativeOwnedMemory","10219","private struct BindingsAllocator.NativeOwnedMemory // TypeDefIndex: 10219"
"778323","enum","LoadSceneMode","10237","public enum LoadSceneMode // TypeDefIndex: 10237"
"778344","struct","LoadSceneParameters","10239","public struct LoadSceneParameters // TypeDefIndex: 10239"
"778360","enum","UnloadSceneOptions","10240","public enum UnloadSceneOptions // TypeDefIndex: 10240"
"778465","struct","Initialization.AsyncUploadTimeSlicedUpdate","10250","public struct Initialization.AsyncUploadTimeSlicedUpdate // TypeDefIndex: 10250"
"778516","struct","EarlyUpdate.UnityWebRequestUpdate","10260","public struct EarlyUpdate.UnityWebRequestUpdate // TypeDefIndex: 10260"
"778526","struct","EarlyUpdate.ExecuteMainThreadJobs","10262","public struct EarlyUpdate.ExecuteMainThreadJobs // TypeDefIndex: 10262"
"778556","struct","EarlyUpdate.UpdateAsyncReadbackManager","10268","public struct EarlyUpdate.UpdateAsyncReadbackManager // TypeDefIndex: 10268"
"778566","struct","EarlyUpdate.UpdatePreloading","10270","public struct EarlyUpdate.UpdatePreloading // TypeDefIndex: 10270"
"778571","struct","EarlyUpdate.UpdateContentLoading","10271","public struct EarlyUpdate.UpdateContentLoading // TypeDefIndex: 10271"
"778591","struct","EarlyUpdate.UpdateMainGameViewRect","10275","public struct EarlyUpdate.UpdateMainGameViewRect // TypeDefIndex: 10275"
"778667","struct","EarlyUpdate.TilemapRendererEarlyUpdate","10290","public struct EarlyUpdate.TilemapRendererEarlyUpdate // TypeDefIndex: 10290"
"778825","struct","Update.ScriptRunDelayedTasks","10321","public struct Update.ScriptRunDelayedTasks // TypeDefIndex: 10321"
"779092","struct","PostLateUpdate.ShaderHandleErrors","10374","public struct PostLateUpdate.ShaderHandleErrors // TypeDefIndex: 10374"
"779102","struct","PostLateUpdate.ThreadedLoadingDebug","10376","public struct PostLateUpdate.ThreadedLoadingDebug // TypeDefIndex: 10376"
"779112","struct","PostLateUpdate.MemoryFrameMaintenance","10378","public struct PostLateUpdate.MemoryFrameMaintenance // TypeDefIndex: 10378"
"779132","struct","PostLateUpdate.GraphicsWarmupPreloadedShaders","10382","public struct PostLateUpdate.GraphicsWarmupPreloadedShaders // TypeDefIndex: 10382"
"779169","class","CollectionPool.","10389","private sealed class CollectionPool.<>c<TCollection, TItem> // TypeDefIndex: 10389"
"779438","class","CollectionPool","10390","public class CollectionPool<TCollection, TItem> // TypeDefIndex: 10390"
"780834","class","ShaderRuntimeInfoAnalytic","10432","internal class ShaderRuntimeInfoAnalytic : AnalyticsEventBase // TypeDefIndex: 10432"
"780908","struct","AsyncGPUReadbackRequest","10434","public struct AsyncGPUReadbackRequest // TypeDefIndex: 10434"
"780977","struct","AsyncRequestNativeArrayData","10435","internal struct AsyncRequestNativeArrayData // TypeDefIndex: 10435"
"780996","class","AsyncGPUReadback","10436","public static class AsyncGPUReadback // TypeDefIndex: 10436"
"781107","enum","RenderBufferLoadAction","10443","public enum RenderBufferLoadAction // TypeDefIndex: 10443"
"781129","enum","FastMemoryFlags","10445","public enum FastMemoryFlags // TypeDefIndex: 10445"
"781231","enum","ColorWriteMask","10450","public enum ColorWriteMask // TypeDefIndex: 10450"
"781333","enum","ShadowCastingMode","10455","public enum ShadowCastingMode // TypeDefIndex: 10455"
"781344","enum","LightShadowResolution","10456","public enum LightShadowResolution // TypeDefIndex: 10456"
"781765","enum","ShadowSamplingMode","10468","public enum ShadowSamplingMode // TypeDefIndex: 10468"
"781786","enum","BuiltinShaderDefine","10470","public enum BuiltinShaderDefine // TypeDefIndex: 10470"
"781967","enum","SynchronisationStageFlags","10482","public enum SynchronisationStageFlags // TypeDefIndex: 10482"
"782139","enum","DefaultShaderType","10487","internal enum DefaultShaderType // TypeDefIndex: 10487"
"784649","struct","CameraProperties.","10518","public struct CameraProperties.<m_ShadowCullPlanes>e__FixedBuffer // TypeDefIndex: 10518"
"784847","struct","LightShadowCasterCullingInfo","10524","public struct LightShadowCasterCullingInfo // TypeDefIndex: 10524"
"784856","struct","ShadowCastersCullingInfos","10525","public struct ShadowCastersCullingInfos // TypeDefIndex: 10525"
"785042","struct","DrawingSettings.","10530","public struct DrawingSettings.<shaderPassNames>e__FixedBuffer // TypeDefIndex: 10530"
"785316","class","RenderPipeline.StandardRequest","10539","public class RenderPipeline.StandardRequest // TypeDefIndex: 10539"
"785838","struct","RenderStateBlock","10546","public struct RenderStateBlock : IEquatable<RenderStateBlock> // TypeDefIndex: 10546"
"786038","struct","ScriptableRenderContext.CullShadowCastersContext","10552","private struct ScriptableRenderContext.CullShadowCastersContext // TypeDefIndex: 10552"
"786292","struct","ShaderTagId","10554","public struct ShaderTagId : IEquatable<ShaderTagId> // TypeDefIndex: 10554"
"786330","struct","ShadowDrawingSettings","10555","public struct ShadowDrawingSettings : IEquatable<ShadowDrawingSettings> // TypeDefIndex: 10555"
"786366","struct","ShadowSplitData.","10556","public struct ShadowSplitData.<m_CullingPlanes>e__FixedBuffer // TypeDefIndex: 10556"
"786374","struct","ShadowSplitData","10557","public struct ShadowSplitData : IEquatable<ShadowSplitData> // TypeDefIndex: 10557"
"786667","enum","SupportedRenderingFeatures.LightmapMixedBakeModes","10564","public enum SupportedRenderingFeatures.LightmapMixedBakeModes // TypeDefIndex: 10564"
"787368","struct","MetadataValue","10587","public struct MetadataValue // TypeDefIndex: 10587"
"788123","class","RayTracingShaderHelpURLAttribute","10615","internal class RayTracingShaderHelpURLAttribute : HelpURLAttribute // TypeDefIndex: 10615"
"788139","class","RayTracingShader","10616","public sealed class RayTracingShader : Object // TypeDefIndex: 10616"
"788151","struct","ShaderKeyword","10617","public struct ShaderKeyword // TypeDefIndex: 10617"
"788196","struct","ShaderKeywordSet","10618","public struct ShaderKeywordSet // TypeDefIndex: 10618"
"788235","enum","ShaderPropertyFlags","10619","public enum ShaderPropertyFlags // TypeDefIndex: 10619"
"788565","class","LightmapperUtils","10633","public static class LightmapperUtils // TypeDefIndex: 10633"
"788604","class","Lightmapping.RequestLightsDelegate","10634","public sealed class Lightmapping.RequestLightsDelegate : MulticastDelegate // TypeDefIndex: 10634"
"788618","class","Lightmapping.","10635","private sealed class Lightmapping.<>c // TypeDefIndex: 10635"
"788636","class","Lightmapping","10636","public static class Lightmapping // TypeDefIndex: 10636"
"789823","class","PostProcessData.ShaderResources","10686","public sealed class PostProcessData.ShaderResources : IRenderPipelineResources, IRenderPipelineGraphicsSettings // TypeDefIndex: 10686"
"790836","enum","ShadowQuality","10694","public enum ShadowQuality // TypeDefIndex: 10694"
"790846","enum","SoftShadowQuality","10695","public enum SoftShadowQuality // TypeDefIndex: 10695"
"790858","enum","ShadowResolution","10696","public enum ShadowResolution // TypeDefIndex: 10696"
"790939","enum","PipelineDebugLevel","10703","public enum PipelineDebugLevel // TypeDefIndex: 10703"
"790958","enum","ColorGradingMode","10705","public enum ColorGradingMode // TypeDefIndex: 10705"
"791010","enum","LODCrossFadeDitheringType","10709","public enum LODCrossFadeDitheringType // TypeDefIndex: 10709"
"791936","enum","DebugDisplaySettingsRendering.TaaDebugMode","10746","public enum DebugDisplaySettingsRendering.TaaDebugMode // TypeDefIndex: 10746"
"793431","class","UniversalRenderPipelineVolumeDebugSettings","10781","public class UniversalRenderPipelineVolumeDebugSettings : VolumeDebugSettings<UniversalAdditionalCameraData> // TypeDefIndex: 10781"
"794051","class","DecalShaderPassNames","10798","internal static class DecalShaderPassNames // TypeDefIndex: 10798"
"794394","struct","DecalEntityIndexer.DecalEntityItem","10805","public struct DecalEntityIndexer.DecalEntityItem // TypeDefIndex: 10805"
"794945","class","ScriptableRenderPass","10827","public abstract class ScriptableRenderPass : IRenderGraphRecorder // TypeDefIndex: 10827"
"795279","enum","ShadowCascadesOption","10828","public enum ShadowCascadesOption // TypeDefIndex: 10828"
"795290","enum","ShaderVariantLogLevel","10829","public enum ShaderVariantLogLevel // TypeDefIndex: 10829"
"795302","class","ScriptableRenderer.Profiling.RenderBlock","10830","public static class ScriptableRenderer.Profiling.RenderBlock // TypeDefIndex: 10830"
"795416","class","ScriptableRenderer.RenderPassBlock","10835","private static class ScriptableRenderer.RenderPassBlock // TypeDefIndex: 10835"
"795520","struct","ScriptableRenderer.RenderBlocks.BlockRange","10843","public struct ScriptableRenderer.RenderBlocks.BlockRange : IDisposable // TypeDefIndex: 10843"
"795548","struct","ScriptableRenderer.RenderBlocks","10844","internal struct ScriptableRenderer.RenderBlocks : IDisposable // TypeDefIndex: 10844"
"796103","class","ScriptableRendererData.DebugShaderResources","10847","public sealed class ScriptableRendererData.DebugShaderResources // TypeDefIndex: 10847"
"796283","class","XRSystemData.ShaderResources","10851","public sealed class XRSystemData.ShaderResources // TypeDefIndex: 10851"
"796466","class","UniversalRenderPipelineEditorResources.ShaderResources","10854","public sealed class UniversalRenderPipelineEditorResources.ShaderResources // TypeDefIndex: 10854"
"796534","class","ShaderResources","10857","public sealed class ShaderResources // TypeDefIndex: 10857"
"796730","class","ForwardRendererData.ShaderResources","10861","public sealed class ForwardRendererData.ShaderResources // TypeDefIndex: 10861"
"796929","class","UniversalCameraData","10864","public class UniversalCameraData : ContextItem // TypeDefIndex: 10864"
"797120","class","UniversalLightData","10865","public class UniversalLightData : ContextItem // TypeDefIndex: 10865"
"797144","class","UniversalPostProcessingData","10866","public class UniversalPostProcessingData : ContextItem // TypeDefIndex: 10866"
"797164","class","UniversalRenderingData","10867","public class UniversalRenderingData : ContextItem // TypeDefIndex: 10867"
"797230","class","UniversalResourceDataBase","10869","public abstract class UniversalResourceDataBase : ContextItem // TypeDefIndex: 10869"
"797501","class","UniversalShadowData","10871","public class UniversalShadowData : ContextItem // TypeDefIndex: 10871"
"797537","class","RawColorHistory","10872","public sealed class RawColorHistory : CameraHistoryItem // TypeDefIndex: 10872"
"797582","class","RawDepthHistory","10873","public sealed class RawDepthHistory : CameraHistoryItem // TypeDefIndex: 10873"
"797627","class","SingleHistoryBase","10874","internal abstract class SingleHistoryBase : CameraHistoryItem // TypeDefIndex: 10874"
"797677","class","StpHistory","10875","internal sealed class StpHistory : CameraHistoryItem // TypeDefIndex: 10875"
"797701","class","TaaHistory","10876","public sealed class TaaHistory : CameraHistoryItem // TypeDefIndex: 10876"
"797756","class","LightCookieManager.ShaderProperty","10878","private static class LightCookieManager.ShaderProperty // TypeDefIndex: 10878"
"797779","enum","LightCookieManager.LightCookieShaderFormat","10879","private enum LightCookieManager.LightCookieShaderFormat // TypeDefIndex: 10879"
"797827","class","LightCookieManager.LightCookieMapping.","10882","private sealed class LightCookieManager.LightCookieMapping.<>c // TypeDefIndex: 10882"
"797848","struct","LightCookieManager.LightCookieMapping","10883","private struct LightCookieManager.LightCookieMapping // TypeDefIndex: 10883"
"797980","class","LightCookieManager.WorkMemory","10885","private class LightCookieManager.WorkMemory // TypeDefIndex: 10885"
"797996","class","LightCookieManager.LightCookieShaderData","10886","private class LightCookieManager.LightCookieShaderData : IDisposable // TypeDefIndex: 10886"
"798177","struct","BuddyAllocator.Header","10889","private struct BuddyAllocator.Header // TypeDefIndex: 10889"
"798742","class","ColorAdjustments","10900","public sealed class ColorAdjustments : VolumeComponent, IPostProcessComponent // TypeDefIndex: 10900"
"799176","class","ShadowsMidtonesHighlights","10920","public sealed class ShadowsMidtonesHighlights : VolumeComponent, IPostProcessComponent // TypeDefIndex: 10920"
"799234","enum","TonemappingMode","10922","public enum TonemappingMode // TypeDefIndex: 10922"
"799266","class","Tonemapping","10925","public sealed class Tonemapping : VolumeComponent, IPostProcessComponent // TypeDefIndex: 10925"
"799304","class","TonemappingModeParameter","10926","public sealed class TonemappingModeParameter : VolumeParameter<TonemappingMode> // TypeDefIndex: 10926"
"799390","enum","AdditionalLightsShadowAtlasLayout.ShadowResolutionRequest.SettingsOptions","10931","private enum AdditionalLightsShadowAtlasLayout.ShadowResolutionRequest.SettingsOptions // TypeDefIndex: 10931"
"799401","struct","AdditionalLightsShadowAtlasLayout.ShadowResolutionRequest","10932","internal struct AdditionalLightsShadowAtlasLayout.ShadowResolutionRequest // TypeDefIndex: 10932"
"799434","class","AdditionalLightsShadowAtlasLayout.","10933","private sealed class AdditionalLightsShadowAtlasLayout.<>c // TypeDefIndex: 10933"
"799453","struct","AdditionalLightsShadowAtlasLayout","10934","internal struct AdditionalLightsShadowAtlasLayout // TypeDefIndex: 10934"
"799760","class","HDRDebugViewPass.PassDataDebugView","10947","private class HDRDebugViewPass.PassDataDebugView // TypeDefIndex: 10947"
"799779","class","HDRDebugViewPass.ShaderConstants","10948","internal class HDRDebugViewPass.ShaderConstants // TypeDefIndex: 10948"
"800072","class","PostProcessPass.ShaderConstants","10959","private static class PostProcessPass.ShaderConstants // TypeDefIndex: 10959"
"801094","enum","ScreenSpaceAmbientOcclusionPass.ShaderPasses","10989","private enum ScreenSpaceAmbientOcclusionPass.ShaderPasses // TypeDefIndex: 10989"
"801424","class","PostProcessUtils.ShaderConstants","11001","private static class PostProcessUtils.ShaderConstants // TypeDefIndex: 11001"
"801531","struct","ReflectionProbeManager.CachedProbe.","11005","public struct ReflectionProbeManager.CachedProbe.<levels>e__FixedBuffer // TypeDefIndex: 11005"
"801555","class","ReflectionProbeManager.ShaderProperties","11007","private static class ReflectionProbeManager.ShaderProperties // TypeDefIndex: 11007"
"801733","class","UniversalRenderPipelineDebugShaders","11010","public class UniversalRenderPipelineDebugShaders : IRenderPipelineResources, IRenderPipelineGraphicsSettings // TypeDefIndex: 11010"
"801788","class","UniversalRenderPipelineRuntimeShaders","11011","public class UniversalRenderPipelineRuntimeShaders : IRenderPipelineResources, IRenderPipelineGraphicsSettings // TypeDefIndex: 11011"
"802897","class","ScreenSpaceShadowsSettings","11048","internal class ScreenSpaceShadowsSettings // TypeDefIndex: 11048"
"802906","class","ScreenSpaceShadows.ScreenSpaceShadowsPass.PassData","11049","private class ScreenSpaceShadows.ScreenSpaceShadowsPass.PassData // TypeDefIndex: 11049"
"802922","class","ScreenSpaceShadows.ScreenSpaceShadowsPass.","11050","private sealed class ScreenSpaceShadows.ScreenSpaceShadowsPass.<>c // TypeDefIndex: 11050"
"802941","class","ScreenSpaceShadows.ScreenSpaceShadowsPass","11051","private class ScreenSpaceShadows.ScreenSpaceShadowsPass : ScriptableRenderPass // TypeDefIndex: 11051"
"802980","class","ScreenSpaceShadows.ScreenSpaceShadowsPostPass.PassData","11052","internal class ScreenSpaceShadows.ScreenSpaceShadowsPostPass.PassData // TypeDefIndex: 11052"
"802995","class","ScreenSpaceShadows.ScreenSpaceShadowsPostPass.","11053","private sealed class ScreenSpaceShadows.ScreenSpaceShadowsPostPass.<>c // TypeDefIndex: 11053"
"803014","class","ScreenSpaceShadows.ScreenSpaceShadowsPostPass","11054","private class ScreenSpaceShadows.ScreenSpaceShadowsPostPass : ScriptableRenderPass // TypeDefIndex: 11054"
"803046","class","ScreenSpaceShadows","11055","internal class ScreenSpaceShadows : ScriptableRendererFeature // TypeDefIndex: 11055"
"803466","enum","URPShaderStrippingSetting.Version","11066","internal enum URPShaderStrippingSetting.Version // TypeDefIndex: 11066"
"803478","class","URPShaderStrippingSetting","11067","public class URPShaderStrippingSetting : IRenderPipelineGraphicsSettings // TypeDefIndex: 11067"
"803529","struct","ShaderBitArray","11068","internal struct ShaderBitArray // TypeDefIndex: 11068"
"803574","class","ShaderData","11069","internal class ShaderData : IDisposable // TypeDefIndex: 11069"
"803634","enum","ShaderPathID","11070","public enum ShaderPathID // TypeDefIndex: 11070"
"803655","class","ShaderUtils.","11071","private sealed class ShaderUtils.<>c__DisplayClass2_0 // TypeDefIndex: 11071"
"803670","class","ShaderUtils","11072","public static class ShaderUtils // TypeDefIndex: 11072"
"803697","struct","URPLightShadowCullingInfos","11073","internal struct URPLightShadowCullingInfos // TypeDefIndex: 11073"
"803711","class","ShadowCulling","11074","internal static class ShadowCulling // TypeDefIndex: 11074"
"803732","struct","ShadowSliceData","11075","public struct ShadowSliceData // TypeDefIndex: 11075"
"803750","class","ShadowUtils","11076","public static class ShadowUtils // TypeDefIndex: 11076"
"803957","class","TemporalAA.ShaderConstants","11081","internal static class TemporalAA.ShaderConstants // TypeDefIndex: 11081"
"803974","class","TemporalAA.ShaderKeywords","11082","internal static class TemporalAA.ShaderKeywords // TypeDefIndex: 11082"
"804562","class","UniversalAdditionalCameraData.","11105","private sealed class UniversalAdditionalCameraData.<>c // TypeDefIndex: 11105"
"804584","class","UniversalAdditionalCameraData","11106","public class UniversalAdditionalCameraData : MonoBehaviour, ISerializationCallbackReceiver, IAdditionalData // TypeDefIndex: 11106"
"804911","class","UniversalAdditionalLightData","11109","public class UniversalAdditionalLightData : MonoBehaviour, ISerializationCallbackReceiver, IAdditionalData // TypeDefIndex: 11109"
"805069","struct","UniversalCameraHistory.Item","11111","private struct UniversalCameraHistory.Item // TypeDefIndex: 11111"
"805083","class","UniversalCameraHistory","11112","public class UniversalCameraHistory : ICameraHistoryReadAccess, ICameraHistoryWriteAccess, IPerFrameHistoryAccessTracker, IDisposable // TypeDefIndex: 11112"
"805167","class","UniversalRenderPipeline.CameraMetadataCache.CameraMetadataCacheEntry","11113","public class UniversalRenderPipeline.CameraMetadataCache.CameraMetadataCacheEntry // TypeDefIndex: 11113"
"805180","class","UniversalRenderPipeline.CameraMetadataCache","11114","internal static class UniversalRenderPipeline.CameraMetadataCache // TypeDefIndex: 11114"
"805294","class","UniversalRenderPipeline.SingleCameraRequest","11121","public class UniversalRenderPipeline.SingleCameraRequest // TypeDefIndex: 11121"
"805819","struct","CameraData","11130","public struct CameraData // TypeDefIndex: 11130"
"806108","struct","ShadowData","11131","public struct ShadowData // TypeDefIndex: 11131"
"806248","class","ShaderPropertyId","11135","internal static class ShaderPropertyId // TypeDefIndex: 11135"
"806354","class","ShaderGlobalKeywords","11137","internal static class ShaderGlobalKeywords // TypeDefIndex: 11137"
"806442","class","ShaderKeywordStrings","11138","public static class ShaderKeywordStrings // TypeDefIndex: 11138"
"807622","class","DeferredLights.ShaderConstants","11169","internal static class DeferredLights.ShaderConstants // TypeDefIndex: 11169"
"808156","class","AdditionalLightsShadowCasterPass.AdditionalShadowsConstantBuffer","11175","private static class AdditionalLightsShadowCasterPass.AdditionalShadowsConstantBuffer // TypeDefIndex: 11175"
"808176","class","AdditionalLightsShadowCasterPass.PassData","11176","private class AdditionalLightsShadowCasterPass.PassData // TypeDefIndex: 11176"
"808202","class","AdditionalLightsShadowCasterPass.","11177","private sealed class AdditionalLightsShadowCasterPass.<>c // TypeDefIndex: 11177"
"808221","class","AdditionalLightsShadowCasterPass","11178","public class AdditionalLightsShadowCasterPass : ScriptableRenderPass // TypeDefIndex: 11178"
"808534","class","ColorGradingLutPass.PassData","11185","private class ColorGradingLutPass.PassData // TypeDefIndex: 11185"
"808551","class","ColorGradingLutPass.ShaderConstants","11186","private static class ColorGradingLutPass.ShaderConstants // TypeDefIndex: 11186"
"808588","class","ColorGradingLutPass.","11187","private sealed class ColorGradingLutPass.<>c // TypeDefIndex: 11187"
"808607","class","ColorGradingLutPass","11188","public class ColorGradingLutPass : ScriptableRenderPass // TypeDefIndex: 11188"
"808760","class","CopyDepthPass.ShaderConstants","11192","private static class CopyDepthPass.ShaderConstants // TypeDefIndex: 11192"
"809593","class","MainLightShadowCasterPass.MainLightShadowConstantBuffer","11220","private static class MainLightShadowCasterPass.MainLightShadowConstantBuffer // TypeDefIndex: 11220"
"809615","class","MainLightShadowCasterPass.PassData","11221","private class MainLightShadowCasterPass.PassData // TypeDefIndex: 11221"
"809638","class","MainLightShadowCasterPass.","11222","private sealed class MainLightShadowCasterPass.<>c // TypeDefIndex: 11222"
"809657","class","MainLightShadowCasterPass","11223","public class MainLightShadowCasterPass : ScriptableRenderPass // TypeDefIndex: 11223"
"810716","class","ReadOnlyException","11253","public class ReadOnlyException : DataException // TypeDefIndex: 11253"
"816676","enum","MappingType","11345","public enum MappingType // TypeDefIndex: 11345"
"816687","class","MergeFailedEventArgs","11346","public class MergeFailedEventArgs : EventArgs // TypeDefIndex: 11346"
"816709","class","MergeFailedEventHandler","11347","public sealed class MergeFailedEventHandler : MulticastDelegate // TypeDefIndex: 11347"
"816721","class","Merger","11348","internal sealed class Merger // TypeDefIndex: 11348"
"818921","class","XMLDiffLoader","11378","internal sealed class XMLDiffLoader // TypeDefIndex: 11378"
"819214","class","XmlIgnoreNamespaceReader","11383","internal sealed class XmlIgnoreNamespaceReader : XmlNodeReader // TypeDefIndex: 11383"
"819232","class","XmlDataLoader","11384","internal sealed class XmlDataLoader // TypeDefIndex: 11384"
"819352","enum","XmlReadMode","11385","public enum XmlReadMode // TypeDefIndex: 11385"
"819366","class","XmlToDatasetMap.XmlNodeIdentety","11386","private sealed class XmlToDatasetMap.XmlNodeIdentety // TypeDefIndex: 11386"
"819386","class","XmlToDatasetMap.XmlNodeIdHashtable","11387","internal sealed class XmlToDatasetMap.XmlNodeIdHashtable : Hashtable // TypeDefIndex: 11387"
"819416","class","XmlToDatasetMap.TableSchemaInfo","11388","private sealed class XmlToDatasetMap.TableSchemaInfo // TypeDefIndex: 11388"
"819429","class","XmlToDatasetMap","11389","internal sealed class XmlToDatasetMap // TypeDefIndex: 11389"
"819496","enum","XmlWriteMode","11390","public enum XmlWriteMode // TypeDefIndex: 11390"
"819890","class","DataTextReader","11396","internal sealed class DataTextReader : XmlReader // TypeDefIndex: 11396"
"822255","class","ADP","11426","internal static class ADP // TypeDefIndex: 11426"
"824769","struct","MarkPositionAdjustment","11481","public struct MarkPositionAdjustment // TypeDefIndex: 11481"
"824801","struct","MarkToBaseAdjustmentRecord","11482","public struct MarkToBaseAdjustmentRecord // TypeDefIndex: 11482"
"824848","struct","MarkToMarkAdjustmentRecord","11483","public struct MarkToMarkAdjustmentRecord // TypeDefIndex: 11483"
"825377","class","TMP_ColorGradient","11499","public class TMP_ColorGradient : ScriptableObject // TypeDefIndex: 11499"
"827423","struct","TMP_GlyphAdjustmentRecord","11543","public struct TMP_GlyphAdjustmentRecord // TypeDefIndex: 11543"
"827458","class","TMP_GlyphPairAdjustmentRecord","11544","public class TMP_GlyphPairAdjustmentRecord // TypeDefIndex: 11544"
"827630","class","TMP_InputField.TouchScreenKeyboardEvent","11555","public class TMP_InputField.TouchScreenKeyboardEvent : UnityEvent<TouchScreenKeyboard.Status> // TypeDefIndex: 11555"
"829021","enum","VertexSortingOrder","11572","public enum VertexSortingOrder // TypeDefIndex: 11572"
"829794","class","ShaderUtilities","11585","public static class ShaderUtilities // TypeDefIndex: 11585"
"830781","enum","TextureMappingOptions","11607","public enum TextureMappingOptions // TypeDefIndex: 11607"
"833848","struct","VertexGradient","11642","public struct VertexGradient // TypeDefIndex: 11642"
"845857","interface","IOrderedEnumerable","11727","public interface IOrderedEnumerable<TElement> : IEnumerable<TElement>, IEnumerable // TypeDefIndex: 11727"
"847004","class","OrderedEnumerable.","11737","private sealed class OrderedEnumerable.<GetEnumerator>d__1<TElement> : IEnumerator<TElement>, IDisposable, IEnumerator // TypeDefIndex: 11737"
"847255","class","OrderedEnumerable","11738","internal abstract class OrderedEnumerable<TElement> : IOrderedEnumerable<TElement>, IEnumerable<TElement>, IEnumerable // TypeDefIndex: 11738"
"847413","class","OrderedEnumerable","11739","internal class OrderedEnumerable<TElement, TKey> : OrderedEnumerable<TElement> // TypeDefIndex: 11739"
"848233","class","Expression.BlockExpressionProxy","11752","internal class Expression.BlockExpressionProxy // TypeDefIndex: 11752"
"848237","class","Expression.CatchBlockProxy","11753","internal class Expression.CatchBlockProxy // TypeDefIndex: 11753"
"849035","class","BlockExpression","11779","public class BlockExpression : Expression // TypeDefIndex: 11779"
"849088","class","Block2","11780","internal sealed class Block2 : BlockExpression // TypeDefIndex: 11780"
"849116","class","Block3","11781","internal sealed class Block3 : BlockExpression // TypeDefIndex: 11781"
"849145","class","Block4","11782","internal sealed class Block4 : BlockExpression // TypeDefIndex: 11782"
"849175","class","Block5","11783","internal sealed class Block5 : BlockExpression // TypeDefIndex: 11783"
"849206","class","BlockN","11784","internal class BlockN : BlockExpression // TypeDefIndex: 11784"
"849233","class","ScopeExpression","11785","internal class ScopeExpression : BlockExpression // TypeDefIndex: 11785"
"849342","class","BlockExpressionList.","11789","private sealed class BlockExpressionList.<GetEnumerator>d__18 : IEnumerator<Expression>, IDisposable, IEnumerator // TypeDefIndex: 11789"
"849382","class","BlockExpressionList","11790","internal class BlockExpressionList : IList<Expression>, ICollection<Expression>, IEnumerable<Expression>, IEnumerable // TypeDefIndex: 11790"
"849451","class","CatchBlock","11791","public sealed class CatchBlock // TypeDefIndex: 11791"
"853152","class","AddInstruction.AddInt16","11875","private sealed class AddInstruction.AddInt16 : AddInstruction // TypeDefIndex: 11875"
"853164","class","AddInstruction.AddInt32","11876","private sealed class AddInstruction.AddInt32 : AddInstruction // TypeDefIndex: 11876"
"853176","class","AddInstruction.AddInt64","11877","private sealed class AddInstruction.AddInt64 : AddInstruction // TypeDefIndex: 11877"
"853188","class","AddInstruction.AddUInt16","11878","private sealed class AddInstruction.AddUInt16 : AddInstruction // TypeDefIndex: 11878"
"853200","class","AddInstruction.AddUInt32","11879","private sealed class AddInstruction.AddUInt32 : AddInstruction // TypeDefIndex: 11879"
"853212","class","AddInstruction.AddUInt64","11880","private sealed class AddInstruction.AddUInt64 : AddInstruction // TypeDefIndex: 11880"
"853224","class","AddInstruction.AddSingle","11881","private sealed class AddInstruction.AddSingle : AddInstruction // TypeDefIndex: 11881"
"853236","class","AddInstruction.AddDouble","11882","private sealed class AddInstruction.AddDouble : AddInstruction // TypeDefIndex: 11882"
"853248","class","AddInstruction","11883","internal abstract class AddInstruction : Instruction // TypeDefIndex: 11883"
"853284","class","AddOvfInstruction.AddOvfInt16","11884","private sealed class AddOvfInstruction.AddOvfInt16 : AddOvfInstruction // TypeDefIndex: 11884"
"853296","class","AddOvfInstruction.AddOvfInt32","11885","private sealed class AddOvfInstruction.AddOvfInt32 : AddOvfInstruction // TypeDefIndex: 11885"
"853308","class","AddOvfInstruction.AddOvfInt64","11886","private sealed class AddOvfInstruction.AddOvfInt64 : AddOvfInstruction // TypeDefIndex: 11886"
"853320","class","AddOvfInstruction.AddOvfUInt16","11887","private sealed class AddOvfInstruction.AddOvfUInt16 : AddOvfInstruction // TypeDefIndex: 11887"
"853332","class","AddOvfInstruction.AddOvfUInt32","11888","private sealed class AddOvfInstruction.AddOvfUInt32 : AddOvfInstruction // TypeDefIndex: 11888"
"853344","class","AddOvfInstruction.AddOvfUInt64","11889","private sealed class AddOvfInstruction.AddOvfUInt64 : AddOvfInstruction // TypeDefIndex: 11889"
"853356","class","AddOvfInstruction","11890","internal abstract class AddOvfInstruction : Instruction // TypeDefIndex: 11890"
"853624","class","GetArrayItemInstruction","11904","internal sealed class GetArrayItemInstruction : Instruction // TypeDefIndex: 11904"
"853656","class","SetArrayItemInstruction","11905","internal sealed class SetArrayItemInstruction : Instruction // TypeDefIndex: 11905"
"855375","class","LoadStaticFieldInstruction","11989","internal sealed class LoadStaticFieldInstruction : FieldInstruction // TypeDefIndex: 11989"
"855397","class","LoadFieldInstruction","11990","internal sealed class LoadFieldInstruction : FieldInstruction // TypeDefIndex: 11990"
"858612","class","LoadLocalInstruction","12095","internal sealed class LoadLocalInstruction : LocalAccessInstruction, IBoxableInstruction // TypeDefIndex: 12095"
"858637","class","LoadLocalBoxedInstruction","12096","internal sealed class LoadLocalBoxedInstruction : LocalAccessInstruction // TypeDefIndex: 12096"
"858659","class","LoadLocalFromClosureInstruction","12097","internal sealed class LoadLocalFromClosureInstruction : LocalAccessInstruction // TypeDefIndex: 12097"
"858681","class","LoadLocalFromClosureBoxedInstruction","12098","internal sealed class LoadLocalFromClosureBoxedInstruction : LocalAccessInstruction // TypeDefIndex: 12098"
"860699","class","LoadObjectInstruction","12216","internal sealed class LoadObjectInstruction : Instruction // TypeDefIndex: 12216"
"860727","class","LoadCachedObjectInstruction","12217","internal sealed class LoadCachedObjectInstruction : Instruction // TypeDefIndex: 12217"
"862279","class","ReadOnlyCollectionBuilder.Enumerator","12271","private class ReadOnlyCollectionBuilder.Enumerator<T> : IEnumerator<T>, IDisposable, IEnumerator // TypeDefIndex: 12271"
"862363","class","ReadOnlyCollectionBuilder","12272","public sealed class ReadOnlyCollectionBuilder<T> : IList<T>, ICollection<T>, IEnumerable<T>, IEnumerable, IList, ICollection // TypeDefIndex: 12272"
"862811","class","TrueReadOnlyCollection","12274","internal sealed class TrueReadOnlyCollection<T> : ReadOnlyCollection<T> // TypeDefIndex: 12274"
"862967","class","BindingRestrictions.MergedRestriction","12280","private sealed class BindingRestrictions.MergedRestriction : BindingRestrictions // TypeDefIndex: 12280"
"864265","class","EmptyReadOnlyCollection","12317","internal static class EmptyReadOnlyCollection<T> // TypeDefIndex: 12317"
"864880","class","HashSet","12328","public class HashSet<T> : ICollection<T>, IEnumerable<T>, IEnumerable, ISet<T>, IReadOnlyCollection<T>, ISerializable, IDeserializationCallback // TypeDefIndex: 12328"
"866233","class","ReaderWriterCount","12331","internal class ReaderWriterCount // TypeDefIndex: 12331"
"866249","struct","ReaderWriterLockSlim.TimeoutTracker","12332","private struct ReaderWriterLockSlim.TimeoutTracker // TypeDefIndex: 12332"
"866272","class","ReaderWriterLockSlim","12333","public class ReaderWriterLockSlim : IDisposable // TypeDefIndex: 12333"
"866444","class","TaskExtensions","12334","public static class TaskExtensions // TypeDefIndex: 12334"
"866509","class","IsReadOnlyAttribute","12341","internal sealed class IsReadOnlyAttribute : Attribute // TypeDefIndex: 12341"
"867249","class","JsonReader","12375","public abstract class JsonReader : IDisposable // TypeDefIndex: 12375"
"867503","class","JsonReaderException","12376","public class JsonReaderException : JsonException // TypeDefIndex: 12376"
"868010","class","JsonTextReader","12381","public class JsonTextReader : JsonReader, IJsonLineInfo // TypeDefIndex: 12381"
"868281","enum","ReadType","12382","internal enum ReadType // TypeDefIndex: 12382"
"868994","enum","MetadataPropertyHandling","12389","public enum MetadataPropertyHandling // TypeDefIndex: 12389"
"870637","class","DynamicProxyMetaObject.GetBinderAdapter","12422","private sealed class DynamicProxyMetaObject.GetBinderAdapter<T> : GetMemberBinder // TypeDefIndex: 12422"
"873387","class","ThreadSafeStore","12488","internal class ThreadSafeStore<TKey, TValue> // TypeDefIndex: 12488"
"875606","enum","JsonSerializerInternalReader.PropertyPresence","12537","internal enum JsonSerializerInternalReader.PropertyPresence // TypeDefIndex: 12537"
"875618","class","JsonSerializerInternalReader.CreatorPropertyContext","12538","internal class JsonSerializerInternalReader.CreatorPropertyContext // TypeDefIndex: 12538"
"875639","class","JsonSerializerInternalReader.","12539","private sealed class JsonSerializerInternalReader.<>c // TypeDefIndex: 12539"
"875680","class","JsonSerializerInternalReader.","12540","private sealed class JsonSerializerInternalReader.<>c__DisplayClass38_0 // TypeDefIndex: 12540"
"875699","class","JsonSerializerInternalReader","12541","internal class JsonSerializerInternalReader : JsonSerializerInternalBase // TypeDefIndex: 12541"
"876491","class","TraceJsonReader","12555","internal class TraceJsonReader : JsonReader, IJsonLineInfo // TypeDefIndex: 12555"
"877848","class","JsonLoadSettings","12574","public class JsonLoadSettings // TypeDefIndex: 12574"
"878240","class","JTokenReader","12577","public class JTokenReader : JsonReader, IJsonLineInfo // TypeDefIndex: 12577"
"880618","class","AddressablesInterface","12647","internal class AddressablesInterface // TypeDefIndex: 12647"
"882596","interface","IPreloadRequired","12691","public interface IPreloadRequired // TypeDefIndex: 12691"
"882717","class","AddressHelper","12696","internal class AddressHelper // TypeDefIndex: 12696"
"882748","class","AssetAddress","12697","internal static class AssetAddress // TypeDefIndex: 12697"
"883035","class","AssetTable","12705","public class AssetTable : DetailedLocalizationTable<AssetTableEntry>, IPreloadRequired // TypeDefIndex: 12705"
"883088","class","TableEntry","12706","public class TableEntry : IMetadataCollection // TypeDefIndex: 12706"
"883590","class","DistributedUIDGenerator","12710","public class DistributedUIDGenerator : IKeyGenerator // TypeDefIndex: 12710"
"883643","interface","IKeyGenerator","12711","public interface IKeyGenerator // TypeDefIndex: 12711"
"883652","class","SequentialIDGenerator","12712","public class SequentialIDGenerator : IKeyGenerator // TypeDefIndex: 12712"
"883677","class","LocalizationTable","12713","public abstract class LocalizationTable : ScriptableObject, IMetadataCollection, IComparable<LocalizationTable> // TypeDefIndex: 12713"
"884466","class","LocalizedDatabase","12731","public abstract class LocalizedDatabase<TTable, TEntry> : IPreloadRequired, IReset, IDisposable // TypeDefIndex: 12731"
"884982","class","LocalesProvider","12738","public class LocalesProvider : ILocalesProvider, IPreloadRequired, IReset, IDisposable // TypeDefIndex: 12738"
"885299","enum","PreloadBehavior","12741","public enum PreloadBehavior // TypeDefIndex: 12741"
"885527","class","ReadOnlyMessageFragment.","12750","private sealed class ReadOnlyMessageFragment.<>c // TypeDefIndex: 12750"
"885546","class","ReadOnlyMessageFragment","12751","public class ReadOnlyMessageFragment : MessageFragment // TypeDefIndex: 12751"
"886395","class","FormatItemPool.","12776","private sealed class FormatItemPool.<>c // TypeDefIndex: 12776"
"886434","class","FormatItemPool","12777","internal static class FormatItemPool // TypeDefIndex: 12777"
"887269","class","TupleExtensions.","12803","private sealed class TupleExtensions.<GetValueTupleItemObjectsFlattened>d__6 : IEnumerable<object>, IEnumerable, IEnumerator<object>, IEnumerator, IDisposable // TypeDefIndex: 12803"
"888401","class","Format","12847","public class Format : FormatItem // TypeDefIndex: 12847"
"888470","class","FormatItem.PartialCharEnumerator.","12848","private sealed class FormatItem.PartialCharEnumerator.<GetEnumerator>d__4 : IEnumerator<char>, IEnumerator, IDisposable // TypeDefIndex: 12848"
"888509","struct","FormatItem.PartialCharEnumerator","12849","private struct FormatItem.PartialCharEnumerator : IEnumerable<char>, IEnumerable // TypeDefIndex: 12849"
"888530","class","FormatItem","12850","public abstract class FormatItem // TypeDefIndex: 12850"
"888581","class","LiteralText","12851","public class LiteralText : FormatItem // TypeDefIndex: 12851"
"888893","class","Placeholder","12862","public class Placeholder : FormatItem // TypeDefIndex: 12862"
"888974","class","Selector","12863","public class Selector : FormatItem // TypeDefIndex: 12863"
"889078","class","DataNotReadyException","12867","internal class DataNotReadyException : Exception // TypeDefIndex: 12867"
"890697","interface","IMetadataVariable","12908","public interface IMetadataVariable : IVariable // TypeDefIndex: 12908"
"890953","class","AppInfo","12916","public class AppInfo : IMetadata // TypeDefIndex: 12916"
"891037","class","AppInfo","12917","public class AppInfo : IMetadata // TypeDefIndex: 12917"
"891062","class","AdaptiveIcon","12918","public class AdaptiveIcon // TypeDefIndex: 12918"
"891096","class","AdaptiveIconsInfo","12919","public class AdaptiveIconsInfo : IMetadata // TypeDefIndex: 12919"
"891170","class","RoundIconsInfo","12920","public class RoundIconsInfo : IMetadata // TypeDefIndex: 12920"
"891244","class","LegacyIconsInfo","12921","public class LegacyIconsInfo : IMetadata // TypeDefIndex: 12921"
"891524","class","InitializationOperation.UnloadBundlesOperation","12926","private class InitializationOperation.UnloadBundlesOperation : AsyncOperationBase<object> // TypeDefIndex: 12926"
"891649","class","LoadAllTablesOperation.","12929","private sealed class LoadAllTablesOperation.<>c<TTable, TEntry> // TypeDefIndex: 12929"
"891682","class","LoadAllTablesOperation","12930","internal class LoadAllTablesOperation<TTable, TEntry> : WaitForCurrentOperationAsyncOperationBase<IList<TTable>> // TypeDefIndex: 12930"
"891745","class","LoadAssetOperation.","12931","private sealed class LoadAssetOperation.<>c<TObject> // TypeDefIndex: 12931"
"891778","class","LoadAssetOperation","12932","internal class LoadAssetOperation<TObject> : WaitForCurrentOperationAsyncOperationBase<TObject> // TypeDefIndex: 12932"
"891849","class","LoadSubAssetOperation.","12933","private sealed class LoadSubAssetOperation.<>c<TObject> // TypeDefIndex: 12933"
"891882","class","LoadSubAssetOperation","12934","internal class LoadSubAssetOperation<TObject> : WaitForCurrentOperationAsyncOperationBase<TObject> // TypeDefIndex: 12934"
"891947","class","LoadTableOperation.","12935","private sealed class LoadTableOperation.<>c<TTable, TEntry> // TypeDefIndex: 12935"
"891980","class","LoadTableOperation","12936","internal class LoadTableOperation<TTable, TEntry> : WaitForCurrentOperationAsyncOperationBase<TTable> // TypeDefIndex: 12936"
"892168","class","PreloadDatabaseOperation.","12939","private sealed class PreloadDatabaseOperation.<>c<TTable, TEntry> // TypeDefIndex: 12939"
"892201","class","PreloadDatabaseOperation","12940","internal class PreloadDatabaseOperation<TTable, TEntry> : WaitForCurrentOperationAsyncOperationBase<LocalizedDatabase<TTable, TEntry>> // TypeDefIndex: 12940"
"892315","class","PreloadLocaleOperation.","12941","private sealed class PreloadLocaleOperation.<>c<TTable, TEntry> // TypeDefIndex: 12941"
"892348","class","PreloadLocaleOperation","12942","internal class PreloadLocaleOperation<TTable, TEntry> : WaitForCurrentOperationAsyncOperationBase<LocalizedDatabase<TTable, TEntry>> // TypeDefIndex: 12942"
"892480","class","PreloadTablesOperation.","12943","private sealed class PreloadTablesOperation.<>c<TTable, TEntry> // TypeDefIndex: 12943"
"892513","class","PreloadTablesOperation","12944","internal class PreloadTablesOperation<TTable, TEntry> : WaitForCurrentOperationAsyncOperationBase<LocalizedDatabase<TTable, TEntry>> // TypeDefIndex: 12944"
"893036","enum","MetadataType","12959","public enum MetadataType // TypeDefIndex: 12959"
"893057","class","MetadataTypeAttribute","12960","internal class MetadataTypeAttribute : PropertyAttribute // TypeDefIndex: 12960"
"893082","class","MetadataAttribute","12961","public class MetadataAttribute : Attribute // TypeDefIndex: 12961"
"893129","class","AssetTypeMetadata","12962","internal class AssetTypeMetadata : SharedTableCollectionMetadata // TypeDefIndex: 12962"
"893164","class","Comment","12963","public class Comment : IMetadata // TypeDefIndex: 12963"
"893192","class","ExcludeEntryFromExport","12964","public class ExcludeEntryFromExport : IMetadata // TypeDefIndex: 12964"
"893203","class","FallbackLocale","12965","public class FallbackLocale : IMetadata // TypeDefIndex: 12965"
"893231","interface","IMetadata","12966","public interface IMetadata // TypeDefIndex: 12966"
"893236","interface","ISharedMetadata","12967","public interface ISharedMetadata : IMetadata // TypeDefIndex: 12967"
"893251","interface","IMetadataCollection","12968","public interface IMetadataCollection // TypeDefIndex: 12968"
"893297","class","MetadataCollection","12969","public class MetadataCollection : IMetadataCollection // TypeDefIndex: 12969"
"893375","interface","IEntryOverride","12971","public interface IEntryOverride : IMetadata // TypeDefIndex: 12971"
"893405","class","PlatformOverride","12973","public class PlatformOverride : IEntryOverride, IMetadata, ISerializationCallbackReceiver // TypeDefIndex: 12973"
"893443","enum","PreloadAssetTableMetadata.PreloadBehaviour","12974","public enum PreloadAssetTableMetadata.PreloadBehaviour // TypeDefIndex: 12974"
"893454","class","PreloadAssetTableMetadata","12975","public class PreloadAssetTableMetadata : IMetadata // TypeDefIndex: 12975"
"893477","class","SharedTableCollectionMetadata.Item","12976","private class SharedTableCollectionMetadata.Item // TypeDefIndex: 12976"
"893509","class","SharedTableCollectionMetadata","12977","public abstract class SharedTableCollectionMetadata : IMetadata, ISerializationCallbackReceiver // TypeDefIndex: 12977"
"893559","struct","SharedTableEntryMetadata.Entry","12978","private struct SharedTableEntryMetadata.Entry // TypeDefIndex: 12978"
"893566","class","SharedTableEntryMetadata","12979","public abstract class SharedTableEntryMetadata : IMetadata, ISerializationCallbackReceiver // TypeDefIndex: 12979"
"893605","class","SmartFormatTag","12980","public class SmartFormatTag : SharedTableEntryMetadata // TypeDefIndex: 12980"
"897600","enum","ColorGradientMode","13085","public enum ColorGradientMode // TypeDefIndex: 13085"
"897614","class","TextColorGradient","13086","public class TextColorGradient : ScriptableObject // TypeDefIndex: 13086"
"897642","struct","TextSettings.FontReferenceMap","13087","internal struct TextSettings.FontReferenceMap // TypeDefIndex: 13087"
"898202","class","TextGenerator.MissingCharacterEventCallback","13098","public sealed class TextGenerator.MissingCharacterEventCallback : MulticastDelegate // TypeDefIndex: 13098"
"898214","struct","TextGenerator.SpecialCharacter","13099","protected struct TextGenerator.SpecialCharacter // TypeDefIndex: 13099"
"898230","class","TextGenerator","13100","internal class TextGenerator // TypeDefIndex: 13100"
"898999","class","TextGeneratorUtilities","13115","internal static class TextGeneratorUtilities // TypeDefIndex: 13115"
"900597","class","TextShaderUtilities","13134","public static class TextShaderUtilities // TypeDefIndex: 13134"
"901093","struct","ColorBlock","13150","public struct ColorBlock : IEquatable<ColorBlock> // TypeDefIndex: 13150"
"902200","enum","GraphicRaycaster.BlockingObjects","13170","public enum GraphicRaycaster.BlockingObjects // TypeDefIndex: 13170"
"907257","class","Outline","13273","public class Outline : Shadow // TypeDefIndex: 13273"
"907283","class","Shadow","13275","public class Shadow : BaseMeshEffect // TypeDefIndex: 13275"
"910526","class","ShadowShapeProvider2DUtility","13346","internal static class ShadowShapeProvider2DUtility // TypeDefIndex: 13346"
"911690","enum","Light2D.NormalMapQuality","13385","public enum Light2D.NormalMapQuality // TypeDefIndex: 13385"
"914158","class","DrawShadow2DPass.PassData","13442","internal class DrawShadow2DPass.PassData // TypeDefIndex: 13442"
"914175","class","DrawShadow2DPass.","13443","private sealed class DrawShadow2DPass.<>c // TypeDefIndex: 13443"
"914194","class","DrawShadow2DPass","13444","internal class DrawShadow2DPass : ScriptableRenderPass // TypeDefIndex: 13444"
"914346","class","CompositeShadowCaster2D","13451","public class CompositeShadowCaster2D : ShadowCasterGroup2D // TypeDefIndex: 13451"
"914361","enum","ShadowCaster2D.ComponentVersions","13452","internal enum ShadowCaster2D.ComponentVersions // TypeDefIndex: 13452"
"914374","enum","ShadowCaster2D.ShadowCastingSources","13453","internal enum ShadowCaster2D.ShadowCastingSources // TypeDefIndex: 13453"
"914384","enum","ShadowCaster2D.ShadowCastingOptions","13454","public enum ShadowCaster2D.ShadowCastingOptions // TypeDefIndex: 13454"
"914395","enum","ShadowCaster2D.EdgeProcessing","13455","internal enum ShadowCaster2D.EdgeProcessing // TypeDefIndex: 13455"
"914408","class","ShadowCaster2D","13456","public class ShadowCaster2D : ShadowCasterGroup2D, ISerializationCallbackReceiver // TypeDefIndex: 13456"
"914602","class","ShadowCasterGroup2D","13457","public abstract class ShadowCasterGroup2D : MonoBehaviour // TypeDefIndex: 13457"
"914633","class","ShadowCasterGroup2DManager","13458","internal class ShadowCasterGroup2DManager // TypeDefIndex: 13458"
"914678","class","EdgeDictionary.EdgeComparer","13459","private class EdgeDictionary.EdgeComparer : IEqualityComparer<ShadowEdge> // TypeDefIndex: 13459"
"914717","struct","ShadowShape2DProvider_Collider2D.MinMaxBounds","13462","private struct ShadowShape2DProvider_Collider2D.MinMaxBounds // TypeDefIndex: 13462"
"914734","class","ShadowShape2DProvider_Collider2D","13463","internal class ShadowShape2DProvider_Collider2D : ShadowShape2DProvider // TypeDefIndex: 13463"
"914776","class","ShadowShape2DProvider_SpriteRenderer","13464","internal class ShadowShape2DProvider_SpriteRenderer : ShadowShape2DProvider // TypeDefIndex: 13464"
"914821","struct","ShadowEdge","13465","internal struct ShadowEdge // TypeDefIndex: 13465"
"914837","enum","ShadowMesh2D.EdgeProcessing","13466","public enum ShadowMesh2D.EdgeProcessing // TypeDefIndex: 13466"
"914847","class","ShadowMesh2D","13467","internal class ShadowMesh2D : ShadowShape2D // TypeDefIndex: 13467"
"914941","enum","ShadowShape2D.OutlineTopology","13468","public enum ShadowShape2D.OutlineTopology // TypeDefIndex: 13468"
"914950","enum","ShadowShape2D.WindingOrder","13469","public enum ShadowShape2D.WindingOrder // TypeDefIndex: 13469"
"914959","class","ShadowShape2D","13470","public abstract class ShadowShape2D // TypeDefIndex: 13470"
"914983","class","ShadowShape2DProvider","13471","public abstract class ShadowShape2DProvider // TypeDefIndex: 13471"
"915013","enum","ShadowUtility.ProjectionType","13472","public enum ShadowUtility.ProjectionType // TypeDefIndex: 13472"
"915024","struct","ShadowUtility.ShadowMeshVertex","13473","internal struct ShadowUtility.ShadowMeshVertex // TypeDefIndex: 13473"
"915037","struct","ShadowUtility.RemappingInfo","13474","internal struct ShadowUtility.RemappingInfo // TypeDefIndex: 13474"
"915053","class","ShadowUtility.CalculateProjectionInfo_000002F9$PostfixBurstDelegate","13475","internal sealed class ShadowUtility.CalculateProjectionInfo_000002F9$PostfixBurstDelegate : MulticastDelegate // TypeDefIndex: 13475"
"915071","class","ShadowUtility.CalculateProjectionInfo_000002F9$BurstDirectCall","13476","internal static class ShadowUtility.CalculateProjectionInfo_000002F9$BurstDirectCall // TypeDefIndex: 13476"
"915091","class","ShadowUtility.CalculateVertices_000002FA$PostfixBurstDelegate","13477","internal sealed class ShadowUtility.CalculateVertices_000002FA$PostfixBurstDelegate : MulticastDelegate // TypeDefIndex: 13477"
"915109","class","ShadowUtility.CalculateVertices_000002FA$BurstDirectCall","13478","internal static class ShadowUtility.CalculateVertices_000002FA$BurstDirectCall // TypeDefIndex: 13478"
"915129","class","ShadowUtility.CalculateTriangles_000002FB$PostfixBurstDelegate","13479","internal sealed class ShadowUtility.CalculateTriangles_000002FB$PostfixBurstDelegate : MulticastDelegate // TypeDefIndex: 13479"
"915147","class","ShadowUtility.CalculateTriangles_000002FB$BurstDirectCall","13480","internal static class ShadowUtility.CalculateTriangles_000002FB$BurstDirectCall // TypeDefIndex: 13480"
"915167","class","ShadowUtility.CalculateLocalBounds_000002FC$PostfixBurstDelegate","13481","internal sealed class ShadowUtility.CalculateLocalBounds_000002FC$PostfixBurstDelegate : MulticastDelegate // TypeDefIndex: 13481"
"915185","class","ShadowUtility.CalculateLocalBounds_000002FC$BurstDirectCall","13482","internal static class ShadowUtility.CalculateLocalBounds_000002FC$BurstDirectCall // TypeDefIndex: 13482"
"915205","class","ShadowUtility.GenerateInteriorMesh_000002FD$PostfixBurstDelegate","13483","internal sealed class ShadowUtility.GenerateInteriorMesh_000002FD$PostfixBurstDelegate : MulticastDelegate // TypeDefIndex: 13483"
"915223","class","ShadowUtility.GenerateInteriorMesh_000002FD$BurstDirectCall","13484","internal static class ShadowUtility.GenerateInteriorMesh_000002FD$BurstDirectCall // TypeDefIndex: 13484"
"915243","class","ShadowUtility.CalculateEdgesFromLines_000002FF$PostfixBurstDelegate","13485","internal sealed class ShadowUtility.CalculateEdgesFromLines_000002FF$PostfixBurstDelegate : MulticastDelegate // TypeDefIndex: 13485"
"915261","class","ShadowUtility.CalculateEdgesFromLines_000002FF$BurstDirectCall","13486","internal static class ShadowUtility.CalculateEdgesFromLines_000002FF$BurstDirectCall // TypeDefIndex: 13486"
"915281","class","ShadowUtility.GetVertexReferenceStats_00000300$PostfixBurstDelegate","13487","internal sealed class ShadowUtility.GetVertexReferenceStats_00000300$PostfixBurstDelegate : MulticastDelegate // TypeDefIndex: 13487"
"915299","class","ShadowUtility.GetVertexReferenceStats_00000300$BurstDirectCall","13488","internal static class ShadowUtility.GetVertexReferenceStats_00000300$BurstDirectCall // TypeDefIndex: 13488"
"915319","class","ShadowUtility.CalculateEdgesFromTriangles_00000302$PostfixBurstDelegate","13489","internal sealed class ShadowUtility.CalculateEdgesFromTriangles_00000302$PostfixBurstDelegate : MulticastDelegate // TypeDefIndex: 13489"
"915337","class","ShadowUtility.CalculateEdgesFromTriangles_00000302$BurstDirectCall","13490","internal static class ShadowUtility.CalculateEdgesFromTriangles_00000302$BurstDirectCall // TypeDefIndex: 13490"
"915357","class","ShadowUtility.ReverseWindingOrder_00000303$PostfixBurstDelegate","13491","internal sealed class ShadowUtility.ReverseWindingOrder_00000303$PostfixBurstDelegate : MulticastDelegate // TypeDefIndex: 13491"
"915375","class","ShadowUtility.ReverseWindingOrder_00000303$BurstDirectCall","13492","internal static class ShadowUtility.ReverseWindingOrder_00000303$BurstDirectCall // TypeDefIndex: 13492"
"915395","class","ShadowUtility.ClipEdges_00000306$PostfixBurstDelegate","13493","internal sealed class ShadowUtility.ClipEdges_00000306$PostfixBurstDelegate : MulticastDelegate // TypeDefIndex: 13493"
"915413","class","ShadowUtility.ClipEdges_00000306$BurstDirectCall","13494","internal static class ShadowUtility.ClipEdges_00000306$BurstDirectCall // TypeDefIndex: 13494"
"915433","class","ShadowUtility","13495","internal class ShadowUtility // TypeDefIndex: 13495"
"915573","enum","ShadowRendering.ShadowTestType","13497","internal enum ShadowRendering.ShadowTestType // TypeDefIndex: 13497"
"915584","class","ShadowRendering.","13498","private sealed class ShadowRendering.<>c // TypeDefIndex: 13498"
"915624","class","ShadowRendering","13499","internal static class ShadowRendering // TypeDefIndex: 13499"
"916709","enum","BigqueryBaseServiceRequest.AltEnum","13538","public enum BigqueryBaseServiceRequest.AltEnum<TResponse> // TypeDefIndex: 13538"
"916718","class","BigqueryBaseServiceRequest","13539","public abstract class BigqueryBaseServiceRequest<TResponse> : ClientServiceRequest<TResponse> // TypeDefIndex: 13539"
"916946","class","DatasetsResource.DeleteRequest","13540","public class DatasetsResource.DeleteRequest : BigqueryBaseServiceRequest<string> // TypeDefIndex: 13540"
"917010","class","DatasetsResource.GetRequest","13541","public class DatasetsResource.GetRequest : BigqueryBaseServiceRequest<Dataset> // TypeDefIndex: 13541"
"917062","class","DatasetsResource.InsertRequest","13542","public class DatasetsResource.InsertRequest : BigqueryBaseServiceRequest<Dataset> // TypeDefIndex: 13542"
"917116","class","DatasetsResource.ListRequest","13543","public class DatasetsResource.ListRequest : BigqueryBaseServiceRequest<DatasetList> // TypeDefIndex: 13543"
"917204","class","DatasetsResource.PatchRequest","13544","public class DatasetsResource.PatchRequest : BigqueryBaseServiceRequest<Dataset> // TypeDefIndex: 13544"
"917270","class","DatasetsResource.UpdateRequest","13545","public class DatasetsResource.UpdateRequest : BigqueryBaseServiceRequest<Dataset> // TypeDefIndex: 13545"
"917367","class","JobsResource.CancelRequest","13547","public class JobsResource.CancelRequest : BigqueryBaseServiceRequest<JobCancelResponse> // TypeDefIndex: 13547"
"917431","class","JobsResource.DeleteRequest","13548","public class JobsResource.DeleteRequest : BigqueryBaseServiceRequest<string> // TypeDefIndex: 13548"
"917495","class","JobsResource.GetRequest","13549","public class JobsResource.GetRequest : BigqueryBaseServiceRequest<Job> // TypeDefIndex: 13549"
"917559","class","JobsResource.GetQueryResultsRequest","13550","public class JobsResource.GetQueryResultsRequest : BigqueryBaseServiceRequest<GetQueryResultsResponse> // TypeDefIndex: 13550"
"917671","class","JobsResource.InsertRequest","13551","public class JobsResource.InsertRequest : BigqueryBaseServiceRequest<Job> // TypeDefIndex: 13551"
"917725","enum","JobsResource.InsertMediaUpload.AltEnum","13552","public enum JobsResource.InsertMediaUpload.AltEnum // TypeDefIndex: 13552"
"917734","class","JobsResource.InsertMediaUpload","13553","public class JobsResource.InsertMediaUpload : ResumableUpload<Job, Job> // TypeDefIndex: 13553"
"917843","enum","JobsResource.ListRequest.ProjectionEnum","13554","public enum JobsResource.ListRequest.ProjectionEnum // TypeDefIndex: 13554"
"917854","enum","JobsResource.ListRequest.StateFilterEnum","13555","public enum JobsResource.ListRequest.StateFilterEnum // TypeDefIndex: 13555"
"917867","class","JobsResource.ListRequest","13556","public class JobsResource.ListRequest : BigqueryBaseServiceRequest<JobList> // TypeDefIndex: 13556"
"918015","class","JobsResource.QueryRequest","13557","public class JobsResource.QueryRequest : BigqueryBaseServiceRequest<QueryResponse> // TypeDefIndex: 13557"
"918106","class","ModelsResource.DeleteRequest","13559","public class ModelsResource.DeleteRequest : BigqueryBaseServiceRequest<string> // TypeDefIndex: 13559"
"918170","class","ModelsResource.GetRequest","13560","public class ModelsResource.GetRequest : BigqueryBaseServiceRequest<Model> // TypeDefIndex: 13560"
"918234","class","ModelsResource.ListRequest","13561","public class ModelsResource.ListRequest : BigqueryBaseServiceRequest<ListModelsResponse> // TypeDefIndex: 13561"
"918310","class","ModelsResource.PatchRequest","13562","public class ModelsResource.PatchRequest : BigqueryBaseServiceRequest<Model> // TypeDefIndex: 13562"
"918413","class","ProjectsResource.GetServiceAccountRequest","13564","public class ProjectsResource.GetServiceAccountRequest : BigqueryBaseServiceRequest<GetServiceAccountResponse> // TypeDefIndex: 13564"
"918453","class","ProjectsResource.ListRequest","13565","public class ProjectsResource.ListRequest : BigqueryBaseServiceRequest<ProjectList> // TypeDefIndex: 13565"
"918524","class","RoutinesResource.DeleteRequest","13567","public class RoutinesResource.DeleteRequest : BigqueryBaseServiceRequest<string> // TypeDefIndex: 13567"
"918588","class","RoutinesResource.GetRequest","13568","public class RoutinesResource.GetRequest : BigqueryBaseServiceRequest<Routine> // TypeDefIndex: 13568"
"918664","class","RoutinesResource.InsertRequest","13569","public class RoutinesResource.InsertRequest : BigqueryBaseServiceRequest<Routine> // TypeDefIndex: 13569"
"918730","class","RoutinesResource.ListRequest","13570","public class RoutinesResource.ListRequest : BigqueryBaseServiceRequest<ListRoutinesResponse> // TypeDefIndex: 13570"
"918830","class","RoutinesResource.UpdateRequest","13571","public class RoutinesResource.UpdateRequest : BigqueryBaseServiceRequest<Routine> // TypeDefIndex: 13571"
"918936","class","RowAccessPoliciesResource.GetIamPolicyRequest","13573","public class RowAccessPoliciesResource.GetIamPolicyRequest : BigqueryBaseServiceRequest<Policy> // TypeDefIndex: 13573"
"918990","class","RowAccessPoliciesResource.ListRequest","13574","public class RowAccessPoliciesResource.ListRequest : BigqueryBaseServiceRequest<ListRowAccessPoliciesResponse> // TypeDefIndex: 13574"
"919078","class","RowAccessPoliciesResource.SetIamPolicyRequest","13575","public class RowAccessPoliciesResource.SetIamPolicyRequest : BigqueryBaseServiceRequest<Policy> // TypeDefIndex: 13575"
"919132","class","RowAccessPoliciesResource.TestIamPermissionsRequest","13576","public class RowAccessPoliciesResource.TestIamPermissionsRequest : BigqueryBaseServiceRequest<TestIamPermissionsResponse> // TypeDefIndex: 13576"
"919211","class","TabledataResource.InsertAllRequest","13578","public class TabledataResource.InsertAllRequest : BigqueryBaseServiceRequest<TableDataInsertAllResponse> // TypeDefIndex: 13578"
"919289","class","TabledataResource.ListRequest","13579","public class TabledataResource.ListRequest : BigqueryBaseServiceRequest<TableDataList> // TypeDefIndex: 13579"
"919420","class","TablesResource.DeleteRequest","13581","public class TablesResource.DeleteRequest : BigqueryBaseServiceRequest<string> // TypeDefIndex: 13581"
"919484","enum","TablesResource.GetRequest.ViewEnum","13582","public enum TablesResource.GetRequest.ViewEnum // TypeDefIndex: 13582"
"919499","class","TablesResource.GetRequest","13583","public class TablesResource.GetRequest : BigqueryBaseServiceRequest<Table> // TypeDefIndex: 13583"
"919587","class","TablesResource.GetIamPolicyRequest","13584","public class TablesResource.GetIamPolicyRequest : BigqueryBaseServiceRequest<Policy> // TypeDefIndex: 13584"
"919641","class","TablesResource.InsertRequest","13585","public class TablesResource.InsertRequest : BigqueryBaseServiceRequest<Table> // TypeDefIndex: 13585"
"919707","class","TablesResource.ListRequest","13586","public class TablesResource.ListRequest : BigqueryBaseServiceRequest<TableList> // TypeDefIndex: 13586"
"919783","class","TablesResource.PatchRequest","13587","public class TablesResource.PatchRequest : BigqueryBaseServiceRequest<Table> // TypeDefIndex: 13587"
"919873","class","TablesResource.SetIamPolicyRequest","13588","public class TablesResource.SetIamPolicyRequest : BigqueryBaseServiceRequest<Policy> // TypeDefIndex: 13588"
"919927","class","TablesResource.TestIamPermissionsRequest","13589","public class TablesResource.TestIamPermissionsRequest : BigqueryBaseServiceRequest<TestIamPermissionsResponse> // TypeDefIndex: 13589"
"919981","class","TablesResource.UpdateRequest","13590","public class TablesResource.UpdateRequest : BigqueryBaseServiceRequest<Table> // TypeDefIndex: 13590"
"920651","class","ArimaOrder","13598","public class ArimaOrder : IDirectResponseSchema // TypeDefIndex: 13598"
"923873","class","ExplainQueryStage","13645","public class ExplainQueryStage : IDirectResponseSchema // TypeDefIndex: 13645"
"924725","class","GetIamPolicyRequest","13651","public class GetIamPolicyRequest : IDirectResponseSchema // TypeDefIndex: 13651"
"926371","class","JobConfigurationLoad","13671","public class JobConfigurationLoad : IDirectResponseSchema // TypeDefIndex: 13671"
"928619","class","LocationMetadata","13688","public class LocationMetadata : IDirectResponseSchema // TypeDefIndex: 13688"
"929837","class","QueryRequest","13706","public class QueryRequest : IDirectResponseSchema // TypeDefIndex: 13706"
"931124","class","RowLevelSecurityStatistics","13719","public class RowLevelSecurityStatistics : IDirectResponseSchema // TypeDefIndex: 13719"
"931388","class","SetIamPolicyRequest","13724","public class SetIamPolicyRequest : IDirectResponseSchema // TypeDefIndex: 13724"
"932549","class","TableDataInsertAllRequest.RowsData","13737","public class TableDataInsertAllRequest.RowsData // TypeDefIndex: 13737"
"932586","class","TableDataInsertAllRequest","13738","public class TableDataInsertAllRequest : IDirectResponseSchema // TypeDefIndex: 13738"
"933433","class","TestIamPermissionsRequest","13751","public class TestIamPermissionsRequest : IDirectResponseSchema // TypeDefIndex: 13751"
"933469","class","TestIamPermissionsResponse","13752","public class TestIamPermissionsResponse : IDirectResponseSchema // TypeDefIndex: 13752"
"934882","class","IsReadOnlyAttribute","13763","internal sealed class IsReadOnlyAttribute : Attribute // TypeDefIndex: 13763"
"934990","class","GoogleJsonWebSignature.Header","13765","public class GoogleJsonWebSignature.Header : JsonWebSignature.Header // TypeDefIndex: 13765"
"934999","class","GoogleJsonWebSignature.Payload","13766","public class GoogleJsonWebSignature.Payload : JsonWebSignature.Payload // TypeDefIndex: 13766"
"935190","class","JsonWebSignature.Header","13770","public class JsonWebSignature.Header : JsonWebToken.Header // TypeDefIndex: 13770"
"935299","class","JsonWebSignature.Payload","13771","public class JsonWebSignature.Payload : JsonWebToken.Payload // TypeDefIndex: 13771"
"935309","struct","JsonWebSignature.","13772","private struct JsonWebSignature.<VerifySignedTokenAsync>d__1<TPayload> : IAsyncStateMachine // TypeDefIndex: 13772"
"935362","class","JsonWebToken.Header","13774","public class JsonWebToken.Header // TypeDefIndex: 13774"
"935399","class","JsonWebToken.Payload","13775","public class JsonWebToken.Payload // TypeDefIndex: 13775"
"935562","class","SignedToken","13777","internal class SignedToken<TJwsHeader, TJwsPayload> // TypeDefIndex: 13777"
"935794","class","SignedTokenVerification.","13784","private sealed class SignedTokenVerification.<>c__1<TJswHeader, TJswPayload> // TypeDefIndex: 13784"
"935852","struct","SignedTokenVerification.","13786","private struct SignedTokenVerification.<VerifyES256TokenAsync>d__4<TJswHeader, TJswPayload> : IAsyncStateMachine // TypeDefIndex: 13786"
"935884","struct","SignedTokenVerification.","13787","private struct SignedTokenVerification.<VerifyRS256TokenAsync>d__2<TJswHeader, TJswPayload> : IAsyncStateMachine // TypeDefIndex: 13787"
"935916","struct","SignedTokenVerification.","13788","private struct SignedTokenVerification.<VerifySignedTokenAsync>d__1<TJswHeader, TJswPayload> : IAsyncStateMachine // TypeDefIndex: 13788"
"936104","struct","TaskExtensions.","13791","private struct TaskExtensions.<>c__DisplayClass0_0.<<WithCancellationToken>g__ImplAsync|0>d<T> : IAsyncStateMachine // TypeDefIndex: 13791"
"936142","class","TaskExtensions.","13792","private sealed class TaskExtensions.<>c__DisplayClass0_0<T> // TypeDefIndex: 13792"
"936176","class","TaskExtensions.","13793","private sealed class TaskExtensions.<>c__DisplayClass0_1<T> // TypeDefIndex: 13793"
"936208","class","TaskExtensions","13794","internal static class TaskExtensions // TypeDefIndex: 13794"
"936247","class","AccessTokenCredential","13796","internal class AccessTokenCredential : IGoogleCredential, ICredential, IConfigurableHttpClientInitializer, ITokenAccess, ITokenAccessWithHeaders, IHttpExecuteInterceptor // TypeDefIndex: 13796"
"936301","class","AccessTokenWithHeaders.Builder","13797","public class AccessTokenWithHeaders.Builder // TypeDefIndex: 13797"
"936328","class","AccessTokenWithHeaders","13798","public sealed class AccessTokenWithHeaders // TypeDefIndex: 13798"
"936485","struct","AwsExternalAccountCredential.AwsMetadataServerClient.","13802","private struct AwsExternalAccountCredential.AwsMetadataServerClient.<FetchImdsV2SessionTokenAsync>d__10 : IAsyncStateMachine // TypeDefIndex: 13802"
"936506","struct","AwsExternalAccountCredential.AwsMetadataServerClient.","13803","private struct AwsExternalAccountCredential.AwsMetadataServerClient.<FetchMetadataAsync>d__11 : IAsyncStateMachine // TypeDefIndex: 13803"
"936528","class","AwsExternalAccountCredential.AwsMetadataServerClient","13804","internal sealed class AwsExternalAccountCredential.AwsMetadataServerClient // TypeDefIndex: 13804"
"936581","struct","AwsExternalAccountCredential.AwsRegion.","13806","private struct AwsExternalAccountCredential.AwsRegion.<MaybeFromMetadataAsync>d__7 : IAsyncStateMachine // TypeDefIndex: 13806"
"936704","struct","AwsExternalAccountCredential.AwsSecurityCredentials.","13809","private struct AwsExternalAccountCredential.AwsSecurityCredentials.<>c__DisplayClass15_0.<<MaybeFromMetadataAsync>g__BuildSecurityCredentialsEndpointAsync|0>d : IAsyncStateMachine // TypeDefIndex: 13809"
"936764","struct","AwsExternalAccountCredential.AwsSecurityCredentials.","13812","private struct AwsExternalAccountCredential.AwsSecurityCredentials.<MaybeFromMetadataAsync>d__15 : IAsyncStateMachine // TypeDefIndex: 13812"
"936835","class","AwsExternalAccountCredential.AwsSignedSubjectToken.AwsSignedSubjectTokenHeader","13814","public sealed class AwsExternalAccountCredential.AwsSignedSubjectToken.AwsSignedSubjectTokenHeader // TypeDefIndex: 13814"
"937108","class","AwsExternalAccountCredential","13820","public sealed class AwsExternalAccountCredential : ExternalAccountCredential, IGoogleCredential, ICredential, IConfigurableHttpClientInitializer, ITokenAccess, ITokenAccessWithHeaders // TypeDefIndex: 13820"
"937187","class","AwsCanonicalRequestUriExtensions.","13821","private sealed class AwsCanonicalRequestUriExtensions.<>c // TypeDefIndex: 13821"
"937207","class","AwsCanonicalRequestUriExtensions","13822","internal static class AwsCanonicalRequestUriExtensions // TypeDefIndex: 13822"
"937229","class","BearerToken.AuthorizationHeaderAccessMethod","13823","public class BearerToken.AuthorizationHeaderAccessMethod : IAccessMethod // TypeDefIndex: 13823"
"937446","struct","ComputeCredential.","13833","private struct ComputeCredential.<RequestAccessTokenAsync>d__26 : IAsyncStateMachine // TypeDefIndex: 13833"
"937491","class","ComputeCredential","13835","public class ComputeCredential : ServiceCredential, IOidcTokenProvider, IGoogleCredential, ICredential, IConfigurableHttpClientInitializer, ITokenAccess, ITokenAccessWithHeaders, IBlobSigner // TypeDefIndex: 13835"
"937589","struct","DefaultCredentialProvider.","13836","private struct DefaultCredentialProvider.<<CreateDefaultCredentialAsync>g__GetAdcFromComputeAsync|11_2>d : IAsyncStateMachine // TypeDefIndex: 13836"
"937608","struct","DefaultCredentialProvider.","13837","private struct DefaultCredentialProvider.<<CreateDefaultCredentialAsync>g__GetAdcFromEnvironmentVariableAsync|11_0>d : IAsyncStateMachine // TypeDefIndex: 13837"
"937629","struct","DefaultCredentialProvider.","13838","private struct DefaultCredentialProvider.<<CreateDefaultCredentialAsync>g__GetAdcFromWellKnownFileAsync|11_1>d : IAsyncStateMachine // TypeDefIndex: 13838"
"937693","struct","DefaultCredentialProvider.","13841","private struct DefaultCredentialProvider.<CreateDefaultCredentialFromStreamAsync>d__14 : IAsyncStateMachine // TypeDefIndex: 13841"
"937905","struct","ExternalAccountCredential.","13846","private struct ExternalAccountCredential.<RequestAccessTokenAsync>d__35 : IAsyncStateMachine // TypeDefIndex: 13846"
"937928","struct","ExternalAccountCredential.","13847","private struct ExternalAccountCredential.<RequestStsAccessTokenAsync>d__34 : IAsyncStateMachine // TypeDefIndex: 13847"
"938088","struct","FileSourcedExternalAccountCredential.","13850","private struct FileSourcedExternalAccountCredential.<<GetSubjectTokenAsyncImpl>g__ReadSubjectTokenFileContentAsync|9_0>d : IAsyncStateMachine // TypeDefIndex: 13850"
"938128","class","FileSourcedExternalAccountCredential","13852","public sealed class FileSourcedExternalAccountCredential : ExternalAccountCredential, IGoogleCredential, ICredential, IConfigurableHttpClientInitializer, ITokenAccess, ITokenAccessWithHeaders // TypeDefIndex: 13852"
"938394","class","GoogleCredential","13859","public class GoogleCredential : ICredential, IConfigurableHttpClientInitializer, ITokenAccess, ITokenAccessWithHeaders, IOidcTokenProvider, IBlobSigner // TypeDefIndex: 13859"
"938716","interface","IGoogleCredential","13871","internal interface IGoogleCredential : ICredential, IConfigurableHttpClientInitializer, ITokenAccess, ITokenAccessWithHeaders // TypeDefIndex: 13871"
"938856","struct","ImpersonatedCredential.","13875","private struct ImpersonatedCredential.<RequestAccessTokenAsync>d__25 : IAsyncStateMachine // TypeDefIndex: 13875"
"938898","class","ImpersonatedCredential","13877","public sealed class ImpersonatedCredential : ServiceCredential, IOidcTokenProvider, IGoogleCredential, ICredential, IConfigurableHttpClientInitializer, ITokenAccess, ITokenAccessWithHeaders, IBlobSigner // TypeDefIndex: 13877"
"939005","interface","ITokenAccessWithHeaders","13880","public interface ITokenAccessWithHeaders : ITokenAccess // TypeDefIndex: 13880"
"939549","struct","LocalServerCodeReceiver.LimitedLocalhostHttpServer.","13893","private struct LocalServerCodeReceiver.LimitedLocalhostHttpServer.<ReadRequestLine>d__15 : IAsyncStateMachine // TypeDefIndex: 13893"
"939570","struct","LocalServerCodeReceiver.LimitedLocalhostHttpServer.","13894","private struct LocalServerCodeReceiver.LimitedLocalhostHttpServer.<WaitForAllHeaders>d__17 : IAsyncStateMachine // TypeDefIndex: 13894"
"940098","class","RequestExtensions","13911","public static class RequestExtensions // TypeDefIndex: 13911"
"940276","struct","ServiceAccountCredential.","13916","private struct ServiceAccountCredential.<GetAccessTokenForRequestAsync>d__34 : IAsyncStateMachine // TypeDefIndex: 13916"
"940322","struct","ServiceAccountCredential.","13918","private struct ServiceAccountCredential.<RequestAccessTokenAsync>d__33 : IAsyncStateMachine // TypeDefIndex: 13918"
"940342","class","ServiceAccountCredential","13919","public class ServiceAccountCredential : ServiceCredential, IOidcTokenProvider, IGoogleCredential, ICredential, IConfigurableHttpClientInitializer, ITokenAccess, ITokenAccessWithHeaders, IBlobSigner // TypeDefIndex: 13919"
"940608","struct","ServiceCredential.","13922","private struct ServiceCredential.<GetAccessTokenWithHeadersForRequestAsync>d__42 : IAsyncStateMachine // TypeDefIndex: 13922"
"940672","class","ServiceCredential","13925","public abstract class ServiceCredential : ICredential, IConfigurableHttpClientInitializer, ITokenAccess, ITokenAccessWithHeaders, IHttpExecuteInterceptor, IHttpUnsuccessfulResponseHandler // TypeDefIndex: 13925"
"940793","struct","TokenRefreshManager.","13926","private struct TokenRefreshManager.<<GetAccessTokenForRequestAsync>g__LogException|10_0>d : IAsyncStateMachine // TypeDefIndex: 13926"
"940814","struct","TokenRefreshManager.","13927","private struct TokenRefreshManager.<GetAccessTokenForRequestAsync>d__10 : IAsyncStateMachine // TypeDefIndex: 13927"
"941000","class","UrlSourcedExternalAccountCredential","13933","public sealed class UrlSourcedExternalAccountCredential : ExternalAccountCredential, IGoogleCredential, ICredential, IConfigurableHttpClientInitializer, ITokenAccess, ITokenAccessWithHeaders // TypeDefIndex: 13933"
"941066","struct","UserCredential.","13934","private struct UserCredential.<GetAccessTokenWithHeadersForRequestAsync>d__28 : IAsyncStateMachine // TypeDefIndex: 13934"
"941172","class","UserCredential","13939","public class UserCredential : IGoogleCredential, ICredential, IConfigurableHttpClientInitializer, ITokenAccess, ITokenAccessWithHeaders, IHttpExecuteInterceptor, IHttpUnsuccessfulResponseHandler // TypeDefIndex: 13939"
"941365","struct","AuthWebUtility.","13943","private struct AuthWebUtility.<ExtracRedirectFromState>d__0 : IAsyncStateMachine // TypeDefIndex: 13943"
"941782","class","AuthorizationCodeRequestUrl","13951","public class AuthorizationCodeRequestUrl : AuthorizationRequestUrl // TypeDefIndex: 13951"
"941794","class","AuthorizationCodeTokenRequest","13952","public class AuthorizationCodeTokenRequest : TokenRequest // TypeDefIndex: 13952"
"941843","class","AuthorizationRequestUrl","13953","public class AuthorizationRequestUrl // TypeDefIndex: 13953"
"941921","class","GoogleAssertionTokenRequest","13954","public class GoogleAssertionTokenRequest : TokenRequest // TypeDefIndex: 13954"
"941946","class","GoogleAuthorizationCodeRequestUrl","13955","public class GoogleAuthorizationCodeRequestUrl : AuthorizationCodeRequestUrl // TypeDefIndex: 13955"
"942068","class","GoogleRevokeTokenRequest","13956","internal class GoogleRevokeTokenRequest // TypeDefIndex: 13956"
"942101","class","IamSignBlobRequest","13957","internal class IamSignBlobRequest // TypeDefIndex: 13957"
"942138","class","ImpersonationAccessTokenRequest","13958","internal class ImpersonationAccessTokenRequest : ImpersonationRequest // TypeDefIndex: 13958"
"942175","class","ImpersonationOIdCTokenRequest","13959","internal class ImpersonationOIdCTokenRequest : ImpersonationRequest // TypeDefIndex: 13959"
"942212","class","ImpersonationRequest","13960","internal abstract class ImpersonationRequest // TypeDefIndex: 13960"
"942237","class","RefreshTokenRequest","13961","public class RefreshTokenRequest : TokenRequest // TypeDefIndex: 13961"
"942263","struct","RequestExtensions.","13962","private struct RequestExtensions.<PostFormAsync>d__3 : IAsyncStateMachine // TypeDefIndex: 13962"
"942290","struct","RequestExtensions.","13963","private struct RequestExtensions.<PostJsonAsync>d__0 : IAsyncStateMachine // TypeDefIndex: 13963"
"942313","struct","RequestExtensions.","13964","private struct RequestExtensions.<PostJsonAsync>d__1<TResponse> : IAsyncStateMachine // TypeDefIndex: 13964"
"942355","struct","RequestExtensions.","13965","private struct RequestExtensions.<PostJsonAsync>d__2 : IAsyncStateMachine // TypeDefIndex: 13965"
"942381","class","RequestExtensions","13966","internal static class RequestExtensions // TypeDefIndex: 13966"
"942415","class","StsTokenRequestBuilder","13967","internal class StsTokenRequestBuilder // TypeDefIndex: 13967"
"942530","class","StsTokenRequest","13968","internal class StsTokenRequest // TypeDefIndex: 13968"
"942606","class","TokenRequest","13969","public class TokenRequest // TypeDefIndex: 13969"
"942668","class","TokenRequestExtenstions","13970","public static class TokenRequestExtenstions // TypeDefIndex: 13970"
"942922","struct","AuthorizationCodeFlow.","13977","private struct AuthorizationCodeFlow.<LoadTokenAsync>d__34 : IAsyncStateMachine // TypeDefIndex: 13977"
"944389","class","DrawOrderTimeline","14024","public class DrawOrderTimeline : Timeline // TypeDefIndex: 14024"
"945870","interface","TextureLoader","14060","public interface TextureLoader // TypeDefIndex: 14060"
"945882","class","AtlasAttachmentLoader","14061","public class AtlasAttachmentLoader : AttachmentLoader // TypeDefIndex: 14061"
"945947","interface","AttachmentLoader","14063","public interface AttachmentLoader // TypeDefIndex: 14063"
"950947","class","SkeletonBinary","14105","public class SkeletonBinary : SkeletonLoader // TypeDefIndex: 14105"
"951455","class","SkeletonJson","14111","public class SkeletonJson : SkeletonLoader // TypeDefIndex: 14111"
"951527","class","SkeletonLoader","14112","public abstract class SkeletonLoader // TypeDefIndex: 14112"
"953505","struct","RenderRequestBatcherContext","14169","public struct RenderRequestBatcherContext // TypeDefIndex: 14169"
"953716","enum","CullingJob.CrossFadeType","14185","private enum CullingJob.CrossFadeType // TypeDefIndex: 14185"
"954030","struct","InstanceOcclusionEventDebugArray.Request","14194","internal struct InstanceOcclusionEventDebugArray.Request // TypeDefIndex: 14194"
"954070","class","InstanceCuller.ShaderIDs","14196","private static class InstanceCuller.ShaderIDs // TypeDefIndex: 14196"
"954788","struct","GPUInstanceDataBuffer.ReadOnly","14224","internal struct GPUInstanceDataBuffer.ReadOnly // TypeDefIndex: 14224"
"954911","class","GPUInstanceDataBufferUploader.UploadKernelIDs","14228","private static class GPUInstanceDataBufferUploader.UploadKernelIDs // TypeDefIndex: 14228"
"954933","struct","GPUInstanceDataBufferUploader.GPUResources","14229","public struct GPUInstanceDataBufferUploader.GPUResources : IDisposable // TypeDefIndex: 14229"
"954961","struct","GPUInstanceDataBufferUploader.WriteInstanceDataParameterJob","14230","internal struct GPUInstanceDataBufferUploader.WriteInstanceDataParameterJob : IJobParallelFor // TypeDefIndex: 14230"
"954992","struct","GPUInstanceDataBufferUploader","14231","internal struct GPUInstanceDataBufferUploader : IDisposable // TypeDefIndex: 14231"
"955310","struct","CPUInstanceData.ReadOnly","14240","internal struct CPUInstanceData.ReadOnly // TypeDefIndex: 14240"
"955425","struct","CPUSharedInstanceData.ReadOnly","14242","internal struct CPUSharedInstanceData.ReadOnly // TypeDefIndex: 14242"
"955579","struct","EditorInstanceDataArrays.ReadOnly","14245","internal struct EditorInstanceDataArrays.ReadOnly // TypeDefIndex: 14245"
"956520","class","OccluderContext.ShaderIDs","14288","private static class OccluderContext.ShaderIDs // TypeDefIndex: 14288"
"956752","struct","InstanceOcclusionCullerShaderVariables","14294","internal struct InstanceOcclusionCullerShaderVariables // TypeDefIndex: 14294"
"956768","struct","LODGroupData.","14295","public struct LODGroupData.<fadeTransitionWidth>e__FixedBuffer // TypeDefIndex: 14295"
"957110","struct","OcclusionTestComputeShader","14316","internal struct OcclusionTestComputeShader // TypeDefIndex: 14316"
"957174","class","OcclusionCullingCommon.ShaderIDs","14320","private static class OcclusionCullingCommon.ShaderIDs // TypeDefIndex: 14320"
"957372","struct","OcclusionCullingCommonShaderVariables.","14327","public struct OcclusionCullingCommonShaderVariables.<_FacingDirWorldSpace>e__FixedBuffer // TypeDefIndex: 14327"
"957381","struct","OcclusionCullingCommonShaderVariables.","14328","public struct OcclusionCullingCommonShaderVariables.<_OccluderMipBounds>e__FixedBuffer // TypeDefIndex: 14328"
"957390","struct","OcclusionCullingCommonShaderVariables.","14329","public struct OcclusionCullingCommonShaderVariables.<_RadialDirWorldSpace>e__FixedBuffer // TypeDefIndex: 14329"
"957399","struct","OcclusionCullingCommonShaderVariables.","14330","public struct OcclusionCullingCommonShaderVariables.<_ViewOriginWorldSpace>e__FixedBuffer // TypeDefIndex: 14330"
"957408","struct","OcclusionCullingCommonShaderVariables.","14331","public struct OcclusionCullingCommonShaderVariables.<_ViewProjMatrix>e__FixedBuffer // TypeDefIndex: 14331"
"957416","struct","OcclusionCullingCommonShaderVariables","14332","internal struct OcclusionCullingCommonShaderVariables // TypeDefIndex: 14332"
"957454","struct","OcclusionCullingDebugShaderVariables.","14333","public struct OcclusionCullingDebugShaderVariables.<_OccluderMipBounds>e__FixedBuffer // TypeDefIndex: 14333"
"957462","struct","OcclusionCullingDebugShaderVariables","14334","internal struct OcclusionCullingDebugShaderVariables // TypeDefIndex: 14334"
"957754","class","MemoryUtilities","14342","internal static class MemoryUtilities // TypeDefIndex: 14342"
"957832","struct","ParallelSortExtensions.RadixSortBucketCountJob","14344","internal struct ParallelSortExtensions.RadixSortBucketCountJob : IJobFor // TypeDefIndex: 14344"
"957857","struct","ParallelSortExtensions.RadixSortBatchPrefixSumJob","14345","internal struct ParallelSortExtensions.RadixSortBatchPrefixSumJob : IJobFor // TypeDefIndex: 14345"
"957895","struct","ParallelSortExtensions.RadixSortPrefixSumJob","14346","internal struct ParallelSortExtensions.RadixSortPrefixSumJob : IJobFor // TypeDefIndex: 14346"
"957915","struct","ParallelSortExtensions.RadixSortBucketSortJob","14347","internal struct ParallelSortExtensions.RadixSortBucketSortJob : IJobFor // TypeDefIndex: 14347"
"958095","enum","AtlasAssetBase.LoadingMode","14357","public enum AtlasAssetBase.LoadingMode // TypeDefIndex: 14357"
"958339","class","OnDemandTextureLoader.TextureLoadDelegate","14366","public sealed class OnDemandTextureLoader.TextureLoadDelegate : MulticastDelegate // TypeDefIndex: 14366"
"958357","class","OnDemandTextureLoader","14367","public abstract class OnDemandTextureLoader : ScriptableObject // TypeDefIndex: 14367"
"958478","class","RegionlessAttachmentLoader","14368","public class RegionlessAttachmentLoader : AttachmentLoader // TypeDefIndex: 14368"
"958697","class","NoOpTextureLoader","14376","public class NoOpTextureLoader : TextureLoader // TypeDefIndex: 14376"
"958712","class","MaterialsTextureLoader","14377","public class MaterialsTextureLoader : TextureLoader // TypeDefIndex: 14377"
"958731","class","SpineSpriteAtlasAsset.SavedRegionInfo","14378","protected class SpineSpriteAtlasAsset.SavedRegionInfo // TypeDefIndex: 14378"
"960753","class","SkeletonRenderer.SpriteMaskInteractionMaterials","14410","public class SkeletonRenderer.SpriteMaskInteractionMaterials // TypeDefIndex: 14410"
"961825","class","MeshGeneratorDelegate","14444","public sealed class MeshGeneratorDelegate : MulticastDelegate // TypeDefIndex: 14444"
"961843","struct","MeshGeneratorBuffers","14445","public struct MeshGeneratorBuffers // TypeDefIndex: 14445"
"961867","struct","MeshGenerator.Settings","14446","public struct MeshGenerator.Settings // TypeDefIndex: 14446"
"961893","class","MeshGenerator","14447","public class MeshGenerator // TypeDefIndex: 14447"
"962998","enum","TournamentSortOrder","14486","public enum TournamentSortOrder // TypeDefIndex: 14486"
"963425","class","FB.OnDLLLoaded","14501","private sealed class FB.OnDLLLoaded : MulticastDelegate // TypeDefIndex: 14501"
"963522","class","FB.CompiledFacebookLoader","14505","internal abstract class FB.CompiledFacebookLoader : MonoBehaviour // TypeDefIndex: 14505"
"964751","class","CurrencyAmount","14528","public class CurrencyAmount // TypeDefIndex: 14528"
"964882","class","Purchase","14530","public class Purchase // TypeDefIndex: 14530"
"965283","class","AppLinkResult","14534","internal class AppLinkResult : ResultBase, IAppLinkResult, IResult // TypeDefIndex: 14534"
"965343","class","AppRequestResult","14535","internal class AppRequestResult : ResultBase, IAppRequestResult, IResult // TypeDefIndex: 14535"
"965453","class","ConsumePurchaseResult","14541","internal class ConsumePurchaseResult : ResultBase, IConsumePurchaseResult, IResult // TypeDefIndex: 14541"
"965517","interface","IAppLinkResult","14545","public interface IAppLinkResult : IResult // TypeDefIndex: 14545"
"965521","class","IAPReadyResult","14546","internal class IAPReadyResult : ResultBase, IIAPReadyResult, IResult // TypeDefIndex: 14546"
"965530","interface","IAppRequestResult","14547","public interface IAppRequestResult : IResult // TypeDefIndex: 14547"
"965550","interface","IConsumePurchaseResult","14550","public interface IConsumePurchaseResult : IResult // TypeDefIndex: 14550"
"965587","class","GameLoadCompleteResult","14556","internal class GameLoadCompleteResult : ResultBase, IGameLoadCompleteResult, IResult // TypeDefIndex: 14556"
"965596","class","InterstitialAdResult","14557","internal class InterstitialAdResult : ResultBase, IInterstitialAdResult, IResult // TypeDefIndex: 14557"
"965605","interface","IIAPReadyResult","14558","public interface IIAPReadyResult : IResult // TypeDefIndex: 14558"
"965613","interface","IGameLoadCompleteResult","14560","public interface IGameLoadCompleteResult : IResult // TypeDefIndex: 14560"
"965629","interface","IInterstitialAdResult","14562","public interface IInterstitialAdResult : IResult // TypeDefIndex: 14562"
"965645","interface","IPayloadResult","14566","public interface IPayloadResult : IResult // TypeDefIndex: 14566"
"965661","interface","IPurchaseResult","14568","public interface IPurchaseResult : IResult // TypeDefIndex: 14568"
"965673","interface","IPurchasesResult","14569","public interface IPurchasesResult : IResult // TypeDefIndex: 14569"
"965741","interface","IRewardedVideoResult","14573","public interface IRewardedVideoResult : IResult // TypeDefIndex: 14573"
"965753","interface","ISoftKeyboardOpenResult","14576","public interface ISoftKeyboardOpenResult : IResult // TypeDefIndex: 14576"
"965777","interface","IVirtualGamepadLayoutResult","14580","public interface IVirtualGamepadLayoutResult : IResult // TypeDefIndex: 14580"
"965877","class","PayloadResult","14584","internal class PayloadResult : ResultBase, IPayloadResult, IResult // TypeDefIndex: 14584"
"965946","class","PurchaseResult","14587","internal class PurchaseResult : ResultBase, IPurchaseResult, IResult // TypeDefIndex: 14587"
"965973","class","PurchasesResult","14588","internal class PurchasesResult : ResultBase, IPurchasesResult, IResult // TypeDefIndex: 14588"
"966150","class","RewardedVideoResult","14591","internal class RewardedVideoResult : ResultBase, IRewardedVideoResult, IResult // TypeDefIndex: 14591"
"966281","class","AsyncRequestString.","14597","private sealed class AsyncRequestString.<Start>d__9 : IEnumerator<object>, IEnumerator, IDisposable // TypeDefIndex: 14597"
"966320","class","AsyncRequestString","14598","internal class AsyncRequestString : MonoBehaviour // TypeDefIndex: 14598"
"966647","class","AsyncRequestStringWrapper","14607","internal class AsyncRequestStringWrapper : IAsyncRequestStringWrapper // TypeDefIndex: 14607"
"966662","interface","IAsyncRequestStringWrapper","14608","internal interface IAsyncRequestStringWrapper // TypeDefIndex: 14608"
"966733","class","CodelessIAPAutoLog","14612","internal class CodelessIAPAutoLog // TypeDefIndex: 14612"
"967075","interface","IMediaUploadResult","14620","public interface IMediaUploadResult : IResult // TypeDefIndex: 14620"
"967087","class","MediaUploadResult","14621","internal class MediaUploadResult : ResultBase, IMediaUploadResult, IResult // TypeDefIndex: 14621"
"968009","class","WindowsFacebookLoader","14649","internal class WindowsFacebookLoader : FB.CompiledFacebookLoader // TypeDefIndex: 14649"
"968416","class","EditorFacebookLoader","14653","internal class EditorFacebookLoader : FB.CompiledFacebookLoader // TypeDefIndex: 14653"
"969570","class","IOSFacebookLoader","14671","internal class IOSFacebookLoader : FB.CompiledFacebookLoader // TypeDefIndex: 14671"
"969891","class","AndroidFacebookLoader","14676","internal class AndroidFacebookLoader : FB.CompiledFacebookLoader // TypeDefIndex: 14676"
"970229","class","CanvasFacebookLoader","14683","internal class CanvasFacebookLoader : FB.CompiledFacebookLoader // TypeDefIndex: 14683"
"971433","struct","ResourceManager.DeferredCallbackRegisterRequest","14700","private struct ResourceManager.DeferredCallbackRegisterRequest // TypeDefIndex: 14700"
"972103","class","WebRequestQueueOperation","14706","public class WebRequestQueueOperation // TypeDefIndex: 14706"
"972134","class","WebRequestQueue","14707","public static class WebRequestQueue // TypeDefIndex: 14707"
"972292","struct","BinaryStorageBuffer.BuiltinTypesSerializer.ObjectToStringRemap","14713","private struct BinaryStorageBuffer.BuiltinTypesSerializer.ObjectToStringRemap // TypeDefIndex: 14713"
"972316","class","BinaryStorageBuffer.BuiltinTypesSerializer","14715","private class BinaryStorageBuffer.BuiltinTypesSerializer : BinaryStorageBuffer.ISerializationAdapter<int>, BinaryStorageBuffer.ISerializationAdapter, BinaryStorageBuffer.ISerializationAdapter<bool>, BinaryStorageBuffer.ISerializationAdapter<long>, BinaryStorageBuffer.ISerializationAdapter<string>, BinaryStorageBuffer.ISerializationAdapter<Hash128> // TypeDefIndex: 14715"
"972348","class","BinaryStorageBuffer.TypeSerializer","14717","private class BinaryStorageBuffer.TypeSerializer : BinaryStorageBuffer.ISerializationAdapter<Type>, BinaryStorageBuffer.ISerializationAdapter // TypeDefIndex: 14717"
"972385","interface","BinaryStorageBuffer.ISerializationAdapter","14720","public interface BinaryStorageBuffer.ISerializationAdapter // TypeDefIndex: 14720"
"972403","interface","BinaryStorageBuffer.ISerializationAdapter","14721","public interface BinaryStorageBuffer.ISerializationAdapter<T> : BinaryStorageBuffer.ISerializationAdapter // TypeDefIndex: 14721"
"972407","class","BinaryStorageBuffer.Reader.StringCreationState","14722","private class BinaryStorageBuffer.Reader.StringCreationState // TypeDefIndex: 14722"
"972422","class","BinaryStorageBuffer.Reader","14723","public class BinaryStorageBuffer.Reader // TypeDefIndex: 14723"
"973598","class","ObjectInitializationData.Serializer","14751","internal class ObjectInitializationData.Serializer : BinaryStorageBuffer.ISerializationAdapter<ObjectInitializationData>, BinaryStorageBuffer.ISerializationAdapter // TypeDefIndex: 14751"
"973731","class","UnityWebRequestUtilities","14755","public class UnityWebRequestUtilities // TypeDefIndex: 14755"
"973759","class","UnityWebRequestResult","14756","public class UnityWebRequestResult // TypeDefIndex: 14756"
"973817","class","DownloadOnlyLocation","14757","internal class DownloadOnlyLocation : LocationWrapper // TypeDefIndex: 14757"
"973826","enum","AssetLoadMode","14758","public enum AssetLoadMode // TypeDefIndex: 14758"
"973845","class","AssetBundleRequestOptions","14760","public class AssetBundleRequestOptions : ILocationSizeData // TypeDefIndex: 14760"
"973975","enum","AssetBundleResource.LoadType","14761","public enum AssetBundleResource.LoadType // TypeDefIndex: 14761"
"974226","class","BinaryAssetProvider","14768","internal class BinaryAssetProvider<TAdapter> : BinaryDataProvider // TypeDefIndex: 14768"
"974877","struct","ProviderLoadRequestOptions.SerializationAdatapter.Data","14792","private struct ProviderLoadRequestOptions.SerializationAdatapter.Data // TypeDefIndex: 14792"
"974886","class","ProviderLoadRequestOptions.SerializationAdatapter","14793","public class ProviderLoadRequestOptions.SerializationAdatapter : BinaryStorageBuffer.ISerializationAdapter<ProviderLoadRequestOptions>, BinaryStorageBuffer.ISerializationAdapter // TypeDefIndex: 14793"
"974908","class","ProviderLoadRequestOptions","14794","public class ProviderLoadRequestOptions // TypeDefIndex: 14794"
"975011","class","SceneProvider.UnloadSceneOp","14796","private class SceneProvider.UnloadSceneOp : AsyncOperationBase<SceneInstance> // TypeDefIndex: 14796"
"978687","struct","DownloadStatus","14824","public struct DownloadStatus // TypeDefIndex: 14824"
"978704","class","GetDownloadSizeOperation","14825","internal class GetDownloadSizeOperation : AsyncOperationBase<long> // TypeDefIndex: 14825"
"979170","class","UnityWebRequestOperation","14830","internal class UnityWebRequestOperation : AsyncOperationBase<UnityWebRequest> // TypeDefIndex: 14830"
"983238","struct","GoogleFinishTransactionService.","14905","private struct GoogleFinishTransactionService.<FindPurchase>d__4 : IAsyncStateMachine // TypeDefIndex: 14905"
"983386","struct","GooglePlayStoreService.","14910","private struct GooglePlayStoreService.<FetchPurchases>d__33 : IAsyncStateMachine // TypeDefIndex: 14910"
"983409","struct","GooglePlayStoreService.","14911","private struct GooglePlayStoreService.<TryFetchPurchases>d__34 : IAsyncStateMachine // TypeDefIndex: 14911"
"983524","class","GooglePurchaseService.","14913","private sealed class GooglePurchaseService.<>c__DisplayClass4_0 // TypeDefIndex: 14913"
"983548","class","GooglePurchaseService","14914","internal class GooglePurchaseService : IGooglePurchaseService // TypeDefIndex: 14914"
"983595","class","GoogleQueryPurchasesService.","14915","private sealed class GoogleQueryPurchasesService.<>c // TypeDefIndex: 14915"
"983618","class","GoogleQueryPurchasesService.","14916","private sealed class GoogleQueryPurchasesService.<>c__DisplayClass4_0 // TypeDefIndex: 14916"
"983638","class","GoogleQueryPurchasesService.","14917","private sealed class GoogleQueryPurchasesService.<>c__DisplayClass5_0 // TypeDefIndex: 14917"
"983666","struct","GoogleQueryPurchasesService.","14918","private struct GoogleQueryPurchasesService.<QueryPurchases>d__3 : IAsyncStateMachine // TypeDefIndex: 14918"
"983690","class","GoogleQueryPurchasesService","14919","internal class GoogleQueryPurchasesService : IGoogleQueryPurchasesService // TypeDefIndex: 14919"
"983762","class","GoogleAcknowledgePurchaseListener","14922","internal class GoogleAcknowledgePurchaseListener : AndroidJavaProxy // TypeDefIndex: 14922"
"983797","struct","GooglePurchaseUpdatedListener.","14924","private struct GooglePurchaseUpdatedListener.<HandleUserCancelledPurchaseFailure>d__14 : IAsyncStateMachine // TypeDefIndex: 14924"
"983818","class","GooglePurchaseUpdatedListener","14925","internal class GooglePurchaseUpdatedListener : AndroidJavaProxy, IGooglePurchaseUpdatedListener // TypeDefIndex: 14925"
"983896","class","GooglePurchasesResponseListener","14926","internal class GooglePurchasesResponseListener : AndroidJavaProxy // TypeDefIndex: 14926"
"984351","class","GetGoogleProductMetadataExtension","14944","public static class GetGoogleProductMetadataExtension // TypeDefIndex: 14944"
"984425","class","GooglePlayPurchaseCallback.","14947","private sealed class GooglePlayPurchaseCallback.<>c__DisplayClass8_0 // TypeDefIndex: 14947"
"984448","class","GooglePlayPurchaseCallback.","14948","private sealed class GooglePlayPurchaseCallback.<>c__DisplayClass9_0 // TypeDefIndex: 14948"
"984468","class","GooglePlayPurchaseCallback","14949","internal class GooglePlayPurchaseCallback : IGooglePurchaseCallback // TypeDefIndex: 14949"
"984636","interface","IGoogleFetchPurchases","14957","internal interface IGoogleFetchPurchases // TypeDefIndex: 14957"
"984663","interface","IGooglePlayStorePurchaseService","14959","internal interface IGooglePlayStorePurchaseService // TypeDefIndex: 14959"
"984704","class","GoogleProductMetadata","14962","public class GoogleProductMetadata : ProductMetadata // TypeDefIndex: 14962"
"984765","class","GoogleFetchPurchases.","14963","private sealed class GoogleFetchPurchases.<>c // TypeDefIndex: 14963"
"984789","class","GoogleFetchPurchases.","14964","private sealed class GoogleFetchPurchases.<>c__DisplayClass10_0 // TypeDefIndex: 14964"
"984806","class","GoogleFetchPurchases.","14965","private sealed class GoogleFetchPurchases.<>c__DisplayClass6_0 // TypeDefIndex: 14965"
"984823","class","GoogleFetchPurchases.","14966","private sealed class GoogleFetchPurchases.<>c__DisplayClass8_0 // TypeDefIndex: 14966"
"984842","class","GoogleFetchPurchases","14967","internal class GoogleFetchPurchases : IGoogleFetchPurchases // TypeDefIndex: 14967"
"984947","class","GooglePlayStorePurchaseService","14970","internal class GooglePlayStorePurchaseService : IGooglePlayStorePurchaseService // TypeDefIndex: 14970"
"985580","class","InventoryInterface","15001","internal class InventoryInterface // TypeDefIndex: 15001"
"985649","class","UdpIapBridgeInterface","15004","internal class UdpIapBridgeInterface // TypeDefIndex: 15004"
"985713","class","AppleProductMetadata","15008","public class AppleProductMetadata : ProductMetadata // TypeDefIndex: 15008"
"985808","class","AppleStoreImpl","15012","internal class AppleStoreImpl : JSONStore, IAppleExtensions, IStoreExtension, IAppleConfiguration, IStoreConfiguration // TypeDefIndex: 15012"
"985959","class","FakeAppleConfiguration","15013","internal class FakeAppleConfiguration : IAppleConfiguration, IStoreConfiguration // TypeDefIndex: 15013"
"985970","class","FakeAppleExtensions","15014","internal class FakeAppleExtensions : IAppleExtensions, IStoreExtension // TypeDefIndex: 15014"
"985983","interface","IAppleConfiguration","15015","public interface IAppleConfiguration : IStoreConfiguration // TypeDefIndex: 15015"
"985987","interface","IAppleExtensions","15016","public interface IAppleExtensions : IStoreExtension // TypeDefIndex: 15016"
"986263","class","DialogRequest","15029","internal class DialogRequest // TypeDefIndex: 15029"
"986764","class","ProductCatalogItem","15048","public class ProductCatalogItem // TypeDefIndex: 15048"
"987067","enum","StoreSpecificPurchaseErrorCode","15056","public enum StoreSpecificPurchaseErrorCode // TypeDefIndex: 15056"
"987737","class","WinRTStore","15086","internal class WinRTStore : AbstractStore, IWindowsIAPCallback, IMicrosoftExtensions, IStoreExtension // TypeDefIndex: 15086"
"987975","class","IapCoreInitializeCallback.","15090","private sealed class IapCoreInitializeCallback.<>c__DisplayClass2_0 // TypeDefIndex: 15090"
"987992","class","IapCoreInitializeCallback","15091","internal class IapCoreInitializeCallback : IInitializablePackage // TypeDefIndex: 15091"
"988018","class","GooglePurchaseBuilder.","15092","private sealed class GooglePurchaseBuilder.<>c__DisplayClass6_0 // TypeDefIndex: 15092"
"988034","class","GooglePurchaseBuilder.","15093","private sealed class GooglePurchaseBuilder.<>c__DisplayClass6_1 // TypeDefIndex: 15093"
"988049","class","GooglePurchaseBuilder","15094","internal class GooglePurchaseBuilder : IGooglePurchaseBuilder // TypeDefIndex: 15094"
"988219","interface","IGooglePurchase","15103","internal interface IGooglePurchase // TypeDefIndex: 15103"
"988258","interface","IGooglePurchaseBuilder","15104","internal interface IGooglePurchaseBuilder // TypeDefIndex: 15104"
"988270","interface","IGooglePurchaseCallback","15105","internal interface IGooglePurchaseCallback // TypeDefIndex: 15105"
"988294","interface","IGooglePurchaseService","15106","internal interface IGooglePurchaseService // TypeDefIndex: 15106"
"988303","interface","IGooglePurchaseStateEnumProvider","15107","internal interface IGooglePurchaseStateEnumProvider // TypeDefIndex: 15107"
"988315","interface","IGooglePurchaseUpdatedListener","15108","internal interface IGooglePurchaseUpdatedListener // TypeDefIndex: 15108"
"988320","interface","IGoogleQueryPurchasesService","15109","internal interface IGoogleQueryPurchasesService // TypeDefIndex: 15109"
"988621","class","GooglePurchase.","15122","private sealed class GooglePurchase.<>c // TypeDefIndex: 15122"
"988645","class","GooglePurchase","15123","internal class GooglePurchase : IGooglePurchase // TypeDefIndex: 15123"
"988729","class","GooglePurchaseStateEnum","15124","internal static class GooglePurchaseStateEnum // TypeDefIndex: 15124"
"988748","class","GooglePurchaseStateEnumProvider","15125","internal class GooglePurchaseStateEnumProvider : IGooglePurchaseStateEnumProvider // TypeDefIndex: 15125"
"988890","class","ReloadSceneOnKeyDown","15133","public class ReloadSceneOnKeyDown : MonoBehaviour // TypeDefIndex: 15133"
"990080","class","MaterialPropertyBlockExample","15173","public class MaterialPropertyBlockExample : MonoBehaviour // TypeDefIndex: 15173"
"990568","enum","MixAndMatchSkinsExample.ItemType","15192","public enum MixAndMatchSkinsExample.ItemType // TypeDefIndex: 15192"
"990937","class","RenderTextureFadeoutExample.","15201","private sealed class RenderTextureFadeoutExample.<Start>d__5 : IEnumerator<object>, IEnumerator, IDisposable // TypeDefIndex: 15201"
"990975","class","RenderTextureFadeoutExample","15202","public class RenderTextureFadeoutExample : MonoBehaviour // TypeDefIndex: 15202"
"991027","class","RuntimeLoadFromExportsExample.","15204","private sealed class RuntimeLoadFromExportsExample.<Start>d__17 : IEnumerator<object>, IEnumerator, IDisposable // TypeDefIndex: 15204"
"991065","class","RuntimeLoadFromExportsExample","15205","public class RuntimeLoadFromExportsExample : MonoBehaviour // TypeDefIndex: 15205"
"991215","class","SkeletonGhostRenderer.","15209","private sealed class SkeletonGhostRenderer.<Fade>d__10 : IEnumerator<object>, IEnumerator, IDisposable // TypeDefIndex: 15209"
"991257","class","SkeletonGhostRenderer.","15210","private sealed class SkeletonGhostRenderer.<FadeAdditive>d__11 : IEnumerator<object>, IEnumerator, IDisposable // TypeDefIndex: 15210"
"991916","class","SkeletonRenderTextureFadeout.FadeoutCallback","15230","public sealed class SkeletonRenderTextureFadeout.FadeoutCallback : MulticastDelegate // TypeDefIndex: 15230"
"991935","class","SkeletonRenderTextureFadeout","15231","public class SkeletonRenderTextureFadeout : MonoBehaviour // TypeDefIndex: 15231"
"992486","struct","SkeletonUtilityKinematicShadow.TransformPair","15243","private struct SkeletonUtilityKinematicShadow.TransformPair // TypeDefIndex: 15243"
"992494","enum","SkeletonUtilityKinematicShadow.PhysicsSystem","15244","public enum SkeletonUtilityKinematicShadow.PhysicsSystem // TypeDefIndex: 15244"
"992503","class","SkeletonUtilityKinematicShadow","15245","public class SkeletonUtilityKinematicShadow : MonoBehaviour // TypeDefIndex: 15245"
"994447","enum","NtlmAuthLevel","15300","public enum NtlmAuthLevel // TypeDefIndex: 15300"
"994609","enum","AlertLevel","15306","public enum AlertLevel // TypeDefIndex: 15306"
"996214","class","PrimeGeneratorBase","15345","public abstract class PrimeGeneratorBase // TypeDefIndex: 15345"
"996240","class","SequentialSearchPrimeGeneratorBase","15346","public class SequentialSearchPrimeGeneratorBase : PrimeGeneratorBase // TypeDefIndex: 15346"
"996520","class","PlayGamesLeaderboard","15364","public class PlayGamesLeaderboard : ILeaderboard // TypeDefIndex: 15364"
"997312","class","PlayGamesUserProfile.","15384","private sealed class PlayGamesUserProfile.<LoadImage>d__23 : IEnumerator<object>, IEnumerator, IDisposable // TypeDefIndex: 15384"
"998648","class","AndroidNearbyConnectionClient.AdvertisingConnectionLifecycleCallbackProxy","15431","private class AndroidNearbyConnectionClient.AdvertisingConnectionLifecycleCallbackProxy : AndroidJavaProxy // TypeDefIndex: 15431"
"998672","class","AndroidNearbyConnectionClient.PayloadCallback","15432","private class AndroidNearbyConnectionClient.PayloadCallback : AndroidJavaProxy // TypeDefIndex: 15432"
"998732","class","AndroidNearbyConnectionClient.OnGameThreadMessageListener.","15435","private sealed class AndroidNearbyConnectionClient.OnGameThreadMessageListener.<>c__DisplayClass2_0 // TypeDefIndex: 15435"
"998751","class","AndroidNearbyConnectionClient.OnGameThreadMessageListener.","15436","private sealed class AndroidNearbyConnectionClient.OnGameThreadMessageListener.<>c__DisplayClass3_0 // TypeDefIndex: 15436"
"998767","class","AndroidNearbyConnectionClient.OnGameThreadMessageListener","15437","private class AndroidNearbyConnectionClient.OnGameThreadMessageListener : IMessageListener // TypeDefIndex: 15437"
"998786","class","AndroidNearbyConnectionClient.OnGameThreadDiscoveryListener.","15438","private sealed class AndroidNearbyConnectionClient.OnGameThreadDiscoveryListener.<>c__DisplayClass2_0 // TypeDefIndex: 15438"
"998803","class","AndroidNearbyConnectionClient.OnGameThreadDiscoveryListener.","15439","private sealed class AndroidNearbyConnectionClient.OnGameThreadDiscoveryListener.<>c__DisplayClass3_0 // TypeDefIndex: 15439"
"998819","class","AndroidNearbyConnectionClient.OnGameThreadDiscoveryListener","15440","private class AndroidNearbyConnectionClient.OnGameThreadDiscoveryListener : IDiscoveryListener // TypeDefIndex: 15440"
"999098","class","AndroidSavedGameClient.AndroidConflictResolver","15448","private class AndroidSavedGameClient.AndroidConflictResolver : IConflictResolver // TypeDefIndex: 15448"
"999139","class","AndroidSavedGameClient.","15449","private sealed class AndroidSavedGameClient.<>c__DisplayClass10_0 // TypeDefIndex: 15449"
"999159","class","AndroidSavedGameClient.","15450","private sealed class AndroidSavedGameClient.<>c__DisplayClass12_0 // TypeDefIndex: 15450"
"999175","class","AndroidSavedGameClient.","15451","private sealed class AndroidSavedGameClient.<>c__DisplayClass12_1 // TypeDefIndex: 15451"
"999196","class","AndroidSavedGameClient.","15452","private sealed class AndroidSavedGameClient.<>c__DisplayClass16_0<T1, T2> // TypeDefIndex: 15452"
"999228","class","AndroidSavedGameClient.","15453","private sealed class AndroidSavedGameClient.<>c__DisplayClass16_1<T1, T2> // TypeDefIndex: 15453"
"999262","class","AndroidSavedGameClient.","15454","private sealed class AndroidSavedGameClient.<>c__DisplayClass4_0 // TypeDefIndex: 15454"
"999279","class","AndroidSavedGameClient.","15455","private sealed class AndroidSavedGameClient.<>c__DisplayClass6_0 // TypeDefIndex: 15455"
"999308","class","AndroidSavedGameClient.","15456","private sealed class AndroidSavedGameClient.<>c__DisplayClass9_0 // TypeDefIndex: 15456"
"999327","class","AndroidSavedGameClient","15457","internal class AndroidSavedGameClient : ISavedGameClient // TypeDefIndex: 15457"
"999388","class","AndroidSnapshotMetadata","15458","internal class AndroidSnapshotMetadata : ISavedGameMetadata // TypeDefIndex: 15458"
"999443","class","AndroidTaskUtils.TaskOnCompleteProxy","15459","private class AndroidTaskUtils.TaskOnCompleteProxy<T> : AndroidJavaProxy // TypeDefIndex: 15459"
"999474","class","AndroidTaskUtils.TaskOnSuccessProxy","15460","private class AndroidTaskUtils.TaskOnSuccessProxy<T> : AndroidJavaProxy // TypeDefIndex: 15460"
"999512","class","AndroidTaskUtils.TaskOnFailedProxy","15461","private class AndroidTaskUtils.TaskOnFailedProxy : AndroidJavaProxy // TypeDefIndex: 15461"
"999527","class","AndroidTaskUtils","15462","internal class AndroidTaskUtils // TypeDefIndex: 15462"
"1000114","enum","LeaderboardStart","15482","public enum LeaderboardStart // TypeDefIndex: 15482"
"1000123","enum","LeaderboardTimeSpan","15483","public enum LeaderboardTimeSpan // TypeDefIndex: 15483"
"1000133","enum","LeaderboardCollection","15484","public enum LeaderboardCollection // TypeDefIndex: 15484"
"1000155","enum","LoadFriendsStatus","15486","public enum LoadFriendsStatus // TypeDefIndex: 15486"
"1000397","class","LeaderboardScoreData","15490","public class LeaderboardScoreData // TypeDefIndex: 15490"
"1000705","enum","SavedGameRequestStatus","15500","public enum SavedGameRequestStatus // TypeDefIndex: 15500"
"1000749","interface","ISavedGameClient","15503","public interface ISavedGameClient // TypeDefIndex: 15503"
"1000788","interface","ISavedGameMetadata","15505","public interface ISavedGameMetadata // TypeDefIndex: 15505"
"1000820","struct","SavedGameMetadataUpdate.Builder","15506","public struct SavedGameMetadataUpdate.Builder // TypeDefIndex: 15506"
"1000845","struct","SavedGameMetadataUpdate","15507","public struct SavedGameMetadataUpdate // TypeDefIndex: 15507"
"1000887","struct","AdvertisingResult","15508","public struct AdvertisingResult // TypeDefIndex: 15508"
"1000914","struct","ConnectionRequest","15509","public struct ConnectionRequest // TypeDefIndex: 15509"
"1001663","enum","Addressables.MergeMode","15537","public enum Addressables.MergeMode // TypeDefIndex: 15537"
"1001674","class","Addressables","15538","public static class Addressables // TypeDefIndex: 15538"
"1002071","class","AddressablesImpl.LoadResourceLocationKeyOp","15539","private class AddressablesImpl.LoadResourceLocationKeyOp : AsyncOperationBase<IList<IResourceLocation>> // TypeDefIndex: 15539"
"1002101","class","AddressablesImpl.LoadResourceLocationKeysOp","15540","private class AddressablesImpl.LoadResourceLocationKeysOp : AsyncOperationBase<IList<IResourceLocation>> // TypeDefIndex: 15540"
"1002134","class","AddressablesImpl.","15541","private sealed class AddressablesImpl.<>c // TypeDefIndex: 15541"
"1002167","class","AddressablesImpl.","15542","private sealed class AddressablesImpl.<>c__114<TObject> // TypeDefIndex: 15542"
"1002211","class","AddressablesImpl.","15543","private sealed class AddressablesImpl.<>c__DisplayClass102_0 // TypeDefIndex: 15543"
"1002228","class","AddressablesImpl.","15544","private sealed class AddressablesImpl.<>c__DisplayClass105_0 // TypeDefIndex: 15544"
"1002245","class","AddressablesImpl.","15545","private sealed class AddressablesImpl.<>c__DisplayClass109_0 // TypeDefIndex: 15545"
"1002262","class","AddressablesImpl.","15546","private sealed class AddressablesImpl.<>c__DisplayClass111_0 // TypeDefIndex: 15546"
"1002280","class","AddressablesImpl.","15547","private sealed class AddressablesImpl.<>c__DisplayClass115_0 // TypeDefIndex: 15547"
"1002298","class","AddressablesImpl.","15548","private sealed class AddressablesImpl.<>c__DisplayClass116_0 // TypeDefIndex: 15548"
"1002316","class","AddressablesImpl.","15549","private sealed class AddressablesImpl.<>c__DisplayClass117_0 // TypeDefIndex: 15549"
"1002334","class","AddressablesImpl.","15550","private sealed class AddressablesImpl.<>c__DisplayClass122_0 // TypeDefIndex: 15550"
"1002352","class","AddressablesImpl.","15551","private sealed class AddressablesImpl.<>c__DisplayClass124_0 // TypeDefIndex: 15551"
"1002370","class","AddressablesImpl.","15552","private sealed class AddressablesImpl.<>c__DisplayClass127_0 // TypeDefIndex: 15552"
"1002391","class","AddressablesImpl.","15553","private sealed class AddressablesImpl.<>c__DisplayClass128_0 // TypeDefIndex: 15553"
"1002412","class","AddressablesImpl.","15554","private sealed class AddressablesImpl.<>c__DisplayClass134_0 // TypeDefIndex: 15554"
"1002430","class","AddressablesImpl.","15555","private sealed class AddressablesImpl.<>c__DisplayClass135_0 // TypeDefIndex: 15555"
"1002448","class","AddressablesImpl.","15556","private sealed class AddressablesImpl.<>c__DisplayClass139_0 // TypeDefIndex: 15556"
"1002465","class","AddressablesImpl.","15557","private sealed class AddressablesImpl.<>c__DisplayClass143_0 // TypeDefIndex: 15557"
"1002483","class","AddressablesImpl.","15558","private sealed class AddressablesImpl.<>c__DisplayClass148_0 // TypeDefIndex: 15558"
"1002501","class","AddressablesImpl.","15559","private sealed class AddressablesImpl.<>c__DisplayClass149_0 // TypeDefIndex: 15559"
"1002519","class","AddressablesImpl.","15560","private sealed class AddressablesImpl.<>c__DisplayClass61_0 // TypeDefIndex: 15560"
"1002535","class","AddressablesImpl.","15561","private sealed class AddressablesImpl.<>c__DisplayClass72_0 // TypeDefIndex: 15561"
"1002554","class","AddressablesImpl.","15562","private sealed class AddressablesImpl.<>c__DisplayClass78_0<TObject> // TypeDefIndex: 15562"
"1002587","class","AddressablesImpl.","15563","private sealed class AddressablesImpl.<>c__DisplayClass79_0<TObject> // TypeDefIndex: 15563"
"1002620","class","AddressablesImpl.","15564","private sealed class AddressablesImpl.<>c__DisplayClass83_0 // TypeDefIndex: 15564"
"1002639","class","AddressablesImpl.","15565","private sealed class AddressablesImpl.<>c__DisplayClass85_0 // TypeDefIndex: 15565"
"1002657","class","AddressablesImpl.","15566","private sealed class AddressablesImpl.<>c__DisplayClass88_0<TObject> // TypeDefIndex: 15566"
"1002692","class","AddressablesImpl.","15567","private sealed class AddressablesImpl.<>c__DisplayClass89_0<TObject> // TypeDefIndex: 15567"
"1002728","class","AddressablesImpl.","15568","private sealed class AddressablesImpl.<>c__DisplayClass91_0<TObject> // TypeDefIndex: 15568"
"1002757","class","AddressablesImpl.","15569","private sealed class AddressablesImpl.<>c__DisplayClass99_0 // TypeDefIndex: 15569"
"1002773","class","AddressablesImpl","15570","internal class AddressablesImpl : IEqualityComparer<IResourceLocation> // TypeDefIndex: 15570"
"1003779","enum","AddressablesPlatform","15588","public enum AddressablesPlatform // TypeDefIndex: 15588"
"1003797","class","PlatformMappingService","15589","public class PlatformMappingService // TypeDefIndex: 15589"
"1004122","class","ContentCatalogData.Serializer","15600","internal class ContentCatalogData.Serializer : BinaryStorageBuffer.ISerializationAdapter<ContentCatalogData>, BinaryStorageBuffer.ISerializationAdapter // TypeDefIndex: 15600"
"1004149","struct","ContentCatalogData.ResourceLocator.Header","15601","public struct ContentCatalogData.ResourceLocator.Header // TypeDefIndex: 15601"
"1004197","class","ContentCatalogData.ResourceLocator.ResourceLocation.ResolvedInternalIdSerializer","15605","public class ContentCatalogData.ResourceLocator.ResourceLocation.ResolvedInternalIdSerializer : BinaryStorageBuffer.ISerializationAdapter<ContentCatalogData.ResourceLocator.ResourceLocation.ResolvedInternalId>, BinaryStorageBuffer.ISerializationAdapter // TypeDefIndex: 15605"
"1004231","class","ContentCatalogData.ResourceLocator.ResourceLocation.Serializer","15607","public class ContentCatalogData.ResourceLocator.ResourceLocation.Serializer : BinaryStorageBuffer.ISerializationAdapter<ContentCatalogData.ResourceLocator.ResourceLocation>, BinaryStorageBuffer.ISerializationAdapter, BinaryStorageBuffer.ISerializationAdapter<ContentCatalogData.ResourceLocator.ContentCatalogDataEntrySerializationContext> // TypeDefIndex: 15607"
"1004402","struct","ContentCatalogData.AssetBundleRequestOptionsSerializationAdapter.SerializedData.Common","15611","public struct ContentCatalogData.AssetBundleRequestOptionsSerializationAdapter.SerializedData.Common // TypeDefIndex: 15611"
"1004451","struct","ContentCatalogData.AssetBundleRequestOptionsSerializationAdapter.SerializedData","15612","private struct ContentCatalogData.AssetBundleRequestOptionsSerializationAdapter.SerializedData // TypeDefIndex: 15612"
"1004462","class","ContentCatalogData.AssetBundleRequestOptionsSerializationAdapter","15613","internal class ContentCatalogData.AssetBundleRequestOptionsSerializationAdapter : BinaryStorageBuffer.ISerializationAdapter<AssetBundleRequestOptions>, BinaryStorageBuffer.ISerializationAdapter // TypeDefIndex: 15613"
"1004655","class","ResourceLocationMap.","15617","private sealed class ResourceLocationMap.<>c // TypeDefIndex: 15617"
"1004674","class","ResourceLocationMap","15618","public class ResourceLocationMap : IResourceLocator // TypeDefIndex: 15618"
"1004723","class","AddressablesRuntimeProperties","15619","public static class AddressablesRuntimeProperties // TypeDefIndex: 15619"
"1032097","class","AndroidAssetPackUseMobileDataRequestResult","15819","public class AndroidAssetPackUseMobileDataRequestResult // TypeDefIndex: 15819"
"1032113","class","AndroidAssetPacks.AssetPackManagerDownloadStatusCallback.","15820","private sealed class AndroidAssetPacks.AssetPackManagerDownloadStatusCallback.<>c // TypeDefIndex: 15820"
"1032136","class","AndroidAssetPacks.AssetPackManagerDownloadStatusCallback","15821","private class AndroidAssetPacks.AssetPackManagerDownloadStatusCallback : AndroidJavaProxy // TypeDefIndex: 15821"
"1032214","enum","PermissionCallbacks.Result","15826","private enum PermissionCallbacks.Result // TypeDefIndex: 15826"
"1032225","class","PermissionCallbacks","15827","public class PermissionCallbacks : AndroidJavaProxy // TypeDefIndex: 15827"
"1032286","struct","Permission","15828","public struct Permission // TypeDefIndex: 15828"
"1032572","enum","AndroidHardwareKeyboardHidden","15833","public enum AndroidHardwareKeyboardHidden // TypeDefIndex: 15833"
"1032582","enum","AndroidKeyboard","15834","public enum AndroidKeyboard // TypeDefIndex: 15834"
"1032593","enum","AndroidKeyboardHidden","15835","public enum AndroidKeyboardHidden // TypeDefIndex: 15835"
"1032860","class","MonoWebRequestHandler.","15852","private sealed class MonoWebRequestHandler.<>c // TypeDefIndex: 15852"
"1032888","struct","MonoWebRequestHandler.","15853","private struct MonoWebRequestHandler.<SendAsync>d__99 : IAsyncStateMachine // TypeDefIndex: 15853"
"1032917","class","MonoWebRequestHandler","15854","internal class MonoWebRequestHandler : IMonoHttpClientHandler, IDisposable // TypeDefIndex: 15854"
"1033235","class","HttpContent.FixedMemoryStream","15864","private sealed class HttpContent.FixedMemoryStream : MemoryStream // TypeDefIndex: 15864"
"1033257","struct","HttpContent.","15865","private struct HttpContent.<CreateContentReadStreamAsync>d__12 : IAsyncStateMachine // TypeDefIndex: 15865"
"1033277","struct","HttpContent.","15866","private struct HttpContent.<LoadIntoBufferAsync>d__17 : IAsyncStateMachine // TypeDefIndex: 15866"
"1033298","struct","HttpContent.","15867","private struct HttpContent.<ReadAsStreamAsync>d__18 : IAsyncStateMachine // TypeDefIndex: 15867"
"1033318","struct","HttpContent.","15868","private struct HttpContent.<ReadAsByteArrayAsync>d__19 : IAsyncStateMachine // TypeDefIndex: 15868"
"1033338","struct","HttpContent.","15869","private struct HttpContent.<ReadAsStringAsync>d__20 : IAsyncStateMachine // TypeDefIndex: 15869"
"1033531","class","HttpRequestException","15874","public class HttpRequestException : Exception // TypeDefIndex: 15874"
"1033546","class","HttpRequestMessage","15875","public class HttpRequestMessage : IDisposable // TypeDefIndex: 15875"
"1033748","class","AuthenticationHeaderValue","15879","public class AuthenticationHeaderValue : ICloneable // TypeDefIndex: 15879"
"1033807","class","CacheControlHeaderValue","15880","public class CacheControlHeaderValue : ICloneable // TypeDefIndex: 15880"
"1034088","class","ContentDispositionHeaderValue","15884","public class ContentDispositionHeaderValue : ICloneable // TypeDefIndex: 15884"
"1034125","class","ContentRangeHeaderValue","15885","public class ContentRangeHeaderValue : ICloneable // TypeDefIndex: 15885"
"1034191","class","EntityTagHeaderValue","15886","public class EntityTagHeaderValue : ICloneable // TypeDefIndex: 15886"
"1034348","class","HeaderInfo.HeaderTypeInfo","15890","private class HeaderInfo.HeaderTypeInfo<T, U> : HeaderInfo // TypeDefIndex: 15890"
"1034472","class","HeaderInfo.CollectionHeaderTypeInfo","15891","private class HeaderInfo.CollectionHeaderTypeInfo<T, U> : HeaderInfo.HeaderTypeInfo<T, U> // TypeDefIndex: 15891"
"1034519","class","HeaderInfo","15892","internal abstract class HeaderInfo // TypeDefIndex: 15892"
"1034596","class","HttpContentHeaders","15893","public sealed class HttpContentHeaders : HttpHeaders // TypeDefIndex: 15893"
"1034629","enum","HttpHeaderKind","15894","internal enum HttpHeaderKind // TypeDefIndex: 15894"
"1034640","class","HttpHeaderValueCollection","15895","public sealed class HttpHeaderValueCollection<T> : ICollection<T>, IEnumerable<T>, IEnumerable // TypeDefIndex: 15895"
"1034785","class","HttpHeaders.HeaderBucket","15896","private class HttpHeaders.HeaderBucket // TypeDefIndex: 15896"
"1034816","class","HttpHeaders.","15897","private sealed class HttpHeaders.<GetEnumerator>d__19 : IEnumerator<KeyValuePair<string, IEnumerable<string>>>, IDisposable, IEnumerator // TypeDefIndex: 15897"
"1034858","class","HttpHeaders","15898","public abstract class HttpHeaders : IEnumerable<KeyValuePair<string, IEnumerable<string>>>, IEnumerable // TypeDefIndex: 15898"
"1035006","class","HttpRequestHeaders.","15899","private sealed class HttpRequestHeaders.<>c // TypeDefIndex: 15899"
"1035037","class","HttpRequestHeaders","15900","public sealed class HttpRequestHeaders : HttpHeaders // TypeDefIndex: 15900"
"1035112","class","HttpResponseHeaders","15901","public sealed class HttpResponseHeaders : HttpHeaders // TypeDefIndex: 15901"
"1035281","class","MediaTypeHeaderValue.","15905","private sealed class MediaTypeHeaderValue.<>c // TypeDefIndex: 15905"
"1035300","class","MediaTypeHeaderValue","15906","public class MediaTypeHeaderValue : ICloneable // TypeDefIndex: 15906"
"1035354","class","MediaTypeWithQualityHeaderValue","15907","public sealed class MediaTypeWithQualityHeaderValue : MediaTypeHeaderValue // TypeDefIndex: 15907"
"1035369","class","NameValueHeaderValue","15908","public class NameValueHeaderValue : ICloneable // TypeDefIndex: 15908"
"1035434","class","NameValueWithParametersHeaderValue","15909","public class NameValueWithParametersHeaderValue : NameValueHeaderValue, ICloneable // TypeDefIndex: 15909"
"1035523","class","Parser.EmailAddress","15913","public static class Parser.EmailAddress // TypeDefIndex: 15913"
"1035616","class","ProductHeaderValue","15922","public class ProductHeaderValue : ICloneable // TypeDefIndex: 15922"
"1035669","class","ProductInfoHeaderValue","15923","public class ProductInfoHeaderValue : ICloneable // TypeDefIndex: 15923"
"1035725","class","RangeConditionHeaderValue","15924","public class RangeConditionHeaderValue : ICloneable // TypeDefIndex: 15924"
"1035778","class","RangeHeaderValue","15925","public class RangeHeaderValue : ICloneable // TypeDefIndex: 15925"
"1035819","class","RangeItemHeaderValue","15926","public class RangeItemHeaderValue : ICloneable // TypeDefIndex: 15926"
"1035866","class","RetryConditionHeaderValue","15927","public class RetryConditionHeaderValue : ICloneable // TypeDefIndex: 15927"
"1035919","class","StringWithQualityHeaderValue","15928","public class StringWithQualityHeaderValue : ICloneable // TypeDefIndex: 15928"
"1035975","class","TransferCodingHeaderValue","15929","public class TransferCodingHeaderValue : ICloneable // TypeDefIndex: 15929"
"1036019","class","TransferCodingWithQualityHeaderValue","15930","public sealed class TransferCodingWithQualityHeaderValue : TransferCodingHeaderValue // TypeDefIndex: 15930"
"1036034","class","ViaHeaderValue","15931","public class ViaHeaderValue : ICloneable // TypeDefIndex: 15931"
"1036109","class","WarningHeaderValue","15932","public class WarningHeaderValue : ICloneable // TypeDefIndex: 15932"
"1036506","class","RequestParameterAttribute","15944","public class RequestParameterAttribute : Attribute // TypeDefIndex: 15944"
"1036532","enum","RequestParameterType","15945","public enum RequestParameterType // TypeDefIndex: 15945"
"1036638","struct","TaskExtensions.","15948","private struct TaskExtensions.<>c__DisplayClass0_0.<<WithCancellationToken>g__ImplAsync|0>d<T> : IAsyncStateMachine // TypeDefIndex: 15948"
"1036676","class","TaskExtensions.","15949","private sealed class TaskExtensions.<>c__DisplayClass0_0<T> // TypeDefIndex: 15949"
"1036710","class","TaskExtensions.","15950","private sealed class TaskExtensions.<>c__DisplayClass0_1<T> // TypeDefIndex: 15950"
"1036742","class","TaskExtensions","15951","internal static class TaskExtensions // TypeDefIndex: 15951"
"1036939","class","RequestBuilder.","15957","private sealed class RequestBuilder.<>c // TypeDefIndex: 15957"
"1036958","class","RequestBuilder","15958","public class RequestBuilder // TypeDefIndex: 15958"
"1037045","enum","RequestError.ErrorCodes","15959","public enum RequestError.ErrorCodes // TypeDefIndex: 15959"
"1037053","class","RequestError","15960","public class RequestError // TypeDefIndex: 15960"
"1037546","enum","LogLevel","15972","public enum LogLevel // TypeDefIndex: 15972"
"1037559","class","MemoryLogger","15973","public sealed class MemoryLogger : BaseLogger, ILogger // TypeDefIndex: 15973"
"1039111","struct","StreamInterceptionHandler.InterceptingStream.","16018","private struct StreamInterceptionHandler.InterceptingStream.<ReadAsync>d__15 : IAsyncStateMachine // TypeDefIndex: 16018"
"1039358","struct","StreamReplacingHttpContent.","16028","private struct StreamReplacingHttpContent.<CreateContentReadStreamAsync>d__5 : IAsyncStateMachine // TypeDefIndex: 16028"
"1039986","enum","MaxSdkBase.AdViewPosition","16047","public enum MaxSdkBase.AdViewPosition // TypeDefIndex: 16047"
"1040002","class","MaxSdkBase.AdViewConfiguration","16048","public class MaxSdkBase.AdViewConfiguration // TypeDefIndex: 16048"
"1040145","struct","MaxSdkBase.Reward","16050","public struct MaxSdkBase.Reward // TypeDefIndex: 16050"
"1040181","enum","MaxSdkBase.MaxAdLoadState","16052","public enum MaxSdkBase.MaxAdLoadState // TypeDefIndex: 16052"
"1040191","class","MaxSdkBase.AdInfo","16053","public class MaxSdkBase.AdInfo // TypeDefIndex: 16053"
"1040829","class","AdPositionExtenstion","16064","internal static class AdPositionExtenstion // TypeDefIndex: 16064"
"1040974","class","MaxSdkCallbacks.Rewarded","16067","public static class MaxSdkCallbacks.Rewarded // TypeDefIndex: 16067"
"1041832","enum","WebRequestType","16092","public enum WebRequestType // TypeDefIndex: 16092"
"1041841","class","WebRequestConfig","16093","public class WebRequestConfig // TypeDefIndex: 16093"
"1041989","class","MaxWebRequest.","16095","private sealed class MaxWebRequest.<>c // TypeDefIndex: 16095"
"1042013","class","MaxWebRequest.","16096","private sealed class MaxWebRequest.<>c__DisplayClass5_0 // TypeDefIndex: 16096"
"1042029","class","MaxWebRequest.","16097","private sealed class MaxWebRequest.<>c__DisplayClass6_0 // TypeDefIndex: 16097"
"1042045","class","MaxWebRequest.","16098","private sealed class MaxWebRequest.<Send>d__5 : IEnumerator<object>, IEnumerator, IDisposable // TypeDefIndex: 16098"
"1042085","class","MaxWebRequest.","16099","private sealed class MaxWebRequest.<SendInternal>d__8 : IEnumerator<object>, IEnumerator, IDisposable // TypeDefIndex: 16099"
"1042133","class","MaxWebRequest","16100","public class MaxWebRequest // TypeDefIndex: 16100"
"1042169","class","MaxWebRequestExtension.","16101","private sealed class MaxWebRequestExtension.<SendAndWait>d__0 : IEnumerator<object>, IEnumerator, IDisposable // TypeDefIndex: 16101"
"1042208","class","MaxWebRequestExtension","16102","public static class MaxWebRequestExtension // TypeDefIndex: 16102"
"1042310","class","IJobParallelForBatchExtensions.JobParallelForBatchProducer.ExecuteJobFunction","16112","internal sealed class IJobParallelForBatchExtensions.JobParallelForBatchProducer.ExecuteJobFunction<T> : MulticastDelegate // TypeDefIndex: 16112"
"1042416","struct","IJobParallelForBatchExtensions.JobParallelForBatchProducer","16113","internal struct IJobParallelForBatchExtensions.JobParallelForBatchProducer<T> // TypeDefIndex: 16113"
"1042874","struct","AllocatorManager.Block","16119","public struct AllocatorManager.Block : IDisposable // TypeDefIndex: 16119"
"1046039","struct","Memory.Unmanaged.Array","16153","internal struct Memory.Unmanaged.Array // TypeDefIndex: 16153"
"1046103","struct","Memory.Unmanaged","16154","internal struct Memory.Unmanaged // TypeDefIndex: 16154"
"1046164","struct","Memory","16155","internal struct Memory // TypeDefIndex: 16155"
"1046245","struct","NativeHashMapDispose","16159","internal struct NativeHashMapDispose // TypeDefIndex: 16159"
"1046260","struct","NativeHashMapDisposeJob","16160","internal struct NativeHashMapDisposeJob : IJob // TypeDefIndex: 16160"
"1046287","struct","NativeHashMap","16162","public struct NativeHashMap<TKey, TValue> : IDisposable, IEnumerable<KVPair<TKey, TValue>>, IEnumerable // TypeDefIndex: 16162"
"1046413","class","NativeHashMapDebuggerTypeProxy","16163","internal sealed class NativeHashMapDebuggerTypeProxy<TKey, TValue> // TypeDefIndex: 16163"
"1046420","struct","NativeHashSet.ReadOnly","16164","public struct NativeHashSet.ReadOnly<T> : IEnumerable<T>, IEnumerable // TypeDefIndex: 16164"
"1050305","struct","NativeParallelHashMap.ReadOnly","16175","public struct NativeParallelHashMap.ReadOnly<TKey, TValue> : IEnumerable<KeyValue<TKey, TValue>>, IEnumerable // TypeDefIndex: 16175"
"1050480","struct","NativeParallelHashMap.ParallelWriter","16176","public struct NativeParallelHashMap.ParallelWriter<TKey, TValue> // TypeDefIndex: 16176"
"1050523","struct","NativeParallelHashMap.Enumerator","16177","public struct NativeParallelHashMap.Enumerator<TKey, TValue> : IEnumerator<KeyValue<TKey, TValue>>, IEnumerator, IDisposable // TypeDefIndex: 16177"
"1050701","struct","NativeParallelHashMap","16178","public struct NativeParallelHashMap<TKey, TValue> : IDisposable, IEnumerable<KeyValue<TKey, TValue>>, IEnumerable // TypeDefIndex: 16178"
"1051293","class","NativeParallelHashMapDebuggerTypeProxy","16179","internal sealed class NativeParallelHashMapDebuggerTypeProxy<TKey, TValue> // TypeDefIndex: 16179"
"1051298","struct","NativeParallelMultiHashMapIterator","16180","public struct NativeParallelMultiHashMapIterator<TKey> // TypeDefIndex: 16180"
"1051310","struct","NativeParallelMultiHashMap","16181","public struct NativeParallelMultiHashMap<TKey, TValue> : IDisposable, IEnumerable<KeyValue<TKey, TValue>>, IEnumerable // TypeDefIndex: 16181"
"1051445","class","NativeParallelMultiHashMapDebuggerTypeProxy","16182","internal sealed class NativeParallelMultiHashMapDebuggerTypeProxy<TKey, TValue> // TypeDefIndex: 16182"
"1051929","struct","SortJob.SegmentSortMerge","16193","public struct SortJob.SegmentSortMerge<T, U> : IJob // TypeDefIndex: 16193"
"1052142","struct","UnsafeQueueBlockHeader","16205","internal struct UnsafeQueueBlockHeader // TypeDefIndex: 16205"
"1052539","struct","HashMapHelper","16214","internal struct HashMapHelper<TKey> // TypeDefIndex: 16214"
"1052736","struct","UnsafeHashMap","16215","public struct UnsafeHashMap<TKey, TValue> : IDisposable, IEnumerable<KVPair<TKey, TValue>>, IEnumerable // TypeDefIndex: 16215"
"1052794","class","UnsafeHashMapDebuggerTypeProxy","16216","internal sealed class UnsafeHashMapDebuggerTypeProxy<TKey, TValue> // TypeDefIndex: 16216"
"1055902","struct","UnsafeParallelHashMapData","16221","internal struct UnsafeParallelHashMapData // TypeDefIndex: 16221"
"1056051","struct","UnsafeParallelHashMapDataDispose","16222","internal struct UnsafeParallelHashMapDataDispose // TypeDefIndex: 16222"
"1056066","struct","UnsafeParallelHashMapDataDisposeJob","16223","internal struct UnsafeParallelHashMapDataDisposeJob : IJob // TypeDefIndex: 16223"
"1056079","struct","UnsafeParallelHashMapBase","16224","internal struct UnsafeParallelHashMapBase<TKey, TValue> // TypeDefIndex: 16224"
"1056522","struct","UnsafeParallelHashMapDataEnumerator","16226","internal struct UnsafeParallelHashMapDataEnumerator // TypeDefIndex: 16226"
"1056577","struct","UnsafeParallelHashMap.ParallelWriter","16227","public struct UnsafeParallelHashMap.ParallelWriter<TKey, TValue> // TypeDefIndex: 16227"
"1056625","struct","UnsafeParallelHashMap","16228","public struct UnsafeParallelHashMap<TKey, TValue> : IDisposable, IEnumerable<KeyValue<TKey, TValue>>, IEnumerable // TypeDefIndex: 16228"
"1057093","struct","UnsafeParallelHashMapDisposeJob","16229","internal struct UnsafeParallelHashMapDisposeJob : IJob // TypeDefIndex: 16229"
"1057107","class","UnsafeParallelHashMapDebuggerTypeProxy","16230","internal sealed class UnsafeParallelHashMapDebuggerTypeProxy<TKey, TValue> // TypeDefIndex: 16230"
"1057113","struct","UnsafeParallelMultiHashMap","16231","public struct UnsafeParallelMultiHashMap<TKey, TValue> : IDisposable, IEnumerable<KeyValue<TKey, TValue>>, IEnumerable // TypeDefIndex: 16231"
"1057251","class","UnsafeParallelMultiHashMapDebuggerTypeProxy","16232","internal sealed class UnsafeParallelMultiHashMapDebuggerTypeProxy<TKey, TValue> // TypeDefIndex: 16232"
"1057316","struct","UnsafeStreamBlock.","16235","public struct UnsafeStreamBlock.<Data>e__FixedBuffer // TypeDefIndex: 16235"
"1057324","struct","UnsafeStreamBlock","16236","internal struct UnsafeStreamBlock // TypeDefIndex: 16236"
"1057346","struct","UnsafeStreamBlockData","16238","internal struct UnsafeStreamBlockData // TypeDefIndex: 16238"
"1057876","class","PreloadedProjectSettings","16260","public abstract class PreloadedProjectSettings : ScriptableObject // TypeDefIndex: 16260"
"1057885","class","PreloadedProjectSettings","16261","public abstract class PreloadedProjectSettings<T> : PreloadedProjectSettings // TypeDefIndex: 16261"
"1058790","class","ShaderVariantRegistry.StringPair","16282","internal class ShaderVariantRegistry.StringPair : IEquatable<ShaderVariantRegistry.StringPair> // TypeDefIndex: 16282"
"1058813","class","ShaderVariantRegistry","16283","public class ShaderVariantRegistry // TypeDefIndex: 16283"
"1059329","class","UISoftMaskProjectSettings","16295","public class UISoftMaskProjectSettings : PreloadedProjectSettings<UISoftMaskProjectSettings> // TypeDefIndex: 16295"
"1059971","class","SoftMaskableShaderGraphSupportFeature","16304","public class SoftMaskableShaderGraphSupportFeature : ScriptableRendererFeature // TypeDefIndex: 16304"
"1060364","class","StringStringMap.StringStringMapEnumerator","16322","public sealed class StringStringMap.StringStringMapEnumerator : IEnumerator, IEnumerator<KeyValuePair<string, string>>, IDisposable // TypeDefIndex: 16322"
"1060400","class","StringStringMap","16323","internal class StringStringMap : IDisposable, IDictionary<string, string>, ICollection<KeyValuePair<string, string>>, IEnumerable<KeyValuePair<string, string>>, IEnumerable // TypeDefIndex: 16323"
"1061125","enum","LogLevel","16339","public enum LogLevel // TypeDefIndex: 16339"
"1061153","class","VariantVariantMap.VariantVariantMapEnumerator","16341","public sealed class VariantVariantMap.VariantVariantMapEnumerator : IEnumerator, IEnumerator<KeyValuePair<Variant, Variant>>, IDisposable // TypeDefIndex: 16341"
"1061189","class","VariantVariantMap","16342","internal class VariantVariantMap : IDisposable, IDictionary<Variant, Variant>, ICollection<KeyValuePair<Variant, Variant>>, IEnumerable<KeyValuePair<Variant, Variant>>, IEnumerable // TypeDefIndex: 16342"
"1062211","class","PreloadedProjectSettings","16365","public abstract class PreloadedProjectSettings : ScriptableObject // TypeDefIndex: 16365"
"1062220","class","PreloadedProjectSettings","16366","public abstract class PreloadedProjectSettings<T> : PreloadedProjectSettings // TypeDefIndex: 16366"
"1063079","enum","AnimatableProperty.ShaderPropertyType","16386","public enum AnimatableProperty.ShaderPropertyType // TypeDefIndex: 16386"
"1063662","class","UIParticleProjectSettings","16396","public class UIParticleProjectSettings : PreloadedProjectSettings<UIParticleProjectSettings> // TypeDefIndex: 16396"
"1064254","class","InfiniteScroll.ItemActiveEvent","16421","public class InfiniteScroll.ItemActiveEvent : UnityEvent<int, bool> // TypeDefIndex: 16421"
"1064725","class","InfiniteScrollItem","16427","public class InfiniteScrollItem : MonoBehaviour // TypeDefIndex: 16427"
"1065425","class","WebCacheImage.LoadTextureEvent","16453","public class WebCacheImage.LoadTextureEvent : UnityEvent<Texture> // TypeDefIndex: 16453"
"1066466","enum","CacheRequestType","16479","public enum CacheRequestType // TypeDefIndex: 16479"
"1066641","class","CacheRequestConfiguration","16484","public class CacheRequestConfiguration // TypeDefIndex: 16484"
"1066702","class","CacheRequestOperation","16485","public class CacheRequestOperation : CustomYieldInstruction // TypeDefIndex: 16485"
"1068054","class","CacheStorageSample.","16512","private sealed class CacheStorageSample.<TestUnityWebRequest>d__33 : IEnumerator<object>, IEnumerator, IDisposable // TypeDefIndex: 16512"
"1069300","enum","GlyphLoadFlags","16538","public enum GlyphLoadFlags // TypeDefIndex: 16538"
"1069826","struct","GlyphAdjustmentRecord","16549","public struct GlyphAdjustmentRecord : IEquatable<GlyphAdjustmentRecord> // TypeDefIndex: 16549"
"1069868","struct","GlyphPairAdjustmentRecord","16550","public struct GlyphPairAdjustmentRecord : IEquatable<GlyphPairAdjustmentRecord> // TypeDefIndex: 16550"
"1069952","struct","MarkPositionAdjustment","16552","internal struct MarkPositionAdjustment // TypeDefIndex: 16552"
"1069985","struct","MarkToBaseAdjustmentRecord","16553","internal struct MarkToBaseAdjustmentRecord // TypeDefIndex: 16553"
"1070038","struct","MarkToMarkAdjustmentRecord","16554","internal struct MarkToMarkAdjustmentRecord // TypeDefIndex: 16554"
"1070152","class","WebRequestUtils","16558","internal static class WebRequestUtils // TypeDefIndex: 16558"
"1070337","class","DownloadHandler.BindingsMarshaller","16563","internal static class DownloadHandler.BindingsMarshaller // TypeDefIndex: 16563"
"1070347","class","DownloadHandler","16564","public class DownloadHandler : IDisposable // TypeDefIndex: 16564"
"1070463","class","DownloadHandlerBuffer","16565","public sealed class DownloadHandlerBuffer : DownloadHandler // TypeDefIndex: 16565"
"1070488","class","DownloadHandlerFile","16566","public sealed class DownloadHandlerFile : DownloadHandler // TypeDefIndex: 16566"
"1070516","class","UnityWebRequestAsyncOperation.BindingsMarshaller","16567","internal static class UnityWebRequestAsyncOperation.BindingsMarshaller // TypeDefIndex: 16567"
"1070528","class","UnityWebRequestAsyncOperation","16568","public class UnityWebRequestAsyncOperation : AsyncOperation // TypeDefIndex: 16568"
"1070553","enum","UnityWebRequest.UnityWebRequestMethod","16569","internal enum UnityWebRequest.UnityWebRequestMethod // TypeDefIndex: 16569"
"1070565","enum","UnityWebRequest.UnityWebRequestError","16570","internal enum UnityWebRequest.UnityWebRequestError // TypeDefIndex: 16570"
"1070613","enum","UnityWebRequest.Result","16571","public enum UnityWebRequest.Result // TypeDefIndex: 16571"
"1070625","class","UnityWebRequest.BindingsMarshaller","16572","internal static class UnityWebRequest.BindingsMarshaller // TypeDefIndex: 16572"
"1070635","class","UnityWebRequest","16573","public class UnityWebRequest : IDisposable // TypeDefIndex: 16573"
"1070999","class","UploadHandler.BindingsMarshaller","16574","internal static class UploadHandler.BindingsMarshaller // TypeDefIndex: 16574"
"1071009","class","UploadHandler","16575","public class UploadHandler : IDisposable // TypeDefIndex: 16575"
"1071035","class","UploadHandlerRaw","16576","public sealed class UploadHandlerRaw : UploadHandler // TypeDefIndex: 16576"
"1071172","interface","Event.IMapFn","16582","private interface Event.IMapFn<TOutputType> // TypeDefIndex: 16582"
"1071186","struct","Event.MapAsObject","16583","private struct Event.MapAsObject : Event.IMapFn<IEventProperties> // TypeDefIndex: 16583"
"1071218","struct","Event.MapAsEventSource","16584","private struct Event.MapAsEventSource : Event.IMapFn<EventSource> // TypeDefIndex: 16584"
"1071250","struct","Event.MapAsEventModifiers","16585","private struct Event.MapAsEventModifiers : Event.IMapFn<EventModifiers> // TypeDefIndex: 16585"
"1072768","class","EmptyAnalyticsAdapter","16631","internal class EmptyAnalyticsAdapter : IAnalyticsAdapter // TypeDefIndex: 16631"
"1072783","interface","IAnalyticsAdapter","16632","internal interface IAnalyticsAdapter // TypeDefIndex: 16632"
"1072819","class","LegacyAnalyticsAdapter","16635","internal class LegacyAnalyticsAdapter : IAnalyticsAdapter // TypeDefIndex: 16635"
"1072837","class","LegacyAnalyticsWrapper","16636","internal class LegacyAnalyticsWrapper : IAnalyticsAdapter, ICoreServicesEnvironmentObserver // TypeDefIndex: 16636"
"1073379","class","ProductMetadata","16656","public class ProductMetadata // TypeDefIndex: 16656"
"1073463","class","PurchaseEventArgs","16658","public class PurchaseEventArgs // TypeDefIndex: 16658"
"1073487","enum","PurchaseFailureReason","16659","public enum PurchaseFailureReason // TypeDefIndex: 16659"
"1073502","enum","PurchaseProcessingResult","16660","public enum PurchaseProcessingResult // TypeDefIndex: 16660"
"1073884","class","ProductPurchaseUpdater","16672","internal static class ProductPurchaseUpdater // TypeDefIndex: 16672"
"1073995","class","IapTelemetryException","16680","internal class IapTelemetryException : Exception // TypeDefIndex: 16680"
"1074477","class","PurchaseFailureDescription","16702","public class PurchaseFailureDescription // TypeDefIndex: 16702"
"1074672","class","XContainer.ContentReader","16711","private sealed class XContainer.ContentReader // TypeDefIndex: 16711"
"1075436","enum","LoadOptions","16729","public enum LoadOptions // TypeDefIndex: 16729"
"1075448","enum","SaveOptions","16730","public enum SaveOptions // TypeDefIndex: 16730"
"1077730","class","BigQueryClientImpl.RawRowList","16791","internal sealed class BigQueryClientImpl.RawRowList : IList<TableDataInsertAllRequest.RowsData>, ICollection<TableDataInsertAllRequest.RowsData>, IEnumerable<TableDataInsertAllRequest.RowsData>, IEnumerable // TypeDefIndex: 16791"
"1079235","struct","ContactPairHeader","16835","public struct ContactPairHeader // TypeDefIndex: 16835"
"1079355","enum","CollisionPairHeaderFlags","16838","internal enum CollisionPairHeaderFlags // TypeDefIndex: 16838"
"1080305","class","InvalidTimeFormat","16857","public class InvalidTimeFormat : IAPSecurityException // TypeDefIndex: 16857"
"1080314","class","InvalidX509Data","16858","public class InvalidX509Data : IAPSecurityException // TypeDefIndex: 16858"
"1080323","class","StoreNotSupportedException","16859","public class StoreNotSupportedException : IAPSecurityException // TypeDefIndex: 16859"
"1080332","class","InvalidBundleIdException","16860","public class InvalidBundleIdException : IAPSecurityException // TypeDefIndex: 16860"
"1080341","class","InvalidReceiptDataException","16861","public class InvalidReceiptDataException : IAPSecurityException // TypeDefIndex: 16861"
"1080350","class","MissingStoreSecretException","16862","public class MissingStoreSecretException : IAPSecurityException // TypeDefIndex: 16862"
"1080359","class","InvalidPublicKeyException","16863","public class InvalidPublicKeyException : IAPSecurityException // TypeDefIndex: 16863"
"1080368","class","GenericValidationException","16864","public class GenericValidationException : IAPSecurityException // TypeDefIndex: 16864"
"1080398","enum","GooglePurchaseState","16866","public enum GooglePurchaseState // TypeDefIndex: 16866"
"1080409","class","GooglePlayReceipt","16867","public class GooglePlayReceipt : IPurchaseReceipt // TypeDefIndex: 16867"
"1080631","class","InvalidPKCS7Data","16873","public class InvalidPKCS7Data : IAPSecurityException // TypeDefIndex: 16873"
"1080640","class","UnsupportedSignerInfoVersion","16874","public class UnsupportedSignerInfoVersion : IAPSecurityException // TypeDefIndex: 16874"
"1080688","class","InvalidRSAData","16876","public class InvalidRSAData : IAPSecurityException // TypeDefIndex: 16876"
"1080884","class","SingularAdData.AdPlatforms","16886","public static class SingularAdData.AdPlatforms // TypeDefIndex: 16886"
"1080896","class","SingularAdData","16887","public class SingularAdData : Dictionary<string, object> // TypeDefIndex: 16887"
"1081490","enum","SingularUnityLogger.LogLevel","16900","public enum SingularUnityLogger.LogLevel // TypeDefIndex: 16900"
"1082180","struct","JniApi","16916","internal struct JniApi // TypeDefIndex: 16916"
"1082563","class","AndroidReceivedNotificationMainThreadDispatcher","16926","public class AndroidReceivedNotificationMainThreadDispatcher : MonoBehaviour // TypeDefIndex: 16926"
"1082592","enum","PermissionStatus","16927","public enum PermissionStatus // TypeDefIndex: 16927"
"1082605","class","PermissionRequest","16928","public class PermissionRequest // TypeDefIndex: 16928"
"1082647","interface","IUnityThreadUtils","16930","public interface IUnityThreadUtils : IServiceComponent // TypeDefIndex: 16930"
"1082759","class","TaskAsyncOperation","16944","internal class TaskAsyncOperation : AsyncOperationBase // TypeDefIndex: 16944"
"1083305","enum","DependencyTreeInitializeOrderSorter.ExplorationMark","16961","private enum DependencyTreeInitializeOrderSorter.ExplorationMark // TypeDefIndex: 16961"
"1083315","struct","DependencyTreeInitializeOrderSorter","16962","internal struct DependencyTreeInitializeOrderSorter // TypeDefIndex: 16962"
"1083990","class","UnityWebRequestUtils.","16988","private sealed class UnityWebRequestUtils.<>c__DisplayClass2_0 // TypeDefIndex: 16988"
"1084006","class","UnityWebRequestUtils","16989","internal static class UnityWebRequestUtils // TypeDefIndex: 16989"
"1086650","class","ResumableUpload","17067","public abstract class ResumableUpload // TypeDefIndex: 17067"
"1086689","class","ResumableUpload","17068","public class ResumableUpload<TRequest> : ResumableUpload // TypeDefIndex: 17068"
"1086785","class","ResumableUpload","17069","public class ResumableUpload<TRequest, TResponse> : ResumableUpload<TRequest> // TypeDefIndex: 17069"
"1086802","class","ResumableUploadOptions","17070","public sealed class ResumableUploadOptions // TypeDefIndex: 17070"
"1087266","class","ClientServiceRequest","17078","public abstract class ClientServiceRequest // TypeDefIndex: 17078"
"1087297","struct","ClientServiceRequest.","17079","private struct ClientServiceRequest.<ExecuteAsync>d__31<TResponse> : IAsyncStateMachine // TypeDefIndex: 17079"
"1087336","struct","ClientServiceRequest.","17080","private struct ClientServiceRequest.<ExecuteUnparsedAsync>d__34<TResponse> : IAsyncStateMachine // TypeDefIndex: 17080"
"1087374","struct","ClientServiceRequest.","17081","private struct ClientServiceRequest.<ParseResponse>d__35<TResponse> : IAsyncStateMachine // TypeDefIndex: 17081"
"1087411","class","ClientServiceRequest","17082","public abstract class ClientServiceRequest<TResponse> : ClientServiceRequest // TypeDefIndex: 17082"
"1087671","class","HttpRequestMessageExtenstions","17083","internal static class HttpRequestMessageExtenstions // TypeDefIndex: 17083"
"1087704","class","VersionHeaderBuilder.","17085","private sealed class VersionHeaderBuilder.<>c // TypeDefIndex: 17085"
"1087727","class","VersionHeaderBuilder","17086","public sealed class VersionHeaderBuilder // TypeDefIndex: 17086"
"1089213","struct","BurstString.tBigInt.","17131","public struct BurstString.tBigInt.<m_blocks>e__FixedBuffer // TypeDefIndex: 17131"
"1090127","enum","AdditionalCanvasShaderChannels","17160","public enum AdditionalCanvasShaderChannels // TypeDefIndex: 17160"
"1090530","struct","ParticleSystem.EmissionModule","17167","public struct ParticleSystem.EmissionModule // TypeDefIndex: 17167"
"1090848","struct","ParticleSystem.MinMaxGradient","17174","public struct ParticleSystem.MinMaxGradient // TypeDefIndex: 17174"
"1090875","struct","ParticleSystem.MinMaxGradientBlittable","17175","internal struct ParticleSystem.MinMaxGradientBlittable // TypeDefIndex: 17175"
"1091208","enum","ParticleSystemGradientMode","17182","public enum ParticleSystemGradientMode // TypeDefIndex: 17182"
"1091248","enum","ParticleSystemStopBehavior","17186","public enum ParticleSystemStopBehavior // TypeDefIndex: 17186"
"1091268","enum","ParticleSystemBakeMeshOptions","17188","public enum ParticleSystemBakeMeshOptions // TypeDefIndex: 17188"
"1091384","class","GroupShopSampleScrollItemData","17194","public class GroupShopSampleScrollItemData : InfiniteScrollData // TypeDefIndex: 17194"
"1091397","class","GroupShopSampleScrollltem","17195","public class GroupShopSampleScrollltem : InfiniteScrollItem // TypeDefIndex: 17195"
"1091419","class","ShopSampleScrollItemData","17196","public class ShopSampleScrollItemData : InfiniteScrollData // TypeDefIndex: 17196"
"1091436","class","ShopSampleScrollItem","17197","public class ShopSampleScrollItem : InfiniteScrollItem // TypeDefIndex: 17197"
"1091667","class","TestItemData","17205","public class TestItemData : InfiniteScrollData // TypeDefIndex: 17205"
"1091680","class","TestItem","17206","public class TestItem : InfiniteScrollItem // TypeDefIndex: 17206"
"1091828","class","GroupShopSampleScrollPage","17212","public class GroupShopSampleScrollPage : MonoBehaviour // TypeDefIndex: 17212"
"1091848","class","ShopSampleScrollPage","17213","public class ShopSampleScrollPage : MonoBehaviour // TypeDefIndex: 17213"
"1091968","class","ItemGroupData","17220","public class ItemGroupData : CustumTabDataSample // TypeDefIndex: 17220"
"1091984","class","ItemData","17221","public class ItemData // TypeDefIndex: 17221"
"1092123","class","WebCacheImageSampleItem","17228","public class WebCacheImageSampleItem : InfiniteScrollItem // TypeDefIndex: 17228"
"1092337","class","Metadata","17238","internal class Metadata // TypeDefIndex: 17238"
"1092368","class","MetadataBuilder","17239","internal class MetadataBuilder // TypeDefIndex: 17239"
"1094343","interface","IAppConfigExtensions","17296","internal interface IAppConfigExtensions // TypeDefIndex: 17296"
"1094413","enum","PlatformLogLevel","17301","internal enum PlatformLogLevel // TypeDefIndex: 17301"
"1094471","class","MainThreadProperty","17304","internal class MainThreadProperty<T> // TypeDefIndex: 17304"
"1094866","class","AppConfigExtensions","17314","internal class AppConfigExtensions : IAppConfigExtensions // TypeDefIndex: 17314"
"1094971","class","TCP2_CameraDepth","17322","public class TCP2_CameraDepth : MonoBehaviour // TypeDefIndex: 17322"
"1095232","class","TCP2_ShaderUpdateUnityTime","17327","public class TCP2_ShaderUpdateUnityTime : MonoBehaviour // TypeDefIndex: 17327"
"1095338","class","TextGenerator.BindingsMarshaller","17336","internal static class TextGenerator.BindingsMarshaller // TypeDefIndex: 17336"
"1095349","class","TextGenerator","17337","public sealed class TextGenerator : IDisposable // TypeDefIndex: 17337"
"1095506","enum","TextGeneratorType","17339","public enum TextGeneratorType // TypeDefIndex: 17339"
"1096152","class","ITilemap","17361","public class ITilemap // TypeDefIndex: 17361"
"1096307","struct","Tilemap.SyncTile","17365","public struct Tilemap.SyncTile // TypeDefIndex: 17365"
"1096316","struct","Tilemap.SyncTileCallbackSettings","17366","internal struct Tilemap.SyncTileCallbackSettings // TypeDefIndex: 17366"
"1096332","class","Tilemap","17367","public sealed class Tilemap : GridLayout // TypeDefIndex: 17367"
"1096486","class","TilemapRenderer","17370","public sealed class TilemapRenderer : Renderer // TypeDefIndex: 17370"
"1096666","enum","AllIn1Shader.ShaderTypes","17379","public enum AllIn1Shader.ShaderTypes // TypeDefIndex: 17379"
"1096678","enum","AllIn1Shader.AfterSetAction","17380","private enum AllIn1Shader.AfterSetAction // TypeDefIndex: 17380"
"1096691","class","AllIn1Shader","17381","public class AllIn1Shader : MonoBehaviour // TypeDefIndex: 17381"
"1096989","class","TerrainCallbacks.HeightmapChangedCallback","17391","public sealed class TerrainCallbacks.HeightmapChangedCallback : MulticastDelegate // TypeDefIndex: 17391"
"1097104","enum","TerrainMapStatusCode","17396","internal enum TerrainMapStatusCode // TypeDefIndex: 17396"
"1097130","class","TerrainMap.","17398","private sealed class TerrainMap.<>c__DisplayClass3_0 // TypeDefIndex: 17398"
"1097145","class","TerrainMap","17399","public class TerrainMap // TypeDefIndex: 17399"
"1097809","class","LoadingBar.","17427","private sealed class LoadingBar.<FillUntilDone>d__12 : IEnumerator<object>, IEnumerator, IDisposable // TypeDefIndex: 17427"
"1097854","class","LoadingBar","17428","public class LoadingBar : MonoBehaviour // TypeDefIndex: 17428"
"1097893","class","LoadingScreen.","17429","private sealed class LoadingScreen.<AttemptAssetBundleDownloadsCo>d__11 : IEnumerator<object>, IEnumerator, IDisposable // TypeDefIndex: 17429"
"1097934","class","LoadingScreen.","17430","private sealed class LoadingScreen.<GetAssetBundle>d__12 : IEnumerator<object>, IEnumerator, IDisposable // TypeDefIndex: 17430"
"1097974","class","LoadingScreen","17431","public class LoadingScreen : MonoBehaviour // TypeDefIndex: 17431"
"1098523","class","MetalPatchShaderComputeBufferAnalytic","17454","public class MetalPatchShaderComputeBufferAnalytic : AnalyticsEventBase // TypeDefIndex: 17454"
"1098600","class","PackageManagerBaseAnalytic","17458","public class PackageManagerBaseAnalytic : AnalyticsEventBase // TypeDefIndex: 17458"
"1098620","class","PackageManagerAddPackageAnalytic","17459","public class PackageManagerAddPackageAnalytic : PackageManagerBaseAnalytic // TypeDefIndex: 17459"
"1098636","class","PackageManagerTestAnalytic","17460","public class PackageManagerTestAnalytic : PackageManagerBaseAnalytic // TypeDefIndex: 17460"
"1098652","class","PackageManagerRemovePackageAnalytic","17461","public class PackageManagerRemovePackageAnalytic : PackageManagerBaseAnalytic // TypeDefIndex: 17461"
"1098668","class","PackageManagerResolvePackageAnalytic","17462","public class PackageManagerResolvePackageAnalytic : PackageManagerBaseAnalytic // TypeDefIndex: 17462"
"1098692","class","PackageManagerEmbedPackageAnalytic","17463","public class PackageManagerEmbedPackageAnalytic : PackageManagerBaseAnalytic // TypeDefIndex: 17463"
"1098708","class","PackageManagerResetPackageAnalytic","17464","public class PackageManagerResetPackageAnalytic : PackageManagerBaseAnalytic // TypeDefIndex: 17464"
"1098724","class","PackageManagerResolveErrorPackageAnalytic","17465","public class PackageManagerResolveErrorPackageAnalytic : PackageManagerBaseAnalytic // TypeDefIndex: 17465"
"1098744","class","PackageManagerStartServerPackageAnalytic","17466","public class PackageManagerStartServerPackageAnalytic : PackageManagerBaseAnalytic // TypeDefIndex: 17466"
"1099003","class","AudioClip.PCMReaderCallback","17478","public sealed class AudioClip.PCMReaderCallback : MulticastDelegate // TypeDefIndex: 17478"
"1099486","class","VFXSpawnerCallbacks","17502","public abstract class VFXSpawnerCallbacks : ScriptableObject // TypeDefIndex: 17502"
"1099506","class","VFXSpawnerState","17503","public sealed class VFXSpawnerState : IDisposable // TypeDefIndex: 17503"
"1099655","class","ThreadAndSerializationSafeAttribute","17511","internal class ThreadAndSerializationSafeAttribute : Attribute // TypeDefIndex: 17511"
"1099788","class","NativeHeaderAttribute","17519","internal class NativeHeaderAttribute : Attribute // TypeDefIndex: 17519"
"1100049","class","ThreadSafeAttribute","17530","internal class ThreadSafeAttribute : NativeMethodAttribute // TypeDefIndex: 17530"
"1100153","class","PreventReadOnlyInstanceModificationAttribute","17535","internal class PreventReadOnlyInstanceModificationAttribute : Attribute // TypeDefIndex: 17535"
"1100742","class","AssetBundleCreateRequest.BindingsMarshaller","17551","internal static class AssetBundleCreateRequest.BindingsMarshaller // TypeDefIndex: 17551"
"1100756","class","AssetBundleCreateRequest","17552","public class AssetBundleCreateRequest : AsyncOperation // TypeDefIndex: 17552"
"1100781","class","AssetBundleRequest.BindingsMarshaller","17554","internal static class AssetBundleRequest.BindingsMarshaller // TypeDefIndex: 17554"
"1100795","class","AssetBundleRequest","17555","public class AssetBundleRequest : ResourceRequest // TypeDefIndex: 17555"
"1100825","class","AssetBundleUnloadOperation.BindingsMarshaller","17556","internal static class AssetBundleUnloadOperation.BindingsMarshaller // TypeDefIndex: 17556"
"1100839","class","AssetBundleUnloadOperation","17557","public class AssetBundleUnloadOperation : AsyncOperation // TypeDefIndex: 17557"
"1100899","class","AppleAuthManager","17562","public class AppleAuthManager : IAppleAuthManager // TypeDefIndex: 17562"
"1100951","interface","IAppleAuthManager","17564","public interface IAppleAuthManager // TypeDefIndex: 17564"
"1100981","class","AppleError","17565","internal class AppleError : IAppleError, ISerializationCallbackReceiver // TypeDefIndex: 17565"
"1101034","class","AppleIDCredential","17566","internal class AppleIDCredential : IAppleIDCredential, ICredential, ISerializationCallbackReceiver // TypeDefIndex: 17566"
"1101229","class","PayloadDeserializer","17571","public class PayloadDeserializer : IPayloadDeserializer // TypeDefIndex: 17571"
"1101335","interface","IAppleError","17574","public interface IAppleError // TypeDefIndex: 17574"
"1101367","interface","IAppleIDCredential","17575","public interface IAppleIDCredential : ICredential // TypeDefIndex: 17575"
"1101471","interface","IPayloadDeserializer","17580","public interface IPayloadDeserializer // TypeDefIndex: 17580"
"1101773","interface","ILeaderboard","17606","public interface ILeaderboard // TypeDefIndex: 17606"
"1101872","class","Leaderboard","17611","public class Leaderboard : ILeaderboard // TypeDefIndex: 17611"
"1102189","class","UnityWebRequestAssetBundle","17619","public static class UnityWebRequestAssetBundle // TypeDefIndex: 17619"
"1102213","class","DownloadHandlerAssetBundle.BindingsMarshaller","17620","internal static class DownloadHandlerAssetBundle.BindingsMarshaller // TypeDefIndex: 17620"
"1102223","class","DownloadHandlerAssetBundle","17621","public sealed class DownloadHandlerAssetBundle : DownloadHandler // TypeDefIndex: 17621"
"1102572","class","PlayServicesTask","17635","public class PlayServicesTask<TAndroidJava> : IDisposable // TypeDefIndex: 17635"
"1102649","class","TaskOnFailureListener.","17636","private sealed class TaskOnFailureListener.<>c // TypeDefIndex: 17636"
"1102669","class","TaskOnFailureListener.","17637","private sealed class TaskOnFailureListener.<>c__DisplayClass4_0 // TypeDefIndex: 17637"
"1102686","class","TaskOnFailureListener","17638","public class TaskOnFailureListener : AndroidJavaProxy // TypeDefIndex: 17638"
"1102712","class","TaskOnSuccessListener.","17639","private sealed class TaskOnSuccessListener.<>c<TAndroidJava> // TypeDefIndex: 17639"
"1102756","class","TaskOnSuccessListener.","17640","private sealed class TaskOnSuccessListener.<>c__DisplayClass4_0<TAndroidJava> // TypeDefIndex: 17640"
"1102788","class","TaskOnSuccessListener","17641","public class TaskOnSuccessListener<TAndroidJava> : AndroidJavaProxy // TypeDefIndex: 17641"
"1102865","class","ClientBuilderBase.ExtraHeadersInitializer","17646","private class ClientBuilderBase.ExtraHeadersInitializer<TClient> : IConfigurableHttpClientInitializer // TypeDefIndex: 17646"
"1102896","class","ClientBuilderBase.ExtraHeadersInterceptor","17647","private class ClientBuilderBase.ExtraHeadersInterceptor<TClient> : IHttpExecuteInterceptor // TypeDefIndex: 17647"
"1103370","enum","DownloadedTextureFlags","17657","public enum DownloadedTextureFlags // TypeDefIndex: 17657"
"1103381","struct","DownloadedTextureParams","17658","public struct DownloadedTextureParams // TypeDefIndex: 17658"
"1103404","class","DownloadHandlerTexture.BindingsMarshaller","17659","internal static class DownloadHandlerTexture.BindingsMarshaller // TypeDefIndex: 17659"
"1103414","class","DownloadHandlerTexture","17660","public sealed class DownloadHandlerTexture : DownloadHandler // TypeDefIndex: 17660"
"1103457","class","UnityWebRequestTexture","17661","public static class UnityWebRequestTexture // TypeDefIndex: 17661"
"1103898","class","TaskExtensions","17683","public static class TaskExtensions // TypeDefIndex: 17683"
"1103922","class","VersionHeaderBuilder.","17684","private sealed class VersionHeaderBuilder.<>c // TypeDefIndex: 17684"
"1103941","class","VersionHeaderBuilder","17685","public sealed class VersionHeaderBuilder // TypeDefIndex: 17685"
"1104055","class","SpriteMask","17692","public sealed class SpriteMask : Renderer // TypeDefIndex: 17692"
"1104061","class","SpriteMaskUtility","17693","internal static class SpriteMaskUtility // TypeDefIndex: 17693"
"1105106","interface","IConfigurationLoader","17736","internal interface IConfigurationLoader // TypeDefIndex: 17736"
"1105154","struct","StreamingAssetsConfigurationLoader.","17739","private struct StreamingAssetsConfigurationLoader.<GetConfigAsync>d__2 : IAsyncStateMachine // TypeDefIndex: 17739"
"1105173","class","StreamingAssetsConfigurationLoader","17740","internal class StreamingAssetsConfigurationLoader : IConfigurationLoader // TypeDefIndex: 17740"
"1105414","class","UnityThreadUtils","17753","internal static class UnityThreadUtils // TypeDefIndex: 17753"
"1105878","class","ReviewPlayServicesTaskManager","17769","internal class ReviewPlayServicesTaskManager : IDisposable // TypeDefIndex: 17769"
"1106025","enum","DebugMipMapStatusMode","17781","public enum DebugMipMapStatusMode // TypeDefIndex: 17781"
"1106035","enum","DebugMipMapModeTerrainTexture","17782","public enum DebugMipMapModeTerrainTexture // TypeDefIndex: 17782"
"1106132","struct","ShaderInput.LightData","17789","public struct ShaderInput.LightData // TypeDefIndex: 17789"
"1106144","class","ShaderInput","17790","public static class ShaderInput // TypeDefIndex: 17790"
"1106221","class","UnityAdsIdentifier","17795","internal class UnityAdsIdentifier : IUserIdentifierProvider // TypeDefIndex: 17795"
"1106350","class","AppleInAppPurchaseReceipt","17800","public class AppleInAppPurchaseReceipt : IPurchaseReceipt // TypeDefIndex: 17800"
"1106476","class","IAPSecurityException","17801","public class IAPSecurityException : Exception // TypeDefIndex: 17801"
"1106488","class","InvalidSignatureException","17802","public class InvalidSignatureException : IAPSecurityException // TypeDefIndex: 17802"
"1106497","interface","IPurchaseReceipt","17803","public interface IPurchaseReceipt // TypeDefIndex: 17803"
"1106585","interface","IWindowsIAPCallback","17810","public interface IWindowsIAPCallback // TypeDefIndex: 17810"
"1106589","interface","IWindowsIAP","17811","public interface IWindowsIAP // TypeDefIndex: 17811"
"1106730","enum","ConfigurationSaveMode","17816","public enum ConfigurationSaveMode // TypeDefIndex: 17816"
"1107097","class","UnityThreadUtilsInternal","17843","internal class UnityThreadUtilsInternal : IUnityThreadUtils, IServiceComponent // TypeDefIndex: 17843"
