source,type,name,path_id,output,kind
resources\assets\yoo\Default\0bcc4da62515a79e1155dcc2ffadc493.bundle,TextAsset,monster_003q_shadow.skel,-48611572880542615,reverse-output\assets\unitypy-textasset-dryrun\by_container\Assets\Game\RawAssets\Spine\MonsterQ\monster_003q\monster_003q_shadow\monster_003q_shadow.skel.bytes,dry-run
resources\assets\yoo\Default\0bcc4da62515a79e1155dcc2ffadc493.bundle,TextAsset,monster_003q_shadow.atlas,2170522889401135880,reverse-output\assets\unitypy-textasset-dryrun\by_container\Assets\Game\RawAssets\Spine\MonsterQ\monster_003q\monster_003q_shadow\monster_003q_shadow.atlas.txt,dry-run
resources\assets\yoo\Default\0c552c7c0c1eb480149466e789630acb.bundle,TextAsset,monster_001q.atlas,-115384583865303527,reverse-output\assets\unitypy-textasset-dryrun\by_container\Assets\Game\RawAssets\Spine\MonsterQ\monster_001q\monster_001q.atlas.txt,dry-run
resources\assets\yoo\Default\0c552c7c0c1eb480149466e789630acb.bundle,TextAsset,monster_001q.skel,3931314584114428781,reverse-output\assets\unitypy-textasset-dryrun\by_container\Assets\Game\RawAssets\Spine\MonsterQ\monster_001q\monster_001q.skel.bytes,dry-run
resources\assets\yoo\Default\0e17667d9fe32b4d7e5089b9e88ccc94.bundle,TextAsset,monster_002q_shadow.skel,-5936336895642344268,reverse-output\assets\unitypy-textasset-dryrun\by_container\Assets\Game\RawAssets\Spine\MonsterQ\monster_002q\monster_002q_shadow\monster_002q_shadow.skel.bytes,dry-run
resources\assets\yoo\Default\0e17667d9fe32b4d7e5089b9e88ccc94.bundle,TextAsset,monster_002q_shadow.atlas,645856454408812495,reverse-output\assets\unitypy-textasset-dryrun\by_container\Assets\Game\RawAssets\Spine\MonsterQ\monster_002q\monster_002q_shadow\monster_002q_shadow.atlas.txt,dry-run
resources\assets\yoo\Default\10820497425fdd49aeecc19c67541eb8.bundle,TextAsset,hero_026q.skel,-7336779722575741199,reverse-output\assets\unitypy-textasset-dryrun\by_container\Assets\Game\RawAssets\Spine\HeroQ\hero_026q\hero_026q.skel.bytes,dry-run
resources\assets\yoo\Default\10820497425fdd49aeecc19c67541eb8.bundle,TextAsset,hero_026q.atlas,6346610794727151395,reverse-output\assets\unitypy-textasset-dryrun\by_container\Assets\Game\RawAssets\Spine\HeroQ\hero_026q\hero_026q.atlas.txt,dry-run
resources\assets\yoo\Default\10a996a3e776fd5aae56db475e049e42.bundle,TextAsset,monster_021q.atlas,2675959366205967428,reverse-output\assets\unitypy-textasset-dryrun\by_container\Assets\Game\RawAssets\Spine\MonsterQ\monster_021q\monster_021q.atlas.txt,dry-run
resources\assets\yoo\Default\10a996a3e776fd5aae56db475e049e42.bundle,TextAsset,monster_021q.skel,8041199919279857277,reverse-output\assets\unitypy-textasset-dryrun\by_container\Assets\Game\RawAssets\Spine\MonsterQ\monster_021q\monster_021q.skel.bytes,dry-run
resources\assets\yoo\Default\21e53c68ff1e1abc02e95ccb18bc09fe.bundle,TextAsset,hero_021q.atlas,-534717908490320736,reverse-output\assets\unitypy-textasset-dryrun\by_container\Assets\Game\RawAssets\Spine\HeroQ\hero_021q\hero_021q.atlas.txt,dry-run
resources\assets\yoo\Default\21e53c68ff1e1abc02e95ccb18bc09fe.bundle,TextAsset,hero_021q.skel,115638652446657382,reverse-output\assets\unitypy-textasset-dryrun\by_container\Assets\Game\RawAssets\Spine\HeroQ\hero_021q\hero_021q.skel.bytes,dry-run
resources\assets\yoo\Default\2e3df696605d5fa957ef65281beb54aa.bundle,TextAsset,jiantou_01.skel,3811019906929617619,reverse-output\assets\unitypy-textasset-dryrun\by_container\Assets\Game\RawAssets\Spine\Other\jiantou_01\jiantou_01.skel.bytes,dry-run
resources\assets\yoo\Default\2e3df696605d5fa957ef65281beb54aa.bundle,TextAsset,jiantou_01.atlas,7814949895114971004,reverse-output\assets\unitypy-textasset-dryrun\by_container\Assets\Game\RawAssets\Spine\Other\jiantou_01\jiantou_01.atlas.txt,dry-run
resources\assets\yoo\Default\324fcda729f678d13d6dea7bf868e1bc.bundle,TextAsset,favor_goods,-9219918639105621383,reverse-output\assets\unitypy-textasset-dryrun\by_container\Assets\Game\Static\favor_goods.bytes,dry-run
resources\assets\yoo\Default\324fcda729f678d13d6dea7bf868e1bc.bundle,TextAsset,rogue_manual,-9187335986469667156,reverse-output\assets\unitypy-textasset-dryrun\by_container\Assets\Game\Static\rogue_manual.bytes,dry-run
resources\assets\yoo\Default\324fcda729f678d13d6dea7bf868e1bc.bundle,TextAsset,recommend_gift,-9122451209234693303,reverse-output\assets\unitypy-textasset-dryrun\by_container\Assets\Game\Static\recommend_gift.bytes,dry-run
resources\assets\yoo\Default\324fcda729f678d13d6dea7bf868e1bc.bundle,TextAsset,power_dash_rank,-9003615711110418502,reverse-output\assets\unitypy-textasset-dryrun\by_container\Assets\Game\Static\power_dash_rank.bytes,dry-run
resources\assets\yoo\Default\324fcda729f678d13d6dea7bf868e1bc.bundle,TextAsset,chat_face,-8987549421999386950,reverse-output\assets\unitypy-textasset-dryrun\by_container\Assets\Game\Static\chat_face.bytes,dry-run
resources\assets\yoo\Default\324fcda729f678d13d6dea7bf868e1bc.bundle,TextAsset,bury_point_gift,-8971012048484657610,reverse-output\assets\unitypy-textasset-dryrun\by_container\Assets\Game\Static\bury_point_gift.bytes,dry-run
resources\assets\yoo\Default\324fcda729f678d13d6dea7bf868e1bc.bundle,TextAsset,button_unlock,-8967508806325984545,reverse-output\assets\unitypy-textasset-dryrun\by_container\Assets\Game\Static\button_unlock.bytes,dry-run
resources\assets\yoo\Default\324fcda729f678d13d6dea7bf868e1bc.bundle,TextAsset,pass_exp_type,-8710492452865791769,reverse-output\assets\unitypy-textasset-dryrun\by_container\Assets\Game\Static\pass_exp_type.bytes,dry-run
resources\assets\yoo\Default\324fcda729f678d13d6dea7bf868e1bc.bundle,TextAsset,mecha_transform,-8704558676373267767,reverse-output\assets\unitypy-textasset-dryrun\by_container\Assets\Game\Static\mecha_transform.bytes,dry-run
resources\assets\yoo\Default\324fcda729f678d13d6dea7bf868e1bc.bundle,TextAsset,server_arena_level,-8692549718929599544,reverse-output\assets\unitypy-textasset-dryrun\by_container\Assets\Game\Static\server_arena_level.bytes,dry-run
resources\assets\yoo\Default\324fcda729f678d13d6dea7bf868e1bc.bundle,TextAsset,legionexpedition_level_damage,-8544885798912691670,reverse-output\assets\unitypy-textasset-dryrun\by_container\Assets\Game\Static\legionexpedition_level_damage.bytes,dry-run
resources\assets\yoo\Default\324fcda729f678d13d6dea7bf868e1bc.bundle,TextAsset,hero_attribute_up,-8522504908545672222,reverse-output\assets\unitypy-textasset-dryrun\by_container\Assets\Game\Static\hero_attribute_up.bytes,dry-run
resources\assets\yoo\Default\324fcda729f678d13d6dea7bf868e1bc.bundle,TextAsset,world_jc,-8506756186493958232,reverse-output\assets\unitypy-textasset-dryrun\by_container\Assets\Game\Static\world_jc.bytes,dry-run
resources\assets\yoo\Default\324fcda729f678d13d6dea7bf868e1bc.bundle,TextAsset,investment,-8492838628693231475,reverse-output\assets\unitypy-textasset-dryrun\by_container\Assets\Game\Static\investment.bytes,dry-run
resources\assets\yoo\Default\324fcda729f678d13d6dea7bf868e1bc.bundle,TextAsset,accumulativeconsumeconfig_1,-8491041025310919878,reverse-output\assets\unitypy-textasset-dryrun\by_container\Assets\Game\Static\accumulativeconsumeconfig_1.bytes,dry-run
resources\assets\yoo\Default\324fcda729f678d13d6dea7bf868e1bc.bundle,TextAsset,expedition_investment,-8487536925902716266,reverse-output\assets\unitypy-textasset-dryrun\by_container\Assets\Game\Static\expedition_investment.bytes,dry-run
resources\assets\yoo\Default\324fcda729f678d13d6dea7bf868e1bc.bundle,TextAsset,gal_hero_skin,-8222736693718181409,reverse-output\assets\unitypy-textasset-dryrun\by_container\Assets\Game\Static\gal_hero_skin.bytes,dry-run
resources\assets\yoo\Default\324fcda729f678d13d6dea7bf868e1bc.bundle,TextAsset,skin,-8222701410084591708,reverse-output\assets\unitypy-textasset-dryrun\by_container\Assets\Game\Static\skin.bytes,dry-run
resources\assets\yoo\Default\324fcda729f678d13d6dea7bf868e1bc.bundle,TextAsset,seven_quest,-8188163196158646988,reverse-output\assets\unitypy-textasset-dryrun\by_container\Assets\Game\Static\seven_quest.bytes,dry-run
resources\assets\yoo\Default\324fcda729f678d13d6dea7bf868e1bc.bundle,TextAsset,cht,-8180768291720204572,reverse-output\assets\unitypy-textasset-dryrun\by_container\Assets\Game\Static\cht.bytes,dry-run
resources\assets\yoo\Default\324fcda729f678d13d6dea7bf868e1bc.bundle,TextAsset,quiz_team,-8143247106920614454,reverse-output\assets\unitypy-textasset-dryrun\by_container\Assets\Game\Static\quiz_team.bytes,dry-run
resources\assets\yoo\Default\324fcda729f678d13d6dea7bf868e1bc.bundle,TextAsset,slug_attribute,-8130366373456453448,reverse-output\assets\unitypy-textasset-dryrun\by_container\Assets\Game\Static\slug_attribute.bytes,dry-run
resources\assets\yoo\Default\324fcda729f678d13d6dea7bf868e1bc.bundle,TextAsset,rule_lang,-8018870500408616906,reverse-output\assets\unitypy-textasset-dryrun\by_container\Assets\Game\Static\rule_lang.bytes,dry-run
resources\assets\yoo\Default\324fcda729f678d13d6dea7bf868e1bc.bundle,TextAsset,adwatch,-7965637671583415728,reverse-output\assets\unitypy-textasset-dryrun\by_container\Assets\Game\Static\adwatch.bytes,dry-run
resources\assets\yoo\Default\324fcda729f678d13d6dea7bf868e1bc.bundle,TextAsset,exclusive_weapon,-7939831076395783127,reverse-output\assets\unitypy-textasset-dryrun\by_container\Assets\Game\Static\exclusive_weapon.bytes,dry-run
resources\assets\yoo\Default\324fcda729f678d13d6dea7bf868e1bc.bundle,TextAsset,first_kill_team,-7914914636735971058,reverse-output\assets\unitypy-textasset-dryrun\by_container\Assets\Game\Static\first_kill_team.bytes,dry-run
resources\assets\yoo\Default\324fcda729f678d13d6dea7bf868e1bc.bundle,TextAsset,LegionGVG_fort,-7898389715073404422,reverse-output\assets\unitypy-textasset-dryrun\by_container\Assets\Game\Static\LegionGVG_fort.bytes,dry-run
resources\assets\yoo\Default\324fcda729f678d13d6dea7bf868e1bc.bundle,TextAsset,hero_login,-7886132503231076878,reverse-output\assets\unitypy-textasset-dryrun\by_container\Assets\Game\Static\hero_login.bytes,dry-run
resources\assets\yoo\Default\324fcda729f678d13d6dea7bf868e1bc.bundle,TextAsset,shelter_room,-7837996055898424839,reverse-output\assets\unitypy-textasset-dryrun\by_container\Assets\Game\Static\shelter_room.bytes,dry-run
resources\assets\yoo\Default\324fcda729f678d13d6dea7bf868e1bc.bundle,TextAsset,q_action,-7836477000854767928,reverse-output\assets\unitypy-textasset-dryrun\by_container\Assets\Game\Static\q_action.bytes,dry-run
resources\assets\yoo\Default\324fcda729f678d13d6dea7bf868e1bc.bundle,TextAsset,achievement_stage,-7834803338468494572,reverse-output\assets\unitypy-textasset-dryrun\by_container\Assets\Game\Static\achievement_stage.bytes,dry-run
resources\assets\yoo\Default\324fcda729f678d13d6dea7bf868e1bc.bundle,TextAsset,login_investment_level,-7737709125478291674,reverse-output\assets\unitypy-textasset-dryrun\by_container\Assets\Game\Static\login_investment_level.bytes,dry-run
resources\assets\yoo\Default\324fcda729f678d13d6dea7bf868e1bc.bundle,TextAsset,optional_growup_hero,-7714823242275062620,reverse-output\assets\unitypy-textasset-dryrun\by_container\Assets\Game\Static\optional_growup_hero.bytes,dry-run
resources\assets\yoo\Default\324fcda729f678d13d6dea7bf868e1bc.bundle,TextAsset,pop_ups,-7708692128084708603,reverse-output\assets\unitypy-textasset-dryrun\by_container\Assets\Game\Static\pop_ups.bytes,dry-run
resources\assets\yoo\Default\324fcda729f678d13d6dea7bf868e1bc.bundle,TextAsset,frequently_asked_question,-7655461248165504115,reverse-output\assets\unitypy-textasset-dryrun\by_container\Assets\Game\Static\frequently_asked_question.bytes,dry-run
resources\assets\yoo\Default\324fcda729f678d13d6dea7bf868e1bc.bundle,TextAsset,draw_sound,-7594850474198868166,reverse-output\assets\unitypy-textasset-dryrun\by_container\Assets\Game\Static\draw_sound.bytes,dry-run
resources\assets\yoo\Default\324fcda729f678d13d6dea7bf868e1bc.bundle,TextAsset,rogue_eventline,-7575654914377616224,reverse-output\assets\unitypy-textasset-dryrun\by_container\Assets\Game\Static\rogue_eventline.bytes,dry-run
resources\assets\yoo\Default\324fcda729f678d13d6dea7bf868e1bc.bundle,TextAsset,accontinuousconfig_1,-7454878696563349721,reverse-output\assets\unitypy-textasset-dryrun\by_container\Assets\Game\Static\accontinuousconfig_1.bytes,dry-run
resources\assets\yoo\Default\324fcda729f678d13d6dea7bf868e1bc.bundle,TextAsset,servers,-7426146049632230978,reverse-output\assets\unitypy-textasset-dryrun\by_container\Assets\Game\Static\servers.bytes,dry-run
resources\assets\yoo\Default\324fcda729f678d13d6dea7bf868e1bc.bundle,TextAsset,ds,-7352215194879819819,reverse-output\assets\unitypy-textasset-dryrun\by_container\Assets\Game\Static\ds.bytes,dry-run
resources\assets\yoo\Default\324fcda729f678d13d6dea7bf868e1bc.bundle,TextAsset,faq_tips,-7221753229439312603,reverse-output\assets\unitypy-textasset-dryrun\by_container\Assets\Game\Static\faq_tips.bytes,dry-run
resources\assets\yoo\Default\324fcda729f678d13d6dea7bf868e1bc.bundle,TextAsset,gal_chat,-7186334190903502933,reverse-output\assets\unitypy-textasset-dryrun\by_container\Assets\Game\Static\gal_chat.bytes,dry-run
resources\assets\yoo\Default\324fcda729f678d13d6dea7bf868e1bc.bundle,TextAsset,legion_quest,-7087254751238577645,reverse-output\assets\unitypy-textasset-dryrun\by_container\Assets\Game\Static\legion_quest.bytes,dry-run
resources\assets\yoo\Default\324fcda729f678d13d6dea7bf868e1bc.bundle,TextAsset,expedition,-6819216759859434124,reverse-output\assets\unitypy-textasset-dryrun\by_container\Assets\Game\Static\expedition.bytes,dry-run
resources\assets\yoo\Default\324fcda729f678d13d6dea7bf868e1bc.bundle,TextAsset,multi_team_arena_coordinates,-6805612691693930548,reverse-output\assets\unitypy-textasset-dryrun\by_container\Assets\Game\Static\multi_team_arena_coordinates.bytes,dry-run
resources\assets\yoo\Default\324fcda729f678d13d6dea7bf868e1bc.bundle,TextAsset,illustrate_halidom,-6734848537435427729,reverse-output\assets\unitypy-textasset-dryrun\by_container\Assets\Game\Static\illustrate_halidom.bytes,dry-run
resources\assets\yoo\Default\324fcda729f678d13d6dea7bf868e1bc.bundle,TextAsset,rogue_special_transition,-6730269171769956042,reverse-output\assets\unitypy-textasset-dryrun\by_container\Assets\Game\Static\rogue_special_transition.bytes,dry-run
resources\assets\yoo\Default\324fcda729f678d13d6dea7bf868e1bc.bundle,TextAsset,accontinuousconfig_2,-6658885980499741058,reverse-output\assets\unitypy-textasset-dryrun\by_container\Assets\Game\Static\accontinuousconfig_2.bytes,dry-run
resources\assets\yoo\Default\324fcda729f678d13d6dea7bf868e1bc.bundle,TextAsset,acstrongestkingdomscoreconfig,-6552558531767613864,reverse-output\assets\unitypy-textasset-dryrun\by_container\Assets\Game\Static\acstrongestkingdomscoreconfig.bytes,dry-run
resources\assets\yoo\Default\324fcda729f678d13d6dea7bf868e1bc.bundle,TextAsset,rogue_sweep,-6533910734598097540,reverse-output\assets\unitypy-textasset-dryrun\by_container\Assets\Game\Static\rogue_sweep.bytes,dry-run
resources\assets\yoo\Default\324fcda729f678d13d6dea7bf868e1bc.bundle,TextAsset,activity_panel,-6485890809862942997,reverse-output\assets\unitypy-textasset-dryrun\by_container\Assets\Game\Static\activity_panel.bytes,dry-run
resources\assets\yoo\Default\324fcda729f678d13d6dea7bf868e1bc.bundle,TextAsset,characters,-6397162007375786166,reverse-output\assets\unitypy-textasset-dryrun\by_container\Assets\Game\Static\characters.bytes,dry-run
resources\assets\yoo\Default\324fcda729f678d13d6dea7bf868e1bc.bundle,TextAsset,acdailydealsconfig_1,-6272024775078844167,reverse-output\assets\unitypy-textasset-dryrun\by_container\Assets\Game\Static\acdailydealsconfig_1.bytes,dry-run
resources\assets\yoo\Default\324fcda729f678d13d6dea7bf868e1bc.bundle,TextAsset,slug,-6208614391196242948,reverse-output\assets\unitypy-textasset-dryrun\by_container\Assets\Game\Static\slug.bytes,dry-run
resources\assets\yoo\Default\324fcda729f678d13d6dea7bf868e1bc.bundle,TextAsset,ac_limit_drawconfig,-6123839617668553445,reverse-output\assets\unitypy-textasset-dryrun\by_container\Assets\Game\Static\ac_limit_drawconfig.bytes,dry-run
resources\assets\yoo\Default\324fcda729f678d13d6dea7bf868e1bc.bundle,TextAsset,LegionGVG_reward,-6038927136718002652,reverse-output\assets\unitypy-textasset-dryrun\by_container\Assets\Game\Static\LegionGVG_reward.bytes,dry-run
resources\assets\yoo\Default\324fcda729f678d13d6dea7bf868e1bc.bundle,TextAsset,gal_map_event,-6033583210313385531,reverse-output\assets\unitypy-textasset-dryrun\by_container\Assets\Game\Static\gal_map_event.bytes,dry-run
resources\assets\yoo\Default\324fcda729f678d13d6dea7bf868e1bc.bundle,TextAsset,conquer_chapter,-5931050324062411346,reverse-output\assets\unitypy-textasset-dryrun\by_container\Assets\Game\Static\conquer_chapter.bytes,dry-run
resources\assets\yoo\Default\324fcda729f678d13d6dea7bf868e1bc.bundle,TextAsset,gal_favor_level,-5887029157029181186,reverse-output\assets\unitypy-textasset-dryrun\by_container\Assets\Game\Static\gal_favor_level.bytes,dry-run
resources\assets\yoo\Default\324fcda729f678d13d6dea7bf868e1bc.bundle,TextAsset,monopoly_rank,-5882582575003170931,reverse-output\assets\unitypy-textasset-dryrun\by_container\Assets\Game\Static\monopoly_rank.bytes,dry-run
resources\assets\yoo\Default\324fcda729f678d13d6dea7bf868e1bc.bundle,TextAsset,gal_gallery,-5843591650974972065,reverse-output\assets\unitypy-textasset-dryrun\by_container\Assets\Game\Static\gal_gallery.bytes,dry-run
resources\assets\yoo\Default\324fcda729f678d13d6dea7bf868e1bc.bundle,TextAsset,battle_skill_entry,-5808114887064237438,reverse-output\assets\unitypy-textasset-dryrun\by_container\Assets\Game\Static\battle_skill_entry.bytes,dry-run
resources\assets\yoo\Default\324fcda729f678d13d6dea7bf868e1bc.bundle,TextAsset,gal_memory,-5766378648491118097,reverse-output\assets\unitypy-textasset-dryrun\by_container\Assets\Game\Static\gal_memory.bytes,dry-run
resources\assets\yoo\Default\324fcda729f678d13d6dea7bf868e1bc.bundle,TextAsset,goods_use_limit,-5750607245276790893,reverse-output\assets\unitypy-textasset-dryrun\by_container\Assets\Game\Static\goods_use_limit.bytes,dry-run
resources\assets\yoo\Default\324fcda729f678d13d6dea7bf868e1bc.bundle,TextAsset,festival_login,-5714842945667320329,reverse-output\assets\unitypy-textasset-dryrun\by_container\Assets\Game\Static\festival_login.bytes,dry-run
resources\assets\yoo\Default\324fcda729f678d13d6dea7bf868e1bc.bundle,TextAsset,monopoly_massif,-5704436351314131541,reverse-output\assets\unitypy-textasset-dryrun\by_container\Assets\Game\Static\monopoly_massif.bytes,dry-run
resources\assets\yoo\Default\324fcda729f678d13d6dea7bf868e1bc.bundle,TextAsset,equip_combination,-5681641813771667671,reverse-output\assets\unitypy-textasset-dryrun\by_container\Assets\Game\Static\equip_combination.bytes,dry-run
resources\assets\yoo\Default\324fcda729f678d13d6dea7bf868e1bc.bundle,TextAsset,log_step,-5680350117533062014,reverse-output\assets\unitypy-textasset-dryrun\by_container\Assets\Game\Static\log_step.bytes,dry-run
resources\assets\yoo\Default\324fcda729f678d13d6dea7bf868e1bc.bundle,TextAsset,power_dash,-5676657968524952958,reverse-output\assets\unitypy-textasset-dryrun\by_container\Assets\Game\Static\power_dash.bytes,dry-run
resources\assets\yoo\Default\324fcda729f678d13d6dea7bf868e1bc.bundle,TextAsset,daily_recharge,-5568236638303458788,reverse-output\assets\unitypy-textasset-dryrun\by_container\Assets\Game\Static\daily_recharge.bytes,dry-run
resources\assets\yoo\Default\324fcda729f678d13d6dea7bf868e1bc.bundle,TextAsset,multi_team_arena_level,-5487939587182261302,reverse-output\assets\unitypy-textasset-dryrun\by_container\Assets\Game\Static\multi_team_arena_level.bytes,dry-run
resources\assets\yoo\Default\324fcda729f678d13d6dea7bf868e1bc.bundle,TextAsset,relic,-5476918395946250332,reverse-output\assets\unitypy-textasset-dryrun\by_container\Assets\Game\Static\relic.bytes,dry-run
resources\assets\yoo\Default\324fcda729f678d13d6dea7bf868e1bc.bundle,TextAsset,bury_condition,-5458749981494583324,reverse-output\assets\unitypy-textasset-dryrun\by_container\Assets\Game\Static\bury_condition.bytes,dry-run
resources\assets\yoo\Default\324fcda729f678d13d6dea7bf868e1bc.bundle,TextAsset,pet,-5425547289855993370,reverse-output\assets\unitypy-textasset-dryrun\by_container\Assets\Game\Static\pet.bytes,dry-run
resources\assets\yoo\Default\324fcda729f678d13d6dea7bf868e1bc.bundle,TextAsset,gal_trait,-5406979770738589527,reverse-output\assets\unitypy-textasset-dryrun\by_container\Assets\Game\Static\gal_trait.bytes,dry-run
resources\assets\yoo\Default\324fcda729f678d13d6dea7bf868e1bc.bundle,TextAsset,role_story,-5382257159482042769,reverse-output\assets\unitypy-textasset-dryrun\by_container\Assets\Game\Static\role_story.bytes,dry-run
resources\assets\yoo\Default\324fcda729f678d13d6dea7bf868e1bc.bundle,TextAsset,multi_team_chapter,-5322482261323738691,reverse-output\assets\unitypy-textasset-dryrun\by_container\Assets\Game\Static\multi_team_chapter.bytes,dry-run
resources\assets\yoo\Default\324fcda729f678d13d6dea7bf868e1bc.bundle,TextAsset,fictitious_hero,-5321395636523382025,reverse-output\assets\unitypy-textasset-dryrun\by_container\Assets\Game\Static\fictitious_hero.bytes,dry-run
resources\assets\yoo\Default\324fcda729f678d13d6dea7bf868e1bc.bundle,TextAsset,sham_expedition,-5305257788343046527,reverse-output\assets\unitypy-textasset-dryrun\by_container\Assets\Game\Static\sham_expedition.bytes,dry-run
resources\assets\yoo\Default\324fcda729f678d13d6dea7bf868e1bc.bundle,TextAsset,LegionGVG_achievement,-5283715339313598349,reverse-output\assets\unitypy-textasset-dryrun\by_container\Assets\Game\Static\LegionGVG_achievement.bytes,dry-run
resources\assets\yoo\Default\324fcda729f678d13d6dea7bf868e1bc.bundle,TextAsset,rogue_manual_stage,-5263509331217541416,reverse-output\assets\unitypy-textasset-dryrun\by_container\Assets\Game\Static\rogue_manual_stage.bytes,dry-run
resources\assets\yoo\Default\324fcda729f678d13d6dea7bf868e1bc.bundle,TextAsset,arena_battle_reward,-5243607765717145989,reverse-output\assets\unitypy-textasset-dryrun\by_container\Assets\Game\Static\arena_battle_reward.bytes,dry-run
resources\assets\yoo\Default\324fcda729f678d13d6dea7bf868e1bc.bundle,TextAsset,promotion_code,-5156676057808559235,reverse-output\assets\unitypy-textasset-dryrun\by_container\Assets\Game\Static\promotion_code.bytes,dry-run
resources\assets\yoo\Default\324fcda729f678d13d6dea7bf868e1bc.bundle,TextAsset,hero_login_stage,-5140262615090371868,reverse-output\assets\unitypy-textasset-dryrun\by_container\Assets\Game\Static\hero_login_stage.bytes,dry-run
resources\assets\yoo\Default\324fcda729f678d13d6dea7bf868e1bc.bundle,TextAsset,suit_class,-5030793827956976657,reverse-output\assets\unitypy-textasset-dryrun\by_container\Assets\Game\Static\suit_class.bytes,dry-run
resources\assets\yoo\Default\324fcda729f678d13d6dea7bf868e1bc.bundle,TextAsset,optional_growup_activity,-4958095198881863984,reverse-output\assets\unitypy-textasset-dryrun\by_container\Assets\Game\Static\optional_growup_activity.bytes,dry-run
resources\assets\yoo\Default\324fcda729f678d13d6dea7bf868e1bc.bundle,TextAsset,map_monster,-4945968364393490848,reverse-output\assets\unitypy-textasset-dryrun\by_container\Assets\Game\Static\map_monster.bytes,dry-run
resources\assets\yoo\Default\324fcda729f678d13d6dea7bf868e1bc.bundle,TextAsset,LegionGVG_help,-4830959465469366168,reverse-output\assets\unitypy-textasset-dryrun\by_container\Assets\Game\Static\LegionGVG_help.bytes,dry-run
resources\assets\yoo\Default\324fcda729f678d13d6dea7bf868e1bc.bundle,TextAsset,ff_web_pay,-4786073716871682538,reverse-output\assets\unitypy-textasset-dryrun\by_container\Assets\Game\Static\ff_web_pay.bytes,dry-run
resources\assets\yoo\Default\324fcda729f678d13d6dea7bf868e1bc.bundle,TextAsset,world_boss_level,-4776272161230858029,reverse-output\assets\unitypy-textasset-dryrun\by_container\Assets\Game\Static\world_boss_level.bytes,dry-run
resources\assets\yoo\Default\324fcda729f678d13d6dea7bf868e1bc.bundle,TextAsset,gal_collect,-4775063144953956629,reverse-output\assets\unitypy-textasset-dryrun\by_container\Assets\Game\Static\gal_collect.bytes,dry-run
resources\assets\yoo\Default\324fcda729f678d13d6dea7bf868e1bc.bundle,TextAsset,weekend_adv_event,-4679038288131833331,reverse-output\assets\unitypy-textasset-dryrun\by_container\Assets\Game\Static\weekend_adv_event.bytes,dry-run
resources\assets\yoo\Default\324fcda729f678d13d6dea7bf868e1bc.bundle,TextAsset,fight,-4645600223937376584,reverse-output\assets\unitypy-textasset-dryrun\by_container\Assets\Game\Static\fight.bytes,dry-run
resources\assets\yoo\Default\324fcda729f678d13d6dea7bf868e1bc.bundle,TextAsset,ac_weekend_gift_config_1,-4620865240393692571,reverse-output\assets\unitypy-textasset-dryrun\by_container\Assets\Game\Static\ac_weekend_gift_config_1.bytes,dry-run
resources\assets\yoo\Default\324fcda729f678d13d6dea7bf868e1bc.bundle,TextAsset,slug_level,-4515059006892664801,reverse-output\assets\unitypy-textasset-dryrun\by_container\Assets\Game\Static\slug_level.bytes,dry-run
resources\assets\yoo\Default\324fcda729f678d13d6dea7bf868e1bc.bundle,TextAsset,arms,-4476265016459851783,reverse-output\assets\unitypy-textasset-dryrun\by_container\Assets\Game\Static\arms.bytes,dry-run
resources\assets\yoo\Default\324fcda729f678d13d6dea7bf868e1bc.bundle,TextAsset,acexchangeconfig_1,-4444525478413391900,reverse-output\assets\unitypy-textasset-dryrun\by_container\Assets\Game\Static\acexchangeconfig_1.bytes,dry-run
resources\assets\yoo\Default\324fcda729f678d13d6dea7bf868e1bc.bundle,TextAsset,ac_limit_draw,-4444136415972393971,reverse-output\assets\unitypy-textasset-dryrun\by_container\Assets\Game\Static\ac_limit_draw.bytes,dry-run
resources\assets\yoo\Default\324fcda729f678d13d6dea7bf868e1bc.bundle,TextAsset,legion_weekly_activity,-4317499361896636332,reverse-output\assets\unitypy-textasset-dryrun\by_container\Assets\Game\Static\legion_weekly_activity.bytes,dry-run
resources\assets\yoo\Default\324fcda729f678d13d6dea7bf868e1bc.bundle,TextAsset,food_festival,-4309964137185336076,reverse-output\assets\unitypy-textasset-dryrun\by_container\Assets\Game\Static\food_festival.bytes,dry-run
resources\assets\yoo\Default\324fcda729f678d13d6dea7bf868e1bc.bundle,TextAsset,arena_career_reward,-4291699973652148911,reverse-output\assets\unitypy-textasset-dryrun\by_container\Assets\Game\Static\arena_career_reward.bytes,dry-run
resources\assets\yoo\Default\324fcda729f678d13d6dea7bf868e1bc.bundle,TextAsset,relic_bond,-4222392575703839886,reverse-output\assets\unitypy-textasset-dryrun\by_container\Assets\Game\Static\relic_bond.bytes,dry-run
resources\assets\yoo\Default\324fcda729f678d13d6dea7bf868e1bc.bundle,TextAsset,map_cave,-4157797521871134653,reverse-output\assets\unitypy-textasset-dryrun\by_container\Assets\Game\Static\map_cave.bytes,dry-run
resources\assets\yoo\Default\324fcda729f678d13d6dea7bf868e1bc.bundle,TextAsset,hero,-4144925501151115025,reverse-output\assets\unitypy-textasset-dryrun\by_container\Assets\Game\Static\hero.bytes,dry-run
resources\assets\yoo\Default\324fcda729f678d13d6dea7bf868e1bc.bundle,TextAsset,acstrongestkingdomrankingconfig,-4083779998144751310,reverse-output\assets\unitypy-textasset-dryrun\by_container\Assets\Game\Static\acstrongestkingdomrankingconfig.bytes,dry-run
resources\assets\yoo\Default\324fcda729f678d13d6dea7bf868e1bc.bundle,TextAsset,world_boss_activity,-4061797489005602436,reverse-output\assets\unitypy-textasset-dryrun\by_container\Assets\Game\Static\world_boss_activity.bytes,dry-run
resources\assets\yoo\Default\324fcda729f678d13d6dea7bf868e1bc.bundle,TextAsset,multi_team_level,-4041649849600010472,reverse-output\assets\unitypy-textasset-dryrun\by_container\Assets\Game\Static\multi_team_level.bytes,dry-run
resources\assets\yoo\Default\324fcda729f678d13d6dea7bf868e1bc.bundle,TextAsset,goods,-3973392257725224669,reverse-output\assets\unitypy-textasset-dryrun\by_container\Assets\Game\Static\goods.bytes,dry-run
resources\assets\yoo\Default\324fcda729f678d13d6dea7bf868e1bc.bundle,TextAsset,harmonious,-3921083705166209638,reverse-output\assets\unitypy-textasset-dryrun\by_container\Assets\Game\Static\harmonious.bytes,dry-run
resources\assets\yoo\Default\324fcda729f678d13d6dea7bf868e1bc.bundle,TextAsset,legionexpedition_level,-3901227382995167537,reverse-output\assets\unitypy-textasset-dryrun\by_container\Assets\Game\Static\legionexpedition_level.bytes,dry-run
resources\assets\yoo\Default\324fcda729f678d13d6dea7bf868e1bc.bundle,TextAsset,cg_collection,-3844359086980464742,reverse-output\assets\unitypy-textasset-dryrun\by_container\Assets\Game\Static\cg_collection.bytes,dry-run
resources\assets\yoo\Default\324fcda729f678d13d6dea7bf868e1bc.bundle,TextAsset,activities_time_1,-3821327944868453265,reverse-output\assets\unitypy-textasset-dryrun\by_container\Assets\Game\Static\activities_time_1.bytes,dry-run
resources\assets\yoo\Default\324fcda729f678d13d6dea7bf868e1bc.bundle,TextAsset,gal_trait_label,-3820268040370045642,reverse-output\assets\unitypy-textasset-dryrun\by_container\Assets\Game\Static\gal_trait_label.bytes,dry-run
resources\assets\yoo\Default\324fcda729f678d13d6dea7bf868e1bc.bundle,TextAsset,abyss_challenge_rank,-3763218930013584048,reverse-output\assets\unitypy-textasset-dryrun\by_container\Assets\Game\Static\abyss_challenge_rank.bytes,dry-run
resources\assets\yoo\Default\324fcda729f678d13d6dea7bf868e1bc.bundle,TextAsset,activity_cycle,-3755376621423905865,reverse-output\assets\unitypy-textasset-dryrun\by_container\Assets\Game\Static\activity_cycle.bytes,dry-run
resources\assets\yoo\Default\324fcda729f678d13d6dea7bf868e1bc.bundle,TextAsset,abyss_treasure_quest,-3736377877311036984,reverse-output\assets\unitypy-textasset-dryrun\by_container\Assets\Game\Static\abyss_treasure_quest.bytes,dry-run
resources\assets\yoo\Default\324fcda729f678d13d6dea7bf868e1bc.bundle,TextAsset,gal_plot,-3627913540072908682,reverse-output\assets\unitypy-textasset-dryrun\by_container\Assets\Game\Static\gal_plot.bytes,dry-run
resources\assets\yoo\Default\324fcda729f678d13d6dea7bf868e1bc.bundle,TextAsset,suit_reward,-3597396511947114669,reverse-output\assets\unitypy-textasset-dryrun\by_container\Assets\Game\Static\suit_reward.bytes,dry-run
resources\assets\yoo\Default\324fcda729f678d13d6dea7bf868e1bc.bundle,TextAsset,flipfun_combination,-3543485406824957939,reverse-output\assets\unitypy-textasset-dryrun\by_container\Assets\Game\Static\flipfun_combination.bytes,dry-run
resources\assets\yoo\Default\324fcda729f678d13d6dea7bf868e1bc.bundle,TextAsset,legion_gift,-3468878559843264773,reverse-output\assets\unitypy-textasset-dryrun\by_container\Assets\Game\Static\legion_gift.bytes,dry-run
resources\assets\yoo\Default\324fcda729f678d13d6dea7bf868e1bc.bundle,TextAsset,draw_integral_reward,-3440410721774899475,reverse-output\assets\unitypy-textasset-dryrun\by_container\Assets\Game\Static\draw_integral_reward.bytes,dry-run
resources\assets\yoo\Default\324fcda729f678d13d6dea7bf868e1bc.bundle,TextAsset,mimicry,-3380939080404056247,reverse-output\assets\unitypy-textasset-dryrun\by_container\Assets\Game\Static\mimicry.bytes,dry-run
resources\assets\yoo\Default\324fcda729f678d13d6dea7bf868e1bc.bundle,TextAsset,multi_team_arena_npc,-3343033786913881553,reverse-output\assets\unitypy-textasset-dryrun\by_container\Assets\Game\Static\multi_team_arena_npc.bytes,dry-run
resources\assets\yoo\Default\324fcda729f678d13d6dea7bf868e1bc.bundle,TextAsset,sham_battle,-3309035561326086117,reverse-output\assets\unitypy-textasset-dryrun\by_container\Assets\Game\Static\sham_battle.bytes,dry-run
resources\assets\yoo\Default\324fcda729f678d13d6dea7bf868e1bc.bundle,TextAsset,GVE_reward,-3293472443883513157,reverse-output\assets\unitypy-textasset-dryrun\by_container\Assets\Game\Static\GVE_reward.bytes,dry-run
resources\assets\yoo\Default\324fcda729f678d13d6dea7bf868e1bc.bundle,TextAsset,relic_bond_attribute,-3253957373288437710,reverse-output\assets\unitypy-textasset-dryrun\by_container\Assets\Game\Static\relic_bond_attribute.bytes,dry-run
resources\assets\yoo\Default\324fcda729f678d13d6dea7bf868e1bc.bundle,TextAsset,weekend_adv_config,-3179172293942308082,reverse-output\assets\unitypy-textasset-dryrun\by_container\Assets\Game\Static\weekend_adv_config.bytes,dry-run
resources\assets\yoo\Default\324fcda729f678d13d6dea7bf868e1bc.bundle,TextAsset,building,-3179146148235546803,reverse-output\assets\unitypy-textasset-dryrun\by_container\Assets\Game\Static\building.bytes,dry-run
resources\assets\yoo\Default\324fcda729f678d13d6dea7bf868e1bc.bundle,TextAsset,card,-2997235222330724279,reverse-output\assets\unitypy-textasset-dryrun\by_container\Assets\Game\Static\card.bytes,dry-run
resources\assets\yoo\Default\324fcda729f678d13d6dea7bf868e1bc.bundle,TextAsset,server_arena_reward,-2962016451230685896,reverse-output\assets\unitypy-textasset-dryrun\by_container\Assets\Game\Static\server_arena_reward.bytes,dry-run
resources\assets\yoo\Default\324fcda729f678d13d6dea7bf868e1bc.bundle,TextAsset,legionexpedition_reward_person,-2900938999184412211,reverse-output\assets\unitypy-textasset-dryrun\by_container\Assets\Game\Static\legionexpedition_reward_person.bytes,dry-run
resources\assets\yoo\Default\324fcda729f678d13d6dea7bf868e1bc.bundle,TextAsset,legionexpedition_region,-2882176664904531150,reverse-output\assets\unitypy-textasset-dryrun\by_container\Assets\Game\Static\legionexpedition_region.bytes,dry-run
resources\assets\yoo\Default\324fcda729f678d13d6dea7bf868e1bc.bundle,TextAsset,acbestcommanderrankingconfig,-2847225151164099033,reverse-output\assets\unitypy-textasset-dryrun\by_container\Assets\Game\Static\acbestcommanderrankingconfig.bytes,dry-run
resources\assets\yoo\Default\324fcda729f678d13d6dea7bf868e1bc.bundle,TextAsset,slug_skill,-2779667177829559702,reverse-output\assets\unitypy-textasset-dryrun\by_container\Assets\Game\Static\slug_skill.bytes,dry-run
resources\assets\yoo\Default\324fcda729f678d13d6dea7bf868e1bc.bundle,TextAsset,elite_residents,-2772644857329345312,reverse-output\assets\unitypy-textasset-dryrun\by_container\Assets\Game\Static\elite_residents.bytes,dry-run
resources\assets\yoo\Default\324fcda729f678d13d6dea7bf868e1bc.bundle,TextAsset,rogue_mass,-2757956604785983162,reverse-output\assets\unitypy-textasset-dryrun\by_container\Assets\Game\Static\rogue_mass.bytes,dry-run
resources\assets\yoo\Default\324fcda729f678d13d6dea7bf868e1bc.bundle,TextAsset,lineup_buff,-2724345274075359453,reverse-output\assets\unitypy-textasset-dryrun\by_container\Assets\Game\Static\lineup_buff.bytes,dry-run
resources\assets\yoo\Default\324fcda729f678d13d6dea7bf868e1bc.bundle,TextAsset,suit_week,-2721009512144176758,reverse-output\assets\unitypy-textasset-dryrun\by_container\Assets\Game\Static\suit_week.bytes,dry-run
resources\assets\yoo\Default\324fcda729f678d13d6dea7bf868e1bc.bundle,TextAsset,guide_mail,-2645580310590038789,reverse-output\assets\unitypy-textasset-dryrun\by_container\Assets\Game\Static\guide_mail.bytes,dry-run
resources\assets\yoo\Default\324fcda729f678d13d6dea7bf868e1bc.bundle,TextAsset,gal_map,-2643636259190840434,reverse-output\assets\unitypy-textasset-dryrun\by_container\Assets\Game\Static\gal_map.bytes,dry-run
resources\assets\yoo\Default\324fcda729f678d13d6dea7bf868e1bc.bundle,TextAsset,chatskin,-2615315745985223757,reverse-output\assets\unitypy-textasset-dryrun\by_container\Assets\Game\Static\chatskin.bytes,dry-run
resources\assets\yoo\Default\324fcda729f678d13d6dea7bf868e1bc.bundle,TextAsset,arena_NPC_distribution,-2575816660275421194,reverse-output\assets\unitypy-textasset-dryrun\by_container\Assets\Game\Static\arena_NPC_distribution.bytes,dry-run
resources\assets\yoo\Default\324fcda729f678d13d6dea7bf868e1bc.bundle,TextAsset,player_assistant,-2503502674871375541,reverse-output\assets\unitypy-textasset-dryrun\by_container\Assets\Game\Static\player_assistant.bytes,dry-run
resources\assets\yoo\Default\324fcda729f678d13d6dea7bf868e1bc.bundle,TextAsset,legion_information,-2463443862104125707,reverse-output\assets\unitypy-textasset-dryrun\by_container\Assets\Game\Static\legion_information.bytes,dry-run
resources\assets\yoo\Default\324fcda729f678d13d6dea7bf868e1bc.bundle,TextAsset,camp_ruins,-2406848573304596638,reverse-output\assets\unitypy-textasset-dryrun\by_container\Assets\Game\Static\camp_ruins.bytes,dry-run
resources\assets\yoo\Default\324fcda729f678d13d6dea7bf868e1bc.bundle,TextAsset,illustrate_chipskill,-2357261061425811041,reverse-output\assets\unitypy-textasset-dryrun\by_container\Assets\Game\Static\illustrate_chipskill.bytes,dry-run
resources\assets\yoo\Default\324fcda729f678d13d6dea7bf868e1bc.bundle,TextAsset,mastery,-2318614288663436959,reverse-output\assets\unitypy-textasset-dryrun\by_container\Assets\Game\Static\mastery.bytes,dry-run
resources\assets\yoo\Default\324fcda729f678d13d6dea7bf868e1bc.bundle,TextAsset,expedition_special_reward,-2263397880143007522,reverse-output\assets\unitypy-textasset-dryrun\by_container\Assets\Game\Static\expedition_special_reward.bytes,dry-run
resources\assets\yoo\Default\324fcda729f678d13d6dea7bf868e1bc.bundle,TextAsset,npc_army,-2251140835411193726,reverse-output\assets\unitypy-textasset-dryrun\by_container\Assets\Game\Static\npc_army.bytes,dry-run
resources\assets\yoo\Default\324fcda729f678d13d6dea7bf868e1bc.bundle,TextAsset,gal_special,-2210828200789522951,reverse-output\assets\unitypy-textasset-dryrun\by_container\Assets\Game\Static\gal_special.bytes,dry-run
resources\assets\yoo\Default\324fcda729f678d13d6dea7bf868e1bc.bundle,TextAsset,gal_hero,-2167490377340842072,reverse-output\assets\unitypy-textasset-dryrun\by_container\Assets\Game\Static\gal_hero.bytes,dry-run
resources\assets\yoo\Default\324fcda729f678d13d6dea7bf868e1bc.bundle,TextAsset,strength_compared,-2131421009018837432,reverse-output\assets\unitypy-textasset-dryrun\by_container\Assets\Game\Static\strength_compared.bytes,dry-run
resources\assets\yoo\Default\324fcda729f678d13d6dea7bf868e1bc.bundle,TextAsset,accumulativeconsumeconfig_3,-2113498983010803860,reverse-output\assets\unitypy-textasset-dryrun\by_container\Assets\Game\Static\accumulativeconsumeconfig_3.bytes,dry-run
resources\assets\yoo\Default\324fcda729f678d13d6dea7bf868e1bc.bundle,TextAsset,bury_point_group_task,-2034038213190093746,reverse-output\assets\unitypy-textasset-dryrun\by_container\Assets\Game\Static\bury_point_group_task.bytes,dry-run
resources\assets\yoo\Default\324fcda729f678d13d6dea7bf868e1bc.bundle,TextAsset,rogue_reward,-2029127909363340499,reverse-output\assets\unitypy-textasset-dryrun\by_container\Assets\Game\Static\rogue_reward.bytes,dry-run
resources\assets\yoo\Default\324fcda729f678d13d6dea7bf868e1bc.bundle,TextAsset,gal_hero_bg,-1989447881155151126,reverse-output\assets\unitypy-textasset-dryrun\by_container\Assets\Game\Static\gal_hero_bg.bytes,dry-run
resources\assets\yoo\Default\324fcda729f678d13d6dea7bf868e1bc.bundle,TextAsset,daily_quest,-1909348624938456692,reverse-output\assets\unitypy-textasset-dryrun\by_container\Assets\Game\Static\daily_quest.bytes,dry-run
resources\assets\yoo\Default\324fcda729f678d13d6dea7bf868e1bc.bundle,TextAsset,rogue_event,-1839230389639571301,reverse-output\assets\unitypy-textasset-dryrun\by_container\Assets\Game\Static\rogue_event.bytes,dry-run
resources\assets\yoo\Default\324fcda729f678d13d6dea7bf868e1bc.bundle,TextAsset,mileage_rank,-1701832183170572571,reverse-output\assets\unitypy-textasset-dryrun\by_container\Assets\Game\Static\mileage_rank.bytes,dry-run
resources\assets\yoo\Default\324fcda729f678d13d6dea7bf868e1bc.bundle,TextAsset,daily_reward,-1692661874647282480,reverse-output\assets\unitypy-textasset-dryrun\by_container\Assets\Game\Static\daily_reward.bytes,dry-run
resources\assets\yoo\Default\324fcda729f678d13d6dea7bf868e1bc.bundle,TextAsset,core_attribute,-1688774584593327288,reverse-output\assets\unitypy-textasset-dryrun\by_container\Assets\Game\Static\core_attribute.bytes,dry-run
resources\assets\yoo\Default\324fcda729f678d13d6dea7bf868e1bc.bundle,TextAsset,lucky_turntable_1,-1656078287470369366,reverse-output\assets\unitypy-textasset-dryrun\by_container\Assets\Game\Static\lucky_turntable_1.bytes,dry-run
resources\assets\yoo\Default\324fcda729f678d13d6dea7bf868e1bc.bundle,TextAsset,gal_favor_goods,-1497742426835086993,reverse-output\assets\unitypy-textasset-dryrun\by_container\Assets\Game\Static\gal_favor_goods.bytes,dry-run
resources\assets\yoo\Default\324fcda729f678d13d6dea7bf868e1bc.bundle,TextAsset,time_login,-1428727998663140719,reverse-output\assets\unitypy-textasset-dryrun\by_container\Assets\Game\Static\time_login.bytes,dry-run
resources\assets\yoo\Default\324fcda729f678d13d6dea7bf868e1bc.bundle,TextAsset,hero_attribute,-1327202293991829968,reverse-output\assets\unitypy-textasset-dryrun\by_container\Assets\Game\Static\hero_attribute.bytes,dry-run
resources\assets\yoo\Default\324fcda729f678d13d6dea7bf868e1bc.bundle,TextAsset,reward_double_activity,-1325535278459884846,reverse-output\assets\unitypy-textasset-dryrun\by_container\Assets\Game\Static\reward_double_activity.bytes,dry-run
resources\assets\yoo\Default\324fcda729f678d13d6dea7bf868e1bc.bundle,TextAsset,pass_target,-1228849854506336665,reverse-output\assets\unitypy-textasset-dryrun\by_container\Assets\Game\Static\pass_target.bytes,dry-run
resources\assets\yoo\Default\324fcda729f678d13d6dea7bf868e1bc.bundle,TextAsset,data_config,-1179588903186605061,reverse-output\assets\unitypy-textasset-dryrun\by_container\Assets\Game\Static\data_config.bytes,dry-run
resources\assets\yoo\Default\324fcda729f678d13d6dea7bf868e1bc.bundle,TextAsset,add_up_recharge,-1100266999754266938,reverse-output\assets\unitypy-textasset-dryrun\by_container\Assets\Game\Static\add_up_recharge.bytes,dry-run
resources\assets\yoo\Default\324fcda729f678d13d6dea7bf868e1bc.bundle,TextAsset,acexchangeconfig_3,-1096541755909365898,reverse-output\assets\unitypy-textasset-dryrun\by_container\Assets\Game\Static\acexchangeconfig_3.bytes,dry-run
resources\assets\yoo\Default\324fcda729f678d13d6dea7bf868e1bc.bundle,TextAsset,online_reward,-1047123558193761682,reverse-output\assets\unitypy-textasset-dryrun\by_container\Assets\Game\Static\online_reward.bytes,dry-run
resources\assets\yoo\Default\324fcda729f678d13d6dea7bf868e1bc.bundle,TextAsset,world_boss_rank_reward,-1028890812001338015,reverse-output\assets\unitypy-textasset-dryrun\by_container\Assets\Game\Static\world_boss_rank_reward.bytes,dry-run
resources\assets\yoo\Default\324fcda729f678d13d6dea7bf868e1bc.bundle,TextAsset,server_arena_army,-1021845737311803246,reverse-output\assets\unitypy-textasset-dryrun\by_container\Assets\Game\Static\server_arena_army.bytes,dry-run
resources\assets\yoo\Default\324fcda729f678d13d6dea7bf868e1bc.bundle,TextAsset,game_shop_page,-992590348167799677,reverse-output\assets\unitypy-textasset-dryrun\by_container\Assets\Game\Static\game_shop_page.bytes,dry-run
resources\assets\yoo\Default\324fcda729f678d13d6dea7bf868e1bc.bundle,TextAsset,top_up_cn,-900312952904882919,reverse-output\assets\unitypy-textasset-dryrun\by_container\Assets\Game\Static\top_up_cn.bytes,dry-run
resources\assets\yoo\Default\324fcda729f678d13d6dea7bf868e1bc.bundle,TextAsset,arena_daily_reward,-782913333984911295,reverse-output\assets\unitypy-textasset-dryrun\by_container\Assets\Game\Static\arena_daily_reward.bytes,dry-run
resources\assets\yoo\Default\324fcda729f678d13d6dea7bf868e1bc.bundle,TextAsset,hero_level_advance,-778295095704087031,reverse-output\assets\unitypy-textasset-dryrun\by_container\Assets\Game\Static\hero_level_advance.bytes,dry-run
resources\assets\yoo\Default\324fcda729f678d13d6dea7bf868e1bc.bundle,TextAsset,raffle_config,-754903233343697313,reverse-output\assets\unitypy-textasset-dryrun\by_container\Assets\Game\Static\raffle_config.bytes,dry-run
resources\assets\yoo\Default\324fcda729f678d13d6dea7bf868e1bc.bundle,TextAsset,hero_level_limit,-750111952427848099,reverse-output\assets\unitypy-textasset-dryrun\by_container\Assets\Game\Static\hero_level_limit.bytes,dry-run
resources\assets\yoo\Default\324fcda729f678d13d6dea7bf868e1bc.bundle,TextAsset,position_level,-681187897757673505,reverse-output\assets\unitypy-textasset-dryrun\by_container\Assets\Game\Static\position_level.bytes,dry-run
resources\assets\yoo\Default\324fcda729f678d13d6dea7bf868e1bc.bundle,TextAsset,recharge_turntable,-659269488510945581,reverse-output\assets\unitypy-textasset-dryrun\by_container\Assets\Game\Static\recharge_turntable.bytes,dry-run
resources\assets\yoo\Default\324fcda729f678d13d6dea7bf868e1bc.bundle,TextAsset,activity_starup,-632200311218820789,reverse-output\assets\unitypy-textasset-dryrun\by_container\Assets\Game\Static\activity_starup.bytes,dry-run
resources\assets\yoo\Default\324fcda729f678d13d6dea7bf868e1bc.bundle,TextAsset,condition,-627304254778328670,reverse-output\assets\unitypy-textasset-dryrun\by_container\Assets\Game\Static\condition.bytes,dry-run
resources\assets\yoo\Default\324fcda729f678d13d6dea7bf868e1bc.bundle,TextAsset,guide,-596990386276288978,reverse-output\assets\unitypy-textasset-dryrun\by_container\Assets\Game\Static\guide.bytes,dry-run
resources\assets\yoo\Default\324fcda729f678d13d6dea7bf868e1bc.bundle,TextAsset,hero_heart,-546125886943568716,reverse-output\assets\unitypy-textasset-dryrun\by_container\Assets\Game\Static\hero_heart.bytes,dry-run
resources\assets\yoo\Default\324fcda729f678d13d6dea7bf868e1bc.bundle,TextAsset,mecha,-408359479590014208,reverse-output\assets\unitypy-textasset-dryrun\by_container\Assets\Game\Static\mecha.bytes,dry-run
resources\assets\yoo\Default\324fcda729f678d13d6dea7bf868e1bc.bundle,TextAsset,novice_limit_draw_activity,-407368717468691167,reverse-output\assets\unitypy-textasset-dryrun\by_container\Assets\Game\Static\novice_limit_draw_activity.bytes,dry-run
resources\assets\yoo\Default\324fcda729f678d13d6dea7bf868e1bc.bundle,TextAsset,quiz_param,-291522678476569942,reverse-output\assets\unitypy-textasset-dryrun\by_container\Assets\Game\Static\quiz_param.bytes,dry-run
resources\assets\yoo\Default\324fcda729f678d13d6dea7bf868e1bc.bundle,TextAsset,flipfun_1,-231356724629462296,reverse-output\assets\unitypy-textasset-dryrun\by_container\Assets\Game\Static\flipfun_1.bytes,dry-run
resources\assets\yoo\Default\324fcda729f678d13d6dea7bf868e1bc.bundle,TextAsset,core,-176189984845851160,reverse-output\assets\unitypy-textasset-dryrun\by_container\Assets\Game\Static\core.bytes,dry-run
resources\assets\yoo\Default\324fcda729f678d13d6dea7bf868e1bc.bundle,TextAsset,rogue_buff,107039449551685560,reverse-output\assets\unitypy-textasset-dryrun\by_container\Assets\Game\Static\rogue_buff.bytes,dry-run
resources\assets\yoo\Default\324fcda729f678d13d6dea7bf868e1bc.bundle,TextAsset,legionexpedition_rank_reward,114930665412094113,reverse-output\assets\unitypy-textasset-dryrun\by_container\Assets\Game\Static\legionexpedition_rank_reward.bytes,dry-run
resources\assets\yoo\Default\324fcda729f678d13d6dea7bf868e1bc.bundle,TextAsset,fun_entrance,118466420028118010,reverse-output\assets\unitypy-textasset-dryrun\by_container\Assets\Game\Static\fun_entrance.bytes,dry-run
resources\assets\yoo\Default\324fcda729f678d13d6dea7bf868e1bc.bundle,TextAsset,illustrate_enemy,168361282208759769,reverse-output\assets\unitypy-textasset-dryrun\by_container\Assets\Game\Static\illustrate_enemy.bytes,dry-run
resources\assets\yoo\Default\324fcda729f678d13d6dea7bf868e1bc.bundle,TextAsset,battle_skill,190418482061644488,reverse-output\assets\unitypy-textasset-dryrun\by_container\Assets\Game\Static\battle_skill.bytes,dry-run
resources\assets\yoo\Default\324fcda729f678d13d6dea7bf868e1bc.bundle,TextAsset,ac_draw_gift,346213024253612124,reverse-output\assets\unitypy-textasset-dryrun\by_container\Assets\Game\Static\ac_draw_gift.bytes,dry-run
resources\assets\yoo\Default\324fcda729f678d13d6dea7bf868e1bc.bundle,TextAsset,allianceshop,463666214634937697,reverse-output\assets\unitypy-textasset-dryrun\by_container\Assets\Game\Static\allianceshop.bytes,dry-run
resources\assets\yoo\Default\324fcda729f678d13d6dea7bf868e1bc.bundle,TextAsset,rogue_arms_group,575634231978228920,reverse-output\assets\unitypy-textasset-dryrun\by_container\Assets\Game\Static\rogue_arms_group.bytes,dry-run
resources\assets\yoo\Default\324fcda729f678d13d6dea7bf868e1bc.bundle,TextAsset,suit_level,577677054992969851,reverse-output\assets\unitypy-textasset-dryrun\by_container\Assets\Game\Static\suit_level.bytes,dry-run
resources\assets\yoo\Default\324fcda729f678d13d6dea7bf868e1bc.bundle,TextAsset,celebration_challenge,724583030854547538,reverse-output\assets\unitypy-textasset-dryrun\by_container\Assets\Game\Static\celebration_challenge.bytes,dry-run
resources\assets\yoo\Default\324fcda729f678d13d6dea7bf868e1bc.bundle,TextAsset,acstrongestkingdomconfig,766660650592467462,reverse-output\assets\unitypy-textasset-dryrun\by_container\Assets\Game\Static\acstrongestkingdomconfig.bytes,dry-run
resources\assets\yoo\Default\324fcda729f678d13d6dea7bf868e1bc.bundle,TextAsset,favorability_level,780327840149109537,reverse-output\assets\unitypy-textasset-dryrun\by_container\Assets\Game\Static\favorability_level.bytes,dry-run
resources\assets\yoo\Default\324fcda729f678d13d6dea7bf868e1bc.bundle,TextAsset,mecha_level,805999101989088647,reverse-output\assets\unitypy-textasset-dryrun\by_container\Assets\Game\Static\mecha_level.bytes,dry-run
resources\assets\yoo\Default\324fcda729f678d13d6dea7bf868e1bc.bundle,TextAsset,monopoly_activity,812827342876762207,reverse-output\assets\unitypy-textasset-dryrun\by_container\Assets\Game\Static\monopoly_activity.bytes,dry-run
resources\assets\yoo\Default\324fcda729f678d13d6dea7bf868e1bc.bundle,TextAsset,gal_token,829391227407944434,reverse-output\assets\unitypy-textasset-dryrun\by_container\Assets\Game\Static\gal_token.bytes,dry-run
resources\assets\yoo\Default\324fcda729f678d13d6dea7bf868e1bc.bundle,TextAsset,output,910537459294045785,reverse-output\assets\unitypy-textasset-dryrun\by_container\Assets\Game\Static\output.bytes,dry-run
resources\assets\yoo\Default\324fcda729f678d13d6dea7bf868e1bc.bundle,TextAsset,graphics,933857788368431504,reverse-output\assets\unitypy-textasset-dryrun\by_container\Assets\Game\Static\graphics.bytes,dry-run
resources\assets\yoo\Default\324fcda729f678d13d6dea7bf868e1bc.bundle,TextAsset,LegionGVG_reward_person,958013660883973702,reverse-output\assets\unitypy-textasset-dryrun\by_container\Assets\Game\Static\LegionGVG_reward_person.bytes,dry-run
resources\assets\yoo\Default\324fcda729f678d13d6dea7bf868e1bc.bundle,TextAsset,tactics_point,986536921854183345,reverse-output\assets\unitypy-textasset-dryrun\by_container\Assets\Game\Static\tactics_point.bytes,dry-run
resources\assets\yoo\Default\324fcda729f678d13d6dea7bf868e1bc.bundle,TextAsset,recommend_shop,1009867899517421188,reverse-output\assets\unitypy-textasset-dryrun\by_container\Assets\Game\Static\recommend_shop.bytes,dry-run
resources\assets\yoo\Default\324fcda729f678d13d6dea7bf868e1bc.bundle,TextAsset,GVE_reward_person,1045133576188610944,reverse-output\assets\unitypy-textasset-dryrun\by_container\Assets\Game\Static\GVE_reward_person.bytes,dry-run
resources\assets\yoo\Default\324fcda729f678d13d6dea7bf868e1bc.bundle,TextAsset,calendar,1115383231170510767,reverse-output\assets\unitypy-textasset-dryrun\by_container\Assets\Game\Static\calendar.bytes,dry-run
resources\assets\yoo\Default\324fcda729f678d13d6dea7bf868e1bc.bundle,TextAsset,medal,1151725819121337496,reverse-output\assets\unitypy-textasset-dryrun\by_container\Assets\Game\Static\medal.bytes,dry-run
resources\assets\yoo\Default\324fcda729f678d13d6dea7bf868e1bc.bundle,TextAsset,accontinuousconfig_3,1212668213300898177,reverse-output\assets\unitypy-textasset-dryrun\by_container\Assets\Game\Static\accontinuousconfig_3.bytes,dry-run
resources\assets\yoo\Default\324fcda729f678d13d6dea7bf868e1bc.bundle,TextAsset,multi_team_relic,1253390664212088860,reverse-output\assets\unitypy-textasset-dryrun\by_container\Assets\Game\Static\multi_team_relic.bytes,dry-run
resources\assets\yoo\Default\324fcda729f678d13d6dea7bf868e1bc.bundle,TextAsset,change_language,1268140051941021718,reverse-output\assets\unitypy-textasset-dryrun\by_container\Assets\Game\Static\change_language.bytes,dry-run
resources\assets\yoo\Default\324fcda729f678d13d6dea7bf868e1bc.bundle,TextAsset,alliance_flag,1292626887422607622,reverse-output\assets\unitypy-textasset-dryrun\by_container\Assets\Game\Static\alliance_flag.bytes,dry-run
resources\assets\yoo\Default\324fcda729f678d13d6dea7bf868e1bc.bundle,TextAsset,LegionGVG_stronghold,1358018915576054673,reverse-output\assets\unitypy-textasset-dryrun\by_container\Assets\Game\Static\LegionGVG_stronghold.bytes,dry-run
resources\assets\yoo\Default\324fcda729f678d13d6dea7bf868e1bc.bundle,TextAsset,illustrate_hero,1407587047989223456,reverse-output\assets\unitypy-textasset-dryrun\by_container\Assets\Game\Static\illustrate_hero.bytes,dry-run
resources\assets\yoo\Default\324fcda729f678d13d6dea7bf868e1bc.bundle,TextAsset,explore_dream_label,1453593819689668955,reverse-output\assets\unitypy-textasset-dryrun\by_container\Assets\Game\Static\explore_dream_label.bytes,dry-run
resources\assets\yoo\Default\324fcda729f678d13d6dea7bf868e1bc.bundle,TextAsset,quiz_rank,1474963230240219783,reverse-output\assets\unitypy-textasset-dryrun\by_container\Assets\Game\Static\quiz_rank.bytes,dry-run
resources\assets\yoo\Default\324fcda729f678d13d6dea7bf868e1bc.bundle,TextAsset,weekend_login,1542253554766975773,reverse-output\assets\unitypy-textasset-dryrun\by_container\Assets\Game\Static\weekend_login.bytes,dry-run
resources\assets\yoo\Default\324fcda729f678d13d6dea7bf868e1bc.bundle,TextAsset,multi_team_star,1611775996493856251,reverse-output\assets\unitypy-textasset-dryrun\by_container\Assets\Game\Static\multi_team_star.bytes,dry-run
resources\assets\yoo\Default\324fcda729f678d13d6dea7bf868e1bc.bundle,TextAsset,dispatch,1696007823305565979,reverse-output\assets\unitypy-textasset-dryrun\by_container\Assets\Game\Static\dispatch.bytes,dry-run
resources\assets\yoo\Default\324fcda729f678d13d6dea7bf868e1bc.bundle,TextAsset,suit_prob,1707529932818553956,reverse-output\assets\unitypy-textasset-dryrun\by_container\Assets\Game\Static\suit_prob.bytes,dry-run
resources\assets\yoo\Default\324fcda729f678d13d6dea7bf868e1bc.bundle,TextAsset,accumulativeconsumeconfig_2,1714519373182971489,reverse-output\assets\unitypy-textasset-dryrun\by_container\Assets\Game\Static\accumulativeconsumeconfig_2.bytes,dry-run
resources\assets\yoo\Default\324fcda729f678d13d6dea7bf868e1bc.bundle,TextAsset,mail,1814975500496033695,reverse-output\assets\unitypy-textasset-dryrun\by_container\Assets\Game\Static\mail.bytes,dry-run
resources\assets\yoo\Default\324fcda729f678d13d6dea7bf868e1bc.bundle,TextAsset,lucky_turntable_rank,1828024436280411804,reverse-output\assets\unitypy-textasset-dryrun\by_container\Assets\Game\Static\lucky_turntable_rank.bytes,dry-run
resources\assets\yoo\Default\324fcda729f678d13d6dea7bf868e1bc.bundle,TextAsset,weapon_lv,1848620943784885682,reverse-output\assets\unitypy-textasset-dryrun\by_container\Assets\Game\Static\weapon_lv.bytes,dry-run
resources\assets\yoo\Default\324fcda729f678d13d6dea7bf868e1bc.bundle,TextAsset,first_recharge,2063319062204301390,reverse-output\assets\unitypy-textasset-dryrun\by_container\Assets\Game\Static\first_recharge.bytes,dry-run
resources\assets\yoo\Default\324fcda729f678d13d6dea7bf868e1bc.bundle,TextAsset,date,2104590393235170186,reverse-output\assets\unitypy-textasset-dryrun\by_container\Assets\Game\Static\date.bytes,dry-run
resources\assets\yoo\Default\324fcda729f678d13d6dea7bf868e1bc.bundle,TextAsset,herotarvenfragmentcount,2182558609633382253,reverse-output\assets\unitypy-textasset-dryrun\by_container\Assets\Game\Static\herotarvenfragmentcount.bytes,dry-run
resources\assets\yoo\Default\324fcda729f678d13d6dea7bf868e1bc.bundle,TextAsset,quiz,2229271188401550150,reverse-output\assets\unitypy-textasset-dryrun\by_container\Assets\Game\Static\quiz.bytes,dry-run
resources\assets\yoo\Default\324fcda729f678d13d6dea7bf868e1bc.bundle,TextAsset,system_notice,2245537916721923809,reverse-output\assets\unitypy-textasset-dryrun\by_container\Assets\Game\Static\system_notice.bytes,dry-run
resources\assets\yoo\Default\324fcda729f678d13d6dea7bf868e1bc.bundle,TextAsset,gameplay,2276904621531454329,reverse-output\assets\unitypy-textasset-dryrun\by_container\Assets\Game\Static\gameplay.bytes,dry-run
resources\assets\yoo\Default\324fcda729f678d13d6dea7bf868e1bc.bundle,TextAsset,hotstore_rate,2285853305748757639,reverse-output\assets\unitypy-textasset-dryrun\by_container\Assets\Game\Static\hotstore_rate.bytes,dry-run
resources\assets\yoo\Default\324fcda729f678d13d6dea7bf868e1bc.bundle,TextAsset,camp_ruins_quest,2295305100492402330,reverse-output\assets\unitypy-textasset-dryrun\by_container\Assets\Game\Static\camp_ruins_quest.bytes,dry-run
resources\assets\yoo\Default\324fcda729f678d13d6dea7bf868e1bc.bundle,TextAsset,acexchangeconfig_2,2403695140926480098,reverse-output\assets\unitypy-textasset-dryrun\by_container\Assets\Game\Static\acexchangeconfig_2.bytes,dry-run
resources\assets\yoo\Default\324fcda729f678d13d6dea7bf868e1bc.bundle,TextAsset,army_ranks,2407260661716772895,reverse-output\assets\unitypy-textasset-dryrun\by_container\Assets\Game\Static\army_ranks.bytes,dry-run
resources\assets\yoo\Default\324fcda729f678d13d6dea7bf868e1bc.bundle,TextAsset,jp,2641105771017640109,reverse-output\assets\unitypy-textasset-dryrun\by_container\Assets\Game\Static\jp.bytes,dry-run
resources\assets\yoo\Default\324fcda729f678d13d6dea7bf868e1bc.bundle,TextAsset,military_rank,2654440827315323732,reverse-output\assets\unitypy-textasset-dryrun\by_container\Assets\Game\Static\military_rank.bytes,dry-run
resources\assets\yoo\Default\324fcda729f678d13d6dea7bf868e1bc.bundle,TextAsset,cn,2733469781029689535,reverse-output\assets\unitypy-textasset-dryrun\by_container\Assets\Game\Static\cn.bytes,dry-run
resources\assets\yoo\Default\324fcda729f678d13d6dea7bf868e1bc.bundle,TextAsset,acdailycumulativeconfig_1,2806759121905249995,reverse-output\assets\unitypy-textasset-dryrun\by_container\Assets\Game\Static\acdailycumulativeconfig_1.bytes,dry-run
resources\assets\yoo\Default\324fcda729f678d13d6dea7bf868e1bc.bundle,TextAsset,activitiesconfig_1,2831834101003565592,reverse-output\assets\unitypy-textasset-dryrun\by_container\Assets\Game\Static\activitiesconfig_1.bytes,dry-run
resources\assets\yoo\Default\324fcda729f678d13d6dea7bf868e1bc.bundle,TextAsset,ruins_exploration,2854212417624404551,reverse-output\assets\unitypy-textasset-dryrun\by_container\Assets\Game\Static\ruins_exploration.bytes,dry-run
resources\assets\yoo\Default\324fcda729f678d13d6dea7bf868e1bc.bundle,TextAsset,multi_team_arena_reward,2873319539950817246,reverse-output\assets\unitypy-textasset-dryrun\by_container\Assets\Game\Static\multi_team_arena_reward.bytes,dry-run
resources\assets\yoo\Default\324fcda729f678d13d6dea7bf868e1bc.bundle,TextAsset,ruins_stage,2902345035392830935,reverse-output\assets\unitypy-textasset-dryrun\by_container\Assets\Game\Static\ruins_stage.bytes,dry-run
resources\assets\yoo\Default\324fcda729f678d13d6dea7bf868e1bc.bundle,TextAsset,monopoly_map,2937029300452742460,reverse-output\assets\unitypy-textasset-dryrun\by_container\Assets\Game\Static\monopoly_map.bytes,dry-run
resources\assets\yoo\Default\324fcda729f678d13d6dea7bf868e1bc.bundle,TextAsset,player_level,3030056599082568663,reverse-output\assets\unitypy-textasset-dryrun\by_container\Assets\Game\Static\player_level.bytes,dry-run
resources\assets\yoo\Default\324fcda729f678d13d6dea7bf868e1bc.bundle,TextAsset,top_up_ds,3050454525294707516,reverse-output\assets\unitypy-textasset-dryrun\by_container\Assets\Game\Static\top_up_ds.bytes,dry-run
resources\assets\yoo\Default\324fcda729f678d13d6dea7bf868e1bc.bundle,TextAsset,limit_login_level,3195622174885926755,reverse-output\assets\unitypy-textasset-dryrun\by_container\Assets\Game\Static\limit_login_level.bytes,dry-run
resources\assets\yoo\Default\324fcda729f678d13d6dea7bf868e1bc.bundle,TextAsset,tactics_effect,3380549802989549249,reverse-output\assets\unitypy-textasset-dryrun\by_container\Assets\Game\Static\tactics_effect.bytes,dry-run
resources\assets\yoo\Default\324fcda729f678d13d6dea7bf868e1bc.bundle,TextAsset,GVE_army,3473241626438107082,reverse-output\assets\unitypy-textasset-dryrun\by_container\Assets\Game\Static\GVE_army.bytes,dry-run
resources\assets\yoo\Default\324fcda729f678d13d6dea7bf868e1bc.bundle,TextAsset,sound,3485150043842010749,reverse-output\assets\unitypy-textasset-dryrun\by_container\Assets\Game\Static\sound.bytes,dry-run
resources\assets\yoo\Default\324fcda729f678d13d6dea7bf868e1bc.bundle,TextAsset,skin_limit_gift,3490833895711725696,reverse-output\assets\unitypy-textasset-dryrun\by_container\Assets\Game\Static\skin_limit_gift.bytes,dry-run
resources\assets\yoo\Default\324fcda729f678d13d6dea7bf868e1bc.bundle,TextAsset,first_accumulative_recharge,3544221744525321010,reverse-output\assets\unitypy-textasset-dryrun\by_container\Assets\Game\Static\first_accumulative_recharge.bytes,dry-run
resources\assets\yoo\Default\324fcda729f678d13d6dea7bf868e1bc.bundle,TextAsset,gal_hero_action,3659496821900083509,reverse-output\assets\unitypy-textasset-dryrun\by_container\Assets\Game\Static\gal_hero_action.bytes,dry-run
resources\assets\yoo\Default\324fcda729f678d13d6dea7bf868e1bc.bundle,TextAsset,quiz_quest,3744083397514563697,reverse-output\assets\unitypy-textasset-dryrun\by_container\Assets\Game\Static\quiz_quest.bytes,dry-run
resources\assets\yoo\Default\324fcda729f678d13d6dea7bf868e1bc.bundle,TextAsset,power_star,3758967152825655431,reverse-output\assets\unitypy-textasset-dryrun\by_container\Assets\Game\Static\power_star.bytes,dry-run
resources\assets\yoo\Default\324fcda729f678d13d6dea7bf868e1bc.bundle,TextAsset,investment_reward,3811756201827671585,reverse-output\assets\unitypy-textasset-dryrun\by_container\Assets\Game\Static\investment_reward.bytes,dry-run
resources\assets\yoo\Default\324fcda729f678d13d6dea7bf868e1bc.bundle,TextAsset,base_management,3825021712836095757,reverse-output\assets\unitypy-textasset-dryrun\by_container\Assets\Game\Static\base_management.bytes,dry-run
resources\assets\yoo\Default\324fcda729f678d13d6dea7bf868e1bc.bundle,TextAsset,limit_growup_gift,3957979263303637708,reverse-output\assets\unitypy-textasset-dryrun\by_container\Assets\Game\Static\limit_growup_gift.bytes,dry-run
resources\assets\yoo\Default\324fcda729f678d13d6dea7bf868e1bc.bundle,TextAsset,game_shop,3963858967138946541,reverse-output\assets\unitypy-textasset-dryrun\by_container\Assets\Game\Static\game_shop.bytes,dry-run
resources\assets\yoo\Default\324fcda729f678d13d6dea7bf868e1bc.bundle,TextAsset,quest,3988656161083901023,reverse-output\assets\unitypy-textasset-dryrun\by_container\Assets\Game\Static\quest.bytes,dry-run
resources\assets\yoo\Default\324fcda729f678d13d6dea7bf868e1bc.bundle,TextAsset,illustrate_weapon,4052231875863934638,reverse-output\assets\unitypy-textasset-dryrun\by_container\Assets\Game\Static\illustrate_weapon.bytes,dry-run
resources\assets\yoo\Default\324fcda729f678d13d6dea7bf868e1bc.bundle,TextAsset,acbestcommanderconfig,4137630724956522407,reverse-output\assets\unitypy-textasset-dryrun\by_container\Assets\Game\Static\acbestcommanderconfig.bytes,dry-run
resources\assets\yoo\Default\324fcda729f678d13d6dea7bf868e1bc.bundle,TextAsset,food_festival_rank_1,4143205163519578942,reverse-output\assets\unitypy-textasset-dryrun\by_container\Assets\Game\Static\food_festival_rank_1.bytes,dry-run
resources\assets\yoo\Default\324fcda729f678d13d6dea7bf868e1bc.bundle,TextAsset,gal_favor_unlock,4221171252393784916,reverse-output\assets\unitypy-textasset-dryrun\by_container\Assets\Game\Static\gal_favor_unlock.bytes,dry-run
resources\assets\yoo\Default\324fcda729f678d13d6dea7bf868e1bc.bundle,TextAsset,integral_draw,4274178906599900455,reverse-output\assets\unitypy-textasset-dryrun\by_container\Assets\Game\Static\integral_draw.bytes,dry-run
resources\assets\yoo\Default\324fcda729f678d13d6dea7bf868e1bc.bundle,TextAsset,loading_tip,4405215553104022708,reverse-output\assets\unitypy-textasset-dryrun\by_container\Assets\Game\Static\loading_tip.bytes,dry-run
resources\assets\yoo\Default\324fcda729f678d13d6dea7bf868e1bc.bundle,TextAsset,calendar_extra,4429946625126420378,reverse-output\assets\unitypy-textasset-dryrun\by_container\Assets\Game\Static\calendar_extra.bytes,dry-run
resources\assets\yoo\Default\324fcda729f678d13d6dea7bf868e1bc.bundle,TextAsset,monopoly_event,4462384652097126506,reverse-output\assets\unitypy-textasset-dryrun\by_container\Assets\Game\Static\monopoly_event.bytes,dry-run
resources\assets\yoo\Default\324fcda729f678d13d6dea7bf868e1bc.bundle,TextAsset,crazy_draw,4462821253989300700,reverse-output\assets\unitypy-textasset-dryrun\by_container\Assets\Game\Static\crazy_draw.bytes,dry-run
resources\assets\yoo\Default\324fcda729f678d13d6dea7bf868e1bc.bundle,TextAsset,celebration_config,4492181691330568188,reverse-output\assets\unitypy-textasset-dryrun\by_container\Assets\Game\Static\celebration_config.bytes,dry-run
resources\assets\yoo\Default\324fcda729f678d13d6dea7bf868e1bc.bundle,TextAsset,hero_turntable,4533723707372592246,reverse-output\assets\unitypy-textasset-dryrun\by_container\Assets\Game\Static\hero_turntable.bytes,dry-run
resources\assets\yoo\Default\324fcda729f678d13d6dea7bf868e1bc.bundle,TextAsset,reward,4538463406666436407,reverse-output\assets\unitypy-textasset-dryrun\by_container\Assets\Game\Static\reward.bytes,dry-run
resources\assets\yoo\Default\324fcda729f678d13d6dea7bf868e1bc.bundle,TextAsset,plane_arena_reward,4622907519542353839,reverse-output\assets\unitypy-textasset-dryrun\by_container\Assets\Game\Static\plane_arena_reward.bytes,dry-run
resources\assets\yoo\Default\324fcda729f678d13d6dea7bf868e1bc.bundle,TextAsset,login_investment_config,4666085359174796852,reverse-output\assets\unitypy-textasset-dryrun\by_container\Assets\Game\Static\login_investment_config.bytes,dry-run
resources\assets\yoo\Default\324fcda729f678d13d6dea7bf868e1bc.bundle,TextAsset,arena_NPC_information,4672918108371106614,reverse-output\assets\unitypy-textasset-dryrun\by_container\Assets\Game\Static\arena_NPC_information.bytes,dry-run
resources\assets\yoo\Default\324fcda729f678d13d6dea7bf868e1bc.bundle,TextAsset,battle_state,4684065763764358829,reverse-output\assets\unitypy-textasset-dryrun\by_container\Assets\Game\Static\battle_state.bytes,dry-run
resources\assets\yoo\Default\324fcda729f678d13d6dea7bf868e1bc.bundle,TextAsset,bury_point_group,4735282068925701350,reverse-output\assets\unitypy-textasset-dryrun\by_container\Assets\Game\Static\bury_point_group.bytes,dry-run
resources\assets\yoo\Default\324fcda729f678d13d6dea7bf868e1bc.bundle,TextAsset,rogue_mon_group,4750488885635258476,reverse-output\assets\unitypy-textasset-dryrun\by_container\Assets\Game\Static\rogue_mon_group.bytes,dry-run
resources\assets\yoo\Default\324fcda729f678d13d6dea7bf868e1bc.bundle,TextAsset,step,4777391817916097326,reverse-output\assets\unitypy-textasset-dryrun\by_container\Assets\Game\Static\step.bytes,dry-run
resources\assets\yoo\Default\324fcda729f678d13d6dea7bf868e1bc.bundle,TextAsset,mecha_star,4846765191723702400,reverse-output\assets\unitypy-textasset-dryrun\by_container\Assets\Game\Static\mecha_star.bytes,dry-run
resources\assets\yoo\Default\324fcda729f678d13d6dea7bf868e1bc.bundle,TextAsset,sellitem,4881062062189062667,reverse-output\assets\unitypy-textasset-dryrun\by_container\Assets\Game\Static\sellitem.bytes,dry-run
resources\assets\yoo\Default\324fcda729f678d13d6dea7bf868e1bc.bundle,TextAsset,slug_collect,4897913379681244938,reverse-output\assets\unitypy-textasset-dryrun\by_container\Assets\Game\Static\slug_collect.bytes,dry-run
resources\assets\yoo\Default\324fcda729f678d13d6dea7bf868e1bc.bundle,TextAsset,festival_quest,5037159659174173081,reverse-output\assets\unitypy-textasset-dryrun\by_container\Assets\Game\Static\festival_quest.bytes,dry-run
resources\assets\yoo\Default\324fcda729f678d13d6dea7bf868e1bc.bundle,TextAsset,limit_login_order,5082329766177127743,reverse-output\assets\unitypy-textasset-dryrun\by_container\Assets\Game\Static\limit_login_order.bytes,dry-run
resources\assets\yoo\Default\324fcda729f678d13d6dea7bf868e1bc.bundle,TextAsset,slug_character,5084535685656481664,reverse-output\assets\unitypy-textasset-dryrun\by_container\Assets\Game\Static\slug_character.bytes,dry-run
resources\assets\yoo\Default\324fcda729f678d13d6dea7bf868e1bc.bundle,TextAsset,advanced_account,5228425506619891196,reverse-output\assets\unitypy-textasset-dryrun\by_container\Assets\Game\Static\advanced_account.bytes,dry-run
resources\assets\yoo\Default\324fcda729f678d13d6dea7bf868e1bc.bundle,TextAsset,channelsetting,5404689929805185558,reverse-output\assets\unitypy-textasset-dryrun\by_container\Assets\Game\Static\channelsetting.bytes,dry-run
resources\assets\yoo\Default\324fcda729f678d13d6dea7bf868e1bc.bundle,TextAsset,attribute_power,5413412784624461228,reverse-output\assets\unitypy-textasset-dryrun\by_container\Assets\Game\Static\attribute_power.bytes,dry-run
resources\assets\yoo\Default\324fcda729f678d13d6dea7bf868e1bc.bundle,TextAsset,monthly_sign_in,5434886006212911849,reverse-output\assets\unitypy-textasset-dryrun\by_container\Assets\Game\Static\monthly_sign_in.bytes,dry-run
resources\assets\yoo\Default\324fcda729f678d13d6dea7bf868e1bc.bundle,TextAsset,illstrate_slug,5510623229469042619,reverse-output\assets\unitypy-textasset-dryrun\by_container\Assets\Game\Static\illstrate_slug.bytes,dry-run
resources\assets\yoo\Default\324fcda729f678d13d6dea7bf868e1bc.bundle,TextAsset,vip,5530172821750087670,reverse-output\assets\unitypy-textasset-dryrun\by_container\Assets\Game\Static\vip.bytes,dry-run
resources\assets\yoo\Default\324fcda729f678d13d6dea7bf868e1bc.bundle,TextAsset,fail_tips,5549012388302258481,reverse-output\assets\unitypy-textasset-dryrun\by_container\Assets\Game\Static\fail_tips.bytes,dry-run
resources\assets\yoo\Default\324fcda729f678d13d6dea7bf868e1bc.bundle,TextAsset,team_num,5582853260331469216,reverse-output\assets\unitypy-textasset-dryrun\by_container\Assets\Game\Static\team_num.bytes,dry-run
resources\assets\yoo\Default\324fcda729f678d13d6dea7bf868e1bc.bundle,TextAsset,celebration_login,5637572515726560841,reverse-output\assets\unitypy-textasset-dryrun\by_container\Assets\Game\Static\celebration_login.bytes,dry-run
resources\assets\yoo\Default\324fcda729f678d13d6dea7bf868e1bc.bundle,TextAsset,personal_rank,5667309667003184958,reverse-output\assets\unitypy-textasset-dryrun\by_container\Assets\Game\Static\personal_rank.bytes,dry-run
resources\assets\yoo\Default\324fcda729f678d13d6dea7bf868e1bc.bundle,TextAsset,mecha_overload,5688883629812006116,reverse-output\assets\unitypy-textasset-dryrun\by_container\Assets\Game\Static\mecha_overload.bytes,dry-run
resources\assets\yoo\Default\324fcda729f678d13d6dea7bf868e1bc.bundle,TextAsset,mine_base,5759776751545976210,reverse-output\assets\unitypy-textasset-dryrun\by_container\Assets\Game\Static\mine_base.bytes,dry-run
resources\assets\yoo\Default\324fcda729f678d13d6dea7bf868e1bc.bundle,TextAsset,abyss_treasure_reward,5937390147996594139,reverse-output\assets\unitypy-textasset-dryrun\by_container\Assets\Game\Static\abyss_treasure_reward.bytes,dry-run
resources\assets\yoo\Default\324fcda729f678d13d6dea7bf868e1bc.bundle,TextAsset,equip_skill,5960475193509463895,reverse-output\assets\unitypy-textasset-dryrun\by_container\Assets\Game\Static\equip_skill.bytes,dry-run
resources\assets\yoo\Default\324fcda729f678d13d6dea7bf868e1bc.bundle,TextAsset,tactics,5973339907454765265,reverse-output\assets\unitypy-textasset-dryrun\by_container\Assets\Game\Static\tactics.bytes,dry-run
resources\assets\yoo\Default\324fcda729f678d13d6dea7bf868e1bc.bundle,TextAsset,arena_ranking_matching,5995789504672189230,reverse-output\assets\unitypy-textasset-dryrun\by_container\Assets\Game\Static\arena_ranking_matching.bytes,dry-run
resources\assets\yoo\Default\324fcda729f678d13d6dea7bf868e1bc.bundle,TextAsset,achievement,6009740152635854859,reverse-output\assets\unitypy-textasset-dryrun\by_container\Assets\Game\Static\achievement.bytes,dry-run
resources\assets\yoo\Default\324fcda729f678d13d6dea7bf868e1bc.bundle,TextAsset,acbestcommanderscoreconfig,6057302422263509322,reverse-output\assets\unitypy-textasset-dryrun\by_container\Assets\Game\Static\acbestcommanderscoreconfig.bytes,dry-run
resources\assets\yoo\Default\324fcda729f678d13d6dea7bf868e1bc.bundle,TextAsset,hero_level,6073747117902763018,reverse-output\assets\unitypy-textasset-dryrun\by_container\Assets\Game\Static\hero_level.bytes,dry-run
resources\assets\yoo\Default\324fcda729f678d13d6dea7bf868e1bc.bundle,TextAsset,banner_tab,6077288845173735152,reverse-output\assets\unitypy-textasset-dryrun\by_container\Assets\Game\Static\banner_tab.bytes,dry-run
resources\assets\yoo\Default\324fcda729f678d13d6dea7bf868e1bc.bundle,TextAsset,mine_point_level,6105824816681989094,reverse-output\assets\unitypy-textasset-dryrun\by_container\Assets\Game\Static\mine_point_level.bytes,dry-run
resources\assets\yoo\Default\324fcda729f678d13d6dea7bf868e1bc.bundle,TextAsset,hero_config,6181874123094980833,reverse-output\assets\unitypy-textasset-dryrun\by_container\Assets\Game\Static\hero_config.bytes,dry-run
resources\assets\yoo\Default\324fcda729f678d13d6dea7bf868e1bc.bundle,TextAsset,rogue_map,6256931418169851538,reverse-output\assets\unitypy-textasset-dryrun\by_container\Assets\Game\Static\rogue_map.bytes,dry-run
resources\assets\yoo\Default\324fcda729f678d13d6dea7bf868e1bc.bundle,TextAsset,ex_effect,6262523504705633503,reverse-output\assets\unitypy-textasset-dryrun\by_container\Assets\Game\Static\ex_effect.bytes,dry-run
resources\assets\yoo\Default\324fcda729f678d13d6dea7bf868e1bc.bundle,TextAsset,hero_sounds,6321830399461311798,reverse-output\assets\unitypy-textasset-dryrun\by_container\Assets\Game\Static\hero_sounds.bytes,dry-run
resources\assets\yoo\Default\324fcda729f678d13d6dea7bf868e1bc.bundle,TextAsset,package_shop_page,6322989590975038993,reverse-output\assets\unitypy-textasset-dryrun\by_container\Assets\Game\Static\package_shop_page.bytes,dry-run
resources\assets\yoo\Default\324fcda729f678d13d6dea7bf868e1bc.bundle,TextAsset,chapter,6372784940136890961,reverse-output\assets\unitypy-textasset-dryrun\by_container\Assets\Game\Static\chapter.bytes,dry-run
resources\assets\yoo\Default\324fcda729f678d13d6dea7bf868e1bc.bundle,TextAsset,gal_location,6374284709944659508,reverse-output\assets\unitypy-textasset-dryrun\by_container\Assets\Game\Static\gal_location.bytes,dry-run
resources\assets\yoo\Default\324fcda729f678d13d6dea7bf868e1bc.bundle,TextAsset,rogue_talent,6419405807010893021,reverse-output\assets\unitypy-textasset-dryrun\by_container\Assets\Game\Static\rogue_talent.bytes,dry-run
resources\assets\yoo\Default\324fcda729f678d13d6dea7bf868e1bc.bundle,TextAsset,favor_reward,6436595426446974104,reverse-output\assets\unitypy-textasset-dryrun\by_container\Assets\Game\Static\favor_reward.bytes,dry-run
resources\assets\yoo\Default\324fcda729f678d13d6dea7bf868e1bc.bundle,TextAsset,rank,6449886755566438038,reverse-output\assets\unitypy-textasset-dryrun\by_container\Assets\Game\Static\rank.bytes,dry-run
resources\assets\yoo\Default\324fcda729f678d13d6dea7bf868e1bc.bundle,TextAsset,GVE_auction,6454295438059779095,reverse-output\assets\unitypy-textasset-dryrun\by_container\Assets\Game\Static\GVE_auction.bytes,dry-run
resources\assets\yoo\Default\324fcda729f678d13d6dea7bf868e1bc.bundle,TextAsset,mileage_challenge,6546178868622377846,reverse-output\assets\unitypy-textasset-dryrun\by_container\Assets\Game\Static\mileage_challenge.bytes,dry-run
resources\assets\yoo\Default\324fcda729f678d13d6dea7bf868e1bc.bundle,TextAsset,recharge_page,6692802008797516664,reverse-output\assets\unitypy-textasset-dryrun\by_container\Assets\Game\Static\recharge_page.bytes,dry-run
resources\assets\yoo\Default\324fcda729f678d13d6dea7bf868e1bc.bundle,TextAsset,rogue_map_create,6705549401647128108,reverse-output\assets\unitypy-textasset-dryrun\by_container\Assets\Game\Static\rogue_map_create.bytes,dry-run
resources\assets\yoo\Default\324fcda729f678d13d6dea7bf868e1bc.bundle,TextAsset,top_up,6810591322446120480,reverse-output\assets\unitypy-textasset-dryrun\by_container\Assets\Game\Static\top_up.bytes,dry-run
resources\assets\yoo\Default\324fcda729f678d13d6dea7bf868e1bc.bundle,TextAsset,pass_exp,6893249492547055681,reverse-output\assets\unitypy-textasset-dryrun\by_container\Assets\Game\Static\pass_exp.bytes,dry-run
resources\assets\yoo\Default\324fcda729f678d13d6dea7bf868e1bc.bundle,TextAsset,single_formation,6968361226053793261,reverse-output\assets\unitypy-textasset-dryrun\by_container\Assets\Game\Static\single_formation.bytes,dry-run
resources\assets\yoo\Default\324fcda729f678d13d6dea7bf868e1bc.bundle,TextAsset,brisk_challenge,6987583105592114571,reverse-output\assets\unitypy-textasset-dryrun\by_container\Assets\Game\Static\brisk_challenge.bytes,dry-run
resources\assets\yoo\Default\324fcda729f678d13d6dea7bf868e1bc.bundle,TextAsset,top_up_cht,7008264838436518187,reverse-output\assets\unitypy-textasset-dryrun\by_container\Assets\Game\Static\top_up_cht.bytes,dry-run
resources\assets\yoo\Default\324fcda729f678d13d6dea7bf868e1bc.bundle,TextAsset,legion_level,7063598796331867375,reverse-output\assets\unitypy-textasset-dryrun\by_container\Assets\Game\Static\legion_level.bytes,dry-run
resources\assets\yoo\Default\324fcda729f678d13d6dea7bf868e1bc.bundle,TextAsset,role_story_chapter,7117439623637873434,reverse-output\assets\unitypy-textasset-dryrun\by_container\Assets\Game\Static\role_story_chapter.bytes,dry-run
resources\assets\yoo\Default\324fcda729f678d13d6dea7bf868e1bc.bundle,TextAsset,equip_create,7138112364249904451,reverse-output\assets\unitypy-textasset-dryrun\by_container\Assets\Game\Static\equip_create.bytes,dry-run
resources\assets\yoo\Default\324fcda729f678d13d6dea7bf868e1bc.bundle,TextAsset,weekend_adv_treasure,7138120292812811729,reverse-output\assets\unitypy-textasset-dryrun\by_container\Assets\Game\Static\weekend_adv_treasure.bytes,dry-run
resources\assets\yoo\Default\324fcda729f678d13d6dea7bf868e1bc.bundle,TextAsset,gal_location_eventline,7188440828331132310,reverse-output\assets\unitypy-textasset-dryrun\by_container\Assets\Game\Static\gal_location_eventline.bytes,dry-run
resources\assets\yoo\Default\324fcda729f678d13d6dea7bf868e1bc.bundle,TextAsset,en,7192843496422068721,reverse-output\assets\unitypy-textasset-dryrun\by_container\Assets\Game\Static\en.bytes,dry-run
resources\assets\yoo\Default\324fcda729f678d13d6dea7bf868e1bc.bundle,TextAsset,event_login,7211412101535286667,reverse-output\assets\unitypy-textasset-dryrun\by_container\Assets\Game\Static\event_login.bytes,dry-run
resources\assets\yoo\Default\324fcda729f678d13d6dea7bf868e1bc.bundle,TextAsset,bestcommander,7248306948052084654,reverse-output\assets\unitypy-textasset-dryrun\by_container\Assets\Game\Static\bestcommander.bytes,dry-run
resources\assets\yoo\Default\324fcda729f678d13d6dea7bf868e1bc.bundle,TextAsset,strategic_challenge,7283272263203938519,reverse-output\assets\unitypy-textasset-dryrun\by_container\Assets\Game\Static\strategic_challenge.bytes,dry-run
resources\assets\yoo\Default\324fcda729f678d13d6dea7bf868e1bc.bundle,TextAsset,bg_harmonious,7291848050908585880,reverse-output\assets\unitypy-textasset-dryrun\by_container\Assets\Game\Static\bg_harmonious.bytes,dry-run
resources\assets\yoo\Default\324fcda729f678d13d6dea7bf868e1bc.bundle,TextAsset,slug_compose,7377675184754040577,reverse-output\assets\unitypy-textasset-dryrun\by_container\Assets\Game\Static\slug_compose.bytes,dry-run
resources\assets\yoo\Default\324fcda729f678d13d6dea7bf868e1bc.bundle,TextAsset,new_shop_page,7525164467827191259,reverse-output\assets\unitypy-textasset-dryrun\by_container\Assets\Game\Static\new_shop_page.bytes,dry-run
resources\assets\yoo\Default\324fcda729f678d13d6dea7bf868e1bc.bundle,TextAsset,shareconfig,7566814488886857395,reverse-output\assets\unitypy-textasset-dryrun\by_container\Assets\Game\Static\shareconfig.bytes,dry-run
resources\assets\yoo\Default\324fcda729f678d13d6dea7bf868e1bc.bundle,TextAsset,army,7577502680445633400,reverse-output\assets\unitypy-textasset-dryrun\by_container\Assets\Game\Static\army.bytes,dry-run
resources\assets\yoo\Default\324fcda729f678d13d6dea7bf868e1bc.bundle,TextAsset,battle_array,7603299065445806713,reverse-output\assets\unitypy-textasset-dryrun\by_container\Assets\Game\Static\battle_array.bytes,dry-run
resources\assets\yoo\Default\324fcda729f678d13d6dea7bf868e1bc.bundle,TextAsset,pet_drawconfig,7695933826623312212,reverse-output\assets\unitypy-textasset-dryrun\by_container\Assets\Game\Static\pet_drawconfig.bytes,dry-run
resources\assets\yoo\Default\324fcda729f678d13d6dea7bf868e1bc.bundle,TextAsset,pass_target_type,7700228419222306012,reverse-output\assets\unitypy-textasset-dryrun\by_container\Assets\Game\Static\pass_target_type.bytes,dry-run
resources\assets\yoo\Default\324fcda729f678d13d6dea7bf868e1bc.bundle,TextAsset,explore_dream,7773338230225963800,reverse-output\assets\unitypy-textasset-dryrun\by_container\Assets\Game\Static\explore_dream.bytes,dry-run
resources\assets\yoo\Default\324fcda729f678d13d6dea7bf868e1bc.bundle,TextAsset,legion_rank,7898231525787405351,reverse-output\assets\unitypy-textasset-dryrun\by_container\Assets\Game\Static\legion_rank.bytes,dry-run
resources\assets\yoo\Default\324fcda729f678d13d6dea7bf868e1bc.bundle,TextAsset,level_up_activity,7934687769518032057,reverse-output\assets\unitypy-textasset-dryrun\by_container\Assets\Game\Static\level_up_activity.bytes,dry-run
resources\assets\yoo\Default\324fcda729f678d13d6dea7bf868e1bc.bundle,TextAsset,gal_character,8000806516508534853,reverse-output\assets\unitypy-textasset-dryrun\by_container\Assets\Game\Static\gal_character.bytes,dry-run
resources\assets\yoo\Default\324fcda729f678d13d6dea7bf868e1bc.bundle,TextAsset,hero_skin,8117794983662726950,reverse-output\assets\unitypy-textasset-dryrun\by_container\Assets\Game\Static\hero_skin.bytes,dry-run
resources\assets\yoo\Default\324fcda729f678d13d6dea7bf868e1bc.bundle,TextAsset,capsule_toys,8140966057233205727,reverse-output\assets\unitypy-textasset-dryrun\by_container\Assets\Game\Static\capsule_toys.bytes,dry-run
resources\assets\yoo\Default\324fcda729f678d13d6dea7bf868e1bc.bundle,TextAsset,ko,8175106031012203196,reverse-output\assets\unitypy-textasset-dryrun\by_container\Assets\Game\Static\ko.bytes,dry-run
resources\assets\yoo\Default\324fcda729f678d13d6dea7bf868e1bc.bundle,TextAsset,channel,8268573084069745670,reverse-output\assets\unitypy-textasset-dryrun\by_container\Assets\Game\Static\channel.bytes,dry-run
resources\assets\yoo\Default\324fcda729f678d13d6dea7bf868e1bc.bundle,TextAsset,normal_monster_group,8278813848198469239,reverse-output\assets\unitypy-textasset-dryrun\by_container\Assets\Game\Static\normal_monster_group.bytes,dry-run
resources\assets\yoo\Default\324fcda729f678d13d6dea7bf868e1bc.bundle,TextAsset,top_arena_reward,8290131608095081922,reverse-output\assets\unitypy-textasset-dryrun\by_container\Assets\Game\Static\top_arena_reward.bytes,dry-run
resources\assets\yoo\Default\324fcda729f678d13d6dea7bf868e1bc.bundle,TextAsset,monopoly_status,8319647002973829412,reverse-output\assets\unitypy-textasset-dryrun\by_container\Assets\Game\Static\monopoly_status.bytes,dry-run
resources\assets\yoo\Default\324fcda729f678d13d6dea7bf868e1bc.bundle,TextAsset,plot,8387205550316343581,reverse-output\assets\unitypy-textasset-dryrun\by_container\Assets\Game\Static\plot.bytes,dry-run
resources\assets\yoo\Default\324fcda729f678d13d6dea7bf868e1bc.bundle,TextAsset,legionexpedition_player_damage,8406605224467814089,reverse-output\assets\unitypy-textasset-dryrun\by_container\Assets\Game\Static\legionexpedition_player_damage.bytes,dry-run
resources\assets\yoo\Default\324fcda729f678d13d6dea7bf868e1bc.bundle,TextAsset,gal_plot_spine,8448920007380085049,reverse-output\assets\unitypy-textasset-dryrun\by_container\Assets\Game\Static\gal_plot_spine.bytes,dry-run
resources\assets\yoo\Default\324fcda729f678d13d6dea7bf868e1bc.bundle,TextAsset,GVE_auctiongroup,8496235238157013822,reverse-output\assets\unitypy-textasset-dryrun\by_container\Assets\Game\Static\GVE_auctiongroup.bytes,dry-run
resources\assets\yoo\Default\324fcda729f678d13d6dea7bf868e1bc.bundle,TextAsset,equip_pos_level,8511388860744010589,reverse-output\assets\unitypy-textasset-dryrun\by_container\Assets\Game\Static\equip_pos_level.bytes,dry-run
resources\assets\yoo\Default\324fcda729f678d13d6dea7bf868e1bc.bundle,TextAsset,pet_equip,8515102077864328435,reverse-output\assets\unitypy-textasset-dryrun\by_container\Assets\Game\Static\pet_equip.bytes,dry-run
resources\assets\yoo\Default\324fcda729f678d13d6dea7bf868e1bc.bundle,TextAsset,occupation_information,8528524503641870096,reverse-output\assets\unitypy-textasset-dryrun\by_container\Assets\Game\Static\occupation_information.bytes,dry-run
resources\assets\yoo\Default\324fcda729f678d13d6dea7bf868e1bc.bundle,TextAsset,equip_attribute,8537332844376344722,reverse-output\assets\unitypy-textasset-dryrun\by_container\Assets\Game\Static\equip_attribute.bytes,dry-run
resources\assets\yoo\Default\324fcda729f678d13d6dea7bf868e1bc.bundle,TextAsset,adjust_samsung,8574913702580365072,reverse-output\assets\unitypy-textasset-dryrun\by_container\Assets\Game\Static\adjust_samsung.bytes,dry-run
resources\assets\yoo\Default\324fcda729f678d13d6dea7bf868e1bc.bundle,TextAsset,rogue_goods,8609948882476773162,reverse-output\assets\unitypy-textasset-dryrun\by_container\Assets\Game\Static\rogue_goods.bytes,dry-run
resources\assets\yoo\Default\324fcda729f678d13d6dea7bf868e1bc.bundle,TextAsset,drawconfig,8627211085986012504,reverse-output\assets\unitypy-textasset-dryrun\by_container\Assets\Game\Static\drawconfig.bytes,dry-run
resources\assets\yoo\Default\324fcda729f678d13d6dea7bf868e1bc.bundle,TextAsset,illustrate_core,8684597864314634749,reverse-output\assets\unitypy-textasset-dryrun\by_container\Assets\Game\Static\illustrate_core.bytes,dry-run
resources\assets\yoo\Default\324fcda729f678d13d6dea7bf868e1bc.bundle,TextAsset,relic_special,8697418060400002407,reverse-output\assets\unitypy-textasset-dryrun\by_container\Assets\Game\Static\relic_special.bytes,dry-run
resources\assets\yoo\Default\324fcda729f678d13d6dea7bf868e1bc.bundle,TextAsset,celebration_hero,8746637582982222540,reverse-output\assets\unitypy-textasset-dryrun\by_container\Assets\Game\Static\celebration_hero.bytes,dry-run
resources\assets\yoo\Default\324fcda729f678d13d6dea7bf868e1bc.bundle,TextAsset,abyss_challenge,8881076175715102265,reverse-output\assets\unitypy-textasset-dryrun\by_container\Assets\Game\Static\abyss_challenge.bytes,dry-run
resources\assets\yoo\Default\324fcda729f678d13d6dea7bf868e1bc.bundle,TextAsset,world_boss,8948871026039841064,reverse-output\assets\unitypy-textasset-dryrun\by_container\Assets\Game\Static\world_boss.bytes,dry-run
resources\assets\yoo\Default\324fcda729f678d13d6dea7bf868e1bc.bundle,TextAsset,skill_level,8950347363316348644,reverse-output\assets\unitypy-textasset-dryrun\by_container\Assets\Game\Static\skill_level.bytes,dry-run
resources\assets\yoo\Default\324fcda729f678d13d6dea7bf868e1bc.bundle,TextAsset,mine_contest,8976495647285820375,reverse-output\assets\unitypy-textasset-dryrun\by_container\Assets\Game\Static\mine_contest.bytes,dry-run
resources\assets\yoo\Default\324fcda729f678d13d6dea7bf868e1bc.bundle,TextAsset,weekend_adv_rank,8979772758765755457,reverse-output\assets\unitypy-textasset-dryrun\by_container\Assets\Game\Static\weekend_adv_rank.bytes,dry-run
resources\assets\yoo\Default\324fcda729f678d13d6dea7bf868e1bc.bundle,TextAsset,function_manual,9049443158028046832,reverse-output\assets\unitypy-textasset-dryrun\by_container\Assets\Game\Static\function_manual.bytes,dry-run
resources\assets\yoo\Default\324fcda729f678d13d6dea7bf868e1bc.bundle,TextAsset,ac_lucky_player,9113316753160816850,reverse-output\assets\unitypy-textasset-dryrun\by_container\Assets\Game\Static\ac_lucky_player.bytes,dry-run
resources\assets\yoo\Default\324fcda729f678d13d6dea7bf868e1bc.bundle,TextAsset,relic_attribute,9136189511363624389,reverse-output\assets\unitypy-textasset-dryrun\by_container\Assets\Game\Static\relic_attribute.bytes,dry-run
resources\assets\yoo\Default\35bb195678e6173c8d3dd94bce51461c.bundle,TextAsset,slug_026q.atlas,5567331864342397008,reverse-output\assets\unitypy-textasset-dryrun\by_container\Assets\Game\RawAssets\Spine\Slug\slug_026q\slug_026q.atlas.txt,dry-run
resources\assets\yoo\Default\35bb195678e6173c8d3dd94bce51461c.bundle,TextAsset,slug_026q.skel,6178448787224456887,reverse-output\assets\unitypy-textasset-dryrun\by_container\Assets\Game\RawAssets\Spine\Slug\slug_026q\slug_026q.skel.bytes,dry-run
resources\assets\yoo\Default\3acf176471f9458049d0fc1cfc92de50.bundle,TextAsset,hero_037_t01_bg.skel,-9081803988516132514,reverse-output\assets\unitypy-textasset-dryrun\by_container\Assets\Game\RawAssets\Spine\Hero\hero_037_t01\hero_037_t01_bg.skel.bytes,dry-run
resources\assets\yoo\Default\3acf176471f9458049d0fc1cfc92de50.bundle,TextAsset,hero_037_t01_fg.atlas,-7142460211050721355,reverse-output\assets\unitypy-textasset-dryrun\by_container\Assets\Game\RawAssets\Spine\Hero\hero_037_t01\hero_037_t01_fg.atlas.txt,dry-run
resources\assets\yoo\Default\3acf176471f9458049d0fc1cfc92de50.bundle,TextAsset,hero_037_t01_bg.atlas,-2428239045224757696,reverse-output\assets\unitypy-textasset-dryrun\by_container\Assets\Game\RawAssets\Spine\Hero\hero_037_t01\hero_037_t01_bg.atlas.txt,dry-run
resources\assets\yoo\Default\3acf176471f9458049d0fc1cfc92de50.bundle,TextAsset,hero_037_t01.skel,380323558897223441,reverse-output\assets\unitypy-textasset-dryrun\by_container\Assets\Game\RawAssets\Spine\Hero\hero_037_t01\hero_037_t01.skel.bytes,dry-run
resources\assets\yoo\Default\3acf176471f9458049d0fc1cfc92de50.bundle,TextAsset,hero_037_t01_fg.skel,2913813873908543898,reverse-output\assets\unitypy-textasset-dryrun\by_container\Assets\Game\RawAssets\Spine\Hero\hero_037_t01\hero_037_t01_fg.skel.bytes,dry-run
resources\assets\yoo\Default\3acf176471f9458049d0fc1cfc92de50.bundle,TextAsset,hero_037_t01.atlas,6014191517525567565,reverse-output\assets\unitypy-textasset-dryrun\by_container\Assets\Game\RawAssets\Spine\Hero\hero_037_t01\hero_037_t01.atlas.txt,dry-run
resources\assets\yoo\Default\6062a59a7c6c7f1c7dafa4c4ec361432.bundle,TextAsset,monster_001q_shadow.atlas,-3811026220842312691,reverse-output\assets\unitypy-textasset-dryrun\by_container\Assets\Game\RawAssets\Spine\MonsterQ\monster_001q\monster_001q_shadow\monster_001q_shadow.atlas.txt,dry-run
resources\assets\yoo\Default\6062a59a7c6c7f1c7dafa4c4ec361432.bundle,TextAsset,monster_001q_shadow.skel,8761794452666661637,reverse-output\assets\unitypy-textasset-dryrun\by_container\Assets\Game\RawAssets\Spine\MonsterQ\monster_001q\monster_001q_shadow\monster_001q_shadow.skel.bytes,dry-run
resources\assets\yoo\Default\66b085b814353273ff493c27c65555e3.bundle,TextAsset,monster_002q.skel,-5355816567674825361,reverse-output\assets\unitypy-textasset-dryrun\by_container\Assets\Game\RawAssets\Spine\MonsterQ\monster_002q\monster_002q.skel.bytes,dry-run
resources\assets\yoo\Default\66b085b814353273ff493c27c65555e3.bundle,TextAsset,monster_002q.atlas,6479028843813703360,reverse-output\assets\unitypy-textasset-dryrun\by_container\Assets\Game\RawAssets\Spine\MonsterQ\monster_002q\monster_002q.atlas.txt,dry-run
resources\assets\yoo\Default\80f715d17a1ca97917c6b587896e60bd.bundle,TextAsset,lang_extra,5687264553050916147,reverse-output\assets\unitypy-textasset-dryrun\by_container\Assets\Game\Lang\lang_extra.json,dry-run
resources\assets\yoo\Default\82d640fc6bf946d4bac8d265200fa793.bundle,TextAsset,Assembly-CSharp,-7152287046985816704,reverse-output\assets\unitypy-textasset-dryrun\by_container\Assets\Game\RawAssets\ScriptBytes\Assembly-CSharp.bytes,dry-run
resources\assets\yoo\Default\82d640fc6bf946d4bac8d265200fa793.bundle,TextAsset,WorldMap,3756072341749241968,reverse-output\assets\unitypy-textasset-dryrun\by_container\Assets\Game\RawAssets\ScriptBytes\WorldMap.bytes,dry-run
resources\assets\yoo\Default\a1cbfa58b860bad4c45b8fba455dee6a.bundle,TextAsset,hero_037q.skel,-2235618774739278843,reverse-output\assets\unitypy-textasset-dryrun\by_container\Assets\Game\RawAssets\Spine\Other\hero_037q\hero_037q.skel.bytes,dry-run
resources\assets\yoo\Default\a1cbfa58b860bad4c45b8fba455dee6a.bundle,TextAsset,hero_037q.atlas,501668889733792968,reverse-output\assets\unitypy-textasset-dryrun\by_container\Assets\Game\RawAssets\Spine\Other\hero_037q\hero_037q.atlas.txt,dry-run
resources\assets\yoo\Default\a36f8cac39d96661c2638bb2746ec970.bundle,TextAsset,hero_026q_shadow.atlas,-5418881160983933075,reverse-output\assets\unitypy-textasset-dryrun\by_container\Assets\Game\RawAssets\Spine\HeroQ\hero_026q\hero_026q_shadow\hero_026q_shadow.atlas.txt,dry-run
resources\assets\yoo\Default\a36f8cac39d96661c2638bb2746ec970.bundle,TextAsset,hero_026q_shadow.skel,9003287093090682061,reverse-output\assets\unitypy-textasset-dryrun\by_container\Assets\Game\RawAssets\Spine\HeroQ\hero_026q\hero_026q_shadow\hero_026q_shadow.skel.bytes,dry-run
resources\assets\yoo\Default\ab8227019a57e4d76e3988ed485683e2.bundle,TextAsset,slug_037q.skel,-5230186652296510833,reverse-output\assets\unitypy-textasset-dryrun\by_container\Assets\Game\RawAssets\Spine\Slug\slug_037q\slug_037q.skel.bytes,dry-run
resources\assets\yoo\Default\ab8227019a57e4d76e3988ed485683e2.bundle,TextAsset,slug_037q.atlas,-2165564572486048191,reverse-output\assets\unitypy-textasset-dryrun\by_container\Assets\Game\RawAssets\Spine\Slug\slug_037q\slug_037q.atlas.txt,dry-run
resources\assets\yoo\Default\b0494f0c84094d5a4c42904e2a7c0eaf.bundle,TextAsset,monster_003q.atlas,-1136609560372811539,reverse-output\assets\unitypy-textasset-dryrun\by_container\Assets\Game\RawAssets\Spine\MonsterQ\monster_003q\monster_003q.atlas.txt,dry-run
resources\assets\yoo\Default\b0494f0c84094d5a4c42904e2a7c0eaf.bundle,TextAsset,monster_003q.skel,6031004227342567178,reverse-output\assets\unitypy-textasset-dryrun\by_container\Assets\Game\RawAssets\Spine\MonsterQ\monster_003q\monster_003q.skel.bytes,dry-run
resources\assets\yoo\Default\b61d633c6f7beec5301d9f48ffb87909.bundle,TextAsset,hero_003Dh.atlas,-3663525261771548992,reverse-output\assets\unitypy-textasset-dryrun\by_container\Assets\Game\RawAssets\Spine\Hero\hero_003Dh\hero_003Dh.atlas.txt,dry-run
resources\assets\yoo\Default\b61d633c6f7beec5301d9f48ffb87909.bundle,TextAsset,hero_003Dh.skel,50959602353961242,reverse-output\assets\unitypy-textasset-dryrun\by_container\Assets\Game\RawAssets\Spine\Hero\hero_003Dh\hero_003Dh.skel.bytes,dry-run
resources\assets\yoo\Default\ba1281e0d50b660c5908eccf1fceb21b.bundle,TextAsset,hero_021q_shadow.skel,-4527795028325541472,reverse-output\assets\unitypy-textasset-dryrun\by_container\Assets\Game\RawAssets\Spine\HeroQ\hero_021q\hero_021q_shadow\hero_021q_shadow.skel.bytes,dry-run
resources\assets\yoo\Default\ba1281e0d50b660c5908eccf1fceb21b.bundle,TextAsset,hero_021q_shadow.atlas,-2822657299009796678,reverse-output\assets\unitypy-textasset-dryrun\by_container\Assets\Game\RawAssets\Spine\HeroQ\hero_021q\hero_021q_shadow\hero_021q_shadow.atlas.txt,dry-run
resources\assets\yoo\Default\c7fdce8dd8e9e2f53dcaaa210954d4cd.bundle,TextAsset,hero_000.skel,3445754819049532611,reverse-output\assets\unitypy-textasset-dryrun\by_container\Assets\Game\RawAssets\Spine\Hero\hero_000\hero_000.skel.bytes,dry-run
resources\assets\yoo\Default\c7fdce8dd8e9e2f53dcaaa210954d4cd.bundle,TextAsset,hero_000.atlas,5077354401709516533,reverse-output\assets\unitypy-textasset-dryrun\by_container\Assets\Game\RawAssets\Spine\Hero\hero_000\hero_000.atlas.txt,dry-run
resources\assets\yoo\Default\d2a9c11bccdc82a28d04a0a9e0f9bfbb.bundle,TextAsset,hero_021h.skel,637435241378652302,reverse-output\assets\unitypy-textasset-dryrun\by_container\Assets\Game\RawAssets\Spine\Hero\hero_021h\hero_021h.skel.bytes,dry-run
resources\assets\yoo\Default\d2a9c11bccdc82a28d04a0a9e0f9bfbb.bundle,TextAsset,hero_021h.atlas,846149684426044459,reverse-output\assets\unitypy-textasset-dryrun\by_container\Assets\Game\RawAssets\Spine\Hero\hero_021h\hero_021h.atlas.txt,dry-run
resources\assets\yoo\Default\d4f0f4146eea1dcc1a3bc2c221446b91.bundle,TextAsset,Activities,-8756064859460532663,reverse-output\assets\unitypy-textasset-dryrun\by_container\Assets\Game\Static\RedDotTree\Activities.json,dry-run
resources\assets\yoo\Default\d4f0f4146eea1dcc1a3bc2c221446b91.bundle,TextAsset,Ruins,-8480761123220579318,reverse-output\assets\unitypy-textasset-dryrun\by_container\Assets\Game\Static\RedDotTree\Ruins.json,dry-run
resources\assets\yoo\Default\d4f0f4146eea1dcc1a3bc2c221446b91.bundle,TextAsset,ResidentAndCoffee,-8051065819543225728,reverse-output\assets\unitypy-textasset-dryrun\by_container\Assets\Game\Static\RedDotTree\ResidentAndCoffee.json,dry-run
resources\assets\yoo\Default\d4f0f4146eea1dcc1a3bc2c221446b91.bundle,TextAsset,Alliance,-8000488307976920816,reverse-output\assets\unitypy-textasset-dryrun\by_container\Assets\Game\Static\RedDotTree\Alliance.json,dry-run
resources\assets\yoo\Default\d4f0f4146eea1dcc1a3bc2c221446b91.bundle,TextAsset,Develop,-7696024900224970237,reverse-output\assets\unitypy-textasset-dryrun\by_container\Assets\Game\Static\RedDotTree\Develop.json,dry-run
resources\assets\yoo\Default\d4f0f4146eea1dcc1a3bc2c221446b91.bundle,TextAsset,Remnants,-7289222798886923382,reverse-output\assets\unitypy-textasset-dryrun\by_container\Assets\Game\Static\RedDotTree\Remnants.json,dry-run
resources\assets\yoo\Default\d4f0f4146eea1dcc1a3bc2c221446b91.bundle,TextAsset,Roguelike,-5341175506431054511,reverse-output\assets\unitypy-textasset-dryrun\by_container\Assets\Game\Static\RedDotTree\Roguelike.json,dry-run
resources\assets\yoo\Default\d4f0f4146eea1dcc1a3bc2c221446b91.bundle,TextAsset,Refuge,-5298980574761832110,reverse-output\assets\unitypy-textasset-dryrun\by_container\Assets\Game\Static\RedDotTree\Refuge.json,dry-run
resources\assets\yoo\Default\d4f0f4146eea1dcc1a3bc2c221446b91.bundle,TextAsset,ChatRedDot,-3751083756795374078,reverse-output\assets\unitypy-textasset-dryrun\by_container\Assets\Game\Static\RedDotTree\ChatRedDot.json,dry-run
resources\assets\yoo\Default\d4f0f4146eea1dcc1a3bc2c221446b91.bundle,TextAsset,Smelt,-3184090168451248170,reverse-output\assets\unitypy-textasset-dryrun\by_container\Assets\Game\Static\RedDotTree\Smelt.json,dry-run
resources\assets\yoo\Default\d4f0f4146eea1dcc1a3bc2c221446b91.bundle,TextAsset,Bag,-2981383336361581733,reverse-output\assets\unitypy-textasset-dryrun\by_container\Assets\Game\Static\RedDotTree\Bag.json,dry-run
resources\assets\yoo\Default\d4f0f4146eea1dcc1a3bc2c221446b91.bundle,TextAsset,DevilHunter,-2480155654502002172,reverse-output\assets\unitypy-textasset-dryrun\by_container\Assets\Game\Static\RedDotTree\DevilHunter.json,dry-run
resources\assets\yoo\Default\d4f0f4146eea1dcc1a3bc2c221446b91.bundle,TextAsset,FunctionalManuals,-1934907714860864200,reverse-output\assets\unitypy-textasset-dryrun\by_container\Assets\Game\Static\RedDotTree\FunctionalManuals.json,dry-run
resources\assets\yoo\Default\d4f0f4146eea1dcc1a3bc2c221446b91.bundle,TextAsset,Arena,-1754524601579810334,reverse-output\assets\unitypy-textasset-dryrun\by_container\Assets\Game\Static\RedDotTree\Arena.json,dry-run
resources\assets\yoo\Default\d4f0f4146eea1dcc1a3bc2c221446b91.bundle,TextAsset,GameShopCollection,-1652958603914466670,reverse-output\assets\unitypy-textasset-dryrun\by_container\Assets\Game\Static\RedDotTree\GameShopCollection.json,dry-run
resources\assets\yoo\Default\d4f0f4146eea1dcc1a3bc2c221446b91.bundle,TextAsset,Expedition,-1017770671647830252,reverse-output\assets\unitypy-textasset-dryrun\by_container\Assets\Game\Static\RedDotTree\Expedition.json,dry-run
resources\assets\yoo\Default\d4f0f4146eea1dcc1a3bc2c221446b91.bundle,TextAsset,TeamMyMind,-831842960847415067,reverse-output\assets\unitypy-textasset-dryrun\by_container\Assets\Game\Static\RedDotTree\TeamMyMind.json,dry-run
resources\assets\yoo\Default\d4f0f4146eea1dcc1a3bc2c221446b91.bundle,TextAsset,Gal,-453718395470683853,reverse-output\assets\unitypy-textasset-dryrun\by_container\Assets\Game\Static\RedDotTree\Gal.json,dry-run
resources\assets\yoo\Default\d4f0f4146eea1dcc1a3bc2c221446b91.bundle,TextAsset,MainUIView,146325003974391047,reverse-output\assets\unitypy-textasset-dryrun\by_container\Assets\Game\Static\RedDotTree\MainUIView.json,dry-run
resources\assets\yoo\Default\d4f0f4146eea1dcc1a3bc2c221446b91.bundle,TextAsset,RedDotTest,520103326554229484,reverse-output\assets\unitypy-textasset-dryrun\by_container\Assets\Game\Static\RedDotTree\RedDotTest.json,dry-run
resources\assets\yoo\Default\d4f0f4146eea1dcc1a3bc2c221446b91.bundle,TextAsset,Slug,1224328047824452898,reverse-output\assets\unitypy-textasset-dryrun\by_container\Assets\Game\Static\RedDotTree\Slug.json,dry-run
resources\assets\yoo\Default\d4f0f4146eea1dcc1a3bc2c221446b91.bundle,TextAsset,LotteryDraw,2005906650750191597,reverse-output\assets\unitypy-textasset-dryrun\by_container\Assets\Game\Static\RedDotTree\LotteryDraw.json,dry-run
resources\assets\yoo\Default\d4f0f4146eea1dcc1a3bc2c221446b91.bundle,TextAsset,Hero,2538449951505399803,reverse-output\assets\unitypy-textasset-dryrun\by_container\Assets\Game\Static\RedDotTree\Hero.json,dry-run
resources\assets\yoo\Default\d4f0f4146eea1dcc1a3bc2c221446b91.bundle,TextAsset,ChapterTask,2773014917739168367,reverse-output\assets\unitypy-textasset-dryrun\by_container\Assets\Game\Static\RedDotTree\ChapterTask.json,dry-run
resources\assets\yoo\Default\d4f0f4146eea1dcc1a3bc2c221446b91.bundle,TextAsset,Mastery,3932117263158176543,reverse-output\assets\unitypy-textasset-dryrun\by_container\Assets\Game\Static\RedDotTree\Mastery.json,dry-run
resources\assets\yoo\Default\d4f0f4146eea1dcc1a3bc2c221446b91.bundle,TextAsset,HolyRelic,4621299809452693094,reverse-output\assets\unitypy-textasset-dryrun\by_container\Assets\Game\Static\RedDotTree\HolyRelic.json,dry-run
resources\assets\yoo\Default\d4f0f4146eea1dcc1a3bc2c221446b91.bundle,TextAsset,Tactics,4956679096802987500,reverse-output\assets\unitypy-textasset-dryrun\by_container\Assets\Game\Static\RedDotTree\Tactics.json,dry-run
resources\assets\yoo\Default\d4f0f4146eea1dcc1a3bc2c221446b91.bundle,TextAsset,Quest,5136105854715248383,reverse-output\assets\unitypy-textasset-dryrun\by_container\Assets\Game\Static\RedDotTree\Quest.json,dry-run
resources\assets\yoo\Default\d4f0f4146eea1dcc1a3bc2c221446b91.bundle,TextAsset,Stronger,6470142802859434992,reverse-output\assets\unitypy-textasset-dryrun\by_container\Assets\Game\Static\RedDotTree\Stronger.json,dry-run
resources\assets\yoo\Default\d4f0f4146eea1dcc1a3bc2c221446b91.bundle,TextAsset,AshesArea,6561881239344433681,reverse-output\assets\unitypy-textasset-dryrun\by_container\Assets\Game\Static\RedDotTree\AshesArea.json,dry-run
resources\assets\yoo\Default\d4f0f4146eea1dcc1a3bc2c221446b91.bundle,TextAsset,CoreDungeon,7449231647477452989,reverse-output\assets\unitypy-textasset-dryrun\by_container\Assets\Game\Static\RedDotTree\CoreDungeon.json,dry-run
resources\assets\yoo\Default\d4f0f4146eea1dcc1a3bc2c221446b91.bundle,TextAsset,VipPrivilege,7539162113990459896,reverse-output\assets\unitypy-textasset-dryrun\by_container\Assets\Game\Static\RedDotTree\VipPrivilege.json,dry-run
resources\assets\yoo\Default\d4f0f4146eea1dcc1a3bc2c221446b91.bundle,TextAsset,WorldBossRedDot,8038962178127735837,reverse-output\assets\unitypy-textasset-dryrun\by_container\Assets\Game\Static\RedDotTree\WorldBossRedDot.json,dry-run
resources\assets\yoo\Default\d4f0f4146eea1dcc1a3bc2c221446b91.bundle,TextAsset,Adventure,8895144472600161381,reverse-output\assets\unitypy-textasset-dryrun\by_container\Assets\Game\Static\RedDotTree\Adventure.json,dry-run
resources\assets\yoo\Default\d9b9bdbf670710a8292513b8cfafdb4e.bundle,TextAsset,lang,-177563520562721815,reverse-output\assets\unitypy-textasset-dryrun\by_container\Assets\Game\Lang\lang.json,dry-run
resources\assets\yoo\Default\e02cbf5cb7d4c2a86236e30a00a9f292.bundle,TextAsset,hero_037q_shadow.atlas,-2410679725549803808,reverse-output\assets\unitypy-textasset-dryrun\by_container\Assets\Game\RawAssets\Spine\HeroQ\hero_037q\hero_037q_shadow\hero_037q_shadow.atlas.txt,dry-run
resources\assets\yoo\Default\e02cbf5cb7d4c2a86236e30a00a9f292.bundle,TextAsset,hero_037q_shadow.skel,917002391603089129,reverse-output\assets\unitypy-textasset-dryrun\by_container\Assets\Game\RawAssets\Spine\HeroQ\hero_037q\hero_037q_shadow\hero_037q_shadow.skel.bytes,dry-run
resources\assets\yoo\Default\e6c5ac53ce4514c81bddb0d9e2a0edd4.bundle,TextAsset,hero_012q.atlas,-6238018042561468587,reverse-output\assets\unitypy-textasset-dryrun\by_container\Assets\Game\RawAssets\Spine\HeroQ\hero_012q\hero_012q.atlas.txt,dry-run
resources\assets\yoo\Default\e6c5ac53ce4514c81bddb0d9e2a0edd4.bundle,TextAsset,hero_012q.skel,1363376093320279804,reverse-output\assets\unitypy-textasset-dryrun\by_container\Assets\Game\RawAssets\Spine\HeroQ\hero_012q\hero_012q.skel.bytes,dry-run
resources\assets\yoo\Default\ea2c266fbcf64753595663c75fe96845.bundle,TextAsset,monster_015q.skel,4062740096001799125,reverse-output\assets\unitypy-textasset-dryrun\by_container\Assets\Game\RawAssets\Spine\MonsterQ\monster_015q\monster_015q.skel.bytes,dry-run
resources\assets\yoo\Default\ea2c266fbcf64753595663c75fe96845.bundle,TextAsset,monster_015q.atlas,7595852274483888078,reverse-output\assets\unitypy-textasset-dryrun\by_container\Assets\Game\RawAssets\Spine\MonsterQ\monster_015q\monster_015q.atlas.txt,dry-run
resources\assets\yoo\Default\ec57b38f548d8b2c2f6222ee738c4983.bundle,TextAsset,UnityEngine.AndroidJNIModule,-8836553486580780185,reverse-output\assets\unitypy-textasset-dryrun\by_container\Assets\Game\RawAssets\ScriptBytes\patch\UnityEngine.AndroidJNIModule.bytes,dry-run
resources\assets\yoo\Default\ec57b38f548d8b2c2f6222ee738c4983.bundle,TextAsset,UnityEngine.AnimationModule,-8010919813508708601,reverse-output\assets\unitypy-textasset-dryrun\by_container\Assets\Game\RawAssets\ScriptBytes\patch\UnityEngine.AnimationModule.bytes,dry-run
resources\assets\yoo\Default\ec57b38f548d8b2c2f6222ee738c4983.bundle,TextAsset,UnityEngine.CoreModule,-6818617942709589403,reverse-output\assets\unitypy-textasset-dryrun\by_container\Assets\Game\RawAssets\ScriptBytes\patch\UnityEngine.CoreModule.bytes,dry-run
resources\assets\yoo\Default\ec57b38f548d8b2c2f6222ee738c4983.bundle,TextAsset,DOTween,-5246896678411365082,reverse-output\assets\unitypy-textasset-dryrun\by_container\Assets\Game\RawAssets\ScriptBytes\patch\DOTween.bytes,dry-run
resources\assets\yoo\Default\ec57b38f548d8b2c2f6222ee738c4983.bundle,TextAsset,UnityEngine.JSONSerializeModule,-4791155558862753747,reverse-output\assets\unitypy-textasset-dryrun\by_container\Assets\Game\RawAssets\ScriptBytes\patch\UnityEngine.JSONSerializeModule.bytes,dry-run
resources\assets\yoo\Default\ec57b38f548d8b2c2f6222ee738c4983.bundle,TextAsset,UniTask,-4163657731461598467,reverse-output\assets\unitypy-textasset-dryrun\by_container\Assets\Game\RawAssets\ScriptBytes\patch\UniTask.bytes,dry-run
resources\assets\yoo\Default\ec57b38f548d8b2c2f6222ee738c4983.bundle,TextAsset,System,-1367588476140559040,reverse-output\assets\unitypy-textasset-dryrun\by_container\Assets\Game\RawAssets\ScriptBytes\patch\System.bytes,dry-run
resources\assets\yoo\Default\ec57b38f548d8b2c2f6222ee738c4983.bundle,TextAsset,UnityEngine.DirectorModule,-825297662412047309,reverse-output\assets\unitypy-textasset-dryrun\by_container\Assets\Game\RawAssets\ScriptBytes\patch\UnityEngine.DirectorModule.bytes,dry-run
resources\assets\yoo\Default\ec57b38f548d8b2c2f6222ee738c4983.bundle,TextAsset,mscorlib,-584365761042773589,reverse-output\assets\unitypy-textasset-dryrun\by_container\Assets\Game\RawAssets\ScriptBytes\patch\mscorlib.bytes,dry-run
resources\assets\yoo\Default\ec57b38f548d8b2c2f6222ee738c4983.bundle,TextAsset,UniWebView-CSharp,-166089621292545188,reverse-output\assets\unitypy-textasset-dryrun\by_container\Assets\Game\RawAssets\ScriptBytes\patch\UniWebView-CSharp.bytes,dry-run
resources\assets\yoo\Default\ec57b38f548d8b2c2f6222ee738c4983.bundle,TextAsset,LitJson,977172181824111780,reverse-output\assets\unitypy-textasset-dryrun\by_container\Assets\Game\RawAssets\ScriptBytes\patch\LitJson.bytes,dry-run
resources\assets\yoo\Default\ec57b38f548d8b2c2f6222ee738c4983.bundle,TextAsset,MemoryPack,1105993511957098008,reverse-output\assets\unitypy-textasset-dryrun\by_container\Assets\Game\RawAssets\ScriptBytes\patch\MemoryPack.bytes,dry-run
resources\assets\yoo\Default\ec57b38f548d8b2c2f6222ee738c4983.bundle,TextAsset,UnityEngine.SharedInternalsModule,1767496967982828752,reverse-output\assets\unitypy-textasset-dryrun\by_container\Assets\Game\RawAssets\ScriptBytes\patch\UnityEngine.SharedInternalsModule.bytes,dry-run
resources\assets\yoo\Default\ec57b38f548d8b2c2f6222ee738c4983.bundle,TextAsset,UnityEngine.UI,2371000510061782357,reverse-output\assets\unitypy-textasset-dryrun\by_container\Assets\Game\RawAssets\ScriptBytes\patch\UnityEngine.UI.bytes,dry-run
resources\assets\yoo\Default\ec57b38f548d8b2c2f6222ee738c4983.bundle,TextAsset,System.Core,3901202564376021505,reverse-output\assets\unitypy-textasset-dryrun\by_container\Assets\Game\RawAssets\ScriptBytes\patch\System.Core.bytes,dry-run
resources\assets\yoo\Default\ec57b38f548d8b2c2f6222ee738c4983.bundle,TextAsset,Unity.Timeline,5706030353735260271,reverse-output\assets\unitypy-textasset-dryrun\by_container\Assets\Game\RawAssets\ScriptBytes\patch\Unity.Timeline.bytes,dry-run
resources\assets\yoo\Default\ed9ef197112360ff1817ab167293357b.bundle,TextAsset,hero_037.skel,-5185981954354108908,reverse-output\assets\unitypy-textasset-dryrun\by_container\Assets\Game\RawAssets\Spine\Hero\hero_037\hero_037.skel.bytes,dry-run
resources\assets\yoo\Default\ed9ef197112360ff1817ab167293357b.bundle,TextAsset,hero_037.atlas,-1111457519194437712,reverse-output\assets\unitypy-textasset-dryrun\by_container\Assets\Game\RawAssets\Spine\Hero\hero_037\hero_037.atlas.txt,dry-run
resources\assets\yoo\Default\ed9ef197112360ff1817ab167293357b.bundle,TextAsset,hero_037_silhouette.skel,604900928751126332,reverse-output\assets\unitypy-textasset-dryrun\by_container\Assets\Game\RawAssets\Spine\Hero\hero_037\hero_037_silhouette.skel.bytes,dry-run
resources\assets\yoo\Default\ed9ef197112360ff1817ab167293357b.bundle,TextAsset,hero_037_silhouette.atlas,4063032129673400019,reverse-output\assets\unitypy-textasset-dryrun\by_container\Assets\Game\RawAssets\Spine\Hero\hero_037\hero_037_silhouette.atlas.txt,dry-run
resources\assets\yoo\Default\fd30bae6aca1a49b90ddb78af8e840d6.bundle,TextAsset,hero_037q.skel,1227969621298963864,reverse-output\assets\unitypy-textasset-dryrun\by_container\Assets\Game\RawAssets\Spine\HeroQ\hero_037q\hero_037q.skel.bytes,dry-run
resources\assets\yoo\Default\fd30bae6aca1a49b90ddb78af8e840d6.bundle,TextAsset,hero_037q.atlas,2695310080276784480,reverse-output\assets\unitypy-textasset-dryrun\by_container\Assets\Game\RawAssets\Spine\HeroQ\hero_037q\hero_037q.atlas.txt,dry-run
