source,type,name,path_id,output,kind
resources\assets\yoo\Default\1918525995d5a5ed05fce5506c55ca0d.bundle,MonoBehaviour,MonoBehaviour_-9213976129847954578,-9213976129847954578,reverse-output\gacha-static\ui-prefab-export\LotteryDrawMainView\by_type\MonoBehaviour\MonoBehaviour_-9213976129847954578.bin,raw
resources\assets\yoo\Default\1918525995d5a5ed05fce5506c55ca0d.bundle,MonoBehaviour,MonoBehaviour_-9211782209661373586,-9211782209661373586,reverse-output\gacha-static\ui-prefab-export\LotteryDrawMainView\by_type\MonoBehaviour\MonoBehaviour_-9211782209661373586.bin,raw
resources\assets\yoo\Default\1918525995d5a5ed05fce5506c55ca0d.bundle,RectTransform,RectTransform_-9197106425131633810,-9197106425131633810,reverse-output\gacha-static\ui-prefab-export\LotteryDrawMainView\by_type\RectTransform\RectTransform_-9197106425131633810.bin,raw
resources\assets\yoo\Default\1918525995d5a5ed05fce5506c55ca0d.bundle,RectTransform,RectTransform_-9152790226445864082,-9152790226445864082,reverse-output\gacha-static\ui-prefab-export\LotteryDrawMainView\by_type\RectTransform\RectTransform_-9152790226445864082.bin,raw
resources\assets\yoo\Default\1918525995d5a5ed05fce5506c55ca0d.bundle,RectTransform,RectTransform_-9100127952239987858,-9100127952239987858,reverse-output\gacha-static\ui-prefab-export\LotteryDrawMainView\by_type\RectTransform\RectTransform_-9100127952239987858.bin,raw
resources\assets\yoo\Default\1918525995d5a5ed05fce5506c55ca0d.bundle,MonoBehaviour,MonoBehaviour_-9098978313648737426,-9098978313648737426,reverse-output\gacha-static\ui-prefab-export\LotteryDrawMainView\by_type\MonoBehaviour\MonoBehaviour_-9098978313648737426.bin,raw
resources\assets\yoo\Default\1918525995d5a5ed05fce5506c55ca0d.bundle,MonoBehaviour,MonoBehaviour_-9097533517241715858,-9097533517241715858,reverse-output\gacha-static\ui-prefab-export\LotteryDrawMainView\by_type\MonoBehaviour\MonoBehaviour_-9097533517241715858.bin,raw
resources\assets\yoo\Default\1918525995d5a5ed05fce5506c55ca0d.bundle,GameObject,btnShop1,-9093866355859721362,reverse-output\gacha-static\ui-prefab-export\LotteryDrawMainView\by_type\GameObject\btnShop1.bin,raw
resources\assets\yoo\Default\1918525995d5a5ed05fce5506c55ca0d.bundle,GameObject,@imgHightLight,-9054161147042925714,reverse-output\gacha-static\ui-prefab-export\LotteryDrawMainView\by_type\GameObject\@imgHightLight.bin,raw
resources\assets\yoo\Default\1918525995d5a5ed05fce5506c55ca0d.bundle,GameObject,Text,-9050118213747346578,reverse-output\gacha-static\ui-prefab-export\LotteryDrawMainView\by_type\GameObject\Text.bin,raw
resources\assets\yoo\Default\1918525995d5a5ed05fce5506c55ca0d.bundle,RectTransform,RectTransform_-9048493244476886162,-9048493244476886162,reverse-output\gacha-static\ui-prefab-export\LotteryDrawMainView\by_type\RectTransform\RectTransform_-9048493244476886162.bin,raw
resources\assets\yoo\Default\1918525995d5a5ed05fce5506c55ca0d.bundle,RectTransform,RectTransform_-9036028119397567634,-9036028119397567634,reverse-output\gacha-static\ui-prefab-export\LotteryDrawMainView\by_type\RectTransform\RectTransform_-9036028119397567634.bin,raw
resources\assets\yoo\Default\1918525995d5a5ed05fce5506c55ca0d.bundle,MonoBehaviour,MonoBehaviour_-9019925272893394066,-9019925272893394066,reverse-output\gacha-static\ui-prefab-export\LotteryDrawMainView\by_type\MonoBehaviour\MonoBehaviour_-9019925272893394066.bin,raw
resources\assets\yoo\Default\1918525995d5a5ed05fce5506c55ca0d.bundle,MonoBehaviour,MonoBehaviour_-8997030062815448210,-8997030062815448210,reverse-output\gacha-static\ui-prefab-export\LotteryDrawMainView\by_type\MonoBehaviour\MonoBehaviour_-8997030062815448210.bin,raw
resources\assets\yoo\Default\1918525995d5a5ed05fce5506c55ca0d.bundle,RectTransform,RectTransform_-8975375500592876690,-8975375500592876690,reverse-output\gacha-static\ui-prefab-export\LotteryDrawMainView\by_type\RectTransform\RectTransform_-8975375500592876690.bin,raw
resources\assets\yoo\Default\1918525995d5a5ed05fce5506c55ca0d.bundle,MonoBehaviour,MonoBehaviour_-8974741001635433618,-8974741001635433618,reverse-output\gacha-static\ui-prefab-export\LotteryDrawMainView\by_type\MonoBehaviour\MonoBehaviour_-8974741001635433618.bin,raw
resources\assets\yoo\Default\1918525995d5a5ed05fce5506c55ca0d.bundle,MonoBehaviour,MonoBehaviour_-8949111697147235474,-8949111697147235474,reverse-output\gacha-static\ui-prefab-export\LotteryDrawMainView\by_type\MonoBehaviour\MonoBehaviour_-8949111697147235474.bin,raw
resources\assets\yoo\Default\1918525995d5a5ed05fce5506c55ca0d.bundle,RectTransform,RectTransform_-8919558753271680146,-8919558753271680146,reverse-output\gacha-static\ui-prefab-export\LotteryDrawMainView\by_type\RectTransform\RectTransform_-8919558753271680146.bin,raw
resources\assets\yoo\Default\1918525995d5a5ed05fce5506c55ca0d.bundle,RectTransform,RectTransform_-8918448189918481554,-8918448189918481554,reverse-output\gacha-static\ui-prefab-export\LotteryDrawMainView\by_type\RectTransform\RectTransform_-8918448189918481554.bin,raw
resources\assets\yoo\Default\1918525995d5a5ed05fce5506c55ca0d.bundle,GameObject,txtRateTip,-8891210425438506130,reverse-output\gacha-static\ui-prefab-export\LotteryDrawMainView\by_type\GameObject\txtRateTip.bin,raw
resources\assets\yoo\Default\1918525995d5a5ed05fce5506c55ca0d.bundle,RectTransform,RectTransform_-8825265276910898322,-8825265276910898322,reverse-output\gacha-static\ui-prefab-export\LotteryDrawMainView\by_type\RectTransform\RectTransform_-8825265276910898322.bin,raw
resources\assets\yoo\Default\1918525995d5a5ed05fce5506c55ca0d.bundle,MonoBehaviour,MonoBehaviour_-8816858812493925522,-8816858812493925522,reverse-output\gacha-static\ui-prefab-export\LotteryDrawMainView\by_type\MonoBehaviour\MonoBehaviour_-8816858812493925522.bin,raw
resources\assets\yoo\Default\1918525995d5a5ed05fce5506c55ca0d.bundle,MonoBehaviour,MonoBehaviour_-8794627327791795346,-8794627327791795346,reverse-output\gacha-static\ui-prefab-export\LotteryDrawMainView\by_type\MonoBehaviour\MonoBehaviour_-8794627327791795346.bin,raw
resources\assets\yoo\Default\1918525995d5a5ed05fce5506c55ca0d.bundle,GameObject,@LotteryDrawTabGrid3,-8790055168286788754,reverse-output\gacha-static\ui-prefab-export\LotteryDrawMainView\by_type\GameObject\@LotteryDrawTabGrid3.bin,raw
resources\assets\yoo\Default\1918525995d5a5ed05fce5506c55ca0d.bundle,GameObject,pnlRedDot,-8785326121784511634,reverse-output\gacha-static\ui-prefab-export\LotteryDrawMainView\by_type\GameObject\pnlRedDot.bin,raw
resources\assets\yoo\Default\1918525995d5a5ed05fce5506c55ca0d.bundle,GameObject,pnlHero4,-8777103628180851858,reverse-output\gacha-static\ui-prefab-export\LotteryDrawMainView\by_type\GameObject\pnlHero4.bin,raw
resources\assets\yoo\Default\1918525995d5a5ed05fce5506c55ca0d.bundle,GameObject,btn,-8769748918977629330,reverse-output\gacha-static\ui-prefab-export\LotteryDrawMainView\by_type\GameObject\btn.bin,raw
resources\assets\yoo\Default\1918525995d5a5ed05fce5506c55ca0d.bundle,MonoBehaviour,MonoBehaviour_-8767246547050564754,-8767246547050564754,reverse-output\gacha-static\ui-prefab-export\LotteryDrawMainView\by_type\MonoBehaviour\MonoBehaviour_-8767246547050564754.bin,raw
resources\assets\yoo\Default\1918525995d5a5ed05fce5506c55ca0d.bundle,GameObject,btnClick,-8723807349439466642,reverse-output\gacha-static\ui-prefab-export\LotteryDrawMainView\by_type\GameObject\btnClick.bin,raw
resources\assets\yoo\Default\1918525995d5a5ed05fce5506c55ca0d.bundle,RectTransform,RectTransform_-8696448712975453330,-8696448712975453330,reverse-output\gacha-static\ui-prefab-export\LotteryDrawMainView\by_type\RectTransform\RectTransform_-8696448712975453330.bin,raw
resources\assets\yoo\Default\1918525995d5a5ed05fce5506c55ca0d.bundle,MonoBehaviour,MonoBehaviour_-8691917042549853330,-8691917042549853330,reverse-output\gacha-static\ui-prefab-export\LotteryDrawMainView\by_type\MonoBehaviour\MonoBehaviour_-8691917042549853330.bin,raw
resources\assets\yoo\Default\1918525995d5a5ed05fce5506c55ca0d.bundle,GameObject,imgWishHero,-8683520087376596114,reverse-output\gacha-static\ui-prefab-export\LotteryDrawMainView\by_type\GameObject\imgWishHero.bin,raw
resources\assets\yoo\Default\1918525995d5a5ed05fce5506c55ca0d.bundle,RectTransform,RectTransform_-8658954832884927634,-8658954832884927634,reverse-output\gacha-static\ui-prefab-export\LotteryDrawMainView\by_type\RectTransform\RectTransform_-8658954832884927634.bin,raw
resources\assets\yoo\Default\1918525995d5a5ed05fce5506c55ca0d.bundle,GameObject,txtTag1,-8636131840002428050,reverse-output\gacha-static\ui-prefab-export\LotteryDrawMainView\by_type\GameObject\txtTag1.bin,raw
resources\assets\yoo\Default\1918525995d5a5ed05fce5506c55ca0d.bundle,GameObject,txtIntegralSlider,-8603000624292564114,reverse-output\gacha-static\ui-prefab-export\LotteryDrawMainView\by_type\GameObject\txtIntegralSlider.bin,raw
resources\assets\yoo\Default\1918525995d5a5ed05fce5506c55ca0d.bundle,MonoBehaviour,MonoBehaviour_-8602182847434263698,-8602182847434263698,reverse-output\gacha-static\ui-prefab-export\LotteryDrawMainView\by_type\MonoBehaviour\MonoBehaviour_-8602182847434263698.bin,raw
resources\assets\yoo\Default\1918525995d5a5ed05fce5506c55ca0d.bundle,RectTransform,RectTransform_-8574209750375795858,-8574209750375795858,reverse-output\gacha-static\ui-prefab-export\LotteryDrawMainView\by_type\RectTransform\RectTransform_-8574209750375795858.bin,raw
resources\assets\yoo\Default\1918525995d5a5ed05fce5506c55ca0d.bundle,RectTransform,RectTransform_-8500730456942251154,-8500730456942251154,reverse-output\gacha-static\ui-prefab-export\LotteryDrawMainView\by_type\RectTransform\RectTransform_-8500730456942251154.bin,raw
resources\assets\yoo\Default\1918525995d5a5ed05fce5506c55ca0d.bundle,MonoBehaviour,MonoBehaviour_-8481218552087841938,-8481218552087841938,reverse-output\gacha-static\ui-prefab-export\LotteryDrawMainView\by_type\MonoBehaviour\MonoBehaviour_-8481218552087841938.bin,raw
resources\assets\yoo\Default\1918525995d5a5ed05fce5506c55ca0d.bundle,MonoBehaviour,MonoBehaviour_-8480863751003835538,-8480863751003835538,reverse-output\gacha-static\ui-prefab-export\LotteryDrawMainView\by_type\MonoBehaviour\MonoBehaviour_-8480863751003835538.bin,raw
resources\assets\yoo\Default\1918525995d5a5ed05fce5506c55ca0d.bundle,MonoBehaviour,MonoBehaviour_-8468984454897274002,-8468984454897274002,reverse-output\gacha-static\ui-prefab-export\LotteryDrawMainView\by_type\MonoBehaviour\MonoBehaviour_-8468984454897274002.bin,raw
resources\assets\yoo\Default\1918525995d5a5ed05fce5506c55ca0d.bundle,RectTransform,RectTransform_-8394712377669127314,-8394712377669127314,reverse-output\gacha-static\ui-prefab-export\LotteryDrawMainView\by_type\RectTransform\RectTransform_-8394712377669127314.bin,raw
resources\assets\yoo\Default\1918525995d5a5ed05fce5506c55ca0d.bundle,GameObject,btnFinish,-8389800115564055698,reverse-output\gacha-static\ui-prefab-export\LotteryDrawMainView\by_type\GameObject\btnFinish.bin,raw
resources\assets\yoo\Default\1918525995d5a5ed05fce5506c55ca0d.bundle,GameObject,btnFinish,-8380690091381034130,reverse-output\gacha-static\ui-prefab-export\LotteryDrawMainView\by_type\GameObject\btnFinish_1.bin,raw
resources\assets\yoo\Default\1918525995d5a5ed05fce5506c55ca0d.bundle,MonoBehaviour,MonoBehaviour_-8373763986127850642,-8373763986127850642,reverse-output\gacha-static\ui-prefab-export\LotteryDrawMainView\by_type\MonoBehaviour\MonoBehaviour_-8373763986127850642.bin,raw
resources\assets\yoo\Default\1918525995d5a5ed05fce5506c55ca0d.bundle,MonoBehaviour,MonoBehaviour_-8356776439400107154,-8356776439400107154,reverse-output\gacha-static\ui-prefab-export\LotteryDrawMainView\by_type\MonoBehaviour\MonoBehaviour_-8356776439400107154.bin,raw
resources\assets\yoo\Default\1918525995d5a5ed05fce5506c55ca0d.bundle,RectTransform,RectTransform_-8314582124445699218,-8314582124445699218,reverse-output\gacha-static\ui-prefab-export\LotteryDrawMainView\by_type\RectTransform\RectTransform_-8314582124445699218.bin,raw
resources\assets\yoo\Default\1918525995d5a5ed05fce5506c55ca0d.bundle,MonoBehaviour,MonoBehaviour_-8309271292649540754,-8309271292649540754,reverse-output\gacha-static\ui-prefab-export\LotteryDrawMainView\by_type\MonoBehaviour\MonoBehaviour_-8309271292649540754.bin,raw
resources\assets\yoo\Default\1918525995d5a5ed05fce5506c55ca0d.bundle,MonoBehaviour,MonoBehaviour_-8291999024755510418,-8291999024755510418,reverse-output\gacha-static\ui-prefab-export\LotteryDrawMainView\by_type\MonoBehaviour\MonoBehaviour_-8291999024755510418.bin,raw
resources\assets\yoo\Default\1918525995d5a5ed05fce5506c55ca0d.bundle,RectTransform,RectTransform_-8251756726365981842,-8251756726365981842,reverse-output\gacha-static\ui-prefab-export\LotteryDrawMainView\by_type\RectTransform\RectTransform_-8251756726365981842.bin,raw
resources\assets\yoo\Default\1918525995d5a5ed05fce5506c55ca0d.bundle,MonoBehaviour,MonoBehaviour_-8187398010305121426,-8187398010305121426,reverse-output\gacha-static\ui-prefab-export\LotteryDrawMainView\by_type\MonoBehaviour\MonoBehaviour_-8187398010305121426.bin,raw
resources\assets\yoo\Default\1918525995d5a5ed05fce5506c55ca0d.bundle,MonoBehaviour,MonoBehaviour_-8182174302965992594,-8182174302965992594,reverse-output\gacha-static\ui-prefab-export\LotteryDrawMainView\by_type\MonoBehaviour\MonoBehaviour_-8182174302965992594.bin,raw
resources\assets\yoo\Default\1918525995d5a5ed05fce5506c55ca0d.bundle,MonoBehaviour,MonoBehaviour_-8137093253118299282,-8137093253118299282,reverse-output\gacha-static\ui-prefab-export\LotteryDrawMainView\by_type\MonoBehaviour\MonoBehaviour_-8137093253118299282.bin,raw
resources\assets\yoo\Default\1918525995d5a5ed05fce5506c55ca0d.bundle,MonoBehaviour,MonoBehaviour_-8124913828516793490,-8124913828516793490,reverse-output\gacha-static\ui-prefab-export\LotteryDrawMainView\by_type\MonoBehaviour\MonoBehaviour_-8124913828516793490.bin,raw
resources\assets\yoo\Default\1918525995d5a5ed05fce5506c55ca0d.bundle,RectTransform,RectTransform_-8101201603740896402,-8101201603740896402,reverse-output\gacha-static\ui-prefab-export\LotteryDrawMainView\by_type\RectTransform\RectTransform_-8101201603740896402.bin,raw
resources\assets\yoo\Default\1918525995d5a5ed05fce5506c55ca0d.bundle,RectTransform,RectTransform_-8095802098236591250,-8095802098236591250,reverse-output\gacha-static\ui-prefab-export\LotteryDrawMainView\by_type\RectTransform\RectTransform_-8095802098236591250.bin,raw
resources\assets\yoo\Default\1918525995d5a5ed05fce5506c55ca0d.bundle,GameObject,lottery_btn_03_effect,-8095718096232189074,reverse-output\gacha-static\ui-prefab-export\LotteryDrawMainView\by_type\GameObject\lottery_btn_03_effect.bin,raw
resources\assets\yoo\Default\1918525995d5a5ed05fce5506c55ca0d.bundle,RectTransform,RectTransform_-8088654790332189842,-8088654790332189842,reverse-output\gacha-static\ui-prefab-export\LotteryDrawMainView\by_type\RectTransform\RectTransform_-8088654790332189842.bin,raw
resources\assets\yoo\Default\1918525995d5a5ed05fce5506c55ca0d.bundle,MonoBehaviour,MonoBehaviour_-8040562876871871634,-8040562876871871634,reverse-output\gacha-static\ui-prefab-export\LotteryDrawMainView\by_type\MonoBehaviour\MonoBehaviour_-8040562876871871634.bin,raw
resources\assets\yoo\Default\1918525995d5a5ed05fce5506c55ca0d.bundle,RectTransform,RectTransform_-8017964772324281490,-8017964772324281490,reverse-output\gacha-static\ui-prefab-export\LotteryDrawMainView\by_type\RectTransform\RectTransform_-8017964772324281490.bin,raw
resources\assets\yoo\Default\1918525995d5a5ed05fce5506c55ca0d.bundle,RectTransform,RectTransform_-8009058572166171794,-8009058572166171794,reverse-output\gacha-static\ui-prefab-export\LotteryDrawMainView\by_type\RectTransform\RectTransform_-8009058572166171794.bin,raw
resources\assets\yoo\Default\1918525995d5a5ed05fce5506c55ca0d.bundle,GameObject,imgMask,-7999308676907797650,reverse-output\gacha-static\ui-prefab-export\LotteryDrawMainView\by_type\GameObject\imgMask.bin,raw
resources\assets\yoo\Default\1918525995d5a5ed05fce5506c55ca0d.bundle,MonoBehaviour,MonoBehaviour_-7960567084261182610,-7960567084261182610,reverse-output\gacha-static\ui-prefab-export\LotteryDrawMainView\by_type\MonoBehaviour\MonoBehaviour_-7960567084261182610.bin,raw
resources\assets\yoo\Default\1918525995d5a5ed05fce5506c55ca0d.bundle,MonoBehaviour,MonoBehaviour_-7958848822454258834,-7958848822454258834,reverse-output\gacha-static\ui-prefab-export\LotteryDrawMainView\by_type\MonoBehaviour\MonoBehaviour_-7958848822454258834.bin,raw
resources\assets\yoo\Default\1918525995d5a5ed05fce5506c55ca0d.bundle,GameObject,imgShopRedTip2,-7928390304513264786,reverse-output\gacha-static\ui-prefab-export\LotteryDrawMainView\by_type\GameObject\imgShopRedTip2.bin,raw
resources\assets\yoo\Default\1918525995d5a5ed05fce5506c55ca0d.bundle,MonoBehaviour,MonoBehaviour_-7852924285610757266,-7852924285610757266,reverse-output\gacha-static\ui-prefab-export\LotteryDrawMainView\by_type\MonoBehaviour\MonoBehaviour_-7852924285610757266.bin,raw
resources\assets\yoo\Default\1918525995d5a5ed05fce5506c55ca0d.bundle,MonoBehaviour,MonoBehaviour_-7822353194352970898,-7822353194352970898,reverse-output\gacha-static\ui-prefab-export\LotteryDrawMainView\by_type\MonoBehaviour\MonoBehaviour_-7822353194352970898.bin,raw
resources\assets\yoo\Default\1918525995d5a5ed05fce5506c55ca0d.bundle,GameObject,lottery_btn_03a_effect,-7781730851311979666,reverse-output\gacha-static\ui-prefab-export\LotteryDrawMainView\by_type\GameObject\lottery_btn_03a_effect.bin,raw
resources\assets\yoo\Default\1918525995d5a5ed05fce5506c55ca0d.bundle,RectTransform,RectTransform_-7760502647837232274,-7760502647837232274,reverse-output\gacha-static\ui-prefab-export\LotteryDrawMainView\by_type\RectTransform\RectTransform_-7760502647837232274.bin,raw
resources\assets\yoo\Default\1918525995d5a5ed05fce5506c55ca0d.bundle,RectTransform,RectTransform_-7755624154144443538,-7755624154144443538,reverse-output\gacha-static\ui-prefab-export\LotteryDrawMainView\by_type\RectTransform\RectTransform_-7755624154144443538.bin,raw
resources\assets\yoo\Default\1918525995d5a5ed05fce5506c55ca0d.bundle,GameObject,txtName,-7754073123338325138,reverse-output\gacha-static\ui-prefab-export\LotteryDrawMainView\by_type\GameObject\txtName.bin,raw
resources\assets\yoo\Default\1918525995d5a5ed05fce5506c55ca0d.bundle,GameObject,txtFreeTimeNum,-7743715266268433554,reverse-output\gacha-static\ui-prefab-export\LotteryDrawMainView\by_type\GameObject\txtFreeTimeNum.bin,raw
resources\assets\yoo\Default\1918525995d5a5ed05fce5506c55ca0d.bundle,RectTransform,RectTransform_-7709760401500671122,-7709760401500671122,reverse-output\gacha-static\ui-prefab-export\LotteryDrawMainView\by_type\RectTransform\RectTransform_-7709760401500671122.bin,raw
resources\assets\yoo\Default\1918525995d5a5ed05fce5506c55ca0d.bundle,MonoBehaviour,MonoBehaviour_-7707550210020871314,-7707550210020871314,reverse-output\gacha-static\ui-prefab-export\LotteryDrawMainView\by_type\MonoBehaviour\MonoBehaviour_-7707550210020871314.bin,raw
resources\assets\yoo\Default\1918525995d5a5ed05fce5506c55ca0d.bundle,MonoBehaviour,MonoBehaviour_-7703267573262453906,-7703267573262453906,reverse-output\gacha-static\ui-prefab-export\LotteryDrawMainView\by_type\MonoBehaviour\MonoBehaviour_-7703267573262453906.bin,raw
resources\assets\yoo\Default\1918525995d5a5ed05fce5506c55ca0d.bundle,GameObject,imgEpicWishHero,-7655352345790254226,reverse-output\gacha-static\ui-prefab-export\LotteryDrawMainView\by_type\GameObject\imgEpicWishHero.bin,raw
resources\assets\yoo\Default\1918525995d5a5ed05fce5506c55ca0d.bundle,MonoBehaviour,MonoBehaviour_-7654288358545362066,-7654288358545362066,reverse-output\gacha-static\ui-prefab-export\LotteryDrawMainView\by_type\MonoBehaviour\MonoBehaviour_-7654288358545362066.bin,raw
resources\assets\yoo\Default\1918525995d5a5ed05fce5506c55ca0d.bundle,MonoBehaviour,MonoBehaviour_-7649167271524109458,-7649167271524109458,reverse-output\gacha-static\ui-prefab-export\LotteryDrawMainView\by_type\MonoBehaviour\MonoBehaviour_-7649167271524109458.bin,raw
resources\assets\yoo\Default\1918525995d5a5ed05fce5506c55ca0d.bundle,GameObject,txtSecondDrawType,-7628928405966294162,reverse-output\gacha-static\ui-prefab-export\LotteryDrawMainView\by_type\GameObject\txtSecondDrawType.bin,raw
resources\assets\yoo\Default\1918525995d5a5ed05fce5506c55ca0d.bundle,RectTransform,RectTransform_-7621705975981083794,-7621705975981083794,reverse-output\gacha-static\ui-prefab-export\LotteryDrawMainView\by_type\RectTransform\RectTransform_-7621705975981083794.bin,raw
resources\assets\yoo\Default\1918525995d5a5ed05fce5506c55ca0d.bundle,RectTransform,RectTransform_-7601772815494089874,-7601772815494089874,reverse-output\gacha-static\ui-prefab-export\LotteryDrawMainView\by_type\RectTransform\RectTransform_-7601772815494089874.bin,raw
resources\assets\yoo\Default\1918525995d5a5ed05fce5506c55ca0d.bundle,GameObject,@imgHightLight,-7565094321966419090,reverse-output\gacha-static\ui-prefab-export\LotteryDrawMainView\by_type\GameObject\@imgHightLight_1.bin,raw
resources\assets\yoo\Default\1918525995d5a5ed05fce5506c55ca0d.bundle,RectTransform,RectTransform_-7505018583673932946,-7505018583673932946,reverse-output\gacha-static\ui-prefab-export\LotteryDrawMainView\by_type\RectTransform\RectTransform_-7505018583673932946.bin,raw
resources\assets\yoo\Default\1918525995d5a5ed05fce5506c55ca0d.bundle,MonoBehaviour,MonoBehaviour_-7491370584750296210,-7491370584750296210,reverse-output\gacha-static\ui-prefab-export\LotteryDrawMainView\by_type\MonoBehaviour\MonoBehaviour_-7491370584750296210.bin,raw
resources\assets\yoo\Default\1918525995d5a5ed05fce5506c55ca0d.bundle,GameObject,Text,-7439063017603468434,reverse-output\gacha-static\ui-prefab-export\LotteryDrawMainView\by_type\GameObject\Text_1.bin,raw
resources\assets\yoo\Default\1918525995d5a5ed05fce5506c55ca0d.bundle,RectTransform,RectTransform_-7435289851741015186,-7435289851741015186,reverse-output\gacha-static\ui-prefab-export\LotteryDrawMainView\by_type\RectTransform\RectTransform_-7435289851741015186.bin,raw
resources\assets\yoo\Default\1918525995d5a5ed05fce5506c55ca0d.bundle,MonoBehaviour,MonoBehaviour_-7409934589516254354,-7409934589516254354,reverse-output\gacha-static\ui-prefab-export\LotteryDrawMainView\by_type\MonoBehaviour\MonoBehaviour_-7409934589516254354.bin,raw
resources\assets\yoo\Default\1918525995d5a5ed05fce5506c55ca0d.bundle,RectTransform,RectTransform_-7409191111772408978,-7409191111772408978,reverse-output\gacha-static\ui-prefab-export\LotteryDrawMainView\by_type\RectTransform\RectTransform_-7409191111772408978.bin,raw
resources\assets\yoo\Default\1918525995d5a5ed05fce5506c55ca0d.bundle,MonoBehaviour,MonoBehaviour_-7409018082535804050,-7409018082535804050,reverse-output\gacha-static\ui-prefab-export\LotteryDrawMainView\by_type\MonoBehaviour\MonoBehaviour_-7409018082535804050.bin,raw
resources\assets\yoo\Default\1918525995d5a5ed05fce5506c55ca0d.bundle,MonoBehaviour,MonoBehaviour_-7407722560154569874,-7407722560154569874,reverse-output\gacha-static\ui-prefab-export\LotteryDrawMainView\by_type\MonoBehaviour\MonoBehaviour_-7407722560154569874.bin,raw
resources\assets\yoo\Default\1918525995d5a5ed05fce5506c55ca0d.bundle,GameObject,pnlTag3,-7397131026700962962,reverse-output\gacha-static\ui-prefab-export\LotteryDrawMainView\by_type\GameObject\pnlTag3.bin,raw
resources\assets\yoo\Default\1918525995d5a5ed05fce5506c55ca0d.bundle,MonoBehaviour,MonoBehaviour_-7386363139862563986,-7386363139862563986,reverse-output\gacha-static\ui-prefab-export\LotteryDrawMainView\by_type\MonoBehaviour\MonoBehaviour_-7386363139862563986.bin,raw
resources\assets\yoo\Default\1918525995d5a5ed05fce5506c55ca0d.bundle,MonoBehaviour,MonoBehaviour_-7375172781557222546,-7375172781557222546,reverse-output\gacha-static\ui-prefab-export\LotteryDrawMainView\by_type\MonoBehaviour\MonoBehaviour_-7375172781557222546.bin,raw
resources\assets\yoo\Default\1918525995d5a5ed05fce5506c55ca0d.bundle,RectTransform,RectTransform_-7373323404089953426,-7373323404089953426,reverse-output\gacha-static\ui-prefab-export\LotteryDrawMainView\by_type\RectTransform\RectTransform_-7373323404089953426.bin,raw
resources\assets\yoo\Default\1918525995d5a5ed05fce5506c55ca0d.bundle,MonoBehaviour,MonoBehaviour_-7367394864654060690,-7367394864654060690,reverse-output\gacha-static\ui-prefab-export\LotteryDrawMainView\by_type\MonoBehaviour\MonoBehaviour_-7367394864654060690.bin,raw
resources\assets\yoo\Default\1918525995d5a5ed05fce5506c55ca0d.bundle,RectTransform,RectTransform_-7360947888266153106,-7360947888266153106,reverse-output\gacha-static\ui-prefab-export\LotteryDrawMainView\by_type\RectTransform\RectTransform_-7360947888266153106.bin,raw
resources\assets\yoo\Default\1918525995d5a5ed05fce5506c55ca0d.bundle,GameObject,Renderer0,-7358172333969771666,reverse-output\gacha-static\ui-prefab-export\LotteryDrawMainView\by_type\GameObject\Renderer0.bin,raw
resources\assets\yoo\Default\1918525995d5a5ed05fce5506c55ca0d.bundle,MonoBehaviour,MonoBehaviour_-7345079469684034706,-7345079469684034706,reverse-output\gacha-static\ui-prefab-export\LotteryDrawMainView\by_type\MonoBehaviour\MonoBehaviour_-7345079469684034706.bin,raw
resources\assets\yoo\Default\1918525995d5a5ed05fce5506c55ca0d.bundle,RectTransform,RectTransform_-7342510723428912274,-7342510723428912274,reverse-output\gacha-static\ui-prefab-export\LotteryDrawMainView\by_type\RectTransform\RectTransform_-7342510723428912274.bin,raw
resources\assets\yoo\Default\1918525995d5a5ed05fce5506c55ca0d.bundle,GameObject,Image,-7319756171405036690,reverse-output\gacha-static\ui-prefab-export\LotteryDrawMainView\by_type\GameObject\Image.bin,raw
resources\assets\yoo\Default\1918525995d5a5ed05fce5506c55ca0d.bundle,MonoBehaviour,MonoBehaviour_-7298606189036899474,-7298606189036899474,reverse-output\gacha-static\ui-prefab-export\LotteryDrawMainView\by_type\MonoBehaviour\MonoBehaviour_-7298606189036899474.bin,raw
resources\assets\yoo\Default\1918525995d5a5ed05fce5506c55ca0d.bundle,RectTransform,RectTransform_-7259799855698873490,-7259799855698873490,reverse-output\gacha-static\ui-prefab-export\LotteryDrawMainView\by_type\RectTransform\RectTransform_-7259799855698873490.bin,raw
resources\assets\yoo\Default\1918525995d5a5ed05fce5506c55ca0d.bundle,GameObject,pnlRedDot,-7258717385240349842,reverse-output\gacha-static\ui-prefab-export\LotteryDrawMainView\by_type\GameObject\pnlRedDot_1.bin,raw
resources\assets\yoo\Default\1918525995d5a5ed05fce5506c55ca0d.bundle,MonoBehaviour,MonoBehaviour_-7230287956195740818,-7230287956195740818,reverse-output\gacha-static\ui-prefab-export\LotteryDrawMainView\by_type\MonoBehaviour\MonoBehaviour_-7230287956195740818.bin,raw
resources\assets\yoo\Default\1918525995d5a5ed05fce5506c55ca0d.bundle,GameObject,@InteractiveRole,-7219298912878202002,reverse-output\gacha-static\ui-prefab-export\LotteryDrawMainView\by_type\GameObject\@InteractiveRole.bin,raw
resources\assets\yoo\Default\1918525995d5a5ed05fce5506c55ca0d.bundle,GameObject,imgShowInfoRare,-7217017307799751826,reverse-output\gacha-static\ui-prefab-export\LotteryDrawMainView\by_type\GameObject\imgShowInfoRare.bin,raw
resources\assets\yoo\Default\1918525995d5a5ed05fce5506c55ca0d.bundle,GameObject,btnIntegral,-7215275140790357138,reverse-output\gacha-static\ui-prefab-export\LotteryDrawMainView\by_type\GameObject\btnIntegral.bin,raw
resources\assets\yoo\Default\1918525995d5a5ed05fce5506c55ca0d.bundle,MonoBehaviour,MonoBehaviour_-7207984127808113810,-7207984127808113810,reverse-output\gacha-static\ui-prefab-export\LotteryDrawMainView\by_type\MonoBehaviour\MonoBehaviour_-7207984127808113810.bin,raw
resources\assets\yoo\Default\1918525995d5a5ed05fce5506c55ca0d.bundle,RectTransform,RectTransform_-7143961265205742738,-7143961265205742738,reverse-output\gacha-static\ui-prefab-export\LotteryDrawMainView\by_type\RectTransform\RectTransform_-7143961265205742738.bin,raw
resources\assets\yoo\Default\1918525995d5a5ed05fce5506c55ca0d.bundle,RectTransform,RectTransform_-7124894280645938322,-7124894280645938322,reverse-output\gacha-static\ui-prefab-export\LotteryDrawMainView\by_type\RectTransform\RectTransform_-7124894280645938322.bin,raw
resources\assets\yoo\Default\1918525995d5a5ed05fce5506c55ca0d.bundle,MonoBehaviour,MonoBehaviour_-7114414155084532882,-7114414155084532882,reverse-output\gacha-static\ui-prefab-export\LotteryDrawMainView\by_type\MonoBehaviour\MonoBehaviour_-7114414155084532882.bin,raw
resources\assets\yoo\Default\1918525995d5a5ed05fce5506c55ca0d.bundle,GameObject,btnWish,-7080427190590508178,reverse-output\gacha-static\ui-prefab-export\LotteryDrawMainView\by_type\GameObject\btnWish.bin,raw
resources\assets\yoo\Default\1918525995d5a5ed05fce5506c55ca0d.bundle,GameObject,Text,-7078402731033234578,reverse-output\gacha-static\ui-prefab-export\LotteryDrawMainView\by_type\GameObject\Text_2.bin,raw
resources\assets\yoo\Default\1918525995d5a5ed05fce5506c55ca0d.bundle,RectTransform,RectTransform_-7052894950778932370,-7052894950778932370,reverse-output\gacha-static\ui-prefab-export\LotteryDrawMainView\by_type\RectTransform\RectTransform_-7052894950778932370.bin,raw
resources\assets\yoo\Default\1918525995d5a5ed05fce5506c55ca0d.bundle,RectTransform,RectTransform_-7015748135440485522,-7015748135440485522,reverse-output\gacha-static\ui-prefab-export\LotteryDrawMainView\by_type\RectTransform\RectTransform_-7015748135440485522.bin,raw
resources\assets\yoo\Default\1918525995d5a5ed05fce5506c55ca0d.bundle,GameObject,Text,-7008209095698549906,reverse-output\gacha-static\ui-prefab-export\LotteryDrawMainView\by_type\GameObject\Text_3.bin,raw
resources\assets\yoo\Default\1918525995d5a5ed05fce5506c55ca0d.bundle,MonoBehaviour,MonoBehaviour_-6974024268553915538,-6974024268553915538,reverse-output\gacha-static\ui-prefab-export\LotteryDrawMainView\by_type\MonoBehaviour\MonoBehaviour_-6974024268553915538.bin,raw
resources\assets\yoo\Default\1918525995d5a5ed05fce5506c55ca0d.bundle,RectTransform,RectTransform_-6946381079350283410,-6946381079350283410,reverse-output\gacha-static\ui-prefab-export\LotteryDrawMainView\by_type\RectTransform\RectTransform_-6946381079350283410.bin,raw
resources\assets\yoo\Default\1918525995d5a5ed05fce5506c55ca0d.bundle,MonoBehaviour,MonoBehaviour_-6924473464088562834,-6924473464088562834,reverse-output\gacha-static\ui-prefab-export\LotteryDrawMainView\by_type\MonoBehaviour\MonoBehaviour_-6924473464088562834.bin,raw
resources\assets\yoo\Default\1918525995d5a5ed05fce5506c55ca0d.bundle,MonoBehaviour,MonoBehaviour_-6924289064490568850,-6924289064490568850,reverse-output\gacha-static\ui-prefab-export\LotteryDrawMainView\by_type\MonoBehaviour\MonoBehaviour_-6924289064490568850.bin,raw
resources\assets\yoo\Default\1918525995d5a5ed05fce5506c55ca0d.bundle,GameObject,btnUp,-6920778775171370130,reverse-output\gacha-static\ui-prefab-export\LotteryDrawMainView\by_type\GameObject\btnUp.bin,raw
resources\assets\yoo\Default\1918525995d5a5ed05fce5506c55ca0d.bundle,MonoBehaviour,MonoBehaviour_-6899234821275126930,-6899234821275126930,reverse-output\gacha-static\ui-prefab-export\LotteryDrawMainView\by_type\MonoBehaviour\MonoBehaviour_-6899234821275126930.bin,raw
resources\assets\yoo\Default\1918525995d5a5ed05fce5506c55ca0d.bundle,RectTransform,RectTransform_-6888327141686054034,-6888327141686054034,reverse-output\gacha-static\ui-prefab-export\LotteryDrawMainView\by_type\RectTransform\RectTransform_-6888327141686054034.bin,raw
resources\assets\yoo\Default\1918525995d5a5ed05fce5506c55ca0d.bundle,RectTransform,RectTransform_-6858815031576104082,-6858815031576104082,reverse-output\gacha-static\ui-prefab-export\LotteryDrawMainView\by_type\RectTransform\RectTransform_-6858815031576104082.bin,raw
resources\assets\yoo\Default\1918525995d5a5ed05fce5506c55ca0d.bundle,MonoBehaviour,MonoBehaviour_-6810590886624824466,-6810590886624824466,reverse-output\gacha-static\ui-prefab-export\LotteryDrawMainView\by_type\MonoBehaviour\MonoBehaviour_-6810590886624824466.bin,raw
resources\assets\yoo\Default\1918525995d5a5ed05fce5506c55ca0d.bundle,RectTransform,RectTransform_-6755562811531005074,-6755562811531005074,reverse-output\gacha-static\ui-prefab-export\LotteryDrawMainView\by_type\RectTransform\RectTransform_-6755562811531005074.bin,raw
resources\assets\yoo\Default\1918525995d5a5ed05fce5506c55ca0d.bundle,GameObject,lottery_btn_03a,-6755296409272454290,reverse-output\gacha-static\ui-prefab-export\LotteryDrawMainView\by_type\GameObject\lottery_btn_03a.bin,raw
resources\assets\yoo\Default\1918525995d5a5ed05fce5506c55ca0d.bundle,MonoBehaviour,MonoBehaviour_-6732617575127387282,-6732617575127387282,reverse-output\gacha-static\ui-prefab-export\LotteryDrawMainView\by_type\MonoBehaviour\MonoBehaviour_-6732617575127387282.bin,raw
resources\assets\yoo\Default\1918525995d5a5ed05fce5506c55ca0d.bundle,RectTransform,RectTransform_-6723524612906880146,-6723524612906880146,reverse-output\gacha-static\ui-prefab-export\LotteryDrawMainView\by_type\RectTransform\RectTransform_-6723524612906880146.bin,raw
resources\assets\yoo\Default\1918525995d5a5ed05fce5506c55ca0d.bundle,MonoBehaviour,MonoBehaviour_-6719252070790204562,-6719252070790204562,reverse-output\gacha-static\ui-prefab-export\LotteryDrawMainView\by_type\MonoBehaviour\MonoBehaviour_-6719252070790204562.bin,raw
resources\assets\yoo\Default\1918525995d5a5ed05fce5506c55ca0d.bundle,RectTransform,RectTransform_-6694635480265723026,-6694635480265723026,reverse-output\gacha-static\ui-prefab-export\LotteryDrawMainView\by_type\RectTransform\RectTransform_-6694635480265723026.bin,raw
resources\assets\yoo\Default\1918525995d5a5ed05fce5506c55ca0d.bundle,MonoBehaviour,MonoBehaviour_-6692085212235041938,-6692085212235041938,reverse-output\gacha-static\ui-prefab-export\LotteryDrawMainView\by_type\MonoBehaviour\MonoBehaviour_-6692085212235041938.bin,raw
resources\assets\yoo\Default\1918525995d5a5ed05fce5506c55ca0d.bundle,GameObject,imgNormalBg,-6677935577372036242,reverse-output\gacha-static\ui-prefab-export\LotteryDrawMainView\by_type\GameObject\imgNormalBg.bin,raw
resources\assets\yoo\Default\1918525995d5a5ed05fce5506c55ca0d.bundle,MonoBehaviour,MonoBehaviour_-6654786279443532946,-6654786279443532946,reverse-output\gacha-static\ui-prefab-export\LotteryDrawMainView\by_type\MonoBehaviour\MonoBehaviour_-6654786279443532946.bin,raw
resources\assets\yoo\Default\1918525995d5a5ed05fce5506c55ca0d.bundle,MonoBehaviour,MonoBehaviour_-6632564662469069970,-6632564662469069970,reverse-output\gacha-static\ui-prefab-export\LotteryDrawMainView\by_type\MonoBehaviour\MonoBehaviour_-6632564662469069970.bin,raw
resources\assets\yoo\Default\1918525995d5a5ed05fce5506c55ca0d.bundle,RectTransform,RectTransform_-6597656047570062482,-6597656047570062482,reverse-output\gacha-static\ui-prefab-export\LotteryDrawMainView\by_type\RectTransform\RectTransform_-6597656047570062482.bin,raw
resources\assets\yoo\Default\1918525995d5a5ed05fce5506c55ca0d.bundle,MonoBehaviour,MonoBehaviour_-6555234633538079890,-6555234633538079890,reverse-output\gacha-static\ui-prefab-export\LotteryDrawMainView\by_type\MonoBehaviour\MonoBehaviour_-6555234633538079890.bin,raw
resources\assets\yoo\Default\1918525995d5a5ed05fce5506c55ca0d.bundle,MonoBehaviour,MonoBehaviour_-6471345526059895954,-6471345526059895954,reverse-output\gacha-static\ui-prefab-export\LotteryDrawMainView\by_type\MonoBehaviour\MonoBehaviour_-6471345526059895954.bin,raw
resources\assets\yoo\Default\1918525995d5a5ed05fce5506c55ca0d.bundle,MonoBehaviour,MonoBehaviour_-6451537455361428626,-6451537455361428626,reverse-output\gacha-static\ui-prefab-export\LotteryDrawMainView\by_type\MonoBehaviour\MonoBehaviour_-6451537455361428626.bin,raw
resources\assets\yoo\Default\1918525995d5a5ed05fce5506c55ca0d.bundle,MonoBehaviour,MonoBehaviour_-6379075377508256914,-6379075377508256914,reverse-output\gacha-static\ui-prefab-export\LotteryDrawMainView\by_type\MonoBehaviour\MonoBehaviour_-6379075377508256914.bin,raw
resources\assets\yoo\Default\1918525995d5a5ed05fce5506c55ca0d.bundle,MonoBehaviour,MonoBehaviour_-6368742986740796562,-6368742986740796562,reverse-output\gacha-static\ui-prefab-export\LotteryDrawMainView\by_type\MonoBehaviour\MonoBehaviour_-6368742986740796562.bin,raw
resources\assets\yoo\Default\1918525995d5a5ed05fce5506c55ca0d.bundle,GameObject,@imgHightLight,-6352740355709144210,reverse-output\gacha-static\ui-prefab-export\LotteryDrawMainView\by_type\GameObject\@imgHightLight_2.bin,raw
resources\assets\yoo\Default\1918525995d5a5ed05fce5506c55ca0d.bundle,GameObject,imgOneCost,-6335766899726683282,reverse-output\gacha-static\ui-prefab-export\LotteryDrawMainView\by_type\GameObject\imgOneCost.bin,raw
resources\assets\yoo\Default\1918525995d5a5ed05fce5506c55ca0d.bundle,RectTransform,RectTransform_-6335527808073141394,-6335527808073141394,reverse-output\gacha-static\ui-prefab-export\LotteryDrawMainView\by_type\RectTransform\RectTransform_-6335527808073141394.bin,raw
resources\assets\yoo\Default\1918525995d5a5ed05fce5506c55ca0d.bundle,GameObject,Renderer0,-6334838607209827474,reverse-output\gacha-static\ui-prefab-export\LotteryDrawMainView\by_type\GameObject\Renderer0_1.bin,raw
resources\assets\yoo\Default\1918525995d5a5ed05fce5506c55ca0d.bundle,MonoBehaviour,MonoBehaviour_-6328385390664551570,-6328385390664551570,reverse-output\gacha-static\ui-prefab-export\LotteryDrawMainView\by_type\MonoBehaviour\MonoBehaviour_-6328385390664551570.bin,raw
resources\assets\yoo\Default\1918525995d5a5ed05fce5506c55ca0d.bundle,RectTransform,RectTransform_-6270458882018839698,-6270458882018839698,reverse-output\gacha-static\ui-prefab-export\LotteryDrawMainView\by_type\RectTransform\RectTransform_-6270458882018839698.bin,raw
resources\assets\yoo\Default\1918525995d5a5ed05fce5506c55ca0d.bundle,RectTransform,RectTransform_-6269490493665053842,-6269490493665053842,reverse-output\gacha-static\ui-prefab-export\LotteryDrawMainView\by_type\RectTransform\RectTransform_-6269490493665053842.bin,raw
resources\assets\yoo\Default\1918525995d5a5ed05fce5506c55ca0d.bundle,MonoBehaviour,MonoBehaviour_-6267317735069846674,-6267317735069846674,reverse-output\gacha-static\ui-prefab-export\LotteryDrawMainView\by_type\MonoBehaviour\MonoBehaviour_-6267317735069846674.bin,raw
resources\assets\yoo\Default\1918525995d5a5ed05fce5506c55ca0d.bundle,GameObject,spFg,-6256206629716429970,reverse-output\gacha-static\ui-prefab-export\LotteryDrawMainView\by_type\GameObject\spFg.bin,raw
resources\assets\yoo\Default\1918525995d5a5ed05fce5506c55ca0d.bundle,GameObject,spFg,-6249034914595015826,reverse-output\gacha-static\ui-prefab-export\LotteryDrawMainView\by_type\GameObject\spFg_1.bin,raw
resources\assets\yoo\Default\1918525995d5a5ed05fce5506c55ca0d.bundle,RectTransform,RectTransform_-6238140311503834258,-6238140311503834258,reverse-output\gacha-static\ui-prefab-export\LotteryDrawMainView\by_type\RectTransform\RectTransform_-6238140311503834258.bin,raw
resources\assets\yoo\Default\1918525995d5a5ed05fce5506c55ca0d.bundle,GameObject,imgSpeak,-6237280703992106130,reverse-output\gacha-static\ui-prefab-export\LotteryDrawMainView\by_type\GameObject\imgSpeak.bin,raw
resources\assets\yoo\Default\1918525995d5a5ed05fce5506c55ca0d.bundle,RectTransform,RectTransform_-6234550820100705426,-6234550820100705426,reverse-output\gacha-static\ui-prefab-export\LotteryDrawMainView\by_type\RectTransform\RectTransform_-6234550820100705426.bin,raw
resources\assets\yoo\Default\1918525995d5a5ed05fce5506c55ca0d.bundle,RectTransform,RectTransform_-6212731123976047762,-6212731123976047762,reverse-output\gacha-static\ui-prefab-export\LotteryDrawMainView\by_type\RectTransform\RectTransform_-6212731123976047762.bin,raw
resources\assets\yoo\Default\1918525995d5a5ed05fce5506c55ca0d.bundle,GameObject,Renderer0,-6180437244835925138,reverse-output\gacha-static\ui-prefab-export\LotteryDrawMainView\by_type\GameObject\Renderer0_2.bin,raw
resources\assets\yoo\Default\1918525995d5a5ed05fce5506c55ca0d.bundle,RectTransform,RectTransform_-6172787072570297490,-6172787072570297490,reverse-output\gacha-static\ui-prefab-export\LotteryDrawMainView\by_type\RectTransform\RectTransform_-6172787072570297490.bin,raw
resources\assets\yoo\Default\1918525995d5a5ed05fce5506c55ca0d.bundle,GameObject,Text,-6169775299560737938,reverse-output\gacha-static\ui-prefab-export\LotteryDrawMainView\by_type\GameObject\Text_4.bin,raw
resources\assets\yoo\Default\1918525995d5a5ed05fce5506c55ca0d.bundle,GameObject,@fx_imgBg_star,-6140787204055436434,reverse-output\gacha-static\ui-prefab-export\LotteryDrawMainView\by_type\GameObject\@fx_imgBg_star.bin,raw
resources\assets\yoo\Default\1918525995d5a5ed05fce5506c55ca0d.bundle,MonoBehaviour,MonoBehaviour_-6138804622537002130,-6138804622537002130,reverse-output\gacha-static\ui-prefab-export\LotteryDrawMainView\by_type\MonoBehaviour\MonoBehaviour_-6138804622537002130.bin,raw
resources\assets\yoo\Default\1918525995d5a5ed05fce5506c55ca0d.bundle,GameObject,@LotteryDrawTabGrid4,-6044990371963931794,reverse-output\gacha-static\ui-prefab-export\LotteryDrawMainView\by_type\GameObject\@LotteryDrawTabGrid4.bin,raw
resources\assets\yoo\Default\1918525995d5a5ed05fce5506c55ca0d.bundle,GameObject,@imgHightLight,-6006919083224730770,reverse-output\gacha-static\ui-prefab-export\LotteryDrawMainView\by_type\GameObject\@imgHightLight_3.bin,raw
resources\assets\yoo\Default\1918525995d5a5ed05fce5506c55ca0d.bundle,GameObject,@InteractiveRole,-5975933406241164434,reverse-output\gacha-static\ui-prefab-export\LotteryDrawMainView\by_type\GameObject\@InteractiveRole_1.bin,raw
resources\assets\yoo\Default\1918525995d5a5ed05fce5506c55ca0d.bundle,MonoBehaviour,MonoBehaviour_-5969551315211652242,-5969551315211652242,reverse-output\gacha-static\ui-prefab-export\LotteryDrawMainView\by_type\MonoBehaviour\MonoBehaviour_-5969551315211652242.bin,raw
resources\assets\yoo\Default\1918525995d5a5ed05fce5506c55ca0d.bundle,GameObject,btn,-5944085020872477842,reverse-output\gacha-static\ui-prefab-export\LotteryDrawMainView\by_type\GameObject\btn_1.bin,raw
resources\assets\yoo\Default\1918525995d5a5ed05fce5506c55ca0d.bundle,GameObject,txtAcTime,-5903172785446718610,reverse-output\gacha-static\ui-prefab-export\LotteryDrawMainView\by_type\GameObject\txtAcTime.bin,raw
resources\assets\yoo\Default\1918525995d5a5ed05fce5506c55ca0d.bundle,RectTransform,RectTransform_-5893044450591968402,-5893044450591968402,reverse-output\gacha-static\ui-prefab-export\LotteryDrawMainView\by_type\RectTransform\RectTransform_-5893044450591968402.bin,raw
resources\assets\yoo\Default\1918525995d5a5ed05fce5506c55ca0d.bundle,GameObject,Image,-5884801861483105426,reverse-output\gacha-static\ui-prefab-export\LotteryDrawMainView\by_type\GameObject\Image_1.bin,raw
resources\assets\yoo\Default\1918525995d5a5ed05fce5506c55ca0d.bundle,MonoBehaviour,MonoBehaviour_-5860784651532635282,-5860784651532635282,reverse-output\gacha-static\ui-prefab-export\LotteryDrawMainView\by_type\MonoBehaviour\MonoBehaviour_-5860784651532635282.bin,raw
resources\assets\yoo\Default\1918525995d5a5ed05fce5506c55ca0d.bundle,MonoBehaviour,MonoBehaviour_-5839619655493422226,-5839619655493422226,reverse-output\gacha-static\ui-prefab-export\LotteryDrawMainView\by_type\MonoBehaviour\MonoBehaviour_-5839619655493422226.bin,raw
resources\assets\yoo\Default\1918525995d5a5ed05fce5506c55ca0d.bundle,GameObject,spHero,-5825901298580786322,reverse-output\gacha-static\ui-prefab-export\LotteryDrawMainView\by_type\GameObject\spHero.bin,raw
resources\assets\yoo\Default\1918525995d5a5ed05fce5506c55ca0d.bundle,MonoBehaviour,MonoBehaviour_-5819629631518739602,-5819629631518739602,reverse-output\gacha-static\ui-prefab-export\LotteryDrawMainView\by_type\MonoBehaviour\MonoBehaviour_-5819629631518739602.bin,raw
resources\assets\yoo\Default\1918525995d5a5ed05fce5506c55ca0d.bundle,RectTransform,RectTransform_-5751357045683522706,-5751357045683522706,reverse-output\gacha-static\ui-prefab-export\LotteryDrawMainView\by_type\RectTransform\RectTransform_-5751357045683522706.bin,raw
resources\assets\yoo\Default\1918525995d5a5ed05fce5506c55ca0d.bundle,MonoBehaviour,MonoBehaviour_-5730558584401890450,-5730558584401890450,reverse-output\gacha-static\ui-prefab-export\LotteryDrawMainView\by_type\MonoBehaviour\MonoBehaviour_-5730558584401890450.bin,raw
resources\assets\yoo\Default\1918525995d5a5ed05fce5506c55ca0d.bundle,MonoBehaviour,MonoBehaviour_-5696750570355231890,-5696750570355231890,reverse-output\gacha-static\ui-prefab-export\LotteryDrawMainView\by_type\MonoBehaviour\MonoBehaviour_-5696750570355231890.bin,raw
resources\assets\yoo\Default\1918525995d5a5ed05fce5506c55ca0d.bundle,GameObject,btnJump,-5653383662655442066,reverse-output\gacha-static\ui-prefab-export\LotteryDrawMainView\by_type\GameObject\btnJump.bin,raw
resources\assets\yoo\Default\1918525995d5a5ed05fce5506c55ca0d.bundle,MonoBehaviour,MonoBehaviour_-5645349899575495826,-5645349899575495826,reverse-output\gacha-static\ui-prefab-export\LotteryDrawMainView\by_type\MonoBehaviour\MonoBehaviour_-5645349899575495826.bin,raw
resources\assets\yoo\Default\1918525995d5a5ed05fce5506c55ca0d.bundle,RectTransform,RectTransform_-5621069252075326610,-5621069252075326610,reverse-output\gacha-static\ui-prefab-export\LotteryDrawMainView\by_type\RectTransform\RectTransform_-5621069252075326610.bin,raw
resources\assets\yoo\Default\1918525995d5a5ed05fce5506c55ca0d.bundle,RectTransform,RectTransform_-5618590652949073042,-5618590652949073042,reverse-output\gacha-static\ui-prefab-export\LotteryDrawMainView\by_type\RectTransform\RectTransform_-5618590652949073042.bin,raw
resources\assets\yoo\Default\1918525995d5a5ed05fce5506c55ca0d.bundle,RectTransform,RectTransform_-5606491051065609362,-5606491051065609362,reverse-output\gacha-static\ui-prefab-export\LotteryDrawMainView\by_type\RectTransform\RectTransform_-5606491051065609362.bin,raw
resources\assets\yoo\Default\1918525995d5a5ed05fce5506c55ca0d.bundle,RectTransform,RectTransform_-5579636248579869842,-5579636248579869842,reverse-output\gacha-static\ui-prefab-export\LotteryDrawMainView\by_type\RectTransform\RectTransform_-5579636248579869842.bin,raw
resources\assets\yoo\Default\1918525995d5a5ed05fce5506c55ca0d.bundle,GameObject,pnlHero3,-5549173470736354450,reverse-output\gacha-static\ui-prefab-export\LotteryDrawMainView\by_type\GameObject\pnlHero3.bin,raw
resources\assets\yoo\Default\1918525995d5a5ed05fce5506c55ca0d.bundle,MonoBehaviour,MonoBehaviour_-5530069400358423698,-5530069400358423698,reverse-output\gacha-static\ui-prefab-export\LotteryDrawMainView\by_type\MonoBehaviour\MonoBehaviour_-5530069400358423698.bin,raw
resources\assets\yoo\Default\1918525995d5a5ed05fce5506c55ca0d.bundle,MonoBehaviour,MonoBehaviour_-5524006125745605778,-5524006125745605778,reverse-output\gacha-static\ui-prefab-export\LotteryDrawMainView\by_type\MonoBehaviour\MonoBehaviour_-5524006125745605778.bin,raw
resources\assets\yoo\Default\1918525995d5a5ed05fce5506c55ca0d.bundle,MonoBehaviour,MonoBehaviour_-5491455913397914770,-5491455913397914770,reverse-output\gacha-static\ui-prefab-export\LotteryDrawMainView\by_type\MonoBehaviour\MonoBehaviour_-5491455913397914770.bin,raw
resources\assets\yoo\Default\1918525995d5a5ed05fce5506c55ca0d.bundle,GameObject,pnlBg,-5450375825646423186,reverse-output\gacha-static\ui-prefab-export\LotteryDrawMainView\by_type\GameObject\pnlBg.bin,raw
resources\assets\yoo\Default\1918525995d5a5ed05fce5506c55ca0d.bundle,MonoBehaviour,MonoBehaviour_-5433103635943787666,-5433103635943787666,reverse-output\gacha-static\ui-prefab-export\LotteryDrawMainView\by_type\MonoBehaviour\MonoBehaviour_-5433103635943787666.bin,raw
resources\assets\yoo\Default\1918525995d5a5ed05fce5506c55ca0d.bundle,MonoBehaviour,MonoBehaviour_-5422467090901634194,-5422467090901634194,reverse-output\gacha-static\ui-prefab-export\LotteryDrawMainView\by_type\MonoBehaviour\MonoBehaviour_-5422467090901634194.bin,raw
resources\assets\yoo\Default\1918525995d5a5ed05fce5506c55ca0d.bundle,MonoBehaviour,MonoBehaviour_-5358680994941963410,-5358680994941963410,reverse-output\gacha-static\ui-prefab-export\LotteryDrawMainView\by_type\MonoBehaviour\MonoBehaviour_-5358680994941963410.bin,raw
resources\assets\yoo\Default\1918525995d5a5ed05fce5506c55ca0d.bundle,GameObject,Text,-5342203397492771986,reverse-output\gacha-static\ui-prefab-export\LotteryDrawMainView\by_type\GameObject\Text_5.bin,raw
resources\assets\yoo\Default\1918525995d5a5ed05fce5506c55ca0d.bundle,RectTransform,RectTransform_-5341295281309420690,-5341295281309420690,reverse-output\gacha-static\ui-prefab-export\LotteryDrawMainView\by_type\RectTransform\RectTransform_-5341295281309420690.bin,raw
resources\assets\yoo\Default\1918525995d5a5ed05fce5506c55ca0d.bundle,GameObject,@InteractiveRole,-5339782783938333842,reverse-output\gacha-static\ui-prefab-export\LotteryDrawMainView\by_type\GameObject\@InteractiveRole_2.bin,raw
resources\assets\yoo\Default\1918525995d5a5ed05fce5506c55ca0d.bundle,MonoBehaviour,MonoBehaviour_-5256719270123015314,-5256719270123015314,reverse-output\gacha-static\ui-prefab-export\LotteryDrawMainView\by_type\MonoBehaviour\MonoBehaviour_-5256719270123015314.bin,raw
resources\assets\yoo\Default\1918525995d5a5ed05fce5506c55ca0d.bundle,MonoBehaviour,MonoBehaviour_-5231903727574453394,-5231903727574453394,reverse-output\gacha-static\ui-prefab-export\LotteryDrawMainView\by_type\MonoBehaviour\MonoBehaviour_-5231903727574453394.bin,raw
resources\assets\yoo\Default\1918525995d5a5ed05fce5506c55ca0d.bundle,RectTransform,RectTransform_-5225458371175713938,-5225458371175713938,reverse-output\gacha-static\ui-prefab-export\LotteryDrawMainView\by_type\RectTransform\RectTransform_-5225458371175713938.bin,raw
resources\assets\yoo\Default\1918525995d5a5ed05fce5506c55ca0d.bundle,MonoBehaviour,MonoBehaviour_-5191546307483798674,-5191546307483798674,reverse-output\gacha-static\ui-prefab-export\LotteryDrawMainView\by_type\MonoBehaviour\MonoBehaviour_-5191546307483798674.bin,raw
resources\assets\yoo\Default\1918525995d5a5ed05fce5506c55ca0d.bundle,MonoBehaviour,MonoBehaviour_-5135520739560524946,-5135520739560524946,reverse-output\gacha-static\ui-prefab-export\LotteryDrawMainView\by_type\MonoBehaviour\MonoBehaviour_-5135520739560524946.bin,raw
resources\assets\yoo\Default\1918525995d5a5ed05fce5506c55ca0d.bundle,MonoBehaviour,MonoBehaviour_-5130130158033243282,-5130130158033243282,reverse-output\gacha-static\ui-prefab-export\LotteryDrawMainView\by_type\MonoBehaviour\MonoBehaviour_-5130130158033243282.bin,raw
resources\assets\yoo\Default\1918525995d5a5ed05fce5506c55ca0d.bundle,RectTransform,RectTransform_-5127387979601546386,-5127387979601546386,reverse-output\gacha-static\ui-prefab-export\LotteryDrawMainView\by_type\RectTransform\RectTransform_-5127387979601546386.bin,raw
resources\assets\yoo\Default\1918525995d5a5ed05fce5506c55ca0d.bundle,GameObject,txtName,-5092557313828261010,reverse-output\gacha-static\ui-prefab-export\LotteryDrawMainView\by_type\GameObject\txtName_1.bin,raw
resources\assets\yoo\Default\1918525995d5a5ed05fce5506c55ca0d.bundle,MonoBehaviour,MonoBehaviour_-5042797674930179218,-5042797674930179218,reverse-output\gacha-static\ui-prefab-export\LotteryDrawMainView\by_type\MonoBehaviour\MonoBehaviour_-5042797674930179218.bin,raw
resources\assets\yoo\Default\1918525995d5a5ed05fce5506c55ca0d.bundle,RectTransform,RectTransform_-5034259282265443474,-5034259282265443474,reverse-output\gacha-static\ui-prefab-export\LotteryDrawMainView\by_type\RectTransform\RectTransform_-5034259282265443474.bin,raw
resources\assets\yoo\Default\1918525995d5a5ed05fce5506c55ca0d.bundle,GameObject,Text,-5025478930670881938,reverse-output\gacha-static\ui-prefab-export\LotteryDrawMainView\by_type\GameObject\Text_6.bin,raw
resources\assets\yoo\Default\1918525995d5a5ed05fce5506c55ca0d.bundle,GameObject,spHero,-4989561318465080466,reverse-output\gacha-static\ui-prefab-export\LotteryDrawMainView\by_type\GameObject\spHero_1.bin,raw
resources\assets\yoo\Default\1918525995d5a5ed05fce5506c55ca0d.bundle,RectTransform,RectTransform_-4978079366840323218,-4978079366840323218,reverse-output\gacha-static\ui-prefab-export\LotteryDrawMainView\by_type\RectTransform\RectTransform_-4978079366840323218.bin,raw
resources\assets\yoo\Default\1918525995d5a5ed05fce5506c55ca0d.bundle,RectTransform,RectTransform_-4907727888105082002,-4907727888105082002,reverse-output\gacha-static\ui-prefab-export\LotteryDrawMainView\by_type\RectTransform\RectTransform_-4907727888105082002.bin,raw
resources\assets\yoo\Default\1918525995d5a5ed05fce5506c55ca0d.bundle,GameObject,Renderer0,-4905369581945359506,reverse-output\gacha-static\ui-prefab-export\LotteryDrawMainView\by_type\GameObject\Renderer0_3.bin,raw
resources\assets\yoo\Default\1918525995d5a5ed05fce5506c55ca0d.bundle,RectTransform,RectTransform_-4876664685385485458,-4876664685385485458,reverse-output\gacha-static\ui-prefab-export\LotteryDrawMainView\by_type\RectTransform\RectTransform_-4876664685385485458.bin,raw
resources\assets\yoo\Default\1918525995d5a5ed05fce5506c55ca0d.bundle,GameObject,pnlHero3,-4873177170703879314,reverse-output\gacha-static\ui-prefab-export\LotteryDrawMainView\by_type\GameObject\pnlHero3_1.bin,raw
resources\assets\yoo\Default\1918525995d5a5ed05fce5506c55ca0d.bundle,GameObject,btnMarch,-4853814814254763154,reverse-output\gacha-static\ui-prefab-export\LotteryDrawMainView\by_type\GameObject\btnMarch.bin,raw
resources\assets\yoo\Default\1918525995d5a5ed05fce5506c55ca0d.bundle,RectTransform,RectTransform_-4830665814842018962,-4830665814842018962,reverse-output\gacha-static\ui-prefab-export\LotteryDrawMainView\by_type\RectTransform\RectTransform_-4830665814842018962.bin,raw
resources\assets\yoo\Default\1918525995d5a5ed05fce5506c55ca0d.bundle,RectTransform,RectTransform_-4826895887680474258,-4826895887680474258,reverse-output\gacha-static\ui-prefab-export\LotteryDrawMainView\by_type\RectTransform\RectTransform_-4826895887680474258.bin,raw
resources\assets\yoo\Default\1918525995d5a5ed05fce5506c55ca0d.bundle,MonoBehaviour,MonoBehaviour_-4794972803287682194,-4794972803287682194,reverse-output\gacha-static\ui-prefab-export\LotteryDrawMainView\by_type\MonoBehaviour\MonoBehaviour_-4794972803287682194.bin,raw
resources\assets\yoo\Default\1918525995d5a5ed05fce5506c55ca0d.bundle,MonoBehaviour,MonoBehaviour_-4781598596517268626,-4781598596517268626,reverse-output\gacha-static\ui-prefab-export\LotteryDrawMainView\by_type\MonoBehaviour\MonoBehaviour_-4781598596517268626.bin,raw
resources\assets\yoo\Default\1918525995d5a5ed05fce5506c55ca0d.bundle,GameObject,lottery_btn_03_effect,-4770686419641765010,reverse-output\gacha-static\ui-prefab-export\LotteryDrawMainView\by_type\GameObject\lottery_btn_03_effect_1.bin,raw
resources\assets\yoo\Default\1918525995d5a5ed05fce5506c55ca0d.bundle,MonoBehaviour,MonoBehaviour_-4738983756107222162,-4738983756107222162,reverse-output\gacha-static\ui-prefab-export\LotteryDrawMainView\by_type\MonoBehaviour\MonoBehaviour_-4738983756107222162.bin,raw
resources\assets\yoo\Default\1918525995d5a5ed05fce5506c55ca0d.bundle,MonoBehaviour,MonoBehaviour_-4736053422423411858,-4736053422423411858,reverse-output\gacha-static\ui-prefab-export\LotteryDrawMainView\by_type\MonoBehaviour\MonoBehaviour_-4736053422423411858.bin,raw
resources\assets\yoo\Default\1918525995d5a5ed05fce5506c55ca0d.bundle,MonoBehaviour,MonoBehaviour_-4734625040815492242,-4734625040815492242,reverse-output\gacha-static\ui-prefab-export\LotteryDrawMainView\by_type\MonoBehaviour\MonoBehaviour_-4734625040815492242.bin,raw
resources\assets\yoo\Default\1918525995d5a5ed05fce5506c55ca0d.bundle,MonoBehaviour,MonoBehaviour_-4698379880942603410,-4698379880942603410,reverse-output\gacha-static\ui-prefab-export\LotteryDrawMainView\by_type\MonoBehaviour\MonoBehaviour_-4698379880942603410.bin,raw
resources\assets\yoo\Default\1918525995d5a5ed05fce5506c55ca0d.bundle,MonoBehaviour,MonoBehaviour_-4691705165353979026,-4691705165353979026,reverse-output\gacha-static\ui-prefab-export\LotteryDrawMainView\by_type\MonoBehaviour\MonoBehaviour_-4691705165353979026.bin,raw
resources\assets\yoo\Default\1918525995d5a5ed05fce5506c55ca0d.bundle,GameObject,lottery_btn_03_effect,-4672127019822288018,reverse-output\gacha-static\ui-prefab-export\LotteryDrawMainView\by_type\GameObject\lottery_btn_03_effect_2.bin,raw
resources\assets\yoo\Default\1918525995d5a5ed05fce5506c55ca0d.bundle,GameObject,txtRemainTip,-4661454599830965394,reverse-output\gacha-static\ui-prefab-export\LotteryDrawMainView\by_type\GameObject\txtRemainTip.bin,raw
resources\assets\yoo\Default\1918525995d5a5ed05fce5506c55ca0d.bundle,GameObject,Renderer1,-4637919190147140754,reverse-output\gacha-static\ui-prefab-export\LotteryDrawMainView\by_type\GameObject\Renderer1.bin,raw
resources\assets\yoo\Default\1918525995d5a5ed05fce5506c55ca0d.bundle,MonoBehaviour,MonoBehaviour_-4635765010166516882,-4635765010166516882,reverse-output\gacha-static\ui-prefab-export\LotteryDrawMainView\by_type\MonoBehaviour\MonoBehaviour_-4635765010166516882.bin,raw
resources\assets\yoo\Default\1918525995d5a5ed05fce5506c55ca0d.bundle,RectTransform,RectTransform_-4622022313221164178,-4622022313221164178,reverse-output\gacha-static\ui-prefab-export\LotteryDrawMainView\by_type\RectTransform\RectTransform_-4622022313221164178.bin,raw
resources\assets\yoo\Default\1918525995d5a5ed05fce5506c55ca0d.bundle,MonoBehaviour,MonoBehaviour_-4617700153399250066,-4617700153399250066,reverse-output\gacha-static\ui-prefab-export\LotteryDrawMainView\by_type\MonoBehaviour\MonoBehaviour_-4617700153399250066.bin,raw
resources\assets\yoo\Default\1918525995d5a5ed05fce5506c55ca0d.bundle,MonoBehaviour,MonoBehaviour_-4614273665108413586,-4614273665108413586,reverse-output\gacha-static\ui-prefab-export\LotteryDrawMainView\by_type\MonoBehaviour\MonoBehaviour_-4614273665108413586.bin,raw
resources\assets\yoo\Default\1918525995d5a5ed05fce5506c55ca0d.bundle,MonoBehaviour,MonoBehaviour_-4598958924081532050,-4598958924081532050,reverse-output\gacha-static\ui-prefab-export\LotteryDrawMainView\by_type\MonoBehaviour\MonoBehaviour_-4598958924081532050.bin,raw
resources\assets\yoo\Default\1918525995d5a5ed05fce5506c55ca0d.bundle,MonoBehaviour,MonoBehaviour_-4591714813388852370,-4591714813388852370,reverse-output\gacha-static\ui-prefab-export\LotteryDrawMainView\by_type\MonoBehaviour\MonoBehaviour_-4591714813388852370.bin,raw
resources\assets\yoo\Default\1918525995d5a5ed05fce5506c55ca0d.bundle,MonoBehaviour,MonoBehaviour_-4577580297173142674,-4577580297173142674,reverse-output\gacha-static\ui-prefab-export\LotteryDrawMainView\by_type\MonoBehaviour\MonoBehaviour_-4577580297173142674.bin,raw
resources\assets\yoo\Default\1918525995d5a5ed05fce5506c55ca0d.bundle,RectTransform,RectTransform_-4575231410332896402,-4575231410332896402,reverse-output\gacha-static\ui-prefab-export\LotteryDrawMainView\by_type\RectTransform\RectTransform_-4575231410332896402.bin,raw
resources\assets\yoo\Default\1918525995d5a5ed05fce5506c55ca0d.bundle,GameObject,imgSpeak,-4566980960302206098,reverse-output\gacha-static\ui-prefab-export\LotteryDrawMainView\by_type\GameObject\imgSpeak_1.bin,raw
resources\assets\yoo\Default\1918525995d5a5ed05fce5506c55ca0d.bundle,RectTransform,RectTransform_-4566097058206583954,-4566097058206583954,reverse-output\gacha-static\ui-prefab-export\LotteryDrawMainView\by_type\RectTransform\RectTransform_-4566097058206583954.bin,raw
resources\assets\yoo\Default\1918525995d5a5ed05fce5506c55ca0d.bundle,GameObject,Image,-4538829464850795666,reverse-output\gacha-static\ui-prefab-export\LotteryDrawMainView\by_type\GameObject\Image_2.bin,raw
resources\assets\yoo\Default\1918525995d5a5ed05fce5506c55ca0d.bundle,MonoBehaviour,MonoBehaviour_-4494427379359550610,-4494427379359550610,reverse-output\gacha-static\ui-prefab-export\LotteryDrawMainView\by_type\MonoBehaviour\MonoBehaviour_-4494427379359550610.bin,raw
resources\assets\yoo\Default\1918525995d5a5ed05fce5506c55ca0d.bundle,MonoBehaviour,MonoBehaviour_-4459832464603483282,-4459832464603483282,reverse-output\gacha-static\ui-prefab-export\LotteryDrawMainView\by_type\MonoBehaviour\MonoBehaviour_-4459832464603483282.bin,raw
resources\assets\yoo\Default\1918525995d5a5ed05fce5506c55ca0d.bundle,GameObject,tglSkip,-4412685676963761298,reverse-output\gacha-static\ui-prefab-export\LotteryDrawMainView\by_type\GameObject\tglSkip.bin,raw
resources\assets\yoo\Default\1918525995d5a5ed05fce5506c55ca0d.bundle,MonoBehaviour,MonoBehaviour_-4352923321005182098,-4352923321005182098,reverse-output\gacha-static\ui-prefab-export\LotteryDrawMainView\by_type\MonoBehaviour\MonoBehaviour_-4352923321005182098.bin,raw
resources\assets\yoo\Default\1918525995d5a5ed05fce5506c55ca0d.bundle,RectTransform,RectTransform_-4284096604892761234,-4284096604892761234,reverse-output\gacha-static\ui-prefab-export\LotteryDrawMainView\by_type\RectTransform\RectTransform_-4284096604892761234.bin,raw
resources\assets\yoo\Default\1918525995d5a5ed05fce5506c55ca0d.bundle,RectTransform,RectTransform_-4266682356240354450,-4266682356240354450,reverse-output\gacha-static\ui-prefab-export\LotteryDrawMainView\by_type\RectTransform\RectTransform_-4266682356240354450.bin,raw
resources\assets\yoo\Default\1918525995d5a5ed05fce5506c55ca0d.bundle,MonoBehaviour,MonoBehaviour_-4240658051695774866,-4240658051695774866,reverse-output\gacha-static\ui-prefab-export\LotteryDrawMainView\by_type\MonoBehaviour\MonoBehaviour_-4240658051695774866.bin,raw
resources\assets\yoo\Default\1918525995d5a5ed05fce5506c55ca0d.bundle,RectTransform,RectTransform_-4234695956752829586,-4234695956752829586,reverse-output\gacha-static\ui-prefab-export\LotteryDrawMainView\by_type\RectTransform\RectTransform_-4234695956752829586.bin,raw
resources\assets\yoo\Default\1918525995d5a5ed05fce5506c55ca0d.bundle,GameObject,pnlEpic,-4209016677467032722,reverse-output\gacha-static\ui-prefab-export\LotteryDrawMainView\by_type\GameObject\pnlEpic.bin,raw
resources\assets\yoo\Default\1918525995d5a5ed05fce5506c55ca0d.bundle,MonoBehaviour,MonoBehaviour_-4205173717625605266,-4205173717625605266,reverse-output\gacha-static\ui-prefab-export\LotteryDrawMainView\by_type\MonoBehaviour\MonoBehaviour_-4205173717625605266.bin,raw
resources\assets\yoo\Default\1918525995d5a5ed05fce5506c55ca0d.bundle,MonoBehaviour,MonoBehaviour_-4166523800610737298,-4166523800610737298,reverse-output\gacha-static\ui-prefab-export\LotteryDrawMainView\by_type\MonoBehaviour\MonoBehaviour_-4166523800610737298.bin,raw
resources\assets\yoo\Default\1918525995d5a5ed05fce5506c55ca0d.bundle,GameObject,pnlShowHeroInfo,-4164177896690551954,reverse-output\gacha-static\ui-prefab-export\LotteryDrawMainView\by_type\GameObject\pnlShowHeroInfo.bin,raw
resources\assets\yoo\Default\1918525995d5a5ed05fce5506c55ca0d.bundle,MonoBehaviour,MonoBehaviour_-4089779775592139922,-4089779775592139922,reverse-output\gacha-static\ui-prefab-export\LotteryDrawMainView\by_type\MonoBehaviour\MonoBehaviour_-4089779775592139922.bin,raw
resources\assets\yoo\Default\1918525995d5a5ed05fce5506c55ca0d.bundle,GameObject,spFg,-4071727417295768722,reverse-output\gacha-static\ui-prefab-export\LotteryDrawMainView\by_type\GameObject\spFg_2.bin,raw
resources\assets\yoo\Default\1918525995d5a5ed05fce5506c55ca0d.bundle,MonoBehaviour,MonoBehaviour_-4070124941095734418,-4070124941095734418,reverse-output\gacha-static\ui-prefab-export\LotteryDrawMainView\by_type\MonoBehaviour\MonoBehaviour_-4070124941095734418.bin,raw
resources\assets\yoo\Default\1918525995d5a5ed05fce5506c55ca0d.bundle,MonoBehaviour,MonoBehaviour_-4046091764460489874,-4046091764460489874,reverse-output\gacha-static\ui-prefab-export\LotteryDrawMainView\by_type\MonoBehaviour\MonoBehaviour_-4046091764460489874.bin,raw
resources\assets\yoo\Default\1918525995d5a5ed05fce5506c55ca0d.bundle,GameObject,btnActivity,-4024252153060002962,reverse-output\gacha-static\ui-prefab-export\LotteryDrawMainView\by_type\GameObject\btnActivity.bin,raw
resources\assets\yoo\Default\1918525995d5a5ed05fce5506c55ca0d.bundle,RectTransform,RectTransform_-4022432915658968210,-4022432915658968210,reverse-output\gacha-static\ui-prefab-export\LotteryDrawMainView\by_type\RectTransform\RectTransform_-4022432915658968210.bin,raw
resources\assets\yoo\Default\1918525995d5a5ed05fce5506c55ca0d.bundle,RectTransform,RectTransform_-4015363592099204242,-4015363592099204242,reverse-output\gacha-static\ui-prefab-export\LotteryDrawMainView\by_type\RectTransform\RectTransform_-4015363592099204242.bin,raw
resources\assets\yoo\Default\1918525995d5a5ed05fce5506c55ca0d.bundle,GameObject,pnlRate,-4010277495603793042,reverse-output\gacha-static\ui-prefab-export\LotteryDrawMainView\by_type\GameObject\pnlRate.bin,raw
resources\assets\yoo\Default\1918525995d5a5ed05fce5506c55ca0d.bundle,MonoBehaviour,MonoBehaviour_-4001376611296218258,-4001376611296218258,reverse-output\gacha-static\ui-prefab-export\LotteryDrawMainView\by_type\MonoBehaviour\MonoBehaviour_-4001376611296218258.bin,raw
resources\assets\yoo\Default\1918525995d5a5ed05fce5506c55ca0d.bundle,MonoBehaviour,MonoBehaviour_-3980776877284068498,-3980776877284068498,reverse-output\gacha-static\ui-prefab-export\LotteryDrawMainView\by_type\MonoBehaviour\MonoBehaviour_-3980776877284068498.bin,raw
resources\assets\yoo\Default\1918525995d5a5ed05fce5506c55ca0d.bundle,RectTransform,RectTransform_-3974179376809577618,-3974179376809577618,reverse-output\gacha-static\ui-prefab-export\LotteryDrawMainView\by_type\RectTransform\RectTransform_-3974179376809577618.bin,raw
resources\assets\yoo\Default\1918525995d5a5ed05fce5506c55ca0d.bundle,GameObject,spBg,-3946042393164123282,reverse-output\gacha-static\ui-prefab-export\LotteryDrawMainView\by_type\GameObject\spBg.bin,raw
resources\assets\yoo\Default\1918525995d5a5ed05fce5506c55ca0d.bundle,GameObject,pnlNormalWish,-3903594165003357330,reverse-output\gacha-static\ui-prefab-export\LotteryDrawMainView\by_type\GameObject\pnlNormalWish.bin,raw
resources\assets\yoo\Default\1918525995d5a5ed05fce5506c55ca0d.bundle,GameObject,imgColor,-3898369532390018194,reverse-output\gacha-static\ui-prefab-export\LotteryDrawMainView\by_type\GameObject\imgColor.bin,raw
resources\assets\yoo\Default\1918525995d5a5ed05fce5506c55ca0d.bundle,GameObject,@fx_imgBg_star,-3898053461665057938,reverse-output\gacha-static\ui-prefab-export\LotteryDrawMainView\by_type\GameObject\@fx_imgBg_star_1.bin,raw
resources\assets\yoo\Default\1918525995d5a5ed05fce5506c55ca0d.bundle,MonoBehaviour,MonoBehaviour_-3884693141222460562,-3884693141222460562,reverse-output\gacha-static\ui-prefab-export\LotteryDrawMainView\by_type\MonoBehaviour\MonoBehaviour_-3884693141222460562.bin,raw
resources\assets\yoo\Default\1918525995d5a5ed05fce5506c55ca0d.bundle,MonoBehaviour,MonoBehaviour_-3881369556198296722,-3881369556198296722,reverse-output\gacha-static\ui-prefab-export\LotteryDrawMainView\by_type\MonoBehaviour\MonoBehaviour_-3881369556198296722.bin,raw
resources\assets\yoo\Default\1918525995d5a5ed05fce5506c55ca0d.bundle,MonoBehaviour,MonoBehaviour_-3855545542690802834,-3855545542690802834,reverse-output\gacha-static\ui-prefab-export\LotteryDrawMainView\by_type\MonoBehaviour\MonoBehaviour_-3855545542690802834.bin,raw
resources\assets\yoo\Default\1918525995d5a5ed05fce5506c55ca0d.bundle,GameObject,pnlHero1,-3851983418618612882,reverse-output\gacha-static\ui-prefab-export\LotteryDrawMainView\by_type\GameObject\pnlHero1.bin,raw
resources\assets\yoo\Default\1918525995d5a5ed05fce5506c55ca0d.bundle,RectTransform,RectTransform_-3777156266772270226,-3777156266772270226,reverse-output\gacha-static\ui-prefab-export\LotteryDrawMainView\by_type\RectTransform\RectTransform_-3777156266772270226.bin,raw
resources\assets\yoo\Default\1918525995d5a5ed05fce5506c55ca0d.bundle,GameObject,imgColor,-3746997984530205842,reverse-output\gacha-static\ui-prefab-export\LotteryDrawMainView\by_type\GameObject\imgColor_1.bin,raw
resources\assets\yoo\Default\1918525995d5a5ed05fce5506c55ca0d.bundle,MonoBehaviour,MonoBehaviour_-3744071754736077970,-3744071754736077970,reverse-output\gacha-static\ui-prefab-export\LotteryDrawMainView\by_type\MonoBehaviour\MonoBehaviour_-3744071754736077970.bin,raw
resources\assets\yoo\Default\1918525995d5a5ed05fce5506c55ca0d.bundle,MonoBehaviour,MonoBehaviour_-3719334632401013906,-3719334632401013906,reverse-output\gacha-static\ui-prefab-export\LotteryDrawMainView\by_type\MonoBehaviour\MonoBehaviour_-3719334632401013906.bin,raw
resources\assets\yoo\Default\1918525995d5a5ed05fce5506c55ca0d.bundle,RectTransform,RectTransform_-3696586797895847058,-3696586797895847058,reverse-output\gacha-static\ui-prefab-export\LotteryDrawMainView\by_type\RectTransform\RectTransform_-3696586797895847058.bin,raw
resources\assets\yoo\Default\1918525995d5a5ed05fce5506c55ca0d.bundle,MonoBehaviour,MonoBehaviour_-3645306975969152146,-3645306975969152146,reverse-output\gacha-static\ui-prefab-export\LotteryDrawMainView\by_type\MonoBehaviour\MonoBehaviour_-3645306975969152146.bin,raw
resources\assets\yoo\Default\1918525995d5a5ed05fce5506c55ca0d.bundle,MonoBehaviour,MonoBehaviour_-3614828323718827154,-3614828323718827154,reverse-output\gacha-static\ui-prefab-export\LotteryDrawMainView\by_type\MonoBehaviour\MonoBehaviour_-3614828323718827154.bin,raw
resources\assets\yoo\Default\1918525995d5a5ed05fce5506c55ca0d.bundle,MonoBehaviour,MonoBehaviour_-3610524267356884114,-3610524267356884114,reverse-output\gacha-static\ui-prefab-export\LotteryDrawMainView\by_type\MonoBehaviour\MonoBehaviour_-3610524267356884114.bin,raw
resources\assets\yoo\Default\1918525995d5a5ed05fce5506c55ca0d.bundle,MonoBehaviour,MonoBehaviour_-3573867356305165458,-3573867356305165458,reverse-output\gacha-static\ui-prefab-export\LotteryDrawMainView\by_type\MonoBehaviour\MonoBehaviour_-3573867356305165458.bin,raw
resources\assets\yoo\Default\1918525995d5a5ed05fce5506c55ca0d.bundle,MonoBehaviour,MonoBehaviour_-3474691485722283154,-3474691485722283154,reverse-output\gacha-static\ui-prefab-export\LotteryDrawMainView\by_type\MonoBehaviour\MonoBehaviour_-3474691485722283154.bin,raw
resources\assets\yoo\Default\1918525995d5a5ed05fce5506c55ca0d.bundle,MonoBehaviour,MonoBehaviour_-3467945971793661074,-3467945971793661074,reverse-output\gacha-static\ui-prefab-export\LotteryDrawMainView\by_type\MonoBehaviour\MonoBehaviour_-3467945971793661074.bin,raw
resources\assets\yoo\Default\1918525995d5a5ed05fce5506c55ca0d.bundle,RectTransform,RectTransform_-3456965026177617042,-3456965026177617042,reverse-output\gacha-static\ui-prefab-export\LotteryDrawMainView\by_type\RectTransform\RectTransform_-3456965026177617042.bin,raw
resources\assets\yoo\Default\1918525995d5a5ed05fce5506c55ca0d.bundle,MonoBehaviour,MonoBehaviour_-3446064549341760658,-3446064549341760658,reverse-output\gacha-static\ui-prefab-export\LotteryDrawMainView\by_type\MonoBehaviour\MonoBehaviour_-3446064549341760658.bin,raw
resources\assets\yoo\Default\1918525995d5a5ed05fce5506c55ca0d.bundle,GameObject,Renderer0,-3442558486188854418,reverse-output\gacha-static\ui-prefab-export\LotteryDrawMainView\by_type\GameObject\Renderer0_4.bin,raw
resources\assets\yoo\Default\1918525995d5a5ed05fce5506c55ca0d.bundle,RectTransform,RectTransform_-3429728311744466066,-3429728311744466066,reverse-output\gacha-static\ui-prefab-export\LotteryDrawMainView\by_type\RectTransform\RectTransform_-3429728311744466066.bin,raw
resources\assets\yoo\Default\1918525995d5a5ed05fce5506c55ca0d.bundle,RectTransform,RectTransform_-3422696267468573842,-3422696267468573842,reverse-output\gacha-static\ui-prefab-export\LotteryDrawMainView\by_type\RectTransform\RectTransform_-3422696267468573842.bin,raw
resources\assets\yoo\Default\1918525995d5a5ed05fce5506c55ca0d.bundle,RectTransform,RectTransform_-3413956211079515282,-3413956211079515282,reverse-output\gacha-static\ui-prefab-export\LotteryDrawMainView\by_type\RectTransform\RectTransform_-3413956211079515282.bin,raw
resources\assets\yoo\Default\1918525995d5a5ed05fce5506c55ca0d.bundle,GameObject,imgAdd,-3354437199226735762,reverse-output\gacha-static\ui-prefab-export\LotteryDrawMainView\by_type\GameObject\imgAdd.bin,raw
resources\assets\yoo\Default\1918525995d5a5ed05fce5506c55ca0d.bundle,RectTransform,RectTransform_-3348290691216247954,-3348290691216247954,reverse-output\gacha-static\ui-prefab-export\LotteryDrawMainView\by_type\RectTransform\RectTransform_-3348290691216247954.bin,raw
resources\assets\yoo\Default\1918525995d5a5ed05fce5506c55ca0d.bundle,GameObject,lottery_btn_03a,-3332865926797855890,reverse-output\gacha-static\ui-prefab-export\LotteryDrawMainView\by_type\GameObject\lottery_btn_03a_1.bin,raw
resources\assets\yoo\Default\1918525995d5a5ed05fce5506c55ca0d.bundle,RectTransform,RectTransform_-3332402916917513362,-3332402916917513362,reverse-output\gacha-static\ui-prefab-export\LotteryDrawMainView\by_type\RectTransform\RectTransform_-3332402916917513362.bin,raw
resources\assets\yoo\Default\1918525995d5a5ed05fce5506c55ca0d.bundle,MonoBehaviour,MonoBehaviour_-3245058873950211218,-3245058873950211218,reverse-output\gacha-static\ui-prefab-export\LotteryDrawMainView\by_type\MonoBehaviour\MonoBehaviour_-3245058873950211218.bin,raw
resources\assets\yoo\Default\1918525995d5a5ed05fce5506c55ca0d.bundle,GameObject,lottery_btn_03a_effect,-3236016149886078098,reverse-output\gacha-static\ui-prefab-export\LotteryDrawMainView\by_type\GameObject\lottery_btn_03a_effect_1.bin,raw
resources\assets\yoo\Default\1918525995d5a5ed05fce5506c55ca0d.bundle,RectTransform,RectTransform_-3214908564800146578,-3214908564800146578,reverse-output\gacha-static\ui-prefab-export\LotteryDrawMainView\by_type\RectTransform\RectTransform_-3214908564800146578.bin,raw
resources\assets\yoo\Default\1918525995d5a5ed05fce5506c55ca0d.bundle,RectTransform,RectTransform_-3128299143503875218,-3128299143503875218,reverse-output\gacha-static\ui-prefab-export\LotteryDrawMainView\by_type\RectTransform\RectTransform_-3128299143503875218.bin,raw
resources\assets\yoo\Default\1918525995d5a5ed05fce5506c55ca0d.bundle,MonoBehaviour,MonoBehaviour_-3122933445465345170,-3122933445465345170,reverse-output\gacha-static\ui-prefab-export\LotteryDrawMainView\by_type\MonoBehaviour\MonoBehaviour_-3122933445465345170.bin,raw
resources\assets\yoo\Default\1918525995d5a5ed05fce5506c55ca0d.bundle,GameObject,Image,-3120459408948137106,reverse-output\gacha-static\ui-prefab-export\LotteryDrawMainView\by_type\GameObject\Image_3.bin,raw
resources\assets\yoo\Default\1918525995d5a5ed05fce5506c55ca0d.bundle,GameObject,Renderer0,-3096733913488886930,reverse-output\gacha-static\ui-prefab-export\LotteryDrawMainView\by_type\GameObject\Renderer0_5.bin,raw
resources\assets\yoo\Default\1918525995d5a5ed05fce5506c55ca0d.bundle,RectTransform,RectTransform_-3090703537710304402,-3090703537710304402,reverse-output\gacha-static\ui-prefab-export\LotteryDrawMainView\by_type\RectTransform\RectTransform_-3090703537710304402.bin,raw
resources\assets\yoo\Default\1918525995d5a5ed05fce5506c55ca0d.bundle,MonoBehaviour,MonoBehaviour_-3064357211190922386,-3064357211190922386,reverse-output\gacha-static\ui-prefab-export\LotteryDrawMainView\by_type\MonoBehaviour\MonoBehaviour_-3064357211190922386.bin,raw
resources\assets\yoo\Default\1918525995d5a5ed05fce5506c55ca0d.bundle,RectTransform,RectTransform_-3043942262587067538,-3043942262587067538,reverse-output\gacha-static\ui-prefab-export\LotteryDrawMainView\by_type\RectTransform\RectTransform_-3043942262587067538.bin,raw
resources\assets\yoo\Default\1918525995d5a5ed05fce5506c55ca0d.bundle,RectTransform,RectTransform_-3014213622411758738,-3014213622411758738,reverse-output\gacha-static\ui-prefab-export\LotteryDrawMainView\by_type\RectTransform\RectTransform_-3014213622411758738.bin,raw
resources\assets\yoo\Default\1918525995d5a5ed05fce5506c55ca0d.bundle,GameObject,Image,-3005765975645555858,reverse-output\gacha-static\ui-prefab-export\LotteryDrawMainView\by_type\GameObject\Image_4.bin,raw
resources\assets\yoo\Default\1918525995d5a5ed05fce5506c55ca0d.bundle,RectTransform,RectTransform_-2992961084872133778,-2992961084872133778,reverse-output\gacha-static\ui-prefab-export\LotteryDrawMainView\by_type\RectTransform\RectTransform_-2992961084872133778.bin,raw
resources\assets\yoo\Default\1918525995d5a5ed05fce5506c55ca0d.bundle,GameObject,pnlLeft,-2988315842188676242,reverse-output\gacha-static\ui-prefab-export\LotteryDrawMainView\by_type\GameObject\pnlLeft.bin,raw
resources\assets\yoo\Default\1918525995d5a5ed05fce5506c55ca0d.bundle,MonoBehaviour,MonoBehaviour_-2969217606300798098,-2969217606300798098,reverse-output\gacha-static\ui-prefab-export\LotteryDrawMainView\by_type\MonoBehaviour\MonoBehaviour_-2969217606300798098.bin,raw
resources\assets\yoo\Default\1918525995d5a5ed05fce5506c55ca0d.bundle,GameObject,Text,-2856446593684606098,reverse-output\gacha-static\ui-prefab-export\LotteryDrawMainView\by_type\GameObject\Text_7.bin,raw
resources\assets\yoo\Default\1918525995d5a5ed05fce5506c55ca0d.bundle,MonoBehaviour,MonoBehaviour_-2852732879030193298,-2852732879030193298,reverse-output\gacha-static\ui-prefab-export\LotteryDrawMainView\by_type\MonoBehaviour\MonoBehaviour_-2852732879030193298.bin,raw
resources\assets\yoo\Default\1918525995d5a5ed05fce5506c55ca0d.bundle,GameObject,pnlTag2,-2840243706199805074,reverse-output\gacha-static\ui-prefab-export\LotteryDrawMainView\by_type\GameObject\pnlTag2.bin,raw
resources\assets\yoo\Default\1918525995d5a5ed05fce5506c55ca0d.bundle,MonoBehaviour,MonoBehaviour_-2831526147683716242,-2831526147683716242,reverse-output\gacha-static\ui-prefab-export\LotteryDrawMainView\by_type\MonoBehaviour\MonoBehaviour_-2831526147683716242.bin,raw
resources\assets\yoo\Default\1918525995d5a5ed05fce5506c55ca0d.bundle,RectTransform,RectTransform_-2770822961952984210,-2770822961952984210,reverse-output\gacha-static\ui-prefab-export\LotteryDrawMainView\by_type\RectTransform\RectTransform_-2770822961952984210.bin,raw
resources\assets\yoo\Default\1918525995d5a5ed05fce5506c55ca0d.bundle,GameObject,@InteractiveRole,-2768305804485659794,reverse-output\gacha-static\ui-prefab-export\LotteryDrawMainView\by_type\GameObject\@InteractiveRole_3.bin,raw
resources\assets\yoo\Default\1918525995d5a5ed05fce5506c55ca0d.bundle,GameObject,Text,-2764526816316361874,reverse-output\gacha-static\ui-prefab-export\LotteryDrawMainView\by_type\GameObject\Text_8.bin,raw
resources\assets\yoo\Default\1918525995d5a5ed05fce5506c55ca0d.bundle,GameObject,spHero,-2719589176787078290,reverse-output\gacha-static\ui-prefab-export\LotteryDrawMainView\by_type\GameObject\spHero_2.bin,raw
resources\assets\yoo\Default\1918525995d5a5ed05fce5506c55ca0d.bundle,MonoBehaviour,MonoBehaviour_-2693117864587693202,-2693117864587693202,reverse-output\gacha-static\ui-prefab-export\LotteryDrawMainView\by_type\MonoBehaviour\MonoBehaviour_-2693117864587693202.bin,raw
resources\assets\yoo\Default\1918525995d5a5ed05fce5506c55ca0d.bundle,MonoBehaviour,MonoBehaviour_-2689847134533586066,-2689847134533586066,reverse-output\gacha-static\ui-prefab-export\LotteryDrawMainView\by_type\MonoBehaviour\MonoBehaviour_-2689847134533586066.bin,raw
resources\assets\yoo\Default\1918525995d5a5ed05fce5506c55ca0d.bundle,RectTransform,RectTransform_-2682906169459215506,-2682906169459215506,reverse-output\gacha-static\ui-prefab-export\LotteryDrawMainView\by_type\RectTransform\RectTransform_-2682906169459215506.bin,raw
resources\assets\yoo\Default\1918525995d5a5ed05fce5506c55ca0d.bundle,GameObject,spHero,-2626163164729183378,reverse-output\gacha-static\ui-prefab-export\LotteryDrawMainView\by_type\GameObject\spHero_3.bin,raw
resources\assets\yoo\Default\1918525995d5a5ed05fce5506c55ca0d.bundle,GameObject,imgBg,-2617858597614783634,reverse-output\gacha-static\ui-prefab-export\LotteryDrawMainView\by_type\GameObject\imgBg.bin,raw
resources\assets\yoo\Default\1918525995d5a5ed05fce5506c55ca0d.bundle,MonoBehaviour,MonoBehaviour_-2584744624283323538,-2584744624283323538,reverse-output\gacha-static\ui-prefab-export\LotteryDrawMainView\by_type\MonoBehaviour\MonoBehaviour_-2584744624283323538.bin,raw
resources\assets\yoo\Default\1918525995d5a5ed05fce5506c55ca0d.bundle,RectTransform,RectTransform_-2546089469093874834,-2546089469093874834,reverse-output\gacha-static\ui-prefab-export\LotteryDrawMainView\by_type\RectTransform\RectTransform_-2546089469093874834.bin,raw
resources\assets\yoo\Default\1918525995d5a5ed05fce5506c55ca0d.bundle,RectTransform,RectTransform_-2521609541779262610,-2521609541779262610,reverse-output\gacha-static\ui-prefab-export\LotteryDrawMainView\by_type\RectTransform\RectTransform_-2521609541779262610.bin,raw
resources\assets\yoo\Default\1918525995d5a5ed05fce5506c55ca0d.bundle,GameObject,imgAdd,-2507889847916301458,reverse-output\gacha-static\ui-prefab-export\LotteryDrawMainView\by_type\GameObject\imgAdd_1.bin,raw
resources\assets\yoo\Default\1918525995d5a5ed05fce5506c55ca0d.bundle,MonoBehaviour,MonoBehaviour_-2471095821688114322,-2471095821688114322,reverse-output\gacha-static\ui-prefab-export\LotteryDrawMainView\by_type\MonoBehaviour\MonoBehaviour_-2471095821688114322.bin,raw
resources\assets\yoo\Default\1918525995d5a5ed05fce5506c55ca0d.bundle,MonoBehaviour,MonoBehaviour_-2390926812781153426,-2390926812781153426,reverse-output\gacha-static\ui-prefab-export\LotteryDrawMainView\by_type\MonoBehaviour\MonoBehaviour_-2390926812781153426.bin,raw
resources\assets\yoo\Default\1918525995d5a5ed05fce5506c55ca0d.bundle,RectTransform,RectTransform_-2380014348900895890,-2380014348900895890,reverse-output\gacha-static\ui-prefab-export\LotteryDrawMainView\by_type\RectTransform\RectTransform_-2380014348900895890.bin,raw
resources\assets\yoo\Default\1918525995d5a5ed05fce5506c55ca0d.bundle,GameObject,@imgBg,-2370224667293846674,reverse-output\gacha-static\ui-prefab-export\LotteryDrawMainView\by_type\GameObject\@imgBg.bin,raw
resources\assets\yoo\Default\1918525995d5a5ed05fce5506c55ca0d.bundle,MonoBehaviour,MonoBehaviour_-2359209378246691986,-2359209378246691986,reverse-output\gacha-static\ui-prefab-export\LotteryDrawMainView\by_type\MonoBehaviour\MonoBehaviour_-2359209378246691986.bin,raw
resources\assets\yoo\Default\1918525995d5a5ed05fce5506c55ca0d.bundle,GameObject,spBg,-2310142425741397138,reverse-output\gacha-static\ui-prefab-export\LotteryDrawMainView\by_type\GameObject\spBg_1.bin,raw
resources\assets\yoo\Default\1918525995d5a5ed05fce5506c55ca0d.bundle,MonoBehaviour,MonoBehaviour_-2290460635527122066,-2290460635527122066,reverse-output\gacha-static\ui-prefab-export\LotteryDrawMainView\by_type\MonoBehaviour\MonoBehaviour_-2290460635527122066.bin,raw
resources\assets\yoo\Default\1918525995d5a5ed05fce5506c55ca0d.bundle,GameObject,lottery_btn_03a,-2253501351271926930,reverse-output\gacha-static\ui-prefab-export\LotteryDrawMainView\by_type\GameObject\lottery_btn_03a_2.bin,raw
resources\assets\yoo\Default\1918525995d5a5ed05fce5506c55ca0d.bundle,MonoBehaviour,MonoBehaviour_-2230717357652184210,-2230717357652184210,reverse-output\gacha-static\ui-prefab-export\LotteryDrawMainView\by_type\MonoBehaviour\MonoBehaviour_-2230717357652184210.bin,raw
resources\assets\yoo\Default\1918525995d5a5ed05fce5506c55ca0d.bundle,RectTransform,RectTransform_-2222649000431914130,-2222649000431914130,reverse-output\gacha-static\ui-prefab-export\LotteryDrawMainView\by_type\RectTransform\RectTransform_-2222649000431914130.bin,raw
resources\assets\yoo\Default\1918525995d5a5ed05fce5506c55ca0d.bundle,GameObject,Image,-2221957556553583762,reverse-output\gacha-static\ui-prefab-export\LotteryDrawMainView\by_type\GameObject\Image_5.bin,raw
resources\assets\yoo\Default\1918525995d5a5ed05fce5506c55ca0d.bundle,MonoBehaviour,MonoBehaviour_-2220307363752971410,-2220307363752971410,reverse-output\gacha-static\ui-prefab-export\LotteryDrawMainView\by_type\MonoBehaviour\MonoBehaviour_-2220307363752971410.bin,raw
resources\assets\yoo\Default\1918525995d5a5ed05fce5506c55ca0d.bundle,RectTransform,RectTransform_-2210856353585892498,-2210856353585892498,reverse-output\gacha-static\ui-prefab-export\LotteryDrawMainView\by_type\RectTransform\RectTransform_-2210856353585892498.bin,raw
resources\assets\yoo\Default\1918525995d5a5ed05fce5506c55ca0d.bundle,MonoBehaviour,MonoBehaviour_-2178048096131615890,-2178048096131615890,reverse-output\gacha-static\ui-prefab-export\LotteryDrawMainView\by_type\MonoBehaviour\MonoBehaviour_-2178048096131615890.bin,raw
resources\assets\yoo\Default\1918525995d5a5ed05fce5506c55ca0d.bundle,MonoBehaviour,MonoBehaviour_-2158508785873456274,-2158508785873456274,reverse-output\gacha-static\ui-prefab-export\LotteryDrawMainView\by_type\MonoBehaviour\MonoBehaviour_-2158508785873456274.bin,raw
resources\assets\yoo\Default\1918525995d5a5ed05fce5506c55ca0d.bundle,GameObject,lottery_btn_03_effect,-2154677216310463634,reverse-output\gacha-static\ui-prefab-export\LotteryDrawMainView\by_type\GameObject\lottery_btn_03_effect_3.bin,raw
resources\assets\yoo\Default\1918525995d5a5ed05fce5506c55ca0d.bundle,GameObject,lottery_btn_03_effect,-2136530583315942546,reverse-output\gacha-static\ui-prefab-export\LotteryDrawMainView\by_type\GameObject\lottery_btn_03_effect_4.bin,raw
resources\assets\yoo\Default\1918525995d5a5ed05fce5506c55ca0d.bundle,GameObject,Renderer0,-2135613936451259538,reverse-output\gacha-static\ui-prefab-export\LotteryDrawMainView\by_type\GameObject\Renderer0_6.bin,raw
resources\assets\yoo\Default\1918525995d5a5ed05fce5506c55ca0d.bundle,GameObject,imgAdd,-2134141322754067602,reverse-output\gacha-static\ui-prefab-export\LotteryDrawMainView\by_type\GameObject\imgAdd_2.bin,raw
resources\assets\yoo\Default\1918525995d5a5ed05fce5506c55ca0d.bundle,MonoBehaviour,MonoBehaviour_-2122315468758977682,-2122315468758977682,reverse-output\gacha-static\ui-prefab-export\LotteryDrawMainView\by_type\MonoBehaviour\MonoBehaviour_-2122315468758977682.bin,raw
resources\assets\yoo\Default\1918525995d5a5ed05fce5506c55ca0d.bundle,RectTransform,RectTransform_-2103693263864269970,-2103693263864269970,reverse-output\gacha-static\ui-prefab-export\LotteryDrawMainView\by_type\RectTransform\RectTransform_-2103693263864269970.bin,raw
resources\assets\yoo\Default\1918525995d5a5ed05fce5506c55ca0d.bundle,RectTransform,RectTransform_-2046457230067436690,-2046457230067436690,reverse-output\gacha-static\ui-prefab-export\LotteryDrawMainView\by_type\RectTransform\RectTransform_-2046457230067436690.bin,raw
resources\assets\yoo\Default\1918525995d5a5ed05fce5506c55ca0d.bundle,MonoBehaviour,MonoBehaviour_-2039313660468137106,-2039313660468137106,reverse-output\gacha-static\ui-prefab-export\LotteryDrawMainView\by_type\MonoBehaviour\MonoBehaviour_-2039313660468137106.bin,raw
resources\assets\yoo\Default\1918525995d5a5ed05fce5506c55ca0d.bundle,MonoBehaviour,MonoBehaviour_-1996588897573932178,-1996588897573932178,reverse-output\gacha-static\ui-prefab-export\LotteryDrawMainView\by_type\MonoBehaviour\MonoBehaviour_-1996588897573932178.bin,raw
resources\assets\yoo\Default\1918525995d5a5ed05fce5506c55ca0d.bundle,GameObject,Image,-1996404000413060242,reverse-output\gacha-static\ui-prefab-export\LotteryDrawMainView\by_type\GameObject\Image_6.bin,raw
resources\assets\yoo\Default\1918525995d5a5ed05fce5506c55ca0d.bundle,MonoBehaviour,MonoBehaviour_-1977135347374623890,-1977135347374623890,reverse-output\gacha-static\ui-prefab-export\LotteryDrawMainView\by_type\MonoBehaviour\MonoBehaviour_-1977135347374623890.bin,raw
resources\assets\yoo\Default\1918525995d5a5ed05fce5506c55ca0d.bundle,GameObject,lottery_btn_03a_effect,-1959933190227954834,reverse-output\gacha-static\ui-prefab-export\LotteryDrawMainView\by_type\GameObject\lottery_btn_03a_effect_2.bin,raw
resources\assets\yoo\Default\1918525995d5a5ed05fce5506c55ca0d.bundle,GameObject,Text,-1953816491317660818,reverse-output\gacha-static\ui-prefab-export\LotteryDrawMainView\by_type\GameObject\Text_9.bin,raw
resources\assets\yoo\Default\1918525995d5a5ed05fce5506c55ca0d.bundle,GameObject,lottery_btn_03a,-1951850307508374674,reverse-output\gacha-static\ui-prefab-export\LotteryDrawMainView\by_type\GameObject\lottery_btn_03a_3.bin,raw
resources\assets\yoo\Default\1918525995d5a5ed05fce5506c55ca0d.bundle,GameObject,btnPanel,-1924910131798215826,reverse-output\gacha-static\ui-prefab-export\LotteryDrawMainView\by_type\GameObject\btnPanel.bin,raw
resources\assets\yoo\Default\1918525995d5a5ed05fce5506c55ca0d.bundle,RectTransform,RectTransform_-1922168333489343634,-1922168333489343634,reverse-output\gacha-static\ui-prefab-export\LotteryDrawMainView\by_type\RectTransform\RectTransform_-1922168333489343634.bin,raw
resources\assets\yoo\Default\1918525995d5a5ed05fce5506c55ca0d.bundle,GameObject,imgEpicCharacter,-1917339941751032978,reverse-output\gacha-static\ui-prefab-export\LotteryDrawMainView\by_type\GameObject\imgEpicCharacter.bin,raw
resources\assets\yoo\Default\1918525995d5a5ed05fce5506c55ca0d.bundle,MonoBehaviour,MonoBehaviour_-1887745657365531794,-1887745657365531794,reverse-output\gacha-static\ui-prefab-export\LotteryDrawMainView\by_type\MonoBehaviour\MonoBehaviour_-1887745657365531794.bin,raw
resources\assets\yoo\Default\1918525995d5a5ed05fce5506c55ca0d.bundle,GameObject,Image,-1831252233437383826,reverse-output\gacha-static\ui-prefab-export\LotteryDrawMainView\by_type\GameObject\Image_7.bin,raw
resources\assets\yoo\Default\1918525995d5a5ed05fce5506c55ca0d.bundle,RectTransform,RectTransform_-1810297397980171410,-1810297397980171410,reverse-output\gacha-static\ui-prefab-export\LotteryDrawMainView\by_type\RectTransform\RectTransform_-1810297397980171410.bin,raw
resources\assets\yoo\Default\1918525995d5a5ed05fce5506c55ca0d.bundle,GameObject,spFg,-1780012817466854546,reverse-output\gacha-static\ui-prefab-export\LotteryDrawMainView\by_type\GameObject\spFg_3.bin,raw
resources\assets\yoo\Default\1918525995d5a5ed05fce5506c55ca0d.bundle,GameObject,@Image_cloud,-1767841629070494866,reverse-output\gacha-static\ui-prefab-export\LotteryDrawMainView\by_type\GameObject\@Image_cloud.bin,raw
resources\assets\yoo\Default\1918525995d5a5ed05fce5506c55ca0d.bundle,MonoBehaviour,MonoBehaviour_-1764121884503182482,-1764121884503182482,reverse-output\gacha-static\ui-prefab-export\LotteryDrawMainView\by_type\MonoBehaviour\MonoBehaviour_-1764121884503182482.bin,raw
resources\assets\yoo\Default\1918525995d5a5ed05fce5506c55ca0d.bundle,MonoBehaviour,MonoBehaviour_-1764024288793332882,-1764024288793332882,reverse-output\gacha-static\ui-prefab-export\LotteryDrawMainView\by_type\MonoBehaviour\MonoBehaviour_-1764024288793332882.bin,raw
resources\assets\yoo\Default\1918525995d5a5ed05fce5506c55ca0d.bundle,GameObject,spFg,-1761108163380972690,reverse-output\gacha-static\ui-prefab-export\LotteryDrawMainView\by_type\GameObject\spFg_4.bin,raw
resources\assets\yoo\Default\1918525995d5a5ed05fce5506c55ca0d.bundle,RectTransform,RectTransform_-1734249929896037522,-1734249929896037522,reverse-output\gacha-static\ui-prefab-export\LotteryDrawMainView\by_type\RectTransform\RectTransform_-1734249929896037522.bin,raw
resources\assets\yoo\Default\1918525995d5a5ed05fce5506c55ca0d.bundle,RectTransform,RectTransform_-1720770689160907922,-1720770689160907922,reverse-output\gacha-static\ui-prefab-export\LotteryDrawMainView\by_type\RectTransform\RectTransform_-1720770689160907922.bin,raw
resources\assets\yoo\Default\1918525995d5a5ed05fce5506c55ca0d.bundle,MonoBehaviour,MonoBehaviour_-1718262274754612370,-1718262274754612370,reverse-output\gacha-static\ui-prefab-export\LotteryDrawMainView\by_type\MonoBehaviour\MonoBehaviour_-1718262274754612370.bin,raw
resources\assets\yoo\Default\1918525995d5a5ed05fce5506c55ca0d.bundle,MonoBehaviour,MonoBehaviour_-1709213924205005970,-1709213924205005970,reverse-output\gacha-static\ui-prefab-export\LotteryDrawMainView\by_type\MonoBehaviour\MonoBehaviour_-1709213924205005970.bin,raw
resources\assets\yoo\Default\1918525995d5a5ed05fce5506c55ca0d.bundle,MonoBehaviour,MonoBehaviour_-1694406294805613714,-1694406294805613714,reverse-output\gacha-static\ui-prefab-export\LotteryDrawMainView\by_type\MonoBehaviour\MonoBehaviour_-1694406294805613714.bin,raw
resources\assets\yoo\Default\1918525995d5a5ed05fce5506c55ca0d.bundle,MonoBehaviour,MonoBehaviour_-1657426615948676242,-1657426615948676242,reverse-output\gacha-static\ui-prefab-export\LotteryDrawMainView\by_type\MonoBehaviour\MonoBehaviour_-1657426615948676242.bin,raw
resources\assets\yoo\Default\1918525995d5a5ed05fce5506c55ca0d.bundle,RectTransform,RectTransform_-1646170978649640082,-1646170978649640082,reverse-output\gacha-static\ui-prefab-export\LotteryDrawMainView\by_type\RectTransform\RectTransform_-1646170978649640082.bin,raw
resources\assets\yoo\Default\1918525995d5a5ed05fce5506c55ca0d.bundle,GameObject,imgEpicColor,-1629743053865094290,reverse-output\gacha-static\ui-prefab-export\LotteryDrawMainView\by_type\GameObject\imgEpicColor.bin,raw
resources\assets\yoo\Default\1918525995d5a5ed05fce5506c55ca0d.bundle,GameObject,lottery_btn_03_effect,-1589455477368622226,reverse-output\gacha-static\ui-prefab-export\LotteryDrawMainView\by_type\GameObject\lottery_btn_03_effect_5.bin,raw
resources\assets\yoo\Default\1918525995d5a5ed05fce5506c55ca0d.bundle,MonoBehaviour,MonoBehaviour_-1525820692653149330,-1525820692653149330,reverse-output\gacha-static\ui-prefab-export\LotteryDrawMainView\by_type\MonoBehaviour\MonoBehaviour_-1525820692653149330.bin,raw
resources\assets\yoo\Default\1918525995d5a5ed05fce5506c55ca0d.bundle,MonoBehaviour,MonoBehaviour_-1525498337263553682,-1525498337263553682,reverse-output\gacha-static\ui-prefab-export\LotteryDrawMainView\by_type\MonoBehaviour\MonoBehaviour_-1525498337263553682.bin,raw
resources\assets\yoo\Default\1918525995d5a5ed05fce5506c55ca0d.bundle,MonoBehaviour,MonoBehaviour_-1523268997994843282,-1523268997994843282,reverse-output\gacha-static\ui-prefab-export\LotteryDrawMainView\by_type\MonoBehaviour\MonoBehaviour_-1523268997994843282.bin,raw
resources\assets\yoo\Default\1918525995d5a5ed05fce5506c55ca0d.bundle,RectTransform,RectTransform_-1508348907631479954,-1508348907631479954,reverse-output\gacha-static\ui-prefab-export\LotteryDrawMainView\by_type\RectTransform\RectTransform_-1508348907631479954.bin,raw
resources\assets\yoo\Default\1918525995d5a5ed05fce5506c55ca0d.bundle,MonoBehaviour,MonoBehaviour_-1507776722671701138,-1507776722671701138,reverse-output\gacha-static\ui-prefab-export\LotteryDrawMainView\by_type\MonoBehaviour\MonoBehaviour_-1507776722671701138.bin,raw
resources\assets\yoo\Default\1918525995d5a5ed05fce5506c55ca0d.bundle,GameObject,pnlRedDot,-1480191167955340434,reverse-output\gacha-static\ui-prefab-export\LotteryDrawMainView\by_type\GameObject\pnlRedDot_2.bin,raw
resources\assets\yoo\Default\1918525995d5a5ed05fce5506c55ca0d.bundle,MonoBehaviour,MonoBehaviour_-1444415467245603986,-1444415467245603986,reverse-output\gacha-static\ui-prefab-export\LotteryDrawMainView\by_type\MonoBehaviour\MonoBehaviour_-1444415467245603986.bin,raw
resources\assets\yoo\Default\1918525995d5a5ed05fce5506c55ca0d.bundle,GameObject,@pnlHero2,-1389566139633896594,reverse-output\gacha-static\ui-prefab-export\LotteryDrawMainView\by_type\GameObject\@pnlHero2.bin,raw
resources\assets\yoo\Default\1918525995d5a5ed05fce5506c55ca0d.bundle,MonoBehaviour,MonoBehaviour_-1375261155949677714,-1375261155949677714,reverse-output\gacha-static\ui-prefab-export\LotteryDrawMainView\by_type\MonoBehaviour\MonoBehaviour_-1375261155949677714.bin,raw
resources\assets\yoo\Default\1918525995d5a5ed05fce5506c55ca0d.bundle,GameObject,Renderer3,-1333905884251622546,reverse-output\gacha-static\ui-prefab-export\LotteryDrawMainView\by_type\GameObject\Renderer3.bin,raw
resources\assets\yoo\Default\1918525995d5a5ed05fce5506c55ca0d.bundle,RectTransform,RectTransform_-1310236573389819026,-1310236573389819026,reverse-output\gacha-static\ui-prefab-export\LotteryDrawMainView\by_type\RectTransform\RectTransform_-1310236573389819026.bin,raw
resources\assets\yoo\Default\1918525995d5a5ed05fce5506c55ca0d.bundle,RectTransform,RectTransform_-1308032762012372114,-1308032762012372114,reverse-output\gacha-static\ui-prefab-export\LotteryDrawMainView\by_type\RectTransform\RectTransform_-1308032762012372114.bin,raw
resources\assets\yoo\Default\1918525995d5a5ed05fce5506c55ca0d.bundle,GameObject,btnShop2,-1303368970544876690,reverse-output\gacha-static\ui-prefab-export\LotteryDrawMainView\by_type\GameObject\btnShop2.bin,raw
resources\assets\yoo\Default\1918525995d5a5ed05fce5506c55ca0d.bundle,RectTransform,RectTransform_-1291133784311205010,-1291133784311205010,reverse-output\gacha-static\ui-prefab-export\LotteryDrawMainView\by_type\RectTransform\RectTransform_-1291133784311205010.bin,raw
resources\assets\yoo\Default\1918525995d5a5ed05fce5506c55ca0d.bundle,MonoBehaviour,MonoBehaviour_-1232974231082372242,-1232974231082372242,reverse-output\gacha-static\ui-prefab-export\LotteryDrawMainView\by_type\MonoBehaviour\MonoBehaviour_-1232974231082372242.bin,raw
resources\assets\yoo\Default\1918525995d5a5ed05fce5506c55ca0d.bundle,GameObject,@Image_cloud,-1223249059508653202,reverse-output\gacha-static\ui-prefab-export\LotteryDrawMainView\by_type\GameObject\@Image_cloud_1.bin,raw
resources\assets\yoo\Default\1918525995d5a5ed05fce5506c55ca0d.bundle,GameObject,@fx_imgBg_star,-1193850900408241298,reverse-output\gacha-static\ui-prefab-export\LotteryDrawMainView\by_type\GameObject\@fx_imgBg_star_2.bin,raw
resources\assets\yoo\Default\1918525995d5a5ed05fce5506c55ca0d.bundle,MonoBehaviour,MonoBehaviour_-1190417384043908242,-1190417384043908242,reverse-output\gacha-static\ui-prefab-export\LotteryDrawMainView\by_type\MonoBehaviour\MonoBehaviour_-1190417384043908242.bin,raw
resources\assets\yoo\Default\1918525995d5a5ed05fce5506c55ca0d.bundle,RectTransform,RectTransform_-1180497235168726162,-1180497235168726162,reverse-output\gacha-static\ui-prefab-export\LotteryDrawMainView\by_type\RectTransform\RectTransform_-1180497235168726162.bin,raw
resources\assets\yoo\Default\1918525995d5a5ed05fce5506c55ca0d.bundle,MonoBehaviour,MonoBehaviour_-1157059886687325330,-1157059886687325330,reverse-output\gacha-static\ui-prefab-export\LotteryDrawMainView\by_type\MonoBehaviour\MonoBehaviour_-1157059886687325330.bin,raw
resources\assets\yoo\Default\1918525995d5a5ed05fce5506c55ca0d.bundle,MonoBehaviour,MonoBehaviour_-1148075686972689554,-1148075686972689554,reverse-output\gacha-static\ui-prefab-export\LotteryDrawMainView\by_type\MonoBehaviour\MonoBehaviour_-1148075686972689554.bin,raw
resources\assets\yoo\Default\1918525995d5a5ed05fce5506c55ca0d.bundle,MonoBehaviour,MonoBehaviour_-1123366296180231314,-1123366296180231314,reverse-output\gacha-static\ui-prefab-export\LotteryDrawMainView\by_type\MonoBehaviour\MonoBehaviour_-1123366296180231314.bin,raw
resources\assets\yoo\Default\1918525995d5a5ed05fce5506c55ca0d.bundle,RectTransform,RectTransform_-1090318692653272210,-1090318692653272210,reverse-output\gacha-static\ui-prefab-export\LotteryDrawMainView\by_type\RectTransform\RectTransform_-1090318692653272210.bin,raw
resources\assets\yoo\Default\1918525995d5a5ed05fce5506c55ca0d.bundle,RectTransform,RectTransform_-1061918345235598482,-1061918345235598482,reverse-output\gacha-static\ui-prefab-export\LotteryDrawMainView\by_type\RectTransform\RectTransform_-1061918345235598482.bin,raw
resources\assets\yoo\Default\1918525995d5a5ed05fce5506c55ca0d.bundle,RectTransform,RectTransform_-1050575433219181714,-1050575433219181714,reverse-output\gacha-static\ui-prefab-export\LotteryDrawMainView\by_type\RectTransform\RectTransform_-1050575433219181714.bin,raw
resources\assets\yoo\Default\1918525995d5a5ed05fce5506c55ca0d.bundle,RectTransform,RectTransform_-1020930685691432082,-1020930685691432082,reverse-output\gacha-static\ui-prefab-export\LotteryDrawMainView\by_type\RectTransform\RectTransform_-1020930685691432082.bin,raw
resources\assets\yoo\Default\1918525995d5a5ed05fce5506c55ca0d.bundle,MonoBehaviour,MonoBehaviour_-1013379477346389138,-1013379477346389138,reverse-output\gacha-static\ui-prefab-export\LotteryDrawMainView\by_type\MonoBehaviour\MonoBehaviour_-1013379477346389138.bin,raw
resources\assets\yoo\Default\1918525995d5a5ed05fce5506c55ca0d.bundle,MonoBehaviour,MonoBehaviour_-994499352465443986,-994499352465443986,reverse-output\gacha-static\ui-prefab-export\LotteryDrawMainView\by_type\MonoBehaviour\MonoBehaviour_-994499352465443986.bin,raw
resources\assets\yoo\Default\1918525995d5a5ed05fce5506c55ca0d.bundle,MonoBehaviour,MonoBehaviour_-971845979566574738,-971845979566574738,reverse-output\gacha-static\ui-prefab-export\LotteryDrawMainView\by_type\MonoBehaviour\MonoBehaviour_-971845979566574738.bin,raw
resources\assets\yoo\Default\1918525995d5a5ed05fce5506c55ca0d.bundle,GameObject,Renderer0,-967684125063908498,reverse-output\gacha-static\ui-prefab-export\LotteryDrawMainView\by_type\GameObject\Renderer0_7.bin,raw
resources\assets\yoo\Default\1918525995d5a5ed05fce5506c55ca0d.bundle,GameObject,txtTag2,-958996400794832018,reverse-output\gacha-static\ui-prefab-export\LotteryDrawMainView\by_type\GameObject\txtTag2.bin,raw
resources\assets\yoo\Default\1918525995d5a5ed05fce5506c55ca0d.bundle,MonoBehaviour,MonoBehaviour_-947408567898410130,-947408567898410130,reverse-output\gacha-static\ui-prefab-export\LotteryDrawMainView\by_type\MonoBehaviour\MonoBehaviour_-947408567898410130.bin,raw
resources\assets\yoo\Default\1918525995d5a5ed05fce5506c55ca0d.bundle,MonoBehaviour,MonoBehaviour_-919679082144795794,-919679082144795794,reverse-output\gacha-static\ui-prefab-export\LotteryDrawMainView\by_type\MonoBehaviour\MonoBehaviour_-919679082144795794.bin,raw
resources\assets\yoo\Default\1918525995d5a5ed05fce5506c55ca0d.bundle,RectTransform,RectTransform_-907375284242353298,-907375284242353298,reverse-output\gacha-static\ui-prefab-export\LotteryDrawMainView\by_type\RectTransform\RectTransform_-907375284242353298.bin,raw
resources\assets\yoo\Default\1918525995d5a5ed05fce5506c55ca0d.bundle,GameObject,txtTenCost,-893322638021495954,reverse-output\gacha-static\ui-prefab-export\LotteryDrawMainView\by_type\GameObject\txtTenCost.bin,raw
resources\assets\yoo\Default\1918525995d5a5ed05fce5506c55ca0d.bundle,GameObject,lottery_btn_03a_effect,-876193034110635154,reverse-output\gacha-static\ui-prefab-export\LotteryDrawMainView\by_type\GameObject\lottery_btn_03a_effect_3.bin,raw
resources\assets\yoo\Default\1918525995d5a5ed05fce5506c55ca0d.bundle,RectTransform,RectTransform_-863680259072920722,-863680259072920722,reverse-output\gacha-static\ui-prefab-export\LotteryDrawMainView\by_type\RectTransform\RectTransform_-863680259072920722.bin,raw
resources\assets\yoo\Default\1918525995d5a5ed05fce5506c55ca0d.bundle,RectTransform,RectTransform_-840224309744897170,-840224309744897170,reverse-output\gacha-static\ui-prefab-export\LotteryDrawMainView\by_type\RectTransform\RectTransform_-840224309744897170.bin,raw
resources\assets\yoo\Default\1918525995d5a5ed05fce5506c55ca0d.bundle,MonoBehaviour,MonoBehaviour_-820042205820030098,-820042205820030098,reverse-output\gacha-static\ui-prefab-export\LotteryDrawMainView\by_type\MonoBehaviour\MonoBehaviour_-820042205820030098.bin,raw
resources\assets\yoo\Default\1918525995d5a5ed05fce5506c55ca0d.bundle,RectTransform,RectTransform_-811087582164487314,-811087582164487314,reverse-output\gacha-static\ui-prefab-export\LotteryDrawMainView\by_type\RectTransform\RectTransform_-811087582164487314.bin,raw
resources\assets\yoo\Default\1918525995d5a5ed05fce5506c55ca0d.bundle,MonoBehaviour,MonoBehaviour_-806224169122860178,-806224169122860178,reverse-output\gacha-static\ui-prefab-export\LotteryDrawMainView\by_type\MonoBehaviour\MonoBehaviour_-806224169122860178.bin,raw
resources\assets\yoo\Default\1918525995d5a5ed05fce5506c55ca0d.bundle,MonoBehaviour,MonoBehaviour_-793994104179330194,-793994104179330194,reverse-output\gacha-static\ui-prefab-export\LotteryDrawMainView\by_type\MonoBehaviour\MonoBehaviour_-793994104179330194.bin,raw
resources\assets\yoo\Default\1918525995d5a5ed05fce5506c55ca0d.bundle,MonoBehaviour,MonoBehaviour_-792086129727114386,-792086129727114386,reverse-output\gacha-static\ui-prefab-export\LotteryDrawMainView\by_type\MonoBehaviour\MonoBehaviour_-792086129727114386.bin,raw
resources\assets\yoo\Default\1918525995d5a5ed05fce5506c55ca0d.bundle,RectTransform,RectTransform_-745405084117109906,-745405084117109906,reverse-output\gacha-static\ui-prefab-export\LotteryDrawMainView\by_type\RectTransform\RectTransform_-745405084117109906.bin,raw
resources\assets\yoo\Default\1918525995d5a5ed05fce5506c55ca0d.bundle,MonoBehaviour,MonoBehaviour_-740435685315447954,-740435685315447954,reverse-output\gacha-static\ui-prefab-export\LotteryDrawMainView\by_type\MonoBehaviour\MonoBehaviour_-740435685315447954.bin,raw
resources\assets\yoo\Default\1918525995d5a5ed05fce5506c55ca0d.bundle,RectTransform,RectTransform_-704269832897825938,-704269832897825938,reverse-output\gacha-static\ui-prefab-export\LotteryDrawMainView\by_type\RectTransform\RectTransform_-704269832897825938.bin,raw
resources\assets\yoo\Default\1918525995d5a5ed05fce5506c55ca0d.bundle,GameObject,imgSpeak,-702765225930329234,reverse-output\gacha-static\ui-prefab-export\LotteryDrawMainView\by_type\GameObject\imgSpeak_2.bin,raw
resources\assets\yoo\Default\1918525995d5a5ed05fce5506c55ca0d.bundle,MonoBehaviour,MonoBehaviour_-694480240070954130,-694480240070954130,reverse-output\gacha-static\ui-prefab-export\LotteryDrawMainView\by_type\MonoBehaviour\MonoBehaviour_-694480240070954130.bin,raw
resources\assets\yoo\Default\1918525995d5a5ed05fce5506c55ca0d.bundle,MonoBehaviour,MonoBehaviour_-677265478388223122,-677265478388223122,reverse-output\gacha-static\ui-prefab-export\LotteryDrawMainView\by_type\MonoBehaviour\MonoBehaviour_-677265478388223122.bin,raw
resources\assets\yoo\Default\1918525995d5a5ed05fce5506c55ca0d.bundle,GameObject,pnlShow,-650289677826067602,reverse-output\gacha-static\ui-prefab-export\LotteryDrawMainView\by_type\GameObject\pnlShow.bin,raw
resources\assets\yoo\Default\1918525995d5a5ed05fce5506c55ca0d.bundle,GameObject,lottery_btn_03a,-624880776703380626,reverse-output\gacha-static\ui-prefab-export\LotteryDrawMainView\by_type\GameObject\lottery_btn_03a_4.bin,raw
resources\assets\yoo\Default\1918525995d5a5ed05fce5506c55ca0d.bundle,RectTransform,RectTransform_-622371597177326738,-622371597177326738,reverse-output\gacha-static\ui-prefab-export\LotteryDrawMainView\by_type\RectTransform\RectTransform_-622371597177326738.bin,raw
resources\assets\yoo\Default\1918525995d5a5ed05fce5506c55ca0d.bundle,MonoBehaviour,MonoBehaviour_-612561822161374354,-612561822161374354,reverse-output\gacha-static\ui-prefab-export\LotteryDrawMainView\by_type\MonoBehaviour\MonoBehaviour_-612561822161374354.bin,raw
resources\assets\yoo\Default\1918525995d5a5ed05fce5506c55ca0d.bundle,GameObject,imgBg,-589643190055603346,reverse-output\gacha-static\ui-prefab-export\LotteryDrawMainView\by_type\GameObject\imgBg_1.bin,raw
resources\assets\yoo\Default\1918525995d5a5ed05fce5506c55ca0d.bundle,GameObject,Text,-571829880173759634,reverse-output\gacha-static\ui-prefab-export\LotteryDrawMainView\by_type\GameObject\Text_10.bin,raw
resources\assets\yoo\Default\1918525995d5a5ed05fce5506c55ca0d.bundle,MonoBehaviour,MonoBehaviour_-550663788908579986,-550663788908579986,reverse-output\gacha-static\ui-prefab-export\LotteryDrawMainView\by_type\MonoBehaviour\MonoBehaviour_-550663788908579986.bin,raw
resources\assets\yoo\Default\1918525995d5a5ed05fce5506c55ca0d.bundle,RectTransform,RectTransform_-545747658837724306,-545747658837724306,reverse-output\gacha-static\ui-prefab-export\LotteryDrawMainView\by_type\RectTransform\RectTransform_-545747658837724306.bin,raw
resources\assets\yoo\Default\1918525995d5a5ed05fce5506c55ca0d.bundle,RectTransform,RectTransform_-523758582770502802,-523758582770502802,reverse-output\gacha-static\ui-prefab-export\LotteryDrawMainView\by_type\RectTransform\RectTransform_-523758582770502802.bin,raw
resources\assets\yoo\Default\1918525995d5a5ed05fce5506c55ca0d.bundle,MonoBehaviour,MonoBehaviour_-515362703319698578,-515362703319698578,reverse-output\gacha-static\ui-prefab-export\LotteryDrawMainView\by_type\MonoBehaviour\MonoBehaviour_-515362703319698578.bin,raw
resources\assets\yoo\Default\1918525995d5a5ed05fce5506c55ca0d.bundle,MonoBehaviour,MonoBehaviour_-510573800375979154,-510573800375979154,reverse-output\gacha-static\ui-prefab-export\LotteryDrawMainView\by_type\MonoBehaviour\MonoBehaviour_-510573800375979154.bin,raw
resources\assets\yoo\Default\1918525995d5a5ed05fce5506c55ca0d.bundle,GameObject,imgSpeak,-477237706839821458,reverse-output\gacha-static\ui-prefab-export\LotteryDrawMainView\by_type\GameObject\imgSpeak_3.bin,raw
resources\assets\yoo\Default\1918525995d5a5ed05fce5506c55ca0d.bundle,GameObject,imgSpeak,-472971017736359058,reverse-output\gacha-static\ui-prefab-export\LotteryDrawMainView\by_type\GameObject\imgSpeak_4.bin,raw
resources\assets\yoo\Default\1918525995d5a5ed05fce5506c55ca0d.bundle,RectTransform,RectTransform_-454437005241552018,-454437005241552018,reverse-output\gacha-static\ui-prefab-export\LotteryDrawMainView\by_type\RectTransform\RectTransform_-454437005241552018.bin,raw
resources\assets\yoo\Default\1918525995d5a5ed05fce5506c55ca0d.bundle,GameObject,pnlRedDot,-452490929892297874,reverse-output\gacha-static\ui-prefab-export\LotteryDrawMainView\by_type\GameObject\pnlRedDot_3.bin,raw
resources\assets\yoo\Default\1918525995d5a5ed05fce5506c55ca0d.bundle,MonoBehaviour,MonoBehaviour_-427181417083112594,-427181417083112594,reverse-output\gacha-static\ui-prefab-export\LotteryDrawMainView\by_type\MonoBehaviour\MonoBehaviour_-427181417083112594.bin,raw
resources\assets\yoo\Default\1918525995d5a5ed05fce5506c55ca0d.bundle,MonoBehaviour,MonoBehaviour_-409037530524028050,-409037530524028050,reverse-output\gacha-static\ui-prefab-export\LotteryDrawMainView\by_type\MonoBehaviour\MonoBehaviour_-409037530524028050.bin,raw
resources\assets\yoo\Default\1918525995d5a5ed05fce5506c55ca0d.bundle,MonoBehaviour,MonoBehaviour_-375167887039532178,-375167887039532178,reverse-output\gacha-static\ui-prefab-export\LotteryDrawMainView\by_type\MonoBehaviour\MonoBehaviour_-375167887039532178.bin,raw
resources\assets\yoo\Default\1918525995d5a5ed05fce5506c55ca0d.bundle,RectTransform,RectTransform_-354796284975713426,-354796284975713426,reverse-output\gacha-static\ui-prefab-export\LotteryDrawMainView\by_type\RectTransform\RectTransform_-354796284975713426.bin,raw
resources\assets\yoo\Default\1918525995d5a5ed05fce5506c55ca0d.bundle,MonoBehaviour,MonoBehaviour_-341522644327599250,-341522644327599250,reverse-output\gacha-static\ui-prefab-export\LotteryDrawMainView\by_type\MonoBehaviour\MonoBehaviour_-341522644327599250.bin,raw
resources\assets\yoo\Default\1918525995d5a5ed05fce5506c55ca0d.bundle,RectTransform,RectTransform_-305039121945791634,-305039121945791634,reverse-output\gacha-static\ui-prefab-export\LotteryDrawMainView\by_type\RectTransform\RectTransform_-305039121945791634.bin,raw
resources\assets\yoo\Default\1918525995d5a5ed05fce5506c55ca0d.bundle,MonoBehaviour,MonoBehaviour_-293177159582682258,-293177159582682258,reverse-output\gacha-static\ui-prefab-export\LotteryDrawMainView\by_type\MonoBehaviour\MonoBehaviour_-293177159582682258.bin,raw
resources\assets\yoo\Default\1918525995d5a5ed05fce5506c55ca0d.bundle,RectTransform,RectTransform_-233086265613683858,-233086265613683858,reverse-output\gacha-static\ui-prefab-export\LotteryDrawMainView\by_type\RectTransform\RectTransform_-233086265613683858.bin,raw
resources\assets\yoo\Default\1918525995d5a5ed05fce5506c55ca0d.bundle,RectTransform,RectTransform_-230855000080714898,-230855000080714898,reverse-output\gacha-static\ui-prefab-export\LotteryDrawMainView\by_type\RectTransform\RectTransform_-230855000080714898.bin,raw
resources\assets\yoo\Default\1918525995d5a5ed05fce5506c55ca0d.bundle,GameObject,Renderer0,-199246264670293138,reverse-output\gacha-static\ui-prefab-export\LotteryDrawMainView\by_type\GameObject\Renderer0_8.bin,raw
resources\assets\yoo\Default\1918525995d5a5ed05fce5506c55ca0d.bundle,MonoBehaviour,MonoBehaviour_-195024614852201618,-195024614852201618,reverse-output\gacha-static\ui-prefab-export\LotteryDrawMainView\by_type\MonoBehaviour\MonoBehaviour_-195024614852201618.bin,raw
resources\assets\yoo\Default\1918525995d5a5ed05fce5506c55ca0d.bundle,RectTransform,RectTransform_-180937927254871186,-180937927254871186,reverse-output\gacha-static\ui-prefab-export\LotteryDrawMainView\by_type\RectTransform\RectTransform_-180937927254871186.bin,raw
resources\assets\yoo\Default\1918525995d5a5ed05fce5506c55ca0d.bundle,RectTransform,RectTransform_-151349010266590354,-151349010266590354,reverse-output\gacha-static\ui-prefab-export\LotteryDrawMainView\by_type\RectTransform\RectTransform_-151349010266590354.bin,raw
resources\assets\yoo\Default\1918525995d5a5ed05fce5506c55ca0d.bundle,GameObject,Text,-146089276730444946,reverse-output\gacha-static\ui-prefab-export\LotteryDrawMainView\by_type\GameObject\Text_11.bin,raw
resources\assets\yoo\Default\1918525995d5a5ed05fce5506c55ca0d.bundle,GameObject,spBg,-80786837133986962,reverse-output\gacha-static\ui-prefab-export\LotteryDrawMainView\by_type\GameObject\spBg_2.bin,raw
resources\assets\yoo\Default\1918525995d5a5ed05fce5506c55ca0d.bundle,GameObject,txtRemainTip1,-45867595892329618,reverse-output\gacha-static\ui-prefab-export\LotteryDrawMainView\by_type\GameObject\txtRemainTip1.bin,raw
resources\assets\yoo\Default\1918525995d5a5ed05fce5506c55ca0d.bundle,RectTransform,RectTransform_-44795585190431890,-44795585190431890,reverse-output\gacha-static\ui-prefab-export\LotteryDrawMainView\by_type\RectTransform\RectTransform_-44795585190431890.bin,raw
resources\assets\yoo\Default\1918525995d5a5ed05fce5506c55ca0d.bundle,MonoBehaviour,MonoBehaviour_-38225505862945938,-38225505862945938,reverse-output\gacha-static\ui-prefab-export\LotteryDrawMainView\by_type\MonoBehaviour\MonoBehaviour_-38225505862945938.bin,raw
resources\assets\yoo\Default\1918525995d5a5ed05fce5506c55ca0d.bundle,RectTransform,RectTransform_-12835407200128146,-12835407200128146,reverse-output\gacha-static\ui-prefab-export\LotteryDrawMainView\by_type\RectTransform\RectTransform_-12835407200128146.bin,raw
resources\assets\yoo\Default\1918525995d5a5ed05fce5506c55ca0d.bundle,MonoBehaviour,MonoBehaviour_8957209294599022,8957209294599022,reverse-output\gacha-static\ui-prefab-export\LotteryDrawMainView\by_type\MonoBehaviour\MonoBehaviour_8957209294599022.bin,raw
resources\assets\yoo\Default\1918525995d5a5ed05fce5506c55ca0d.bundle,GameObject,@pnlRd,23992195401446254,reverse-output\gacha-static\ui-prefab-export\LotteryDrawMainView\by_type\GameObject\@pnlRd.bin,raw
resources\assets\yoo\Default\1918525995d5a5ed05fce5506c55ca0d.bundle,RectTransform,RectTransform_36213026724705134,36213026724705134,reverse-output\gacha-static\ui-prefab-export\LotteryDrawMainView\by_type\RectTransform\RectTransform_36213026724705134.bin,raw
resources\assets\yoo\Default\1918525995d5a5ed05fce5506c55ca0d.bundle,MonoBehaviour,MonoBehaviour_49891634746225518,49891634746225518,reverse-output\gacha-static\ui-prefab-export\LotteryDrawMainView\by_type\MonoBehaviour\MonoBehaviour_49891634746225518.bin,raw
resources\assets\yoo\Default\1918525995d5a5ed05fce5506c55ca0d.bundle,RectTransform,RectTransform_50430457219838830,50430457219838830,reverse-output\gacha-static\ui-prefab-export\LotteryDrawMainView\by_type\RectTransform\RectTransform_50430457219838830.bin,raw
resources\assets\yoo\Default\1918525995d5a5ed05fce5506c55ca0d.bundle,RectTransform,RectTransform_96568766297994094,96568766297994094,reverse-output\gacha-static\ui-prefab-export\LotteryDrawMainView\by_type\RectTransform\RectTransform_96568766297994094.bin,raw
resources\assets\yoo\Default\1918525995d5a5ed05fce5506c55ca0d.bundle,RectTransform,RectTransform_100284847243522926,100284847243522926,reverse-output\gacha-static\ui-prefab-export\LotteryDrawMainView\by_type\RectTransform\RectTransform_100284847243522926.bin,raw
resources\assets\yoo\Default\1918525995d5a5ed05fce5506c55ca0d.bundle,MonoBehaviour,MonoBehaviour_123664122138719086,123664122138719086,reverse-output\gacha-static\ui-prefab-export\LotteryDrawMainView\by_type\MonoBehaviour\MonoBehaviour_123664122138719086.bin,raw
resources\assets\yoo\Default\1918525995d5a5ed05fce5506c55ca0d.bundle,MonoBehaviour,MonoBehaviour_145759519311721326,145759519311721326,reverse-output\gacha-static\ui-prefab-export\LotteryDrawMainView\by_type\MonoBehaviour\MonoBehaviour_145759519311721326.bin,raw
resources\assets\yoo\Default\1918525995d5a5ed05fce5506c55ca0d.bundle,MonoBehaviour,MonoBehaviour_157767940642108270,157767940642108270,reverse-output\gacha-static\ui-prefab-export\LotteryDrawMainView\by_type\MonoBehaviour\MonoBehaviour_157767940642108270.bin,raw
resources\assets\yoo\Default\1918525995d5a5ed05fce5506c55ca0d.bundle,MonoBehaviour,MonoBehaviour_219646042712961902,219646042712961902,reverse-output\gacha-static\ui-prefab-export\LotteryDrawMainView\by_type\MonoBehaviour\MonoBehaviour_219646042712961902.bin,raw
resources\assets\yoo\Default\1918525995d5a5ed05fce5506c55ca0d.bundle,MonoBehaviour,MonoBehaviour_224963652068701038,224963652068701038,reverse-output\gacha-static\ui-prefab-export\LotteryDrawMainView\by_type\MonoBehaviour\MonoBehaviour_224963652068701038.bin,raw
resources\assets\yoo\Default\1918525995d5a5ed05fce5506c55ca0d.bundle,RectTransform,RectTransform_232324234869011310,232324234869011310,reverse-output\gacha-static\ui-prefab-export\LotteryDrawMainView\by_type\RectTransform\RectTransform_232324234869011310.bin,raw
resources\assets\yoo\Default\1918525995d5a5ed05fce5506c55ca0d.bundle,MonoBehaviour,MonoBehaviour_252464270464971630,252464270464971630,reverse-output\gacha-static\ui-prefab-export\LotteryDrawMainView\by_type\MonoBehaviour\MonoBehaviour_252464270464971630.bin,raw
resources\assets\yoo\Default\1918525995d5a5ed05fce5506c55ca0d.bundle,GameObject,lottery_btn_03a_effect,292580369708020590,reverse-output\gacha-static\ui-prefab-export\LotteryDrawMainView\by_type\GameObject\lottery_btn_03a_effect_4.bin,raw
resources\assets\yoo\Default\1918525995d5a5ed05fce5506c55ca0d.bundle,GameObject,@imgHightLight,318337245221811054,reverse-output\gacha-static\ui-prefab-export\LotteryDrawMainView\by_type\GameObject\@imgHightLight_4.bin,raw
resources\assets\yoo\Default\1918525995d5a5ed05fce5506c55ca0d.bundle,MonoBehaviour,MonoBehaviour_324999654000620398,324999654000620398,reverse-output\gacha-static\ui-prefab-export\LotteryDrawMainView\by_type\MonoBehaviour\MonoBehaviour_324999654000620398.bin,raw
resources\assets\yoo\Default\1918525995d5a5ed05fce5506c55ca0d.bundle,MonoBehaviour,MonoBehaviour_351885219662394222,351885219662394222,reverse-output\gacha-static\ui-prefab-export\LotteryDrawMainView\by_type\MonoBehaviour\MonoBehaviour_351885219662394222.bin,raw
resources\assets\yoo\Default\1918525995d5a5ed05fce5506c55ca0d.bundle,RectTransform,RectTransform_365505566441468782,365505566441468782,reverse-output\gacha-static\ui-prefab-export\LotteryDrawMainView\by_type\RectTransform\RectTransform_365505566441468782.bin,raw
resources\assets\yoo\Default\1918525995d5a5ed05fce5506c55ca0d.bundle,MonoBehaviour,MonoBehaviour_386861118748881774,386861118748881774,reverse-output\gacha-static\ui-prefab-export\LotteryDrawMainView\by_type\MonoBehaviour\MonoBehaviour_386861118748881774.bin,raw
resources\assets\yoo\Default\1918525995d5a5ed05fce5506c55ca0d.bundle,MonoBehaviour,MonoBehaviour_394769698101457774,394769698101457774,reverse-output\gacha-static\ui-prefab-export\LotteryDrawMainView\by_type\MonoBehaviour\MonoBehaviour_394769698101457774.bin,raw
resources\assets\yoo\Default\1918525995d5a5ed05fce5506c55ca0d.bundle,GameObject,Renderer0,423300160262763374,reverse-output\gacha-static\ui-prefab-export\LotteryDrawMainView\by_type\GameObject\Renderer0_9.bin,raw
resources\assets\yoo\Default\1918525995d5a5ed05fce5506c55ca0d.bundle,GameObject,Text,430529216888959854,reverse-output\gacha-static\ui-prefab-export\LotteryDrawMainView\by_type\GameObject\Text_12.bin,raw
resources\assets\yoo\Default\1918525995d5a5ed05fce5506c55ca0d.bundle,MonoBehaviour,MonoBehaviour_439988980122055534,439988980122055534,reverse-output\gacha-static\ui-prefab-export\LotteryDrawMainView\by_type\MonoBehaviour\MonoBehaviour_439988980122055534.bin,raw
resources\assets\yoo\Default\1918525995d5a5ed05fce5506c55ca0d.bundle,MonoBehaviour,MonoBehaviour_445270441618174830,445270441618174830,reverse-output\gacha-static\ui-prefab-export\LotteryDrawMainView\by_type\MonoBehaviour\MonoBehaviour_445270441618174830.bin,raw
resources\assets\yoo\Default\1918525995d5a5ed05fce5506c55ca0d.bundle,RectTransform,RectTransform_462294525778785134,462294525778785134,reverse-output\gacha-static\ui-prefab-export\LotteryDrawMainView\by_type\RectTransform\RectTransform_462294525778785134.bin,raw
resources\assets\yoo\Default\1918525995d5a5ed05fce5506c55ca0d.bundle,MonoBehaviour,MonoBehaviour_496833553528386414,496833553528386414,reverse-output\gacha-static\ui-prefab-export\LotteryDrawMainView\by_type\MonoBehaviour\MonoBehaviour_496833553528386414.bin,raw
resources\assets\yoo\Default\1918525995d5a5ed05fce5506c55ca0d.bundle,GameObject,@imgBg,557105227416073070,reverse-output\gacha-static\ui-prefab-export\LotteryDrawMainView\by_type\GameObject\@imgBg_1.bin,raw
resources\assets\yoo\Default\1918525995d5a5ed05fce5506c55ca0d.bundle,GameObject,Renderer0,584314987980845934,reverse-output\gacha-static\ui-prefab-export\LotteryDrawMainView\by_type\GameObject\Renderer0_10.bin,raw
resources\assets\yoo\Default\1918525995d5a5ed05fce5506c55ca0d.bundle,GameObject,imgMask,592658994851935086,reverse-output\gacha-static\ui-prefab-export\LotteryDrawMainView\by_type\GameObject\imgMask_1.bin,raw
resources\assets\yoo\Default\1918525995d5a5ed05fce5506c55ca0d.bundle,MonoBehaviour,MonoBehaviour_595925472431567726,595925472431567726,reverse-output\gacha-static\ui-prefab-export\LotteryDrawMainView\by_type\MonoBehaviour\MonoBehaviour_595925472431567726.bin,raw
resources\assets\yoo\Default\1918525995d5a5ed05fce5506c55ca0d.bundle,RectTransform,RectTransform_616897285608633198,616897285608633198,reverse-output\gacha-static\ui-prefab-export\LotteryDrawMainView\by_type\RectTransform\RectTransform_616897285608633198.bin,raw
resources\assets\yoo\Default\1918525995d5a5ed05fce5506c55ca0d.bundle,MonoBehaviour,MonoBehaviour_666096138548933486,666096138548933486,reverse-output\gacha-static\ui-prefab-export\LotteryDrawMainView\by_type\MonoBehaviour\MonoBehaviour_666096138548933486.bin,raw
resources\assets\yoo\Default\1918525995d5a5ed05fce5506c55ca0d.bundle,GameObject,pnlBtn,670039432065119086,reverse-output\gacha-static\ui-prefab-export\LotteryDrawMainView\by_type\GameObject\pnlBtn.bin,raw
resources\assets\yoo\Default\1918525995d5a5ed05fce5506c55ca0d.bundle,GameObject,txtOne,676444855071863662,reverse-output\gacha-static\ui-prefab-export\LotteryDrawMainView\by_type\GameObject\txtOne.bin,raw
resources\assets\yoo\Default\1918525995d5a5ed05fce5506c55ca0d.bundle,GameObject,Renderer0,703151576487162734,reverse-output\gacha-static\ui-prefab-export\LotteryDrawMainView\by_type\GameObject\Renderer0_11.bin,raw
resources\assets\yoo\Default\1918525995d5a5ed05fce5506c55ca0d.bundle,GameObject,txtName,737437060227658606,reverse-output\gacha-static\ui-prefab-export\LotteryDrawMainView\by_type\GameObject\txtName_2.bin,raw
resources\assets\yoo\Default\1918525995d5a5ed05fce5506c55ca0d.bundle,RectTransform,RectTransform_806401448841507694,806401448841507694,reverse-output\gacha-static\ui-prefab-export\LotteryDrawMainView\by_type\RectTransform\RectTransform_806401448841507694.bin,raw
resources\assets\yoo\Default\1918525995d5a5ed05fce5506c55ca0d.bundle,MonoBehaviour,MonoBehaviour_807619692640924526,807619692640924526,reverse-output\gacha-static\ui-prefab-export\LotteryDrawMainView\by_type\MonoBehaviour\MonoBehaviour_807619692640924526.bin,raw
resources\assets\yoo\Default\1918525995d5a5ed05fce5506c55ca0d.bundle,MonoBehaviour,MonoBehaviour_809954692095538030,809954692095538030,reverse-output\gacha-static\ui-prefab-export\LotteryDrawMainView\by_type\MonoBehaviour\MonoBehaviour_809954692095538030.bin,raw
resources\assets\yoo\Default\1918525995d5a5ed05fce5506c55ca0d.bundle,GameObject,imgMask,812476731845047150,reverse-output\gacha-static\ui-prefab-export\LotteryDrawMainView\by_type\GameObject\imgMask_2.bin,raw
resources\assets\yoo\Default\1918525995d5a5ed05fce5506c55ca0d.bundle,GameObject,lottery_btn_03_effect,820994168668681070,reverse-output\gacha-static\ui-prefab-export\LotteryDrawMainView\by_type\GameObject\lottery_btn_03_effect_6.bin,raw
resources\assets\yoo\Default\1918525995d5a5ed05fce5506c55ca0d.bundle,RectTransform,RectTransform_860345387096273774,860345387096273774,reverse-output\gacha-static\ui-prefab-export\LotteryDrawMainView\by_type\RectTransform\RectTransform_860345387096273774.bin,raw
resources\assets\yoo\Default\1918525995d5a5ed05fce5506c55ca0d.bundle,GameObject,txtMainDrawType,871740543943308142,reverse-output\gacha-static\ui-prefab-export\LotteryDrawMainView\by_type\GameObject\txtMainDrawType.bin,raw
resources\assets\yoo\Default\1918525995d5a5ed05fce5506c55ca0d.bundle,MonoBehaviour,MonoBehaviour_899728822153245550,899728822153245550,reverse-output\gacha-static\ui-prefab-export\LotteryDrawMainView\by_type\MonoBehaviour\MonoBehaviour_899728822153245550.bin,raw
resources\assets\yoo\Default\1918525995d5a5ed05fce5506c55ca0d.bundle,MonoBehaviour,MonoBehaviour_915458394211545966,915458394211545966,reverse-output\gacha-static\ui-prefab-export\LotteryDrawMainView\by_type\MonoBehaviour\MonoBehaviour_915458394211545966.bin,raw
resources\assets\yoo\Default\1918525995d5a5ed05fce5506c55ca0d.bundle,RectTransform,RectTransform_923228702800212846,923228702800212846,reverse-output\gacha-static\ui-prefab-export\LotteryDrawMainView\by_type\RectTransform\RectTransform_923228702800212846.bin,raw
resources\assets\yoo\Default\1918525995d5a5ed05fce5506c55ca0d.bundle,RectTransform,RectTransform_927235460795069294,927235460795069294,reverse-output\gacha-static\ui-prefab-export\LotteryDrawMainView\by_type\RectTransform\RectTransform_927235460795069294.bin,raw
resources\assets\yoo\Default\1918525995d5a5ed05fce5506c55ca0d.bundle,RectTransform,RectTransform_928935744082670446,928935744082670446,reverse-output\gacha-static\ui-prefab-export\LotteryDrawMainView\by_type\RectTransform\RectTransform_928935744082670446.bin,raw
resources\assets\yoo\Default\1918525995d5a5ed05fce5506c55ca0d.bundle,GameObject,@LotteryDrawTabGrid1,933096719912399726,reverse-output\gacha-static\ui-prefab-export\LotteryDrawMainView\by_type\GameObject\@LotteryDrawTabGrid1.bin,raw
resources\assets\yoo\Default\1918525995d5a5ed05fce5506c55ca0d.bundle,MonoBehaviour,MonoBehaviour_965087507728888686,965087507728888686,reverse-output\gacha-static\ui-prefab-export\LotteryDrawMainView\by_type\MonoBehaviour\MonoBehaviour_965087507728888686.bin,raw
resources\assets\yoo\Default\1918525995d5a5ed05fce5506c55ca0d.bundle,GameObject,pnlHero1,972569585104974702,reverse-output\gacha-static\ui-prefab-export\LotteryDrawMainView\by_type\GameObject\pnlHero1_1.bin,raw
resources\assets\yoo\Default\1918525995d5a5ed05fce5506c55ca0d.bundle,MonoBehaviour,MonoBehaviour_972809970736624494,972809970736624494,reverse-output\gacha-static\ui-prefab-export\LotteryDrawMainView\by_type\MonoBehaviour\MonoBehaviour_972809970736624494.bin,raw
resources\assets\yoo\Default\1918525995d5a5ed05fce5506c55ca0d.bundle,MonoBehaviour,MonoBehaviour_988855550871270254,988855550871270254,reverse-output\gacha-static\ui-prefab-export\LotteryDrawMainView\by_type\MonoBehaviour\MonoBehaviour_988855550871270254.bin,raw
resources\assets\yoo\Default\1918525995d5a5ed05fce5506c55ca0d.bundle,RectTransform,RectTransform_1005791355486925678,1005791355486925678,reverse-output\gacha-static\ui-prefab-export\LotteryDrawMainView\by_type\RectTransform\RectTransform_1005791355486925678.bin,raw
resources\assets\yoo\Default\1918525995d5a5ed05fce5506c55ca0d.bundle,MonoBehaviour,MonoBehaviour_1012002119651488622,1012002119651488622,reverse-output\gacha-static\ui-prefab-export\LotteryDrawMainView\by_type\MonoBehaviour\MonoBehaviour_1012002119651488622.bin,raw
resources\assets\yoo\Default\1918525995d5a5ed05fce5506c55ca0d.bundle,MonoBehaviour,MonoBehaviour_1048149318964671342,1048149318964671342,reverse-output\gacha-static\ui-prefab-export\LotteryDrawMainView\by_type\MonoBehaviour\MonoBehaviour_1048149318964671342.bin,raw
resources\assets\yoo\Default\1918525995d5a5ed05fce5506c55ca0d.bundle,GameObject,Renderer2,1070518608632607598,reverse-output\gacha-static\ui-prefab-export\LotteryDrawMainView\by_type\GameObject\Renderer2.bin,raw
resources\assets\yoo\Default\1918525995d5a5ed05fce5506c55ca0d.bundle,MonoBehaviour,MonoBehaviour_1206515020266926958,1206515020266926958,reverse-output\gacha-static\ui-prefab-export\LotteryDrawMainView\by_type\MonoBehaviour\MonoBehaviour_1206515020266926958.bin,raw
resources\assets\yoo\Default\1918525995d5a5ed05fce5506c55ca0d.bundle,RectTransform,RectTransform_1206992851604468590,1206992851604468590,reverse-output\gacha-static\ui-prefab-export\LotteryDrawMainView\by_type\RectTransform\RectTransform_1206992851604468590.bin,raw
resources\assets\yoo\Default\1918525995d5a5ed05fce5506c55ca0d.bundle,RectTransform,RectTransform_1323301208551781230,1323301208551781230,reverse-output\gacha-static\ui-prefab-export\LotteryDrawMainView\by_type\RectTransform\RectTransform_1323301208551781230.bin,raw
resources\assets\yoo\Default\1918525995d5a5ed05fce5506c55ca0d.bundle,GameObject,btnEpicWish,1333485012760130414,reverse-output\gacha-static\ui-prefab-export\LotteryDrawMainView\by_type\GameObject\btnEpicWish.bin,raw
resources\assets\yoo\Default\1918525995d5a5ed05fce5506c55ca0d.bundle,MonoBehaviour,MonoBehaviour_1340571985838469998,1340571985838469998,reverse-output\gacha-static\ui-prefab-export\LotteryDrawMainView\by_type\MonoBehaviour\MonoBehaviour_1340571985838469998.bin,raw
resources\assets\yoo\Default\1918525995d5a5ed05fce5506c55ca0d.bundle,MonoBehaviour,MonoBehaviour_1370485617632473966,1370485617632473966,reverse-output\gacha-static\ui-prefab-export\LotteryDrawMainView\by_type\MonoBehaviour\MonoBehaviour_1370485617632473966.bin,raw
resources\assets\yoo\Default\1918525995d5a5ed05fce5506c55ca0d.bundle,GameObject,Text,1374132938800034670,reverse-output\gacha-static\ui-prefab-export\LotteryDrawMainView\by_type\GameObject\Text_13.bin,raw
resources\assets\yoo\Default\1918525995d5a5ed05fce5506c55ca0d.bundle,MonoBehaviour,MonoBehaviour_1379858797810742126,1379858797810742126,reverse-output\gacha-static\ui-prefab-export\LotteryDrawMainView\by_type\MonoBehaviour\MonoBehaviour_1379858797810742126.bin,raw
resources\assets\yoo\Default\1918525995d5a5ed05fce5506c55ca0d.bundle,GameObject,btnWish,1400027133750997870,reverse-output\gacha-static\ui-prefab-export\LotteryDrawMainView\by_type\GameObject\btnWish_1.bin,raw
resources\assets\yoo\Default\1918525995d5a5ed05fce5506c55ca0d.bundle,GameObject,lottery_btn_03a_effect,1400773558639784814,reverse-output\gacha-static\ui-prefab-export\LotteryDrawMainView\by_type\GameObject\lottery_btn_03a_effect_5.bin,raw
resources\assets\yoo\Default\1918525995d5a5ed05fce5506c55ca0d.bundle,RectTransform,RectTransform_1435237236436038510,1435237236436038510,reverse-output\gacha-static\ui-prefab-export\LotteryDrawMainView\by_type\RectTransform\RectTransform_1435237236436038510.bin,raw
resources\assets\yoo\Default\1918525995d5a5ed05fce5506c55ca0d.bundle,MonoBehaviour,MonoBehaviour_1459728426500485998,1459728426500485998,reverse-output\gacha-static\ui-prefab-export\LotteryDrawMainView\by_type\MonoBehaviour\MonoBehaviour_1459728426500485998.bin,raw
resources\assets\yoo\Default\1918525995d5a5ed05fce5506c55ca0d.bundle,MonoBehaviour,MonoBehaviour_1515898749870666606,1515898749870666606,reverse-output\gacha-static\ui-prefab-export\LotteryDrawMainView\by_type\MonoBehaviour\MonoBehaviour_1515898749870666606.bin,raw
resources\assets\yoo\Default\1918525995d5a5ed05fce5506c55ca0d.bundle,MonoBehaviour,MonoBehaviour_1519079661089059694,1519079661089059694,reverse-output\gacha-static\ui-prefab-export\LotteryDrawMainView\by_type\MonoBehaviour\MonoBehaviour_1519079661089059694.bin,raw
resources\assets\yoo\Default\1918525995d5a5ed05fce5506c55ca0d.bundle,MonoBehaviour,MonoBehaviour_1522804319305528174,1522804319305528174,reverse-output\gacha-static\ui-prefab-export\LotteryDrawMainView\by_type\MonoBehaviour\MonoBehaviour_1522804319305528174.bin,raw
resources\assets\yoo\Default\1918525995d5a5ed05fce5506c55ca0d.bundle,GameObject,@InteractiveRole,1540979620763136878,reverse-output\gacha-static\ui-prefab-export\LotteryDrawMainView\by_type\GameObject\@InteractiveRole_4.bin,raw
resources\assets\yoo\Default\1918525995d5a5ed05fce5506c55ca0d.bundle,MonoBehaviour,MonoBehaviour_1552716370088489838,1552716370088489838,reverse-output\gacha-static\ui-prefab-export\LotteryDrawMainView\by_type\MonoBehaviour\MonoBehaviour_1552716370088489838.bin,raw
resources\assets\yoo\Default\1918525995d5a5ed05fce5506c55ca0d.bundle,GameObject,btnCrystalShop,1568672523393626990,reverse-output\gacha-static\ui-prefab-export\LotteryDrawMainView\by_type\GameObject\btnCrystalShop.bin,raw
resources\assets\yoo\Default\1918525995d5a5ed05fce5506c55ca0d.bundle,MonoBehaviour,MonoBehaviour_1657949026378904430,1657949026378904430,reverse-output\gacha-static\ui-prefab-export\LotteryDrawMainView\by_type\MonoBehaviour\MonoBehaviour_1657949026378904430.bin,raw
resources\assets\yoo\Default\1918525995d5a5ed05fce5506c55ca0d.bundle,Sprite,Background,1660267235368898380,reverse-output\gacha-static\ui-prefab-export\LotteryDrawMainView\by_type\Sprite\Background.png,png
resources\assets\yoo\Default\1918525995d5a5ed05fce5506c55ca0d.bundle,MonoBehaviour,MonoBehaviour_1666868860774708078,1666868860774708078,reverse-output\gacha-static\ui-prefab-export\LotteryDrawMainView\by_type\MonoBehaviour\MonoBehaviour_1666868860774708078.bin,raw
resources\assets\yoo\Default\1918525995d5a5ed05fce5506c55ca0d.bundle,RectTransform,RectTransform_1674665765626770286,1674665765626770286,reverse-output\gacha-static\ui-prefab-export\LotteryDrawMainView\by_type\RectTransform\RectTransform_1674665765626770286.bin,raw
resources\assets\yoo\Default\1918525995d5a5ed05fce5506c55ca0d.bundle,GameObject,pnlTag1,1675228246831133550,reverse-output\gacha-static\ui-prefab-export\LotteryDrawMainView\by_type\GameObject\pnlTag1.bin,raw
resources\assets\yoo\Default\1918525995d5a5ed05fce5506c55ca0d.bundle,MonoBehaviour,MonoBehaviour_1722467377061229422,1722467377061229422,reverse-output\gacha-static\ui-prefab-export\LotteryDrawMainView\by_type\MonoBehaviour\MonoBehaviour_1722467377061229422.bin,raw
resources\assets\yoo\Default\1918525995d5a5ed05fce5506c55ca0d.bundle,GameObject,Renderer0,1735490411581207406,reverse-output\gacha-static\ui-prefab-export\LotteryDrawMainView\by_type\GameObject\Renderer0_12.bin,raw
resources\assets\yoo\Default\1918525995d5a5ed05fce5506c55ca0d.bundle,MonoBehaviour,MonoBehaviour_1773941198199714670,1773941198199714670,reverse-output\gacha-static\ui-prefab-export\LotteryDrawMainView\by_type\MonoBehaviour\MonoBehaviour_1773941198199714670.bin,raw
resources\assets\yoo\Default\1918525995d5a5ed05fce5506c55ca0d.bundle,MonoBehaviour,MonoBehaviour_1776709232609457006,1776709232609457006,reverse-output\gacha-static\ui-prefab-export\LotteryDrawMainView\by_type\MonoBehaviour\MonoBehaviour_1776709232609457006.bin,raw
resources\assets\yoo\Default\1918525995d5a5ed05fce5506c55ca0d.bundle,RectTransform,RectTransform_1799564653415560046,1799564653415560046,reverse-output\gacha-static\ui-prefab-export\LotteryDrawMainView\by_type\RectTransform\RectTransform_1799564653415560046.bin,raw
resources\assets\yoo\Default\1918525995d5a5ed05fce5506c55ca0d.bundle,GameObject,@InteractiveRole,1814532472824984430,reverse-output\gacha-static\ui-prefab-export\LotteryDrawMainView\by_type\GameObject\@InteractiveRole_5.bin,raw
resources\assets\yoo\Default\1918525995d5a5ed05fce5506c55ca0d.bundle,MonoBehaviour,MonoBehaviour_1820718449787794286,1820718449787794286,reverse-output\gacha-static\ui-prefab-export\LotteryDrawMainView\by_type\MonoBehaviour\MonoBehaviour_1820718449787794286.bin,raw
resources\assets\yoo\Default\1918525995d5a5ed05fce5506c55ca0d.bundle,MonoBehaviour,MonoBehaviour_1856078399411712878,1856078399411712878,reverse-output\gacha-static\ui-prefab-export\LotteryDrawMainView\by_type\MonoBehaviour\MonoBehaviour_1856078399411712878.bin,raw
resources\assets\yoo\Default\1918525995d5a5ed05fce5506c55ca0d.bundle,MonoBehaviour,MonoBehaviour_1874690422963434350,1874690422963434350,reverse-output\gacha-static\ui-prefab-export\LotteryDrawMainView\by_type\MonoBehaviour\MonoBehaviour_1874690422963434350.bin,raw
resources\assets\yoo\Default\1918525995d5a5ed05fce5506c55ca0d.bundle,RectTransform,RectTransform_1875370603367822190,1875370603367822190,reverse-output\gacha-static\ui-prefab-export\LotteryDrawMainView\by_type\RectTransform\RectTransform_1875370603367822190.bin,raw
resources\assets\yoo\Default\1918525995d5a5ed05fce5506c55ca0d.bundle,MonoBehaviour,MonoBehaviour_1878646918364394350,1878646918364394350,reverse-output\gacha-static\ui-prefab-export\LotteryDrawMainView\by_type\MonoBehaviour\MonoBehaviour_1878646918364394350.bin,raw
resources\assets\yoo\Default\1918525995d5a5ed05fce5506c55ca0d.bundle,RectTransform,RectTransform_1924591266505290606,1924591266505290606,reverse-output\gacha-static\ui-prefab-export\LotteryDrawMainView\by_type\RectTransform\RectTransform_1924591266505290606.bin,raw
resources\assets\yoo\Default\1918525995d5a5ed05fce5506c55ca0d.bundle,GameObject,btnChooseHero,1927914363613279086,reverse-output\gacha-static\ui-prefab-export\LotteryDrawMainView\by_type\GameObject\btnChooseHero.bin,raw
resources\assets\yoo\Default\1918525995d5a5ed05fce5506c55ca0d.bundle,MonoBehaviour,MonoBehaviour_2023565003995738990,2023565003995738990,reverse-output\gacha-static\ui-prefab-export\LotteryDrawMainView\by_type\MonoBehaviour\MonoBehaviour_2023565003995738990.bin,raw
resources\assets\yoo\Default\1918525995d5a5ed05fce5506c55ca0d.bundle,MonoBehaviour,MonoBehaviour_2040818952215851886,2040818952215851886,reverse-output\gacha-static\ui-prefab-export\LotteryDrawMainView\by_type\MonoBehaviour\MonoBehaviour_2040818952215851886.bin,raw
resources\assets\yoo\Default\1918525995d5a5ed05fce5506c55ca0d.bundle,RectTransform,RectTransform_2062530892448002926,2062530892448002926,reverse-output\gacha-static\ui-prefab-export\LotteryDrawMainView\by_type\RectTransform\RectTransform_2062530892448002926.bin,raw
resources\assets\yoo\Default\1918525995d5a5ed05fce5506c55ca0d.bundle,RectTransform,RectTransform_2084377706758730606,2084377706758730606,reverse-output\gacha-static\ui-prefab-export\LotteryDrawMainView\by_type\RectTransform\RectTransform_2084377706758730606.bin,raw
resources\assets\yoo\Default\1918525995d5a5ed05fce5506c55ca0d.bundle,GameObject,lottery_btn_03a_effect,2095701496054149998,reverse-output\gacha-static\ui-prefab-export\LotteryDrawMainView\by_type\GameObject\lottery_btn_03a_effect_6.bin,raw
resources\assets\yoo\Default\1918525995d5a5ed05fce5506c55ca0d.bundle,MonoBehaviour,MonoBehaviour_2134208224265302894,2134208224265302894,reverse-output\gacha-static\ui-prefab-export\LotteryDrawMainView\by_type\MonoBehaviour\MonoBehaviour_2134208224265302894.bin,raw
resources\assets\yoo\Default\1918525995d5a5ed05fce5506c55ca0d.bundle,RectTransform,RectTransform_2177603862396007278,2177603862396007278,reverse-output\gacha-static\ui-prefab-export\LotteryDrawMainView\by_type\RectTransform\RectTransform_2177603862396007278.bin,raw
resources\assets\yoo\Default\1918525995d5a5ed05fce5506c55ca0d.bundle,GameObject,Renderer0,2218080091074392942,reverse-output\gacha-static\ui-prefab-export\LotteryDrawMainView\by_type\GameObject\Renderer0_13.bin,raw
resources\assets\yoo\Default\1918525995d5a5ed05fce5506c55ca0d.bundle,RectTransform,RectTransform_2261495211752420206,2261495211752420206,reverse-output\gacha-static\ui-prefab-export\LotteryDrawMainView\by_type\RectTransform\RectTransform_2261495211752420206.bin,raw
resources\assets\yoo\Default\1918525995d5a5ed05fce5506c55ca0d.bundle,MonoBehaviour,MonoBehaviour_2273207364726092654,2273207364726092654,reverse-output\gacha-static\ui-prefab-export\LotteryDrawMainView\by_type\MonoBehaviour\MonoBehaviour_2273207364726092654.bin,raw
resources\assets\yoo\Default\1918525995d5a5ed05fce5506c55ca0d.bundle,GameObject,pnlEpicWish,2284291302697137006,reverse-output\gacha-static\ui-prefab-export\LotteryDrawMainView\by_type\GameObject\pnlEpicWish.bin,raw
resources\assets\yoo\Default\1918525995d5a5ed05fce5506c55ca0d.bundle,MonoBehaviour,MonoBehaviour_2318894243038622574,2318894243038622574,reverse-output\gacha-static\ui-prefab-export\LotteryDrawMainView\by_type\MonoBehaviour\MonoBehaviour_2318894243038622574.bin,raw
resources\assets\yoo\Default\1918525995d5a5ed05fce5506c55ca0d.bundle,GameObject,btnEpicFinish,2320477849852638062,reverse-output\gacha-static\ui-prefab-export\LotteryDrawMainView\by_type\GameObject\btnEpicFinish.bin,raw
resources\assets\yoo\Default\1918525995d5a5ed05fce5506c55ca0d.bundle,MonoBehaviour,MonoBehaviour_2322672735690355566,2322672735690355566,reverse-output\gacha-static\ui-prefab-export\LotteryDrawMainView\by_type\MonoBehaviour\MonoBehaviour_2322672735690355566.bin,raw
resources\assets\yoo\Default\1918525995d5a5ed05fce5506c55ca0d.bundle,GameObject,btnExChange,2348171115700417390,reverse-output\gacha-static\ui-prefab-export\LotteryDrawMainView\by_type\GameObject\btnExChange.bin,raw
resources\assets\yoo\Default\1918525995d5a5ed05fce5506c55ca0d.bundle,MonoBehaviour,MonoBehaviour_2365412051077821294,2365412051077821294,reverse-output\gacha-static\ui-prefab-export\LotteryDrawMainView\by_type\MonoBehaviour\MonoBehaviour_2365412051077821294.bin,raw
resources\assets\yoo\Default\1918525995d5a5ed05fce5506c55ca0d.bundle,RectTransform,RectTransform_2371819746540450670,2371819746540450670,reverse-output\gacha-static\ui-prefab-export\LotteryDrawMainView\by_type\RectTransform\RectTransform_2371819746540450670.bin,raw
resources\assets\yoo\Default\1918525995d5a5ed05fce5506c55ca0d.bundle,MonoBehaviour,MonoBehaviour_2377697981670749038,2377697981670749038,reverse-output\gacha-static\ui-prefab-export\LotteryDrawMainView\by_type\MonoBehaviour\MonoBehaviour_2377697981670749038.bin,raw
resources\assets\yoo\Default\1918525995d5a5ed05fce5506c55ca0d.bundle,RectTransform,RectTransform_2377707313224020846,2377707313224020846,reverse-output\gacha-static\ui-prefab-export\LotteryDrawMainView\by_type\RectTransform\RectTransform_2377707313224020846.bin,raw
resources\assets\yoo\Default\1918525995d5a5ed05fce5506c55ca0d.bundle,MonoBehaviour,MonoBehaviour_2429268954263712622,2429268954263712622,reverse-output\gacha-static\ui-prefab-export\LotteryDrawMainView\by_type\MonoBehaviour\MonoBehaviour_2429268954263712622.bin,raw
resources\assets\yoo\Default\1918525995d5a5ed05fce5506c55ca0d.bundle,GameObject,btnSkipAnim,2429557395762967406,reverse-output\gacha-static\ui-prefab-export\LotteryDrawMainView\by_type\GameObject\btnSkipAnim.bin,raw
resources\assets\yoo\Default\1918525995d5a5ed05fce5506c55ca0d.bundle,GameObject,pnlRoot,2432071750470529902,reverse-output\gacha-static\ui-prefab-export\LotteryDrawMainView\by_type\GameObject\pnlRoot.bin,raw
resources\assets\yoo\Default\1918525995d5a5ed05fce5506c55ca0d.bundle,RectTransform,RectTransform_2459917549788132206,2459917549788132206,reverse-output\gacha-static\ui-prefab-export\LotteryDrawMainView\by_type\RectTransform\RectTransform_2459917549788132206.bin,raw
resources\assets\yoo\Default\1918525995d5a5ed05fce5506c55ca0d.bundle,GameObject,LotteryDrawMainView,2477708234003444590,reverse-output\gacha-static\ui-prefab-export\LotteryDrawMainView\by_container\Assets\Game\RawAssets\Prefabs\UI\LotteryDraw\LotteryDrawMainView.bin,raw
resources\assets\yoo\Default\1918525995d5a5ed05fce5506c55ca0d.bundle,GameObject,btnShop,2535272726090675054,reverse-output\gacha-static\ui-prefab-export\LotteryDrawMainView\by_type\GameObject\btnShop.bin,raw
resources\assets\yoo\Default\1918525995d5a5ed05fce5506c55ca0d.bundle,MonoBehaviour,MonoBehaviour_2568029887547896686,2568029887547896686,reverse-output\gacha-static\ui-prefab-export\LotteryDrawMainView\by_type\MonoBehaviour\MonoBehaviour_2568029887547896686.bin,raw
resources\assets\yoo\Default\1918525995d5a5ed05fce5506c55ca0d.bundle,MonoBehaviour,MonoBehaviour_2575543582475350894,2575543582475350894,reverse-output\gacha-static\ui-prefab-export\LotteryDrawMainView\by_type\MonoBehaviour\MonoBehaviour_2575543582475350894.bin,raw
resources\assets\yoo\Default\1918525995d5a5ed05fce5506c55ca0d.bundle,GameObject,spHero,2586308126856115054,reverse-output\gacha-static\ui-prefab-export\LotteryDrawMainView\by_type\GameObject\spHero_4.bin,raw
resources\assets\yoo\Default\1918525995d5a5ed05fce5506c55ca0d.bundle,GameObject,imgIntegralSlider,2598197463926829934,reverse-output\gacha-static\ui-prefab-export\LotteryDrawMainView\by_type\GameObject\imgIntegralSlider.bin,raw
resources\assets\yoo\Default\1918525995d5a5ed05fce5506c55ca0d.bundle,RectTransform,RectTransform_2613136801825944430,2613136801825944430,reverse-output\gacha-static\ui-prefab-export\LotteryDrawMainView\by_type\RectTransform\RectTransform_2613136801825944430.bin,raw
resources\assets\yoo\Default\1918525995d5a5ed05fce5506c55ca0d.bundle,MonoBehaviour,MonoBehaviour_2626587398800798574,2626587398800798574,reverse-output\gacha-static\ui-prefab-export\LotteryDrawMainView\by_type\MonoBehaviour\MonoBehaviour_2626587398800798574.bin,raw
resources\assets\yoo\Default\1918525995d5a5ed05fce5506c55ca0d.bundle,GameObject,imgTenCost,2680003400888349550,reverse-output\gacha-static\ui-prefab-export\LotteryDrawMainView\by_type\GameObject\imgTenCost.bin,raw
resources\assets\yoo\Default\1918525995d5a5ed05fce5506c55ca0d.bundle,GameObject,btnOne,2695632808798909294,reverse-output\gacha-static\ui-prefab-export\LotteryDrawMainView\by_type\GameObject\btnOne.bin,raw
resources\assets\yoo\Default\1918525995d5a5ed05fce5506c55ca0d.bundle,GameObject,pnlTitle,2721389197532263278,reverse-output\gacha-static\ui-prefab-export\LotteryDrawMainView\by_type\GameObject\pnlTitle.bin,raw
resources\assets\yoo\Default\1918525995d5a5ed05fce5506c55ca0d.bundle,MonoBehaviour,MonoBehaviour_2769982671185638254,2769982671185638254,reverse-output\gacha-static\ui-prefab-export\LotteryDrawMainView\by_type\MonoBehaviour\MonoBehaviour_2769982671185638254.bin,raw
resources\assets\yoo\Default\1918525995d5a5ed05fce5506c55ca0d.bundle,MonoBehaviour,MonoBehaviour_2773745717156836206,2773745717156836206,reverse-output\gacha-static\ui-prefab-export\LotteryDrawMainView\by_type\MonoBehaviour\MonoBehaviour_2773745717156836206.bin,raw
resources\assets\yoo\Default\1918525995d5a5ed05fce5506c55ca0d.bundle,MonoBehaviour,MonoBehaviour_2782453088684667758,2782453088684667758,reverse-output\gacha-static\ui-prefab-export\LotteryDrawMainView\by_type\MonoBehaviour\MonoBehaviour_2782453088684667758.bin,raw
resources\assets\yoo\Default\1918525995d5a5ed05fce5506c55ca0d.bundle,GameObject,imgHeroSpineBg,2792191717223625582,reverse-output\gacha-static\ui-prefab-export\LotteryDrawMainView\by_type\GameObject\imgHeroSpineBg.bin,raw
resources\assets\yoo\Default\1918525995d5a5ed05fce5506c55ca0d.bundle,RectTransform,RectTransform_2805300522259051374,2805300522259051374,reverse-output\gacha-static\ui-prefab-export\LotteryDrawMainView\by_type\RectTransform\RectTransform_2805300522259051374.bin,raw
resources\assets\yoo\Default\1918525995d5a5ed05fce5506c55ca0d.bundle,GameObject,imgBg_mask,2903944483201610606,reverse-output\gacha-static\ui-prefab-export\LotteryDrawMainView\by_type\GameObject\imgBg_mask.bin,raw
resources\assets\yoo\Default\1918525995d5a5ed05fce5506c55ca0d.bundle,RectTransform,RectTransform_2924222855048328046,2924222855048328046,reverse-output\gacha-static\ui-prefab-export\LotteryDrawMainView\by_type\RectTransform\RectTransform_2924222855048328046.bin,raw
resources\assets\yoo\Default\1918525995d5a5ed05fce5506c55ca0d.bundle,MonoBehaviour,MonoBehaviour_2928378891930760046,2928378891930760046,reverse-output\gacha-static\ui-prefab-export\LotteryDrawMainView\by_type\MonoBehaviour\MonoBehaviour_2928378891930760046.bin,raw
resources\assets\yoo\Default\1918525995d5a5ed05fce5506c55ca0d.bundle,MonoBehaviour,MonoBehaviour_2964788041243358062,2964788041243358062,reverse-output\gacha-static\ui-prefab-export\LotteryDrawMainView\by_type\MonoBehaviour\MonoBehaviour_2964788041243358062.bin,raw
resources\assets\yoo\Default\1918525995d5a5ed05fce5506c55ca0d.bundle,GameObject,spFg,3010983360167408494,reverse-output\gacha-static\ui-prefab-export\LotteryDrawMainView\by_type\GameObject\spFg_5.bin,raw
resources\assets\yoo\Default\1918525995d5a5ed05fce5506c55ca0d.bundle,MonoBehaviour,MonoBehaviour_3029977843848246126,3029977843848246126,reverse-output\gacha-static\ui-prefab-export\LotteryDrawMainView\by_type\MonoBehaviour\MonoBehaviour_3029977843848246126.bin,raw
resources\assets\yoo\Default\1918525995d5a5ed05fce5506c55ca0d.bundle,RectTransform,RectTransform_3066134650141340526,3066134650141340526,reverse-output\gacha-static\ui-prefab-export\LotteryDrawMainView\by_type\RectTransform\RectTransform_3066134650141340526.bin,raw
resources\assets\yoo\Default\1918525995d5a5ed05fce5506c55ca0d.bundle,GameObject,spBg,3086534479494443886,reverse-output\gacha-static\ui-prefab-export\LotteryDrawMainView\by_type\GameObject\spBg_3.bin,raw
resources\assets\yoo\Default\1918525995d5a5ed05fce5506c55ca0d.bundle,MonoBehaviour,MonoBehaviour_3101659631364993902,3101659631364993902,reverse-output\gacha-static\ui-prefab-export\LotteryDrawMainView\by_type\MonoBehaviour\MonoBehaviour_3101659631364993902.bin,raw
resources\assets\yoo\Default\1918525995d5a5ed05fce5506c55ca0d.bundle,GameObject,Renderer0,3109674633729667950,reverse-output\gacha-static\ui-prefab-export\LotteryDrawMainView\by_type\GameObject\Renderer0_14.bin,raw
resources\assets\yoo\Default\1918525995d5a5ed05fce5506c55ca0d.bundle,RectTransform,RectTransform_3118064558028092270,3118064558028092270,reverse-output\gacha-static\ui-prefab-export\LotteryDrawMainView\by_type\RectTransform\RectTransform_3118064558028092270.bin,raw
resources\assets\yoo\Default\1918525995d5a5ed05fce5506c55ca0d.bundle,RectTransform,RectTransform_3118822320132125550,3118822320132125550,reverse-output\gacha-static\ui-prefab-export\LotteryDrawMainView\by_type\RectTransform\RectTransform_3118822320132125550.bin,raw
resources\assets\yoo\Default\1918525995d5a5ed05fce5506c55ca0d.bundle,RectTransform,RectTransform_3119137727616840558,3119137727616840558,reverse-output\gacha-static\ui-prefab-export\LotteryDrawMainView\by_type\RectTransform\RectTransform_3119137727616840558.bin,raw
resources\assets\yoo\Default\1918525995d5a5ed05fce5506c55ca0d.bundle,GameObject,pnlRedDot,3179961990536885102,reverse-output\gacha-static\ui-prefab-export\LotteryDrawMainView\by_type\GameObject\pnlRedDot_4.bin,raw
resources\assets\yoo\Default\1918525995d5a5ed05fce5506c55ca0d.bundle,RectTransform,RectTransform_3182945108895265646,3182945108895265646,reverse-output\gacha-static\ui-prefab-export\LotteryDrawMainView\by_type\RectTransform\RectTransform_3182945108895265646.bin,raw
resources\assets\yoo\Default\1918525995d5a5ed05fce5506c55ca0d.bundle,RectTransform,RectTransform_3184661791898530670,3184661791898530670,reverse-output\gacha-static\ui-prefab-export\LotteryDrawMainView\by_type\RectTransform\RectTransform_3184661791898530670.bin,raw
resources\assets\yoo\Default\1918525995d5a5ed05fce5506c55ca0d.bundle,GameObject,Text,3193293518794322798,reverse-output\gacha-static\ui-prefab-export\LotteryDrawMainView\by_type\GameObject\Text_14.bin,raw
resources\assets\yoo\Default\1918525995d5a5ed05fce5506c55ca0d.bundle,RectTransform,RectTransform_3203530685874303854,3203530685874303854,reverse-output\gacha-static\ui-prefab-export\LotteryDrawMainView\by_type\RectTransform\RectTransform_3203530685874303854.bin,raw
resources\assets\yoo\Default\1918525995d5a5ed05fce5506c55ca0d.bundle,RectTransform,RectTransform_3204173471744521070,3204173471744521070,reverse-output\gacha-static\ui-prefab-export\LotteryDrawMainView\by_type\RectTransform\RectTransform_3204173471744521070.bin,raw
resources\assets\yoo\Default\1918525995d5a5ed05fce5506c55ca0d.bundle,RectTransform,RectTransform_3335684951973622638,3335684951973622638,reverse-output\gacha-static\ui-prefab-export\LotteryDrawMainView\by_type\RectTransform\RectTransform_3335684951973622638.bin,raw
resources\assets\yoo\Default\1918525995d5a5ed05fce5506c55ca0d.bundle,RectTransform,RectTransform_3336004574347260782,3336004574347260782,reverse-output\gacha-static\ui-prefab-export\LotteryDrawMainView\by_type\RectTransform\RectTransform_3336004574347260782.bin,raw
resources\assets\yoo\Default\1918525995d5a5ed05fce5506c55ca0d.bundle,MonoBehaviour,MonoBehaviour_3339503580760961902,3339503580760961902,reverse-output\gacha-static\ui-prefab-export\LotteryDrawMainView\by_type\MonoBehaviour\MonoBehaviour_3339503580760961902.bin,raw
resources\assets\yoo\Default\1918525995d5a5ed05fce5506c55ca0d.bundle,GameObject,@LotteryDrawPanel,3365488721380766574,reverse-output\gacha-static\ui-prefab-export\LotteryDrawMainView\by_type\GameObject\@LotteryDrawPanel.bin,raw
resources\assets\yoo\Default\1918525995d5a5ed05fce5506c55ca0d.bundle,GameObject,@pnlHero1,3370860132522718062,reverse-output\gacha-static\ui-prefab-export\LotteryDrawMainView\by_type\GameObject\@pnlHero1.bin,raw
resources\assets\yoo\Default\1918525995d5a5ed05fce5506c55ca0d.bundle,MonoBehaviour,MonoBehaviour_3438874848917582702,3438874848917582702,reverse-output\gacha-static\ui-prefab-export\LotteryDrawMainView\by_type\MonoBehaviour\MonoBehaviour_3438874848917582702.bin,raw
resources\assets\yoo\Default\1918525995d5a5ed05fce5506c55ca0d.bundle,MonoBehaviour,MonoBehaviour_3455129002689819502,3455129002689819502,reverse-output\gacha-static\ui-prefab-export\LotteryDrawMainView\by_type\MonoBehaviour\MonoBehaviour_3455129002689819502.bin,raw
resources\assets\yoo\Default\1918525995d5a5ed05fce5506c55ca0d.bundle,MonoBehaviour,MonoBehaviour_3460014889698587502,3460014889698587502,reverse-output\gacha-static\ui-prefab-export\LotteryDrawMainView\by_type\MonoBehaviour\MonoBehaviour_3460014889698587502.bin,raw
resources\assets\yoo\Default\1918525995d5a5ed05fce5506c55ca0d.bundle,MonoBehaviour,MonoBehaviour_3482973095000208238,3482973095000208238,reverse-output\gacha-static\ui-prefab-export\LotteryDrawMainView\by_type\MonoBehaviour\MonoBehaviour_3482973095000208238.bin,raw
resources\assets\yoo\Default\1918525995d5a5ed05fce5506c55ca0d.bundle,GameObject,tabView,3513954317885174638,reverse-output\gacha-static\ui-prefab-export\LotteryDrawMainView\by_type\GameObject\tabView.bin,raw
resources\assets\yoo\Default\1918525995d5a5ed05fce5506c55ca0d.bundle,GameObject,@pnlHero,3531982327873991534,reverse-output\gacha-static\ui-prefab-export\LotteryDrawMainView\by_type\GameObject\@pnlHero.bin,raw
resources\assets\yoo\Default\1918525995d5a5ed05fce5506c55ca0d.bundle,MonoBehaviour,MonoBehaviour_3533341931336495982,3533341931336495982,reverse-output\gacha-static\ui-prefab-export\LotteryDrawMainView\by_type\MonoBehaviour\MonoBehaviour_3533341931336495982.bin,raw
resources\assets\yoo\Default\1918525995d5a5ed05fce5506c55ca0d.bundle,RectTransform,RectTransform_3538663865893057390,3538663865893057390,reverse-output\gacha-static\ui-prefab-export\LotteryDrawMainView\by_type\RectTransform\RectTransform_3538663865893057390.bin,raw
resources\assets\yoo\Default\1918525995d5a5ed05fce5506c55ca0d.bundle,MonoBehaviour,MonoBehaviour_3588897016124797806,3588897016124797806,reverse-output\gacha-static\ui-prefab-export\LotteryDrawMainView\by_type\MonoBehaviour\MonoBehaviour_3588897016124797806.bin,raw
resources\assets\yoo\Default\1918525995d5a5ed05fce5506c55ca0d.bundle,GameObject,imgShopRedTip,3592561753929151342,reverse-output\gacha-static\ui-prefab-export\LotteryDrawMainView\by_type\GameObject\imgShopRedTip.bin,raw
resources\assets\yoo\Default\1918525995d5a5ed05fce5506c55ca0d.bundle,RectTransform,RectTransform_3639863373597700974,3639863373597700974,reverse-output\gacha-static\ui-prefab-export\LotteryDrawMainView\by_type\RectTransform\RectTransform_3639863373597700974.bin,raw
resources\assets\yoo\Default\1918525995d5a5ed05fce5506c55ca0d.bundle,RectTransform,RectTransform_3649913749226058606,3649913749226058606,reverse-output\gacha-static\ui-prefab-export\LotteryDrawMainView\by_type\RectTransform\RectTransform_3649913749226058606.bin,raw
resources\assets\yoo\Default\1918525995d5a5ed05fce5506c55ca0d.bundle,MonoBehaviour,MonoBehaviour_3658532684199031662,3658532684199031662,reverse-output\gacha-static\ui-prefab-export\LotteryDrawMainView\by_type\MonoBehaviour\MonoBehaviour_3658532684199031662.bin,raw
resources\assets\yoo\Default\1918525995d5a5ed05fce5506c55ca0d.bundle,MonoBehaviour,MonoBehaviour_3678113910105437038,3678113910105437038,reverse-output\gacha-static\ui-prefab-export\LotteryDrawMainView\by_type\MonoBehaviour\MonoBehaviour_3678113910105437038.bin,raw
resources\assets\yoo\Default\1918525995d5a5ed05fce5506c55ca0d.bundle,RectTransform,RectTransform_3678821604351472494,3678821604351472494,reverse-output\gacha-static\ui-prefab-export\LotteryDrawMainView\by_type\RectTransform\RectTransform_3678821604351472494.bin,raw
resources\assets\yoo\Default\1918525995d5a5ed05fce5506c55ca0d.bundle,RectTransform,RectTransform_3701337144937608046,3701337144937608046,reverse-output\gacha-static\ui-prefab-export\LotteryDrawMainView\by_type\RectTransform\RectTransform_3701337144937608046.bin,raw
resources\assets\yoo\Default\1918525995d5a5ed05fce5506c55ca0d.bundle,RectTransform,RectTransform_3740989271504384878,3740989271504384878,reverse-output\gacha-static\ui-prefab-export\LotteryDrawMainView\by_type\RectTransform\RectTransform_3740989271504384878.bin,raw
resources\assets\yoo\Default\1918525995d5a5ed05fce5506c55ca0d.bundle,MonoBehaviour,MonoBehaviour_3759711540169536366,3759711540169536366,reverse-output\gacha-static\ui-prefab-export\LotteryDrawMainView\by_type\MonoBehaviour\MonoBehaviour_3759711540169536366.bin,raw
resources\assets\yoo\Default\1918525995d5a5ed05fce5506c55ca0d.bundle,GameObject,txtTag4,3769940942003958638,reverse-output\gacha-static\ui-prefab-export\LotteryDrawMainView\by_type\GameObject\txtTag4.bin,raw
resources\assets\yoo\Default\1918525995d5a5ed05fce5506c55ca0d.bundle,RectTransform,RectTransform_3779180049902924654,3779180049902924654,reverse-output\gacha-static\ui-prefab-export\LotteryDrawMainView\by_type\RectTransform\RectTransform_3779180049902924654.bin,raw
resources\assets\yoo\Default\1918525995d5a5ed05fce5506c55ca0d.bundle,GameObject,lottery_btn_03a,3787888431496098670,reverse-output\gacha-static\ui-prefab-export\LotteryDrawMainView\by_type\GameObject\lottery_btn_03a_5.bin,raw
resources\assets\yoo\Default\1918525995d5a5ed05fce5506c55ca0d.bundle,GameObject,imgSpeak,3794811591258469230,reverse-output\gacha-static\ui-prefab-export\LotteryDrawMainView\by_type\GameObject\imgSpeak_5.bin,raw
resources\assets\yoo\Default\1918525995d5a5ed05fce5506c55ca0d.bundle,GameObject,btn,3826236613145523054,reverse-output\gacha-static\ui-prefab-export\LotteryDrawMainView\by_type\GameObject\btn_2.bin,raw
resources\assets\yoo\Default\1918525995d5a5ed05fce5506c55ca0d.bundle,MonoBehaviour,MonoBehaviour_3826525649410585454,3826525649410585454,reverse-output\gacha-static\ui-prefab-export\LotteryDrawMainView\by_type\MonoBehaviour\MonoBehaviour_3826525649410585454.bin,raw
resources\assets\yoo\Default\1918525995d5a5ed05fce5506c55ca0d.bundle,GameObject,@Image_line_r,3827099555878335342,reverse-output\gacha-static\ui-prefab-export\LotteryDrawMainView\by_type\GameObject\@Image_line_r.bin,raw
resources\assets\yoo\Default\1918525995d5a5ed05fce5506c55ca0d.bundle,RectTransform,RectTransform_3831801322492326766,3831801322492326766,reverse-output\gacha-static\ui-prefab-export\LotteryDrawMainView\by_type\RectTransform\RectTransform_3831801322492326766.bin,raw
resources\assets\yoo\Default\1918525995d5a5ed05fce5506c55ca0d.bundle,RectTransform,RectTransform_3893492585525408622,3893492585525408622,reverse-output\gacha-static\ui-prefab-export\LotteryDrawMainView\by_type\RectTransform\RectTransform_3893492585525408622.bin,raw
resources\assets\yoo\Default\1918525995d5a5ed05fce5506c55ca0d.bundle,GameObject,Renderer0,3900572110202663790,reverse-output\gacha-static\ui-prefab-export\LotteryDrawMainView\by_type\GameObject\Renderer0_15.bin,raw
resources\assets\yoo\Default\1918525995d5a5ed05fce5506c55ca0d.bundle,MonoBehaviour,MonoBehaviour_3908121911575114606,3908121911575114606,reverse-output\gacha-static\ui-prefab-export\LotteryDrawMainView\by_type\MonoBehaviour\MonoBehaviour_3908121911575114606.bin,raw
resources\assets\yoo\Default\1918525995d5a5ed05fce5506c55ca0d.bundle,MonoBehaviour,MonoBehaviour_3909552599343100782,3909552599343100782,reverse-output\gacha-static\ui-prefab-export\LotteryDrawMainView\by_type\MonoBehaviour\MonoBehaviour_3909552599343100782.bin,raw
resources\assets\yoo\Default\1918525995d5a5ed05fce5506c55ca0d.bundle,MonoBehaviour,MonoBehaviour_3934713967588471662,3934713967588471662,reverse-output\gacha-static\ui-prefab-export\LotteryDrawMainView\by_type\MonoBehaviour\MonoBehaviour_3934713967588471662.bin,raw
resources\assets\yoo\Default\1918525995d5a5ed05fce5506c55ca0d.bundle,MonoBehaviour,MonoBehaviour_3958721992708518766,3958721992708518766,reverse-output\gacha-static\ui-prefab-export\LotteryDrawMainView\by_type\MonoBehaviour\MonoBehaviour_3958721992708518766.bin,raw
resources\assets\yoo\Default\1918525995d5a5ed05fce5506c55ca0d.bundle,MonoBehaviour,MonoBehaviour_3960540762048951150,3960540762048951150,reverse-output\gacha-static\ui-prefab-export\LotteryDrawMainView\by_type\MonoBehaviour\MonoBehaviour_3960540762048951150.bin,raw
resources\assets\yoo\Default\1918525995d5a5ed05fce5506c55ca0d.bundle,GameObject,txtLock,3960833814965842798,reverse-output\gacha-static\ui-prefab-export\LotteryDrawMainView\by_type\GameObject\txtLock.bin,raw
resources\assets\yoo\Default\1918525995d5a5ed05fce5506c55ca0d.bundle,MonoBehaviour,MonoBehaviour_4007538989576745838,4007538989576745838,reverse-output\gacha-static\ui-prefab-export\LotteryDrawMainView\by_type\MonoBehaviour\MonoBehaviour_4007538989576745838.bin,raw
resources\assets\yoo\Default\1918525995d5a5ed05fce5506c55ca0d.bundle,RectTransform,RectTransform_4070667179857277806,4070667179857277806,reverse-output\gacha-static\ui-prefab-export\LotteryDrawMainView\by_type\RectTransform\RectTransform_4070667179857277806.bin,raw
resources\assets\yoo\Default\1918525995d5a5ed05fce5506c55ca0d.bundle,GameObject,txtRateNum,4121700835997381486,reverse-output\gacha-static\ui-prefab-export\LotteryDrawMainView\by_type\GameObject\txtRateNum.bin,raw
resources\assets\yoo\Default\1918525995d5a5ed05fce5506c55ca0d.bundle,GameObject,Image,4162199114280858478,reverse-output\gacha-static\ui-prefab-export\LotteryDrawMainView\by_type\GameObject\Image_8.bin,raw
resources\assets\yoo\Default\1918525995d5a5ed05fce5506c55ca0d.bundle,Texture2D,UISprite,4164811731462459212,reverse-output\gacha-static\ui-prefab-export\LotteryDrawMainView\by_type\Texture2D\UISprite.png,png
resources\assets\yoo\Default\1918525995d5a5ed05fce5506c55ca0d.bundle,MonoBehaviour,MonoBehaviour_4213626224648188782,4213626224648188782,reverse-output\gacha-static\ui-prefab-export\LotteryDrawMainView\by_type\MonoBehaviour\MonoBehaviour_4213626224648188782.bin,raw
resources\assets\yoo\Default\1918525995d5a5ed05fce5506c55ca0d.bundle,GameObject,Text,4270254574538257262,reverse-output\gacha-static\ui-prefab-export\LotteryDrawMainView\by_type\GameObject\Text_15.bin,raw
resources\assets\yoo\Default\1918525995d5a5ed05fce5506c55ca0d.bundle,MonoBehaviour,MonoBehaviour_4281653415831597934,4281653415831597934,reverse-output\gacha-static\ui-prefab-export\LotteryDrawMainView\by_type\MonoBehaviour\MonoBehaviour_4281653415831597934.bin,raw
resources\assets\yoo\Default\1918525995d5a5ed05fce5506c55ca0d.bundle,MonoBehaviour,MonoBehaviour_4311772274963510126,4311772274963510126,reverse-output\gacha-static\ui-prefab-export\LotteryDrawMainView\by_type\MonoBehaviour\MonoBehaviour_4311772274963510126.bin,raw
resources\assets\yoo\Default\1918525995d5a5ed05fce5506c55ca0d.bundle,MonoBehaviour,MonoBehaviour_4315229076171453294,4315229076171453294,reverse-output\gacha-static\ui-prefab-export\LotteryDrawMainView\by_type\MonoBehaviour\MonoBehaviour_4315229076171453294.bin,raw
resources\assets\yoo\Default\1918525995d5a5ed05fce5506c55ca0d.bundle,GameObject,pnlShowHero,4328613077188211566,reverse-output\gacha-static\ui-prefab-export\LotteryDrawMainView\by_type\GameObject\pnlShowHero.bin,raw
resources\assets\yoo\Default\1918525995d5a5ed05fce5506c55ca0d.bundle,RectTransform,RectTransform_4329560718293726062,4329560718293726062,reverse-output\gacha-static\ui-prefab-export\LotteryDrawMainView\by_type\RectTransform\RectTransform_4329560718293726062.bin,raw
resources\assets\yoo\Default\1918525995d5a5ed05fce5506c55ca0d.bundle,MonoBehaviour,MonoBehaviour_4347728987870065518,4347728987870065518,reverse-output\gacha-static\ui-prefab-export\LotteryDrawMainView\by_type\MonoBehaviour\MonoBehaviour_4347728987870065518.bin,raw
resources\assets\yoo\Default\1918525995d5a5ed05fce5506c55ca0d.bundle,RectTransform,RectTransform_4359242165416751982,4359242165416751982,reverse-output\gacha-static\ui-prefab-export\LotteryDrawMainView\by_type\RectTransform\RectTransform_4359242165416751982.bin,raw
resources\assets\yoo\Default\1918525995d5a5ed05fce5506c55ca0d.bundle,RectTransform,RectTransform_4362430617996227438,4362430617996227438,reverse-output\gacha-static\ui-prefab-export\LotteryDrawMainView\by_type\RectTransform\RectTransform_4362430617996227438.bin,raw
resources\assets\yoo\Default\1918525995d5a5ed05fce5506c55ca0d.bundle,MonoBehaviour,MonoBehaviour_4374574666255889262,4374574666255889262,reverse-output\gacha-static\ui-prefab-export\LotteryDrawMainView\by_type\MonoBehaviour\MonoBehaviour_4374574666255889262.bin,raw
resources\assets\yoo\Default\1918525995d5a5ed05fce5506c55ca0d.bundle,MonoBehaviour,MonoBehaviour_4389187476139799406,4389187476139799406,reverse-output\gacha-static\ui-prefab-export\LotteryDrawMainView\by_type\MonoBehaviour\MonoBehaviour_4389187476139799406.bin,raw
resources\assets\yoo\Default\1918525995d5a5ed05fce5506c55ca0d.bundle,MonoBehaviour,MonoBehaviour_4431601640074376046,4431601640074376046,reverse-output\gacha-static\ui-prefab-export\LotteryDrawMainView\by_type\MonoBehaviour\MonoBehaviour_4431601640074376046.bin,raw
resources\assets\yoo\Default\1918525995d5a5ed05fce5506c55ca0d.bundle,MonoBehaviour,MonoBehaviour_4433160094818759534,4433160094818759534,reverse-output\gacha-static\ui-prefab-export\LotteryDrawMainView\by_type\MonoBehaviour\MonoBehaviour_4433160094818759534.bin,raw
resources\assets\yoo\Default\1918525995d5a5ed05fce5506c55ca0d.bundle,MonoBehaviour,MonoBehaviour_4471954747121595246,4471954747121595246,reverse-output\gacha-static\ui-prefab-export\LotteryDrawMainView\by_type\MonoBehaviour\MonoBehaviour_4471954747121595246.bin,raw
resources\assets\yoo\Default\1918525995d5a5ed05fce5506c55ca0d.bundle,RectTransform,RectTransform_4503397615836132206,4503397615836132206,reverse-output\gacha-static\ui-prefab-export\LotteryDrawMainView\by_type\RectTransform\RectTransform_4503397615836132206.bin,raw
resources\assets\yoo\Default\1918525995d5a5ed05fce5506c55ca0d.bundle,RectTransform,RectTransform_4561843722518983534,4561843722518983534,reverse-output\gacha-static\ui-prefab-export\LotteryDrawMainView\by_type\RectTransform\RectTransform_4561843722518983534.bin,raw
resources\assets\yoo\Default\1918525995d5a5ed05fce5506c55ca0d.bundle,MonoBehaviour,MonoBehaviour_4594496071290057582,4594496071290057582,reverse-output\gacha-static\ui-prefab-export\LotteryDrawMainView\by_type\MonoBehaviour\MonoBehaviour_4594496071290057582.bin,raw
resources\assets\yoo\Default\1918525995d5a5ed05fce5506c55ca0d.bundle,MonoBehaviour,MonoBehaviour_4623604168472982382,4623604168472982382,reverse-output\gacha-static\ui-prefab-export\LotteryDrawMainView\by_type\MonoBehaviour\MonoBehaviour_4623604168472982382.bin,raw
resources\assets\yoo\Default\1918525995d5a5ed05fce5506c55ca0d.bundle,RectTransform,RectTransform_4645968270469690222,4645968270469690222,reverse-output\gacha-static\ui-prefab-export\LotteryDrawMainView\by_type\RectTransform\RectTransform_4645968270469690222.bin,raw
resources\assets\yoo\Default\1918525995d5a5ed05fce5506c55ca0d.bundle,RectTransform,RectTransform_4703099149712159598,4703099149712159598,reverse-output\gacha-static\ui-prefab-export\LotteryDrawMainView\by_type\RectTransform\RectTransform_4703099149712159598.bin,raw
resources\assets\yoo\Default\1918525995d5a5ed05fce5506c55ca0d.bundle,MonoBehaviour,MonoBehaviour_4728071624210969454,4728071624210969454,reverse-output\gacha-static\ui-prefab-export\LotteryDrawMainView\by_type\MonoBehaviour\MonoBehaviour_4728071624210969454.bin,raw
resources\assets\yoo\Default\1918525995d5a5ed05fce5506c55ca0d.bundle,GameObject,btnClick,4754952583135884142,reverse-output\gacha-static\ui-prefab-export\LotteryDrawMainView\by_type\GameObject\btnClick_1.bin,raw
resources\assets\yoo\Default\1918525995d5a5ed05fce5506c55ca0d.bundle,MonoBehaviour,MonoBehaviour_4781113631798784878,4781113631798784878,reverse-output\gacha-static\ui-prefab-export\LotteryDrawMainView\by_type\MonoBehaviour\MonoBehaviour_4781113631798784878.bin,raw
resources\assets\yoo\Default\1918525995d5a5ed05fce5506c55ca0d.bundle,GameObject,pnlHero2,4787664283683648366,reverse-output\gacha-static\ui-prefab-export\LotteryDrawMainView\by_type\GameObject\pnlHero2.bin,raw
resources\assets\yoo\Default\1918525995d5a5ed05fce5506c55ca0d.bundle,MonoBehaviour,MonoBehaviour_4789579622621049710,4789579622621049710,reverse-output\gacha-static\ui-prefab-export\LotteryDrawMainView\by_type\MonoBehaviour\MonoBehaviour_4789579622621049710.bin,raw
resources\assets\yoo\Default\1918525995d5a5ed05fce5506c55ca0d.bundle,GameObject,imgBg_mask,4790242223517594478,reverse-output\gacha-static\ui-prefab-export\LotteryDrawMainView\by_type\GameObject\imgBg_mask_1.bin,raw
resources\assets\yoo\Default\1918525995d5a5ed05fce5506c55ca0d.bundle,GameObject,imgBg,4795812788344058734,reverse-output\gacha-static\ui-prefab-export\LotteryDrawMainView\by_type\GameObject\imgBg_2.bin,raw
resources\assets\yoo\Default\1918525995d5a5ed05fce5506c55ca0d.bundle,RectTransform,RectTransform_4799972086373479278,4799972086373479278,reverse-output\gacha-static\ui-prefab-export\LotteryDrawMainView\by_type\RectTransform\RectTransform_4799972086373479278.bin,raw
resources\assets\yoo\Default\1918525995d5a5ed05fce5506c55ca0d.bundle,GameObject,btnClick,4800764368238670702,reverse-output\gacha-static\ui-prefab-export\LotteryDrawMainView\by_type\GameObject\btnClick_2.bin,raw
resources\assets\yoo\Default\1918525995d5a5ed05fce5506c55ca0d.bundle,MonoBehaviour,MonoBehaviour_4815657605147587438,4815657605147587438,reverse-output\gacha-static\ui-prefab-export\LotteryDrawMainView\by_type\MonoBehaviour\MonoBehaviour_4815657605147587438.bin,raw
resources\assets\yoo\Default\1918525995d5a5ed05fce5506c55ca0d.bundle,RectTransform,RectTransform_4819399564229997422,4819399564229997422,reverse-output\gacha-static\ui-prefab-export\LotteryDrawMainView\by_type\RectTransform\RectTransform_4819399564229997422.bin,raw
resources\assets\yoo\Default\1918525995d5a5ed05fce5506c55ca0d.bundle,RectTransform,RectTransform_4846128018104316782,4846128018104316782,reverse-output\gacha-static\ui-prefab-export\LotteryDrawMainView\by_type\RectTransform\RectTransform_4846128018104316782.bin,raw
resources\assets\yoo\Default\1918525995d5a5ed05fce5506c55ca0d.bundle,RectTransform,RectTransform_4850179626887738222,4850179626887738222,reverse-output\gacha-static\ui-prefab-export\LotteryDrawMainView\by_type\RectTransform\RectTransform_4850179626887738222.bin,raw
resources\assets\yoo\Default\1918525995d5a5ed05fce5506c55ca0d.bundle,GameObject,Renderer4,4971306977763717998,reverse-output\gacha-static\ui-prefab-export\LotteryDrawMainView\by_type\GameObject\Renderer4.bin,raw
resources\assets\yoo\Default\1918525995d5a5ed05fce5506c55ca0d.bundle,RectTransform,RectTransform_4994442335003276142,4994442335003276142,reverse-output\gacha-static\ui-prefab-export\LotteryDrawMainView\by_type\RectTransform\RectTransform_4994442335003276142.bin,raw
resources\assets\yoo\Default\1918525995d5a5ed05fce5506c55ca0d.bundle,MonoBehaviour,MonoBehaviour_4996370484553053038,4996370484553053038,reverse-output\gacha-static\ui-prefab-export\LotteryDrawMainView\by_type\MonoBehaviour\MonoBehaviour_4996370484553053038.bin,raw
resources\assets\yoo\Default\1918525995d5a5ed05fce5506c55ca0d.bundle,MonoBehaviour,MonoBehaviour_4996830067455357806,4996830067455357806,reverse-output\gacha-static\ui-prefab-export\LotteryDrawMainView\by_type\MonoBehaviour\MonoBehaviour_4996830067455357806.bin,raw
resources\assets\yoo\Default\1918525995d5a5ed05fce5506c55ca0d.bundle,RectTransform,RectTransform_5007125368114836334,5007125368114836334,reverse-output\gacha-static\ui-prefab-export\LotteryDrawMainView\by_type\RectTransform\RectTransform_5007125368114836334.bin,raw
resources\assets\yoo\Default\1918525995d5a5ed05fce5506c55ca0d.bundle,MonoBehaviour,MonoBehaviour_5008295754271159150,5008295754271159150,reverse-output\gacha-static\ui-prefab-export\LotteryDrawMainView\by_type\MonoBehaviour\MonoBehaviour_5008295754271159150.bin,raw
resources\assets\yoo\Default\1918525995d5a5ed05fce5506c55ca0d.bundle,MonoBehaviour,MonoBehaviour_5026986476326024046,5026986476326024046,reverse-output\gacha-static\ui-prefab-export\LotteryDrawMainView\by_type\MonoBehaviour\MonoBehaviour_5026986476326024046.bin,raw
resources\assets\yoo\Default\1918525995d5a5ed05fce5506c55ca0d.bundle,MonoBehaviour,MonoBehaviour_5047601692465492846,5047601692465492846,reverse-output\gacha-static\ui-prefab-export\LotteryDrawMainView\by_type\MonoBehaviour\MonoBehaviour_5047601692465492846.bin,raw
resources\assets\yoo\Default\1918525995d5a5ed05fce5506c55ca0d.bundle,GameObject,imgBg,5114627776848458606,reverse-output\gacha-static\ui-prefab-export\LotteryDrawMainView\by_type\GameObject\imgBg_3.bin,raw
resources\assets\yoo\Default\1918525995d5a5ed05fce5506c55ca0d.bundle,RectTransform,RectTransform_5133831488960590702,5133831488960590702,reverse-output\gacha-static\ui-prefab-export\LotteryDrawMainView\by_type\RectTransform\RectTransform_5133831488960590702.bin,raw
resources\assets\yoo\Default\1918525995d5a5ed05fce5506c55ca0d.bundle,GameObject,txtName,5145504149948396398,reverse-output\gacha-static\ui-prefab-export\LotteryDrawMainView\by_type\GameObject\txtName_3.bin,raw
resources\assets\yoo\Default\1918525995d5a5ed05fce5506c55ca0d.bundle,MonoBehaviour,MonoBehaviour_5156542947055629166,5156542947055629166,reverse-output\gacha-static\ui-prefab-export\LotteryDrawMainView\by_type\MonoBehaviour\MonoBehaviour_5156542947055629166.bin,raw
resources\assets\yoo\Default\1918525995d5a5ed05fce5506c55ca0d.bundle,MonoBehaviour,MonoBehaviour_5164233322836063086,5164233322836063086,reverse-output\gacha-static\ui-prefab-export\LotteryDrawMainView\by_type\MonoBehaviour\MonoBehaviour_5164233322836063086.bin,raw
resources\assets\yoo\Default\1918525995d5a5ed05fce5506c55ca0d.bundle,RectTransform,RectTransform_5175278535992996718,5175278535992996718,reverse-output\gacha-static\ui-prefab-export\LotteryDrawMainView\by_type\RectTransform\RectTransform_5175278535992996718.bin,raw
resources\assets\yoo\Default\1918525995d5a5ed05fce5506c55ca0d.bundle,RectTransform,RectTransform_5228857034178294638,5228857034178294638,reverse-output\gacha-static\ui-prefab-export\LotteryDrawMainView\by_type\RectTransform\RectTransform_5228857034178294638.bin,raw
resources\assets\yoo\Default\1918525995d5a5ed05fce5506c55ca0d.bundle,MonoBehaviour,MonoBehaviour_5244587534668723054,5244587534668723054,reverse-output\gacha-static\ui-prefab-export\LotteryDrawMainView\by_type\MonoBehaviour\MonoBehaviour_5244587534668723054.bin,raw
resources\assets\yoo\Default\1918525995d5a5ed05fce5506c55ca0d.bundle,MonoBehaviour,MonoBehaviour_5269708762740290414,5269708762740290414,reverse-output\gacha-static\ui-prefab-export\LotteryDrawMainView\by_type\MonoBehaviour\MonoBehaviour_5269708762740290414.bin,raw
resources\assets\yoo\Default\1918525995d5a5ed05fce5506c55ca0d.bundle,RectTransform,RectTransform_5293693463897109358,5293693463897109358,reverse-output\gacha-static\ui-prefab-export\LotteryDrawMainView\by_type\RectTransform\RectTransform_5293693463897109358.bin,raw
resources\assets\yoo\Default\1918525995d5a5ed05fce5506c55ca0d.bundle,RectTransform,RectTransform_5298600170502484846,5298600170502484846,reverse-output\gacha-static\ui-prefab-export\LotteryDrawMainView\by_type\RectTransform\RectTransform_5298600170502484846.bin,raw
resources\assets\yoo\Default\1918525995d5a5ed05fce5506c55ca0d.bundle,MonoBehaviour,MonoBehaviour_5311945701076169582,5311945701076169582,reverse-output\gacha-static\ui-prefab-export\LotteryDrawMainView\by_type\MonoBehaviour\MonoBehaviour_5311945701076169582.bin,raw
resources\assets\yoo\Default\1918525995d5a5ed05fce5506c55ca0d.bundle,MonoBehaviour,MonoBehaviour_5360566659406426990,5360566659406426990,reverse-output\gacha-static\ui-prefab-export\LotteryDrawMainView\by_type\MonoBehaviour\MonoBehaviour_5360566659406426990.bin,raw
resources\assets\yoo\Default\1918525995d5a5ed05fce5506c55ca0d.bundle,MonoBehaviour,MonoBehaviour_5369713750657790830,5369713750657790830,reverse-output\gacha-static\ui-prefab-export\LotteryDrawMainView\by_type\MonoBehaviour\MonoBehaviour_5369713750657790830.bin,raw
resources\assets\yoo\Default\1918525995d5a5ed05fce5506c55ca0d.bundle,MonoBehaviour,MonoBehaviour_5373393190878180206,5373393190878180206,reverse-output\gacha-static\ui-prefab-export\LotteryDrawMainView\by_type\MonoBehaviour\MonoBehaviour_5373393190878180206.bin,raw
resources\assets\yoo\Default\1918525995d5a5ed05fce5506c55ca0d.bundle,RectTransform,RectTransform_5394684459993920366,5394684459993920366,reverse-output\gacha-static\ui-prefab-export\LotteryDrawMainView\by_type\RectTransform\RectTransform_5394684459993920366.bin,raw
resources\assets\yoo\Default\1918525995d5a5ed05fce5506c55ca0d.bundle,MonoBehaviour,MonoBehaviour_5418136560095654766,5418136560095654766,reverse-output\gacha-static\ui-prefab-export\LotteryDrawMainView\by_type\MonoBehaviour\MonoBehaviour_5418136560095654766.bin,raw
resources\assets\yoo\Default\1918525995d5a5ed05fce5506c55ca0d.bundle,MonoBehaviour,MonoBehaviour_5430528947114799982,5430528947114799982,reverse-output\gacha-static\ui-prefab-export\LotteryDrawMainView\by_type\MonoBehaviour\MonoBehaviour_5430528947114799982.bin,raw
resources\assets\yoo\Default\1918525995d5a5ed05fce5506c55ca0d.bundle,GameObject,btn,5436074323793736558,reverse-output\gacha-static\ui-prefab-export\LotteryDrawMainView\by_type\GameObject\btn_3.bin,raw
resources\assets\yoo\Default\1918525995d5a5ed05fce5506c55ca0d.bundle,MonoBehaviour,MonoBehaviour_5466080570604385134,5466080570604385134,reverse-output\gacha-static\ui-prefab-export\LotteryDrawMainView\by_type\MonoBehaviour\MonoBehaviour_5466080570604385134.bin,raw
resources\assets\yoo\Default\1918525995d5a5ed05fce5506c55ca0d.bundle,RectTransform,RectTransform_5469266855283454830,5469266855283454830,reverse-output\gacha-static\ui-prefab-export\LotteryDrawMainView\by_type\RectTransform\RectTransform_5469266855283454830.bin,raw
resources\assets\yoo\Default\1918525995d5a5ed05fce5506c55ca0d.bundle,MonoBehaviour,MonoBehaviour_5489934266169422702,5489934266169422702,reverse-output\gacha-static\ui-prefab-export\LotteryDrawMainView\by_type\MonoBehaviour\MonoBehaviour_5489934266169422702.bin,raw
resources\assets\yoo\Default\1918525995d5a5ed05fce5506c55ca0d.bundle,GameObject,lottery_btn_03a,5515070319887446894,reverse-output\gacha-static\ui-prefab-export\LotteryDrawMainView\by_type\GameObject\lottery_btn_03a_6.bin,raw
resources\assets\yoo\Default\1918525995d5a5ed05fce5506c55ca0d.bundle,MonoBehaviour,MonoBehaviour_5558668354161931118,5558668354161931118,reverse-output\gacha-static\ui-prefab-export\LotteryDrawMainView\by_type\MonoBehaviour\MonoBehaviour_5558668354161931118.bin,raw
resources\assets\yoo\Default\1918525995d5a5ed05fce5506c55ca0d.bundle,MonoBehaviour,MonoBehaviour_5582519137391866734,5582519137391866734,reverse-output\gacha-static\ui-prefab-export\LotteryDrawMainView\by_type\MonoBehaviour\MonoBehaviour_5582519137391866734.bin,raw
resources\assets\yoo\Default\1918525995d5a5ed05fce5506c55ca0d.bundle,GameObject,btnProbability,5586610175802209134,reverse-output\gacha-static\ui-prefab-export\LotteryDrawMainView\by_type\GameObject\btnProbability.bin,raw
resources\assets\yoo\Default\1918525995d5a5ed05fce5506c55ca0d.bundle,RectTransform,RectTransform_5619003610915533678,5619003610915533678,reverse-output\gacha-static\ui-prefab-export\LotteryDrawMainView\by_type\RectTransform\RectTransform_5619003610915533678.bin,raw
resources\assets\yoo\Default\1918525995d5a5ed05fce5506c55ca0d.bundle,GameObject,Image,5619336291092984686,reverse-output\gacha-static\ui-prefab-export\LotteryDrawMainView\by_type\GameObject\Image_9.bin,raw
resources\assets\yoo\Default\1918525995d5a5ed05fce5506c55ca0d.bundle,RectTransform,RectTransform_5717846343613281134,5717846343613281134,reverse-output\gacha-static\ui-prefab-export\LotteryDrawMainView\by_type\RectTransform\RectTransform_5717846343613281134.bin,raw
resources\assets\yoo\Default\1918525995d5a5ed05fce5506c55ca0d.bundle,MonoBehaviour,MonoBehaviour_5736147806471779182,5736147806471779182,reverse-output\gacha-static\ui-prefab-export\LotteryDrawMainView\by_type\MonoBehaviour\MonoBehaviour_5736147806471779182.bin,raw
resources\assets\yoo\Default\1918525995d5a5ed05fce5506c55ca0d.bundle,MonoBehaviour,MonoBehaviour_5744204129223897966,5744204129223897966,reverse-output\gacha-static\ui-prefab-export\LotteryDrawMainView\by_type\MonoBehaviour\MonoBehaviour_5744204129223897966.bin,raw
resources\assets\yoo\Default\1918525995d5a5ed05fce5506c55ca0d.bundle,RectTransform,RectTransform_5787286875321660270,5787286875321660270,reverse-output\gacha-static\ui-prefab-export\LotteryDrawMainView\by_type\RectTransform\RectTransform_5787286875321660270.bin,raw
resources\assets\yoo\Default\1918525995d5a5ed05fce5506c55ca0d.bundle,MonoBehaviour,MonoBehaviour_5815994594815832942,5815994594815832942,reverse-output\gacha-static\ui-prefab-export\LotteryDrawMainView\by_type\MonoBehaviour\MonoBehaviour_5815994594815832942.bin,raw
resources\assets\yoo\Default\1918525995d5a5ed05fce5506c55ca0d.bundle,Sprite,UISprite,5837791642106728268,reverse-output\gacha-static\ui-prefab-export\LotteryDrawMainView\by_type\Sprite\UISprite.png,png
resources\assets\yoo\Default\1918525995d5a5ed05fce5506c55ca0d.bundle,RectTransform,RectTransform_5840645663780631406,5840645663780631406,reverse-output\gacha-static\ui-prefab-export\LotteryDrawMainView\by_type\RectTransform\RectTransform_5840645663780631406.bin,raw
resources\assets\yoo\Default\1918525995d5a5ed05fce5506c55ca0d.bundle,GameObject,imgMask,5856361829830685550,reverse-output\gacha-static\ui-prefab-export\LotteryDrawMainView\by_type\GameObject\imgMask_3.bin,raw
resources\assets\yoo\Default\1918525995d5a5ed05fce5506c55ca0d.bundle,RectTransform,RectTransform_5865638106544862062,5865638106544862062,reverse-output\gacha-static\ui-prefab-export\LotteryDrawMainView\by_type\RectTransform\RectTransform_5865638106544862062.bin,raw
resources\assets\yoo\Default\1918525995d5a5ed05fce5506c55ca0d.bundle,RectTransform,RectTransform_5921319657614472046,5921319657614472046,reverse-output\gacha-static\ui-prefab-export\LotteryDrawMainView\by_type\RectTransform\RectTransform_5921319657614472046.bin,raw
resources\assets\yoo\Default\1918525995d5a5ed05fce5506c55ca0d.bundle,GameObject,imgBg,5924244485850919790,reverse-output\gacha-static\ui-prefab-export\LotteryDrawMainView\by_type\GameObject\imgBg_4.bin,raw
resources\assets\yoo\Default\1918525995d5a5ed05fce5506c55ca0d.bundle,MonoBehaviour,MonoBehaviour_5937398382078980974,5937398382078980974,reverse-output\gacha-static\ui-prefab-export\LotteryDrawMainView\by_type\MonoBehaviour\MonoBehaviour_5937398382078980974.bin,raw
resources\assets\yoo\Default\1918525995d5a5ed05fce5506c55ca0d.bundle,MonoBehaviour,MonoBehaviour_6086582851813700462,6086582851813700462,reverse-output\gacha-static\ui-prefab-export\LotteryDrawMainView\by_type\MonoBehaviour\MonoBehaviour_6086582851813700462.bin,raw
resources\assets\yoo\Default\1918525995d5a5ed05fce5506c55ca0d.bundle,GameObject,txtFreeTimeTip,6093998128320017262,reverse-output\gacha-static\ui-prefab-export\LotteryDrawMainView\by_type\GameObject\txtFreeTimeTip.bin,raw
resources\assets\yoo\Default\1918525995d5a5ed05fce5506c55ca0d.bundle,RectTransform,RectTransform_6172312805144982382,6172312805144982382,reverse-output\gacha-static\ui-prefab-export\LotteryDrawMainView\by_type\RectTransform\RectTransform_6172312805144982382.bin,raw
resources\assets\yoo\Default\1918525995d5a5ed05fce5506c55ca0d.bundle,RectTransform,RectTransform_6194646044167762798,6194646044167762798,reverse-output\gacha-static\ui-prefab-export\LotteryDrawMainView\by_type\RectTransform\RectTransform_6194646044167762798.bin,raw
resources\assets\yoo\Default\1918525995d5a5ed05fce5506c55ca0d.bundle,MonoBehaviour,MonoBehaviour_6206536109347369838,6206536109347369838,reverse-output\gacha-static\ui-prefab-export\LotteryDrawMainView\by_type\MonoBehaviour\MonoBehaviour_6206536109347369838.bin,raw
resources\assets\yoo\Default\1918525995d5a5ed05fce5506c55ca0d.bundle,GameObject,Renderer0,6206927902705447790,reverse-output\gacha-static\ui-prefab-export\LotteryDrawMainView\by_type\GameObject\Renderer0_16.bin,raw
resources\assets\yoo\Default\1918525995d5a5ed05fce5506c55ca0d.bundle,GameObject,imgMiddleBg,6225811693981660014,reverse-output\gacha-static\ui-prefab-export\LotteryDrawMainView\by_type\GameObject\imgMiddleBg.bin,raw
resources\assets\yoo\Default\1918525995d5a5ed05fce5506c55ca0d.bundle,MonoBehaviour,MonoBehaviour_6240899223194825582,6240899223194825582,reverse-output\gacha-static\ui-prefab-export\LotteryDrawMainView\by_type\MonoBehaviour\MonoBehaviour_6240899223194825582.bin,raw
resources\assets\yoo\Default\1918525995d5a5ed05fce5506c55ca0d.bundle,RectTransform,RectTransform_6246677455019438958,6246677455019438958,reverse-output\gacha-static\ui-prefab-export\LotteryDrawMainView\by_type\RectTransform\RectTransform_6246677455019438958.bin,raw
resources\assets\yoo\Default\1918525995d5a5ed05fce5506c55ca0d.bundle,RectTransform,RectTransform_6278965239122293614,6278965239122293614,reverse-output\gacha-static\ui-prefab-export\LotteryDrawMainView\by_type\RectTransform\RectTransform_6278965239122293614.bin,raw
resources\assets\yoo\Default\1918525995d5a5ed05fce5506c55ca0d.bundle,MonoBehaviour,MonoBehaviour_6292935117069808494,6292935117069808494,reverse-output\gacha-static\ui-prefab-export\LotteryDrawMainView\by_type\MonoBehaviour\MonoBehaviour_6292935117069808494.bin,raw
resources\assets\yoo\Default\1918525995d5a5ed05fce5506c55ca0d.bundle,GameObject,btn,6353548797162746734,reverse-output\gacha-static\ui-prefab-export\LotteryDrawMainView\by_type\GameObject\btn_4.bin,raw
resources\assets\yoo\Default\1918525995d5a5ed05fce5506c55ca0d.bundle,GameObject,txtTag3,6366674745006945134,reverse-output\gacha-static\ui-prefab-export\LotteryDrawMainView\by_type\GameObject\txtTag3.bin,raw
resources\assets\yoo\Default\1918525995d5a5ed05fce5506c55ca0d.bundle,GameObject,pnlHeroTag,6375728260825150318,reverse-output\gacha-static\ui-prefab-export\LotteryDrawMainView\by_type\GameObject\pnlHeroTag.bin,raw
resources\assets\yoo\Default\1918525995d5a5ed05fce5506c55ca0d.bundle,RectTransform,RectTransform_6411849318943880046,6411849318943880046,reverse-output\gacha-static\ui-prefab-export\LotteryDrawMainView\by_type\RectTransform\RectTransform_6411849318943880046.bin,raw
resources\assets\yoo\Default\1918525995d5a5ed05fce5506c55ca0d.bundle,MonoBehaviour,MonoBehaviour_6418995077096076142,6418995077096076142,reverse-output\gacha-static\ui-prefab-export\LotteryDrawMainView\by_type\MonoBehaviour\MonoBehaviour_6418995077096076142.bin,raw
resources\assets\yoo\Default\1918525995d5a5ed05fce5506c55ca0d.bundle,MonoBehaviour,MonoBehaviour_6425840864262746990,6425840864262746990,reverse-output\gacha-static\ui-prefab-export\LotteryDrawMainView\by_type\MonoBehaviour\MonoBehaviour_6425840864262746990.bin,raw
resources\assets\yoo\Default\1918525995d5a5ed05fce5506c55ca0d.bundle,MonoBehaviour,MonoBehaviour_6476120544723858286,6476120544723858286,reverse-output\gacha-static\ui-prefab-export\LotteryDrawMainView\by_type\MonoBehaviour\MonoBehaviour_6476120544723858286.bin,raw
resources\assets\yoo\Default\1918525995d5a5ed05fce5506c55ca0d.bundle,Texture2D,Background,6476450905087086412,reverse-output\gacha-static\ui-prefab-export\LotteryDrawMainView\by_type\Texture2D\Background.png,png
resources\assets\yoo\Default\1918525995d5a5ed05fce5506c55ca0d.bundle,MonoBehaviour,MonoBehaviour_6491236521738498926,6491236521738498926,reverse-output\gacha-static\ui-prefab-export\LotteryDrawMainView\by_type\MonoBehaviour\MonoBehaviour_6491236521738498926.bin,raw
resources\assets\yoo\Default\1918525995d5a5ed05fce5506c55ca0d.bundle,MonoBehaviour,MonoBehaviour_6496309195125355374,6496309195125355374,reverse-output\gacha-static\ui-prefab-export\LotteryDrawMainView\by_type\MonoBehaviour\MonoBehaviour_6496309195125355374.bin,raw
resources\assets\yoo\Default\1918525995d5a5ed05fce5506c55ca0d.bundle,RectTransform,RectTransform_6532125042085852014,6532125042085852014,reverse-output\gacha-static\ui-prefab-export\LotteryDrawMainView\by_type\RectTransform\RectTransform_6532125042085852014.bin,raw
resources\assets\yoo\Default\1918525995d5a5ed05fce5506c55ca0d.bundle,GameObject,spBg,6534347657850909550,reverse-output\gacha-static\ui-prefab-export\LotteryDrawMainView\by_type\GameObject\spBg_4.bin,raw
resources\assets\yoo\Default\1918525995d5a5ed05fce5506c55ca0d.bundle,RectTransform,RectTransform_6590777490140427118,6590777490140427118,reverse-output\gacha-static\ui-prefab-export\LotteryDrawMainView\by_type\RectTransform\RectTransform_6590777490140427118.bin,raw
resources\assets\yoo\Default\1918525995d5a5ed05fce5506c55ca0d.bundle,GameObject,txtOneCost,6629442975243891566,reverse-output\gacha-static\ui-prefab-export\LotteryDrawMainView\by_type\GameObject\txtOneCost.bin,raw
resources\assets\yoo\Default\1918525995d5a5ed05fce5506c55ca0d.bundle,MonoBehaviour,MonoBehaviour_6636933094350320494,6636933094350320494,reverse-output\gacha-static\ui-prefab-export\LotteryDrawMainView\by_type\MonoBehaviour\MonoBehaviour_6636933094350320494.bin,raw
resources\assets\yoo\Default\1918525995d5a5ed05fce5506c55ca0d.bundle,RectTransform,RectTransform_6638225000091349870,6638225000091349870,reverse-output\gacha-static\ui-prefab-export\LotteryDrawMainView\by_type\RectTransform\RectTransform_6638225000091349870.bin,raw
resources\assets\yoo\Default\1918525995d5a5ed05fce5506c55ca0d.bundle,GameObject,Background,6644737243339682670,reverse-output\gacha-static\ui-prefab-export\LotteryDrawMainView\by_type\GameObject\Background.bin,raw
resources\assets\yoo\Default\1918525995d5a5ed05fce5506c55ca0d.bundle,RectTransform,RectTransform_6672600566584374126,6672600566584374126,reverse-output\gacha-static\ui-prefab-export\LotteryDrawMainView\by_type\RectTransform\RectTransform_6672600566584374126.bin,raw
resources\assets\yoo\Default\1918525995d5a5ed05fce5506c55ca0d.bundle,RectTransform,RectTransform_6682488317847139182,6682488317847139182,reverse-output\gacha-static\ui-prefab-export\LotteryDrawMainView\by_type\RectTransform\RectTransform_6682488317847139182.bin,raw
resources\assets\yoo\Default\1918525995d5a5ed05fce5506c55ca0d.bundle,RectTransform,RectTransform_6687242662394852206,6687242662394852206,reverse-output\gacha-static\ui-prefab-export\LotteryDrawMainView\by_type\RectTransform\RectTransform_6687242662394852206.bin,raw
resources\assets\yoo\Default\1918525995d5a5ed05fce5506c55ca0d.bundle,MonoBehaviour,MonoBehaviour_6730229450663916398,6730229450663916398,reverse-output\gacha-static\ui-prefab-export\LotteryDrawMainView\by_type\MonoBehaviour\MonoBehaviour_6730229450663916398.bin,raw
resources\assets\yoo\Default\1918525995d5a5ed05fce5506c55ca0d.bundle,MonoBehaviour,MonoBehaviour_6753771365083837294,6753771365083837294,reverse-output\gacha-static\ui-prefab-export\LotteryDrawMainView\by_type\MonoBehaviour\MonoBehaviour_6753771365083837294.bin,raw
resources\assets\yoo\Default\1918525995d5a5ed05fce5506c55ca0d.bundle,RectTransform,RectTransform_6780579876390302574,6780579876390302574,reverse-output\gacha-static\ui-prefab-export\LotteryDrawMainView\by_type\RectTransform\RectTransform_6780579876390302574.bin,raw
resources\assets\yoo\Default\1918525995d5a5ed05fce5506c55ca0d.bundle,GameObject,imgMask,6802129447341126510,reverse-output\gacha-static\ui-prefab-export\LotteryDrawMainView\by_type\GameObject\imgMask_4.bin,raw
resources\assets\yoo\Default\1918525995d5a5ed05fce5506c55ca0d.bundle,RectTransform,RectTransform_6824170606793913198,6824170606793913198,reverse-output\gacha-static\ui-prefab-export\LotteryDrawMainView\by_type\RectTransform\RectTransform_6824170606793913198.bin,raw
resources\assets\yoo\Default\1918525995d5a5ed05fce5506c55ca0d.bundle,RectTransform,RectTransform_6854521463990317934,6854521463990317934,reverse-output\gacha-static\ui-prefab-export\LotteryDrawMainView\by_type\RectTransform\RectTransform_6854521463990317934.bin,raw
resources\assets\yoo\Default\1918525995d5a5ed05fce5506c55ca0d.bundle,RectTransform,RectTransform_6854804641530639214,6854804641530639214,reverse-output\gacha-static\ui-prefab-export\LotteryDrawMainView\by_type\RectTransform\RectTransform_6854804641530639214.bin,raw
resources\assets\yoo\Default\1918525995d5a5ed05fce5506c55ca0d.bundle,GameObject,Text,6874397525263709038,reverse-output\gacha-static\ui-prefab-export\LotteryDrawMainView\by_type\GameObject\Text_16.bin,raw
resources\assets\yoo\Default\1918525995d5a5ed05fce5506c55ca0d.bundle,RectTransform,RectTransform_6901089552977752942,6901089552977752942,reverse-output\gacha-static\ui-prefab-export\LotteryDrawMainView\by_type\RectTransform\RectTransform_6901089552977752942.bin,raw
resources\assets\yoo\Default\1918525995d5a5ed05fce5506c55ca0d.bundle,RectTransform,RectTransform_6910514649269924718,6910514649269924718,reverse-output\gacha-static\ui-prefab-export\LotteryDrawMainView\by_type\RectTransform\RectTransform_6910514649269924718.bin,raw
resources\assets\yoo\Default\1918525995d5a5ed05fce5506c55ca0d.bundle,GameObject,imgBg_mask2,6919377801225040750,reverse-output\gacha-static\ui-prefab-export\LotteryDrawMainView\by_type\GameObject\imgBg_mask2.bin,raw
resources\assets\yoo\Default\1918525995d5a5ed05fce5506c55ca0d.bundle,GameObject,pnlTag4,6920630610773668718,reverse-output\gacha-static\ui-prefab-export\LotteryDrawMainView\by_type\GameObject\pnlTag4.bin,raw
resources\assets\yoo\Default\1918525995d5a5ed05fce5506c55ca0d.bundle,RectTransform,RectTransform_6944474404657558382,6944474404657558382,reverse-output\gacha-static\ui-prefab-export\LotteryDrawMainView\by_type\RectTransform\RectTransform_6944474404657558382.bin,raw
resources\assets\yoo\Default\1918525995d5a5ed05fce5506c55ca0d.bundle,MonoBehaviour,MonoBehaviour_6948351985015583598,6948351985015583598,reverse-output\gacha-static\ui-prefab-export\LotteryDrawMainView\by_type\MonoBehaviour\MonoBehaviour_6948351985015583598.bin,raw
resources\assets\yoo\Default\1918525995d5a5ed05fce5506c55ca0d.bundle,GameObject,btnClick,6977545343471055726,reverse-output\gacha-static\ui-prefab-export\LotteryDrawMainView\by_type\GameObject\btnClick_3.bin,raw
resources\assets\yoo\Default\1918525995d5a5ed05fce5506c55ca0d.bundle,MonoBehaviour,MonoBehaviour_6990792077139440494,6990792077139440494,reverse-output\gacha-static\ui-prefab-export\LotteryDrawMainView\by_type\MonoBehaviour\MonoBehaviour_6990792077139440494.bin,raw
resources\assets\yoo\Default\1918525995d5a5ed05fce5506c55ca0d.bundle,MonoBehaviour,MonoBehaviour_7001505988049171310,7001505988049171310,reverse-output\gacha-static\ui-prefab-export\LotteryDrawMainView\by_type\MonoBehaviour\MonoBehaviour_7001505988049171310.bin,raw
resources\assets\yoo\Default\1918525995d5a5ed05fce5506c55ca0d.bundle,RectTransform,RectTransform_7003410909639668590,7003410909639668590,reverse-output\gacha-static\ui-prefab-export\LotteryDrawMainView\by_type\RectTransform\RectTransform_7003410909639668590.bin,raw
resources\assets\yoo\Default\1918525995d5a5ed05fce5506c55ca0d.bundle,GameObject,@Image_cloud,7070965743689200494,reverse-output\gacha-static\ui-prefab-export\LotteryDrawMainView\by_type\GameObject\@Image_cloud_2.bin,raw
resources\assets\yoo\Default\1918525995d5a5ed05fce5506c55ca0d.bundle,GameObject,imgLock,7096833560984744814,reverse-output\gacha-static\ui-prefab-export\LotteryDrawMainView\by_type\GameObject\imgLock.bin,raw
resources\assets\yoo\Default\1918525995d5a5ed05fce5506c55ca0d.bundle,RectTransform,RectTransform_7099915642236040046,7099915642236040046,reverse-output\gacha-static\ui-prefab-export\LotteryDrawMainView\by_type\RectTransform\RectTransform_7099915642236040046.bin,raw
resources\assets\yoo\Default\1918525995d5a5ed05fce5506c55ca0d.bundle,GameObject,btn,7121848089962935150,reverse-output\gacha-static\ui-prefab-export\LotteryDrawMainView\by_type\GameObject\btn_5.bin,raw
resources\assets\yoo\Default\1918525995d5a5ed05fce5506c55ca0d.bundle,RectTransform,RectTransform_7142234730829968238,7142234730829968238,reverse-output\gacha-static\ui-prefab-export\LotteryDrawMainView\by_type\RectTransform\RectTransform_7142234730829968238.bin,raw
resources\assets\yoo\Default\1918525995d5a5ed05fce5506c55ca0d.bundle,MonoBehaviour,MonoBehaviour_7145902177648898926,7145902177648898926,reverse-output\gacha-static\ui-prefab-export\LotteryDrawMainView\by_type\MonoBehaviour\MonoBehaviour_7145902177648898926.bin,raw
resources\assets\yoo\Default\1918525995d5a5ed05fce5506c55ca0d.bundle,MonoBehaviour,MonoBehaviour_7152733669134037870,7152733669134037870,reverse-output\gacha-static\ui-prefab-export\LotteryDrawMainView\by_type\MonoBehaviour\MonoBehaviour_7152733669134037870.bin,raw
resources\assets\yoo\Default\1918525995d5a5ed05fce5506c55ca0d.bundle,RectTransform,RectTransform_7153590439181349742,7153590439181349742,reverse-output\gacha-static\ui-prefab-export\LotteryDrawMainView\by_type\RectTransform\RectTransform_7153590439181349742.bin,raw
resources\assets\yoo\Default\1918525995d5a5ed05fce5506c55ca0d.bundle,MonoBehaviour,MonoBehaviour_7183206454251549550,7183206454251549550,reverse-output\gacha-static\ui-prefab-export\LotteryDrawMainView\by_type\MonoBehaviour\MonoBehaviour_7183206454251549550.bin,raw
resources\assets\yoo\Default\1918525995d5a5ed05fce5506c55ca0d.bundle,GameObject,txtName,7220376933784810350,reverse-output\gacha-static\ui-prefab-export\LotteryDrawMainView\by_type\GameObject\txtName_4.bin,raw
resources\assets\yoo\Default\1918525995d5a5ed05fce5506c55ca0d.bundle,GameObject,spBg,7229233136057906030,reverse-output\gacha-static\ui-prefab-export\LotteryDrawMainView\by_type\GameObject\spBg_5.bin,raw
resources\assets\yoo\Default\1918525995d5a5ed05fce5506c55ca0d.bundle,MonoBehaviour,MonoBehaviour_7229543536997495662,7229543536997495662,reverse-output\gacha-static\ui-prefab-export\LotteryDrawMainView\by_type\MonoBehaviour\MonoBehaviour_7229543536997495662.bin,raw
resources\assets\yoo\Default\1918525995d5a5ed05fce5506c55ca0d.bundle,GameObject,Text (1),7245454178265789294,reverse-output\gacha-static\ui-prefab-export\LotteryDrawMainView\by_type\GameObject\Text (1).bin,raw
resources\assets\yoo\Default\1918525995d5a5ed05fce5506c55ca0d.bundle,MonoBehaviour,MonoBehaviour_7272655661778072430,7272655661778072430,reverse-output\gacha-static\ui-prefab-export\LotteryDrawMainView\by_type\MonoBehaviour\MonoBehaviour_7272655661778072430.bin,raw
resources\assets\yoo\Default\1918525995d5a5ed05fce5506c55ca0d.bundle,MonoBehaviour,MonoBehaviour_7280951548206642030,7280951548206642030,reverse-output\gacha-static\ui-prefab-export\LotteryDrawMainView\by_type\MonoBehaviour\MonoBehaviour_7280951548206642030.bin,raw
resources\assets\yoo\Default\1918525995d5a5ed05fce5506c55ca0d.bundle,GameObject,txtShowInfoName,7289518718985040750,reverse-output\gacha-static\ui-prefab-export\LotteryDrawMainView\by_type\GameObject\txtShowInfoName.bin,raw
resources\assets\yoo\Default\1918525995d5a5ed05fce5506c55ca0d.bundle,GameObject,btnTen,7350317703594373998,reverse-output\gacha-static\ui-prefab-export\LotteryDrawMainView\by_type\GameObject\btnTen.bin,raw
resources\assets\yoo\Default\1918525995d5a5ed05fce5506c55ca0d.bundle,RectTransform,RectTransform_7350806277649462126,7350806277649462126,reverse-output\gacha-static\ui-prefab-export\LotteryDrawMainView\by_type\RectTransform\RectTransform_7350806277649462126.bin,raw
resources\assets\yoo\Default\1918525995d5a5ed05fce5506c55ca0d.bundle,MonoBehaviour,MonoBehaviour_7355815011642766190,7355815011642766190,reverse-output\gacha-static\ui-prefab-export\LotteryDrawMainView\by_type\MonoBehaviour\MonoBehaviour_7355815011642766190.bin,raw
resources\assets\yoo\Default\1918525995d5a5ed05fce5506c55ca0d.bundle,MonoBehaviour,MonoBehaviour_7390697850461549422,7390697850461549422,reverse-output\gacha-static\ui-prefab-export\LotteryDrawMainView\by_type\MonoBehaviour\MonoBehaviour_7390697850461549422.bin,raw
resources\assets\yoo\Default\1918525995d5a5ed05fce5506c55ca0d.bundle,GameObject,Renderer0,7414003583970243438,reverse-output\gacha-static\ui-prefab-export\LotteryDrawMainView\by_type\GameObject\Renderer0_17.bin,raw
resources\assets\yoo\Default\1918525995d5a5ed05fce5506c55ca0d.bundle,RectTransform,RectTransform_7436559496619815790,7436559496619815790,reverse-output\gacha-static\ui-prefab-export\LotteryDrawMainView\by_type\RectTransform\RectTransform_7436559496619815790.bin,raw
resources\assets\yoo\Default\1918525995d5a5ed05fce5506c55ca0d.bundle,MonoBehaviour,MonoBehaviour_7458207179091211118,7458207179091211118,reverse-output\gacha-static\ui-prefab-export\LotteryDrawMainView\by_type\MonoBehaviour\MonoBehaviour_7458207179091211118.bin,raw
resources\assets\yoo\Default\1918525995d5a5ed05fce5506c55ca0d.bundle,RectTransform,RectTransform_7479833193543103342,7479833193543103342,reverse-output\gacha-static\ui-prefab-export\LotteryDrawMainView\by_type\RectTransform\RectTransform_7479833193543103342.bin,raw
resources\assets\yoo\Default\1918525995d5a5ed05fce5506c55ca0d.bundle,GameObject,imgLotterySource,7529262778431763310,reverse-output\gacha-static\ui-prefab-export\LotteryDrawMainView\by_type\GameObject\imgLotterySource.bin,raw
resources\assets\yoo\Default\1918525995d5a5ed05fce5506c55ca0d.bundle,RectTransform,RectTransform_7538586736974492526,7538586736974492526,reverse-output\gacha-static\ui-prefab-export\LotteryDrawMainView\by_type\RectTransform\RectTransform_7538586736974492526.bin,raw
resources\assets\yoo\Default\1918525995d5a5ed05fce5506c55ca0d.bundle,MonoBehaviour,MonoBehaviour_7549295220901081966,7549295220901081966,reverse-output\gacha-static\ui-prefab-export\LotteryDrawMainView\by_type\MonoBehaviour\MonoBehaviour_7549295220901081966.bin,raw
resources\assets\yoo\Default\1918525995d5a5ed05fce5506c55ca0d.bundle,MonoBehaviour,MonoBehaviour_7604155398541210478,7604155398541210478,reverse-output\gacha-static\ui-prefab-export\LotteryDrawMainView\by_type\MonoBehaviour\MonoBehaviour_7604155398541210478.bin,raw
resources\assets\yoo\Default\1918525995d5a5ed05fce5506c55ca0d.bundle,MonoBehaviour,MonoBehaviour_7604553426780877678,7604553426780877678,reverse-output\gacha-static\ui-prefab-export\LotteryDrawMainView\by_type\MonoBehaviour\MonoBehaviour_7604553426780877678.bin,raw
resources\assets\yoo\Default\1918525995d5a5ed05fce5506c55ca0d.bundle,MonoBehaviour,MonoBehaviour_7606573367543853934,7606573367543853934,reverse-output\gacha-static\ui-prefab-export\LotteryDrawMainView\by_type\MonoBehaviour\MonoBehaviour_7606573367543853934.bin,raw
resources\assets\yoo\Default\1918525995d5a5ed05fce5506c55ca0d.bundle,MonoBehaviour,MonoBehaviour_7677043618573382510,7677043618573382510,reverse-output\gacha-static\ui-prefab-export\LotteryDrawMainView\by_type\MonoBehaviour\MonoBehaviour_7677043618573382510.bin,raw
resources\assets\yoo\Default\1918525995d5a5ed05fce5506c55ca0d.bundle,RectTransform,RectTransform_7685875295741080430,7685875295741080430,reverse-output\gacha-static\ui-prefab-export\LotteryDrawMainView\by_type\RectTransform\RectTransform_7685875295741080430.bin,raw
resources\assets\yoo\Default\1918525995d5a5ed05fce5506c55ca0d.bundle,RectTransform,RectTransform_7694008332239958894,7694008332239958894,reverse-output\gacha-static\ui-prefab-export\LotteryDrawMainView\by_type\RectTransform\RectTransform_7694008332239958894.bin,raw
resources\assets\yoo\Default\1918525995d5a5ed05fce5506c55ca0d.bundle,MonoBehaviour,MonoBehaviour_7704497007556686702,7704497007556686702,reverse-output\gacha-static\ui-prefab-export\LotteryDrawMainView\by_type\MonoBehaviour\MonoBehaviour_7704497007556686702.bin,raw
resources\assets\yoo\Default\1918525995d5a5ed05fce5506c55ca0d.bundle,RectTransform,RectTransform_7728185066720719726,7728185066720719726,reverse-output\gacha-static\ui-prefab-export\LotteryDrawMainView\by_type\RectTransform\RectTransform_7728185066720719726.bin,raw
resources\assets\yoo\Default\1918525995d5a5ed05fce5506c55ca0d.bundle,MonoBehaviour,MonoBehaviour_7744579659693683566,7744579659693683566,reverse-output\gacha-static\ui-prefab-export\LotteryDrawMainView\by_type\MonoBehaviour\MonoBehaviour_7744579659693683566.bin,raw
resources\assets\yoo\Default\1918525995d5a5ed05fce5506c55ca0d.bundle,MonoBehaviour,MonoBehaviour_7775739592368255854,7775739592368255854,reverse-output\gacha-static\ui-prefab-export\LotteryDrawMainView\by_type\MonoBehaviour\MonoBehaviour_7775739592368255854.bin,raw
resources\assets\yoo\Default\1918525995d5a5ed05fce5506c55ca0d.bundle,GameObject,imgMask,7838483767001281390,reverse-output\gacha-static\ui-prefab-export\LotteryDrawMainView\by_type\GameObject\imgMask_5.bin,raw
resources\assets\yoo\Default\1918525995d5a5ed05fce5506c55ca0d.bundle,RectTransform,RectTransform_7840908079334290286,7840908079334290286,reverse-output\gacha-static\ui-prefab-export\LotteryDrawMainView\by_type\RectTransform\RectTransform_7840908079334290286.bin,raw
resources\assets\yoo\Default\1918525995d5a5ed05fce5506c55ca0d.bundle,GameObject,@LotteryDrawTabGrid5,7857860266660066158,reverse-output\gacha-static\ui-prefab-export\LotteryDrawMainView\by_type\GameObject\@LotteryDrawTabGrid5.bin,raw
resources\assets\yoo\Default\1918525995d5a5ed05fce5506c55ca0d.bundle,RectTransform,RectTransform_7899218643564557166,7899218643564557166,reverse-output\gacha-static\ui-prefab-export\LotteryDrawMainView\by_type\RectTransform\RectTransform_7899218643564557166.bin,raw
resources\assets\yoo\Default\1918525995d5a5ed05fce5506c55ca0d.bundle,GameObject,txtFreeTime,7912828142805971822,reverse-output\gacha-static\ui-prefab-export\LotteryDrawMainView\by_type\GameObject\txtFreeTime.bin,raw
resources\assets\yoo\Default\1918525995d5a5ed05fce5506c55ca0d.bundle,MonoBehaviour,MonoBehaviour_7937074263429542766,7937074263429542766,reverse-output\gacha-static\ui-prefab-export\LotteryDrawMainView\by_type\MonoBehaviour\MonoBehaviour_7937074263429542766.bin,raw
resources\assets\yoo\Default\1918525995d5a5ed05fce5506c55ca0d.bundle,RectTransform,RectTransform_7952169004768555886,7952169004768555886,reverse-output\gacha-static\ui-prefab-export\LotteryDrawMainView\by_type\RectTransform\RectTransform_7952169004768555886.bin,raw
resources\assets\yoo\Default\1918525995d5a5ed05fce5506c55ca0d.bundle,GameObject,txtRemainTip2,7953185367647777646,reverse-output\gacha-static\ui-prefab-export\LotteryDrawMainView\by_type\GameObject\txtRemainTip2.bin,raw
resources\assets\yoo\Default\1918525995d5a5ed05fce5506c55ca0d.bundle,GameObject,Text,7990523929424950126,reverse-output\gacha-static\ui-prefab-export\LotteryDrawMainView\by_type\GameObject\Text_17.bin,raw
resources\assets\yoo\Default\1918525995d5a5ed05fce5506c55ca0d.bundle,GameObject,Renderer0,8000475354931655534,reverse-output\gacha-static\ui-prefab-export\LotteryDrawMainView\by_type\GameObject\Renderer0_18.bin,raw
resources\assets\yoo\Default\1918525995d5a5ed05fce5506c55ca0d.bundle,MonoBehaviour,MonoBehaviour_8025378568042967918,8025378568042967918,reverse-output\gacha-static\ui-prefab-export\LotteryDrawMainView\by_type\MonoBehaviour\MonoBehaviour_8025378568042967918.bin,raw
resources\assets\yoo\Default\1918525995d5a5ed05fce5506c55ca0d.bundle,GameObject,Text,8026537811317158766,reverse-output\gacha-static\ui-prefab-export\LotteryDrawMainView\by_type\GameObject\Text_18.bin,raw
resources\assets\yoo\Default\1918525995d5a5ed05fce5506c55ca0d.bundle,RectTransform,RectTransform_8032775351133991790,8032775351133991790,reverse-output\gacha-static\ui-prefab-export\LotteryDrawMainView\by_type\RectTransform\RectTransform_8032775351133991790.bin,raw
resources\assets\yoo\Default\1918525995d5a5ed05fce5506c55ca0d.bundle,MonoBehaviour,MonoBehaviour_8061339925599548270,8061339925599548270,reverse-output\gacha-static\ui-prefab-export\LotteryDrawMainView\by_type\MonoBehaviour\MonoBehaviour_8061339925599548270.bin,raw
resources\assets\yoo\Default\1918525995d5a5ed05fce5506c55ca0d.bundle,MonoBehaviour,MonoBehaviour_8092977763935449966,8092977763935449966,reverse-output\gacha-static\ui-prefab-export\LotteryDrawMainView\by_type\MonoBehaviour\MonoBehaviour_8092977763935449966.bin,raw
resources\assets\yoo\Default\1918525995d5a5ed05fce5506c55ca0d.bundle,RectTransform,RectTransform_8101059751542125422,8101059751542125422,reverse-output\gacha-static\ui-prefab-export\LotteryDrawMainView\by_type\RectTransform\RectTransform_8101059751542125422.bin,raw
resources\assets\yoo\Default\1918525995d5a5ed05fce5506c55ca0d.bundle,GameObject,@Image_line_l,8143487810255516526,reverse-output\gacha-static\ui-prefab-export\LotteryDrawMainView\by_type\GameObject\@Image_line_l.bin,raw
resources\assets\yoo\Default\1918525995d5a5ed05fce5506c55ca0d.bundle,RectTransform,RectTransform_8155289850689549166,8155289850689549166,reverse-output\gacha-static\ui-prefab-export\LotteryDrawMainView\by_type\RectTransform\RectTransform_8155289850689549166.bin,raw
resources\assets\yoo\Default\1918525995d5a5ed05fce5506c55ca0d.bundle,MonoBehaviour,MonoBehaviour_8175298688143913838,8175298688143913838,reverse-output\gacha-static\ui-prefab-export\LotteryDrawMainView\by_type\MonoBehaviour\MonoBehaviour_8175298688143913838.bin,raw
resources\assets\yoo\Default\1918525995d5a5ed05fce5506c55ca0d.bundle,MonoBehaviour,MonoBehaviour_8177350136353780590,8177350136353780590,reverse-output\gacha-static\ui-prefab-export\LotteryDrawMainView\by_type\MonoBehaviour\MonoBehaviour_8177350136353780590.bin,raw
resources\assets\yoo\Default\1918525995d5a5ed05fce5506c55ca0d.bundle,MonoBehaviour,MonoBehaviour_8183543593281385326,8183543593281385326,reverse-output\gacha-static\ui-prefab-export\LotteryDrawMainView\by_type\MonoBehaviour\MonoBehaviour_8183543593281385326.bin,raw
resources\assets\yoo\Default\1918525995d5a5ed05fce5506c55ca0d.bundle,GameObject,@Spine_hero_011,8184702616452068206,reverse-output\gacha-static\ui-prefab-export\LotteryDrawMainView\by_type\GameObject\@Spine_hero_011.bin,raw
resources\assets\yoo\Default\1918525995d5a5ed05fce5506c55ca0d.bundle,RectTransform,RectTransform_8193279951026320238,8193279951026320238,reverse-output\gacha-static\ui-prefab-export\LotteryDrawMainView\by_type\RectTransform\RectTransform_8193279951026320238.bin,raw
resources\assets\yoo\Default\1918525995d5a5ed05fce5506c55ca0d.bundle,MonoBehaviour,MonoBehaviour_8210731574511596398,8210731574511596398,reverse-output\gacha-static\ui-prefab-export\LotteryDrawMainView\by_type\MonoBehaviour\MonoBehaviour_8210731574511596398.bin,raw
resources\assets\yoo\Default\1918525995d5a5ed05fce5506c55ca0d.bundle,MonoBehaviour,MonoBehaviour_8216105934818046830,8216105934818046830,reverse-output\gacha-static\ui-prefab-export\LotteryDrawMainView\by_type\MonoBehaviour\MonoBehaviour_8216105934818046830.bin,raw
resources\assets\yoo\Default\1918525995d5a5ed05fce5506c55ca0d.bundle,MonoBehaviour,MonoBehaviour_8254380081861030766,8254380081861030766,reverse-output\gacha-static\ui-prefab-export\LotteryDrawMainView\by_type\MonoBehaviour\MonoBehaviour_8254380081861030766.bin,raw
resources\assets\yoo\Default\1918525995d5a5ed05fce5506c55ca0d.bundle,RectTransform,RectTransform_8289649923680629614,8289649923680629614,reverse-output\gacha-static\ui-prefab-export\LotteryDrawMainView\by_type\RectTransform\RectTransform_8289649923680629614.bin,raw
resources\assets\yoo\Default\1918525995d5a5ed05fce5506c55ca0d.bundle,MonoBehaviour,MonoBehaviour_8306239923440317294,8306239923440317294,reverse-output\gacha-static\ui-prefab-export\LotteryDrawMainView\by_type\MonoBehaviour\MonoBehaviour_8306239923440317294.bin,raw
resources\assets\yoo\Default\1918525995d5a5ed05fce5506c55ca0d.bundle,RectTransform,RectTransform_8337106275948688238,8337106275948688238,reverse-output\gacha-static\ui-prefab-export\LotteryDrawMainView\by_type\RectTransform\RectTransform_8337106275948688238.bin,raw
resources\assets\yoo\Default\1918525995d5a5ed05fce5506c55ca0d.bundle,RectTransform,RectTransform_8343547366639268718,8343547366639268718,reverse-output\gacha-static\ui-prefab-export\LotteryDrawMainView\by_type\RectTransform\RectTransform_8343547366639268718.bin,raw
resources\assets\yoo\Default\1918525995d5a5ed05fce5506c55ca0d.bundle,MonoBehaviour,MonoBehaviour_8365323763726611310,8365323763726611310,reverse-output\gacha-static\ui-prefab-export\LotteryDrawMainView\by_type\MonoBehaviour\MonoBehaviour_8365323763726611310.bin,raw
resources\assets\yoo\Default\1918525995d5a5ed05fce5506c55ca0d.bundle,GameObject,@LotteryDrawTabGrid2,8388134390041998190,reverse-output\gacha-static\ui-prefab-export\LotteryDrawMainView\by_type\GameObject\@LotteryDrawTabGrid2.bin,raw
resources\assets\yoo\Default\1918525995d5a5ed05fce5506c55ca0d.bundle,GameObject,pnlSkipAnim,8391607535791108974,reverse-output\gacha-static\ui-prefab-export\LotteryDrawMainView\by_type\GameObject\pnlSkipAnim.bin,raw
resources\assets\yoo\Default\1918525995d5a5ed05fce5506c55ca0d.bundle,MonoBehaviour,MonoBehaviour_8403319802298102638,8403319802298102638,reverse-output\gacha-static\ui-prefab-export\LotteryDrawMainView\by_type\MonoBehaviour\MonoBehaviour_8403319802298102638.bin,raw
resources\assets\yoo\Default\1918525995d5a5ed05fce5506c55ca0d.bundle,GameObject,btnClick,8408173931153912686,reverse-output\gacha-static\ui-prefab-export\LotteryDrawMainView\by_type\GameObject\btnClick_4.bin,raw
resources\assets\yoo\Default\1918525995d5a5ed05fce5506c55ca0d.bundle,GameObject,pnlHero2,8412678621000823662,reverse-output\gacha-static\ui-prefab-export\LotteryDrawMainView\by_type\GameObject\pnlHero2_1.bin,raw
resources\assets\yoo\Default\1918525995d5a5ed05fce5506c55ca0d.bundle,RectTransform,RectTransform_8458062155113296750,8458062155113296750,reverse-output\gacha-static\ui-prefab-export\LotteryDrawMainView\by_type\RectTransform\RectTransform_8458062155113296750.bin,raw
resources\assets\yoo\Default\1918525995d5a5ed05fce5506c55ca0d.bundle,MonoBehaviour,MonoBehaviour_8462765187456168814,8462765187456168814,reverse-output\gacha-static\ui-prefab-export\LotteryDrawMainView\by_type\MonoBehaviour\MonoBehaviour_8462765187456168814.bin,raw
resources\assets\yoo\Default\1918525995d5a5ed05fce5506c55ca0d.bundle,RectTransform,RectTransform_8505262289824117614,8505262289824117614,reverse-output\gacha-static\ui-prefab-export\LotteryDrawMainView\by_type\RectTransform\RectTransform_8505262289824117614.bin,raw
resources\assets\yoo\Default\1918525995d5a5ed05fce5506c55ca0d.bundle,MonoBehaviour,MonoBehaviour_8567476682704024430,8567476682704024430,reverse-output\gacha-static\ui-prefab-export\LotteryDrawMainView\by_type\MonoBehaviour\MonoBehaviour_8567476682704024430.bin,raw
resources\assets\yoo\Default\1918525995d5a5ed05fce5506c55ca0d.bundle,MonoBehaviour,MonoBehaviour_8613022944554578798,8613022944554578798,reverse-output\gacha-static\ui-prefab-export\LotteryDrawMainView\by_type\MonoBehaviour\MonoBehaviour_8613022944554578798.bin,raw
resources\assets\yoo\Default\1918525995d5a5ed05fce5506c55ca0d.bundle,RectTransform,RectTransform_8621215088971150190,8621215088971150190,reverse-output\gacha-static\ui-prefab-export\LotteryDrawMainView\by_type\RectTransform\RectTransform_8621215088971150190.bin,raw
resources\assets\yoo\Default\1918525995d5a5ed05fce5506c55ca0d.bundle,RectTransform,RectTransform_8628865013907649390,8628865013907649390,reverse-output\gacha-static\ui-prefab-export\LotteryDrawMainView\by_type\RectTransform\RectTransform_8628865013907649390.bin,raw
resources\assets\yoo\Default\1918525995d5a5ed05fce5506c55ca0d.bundle,RectTransform,RectTransform_8694535411777532782,8694535411777532782,reverse-output\gacha-static\ui-prefab-export\LotteryDrawMainView\by_type\RectTransform\RectTransform_8694535411777532782.bin,raw
resources\assets\yoo\Default\1918525995d5a5ed05fce5506c55ca0d.bundle,MonoBehaviour,MonoBehaviour_8706176815372432238,8706176815372432238,reverse-output\gacha-static\ui-prefab-export\LotteryDrawMainView\by_type\MonoBehaviour\MonoBehaviour_8706176815372432238.bin,raw
resources\assets\yoo\Default\1918525995d5a5ed05fce5506c55ca0d.bundle,RectTransform,RectTransform_8713802200990937966,8713802200990937966,reverse-output\gacha-static\ui-prefab-export\LotteryDrawMainView\by_type\RectTransform\RectTransform_8713802200990937966.bin,raw
resources\assets\yoo\Default\1918525995d5a5ed05fce5506c55ca0d.bundle,MonoBehaviour,MonoBehaviour_8721267315069088622,8721267315069088622,reverse-output\gacha-static\ui-prefab-export\LotteryDrawMainView\by_type\MonoBehaviour\MonoBehaviour_8721267315069088622.bin,raw
resources\assets\yoo\Default\1918525995d5a5ed05fce5506c55ca0d.bundle,RectTransform,RectTransform_8721437057631646574,8721437057631646574,reverse-output\gacha-static\ui-prefab-export\LotteryDrawMainView\by_type\RectTransform\RectTransform_8721437057631646574.bin,raw
resources\assets\yoo\Default\1918525995d5a5ed05fce5506c55ca0d.bundle,RectTransform,RectTransform_8736358733409022830,8736358733409022830,reverse-output\gacha-static\ui-prefab-export\LotteryDrawMainView\by_type\RectTransform\RectTransform_8736358733409022830.bin,raw
resources\assets\yoo\Default\1918525995d5a5ed05fce5506c55ca0d.bundle,GameObject,Checkmark,8752603802896823150,reverse-output\gacha-static\ui-prefab-export\LotteryDrawMainView\by_type\GameObject\Checkmark.bin,raw
resources\assets\yoo\Default\1918525995d5a5ed05fce5506c55ca0d.bundle,RectTransform,RectTransform_8758802576895898478,8758802576895898478,reverse-output\gacha-static\ui-prefab-export\LotteryDrawMainView\by_type\RectTransform\RectTransform_8758802576895898478.bin,raw
resources\assets\yoo\Default\1918525995d5a5ed05fce5506c55ca0d.bundle,GameObject,imgWishHero,8762080279572378478,reverse-output\gacha-static\ui-prefab-export\LotteryDrawMainView\by_type\GameObject\imgWishHero_1.bin,raw
resources\assets\yoo\Default\1918525995d5a5ed05fce5506c55ca0d.bundle,MonoBehaviour,MonoBehaviour_8802696198354170734,8802696198354170734,reverse-output\gacha-static\ui-prefab-export\LotteryDrawMainView\by_type\MonoBehaviour\MonoBehaviour_8802696198354170734.bin,raw
resources\assets\yoo\Default\1918525995d5a5ed05fce5506c55ca0d.bundle,GameObject,imgTip,8820290627342365550,reverse-output\gacha-static\ui-prefab-export\LotteryDrawMainView\by_type\GameObject\imgTip.bin,raw
resources\assets\yoo\Default\1918525995d5a5ed05fce5506c55ca0d.bundle,RectTransform,RectTransform_8822362917339853678,8822362917339853678,reverse-output\gacha-static\ui-prefab-export\LotteryDrawMainView\by_type\RectTransform\RectTransform_8822362917339853678.bin,raw
resources\assets\yoo\Default\1918525995d5a5ed05fce5506c55ca0d.bundle,GameObject,spHero,8842042464091566958,reverse-output\gacha-static\ui-prefab-export\LotteryDrawMainView\by_type\GameObject\spHero_5.bin,raw
resources\assets\yoo\Default\1918525995d5a5ed05fce5506c55ca0d.bundle,RectTransform,RectTransform_8875988616134652782,8875988616134652782,reverse-output\gacha-static\ui-prefab-export\LotteryDrawMainView\by_type\RectTransform\RectTransform_8875988616134652782.bin,raw
resources\assets\yoo\Default\1918525995d5a5ed05fce5506c55ca0d.bundle,GameObject,btnReward,8902602762616763246,reverse-output\gacha-static\ui-prefab-export\LotteryDrawMainView\by_type\GameObject\btnReward.bin,raw
resources\assets\yoo\Default\1918525995d5a5ed05fce5506c55ca0d.bundle,GameObject,Text,8939307436190790510,reverse-output\gacha-static\ui-prefab-export\LotteryDrawMainView\by_type\GameObject\Text_19.bin,raw
resources\assets\yoo\Default\1918525995d5a5ed05fce5506c55ca0d.bundle,RectTransform,RectTransform_8942623359248495470,8942623359248495470,reverse-output\gacha-static\ui-prefab-export\LotteryDrawMainView\by_type\RectTransform\RectTransform_8942623359248495470.bin,raw
resources\assets\yoo\Default\1918525995d5a5ed05fce5506c55ca0d.bundle,MonoBehaviour,MonoBehaviour_8948831975937143662,8948831975937143662,reverse-output\gacha-static\ui-prefab-export\LotteryDrawMainView\by_type\MonoBehaviour\MonoBehaviour_8948831975937143662.bin,raw
resources\assets\yoo\Default\1918525995d5a5ed05fce5506c55ca0d.bundle,RectTransform,RectTransform_8951045413507953518,8951045413507953518,reverse-output\gacha-static\ui-prefab-export\LotteryDrawMainView\by_type\RectTransform\RectTransform_8951045413507953518.bin,raw
resources\assets\yoo\Default\1918525995d5a5ed05fce5506c55ca0d.bundle,RectTransform,RectTransform_8962582929084380014,8962582929084380014,reverse-output\gacha-static\ui-prefab-export\LotteryDrawMainView\by_type\RectTransform\RectTransform_8962582929084380014.bin,raw
resources\assets\yoo\Default\1918525995d5a5ed05fce5506c55ca0d.bundle,GameObject,imgEpicBg,9024649339721544558,reverse-output\gacha-static\ui-prefab-export\LotteryDrawMainView\by_type\GameObject\imgEpicBg.bin,raw
resources\assets\yoo\Default\1918525995d5a5ed05fce5506c55ca0d.bundle,RectTransform,RectTransform_9048416120629490542,9048416120629490542,reverse-output\gacha-static\ui-prefab-export\LotteryDrawMainView\by_type\RectTransform\RectTransform_9048416120629490542.bin,raw
resources\assets\yoo\Default\1918525995d5a5ed05fce5506c55ca0d.bundle,MonoBehaviour,MonoBehaviour_9055340686654108526,9055340686654108526,reverse-output\gacha-static\ui-prefab-export\LotteryDrawMainView\by_type\MonoBehaviour\MonoBehaviour_9055340686654108526.bin,raw
resources\assets\yoo\Default\1918525995d5a5ed05fce5506c55ca0d.bundle,RectTransform,RectTransform_9058008826943632238,9058008826943632238,reverse-output\gacha-static\ui-prefab-export\LotteryDrawMainView\by_type\RectTransform\RectTransform_9058008826943632238.bin,raw
resources\assets\yoo\Default\1918525995d5a5ed05fce5506c55ca0d.bundle,GameObject,imgRemainTip,9067935480049824622,reverse-output\gacha-static\ui-prefab-export\LotteryDrawMainView\by_type\GameObject\imgRemainTip.bin,raw
resources\assets\yoo\Default\1918525995d5a5ed05fce5506c55ca0d.bundle,RectTransform,RectTransform_9074178578579452782,9074178578579452782,reverse-output\gacha-static\ui-prefab-export\LotteryDrawMainView\by_type\RectTransform\RectTransform_9074178578579452782.bin,raw
resources\assets\yoo\Default\1918525995d5a5ed05fce5506c55ca0d.bundle,RectTransform,RectTransform_9175268052005417838,9175268052005417838,reverse-output\gacha-static\ui-prefab-export\LotteryDrawMainView\by_type\RectTransform\RectTransform_9175268052005417838.bin,raw
resources\assets\yoo\Default\1918525995d5a5ed05fce5506c55ca0d.bundle,GameObject,Text,9176550230212408174,reverse-output\gacha-static\ui-prefab-export\LotteryDrawMainView\by_type\GameObject\Text_20.bin,raw
resources\assets\yoo\Default\1918525995d5a5ed05fce5506c55ca0d.bundle,RectTransform,RectTransform_9181326865990677358,9181326865990677358,reverse-output\gacha-static\ui-prefab-export\LotteryDrawMainView\by_type\RectTransform\RectTransform_9181326865990677358.bin,raw
resources\assets\yoo\Default\1918525995d5a5ed05fce5506c55ca0d.bundle,MonoBehaviour,MonoBehaviour_9200539736497058670,9200539736497058670,reverse-output\gacha-static\ui-prefab-export\LotteryDrawMainView\by_type\MonoBehaviour\MonoBehaviour_9200539736497058670.bin,raw
resources\assets\yoo\Default\1918525995d5a5ed05fce5506c55ca0d.bundle,MonoBehaviour,MonoBehaviour_9208921854909281134,9208921854909281134,reverse-output\gacha-static\ui-prefab-export\LotteryDrawMainView\by_type\MonoBehaviour\MonoBehaviour_9208921854909281134.bin,raw
