heroId,rare,rare2,rare3,nameKey,nameText,jNameText,labelText,skinIds,characterIds,galCharacterIds,spine,galSpine,recruitImg,halfIcon,galHalfIcon,illustrateImage,assetPathCandidates
240030,2,0,0,hero_title240030,妲己,妲己,,24003000|24003001,24003000|24003001,24003000|24003001,hero_037|hero_037_s01,hero_037r_s01|hero_037r,zhero_037|zhero_037_s01,bhero_037|bhero_037_s01,phero_037r_s01|phero_037r,hero_sex01,Assets/Game/RawAssets/Spine/Hero/hero_037/hero_037.atlas.txt|Assets/Game/RawAssets/Spine/Hero/hero_037/hero_037.png|Assets/Game/RawAssets/Spine/Hero/hero_037/hero_037.skel.bytes|Assets/Game/RawAssets/Spine/Hero/hero_037/hero_037_Atlas.asset|Assets/Game/RawAssets/Spine/Hero/hero_037/hero_037_Material.mat|Assets/Game/RawAssets/Spine/Hero/hero_037/hero_037_silhouette.atlas.txt|Assets/Game/RawAssets/Spine/Hero/hero_037/hero_037_silhouette.png|Assets/Game/RawAssets/Spine/Hero/hero_037/hero_037_silhouette.skel.bytes|Assets/Game/RawAssets/Spine/Hero/hero_037/hero_037_silhouette_Atlas.asset|Assets/Game/RawAssets/Spine/Hero/hero_037/hero_037_silhouette_Material.mat|Assets/Game/RawAssets/Spine/Hero/hero_037/hero_037_silhouette_SkeletonData.asset|Assets/Game/RawAssets/Spine/Hero/hero_037/hero_037_SkeletonData.asset|Assets/Game/RawAssets/Spine/Hero/hero_037_s01/hero_037_s01.atlas.txt|Assets/Game/RawAssets/Spine/Hero/hero_037_s01/hero_037_s01.png|Assets/Game/RawAssets/Spine/Hero/hero_037_s01/hero_037_s01.skel.bytes|Assets/Game/RawAssets/Spine/Hero/hero_037_s01/hero_037_s01_Atlas.asset|Assets/Game/RawAssets/Spine/Hero/hero_037_s01/hero_037_s01_Material.mat|Assets/Game/RawAssets/Spine/Hero/hero_037_s01/hero_037_s01_SkeletonData.asset|Assets/Game/RawAssets/Spine/Hero/hero_037_s01h/hero_037_s01h.atlas.txt|Assets/Game/RawAssets/Spine/Hero/hero_037_s01h/hero_037_s01h.png|Assets/Game/RawAssets/Spine/Hero/hero_037_s01h/hero_037_s01h.skel.bytes|Assets/Game/RawAssets/Spine/Hero/hero_037_s01h/hero_037_s01h_Atlas.asset|Assets/Game/RawAssets/Spine/Hero/hero_037_s01h/hero_037_s01h_Material.mat|Assets/Game/RawAssets/Spine/Hero/hero_037_s01h/hero_037_s01h_SkeletonData.asset|Assets/Game/RawAssets/Spine/Hero/hero_037_t01/hero_037_t01.atlas.txt|Assets/Game/RawAssets/Spine/Hero/hero_037_t01/hero_037_t01.png|Assets/Game/RawAssets/Spine/Hero/hero_037_t01/hero_037_t01.skel.bytes|Assets/Game/RawAssets/Spine/Hero/hero_037_t01/hero_037_t01_Atlas.asset|Assets/Game/RawAssets/Spine/Hero/hero_037_t01/hero_037_t01_bg.atlas.txt|Assets/Game/RawAssets/Spine/Hero/hero_037_t01/hero_037_t01_bg.png|Assets/Game/RawAssets/Spine/Hero/hero_037_t01/hero_037_t01_bg.skel.bytes|Assets/Game/RawAssets/Spine/Hero/hero_037_t01/hero_037_t01_bg_Atlas.asset|Assets/Game/RawAssets/Spine/Hero/hero_037_t01/hero_037_t01_bg_Material.mat|Assets/Game/RawAssets/Spine/Hero/hero_037_t01/hero_037_t01_bg_SkeletonData.asset|Assets/Game/RawAssets/Spine/Hero/hero_037_t01/hero_037_t01_fg.atlas.txt|Assets/Game/RawAssets/Spine/Hero/hero_037_t01/hero_037_t01_fg.png|Assets/Game/RawAssets/Spine/Hero/hero_037_t01/hero_037_t01_fg.skel.bytes|Assets/Game/RawAssets/Spine/Hero/hero_037_t01/hero_037_t01_fg_Atlas.asset|Assets/Game/RawAssets/Spine/Hero/hero_037_t01/hero_037_t01_fg_Material.mat|Assets/Game/RawAssets/Spine/Hero/hero_037_t01/hero_037_t01_fg_SkeletonData.asset
240031,3,0,0,hero_title240031,申公豹,申公豹,,24003100,24003100,,hero_044,,zhero_044,bhero_044,,hero_sex01,Assets/Game/RawAssets/Spine/Hero/hero_044/hero_044.atlas.txt|Assets/Game/RawAssets/Spine/Hero/hero_044/hero_044.png|Assets/Game/RawAssets/Spine/Hero/hero_044/hero_044.skel.bytes|Assets/Game/RawAssets/Spine/Hero/hero_044/hero_044_Atlas.asset|Assets/Game/RawAssets/Spine/Hero/hero_044/hero_044_bg.atlas.txt|Assets/Game/RawAssets/Spine/Hero/hero_044/hero_044_bg.png|Assets/Game/RawAssets/Spine/Hero/hero_044/hero_044_bg.skel.bytes|Assets/Game/RawAssets/Spine/Hero/hero_044/hero_044_bg_Atlas.asset|Assets/Game/RawAssets/Spine/Hero/hero_044/hero_044_bg_Material.mat|Assets/Game/RawAssets/Spine/Hero/hero_044/hero_044_bg_SkeletonData.asset|Assets/Game/RawAssets/Spine/Hero/hero_044/hero_044_fg.atlas.txt|Assets/Game/RawAssets/Spine/Hero/hero_044/hero_044_fg.png|Assets/Game/RawAssets/Spine/Hero/hero_044/hero_044_fg.skel.bytes|Assets/Game/RawAssets/Spine/Hero/hero_044/hero_044_fg_Atlas.asset|Assets/Game/RawAssets/Spine/Hero/hero_044/hero_044_fg_Material.mat|Assets/Game/RawAssets/Spine/Hero/hero_044/hero_044_fg_SkeletonData.asset|Assets/Game/RawAssets/Spine/Hero/hero_044/hero_044_Material.mat|Assets/Game/RawAssets/Spine/Hero/hero_044/hero_044_silhouette.atlas.txt|Assets/Game/RawAssets/Spine/Hero/hero_044/hero_044_silhouette.png|Assets/Game/RawAssets/Spine/Hero/hero_044/hero_044_silhouette.skel.bytes|Assets/Game/RawAssets/Spine/Hero/hero_044/hero_044_silhouette_Atlas.asset|Assets/Game/RawAssets/Spine/Hero/hero_044/hero_044_silhouette_Material.mat|Assets/Game/RawAssets/Spine/Hero/hero_044/hero_044_silhouette_SkeletonData.asset|Assets/Game/RawAssets/Spine/Hero/hero_044/hero_044_SkeletonData.asset|Assets/Game/RawAssets/Sound/Battle/hero_044q_attack.wav|Assets/Game/RawAssets/Sound/Battle/hero_044q_attack1.wav|Assets/Game/RawAssets/Sound/Battle/hero_044q_skill_1.wav|Assets/Game/RawAssets/Sound/Battle/hero_044q_skill_2.wav|Assets/Game/RawAssets/Prefabs/3d/hero_044q_attack.prefab|Assets/Game/RawAssets/Prefabs/3d/hero_044q_attack1_dandao.prefab|Assets/Game/RawAssets/Prefabs/3d/hero_044q_attack1_hit.prefab|Assets/Game/RawAssets/Prefabs/3d/hero_044q_attack1_hit_afk.prefab|Assets/Game/RawAssets/Prefabs/3d/hero_044q_attack1_shifa.prefab|Assets/Game/RawAssets/Prefabs/3d/hero_044q_skill_1.prefab|Assets/Game/RawAssets/Prefabs/3d/hero_044q_skill_2.prefab|Assets/Game/RawAssets/Prefabs/Skill/Hero_044Q_fx.prefab|Assets/Game/RawAssets/Sound/Hero/hero_044_battle.wav|Assets/Game/RawAssets/Sound/Hero/hero_044_fail.wav|Assets/Game/RawAssets/Sound/Hero/hero_044_recruit.wav|Assets/Game/RawAssets/Sound/Hero/hero_044_select.wav
240032,3,0,0,hero_title240032,玉藻前,玉藻前,,24003200,24003200,,hero_004,,zhero_004,bhero_004,,hero_sex01,Assets/Game/RawAssets/Spine/Hero/hero_004/hero_004.atlas.txt|Assets/Game/RawAssets/Spine/Hero/hero_004/hero_004.png|Assets/Game/RawAssets/Spine/Hero/hero_004/hero_004.skel.bytes|Assets/Game/RawAssets/Spine/Hero/hero_004/hero_004_2.png|Assets/Game/RawAssets/Spine/Hero/hero_004/hero_004_Atlas.asset|Assets/Game/RawAssets/Spine/Hero/hero_004/hero_004_hero_004.mat|Assets/Game/RawAssets/Spine/Hero/hero_004/hero_004_hero_004_2.mat|Assets/Game/RawAssets/Spine/Hero/hero_004/hero_004_Material.mat|Assets/Game/RawAssets/Spine/Hero/hero_004/hero_004_Material-Additive.mat|Assets/Game/RawAssets/Spine/Hero/hero_004/hero_004_silhouette.atlas.txt|Assets/Game/RawAssets/Spine/Hero/hero_004/hero_004_silhouette.png|Assets/Game/RawAssets/Spine/Hero/hero_004/hero_004_silhouette.skel.bytes|Assets/Game/RawAssets/Spine/Hero/hero_004/hero_004_silhouette_Atlas.asset|Assets/Game/RawAssets/Spine/Hero/hero_004/hero_004_silhouette_Material.mat|Assets/Game/RawAssets/Spine/Hero/hero_004/hero_004_silhouette_SkeletonData.asset|Assets/Game/RawAssets/Spine/Hero/hero_004/hero_004_SkeletonData.asset|Assets/Game/RawAssets/Spine/Hero/hero_004Dh/hero_004Dh.atlas.txt|Assets/Game/RawAssets/Spine/Hero/hero_004Dh/hero_004Dh.png|Assets/Game/RawAssets/Spine/Hero/hero_004Dh/hero_004Dh.skel.bytes|Assets/Game/RawAssets/Spine/Hero/hero_004Dh/hero_004Dh_Atlas.asset|Assets/Game/RawAssets/Spine/Hero/hero_004Dh/hero_004Dh_Material.mat|Assets/Game/RawAssets/Spine/Hero/hero_004Dh/hero_004Dh_Material-Additive.mat|Assets/Game/RawAssets/Spine/Hero/hero_004Dh/hero_004Dh_SkeletonData.asset|Assets/Game/RawAssets/Spine/Hero/hero_004h/hero_004h.atlas.txt|Assets/Game/RawAssets/Spine/Hero/hero_004h/hero_004h.png|Assets/Game/RawAssets/Spine/Hero/hero_004h/hero_004h.skel.bytes|Assets/Game/RawAssets/Spine/Hero/hero_004h/hero_004h_Atlas.asset|Assets/Game/RawAssets/Spine/Hero/hero_004h/hero_004h_Material.mat|Assets/Game/RawAssets/Spine/Hero/hero_004h/hero_004h_Material-Additive.mat|Assets/Game/RawAssets/Spine/Hero/hero_004h/hero_004h_SkeletonData.asset|Assets/Game/RawAssets/Sound/Battle/hero_004q_attack.wav|Assets/Game/RawAssets/Sound/Battle/hero_004q_attack1.wav|Assets/Game/RawAssets/Sound/Battle/hero_004q_skill_1.wav|Assets/Game/RawAssets/Sound/Battle/hero_004q_skill_2.wav|Assets/Game/RawAssets/Prefabs/3d/hero_004q_attack.prefab|Assets/Game/RawAssets/Prefabs/3d/hero_004q_attack1.prefab|Assets/Game/RawAssets/Prefabs/3d/hero_004q_attack1_dandao.prefab|Assets/Game/RawAssets/Prefabs/3d/hero_004q_attack1_hit.prefab|Assets/Game/RawAssets/Prefabs/3d/hero_004q_attack1_hit_afk.prefab|Assets/Game/RawAssets/Prefabs/3d/hero_004q_attack1_shifa.prefab
240034,3,0,0,hero_title240034,迦樓羅,迦樓羅,,24003400,24003400,,hero_047,,zhero_047,bhero_047,,hero_sex01,Assets/Game/RawAssets/Spine/Hero/hero_047/hero_047.atlas.txt|Assets/Game/RawAssets/Spine/Hero/hero_047/hero_047.png|Assets/Game/RawAssets/Spine/Hero/hero_047/hero_047.skel.bytes|Assets/Game/RawAssets/Spine/Hero/hero_047/hero_047_2.png|Assets/Game/RawAssets/Spine/Hero/hero_047/hero_047_Atlas.asset|Assets/Game/RawAssets/Spine/Hero/hero_047/hero_047_bg.atlas.txt|Assets/Game/RawAssets/Spine/Hero/hero_047/hero_047_bg.png|Assets/Game/RawAssets/Spine/Hero/hero_047/hero_047_bg.skel.bytes|Assets/Game/RawAssets/Spine/Hero/hero_047/hero_047_bg_Atlas.asset|Assets/Game/RawAssets/Spine/Hero/hero_047/hero_047_bg_Material.mat|Assets/Game/RawAssets/Spine/Hero/hero_047/hero_047_bg_SkeletonData.asset|Assets/Game/RawAssets/Spine/Hero/hero_047/hero_047_fg.atlas.txt|Assets/Game/RawAssets/Spine/Hero/hero_047/hero_047_fg.png|Assets/Game/RawAssets/Spine/Hero/hero_047/hero_047_fg.skel.bytes|Assets/Game/RawAssets/Spine/Hero/hero_047/hero_047_fg_Atlas.asset|Assets/Game/RawAssets/Spine/Hero/hero_047/hero_047_fg_Material.mat|Assets/Game/RawAssets/Spine/Hero/hero_047/hero_047_fg_Material-Additive.mat|Assets/Game/RawAssets/Spine/Hero/hero_047/hero_047_fg_SkeletonData.asset|Assets/Game/RawAssets/Spine/Hero/hero_047/hero_047_hero_047.mat|Assets/Game/RawAssets/Spine/Hero/hero_047/hero_047_hero_047_2.mat|Assets/Game/RawAssets/Spine/Hero/hero_047/hero_047_Material.mat|Assets/Game/RawAssets/Spine/Hero/hero_047/hero_047_Material-Additive.mat|Assets/Game/RawAssets/Spine/Hero/hero_047/hero_047_silhouette.atlas.txt|Assets/Game/RawAssets/Spine/Hero/hero_047/hero_047_silhouette.png|Assets/Game/RawAssets/Spine/Hero/hero_047/hero_047_silhouette.skel.bytes|Assets/Game/RawAssets/Spine/Hero/hero_047/hero_047_silhouette_Atlas.asset|Assets/Game/RawAssets/Spine/Hero/hero_047/hero_047_silhouette_Material.mat|Assets/Game/RawAssets/Spine/Hero/hero_047/hero_047_silhouette_SkeletonData.asset|Assets/Game/RawAssets/Spine/Hero/hero_047/hero_047_SkeletonData.asset|Assets/Game/RawAssets/Spine/Hero/hero_047h/hero_047h.atlas.txt|Assets/Game/RawAssets/Spine/Hero/hero_047h/hero_047h.png|Assets/Game/RawAssets/Spine/Hero/hero_047h/hero_047h.skel.bytes|Assets/Game/RawAssets/Spine/Hero/hero_047h/hero_047h.spriteatlas|Assets/Game/RawAssets/Spine/Hero/hero_047h/hero_047h_Atlas.asset|Assets/Game/RawAssets/Spine/Hero/hero_047h/hero_047h_bg.atlas.txt|Assets/Game/RawAssets/Spine/Hero/hero_047h/hero_047h_bg.png|Assets/Game/RawAssets/Spine/Hero/hero_047h/hero_047h_bg.skel.bytes|Assets/Game/RawAssets/Spine/Hero/hero_047h/hero_047h_bg_Atlas.asset|Assets/Game/RawAssets/Spine/Hero/hero_047h/hero_047h_bg_Material.mat|Assets/Game/RawAssets/Spine/Hero/hero_047h/hero_047h_bg_SkeletonData.asset
240035,3,0,0,hero_title240035,伊斯塔爾,伊斯塔爾,,24003500,24003500,,hero_055,,zhero_055,bhero_055,,hero_sex01,Assets/Game/RawAssets/Spine/Hero/hero_055/hero_055.atlas.txt|Assets/Game/RawAssets/Spine/Hero/hero_055/hero_055.png|Assets/Game/RawAssets/Spine/Hero/hero_055/hero_055.skel.bytes|Assets/Game/RawAssets/Spine/Hero/hero_055/hero_055_2.png|Assets/Game/RawAssets/Spine/Hero/hero_055/hero_055_3.png|Assets/Game/RawAssets/Spine/Hero/hero_055/hero_055_Atlas.asset|Assets/Game/RawAssets/Spine/Hero/hero_055/hero_055_hero_055.mat|Assets/Game/RawAssets/Spine/Hero/hero_055/hero_055_hero_055_2.mat|Assets/Game/RawAssets/Spine/Hero/hero_055/hero_055_hero_055_2-Additive.mat|Assets/Game/RawAssets/Spine/Hero/hero_055/hero_055_hero_055_3.mat|Assets/Game/RawAssets/Spine/Hero/hero_055/hero_055_Material.mat|Assets/Game/RawAssets/Spine/Hero/hero_055/hero_055_Material-Additive.mat|Assets/Game/RawAssets/Spine/Hero/hero_055/hero_055_silhouette.atlas.txt|Assets/Game/RawAssets/Spine/Hero/hero_055/hero_055_silhouette.png|Assets/Game/RawAssets/Spine/Hero/hero_055/hero_055_silhouette.skel.bytes|Assets/Game/RawAssets/Spine/Hero/hero_055/hero_055_silhouette_Atlas.asset|Assets/Game/RawAssets/Spine/Hero/hero_055/hero_055_silhouette_Material.mat|Assets/Game/RawAssets/Spine/Hero/hero_055/hero_055_silhouette_SkeletonData.asset|Assets/Game/RawAssets/Spine/Hero/hero_055/hero_055_SkeletonData.asset|Assets/Game/RawAssets/Spine/Hero/hero_055h/hero_055h.atlas.txt|Assets/Game/RawAssets/Spine/Hero/hero_055h/hero_055h.png|Assets/Game/RawAssets/Spine/Hero/hero_055h/hero_055h.skel.bytes|Assets/Game/RawAssets/Spine/Hero/hero_055h/hero_055h_Atlas.asset|Assets/Game/RawAssets/Spine/Hero/hero_055h/hero_055h_Material.mat|Assets/Game/RawAssets/Spine/Hero/hero_055h/hero_055h_Material-Additive.mat|Assets/Game/RawAssets/Spine/Hero/hero_055h/hero_055h_SkeletonData.asset|Assets/Game/RawAssets/Sound/Battle/hero_055q_attack.wav|Assets/Game/RawAssets/Sound/Battle/hero_055q_attack1.wav|Assets/Game/RawAssets/Sound/Battle/hero_055q_skill_1.wav|Assets/Game/RawAssets/Sound/Battle/hero_055q_skill_2.wav|Assets/Game/RawAssets/Prefabs/3d/hero_055q_attack.prefab|Assets/Game/RawAssets/Prefabs/3d/hero_055q_attack1_dandao.prefab|Assets/Game/RawAssets/Prefabs/3d/hero_055q_attack1_hit.prefab|Assets/Game/RawAssets/Prefabs/3d/hero_055q_attack1_hit_afk.prefab|Assets/Game/RawAssets/Prefabs/3d/hero_055q_attack1_shifa.prefab|Assets/Game/RawAssets/Prefabs/3d/hero_055q_skill_1.prefab|Assets/Game/RawAssets/Prefabs/3d/hero_055q_skill_2.prefab|Assets/Game/RawAssets/Prefabs/Skill/Hero_055Q_attack.prefab|Assets/Game/RawAssets/Prefabs/Skill/Hero_055Q_fx.prefab|Assets/Game/RawAssets/Prefabs/Skill/Hero_055Q_fx_2.prefab
240037,3,1,1,hero_title240037,阿修羅,阿修羅,,24003700,24003700,,hero_022,,zhero_022,bhero_022,,hero_sex01,Assets/Game/RawAssets/Spine/Hero/hero_022/hero_022.atlas.txt|Assets/Game/RawAssets/Spine/Hero/hero_022/hero_022.png|Assets/Game/RawAssets/Spine/Hero/hero_022/hero_022.skel.bytes|Assets/Game/RawAssets/Spine/Hero/hero_022/hero_022_Atlas.asset|Assets/Game/RawAssets/Spine/Hero/hero_022/hero_022_bg.atlas.txt|Assets/Game/RawAssets/Spine/Hero/hero_022/hero_022_bg.png|Assets/Game/RawAssets/Spine/Hero/hero_022/hero_022_bg.skel.bytes|Assets/Game/RawAssets/Spine/Hero/hero_022/hero_022_bg_Atlas.asset|Assets/Game/RawAssets/Spine/Hero/hero_022/hero_022_bg_Material.mat|Assets/Game/RawAssets/Spine/Hero/hero_022/hero_022_bg_SkeletonData.asset|Assets/Game/RawAssets/Spine/Hero/hero_022/hero_022_fg.atlas.txt|Assets/Game/RawAssets/Spine/Hero/hero_022/hero_022_fg.png|Assets/Game/RawAssets/Spine/Hero/hero_022/hero_022_fg.skel.bytes|Assets/Game/RawAssets/Spine/Hero/hero_022/hero_022_fg_Atlas.asset|Assets/Game/RawAssets/Spine/Hero/hero_022/hero_022_fg_Material.mat|Assets/Game/RawAssets/Spine/Hero/hero_022/hero_022_fg_SkeletonData.asset|Assets/Game/RawAssets/Spine/Hero/hero_022/hero_022_Material.mat|Assets/Game/RawAssets/Spine/Hero/hero_022/hero_022_silhouette.atlas.txt|Assets/Game/RawAssets/Spine/Hero/hero_022/hero_022_silhouette.png|Assets/Game/RawAssets/Spine/Hero/hero_022/hero_022_silhouette.skel.bytes|Assets/Game/RawAssets/Spine/Hero/hero_022/hero_022_silhouette_Atlas.asset|Assets/Game/RawAssets/Spine/Hero/hero_022/hero_022_silhouette_Material.mat|Assets/Game/RawAssets/Spine/Hero/hero_022/hero_022_silhouette_SkeletonData.asset|Assets/Game/RawAssets/Spine/Hero/hero_022/hero_022_SkeletonData.asset|Assets/Game/RawAssets/Spine/Hero/hero_022h/hero_022h.atlas.txt|Assets/Game/RawAssets/Spine/Hero/hero_022h/hero_022h.png|Assets/Game/RawAssets/Spine/Hero/hero_022h/hero_022h.skel.bytes|Assets/Game/RawAssets/Spine/Hero/hero_022h/hero_022h_Atlas.asset|Assets/Game/RawAssets/Spine/Hero/hero_022h/hero_022h_bg.atlas.txt|Assets/Game/RawAssets/Spine/Hero/hero_022h/hero_022h_bg.png|Assets/Game/RawAssets/Spine/Hero/hero_022h/hero_022h_bg.skel.bytes|Assets/Game/RawAssets/Spine/Hero/hero_022h/hero_022h_bg_Atlas.asset|Assets/Game/RawAssets/Spine/Hero/hero_022h/hero_022h_bg_Material.mat|Assets/Game/RawAssets/Spine/Hero/hero_022h/hero_022h_bg_SkeletonData.asset|Assets/Game/RawAssets/Spine/Hero/hero_022h/hero_022h_fg.atlas.txt|Assets/Game/RawAssets/Spine/Hero/hero_022h/hero_022h_fg.png|Assets/Game/RawAssets/Spine/Hero/hero_022h/hero_022h_fg.skel.bytes|Assets/Game/RawAssets/Spine/Hero/hero_022h/hero_022h_fg_Atlas.asset|Assets/Game/RawAssets/Spine/Hero/hero_022h/hero_022h_fg_Material.mat|Assets/Game/RawAssets/Spine/Hero/hero_022h/hero_022h_fg_SkeletonData.asset
240038,3,0,0,hero_title240038,玉兔,玉兔,,24003800,24003800,,hero_038,,zhero_038,bhero_038,,hero_sex01,Assets/Game/RawAssets/Spine/Hero/hero_038/hero_038.atlas.txt|Assets/Game/RawAssets/Spine/Hero/hero_038/hero_038.png|Assets/Game/RawAssets/Spine/Hero/hero_038/hero_038.skel.bytes|Assets/Game/RawAssets/Spine/Hero/hero_038/hero_038_2.png|Assets/Game/RawAssets/Spine/Hero/hero_038/hero_038_Atlas.asset|Assets/Game/RawAssets/Spine/Hero/hero_038/hero_038_hero_038.mat|Assets/Game/RawAssets/Spine/Hero/hero_038/hero_038_hero_038_2.mat|Assets/Game/RawAssets/Spine/Hero/hero_038/hero_038_Material.mat|Assets/Game/RawAssets/Spine/Hero/hero_038/hero_038_silhouette.atlas.txt|Assets/Game/RawAssets/Spine/Hero/hero_038/hero_038_silhouette.png|Assets/Game/RawAssets/Spine/Hero/hero_038/hero_038_silhouette.skel.bytes|Assets/Game/RawAssets/Spine/Hero/hero_038/hero_038_silhouette_Atlas.asset|Assets/Game/RawAssets/Spine/Hero/hero_038/hero_038_silhouette_Material.mat|Assets/Game/RawAssets/Spine/Hero/hero_038/hero_038_silhouette_SkeletonData.asset|Assets/Game/RawAssets/Spine/Hero/hero_038/hero_038_SkeletonData.asset|Assets/Game/RawAssets/Spine/Hero/hero_038h/hero_038h.atlas.txt|Assets/Game/RawAssets/Spine/Hero/hero_038h/hero_038h.png|Assets/Game/RawAssets/Spine/Hero/hero_038h/hero_038h.skel.bytes|Assets/Game/RawAssets/Spine/Hero/hero_038h/hero_038h_Atlas.asset|Assets/Game/RawAssets/Spine/Hero/hero_038h/hero_038h_Material.mat|Assets/Game/RawAssets/Spine/Hero/hero_038h/hero_038h_SkeletonData.asset|Assets/Game/RawAssets/Sound/Battle/hero_038q_attack.wav|Assets/Game/RawAssets/Sound/Battle/hero_038q_attack1.wav|Assets/Game/RawAssets/Sound/Battle/hero_038q_skill_1.wav|Assets/Game/RawAssets/Sound/Battle/hero_038q_skill_2.wav|Assets/Game/RawAssets/Sound/Battle/hero_038q_skill_3.wav|Assets/Game/RawAssets/Prefabs/3d/hero_038q_attack.prefab|Assets/Game/RawAssets/Prefabs/3d/hero_038q_attack1.prefab|Assets/Game/RawAssets/Prefabs/3d/hero_038q_attack1_dandao.prefab|Assets/Game/RawAssets/Prefabs/3d/hero_038q_attack1_hit.prefab|Assets/Game/RawAssets/Prefabs/3d/hero_038q_attack1_shifa.prefab|Assets/Game/RawAssets/Prefabs/3d/hero_038q_skill_1.prefab|Assets/Game/RawAssets/Prefabs/3d/hero_038q_skill_2.prefab|Assets/Game/RawAssets/Prefabs/3d/hero_038q_skill_3.prefab|Assets/Game/RawAssets/Prefabs/Skill/Hero_038Q_attack.prefab|Assets/Game/RawAssets/Prefabs/Skill/Hero_038Q_fx.prefab|Assets/Game/RawAssets/Prefabs/Skill/Hero_038Q_fx_2.prefab|Assets/Game/RawAssets/Sound/Hero/hero_038_battle.wav|Assets/Game/RawAssets/Sound/Hero/hero_038_fail.wav|Assets/Game/RawAssets/Sound/Hero/hero_038_recruit.wav
240039,3,0,0,hero_title240039,梅林,梅林,,24003900,24003900,,hero_066,,zhero_066,bhero_066,,hero_sex01,Assets/Game/RawAssets/Spine/Hero/hero_066/hero_066.atlas.txt|Assets/Game/RawAssets/Spine/Hero/hero_066/hero_066.png|Assets/Game/RawAssets/Spine/Hero/hero_066/hero_066.skel.bytes|Assets/Game/RawAssets/Spine/Hero/hero_066/hero_066_Atlas.asset|Assets/Game/RawAssets/Spine/Hero/hero_066/hero_066_bg.atlas.txt|Assets/Game/RawAssets/Spine/Hero/hero_066/hero_066_bg.png|Assets/Game/RawAssets/Spine/Hero/hero_066/hero_066_bg.skel.bytes|Assets/Game/RawAssets/Spine/Hero/hero_066/hero_066_bg_2.png|Assets/Game/RawAssets/Spine/Hero/hero_066/hero_066_bg_Atlas.asset|Assets/Game/RawAssets/Spine/Hero/hero_066/hero_066_bg_hero_066_bg.mat|Assets/Game/RawAssets/Spine/Hero/hero_066/hero_066_bg_hero_066_bg_2.mat|Assets/Game/RawAssets/Spine/Hero/hero_066/hero_066_bg_Material.mat|Assets/Game/RawAssets/Spine/Hero/hero_066/hero_066_bg_SkeletonData.asset|Assets/Game/RawAssets/Spine/Hero/hero_066/hero_066_fg.atlas.txt|Assets/Game/RawAssets/Spine/Hero/hero_066/hero_066_fg.png|Assets/Game/RawAssets/Spine/Hero/hero_066/hero_066_fg.skel.bytes|Assets/Game/RawAssets/Spine/Hero/hero_066/hero_066_fg_Atlas.asset|Assets/Game/RawAssets/Spine/Hero/hero_066/hero_066_fg_Material.mat|Assets/Game/RawAssets/Spine/Hero/hero_066/hero_066_fg_Material-Additive.mat|Assets/Game/RawAssets/Spine/Hero/hero_066/hero_066_fg_SkeletonData.asset|Assets/Game/RawAssets/Spine/Hero/hero_066/hero_066_Material.mat|Assets/Game/RawAssets/Spine/Hero/hero_066/hero_066_Material-Additive.mat|Assets/Game/RawAssets/Spine/Hero/hero_066/hero_066_silhouette.atlas.txt|Assets/Game/RawAssets/Spine/Hero/hero_066/hero_066_silhouette.png|Assets/Game/RawAssets/Spine/Hero/hero_066/hero_066_silhouette.skel.bytes|Assets/Game/RawAssets/Spine/Hero/hero_066/hero_066_silhouette_Atlas.asset|Assets/Game/RawAssets/Spine/Hero/hero_066/hero_066_silhouette_Material.mat|Assets/Game/RawAssets/Spine/Hero/hero_066/hero_066_silhouette_SkeletonData.asset|Assets/Game/RawAssets/Spine/Hero/hero_066/hero_066_SkeletonData.asset|Assets/Game/RawAssets/Spine/Hero/hero_066h/hero_066h.atlas.txt|Assets/Game/RawAssets/Spine/Hero/hero_066h/hero_066h.png|Assets/Game/RawAssets/Spine/Hero/hero_066h/hero_066h.skel.bytes|Assets/Game/RawAssets/Spine/Hero/hero_066h/hero_066h_Atlas.asset|Assets/Game/RawAssets/Spine/Hero/hero_066h/hero_066h_Material.mat|Assets/Game/RawAssets/Spine/Hero/hero_066h/hero_066h_SkeletonData.asset|Assets/Game/RawAssets/Sound/Battle/hero_066q_attack.wav|Assets/Game/RawAssets/Sound/Battle/hero_066q_attack1.wav|Assets/Game/RawAssets/Sound/Battle/hero_066q_skill_1.wav|Assets/Game/RawAssets/Sound/Battle/hero_066q_skill_2.wav|Assets/Game/RawAssets/Sound/Battle/hero_066q_skill_3.wav
240040,2,0,0,hero_title240040,希爾芙,希爾芙,,24004000,24004000,,hero_026,,zhero_026,bhero_026,,hero_sex01,Assets/Game/RawAssets/Spine/Hero/hero_026/hero_026.atlas.txt|Assets/Game/RawAssets/Spine/Hero/hero_026/hero_026.png|Assets/Game/RawAssets/Spine/Hero/hero_026/hero_026.skel.bytes|Assets/Game/RawAssets/Spine/Hero/hero_026/hero_026_Atlas.asset|Assets/Game/RawAssets/Spine/Hero/hero_026/hero_026_Material.mat|Assets/Game/RawAssets/Spine/Hero/hero_026/hero_026_silhouette.atlas.txt|Assets/Game/RawAssets/Spine/Hero/hero_026/hero_026_silhouette.png|Assets/Game/RawAssets/Spine/Hero/hero_026/hero_026_silhouette.skel.bytes|Assets/Game/RawAssets/Spine/Hero/hero_026/hero_026_silhouette_Atlas.asset|Assets/Game/RawAssets/Spine/Hero/hero_026/hero_026_silhouette_Material.mat|Assets/Game/RawAssets/Spine/Hero/hero_026/hero_026_silhouette_SkeletonData.asset|Assets/Game/RawAssets/Spine/Hero/hero_026/hero_026_SkeletonData.asset|Assets/Game/RawAssets/Spine/Hero/hero_026h/hero_026h.atlas.txt|Assets/Game/RawAssets/Spine/Hero/hero_026h/hero_026h.png|Assets/Game/RawAssets/Spine/Hero/hero_026h/hero_026h.skel.bytes|Assets/Game/RawAssets/Spine/Hero/hero_026h/hero_026h_Atlas.asset|Assets/Game/RawAssets/Spine/Hero/hero_026h/hero_026h_Material.mat|Assets/Game/RawAssets/Spine/Hero/hero_026h/hero_026h_SkeletonData.asset|Assets/Game/RawAssets/Sound/Battle/hero_026q_attack.wav|Assets/Game/RawAssets/Sound/Battle/hero_026q_attack1.wav|Assets/Game/RawAssets/Sound/Battle/hero_026q_skill_1.wav|Assets/Game/RawAssets/Sound/Battle/hero_026q_skill_2.wav|Assets/Game/RawAssets/Prefabs/3d/hero_026q_attack.prefab|Assets/Game/RawAssets/Prefabs/3d/hero_026q_attack1_dandao.prefab|Assets/Game/RawAssets/Prefabs/3d/hero_026q_attack1_hit.prefab|Assets/Game/RawAssets/Prefabs/3d/hero_026q_attack1_hit_afk.prefab|Assets/Game/RawAssets/Prefabs/3d/hero_026q_attack1_shifa.prefab|Assets/Game/RawAssets/Prefabs/3d/hero_026q_skill_1.prefab|Assets/Game/RawAssets/Prefabs/3d/hero_026q_skill_1_start.prefab|Assets/Game/RawAssets/Prefabs/3d/hero_026q_skill_2.prefab|Assets/Game/RawAssets/Prefabs/Skill/Hero_026Q_fx.prefab|Assets/Game/RawAssets/Prefabs/Skill/Hero_026Q_fx_2.prefab|Assets/Game/RawAssets/Sound/Hero/hero_026_battle.wav|Assets/Game/RawAssets/Sound/Hero/hero_026_fail.wav|Assets/Game/RawAssets/Sound/Hero/hero_026_recruit.wav|Assets/Game/RawAssets/Sound/Hero/hero_026_select.wav|Assets/Game/RawAssets/Sound/Hero/hero_026_skill1.wav|Assets/Game/RawAssets/Sound/Hero/hero_026_skill2.wav|Assets/Game/RawAssets/Sound/Hero/hero_026_touch1.wav|Assets/Game/RawAssets/Sound/Hero/hero_026_touch2.wav
240041,3,0,0,hero_title240041,阿奴凱特,阿奴凱特,,24004100,24004100,,hero_049,,zhero_049,bhero_049,,hero_sex01,Assets/Game/RawAssets/Spine/Hero/hero_049/hero_049.atlas.txt|Assets/Game/RawAssets/Spine/Hero/hero_049/hero_049.png|Assets/Game/RawAssets/Spine/Hero/hero_049/hero_049.skel.bytes|Assets/Game/RawAssets/Spine/Hero/hero_049/hero_049_Atlas.asset|Assets/Game/RawAssets/Spine/Hero/hero_049/hero_049_bg.atlas.txt|Assets/Game/RawAssets/Spine/Hero/hero_049/hero_049_bg.png|Assets/Game/RawAssets/Spine/Hero/hero_049/hero_049_bg.skel.bytes|Assets/Game/RawAssets/Spine/Hero/hero_049/hero_049_bg_Atlas.asset|Assets/Game/RawAssets/Spine/Hero/hero_049/hero_049_bg_Material.mat|Assets/Game/RawAssets/Spine/Hero/hero_049/hero_049_bg_SkeletonData.asset|Assets/Game/RawAssets/Spine/Hero/hero_049/hero_049_fg.atlas.txt|Assets/Game/RawAssets/Spine/Hero/hero_049/hero_049_fg.png|Assets/Game/RawAssets/Spine/Hero/hero_049/hero_049_fg.skel.bytes|Assets/Game/RawAssets/Spine/Hero/hero_049/hero_049_fg_Atlas.asset|Assets/Game/RawAssets/Spine/Hero/hero_049/hero_049_fg_Material.mat|Assets/Game/RawAssets/Spine/Hero/hero_049/hero_049_fg_SkeletonData.asset|Assets/Game/RawAssets/Spine/Hero/hero_049/hero_049_Material.mat|Assets/Game/RawAssets/Spine/Hero/hero_049/hero_049_Material-Additive.mat|Assets/Game/RawAssets/Spine/Hero/hero_049/hero_049_silhouette.atlas.txt|Assets/Game/RawAssets/Spine/Hero/hero_049/hero_049_silhouette.png|Assets/Game/RawAssets/Spine/Hero/hero_049/hero_049_silhouette.skel.bytes|Assets/Game/RawAssets/Spine/Hero/hero_049/hero_049_silhouette_Atlas.asset|Assets/Game/RawAssets/Spine/Hero/hero_049/hero_049_silhouette_Material.mat|Assets/Game/RawAssets/Spine/Hero/hero_049/hero_049_silhouette_SkeletonData.asset|Assets/Game/RawAssets/Spine/Hero/hero_049/hero_049_SkeletonData.asset|Assets/Game/RawAssets/Spine/Hero/hero_049h/hero_049h.atlas.txt|Assets/Game/RawAssets/Spine/Hero/hero_049h/hero_049h.png|Assets/Game/RawAssets/Spine/Hero/hero_049h/hero_049h.skel.bytes|Assets/Game/RawAssets/Spine/Hero/hero_049h/hero_049h_Atlas.asset|Assets/Game/RawAssets/Spine/Hero/hero_049h/hero_049h_bg.atlas.txt|Assets/Game/RawAssets/Spine/Hero/hero_049h/hero_049h_bg.png|Assets/Game/RawAssets/Spine/Hero/hero_049h/hero_049h_bg.skel.bytes|Assets/Game/RawAssets/Spine/Hero/hero_049h/hero_049h_bg_Atlas.asset|Assets/Game/RawAssets/Spine/Hero/hero_049h/hero_049h_bg_Material.mat|Assets/Game/RawAssets/Spine/Hero/hero_049h/hero_049h_bg_SkeletonData.asset|Assets/Game/RawAssets/Spine/Hero/hero_049h/hero_049h_fg.atlas.txt|Assets/Game/RawAssets/Spine/Hero/hero_049h/hero_049h_fg.png|Assets/Game/RawAssets/Spine/Hero/hero_049h/hero_049h_fg.skel.bytes|Assets/Game/RawAssets/Spine/Hero/hero_049h/hero_049h_fg_Atlas.asset|Assets/Game/RawAssets/Spine/Hero/hero_049h/hero_049h_fg_Material.mat
240042,3,0,0,hero_title240042,妖師鯤鵬,妖師鯤鵬,,24004200,24004200,,hero_039,,zhero_039,bhero_039,,hero_sex01,Assets/Game/RawAssets/Spine/Hero/hero_039/hero_039.atlas.txt|Assets/Game/RawAssets/Spine/Hero/hero_039/hero_039.png|Assets/Game/RawAssets/Spine/Hero/hero_039/hero_039.skel.bytes|Assets/Game/RawAssets/Spine/Hero/hero_039/hero_039_Atlas.asset|Assets/Game/RawAssets/Spine/Hero/hero_039/hero_039_bg.atlas.txt|Assets/Game/RawAssets/Spine/Hero/hero_039/hero_039_bg.png|Assets/Game/RawAssets/Spine/Hero/hero_039/hero_039_bg.skel.bytes|Assets/Game/RawAssets/Spine/Hero/hero_039/hero_039_bg_Atlas.asset|Assets/Game/RawAssets/Spine/Hero/hero_039/hero_039_bg_Material.mat|Assets/Game/RawAssets/Spine/Hero/hero_039/hero_039_bg_SkeletonData.asset|Assets/Game/RawAssets/Spine/Hero/hero_039/hero_039_Material.mat|Assets/Game/RawAssets/Spine/Hero/hero_039/hero_039_Material-Additive.mat|Assets/Game/RawAssets/Spine/Hero/hero_039/hero_039_silhouette.atlas.txt|Assets/Game/RawAssets/Spine/Hero/hero_039/hero_039_silhouette.png|Assets/Game/RawAssets/Spine/Hero/hero_039/hero_039_silhouette.skel.bytes|Assets/Game/RawAssets/Spine/Hero/hero_039/hero_039_silhouette_Atlas.asset|Assets/Game/RawAssets/Spine/Hero/hero_039/hero_039_silhouette_Material.mat|Assets/Game/RawAssets/Spine/Hero/hero_039/hero_039_silhouette_SkeletonData.asset|Assets/Game/RawAssets/Spine/Hero/hero_039/hero_039_SkeletonData.asset|Assets/Game/RawAssets/Sound/Battle/hero_039q_attack.wav|Assets/Game/RawAssets/Sound/Battle/hero_039q_attack1.wav|Assets/Game/RawAssets/Sound/Battle/hero_039q_skill_1.wav|Assets/Game/RawAssets/Sound/Battle/hero_039q_skill_2.wav|Assets/Game/RawAssets/Prefabs/3d/hero_039q_attack.prefab|Assets/Game/RawAssets/Prefabs/3d/hero_039q_attack1_dandao.prefab|Assets/Game/RawAssets/Prefabs/3d/hero_039q_attack1_hit.prefab|Assets/Game/RawAssets/Prefabs/3d/hero_039q_attack1_hit_afk.prefab|Assets/Game/RawAssets/Prefabs/3d/hero_039q_attack1_shifa.prefab|Assets/Game/RawAssets/Prefabs/3d/hero_039q_skill_1.prefab|Assets/Game/RawAssets/Prefabs/3d/hero_039q_skill_2.prefab|Assets/Game/RawAssets/Prefabs/Skill/Hero_039Q_fx.prefab|Assets/Game/RawAssets/Prefabs/Skill/Hero_039Q_fx_2.prefab|Assets/Game/RawAssets/Sound/Hero/hero_039_battle.wav|Assets/Game/RawAssets/Sound/Hero/hero_039_fail.wav|Assets/Game/RawAssets/Sound/Hero/hero_039_recruit.wav|Assets/Game/RawAssets/Sound/Hero/hero_039_select.wav|Assets/Game/RawAssets/Sound/Hero/hero_039_skill1.wav|Assets/Game/RawAssets/Sound/Hero/hero_039_skill2.wav|Assets/Game/RawAssets/Sound/Hero/hero_039_touch1.wav|Assets/Game/RawAssets/Sound/Hero/hero_039_touch2.wav
240043,2,0,0,hero_title240043,奇美拉,奇美拉,,24004300|24004301,24004300|24004301,24004300|24004301,hero_021|hero_021_s01,hero_021r_s01|hero_021r,zhero_021|zhero_021_s01,bhero_021|bhero_021_s01,phero_021r_s01|phero_021r,hero_sex01,Assets/Game/RawAssets/Spine/Hero/hero_021/hero_021.atlas.txt|Assets/Game/RawAssets/Spine/Hero/hero_021/hero_021.png|Assets/Game/RawAssets/Spine/Hero/hero_021/hero_021.skel.bytes|Assets/Game/RawAssets/Spine/Hero/hero_021/hero_021_Atlas.asset|Assets/Game/RawAssets/Spine/Hero/hero_021/hero_021_Material.mat|Assets/Game/RawAssets/Spine/Hero/hero_021/hero_021_silhouette.atlas.txt|Assets/Game/RawAssets/Spine/Hero/hero_021/hero_021_silhouette.png|Assets/Game/RawAssets/Spine/Hero/hero_021/hero_021_silhouette.skel.bytes|Assets/Game/RawAssets/Spine/Hero/hero_021/hero_021_silhouette_Atlas.asset|Assets/Game/RawAssets/Spine/Hero/hero_021/hero_021_silhouette_Material.mat|Assets/Game/RawAssets/Spine/Hero/hero_021/hero_021_silhouette_SkeletonData.asset|Assets/Game/RawAssets/Spine/Hero/hero_021/hero_021_SkeletonData.asset|Assets/Game/RawAssets/Spine/Hero/hero_021_s01/hero_021_s01.atlas.txt|Assets/Game/RawAssets/Spine/Hero/hero_021_s01/hero_021_s01.png|Assets/Game/RawAssets/Spine/Hero/hero_021_s01/hero_021_s01.skel.bytes|Assets/Game/RawAssets/Spine/Hero/hero_021_s01/hero_021_s01_2.png|Assets/Game/RawAssets/Spine/Hero/hero_021_s01/hero_021_s01_Atlas.asset|Assets/Game/RawAssets/Spine/Hero/hero_021_s01/hero_021_s01_bg.atlas.txt|Assets/Game/RawAssets/Spine/Hero/hero_021_s01/hero_021_s01_bg.png|Assets/Game/RawAssets/Spine/Hero/hero_021_s01/hero_021_s01_bg.skel.bytes|Assets/Game/RawAssets/Spine/Hero/hero_021_s01/hero_021_s01_bg_Atlas.asset|Assets/Game/RawAssets/Spine/Hero/hero_021_s01/hero_021_s01_bg_Material.mat|Assets/Game/RawAssets/Spine/Hero/hero_021_s01/hero_021_s01_bg_SkeletonData.asset|Assets/Game/RawAssets/Spine/Hero/hero_021_s01/hero_021_s01_hero_021_s01.mat|Assets/Game/RawAssets/Spine/Hero/hero_021_s01/hero_021_s01_hero_021_s01_2.mat|Assets/Game/RawAssets/Spine/Hero/hero_021_s01/hero_021_s01_hero_021_s01_2-Multiply.mat|Assets/Game/RawAssets/Spine/Hero/hero_021_s01/hero_021_s01_Material.mat|Assets/Game/RawAssets/Spine/Hero/hero_021_s01/hero_021_s01_Material-Multiply.mat|Assets/Game/RawAssets/Spine/Hero/hero_021_s01/hero_021_s01_SkeletonData.asset|Assets/Game/RawAssets/Spine/Hero/hero_021_s01h/hero_021_s01h.atlas.txt|Assets/Game/RawAssets/Spine/Hero/hero_021_s01h/hero_021_s01h.png|Assets/Game/RawAssets/Spine/Hero/hero_021_s01h/hero_021_s01h.skel.bytes|Assets/Game/RawAssets/Spine/Hero/hero_021_s01h/hero_021_s01h_Atlas.asset|Assets/Game/RawAssets/Spine/Hero/hero_021_s01h/hero_021_s01h_bg.atlas.txt|Assets/Game/RawAssets/Spine/Hero/hero_021_s01h/hero_021_s01h_bg.png|Assets/Game/RawAssets/Spine/Hero/hero_021_s01h/hero_021_s01h_bg.skel.bytes|Assets/Game/RawAssets/Spine/Hero/hero_021_s01h/hero_021_s01h_bg_Atlas.asset|Assets/Game/RawAssets/Spine/Hero/hero_021_s01h/hero_021_s01h_bg_Material.mat|Assets/Game/RawAssets/Spine/Hero/hero_021_s01h/hero_021_s01h_bg_SkeletonData.asset|Assets/Game/RawAssets/Spine/Hero/hero_021_s01h/hero_021_s01h_Material.mat
240044,2,0,0,hero_title240044,諸葛月姬,諸葛月姬,,24004400,24004400,,hero_033,,zhero_033,bhero_033,,hero_sex01,Assets/Game/RawAssets/Spine/Hero/hero_033/hero_033.atlas.txt|Assets/Game/RawAssets/Spine/Hero/hero_033/hero_033.png|Assets/Game/RawAssets/Spine/Hero/hero_033/hero_033.skel.bytes|Assets/Game/RawAssets/Spine/Hero/hero_033/hero_033_Atlas.asset|Assets/Game/RawAssets/Spine/Hero/hero_033/hero_033_Material.mat|Assets/Game/RawAssets/Spine/Hero/hero_033/hero_033_silhouette.atlas.txt|Assets/Game/RawAssets/Spine/Hero/hero_033/hero_033_silhouette.png|Assets/Game/RawAssets/Spine/Hero/hero_033/hero_033_silhouette.skel.bytes|Assets/Game/RawAssets/Spine/Hero/hero_033/hero_033_silhouette_Atlas.asset|Assets/Game/RawAssets/Spine/Hero/hero_033/hero_033_silhouette_Material.mat|Assets/Game/RawAssets/Spine/Hero/hero_033/hero_033_silhouette_SkeletonData.asset|Assets/Game/RawAssets/Spine/Hero/hero_033/hero_033_SkeletonData.asset|Assets/Game/RawAssets/Spine/Hero/hero_033h/hero_033h.atlas.txt|Assets/Game/RawAssets/Spine/Hero/hero_033h/hero_033h.png|Assets/Game/RawAssets/Spine/Hero/hero_033h/hero_033h.skel.bytes|Assets/Game/RawAssets/Spine/Hero/hero_033h/hero_033h_Atlas.asset|Assets/Game/RawAssets/Spine/Hero/hero_033h/hero_033h_Material.mat|Assets/Game/RawAssets/Spine/Hero/hero_033h/hero_033h_SkeletonData.asset|Assets/Game/RawAssets/Sound/Battle/hero_033q_attack.wav|Assets/Game/RawAssets/Sound/Battle/hero_033q_attack1.wav|Assets/Game/RawAssets/Sound/Battle/hero_033q_skill_1.wav|Assets/Game/RawAssets/Sound/Battle/hero_033q_skill_2.wav|Assets/Game/RawAssets/Prefabs/3d/hero_033q_attack.prefab|Assets/Game/RawAssets/Prefabs/3d/hero_033q_attack1_dandao.prefab|Assets/Game/RawAssets/Prefabs/3d/hero_033q_attack1_hit.prefab|Assets/Game/RawAssets/Prefabs/3d/hero_033q_attack1_hit_afk.prefab|Assets/Game/RawAssets/Prefabs/3d/hero_033q_attack1_shifa.prefab|Assets/Game/RawAssets/Prefabs/3d/hero_033q_skill_1.prefab|Assets/Game/RawAssets/Prefabs/3d/hero_033q_skill_2.prefab|Assets/Game/RawAssets/Prefabs/Skill/Hero_033Q_fx.prefab|Assets/Game/RawAssets/Prefabs/Skill/Hero_033Q_fx_2.prefab|Assets/Game/RawAssets/Sound/Hero/hero_033_battle.wav|Assets/Game/RawAssets/Sound/Hero/hero_033_fail.wav|Assets/Game/RawAssets/Sound/Hero/hero_033_recruit.wav|Assets/Game/RawAssets/Sound/Hero/hero_033_select.wav|Assets/Game/RawAssets/Sound/Hero/hero_033_skill1.wav|Assets/Game/RawAssets/Sound/Hero/hero_033_skill2.wav|Assets/Game/RawAssets/Sound/Hero/hero_033_touch1.wav|Assets/Game/RawAssets/Sound/Hero/hero_033_touch2.wav|Assets/Game/RawAssets/Sound/Hero/hero_033_touch3.wav
240045,3,0,0,hero_title240045,蔡文姬,蔡文姬,,24004500,24004500,,hero_005,,zhero_005,bhero_005,,hero_sex01,Assets/Game/RawAssets/Spine/Hero/hero_005/hero_005.atlas.txt|Assets/Game/RawAssets/Spine/Hero/hero_005/hero_005.png|Assets/Game/RawAssets/Spine/Hero/hero_005/hero_005.skel.bytes|Assets/Game/RawAssets/Spine/Hero/hero_005/hero_005_Atlas.asset|Assets/Game/RawAssets/Spine/Hero/hero_005/hero_005_bg.atlas.txt|Assets/Game/RawAssets/Spine/Hero/hero_005/hero_005_bg.png|Assets/Game/RawAssets/Spine/Hero/hero_005/hero_005_bg.skel.bytes|Assets/Game/RawAssets/Spine/Hero/hero_005/hero_005_bg_Atlas.asset|Assets/Game/RawAssets/Spine/Hero/hero_005/hero_005_bg_Material.mat|Assets/Game/RawAssets/Spine/Hero/hero_005/hero_005_bg_SkeletonData.asset|Assets/Game/RawAssets/Spine/Hero/hero_005/hero_005_fg.atlas.txt|Assets/Game/RawAssets/Spine/Hero/hero_005/hero_005_fg.png|Assets/Game/RawAssets/Spine/Hero/hero_005/hero_005_fg.skel.bytes|Assets/Game/RawAssets/Spine/Hero/hero_005/hero_005_fg_Atlas.asset|Assets/Game/RawAssets/Spine/Hero/hero_005/hero_005_fg_Material.mat|Assets/Game/RawAssets/Spine/Hero/hero_005/hero_005_fg_SkeletonData.asset|Assets/Game/RawAssets/Spine/Hero/hero_005/hero_005_Material.mat|Assets/Game/RawAssets/Spine/Hero/hero_005/hero_005_Material-Additive.mat|Assets/Game/RawAssets/Spine/Hero/hero_005/hero_005_silhouette.atlas.txt|Assets/Game/RawAssets/Spine/Hero/hero_005/hero_005_silhouette.png|Assets/Game/RawAssets/Spine/Hero/hero_005/hero_005_silhouette.skel.bytes|Assets/Game/RawAssets/Spine/Hero/hero_005/hero_005_silhouette_Atlas.asset|Assets/Game/RawAssets/Spine/Hero/hero_005/hero_005_silhouette_Material.mat|Assets/Game/RawAssets/Spine/Hero/hero_005/hero_005_silhouette_SkeletonData.asset|Assets/Game/RawAssets/Spine/Hero/hero_005/hero_005_SkeletonData.asset|Assets/Game/RawAssets/Spine/Hero/hero_005h/hero_005h.atlas.txt|Assets/Game/RawAssets/Spine/Hero/hero_005h/hero_005h.png|Assets/Game/RawAssets/Spine/Hero/hero_005h/hero_005h.skel.bytes|Assets/Game/RawAssets/Spine/Hero/hero_005h/hero_005h_Atlas.asset|Assets/Game/RawAssets/Spine/Hero/hero_005h/hero_005h_bg.atlas.txt|Assets/Game/RawAssets/Spine/Hero/hero_005h/hero_005h_bg.png|Assets/Game/RawAssets/Spine/Hero/hero_005h/hero_005h_bg.skel.bytes|Assets/Game/RawAssets/Spine/Hero/hero_005h/hero_005h_bg_Atlas.asset|Assets/Game/RawAssets/Spine/Hero/hero_005h/hero_005h_bg_Material.mat|Assets/Game/RawAssets/Spine/Hero/hero_005h/hero_005h_bg_SkeletonData.asset|Assets/Game/RawAssets/Spine/Hero/hero_005h/hero_005h_fg.atlas.txt|Assets/Game/RawAssets/Spine/Hero/hero_005h/hero_005h_fg.png|Assets/Game/RawAssets/Spine/Hero/hero_005h/hero_005h_fg.skel.bytes|Assets/Game/RawAssets/Spine/Hero/hero_005h/hero_005h_fg_Atlas.asset|Assets/Game/RawAssets/Spine/Hero/hero_005h/hero_005h_fg_Material.mat
240046,3,0,0,hero_title240046,相柳,相柳,,24004600|24004601|24004602|24004603|24004604|24004605|24004606|24004607|24004608|24004609|24004610|24004611|24004612|24004613,24004600|24004601|24004602|24004603|24004604|24004605|24004606|24004607|24004608|24004609|24004610|24004611|24004612|24004613,,hero_007|hero_007_s01|hero_007_s01|hero_007_s01|hero_007_s01|hero_007_s01|hero_007_s01|hero_007_s01|hero_007_s01|hero_007_s01|hero_007_s01|hero_007_s01|hero_007_s01|hero_007_s01,,zhero_007|zhero_007_s01|zhero_007_s01|zhero_007_s01|zhero_007_s01|zhero_007_s01|zhero_007_s01|zhero_007_s01|zhero_007_s01|zhero_007_s01|zhero_007_s01|zhero_007_s01|zhero_007_s01|zhero_007_s01,bhero_007|bhero_007_s01|bhero_007_s01|bhero_007_s01|bhero_007_s01|bhero_007_s01|bhero_007_s01|bhero_007_s01|bhero_007_s01|bhero_007_s01|bhero_007_s01|bhero_007_s01|bhero_007_s01|bhero_007_s01,,hero_sex01,Assets/Game/RawAssets/Spine/Hero/hero_007/hero_007.atlas.txt|Assets/Game/RawAssets/Spine/Hero/hero_007/hero_007.png|Assets/Game/RawAssets/Spine/Hero/hero_007/hero_007.skel.bytes|Assets/Game/RawAssets/Spine/Hero/hero_007/hero_007_2.png|Assets/Game/RawAssets/Spine/Hero/hero_007/hero_007_Atlas.asset|Assets/Game/RawAssets/Spine/Hero/hero_007/hero_007_hero_007.mat|Assets/Game/RawAssets/Spine/Hero/hero_007/hero_007_hero_007_2.mat|Assets/Game/RawAssets/Spine/Hero/hero_007/hero_007_Material.mat|Assets/Game/RawAssets/Spine/Hero/hero_007/hero_007_Material-Additive.mat|Assets/Game/RawAssets/Spine/Hero/hero_007/hero_007_silhouette.atlas.txt|Assets/Game/RawAssets/Spine/Hero/hero_007/hero_007_silhouette.png|Assets/Game/RawAssets/Spine/Hero/hero_007/hero_007_silhouette.skel.bytes|Assets/Game/RawAssets/Spine/Hero/hero_007/hero_007_silhouette_Atlas.asset|Assets/Game/RawAssets/Spine/Hero/hero_007/hero_007_silhouette_Material.mat|Assets/Game/RawAssets/Spine/Hero/hero_007/hero_007_silhouette_SkeletonData.asset|Assets/Game/RawAssets/Spine/Hero/hero_007/hero_007_SkeletonData.asset|Assets/Game/RawAssets/Spine/Hero/hero_007_s01/hero_007_s01.atlas.txt|Assets/Game/RawAssets/Spine/Hero/hero_007_s01/hero_007_s01.png|Assets/Game/RawAssets/Spine/Hero/hero_007_s01/hero_007_s01.skel.bytes|Assets/Game/RawAssets/Spine/Hero/hero_007_s01/hero_007_s01_Atlas.asset|Assets/Game/RawAssets/Spine/Hero/hero_007_s01/hero_007_s01_bg.atlas.txt|Assets/Game/RawAssets/Spine/Hero/hero_007_s01/hero_007_s01_bg.png|Assets/Game/RawAssets/Spine/Hero/hero_007_s01/hero_007_s01_bg.skel.bytes|Assets/Game/RawAssets/Spine/Hero/hero_007_s01/hero_007_s01_bg_Atlas.asset|Assets/Game/RawAssets/Spine/Hero/hero_007_s01/hero_007_s01_bg_Material.mat|Assets/Game/RawAssets/Spine/Hero/hero_007_s01/hero_007_s01_bg_SkeletonData.asset|Assets/Game/RawAssets/Spine/Hero/hero_007_s01/hero_007_s01_Material.mat|Assets/Game/RawAssets/Spine/Hero/hero_007_s01/hero_007_s01_SkeletonData.asset|Assets/Game/RawAssets/Spine/Hero/hero_007_s01h/hero_007_s01h.atlas.txt|Assets/Game/RawAssets/Spine/Hero/hero_007_s01h/hero_007_s01h.png|Assets/Game/RawAssets/Spine/Hero/hero_007_s01h/hero_007_s01h.skel.bytes|Assets/Game/RawAssets/Spine/Hero/hero_007_s01h/hero_007_s01h_Atlas.asset|Assets/Game/RawAssets/Spine/Hero/hero_007_s01h/hero_007_s01h_bg.atlas.txt|Assets/Game/RawAssets/Spine/Hero/hero_007_s01h/hero_007_s01h_bg.png|Assets/Game/RawAssets/Spine/Hero/hero_007_s01h/hero_007_s01h_bg.skel.bytes|Assets/Game/RawAssets/Spine/Hero/hero_007_s01h/hero_007_s01h_bg_Atlas.asset|Assets/Game/RawAssets/Spine/Hero/hero_007_s01h/hero_007_s01h_bg_Material.mat|Assets/Game/RawAssets/Spine/Hero/hero_007_s01h/hero_007_s01h_bg_SkeletonData.asset|Assets/Game/RawAssets/Spine/Hero/hero_007_s01h/hero_007_s01h_Material.mat|Assets/Game/RawAssets/Spine/Hero/hero_007_s01h/hero_007_s01h_SkeletonData.asset
240047,3,0,0,hero_title240047,須佐之男,須佐之男,,24004700,24004700,,hero_059,,zhero_059,bhero_059,,hero_sex01,Assets/Game/RawAssets/Spine/Hero/hero_059/hero_059.atlas.txt|Assets/Game/RawAssets/Spine/Hero/hero_059/hero_059.png|Assets/Game/RawAssets/Spine/Hero/hero_059/hero_059.skel.bytes|Assets/Game/RawAssets/Spine/Hero/hero_059/hero_059_Atlas.asset|Assets/Game/RawAssets/Spine/Hero/hero_059/hero_059_bg.atlas.txt|Assets/Game/RawAssets/Spine/Hero/hero_059/hero_059_bg.png|Assets/Game/RawAssets/Spine/Hero/hero_059/hero_059_bg.skel.bytes|Assets/Game/RawAssets/Spine/Hero/hero_059/hero_059_bg_Atlas.asset|Assets/Game/RawAssets/Spine/Hero/hero_059/hero_059_bg_Material.mat|Assets/Game/RawAssets/Spine/Hero/hero_059/hero_059_bg_SkeletonData.asset|Assets/Game/RawAssets/Spine/Hero/hero_059/hero_059_fg.atlas.txt|Assets/Game/RawAssets/Spine/Hero/hero_059/hero_059_fg.png|Assets/Game/RawAssets/Spine/Hero/hero_059/hero_059_fg.skel.bytes|Assets/Game/RawAssets/Spine/Hero/hero_059/hero_059_fg_Atlas.asset|Assets/Game/RawAssets/Spine/Hero/hero_059/hero_059_fg_Material.mat|Assets/Game/RawAssets/Spine/Hero/hero_059/hero_059_fg_SkeletonData.asset|Assets/Game/RawAssets/Spine/Hero/hero_059/hero_059_Material.mat|Assets/Game/RawAssets/Spine/Hero/hero_059/hero_059_silhouette.atlas.txt|Assets/Game/RawAssets/Spine/Hero/hero_059/hero_059_silhouette.png|Assets/Game/RawAssets/Spine/Hero/hero_059/hero_059_silhouette.skel.bytes|Assets/Game/RawAssets/Spine/Hero/hero_059/hero_059_silhouette_Atlas.asset|Assets/Game/RawAssets/Spine/Hero/hero_059/hero_059_silhouette_Material.mat|Assets/Game/RawAssets/Spine/Hero/hero_059/hero_059_silhouette_SkeletonData.asset|Assets/Game/RawAssets/Spine/Hero/hero_059/hero_059_SkeletonData.asset|Assets/Game/RawAssets/Spine/Hero/hero_059h/hero_059h.atlas.txt|Assets/Game/RawAssets/Spine/Hero/hero_059h/hero_059h.png|Assets/Game/RawAssets/Spine/Hero/hero_059h/hero_059h.skel.bytes|Assets/Game/RawAssets/Spine/Hero/hero_059h/hero_059h.spriteatlas|Assets/Game/RawAssets/Spine/Hero/hero_059h/hero_059h_Atlas.asset|Assets/Game/RawAssets/Spine/Hero/hero_059h/hero_059h_bg.atlas.txt|Assets/Game/RawAssets/Spine/Hero/hero_059h/hero_059h_bg.png|Assets/Game/RawAssets/Spine/Hero/hero_059h/hero_059h_bg.skel.bytes|Assets/Game/RawAssets/Spine/Hero/hero_059h/hero_059h_bg_Atlas.asset|Assets/Game/RawAssets/Spine/Hero/hero_059h/hero_059h_bg_Material.mat|Assets/Game/RawAssets/Spine/Hero/hero_059h/hero_059h_bg_SkeletonData.asset|Assets/Game/RawAssets/Spine/Hero/hero_059h/hero_059h_fg.atlas.txt|Assets/Game/RawAssets/Spine/Hero/hero_059h/hero_059h_fg.png|Assets/Game/RawAssets/Spine/Hero/hero_059h/hero_059h_fg.skel.bytes|Assets/Game/RawAssets/Spine/Hero/hero_059h/hero_059h_fg_Atlas.asset|Assets/Game/RawAssets/Spine/Hero/hero_059h/hero_059h_fg_Material.mat
240048,3,0,0,hero_title240048,鄧嬋玉,鄧嬋玉,,24004800,24004800,,hero_029,,zhero_029,bhero_029,,hero_sex01,Assets/Game/RawAssets/Spine/Hero/hero_029/hero_029.atlas.txt|Assets/Game/RawAssets/Spine/Hero/hero_029/hero_029.png|Assets/Game/RawAssets/Spine/Hero/hero_029/hero_029.skel.bytes|Assets/Game/RawAssets/Spine/Hero/hero_029/hero_029_Atlas.asset|Assets/Game/RawAssets/Spine/Hero/hero_029/hero_029_bg.atlas.txt|Assets/Game/RawAssets/Spine/Hero/hero_029/hero_029_bg.png|Assets/Game/RawAssets/Spine/Hero/hero_029/hero_029_bg.skel.bytes|Assets/Game/RawAssets/Spine/Hero/hero_029/hero_029_bg_Atlas.asset|Assets/Game/RawAssets/Spine/Hero/hero_029/hero_029_bg_Material.mat|Assets/Game/RawAssets/Spine/Hero/hero_029/hero_029_bg_SkeletonData.asset|Assets/Game/RawAssets/Spine/Hero/hero_029/hero_029_Material.mat|Assets/Game/RawAssets/Spine/Hero/hero_029/hero_029_silhouette.atlas.txt|Assets/Game/RawAssets/Spine/Hero/hero_029/hero_029_silhouette.png|Assets/Game/RawAssets/Spine/Hero/hero_029/hero_029_silhouette.skel.bytes|Assets/Game/RawAssets/Spine/Hero/hero_029/hero_029_silhouette_Atlas.asset|Assets/Game/RawAssets/Spine/Hero/hero_029/hero_029_silhouette_Material.mat|Assets/Game/RawAssets/Spine/Hero/hero_029/hero_029_silhouette_SkeletonData.asset|Assets/Game/RawAssets/Spine/Hero/hero_029/hero_029_SkeletonData.asset|Assets/Game/RawAssets/Spine/Hero/hero_029h/hero_029h.atlas.txt|Assets/Game/RawAssets/Spine/Hero/hero_029h/hero_029h.png|Assets/Game/RawAssets/Spine/Hero/hero_029h/hero_029h.skel.bytes|Assets/Game/RawAssets/Spine/Hero/hero_029h/hero_029h_Atlas.asset|Assets/Game/RawAssets/Spine/Hero/hero_029h/hero_029h_bg.atlas.txt|Assets/Game/RawAssets/Spine/Hero/hero_029h/hero_029h_bg.png|Assets/Game/RawAssets/Spine/Hero/hero_029h/hero_029h_bg.skel.bytes|Assets/Game/RawAssets/Spine/Hero/hero_029h/hero_029h_bg_Atlas.asset|Assets/Game/RawAssets/Spine/Hero/hero_029h/hero_029h_bg_Material.mat|Assets/Game/RawAssets/Spine/Hero/hero_029h/hero_029h_bg_SkeletonData.asset|Assets/Game/RawAssets/Spine/Hero/hero_029h/hero_029h_Material.mat|Assets/Game/RawAssets/Spine/Hero/hero_029h/hero_029h_SkeletonData.asset|Assets/Game/RawAssets/Sound/Battle/hero_029q_attack.wav|Assets/Game/RawAssets/Sound/Battle/hero_029q_attack1.wav|Assets/Game/RawAssets/Sound/Battle/hero_029q_skill_1.wav|Assets/Game/RawAssets/Sound/Battle/hero_029q_skill_2.wav|Assets/Game/RawAssets/Prefabs/3d/hero_029q_attack.prefab|Assets/Game/RawAssets/Prefabs/3d/hero_029q_attack1.prefab|Assets/Game/RawAssets/Prefabs/3d/hero_029q_attack1_dandao.prefab|Assets/Game/RawAssets/Prefabs/3d/hero_029q_attack1_hit.prefab|Assets/Game/RawAssets/Prefabs/3d/hero_029q_attack1_hit_afk.prefab|Assets/Game/RawAssets/Prefabs/3d/hero_029q_attack1_shifa.prefab
240049,3,0,0,hero_title240049,未定55,未定55,,24004900,24004900,,hero_001,,zhero_000,bhero_000,,hero_sex01,Assets/Game/RawAssets/Spine/Hero/hero_001/hero_001.atlas.txt|Assets/Game/RawAssets/Spine/Hero/hero_001/hero_001.png|Assets/Game/RawAssets/Spine/Hero/hero_001/hero_001.skel.bytes|Assets/Game/RawAssets/Spine/Hero/hero_001/hero_001_Atlas.asset|Assets/Game/RawAssets/Spine/Hero/hero_001/hero_001_Material.mat|Assets/Game/RawAssets/Spine/Hero/hero_001/hero_001_Material-Additive.mat|Assets/Game/RawAssets/Spine/Hero/hero_001/hero_001_silhouette.atlas.txt|Assets/Game/RawAssets/Spine/Hero/hero_001/hero_001_silhouette.png|Assets/Game/RawAssets/Spine/Hero/hero_001/hero_001_silhouette.skel.bytes|Assets/Game/RawAssets/Spine/Hero/hero_001/hero_001_silhouette_Atlas.asset|Assets/Game/RawAssets/Spine/Hero/hero_001/hero_001_silhouette_Material.mat|Assets/Game/RawAssets/Spine/Hero/hero_001/hero_001_silhouette_SkeletonData.asset|Assets/Game/RawAssets/Spine/Hero/hero_001/hero_001_SkeletonData.asset|Assets/Game/RawAssets/Spine/Hero/hero_001h/hero_001h.atlas.txt|Assets/Game/RawAssets/Spine/Hero/hero_001h/hero_001h.png|Assets/Game/RawAssets/Spine/Hero/hero_001h/hero_001h.skel.bytes|Assets/Game/RawAssets/Spine/Hero/hero_001h/hero_001h_Atlas.asset|Assets/Game/RawAssets/Spine/Hero/hero_001h/hero_001h_Material.mat|Assets/Game/RawAssets/Spine/Hero/hero_001h/hero_001h_SkeletonData.asset|Assets/Game/RawAssets/Sound/Battle/hero_001q_attack.wav|Assets/Game/RawAssets/Sound/Battle/hero_001q_attack1.wav|Assets/Game/RawAssets/Sound/Battle/hero_001q_skill_1.wav|Assets/Game/RawAssets/Sound/Battle/hero_001q_skill_2.wav|Assets/Game/RawAssets/Prefabs/3d/hero_001q_attack.prefab|Assets/Game/RawAssets/Prefabs/3d/hero_001q_attack1_dandao.prefab|Assets/Game/RawAssets/Prefabs/3d/hero_001q_attack1_hit.prefab|Assets/Game/RawAssets/Prefabs/3d/hero_001q_attack1_hit_afk.prefab|Assets/Game/RawAssets/Prefabs/3d/hero_001q_attack1_shifa.prefab|Assets/Game/RawAssets/Prefabs/3d/hero_001q_skill_1.prefab|Assets/Game/RawAssets/Prefabs/3d/hero_001q_skill_2.prefab|Assets/Game/RawAssets/Prefabs/3d/hero_001q_standby.prefab|Assets/Game/RawAssets/Prefabs/Camera/hero_001q_skill1cam_l.prefab|Assets/Game/RawAssets/Prefabs/Camera/hero_001q_skill1cam_r.prefab|Assets/Game/RawAssets/Prefabs/Camera/hero_001q_skill2cam_l1.prefab|Assets/Game/RawAssets/Prefabs/Camera/hero_001q_skill2cam_l2.prefab|Assets/Game/RawAssets/Prefabs/Camera/hero_001q_skill2cam_l3.prefab|Assets/Game/RawAssets/Prefabs/Camera/hero_001q_skill2cam_l4.prefab|Assets/Game/RawAssets/Prefabs/Camera/hero_001q_skill2cam_l5.prefab|Assets/Game/RawAssets/Prefabs/Camera/hero_001q_skill2cam_r1.prefab|Assets/Game/RawAssets/Prefabs/Camera/hero_001q_skill2cam_r2.prefab
240050,3,0,0,hero_title240050,海姆達爾,海姆達爾,,24005000,24005000,,hero_040,,zhero_040,bhero_040,,hero_sex01,Assets/Game/RawAssets/Spine/Hero/hero_040/hero_040.atlas.txt|Assets/Game/RawAssets/Spine/Hero/hero_040/hero_040.png|Assets/Game/RawAssets/Spine/Hero/hero_040/hero_040.skel.bytes|Assets/Game/RawAssets/Spine/Hero/hero_040/hero_040_Atlas.asset|Assets/Game/RawAssets/Spine/Hero/hero_040/hero_040_bg.atlas.txt|Assets/Game/RawAssets/Spine/Hero/hero_040/hero_040_bg.png|Assets/Game/RawAssets/Spine/Hero/hero_040/hero_040_bg.skel.bytes|Assets/Game/RawAssets/Spine/Hero/hero_040/hero_040_bg_Atlas.asset|Assets/Game/RawAssets/Spine/Hero/hero_040/hero_040_bg_Material.mat|Assets/Game/RawAssets/Spine/Hero/hero_040/hero_040_bg_SkeletonData.asset|Assets/Game/RawAssets/Spine/Hero/hero_040/hero_040_fg.atlas.txt|Assets/Game/RawAssets/Spine/Hero/hero_040/hero_040_fg.png|Assets/Game/RawAssets/Spine/Hero/hero_040/hero_040_fg.skel.bytes|Assets/Game/RawAssets/Spine/Hero/hero_040/hero_040_fg_Atlas.asset|Assets/Game/RawAssets/Spine/Hero/hero_040/hero_040_fg_Material.mat|Assets/Game/RawAssets/Spine/Hero/hero_040/hero_040_fg_SkeletonData.asset|Assets/Game/RawAssets/Spine/Hero/hero_040/hero_040_Material.mat|Assets/Game/RawAssets/Spine/Hero/hero_040/hero_040_Material-Additive.mat|Assets/Game/RawAssets/Spine/Hero/hero_040/hero_040_silhouette.atlas.txt|Assets/Game/RawAssets/Spine/Hero/hero_040/hero_040_silhouette.png|Assets/Game/RawAssets/Spine/Hero/hero_040/hero_040_silhouette.skel.bytes|Assets/Game/RawAssets/Spine/Hero/hero_040/hero_040_silhouette_Atlas.asset|Assets/Game/RawAssets/Spine/Hero/hero_040/hero_040_silhouette_Material.mat|Assets/Game/RawAssets/Spine/Hero/hero_040/hero_040_silhouette_SkeletonData.asset|Assets/Game/RawAssets/Spine/Hero/hero_040/hero_040_SkeletonData.asset|Assets/Game/RawAssets/Spine/Hero/hero_040h/hero_040h.atlas.txt|Assets/Game/RawAssets/Spine/Hero/hero_040h/hero_040h.png|Assets/Game/RawAssets/Spine/Hero/hero_040h/hero_040h.skel.bytes|Assets/Game/RawAssets/Spine/Hero/hero_040h/hero_040h_Atlas.asset|Assets/Game/RawAssets/Spine/Hero/hero_040h/hero_040h_Material.mat|Assets/Game/RawAssets/Spine/Hero/hero_040h/hero_040h_SkeletonData.asset|Assets/Game/RawAssets/Sound/Battle/hero_040q_attack.wav|Assets/Game/RawAssets/Sound/Battle/hero_040q_attack1.wav|Assets/Game/RawAssets/Sound/Battle/hero_040q_skill_1.wav|Assets/Game/RawAssets/Sound/Battle/hero_040q_skill_2.wav|Assets/Game/RawAssets/Sound/Battle/hero_040q_skill_3.wav|Assets/Game/RawAssets/Prefabs/3d/hero_040q_attack.prefab|Assets/Game/RawAssets/Prefabs/3d/hero_040q_attack1_dandao.prefab|Assets/Game/RawAssets/Prefabs/3d/hero_040q_attack1_hit.prefab|Assets/Game/RawAssets/Prefabs/3d/hero_040q_attack1_hit_afk.prefab
240051,3,0,0,hero_title240051,未定41,未定41,,24005100,24005100,,hero_001,,zhero_000,bhero_000,,hero_sex01,Assets/Game/RawAssets/Spine/Hero/hero_001/hero_001.atlas.txt|Assets/Game/RawAssets/Spine/Hero/hero_001/hero_001.png|Assets/Game/RawAssets/Spine/Hero/hero_001/hero_001.skel.bytes|Assets/Game/RawAssets/Spine/Hero/hero_001/hero_001_Atlas.asset|Assets/Game/RawAssets/Spine/Hero/hero_001/hero_001_Material.mat|Assets/Game/RawAssets/Spine/Hero/hero_001/hero_001_Material-Additive.mat|Assets/Game/RawAssets/Spine/Hero/hero_001/hero_001_silhouette.atlas.txt|Assets/Game/RawAssets/Spine/Hero/hero_001/hero_001_silhouette.png|Assets/Game/RawAssets/Spine/Hero/hero_001/hero_001_silhouette.skel.bytes|Assets/Game/RawAssets/Spine/Hero/hero_001/hero_001_silhouette_Atlas.asset|Assets/Game/RawAssets/Spine/Hero/hero_001/hero_001_silhouette_Material.mat|Assets/Game/RawAssets/Spine/Hero/hero_001/hero_001_silhouette_SkeletonData.asset|Assets/Game/RawAssets/Spine/Hero/hero_001/hero_001_SkeletonData.asset|Assets/Game/RawAssets/Spine/Hero/hero_001h/hero_001h.atlas.txt|Assets/Game/RawAssets/Spine/Hero/hero_001h/hero_001h.png|Assets/Game/RawAssets/Spine/Hero/hero_001h/hero_001h.skel.bytes|Assets/Game/RawAssets/Spine/Hero/hero_001h/hero_001h_Atlas.asset|Assets/Game/RawAssets/Spine/Hero/hero_001h/hero_001h_Material.mat|Assets/Game/RawAssets/Spine/Hero/hero_001h/hero_001h_SkeletonData.asset|Assets/Game/RawAssets/Sound/Battle/hero_001q_attack.wav|Assets/Game/RawAssets/Sound/Battle/hero_001q_attack1.wav|Assets/Game/RawAssets/Sound/Battle/hero_001q_skill_1.wav|Assets/Game/RawAssets/Sound/Battle/hero_001q_skill_2.wav|Assets/Game/RawAssets/Prefabs/3d/hero_001q_attack.prefab|Assets/Game/RawAssets/Prefabs/3d/hero_001q_attack1_dandao.prefab|Assets/Game/RawAssets/Prefabs/3d/hero_001q_attack1_hit.prefab|Assets/Game/RawAssets/Prefabs/3d/hero_001q_attack1_hit_afk.prefab|Assets/Game/RawAssets/Prefabs/3d/hero_001q_attack1_shifa.prefab|Assets/Game/RawAssets/Prefabs/3d/hero_001q_skill_1.prefab|Assets/Game/RawAssets/Prefabs/3d/hero_001q_skill_2.prefab|Assets/Game/RawAssets/Prefabs/3d/hero_001q_standby.prefab|Assets/Game/RawAssets/Prefabs/Camera/hero_001q_skill1cam_l.prefab|Assets/Game/RawAssets/Prefabs/Camera/hero_001q_skill1cam_r.prefab|Assets/Game/RawAssets/Prefabs/Camera/hero_001q_skill2cam_l1.prefab|Assets/Game/RawAssets/Prefabs/Camera/hero_001q_skill2cam_l2.prefab|Assets/Game/RawAssets/Prefabs/Camera/hero_001q_skill2cam_l3.prefab|Assets/Game/RawAssets/Prefabs/Camera/hero_001q_skill2cam_l4.prefab|Assets/Game/RawAssets/Prefabs/Camera/hero_001q_skill2cam_l5.prefab|Assets/Game/RawAssets/Prefabs/Camera/hero_001q_skill2cam_r1.prefab|Assets/Game/RawAssets/Prefabs/Camera/hero_001q_skill2cam_r2.prefab
240052,3,0,0,hero_title240052,普羅米修斯,普羅米修斯,,24005200,24005200,,hero_025,,zhero_025,bhero_025,,hero_sex01,Assets/Game/RawAssets/Spine/Hero/hero_025/hero_025.atlas.txt|Assets/Game/RawAssets/Spine/Hero/hero_025/hero_025.png|Assets/Game/RawAssets/Spine/Hero/hero_025/hero_025.skel.bytes|Assets/Game/RawAssets/Spine/Hero/hero_025/hero_025_Atlas.asset|Assets/Game/RawAssets/Spine/Hero/hero_025/hero_025_bg.atlas.txt|Assets/Game/RawAssets/Spine/Hero/hero_025/hero_025_bg.png|Assets/Game/RawAssets/Spine/Hero/hero_025/hero_025_bg.skel.bytes|Assets/Game/RawAssets/Spine/Hero/hero_025/hero_025_bg_Atlas.asset|Assets/Game/RawAssets/Spine/Hero/hero_025/hero_025_bg_Material.mat|Assets/Game/RawAssets/Spine/Hero/hero_025/hero_025_bg_SkeletonData.asset|Assets/Game/RawAssets/Spine/Hero/hero_025/hero_025_fg.atlas.txt|Assets/Game/RawAssets/Spine/Hero/hero_025/hero_025_fg.png|Assets/Game/RawAssets/Spine/Hero/hero_025/hero_025_fg.skel.bytes|Assets/Game/RawAssets/Spine/Hero/hero_025/hero_025_fg_Atlas.asset|Assets/Game/RawAssets/Spine/Hero/hero_025/hero_025_fg_Material.mat|Assets/Game/RawAssets/Spine/Hero/hero_025/hero_025_fg_Material-Additive.mat|Assets/Game/RawAssets/Spine/Hero/hero_025/hero_025_fg_SkeletonData.asset|Assets/Game/RawAssets/Spine/Hero/hero_025/hero_025_Material.mat|Assets/Game/RawAssets/Spine/Hero/hero_025/hero_025_silhouette.atlas.txt|Assets/Game/RawAssets/Spine/Hero/hero_025/hero_025_silhouette.png|Assets/Game/RawAssets/Spine/Hero/hero_025/hero_025_silhouette.skel.bytes|Assets/Game/RawAssets/Spine/Hero/hero_025/hero_025_silhouette_Atlas.asset|Assets/Game/RawAssets/Spine/Hero/hero_025/hero_025_silhouette_Material.mat|Assets/Game/RawAssets/Spine/Hero/hero_025/hero_025_silhouette_SkeletonData.asset|Assets/Game/RawAssets/Spine/Hero/hero_025/hero_025_SkeletonData.asset|Assets/Game/RawAssets/Spine/Hero/hero_025h/hero_025h.atlas.txt|Assets/Game/RawAssets/Spine/Hero/hero_025h/hero_025h.png|Assets/Game/RawAssets/Spine/Hero/hero_025h/hero_025h.skel.bytes|Assets/Game/RawAssets/Spine/Hero/hero_025h/hero_025h_Atlas.asset|Assets/Game/RawAssets/Spine/Hero/hero_025h/hero_025h_Material.mat|Assets/Game/RawAssets/Spine/Hero/hero_025h/hero_025h_SkeletonData.asset|Assets/Game/RawAssets/Sound/Battle/hero_025q_attack.wav|Assets/Game/RawAssets/Sound/Battle/hero_025q_attack1.wav|Assets/Game/RawAssets/Sound/Battle/hero_025q_skill_1.wav|Assets/Game/RawAssets/Sound/Battle/hero_025q_skill_2.wav|Assets/Game/RawAssets/Prefabs/3d/hero_025q_attack.prefab|Assets/Game/RawAssets/Prefabs/3d/hero_025q_attack1_dandao.prefab|Assets/Game/RawAssets/Prefabs/3d/hero_025q_attack1_hit.prefab|Assets/Game/RawAssets/Prefabs/3d/hero_025q_attack1_hit_afk.prefab|Assets/Game/RawAssets/Prefabs/3d/hero_025q_attack1_shifa.prefab
240053,3,0,0,hero_title240053,小喬,小喬,,24005300,24005300,,hero_032,,zhero_032,bhero_032,,hero_sex01,Assets/Game/RawAssets/Spine/Hero/hero_032/hero_032.atlas.txt|Assets/Game/RawAssets/Spine/Hero/hero_032/hero_032.png|Assets/Game/RawAssets/Spine/Hero/hero_032/hero_032.skel.bytes|Assets/Game/RawAssets/Spine/Hero/hero_032/hero_032_Atlas.asset|Assets/Game/RawAssets/Spine/Hero/hero_032/hero_032_bg.atlas.txt|Assets/Game/RawAssets/Spine/Hero/hero_032/hero_032_bg.png|Assets/Game/RawAssets/Spine/Hero/hero_032/hero_032_bg.skel.bytes|Assets/Game/RawAssets/Spine/Hero/hero_032/hero_032_bg_Atlas.asset|Assets/Game/RawAssets/Spine/Hero/hero_032/hero_032_bg_Material.mat|Assets/Game/RawAssets/Spine/Hero/hero_032/hero_032_bg_SkeletonData.asset|Assets/Game/RawAssets/Spine/Hero/hero_032/hero_032_Material.mat|Assets/Game/RawAssets/Spine/Hero/hero_032/hero_032_silhouette.atlas.txt|Assets/Game/RawAssets/Spine/Hero/hero_032/hero_032_silhouette.png|Assets/Game/RawAssets/Spine/Hero/hero_032/hero_032_silhouette.skel.bytes|Assets/Game/RawAssets/Spine/Hero/hero_032/hero_032_silhouette_Atlas.asset|Assets/Game/RawAssets/Spine/Hero/hero_032/hero_032_silhouette_Material.mat|Assets/Game/RawAssets/Spine/Hero/hero_032/hero_032_silhouette_SkeletonData.asset|Assets/Game/RawAssets/Spine/Hero/hero_032/hero_032_SkeletonData.asset|Assets/Game/RawAssets/Spine/Hero/hero_032h/hero_032h.atlas.txt|Assets/Game/RawAssets/Spine/Hero/hero_032h/hero_032h.png|Assets/Game/RawAssets/Spine/Hero/hero_032h/hero_032h.skel.bytes|Assets/Game/RawAssets/Spine/Hero/hero_032h/hero_032h_Atlas.asset|Assets/Game/RawAssets/Spine/Hero/hero_032h/hero_032h_bg.atlas.txt|Assets/Game/RawAssets/Spine/Hero/hero_032h/hero_032h_bg.png|Assets/Game/RawAssets/Spine/Hero/hero_032h/hero_032h_bg.skel.bytes|Assets/Game/RawAssets/Spine/Hero/hero_032h/hero_032h_bg_Atlas.asset|Assets/Game/RawAssets/Spine/Hero/hero_032h/hero_032h_bg_Material.mat|Assets/Game/RawAssets/Spine/Hero/hero_032h/hero_032h_bg_SkeletonData.asset|Assets/Game/RawAssets/Spine/Hero/hero_032h/hero_032h_Material.mat|Assets/Game/RawAssets/Spine/Hero/hero_032h/hero_032h_SkeletonData.asset|Assets/Game/RawAssets/Sound/Battle/hero_032q_attack.wav|Assets/Game/RawAssets/Sound/Battle/hero_032q_attack1.wav|Assets/Game/RawAssets/Sound/Battle/hero_032q_skill_1.wav|Assets/Game/RawAssets/Sound/Battle/hero_032q_skill_2.wav|Assets/Game/RawAssets/Sound/Battle/hero_032q_skill_3.wav|Assets/Game/RawAssets/Prefabs/3d/hero_032q_attack.prefab|Assets/Game/RawAssets/Prefabs/3d/hero_032q_attack1_dandao.prefab|Assets/Game/RawAssets/Prefabs/3d/hero_032q_attack1_hit.prefab|Assets/Game/RawAssets/Prefabs/3d/hero_032q_attack1_hit_afk.prefab|Assets/Game/RawAssets/Prefabs/3d/hero_032q_attack1_shifa.prefab
240054,3,0,1,hero_title240054,黃月英,黃月英,,24005400,24005400,,hero_020,,zhero_020,bhero_020,,hero_sex01,Assets/Game/RawAssets/Spine/Hero/hero_020/hero_020.atlas.txt|Assets/Game/RawAssets/Spine/Hero/hero_020/hero_020.png|Assets/Game/RawAssets/Spine/Hero/hero_020/hero_020.skel.bytes|Assets/Game/RawAssets/Spine/Hero/hero_020/hero_020_Atlas.asset|Assets/Game/RawAssets/Spine/Hero/hero_020/hero_020_Material.mat|Assets/Game/RawAssets/Spine/Hero/hero_020/hero_020_Material-Additive.mat|Assets/Game/RawAssets/Spine/Hero/hero_020/hero_020_silhouette.atlas.txt|Assets/Game/RawAssets/Spine/Hero/hero_020/hero_020_silhouette.png|Assets/Game/RawAssets/Spine/Hero/hero_020/hero_020_silhouette.skel.bytes|Assets/Game/RawAssets/Spine/Hero/hero_020/hero_020_silhouette_Atlas.asset|Assets/Game/RawAssets/Spine/Hero/hero_020/hero_020_silhouette_Material.mat|Assets/Game/RawAssets/Spine/Hero/hero_020/hero_020_silhouette_SkeletonData.asset|Assets/Game/RawAssets/Spine/Hero/hero_020/hero_020_SkeletonData.asset|Assets/Game/RawAssets/Sound/Battle/hero_020q_attack.wav|Assets/Game/RawAssets/Sound/Battle/hero_020q_attack1.wav|Assets/Game/RawAssets/Sound/Battle/hero_020q_skill_1.wav|Assets/Game/RawAssets/Sound/Battle/hero_020q_skill_2.wav|Assets/Game/RawAssets/Prefabs/3d/hero_020q_attack.prefab|Assets/Game/RawAssets/Prefabs/3d/hero_020q_attack1_dandao.prefab|Assets/Game/RawAssets/Prefabs/3d/hero_020q_attack1_hit.prefab|Assets/Game/RawAssets/Prefabs/3d/hero_020q_attack1_hit_afk.prefab|Assets/Game/RawAssets/Prefabs/3d/hero_020q_attack1_shifa.prefab|Assets/Game/RawAssets/Prefabs/3d/hero_020q_fazheng_01.prefab|Assets/Game/RawAssets/Prefabs/3d/hero_020q_jiguang_01.prefab|Assets/Game/RawAssets/Prefabs/3d/hero_020q_skill_1.prefab|Assets/Game/RawAssets/Prefabs/3d/hero_020q_skill_2.prefab|Assets/Game/RawAssets/Prefabs/Camera/hero_020q_skill1cam_l.prefab|Assets/Game/RawAssets/Prefabs/Camera/hero_020q_skill1cam_r.prefab|Assets/Game/RawAssets/Prefabs/Camera/hero_020q_skill2cam_l1.prefab|Assets/Game/RawAssets/Prefabs/Camera/hero_020q_skill2cam_l2.prefab|Assets/Game/RawAssets/Prefabs/Camera/hero_020q_skill2cam_l3.prefab|Assets/Game/RawAssets/Prefabs/Camera/hero_020q_skill2cam_l4.prefab|Assets/Game/RawAssets/Prefabs/Camera/hero_020q_skill2cam_l5.prefab|Assets/Game/RawAssets/Prefabs/Camera/hero_020q_skill2cam_r1.prefab|Assets/Game/RawAssets/Prefabs/Camera/hero_020q_skill2cam_r2.prefab|Assets/Game/RawAssets/Prefabs/Camera/hero_020q_skill2cam_r3.prefab|Assets/Game/RawAssets/Prefabs/Camera/hero_020q_skill2cam_r4.prefab|Assets/Game/RawAssets/Prefabs/Camera/hero_020q_skill2cam_r5.prefab|Assets/Game/RawAssets/Prefabs/Skill/Hero_020Q_fx.prefab|Assets/Game/RawAssets/Prefabs/Skill/Hero_020Q_fx_2.prefab
240055,4,0,2,hero_title240055,天狐妲己,天狐妲己,,24005500|24005501,24005500|24005501,,hero_016|hero_016_s01,,zhero_016|zhero_016_s01,bhero_016|bhero_016_s01,,hero_sex01,Assets/Game/RawAssets/Spine/Hero/hero_016/hero_016.atlas.txt|Assets/Game/RawAssets/Spine/Hero/hero_016/hero_016.png|Assets/Game/RawAssets/Spine/Hero/hero_016/hero_016.skel.bytes|Assets/Game/RawAssets/Spine/Hero/hero_016/hero_016.spriteatlas|Assets/Game/RawAssets/Spine/Hero/hero_016/hero_016_Atlas.asset|Assets/Game/RawAssets/Spine/Hero/hero_016/hero_016_bg.atlas.txt|Assets/Game/RawAssets/Spine/Hero/hero_016/hero_016_bg.png|Assets/Game/RawAssets/Spine/Hero/hero_016/hero_016_bg.skel.bytes|Assets/Game/RawAssets/Spine/Hero/hero_016/hero_016_bg_2.png|Assets/Game/RawAssets/Spine/Hero/hero_016/hero_016_bg_Atlas.asset|Assets/Game/RawAssets/Spine/Hero/hero_016/hero_016_bg_hero_016_bg.mat|Assets/Game/RawAssets/Spine/Hero/hero_016/hero_016_bg_hero_016_bg_2.mat|Assets/Game/RawAssets/Spine/Hero/hero_016/hero_016_bg_Material.mat|Assets/Game/RawAssets/Spine/Hero/hero_016/hero_016_bg_SkeletonData.asset|Assets/Game/RawAssets/Spine/Hero/hero_016/hero_016_fg.atlas.txt|Assets/Game/RawAssets/Spine/Hero/hero_016/hero_016_fg.png|Assets/Game/RawAssets/Spine/Hero/hero_016/hero_016_fg.skel.bytes|Assets/Game/RawAssets/Spine/Hero/hero_016/hero_016_fg_Atlas.asset|Assets/Game/RawAssets/Spine/Hero/hero_016/hero_016_fg_Material.mat|Assets/Game/RawAssets/Spine/Hero/hero_016/hero_016_fg_SkeletonData.asset|Assets/Game/RawAssets/Spine/Hero/hero_016/hero_016_Material.mat|Assets/Game/RawAssets/Spine/Hero/hero_016/hero_016_silhouette.atlas.txt|Assets/Game/RawAssets/Spine/Hero/hero_016/hero_016_silhouette.png|Assets/Game/RawAssets/Spine/Hero/hero_016/hero_016_silhouette.skel.bytes|Assets/Game/RawAssets/Spine/Hero/hero_016/hero_016_silhouette_Atlas.asset|Assets/Game/RawAssets/Spine/Hero/hero_016/hero_016_silhouette_Material.mat|Assets/Game/RawAssets/Spine/Hero/hero_016/hero_016_silhouette_SkeletonData.asset|Assets/Game/RawAssets/Spine/Hero/hero_016/hero_016_SkeletonData.asset|Assets/Game/RawAssets/Spine/Hero/hero_016_s01/hero_016_s01.atlas.txt|Assets/Game/RawAssets/Spine/Hero/hero_016_s01/hero_016_s01.png|Assets/Game/RawAssets/Spine/Hero/hero_016_s01/hero_016_s01.skel.bytes|Assets/Game/RawAssets/Spine/Hero/hero_016_s01/hero_016_s01_2.png|Assets/Game/RawAssets/Spine/Hero/hero_016_s01/hero_016_s01_Atlas.asset|Assets/Game/RawAssets/Spine/Hero/hero_016_s01/hero_016_s01_fg.atlas.txt|Assets/Game/RawAssets/Spine/Hero/hero_016_s01/hero_016_s01_fg.png|Assets/Game/RawAssets/Spine/Hero/hero_016_s01/hero_016_s01_fg.skel.bytes|Assets/Game/RawAssets/Spine/Hero/hero_016_s01/hero_016_s01_fg_Atlas.asset|Assets/Game/RawAssets/Spine/Hero/hero_016_s01/hero_016_s01_fg_Material.mat|Assets/Game/RawAssets/Spine/Hero/hero_016_s01/hero_016_s01_fg_Material-Additive.mat|Assets/Game/RawAssets/Spine/Hero/hero_016_s01/hero_016_s01_fg_SkeletonData.asset
240057,3,0,0,hero_title240057,輝夜,輝夜,,24005700,24005700,,hero_002,,zhero_002,bhero_002,,hero_sex01,Assets/Game/RawAssets/Spine/Hero/hero_002/hero_002.atlas.txt|Assets/Game/RawAssets/Spine/Hero/hero_002/hero_002.png|Assets/Game/RawAssets/Spine/Hero/hero_002/hero_002.skel.bytes|Assets/Game/RawAssets/Spine/Hero/hero_002/hero_002_Atlas.asset|Assets/Game/RawAssets/Spine/Hero/hero_002/hero_002_Material.mat|Assets/Game/RawAssets/Spine/Hero/hero_002/hero_002_Material-Additive.mat|Assets/Game/RawAssets/Spine/Hero/hero_002/hero_002_silhouette.atlas.txt|Assets/Game/RawAssets/Spine/Hero/hero_002/hero_002_silhouette.png|Assets/Game/RawAssets/Spine/Hero/hero_002/hero_002_silhouette.skel.bytes|Assets/Game/RawAssets/Spine/Hero/hero_002/hero_002_silhouette_Atlas.asset|Assets/Game/RawAssets/Spine/Hero/hero_002/hero_002_silhouette_Material.mat|Assets/Game/RawAssets/Spine/Hero/hero_002/hero_002_silhouette_SkeletonData.asset|Assets/Game/RawAssets/Spine/Hero/hero_002/hero_002_SkeletonData.asset|Assets/Game/RawAssets/Sound/Battle/hero_002q_attack.wav|Assets/Game/RawAssets/Sound/Battle/hero_002q_attack1.wav|Assets/Game/RawAssets/Sound/Battle/hero_002q_skill_1.wav|Assets/Game/RawAssets/Sound/Battle/hero_002q_skill_2.wav|Assets/Game/RawAssets/Prefabs/3d/hero_002q_attack.prefab|Assets/Game/RawAssets/Prefabs/3d/hero_002q_attack1_dandao.prefab|Assets/Game/RawAssets/Prefabs/3d/hero_002q_attack1_hit.prefab|Assets/Game/RawAssets/Prefabs/3d/hero_002q_attack1_hit_afk.prefab|Assets/Game/RawAssets/Prefabs/3d/hero_002q_attack1_shifa.prefab|Assets/Game/RawAssets/Prefabs/3d/hero_002q_skill_1.prefab|Assets/Game/RawAssets/Prefabs/3d/hero_002q_skill_2.prefab|Assets/Game/RawAssets/Prefabs/Camera/hero_002q_skill1cam_l.prefab|Assets/Game/RawAssets/Prefabs/Camera/hero_002q_skill1cam_r.prefab|Assets/Game/RawAssets/Prefabs/Camera/hero_002q_skill2cam_l1.prefab|Assets/Game/RawAssets/Prefabs/Camera/hero_002q_skill2cam_l2.prefab|Assets/Game/RawAssets/Prefabs/Camera/hero_002q_skill2cam_l3.prefab|Assets/Game/RawAssets/Prefabs/Camera/hero_002q_skill2cam_l4.prefab|Assets/Game/RawAssets/Prefabs/Camera/hero_002q_skill2cam_l5.prefab|Assets/Game/RawAssets/Prefabs/Camera/hero_002q_skill2cam_r1.prefab|Assets/Game/RawAssets/Prefabs/Camera/hero_002q_skill2cam_r2.prefab|Assets/Game/RawAssets/Prefabs/Camera/hero_002q_skill2cam_r3.prefab|Assets/Game/RawAssets/Prefabs/Camera/hero_002q_skill2cam_r4.prefab|Assets/Game/RawAssets/Prefabs/Camera/hero_002q_skill2cam_r5.prefab|Assets/Game/RawAssets/Prefabs/Skill/Hero_002Q_attack.prefab|Assets/Game/RawAssets/Prefabs/Skill/Hero_002Q_fx.prefab|Assets/Game/RawAssets/Prefabs/Skill/Hero_002Q_fx_2.prefab|Assets/Game/RawAssets/Sound/Hero/hero_002_battle.wav
240058,1,0,0,hero_title240058,伊卡洛斯,伊卡洛斯,,24005800,24005800,,hero_031,,zhero_031,bhero_031,,hero_sex01,Assets/Game/RawAssets/Spine/Hero/hero_031/hero_031.atlas.txt|Assets/Game/RawAssets/Spine/Hero/hero_031/hero_031.png|Assets/Game/RawAssets/Spine/Hero/hero_031/hero_031.skel.bytes|Assets/Game/RawAssets/Spine/Hero/hero_031/hero_031_Atlas.asset|Assets/Game/RawAssets/Spine/Hero/hero_031/hero_031_Material.mat|Assets/Game/RawAssets/Spine/Hero/hero_031/hero_031_Material-Additive.mat|Assets/Game/RawAssets/Spine/Hero/hero_031/hero_031_silhouette.atlas.txt|Assets/Game/RawAssets/Spine/Hero/hero_031/hero_031_silhouette.png|Assets/Game/RawAssets/Spine/Hero/hero_031/hero_031_silhouette.skel.bytes|Assets/Game/RawAssets/Spine/Hero/hero_031/hero_031_silhouette_Atlas.asset|Assets/Game/RawAssets/Spine/Hero/hero_031/hero_031_silhouette_Material.mat|Assets/Game/RawAssets/Spine/Hero/hero_031/hero_031_silhouette_SkeletonData.asset|Assets/Game/RawAssets/Spine/Hero/hero_031/hero_031_SkeletonData.asset|Assets/Game/RawAssets/Sound/Battle/hero_031q_attack.wav|Assets/Game/RawAssets/Sound/Battle/hero_031q_attack1.wav|Assets/Game/RawAssets/Sound/Battle/hero_031q_skill_1.wav|Assets/Game/RawAssets/Prefabs/3d/hero_031q_attack.prefab|Assets/Game/RawAssets/Prefabs/3d/hero_031q_attack1_dandao.prefab|Assets/Game/RawAssets/Prefabs/3d/hero_031q_attack1_hit.prefab|Assets/Game/RawAssets/Prefabs/3d/hero_031q_attack1_hit_afk.prefab|Assets/Game/RawAssets/Prefabs/3d/hero_031q_attack1_shifa.prefab|Assets/Game/RawAssets/Prefabs/3d/hero_031q_skill_1.prefab|Assets/Game/RawAssets/Prefabs/Skill/Hero_031Q_fx.prefab|Assets/Game/RawAssets/Prefabs/Skill/Hero_031Q_fx_2.prefab|Assets/Game/RawAssets/Sound/Hero/hero_031_battle.wav|Assets/Game/RawAssets/Sound/Hero/hero_031_fail.wav|Assets/Game/RawAssets/Sound/Hero/hero_031_recruit.wav|Assets/Game/RawAssets/Sound/Hero/hero_031_select.wav|Assets/Game/RawAssets/Sound/Hero/hero_031_skill1.wav|Assets/Game/RawAssets/Sound/Hero/hero_031_skill2.wav|Assets/Game/RawAssets/Sound/Hero/hero_031_touch1.wav|Assets/Game/RawAssets/Sound/Hero/hero_031_touch2.wav|Assets/Game/RawAssets/Sound/Hero/hero_031_touch3.wav|Assets/Game/RawAssets/Sound/Hero/hero_031_victory.wav|Assets/Game/RawAssets/Spine/HeroQ/hero_031q/hero_031q.atlas.txt|Assets/Game/RawAssets/Spine/HeroQ/hero_031q/hero_031q.png|Assets/Game/RawAssets/Spine/HeroQ/hero_031q/hero_031q.skel.bytes|Assets/Game/RawAssets/Spine/HeroQ/hero_031q/hero_031q_Atlas.asset|Assets/Game/RawAssets/Spine/HeroQ/hero_031q/hero_031q_Material.mat|Assets/Game/RawAssets/Spine/HeroQ/hero_031q/hero_031q_shadow/hero_031q_shadow.atlas.txt
240060,3,0,0,hero_title240060,努特,努特,,24006000,24006000,,hero_043,,zhero_043,bhero_043,,hero_sex01,Assets/Game/RawAssets/Spine/Hero/hero_043/hero_043.atlas.txt|Assets/Game/RawAssets/Spine/Hero/hero_043/hero_043.png|Assets/Game/RawAssets/Spine/Hero/hero_043/hero_043.skel.bytes|Assets/Game/RawAssets/Spine/Hero/hero_043/hero_043_Atlas.asset|Assets/Game/RawAssets/Spine/Hero/hero_043/hero_043_bg.atlas.txt|Assets/Game/RawAssets/Spine/Hero/hero_043/hero_043_bg.png|Assets/Game/RawAssets/Spine/Hero/hero_043/hero_043_bg.skel.bytes|Assets/Game/RawAssets/Spine/Hero/hero_043/hero_043_bg_Atlas.asset|Assets/Game/RawAssets/Spine/Hero/hero_043/hero_043_bg_Material.mat|Assets/Game/RawAssets/Spine/Hero/hero_043/hero_043_bg_SkeletonData.asset|Assets/Game/RawAssets/Spine/Hero/hero_043/hero_043_fg.atlas.txt|Assets/Game/RawAssets/Spine/Hero/hero_043/hero_043_fg.png|Assets/Game/RawAssets/Spine/Hero/hero_043/hero_043_fg.skel.bytes|Assets/Game/RawAssets/Spine/Hero/hero_043/hero_043_fg_Atlas.asset|Assets/Game/RawAssets/Spine/Hero/hero_043/hero_043_fg_Material.mat|Assets/Game/RawAssets/Spine/Hero/hero_043/hero_043_fg_SkeletonData.asset|Assets/Game/RawAssets/Spine/Hero/hero_043/hero_043_Material.mat|Assets/Game/RawAssets/Spine/Hero/hero_043/hero_043_silhouette.atlas.txt|Assets/Game/RawAssets/Spine/Hero/hero_043/hero_043_silhouette.png|Assets/Game/RawAssets/Spine/Hero/hero_043/hero_043_silhouette.skel.bytes|Assets/Game/RawAssets/Spine/Hero/hero_043/hero_043_silhouette_Atlas.asset|Assets/Game/RawAssets/Spine/Hero/hero_043/hero_043_silhouette_Material.mat|Assets/Game/RawAssets/Spine/Hero/hero_043/hero_043_silhouette_SkeletonData.asset|Assets/Game/RawAssets/Spine/Hero/hero_043/hero_043_SkeletonData.asset|Assets/Game/RawAssets/Spine/Hero/hero_043h/hero_043h.atlas.txt|Assets/Game/RawAssets/Spine/Hero/hero_043h/hero_043h.png|Assets/Game/RawAssets/Spine/Hero/hero_043h/hero_043h.skel.bytes|Assets/Game/RawAssets/Spine/Hero/hero_043h/hero_043h_Atlas.asset|Assets/Game/RawAssets/Spine/Hero/hero_043h/hero_043h_bg.atlas.txt|Assets/Game/RawAssets/Spine/Hero/hero_043h/hero_043h_bg.png|Assets/Game/RawAssets/Spine/Hero/hero_043h/hero_043h_bg.skel.bytes|Assets/Game/RawAssets/Spine/Hero/hero_043h/hero_043h_bg_Atlas.asset|Assets/Game/RawAssets/Spine/Hero/hero_043h/hero_043h_bg_Material.mat|Assets/Game/RawAssets/Spine/Hero/hero_043h/hero_043h_bg_SkeletonData.asset|Assets/Game/RawAssets/Spine/Hero/hero_043h/hero_043h_fg.atlas.txt|Assets/Game/RawAssets/Spine/Hero/hero_043h/hero_043h_fg.png|Assets/Game/RawAssets/Spine/Hero/hero_043h/hero_043h_fg.skel.bytes|Assets/Game/RawAssets/Spine/Hero/hero_043h/hero_043h_fg_Atlas.asset|Assets/Game/RawAssets/Spine/Hero/hero_043h/hero_043h_fg_Material.mat|Assets/Game/RawAssets/Spine/Hero/hero_043h/hero_043h_fg_SkeletonData.asset
240061,4,0,2,hero_title240061,塔納托斯,塔納托斯,,24006100|24006101,24006100|24006101,,hero_018|hero_018_s01,,zhero_018|zhero_018_s01,bhero_018|bhero_018_s01,,hero_sex01,Assets/Game/RawAssets/Spine/Hero/hero_018/hero_018.atlas.txt|Assets/Game/RawAssets/Spine/Hero/hero_018/hero_018.png|Assets/Game/RawAssets/Spine/Hero/hero_018/hero_018.skel.bytes|Assets/Game/RawAssets/Spine/Hero/hero_018/hero_018_Atlas.asset|Assets/Game/RawAssets/Spine/Hero/hero_018/hero_018_bg.atlas.txt|Assets/Game/RawAssets/Spine/Hero/hero_018/hero_018_bg.png|Assets/Game/RawAssets/Spine/Hero/hero_018/hero_018_bg.skel.bytes|Assets/Game/RawAssets/Spine/Hero/hero_018/hero_018_bg_Atlas.asset|Assets/Game/RawAssets/Spine/Hero/hero_018/hero_018_bg_Material.mat|Assets/Game/RawAssets/Spine/Hero/hero_018/hero_018_bg_SkeletonData.asset|Assets/Game/RawAssets/Spine/Hero/hero_018/hero_018_fg.atlas.txt|Assets/Game/RawAssets/Spine/Hero/hero_018/hero_018_fg.png|Assets/Game/RawAssets/Spine/Hero/hero_018/hero_018_fg.skel.bytes|Assets/Game/RawAssets/Spine/Hero/hero_018/hero_018_fg_Atlas.asset|Assets/Game/RawAssets/Spine/Hero/hero_018/hero_018_fg_Material.mat|Assets/Game/RawAssets/Spine/Hero/hero_018/hero_018_fg_SkeletonData.asset|Assets/Game/RawAssets/Spine/Hero/hero_018/hero_018_Material.mat|Assets/Game/RawAssets/Spine/Hero/hero_018/hero_018_silhouette.atlas.txt|Assets/Game/RawAssets/Spine/Hero/hero_018/hero_018_silhouette.png|Assets/Game/RawAssets/Spine/Hero/hero_018/hero_018_silhouette.skel.bytes|Assets/Game/RawAssets/Spine/Hero/hero_018/hero_018_silhouette_Atlas.asset|Assets/Game/RawAssets/Spine/Hero/hero_018/hero_018_silhouette_Material.mat|Assets/Game/RawAssets/Spine/Hero/hero_018/hero_018_silhouette_SkeletonData.asset|Assets/Game/RawAssets/Spine/Hero/hero_018/hero_018_SkeletonData.asset|Assets/Game/RawAssets/Spine/Hero/hero_018_p01h/hero_018_p01h.atlas.txt|Assets/Game/RawAssets/Spine/Hero/hero_018_p01h/hero_018_p01h.png|Assets/Game/RawAssets/Spine/Hero/hero_018_p01h/hero_018_p01h.skel.bytes|Assets/Game/RawAssets/Spine/Hero/hero_018_p01h/hero_018_p01h_Atlas.asset|Assets/Game/RawAssets/Spine/Hero/hero_018_p01h/hero_018_p01h_Material.mat|Assets/Game/RawAssets/Spine/Hero/hero_018_p01h/hero_018_p01h_SkeletonData.asset|Assets/Game/RawAssets/Spine/Hero/hero_018_s01/hero_018_s01.atlas.txt|Assets/Game/RawAssets/Spine/Hero/hero_018_s01/hero_018_s01.png|Assets/Game/RawAssets/Spine/Hero/hero_018_s01/hero_018_s01.skel.bytes|Assets/Game/RawAssets/Spine/Hero/hero_018_s01/hero_018_s01_Atlas.asset|Assets/Game/RawAssets/Spine/Hero/hero_018_s01/hero_018_s01_bg.atlas.txt|Assets/Game/RawAssets/Spine/Hero/hero_018_s01/hero_018_s01_bg.png|Assets/Game/RawAssets/Spine/Hero/hero_018_s01/hero_018_s01_bg.skel.bytes|Assets/Game/RawAssets/Spine/Hero/hero_018_s01/hero_018_s01_bg_2.png|Assets/Game/RawAssets/Spine/Hero/hero_018_s01/hero_018_s01_bg_Atlas.asset|Assets/Game/RawAssets/Spine/Hero/hero_018_s01/hero_018_s01_bg_hero_018_s01_bg.mat
240062,3,1,1,hero_title240062,大喬,大喬,,24006200,24006200,,hero_024,,zhero_024,bhero_024,,hero_sex01,Assets/Game/RawAssets/Spine/Hero/hero_024/hero_024.atlas.txt|Assets/Game/RawAssets/Spine/Hero/hero_024/hero_024.png|Assets/Game/RawAssets/Spine/Hero/hero_024/hero_024.skel.bytes|Assets/Game/RawAssets/Spine/Hero/hero_024/hero_024_2.png|Assets/Game/RawAssets/Spine/Hero/hero_024/hero_024_Atlas.asset|Assets/Game/RawAssets/Spine/Hero/hero_024/hero_024_fg.atlas.txt|Assets/Game/RawAssets/Spine/Hero/hero_024/hero_024_fg.png|Assets/Game/RawAssets/Spine/Hero/hero_024/hero_024_fg.skel.bytes|Assets/Game/RawAssets/Spine/Hero/hero_024/hero_024_fg_Atlas.asset|Assets/Game/RawAssets/Spine/Hero/hero_024/hero_024_fg_Material.mat|Assets/Game/RawAssets/Spine/Hero/hero_024/hero_024_fg_SkeletonData.asset|Assets/Game/RawAssets/Spine/Hero/hero_024/hero_024_hero_024.mat|Assets/Game/RawAssets/Spine/Hero/hero_024/hero_024_hero_024_2.mat|Assets/Game/RawAssets/Spine/Hero/hero_024/hero_024_Material.mat|Assets/Game/RawAssets/Spine/Hero/hero_024/hero_024_silhouette.atlas.txt|Assets/Game/RawAssets/Spine/Hero/hero_024/hero_024_silhouette.png|Assets/Game/RawAssets/Spine/Hero/hero_024/hero_024_silhouette.skel.bytes|Assets/Game/RawAssets/Spine/Hero/hero_024/hero_024_silhouette_Atlas.asset|Assets/Game/RawAssets/Spine/Hero/hero_024/hero_024_silhouette_Material.mat|Assets/Game/RawAssets/Spine/Hero/hero_024/hero_024_silhouette_SkeletonData.asset|Assets/Game/RawAssets/Spine/Hero/hero_024/hero_024_SkeletonData.asset|Assets/Game/RawAssets/Spine/Hero/hero_024h/hero_024h.atlas.txt|Assets/Game/RawAssets/Spine/Hero/hero_024h/hero_024h.png|Assets/Game/RawAssets/Spine/Hero/hero_024h/hero_024h.skel.bytes|Assets/Game/RawAssets/Spine/Hero/hero_024h/hero_024h_Atlas.asset|Assets/Game/RawAssets/Spine/Hero/hero_024h/hero_024h_fg.atlas.txt|Assets/Game/RawAssets/Spine/Hero/hero_024h/hero_024h_fg.png|Assets/Game/RawAssets/Spine/Hero/hero_024h/hero_024h_fg.skel.bytes|Assets/Game/RawAssets/Spine/Hero/hero_024h/hero_024h_fg_Atlas.asset|Assets/Game/RawAssets/Spine/Hero/hero_024h/hero_024h_fg_Material.mat|Assets/Game/RawAssets/Spine/Hero/hero_024h/hero_024h_fg_SkeletonData.asset|Assets/Game/RawAssets/Spine/Hero/hero_024h/hero_024h_Material.mat|Assets/Game/RawAssets/Spine/Hero/hero_024h/hero_024h_SkeletonData.asset|Assets/Game/RawAssets/Sound/Battle/hero_024q_attack.wav|Assets/Game/RawAssets/Sound/Battle/hero_024q_attack1.wav|Assets/Game/RawAssets/Sound/Battle/hero_024q_skill_1.wav|Assets/Game/RawAssets/Sound/Battle/hero_024q_skill_2.wav|Assets/Game/RawAssets/Prefabs/3d/hero_024q_attack.prefab|Assets/Game/RawAssets/Prefabs/3d/hero_024q_attack1_dandao.prefab|Assets/Game/RawAssets/Prefabs/3d/hero_024q_attack1_hit.prefab
240064,1,0,0,hero_title240064,雪女,雪女,,24006400,24006400,,hero_001,,zhero_000,bhero_000,,hero_sex01,Assets/Game/RawAssets/Spine/Hero/hero_001/hero_001.atlas.txt|Assets/Game/RawAssets/Spine/Hero/hero_001/hero_001.png|Assets/Game/RawAssets/Spine/Hero/hero_001/hero_001.skel.bytes|Assets/Game/RawAssets/Spine/Hero/hero_001/hero_001_Atlas.asset|Assets/Game/RawAssets/Spine/Hero/hero_001/hero_001_Material.mat|Assets/Game/RawAssets/Spine/Hero/hero_001/hero_001_Material-Additive.mat|Assets/Game/RawAssets/Spine/Hero/hero_001/hero_001_silhouette.atlas.txt|Assets/Game/RawAssets/Spine/Hero/hero_001/hero_001_silhouette.png|Assets/Game/RawAssets/Spine/Hero/hero_001/hero_001_silhouette.skel.bytes|Assets/Game/RawAssets/Spine/Hero/hero_001/hero_001_silhouette_Atlas.asset|Assets/Game/RawAssets/Spine/Hero/hero_001/hero_001_silhouette_Material.mat|Assets/Game/RawAssets/Spine/Hero/hero_001/hero_001_silhouette_SkeletonData.asset|Assets/Game/RawAssets/Spine/Hero/hero_001/hero_001_SkeletonData.asset|Assets/Game/RawAssets/Spine/Hero/hero_001h/hero_001h.atlas.txt|Assets/Game/RawAssets/Spine/Hero/hero_001h/hero_001h.png|Assets/Game/RawAssets/Spine/Hero/hero_001h/hero_001h.skel.bytes|Assets/Game/RawAssets/Spine/Hero/hero_001h/hero_001h_Atlas.asset|Assets/Game/RawAssets/Spine/Hero/hero_001h/hero_001h_Material.mat|Assets/Game/RawAssets/Spine/Hero/hero_001h/hero_001h_SkeletonData.asset|Assets/Game/RawAssets/Sound/Battle/hero_001q_attack.wav|Assets/Game/RawAssets/Sound/Battle/hero_001q_attack1.wav|Assets/Game/RawAssets/Sound/Battle/hero_001q_skill_1.wav|Assets/Game/RawAssets/Sound/Battle/hero_001q_skill_2.wav|Assets/Game/RawAssets/Prefabs/3d/hero_001q_attack.prefab|Assets/Game/RawAssets/Prefabs/3d/hero_001q_attack1_dandao.prefab|Assets/Game/RawAssets/Prefabs/3d/hero_001q_attack1_hit.prefab|Assets/Game/RawAssets/Prefabs/3d/hero_001q_attack1_hit_afk.prefab|Assets/Game/RawAssets/Prefabs/3d/hero_001q_attack1_shifa.prefab|Assets/Game/RawAssets/Prefabs/3d/hero_001q_skill_1.prefab|Assets/Game/RawAssets/Prefabs/3d/hero_001q_skill_2.prefab|Assets/Game/RawAssets/Prefabs/3d/hero_001q_standby.prefab|Assets/Game/RawAssets/Prefabs/Camera/hero_001q_skill1cam_l.prefab|Assets/Game/RawAssets/Prefabs/Camera/hero_001q_skill1cam_r.prefab|Assets/Game/RawAssets/Prefabs/Camera/hero_001q_skill2cam_l1.prefab|Assets/Game/RawAssets/Prefabs/Camera/hero_001q_skill2cam_l2.prefab|Assets/Game/RawAssets/Prefabs/Camera/hero_001q_skill2cam_l3.prefab|Assets/Game/RawAssets/Prefabs/Camera/hero_001q_skill2cam_l4.prefab|Assets/Game/RawAssets/Prefabs/Camera/hero_001q_skill2cam_l5.prefab|Assets/Game/RawAssets/Prefabs/Camera/hero_001q_skill2cam_r1.prefab|Assets/Game/RawAssets/Prefabs/Camera/hero_001q_skill2cam_r2.prefab
240065,3,1,1,hero_title240065,莉莉絲,莉莉絲,,24006500|24006501|24006502,24006500|24006501|24006502,24006500|24006501,hero_003|hero_003_s01|hero_003_s02,hero_003r_s01|hero_003r,zhero_003|zhero_003_s01|zhero_003,bhero_003|bhero_003_s01|bhero_003_s02,phero_003r_s01|phero_003r,hero_sex01,Assets/Game/RawAssets/Spine/Hero/hero_003/hero_003.atlas.txt|Assets/Game/RawAssets/Spine/Hero/hero_003/hero_003.png|Assets/Game/RawAssets/Spine/Hero/hero_003/hero_003.skel.bytes|Assets/Game/RawAssets/Spine/Hero/hero_003/hero_003_2.png|Assets/Game/RawAssets/Spine/Hero/hero_003/hero_003_Atlas.asset|Assets/Game/RawAssets/Spine/Hero/hero_003/hero_003_bg.atlas.txt|Assets/Game/RawAssets/Spine/Hero/hero_003/hero_003_bg.png|Assets/Game/RawAssets/Spine/Hero/hero_003/hero_003_bg.skel.bytes|Assets/Game/RawAssets/Spine/Hero/hero_003/hero_003_bg_Atlas.asset|Assets/Game/RawAssets/Spine/Hero/hero_003/hero_003_bg_Material.mat|Assets/Game/RawAssets/Spine/Hero/hero_003/hero_003_bg_SkeletonData.asset|Assets/Game/RawAssets/Spine/Hero/hero_003/hero_003_hero_003.mat|Assets/Game/RawAssets/Spine/Hero/hero_003/hero_003_hero_003_2.mat|Assets/Game/RawAssets/Spine/Hero/hero_003/hero_003_Material-Additive.mat|Assets/Game/RawAssets/Spine/Hero/hero_003/hero_003_silhouette.atlas.txt|Assets/Game/RawAssets/Spine/Hero/hero_003/hero_003_silhouette.png|Assets/Game/RawAssets/Spine/Hero/hero_003/hero_003_silhouette.skel.bytes|Assets/Game/RawAssets/Spine/Hero/hero_003/hero_003_silhouette_Atlas.asset|Assets/Game/RawAssets/Spine/Hero/hero_003/hero_003_silhouette_Material.mat|Assets/Game/RawAssets/Spine/Hero/hero_003/hero_003_silhouette_SkeletonData.asset|Assets/Game/RawAssets/Spine/Hero/hero_003/hero_003_SkeletonData.asset|Assets/Game/RawAssets/Spine/Hero/hero_003_s01/hero_003_s01.atlas.txt|Assets/Game/RawAssets/Spine/Hero/hero_003_s01/hero_003_s01.png|Assets/Game/RawAssets/Spine/Hero/hero_003_s01/hero_003_s01.skel.bytes|Assets/Game/RawAssets/Spine/Hero/hero_003_s01/hero_003_s01_Atlas.asset|Assets/Game/RawAssets/Spine/Hero/hero_003_s01/hero_003_s01_bg.atlas.txt|Assets/Game/RawAssets/Spine/Hero/hero_003_s01/hero_003_s01_bg.png|Assets/Game/RawAssets/Spine/Hero/hero_003_s01/hero_003_s01_bg.skel.bytes|Assets/Game/RawAssets/Spine/Hero/hero_003_s01/hero_003_s01_bg_Atlas.asset|Assets/Game/RawAssets/Spine/Hero/hero_003_s01/hero_003_s01_bg_Material.mat|Assets/Game/RawAssets/Spine/Hero/hero_003_s01/hero_003_s01_bg_Material-Additive.mat|Assets/Game/RawAssets/Spine/Hero/hero_003_s01/hero_003_s01_bg_SkeletonData.asset|Assets/Game/RawAssets/Spine/Hero/hero_003_s01/hero_003_s01_fg.atlas.txt|Assets/Game/RawAssets/Spine/Hero/hero_003_s01/hero_003_s01_fg.png|Assets/Game/RawAssets/Spine/Hero/hero_003_s01/hero_003_s01_fg.skel.bytes|Assets/Game/RawAssets/Spine/Hero/hero_003_s01/hero_003_s01_fg_Atlas.asset|Assets/Game/RawAssets/Spine/Hero/hero_003_s01/hero_003_s01_fg_Material.mat|Assets/Game/RawAssets/Spine/Hero/hero_003_s01/hero_003_s01_fg_SkeletonData.asset|Assets/Game/RawAssets/Spine/Hero/hero_003_s01/hero_003_s01_Material.mat|Assets/Game/RawAssets/Spine/Hero/hero_003_s01/hero_003_s01_Material-Additive.mat
240066,1,0,0,hero_title240066,步練師,步練師,,24006600,24006600,,hero_034,,zhero_034,bhero_034,,hero_sex01,Assets/Game/RawAssets/Spine/Hero/hero_034/hero_034.atlas.txt|Assets/Game/RawAssets/Spine/Hero/hero_034/hero_034.png|Assets/Game/RawAssets/Spine/Hero/hero_034/hero_034.skel.bytes|Assets/Game/RawAssets/Spine/Hero/hero_034/hero_034_Atlas.asset|Assets/Game/RawAssets/Spine/Hero/hero_034/hero_034_Material.mat|Assets/Game/RawAssets/Spine/Hero/hero_034/hero_034_silhouette.atlas.txt|Assets/Game/RawAssets/Spine/Hero/hero_034/hero_034_silhouette.png|Assets/Game/RawAssets/Spine/Hero/hero_034/hero_034_silhouette.skel.bytes|Assets/Game/RawAssets/Spine/Hero/hero_034/hero_034_silhouette_Atlas.asset|Assets/Game/RawAssets/Spine/Hero/hero_034/hero_034_silhouette_Material.mat|Assets/Game/RawAssets/Spine/Hero/hero_034/hero_034_silhouette_SkeletonData.asset|Assets/Game/RawAssets/Spine/Hero/hero_034/hero_034_SkeletonData.asset|Assets/Game/RawAssets/Spine/Hero/hero_034h/hero_034h.atlas.txt|Assets/Game/RawAssets/Spine/Hero/hero_034h/hero_034h.png|Assets/Game/RawAssets/Spine/Hero/hero_034h/hero_034h.skel.bytes|Assets/Game/RawAssets/Spine/Hero/hero_034h/hero_034h_Atlas.asset|Assets/Game/RawAssets/Spine/Hero/hero_034h/hero_034h_Material.mat|Assets/Game/RawAssets/Spine/Hero/hero_034h/hero_034h_SkeletonData.asset|Assets/Game/RawAssets/Sound/Battle/hero_034q_attack.wav|Assets/Game/RawAssets/Sound/Battle/hero_034q_attack1.wav|Assets/Game/RawAssets/Sound/Battle/hero_034q_skill_1.wav|Assets/Game/RawAssets/Prefabs/3d/hero_034q_attack.prefab|Assets/Game/RawAssets/Prefabs/3d/hero_034q_attack1_dandao.prefab|Assets/Game/RawAssets/Prefabs/3d/hero_034q_attack1_hit.prefab|Assets/Game/RawAssets/Prefabs/3d/hero_034q_attack1_hit_afk.prefab|Assets/Game/RawAssets/Prefabs/3d/hero_034q_attack1_shifa.prefab|Assets/Game/RawAssets/Prefabs/3d/hero_034q_skill_1.prefab|Assets/Game/RawAssets/Sound/Hero/hero_034_battle.wav|Assets/Game/RawAssets/Sound/Hero/hero_034_fail.wav|Assets/Game/RawAssets/Sound/Hero/hero_034_recruit.wav|Assets/Game/RawAssets/Sound/Hero/hero_034_select.wav|Assets/Game/RawAssets/Sound/Hero/hero_034_skill1.wav|Assets/Game/RawAssets/Sound/Hero/hero_034_skill2.wav|Assets/Game/RawAssets/Sound/Hero/hero_034_touch1.wav|Assets/Game/RawAssets/Sound/Hero/hero_034_touch2.wav|Assets/Game/RawAssets/Sound/Hero/hero_034_touch3.wav|Assets/Game/RawAssets/Sound/Hero/hero_034_victory.wav|Assets/Game/RawAssets/Spine/HeroQ/hero_034q/hero_034q.atlas.txt|Assets/Game/RawAssets/Spine/HeroQ/hero_034q/hero_034q.png|Assets/Game/RawAssets/Spine/HeroQ/hero_034q/hero_034q.skel.bytes
240067,3,0,0,hero_title240067,妖姬,妖姬,,24006700,24006700,,hero_041,,zhero_041,bhero_041,,hero_sex01,Assets/Game/RawAssets/Spine/Hero/hero_041/hero_041.atlas.txt|Assets/Game/RawAssets/Spine/Hero/hero_041/hero_041.png|Assets/Game/RawAssets/Spine/Hero/hero_041/hero_041.skel.bytes|Assets/Game/RawAssets/Spine/Hero/hero_041/hero_041_Atlas.asset|Assets/Game/RawAssets/Spine/Hero/hero_041/hero_041_fg.atlas.txt|Assets/Game/RawAssets/Spine/Hero/hero_041/hero_041_fg.png|Assets/Game/RawAssets/Spine/Hero/hero_041/hero_041_fg.skel.bytes|Assets/Game/RawAssets/Spine/Hero/hero_041/hero_041_fg_Atlas.asset|Assets/Game/RawAssets/Spine/Hero/hero_041/hero_041_fg_Material.mat|Assets/Game/RawAssets/Spine/Hero/hero_041/hero_041_fg_Material-Additive.mat|Assets/Game/RawAssets/Spine/Hero/hero_041/hero_041_fg_Material-Multiply.mat|Assets/Game/RawAssets/Spine/Hero/hero_041/hero_041_fg_SkeletonData.asset|Assets/Game/RawAssets/Spine/Hero/hero_041/hero_041_Material.mat|Assets/Game/RawAssets/Spine/Hero/hero_041/hero_041_Material-Additive.mat|Assets/Game/RawAssets/Spine/Hero/hero_041/hero_041_silhouette.atlas.txt|Assets/Game/RawAssets/Spine/Hero/hero_041/hero_041_silhouette.png|Assets/Game/RawAssets/Spine/Hero/hero_041/hero_041_silhouette.skel.bytes|Assets/Game/RawAssets/Spine/Hero/hero_041/hero_041_silhouette_Atlas.asset|Assets/Game/RawAssets/Spine/Hero/hero_041/hero_041_silhouette_Material.mat|Assets/Game/RawAssets/Spine/Hero/hero_041/hero_041_silhouette_SkeletonData.asset|Assets/Game/RawAssets/Spine/Hero/hero_041/hero_041_SkeletonData.asset|Assets/Game/RawAssets/Spine/Hero/hero_041h/hero_041h.atlas.txt|Assets/Game/RawAssets/Spine/Hero/hero_041h/hero_041h.png|Assets/Game/RawAssets/Spine/Hero/hero_041h/hero_041h.skel.bytes|Assets/Game/RawAssets/Spine/Hero/hero_041h/hero_041h_Atlas.asset|Assets/Game/RawAssets/Spine/Hero/hero_041h/hero_041h_fg.atlas.txt|Assets/Game/RawAssets/Spine/Hero/hero_041h/hero_041h_fg.png|Assets/Game/RawAssets/Spine/Hero/hero_041h/hero_041h_fg.skel.bytes|Assets/Game/RawAssets/Spine/Hero/hero_041h/hero_041h_fg_Atlas.asset|Assets/Game/RawAssets/Spine/Hero/hero_041h/hero_041h_fg_Material.mat|Assets/Game/RawAssets/Spine/Hero/hero_041h/hero_041h_fg_Material-Additive.mat|Assets/Game/RawAssets/Spine/Hero/hero_041h/hero_041h_fg_Material-Multiply.mat|Assets/Game/RawAssets/Spine/Hero/hero_041h/hero_041h_fg_SkeletonData.asset|Assets/Game/RawAssets/Spine/Hero/hero_041h/hero_041h_Material.mat|Assets/Game/RawAssets/Spine/Hero/hero_041h/hero_041h_Material-Additive.mat|Assets/Game/RawAssets/Spine/Hero/hero_041h/hero_041h_SkeletonData.asset|Assets/Game/RawAssets/Sound/Battle/hero_041q_attack.wav|Assets/Game/RawAssets/Sound/Battle/hero_041q_attack1.wav|Assets/Game/RawAssets/Sound/Battle/hero_041q_skill_1.wav|Assets/Game/RawAssets/Sound/Battle/hero_041q_skill_2.wav
240068,3,1,1,hero_title240068,哪吒,哪吒,,24006800,24006800,,hero_001,,zhero_001,bhero_001,,hero_sex01,Assets/Game/RawAssets/Spine/Hero/hero_001/hero_001.atlas.txt|Assets/Game/RawAssets/Spine/Hero/hero_001/hero_001.png|Assets/Game/RawAssets/Spine/Hero/hero_001/hero_001.skel.bytes|Assets/Game/RawAssets/Spine/Hero/hero_001/hero_001_Atlas.asset|Assets/Game/RawAssets/Spine/Hero/hero_001/hero_001_Material.mat|Assets/Game/RawAssets/Spine/Hero/hero_001/hero_001_Material-Additive.mat|Assets/Game/RawAssets/Spine/Hero/hero_001/hero_001_silhouette.atlas.txt|Assets/Game/RawAssets/Spine/Hero/hero_001/hero_001_silhouette.png|Assets/Game/RawAssets/Spine/Hero/hero_001/hero_001_silhouette.skel.bytes|Assets/Game/RawAssets/Spine/Hero/hero_001/hero_001_silhouette_Atlas.asset|Assets/Game/RawAssets/Spine/Hero/hero_001/hero_001_silhouette_Material.mat|Assets/Game/RawAssets/Spine/Hero/hero_001/hero_001_silhouette_SkeletonData.asset|Assets/Game/RawAssets/Spine/Hero/hero_001/hero_001_SkeletonData.asset|Assets/Game/RawAssets/Spine/Hero/hero_001h/hero_001h.atlas.txt|Assets/Game/RawAssets/Spine/Hero/hero_001h/hero_001h.png|Assets/Game/RawAssets/Spine/Hero/hero_001h/hero_001h.skel.bytes|Assets/Game/RawAssets/Spine/Hero/hero_001h/hero_001h_Atlas.asset|Assets/Game/RawAssets/Spine/Hero/hero_001h/hero_001h_Material.mat|Assets/Game/RawAssets/Spine/Hero/hero_001h/hero_001h_SkeletonData.asset|Assets/Game/RawAssets/Sound/Battle/hero_001q_attack.wav|Assets/Game/RawAssets/Sound/Battle/hero_001q_attack1.wav|Assets/Game/RawAssets/Sound/Battle/hero_001q_skill_1.wav|Assets/Game/RawAssets/Sound/Battle/hero_001q_skill_2.wav|Assets/Game/RawAssets/Prefabs/3d/hero_001q_attack.prefab|Assets/Game/RawAssets/Prefabs/3d/hero_001q_attack1_dandao.prefab|Assets/Game/RawAssets/Prefabs/3d/hero_001q_attack1_hit.prefab|Assets/Game/RawAssets/Prefabs/3d/hero_001q_attack1_hit_afk.prefab|Assets/Game/RawAssets/Prefabs/3d/hero_001q_attack1_shifa.prefab|Assets/Game/RawAssets/Prefabs/3d/hero_001q_skill_1.prefab|Assets/Game/RawAssets/Prefabs/3d/hero_001q_skill_2.prefab|Assets/Game/RawAssets/Prefabs/3d/hero_001q_standby.prefab|Assets/Game/RawAssets/Prefabs/Camera/hero_001q_skill1cam_l.prefab|Assets/Game/RawAssets/Prefabs/Camera/hero_001q_skill1cam_r.prefab|Assets/Game/RawAssets/Prefabs/Camera/hero_001q_skill2cam_l1.prefab|Assets/Game/RawAssets/Prefabs/Camera/hero_001q_skill2cam_l2.prefab|Assets/Game/RawAssets/Prefabs/Camera/hero_001q_skill2cam_l3.prefab|Assets/Game/RawAssets/Prefabs/Camera/hero_001q_skill2cam_l4.prefab|Assets/Game/RawAssets/Prefabs/Camera/hero_001q_skill2cam_l5.prefab|Assets/Game/RawAssets/Prefabs/Camera/hero_001q_skill2cam_r1.prefab|Assets/Game/RawAssets/Prefabs/Camera/hero_001q_skill2cam_r2.prefab
240069,3,1,1,hero_title240069,女帝,女帝,,24006900,24006900,,hero_017,,zhero_017,bhero_017,,hero_sex01,Assets/Game/RawAssets/Spine/Hero/hero_017/hero_017.atlas.txt|Assets/Game/RawAssets/Spine/Hero/hero_017/hero_017.png|Assets/Game/RawAssets/Spine/Hero/hero_017/hero_017.skel.bytes|Assets/Game/RawAssets/Spine/Hero/hero_017/hero_017.spriteatlas|Assets/Game/RawAssets/Spine/Hero/hero_017/hero_017_2.png|Assets/Game/RawAssets/Spine/Hero/hero_017/hero_017_Atlas.asset|Assets/Game/RawAssets/Spine/Hero/hero_017/hero_017_bg.atlas.txt|Assets/Game/RawAssets/Spine/Hero/hero_017/hero_017_bg.png|Assets/Game/RawAssets/Spine/Hero/hero_017/hero_017_bg.skel.bytes|Assets/Game/RawAssets/Spine/Hero/hero_017/hero_017_bg_Atlas.asset|Assets/Game/RawAssets/Spine/Hero/hero_017/hero_017_bg_Material.mat|Assets/Game/RawAssets/Spine/Hero/hero_017/hero_017_bg_SkeletonData.asset|Assets/Game/RawAssets/Spine/Hero/hero_017/hero_017_hero_017.mat|Assets/Game/RawAssets/Spine/Hero/hero_017/hero_017_hero_017_2.mat|Assets/Game/RawAssets/Spine/Hero/hero_017/hero_017_Material.mat|Assets/Game/RawAssets/Spine/Hero/hero_017/hero_017_qi/hero_017_qi.atlas.txt|Assets/Game/RawAssets/Spine/Hero/hero_017/hero_017_qi/hero_017_qi.png|Assets/Game/RawAssets/Spine/Hero/hero_017/hero_017_qi/hero_017_qi.skel.bytes|Assets/Game/RawAssets/Spine/Hero/hero_017/hero_017_qi/hero_017_qi_Atlas.asset|Assets/Game/RawAssets/Spine/Hero/hero_017/hero_017_qi/hero_017_qi_Material.mat|Assets/Game/RawAssets/Spine/Hero/hero_017/hero_017_qi/hero_017_qi_SkeletonData.asset|Assets/Game/RawAssets/Spine/Hero/hero_017/hero_017_silhouette.atlas.txt|Assets/Game/RawAssets/Spine/Hero/hero_017/hero_017_silhouette.png|Assets/Game/RawAssets/Spine/Hero/hero_017/hero_017_silhouette.skel.bytes|Assets/Game/RawAssets/Spine/Hero/hero_017/hero_017_silhouette_Atlas.asset|Assets/Game/RawAssets/Spine/Hero/hero_017/hero_017_silhouette_Material.mat|Assets/Game/RawAssets/Spine/Hero/hero_017/hero_017_silhouette_SkeletonData.asset|Assets/Game/RawAssets/Spine/Hero/hero_017/hero_017_SkeletonData.asset|Assets/Game/RawAssets/Spine/Hero/hero_017/qi.png|Assets/Game/RawAssets/Spine/Hero/hero_017h/hero_017h.atlas.txt|Assets/Game/RawAssets/Spine/Hero/hero_017h/hero_017h.png|Assets/Game/RawAssets/Spine/Hero/hero_017h/hero_017h.skel.bytes|Assets/Game/RawAssets/Spine/Hero/hero_017h/hero_017h_Atlas.asset|Assets/Game/RawAssets/Spine/Hero/hero_017h/hero_017h_bg.atlas.txt|Assets/Game/RawAssets/Spine/Hero/hero_017h/hero_017h_bg.png|Assets/Game/RawAssets/Spine/Hero/hero_017h/hero_017h_bg.skel.bytes|Assets/Game/RawAssets/Spine/Hero/hero_017h/hero_017h_bg_Atlas.asset|Assets/Game/RawAssets/Spine/Hero/hero_017h/hero_017h_bg_Material.mat|Assets/Game/RawAssets/Spine/Hero/hero_017h/hero_017h_bg_SkeletonData.asset|Assets/Game/RawAssets/Spine/Hero/hero_017h/hero_017h_Material.mat
240070,3,0,0,hero_title240070,紫苑,紫苑,,24007000,24007000,,hero_057,,zhero_057,bhero_057,,hero_sex01,Assets/Game/RawAssets/Spine/Hero/hero_057/hero_057.atlas.txt|Assets/Game/RawAssets/Spine/Hero/hero_057/hero_057.png|Assets/Game/RawAssets/Spine/Hero/hero_057/hero_057.skel.bytes|Assets/Game/RawAssets/Spine/Hero/hero_057/hero_057_2.png|Assets/Game/RawAssets/Spine/Hero/hero_057/hero_057_Atlas.asset|Assets/Game/RawAssets/Spine/Hero/hero_057/hero_057_hero_057.mat|Assets/Game/RawAssets/Spine/Hero/hero_057/hero_057_hero_057_2.mat|Assets/Game/RawAssets/Spine/Hero/hero_057/hero_057_Material.mat|Assets/Game/RawAssets/Spine/Hero/hero_057/hero_057_Material-Additive.mat|Assets/Game/RawAssets/Spine/Hero/hero_057/hero_057_silhouette.atlas.txt|Assets/Game/RawAssets/Spine/Hero/hero_057/hero_057_silhouette.png|Assets/Game/RawAssets/Spine/Hero/hero_057/hero_057_silhouette.skel.bytes|Assets/Game/RawAssets/Spine/Hero/hero_057/hero_057_silhouette_Atlas.asset|Assets/Game/RawAssets/Spine/Hero/hero_057/hero_057_silhouette_Material.mat|Assets/Game/RawAssets/Spine/Hero/hero_057/hero_057_silhouette_SkeletonData.asset|Assets/Game/RawAssets/Spine/Hero/hero_057/hero_057_SkeletonData.asset|Assets/Game/RawAssets/Sound/Battle/hero_057q_attack.wav|Assets/Game/RawAssets/Sound/Battle/hero_057q_attack1.wav|Assets/Game/RawAssets/Sound/Battle/hero_057q_skill_1.wav|Assets/Game/RawAssets/Sound/Battle/hero_057q_skill_2.wav|Assets/Game/RawAssets/Sound/Battle/hero_057q_skill_3.wav|Assets/Game/RawAssets/Prefabs/3d/hero_057q_attack.prefab|Assets/Game/RawAssets/Prefabs/3d/hero_057q_attack1_dandao.prefab|Assets/Game/RawAssets/Prefabs/3d/hero_057q_attack1_hit.prefab|Assets/Game/RawAssets/Prefabs/3d/hero_057q_attack1_shifa.prefab|Assets/Game/RawAssets/Prefabs/3d/hero_057q_skill_1.prefab|Assets/Game/RawAssets/Prefabs/3d/hero_057q_skill_2.prefab|Assets/Game/RawAssets/Prefabs/3d/hero_057q_skill_3.prefab|Assets/Game/RawAssets/Prefabs/Skill/Hero_057Q_attack.prefab|Assets/Game/RawAssets/Prefabs/Skill/Hero_057Q_fx.prefab|Assets/Game/RawAssets/Prefabs/Skill/Hero_057Q_fx_2.prefab|Assets/Game/RawAssets/Sound/Hero/hero_057_battle.wav|Assets/Game/RawAssets/Sound/Hero/hero_057_fail.wav|Assets/Game/RawAssets/Sound/Hero/hero_057_recruit.wav|Assets/Game/RawAssets/Sound/Hero/hero_057_select.wav|Assets/Game/RawAssets/Sound/Hero/hero_057_skill1.wav|Assets/Game/RawAssets/Sound/Hero/hero_057_skill2.wav|Assets/Game/RawAssets/Sound/Hero/hero_057_touch1.wav|Assets/Game/RawAssets/Sound/Hero/hero_057_touch2.wav|Assets/Game/RawAssets/Sound/Hero/hero_057_touch3.wav
240071,3,0,0,hero_title240071,未定25,未定25,,24007100,24007100,,hero_001,,zhero_000,bhero_000,,hero_sex01,Assets/Game/RawAssets/Spine/Hero/hero_001/hero_001.atlas.txt|Assets/Game/RawAssets/Spine/Hero/hero_001/hero_001.png|Assets/Game/RawAssets/Spine/Hero/hero_001/hero_001.skel.bytes|Assets/Game/RawAssets/Spine/Hero/hero_001/hero_001_Atlas.asset|Assets/Game/RawAssets/Spine/Hero/hero_001/hero_001_Material.mat|Assets/Game/RawAssets/Spine/Hero/hero_001/hero_001_Material-Additive.mat|Assets/Game/RawAssets/Spine/Hero/hero_001/hero_001_silhouette.atlas.txt|Assets/Game/RawAssets/Spine/Hero/hero_001/hero_001_silhouette.png|Assets/Game/RawAssets/Spine/Hero/hero_001/hero_001_silhouette.skel.bytes|Assets/Game/RawAssets/Spine/Hero/hero_001/hero_001_silhouette_Atlas.asset|Assets/Game/RawAssets/Spine/Hero/hero_001/hero_001_silhouette_Material.mat|Assets/Game/RawAssets/Spine/Hero/hero_001/hero_001_silhouette_SkeletonData.asset|Assets/Game/RawAssets/Spine/Hero/hero_001/hero_001_SkeletonData.asset|Assets/Game/RawAssets/Spine/Hero/hero_001h/hero_001h.atlas.txt|Assets/Game/RawAssets/Spine/Hero/hero_001h/hero_001h.png|Assets/Game/RawAssets/Spine/Hero/hero_001h/hero_001h.skel.bytes|Assets/Game/RawAssets/Spine/Hero/hero_001h/hero_001h_Atlas.asset|Assets/Game/RawAssets/Spine/Hero/hero_001h/hero_001h_Material.mat|Assets/Game/RawAssets/Spine/Hero/hero_001h/hero_001h_SkeletonData.asset|Assets/Game/RawAssets/Sound/Battle/hero_001q_attack.wav|Assets/Game/RawAssets/Sound/Battle/hero_001q_attack1.wav|Assets/Game/RawAssets/Sound/Battle/hero_001q_skill_1.wav|Assets/Game/RawAssets/Sound/Battle/hero_001q_skill_2.wav|Assets/Game/RawAssets/Prefabs/3d/hero_001q_attack.prefab|Assets/Game/RawAssets/Prefabs/3d/hero_001q_attack1_dandao.prefab|Assets/Game/RawAssets/Prefabs/3d/hero_001q_attack1_hit.prefab|Assets/Game/RawAssets/Prefabs/3d/hero_001q_attack1_hit_afk.prefab|Assets/Game/RawAssets/Prefabs/3d/hero_001q_attack1_shifa.prefab|Assets/Game/RawAssets/Prefabs/3d/hero_001q_skill_1.prefab|Assets/Game/RawAssets/Prefabs/3d/hero_001q_skill_2.prefab|Assets/Game/RawAssets/Prefabs/3d/hero_001q_standby.prefab|Assets/Game/RawAssets/Prefabs/Camera/hero_001q_skill1cam_l.prefab|Assets/Game/RawAssets/Prefabs/Camera/hero_001q_skill1cam_r.prefab|Assets/Game/RawAssets/Prefabs/Camera/hero_001q_skill2cam_l1.prefab|Assets/Game/RawAssets/Prefabs/Camera/hero_001q_skill2cam_l2.prefab|Assets/Game/RawAssets/Prefabs/Camera/hero_001q_skill2cam_l3.prefab|Assets/Game/RawAssets/Prefabs/Camera/hero_001q_skill2cam_l4.prefab|Assets/Game/RawAssets/Prefabs/Camera/hero_001q_skill2cam_l5.prefab|Assets/Game/RawAssets/Prefabs/Camera/hero_001q_skill2cam_r1.prefab|Assets/Game/RawAssets/Prefabs/Camera/hero_001q_skill2cam_r2.prefab
240072,1,0,0,hero_title240072,河童,河童,,24007200,24007200,,hero_030,,zhero_030,bhero_030,,hero_sex01,Assets/Game/RawAssets/Spine/Hero/hero_030/hero_030.atlas.txt|Assets/Game/RawAssets/Spine/Hero/hero_030/hero_030.png|Assets/Game/RawAssets/Spine/Hero/hero_030/hero_030.skel.bytes|Assets/Game/RawAssets/Spine/Hero/hero_030/hero_030_Atlas.asset|Assets/Game/RawAssets/Spine/Hero/hero_030/hero_030_Material.mat|Assets/Game/RawAssets/Spine/Hero/hero_030/hero_030_silhouette.atlas.txt|Assets/Game/RawAssets/Spine/Hero/hero_030/hero_030_silhouette.png|Assets/Game/RawAssets/Spine/Hero/hero_030/hero_030_silhouette.skel.bytes|Assets/Game/RawAssets/Spine/Hero/hero_030/hero_030_silhouette_Atlas.asset|Assets/Game/RawAssets/Spine/Hero/hero_030/hero_030_silhouette_Material.mat|Assets/Game/RawAssets/Spine/Hero/hero_030/hero_030_silhouette_SkeletonData.asset|Assets/Game/RawAssets/Spine/Hero/hero_030/hero_030_SkeletonData.asset|Assets/Game/RawAssets/Spine/Hero/hero_030h/hero_030h.atlas.txt|Assets/Game/RawAssets/Spine/Hero/hero_030h/hero_030h.png|Assets/Game/RawAssets/Spine/Hero/hero_030h/hero_030h.skel.bytes|Assets/Game/RawAssets/Spine/Hero/hero_030h/hero_030h_Atlas.asset|Assets/Game/RawAssets/Spine/Hero/hero_030h/hero_030h_Material.mat|Assets/Game/RawAssets/Spine/Hero/hero_030h/hero_030h_SkeletonData.asset|Assets/Game/RawAssets/Sound/Battle/hero_030q_attack.wav|Assets/Game/RawAssets/Sound/Battle/hero_030q_attack1.wav|Assets/Game/RawAssets/Sound/Battle/hero_030q_skill_1.wav|Assets/Game/RawAssets/Prefabs/3d/hero_030q_attack.prefab|Assets/Game/RawAssets/Prefabs/3d/hero_030q_attack1_dandao.prefab|Assets/Game/RawAssets/Prefabs/3d/hero_030q_attack1_hit.prefab|Assets/Game/RawAssets/Prefabs/3d/hero_030q_attack1_hit_afk.prefab|Assets/Game/RawAssets/Prefabs/3d/hero_030q_attack1_shifa.prefab|Assets/Game/RawAssets/Prefabs/3d/hero_030q_skill_1_hit.prefab|Assets/Game/RawAssets/Prefabs/3d/hero_030q_skill_1_shifa.prefab|Assets/Game/RawAssets/Sound/Hero/hero_030_battle.wav|Assets/Game/RawAssets/Sound/Hero/hero_030_fail.wav|Assets/Game/RawAssets/Sound/Hero/hero_030_recruit.wav|Assets/Game/RawAssets/Sound/Hero/hero_030_select.wav|Assets/Game/RawAssets/Sound/Hero/hero_030_skill1.wav|Assets/Game/RawAssets/Sound/Hero/hero_030_skill2.wav|Assets/Game/RawAssets/Sound/Hero/hero_030_touch1.wav|Assets/Game/RawAssets/Sound/Hero/hero_030_touch2.wav|Assets/Game/RawAssets/Sound/Hero/hero_030_touch3.wav|Assets/Game/RawAssets/Sound/Hero/hero_030_victory.wav|Assets/Game/RawAssets/Spine/HeroQ/hero_030q/hero_030q.atlas.txt|Assets/Game/RawAssets/Spine/HeroQ/hero_030q/hero_030q.png
240073,2,0,0,hero_title240073,鳳凰火,鳳凰火,,24007300,24007300,,hero_008,,zhero_008,bhero_008,,hero_sex01,Assets/Game/RawAssets/Spine/Hero/hero_008/hero_008.atlas.txt|Assets/Game/RawAssets/Spine/Hero/hero_008/hero_008.png|Assets/Game/RawAssets/Spine/Hero/hero_008/hero_008.skel.bytes|Assets/Game/RawAssets/Spine/Hero/hero_008/hero_008_2.png|Assets/Game/RawAssets/Spine/Hero/hero_008/hero_008_Atlas.asset|Assets/Game/RawAssets/Spine/Hero/hero_008/hero_008_hero_008.mat|Assets/Game/RawAssets/Spine/Hero/hero_008/hero_008_hero_008_2.mat|Assets/Game/RawAssets/Spine/Hero/hero_008/hero_008_Material.mat|Assets/Game/RawAssets/Spine/Hero/hero_008/hero_008_Material-Additive.mat|Assets/Game/RawAssets/Spine/Hero/hero_008/hero_008_silhouette.atlas.txt|Assets/Game/RawAssets/Spine/Hero/hero_008/hero_008_silhouette.png|Assets/Game/RawAssets/Spine/Hero/hero_008/hero_008_silhouette.skel.bytes|Assets/Game/RawAssets/Spine/Hero/hero_008/hero_008_silhouette_Atlas.asset|Assets/Game/RawAssets/Spine/Hero/hero_008/hero_008_silhouette_Material.mat|Assets/Game/RawAssets/Spine/Hero/hero_008/hero_008_silhouette_SkeletonData.asset|Assets/Game/RawAssets/Spine/Hero/hero_008/hero_008_SkeletonData.asset|Assets/Game/RawAssets/Spine/Hero/hero_008h/hero_008h.atlas.txt|Assets/Game/RawAssets/Spine/Hero/hero_008h/hero_008h.png|Assets/Game/RawAssets/Spine/Hero/hero_008h/hero_008h.skel.bytes|Assets/Game/RawAssets/Spine/Hero/hero_008h/hero_008h_Atlas.asset|Assets/Game/RawAssets/Spine/Hero/hero_008h/hero_008h_Material.mat|Assets/Game/RawAssets/Spine/Hero/hero_008h/hero_008h_Material-Additive.mat|Assets/Game/RawAssets/Spine/Hero/hero_008h/hero_008h_SkeletonData.asset|Assets/Game/RawAssets/Sound/Battle/hero_008q_attack.wav|Assets/Game/RawAssets/Sound/Battle/hero_008q_attack1.wav|Assets/Game/RawAssets/Sound/Battle/hero_008q_skill_1.wav|Assets/Game/RawAssets/Sound/Battle/hero_008q_skill_2.wav|Assets/Game/RawAssets/Prefabs/3d/hero_008q_attack.prefab|Assets/Game/RawAssets/Prefabs/3d/hero_008q_attack1_dandao.prefab|Assets/Game/RawAssets/Prefabs/3d/hero_008q_attack1_hit.prefab|Assets/Game/RawAssets/Prefabs/3d/hero_008q_attack1_hit_afk.prefab|Assets/Game/RawAssets/Prefabs/3d/hero_008q_attack1_shifa.prefab|Assets/Game/RawAssets/Prefabs/3d/hero_008q_skill_1.prefab|Assets/Game/RawAssets/Prefabs/3d/hero_008q_skill_2.prefab|Assets/Game/RawAssets/Prefabs/Skill/Hero_008Q_attack.prefab|Assets/Game/RawAssets/Prefabs/Skill/Hero_008Q_fx.prefab|Assets/Game/RawAssets/Prefabs/Skill/Hero_008Q_fx_2.prefab|Assets/Game/RawAssets/Sound/Hero/hero_008_battle.wav|Assets/Game/RawAssets/Sound/Hero/hero_008_fail.wav|Assets/Game/RawAssets/Sound/Hero/hero_008_recruit.wav
240074,3,0,0,hero_title240074,立花訚千代,立花訚千代,,24007400,24007400,,hero_042,,zhero_042,bhero_042,,hero_sex01,Assets/Game/RawAssets/Spine/Hero/hero_042/hero_042.atlas.txt|Assets/Game/RawAssets/Spine/Hero/hero_042/hero_042.png|Assets/Game/RawAssets/Spine/Hero/hero_042/hero_042.skel.bytes|Assets/Game/RawAssets/Spine/Hero/hero_042/hero_042_2.png|Assets/Game/RawAssets/Spine/Hero/hero_042/hero_042_Atlas.asset|Assets/Game/RawAssets/Spine/Hero/hero_042/hero_042_hero_042.mat|Assets/Game/RawAssets/Spine/Hero/hero_042/hero_042_hero_042_2.mat|Assets/Game/RawAssets/Spine/Hero/hero_042/hero_042_Material.mat|Assets/Game/RawAssets/Spine/Hero/hero_042/hero_042_Material-Additive.mat|Assets/Game/RawAssets/Spine/Hero/hero_042/hero_042_silhouette.atlas.txt|Assets/Game/RawAssets/Spine/Hero/hero_042/hero_042_silhouette.png|Assets/Game/RawAssets/Spine/Hero/hero_042/hero_042_silhouette.skel.bytes|Assets/Game/RawAssets/Spine/Hero/hero_042/hero_042_silhouette_Atlas.asset|Assets/Game/RawAssets/Spine/Hero/hero_042/hero_042_silhouette_Material.mat|Assets/Game/RawAssets/Spine/Hero/hero_042/hero_042_silhouette_SkeletonData.asset|Assets/Game/RawAssets/Spine/Hero/hero_042/hero_042_SkeletonData.asset|Assets/Game/RawAssets/Spine/Hero/hero_042h/hero_042h.atlas.txt|Assets/Game/RawAssets/Spine/Hero/hero_042h/hero_042h.png|Assets/Game/RawAssets/Spine/Hero/hero_042h/hero_042h.skel.bytes|Assets/Game/RawAssets/Spine/Hero/hero_042h/hero_042h_Atlas.asset|Assets/Game/RawAssets/Spine/Hero/hero_042h/hero_042h_Material.mat|Assets/Game/RawAssets/Spine/Hero/hero_042h/hero_042h_SkeletonData.asset|Assets/Game/RawAssets/Sound/Battle/hero_042q_attack.wav|Assets/Game/RawAssets/Sound/Battle/hero_042q_attack1.wav|Assets/Game/RawAssets/Sound/Battle/hero_042q_skill_1.wav|Assets/Game/RawAssets/Sound/Battle/hero_042q_skill_2.wav|Assets/Game/RawAssets/Prefabs/3d/hero_042q_attack.prefab|Assets/Game/RawAssets/Prefabs/3d/hero_042q_attack1.prefab|Assets/Game/RawAssets/Prefabs/3d/hero_042q_attack1_dandao.prefab|Assets/Game/RawAssets/Prefabs/3d/hero_042q_attack1_hit.prefab|Assets/Game/RawAssets/Prefabs/3d/hero_042q_attack1_hit_afk.prefab|Assets/Game/RawAssets/Prefabs/3d/hero_042q_attack1_shifa.prefab|Assets/Game/RawAssets/Prefabs/3d/hero_042q_skill_1.prefab|Assets/Game/RawAssets/Prefabs/3d/hero_042q_skill_2.prefab|Assets/Game/RawAssets/Prefabs/Skill/Hero_042Q_fx.prefab|Assets/Game/RawAssets/Prefabs/Skill/Hero_042Q_fx_2.prefab|Assets/Game/RawAssets/Sound/Hero/hero_042_battle.wav|Assets/Game/RawAssets/Sound/Hero/hero_042_fail.wav|Assets/Game/RawAssets/Sound/Hero/hero_042_recruit.wav|Assets/Game/RawAssets/Sound/Hero/hero_042_select.wav
240075,3,0,0,hero_title240075,未定29,未定29,,24007500,24007500,,hero_001,,zhero_000,bhero_000,,hero_sex01,Assets/Game/RawAssets/Spine/Hero/hero_001/hero_001.atlas.txt|Assets/Game/RawAssets/Spine/Hero/hero_001/hero_001.png|Assets/Game/RawAssets/Spine/Hero/hero_001/hero_001.skel.bytes|Assets/Game/RawAssets/Spine/Hero/hero_001/hero_001_Atlas.asset|Assets/Game/RawAssets/Spine/Hero/hero_001/hero_001_Material.mat|Assets/Game/RawAssets/Spine/Hero/hero_001/hero_001_Material-Additive.mat|Assets/Game/RawAssets/Spine/Hero/hero_001/hero_001_silhouette.atlas.txt|Assets/Game/RawAssets/Spine/Hero/hero_001/hero_001_silhouette.png|Assets/Game/RawAssets/Spine/Hero/hero_001/hero_001_silhouette.skel.bytes|Assets/Game/RawAssets/Spine/Hero/hero_001/hero_001_silhouette_Atlas.asset|Assets/Game/RawAssets/Spine/Hero/hero_001/hero_001_silhouette_Material.mat|Assets/Game/RawAssets/Spine/Hero/hero_001/hero_001_silhouette_SkeletonData.asset|Assets/Game/RawAssets/Spine/Hero/hero_001/hero_001_SkeletonData.asset|Assets/Game/RawAssets/Spine/Hero/hero_001h/hero_001h.atlas.txt|Assets/Game/RawAssets/Spine/Hero/hero_001h/hero_001h.png|Assets/Game/RawAssets/Spine/Hero/hero_001h/hero_001h.skel.bytes|Assets/Game/RawAssets/Spine/Hero/hero_001h/hero_001h_Atlas.asset|Assets/Game/RawAssets/Spine/Hero/hero_001h/hero_001h_Material.mat|Assets/Game/RawAssets/Spine/Hero/hero_001h/hero_001h_SkeletonData.asset|Assets/Game/RawAssets/Sound/Battle/hero_001q_attack.wav|Assets/Game/RawAssets/Sound/Battle/hero_001q_attack1.wav|Assets/Game/RawAssets/Sound/Battle/hero_001q_skill_1.wav|Assets/Game/RawAssets/Sound/Battle/hero_001q_skill_2.wav|Assets/Game/RawAssets/Prefabs/3d/hero_001q_attack.prefab|Assets/Game/RawAssets/Prefabs/3d/hero_001q_attack1_dandao.prefab|Assets/Game/RawAssets/Prefabs/3d/hero_001q_attack1_hit.prefab|Assets/Game/RawAssets/Prefabs/3d/hero_001q_attack1_hit_afk.prefab|Assets/Game/RawAssets/Prefabs/3d/hero_001q_attack1_shifa.prefab|Assets/Game/RawAssets/Prefabs/3d/hero_001q_skill_1.prefab|Assets/Game/RawAssets/Prefabs/3d/hero_001q_skill_2.prefab|Assets/Game/RawAssets/Prefabs/3d/hero_001q_standby.prefab|Assets/Game/RawAssets/Prefabs/Camera/hero_001q_skill1cam_l.prefab|Assets/Game/RawAssets/Prefabs/Camera/hero_001q_skill1cam_r.prefab|Assets/Game/RawAssets/Prefabs/Camera/hero_001q_skill2cam_l1.prefab|Assets/Game/RawAssets/Prefabs/Camera/hero_001q_skill2cam_l2.prefab|Assets/Game/RawAssets/Prefabs/Camera/hero_001q_skill2cam_l3.prefab|Assets/Game/RawAssets/Prefabs/Camera/hero_001q_skill2cam_l4.prefab|Assets/Game/RawAssets/Prefabs/Camera/hero_001q_skill2cam_l5.prefab|Assets/Game/RawAssets/Prefabs/Camera/hero_001q_skill2cam_r1.prefab|Assets/Game/RawAssets/Prefabs/Camera/hero_001q_skill2cam_r2.prefab
240076,4,0,2,hero_title240076,貂蟬,貂蟬,,24007600|24007601,24007600|24007601,,hero_056|hero_056_s01,,zhero_056|zhero_056_s01,bhero_056|bhero_056_s01,,hero_sex01,Assets/Game/RawAssets/Spine/Hero/hero_056/hero_056.atlas.txt|Assets/Game/RawAssets/Spine/Hero/hero_056/hero_056.png|Assets/Game/RawAssets/Spine/Hero/hero_056/hero_056.skel.bytes|Assets/Game/RawAssets/Spine/Hero/hero_056/hero_056_2.png|Assets/Game/RawAssets/Spine/Hero/hero_056/hero_056_Atlas.asset|Assets/Game/RawAssets/Spine/Hero/hero_056/hero_056_bg.atlas.txt|Assets/Game/RawAssets/Spine/Hero/hero_056/hero_056_bg.png|Assets/Game/RawAssets/Spine/Hero/hero_056/hero_056_bg.skel.bytes|Assets/Game/RawAssets/Spine/Hero/hero_056/hero_056_bg_Atlas.asset|Assets/Game/RawAssets/Spine/Hero/hero_056/hero_056_bg_Material.mat|Assets/Game/RawAssets/Spine/Hero/hero_056/hero_056_bg_Material-Additive.mat|Assets/Game/RawAssets/Spine/Hero/hero_056/hero_056_bg_SkeletonData.asset|Assets/Game/RawAssets/Spine/Hero/hero_056/hero_056_fg.atlas.txt|Assets/Game/RawAssets/Spine/Hero/hero_056/hero_056_fg.png|Assets/Game/RawAssets/Spine/Hero/hero_056/hero_056_fg.skel.bytes|Assets/Game/RawAssets/Spine/Hero/hero_056/hero_056_fg_Atlas.asset|Assets/Game/RawAssets/Spine/Hero/hero_056/hero_056_fg_Material.mat|Assets/Game/RawAssets/Spine/Hero/hero_056/hero_056_fg_SkeletonData.asset|Assets/Game/RawAssets/Spine/Hero/hero_056/hero_056_hero_056.mat|Assets/Game/RawAssets/Spine/Hero/hero_056/hero_056_hero_056_2.mat|Assets/Game/RawAssets/Spine/Hero/hero_056/hero_056_Material.mat|Assets/Game/RawAssets/Spine/Hero/hero_056/hero_056_Material-Additive.mat|Assets/Game/RawAssets/Spine/Hero/hero_056/hero_056_silhouette.atlas.txt|Assets/Game/RawAssets/Spine/Hero/hero_056/hero_056_silhouette.png|Assets/Game/RawAssets/Spine/Hero/hero_056/hero_056_silhouette.skel.bytes|Assets/Game/RawAssets/Spine/Hero/hero_056/hero_056_silhouette_Atlas.asset|Assets/Game/RawAssets/Spine/Hero/hero_056/hero_056_silhouette_Material.mat|Assets/Game/RawAssets/Spine/Hero/hero_056/hero_056_silhouette_SkeletonData.asset|Assets/Game/RawAssets/Spine/Hero/hero_056/hero_056_SkeletonData.asset|Assets/Game/RawAssets/Spine/Hero/hero_056_s01/hero_056_s01.atlas.txt|Assets/Game/RawAssets/Spine/Hero/hero_056_s01/hero_056_s01.png|Assets/Game/RawAssets/Spine/Hero/hero_056_s01/hero_056_s01.skel.bytes|Assets/Game/RawAssets/Spine/Hero/hero_056_s01/hero_056_s01_Atlas.asset|Assets/Game/RawAssets/Spine/Hero/hero_056_s01/hero_056_s01_bg.atlas.txt|Assets/Game/RawAssets/Spine/Hero/hero_056_s01/hero_056_s01_bg.png|Assets/Game/RawAssets/Spine/Hero/hero_056_s01/hero_056_s01_bg.skel.bytes|Assets/Game/RawAssets/Spine/Hero/hero_056_s01/hero_056_s01_bg_Atlas.asset|Assets/Game/RawAssets/Spine/Hero/hero_056_s01/hero_056_s01_bg_Material.mat|Assets/Game/RawAssets/Spine/Hero/hero_056_s01/hero_056_s01_bg_SkeletonData.asset|Assets/Game/RawAssets/Spine/Hero/hero_056_s01/hero_056_s01_fg.atlas.txt
240077,3,0,0,hero_title240077,未定31,未定31,,24007700,24007700,,hero_001,,zhero_000,bhero_000,,hero_sex01,Assets/Game/RawAssets/Spine/Hero/hero_001/hero_001.atlas.txt|Assets/Game/RawAssets/Spine/Hero/hero_001/hero_001.png|Assets/Game/RawAssets/Spine/Hero/hero_001/hero_001.skel.bytes|Assets/Game/RawAssets/Spine/Hero/hero_001/hero_001_Atlas.asset|Assets/Game/RawAssets/Spine/Hero/hero_001/hero_001_Material.mat|Assets/Game/RawAssets/Spine/Hero/hero_001/hero_001_Material-Additive.mat|Assets/Game/RawAssets/Spine/Hero/hero_001/hero_001_silhouette.atlas.txt|Assets/Game/RawAssets/Spine/Hero/hero_001/hero_001_silhouette.png|Assets/Game/RawAssets/Spine/Hero/hero_001/hero_001_silhouette.skel.bytes|Assets/Game/RawAssets/Spine/Hero/hero_001/hero_001_silhouette_Atlas.asset|Assets/Game/RawAssets/Spine/Hero/hero_001/hero_001_silhouette_Material.mat|Assets/Game/RawAssets/Spine/Hero/hero_001/hero_001_silhouette_SkeletonData.asset|Assets/Game/RawAssets/Spine/Hero/hero_001/hero_001_SkeletonData.asset|Assets/Game/RawAssets/Spine/Hero/hero_001h/hero_001h.atlas.txt|Assets/Game/RawAssets/Spine/Hero/hero_001h/hero_001h.png|Assets/Game/RawAssets/Spine/Hero/hero_001h/hero_001h.skel.bytes|Assets/Game/RawAssets/Spine/Hero/hero_001h/hero_001h_Atlas.asset|Assets/Game/RawAssets/Spine/Hero/hero_001h/hero_001h_Material.mat|Assets/Game/RawAssets/Spine/Hero/hero_001h/hero_001h_SkeletonData.asset|Assets/Game/RawAssets/Sound/Battle/hero_001q_attack.wav|Assets/Game/RawAssets/Sound/Battle/hero_001q_attack1.wav|Assets/Game/RawAssets/Sound/Battle/hero_001q_skill_1.wav|Assets/Game/RawAssets/Sound/Battle/hero_001q_skill_2.wav|Assets/Game/RawAssets/Prefabs/3d/hero_001q_attack.prefab|Assets/Game/RawAssets/Prefabs/3d/hero_001q_attack1_dandao.prefab|Assets/Game/RawAssets/Prefabs/3d/hero_001q_attack1_hit.prefab|Assets/Game/RawAssets/Prefabs/3d/hero_001q_attack1_hit_afk.prefab|Assets/Game/RawAssets/Prefabs/3d/hero_001q_attack1_shifa.prefab|Assets/Game/RawAssets/Prefabs/3d/hero_001q_skill_1.prefab|Assets/Game/RawAssets/Prefabs/3d/hero_001q_skill_2.prefab|Assets/Game/RawAssets/Prefabs/3d/hero_001q_standby.prefab|Assets/Game/RawAssets/Prefabs/Camera/hero_001q_skill1cam_l.prefab|Assets/Game/RawAssets/Prefabs/Camera/hero_001q_skill1cam_r.prefab|Assets/Game/RawAssets/Prefabs/Camera/hero_001q_skill2cam_l1.prefab|Assets/Game/RawAssets/Prefabs/Camera/hero_001q_skill2cam_l2.prefab|Assets/Game/RawAssets/Prefabs/Camera/hero_001q_skill2cam_l3.prefab|Assets/Game/RawAssets/Prefabs/Camera/hero_001q_skill2cam_l4.prefab|Assets/Game/RawAssets/Prefabs/Camera/hero_001q_skill2cam_l5.prefab|Assets/Game/RawAssets/Prefabs/Camera/hero_001q_skill2cam_r1.prefab|Assets/Game/RawAssets/Prefabs/Camera/hero_001q_skill2cam_r2.prefab
240079,3,0,0,hero_title240079,陰陽師,陰陽師,,24007900,24007900,,hero_058,,zhero_058,bhero_058,,hero_sex01,Assets/Game/RawAssets/Spine/Hero/hero_058/hero_058.atlas.txt|Assets/Game/RawAssets/Spine/Hero/hero_058/hero_058.png|Assets/Game/RawAssets/Spine/Hero/hero_058/hero_058.skel.bytes|Assets/Game/RawAssets/Spine/Hero/hero_058/hero_058_2.png|Assets/Game/RawAssets/Spine/Hero/hero_058/hero_058_Atlas.asset|Assets/Game/RawAssets/Spine/Hero/hero_058/hero_058_bg.atlas.txt|Assets/Game/RawAssets/Spine/Hero/hero_058/hero_058_bg.png|Assets/Game/RawAssets/Spine/Hero/hero_058/hero_058_bg.skel.bytes|Assets/Game/RawAssets/Spine/Hero/hero_058/hero_058_bg_Atlas.asset|Assets/Game/RawAssets/Spine/Hero/hero_058/hero_058_bg_Material.mat|Assets/Game/RawAssets/Spine/Hero/hero_058/hero_058_bg_Material-Additive.mat|Assets/Game/RawAssets/Spine/Hero/hero_058/hero_058_bg_SkeletonData.asset|Assets/Game/RawAssets/Spine/Hero/hero_058/hero_058_fg.atlas.txt|Assets/Game/RawAssets/Spine/Hero/hero_058/hero_058_fg.png|Assets/Game/RawAssets/Spine/Hero/hero_058/hero_058_fg.skel.bytes|Assets/Game/RawAssets/Spine/Hero/hero_058/hero_058_fg_Atlas.asset|Assets/Game/RawAssets/Spine/Hero/hero_058/hero_058_fg_Material.mat|Assets/Game/RawAssets/Spine/Hero/hero_058/hero_058_fg_Material-Additive.mat|Assets/Game/RawAssets/Spine/Hero/hero_058/hero_058_fg_SkeletonData.asset|Assets/Game/RawAssets/Spine/Hero/hero_058/hero_058_hero_058.mat|Assets/Game/RawAssets/Spine/Hero/hero_058/hero_058_hero_058_2.mat|Assets/Game/RawAssets/Spine/Hero/hero_058/hero_058_Material.mat|Assets/Game/RawAssets/Spine/Hero/hero_058/hero_058_Material-Additive.mat|Assets/Game/RawAssets/Spine/Hero/hero_058/hero_058_silhouette.atlas.txt|Assets/Game/RawAssets/Spine/Hero/hero_058/hero_058_silhouette.png|Assets/Game/RawAssets/Spine/Hero/hero_058/hero_058_silhouette.skel.bytes|Assets/Game/RawAssets/Spine/Hero/hero_058/hero_058_silhouette_Atlas.asset|Assets/Game/RawAssets/Spine/Hero/hero_058/hero_058_silhouette_Material.mat|Assets/Game/RawAssets/Spine/Hero/hero_058/hero_058_silhouette_SkeletonData.asset|Assets/Game/RawAssets/Spine/Hero/hero_058/hero_058_SkeletonData.asset|Assets/Game/RawAssets/Spine/Hero/hero_058h/hero_058h.atlas.txt|Assets/Game/RawAssets/Spine/Hero/hero_058h/hero_058h.png|Assets/Game/RawAssets/Spine/Hero/hero_058h/hero_058h.skel.bytes|Assets/Game/RawAssets/Spine/Hero/hero_058h/hero_058h_Atlas.asset|Assets/Game/RawAssets/Spine/Hero/hero_058h/hero_058h_Material.mat|Assets/Game/RawAssets/Spine/Hero/hero_058h/hero_058h_SkeletonData.asset|Assets/Game/RawAssets/Sound/Battle/hero_058q_attack.wav|Assets/Game/RawAssets/Sound/Battle/hero_058q_attack1.wav|Assets/Game/RawAssets/Sound/Battle/hero_058q_skill_1.wav|Assets/Game/RawAssets/Sound/Battle/hero_058q_skill_2.wav
240080,2,0,0,hero_title240080,甄宓,甄宓,,24008000,24008000,,hero_035,,zhero_035,bhero_035,,hero_sex01,Assets/Game/RawAssets/Spine/Hero/hero_035/hero_035.atlas.txt|Assets/Game/RawAssets/Spine/Hero/hero_035/hero_035.png|Assets/Game/RawAssets/Spine/Hero/hero_035/hero_035.skel.bytes|Assets/Game/RawAssets/Spine/Hero/hero_035/hero_035_Atlas.asset|Assets/Game/RawAssets/Spine/Hero/hero_035/hero_035_Material.mat|Assets/Game/RawAssets/Spine/Hero/hero_035/hero_035_Material-Additive.mat|Assets/Game/RawAssets/Spine/Hero/hero_035/hero_035_silhouette.atlas.txt|Assets/Game/RawAssets/Spine/Hero/hero_035/hero_035_silhouette.png|Assets/Game/RawAssets/Spine/Hero/hero_035/hero_035_silhouette.skel.bytes|Assets/Game/RawAssets/Spine/Hero/hero_035/hero_035_silhouette_Atlas.asset|Assets/Game/RawAssets/Spine/Hero/hero_035/hero_035_silhouette_Material.mat|Assets/Game/RawAssets/Spine/Hero/hero_035/hero_035_silhouette_SkeletonData.asset|Assets/Game/RawAssets/Spine/Hero/hero_035/hero_035_SkeletonData.asset|Assets/Game/RawAssets/Spine/Hero/hero_035h/hero_035h.atlas.txt|Assets/Game/RawAssets/Spine/Hero/hero_035h/hero_035h.png|Assets/Game/RawAssets/Spine/Hero/hero_035h/hero_035h.skel.bytes|Assets/Game/RawAssets/Spine/Hero/hero_035h/hero_035h_Atlas.asset|Assets/Game/RawAssets/Spine/Hero/hero_035h/hero_035h_Material.mat|Assets/Game/RawAssets/Spine/Hero/hero_035h/hero_035h_SkeletonData.asset|Assets/Game/RawAssets/Sound/Battle/hero_035q_attack.wav|Assets/Game/RawAssets/Sound/Battle/hero_035q_attack1.wav|Assets/Game/RawAssets/Sound/Battle/hero_035q_skill_1.wav|Assets/Game/RawAssets/Sound/Battle/hero_035q_skill_2.wav|Assets/Game/RawAssets/Prefabs/3d/hero_035q_attack.prefab|Assets/Game/RawAssets/Prefabs/3d/hero_035q_attack1_dandao.prefab|Assets/Game/RawAssets/Prefabs/3d/hero_035q_attack1_hit.prefab|Assets/Game/RawAssets/Prefabs/3d/hero_035q_attack1_hit_afk.prefab|Assets/Game/RawAssets/Prefabs/3d/hero_035q_attack1_shifa.prefab|Assets/Game/RawAssets/Prefabs/3d/hero_035q_skill_1.prefab|Assets/Game/RawAssets/Prefabs/3d/hero_035q_skill_2.prefab|Assets/Game/RawAssets/Prefabs/Skill/Hero_035Q_fx.prefab|Assets/Game/RawAssets/Sound/Hero/hero_035_battle.wav|Assets/Game/RawAssets/Sound/Hero/hero_035_fail.wav|Assets/Game/RawAssets/Sound/Hero/hero_035_recruit.wav|Assets/Game/RawAssets/Sound/Hero/hero_035_select.wav|Assets/Game/RawAssets/Sound/Hero/hero_035_skill1.wav|Assets/Game/RawAssets/Sound/Hero/hero_035_skill2.wav|Assets/Game/RawAssets/Sound/Hero/hero_035_touch1.wav|Assets/Game/RawAssets/Sound/Hero/hero_035_touch2.wav|Assets/Game/RawAssets/Sound/Hero/hero_035_touch3.wav
240081,4,0,2,hero_title240081,索爾,索爾,,24008100|24008101,24008100|24008101,,hero_014|hero_014_s01,,zhero_014|zhero_014_s01,bhero_014|bhero_014_s01,,hero_sex01,Assets/Game/RawAssets/Spine/Hero/hero_014/hero_014.atlas.txt|Assets/Game/RawAssets/Spine/Hero/hero_014/hero_014.png|Assets/Game/RawAssets/Spine/Hero/hero_014/hero_014.skel.bytes|Assets/Game/RawAssets/Spine/Hero/hero_014/hero_014_Atlas.asset|Assets/Game/RawAssets/Spine/Hero/hero_014/hero_014_bg.atlas.txt|Assets/Game/RawAssets/Spine/Hero/hero_014/hero_014_bg.png|Assets/Game/RawAssets/Spine/Hero/hero_014/hero_014_bg.skel.bytes|Assets/Game/RawAssets/Spine/Hero/hero_014/hero_014_bg_Atlas.asset|Assets/Game/RawAssets/Spine/Hero/hero_014/hero_014_bg_Material.mat|Assets/Game/RawAssets/Spine/Hero/hero_014/hero_014_bg_SkeletonData.asset|Assets/Game/RawAssets/Spine/Hero/hero_014/hero_014_fg.atlas.txt|Assets/Game/RawAssets/Spine/Hero/hero_014/hero_014_fg.png|Assets/Game/RawAssets/Spine/Hero/hero_014/hero_014_fg.skel.bytes|Assets/Game/RawAssets/Spine/Hero/hero_014/hero_014_fg_Atlas.asset|Assets/Game/RawAssets/Spine/Hero/hero_014/hero_014_fg_Material.mat|Assets/Game/RawAssets/Spine/Hero/hero_014/hero_014_fg_Material-Additive.mat|Assets/Game/RawAssets/Spine/Hero/hero_014/hero_014_fg_SkeletonData.asset|Assets/Game/RawAssets/Spine/Hero/hero_014/hero_014_Material.mat|Assets/Game/RawAssets/Spine/Hero/hero_014/hero_014_silhouette.atlas.txt|Assets/Game/RawAssets/Spine/Hero/hero_014/hero_014_silhouette.png|Assets/Game/RawAssets/Spine/Hero/hero_014/hero_014_silhouette.skel.bytes|Assets/Game/RawAssets/Spine/Hero/hero_014/hero_014_silhouette_Atlas.asset|Assets/Game/RawAssets/Spine/Hero/hero_014/hero_014_silhouette_Material.mat|Assets/Game/RawAssets/Spine/Hero/hero_014/hero_014_silhouette_SkeletonData.asset|Assets/Game/RawAssets/Spine/Hero/hero_014/hero_014_SkeletonData.asset|Assets/Game/RawAssets/Spine/Hero/hero_014_s01/hero_014_s01.atlas.txt|Assets/Game/RawAssets/Spine/Hero/hero_014_s01/hero_014_s01.png|Assets/Game/RawAssets/Spine/Hero/hero_014_s01/hero_014_s01.skel.bytes|Assets/Game/RawAssets/Spine/Hero/hero_014_s01/hero_014_s01_Atlas.asset|Assets/Game/RawAssets/Spine/Hero/hero_014_s01/hero_014_s01_bg.atlas.txt|Assets/Game/RawAssets/Spine/Hero/hero_014_s01/hero_014_s01_bg.png|Assets/Game/RawAssets/Spine/Hero/hero_014_s01/hero_014_s01_bg.skel.bytes|Assets/Game/RawAssets/Spine/Hero/hero_014_s01/hero_014_s01_bg_Atlas.asset|Assets/Game/RawAssets/Spine/Hero/hero_014_s01/hero_014_s01_bg_Material.mat|Assets/Game/RawAssets/Spine/Hero/hero_014_s01/hero_014_s01_bg_SkeletonData.asset|Assets/Game/RawAssets/Spine/Hero/hero_014_s01/hero_014_s01_fg.atlas.txt|Assets/Game/RawAssets/Spine/Hero/hero_014_s01/hero_014_s01_fg.png|Assets/Game/RawAssets/Spine/Hero/hero_014_s01/hero_014_s01_fg.skel.bytes|Assets/Game/RawAssets/Spine/Hero/hero_014_s01/hero_014_s01_fg_Atlas.asset|Assets/Game/RawAssets/Spine/Hero/hero_014_s01/hero_014_s01_fg_Material.mat
240082,3,1,1,hero_title240082,阿布羅狄忒,阿布羅狄忒,,24008200,24008200,,hero_023,,zhero_023,bhero_023,,hero_sex01,Assets/Game/RawAssets/Spine/Hero/hero_023/hero_023.atlas.txt|Assets/Game/RawAssets/Spine/Hero/hero_023/hero_023.png|Assets/Game/RawAssets/Spine/Hero/hero_023/hero_023.skel.bytes|Assets/Game/RawAssets/Spine/Hero/hero_023/hero_023.spriteatlas|Assets/Game/RawAssets/Spine/Hero/hero_023/hero_023_Atlas.asset|Assets/Game/RawAssets/Spine/Hero/hero_023/hero_023_bg.atlas.txt|Assets/Game/RawAssets/Spine/Hero/hero_023/hero_023_bg.png|Assets/Game/RawAssets/Spine/Hero/hero_023/hero_023_bg.skel.bytes|Assets/Game/RawAssets/Spine/Hero/hero_023/hero_023_bg_2.png|Assets/Game/RawAssets/Spine/Hero/hero_023/hero_023_bg_Atlas.asset|Assets/Game/RawAssets/Spine/Hero/hero_023/hero_023_bg_hero_023_bg.mat|Assets/Game/RawAssets/Spine/Hero/hero_023/hero_023_bg_hero_023_bg_2.mat|Assets/Game/RawAssets/Spine/Hero/hero_023/hero_023_bg_Material.mat|Assets/Game/RawAssets/Spine/Hero/hero_023/hero_023_bg_SkeletonData.asset|Assets/Game/RawAssets/Spine/Hero/hero_023/hero_023_fg.atlas.txt|Assets/Game/RawAssets/Spine/Hero/hero_023/hero_023_fg.png|Assets/Game/RawAssets/Spine/Hero/hero_023/hero_023_fg.skel.bytes|Assets/Game/RawAssets/Spine/Hero/hero_023/hero_023_fg_Atlas.asset|Assets/Game/RawAssets/Spine/Hero/hero_023/hero_023_fg_Material.mat|Assets/Game/RawAssets/Spine/Hero/hero_023/hero_023_fg_Material-Additive.mat|Assets/Game/RawAssets/Spine/Hero/hero_023/hero_023_fg_SkeletonData.asset|Assets/Game/RawAssets/Spine/Hero/hero_023/hero_023_Material.mat|Assets/Game/RawAssets/Spine/Hero/hero_023/hero_023_silhouette.atlas.txt|Assets/Game/RawAssets/Spine/Hero/hero_023/hero_023_silhouette.png|Assets/Game/RawAssets/Spine/Hero/hero_023/hero_023_silhouette.skel.bytes|Assets/Game/RawAssets/Spine/Hero/hero_023/hero_023_silhouette_Atlas.asset|Assets/Game/RawAssets/Spine/Hero/hero_023/hero_023_silhouette_Material.mat|Assets/Game/RawAssets/Spine/Hero/hero_023/hero_023_silhouette_SkeletonData.asset|Assets/Game/RawAssets/Spine/Hero/hero_023/hero_023_SkeletonData.asset|Assets/Game/RawAssets/Spine/Hero/hero_023h/hero_023h.atlas.txt|Assets/Game/RawAssets/Spine/Hero/hero_023h/hero_023h.png|Assets/Game/RawAssets/Spine/Hero/hero_023h/hero_023h.skel.bytes|Assets/Game/RawAssets/Spine/Hero/hero_023h/hero_023h_Atlas.asset|Assets/Game/RawAssets/Spine/Hero/hero_023h/hero_023h_bg.atlas.txt|Assets/Game/RawAssets/Spine/Hero/hero_023h/hero_023h_bg.png|Assets/Game/RawAssets/Spine/Hero/hero_023h/hero_023h_bg.skel.bytes|Assets/Game/RawAssets/Spine/Hero/hero_023h/hero_023h_bg_Atlas.asset|Assets/Game/RawAssets/Spine/Hero/hero_023h/hero_023h_bg_Material.mat|Assets/Game/RawAssets/Spine/Hero/hero_023h/hero_023h_bg_SkeletonData.asset|Assets/Game/RawAssets/Spine/Hero/hero_023h/hero_023h_fg.atlas.txt
240083,4,0,2,hero_title240083,米迦勒,米迦勒,,24008300|24008301,24008300|24008301,,hero_064|hero_064_s01,,zhero_064|zhero_064_s01,bhero_064|bhero_064_s01,,hero_sex01,Assets/Game/RawAssets/Spine/Hero/hero_064/hero_064.atlas.txt|Assets/Game/RawAssets/Spine/Hero/hero_064/hero_064.png|Assets/Game/RawAssets/Spine/Hero/hero_064/hero_064.skel.bytes|Assets/Game/RawAssets/Spine/Hero/hero_064/hero_064_2.png|Assets/Game/RawAssets/Spine/Hero/hero_064/hero_064_Atlas.asset|Assets/Game/RawAssets/Spine/Hero/hero_064/hero_064_bg.atlas.txt|Assets/Game/RawAssets/Spine/Hero/hero_064/hero_064_bg.png|Assets/Game/RawAssets/Spine/Hero/hero_064/hero_064_bg.skel.bytes|Assets/Game/RawAssets/Spine/Hero/hero_064/hero_064_bg_Atlas.asset|Assets/Game/RawAssets/Spine/Hero/hero_064/hero_064_bg_Material.mat|Assets/Game/RawAssets/Spine/Hero/hero_064/hero_064_bg_SkeletonData.asset|Assets/Game/RawAssets/Spine/Hero/hero_064/hero_064_fg.atlas.txt|Assets/Game/RawAssets/Spine/Hero/hero_064/hero_064_fg.png|Assets/Game/RawAssets/Spine/Hero/hero_064/hero_064_fg.skel.bytes|Assets/Game/RawAssets/Spine/Hero/hero_064/hero_064_fg_Atlas.asset|Assets/Game/RawAssets/Spine/Hero/hero_064/hero_064_fg_Material.mat|Assets/Game/RawAssets/Spine/Hero/hero_064/hero_064_fg_Material-Additive.mat|Assets/Game/RawAssets/Spine/Hero/hero_064/hero_064_fg_SkeletonData.asset|Assets/Game/RawAssets/Spine/Hero/hero_064/hero_064_hero_064.mat|Assets/Game/RawAssets/Spine/Hero/hero_064/hero_064_hero_064_2.mat|Assets/Game/RawAssets/Spine/Hero/hero_064/hero_064_hero_064_2-Additive.mat|Assets/Game/RawAssets/Spine/Hero/hero_064/hero_064_Material.mat|Assets/Game/RawAssets/Spine/Hero/hero_064/hero_064_Material-Additive.mat|Assets/Game/RawAssets/Spine/Hero/hero_064/hero_064_silhouette.atlas.txt|Assets/Game/RawAssets/Spine/Hero/hero_064/hero_064_silhouette.png|Assets/Game/RawAssets/Spine/Hero/hero_064/hero_064_silhouette.skel.bytes|Assets/Game/RawAssets/Spine/Hero/hero_064/hero_064_silhouette_Atlas.asset|Assets/Game/RawAssets/Spine/Hero/hero_064/hero_064_silhouette_Material.mat|Assets/Game/RawAssets/Spine/Hero/hero_064/hero_064_silhouette_SkeletonData.asset|Assets/Game/RawAssets/Spine/Hero/hero_064/hero_064_SkeletonData.asset|Assets/Game/RawAssets/Spine/Hero/hero_064_s01/hero_064_s01.atlas.txt|Assets/Game/RawAssets/Spine/Hero/hero_064_s01/hero_064_s01.png|Assets/Game/RawAssets/Spine/Hero/hero_064_s01/hero_064_s01.skel.bytes|Assets/Game/RawAssets/Spine/Hero/hero_064_s01/hero_064_s01_Atlas.asset|Assets/Game/RawAssets/Spine/Hero/hero_064_s01/hero_064_s01_bg.atlas.txt|Assets/Game/RawAssets/Spine/Hero/hero_064_s01/hero_064_s01_bg.png|Assets/Game/RawAssets/Spine/Hero/hero_064_s01/hero_064_s01_bg.skel.bytes|Assets/Game/RawAssets/Spine/Hero/hero_064_s01/hero_064_s01_bg_2.png|Assets/Game/RawAssets/Spine/Hero/hero_064_s01/hero_064_s01_bg_Atlas.asset|Assets/Game/RawAssets/Spine/Hero/hero_064_s01/hero_064_s01_bg_hero_064_s01_bg.mat
240084,3,0,0,hero_title240084,孫尚香,孫尚香,,24008400,24008400,,hero_036,,zhero_036,bhero_036,,hero_sex01,Assets/Game/RawAssets/Spine/Hero/hero_036/hero_036.atlas.txt|Assets/Game/RawAssets/Spine/Hero/hero_036/hero_036.png|Assets/Game/RawAssets/Spine/Hero/hero_036/hero_036.skel.bytes|Assets/Game/RawAssets/Spine/Hero/hero_036/hero_036_Atlas.asset|Assets/Game/RawAssets/Spine/Hero/hero_036/hero_036_bg.atlas.txt|Assets/Game/RawAssets/Spine/Hero/hero_036/hero_036_bg.png|Assets/Game/RawAssets/Spine/Hero/hero_036/hero_036_bg.skel.bytes|Assets/Game/RawAssets/Spine/Hero/hero_036/hero_036_bg_Atlas.asset|Assets/Game/RawAssets/Spine/Hero/hero_036/hero_036_bg_Material.mat|Assets/Game/RawAssets/Spine/Hero/hero_036/hero_036_bg_SkeletonData.asset|Assets/Game/RawAssets/Spine/Hero/hero_036/hero_036_fg.atlas.txt|Assets/Game/RawAssets/Spine/Hero/hero_036/hero_036_fg.png|Assets/Game/RawAssets/Spine/Hero/hero_036/hero_036_fg.skel.bytes|Assets/Game/RawAssets/Spine/Hero/hero_036/hero_036_fg_Atlas.asset|Assets/Game/RawAssets/Spine/Hero/hero_036/hero_036_fg_Material.mat|Assets/Game/RawAssets/Spine/Hero/hero_036/hero_036_fg_SkeletonData.asset|Assets/Game/RawAssets/Spine/Hero/hero_036/hero_036_Material.mat|Assets/Game/RawAssets/Spine/Hero/hero_036/hero_036_Material-Additive.mat|Assets/Game/RawAssets/Spine/Hero/hero_036/hero_036_silhouette.atlas.txt|Assets/Game/RawAssets/Spine/Hero/hero_036/hero_036_silhouette.png|Assets/Game/RawAssets/Spine/Hero/hero_036/hero_036_silhouette.skel.bytes|Assets/Game/RawAssets/Spine/Hero/hero_036/hero_036_silhouette_Atlas.asset|Assets/Game/RawAssets/Spine/Hero/hero_036/hero_036_silhouette_Material.mat|Assets/Game/RawAssets/Spine/Hero/hero_036/hero_036_silhouette_SkeletonData.asset|Assets/Game/RawAssets/Spine/Hero/hero_036/hero_036_SkeletonData.asset|Assets/Game/RawAssets/Spine/Hero/hero_036h/hero_036h.atlas.txt|Assets/Game/RawAssets/Spine/Hero/hero_036h/hero_036h.png|Assets/Game/RawAssets/Spine/Hero/hero_036h/hero_036h.skel.bytes|Assets/Game/RawAssets/Spine/Hero/hero_036h/hero_036h_Atlas.asset|Assets/Game/RawAssets/Spine/Hero/hero_036h/hero_036h_Material.mat|Assets/Game/RawAssets/Spine/Hero/hero_036h/hero_036h_SkeletonData.asset|Assets/Game/RawAssets/Sound/Battle/hero_036q_attack.wav|Assets/Game/RawAssets/Sound/Battle/hero_036q_attack1.wav|Assets/Game/RawAssets/Sound/Battle/hero_036q_skill_1.wav|Assets/Game/RawAssets/Sound/Battle/hero_036q_skill_2.wav|Assets/Game/RawAssets/Prefabs/3d/hero_036q_attack.prefab|Assets/Game/RawAssets/Prefabs/3d/hero_036q_attack1_dandao.prefab|Assets/Game/RawAssets/Prefabs/3d/hero_036q_attack1_hit.prefab|Assets/Game/RawAssets/Prefabs/3d/hero_036q_attack1_hit_afk.prefab|Assets/Game/RawAssets/Prefabs/3d/hero_036q_attack1_shifa.prefab
240085,4,0,2,hero_title240085,伊邪那美,伊邪那美,,24008500|24008501,24008500|24008501,,hero_054|hero_054_s01,,zhero_054|zhero_054_s01,bhero_054|bhero_054_s01,,hero_sex01,Assets/Game/RawAssets/Spine/Hero/hero_054/hero_054.atlas.txt|Assets/Game/RawAssets/Spine/Hero/hero_054/hero_054.png|Assets/Game/RawAssets/Spine/Hero/hero_054/hero_054.skel.bytes|Assets/Game/RawAssets/Spine/Hero/hero_054/hero_054_2.png|Assets/Game/RawAssets/Spine/Hero/hero_054/hero_054_Atlas.asset|Assets/Game/RawAssets/Spine/Hero/hero_054/hero_054_bg.atlas.txt|Assets/Game/RawAssets/Spine/Hero/hero_054/hero_054_bg.png|Assets/Game/RawAssets/Spine/Hero/hero_054/hero_054_bg.skel.bytes|Assets/Game/RawAssets/Spine/Hero/hero_054/hero_054_bg_Atlas.asset|Assets/Game/RawAssets/Spine/Hero/hero_054/hero_054_bg_Material.mat|Assets/Game/RawAssets/Spine/Hero/hero_054/hero_054_bg_SkeletonData.asset|Assets/Game/RawAssets/Spine/Hero/hero_054/hero_054_fg.atlas.txt|Assets/Game/RawAssets/Spine/Hero/hero_054/hero_054_fg.png|Assets/Game/RawAssets/Spine/Hero/hero_054/hero_054_fg.skel.bytes|Assets/Game/RawAssets/Spine/Hero/hero_054/hero_054_fg_Atlas.asset|Assets/Game/RawAssets/Spine/Hero/hero_054/hero_054_fg_Material.mat|Assets/Game/RawAssets/Spine/Hero/hero_054/hero_054_fg_SkeletonData.asset|Assets/Game/RawAssets/Spine/Hero/hero_054/hero_054_hero_054.mat|Assets/Game/RawAssets/Spine/Hero/hero_054/hero_054_hero_054_2.mat|Assets/Game/RawAssets/Spine/Hero/hero_054/hero_054_Material.mat|Assets/Game/RawAssets/Spine/Hero/hero_054/hero_054_silhouette.atlas.txt|Assets/Game/RawAssets/Spine/Hero/hero_054/hero_054_silhouette.png|Assets/Game/RawAssets/Spine/Hero/hero_054/hero_054_silhouette.skel.bytes|Assets/Game/RawAssets/Spine/Hero/hero_054/hero_054_silhouette_Atlas.asset|Assets/Game/RawAssets/Spine/Hero/hero_054/hero_054_silhouette_Material.mat|Assets/Game/RawAssets/Spine/Hero/hero_054/hero_054_silhouette_SkeletonData.asset|Assets/Game/RawAssets/Spine/Hero/hero_054/hero_054_SkeletonData.asset|Assets/Game/RawAssets/Spine/Hero/hero_054_s01/hero_054_s01.atlas.txt|Assets/Game/RawAssets/Spine/Hero/hero_054_s01/hero_054_s01.png|Assets/Game/RawAssets/Spine/Hero/hero_054_s01/hero_054_s01.skel.bytes|Assets/Game/RawAssets/Spine/Hero/hero_054_s01/hero_054_s01_Atlas.asset|Assets/Game/RawAssets/Spine/Hero/hero_054_s01/hero_054_s01_bg.atlas.txt|Assets/Game/RawAssets/Spine/Hero/hero_054_s01/hero_054_s01_bg.png|Assets/Game/RawAssets/Spine/Hero/hero_054_s01/hero_054_s01_bg.skel.bytes|Assets/Game/RawAssets/Spine/Hero/hero_054_s01/hero_054_s01_bg_2.png|Assets/Game/RawAssets/Spine/Hero/hero_054_s01/hero_054_s01_bg_Atlas.asset|Assets/Game/RawAssets/Spine/Hero/hero_054_s01/hero_054_s01_bg_hero_054_s01_bg.mat|Assets/Game/RawAssets/Spine/Hero/hero_054_s01/hero_054_s01_bg_hero_054_s01_bg_2.mat|Assets/Game/RawAssets/Spine/Hero/hero_054_s01/hero_054_s01_bg_Material.mat|Assets/Game/RawAssets/Spine/Hero/hero_054_s01/hero_054_s01_bg_SkeletonData.asset
240086,4,0,2,hero_title240086,賽特,賽特,,24008600|24008601,24008600|24008601,,hero_062|hero_062_s01,,zhero_062|zhero_062_s01,bhero_062|bhero_062_s01,,hero_sex01,Assets/Game/RawAssets/Spine/Hero/hero_062/hero_062.atlas.txt|Assets/Game/RawAssets/Spine/Hero/hero_062/hero_062.png|Assets/Game/RawAssets/Spine/Hero/hero_062/hero_062.skel.bytes|Assets/Game/RawAssets/Spine/Hero/hero_062/hero_062_Atlas.asset|Assets/Game/RawAssets/Spine/Hero/hero_062/hero_062_bg.atlas.txt|Assets/Game/RawAssets/Spine/Hero/hero_062/hero_062_bg.png|Assets/Game/RawAssets/Spine/Hero/hero_062/hero_062_bg.skel.bytes|Assets/Game/RawAssets/Spine/Hero/hero_062/hero_062_bg_2.png|Assets/Game/RawAssets/Spine/Hero/hero_062/hero_062_bg_Atlas.asset|Assets/Game/RawAssets/Spine/Hero/hero_062/hero_062_bg_hero_062_bg.mat|Assets/Game/RawAssets/Spine/Hero/hero_062/hero_062_bg_hero_062_bg_2.mat|Assets/Game/RawAssets/Spine/Hero/hero_062/hero_062_bg_Material.mat|Assets/Game/RawAssets/Spine/Hero/hero_062/hero_062_bg_SkeletonData.asset|Assets/Game/RawAssets/Spine/Hero/hero_062/hero_062_Material.mat|Assets/Game/RawAssets/Spine/Hero/hero_062/hero_062_Material-Additive.mat|Assets/Game/RawAssets/Spine/Hero/hero_062/hero_062_silhouette.atlas.txt|Assets/Game/RawAssets/Spine/Hero/hero_062/hero_062_silhouette.png|Assets/Game/RawAssets/Spine/Hero/hero_062/hero_062_silhouette.skel.bytes|Assets/Game/RawAssets/Spine/Hero/hero_062/hero_062_silhouette_Atlas.asset|Assets/Game/RawAssets/Spine/Hero/hero_062/hero_062_silhouette_Material.mat|Assets/Game/RawAssets/Spine/Hero/hero_062/hero_062_silhouette_SkeletonData.asset|Assets/Game/RawAssets/Spine/Hero/hero_062/hero_062_SkeletonData.asset|Assets/Game/RawAssets/Spine/Hero/hero_062_s01/hero_062_s01.atlas.txt|Assets/Game/RawAssets/Spine/Hero/hero_062_s01/hero_062_s01.png|Assets/Game/RawAssets/Spine/Hero/hero_062_s01/hero_062_s01.skel.bytes|Assets/Game/RawAssets/Spine/Hero/hero_062_s01/hero_062_s01_Atlas.asset|Assets/Game/RawAssets/Spine/Hero/hero_062_s01/hero_062_s01_bg.atlas.txt|Assets/Game/RawAssets/Spine/Hero/hero_062_s01/hero_062_s01_bg.png|Assets/Game/RawAssets/Spine/Hero/hero_062_s01/hero_062_s01_bg.skel.bytes|Assets/Game/RawAssets/Spine/Hero/hero_062_s01/hero_062_s01_bg_Atlas.asset|Assets/Game/RawAssets/Spine/Hero/hero_062_s01/hero_062_s01_bg_Material.mat|Assets/Game/RawAssets/Spine/Hero/hero_062_s01/hero_062_s01_bg_SkeletonData.asset|Assets/Game/RawAssets/Spine/Hero/hero_062_s01/hero_062_s01_Material.mat|Assets/Game/RawAssets/Spine/Hero/hero_062_s01/hero_062_s01_SkeletonData.asset|Assets/Game/RawAssets/Spine/Hero/hero_062_s01h/hero_062_s01h.atlas.txt|Assets/Game/RawAssets/Spine/Hero/hero_062_s01h/hero_062_s01h.png|Assets/Game/RawAssets/Spine/Hero/hero_062_s01h/hero_062_s01h.skel.bytes|Assets/Game/RawAssets/Spine/Hero/hero_062_s01h/hero_062_s01h_Atlas.asset|Assets/Game/RawAssets/Spine/Hero/hero_062_s01h/hero_062_s01h_bg.atlas.txt|Assets/Game/RawAssets/Spine/Hero/hero_062_s01h/hero_062_s01h_bg.png
240087,3,0,0,hero_title240087,阿努比斯,阿努比斯,,24008700,24008700,,hero_060,,zhero_060,bhero_060,,hero_sex01,Assets/Game/RawAssets/Spine/Hero/hero_060/hero_060.atlas.txt|Assets/Game/RawAssets/Spine/Hero/hero_060/hero_060.png|Assets/Game/RawAssets/Spine/Hero/hero_060/hero_060.skel.bytes|Assets/Game/RawAssets/Spine/Hero/hero_060/hero_060_Atlas.asset|Assets/Game/RawAssets/Spine/Hero/hero_060/hero_060_bg.atlas.txt|Assets/Game/RawAssets/Spine/Hero/hero_060/hero_060_bg.png|Assets/Game/RawAssets/Spine/Hero/hero_060/hero_060_bg.skel.bytes|Assets/Game/RawAssets/Spine/Hero/hero_060/hero_060_bg_Atlas.asset|Assets/Game/RawAssets/Spine/Hero/hero_060/hero_060_bg_Material.mat|Assets/Game/RawAssets/Spine/Hero/hero_060/hero_060_bg_SkeletonData.asset|Assets/Game/RawAssets/Spine/Hero/hero_060/hero_060_Material.mat|Assets/Game/RawAssets/Spine/Hero/hero_060/hero_060_Material-Additive.mat|Assets/Game/RawAssets/Spine/Hero/hero_060/hero_060_silhouette.atlas.txt|Assets/Game/RawAssets/Spine/Hero/hero_060/hero_060_silhouette.png|Assets/Game/RawAssets/Spine/Hero/hero_060/hero_060_silhouette.skel.bytes|Assets/Game/RawAssets/Spine/Hero/hero_060/hero_060_silhouette_Atlas.asset|Assets/Game/RawAssets/Spine/Hero/hero_060/hero_060_silhouette_Material.mat|Assets/Game/RawAssets/Spine/Hero/hero_060/hero_060_silhouette_SkeletonData.asset|Assets/Game/RawAssets/Spine/Hero/hero_060/hero_060_SkeletonData.asset|Assets/Game/RawAssets/Spine/Hero/hero_060h/hero_060h.atlas.txt|Assets/Game/RawAssets/Spine/Hero/hero_060h/hero_060h.png|Assets/Game/RawAssets/Spine/Hero/hero_060h/hero_060h.skel.bytes|Assets/Game/RawAssets/Spine/Hero/hero_060h/hero_060h_Atlas.asset|Assets/Game/RawAssets/Spine/Hero/hero_060h/hero_060h_bg.atlas.txt|Assets/Game/RawAssets/Spine/Hero/hero_060h/hero_060h_bg.png|Assets/Game/RawAssets/Spine/Hero/hero_060h/hero_060h_bg.skel.bytes|Assets/Game/RawAssets/Spine/Hero/hero_060h/hero_060h_bg_Atlas.asset|Assets/Game/RawAssets/Spine/Hero/hero_060h/hero_060h_bg_Material.mat|Assets/Game/RawAssets/Spine/Hero/hero_060h/hero_060h_bg_SkeletonData.asset|Assets/Game/RawAssets/Spine/Hero/hero_060h/hero_060h_Material.mat|Assets/Game/RawAssets/Spine/Hero/hero_060h/hero_060h_silhouette.atlas.txt|Assets/Game/RawAssets/Spine/Hero/hero_060h/hero_060h_silhouette.png|Assets/Game/RawAssets/Spine/Hero/hero_060h/hero_060h_silhouette.skel.bytes|Assets/Game/RawAssets/Spine/Hero/hero_060h/hero_060h_silhouette_Atlas.asset|Assets/Game/RawAssets/Spine/Hero/hero_060h/hero_060h_silhouette_Material.mat|Assets/Game/RawAssets/Spine/Hero/hero_060h/hero_060h_silhouette_SkeletonData.asset|Assets/Game/RawAssets/Spine/Hero/hero_060h/hero_060h_SkeletonData.asset|Assets/Game/RawAssets/Sound/Battle/hero_060q_attack.wav|Assets/Game/RawAssets/Sound/Battle/hero_060q_attack1.wav|Assets/Game/RawAssets/Sound/Battle/hero_060q_skill_1.wav
240088,3,0,0,hero_title240088,亞瑟,亞瑟,,24008800,24008800,,hero_045,,zhero_045,bhero_045,,hero_sex01,Assets/Game/RawAssets/Spine/Hero/hero_045/hero_045.atlas.txt|Assets/Game/RawAssets/Spine/Hero/hero_045/hero_045.png|Assets/Game/RawAssets/Spine/Hero/hero_045/hero_045.skel.bytes|Assets/Game/RawAssets/Spine/Hero/hero_045/hero_045_Atlas.asset|Assets/Game/RawAssets/Spine/Hero/hero_045/hero_045_bg.atlas.txt|Assets/Game/RawAssets/Spine/Hero/hero_045/hero_045_bg.png|Assets/Game/RawAssets/Spine/Hero/hero_045/hero_045_bg.skel.bytes|Assets/Game/RawAssets/Spine/Hero/hero_045/hero_045_bg_Atlas.asset|Assets/Game/RawAssets/Spine/Hero/hero_045/hero_045_bg_Material.mat|Assets/Game/RawAssets/Spine/Hero/hero_045/hero_045_bg_SkeletonData.asset|Assets/Game/RawAssets/Spine/Hero/hero_045/hero_045_fg.atlas.txt|Assets/Game/RawAssets/Spine/Hero/hero_045/hero_045_fg.png|Assets/Game/RawAssets/Spine/Hero/hero_045/hero_045_fg.skel.bytes|Assets/Game/RawAssets/Spine/Hero/hero_045/hero_045_fg_Atlas.asset|Assets/Game/RawAssets/Spine/Hero/hero_045/hero_045_fg_Material.mat|Assets/Game/RawAssets/Spine/Hero/hero_045/hero_045_fg_SkeletonData.asset|Assets/Game/RawAssets/Spine/Hero/hero_045/hero_045_Material.mat|Assets/Game/RawAssets/Spine/Hero/hero_045/hero_045_Material-Additive.mat|Assets/Game/RawAssets/Spine/Hero/hero_045/hero_045_silhouette.atlas.txt|Assets/Game/RawAssets/Spine/Hero/hero_045/hero_045_silhouette.png|Assets/Game/RawAssets/Spine/Hero/hero_045/hero_045_silhouette.skel.bytes|Assets/Game/RawAssets/Spine/Hero/hero_045/hero_045_silhouette_Atlas.asset|Assets/Game/RawAssets/Spine/Hero/hero_045/hero_045_silhouette_Material.mat|Assets/Game/RawAssets/Spine/Hero/hero_045/hero_045_silhouette_SkeletonData.asset|Assets/Game/RawAssets/Spine/Hero/hero_045/hero_045_SkeletonData.asset|Assets/Game/RawAssets/Sound/Battle/hero_045q_attack.wav|Assets/Game/RawAssets/Sound/Battle/hero_045q_attack1.wav|Assets/Game/RawAssets/Sound/Battle/hero_045q_skill_1.wav|Assets/Game/RawAssets/Sound/Battle/hero_045q_skill_2.wav|Assets/Game/RawAssets/Sound/Battle/hero_045q_skill_3.wav|Assets/Game/RawAssets/Prefabs/3d/hero_045q_attack.prefab|Assets/Game/RawAssets/Prefabs/3d/hero_045q_attack1.prefab|Assets/Game/RawAssets/Prefabs/3d/hero_045q_attack1_dandao.prefab|Assets/Game/RawAssets/Prefabs/3d/hero_045q_attack1_hit.prefab|Assets/Game/RawAssets/Prefabs/3d/hero_045q_attack1_hit_afk.prefab|Assets/Game/RawAssets/Prefabs/3d/hero_045q_attack1_shifa.prefab|Assets/Game/RawAssets/Prefabs/3d/hero_045q_skill_1.prefab|Assets/Game/RawAssets/Prefabs/3d/hero_045q_skill_2.prefab|Assets/Game/RawAssets/Prefabs/3d/hero_045q_skill_3.prefab|Assets/Game/RawAssets/Prefabs/Skill/Hero_045Q_fx.prefab
240089,3,1,1,hero_title240089,蔥聾,蔥聾,,24008900,24008900,,hero_011,,zhero_011,bhero_011,,hero_sex01,Assets/Game/RawAssets/Spine/Hero/hero_011/hero_011.atlas.txt|Assets/Game/RawAssets/Spine/Hero/hero_011/hero_011.png|Assets/Game/RawAssets/Spine/Hero/hero_011/hero_011.skel.bytes|Assets/Game/RawAssets/Spine/Hero/hero_011/hero_011_2.png|Assets/Game/RawAssets/Spine/Hero/hero_011/hero_011_Atlas.asset|Assets/Game/RawAssets/Spine/Hero/hero_011/hero_011_Material.mat|Assets/Game/RawAssets/Spine/Hero/hero_011/hero_011_Material-Additive.mat|Assets/Game/RawAssets/Spine/Hero/hero_011/hero_011_silhouette.atlas.txt|Assets/Game/RawAssets/Spine/Hero/hero_011/hero_011_silhouette.png|Assets/Game/RawAssets/Spine/Hero/hero_011/hero_011_silhouette.skel.bytes|Assets/Game/RawAssets/Spine/Hero/hero_011/hero_011_silhouette_Atlas.asset|Assets/Game/RawAssets/Spine/Hero/hero_011/hero_011_silhouette_Material.mat|Assets/Game/RawAssets/Spine/Hero/hero_011/hero_011_silhouette_SkeletonData.asset|Assets/Game/RawAssets/Spine/Hero/hero_011/hero_011_SkeletonData.asset|Assets/Game/RawAssets/Spine/Hero/hero_011h/hero_011h.atlas.txt|Assets/Game/RawAssets/Spine/Hero/hero_011h/hero_011h.png|Assets/Game/RawAssets/Spine/Hero/hero_011h/hero_011h.skel.bytes|Assets/Game/RawAssets/Spine/Hero/hero_011h/hero_011h_Atlas.asset|Assets/Game/RawAssets/Spine/Hero/hero_011h/hero_011h_Material.mat|Assets/Game/RawAssets/Spine/Hero/hero_011h/hero_011h_SkeletonData.asset|Assets/Game/RawAssets/Sound/Battle/hero_011q_attack.wav|Assets/Game/RawAssets/Sound/Battle/hero_011q_attack1.wav|Assets/Game/RawAssets/Sound/Battle/hero_011q_skill_1.wav|Assets/Game/RawAssets/Sound/Battle/hero_011q_skill_2.wav|Assets/Game/RawAssets/Sound/Battle/hero_011q_skill_3.wav|Assets/Game/RawAssets/Prefabs/3d/hero_011q_attack.prefab|Assets/Game/RawAssets/Prefabs/3d/hero_011q_attack1_dandao.prefab|Assets/Game/RawAssets/Prefabs/3d/hero_011q_attack1_hit.prefab|Assets/Game/RawAssets/Prefabs/3d/hero_011q_attack1_hit_afk.prefab|Assets/Game/RawAssets/Prefabs/3d/hero_011q_attack1_shifa.prefab|Assets/Game/RawAssets/Prefabs/3d/hero_011q_skill_1.prefab|Assets/Game/RawAssets/Prefabs/3d/hero_011q_skill_1_start.prefab|Assets/Game/RawAssets/Prefabs/3d/hero_011q_skill_2.prefab|Assets/Game/RawAssets/Prefabs/3d/hero_011q_skill_2_dandao.prefab|Assets/Game/RawAssets/Prefabs/3d/hero_011q_skill_2_hit.prefab|Assets/Game/RawAssets/Prefabs/3d/hero_011q_skill_2_shifa.prefab|Assets/Game/RawAssets/Prefabs/3d/hero_011q_skill_3.prefab|Assets/Game/RawAssets/Prefabs/Camera/hero_011q_skill1cam_l.prefab|Assets/Game/RawAssets/Prefabs/Camera/hero_011q_skill1cam_r.prefab|Assets/Game/RawAssets/Prefabs/Camera/hero_011q_skill2cam_l1.prefab
240090,3,1,0,hero_title240090,狄俄涅,狄俄涅,,24009000,24009000,,hero_015,,zhero_015,bhero_015,,hero_sex01,Assets/Game/RawAssets/Spine/Hero/hero_015/hero_015.atlas.txt|Assets/Game/RawAssets/Spine/Hero/hero_015/hero_015.png|Assets/Game/RawAssets/Spine/Hero/hero_015/hero_015.skel.bytes|Assets/Game/RawAssets/Spine/Hero/hero_015/hero_015_Atlas.asset|Assets/Game/RawAssets/Spine/Hero/hero_015/hero_015_bg.atlas.txt|Assets/Game/RawAssets/Spine/Hero/hero_015/hero_015_bg.png|Assets/Game/RawAssets/Spine/Hero/hero_015/hero_015_bg.skel.bytes|Assets/Game/RawAssets/Spine/Hero/hero_015/hero_015_bg_Atlas.asset|Assets/Game/RawAssets/Spine/Hero/hero_015/hero_015_bg_Material.mat|Assets/Game/RawAssets/Spine/Hero/hero_015/hero_015_bg_SkeletonData.asset|Assets/Game/RawAssets/Spine/Hero/hero_015/hero_015_fg.atlas.txt|Assets/Game/RawAssets/Spine/Hero/hero_015/hero_015_fg.png|Assets/Game/RawAssets/Spine/Hero/hero_015/hero_015_fg.skel.bytes|Assets/Game/RawAssets/Spine/Hero/hero_015/hero_015_fg_Atlas.asset|Assets/Game/RawAssets/Spine/Hero/hero_015/hero_015_fg_Material.mat|Assets/Game/RawAssets/Spine/Hero/hero_015/hero_015_fg_SkeletonData.asset|Assets/Game/RawAssets/Spine/Hero/hero_015/hero_015_Material.mat|Assets/Game/RawAssets/Spine/Hero/hero_015/hero_015_silhouette.atlas.txt|Assets/Game/RawAssets/Spine/Hero/hero_015/hero_015_silhouette.png|Assets/Game/RawAssets/Spine/Hero/hero_015/hero_015_silhouette.skel.bytes|Assets/Game/RawAssets/Spine/Hero/hero_015/hero_015_silhouette_Atlas.asset|Assets/Game/RawAssets/Spine/Hero/hero_015/hero_015_silhouette_Material.mat|Assets/Game/RawAssets/Spine/Hero/hero_015/hero_015_silhouette_SkeletonData.asset|Assets/Game/RawAssets/Spine/Hero/hero_015/hero_015_SkeletonData.asset|Assets/Game/RawAssets/Spine/Hero/hero_015h/hero_015h.atlas.txt|Assets/Game/RawAssets/Spine/Hero/hero_015h/hero_015h.png|Assets/Game/RawAssets/Spine/Hero/hero_015h/hero_015h.skel.bytes|Assets/Game/RawAssets/Spine/Hero/hero_015h/hero_015h_Atlas.asset|Assets/Game/RawAssets/Spine/Hero/hero_015h/hero_015h_bg.atlas.txt|Assets/Game/RawAssets/Spine/Hero/hero_015h/hero_015h_bg.png|Assets/Game/RawAssets/Spine/Hero/hero_015h/hero_015h_bg.skel.bytes|Assets/Game/RawAssets/Spine/Hero/hero_015h/hero_015h_bg_Atlas.asset|Assets/Game/RawAssets/Spine/Hero/hero_015h/hero_015h_bg_Material.mat|Assets/Game/RawAssets/Spine/Hero/hero_015h/hero_015h_bg_SkeletonData.asset|Assets/Game/RawAssets/Spine/Hero/hero_015h/hero_015h_fg.atlas.txt|Assets/Game/RawAssets/Spine/Hero/hero_015h/hero_015h_fg.png|Assets/Game/RawAssets/Spine/Hero/hero_015h/hero_015h_fg.skel.bytes|Assets/Game/RawAssets/Spine/Hero/hero_015h/hero_015h_fg_Atlas.asset|Assets/Game/RawAssets/Spine/Hero/hero_015h/hero_015h_fg_Material.mat|Assets/Game/RawAssets/Spine/Hero/hero_015h/hero_015h_fg_SkeletonData.asset
240091,3,1,1,hero_title240091,瓦爾基裡,瓦爾基裡,,24009100,24009100,,hero_019,,zhero_019,bhero_019,,hero_sex01,Assets/Game/RawAssets/Spine/Hero/hero_019/hero_019.atlas.txt|Assets/Game/RawAssets/Spine/Hero/hero_019/hero_019.png|Assets/Game/RawAssets/Spine/Hero/hero_019/hero_019.skel.bytes|Assets/Game/RawAssets/Spine/Hero/hero_019/hero_019_Atlas.asset|Assets/Game/RawAssets/Spine/Hero/hero_019/hero_019_Material.mat|Assets/Game/RawAssets/Spine/Hero/hero_019/hero_019_silhouette.atlas.txt|Assets/Game/RawAssets/Spine/Hero/hero_019/hero_019_silhouette.png|Assets/Game/RawAssets/Spine/Hero/hero_019/hero_019_silhouette.skel.bytes|Assets/Game/RawAssets/Spine/Hero/hero_019/hero_019_silhouette_Atlas.asset|Assets/Game/RawAssets/Spine/Hero/hero_019/hero_019_silhouette_Material.mat|Assets/Game/RawAssets/Spine/Hero/hero_019/hero_019_silhouette_SkeletonData.asset|Assets/Game/RawAssets/Spine/Hero/hero_019/hero_019_SkeletonData.asset|Assets/Game/RawAssets/Sound/Battle/hero_019q_attack.wav|Assets/Game/RawAssets/Sound/Battle/hero_019q_attack1.wav|Assets/Game/RawAssets/Sound/Battle/hero_019q_skill_1.wav|Assets/Game/RawAssets/Sound/Battle/hero_019q_skill_2.wav|Assets/Game/RawAssets/Prefabs/3d/hero_019q_attack.prefab|Assets/Game/RawAssets/Prefabs/3d/hero_019q_attack1_dandao.prefab|Assets/Game/RawAssets/Prefabs/3d/hero_019q_attack1_hit.prefab|Assets/Game/RawAssets/Prefabs/3d/hero_019q_skill_1.prefab|Assets/Game/RawAssets/Prefabs/3d/hero_019q_skill_2.prefab|Assets/Game/RawAssets/Prefabs/Skill/Hero_019Q_attack.prefab|Assets/Game/RawAssets/Prefabs/Skill/Hero_019Q_fx.prefab|Assets/Game/RawAssets/Prefabs/Skill/Hero_019Q_fx_2.prefab|Assets/Game/RawAssets/Sound/Hero/hero_019_battle.wav|Assets/Game/RawAssets/Sound/Hero/hero_019_fail.wav|Assets/Game/RawAssets/Sound/Hero/hero_019_recruit.wav|Assets/Game/RawAssets/Sound/Hero/hero_019_select.wav|Assets/Game/RawAssets/Sound/Hero/hero_019_skill1.wav|Assets/Game/RawAssets/Sound/Hero/hero_019_skill2.wav|Assets/Game/RawAssets/Sound/Hero/hero_019_touch1.wav|Assets/Game/RawAssets/Sound/Hero/hero_019_touch2.wav|Assets/Game/RawAssets/Sound/Hero/hero_019_touch3.wav|Assets/Game/RawAssets/Sound/Hero/hero_019_victory.wav|Assets/Game/RawAssets/Spine/HeroQ/hero_019q/hero_019q.atlas.txt|Assets/Game/RawAssets/Spine/HeroQ/hero_019q/hero_019q.png|Assets/Game/RawAssets/Spine/HeroQ/hero_019q/hero_019q.skel.bytes|Assets/Game/RawAssets/Spine/HeroQ/hero_019q/hero_019q_Atlas.asset|Assets/Game/RawAssets/Spine/HeroQ/hero_019q/hero_019q_Material.mat|Assets/Game/RawAssets/Spine/HeroQ/hero_019q/hero_019q_shadow/hero_019q_shadow.atlas.txt
240092,4,0,2,hero_title240092,女媧,女媧,,24009200|24009201,24009200|24009201,,hero_010|hero_010_s01,,zhero_010|zhero_010_s01,bhero_010|bhero_010_s01,,hero_sex01,Assets/Game/RawAssets/Spine/Hero/hero_010/hero_010.atlas.txt|Assets/Game/RawAssets/Spine/Hero/hero_010/hero_010.png|Assets/Game/RawAssets/Spine/Hero/hero_010/hero_010.skel.bytes|Assets/Game/RawAssets/Spine/Hero/hero_010/hero_010_2.png|Assets/Game/RawAssets/Spine/Hero/hero_010/hero_010_Atlas.asset|Assets/Game/RawAssets/Spine/Hero/hero_010/hero_010_hero_010.mat|Assets/Game/RawAssets/Spine/Hero/hero_010/hero_010_hero_010_2.mat|Assets/Game/RawAssets/Spine/Hero/hero_010/hero_010_Material.mat|Assets/Game/RawAssets/Spine/Hero/hero_010/hero_010_silhouette.atlas.txt|Assets/Game/RawAssets/Spine/Hero/hero_010/hero_010_silhouette.png|Assets/Game/RawAssets/Spine/Hero/hero_010/hero_010_silhouette.skel.bytes|Assets/Game/RawAssets/Spine/Hero/hero_010/hero_010_silhouette_Atlas.asset|Assets/Game/RawAssets/Spine/Hero/hero_010/hero_010_silhouette_Material.mat|Assets/Game/RawAssets/Spine/Hero/hero_010/hero_010_silhouette_SkeletonData.asset|Assets/Game/RawAssets/Spine/Hero/hero_010/hero_010_SkeletonData.asset|Assets/Game/RawAssets/Spine/Hero/hero_010_p01/hero_010_p01.atlas.txt|Assets/Game/RawAssets/Spine/Hero/hero_010_p01/hero_010_p01.png|Assets/Game/RawAssets/Spine/Hero/hero_010_p01/hero_010_p01.skel.bytes|Assets/Game/RawAssets/Spine/Hero/hero_010_p01/hero_010_p01_Atlas.asset|Assets/Game/RawAssets/Spine/Hero/hero_010_p01/hero_010_p01_Material.mat|Assets/Game/RawAssets/Spine/Hero/hero_010_p01/hero_010_p01_SkeletonData.asset|Assets/Game/RawAssets/Spine/Hero/hero_010_s01/hero_010_s01.atlas.txt|Assets/Game/RawAssets/Spine/Hero/hero_010_s01/hero_010_s01.png|Assets/Game/RawAssets/Spine/Hero/hero_010_s01/hero_010_s01.skel.bytes|Assets/Game/RawAssets/Spine/Hero/hero_010_s01/hero_010_s01_Atlas.asset|Assets/Game/RawAssets/Spine/Hero/hero_010_s01/hero_010_s01_bg.atlas.txt|Assets/Game/RawAssets/Spine/Hero/hero_010_s01/hero_010_s01_bg.png|Assets/Game/RawAssets/Spine/Hero/hero_010_s01/hero_010_s01_bg.skel.bytes|Assets/Game/RawAssets/Spine/Hero/hero_010_s01/hero_010_s01_bg_Atlas.asset|Assets/Game/RawAssets/Spine/Hero/hero_010_s01/hero_010_s01_bg_Material.mat|Assets/Game/RawAssets/Spine/Hero/hero_010_s01/hero_010_s01_bg_SkeletonData.asset|Assets/Game/RawAssets/Spine/Hero/hero_010_s01/hero_010_s01_Material.mat|Assets/Game/RawAssets/Spine/Hero/hero_010_s01/hero_010_s01_SkeletonData.asset|Assets/Game/RawAssets/Spine/Hero/hero_010_s01h/hero_010_s01h.atlas.txt|Assets/Game/RawAssets/Spine/Hero/hero_010_s01h/hero_010_s01h.png|Assets/Game/RawAssets/Spine/Hero/hero_010_s01h/hero_010_s01h.skel.bytes|Assets/Game/RawAssets/Spine/Hero/hero_010_s01h/hero_010_s01h_Atlas.asset|Assets/Game/RawAssets/Spine/Hero/hero_010_s01h/hero_010_s01h_bg.atlas.txt|Assets/Game/RawAssets/Spine/Hero/hero_010_s01h/hero_010_s01h_bg.png|Assets/Game/RawAssets/Spine/Hero/hero_010_s01h/hero_010_s01h_bg.skel.bytes
240093,4,0,2,hero_title240093,朱雀,朱雀,,24009300|24009301|24009302,24009300|24009301|24009302,24009300|24009301,hero_052|hero_052_s01|hero_052_s02,hero_052r_s01|hero_052r,zhero_052|zhero_052_s01|zhero_052_s02,bhero_052|bhero_052_s01|bhero_052_s02,phero_052r_s01|phero_052r,hero_sex01,Assets/Game/RawAssets/Spine/Hero/hero_052/hero_052.atlas.txt|Assets/Game/RawAssets/Spine/Hero/hero_052/hero_052.png|Assets/Game/RawAssets/Spine/Hero/hero_052/hero_052.skel.bytes|Assets/Game/RawAssets/Spine/Hero/hero_052/hero_052_2.png|Assets/Game/RawAssets/Spine/Hero/hero_052/hero_052_Atlas.asset|Assets/Game/RawAssets/Spine/Hero/hero_052/hero_052_hero_052.mat|Assets/Game/RawAssets/Spine/Hero/hero_052/hero_052_hero_052_2.mat|Assets/Game/RawAssets/Spine/Hero/hero_052/hero_052_Material.mat|Assets/Game/RawAssets/Spine/Hero/hero_052/hero_052_silhouette.atlas.txt|Assets/Game/RawAssets/Spine/Hero/hero_052/hero_052_silhouette.png|Assets/Game/RawAssets/Spine/Hero/hero_052/hero_052_silhouette.skel.bytes|Assets/Game/RawAssets/Spine/Hero/hero_052/hero_052_silhouette_Atlas.asset|Assets/Game/RawAssets/Spine/Hero/hero_052/hero_052_silhouette_Material.mat|Assets/Game/RawAssets/Spine/Hero/hero_052/hero_052_silhouette_SkeletonData.asset|Assets/Game/RawAssets/Spine/Hero/hero_052/hero_052_SkeletonData.asset|Assets/Game/RawAssets/Spine/Hero/hero_052_s01/hero_052_s01.atlas.txt|Assets/Game/RawAssets/Spine/Hero/hero_052_s01/hero_052_s01.png|Assets/Game/RawAssets/Spine/Hero/hero_052_s01/hero_052_s01.skel.bytes|Assets/Game/RawAssets/Spine/Hero/hero_052_s01/hero_052_s01_Atlas.asset|Assets/Game/RawAssets/Spine/Hero/hero_052_s01/hero_052_s01_bg.atlas.txt|Assets/Game/RawAssets/Spine/Hero/hero_052_s01/hero_052_s01_bg.png|Assets/Game/RawAssets/Spine/Hero/hero_052_s01/hero_052_s01_bg.skel.bytes|Assets/Game/RawAssets/Spine/Hero/hero_052_s01/hero_052_s01_bg_Atlas.asset|Assets/Game/RawAssets/Spine/Hero/hero_052_s01/hero_052_s01_bg_Material.mat|Assets/Game/RawAssets/Spine/Hero/hero_052_s01/hero_052_s01_bg_Material-Additive.mat|Assets/Game/RawAssets/Spine/Hero/hero_052_s01/hero_052_s01_bg_SkeletonData.asset|Assets/Game/RawAssets/Spine/Hero/hero_052_s01/hero_052_s01_fg.atlas.txt|Assets/Game/RawAssets/Spine/Hero/hero_052_s01/hero_052_s01_fg.png|Assets/Game/RawAssets/Spine/Hero/hero_052_s01/hero_052_s01_fg.skel.bytes|Assets/Game/RawAssets/Spine/Hero/hero_052_s01/hero_052_s01_fg_Atlas.asset|Assets/Game/RawAssets/Spine/Hero/hero_052_s01/hero_052_s01_fg_Material.mat|Assets/Game/RawAssets/Spine/Hero/hero_052_s01/hero_052_s01_fg_SkeletonData.asset|Assets/Game/RawAssets/Spine/Hero/hero_052_s01/hero_052_s01_Material.mat|Assets/Game/RawAssets/Spine/Hero/hero_052_s01/hero_052_s01_SkeletonData.asset|Assets/Game/RawAssets/Spine/Hero/hero_052_s01h/hero_052_s01h.atlas.txt|Assets/Game/RawAssets/Spine/Hero/hero_052_s01h/hero_052_s01h.png|Assets/Game/RawAssets/Spine/Hero/hero_052_s01h/hero_052_s01h.skel.bytes|Assets/Game/RawAssets/Spine/Hero/hero_052_s01h/hero_052_s01h_Atlas.asset|Assets/Game/RawAssets/Spine/Hero/hero_052_s01h/hero_052_s01h_bg.atlas.txt|Assets/Game/RawAssets/Spine/Hero/hero_052_s01h/hero_052_s01h_bg.png
240094,4,0,2,hero_title240094,白虎,白虎,,24009400|24009401|24009402,24009400|24009401|24009402,24009400|24009401,hero_051|hero_051_s01|hero_051_s02,hero_051r_s01|hero_051r,zhero_051|zhero_051_s01|zhero_051_s02,bhero_051|bhero_051_s01|bhero_051_s02,phero_051r_s01|phero_051r,hero_sex01,Assets/Game/RawAssets/Spine/Hero/hero_051/hero_051.atlas.txt|Assets/Game/RawAssets/Spine/Hero/hero_051/hero_051.png|Assets/Game/RawAssets/Spine/Hero/hero_051/hero_051.skel.bytes|Assets/Game/RawAssets/Spine/Hero/hero_051/hero_051_Atlas.asset|Assets/Game/RawAssets/Spine/Hero/hero_051/hero_051_bg.atlas.txt|Assets/Game/RawAssets/Spine/Hero/hero_051/hero_051_bg.png|Assets/Game/RawAssets/Spine/Hero/hero_051/hero_051_bg.skel.bytes|Assets/Game/RawAssets/Spine/Hero/hero_051/hero_051_bg_2.png|Assets/Game/RawAssets/Spine/Hero/hero_051/hero_051_bg_Atlas.asset|Assets/Game/RawAssets/Spine/Hero/hero_051/hero_051_bg_hero_051_bg.mat|Assets/Game/RawAssets/Spine/Hero/hero_051/hero_051_bg_hero_051_bg_2.mat|Assets/Game/RawAssets/Spine/Hero/hero_051/hero_051_bg_Material.mat|Assets/Game/RawAssets/Spine/Hero/hero_051/hero_051_bg_SkeletonData.asset|Assets/Game/RawAssets/Spine/Hero/hero_051/hero_051_fg.atlas.txt|Assets/Game/RawAssets/Spine/Hero/hero_051/hero_051_fg.png|Assets/Game/RawAssets/Spine/Hero/hero_051/hero_051_fg.skel.bytes|Assets/Game/RawAssets/Spine/Hero/hero_051/hero_051_fg_Atlas.asset|Assets/Game/RawAssets/Spine/Hero/hero_051/hero_051_fg_Material.mat|Assets/Game/RawAssets/Spine/Hero/hero_051/hero_051_fg_SkeletonData.asset|Assets/Game/RawAssets/Spine/Hero/hero_051/hero_051_Material.mat|Assets/Game/RawAssets/Spine/Hero/hero_051/hero_051_silhouette.atlas.txt|Assets/Game/RawAssets/Spine/Hero/hero_051/hero_051_silhouette.png|Assets/Game/RawAssets/Spine/Hero/hero_051/hero_051_silhouette.skel.bytes|Assets/Game/RawAssets/Spine/Hero/hero_051/hero_051_silhouette_Atlas.asset|Assets/Game/RawAssets/Spine/Hero/hero_051/hero_051_silhouette_Material.mat|Assets/Game/RawAssets/Spine/Hero/hero_051/hero_051_silhouette_SkeletonData.asset|Assets/Game/RawAssets/Spine/Hero/hero_051/hero_051_SkeletonData.asset|Assets/Game/RawAssets/Spine/Hero/hero_051_s01/hero_051_s01.atlas.txt|Assets/Game/RawAssets/Spine/Hero/hero_051_s01/hero_051_s01.png|Assets/Game/RawAssets/Spine/Hero/hero_051_s01/hero_051_s01.skel.bytes|Assets/Game/RawAssets/Spine/Hero/hero_051_s01/hero_051_s01_Atlas.asset|Assets/Game/RawAssets/Spine/Hero/hero_051_s01/hero_051_s01_bg.atlas.txt|Assets/Game/RawAssets/Spine/Hero/hero_051_s01/hero_051_s01_bg.png|Assets/Game/RawAssets/Spine/Hero/hero_051_s01/hero_051_s01_bg.skel.bytes|Assets/Game/RawAssets/Spine/Hero/hero_051_s01/hero_051_s01_bg_Atlas.asset|Assets/Game/RawAssets/Spine/Hero/hero_051_s01/hero_051_s01_bg_Material.mat|Assets/Game/RawAssets/Spine/Hero/hero_051_s01/hero_051_s01_bg_SkeletonData.asset|Assets/Game/RawAssets/Spine/Hero/hero_051_s01/hero_051_s01_fg.atlas.txt|Assets/Game/RawAssets/Spine/Hero/hero_051_s01/hero_051_s01_fg.png|Assets/Game/RawAssets/Spine/Hero/hero_051_s01/hero_051_s01_fg.skel.bytes
240095,4,0,2,hero_title240095,修普諾斯,修普諾斯,,24009500|24009501,24009500|24009501,,hero_012|hero_012_s01,,zhero_012|zhero_012_s01,bhero_012|bhero_012_s01,,hero_sex01,Assets/Game/RawAssets/Spine/Hero/hero_012/hero_012.atlas.txt|Assets/Game/RawAssets/Spine/Hero/hero_012/hero_012.png|Assets/Game/RawAssets/Spine/Hero/hero_012/hero_012.skel.bytes|Assets/Game/RawAssets/Spine/Hero/hero_012/hero_012_2.png|Assets/Game/RawAssets/Spine/Hero/hero_012/hero_012_Atlas.asset|Assets/Game/RawAssets/Spine/Hero/hero_012/hero_012_hero_012.mat|Assets/Game/RawAssets/Spine/Hero/hero_012/hero_012_hero_012_2.mat|Assets/Game/RawAssets/Spine/Hero/hero_012/hero_012_Material.mat|Assets/Game/RawAssets/Spine/Hero/hero_012/hero_012_Material-Additive.mat|Assets/Game/RawAssets/Spine/Hero/hero_012/hero_012_silhouette.atlas.txt|Assets/Game/RawAssets/Spine/Hero/hero_012/hero_012_silhouette.png|Assets/Game/RawAssets/Spine/Hero/hero_012/hero_012_silhouette.skel.bytes|Assets/Game/RawAssets/Spine/Hero/hero_012/hero_012_silhouette_Atlas.asset|Assets/Game/RawAssets/Spine/Hero/hero_012/hero_012_silhouette_Material.mat|Assets/Game/RawAssets/Spine/Hero/hero_012/hero_012_silhouette_SkeletonData.asset|Assets/Game/RawAssets/Spine/Hero/hero_012/hero_012_SkeletonData.asset|Assets/Game/RawAssets/Spine/Hero/hero_012_s01/hero_012_s01.atlas.txt|Assets/Game/RawAssets/Spine/Hero/hero_012_s01/hero_012_s01.png|Assets/Game/RawAssets/Spine/Hero/hero_012_s01/hero_012_s01.skel.bytes|Assets/Game/RawAssets/Spine/Hero/hero_012_s01/hero_012_s01.spriteatlas|Assets/Game/RawAssets/Spine/Hero/hero_012_s01/hero_012_s01_2.png|Assets/Game/RawAssets/Spine/Hero/hero_012_s01/hero_012_s01_Atlas.asset|Assets/Game/RawAssets/Spine/Hero/hero_012_s01/hero_012_s01_fg.atlas.txt|Assets/Game/RawAssets/Spine/Hero/hero_012_s01/hero_012_s01_fg.png|Assets/Game/RawAssets/Spine/Hero/hero_012_s01/hero_012_s01_fg.skel.bytes|Assets/Game/RawAssets/Spine/Hero/hero_012_s01/hero_012_s01_fg_Atlas.asset|Assets/Game/RawAssets/Spine/Hero/hero_012_s01/hero_012_s01_fg_Material.mat|Assets/Game/RawAssets/Spine/Hero/hero_012_s01/hero_012_s01_fg_Material-Additive.mat|Assets/Game/RawAssets/Spine/Hero/hero_012_s01/hero_012_s01_fg_SkeletonData.asset|Assets/Game/RawAssets/Spine/Hero/hero_012_s01/hero_012_s01_hero_012_s01.mat|Assets/Game/RawAssets/Spine/Hero/hero_012_s01/hero_012_s01_hero_012_s01_2.mat|Assets/Game/RawAssets/Spine/Hero/hero_012_s01/hero_012_s01_Material.mat|Assets/Game/RawAssets/Spine/Hero/hero_012_s01/hero_012_s01_Material-Additive.mat|Assets/Game/RawAssets/Spine/Hero/hero_012_s01/hero_012_s01_SkeletonData.asset|Assets/Game/RawAssets/Spine/Hero/hero_012_s01h/hero_012_s01h.atlas.txt|Assets/Game/RawAssets/Spine/Hero/hero_012_s01h/hero_012_s01h.png|Assets/Game/RawAssets/Spine/Hero/hero_012_s01h/hero_012_s01h.skel.bytes|Assets/Game/RawAssets/Spine/Hero/hero_012_s01h/hero_012_s01h.spriteatlas|Assets/Game/RawAssets/Spine/Hero/hero_012_s01h/hero_012_s01h_Atlas.asset|Assets/Game/RawAssets/Spine/Hero/hero_012_s01h/hero_012_s01h_fg.atlas.txt
240096,4,0,2,hero_title240096,青龍,青龍,,24009600|24009601|24009602,24009600|24009601|24009602,24009600|24009601,hero_050|hero_050_s01|hero_050_s02,hero_050r_s01|hero_050r,zhero_050|zhero_050_s01|zhero_050_s02,bhero_050|bhero_050_s01|bhero_050_s02,phero_050r_s01|phero_050r,hero_sex01,Assets/Game/RawAssets/Spine/Hero/hero_050/hero_050.atlas.txt|Assets/Game/RawAssets/Spine/Hero/hero_050/hero_050.png|Assets/Game/RawAssets/Spine/Hero/hero_050/hero_050.skel.bytes|Assets/Game/RawAssets/Spine/Hero/hero_050/hero_050_2.png|Assets/Game/RawAssets/Spine/Hero/hero_050/hero_050_3.png|Assets/Game/RawAssets/Spine/Hero/hero_050/hero_050_Atlas.asset|Assets/Game/RawAssets/Spine/Hero/hero_050/hero_050_hero_050.mat|Assets/Game/RawAssets/Spine/Hero/hero_050/hero_050_hero_050_2.mat|Assets/Game/RawAssets/Spine/Hero/hero_050/hero_050_hero_050_3.mat|Assets/Game/RawAssets/Spine/Hero/hero_050/hero_050_Material.mat|Assets/Game/RawAssets/Spine/Hero/hero_050/hero_050_silhouette.atlas.txt|Assets/Game/RawAssets/Spine/Hero/hero_050/hero_050_silhouette.png|Assets/Game/RawAssets/Spine/Hero/hero_050/hero_050_silhouette.skel.bytes|Assets/Game/RawAssets/Spine/Hero/hero_050/hero_050_silhouette_Atlas.asset|Assets/Game/RawAssets/Spine/Hero/hero_050/hero_050_silhouette_Material.mat|Assets/Game/RawAssets/Spine/Hero/hero_050/hero_050_silhouette_SkeletonData.asset|Assets/Game/RawAssets/Spine/Hero/hero_050/hero_050_SkeletonData.asset|Assets/Game/RawAssets/Spine/Hero/hero_050_s01/hero_050_s01.atlas.txt|Assets/Game/RawAssets/Spine/Hero/hero_050_s01/hero_050_s01.png|Assets/Game/RawAssets/Spine/Hero/hero_050_s01/hero_050_s01.skel.bytes|Assets/Game/RawAssets/Spine/Hero/hero_050_s01/hero_050_s01_Atlas.asset|Assets/Game/RawAssets/Spine/Hero/hero_050_s01/hero_050_s01_bg.atlas.txt|Assets/Game/RawAssets/Spine/Hero/hero_050_s01/hero_050_s01_bg.png|Assets/Game/RawAssets/Spine/Hero/hero_050_s01/hero_050_s01_bg.skel.bytes|Assets/Game/RawAssets/Spine/Hero/hero_050_s01/hero_050_s01_bg_Atlas.asset|Assets/Game/RawAssets/Spine/Hero/hero_050_s01/hero_050_s01_bg_Material.mat|Assets/Game/RawAssets/Spine/Hero/hero_050_s01/hero_050_s01_bg_Material-Additive.mat|Assets/Game/RawAssets/Spine/Hero/hero_050_s01/hero_050_s01_bg_Material-Screen.mat|Assets/Game/RawAssets/Spine/Hero/hero_050_s01/hero_050_s01_bg_SkeletonData.asset|Assets/Game/RawAssets/Spine/Hero/hero_050_s01/hero_050_s01_fg.atlas.txt|Assets/Game/RawAssets/Spine/Hero/hero_050_s01/hero_050_s01_fg.png|Assets/Game/RawAssets/Spine/Hero/hero_050_s01/hero_050_s01_fg.skel.bytes|Assets/Game/RawAssets/Spine/Hero/hero_050_s01/hero_050_s01_fg_Atlas.asset|Assets/Game/RawAssets/Spine/Hero/hero_050_s01/hero_050_s01_fg_Material.mat|Assets/Game/RawAssets/Spine/Hero/hero_050_s01/hero_050_s01_fg_SkeletonData.asset|Assets/Game/RawAssets/Spine/Hero/hero_050_s01/hero_050_s01_Material.mat|Assets/Game/RawAssets/Spine/Hero/hero_050_s01/hero_050_s01_SkeletonData.asset|Assets/Game/RawAssets/Spine/Hero/hero_050_s01h/hero_050_s01h.atlas.txt|Assets/Game/RawAssets/Spine/Hero/hero_050_s01h/hero_050_s01h.png|Assets/Game/RawAssets/Spine/Hero/hero_050_s01h/hero_050_s01h.skel.bytes
240097,4,0,2,hero_title240097,雅典娜,雅典娜,,24009700|24009701,24009700|24009701,,hero_065|hero_065_s01,,zhero_065|zhero_065_s01,bhero_065|bhero_065_s01,,hero_sex01,Assets/Game/RawAssets/Spine/Hero/hero_065/hero_065.atlas.txt|Assets/Game/RawAssets/Spine/Hero/hero_065/hero_065.png|Assets/Game/RawAssets/Spine/Hero/hero_065/hero_065.skel.bytes|Assets/Game/RawAssets/Spine/Hero/hero_065/hero_065_2.png|Assets/Game/RawAssets/Spine/Hero/hero_065/hero_065_3.png|Assets/Game/RawAssets/Spine/Hero/hero_065/hero_065_Atlas.asset|Assets/Game/RawAssets/Spine/Hero/hero_065/hero_065_bg.atlas.txt|Assets/Game/RawAssets/Spine/Hero/hero_065/hero_065_bg.png|Assets/Game/RawAssets/Spine/Hero/hero_065/hero_065_bg.skel.bytes|Assets/Game/RawAssets/Spine/Hero/hero_065/hero_065_bg_Atlas.asset|Assets/Game/RawAssets/Spine/Hero/hero_065/hero_065_bg_Material.mat|Assets/Game/RawAssets/Spine/Hero/hero_065/hero_065_bg_SkeletonData.asset|Assets/Game/RawAssets/Spine/Hero/hero_065/hero_065_fg.atlas.txt|Assets/Game/RawAssets/Spine/Hero/hero_065/hero_065_fg.png|Assets/Game/RawAssets/Spine/Hero/hero_065/hero_065_fg.skel.bytes|Assets/Game/RawAssets/Spine/Hero/hero_065/hero_065_fg_Atlas.asset|Assets/Game/RawAssets/Spine/Hero/hero_065/hero_065_fg_Material.mat|Assets/Game/RawAssets/Spine/Hero/hero_065/hero_065_fg_Material-Additive.mat|Assets/Game/RawAssets/Spine/Hero/hero_065/hero_065_fg_SkeletonData.asset|Assets/Game/RawAssets/Spine/Hero/hero_065/hero_065_hero_065.mat|Assets/Game/RawAssets/Spine/Hero/hero_065/hero_065_hero_065_2.mat|Assets/Game/RawAssets/Spine/Hero/hero_065/hero_065_Material-Additive.mat|Assets/Game/RawAssets/Spine/Hero/hero_065/hero_065_silhouette.atlas.txt|Assets/Game/RawAssets/Spine/Hero/hero_065/hero_065_silhouette.png|Assets/Game/RawAssets/Spine/Hero/hero_065/hero_065_silhouette.skel.bytes|Assets/Game/RawAssets/Spine/Hero/hero_065/hero_065_silhouette_Atlas.asset|Assets/Game/RawAssets/Spine/Hero/hero_065/hero_065_silhouette_Material.mat|Assets/Game/RawAssets/Spine/Hero/hero_065/hero_065_silhouette_SkeletonData.asset|Assets/Game/RawAssets/Spine/Hero/hero_065/hero_065_SkeletonData.asset|Assets/Game/RawAssets/Spine/Hero/hero_065_s01/hero_065_s01.atlas.txt|Assets/Game/RawAssets/Spine/Hero/hero_065_s01/hero_065_s01.png|Assets/Game/RawAssets/Spine/Hero/hero_065_s01/hero_065_s01.skel.bytes|Assets/Game/RawAssets/Spine/Hero/hero_065_s01/hero_065_s01_Atlas.asset|Assets/Game/RawAssets/Spine/Hero/hero_065_s01/hero_065_s01_bg.atlas.txt|Assets/Game/RawAssets/Spine/Hero/hero_065_s01/hero_065_s01_bg.png|Assets/Game/RawAssets/Spine/Hero/hero_065_s01/hero_065_s01_bg.skel.bytes|Assets/Game/RawAssets/Spine/Hero/hero_065_s01/hero_065_s01_bg_Atlas.asset|Assets/Game/RawAssets/Spine/Hero/hero_065_s01/hero_065_s01_bg_Material.mat|Assets/Game/RawAssets/Spine/Hero/hero_065_s01/hero_065_s01_bg_Material-Additive.mat|Assets/Game/RawAssets/Spine/Hero/hero_065_s01/hero_065_s01_bg_SkeletonData.asset
240098,4,0,2,hero_title240098,赫拉,赫拉,,24009800|24009801,24009800|24009801,,hero_009|hero_009_s01,,zhero_009|zhero_009_s01,bhero_009|bhero_009_s01,,hero_sex01,Assets/Game/RawAssets/Spine/Hero/hero_009/hero_009.atlas.txt|Assets/Game/RawAssets/Spine/Hero/hero_009/hero_009.png|Assets/Game/RawAssets/Spine/Hero/hero_009/hero_009.skel.bytes|Assets/Game/RawAssets/Spine/Hero/hero_009/hero_009_Atlas.asset|Assets/Game/RawAssets/Spine/Hero/hero_009/hero_009_bg.atlas.txt|Assets/Game/RawAssets/Spine/Hero/hero_009/hero_009_bg.png|Assets/Game/RawAssets/Spine/Hero/hero_009/hero_009_bg.skel.bytes|Assets/Game/RawAssets/Spine/Hero/hero_009/hero_009_bg_Atlas.asset|Assets/Game/RawAssets/Spine/Hero/hero_009/hero_009_bg_Material.mat|Assets/Game/RawAssets/Spine/Hero/hero_009/hero_009_bg_SkeletonData.asset|Assets/Game/RawAssets/Spine/Hero/hero_009/hero_009_fg.atlas.txt|Assets/Game/RawAssets/Spine/Hero/hero_009/hero_009_fg.png|Assets/Game/RawAssets/Spine/Hero/hero_009/hero_009_fg.skel.bytes|Assets/Game/RawAssets/Spine/Hero/hero_009/hero_009_fg_Atlas.asset|Assets/Game/RawAssets/Spine/Hero/hero_009/hero_009_fg_Material.mat|Assets/Game/RawAssets/Spine/Hero/hero_009/hero_009_fg_Material-Additive.mat|Assets/Game/RawAssets/Spine/Hero/hero_009/hero_009_fg_SkeletonData.asset|Assets/Game/RawAssets/Spine/Hero/hero_009/hero_009_Material.mat|Assets/Game/RawAssets/Spine/Hero/hero_009/hero_009_Material-Additive.mat|Assets/Game/RawAssets/Spine/Hero/hero_009/hero_009_silhouette.atlas.txt|Assets/Game/RawAssets/Spine/Hero/hero_009/hero_009_silhouette.png|Assets/Game/RawAssets/Spine/Hero/hero_009/hero_009_silhouette.skel.bytes|Assets/Game/RawAssets/Spine/Hero/hero_009/hero_009_silhouette_Atlas.asset|Assets/Game/RawAssets/Spine/Hero/hero_009/hero_009_silhouette_Material.mat|Assets/Game/RawAssets/Spine/Hero/hero_009/hero_009_silhouette_SkeletonData.asset|Assets/Game/RawAssets/Spine/Hero/hero_009/hero_009_SkeletonData.asset|Assets/Game/RawAssets/Spine/Hero/hero_009_s01/hero_009_s01.atlas.txt|Assets/Game/RawAssets/Spine/Hero/hero_009_s01/hero_009_s01.png|Assets/Game/RawAssets/Spine/Hero/hero_009_s01/hero_009_s01.skel.bytes|Assets/Game/RawAssets/Spine/Hero/hero_009_s01/hero_009_s01_Atlas.asset|Assets/Game/RawAssets/Spine/Hero/hero_009_s01/hero_009_s01_bg.atlas.txt|Assets/Game/RawAssets/Spine/Hero/hero_009_s01/hero_009_s01_bg.png|Assets/Game/RawAssets/Spine/Hero/hero_009_s01/hero_009_s01_bg.skel.bytes|Assets/Game/RawAssets/Spine/Hero/hero_009_s01/hero_009_s01_bg_Atlas.asset|Assets/Game/RawAssets/Spine/Hero/hero_009_s01/hero_009_s01_bg_Material.mat|Assets/Game/RawAssets/Spine/Hero/hero_009_s01/hero_009_s01_bg_Material-Additive.mat|Assets/Game/RawAssets/Spine/Hero/hero_009_s01/hero_009_s01_bg_SkeletonData.asset|Assets/Game/RawAssets/Spine/Hero/hero_009_s01/hero_009_s01_fg.atlas.txt|Assets/Game/RawAssets/Spine/Hero/hero_009_s01/hero_009_s01_fg.png|Assets/Game/RawAssets/Spine/Hero/hero_009_s01/hero_009_s01_fg.skel.bytes
240099,4,0,2,hero_title240099,荷魯斯,荷魯斯,,24009900|24009901,24009900|24009901,,hero_061|hero_061_s01,,zhero_061|zhero_061_s01,bhero_061|bhero_061_s01,,hero_sex01,Assets/Game/RawAssets/Spine/Hero/hero_061/hero_061.atlas.txt|Assets/Game/RawAssets/Spine/Hero/hero_061/hero_061.png|Assets/Game/RawAssets/Spine/Hero/hero_061/hero_061.skel.bytes|Assets/Game/RawAssets/Spine/Hero/hero_061/hero_061_2.png|Assets/Game/RawAssets/Spine/Hero/hero_061/hero_061_Atlas.asset|Assets/Game/RawAssets/Spine/Hero/hero_061/hero_061_bg.atlas.txt|Assets/Game/RawAssets/Spine/Hero/hero_061/hero_061_bg.png|Assets/Game/RawAssets/Spine/Hero/hero_061/hero_061_bg.skel.bytes|Assets/Game/RawAssets/Spine/Hero/hero_061/hero_061_bg_Atlas.asset|Assets/Game/RawAssets/Spine/Hero/hero_061/hero_061_bg_Material.mat|Assets/Game/RawAssets/Spine/Hero/hero_061/hero_061_bg_Material-Additive.mat|Assets/Game/RawAssets/Spine/Hero/hero_061/hero_061_bg_SkeletonData.asset|Assets/Game/RawAssets/Spine/Hero/hero_061/hero_061_hero_061.mat|Assets/Game/RawAssets/Spine/Hero/hero_061/hero_061_hero_061_2.mat|Assets/Game/RawAssets/Spine/Hero/hero_061/hero_061_hero_061_2-Additive.mat|Assets/Game/RawAssets/Spine/Hero/hero_061/hero_061_Material.mat|Assets/Game/RawAssets/Spine/Hero/hero_061/hero_061_Material-Additive.mat|Assets/Game/RawAssets/Spine/Hero/hero_061/hero_061_silhouette.atlas.txt|Assets/Game/RawAssets/Spine/Hero/hero_061/hero_061_silhouette.png|Assets/Game/RawAssets/Spine/Hero/hero_061/hero_061_silhouette.skel.bytes|Assets/Game/RawAssets/Spine/Hero/hero_061/hero_061_silhouette_Atlas.asset|Assets/Game/RawAssets/Spine/Hero/hero_061/hero_061_silhouette_Material.mat|Assets/Game/RawAssets/Spine/Hero/hero_061/hero_061_silhouette_SkeletonData.asset|Assets/Game/RawAssets/Spine/Hero/hero_061/hero_061_SkeletonData.asset|Assets/Game/RawAssets/Spine/Hero/hero_061_s01/hero_061_s01.atlas.txt|Assets/Game/RawAssets/Spine/Hero/hero_061_s01/hero_061_s01.png|Assets/Game/RawAssets/Spine/Hero/hero_061_s01/hero_061_s01.skel.bytes|Assets/Game/RawAssets/Spine/Hero/hero_061_s01/hero_061_s01_2.png|Assets/Game/RawAssets/Spine/Hero/hero_061_s01/hero_061_s01_Atlas.asset|Assets/Game/RawAssets/Spine/Hero/hero_061_s01/hero_061_s01_bg.atlas.txt|Assets/Game/RawAssets/Spine/Hero/hero_061_s01/hero_061_s01_bg.png|Assets/Game/RawAssets/Spine/Hero/hero_061_s01/hero_061_s01_bg.skel.bytes|Assets/Game/RawAssets/Spine/Hero/hero_061_s01/hero_061_s01_bg_2.png|Assets/Game/RawAssets/Spine/Hero/hero_061_s01/hero_061_s01_bg_3.png|Assets/Game/RawAssets/Spine/Hero/hero_061_s01/hero_061_s01_bg_Atlas.asset|Assets/Game/RawAssets/Spine/Hero/hero_061_s01/hero_061_s01_bg_hero_061_s01_bg.mat|Assets/Game/RawAssets/Spine/Hero/hero_061_s01/hero_061_s01_bg_hero_061_s01_bg_2.mat|Assets/Game/RawAssets/Spine/Hero/hero_061_s01/hero_061_s01_bg_hero_061_s01_bg_3.mat|Assets/Game/RawAssets/Spine/Hero/hero_061_s01/hero_061_s01_bg_Material.mat|Assets/Game/RawAssets/Spine/Hero/hero_061_s01/hero_061_s01_bg_Material-Additive.mat
240100,4,0,2,hero_title240100,撒拉弗,撒拉弗,,24010000|24010001,24010000|24010001,,hero_013|hero_013_s01,,zhero_013|zhero_013_s01,bhero_013|bhero_013_s01,,hero_sex01,Assets/Game/RawAssets/Spine/Hero/hero_013/hero_013.atlas.txt|Assets/Game/RawAssets/Spine/Hero/hero_013/hero_013.png|Assets/Game/RawAssets/Spine/Hero/hero_013/hero_013.skel.bytes|Assets/Game/RawAssets/Spine/Hero/hero_013/hero_013_2.png|Assets/Game/RawAssets/Spine/Hero/hero_013/hero_013_Atlas.asset|Assets/Game/RawAssets/Spine/Hero/hero_013/hero_013_bg.atlas.txt|Assets/Game/RawAssets/Spine/Hero/hero_013/hero_013_bg.png|Assets/Game/RawAssets/Spine/Hero/hero_013/hero_013_bg.skel.bytes|Assets/Game/RawAssets/Spine/Hero/hero_013/hero_013_bg_Atlas.asset|Assets/Game/RawAssets/Spine/Hero/hero_013/hero_013_bg_Material.mat|Assets/Game/RawAssets/Spine/Hero/hero_013/hero_013_bg_SkeletonData.asset|Assets/Game/RawAssets/Spine/Hero/hero_013/hero_013_hero_013.mat|Assets/Game/RawAssets/Spine/Hero/hero_013/hero_013_hero_013_2.mat|Assets/Game/RawAssets/Spine/Hero/hero_013/hero_013_Material.mat|Assets/Game/RawAssets/Spine/Hero/hero_013/hero_013_Material-Additive.mat|Assets/Game/RawAssets/Spine/Hero/hero_013/hero_013_silhouette.atlas.txt|Assets/Game/RawAssets/Spine/Hero/hero_013/hero_013_silhouette.png|Assets/Game/RawAssets/Spine/Hero/hero_013/hero_013_silhouette.skel.bytes|Assets/Game/RawAssets/Spine/Hero/hero_013/hero_013_silhouette_Atlas.asset|Assets/Game/RawAssets/Spine/Hero/hero_013/hero_013_silhouette_Material.mat|Assets/Game/RawAssets/Spine/Hero/hero_013/hero_013_silhouette_SkeletonData.asset|Assets/Game/RawAssets/Spine/Hero/hero_013/hero_013_SkeletonData.asset|Assets/Game/RawAssets/Spine/Hero/hero_013_s01/hero_013_s01.atlas.txt|Assets/Game/RawAssets/Spine/Hero/hero_013_s01/hero_013_s01.png|Assets/Game/RawAssets/Spine/Hero/hero_013_s01/hero_013_s01.skel.bytes|Assets/Game/RawAssets/Spine/Hero/hero_013_s01/hero_013_s01_2.png|Assets/Game/RawAssets/Spine/Hero/hero_013_s01/hero_013_s01_Atlas.asset|Assets/Game/RawAssets/Spine/Hero/hero_013_s01/hero_013_s01_hero_013_s01.mat|Assets/Game/RawAssets/Spine/Hero/hero_013_s01/hero_013_s01_hero_013_s01_2.mat|Assets/Game/RawAssets/Spine/Hero/hero_013_s01/hero_013_s01_hero_013_s01_2-Additive.mat|Assets/Game/RawAssets/Spine/Hero/hero_013_s01/hero_013_s01_Material.mat|Assets/Game/RawAssets/Spine/Hero/hero_013_s01/hero_013_s01_Material-Additive.mat|Assets/Game/RawAssets/Spine/Hero/hero_013_s01/hero_013_s01_SkeletonData.asset|Assets/Game/RawAssets/Spine/Hero/hero_013_s01h/hero_013_s01h.atlas.txt|Assets/Game/RawAssets/Spine/Hero/hero_013_s01h/hero_013_s01h.png|Assets/Game/RawAssets/Spine/Hero/hero_013_s01h/hero_013_s01h.skel.bytes|Assets/Game/RawAssets/Spine/Hero/hero_013_s01h/hero_013_s01h_Atlas.asset|Assets/Game/RawAssets/Spine/Hero/hero_013_s01h/hero_013_s01h_Material.mat|Assets/Game/RawAssets/Spine/Hero/hero_013_s01h/hero_013_s01h_Material-Additive.mat|Assets/Game/RawAssets/Spine/Hero/hero_013_s01h/hero_013_s01h_SkeletonData.asset
240101,4,0,2,hero_title240101,玄武,玄武,,24010100|24010101|24010102,24010100|24010101|24010102,24010100|24010101,hero_053|hero_053_s01|hero_053_s02,hero_053r_s01|hero_053r,zhero_053|zhero_053_s01|zhero_053_s02,bhero_053|bhero_053_s01|bhero_053_s02,phero_053r_s01|phero_053r,hero_sex01,Assets/Game/RawAssets/Spine/Hero/hero_053/hero_053.atlas.txt|Assets/Game/RawAssets/Spine/Hero/hero_053/hero_053.png|Assets/Game/RawAssets/Spine/Hero/hero_053/hero_053.skel.bytes|Assets/Game/RawAssets/Spine/Hero/hero_053/hero_053_2.png|Assets/Game/RawAssets/Spine/Hero/hero_053/hero_053_Atlas.asset|Assets/Game/RawAssets/Spine/Hero/hero_053/hero_053_hero_053.mat|Assets/Game/RawAssets/Spine/Hero/hero_053/hero_053_hero_053_2.mat|Assets/Game/RawAssets/Spine/Hero/hero_053/hero_053_hero_053_2-Additive.mat|Assets/Game/RawAssets/Spine/Hero/hero_053/hero_053_Material.mat|Assets/Game/RawAssets/Spine/Hero/hero_053/hero_053_Material-Additive.mat|Assets/Game/RawAssets/Spine/Hero/hero_053/hero_053_Material-Screen.mat|Assets/Game/RawAssets/Spine/Hero/hero_053/hero_053_silhouette.atlas.txt|Assets/Game/RawAssets/Spine/Hero/hero_053/hero_053_silhouette.png|Assets/Game/RawAssets/Spine/Hero/hero_053/hero_053_silhouette.skel.bytes|Assets/Game/RawAssets/Spine/Hero/hero_053/hero_053_silhouette_Atlas.asset|Assets/Game/RawAssets/Spine/Hero/hero_053/hero_053_silhouette_Material.mat|Assets/Game/RawAssets/Spine/Hero/hero_053/hero_053_silhouette_SkeletonData.asset|Assets/Game/RawAssets/Spine/Hero/hero_053/hero_053_SkeletonData.asset|Assets/Game/RawAssets/Spine/Hero/hero_053_s01/hero_053_s01.atlas.txt|Assets/Game/RawAssets/Spine/Hero/hero_053_s01/hero_053_s01.png|Assets/Game/RawAssets/Spine/Hero/hero_053_s01/hero_053_s01.skel.bytes|Assets/Game/RawAssets/Spine/Hero/hero_053_s01/hero_053_s01_Atlas.asset|Assets/Game/RawAssets/Spine/Hero/hero_053_s01/hero_053_s01_fg.atlas.txt|Assets/Game/RawAssets/Spine/Hero/hero_053_s01/hero_053_s01_fg.png|Assets/Game/RawAssets/Spine/Hero/hero_053_s01/hero_053_s01_fg.skel.bytes|Assets/Game/RawAssets/Spine/Hero/hero_053_s01/hero_053_s01_fg_Atlas.asset|Assets/Game/RawAssets/Spine/Hero/hero_053_s01/hero_053_s01_fg_Material.mat|Assets/Game/RawAssets/Spine/Hero/hero_053_s01/hero_053_s01_fg_SkeletonData.asset|Assets/Game/RawAssets/Spine/Hero/hero_053_s01/hero_053_s01_Material.mat|Assets/Game/RawAssets/Spine/Hero/hero_053_s01/hero_053_s01_Material-Screen.mat|Assets/Game/RawAssets/Spine/Hero/hero_053_s01/hero_053_s01_SkeletonData.asset|Assets/Game/RawAssets/Spine/Hero/hero_053_s01h/hero_053_s01h.atlas.txt|Assets/Game/RawAssets/Spine/Hero/hero_053_s01h/hero_053_s01h.png|Assets/Game/RawAssets/Spine/Hero/hero_053_s01h/hero_053_s01h.skel.bytes|Assets/Game/RawAssets/Spine/Hero/hero_053_s01h/hero_053_s01h_Atlas.asset|Assets/Game/RawAssets/Spine/Hero/hero_053_s01h/hero_053_s01h_fg.atlas.txt|Assets/Game/RawAssets/Spine/Hero/hero_053_s01h/hero_053_s01h_fg.png|Assets/Game/RawAssets/Spine/Hero/hero_053_s01h/hero_053_s01h_fg.skel.bytes|Assets/Game/RawAssets/Spine/Hero/hero_053_s01h/hero_053_s01h_fg_Atlas.asset|Assets/Game/RawAssets/Spine/Hero/hero_053_s01h/hero_053_s01h_fg_Material.mat
240102,4,0,2,hero_title240102,王昭君,王昭君,,24010200|24010201,24010200|24010201,,hero_046|hero_046_s01,,zhero_046|zhero_046_s01,bhero_046|bhero_046_s01,,hero_sex01,Assets/Game/RawAssets/Spine/Hero/hero_046/hero_046.atlas.txt|Assets/Game/RawAssets/Spine/Hero/hero_046/hero_046.png|Assets/Game/RawAssets/Spine/Hero/hero_046/hero_046.skel.bytes|Assets/Game/RawAssets/Spine/Hero/hero_046/hero_046_Atlas.asset|Assets/Game/RawAssets/Spine/Hero/hero_046/hero_046_bg.atlas.txt|Assets/Game/RawAssets/Spine/Hero/hero_046/hero_046_bg.png|Assets/Game/RawAssets/Spine/Hero/hero_046/hero_046_bg.skel.bytes|Assets/Game/RawAssets/Spine/Hero/hero_046/hero_046_bg_2.png|Assets/Game/RawAssets/Spine/Hero/hero_046/hero_046_bg_Atlas.asset|Assets/Game/RawAssets/Spine/Hero/hero_046/hero_046_bg_hero_046_bg.mat|Assets/Game/RawAssets/Spine/Hero/hero_046/hero_046_bg_hero_046_bg_2.mat|Assets/Game/RawAssets/Spine/Hero/hero_046/hero_046_bg_Material.mat|Assets/Game/RawAssets/Spine/Hero/hero_046/hero_046_bg_SkeletonData.asset|Assets/Game/RawAssets/Spine/Hero/hero_046/hero_046_Material.mat|Assets/Game/RawAssets/Spine/Hero/hero_046/hero_046_Material-Additive.mat|Assets/Game/RawAssets/Spine/Hero/hero_046/hero_046_silhouette.atlas.txt|Assets/Game/RawAssets/Spine/Hero/hero_046/hero_046_silhouette.png|Assets/Game/RawAssets/Spine/Hero/hero_046/hero_046_silhouette.skel.bytes|Assets/Game/RawAssets/Spine/Hero/hero_046/hero_046_silhouette_Atlas.asset|Assets/Game/RawAssets/Spine/Hero/hero_046/hero_046_silhouette_Material.mat|Assets/Game/RawAssets/Spine/Hero/hero_046/hero_046_silhouette_SkeletonData.asset|Assets/Game/RawAssets/Spine/Hero/hero_046/hero_046_SkeletonData.asset|Assets/Game/RawAssets/Spine/Hero/hero_046_p01/hero_046_p01.atlas.txt|Assets/Game/RawAssets/Spine/Hero/hero_046_p01/hero_046_p01.png|Assets/Game/RawAssets/Spine/Hero/hero_046_p01/hero_046_p01.skel.bytes|Assets/Game/RawAssets/Spine/Hero/hero_046_p01/hero_046_p01_Atlas.asset|Assets/Game/RawAssets/Spine/Hero/hero_046_p01/hero_046_p01_Material.mat|Assets/Game/RawAssets/Spine/Hero/hero_046_p01/hero_046_p01_SkeletonData.asset|Assets/Game/RawAssets/Spine/Hero/hero_046_s01/hero_046_s01.atlas.txt|Assets/Game/RawAssets/Spine/Hero/hero_046_s01/hero_046_s01.png|Assets/Game/RawAssets/Spine/Hero/hero_046_s01/hero_046_s01.skel.bytes|Assets/Game/RawAssets/Spine/Hero/hero_046_s01/hero_046_s01_2.png|Assets/Game/RawAssets/Spine/Hero/hero_046_s01/hero_046_s01_Atlas.asset|Assets/Game/RawAssets/Spine/Hero/hero_046_s01/hero_046_s01_bg.atlas.txt|Assets/Game/RawAssets/Spine/Hero/hero_046_s01/hero_046_s01_bg.png|Assets/Game/RawAssets/Spine/Hero/hero_046_s01/hero_046_s01_bg.skel.bytes|Assets/Game/RawAssets/Spine/Hero/hero_046_s01/hero_046_s01_bg_Atlas.asset|Assets/Game/RawAssets/Spine/Hero/hero_046_s01/hero_046_s01_bg_Material.mat|Assets/Game/RawAssets/Spine/Hero/hero_046_s01/hero_046_s01_bg_SkeletonData.asset|Assets/Game/RawAssets/Spine/Hero/hero_046_s01/hero_046_s01_hero_046_s01.mat
240103,4,0,2,hero_title240103,東皇太一,東皇太一,,24010300|24010301,24010300|24010301,,hero_027|hero_027_s01,,zhero_027|zhero_027_s01,bhero_027|bhero_027_s01,,hero_sex01,Assets/Game/RawAssets/Spine/Hero/hero_027/hero_027.atlas.txt|Assets/Game/RawAssets/Spine/Hero/hero_027/hero_027.png|Assets/Game/RawAssets/Spine/Hero/hero_027/hero_027.skel.bytes|Assets/Game/RawAssets/Spine/Hero/hero_027/hero_027_2.png|Assets/Game/RawAssets/Spine/Hero/hero_027/hero_027_Atlas.asset|Assets/Game/RawAssets/Spine/Hero/hero_027/hero_027_bg.atlas.txt|Assets/Game/RawAssets/Spine/Hero/hero_027/hero_027_bg.png|Assets/Game/RawAssets/Spine/Hero/hero_027/hero_027_bg.skel.bytes|Assets/Game/RawAssets/Spine/Hero/hero_027/hero_027_bg_Atlas.asset|Assets/Game/RawAssets/Spine/Hero/hero_027/hero_027_bg_Material.mat|Assets/Game/RawAssets/Spine/Hero/hero_027/hero_027_bg_SkeletonData.asset|Assets/Game/RawAssets/Spine/Hero/hero_027/hero_027_hero_027.mat|Assets/Game/RawAssets/Spine/Hero/hero_027/hero_027_hero_027_2.mat|Assets/Game/RawAssets/Spine/Hero/hero_027/hero_027_Material.mat|Assets/Game/RawAssets/Spine/Hero/hero_027/hero_027_silhouette.atlas.txt|Assets/Game/RawAssets/Spine/Hero/hero_027/hero_027_silhouette.png|Assets/Game/RawAssets/Spine/Hero/hero_027/hero_027_silhouette.skel.bytes|Assets/Game/RawAssets/Spine/Hero/hero_027/hero_027_silhouette_Atlas.asset|Assets/Game/RawAssets/Spine/Hero/hero_027/hero_027_silhouette_Material.mat|Assets/Game/RawAssets/Spine/Hero/hero_027/hero_027_silhouette_SkeletonData.asset|Assets/Game/RawAssets/Spine/Hero/hero_027/hero_027_SkeletonData.asset|Assets/Game/RawAssets/Spine/Hero/hero_027_p01h/hero_027_p01h.atlas.txt|Assets/Game/RawAssets/Spine/Hero/hero_027_p01h/hero_027_p01h.png|Assets/Game/RawAssets/Spine/Hero/hero_027_p01h/hero_027_p01h.skel.bytes|Assets/Game/RawAssets/Spine/Hero/hero_027_p01h/hero_027_p01h_Atlas.asset|Assets/Game/RawAssets/Spine/Hero/hero_027_p01h/hero_027_p01h_Material.mat|Assets/Game/RawAssets/Spine/Hero/hero_027_p01h/hero_027_p01h_SkeletonData.asset|Assets/Game/RawAssets/Spine/Hero/hero_027_s01/hero_027_s01.atlas.txt|Assets/Game/RawAssets/Spine/Hero/hero_027_s01/hero_027_s01.png|Assets/Game/RawAssets/Spine/Hero/hero_027_s01/hero_027_s01.skel.bytes|Assets/Game/RawAssets/Spine/Hero/hero_027_s01/hero_027_s01_Atlas.asset|Assets/Game/RawAssets/Spine/Hero/hero_027_s01/hero_027_s01_fg.atlas.txt|Assets/Game/RawAssets/Spine/Hero/hero_027_s01/hero_027_s01_fg.png|Assets/Game/RawAssets/Spine/Hero/hero_027_s01/hero_027_s01_fg.skel.bytes|Assets/Game/RawAssets/Spine/Hero/hero_027_s01/hero_027_s01_fg_2.png|Assets/Game/RawAssets/Spine/Hero/hero_027_s01/hero_027_s01_fg_Atlas.asset|Assets/Game/RawAssets/Spine/Hero/hero_027_s01/hero_027_s01_fg_hero_027_s01_fg.mat|Assets/Game/RawAssets/Spine/Hero/hero_027_s01/hero_027_s01_fg_hero_027_s01_fg_2.mat|Assets/Game/RawAssets/Spine/Hero/hero_027_s01/hero_027_s01_fg_Material.mat|Assets/Game/RawAssets/Spine/Hero/hero_027_s01/hero_027_s01_fg_SkeletonData.asset
250065,4,0,0,hero_title250065,寂漣・莉莉絲,寂漣・莉莉絲,,,,,,,,,,,
