_index,id,sceneType,dialogueType,name,spine,optionType,option,keyOption,trait,traitInterval,nextId,plotText,sound,animation,pic,image,bgType,bg,bgm,skip,skipId,_trailingBytes
0,105101010,1,,,,,,0,,,105101020,gal_map_text_105101010,,,0,,1,,gal_bg_room_1,1,105101040,157950
1,105101020,2,1,,10501,,,0,,,105101030,gal_map_text_105101020,,,2,,2,gal_bg_room_6,,1,105101040,157950
2,105101030,2,1,,10501,,,0,,,105101040,gal_map_text_105101030,,,2,,0,,,1,105101040,157950
3,105101040,2,2,gal_name_05,10501,2,gal_map_text_105101050|gal_map_text_105101060|gal_map_text_105101070,1,,,105101080|105101090|105101100,gal_map_text_105101040,,,1,,0,,,0,105101040,157950
4,105101080,2,1,,10501,,,0,,,105101110,gal_map_text_105101080,,,2,,0,,,1,-1,157950
5,105101090,2,1,,10501,,,0,,,105101110,gal_map_text_105101090,,,2,,0,,,1,-1,157950
6,105101100,2,1,,10501,,,0,,,105101110,gal_map_text_105101100,,,2,,0,,,1,-1,157950
7,105101110,2,1,,10501,,,0,,,-1,gal_map_text_105101110,,,2,,0,,,1,-1,157950
8,101101010,2,1,,,,,0,,,101101020,gal_map_text_101101010,,,2,,2,gal_bg_room_1,gal_bg_room_2,1,101101060,157950
9,101101020,2,1,,10101,,,0,,,101101030,gal_map_text_101101020,,,2,,0,,,1,101101060,157950
10,101101030,2,1,gal_name_01,10101,,,0,,,101101040,gal_map_text_101101030,,,1,,0,,,1,101101060,157950
11,101101040,2,1,,10101,,,0,,,101101050,gal_map_text_101101040,,,2,,0,,,1,101101060,157950
12,101101050,2,1,,10101,,,0,,,101101060,gal_map_text_101101050,,,2,,0,,,1,101101060,157950
13,101101060,2,2,gal_name_01,10101,2,gal_map_text_101101070|gal_map_text_101101080|gal_map_text_101101090,1,,,101101100|101101120|101101140,gal_map_text_101101060,,,1,,0,,,0,101101060,157950
14,101101100,2,1,,10101,,,0,,,101101150,gal_map_text_101101100,,,2,,0,,,1,-1,157950
15,101101110,2,1,,10101,,,0,,,101101120,gal_map_text_101101110,,,2,,0,,,1,-1,157950
16,101101120,2,1,gal_name_01,10101,,,0,,,101101150,gal_map_text_101101120,,,1,,0,,,1,-1,157950
17,101101130,2,1,,10101,,,0,,,101101140,gal_map_text_101101130,,,2,,0,,,1,-1,157950
18,101101140,2,1,gal_name_01,10101,,,0,,,101101150,gal_map_text_101101140,,,1,,0,,,1,-1,157950
19,101101150,2,1,,10101,,,0,,,-1,gal_map_text_101101150,,,2,,0,,,1,-1,157950
20,102101010,2,1,,,,,0,,,102101020,gal_map_text_102101010,,,2,,2,gal_bg_room_1,gal_bg_room_2,1,102101060,157950
21,102101020,2,1,,10201,,,0,,,102101030,gal_map_text_102101020,,,2,,0,,,1,102101060,157950
22,102101030,2,1,,10201,,,0,,,102101040,gal_map_text_102101030,,,2,,0,,,1,102101060,157950
23,102101040,2,1,gal_name_02,10201,,,0,,,102101050,gal_map_text_102101040,,,1,,0,,,1,102101060,157950
24,102101050,2,1,,10201,,,0,,,102101060,gal_map_text_102101050,,,2,,0,,,1,102101060,157950
25,102101060,2,2,gal_name_02,10201,2,gal_map_text_102101070|gal_map_text_102101080|gal_map_text_102101090,1,,,102101100|102101120|102101140,gal_map_text_102101060,,,1,,0,,,0,102101060,157950
26,102101100,2,1,,10201,,,0,,,102101110,gal_map_text_102101100,,,2,,0,,,1,-1,157950
27,102101110,2,1,gal_name_02,10201,,,0,,,102101160,gal_map_text_102101110,,,1,,0,,,1,-1,157950
28,102101120,2,1,,10201,,,0,,,102101130,gal_map_text_102101120,,,2,,0,,,1,-1,157950
29,102101130,2,1,gal_name_02,10201,,,0,,,102101160,gal_map_text_102101130,,,1,,0,,,1,-1,157950
30,102101140,2,1,,10201,,,0,,,102101150,gal_map_text_102101140,,,2,,0,,,1,-1,157950
31,102101150,2,1,gal_name_02,10201,,,0,,,102101160,gal_map_text_102101150,,,1,,0,,,1,-1,157950
32,102101160,2,1,,,,,0,,,-1,gal_map_text_102101160,,,2,,0,,,1,-1,157950
33,103101010,2,1,,,,,0,,,103101020,gal_map_text_103101010,,,2,,2,gal_bg_room_1,gal_bg_room_2,1,103101050,157950
34,103101020,2,1,,10301,,,0,,,103101030,gal_map_text_103101020,,,2,,0,,,1,103101050,157950
35,103101030,2,1,gal_name_03,10301,,,0,,,103101040,gal_map_text_103101030,,,1,,0,,,1,103101050,157950
36,103101040,2,1,gal_name_03,10301,,,0,,,103101050,gal_map_text_103101040,,,1,,0,,,1,103101050,157950
37,103101050,2,2,,10301,2,gal_map_text_103101060|gal_map_text_103101070|gal_map_text_103101080,1,,,103101090|103101110|103101130,gal_map_text_103101050,,,2,,0,,,0,103101050,157950
38,103101090,2,1,,10301,,,0,,,103101100,gal_map_text_103101090,,,2,,0,,,1,-1,157950
39,103101100,2,1,gal_name_03,10301,,,0,,,103101150,gal_map_text_103101100,,,1,,0,,,1,-1,157950
40,103101110,2,1,,10301,,,0,,,103101120,gal_map_text_103101110,,,2,,0,,,1,-1,157950
41,103101120,2,1,gal_name_03,10301,,,0,,,103101150,gal_map_text_103101120,,,1,,0,,,1,-1,157950
42,103101130,2,1,,10301,,,0,,,103101140,gal_map_text_103101130,,,2,,0,,,1,-1,157950
43,103101140,2,1,gal_name_03,10301,,,0,,,103101150,gal_map_text_103101140,,,1,,0,,,1,-1,157950
44,103101150,2,1,,10301,,,0,,,-1,gal_map_text_103101150,,,2,,0,,,1,-1,157950
45,106101010,2,1,,,,,0,,,106101020,gal_map_text_106101010,,,2,,2,gal_bg_room_1,gal_bg_room_2,1,106101060,157950
46,106101020,2,1,gal_name_06,10601,,,0,,,106101030,gal_map_text_106101020,,,1,,0,,,1,106101060,157950
47,106101030,2,1,,10601,,,0,,,106101040,gal_map_text_106101030,,,2,,0,,,1,106101060,157950
48,106101040,2,1,,10601,,,0,,,106101050,gal_map_text_106101040,,,2,,0,,,1,106101060,157950
49,106101050,2,1,gal_name_06,10601,,,0,,,106101060,gal_map_text_106101050,,,1,,0,,,1,106101060,157950
50,106101060,2,2,,10601,2,gal_map_text_106101070|gal_map_text_106101080|gal_map_text_106101090,1,,,106101100|106101120|106101130,gal_map_text_106101060,,,2,,0,,,0,106101060,157950
51,106101100,2,1,,10601,,,0,,,106101110,gal_map_text_106101100,,,2,,0,,,1,-1,157950
52,106101110,2,1,gal_name_06,10601,,,0,,,106101150,gal_map_text_106101110,,,1,,0,,,1,-1,157950
53,106101120,2,1,,10601,,,0,,,106101150,gal_map_text_106101120,,,2,,0,,,1,-1,157950
54,106101130,2,1,,10601,,,0,,,106101140,gal_map_text_106101130,,,2,,0,,,1,-1,157950
55,106101140,2,1,gal_name_06,10601,,,0,,,106101150,gal_map_text_106101140,,,1,,0,,,1,-1,157950
56,106101150,2,1,,10601,,,0,,,-1,gal_map_text_106101150,,,2,,0,,,1,-1,157950
57,101102010,2,1,,10101,,,0,,,101102020,gal_map_text_101102010,,,2,,2,gal_bg_room_1,gal_bg_room_2,1,101102060,157950
58,101102020,2,1,gal_name_01,10101,,,0,,,101102030,gal_map_text_101102020,,,1,,0,,,1,101102060,157950
59,101102030,2,1,,10101,,,0,,,101102040,gal_map_text_101102030,,,2,,0,,,1,101102060,157950
60,101102040,2,1,,10101,,,0,,,101102050,gal_map_text_101102040,,,2,,0,,,1,101102060,157950
61,101102050,2,1,,10101,,,0,,,101102060,gal_map_text_101102050,,,2,,0,,,1,101102060,157950
62,101102060,2,2,gal_name_01,10101,2,gal_map_text_101102070|gal_map_text_101102080|gal_map_text_101102090,1,,,101102100|101102110|101102150,gal_map_text_101102060,,,1,,0,,,0,101102060,157950
63,101102100,2,1,,10101,,,0,,,101102180,gal_map_text_101102100,,,2,,0,,,1,-1,157950
64,101102110,2,1,,10101,,,0,,,101102120,gal_map_text_101102110,,,2,,0,,,1,-1,157950
65,101102120,2,1,gal_name_01,10101,,,0,,,101102130,gal_map_text_101102120,,,1,,0,,,1,-1,157950
66,101102130,2,1,,10101,,,0,,,101102140,gal_map_text_101102130,,,2,,0,,,1,-1,157950
67,101102140,2,1,gal_name_01,10101,,,0,,,101102180,gal_map_text_101102140,,,1,,0,,,1,-1,157950
68,101102150,2,1,,10101,,,0,,,101102160,gal_map_text_101102150,,,2,,0,,,1,-1,157950
69,101102160,2,1,gal_name_01,10101,,,0,,,101102170,gal_map_text_101102160,,,1,,0,,,1,-1,157950
70,101102170,2,1,,10101,,,0,,,101102180,gal_map_text_101102170,,,2,,0,,,1,-1,157950
71,101102180,2,1,,10101,,,0,,,-1,gal_map_text_101102180,,,2,,0,,,1,-1,157950
72,102102010,2,1,,,,,0,,,102102020,gal_map_text_102102010,,,2,,2,gal_bg_room_1,gal_bg_room_2,1,102102040,157950
73,102102020,2,1,,10201,,,0,,,102102030,gal_map_text_102102020,,,2,,0,,,1,102102040,157950
74,102102030,2,1,,10201,,,0,,,102102040,gal_map_text_102102030,,,2,,0,,,1,102102040,157950
75,102102040,2,2,gal_name_02,10201,2,gal_map_text_102102050|gal_map_text_102102060|gal_map_text_102102070,1,,,102102080|102102100|102102120,gal_map_text_102102040,,,1,,0,,,0,102102040,157950
76,102102080,2,1,,10201,,,0,,,102102090,gal_map_text_102102080,,,2,,0,,,1,-1,157950
77,102102090,2,1,gal_name_02,10201,,,0,,,102102140,gal_map_text_102102090,,,1,,0,,,1,-1,157950
78,102102100,2,1,,10201,,,0,,,102102110,gal_map_text_102102100,,,2,,0,,,1,-1,157950
79,102102110,2,1,gal_name_02,10201,,,0,,,102102140,gal_map_text_102102110,,,1,,0,,,1,-1,157950
80,102102120,2,1,,10201,,,0,,,102102130,gal_map_text_102102120,,,2,,0,,,1,-1,157950
81,102102130,2,1,gal_name_02,10201,,,0,,,102102140,gal_map_text_102102130,,,1,,0,,,1,-1,157950
82,102102140,2,1,,,,,0,,,-1,gal_map_text_102102140,,,2,,0,,,1,-1,157950
83,103102010,2,1,,,,,0,,,103102020,gal_map_text_103102010,,,2,,2,gal_bg_room_1,gal_bg_room_2,1,103102050,157950
84,103102020,2,1,,10301,,,0,,,103102030,gal_map_text_103102020,,,2,,0,,,1,103102050,157950
85,103102030,2,1,,10301,,,0,,,103102040,gal_map_text_103102030,,,2,,0,,,1,103102050,157950
86,103102040,2,1,gal_name_03,10301,,,0,,,103102050,gal_map_text_103102040,,,1,,0,,,1,103102050,157950
87,103102050,2,2,,10301,2,gal_map_text_103102060|gal_map_text_103102070|gal_map_text_103102080,1,,,103102090|103102100|103102130,gal_map_text_103102050,,,2,,0,,,0,103102050,157950
88,103102090,2,1,,10301,,,0,,,103102150,gal_map_text_103102090,,,2,,0,,,1,-1,157950
89,103102100,2,1,,10301,,,0,,,103102110,gal_map_text_103102100,,,2,,0,,,1,-1,157950
90,103102110,2,1,gal_name_03,10301,,,0,,,103102120,gal_map_text_103102110,,,1,,0,,,1,-1,157950
91,103102120,2,1,,10301,,,0,,,103102150,gal_map_text_103102120,,,2,,0,,,1,-1,157950
92,103102130,2,1,,10301,,,0,,,103102140,gal_map_text_103102130,,,2,,0,,,1,-1,157950
93,103102140,2,1,gal_name_03,10301,,,0,,,103102150,gal_map_text_103102140,,,1,,0,,,1,-1,157950
94,103102150,2,1,,,,,0,,,-1,gal_map_text_103102150,,,2,,0,,,1,-1,157950
95,104101010,2,1,,10401,,,0,,,104101020,gal_map_text_104101010,,,2,,2,gal_bg_room_1,gal_bg_room_2,1,104101060,157950
96,104101020,2,1,,10401,,,0,,,104101030,gal_map_text_104101020,,,2,,0,,,1,104101060,157950
97,104101030,2,1,gal_name_04,10401,,,0,,,104101040,gal_map_text_104101030,,,1,,0,,,1,104101060,157950
98,104101040,2,1,,10401,,,0,,,104101050,gal_map_text_104101040,,,2,,0,,,1,104101060,157950
99,104101050,2,1,,10401,,,0,,,104101060,gal_map_text_104101050,,,2,,0,,,1,104101060,157950
100,104101060,2,2,gal_name_04,10401,2,gal_map_text_104101070|gal_map_text_104101080|gal_map_text_104101090,1,,,104101100|104101120|104101130,gal_map_text_104101060,,,1,,0,,,0,104101060,157950
101,104101100,2,1,,10401,,,0,,,104101110,gal_map_text_104101100,,,2,,0,,,1,-1,157950
102,104101110,2,1,gal_name_04,10401,,,0,,,104101150,gal_map_text_104101110,,,1,,0,,,1,-1,157950
103,104101120,2,1,gal_name_04,10401,,,0,,,104101150,gal_map_text_104101120,,,1,,0,,,1,-1,157950
104,104101130,2,1,,10401,,,0,,,104101140,gal_map_text_104101130,,,2,,0,,,1,-1,157950
105,104101140,2,1,gal_name_04,10401,,,0,,,104101150,gal_map_text_104101140,,,1,,0,,,1,-1,157950
106,104101150,2,1,,10401,,,0,,,-1,gal_map_text_104101150,,,2,,0,,,1,-1,157950
107,107101010,2,1,,10701,,,0,,,107101020,gal_map_text_107101010,,,2,,2,gal_bg_room_1,gal_bg_room_2,1,107101050,157950
108,107101020,2,1,,10701,,,0,,,107101030,gal_map_text_107101020,,,2,,0,,,1,107101050,157950
109,107101030,2,1,,10701,,,0,,,107101040,gal_map_text_107101030,,,2,,0,,,1,107101050,157950
110,107101040,2,1,gal_name_07,10701,,,0,,,107101050,gal_map_text_107101040,,,1,,0,,,1,107101050,157950
111,107101050,2,2,,10701,2,gal_map_text_107101060|gal_map_text_107101070|gal_map_text_107101080,1,,,107101090|107101110|107101130,gal_map_text_107101050,,,2,,0,,,0,107101050,157950
112,107101090,2,1,,10701,,,0,,,107101100,gal_map_text_107101090,,,2,,0,,,1,-1,157950
113,107101100,2,1,gal_name_07,10701,,,0,,,107101150,gal_map_text_107101100,,,1,,0,,,1,-1,157950
114,107101110,2,1,,10701,,,0,,,107101120,gal_map_text_107101110,,,2,,0,,,1,-1,157950
115,107101120,2,1,gal_name_07,10701,,,0,,,107101150,gal_map_text_107101120,,,1,,0,,,1,-1,157950
116,107101130,2,1,,10701,,,0,,,107101140,gal_map_text_107101130,,,2,,0,,,1,-1,157950
117,107101140,2,1,gal_name_07,10701,,,0,,,107101150,gal_map_text_107101140,,,1,,0,,,1,-1,157950
118,107101150,2,1,,10701,,,0,,,-1,gal_map_text_107101150,,,2,,0,,,1,-1,157950
119,107102010,2,1,,10701,,,0,,,107102020,gal_map_text_107102010,,,2,,2,gal_bg_room_1,gal_bg_room_2,1,107102030,157950
120,107102020,2,1,,10701,,,0,,,107102030,gal_map_text_107102020,,,2,,0,,,1,107102030,157950
121,107102030,2,2,gal_name_07,10701,2,gal_map_text_107102040|gal_map_text_107102050|gal_map_text_107102060,1,,,107102070|107102090|107102110,gal_map_text_107102030,,,1,,0,,,0,107102030,157950
122,107102070,2,1,gal_name_07,10701,,,0,,,107102080,gal_map_text_107102070,,,1,,0,,,1,-1,157950
123,107102080,2,1,,10701,,,0,,,107102130,gal_map_text_107102080,,,2,,0,,,1,-1,157950
124,107102090,2,1,,10701,,,0,,,107102100,gal_map_text_107102090,,,2,,0,,,1,-1,157950
125,107102100,2,1,gal_name_07,10701,,,0,,,107102130,gal_map_text_107102100,,,1,,0,,,1,-1,157950
126,107102110,2,1,,10701,,,0,,,107102120,gal_map_text_107102110,,,2,,0,,,1,-1,157950
127,107102120,2,1,gal_name_07,10701,,,0,,,107102130,gal_map_text_107102120,,,1,,0,,,1,-1,157950
128,107102130,2,1,,10701,,,0,,,-1,gal_map_text_107102130,,,2,,0,,,1,-1,157950
129,101103010,2,1,,10101,,,0,,,101103020,gal_map_text_101103010,,,2,,2,gal_bg_room_1,gal_bg_room_2,1,101103040,157950
130,101103020,2,1,gal_name_01,10101,,,0,,,101103030,gal_map_text_101103020,,,1,,0,,,1,101103040,157950
131,101103030,2,1,,10101,,,0,,,101103040,gal_map_text_101103030,,,2,,0,,,1,101103040,157950
132,101103040,2,2,,10101,2,gal_map_text_101103050|gal_map_text_101103060|gal_map_text_101103070,1,,,101103080|101103100|101103120,gal_map_text_101103040,,,2,,0,,,0,-1,157950
133,101103080,2,1,,10101,,,0,,,101103090,gal_map_text_101103080,,,2,,0,,,1,-1,157950
134,101103090,2,1,gal_name_01,10101,,,0,,,101103140,gal_map_text_101103090,,,1,,0,,,1,-1,157950
135,101103100,2,1,,10101,,,0,,,101103110,gal_map_text_101103100,,,2,,0,,,1,-1,157950
136,101103110,2,1,gal_name_01,10101,,,0,,,101103140,gal_map_text_101103110,,,1,,0,,,1,-1,157950
137,101103120,2,1,,10101,,,0,,,101103130,gal_map_text_101103120,,,2,,0,,,1,-1,157950
138,101103130,2,1,gal_name_01,10101,,,0,,,101103140,gal_map_text_101103130,,,1,,0,,,1,-1,157950
139,101103140,2,1,,10101,,,0,,,-1,gal_map_text_101103140,,,2,,0,,,1,-1,157950
140,101104010,2,1,,10101,,,0,,,101104020,gal_map_text_101104010,,,2,,2,gal_bg_room_1,gal_bg_room_2,1,101104040,157950
141,101104020,2,1,,10101,,,0,,,101104030,gal_map_text_101104020,,,2,,0,,,1,101104040,157950
142,101104030,2,1,gal_name_01,10101,,,0,,,101104040,gal_map_text_101104030,,,1,,0,,,1,101104040,157950
143,101104040,2,2,,10101,2,gal_map_text_101104050|gal_map_text_101104060|gal_map_text_101104070,1,,,101104080|101104100|101104120,gal_map_text_101104040,,,2,,0,,,0,-1,157950
144,101104080,2,1,,10101,,,0,,,101104090,gal_map_text_101104080,,,2,,0,,,1,-1,157950
145,101104090,2,1,gal_name_01,10101,,,0,,,101104140,gal_map_text_101104090,,,1,,0,,,1,-1,157950
146,101104100,2,1,,10101,,,0,,,101104110,gal_map_text_101104100,,,2,,0,,,1,-1,157950
147,101104110,2,1,gal_name_01,10101,,,0,,,101104140,gal_map_text_101104110,,,1,,0,,,1,-1,157950
148,101104120,2,1,,10101,,,0,,,101104130,gal_map_text_101104120,,,2,,0,,,1,-1,157950
149,101104130,2,1,gal_name_01,10101,,,0,,,101104140,gal_map_text_101104130,,,1,,0,,,1,-1,157950
150,101104140,2,1,,10101,,,0,,,-1,gal_map_text_101104140,,,2,,0,,,1,-1,157950
151,101105010,2,1,,10101,,,0,,,101105020,gal_map_text_101105010,,,2,,2,gal_bg_room_1,gal_bg_room_2,1,101105030,157950
152,101105020,2,1,,10101,,,0,,,101105030,gal_map_text_101105020,,,2,,0,,,1,101105030,157950
153,101105030,2,2,gal_name_01,10101,2,gal_map_text_101105040|gal_map_text_101105050|gal_map_text_101105060,1,,,101105070|101105100|101105130,gal_map_text_101105030,,,1,,0,,,0,-1,157950
154,101105070,2,1,,10101,,,0,,,101105080,gal_map_text_101105070,,,2,,0,,,1,-1,157950
155,101105080,2,1,,10101,,,0,,,101105090,gal_map_text_101105080,,,2,,0,,,1,-1,157950
156,101105090,2,1,gal_name_01,10101,,,0,,,101105140,gal_map_text_101105090,,,1,,0,,,1,-1,157950
157,101105100,2,1,,10101,,,0,,,101105110,gal_map_text_101105100,,,2,,0,,,1,-1,157950
158,101105110,2,1,,10101,,,0,,,101105120,gal_map_text_101105110,,,2,,0,,,1,-1,157950
159,101105120,2,1,gal_name_01,10101,,,0,,,101105140,gal_map_text_101105120,,,1,,0,,,1,-1,157950
160,101105130,2,1,,10101,,,0,,,101105140,gal_map_text_101105130,,,2,,0,,,1,-1,157950
161,101105140,2,1,,10101,,,0,,,-1,gal_map_text_101105140,,,2,,0,,,1,-1,157950
162,101106010,2,1,,10101,,,0,,,101106020,gal_map_text_101106010,,,2,,2,gal_bg_room_1,gal_bg_room_2,1,101106050,157950
163,101106020,2,1,,10101,,,0,,,101106030,gal_map_text_101106020,,,2,,0,,,1,101106050,157950
164,101106030,2,1,gal_name_01,10101,,,0,,,101106040,gal_map_text_101106030,,,1,,0,,,1,101106050,157950
165,101106040,2,1,,10101,,,0,,,101106050,gal_map_text_101106040,,,2,,0,,,1,101106050,157950
166,101106050,2,2,,10101,2,gal_map_text_101106060|gal_map_text_101106070|gal_map_text_101106080,1,,,101106090|101106110|101106120,gal_map_text_101106050,,,2,,0,,,0,-1,157950
167,101106090,2,1,,10101,,,0,,,101106100,gal_map_text_101106090,,,2,,0,,,1,-1,157950
168,101106100,2,1,gal_name_01,10101,,,0,,,101106130,gal_map_text_101106100,,,1,,0,,,1,-1,157950
169,101106110,2,1,,10101,,,0,,,101106130,gal_map_text_101106110,,,2,,0,,,1,-1,157950
170,101106120,2,1,,10101,,,0,,,101106130,gal_map_text_101106120,,,2,,0,,,1,-1,157950
171,101106130,2,1,,10101,,,0,,,-1,gal_map_text_101106130,,,2,,0,,,1,-1,157950
172,101107010,2,1,,10101,,,0,,,101107020,gal_map_text_101107010,,,2,,2,gal_bg_room_1,gal_bg_room_2,1,101107030,157950
173,101107020,2,1,,10101,,,0,,,101107030,gal_map_text_101107020,,,2,,0,,,1,101107030,157950
174,101107030,2,2,,10101,2,gal_map_text_101107040|gal_map_text_101107050|gal_map_text_101107060,1,,,101107070|101107100|101107140,gal_map_text_101107030,,,2,,0,,,0,-1,157950
175,101107070,2,1,,10101,,,0,,,101107080,gal_map_text_101107070,,,2,,0,,,1,-1,157950
176,101107080,2,1,,10101,,,0,,,101107090,gal_map_text_101107080,,,2,,0,,,1,-1,157950
177,101107090,2,1,gal_name_01,10101,,,0,,,101107190,gal_map_text_101107090,,,1,,0,,,1,-1,157950
178,101107100,2,1,,10101,,,0,,,101107110,gal_map_text_101107100,,,2,,0,,,1,-1,157950
179,101107110,2,1,gal_name_01,10101,,,0,,,101107120,gal_map_text_101107110,,,1,,0,,,1,-1,157950
180,101107120,2,1,,10101,,,0,,,101107130,gal_map_text_101107120,,,2,,0,,,1,-1,157950
181,101107130,2,1,gal_name_01,10101,,,0,,,101107190,gal_map_text_101107130,,,1,,0,,,1,-1,157950
182,101107140,2,1,,10101,,,0,,,101107150,gal_map_text_101107140,,,2,,0,,,1,-1,157950
183,101107150,2,1,,10101,,,0,,,101107160,gal_map_text_101107150,,,2,,0,,,1,-1,157950
184,101107160,2,1,gal_name_01,10101,,,0,,,101107170,gal_map_text_101107160,,,1,,0,,,1,-1,157950
185,101107170,2,1,,10101,,,0,,,101107180,gal_map_text_101107170,,,2,,0,,,1,-1,157950
186,101107180,2,1,,10101,,,0,,,101107190,gal_map_text_101107180,,,2,,0,,,1,-1,157950
187,101107190,2,1,,10101,,,0,,,-1,gal_map_text_101107190,,,2,,0,,,1,-1,157950
188,101201010,2,1,,10101,,,0,,,101201020,gal_map_text_101201010,,,2,,2,gal_bg_sea_1,gal_bg_room_3,1,101201040,157950
189,101201020,2,1,,10101,,,0,,,101201030,gal_map_text_101201020,,,2,,0,,,1,101201040,157950
190,101201030,2,1,gal_name_01,10101,,,0,,,101201040,gal_map_text_101201030,,,1,,0,,,1,101201040,157950
191,101201040,2,2,,10101,2,gal_map_text_101201050|gal_map_text_101201060|gal_map_text_101201070,1,,,101201080|101201090|101201100,gal_map_text_101201040,,,2,,0,,,0,-1,157950
192,101201080,2,1,,10101,,,0,,,101201110,gal_map_text_101201080,,,2,,0,,,1,-1,157950
193,101201090,2,1,,10101,,,0,,,101201110,gal_map_text_101201090,,,2,,0,,,1,-1,157950
194,101201100,2,1,,10101,,,0,,,101201110,gal_map_text_101201100,,,2,,0,,,1,-1,157950
195,101201110,2,1,,10101,,,0,,,-1,gal_map_text_101201110,,,2,,0,,,1,-1,157950
196,101202010,2,1,,10101,,,0,,,101202020,gal_map_text_101202010,,,2,,2,gal_bg_sea_1,gal_bg_room_3,1,101202030,157950
197,101202020,2,1,gal_name_01,10101,,,0,,,101202030,gal_map_text_101202020,,,1,,0,,,1,101202030,157950
198,101202030,2,2,,10101,2,gal_map_text_101202040|gal_map_text_101202050|gal_map_text_101202060,1,,,101202070|101202110|101202160,gal_map_text_101202030,,,2,,0,,,0,-1,157950
199,101202070,2,1,,10101,,,0,,,101202080,gal_map_text_101202070,,,2,,0,,,1,-1,157950
200,101202080,2,1,,10101,,,0,,,101202090,gal_map_text_101202080,,,2,,0,,,1,-1,157950
201,101202090,2,1,,10101,,,0,,,101202100,gal_map_text_101202090,,,2,,0,,,1,-1,157950
202,101202100,2,1,,10101,,,0,,,-1,gal_map_text_101202100,,,2,,0,,,1,-1,157950
203,101202110,2,1,,10101,,,0,,,101202120,gal_map_text_101202110,,,2,,0,,,1,-1,157950
204,101202120,2,1,gal_name_01,10101,,,0,,,101202130,gal_map_text_101202120,,,1,,0,,,1,-1,157950
205,101202130,2,1,,10101,,,0,,,101202140,gal_map_text_101202130,,,2,,0,,,1,-1,157950
206,101202140,2,1,,10101,,,0,,,101202150,gal_map_text_101202140,,,2,,0,,,1,-1,157950
207,101202150,2,1,,10101,,,0,,,-1,gal_map_text_101202150,,,2,,0,,,1,-1,157950
208,101202160,2,1,,10101,,,0,,,101202170,gal_map_text_101202160,,,2,,0,,,1,-1,157950
209,101202170,2,1,,10101,,,0,,,-1,gal_map_text_101202170,,,2,,0,,,1,-1,157950
210,101203010,2,1,,10101,,,0,,,101203020,gal_map_text_101203010,,,2,,2,gal_bg_sea_1,gal_bg_room_3,1,101203030,157950
211,101203020,2,1,,10101,,,0,,,101203030,gal_map_text_101203020,,,2,,0,,,1,101203030,157950
212,101203030,2,2,gal_name_01,10101,2,gal_map_text_101203040|gal_map_text_101203050|gal_map_text_101203060,1,,,101203070|101203110|101203130,gal_map_text_101203030,,,1,,0,,,0,-1,157950
213,101203070,2,1,,10101,,,0,,,101203080,gal_map_text_101203070,,,2,,0,,,1,-1,157950
214,101203080,2,1,,10101,,,0,,,101203090,gal_map_text_101203080,,,2,,0,,,1,-1,157950
215,101203090,2,1,gal_name_01,10101,,,0,,,101203100,gal_map_text_101203090,,,1,,0,,,1,-1,157950
216,101203100,2,1,gal_name_01,10101,,,0,,,101203150,gal_map_text_101203100,,,1,,0,,,1,-1,157950
217,101203110,2,1,,10101,,,0,,,101203120,gal_map_text_101203110,,,2,,0,,,1,-1,157950
218,101203120,2,1,gal_name_01,10101,,,0,,,101203150,gal_map_text_101203120,,,1,,0,,,1,-1,157950
219,101203130,2,1,,10101,,,0,,,101203140,gal_map_text_101203130,,,2,,0,,,1,-1,157950
220,101203140,2,1,gal_name_01,10101,,,0,,,101203150,gal_map_text_101203140,,,1,,0,,,1,-1,157950
221,101203150,2,1,,10101,,,0,,,-1,gal_map_text_101203150,,,2,,0,,,1,-1,157950
222,101204010,2,1,,10101,,,0,,,101204020,gal_map_text_101204010,,,2,,2,gal_bg_sea_1,gal_bg_room_3,1,101204030,157950
223,101204020,2,1,,10101,,,0,,,101204030,gal_map_text_101204020,,,2,,0,,,1,101204030,157950
224,101204030,2,2,,10101,2,gal_map_text_101204040|gal_map_text_101204050|gal_map_text_101204060,1,,,101204070|101204100|101204140,gal_map_text_101204030,,,2,,0,,,0,-1,157950
225,101204070,2,1,,10101,,,0,,,101204080,gal_map_text_101204070,,,2,,0,,,1,-1,157950
226,101204080,2,1,gal_name_01,10101,,,0,,,101204090,gal_map_text_101204080,,,1,,0,,,1,-1,157950
227,101204090,2,1,,10101,,,0,,,101204190,gal_map_text_101204090,,,2,,0,,,1,-1,157950
228,101204100,2,1,,10101,,,0,,,101204110,gal_map_text_101204100,,,2,,0,,,1,-1,157950
229,101204110,2,1,,10101,,,0,,,101204120,gal_map_text_101204110,,,2,,0,,,1,-1,157950
230,101204120,2,1,gal_name_01,10101,,,0,,,101204130,gal_map_text_101204120,,,1,,0,,,1,-1,157950
231,101204130,2,1,player_name,10101,,,0,,,101204190,gal_map_text_101204130,,,1,,0,,,1,-1,157950
232,101204140,2,1,,10101,,,0,,,101204150,gal_map_text_101204140,,,2,,0,,,1,-1,157950
233,101204150,2,1,player_name,10101,,,0,,,101204160,gal_map_text_101204150,,,1,,0,,,1,-1,157950
234,101204160,2,1,,10101,,,0,,,101204170,gal_map_text_101204160,,,2,,0,,,1,-1,157950
235,101204170,2,1,gal_name_01,10101,,,0,,,101204180,gal_map_text_101204170,,,1,,0,,,1,-1,157950
236,101204180,2,1,,10101,,,0,,,101204190,gal_map_text_101204180,,,2,,0,,,1,-1,157950
237,101204190,2,1,,10101,,,0,,,-1,gal_map_text_101204190,,,2,,0,,,1,-1,157950
238,101205010,2,1,,10101,,,0,,,101205020,gal_map_text_101205010,,,2,,2,gal_bg_sea_1,gal_bg_room_3,1,101205040,157950
239,101205020,2,1,,10101,,,0,,,101205030,gal_map_text_101205020,,,2,,0,,,1,101205040,157950
240,101205030,2,1,,10101,,,0,,,101205040,gal_map_text_101205030,,,2,,0,,,1,101205040,157950
241,101205040,2,2,,10101,2,gal_map_text_101205050|gal_map_text_101205060|gal_map_text_101205070,1,,,101205080|101205090|101205100,gal_map_text_101205040,,,2,,0,,,0,-1,157950
242,101205080,2,1,gal_name_01,10101,,,0,,,101205110,gal_map_text_101205080,,,1,,0,,,1,-1,157950
243,101205090,2,1,gal_name_01,10101,,,0,,,101205110,gal_map_text_101205090,,,1,,0,,,1,-1,157950
244,101205100,2,1,gal_name_01,10101,,,0,,,101205110,gal_map_text_101205100,,,1,,0,,,1,-1,157950
245,101205110,2,1,,10101,,,0,,,-1,gal_map_text_101205110,,,2,,0,,,1,-1,157950
246,101301010,2,1,,10101,,,0,,,101301020,gal_map_text_101301010,,,2,,2,gal_bg_amusement_1,gal_bg_amusement_4,1,101301040,157950
247,101301020,2,1,gal_name_01,10101,,,0,,,101301030,gal_map_text_101301020,,,1,,0,,,1,101301040,157950
248,101301030,2,1,,10101,,,0,,,101301040,gal_map_text_101301030,,,2,,0,,,1,101301040,157950
249,101301040,2,2,,10101,2,gal_map_text_101301050|gal_map_text_101301060|gal_map_text_101301070,1,,,101301080|1013010110|101301140,gal_map_text_101301040,,,2,,0,,,0,-1,157950
250,101301080,2,1,,10101,,,0,,,101301090,gal_map_text_101301080,,,2,,0,,,1,-1,157950
251,101301090,2,1,,10101,,,0,,,101301100,gal_map_text_101301090,,,2,,0,,,1,-1,157950
252,101301100,2,1,gal_name_01,10101,,,0,,,101301190,gal_map_text_101301100,,,1,,0,,,1,-1,157950
253,101301110,2,1,,10101,,,0,,,101301120,gal_map_text_101301110,,,2,,0,,,1,-1,157950
254,101301120,2,1,,10101,,,0,,,101301130,gal_map_text_101301120,,,2,,0,,,1,-1,157950
255,101301130,2,1,gal_name_01,10101,,,0,,,101301190,gal_map_text_101301130,,,1,,0,,,1,-1,157950
256,101301140,2,1,,10101,,,0,,,101301150,gal_map_text_101301140,,,2,,0,,,1,-1,157950
257,101301150,2,1,,10101,,,0,,,101301160,gal_map_text_101301150,,,2,,0,,,1,-1,157950
258,101301160,2,1,gal_name_01,10101,,,0,,,101301170,gal_map_text_101301160,,,1,,0,,,1,-1,157950
259,101301170,2,1,,10101,,,0,,,101301180,gal_map_text_101301170,,,2,,0,,,1,-1,157950
260,101301180,2,1,,10101,,,0,,,101301190,gal_map_text_101301180,,,2,,0,,,1,-1,157950
261,101301190,2,1,,10101,,,0,,,-1,gal_map_text_101301190,,,2,,0,,,1,-1,157950
262,101302010,2,1,,10101,,,0,,,101302020,gal_map_text_101302010,,,2,,2,gal_bg_amusement_1,gal_bg_amusement_4,1,101302040,157950
263,101302020,2,1,,10101,,,0,,,101302030,gal_map_text_101302020,,,2,,0,,,1,101302040,157950
264,101302030,2,1,,10101,,,0,,,101302040,gal_map_text_101302030,,,2,,0,,,1,101302040,157950
265,101302040,2,2,,10101,2,gal_map_text_101302050|gal_map_text_101302060|gal_map_text_101302070,1,,,101302080|101302110|101302150,gal_map_text_101302040,,,2,,0,,,0,-1,157950
266,101302080,2,1,,10101,,,0,,,101302090,gal_map_text_101302080,,,2,,0,,,1,-1,157950
267,101302090,2,1,player_name,10101,,,0,,,101302100,gal_map_text_101302090,,,1,,0,,,1,-1,157950
268,101302100,2,1,,10101,,,0,,,101302190,gal_map_text_101302100,,,2,,0,,,1,-1,157950
269,101302110,2,1,,10101,,,0,,,101302120,gal_map_text_101302110,,,2,,0,,,1,-1,157950
270,101302120,2,1,player_name,10101,,,0,,,101302130,gal_map_text_101302120,,,1,,0,,,1,-1,157950
271,101302130,2,1,,10101,,,0,,,101302140,gal_map_text_101302130,,,2,,0,,,1,-1,157950
272,101302140,2,1,gal_name_01,10101,,,0,,,101302190,gal_map_text_101302140,,,1,,0,,,1,-1,157950
273,101302150,2,1,,10101,,,0,,,101302160,gal_map_text_101302150,,,2,,0,,,1,-1,157950
274,101302160,2,1,gal_name_01,10101,,,0,,,101302170,gal_map_text_101302160,,,1,,0,,,1,-1,157950
275,101302170,2,1,,10101,,,0,,,101302180,gal_map_text_101302170,,,2,,0,,,1,-1,157950
276,101302180,2,1,,10101,,,0,,,101302190,gal_map_text_101302180,,,2,,0,,,1,-1,157950
277,101302190,2,1,,10101,,,0,,,-1,gal_map_text_101302190,,,2,,0,,,1,-1,157950
278,101303010,2,1,,10101,,,0,,,101303020,gal_map_text_101303010,,,2,,2,gal_bg_amusement_1,gal_bg_amusement_4,1,101303040,157950
279,101303020,2,1,gal_name_01,10101,,,0,,,101303030,gal_map_text_101303020,,,1,,0,,,1,101303040,157950
280,101303030,2,1,,10101,,,0,,,101303040,gal_map_text_101303030,,,2,,0,,,1,101303040,157950
281,101303040,2,2,,10101,2,gal_map_text_101303050|gal_map_text_101303060|gal_map_text_101303070,1,,,101303080|101303090|101303110,gal_map_text_101303040,,,2,,0,,,0,-1,157950
282,101303080,2,1,,10101,,,0,,,101303140,gal_map_text_101303080,,,2,,0,,,1,-1,157950
283,101303090,2,1,,10101,,,0,,,101303100,gal_map_text_101303090,,,2,,0,,,1,-1,157950
284,101303100,2,1,,10101,,,0,,,101303140,gal_map_text_101303100,,,2,,0,,,1,-1,157950
285,101303110,2,1,,10101,,,0,,,101303120,gal_map_text_101303110,,,2,,0,,,1,-1,157950
286,101303120,2,1,gal_name_01,10101,,,0,,,101303130,gal_map_text_101303120,,,1,,0,,,1,-1,157950
287,101303130,2,1,,10101,,,0,,,101303140,gal_map_text_101303130,,,2,,0,,,1,-1,157950
288,101303140,2,1,,10101,,,0,,,-1,gal_map_text_101303140,,,2,,0,,,1,-1,157950
289,101304010,2,1,,10101,,,0,,,101304020,gal_map_text_101304010,,,2,,2,gal_bg_amusement_1,gal_bg_amusement_4,1,101304050,157950
290,101304020,2,1,gal_name_01,10101,,,0,,,101304030,gal_map_text_101304020,,,1,,0,,,1,101304050,157950
291,101304030,2,1,,10101,,,0,,,101304040,gal_map_text_101304030,,,2,,0,,,1,101304050,157950
292,101304040,2,1,gal_name_01,10101,,,0,,,101304050,gal_map_text_101304040,,,1,,0,,,1,101304050,157950
293,101304050,2,2,,10101,2,gal_map_text_101304060|gal_map_text_101304070|gal_map_text_101304080,1,,,101304090|101304130|101304170,gal_map_text_101304050,,,2,,0,,,0,-1,157950
294,101304090,2,1,,10101,,,0,,,101304100,gal_map_text_101304090,,,2,,0,,,1,-1,157950
295,101304100,2,1,,10101,,,0,,,101304110,gal_map_text_101304100,,,2,,0,,,1,-1,157950
296,101304110,2,1,gal_name_01,10101,,,0,,,101304120,gal_map_text_101304110,,,1,,0,,,1,-1,157950
297,101304120,2,1,,10101,,,0,,,101304220,gal_map_text_101304120,,,2,,0,,,1,-1,157950
298,101304130,2,1,,10101,,,0,,,101304140,gal_map_text_101304130,,,2,,0,,,1,-1,157950
299,101304140,2,1,,10101,,,0,,,101304150,gal_map_text_101304140,,,2,,0,,,1,-1,157950
300,101304150,2,1,,10101,,,0,,,101304160,gal_map_text_101304150,,,2,,0,,,1,-1,157950
301,101304160,2,1,gal_name_01,10101,,,0,,,101304220,gal_map_text_101304160,,,1,,0,,,1,-1,157950
302,101304170,2,1,,10101,,,0,,,101304180,gal_map_text_101304170,,,2,,0,,,1,-1,157950
303,101304180,2,1,player_name,10101,,,0,,,101304190,gal_map_text_101304180,,,1,,0,,,1,-1,157950
304,101304190,2,1,,10101,,,0,,,101304200,gal_map_text_101304190,,,2,,0,,,1,-1,157950
305,101304200,2,1,,10101,,,0,,,101304210,gal_map_text_101304200,,,2,,0,,,1,-1,157950
306,101304210,2,1,gal_name_01,10101,,,0,,,101304220,gal_map_text_101304210,,,1,,0,,,1,-1,157950
307,101304220,2,1,,10101,,,0,,,-1,gal_map_text_101304220,,,2,,0,,,1,-1,157950
308,101305010,2,1,,10101,,,0,,,101305020,gal_map_text_101305010,,,2,,2,gal_bg_amusement_1,gal_bg_amusement_4,1,101305050,157950
309,101305020,2,1,,10101,,,0,,,101305030,gal_map_text_101305020,,,2,,0,,,1,101305050,157950
310,101305030,2,1,,10101,,,0,,,101305040,gal_map_text_101305030,,,2,,0,,,1,101305050,157950
311,101305040,2,1,gal_name_01,10101,,,0,,,101305050,gal_map_text_101305040,,,1,,0,,,1,101305050,157950
312,101305050,2,2,,10101,2,gal_map_text_101305060|gal_map_text_101305070|gal_map_text_101305080,1,,,101305090|101305120|101305150,gal_map_text_101305050,,,2,,0,,,0,-1,157950
313,101305090,2,1,,10101,,,0,,,101305100,gal_map_text_101305090,,,2,,0,,,1,-1,157950
314,101305100,2,1,,10101,,,0,,,101305110,gal_map_text_101305100,,,2,,0,,,1,-1,157950
315,101305110,2,1,,10101,,,0,,,101305180,gal_map_text_101305110,,,2,,0,,,1,-1,157950
316,101305120,2,1,,10101,,,0,,,101305130,gal_map_text_101305120,,,2,,0,,,1,-1,157950
317,101305130,2,1,,10101,,,0,,,101305140,gal_map_text_101305130,,,2,,0,,,1,-1,157950
318,101305140,2,1,,10101,,,0,,,101305180,gal_map_text_101305140,,,2,,0,,,1,-1,157950
319,101305150,2,1,,10101,,,0,,,101305160,gal_map_text_101305150,,,2,,0,,,1,-1,157950
320,101305160,2,1,,10101,,,0,,,101305170,gal_map_text_101305160,,,2,,0,,,1,-1,157950
321,101305170,2,1,,10101,,,0,,,101305180,gal_map_text_101305170,,,2,,0,,,1,-1,157950
322,101305180,2,1,,10101,,,0,,,-1,gal_map_text_101305180,,,2,,0,,,1,-1,157950
323,3110010,2,1,,10101,,,0,,,3110020,gal_favor_text_3110010,,,2,,2,gal_bg_street_3,gal_bg_street_10,1,3110420,157950
324,3110020,2,1,,10101,,,0,,,3110030,gal_favor_text_3110020,,,2,,0,,,1,3110420,157950
325,3110030,2,1,,10101,,,0,,,3110040,gal_favor_text_3110030,,,2,,0,,,1,3110420,157950
326,3110040,2,1,,10101,,,0,,,3110050,gal_favor_text_3110040,,,2,,0,,,1,3110420,157950
327,3110050,2,1,player_name,10101,,,0,,,3110060,gal_favor_text_3110050,,,1,,0,,,1,3110420,157950
328,3110060,2,1,gal_name_01,10101,,,0,,,3110070,gal_favor_text_3110060,,,1,,0,,,1,3110420,157950
329,3110070,2,1,,10101,,,0,,,3110080,gal_favor_text_3110070,,,2,,0,,,1,3110420,157950
330,3110080,2,1,,10101,,,0,,,3110090,gal_favor_text_3110080,,,2,,0,,,1,3110420,157950
331,3110090,2,1,gal_name_01,10101,,,0,,,3110100,gal_favor_text_3110090,,,1,,0,,,1,3110420,157950
332,3110100,2,1,,10101,,,0,,,3110110,gal_favor_text_3110100,,,2,,0,,,1,3110420,157950
333,3110110,2,1,,10101,,,0,,,3110120,gal_favor_text_3110110,,,2,,0,,,1,3110420,157950
334,3110120,2,1,gal_name_01,10101,,,0,,,3110130,gal_favor_text_3110120,,,1,,0,,,1,3110420,157950
335,3110130,2,1,player_name,10101,,,0,,,3110140,gal_favor_text_3110130,,,1,,0,,,1,3110420,157950
336,3110140,2,1,gal_name_01,10101,,,0,,,3110150,gal_favor_text_3110140,,,1,,0,,,1,3110420,157950
337,3110150,2,1,player_name,10101,,,0,,,3110160,gal_favor_text_3110150,,,1,,0,,,1,3110420,157950
338,3110160,2,1,gal_name_01,10101,,,0,,,3110170,gal_favor_text_3110160,,,1,,0,,,1,3110420,157950
339,3110170,2,1,player_name,10101,,,0,,,3110180,gal_favor_text_3110170,,,1,,0,,,1,3110420,157950
340,3110180,2,1,gal_name_01,10101,,,0,,,3110190,gal_favor_text_3110180,,,1,,0,,,1,3110420,157950
341,3110190,2,1,player_name,10101,,,0,,,3110200,gal_favor_text_3110190,,,1,,0,,,1,3110420,157950
342,3110200,2,1,gal_name_01,10101,,,0,,,3110210,gal_favor_text_3110200,,,1,,0,,,1,3110420,157950
343,3110210,2,1,player_name,10101,,,0,,,3110220,gal_favor_text_3110210,,,1,,0,,,1,3110420,157950
344,3110220,2,1,gal_name_01,10101,,,0,,,3110230,gal_favor_text_3110220,,,1,,0,,,1,3110420,157950
345,3110230,2,1,player_name,10101,,,0,,,3110240,gal_favor_text_3110230,,,1,,0,,,1,3110420,157950
346,3110240,2,1,gal_name_01,10101,,,0,,,3110250,gal_favor_text_3110240,,,1,,0,,,1,3110420,157950
347,3110250,2,1,,10101,,,0,,,3110260,gal_favor_text_3110250,,,2,,0,,,1,3110420,157950
348,3110260,2,1,player_name,10101,,,0,,,3110270,gal_favor_text_3110260,,,1,,0,,,1,3110420,157950
349,3110270,2,1,,10101,,,0,,,3110280,gal_favor_text_3110270,,,2,,0,,,1,3110420,157950
350,3110280,2,1,gal_name_01,10101,,,0,,,3110290,gal_favor_text_3110280,,,1,,0,,,1,3110420,157950
351,3110290,2,1,player_name,10101,,,0,,,3110300,gal_favor_text_3110290,,,1,,0,,,1,3110420,157950
352,3110300,2,1,gal_name_01,10101,,,0,,,3110310,gal_favor_text_3110300,,,1,,0,,,1,3110420,157950
353,3110310,2,1,player_name,10101,,,0,,,3110320,gal_favor_text_3110310,,,1,,0,,,1,3110420,157950
354,3110320,2,1,gal_name_01,10101,,,0,,,3110330,gal_favor_text_3110320,,,1,,0,,,1,3110420,157950
355,3110330,2,1,player_name,10101,,,0,,,3110340,gal_favor_text_3110330,,,1,,0,,,1,3110420,157950
356,3110340,2,1,,10101,,,0,,,3110350,gal_favor_text_3110340,,,2,,0,,,1,3110420,157950
357,3110350,2,1,,10101,,,0,,,3110360,gal_favor_text_3110350,,,2,,0,,,1,3110420,157950
358,3110360,2,1,,10101,,,0,,,3110370,gal_favor_text_3110360,,,2,,0,,,1,3110420,157950
359,3110370,2,1,player_name,10101,,,0,,,3110380,gal_favor_text_3110370,,,1,,0,,,1,3110420,157950
360,3110380,2,1,gal_name_01,10101,,,0,,,3110390,gal_favor_text_3110380,,,1,,0,,,1,3110420,157950
361,3110390,2,1,player_name,10101,,,0,,,3110400,gal_favor_text_3110390,,,1,,0,,,1,3110420,157950
362,3110400,2,1,gal_name_01,10101,,,0,,,3110410,gal_favor_text_3110400,,,1,,0,,,1,3110420,157950
363,3110410,2,1,,10101,,,0,,,3110420,gal_favor_text_3110410,,,2,,0,,,1,3110420,157950
364,3110420,2,2,gal_name_01,10101,2,gal_favor_text_3110421|gal_favor_text_3110422,0,,,3110430|3110450,gal_favor_text_3110420,,,1,,0,,,0,,157950
365,3110430,2,1,player_name,10101,,,0,,,3110440,gal_favor_text_3110430,,,1,,0,,,1,-1,157950
366,3110440,2,1,gal_name_01,10101,,,0,,,3110470,gal_favor_text_3110440,,,1,,0,,,1,-1,157950
367,3110450,2,1,player_name,10101,,,0,,,3110460,gal_favor_text_3110450,,,1,,0,,,1,-1,157950
368,3110460,2,1,gal_name_01,10101,,,0,,,3110470,gal_favor_text_3110460,,,1,,0,,,1,-1,157950
369,3110470,2,1,,10101,,,0,,,3110480,gal_favor_text_3110470,,,2,,0,,,1,-1,157950
370,3110480,2,1,gal_name_01,10101,,,0,,,3110490,gal_favor_text_3110480,,,1,,0,,,1,-1,157950
371,3110490,2,1,,10101,,,0,,,3110500,gal_favor_text_3110490,,,2,,0,,,1,-1,157950
372,3110500,2,1,,10101,,,0,,,3110510,gal_favor_text_3110500,,,2,,0,,,1,-1,157950
373,3110510,2,1,,10101,,,0,,,3110520,gal_favor_text_3110510,,,2,,0,,,1,-1,157950
374,3110520,2,1,gal_name_01,10101,,,0,,,3110530,gal_favor_text_3110520,,,1,,0,,,1,-1,157950
375,3110530,2,1,gal_name_01,10101,,,0,,,3110540,gal_favor_text_3110530,,,1,,0,,,1,-1,157950
376,3110540,2,1,gal_name_01,10101,,,0,,,3110550,gal_favor_text_3110540,,,1,,0,,,1,-1,157950
377,3110550,2,1,player_name,10101,,,0,,,3110560,gal_favor_text_3110550,,,1,,0,,,1,-1,157950
378,3110560,2,1,,10101,,,0,,,3110570,gal_favor_text_3110560,,,2,,0,,,1,-1,157950
379,3110570,2,1,,10101,,,0,,,3110580,gal_favor_text_3110570,,,2,,0,,,1,-1,157950
380,3110580,2,1,player_name,10101,,,0,,,3110590,gal_favor_text_3110580,,,1,,0,,,1,-1,157950
381,3110590,2,1,gal_name_01,10101,,,0,,,3110600,gal_favor_text_3110590,,,1,,0,,,1,-1,157950
382,3110600,2,1,player_name,10101,,,0,,,3110610,gal_favor_text_3110600,,,1,,0,,,1,-1,157950
383,3110610,2,1,gal_name_01,10101,,,0,,,3110620,gal_favor_text_3110610,,,1,,0,,,1,-1,157950
384,3110620,2,1,,10101,,,0,,,3110630,gal_favor_text_3110620,,,2,,0,,,1,-1,157950
385,3110630,2,1,gal_name_01,10101,,,0,,,3110640,gal_favor_text_3110630,,,1,,0,,,1,-1,157950
386,3110640,2,1,,10101,,,0,,,3110650,gal_favor_text_3110640,,,2,,0,,,1,-1,157950
387,3110650,2,1,,10101,,,0,,,3110660,gal_favor_text_3110650,,,2,,0,,,1,-1,157950
388,3110660,2,1,gal_name_01,10101,,,0,,,3110670,gal_favor_text_3110660,,,1,,0,,,1,-1,157950
389,3110670,2,1,player_name,10101,,,0,,,3110680,gal_favor_text_3110670,,,1,,0,,,1,-1,157950
390,3110680,2,1,gal_name_01,10101,,,0,,,3110690,gal_favor_text_3110680,,,1,,0,,,1,-1,157950
391,3110690,2,1,,10101,,,0,,,3110700,gal_favor_text_3110690,,,2,,0,,,1,-1,157950
392,3110700,2,1,,10101,,,0,,,3110710,gal_favor_text_3110700,,,2,,0,,,1,-1,157950
393,3110710,2,1,,10101,,,0,,,3110720,gal_favor_text_3110710,,,2,,0,,,1,-1,157950
394,3110720,2,1,player_name,10101,,,0,,,3110730,gal_favor_text_3110720,,,1,,0,,,1,-1,157950
395,3110730,2,1,,10101,,,0,,,3110740,gal_favor_text_3110730,,,2,,0,,,1,-1,157950
396,3110740,2,1,gal_name_01,10101,,,0,,,3110750,gal_favor_text_3110740,,,1,,0,,,1,-1,157950
397,3110750,2,1,player_name,10101,,,0,,,3110760,gal_favor_text_3110750,,,1,,0,,,1,-1,157950
398,3110760,2,1,gal_name_01,10101,,,0,,,3110770,gal_favor_text_3110760,,,1,,0,,,1,-1,157950
399,3110770,2,1,,10101,,,0,,,3110780,gal_favor_text_3110770,,,2,,0,,,1,-1,157950
400,3110780,2,1,gal_name_01,10101,,,0,,,3110790,gal_favor_text_3110780,,,1,,0,,,1,-1,157950
401,3110790,2,1,player_name,10101,,,0,,,3110800,gal_favor_text_3110790,,,1,,0,,,1,-1,157950
402,3110800,2,1,,10101,,,0,,,3110810,gal_favor_text_3110800,,,2,,0,,,1,-1,157950
403,3110810,2,1,gal_name_01,10101,,,0,,,3110820,gal_favor_text_3110810,,,1,,0,,,1,-1,157950
404,3110820,2,1,,10101,,,0,,,3110830,gal_favor_text_3110820,,,2,,0,,,1,-1,157950
405,3110830,2,1,,10101,,,0,,,3110840,gal_favor_text_3110830,,,2,,0,,,1,-1,157950
406,3110840,2,1,,10101,,,0,,,3110850,gal_favor_text_3110840,,,2,,0,,,1,-1,157950
407,3110850,2,1,,10101,,,0,,,3110860,gal_favor_text_3110850,,,2,,0,,,1,-1,157950
408,3110860,2,1,gal_name_01,10101,,,0,,,3110870,gal_favor_text_3110860,,,1,,0,,,1,-1,157950
409,3110870,2,1,player_name,10101,,,0,,,3110880,gal_favor_text_3110870,,,1,,0,,,1,-1,157950
410,3110880,2,1,gal_name_01,10101,,,0,,,3110890,gal_favor_text_3110880,,,1,,0,,,1,-1,157950
411,3110890,2,1,player_name,10101,,,0,,,3110900,gal_favor_text_3110890,,,1,,0,,,1,-1,157950
412,3110900,2,1,gal_name_01,10101,,,0,,,3110910,gal_favor_text_3110900,,,1,,0,,,1,-1,157950
413,3110910,2,1,player_name,10101,,,0,,,3110920,gal_favor_text_3110910,,,1,,0,,,1,-1,157950
414,3110920,2,1,,10101,,,0,,,3110930,gal_favor_text_3110920,,,2,,0,,,1,-1,157950
415,3110930,2,1,,10101,,,0,,,3110940,gal_favor_text_3110930,,,2,,0,,,1,-1,157950
416,3110940,2,1,gal_name_01,10101,,,0,,,3110950,gal_favor_text_3110940,,,1,,0,,,1,-1,157950
417,3110950,2,1,player_name,10101,,,0,,,3110960,gal_favor_text_3110950,,,1,,0,,,1,-1,157950
418,3110960,2,1,gal_name_01,10101,,,0,,,3110970,gal_favor_text_3110960,,,1,,0,,,1,-1,157950
419,3110970,2,1,,10101,,,0,,,3110980,gal_favor_text_3110970,,,2,,0,,,1,-1,157950
420,3110980,2,1,,10101,,,0,,,3110990,gal_favor_text_3110980,,,2,,0,,,1,-1,157950
421,3110990,2,1,gal_name_01,10101,,,0,,,3111000,gal_favor_text_3110990,,,1,,0,,,1,-1,157950
422,3111000,2,1,,10101,,,0,,,3111010,gal_favor_text_3111000,,,2,,0,,,1,-1,157950
423,3111010,2,1,gal_name_01,10101,,,0,,,-1,gal_favor_text_3111010,,,1,,0,,,1,-1,157950
424,3120010,2,1,,10101,,,0,,,3120020,gal_favor_text_3120010,,,2,,2,gal_bg_room_2,,1,3120700,157950
425,3120020,2,1,,10101,,,0,,,3120030,gal_favor_text_3120020,,,2,,0,,,1,3120700,157950
426,3120030,2,1,,10101,,,0,,,3120040,gal_favor_text_3120030,,,2,,0,,,1,3120700,157950
427,3120040,2,1,,10101,,,0,,,3120050,gal_favor_text_3120040,,,2,,0,,,1,3120700,157950
428,3120050,2,1,,10101,,,0,,,3120060,gal_favor_text_3120050,,,2,,0,,,1,3120700,157950
429,3120060,2,1,player_name,10101,,,0,,,3120070,gal_favor_text_3120060,,,1,,0,,,1,3120700,157950
430,3120070,2,1,player_name,10101,,,0,,,3120080,gal_favor_text_3120070,,,1,,0,,,1,3120700,157950
431,3120080,2,1,,10101,,,0,,,3120090,gal_favor_text_3120080,,,2,,0,,,1,3120700,157950
432,3120090,2,1,player_name,10101,,,0,,,3120100,gal_favor_text_3120090,,,1,,0,,,1,3120700,157950
433,3120100,2,1,,10101,,,0,,,3120110,gal_favor_text_3120100,,,2,,0,,,1,3120700,157950
434,3120110,2,1,player_name,10101,,,0,,,3120120,gal_favor_text_3120110,,,1,,0,,,1,3120700,157950
435,3120120,2,1,,10101,,,0,,,3120130,gal_favor_text_3120120,,,2,,0,,,1,3120700,157950
436,3120130,2,1,,10101,,,0,,,3120140,gal_favor_text_3120130,,,2,,0,,,1,3120700,157950
437,3120140,2,1,,10101,,,0,,,3120150,gal_favor_text_3120140,,,2,,0,,,1,3120700,157950
438,3120150,2,1,player_name,10101,,,0,,,3120160,gal_favor_text_3120150,,,1,,0,,,1,3120700,157950
439,3120160,2,1,,10101,,,0,,,3120170,gal_favor_text_3120160,,,2,,0,,,1,3120700,157950
440,3120170,2,1,,10101,,,0,,,3120180,gal_favor_text_3120170,,,2,,0,,,1,3120700,157950
441,3120180,2,1,player_name,10101,,,0,,,3120190,gal_favor_text_3120180,,,1,,0,,,1,3120700,157950
442,3120190,2,1,gal_name_01,10101,,,0,,,3120200,gal_favor_text_3120190,,,1,,0,,,1,3120700,157950
443,3120200,2,1,,10101,,,0,,,3120210,gal_favor_text_3120200,,,2,,0,,,1,3120700,157950
444,3120210,2,1,player_name,10101,,,0,,,3120220,gal_favor_text_3120210,,,1,,0,,,1,3120700,157950
445,3120220,2,1,gal_name_01,10101,,,0,,,3120230,gal_favor_text_3120220,,,1,,0,,,1,3120700,157950
446,3120230,2,1,player_name,10101,,,0,,,3120240,gal_favor_text_3120230,,,1,,0,,,1,3120700,157950
447,3120240,2,1,,10101,,,0,,,3120250,gal_favor_text_3120240,,,2,,0,,,1,3120700,157950
448,3120250,2,1,player_name,10101,,,0,,,3120260,gal_favor_text_3120250,,,1,,0,,,1,3120700,157950
449,3120260,2,1,,10101,,,0,,,3120270,gal_favor_text_3120260,,,2,,0,,,1,3120700,157950
450,3120270,2,1,,10101,,,0,,,3120280,gal_favor_text_3120270,,,2,,0,,,1,3120700,157950
451,3120280,2,1,,10101,,,0,,,3120290,gal_favor_text_3120280,,,2,,0,,,1,3120700,157950
452,3120290,2,1,gal_name_01,10101,,,0,,,3120300,gal_favor_text_3120290,,,1,,0,,,1,3120700,157950
453,3120300,2,1,player_name,10101,,,0,,,3120310,gal_favor_text_3120300,,,1,,0,,,1,3120700,157950
454,3120310,2,1,,10101,,,0,,,3120320,gal_favor_text_3120310,,,2,,0,,,1,3120700,157950
455,3120320,2,1,gal_name_01,10101,,,0,,,3120330,gal_favor_text_3120320,,,1,,0,,,1,3120700,157950
456,3120330,2,1,player_name,10101,,,0,,,3120340,gal_favor_text_3120330,,,1,,0,,,1,3120700,157950
457,3120340,2,1,gal_name_01,10101,,,0,,,3120350,gal_favor_text_3120340,,,1,,0,,,1,3120700,157950
458,3120350,2,1,,10101,,,0,,,3120360,gal_favor_text_3120350,,,2,,0,,,1,3120700,157950
459,3120360,2,1,player_name,10101,,,0,,,3120370,gal_favor_text_3120360,,,1,,0,,,1,3120700,157950
460,3120370,2,1,,10101,,,0,,,3120380,gal_favor_text_3120370,,,2,,0,,,1,3120700,157950
461,3120380,2,1,player_name,10101,,,0,,,3120390,gal_favor_text_3120380,,,1,,0,,,1,3120700,157950
462,3120390,2,1,gal_name_01,10101,,,0,,,3120400,gal_favor_text_3120390,,,1,,0,,,1,3120700,157950
463,3120400,2,1,,10101,,,0,,,3120410,gal_favor_text_3120400,,,2,,0,,,1,3120700,157950
464,3120410,2,1,gal_name_01,10101,,,0,,,3120420,gal_favor_text_3120410,,,1,,0,,,1,3120700,157950
465,3120420,2,1,player_name,10101,,,0,,,3120430,gal_favor_text_3120420,,,1,,0,,,1,3120700,157950
466,3120430,2,1,gal_name_01,10101,,,0,,,3120440,gal_favor_text_3120430,,,1,,0,,,1,3120700,157950
467,3120440,2,1,player_name,10101,,,0,,,3120450,gal_favor_text_3120440,,,1,,0,,,1,3120700,157950
468,3120450,2,1,gal_name_01,10101,,,0,,,3120460,gal_favor_text_3120450,,,1,,0,,,1,3120700,157950
469,3120460,2,1,,10101,,,0,,,3120470,gal_favor_text_3120460,,,2,,0,,,1,3120700,157950
470,3120470,2,1,gal_name_01,10101,,,0,,,3120480,gal_favor_text_3120470,,,1,,0,,,1,3120700,157950
471,3120480,2,1,player_name,10101,,,0,,,3120490,gal_favor_text_3120480,,,1,,0,,,1,3120700,157950
472,3120490,2,1,,10101,,,0,,,3120500,gal_favor_text_3120490,,,2,,0,,,1,3120700,157950
473,3120500,2,1,,10101,,,0,,,3120510,gal_favor_text_3120500,,,2,,0,,,1,3120700,157950
474,3120510,2,1,gal_name_01,10101,,,0,,,3120520,gal_favor_text_3120510,,,1,,0,,,1,3120700,157950
475,3120520,2,1,player_name,10101,,,0,,,3120530,gal_favor_text_3120520,,,1,,0,,,1,3120700,157950
476,3120530,2,1,,10101,,,0,,,3120540,gal_favor_text_3120530,,,2,,0,,,1,3120700,157950
477,3120540,2,1,,10101,,,0,,,3120550,gal_favor_text_3120540,,,2,,0,,,1,3120700,157950
478,3120550,2,1,,10101,,,0,,,3120560,gal_favor_text_3120550,,,2,,0,,,1,3120700,157950
479,3120560,2,1,gal_name_01,10101,,,0,,,3120570,gal_favor_text_3120560,,,1,,0,,,1,3120700,157950
480,3120570,2,1,player_name,10101,,,0,,,3120580,gal_favor_text_3120570,,,1,,0,,,1,3120700,157950
481,3120580,2,1,,10101,,,0,,,3120590,gal_favor_text_3120580,,,2,,0,,,1,3120700,157950
482,3120590,2,1,,10101,,,0,,,3120600,gal_favor_text_3120590,,,2,,0,,,1,3120700,157950
483,3120600,2,1,,10101,,,0,,,3120610,gal_favor_text_3120600,,,2,,0,,,1,3120700,157950
484,3120610,2,1,gal_name_01,10101,,,0,,,3120620,gal_favor_text_3120610,,,1,,0,,,1,3120700,157950
485,3120620,2,1,player_name,10101,,,0,,,3120630,gal_favor_text_3120620,,,1,,0,,,1,3120700,157950
486,3120630,2,1,gal_name_01,10101,,,0,,,3120640,gal_favor_text_3120630,,,1,,0,,,1,3120700,157950
487,3120640,2,1,,10101,,,0,,,3120650,gal_favor_text_3120640,,,2,,0,,,1,3120700,157950
488,3120650,2,1,gal_name_01,10101,,,0,,,3120660,gal_favor_text_3120650,,,1,,0,,,1,3120700,157950
489,3120660,2,1,,10101,,,0,,,3120670,gal_favor_text_3120660,,,2,,0,,,1,3120700,157950
490,3120670,2,1,gal_name_01,10101,,,0,,,3120680,gal_favor_text_3120670,,,1,,0,,,1,3120700,157950
491,3120680,2,1,,10101,,,0,,,3120690,gal_favor_text_3120680,,,2,,0,,,1,3120700,157950
492,3120690,2,1,player_name,10101,,,0,,,3120700,gal_favor_text_3120690,,,1,,0,,,1,3120700,157950
493,3120700,2,2,gal_name_01,10101,2,gal_favor_text_3120701|gal_favor_text_3120702,0,,,3120710|3120720,gal_favor_text_3120700,,,1,,0,,,0,,157950
494,3120710,2,1,gal_name_01,10101,,,0,,,3120730,gal_favor_text_3120710,,,1,,0,,,1,-1,157950
495,3120720,2,1,gal_name_01,10101,,,0,,,3120730,gal_favor_text_3120720,,,1,,0,,,1,-1,157950
496,3120730,2,1,player_name,10101,,,0,,,3120740,gal_favor_text_3120730,,,1,,0,,,1,-1,157950
497,3120740,2,1,,10101,,,0,,,3120750,gal_favor_text_3120740,,,2,,0,,,1,-1,157950
498,3120750,2,1,,10101,,,0,,,3120760,gal_favor_text_3120750,,,2,,0,,,1,-1,157950
499,3120760,2,1,player_name,10101,,,0,,,3120770,gal_favor_text_3120760,,,1,,0,,,1,-1,157950
500,3120770,2,1,gal_name_01,10101,,,0,,,3120780,gal_favor_text_3120770,,,1,,0,,,1,-1,157950
501,3120780,2,1,,10101,,,0,,,3120790,gal_favor_text_3120780,,,2,,0,,,1,-1,157950
502,3120790,2,1,player_name,10101,,,0,,,3120800,gal_favor_text_3120790,,,1,,0,,,1,-1,157950
503,3120800,2,1,gal_name_01,10101,,,0,,,3120810,gal_favor_text_3120800,,,1,,0,,,1,-1,157950
504,3120810,2,1,player_name,10101,,,0,,,3120820,gal_favor_text_3120810,,,1,,0,,,1,-1,157950
505,3120820,2,1,gal_name_01,10101,,,0,,,3120830,gal_favor_text_3120820,,,1,,0,,,1,-1,157950
506,3120830,2,1,player_name,10101,,,0,,,3120840,gal_favor_text_3120830,,,1,,0,,,1,-1,157950
507,3120840,2,1,,10101,,,0,,,3120850,gal_favor_text_3120840,,,2,,0,,,1,-1,157950
508,3120850,2,1,gal_name_01,10101,,,0,,,-1,gal_favor_text_3120850,,,1,,0,,,1,-1,157950
509,3130010,2,1,,10101,,,0,,,3130020,gal_favor_text_3130010,,,2,,2,gal_bg_room_5,,1,3130390,157950
510,3130020,2,1,player_name,10101,,,0,,,3130030,gal_favor_text_3130020,,,1,,0,,,1,3130390,157950
511,3130030,2,1,,10101,,,0,,,3130040,gal_favor_text_3130030,,,2,,0,,,1,3130390,157950
512,3130040,2,1,player_name,10101,,,0,,,3130050,gal_favor_text_3130040,,,1,,0,,,1,3130390,157950
513,3130050,2,1,,10101,,,0,,,3130060,gal_favor_text_3130050,,,2,,0,,,1,3130390,157950
514,3130060,2,1,,10101,,,0,,,3130070,gal_favor_text_3130060,,,2,,0,,,1,3130390,157950
515,3130070,2,1,gal_name_01,10101,,,0,,,3130080,gal_favor_text_3130070,,,1,,0,,,1,3130390,157950
516,3130080,2,1,player_name,10101,,,0,,,3130090,gal_favor_text_3130080,,,1,,0,,,1,3130390,157950
517,3130090,2,1,gal_name_01,10101,,,0,,,3130100,gal_favor_text_3130090,,,1,,0,,,1,3130390,157950
518,3130100,2,1,,10101,,,0,,,3130110,gal_favor_text_3130100,,,2,,0,,,1,3130390,157950
519,3130110,2,1,gal_name_01,10101,,,0,,,3130120,gal_favor_text_3130110,,,1,,0,,,1,3130390,157950
520,3130120,2,1,player_name,10101,,,0,,,3130130,gal_favor_text_3130120,,,1,,0,,,1,3130390,157950
521,3130130,2,1,,10101,,,0,,,3130140,gal_favor_text_3130130,,,2,,0,,,1,3130390,157950
522,3130140,2,1,player_name,10101,,,0,,,3130150,gal_favor_text_3130140,,,1,,0,,,1,3130390,157950
523,3130150,2,1,gal_name_01,10101,,,0,,,3130160,gal_favor_text_3130150,,,1,,0,,,1,3130390,157950
524,3130160,2,1,,10101,,,0,,,3130170,gal_favor_text_3130160,,,2,,0,,,1,3130390,157950
525,3130170,2,1,,10101,,,0,,,3130180,gal_favor_text_3130170,,,2,,0,,,1,3130390,157950
526,3130180,2,1,,10101,,,0,,,3130190,gal_favor_text_3130180,,,2,,0,,,1,3130390,157950
527,3130190,2,1,player_name,10101,,,0,,,3130200,gal_favor_text_3130190,,,1,,0,,,1,3130390,157950
528,3130200,2,1,gal_name_01,10101,,,0,,,3130210,gal_favor_text_3130200,,,1,,0,,,1,3130390,157950
529,3130210,2,1,player_name,10101,,,0,,,3130220,gal_favor_text_3130210,,,1,,0,,,1,3130390,157950
530,3130220,2,1,,10101,,,0,,,3130230,gal_favor_text_3130220,,,2,,0,,,1,3130390,157950
531,3130230,2,1,gal_name_01,10101,,,0,,,3130240,gal_favor_text_3130230,,,1,,0,,,1,3130390,157950
532,3130240,2,1,,10101,,,0,,,3130250,gal_favor_text_3130240,,,2,,0,,,1,3130390,157950
533,3130250,2,1,player_name,10101,,,0,,,3130260,gal_favor_text_3130250,,,1,,0,,,1,3130390,157950
534,3130260,2,1,,10101,,,0,,,3130270,gal_favor_text_3130260,,,2,,0,,,1,3130390,157950
535,3130270,2,1,,10101,,,0,,,3130280,gal_favor_text_3130270,,,2,,0,,,1,3130390,157950
536,3130280,2,1,,10101,,,0,,,3130290,gal_favor_text_3130280,,,2,,0,,,1,3130390,157950
537,3130290,2,1,gal_name_01,10101,,,0,,,3130300,gal_favor_text_3130290,,,1,,0,,,1,3130390,157950
538,3130300,2,1,player_name,10101,,,0,,,3130310,gal_favor_text_3130300,,,1,,0,,,1,3130390,157950
539,3130310,2,1,gal_name_01,10101,,,0,,,3130320,gal_favor_text_3130310,,,1,,0,,,1,3130390,157950
540,3130320,2,1,,10101,,,0,,,3130330,gal_favor_text_3130320,,,2,,0,,,1,3130390,157950
541,3130330,2,1,,10101,,,0,,,3130340,gal_favor_text_3130330,,,2,,0,,,1,3130390,157950
542,3130340,2,1,,10101,,,0,,,3130350,gal_favor_text_3130340,,,2,,0,,,1,3130390,157950
543,3130350,2,1,,10101,,,0,,,3130360,gal_favor_text_3130350,,,2,,0,,,1,3130390,157950
544,3130360,2,1,player_name,10101,,,0,,,3130370,gal_favor_text_3130360,,,1,,0,,,1,3130390,157950
545,3130370,2,1,gal_name_01,10101,,,0,,,3130380,gal_favor_text_3130370,,,1,,0,,,1,3130390,157950
546,3130380,2,1,,10101,,,0,,,3130390,gal_favor_text_3130380,,,2,,0,,,1,3130390,157950
547,3130390,2,2,gal_name_01,10101,2,gal_favor_text_3130391|gal_favor_text_3130392,0,,,3130400|3130410,gal_favor_text_3130390,,,1,,0,,,0,,157950
548,3130400,2,1,gal_name_01,10101,,,0,,,3130420,gal_favor_text_3130400,,,1,,0,,,1,-1,157950
549,3130410,2,1,gal_name_01,10101,,,0,,,3130420,gal_favor_text_3130410,,,1,,0,,,1,-1,157950
550,3130420,2,1,,10101,,,0,,,3130430,gal_favor_text_3130420,,,2,,0,,,1,-1,157950
551,3130430,2,1,player_name,10101,,,0,,,3130440,gal_favor_text_3130430,,,1,,0,,,1,-1,157950
552,3130440,2,1,gal_name_01,10101,,,0,,,3130450,gal_favor_text_3130440,,,1,,0,,,1,-1,157950
553,3130450,2,1,player_name,10101,,,0,,,3130460,gal_favor_text_3130450,,,1,,0,,,1,-1,157950
554,3130460,2,1,gal_name_01,10101,,,0,,,3130470,gal_favor_text_3130460,,,1,,0,,,1,-1,157950
555,3130470,2,1,,10101,,,0,,,3130480,gal_favor_text_3130470,,,2,,0,,,1,-1,157950
556,3130480,2,1,player_name,10101,,,0,,,3130490,gal_favor_text_3130480,,,1,,0,,,1,-1,157950
557,3130490,2,1,gal_name_01,10101,,,0,,,3130500,gal_favor_text_3130490,,,1,,0,,,1,-1,157950
558,3130500,2,1,player_name,10101,,,0,,,3130510,gal_favor_text_3130500,,,1,,0,,,1,-1,157950
559,3130510,2,1,,10101,,,0,,,3130520,gal_favor_text_3130510,,,2,,0,,,1,-1,157950
560,3130520,2,1,,10101,,,0,,,3130530,gal_favor_text_3130520,,,2,,0,,,1,-1,157950
561,3130530,2,1,,10101,,,0,,,3130540,gal_favor_text_3130530,,,2,,0,,,1,-1,157950
562,3130540,2,1,player_name,10101,,,0,,,3130550,gal_favor_text_3130540,,,1,,0,,,1,-1,157950
563,3130550,2,1,,10101,,,0,,,3130560,gal_favor_text_3130550,,,2,,0,,,1,-1,157950
564,3130560,2,1,player_name,10101,,,0,,,3130570,gal_favor_text_3130560,,,1,,0,,,1,-1,157950
565,3130570,2,1,,10101,,,0,,,3130580,gal_favor_text_3130570,,,2,,0,,,1,-1,157950
566,3130580,2,1,player_name,10101,,,0,,,3130590,gal_favor_text_3130580,,,1,,0,,,1,-1,157950
567,3130590,2,1,gal_name_01,10101,,,0,,,3130600,gal_favor_text_3130590,,,1,,0,,,1,-1,157950
568,3130600,2,1,player_name,10101,,,0,,,3130610,gal_favor_text_3130600,,,1,,0,,,1,-1,157950
569,3130610,2,1,,10101,,,0,,,3130620,gal_favor_text_3130610,,,2,,0,,,1,-1,157950
570,3130620,2,1,gal_name_01,10101,,,0,,,3130630,gal_favor_text_3130620,,,1,,0,,,1,-1,157950
571,3130630,2,1,player_name,10101,,,0,,,3130640,gal_favor_text_3130630,,,1,,0,,,1,-1,157950
572,3130640,2,1,gal_name_01,10101,,,0,,,3130650,gal_favor_text_3130640,,,1,,0,,,1,-1,157950
573,3130650,2,1,,10101,,,0,,,3130660,gal_favor_text_3130650,,,2,,0,,,1,-1,157950
574,3130660,2,1,player_name,10101,,,0,,,3130670,gal_favor_text_3130660,,,1,,0,,,1,-1,157950
575,3130670,2,1,,10101,,,0,,,3130680,gal_favor_text_3130670,,,2,,0,,,1,-1,157950
576,3130680,2,1,gal_name_01,10101,,,0,,,3130690,gal_favor_text_3130680,,,1,,0,,,1,-1,157950
577,3130690,2,1,,10101,,,0,,,3130700,gal_favor_text_3130690,,,2,,0,,,1,-1,157950
578,3130700,2,1,,10101,,,0,,,3130710,gal_favor_text_3130700,,,2,,0,,,1,-1,157950
579,3130710,2,1,,10101,,,0,,,3130720,gal_favor_text_3130710,,,2,,0,,,1,-1,157950
580,3130720,2,1,player_name,10101,,,0,,,3130730,gal_favor_text_3130720,,,1,,0,,,1,-1,157950
581,3130730,2,1,,10101,,,0,,,3130740,gal_favor_text_3130730,,,2,,0,,,1,-1,157950
582,3130740,2,1,,10101,,,0,,,3130750,gal_favor_text_3130740,,,2,,0,,,1,-1,157950
583,3130750,2,1,,10101,,,0,,,3130760,gal_favor_text_3130750,,,2,,0,,,1,-1,157950
584,3130760,2,1,gal_name_01,10101,,,0,,,3130770,gal_favor_text_3130760,,,1,,0,,,1,-1,157950
585,3130770,2,1,,10101,,,0,,,3130780,gal_favor_text_3130770,,,2,,0,,,1,-1,157950
586,3130780,2,1,player_name,10101,,,0,,,3130790,gal_favor_text_3130780,,,1,,0,,,1,-1,157950
587,3130790,2,1,gal_name_01,10101,,,0,,,3130800,gal_favor_text_3130790,,,1,,0,,,1,-1,157950
588,3130800,2,1,,10101,,,0,,,3130810,gal_favor_text_3130800,,,2,,0,,,1,-1,157950
589,3130810,2,1,,10101,,,0,,,3130820,gal_favor_text_3130810,,,2,,0,,,1,-1,157950
590,3130820,2,1,,10101,,,0,,,3130830,gal_favor_text_3130820,,,2,,0,,,1,-1,157950
591,3130830,2,1,gal_name_01,10101,,,0,,,3130840,gal_favor_text_3130830,,,1,,0,,,1,-1,157950
592,3130840,2,1,,10101,,,0,,,3130850,gal_favor_text_3130840,,,2,,0,,,1,-1,157950
593,3130850,2,1,player_name,10101,,,0,,,3130860,gal_favor_text_3130850,,,1,,0,,,1,-1,157950
594,3130860,2,1,,10101,,,0,,,-1,gal_favor_text_3130860,,,2,,0,,,1,-1,157950
595,3140010,2,1,,10101,,,0,,,3140020,gal_favor_text_3140010,,,2,,2,gal_bg_park_2,,1,-1,157950
596,3140020,2,1,,10101,,,0,,,3140030,gal_favor_text_3140020,,,2,,0,,,1,-1,157950
597,3140030,2,1,,10101,,,0,,,3140040,gal_favor_text_3140030,,,2,,0,,,1,-1,157950
598,3140040,2,1,gal_name_01,10101,,,0,,,3140050,gal_favor_text_3140040,,,1,,0,,,1,-1,157950
599,3140050,2,1,player_name,10101,,,0,,,3140060,gal_favor_text_3140050,,,1,,0,,,1,-1,157950
600,3140060,2,1,gal_name_01,10101,,,0,,,3140070,gal_favor_text_3140060,,,1,,0,,,1,-1,157950
601,3140070,2,1,player_name,10101,,,0,,,3140080,gal_favor_text_3140070,,,1,,0,,,1,-1,157950
602,3140080,2,1,,10101,,,0,,,3140090,gal_favor_text_3140080,,,2,,0,,,1,-1,157950
603,3140090,2,1,,10101,,,0,,,3140100,gal_favor_text_3140090,,,2,,0,,,1,-1,157950
604,3140100,2,1,gal_name_01,10101,,,0,,,3140110,gal_favor_text_3140100,,,1,,0,,,1,-1,157950
605,3140110,2,1,,10101,,,0,,,3140120,gal_favor_text_3140110,,,2,,0,,,1,-1,157950
606,3140120,2,1,player_name,10101,,,0,,,3140130,gal_favor_text_3140120,,,1,,0,,,1,-1,157950
607,3140130,2,1,gal_name_01,10101,,,0,,,3140140,gal_favor_text_3140130,,,1,,0,,,1,-1,157950
608,3140140,2,1,player_name,10101,,,0,,,3140150,gal_favor_text_3140140,,,1,,0,,,1,-1,157950
609,3140150,2,1,gal_name_01,10101,,,0,,,3140160,gal_favor_text_3140150,,,1,,0,,,1,-1,157950
610,3140160,2,1,player_name,10101,,,0,,,3140170,gal_favor_text_3140160,,,1,,0,,,1,-1,157950
611,3140170,2,1,gal_name_01,10101,,,0,,,3140180,gal_favor_text_3140170,,,1,,0,,,1,-1,157950
612,3140180,2,1,,10101,,,0,,,3140190,gal_favor_text_3140180,,,2,,0,,,1,-1,157950
613,3140190,2,1,,10101,,,0,,,3140200,gal_favor_text_3140190,,,2,,0,,,1,-1,157950
614,3140200,2,1,,10101,,,0,,,3140210,gal_favor_text_3140200,,,2,,0,,,1,-1,157950
615,3140210,2,1,gal_name_01,10101,,,0,,,3140220,gal_favor_text_3140210,,,1,,0,,,1,-1,157950
616,3140220,2,1,player_name,10101,,,0,,,3140230,gal_favor_text_3140220,,,1,,0,,,1,-1,157950
617,3140230,2,1,gal_name_01,10101,,,0,,,3140240,gal_favor_text_3140230,,,1,,0,,,1,-1,157950
618,3140240,2,1,,10101,,,0,,,3140250,gal_favor_text_3140240,,,2,,0,,,1,-1,157950
619,3140250,2,1,player_name,10101,,,0,,,3140260,gal_favor_text_3140250,,,1,,0,,,1,-1,157950
620,3140260,2,1,gal_name_01,10101,,,0,,,3140270,gal_favor_text_3140260,,,1,,0,,,1,-1,157950
621,3140270,2,1,,10101,,,0,,,3140280,gal_favor_text_3140270,,,2,,0,,,1,-1,157950
622,3140280,2,1,player_name,10101,,,0,,,3140290,gal_favor_text_3140280,,,1,,0,,,1,-1,157950
623,3140290,2,1,gal_name_01,10101,,,0,,,3140300,gal_favor_text_3140290,,,1,,0,,,1,-1,157950
624,3140300,2,1,player_name,10101,,,0,,,3140310,gal_favor_text_3140300,,,1,,0,,,1,-1,157950
625,3140310,2,1,,10101,,,0,,,3140320,gal_favor_text_3140310,,,2,,0,,,1,-1,157950
626,3140320,2,1,gal_name_01,10101,,,0,,,3140330,gal_favor_text_3140320,,,1,,0,,,1,-1,157950
627,3140330,2,1,,10101,,,0,,,3140340,gal_favor_text_3140330,,,2,,0,,,1,-1,157950
628,3140340,2,1,gal_name_01,10101,,,0,,,3140350,gal_favor_text_3140340,,,1,,0,,,1,-1,157950
629,3140350,2,1,,10101,,,0,,,3140360,gal_favor_text_3140350,,,2,,0,,,1,-1,157950
630,3140360,2,1,,10101,,,0,,,3140370,gal_favor_text_3140360,,,2,,0,,,1,-1,157950
631,3140370,2,1,,10101,,,0,,,3140380,gal_favor_text_3140370,,,2,,0,,,1,-1,157950
632,3140380,2,1,,10101,,,0,,,3140390,gal_favor_text_3140380,,,2,,0,,,1,-1,157950
633,3140390,2,1,player_name,10101,,,0,,,3140400,gal_favor_text_3140390,,,1,,0,,,1,-1,157950
634,3140400,2,1,,10101,,,0,,,3140410,gal_favor_text_3140400,,,2,,0,,,1,-1,157950
635,3140410,2,1,,10101,,,0,,,3140420,gal_favor_text_3140410,,,2,,0,,,1,-1,157950
636,3140420,2,1,gal_name_01,10101,,,0,,,3140430,gal_favor_text_3140420,,,1,,0,,,1,-1,157950
637,3140430,2,1,player_name,10101,,,0,,,3140440,gal_favor_text_3140430,,,1,,0,,,1,-1,157950
638,3140440,2,1,gal_name_01,10101,,,0,,,3140450,gal_favor_text_3140440,,,1,,0,,,1,-1,157950
639,3140450,2,1,player_name,10101,,,0,,,3140460,gal_favor_text_3140450,,,1,,0,,,1,-1,157950
640,3140460,2,1,gal_name_01,10101,,,0,,,3140470,gal_favor_text_3140460,,,1,,0,,,1,-1,157950
641,3140470,2,1,player_name,10101,,,0,,,3140480,gal_favor_text_3140470,,,1,,0,,,1,-1,157950
642,3140480,2,1,gal_name_01,10101,,,0,,,3140490,gal_favor_text_3140480,,,1,,0,,,1,-1,157950
643,3140490,2,1,,10101,,,0,,,3140500,gal_favor_text_3140490,,,2,,0,,,1,-1,157950
644,3140500,2,1,,10101,,,0,,,3140510,gal_favor_text_3140500,,,2,,0,,,1,-1,157950
645,3140510,2,1,,10101,,,0,,,3140520,gal_favor_text_3140510,,,2,,0,,,1,-1,157950
646,3140520,2,1,,10101,,,0,,,3140530,gal_favor_text_3140520,,,2,,0,,,1,-1,157950
647,3140530,2,1,,10101,,,0,,,3140540,gal_favor_text_3140530,,,2,,0,,,1,-1,157950
648,3140540,2,1,,10101,,,0,,,3140550,gal_favor_text_3140540,,,2,,0,,,1,-1,157950
649,3140550,2,1,gal_name_01,10101,,,0,,,3140560,gal_favor_text_3140550,,,1,,0,,,1,-1,157950
650,3140560,2,1,player_name,10101,,,0,,,3140570,gal_favor_text_3140560,,,1,,0,,,1,-1,157950
651,3140570,2,1,,10101,,,0,,,3140580,gal_favor_text_3140570,,,2,,0,,,1,-1,157950
652,3140580,2,1,,10101,,,0,,,3140590,gal_favor_text_3140580,,,2,,0,,,1,-1,157950
653,3140590,2,1,gal_name_01,10101,,,0,,,3140600,gal_favor_text_3140590,,,1,,0,,,1,-1,157950
654,3140600,2,1,,10101,,,0,,,3140610,gal_favor_text_3140600,,,2,,0,,,1,-1,157950
655,3140610,2,1,,10101,,,0,,,3140620,gal_favor_text_3140610,,,2,,0,,,1,-1,157950
656,3140620,2,1,,10101,,,0,,,3140630,gal_favor_text_3140620,,,2,,0,,,1,-1,157950
657,3140630,2,1,,10101,,,0,,,3140640,gal_favor_text_3140630,,,2,,0,,,1,-1,157950
658,3140640,2,1,player_name,10101,,,0,,,3140650,gal_favor_text_3140640,,,1,,0,,,1,-1,157950
659,3140650,2,1,gal_name_01,10101,,,0,,,3140660,gal_favor_text_3140650,,,1,,0,,,1,-1,157950
660,3140660,2,1,player_name,10101,,,0,,,3140670,gal_favor_text_3140660,,,1,,0,,,1,-1,157950
661,3140670,2,1,gal_name_01,10101,,,0,,,3140680,gal_favor_text_3140670,,,1,,0,,,1,-1,157950
662,3140680,2,1,player_name,10101,,,0,,,3140690,gal_favor_text_3140680,,,1,,0,,,1,-1,157950
663,3140690,2,1,gal_name_01,10101,,,0,,,3140700,gal_favor_text_3140690,,,1,,0,,,1,-1,157950
664,3140700,2,1,player_name,10101,,,0,,,3140710,gal_favor_text_3140700,,,1,,0,,,1,-1,157950
665,3140710,2,1,gal_name_01,10101,,,0,,,3140720,gal_favor_text_3140710,,,1,,0,,,1,-1,157950
666,3140720,2,1,,10101,,,0,,,3140730,gal_favor_text_3140720,,,2,,0,,,1,-1,157950
667,3140730,2,1,player_name,10101,,,0,,,3140740,gal_favor_text_3140730,,,1,,0,,,1,-1,157950
668,3140740,2,1,gal_name_01,10101,,,0,,,3140750,gal_favor_text_3140740,,,1,,0,,,1,-1,157950
669,3140750,2,1,,10101,,,0,,,3140760,gal_favor_text_3140750,,,2,,0,,,1,-1,157950
670,3140760,2,1,player_name,10101,,,0,,,3140770,gal_favor_text_3140760,,,1,,0,,,1,-1,157950
671,3140770,2,1,,10101,,,0,,,3140780,gal_favor_text_3140770,,,2,,0,,,1,-1,157950
672,3140780,2,1,player_name,10101,,,0,,,3140790,gal_favor_text_3140780,,,1,,0,,,1,-1,157950
673,3140790,2,1,gal_name_01,10101,,,0,,,3140800,gal_favor_text_3140790,,,1,,0,,,1,-1,157950
674,3140800,2,1,player_name,10101,,,0,,,3140810,gal_favor_text_3140800,,,1,,0,,,1,-1,157950
675,3140810,2,1,gal_name_01,10101,,,0,,,3140820,gal_favor_text_3140810,,,1,,0,,,1,-1,157950
676,3140820,2,1,player_name,10101,,,0,,,3140830,gal_favor_text_3140820,,,1,,0,,,1,-1,157950
677,3140830,2,1,,10101,,,0,,,3140840,gal_favor_text_3140830,,,2,,0,,,1,-1,157950
678,3140840,2,1,,10101,,,0,,,3140850,gal_favor_text_3140840,,,2,,0,,,1,-1,157950
679,3140850,2,1,player_name,10101,,,0,,,3140860,gal_favor_text_3140850,,,1,,0,,,1,-1,157950
680,3140860,2,1,gal_name_01,10101,,,0,,,3140870,gal_favor_text_3140860,,,1,,0,,,1,-1,157950
681,3140870,2,1,,10101,,,0,,,3140880,gal_favor_text_3140870,,,2,,0,,,1,-1,157950
682,3140880,2,1,player_name,10101,,,0,,,3140890,gal_favor_text_3140880,,,1,,0,,,1,-1,157950
683,3140890,2,1,gal_name_01,10101,,,0,,,-1,gal_favor_text_3140890,,,1,,0,,,1,-1,157950
684,3150010,2,1,,10101,,,0,,,3150020,gal_favor_text_3150010,,,2,,2,gal_bg_sea_1,,1,-1,157950
685,3150020,2,1,,10101,,,0,,,3150030,gal_favor_text_3150020,,,2,,0,,,1,-1,157950
686,3150030,2,1,,10101,,,0,,,3150040,gal_favor_text_3150030,,,2,,0,,,1,-1,157950
687,3150040,2,1,player_name,10101,,,0,,,3150050,gal_favor_text_3150040,,,1,,0,,,1,-1,157950
688,3150050,2,1,gal_name_01,10101,,,0,,,3150060,gal_favor_text_3150050,,,1,,0,,,1,-1,157950
689,3150060,2,1,player_name,10101,,,0,,,3150070,gal_favor_text_3150060,,,1,,0,,,1,-1,157950
690,3150070,2,1,gal_name_01,10101,,,0,,,3150080,gal_favor_text_3150070,,,1,,0,,,1,-1,157950
691,3150080,2,1,player_name,10101,,,0,,,3150090,gal_favor_text_3150080,,,1,,0,,,1,-1,157950
692,3150090,2,1,gal_name_01,10101,,,0,,,3150100,gal_favor_text_3150090,,,1,,0,,,1,-1,157950
693,3150100,2,1,,10101,,,0,,,3150110,gal_favor_text_3150100,,,2,,0,,,1,-1,157950
694,3150110,2,1,gal_name_46,10101,,,0,,,3150120,gal_favor_text_3150110,,,1,,0,,,1,-1,157950
695,3150120,2,1,player_name,10101,,,0,,,3150130,gal_favor_text_3150120,,,1,,0,,,1,-1,157950
696,3150130,2,1,gal_name_46,10101,,,0,,,3150140,gal_favor_text_3150130,,,1,,0,,,1,-1,157950
697,3150140,2,1,player_name,10101,,,0,,,3150150,gal_favor_text_3150140,,,1,,0,,,1,-1,157950
698,3150150,2,1,gal_name_46,10101,,,0,,,3150160,gal_favor_text_3150150,,,1,,0,,,1,-1,157950
699,3150160,2,1,gal_name_01,10101,,,0,,,3150170,gal_favor_text_3150160,,,1,,0,,,1,-1,157950
700,3150170,2,1,gal_name_46,10101,,,0,,,3150180,gal_favor_text_3150170,,,1,,0,,,1,-1,157950
701,3150180,2,1,,10101,,,0,,,3150190,gal_favor_text_3150180,,,2,,0,,,1,-1,157950
702,3150190,2,1,player_name,10101,,,0,,,3150200,gal_favor_text_3150190,,,1,,0,,,1,-1,157950
703,3150200,2,1,gal_name_01,10101,,,0,,,3150210,gal_favor_text_3150200,,,1,,0,,,1,-1,157950
704,3150210,2,1,player_name,10101,,,0,,,3150220,gal_favor_text_3150210,,,1,,0,,,1,-1,157950
705,3150220,2,1,gal_name_01,10101,,,0,,,3150230,gal_favor_text_3150220,,,1,,0,,,1,-1,157950
706,3150230,2,1,player_name,10101,,,0,,,3150240,gal_favor_text_3150230,,,1,,0,,,1,-1,157950
707,3150240,2,1,gal_name_01,10101,,,0,,,3150250,gal_favor_text_3150240,,,1,,0,,,1,-1,157950
708,3150250,2,1,,10101,,,0,,,3150260,gal_favor_text_3150250,,,2,,0,,,1,-1,157950
709,3150260,2,1,gal_name_01,10101,,,0,,,3150270,gal_favor_text_3150260,,,1,,0,,,1,-1,157950
710,3150270,2,1,,10101,,,0,,,3150280,gal_favor_text_3150270,,,2,,0,,,1,-1,157950
711,3150280,2,1,player_name,10101,,,0,,,3150290,gal_favor_text_3150280,,,1,,0,,,1,-1,157950
712,3150290,2,1,,10101,,,0,,,3150300,gal_favor_text_3150290,,,2,,0,,,1,-1,157950
713,3150300,2,1,gal_name_01,10101,,,0,,,3150310,gal_favor_text_3150300,,,1,,0,,,1,-1,157950
714,3150310,2,1,,10101,,,0,,,3150320,gal_favor_text_3150310,,,2,,0,,,1,-1,157950
715,3150320,2,1,gal_name_01,10101,,,0,,,3150330,gal_favor_text_3150320,,,1,,0,,,1,-1,157950
716,3150330,2,1,player_name,10101,,,0,,,3150340,gal_favor_text_3150330,,,1,,0,,,1,-1,157950
717,3150340,2,1,gal_name_01,10101,,,0,,,3150350,gal_favor_text_3150340,,,1,,0,,,1,-1,157950
718,3150350,2,1,,10101,,,0,,,3150360,gal_favor_text_3150350,,,2,,0,,,1,-1,157950
719,3150360,2,1,gal_name_01,10101,,,0,,,3150370,gal_favor_text_3150360,,,1,,0,,,1,-1,157950
720,3150370,2,1,player_name,10101,,,0,,,3150380,gal_favor_text_3150370,,,1,,0,,,1,-1,157950
721,3150380,2,1,gal_name_01,10101,,,0,,,3150390,gal_favor_text_3150380,,,1,,0,,,1,-1,157950
722,3150390,2,1,player_name,10101,,,0,,,3150400,gal_favor_text_3150390,,,1,,0,,,1,-1,157950
723,3150400,2,1,,10101,,,0,,,3150410,gal_favor_text_3150400,,,2,,0,,,1,-1,157950
724,3150410,2,1,gal_name_01,10101,,,0,,,3150420,gal_favor_text_3150410,,,1,,0,,,1,-1,157950
725,3150420,2,1,,10101,,,0,,,3150430,gal_favor_text_3150420,,,2,,0,,,1,-1,157950
726,3150430,2,1,gal_name_01,10101,,,0,,,3150440,gal_favor_text_3150430,,,1,,0,,,1,-1,157950
727,3150440,2,1,player_name,10101,,,0,,,3150450,gal_favor_text_3150440,,,1,,0,,,1,-1,157950
728,3150450,2,1,gal_name_01,10101,,,0,,,3150460,gal_favor_text_3150450,,,1,,0,,,1,-1,157950
729,3150460,2,1,player_name,10101,,,0,,,3150470,gal_favor_text_3150460,,,1,,0,,,1,-1,157950
730,3150470,2,1,gal_name_01,10101,,,0,,,3150480,gal_favor_text_3150470,,,1,,0,,,1,-1,157950
731,3150480,2,1,,10101,,,0,,,3150490,gal_favor_text_3150480,,,2,,0,,,1,-1,157950
732,3150490,2,1,,10101,,,0,,,3150500,gal_favor_text_3150490,,,2,,0,,,1,-1,157950
733,3150500,2,1,,10101,,,0,,,3150510,gal_favor_text_3150500,,,2,,0,,,1,-1,157950
734,3150510,2,1,player_name,10101,,,0,,,3150520,gal_favor_text_3150510,,,1,,0,,,1,-1,157950
735,3150520,2,1,gal_name_01,10101,,,0,,,3150530,gal_favor_text_3150520,,,1,,0,,,1,-1,157950
736,3150530,2,1,player_name,10101,,,0,,,3150540,gal_favor_text_3150530,,,1,,0,,,1,-1,157950
737,3150540,2,1,gal_name_01,10101,,,0,,,3150550,gal_favor_text_3150540,,,1,,0,,,1,-1,157950
738,3150550,2,1,,10101,,,0,,,3150560,gal_favor_text_3150550,,,2,,0,,,1,-1,157950
739,3150560,2,1,player_name,10101,,,0,,,3150570,gal_favor_text_3150560,,,1,,0,,,1,-1,157950
740,3150570,2,1,,10101,,,0,,,3150580,gal_favor_text_3150570,,,2,,0,,,1,-1,157950
741,3150580,2,1,,10101,,,0,,,3150590,gal_favor_text_3150580,,,2,,0,,,1,-1,157950
742,3150590,2,1,gal_name_01,10101,,,0,,,3150600,gal_favor_text_3150590,,,1,,0,,,1,-1,157950
743,3150600,2,1,,10101,,,0,,,3150610,gal_favor_text_3150600,,,2,,0,,,1,-1,157950
744,3150610,2,1,,10101,,,0,,,3150620,gal_favor_text_3150610,,,2,,0,,,1,-1,157950
745,3150620,2,1,,10101,,,0,,,3150630,gal_favor_text_3150620,,,2,,0,,,1,-1,157950
746,3150630,2,1,gal_name_01,10101,,,0,,,3150640,gal_favor_text_3150630,,,1,,0,,,1,-1,157950
747,3150640,2,1,,10101,,,0,,,3150650,gal_favor_text_3150640,,,2,,0,,,1,-1,157950
748,3150650,2,1,gal_name_01,10101,,,0,,,3150660,gal_favor_text_3150650,,,1,,0,,,1,-1,157950
749,3150660,2,1,,10101,,,0,,,3150670,gal_favor_text_3150660,,,2,,0,,,1,-1,157950
750,3150670,2,1,player_name,10101,,,0,,,3150680,gal_favor_text_3150670,,,1,,0,,,1,-1,157950
751,3150680,2,1,gal_name_01,10101,,,0,,,3150690,gal_favor_text_3150680,,,1,,0,,,1,-1,157950
752,3150690,2,1,,10101,,,0,,,3150700,gal_favor_text_3150690,,,2,,0,,,1,-1,157950
753,3150700,2,1,gal_name_01,10101,,,0,,,3150710,gal_favor_text_3150700,,,1,,0,,,1,-1,157950
754,3150710,2,1,player_name,10101,,,0,,,3150720,gal_favor_text_3150710,,,1,,0,,,1,-1,157950
755,3150720,2,1,,10101,,,0,,,3150730,gal_favor_text_3150720,,,2,,0,,,1,-1,157950
756,3150730,2,1,gal_name_01,10101,,,0,,,3150740,gal_favor_text_3150730,,,1,,0,,,1,-1,157950
757,3150740,2,1,,10101,,,0,,,3150750,gal_favor_text_3150740,,,2,,0,,,1,-1,157950
758,3150750,2,1,,10101,,,0,,,3150760,gal_favor_text_3150750,,,2,,0,,,1,-1,157950
759,3150760,2,1,player_name,10101,,,0,,,3150770,gal_favor_text_3150760,,,1,,0,,,1,-1,157950
760,3150770,2,1,,10101,,,0,,,3150780,gal_favor_text_3150770,,,2,,0,,,1,-1,157950
761,3150780,2,1,,10101,,,0,,,3150790,gal_favor_text_3150780,,,2,,0,,,1,-1,157950
762,3150790,2,1,,10101,,,0,,,3150800,gal_favor_text_3150790,,,2,,0,,,1,-1,157950
763,3150800,2,1,,10101,,,0,,,3150810,gal_favor_text_3150800,,,2,,0,,,1,-1,157950
764,3150810,2,1,gal_name_01,10101,,,0,,,3150820,gal_favor_text_3150810,,,1,,0,,,1,-1,157950
765,3150820,2,1,player_name,10101,,,0,,,3150830,gal_favor_text_3150820,,,1,,0,,,1,-1,157950
766,3150830,2,1,,10101,,,0,,,3150840,gal_favor_text_3150830,,,2,,0,,,1,-1,157950
767,3150840,2,1,gal_name_01,10101,,,0,,,3150850,gal_favor_text_3150840,,,1,,0,,,1,-1,157950
768,3150850,2,1,,10101,,,0,,,3150860,gal_favor_text_3150850,,,2,,0,,,1,-1,157950
769,3150860,2,1,,10101,,,0,,,3150870,gal_favor_text_3150860,,,2,,0,,,1,-1,157950
770,3150870,2,1,,10101,,,0,,,3150880,gal_favor_text_3150870,,,2,,0,,,1,-1,157950
771,3150880,2,1,,10101,,,0,,,3150890,gal_favor_text_3150880,,,2,,0,,,1,-1,157950
772,3150890,2,1,,10101,,,0,,,3150900,gal_favor_text_3150890,,,2,,0,,,1,-1,157950
773,3150900,2,1,gal_name_01,10101,,,0,,,3150910,gal_favor_text_3150900,,,1,,0,,,1,-1,157950
774,3150910,2,1,gal_name_46,10101,,,0,,,3150920,gal_favor_text_3150910,,,1,,0,,,1,-1,157950
775,3150920,2,1,,10101,,,0,,,3150930,gal_favor_text_3150920,,,2,,0,,,1,-1,157950
776,3150930,2,1,,10101,,,0,,,3150940,gal_favor_text_3150930,,,2,,0,,,1,-1,157950
777,3150940,2,1,gal_name_01,10101,,,0,,,-1,gal_favor_text_3150940,,,1,,0,,,1,-1,157950
778,30210010,2,1,,10201,,,0,,,30210020,gal_favor_text_30210010,,,2,,2,gal_bg_station_1,gal_bg_room_1,1,-1,157950
779,30210020,2,1,,10201,,,0,,,30210030,gal_favor_text_30210020,,,2,,0,,,1,-1,157950
780,30210030,2,1,,10201,,,0,,,30210040,gal_favor_text_30210030,,,2,,0,,,1,-1,157950
781,30210040,2,1,gal_name_40,10201,,,0,,,30210050,gal_favor_text_30210040,,,1,,0,,,1,-1,157950
782,30210050,2,1,gal_name_40,10201,,,0,,,30210060,gal_favor_text_30210050,,,1,,0,,,1,-1,157950
783,30210060,2,1,gal_name_40,10201,,,0,,,30210070,gal_favor_text_30210060,,,1,,0,,,1,-1,157950
784,30210070,2,1,gal_name_37,10201,,,0,,,30210080,gal_favor_text_30210070,,,1,,0,,,1,-1,157950
785,30210080,2,1,player_name,10201,,,0,,,30210090,gal_favor_text_30210080,,,1,,0,,,1,-1,157950
786,30210090,2,1,gal_name_37,10201,,,0,,,30210100,gal_favor_text_30210090,,,1,,0,,,1,-1,157950
787,30210100,2,1,player_name,10201,,,0,,,30210110,gal_favor_text_30210100,,,1,,0,,,1,-1,157950
788,30210110,2,1,player_name,10201,,,0,,,30210120,gal_favor_text_30210110,,,1,,0,,,1,-1,157950
789,30210120,2,1,,10201,,,0,,,30210130,gal_favor_text_30210120,,,2,,0,,,1,-1,157950
790,30210130,2,1,,10201,,,0,,,30210140,gal_favor_text_30210130,,,2,,0,,,1,-1,157950
791,30210140,2,1,,10201,,,0,,,30210150,gal_favor_text_30210140,,,2,,0,,,1,-1,157950
792,30210150,2,1,,10201,,,0,,,30210160,gal_favor_text_30210150,,,2,,0,,,1,-1,157950
793,30210160,2,1,gal_name_02,10201,,,0,,,30210170,gal_favor_text_30210160,,,1,,0,,,1,-1,157950
794,30210170,2,1,player_name,10201,,,0,,,30210180,gal_favor_text_30210170,,,1,,0,,,1,-1,157950
795,30210180,2,1,gal_name_02,10201,,,0,,,30210190,gal_favor_text_30210180,,,1,,0,,,1,-1,157950
796,30210190,2,1,,10201,,,0,,,30210200,gal_favor_text_30210190,,,2,,0,,,1,-1,157950
797,30210200,2,1,player_name,10201,,,0,,,30210210,gal_favor_text_30210200,,,1,,0,,,1,-1,157950
798,30210210,2,1,gal_name_02,10201,,,0,,,30210220,gal_favor_text_30210210,,,1,,0,,,1,-1,157950
799,30210220,2,1,,10201,,,0,,,30210230,gal_favor_text_30210220,,,2,,0,,,1,-1,157950
800,30210230,2,1,gal_name_02,10201,,,0,,,30210240,gal_favor_text_30210230,,,1,,0,,,1,-1,157950
801,30210240,2,1,player_name,10201,,,0,,,30210250,gal_favor_text_30210240,,,1,,0,,,1,-1,157950
802,30210250,2,1,gal_name_02,10201,,,0,,,30210260,gal_favor_text_30210250,,,1,,0,,,1,-1,157950
803,30210260,2,1,player_name,10201,,,0,,,30210270,gal_favor_text_30210260,,,1,,0,,,1,-1,157950
804,30210270,2,1,gal_name_02,10201,,,0,,,30210280,gal_favor_text_30210270,,,1,,0,,,1,-1,157950
805,30210280,2,1,player_name,10201,,,0,,,30210290,gal_favor_text_30210280,,,1,,0,,,1,-1,157950
806,30210290,2,1,gal_name_02,10201,,,0,,,30210300,gal_favor_text_30210290,,,1,,0,,,1,-1,157950
807,30210300,2,1,,10201,,,0,,,30210310,gal_favor_text_30210300,,,2,,0,,,1,-1,157950
808,30210310,2,1,player_name,10201,,,0,,,30210320,gal_favor_text_30210310,,,1,,0,,,1,-1,157950
809,30210320,2,1,gal_name_02,10201,,,0,,,30210330,gal_favor_text_30210320,,,1,,0,,,1,-1,157950
810,30210330,2,1,,10201,,,0,,,30210340,gal_favor_text_30210330,,,2,,0,,,1,-1,157950
811,30210340,2,1,,10201,,,0,,,30210350,gal_favor_text_30210340,,,2,,0,,,1,-1,157950
812,30210350,2,1,,10201,,,0,,,30210360,gal_favor_text_30210350,,,2,,0,,,1,-1,157950
813,30210360,2,1,player_name,10201,,,0,,,30210370,gal_favor_text_30210360,,,1,,0,,,1,-1,157950
814,30210370,2,1,player_name,10201,,,0,,,30210380,gal_favor_text_30210370,,,1,,0,,,1,-1,157950
815,30210380,2,1,,10201,,,0,,,30210390,gal_favor_text_30210380,,,2,,0,,,1,-1,157950
816,30210390,2,1,,10201,,,0,,,30210400,gal_favor_text_30210390,,,2,,0,,,1,-1,157950
817,30210400,2,1,player_name,10201,,,0,,,30210410,gal_favor_text_30210400,,,1,,0,,,1,-1,157950
818,30210410,2,1,,10201,,,0,,,30210420,gal_favor_text_30210410,,,2,,0,,,1,-1,157950
819,30210420,2,1,gal_name_02,10201,,,0,,,30210430,gal_favor_text_30210420,,,1,,0,,,1,-1,157950
820,30210430,2,1,player_name,10201,,,0,,,30210440,gal_favor_text_30210430,,,1,,0,,,1,-1,157950
821,30210440,2,1,gal_name_02,10201,,,0,,,30210450,gal_favor_text_30210440,,,1,,0,,,1,-1,157950
822,30210450,2,1,player_name,10201,,,0,,,30210460,gal_favor_text_30210450,,,1,,0,,,1,-1,157950
823,30210460,2,1,gal_name_02,10201,,,0,,,30210470,gal_favor_text_30210460,,,1,,0,,,1,-1,157950
824,30210470,2,1,player_name,10201,,,0,,,30210480,gal_favor_text_30210470,,,1,,0,,,1,-1,157950
825,30210480,2,1,player_name,10201,,,0,,,30210490,gal_favor_text_30210480,,,1,,0,,,1,-1,157950
826,30210490,2,1,player_name,10201,,,0,,,30210500,gal_favor_text_30210490,,,1,,0,,,1,-1,157950
827,30210500,2,1,gal_name_02,10201,,,0,,,30210510,gal_favor_text_30210500,,,1,,0,,,1,-1,157950
828,30210510,2,1,gal_name_37,10201,,,0,,,30210520,gal_favor_text_30210510,,,1,,0,,,1,-1,157950
829,30210520,2,1,gal_name_02,10201,,,0,,,30210530,gal_favor_text_30210520,,,1,,0,,,1,-1,157950
830,30210530,2,1,gal_name_02,10201,,,0,,,30210540,gal_favor_text_30210530,,,1,,0,,,1,-1,157950
831,30210540,2,1,player_name,10201,,,0,,,30210550,gal_favor_text_30210540,,,1,,0,,,1,-1,157950
832,30210550,2,1,gal_name_02,10201,,,0,,,30210560,gal_favor_text_30210550,,,1,,0,,,1,-1,157950
833,30210560,2,1,gal_name_02,10201,,,0,,,30210570,gal_favor_text_30210560,,,1,,0,,,1,-1,157950
834,30210570,2,1,player_name,10201,,,0,,,30210580,gal_favor_text_30210570,,,1,,0,,,1,-1,157950
835,30210580,2,1,player_name,10201,,,0,,,30210590,gal_favor_text_30210580,,,1,,0,,,1,-1,157950
836,30210590,2,1,gal_name_02,10201,,,0,,,30210600,gal_favor_text_30210590,,,1,,0,,,1,-1,157950
837,30210600,2,1,,10201,,,0,,,30210610,gal_favor_text_30210600,,,2,,0,gal_bg_school_1,,1,-1,157950
838,30210610,2,1,,10201,,,0,,,30210620,gal_favor_text_30210610,,,2,,0,,,1,-1,157950
839,30210620,2,1,,10201,,,0,,,30210630,gal_favor_text_30210620,,,2,,0,,,1,-1,157950
840,30210630,2,1,player_name,10201,,,0,,,30210640,gal_favor_text_30210630,,,1,,0,,,1,-1,157950
841,30210640,2,1,gal_name_02,10201,,,0,,,30210650,gal_favor_text_30210640,,,1,,0,,,1,-1,157950
842,30210650,2,1,gal_name_15,10201,,,0,,,30210660,gal_favor_text_30210650,,,1,,0,,,1,-1,157950
843,30210660,2,1,,10201,,,0,,,30210670,gal_favor_text_30210660,,,2,,0,,,1,-1,157950
844,30210670,2,1,gal_name_15,10201,,,0,,,30210680,gal_favor_text_30210670,,,1,,0,,,1,-1,157950
845,30210680,2,1,gal_name_02,10201,,,0,,,30210690,gal_favor_text_30210680,,,1,,0,,,1,-1,157950
846,30210690,2,1,gal_name_15,10201,,,0,,,30210700,gal_favor_text_30210690,,,1,,0,,,1,-1,157950
847,30210700,2,1,gal_name_02,10201,,,0,,,30210710,gal_favor_text_30210700,,,1,,0,,,1,-1,157950
848,30210710,2,1,player_name,10201,,,0,,,30210720,gal_favor_text_30210710,,,1,,0,,,1,-1,157950
849,30210720,2,1,gal_name_02,10201,,,0,,,30210730,gal_favor_text_30210720,,,1,,0,,,1,-1,157950
850,30210730,2,1,player_name,10201,,,0,,,30210740,gal_favor_text_30210730,,,1,,0,,,1,-1,157950
851,30210740,2,1,gal_name_02,10201,,,0,,,30210750,gal_favor_text_30210740,,,1,,0,,,1,-1,157950
852,30210750,2,1,gal_name_02,10201,,,0,,,30210760,gal_favor_text_30210750,,,1,,0,,,1,-1,157950
853,30210760,2,1,player_name,10201,,,0,,,30210770,gal_favor_text_30210760,,,1,,0,,,1,-1,157950
854,30210770,2,1,gal_name_02,10201,,,0,,,30210780,gal_favor_text_30210770,,,1,,0,,,1,-1,157950
855,30210780,2,1,gal_name_02,10201,,,0,,,30210790,gal_favor_text_30210780,,,1,,0,,,1,-1,157950
856,30210790,2,1,player_name,10201,,,0,,,30210800,gal_favor_text_30210790,,,1,,0,,,1,-1,157950
857,30210800,2,1,,10201,,,0,,,30210810,gal_favor_text_30210800,,,2,,0,,,1,-1,157950
858,30210810,2,1,player_name,10201,,,0,,,30210820,gal_favor_text_30210810,,,1,,0,,,1,-1,157950
859,30210820,2,1,gal_name_02,10201,,,0,,,30210830,gal_favor_text_30210820,,,1,,0,,,1,-1,157950
860,30210830,2,1,gal_name_02,10201,,,0,,,30210840,gal_favor_text_30210830,,,1,,0,,,1,-1,157950
861,30210840,2,1,,10201,,,0,,,30210850,gal_favor_text_30210840,,,2,,0,,,1,-1,157950
862,30210850,2,1,gal_name_02,10201,,,0,,,30210860,gal_favor_text_30210850,,,1,,0,,,1,-1,157950
863,30210860,2,1,,10201,,,0,,,30210870,gal_favor_text_30210860,,,2,,0,,,1,-1,157950
864,30210870,2,1,player_name,10201,,,0,,,30210880,gal_favor_text_30210870,,,1,,0,,,1,-1,157950
865,30210880,2,1,gal_name_02,10201,,,0,,,30210890,gal_favor_text_30210880,,,1,,0,,,1,-1,157950
866,30210890,2,1,gal_name_02,10201,,,0,,,30210900,gal_favor_text_30210890,,,1,,0,,,1,-1,157950
867,30210900,2,1,,10201,,,0,,,30210910,gal_favor_text_30210900,,,2,,0,,,1,-1,157950
868,30210910,2,1,,10201,,,0,,,30210920,gal_favor_text_30210910,,,2,,0,,,1,-1,157950
869,30210920,2,1,gal_name_02,10201,,,0,,,30210930,gal_favor_text_30210920,,,1,,0,,,1,-1,157950
870,30210930,2,1,player_name,10201,,,0,,,30210940,gal_favor_text_30210930,,,1,,0,,,1,-1,157950
871,30210940,2,1,gal_name_02,10201,,,0,,,30210950,gal_favor_text_30210940,,,1,,0,,,1,-1,157950
872,30210950,2,1,gal_name_02,10201,,,0,,,30210960,gal_favor_text_30210950,,,1,,0,,,1,-1,157950
873,30210960,2,1,player_name,10201,,,0,,,30210970,gal_favor_text_30210960,,,1,,0,,,1,-1,157950
874,30210970,2,1,gal_name_02,10201,,,0,,,30210980,gal_favor_text_30210970,,,1,,0,,,1,-1,157950
875,30210980,2,1,player_name,10201,,,0,,,30210990,gal_favor_text_30210980,,,1,,0,,,1,-1,157950
876,30210990,2,1,,10201,,,0,,,30211000,gal_favor_text_30210990,,,2,,0,,,1,-1,157950
877,30211000,2,1,gal_name_02,10201,,,0,,,30211010,gal_favor_text_30211000,,,1,,0,,,1,-1,157950
878,30211010,2,1,gal_name_02,10201,,,0,,,30211020,gal_favor_text_30211010,,,1,,0,,,1,-1,157950
879,30211020,2,1,player_name,10201,,,0,,,30211030,gal_favor_text_30211020,,,1,,0,,,1,-1,157950
880,30211030,2,1,gal_name_02,10201,,,0,,,30211040,gal_favor_text_30211030,,,1,,0,,,1,-1,157950
881,30211040,2,1,,10201,,,0,,,30211050,gal_favor_text_30211040,,,2,,0,,,1,-1,157950
882,30211050,2,1,gal_name_02,10201,,,0,,,30211060,gal_favor_text_30211050,,,1,,0,,,1,-1,157950
883,30211060,2,1,,10201,,,0,,,30211070,gal_favor_text_30211060,,,2,,0,,,1,-1,157950
884,30211070,2,1,player_name,10201,,,0,,,30211080,gal_favor_text_30211070,,,1,,0,,,1,-1,157950
885,30211080,2,1,gal_name_02,10201,,,0,,,30211090,gal_favor_text_30211080,,,1,,0,,,1,-1,157950
886,30211090,2,1,player_name,10201,,,0,,,30211100,gal_favor_text_30211090,,,1,,0,,,1,-1,157950
887,30211100,2,1,gal_name_02,10201,,,0,,,30211110,gal_favor_text_30211100,,,1,,0,,,1,-1,157950
888,30211110,2,1,player_name,10201,,,0,,,30211120,gal_favor_text_30211110,,,1,,0,,,1,-1,157950
889,30211120,2,1,gal_name_02,10201,,,0,,,30211130,gal_favor_text_30211120,,,1,,0,,,1,-1,157950
890,30211130,2,1,,10201,,,0,,,30211140,gal_favor_text_30211130,,,2,,0,,,1,-1,157950
891,30211140,2,1,gal_name_02,10201,,,0,,,30211150,gal_favor_text_30211140,,,1,,0,,,1,-1,157950
892,30211150,2,1,,10201,,,0,,,30211160,gal_favor_text_30211150,,,2,,0,,,1,-1,157950
893,30211160,2,1,player_name,10201,,,0,,,30211170,gal_favor_text_30211160,,,1,,0,,,1,-1,157950
894,30211170,2,1,gal_name_02,10201,,,0,,,30211180,gal_favor_text_30211170,,,1,,0,,,1,-1,157950
895,30211180,2,1,player_name,10201,,,0,,,30211190,gal_favor_text_30211180,,,1,,0,,,1,-1,157950
896,30211190,2,1,gal_name_02,10201,,,0,,,30211200,gal_favor_text_30211190,,,1,,0,,,1,-1,157950
897,30211200,2,1,,10201,,,0,,,30211210,gal_favor_text_30211200,,,2,,0,,,1,-1,157950
898,30211210,2,1,,10201,,,0,,,30211220,gal_favor_text_30211210,,,2,,0,,,1,-1,157950
899,30211220,2,1,player_name,10201,,,0,,,30211230,gal_favor_text_30211220,,,1,,0,,,1,-1,157950
900,30211230,2,1,gal_name_02,10201,,,0,,,30211240,gal_favor_text_30211230,,,1,,0,,,1,-1,157950
901,30211240,2,1,gal_name_02,10201,,,0,,,30211250,gal_favor_text_30211240,,,1,,0,,,1,-1,157950
902,30211250,2,1,gal_name_02,10201,,,0,,,30211260,gal_favor_text_30211250,,,1,,0,,,1,-1,157950
903,30211260,2,1,,10201,,,0,,,30211270,gal_favor_text_30211260,,,2,,0,,,1,-1,157950
904,30211270,2,1,,10201,,,0,,,30211280,gal_favor_text_30211270,,,2,,0,,,1,-1,157950
905,30211280,2,1,player_name,10201,,,0,,,30211290,gal_favor_text_30211280,,,1,,0,,,1,-1,157950
906,30211290,2,1,,10201,,,0,,,30211300,gal_favor_text_30211290,,,2,,0,,,1,-1,157950
907,30211300,2,1,gal_name_02,10201,,,0,,,30211310,gal_favor_text_30211300,,,1,,0,,,1,-1,157950
908,30211310,2,1,player_name,10201,,,0,,,30211320,gal_favor_text_30211310,,,1,,0,,,1,-1,157950
909,30211320,2,1,,10201,,,0,,,30211330,gal_favor_text_30211320,,,2,,0,,,1,-1,157950
910,30211330,2,1,gal_name_02,10201,,,0,,,30211340,gal_favor_text_30211330,,,1,,0,,,1,-1,157950
911,30211340,2,1,player_name,10201,,,0,,,30211350,gal_favor_text_30211340,,,1,,0,,,1,-1,157950
912,30211350,2,1,,10201,,,0,,,30211360,gal_favor_text_30211350,,,2,,0,,,1,-1,157950
913,30211360,2,1,player_name,10201,,,0,,,30211370,gal_favor_text_30211360,,,1,,0,,,1,-1,157950
914,30211370,2,1,gal_name_02,10201,,,0,,,30211380,gal_favor_text_30211370,,,1,,0,,,1,-1,157950
915,30211380,2,1,,10201,,,0,,,30211390,gal_favor_text_30211380,,,2,,0,,,1,-1,157950
916,30211390,2,1,player_name,10201,,,0,,,30211400,gal_favor_text_30211390,,,1,,0,,,1,-1,157950
917,30211400,2,1,player_name,10201,,,0,,,30211410,gal_favor_text_30211400,,,1,,0,,,1,-1,157950
918,30211410,2,1,gal_name_02,10201,,,0,,,30211420,gal_favor_text_30211410,,,1,,0,,,1,-1,157950
919,30211420,2,1,,10201,,,0,,,30211430,gal_favor_text_30211420,,,2,,0,,,1,-1,157950
920,30211430,2,1,,10201,,,0,,,30211440,gal_favor_text_30211430,,,2,,0,,,1,-1,157950
921,30211440,2,1,,10201,,,0,,,30211450,gal_favor_text_30211440,,,2,,0,,,1,-1,157950
922,30211450,2,1,gal_name_02,10201,,,0,,,30211460,gal_favor_text_30211450,,,1,,0,,,1,-1,157950
923,30211460,2,1,player_name,10201,,,0,,,30211470,gal_favor_text_30211460,,,1,,0,,,1,-1,157950
924,30211470,2,1,gal_name_02,10201,,,0,,,30211480,gal_favor_text_30211470,,,1,,0,,,1,-1,157950
925,30211480,2,1,,10201,,,0,,,30211490,gal_favor_text_30211480,,,2,,0,,,1,-1,157950
926,30211490,2,1,player_name,10201,,,0,,,30211500,gal_favor_text_30211490,,,1,,0,,,1,-1,157950
927,30211500,2,1,,10201,,,0,,,30211510,gal_favor_text_30211500,,,2,,0,,,1,-1,157950
928,30211510,2,1,,10201,,,0,,,30211520,gal_favor_text_30211510,,,2,,0,,,1,-1,157950
929,30211520,2,1,player_name,10201,,,0,,,30211530,gal_favor_text_30211520,,,1,,0,,,1,-1,157950
930,30211530,2,1,player_name,10201,,,0,,,30211540,gal_favor_text_30211530,,,1,,0,,,1,-1,157950
931,30211540,2,1,,10201,,,0,,,30211550,gal_favor_text_30211540,,,2,,0,,,1,-1,157950
932,30211550,2,1,gal_name_02,10201,,,0,,,30211560,gal_favor_text_30211550,,,1,,0,,,1,-1,157950
933,30211560,2,1,player_name,10201,,,0,,,30211570,gal_favor_text_30211560,,,1,,0,,,1,-1,157950
934,30211570,2,1,,10201,,,0,,,30211580,gal_favor_text_30211570,,,2,,0,,,1,-1,157950
935,30211580,2,1,gal_name_02,10201,,,0,,,30211590,gal_favor_text_30211580,,,1,,0,,,1,-1,157950
936,30211590,2,1,player_name,10201,,,0,,,30211600,gal_favor_text_30211590,,,1,,0,,,1,-1,157950
937,30211600,2,1,gal_name_02,10201,,,0,,,30211610,gal_favor_text_30211600,,,1,,0,,,1,-1,157950
938,30211610,2,1,player_name,10201,,,0,,,30211620,gal_favor_text_30211610,,,1,,0,,,1,-1,157950
939,30211620,2,1,,10201,,,0,,,30211630,gal_favor_text_30211620,,,2,,0,,,1,-1,157950
940,30211630,2,1,,10201,,,0,,,30211640,gal_favor_text_30211630,,,2,,0,,,1,-1,157950
941,30211640,2,1,player_name,10201,,,0,,,30211650,gal_favor_text_30211640,,,1,,0,,,1,-1,157950
942,30211650,2,1,gal_name_02,10201,,,0,,,30211660,gal_favor_text_30211650,,,1,,0,,,1,-1,157950
943,30211660,2,1,gal_name_02,10201,,,0,,,30211670,gal_favor_text_30211660,,,1,,0,,,1,-1,157950
944,30211670,2,1,gal_name_02,10201,,,0,,,-1,gal_favor_text_30211670,,,1,,0,,,1,-1,157950
945,30220010,2,1,,10201,,,0,,,30220020,gal_favor_text_30220010,,,2,,2,gal_bg_park_1,gal_bg_room_1,1,-1,157950
946,30220020,2,1,,10201,,,0,,,30220030,gal_favor_text_30220020,,,2,,0,,,1,-1,157950
947,30220030,2,1,,10201,,,0,,,30220040,gal_favor_text_30220030,,,2,,0,,,1,-1,157950
948,30220040,2,1,gal_name_02,10201,,,0,,,30220050,gal_favor_text_30220040,,,1,,0,,,1,-1,157950
949,30220050,2,1,player_name,10201,,,0,,,30220060,gal_favor_text_30220050,,,1,,0,,,1,-1,157950
950,30220060,2,1,gal_name_02,10201,,,0,,,30220070,gal_favor_text_30220060,,,1,,0,,,1,-1,157950
951,30220070,2,1,,10201,,,0,,,30220080,gal_favor_text_30220070,,,2,,0,,,1,-1,157950
952,30220080,2,1,gal_name_02,10201,,,0,,,30220090,gal_favor_text_30220080,,,1,,0,,,1,-1,157950
953,30220090,2,1,,10201,,,0,,,30220100,gal_favor_text_30220090,,,2,,0,,,1,-1,157950
954,30220100,2,1,,10201,,,0,,,30220110,gal_favor_text_30220100,,,2,,0,,,1,-1,157950
955,30220110,2,1,player_name,10201,,,0,,,30220120,gal_favor_text_30220110,,,1,,0,,,1,-1,157950
956,30220120,2,1,gal_name_02,10201,,,0,,,30220130,gal_favor_text_30220120,,,1,,0,,,1,-1,157950
957,30220130,2,1,,10201,,,0,,,30220140,gal_favor_text_30220130,,,2,,0,,,1,-1,157950
958,30220140,2,1,player_name,10201,,,0,,,30220150,gal_favor_text_30220140,,,1,,0,,,1,-1,157950
959,30220150,2,1,player_name,10201,,,0,,,30220160,gal_favor_text_30220150,,,1,,0,,,1,-1,157950
960,30220160,2,1,gal_name_02,10201,,,0,,,30220170,gal_favor_text_30220160,,,1,,0,,,1,-1,157950
961,30220170,2,1,player_name,10201,,,0,,,30220180,gal_favor_text_30220170,,,1,,0,,,1,-1,157950
962,30220180,2,1,gal_name_02,10201,,,0,,,30220190,gal_favor_text_30220180,,,1,,0,,,1,-1,157950
963,30220190,2,1,,10201,,,0,,,30220200,gal_favor_text_30220190,,,2,,0,,,1,-1,157950
964,30220200,2,1,player_name,10201,,,0,,,30220210,gal_favor_text_30220200,,,1,,0,,,1,-1,157950
965,30220210,2,1,gal_name_02,10201,,,0,,,30220220,gal_favor_text_30220210,,,1,,0,,,1,-1,157950
966,30220220,2,1,gal_name_02,10201,,,0,,,30220230,gal_favor_text_30220220,,,1,,0,,,1,-1,157950
967,30220230,2,1,,10201,,,0,,,30220240,gal_favor_text_30220230,,,2,,0,,,1,-1,157950
968,30220240,2,1,player_name,10201,,,0,,,30220250,gal_favor_text_30220240,,,1,,0,,,1,-1,157950
969,30220250,2,1,player_name,10201,,,0,,,30220260,gal_favor_text_30220250,,,1,,0,,,1,-1,157950
970,30220260,2,1,gal_name_02,10201,,,0,,,30220270,gal_favor_text_30220260,,,1,,0,,,1,-1,157950
971,30220270,2,1,player_name,10201,,,0,,,30220280,gal_favor_text_30220270,,,1,,0,,,1,-1,157950
972,30220280,2,1,player_name,10201,,,0,,,30220290,gal_favor_text_30220280,,,1,,0,,,1,-1,157950
973,30220290,2,1,,10201,,,0,,,30220300,gal_favor_text_30220290,,,2,,0,,,1,-1,157950
974,30220300,2,1,,10201,,,0,,,30220310,gal_favor_text_30220300,,,2,,0,,,1,-1,157950
975,30220310,2,1,player_name,10201,,,0,,,30220320,gal_favor_text_30220310,,,1,,0,,,1,-1,157950
976,30220320,2,1,gal_name_02,10201,,,0,,,30220330,gal_favor_text_30220320,,,1,,0,,,1,-1,157950
977,30220330,2,1,,10201,,,0,,,30220340,gal_favor_text_30220330,,,2,,0,,,1,-1,157950
978,30220340,2,1,,10201,,,0,,,30220350,gal_favor_text_30220340,,,2,,0,,,1,-1,157950
979,30220350,2,1,player_name,10201,,,0,,,30220360,gal_favor_text_30220350,,,1,,0,,,1,-1,157950
980,30220360,2,1,,10201,,,0,,,30220370,gal_favor_text_30220360,,,2,,0,,,1,-1,157950
981,30220370,2,1,gal_name_02,10201,,,0,,,30220380,gal_favor_text_30220370,,,1,,0,,,1,-1,157950
982,30220380,2,1,player_name,10201,,,0,,,30220390,gal_favor_text_30220380,,,1,,0,,,1,-1,157950
983,30220390,2,1,,10201,,,0,,,30220400,gal_favor_text_30220390,,,2,,0,,,1,-1,157950
984,30220400,2,1,player_name,10201,,,0,,,30220410,gal_favor_text_30220400,,,1,,0,,,1,-1,157950
985,30220410,2,1,gal_name_02,10201,,,0,,,30220420,gal_favor_text_30220410,,,1,,0,,,1,-1,157950
986,30220420,2,1,player_name,10201,,,0,,,30220430,gal_favor_text_30220420,,,1,,0,,,1,-1,157950
987,30220430,2,1,gal_name_02,10201,,,0,,,30220440,gal_favor_text_30220430,,,1,,0,,,1,-1,157950
988,30220440,2,1,player_name,10201,,,0,,,30220450,gal_favor_text_30220440,,,1,,0,,,1,-1,157950
989,30220450,2,1,gal_name_02,10201,,,0,,,30220460,gal_favor_text_30220450,,,1,,0,,,1,-1,157950
990,30220460,2,1,,10201,,,0,,,30220470,gal_favor_text_30220460,,,2,,0,,,1,-1,157950
991,30220470,2,1,,10201,,,0,,,30220480,gal_favor_text_30220470,,,2,,0,,,1,-1,157950
992,30220480,2,1,player_name,10201,,,0,,,30220490,gal_favor_text_30220480,,,1,,0,,,1,-1,157950
993,30220490,2,1,gal_name_02,10201,,,0,,,30220500,gal_favor_text_30220490,,,1,,0,,,1,-1,157950
994,30220500,2,1,player_name,10201,,,0,,,30220510,gal_favor_text_30220500,,,1,,0,,,1,-1,157950
995,30220510,2,1,,10201,,,0,,,30220520,gal_favor_text_30220510,,,2,,0,,,1,-1,157950
996,30220520,2,1,,10201,,,0,,,30220530,gal_favor_text_30220520,,,2,,0,,,1,-1,157950
997,30220530,2,1,player_name,10201,,,0,,,30220540,gal_favor_text_30220530,,,1,,0,,,1,-1,157950
998,30220540,2,1,player_name,10201,,,0,,,30220550,gal_favor_text_30220540,,,1,,0,,,1,-1,157950
999,30220550,2,1,player_name,10201,,,0,,,30220560,gal_favor_text_30220550,,,1,,0,,,1,-1,157950
1000,30220560,2,1,gal_name_02,10201,,,0,,,30220570,gal_favor_text_30220560,,,1,,0,,,1,-1,157950
1001,30220570,2,1,player_name,10201,,,0,,,30220580,gal_favor_text_30220570,,,1,,0,,,1,-1,157950
1002,30220580,2,1,gal_name_02,10201,,,0,,,30220590,gal_favor_text_30220580,,,1,,0,,,1,-1,157950
1003,30220590,2,1,player_name,10201,,,0,,,30220600,gal_favor_text_30220590,,,1,,0,,,1,-1,157950
1004,30220600,2,1,gal_name_02,10201,,,0,,,30220610,gal_favor_text_30220600,,,1,,0,,,1,-1,157950
1005,30220610,2,1,player_name,10201,,,0,,,30220620,gal_favor_text_30220610,,,1,,0,,,1,-1,157950
1006,30220620,2,1,gal_name_02,10201,,,0,,,30220630,gal_favor_text_30220620,,,1,,0,,,1,-1,157950
1007,30220630,2,1,player_name,10201,,,0,,,30220640,gal_favor_text_30220630,,,1,,0,,,1,-1,157950
1008,30220640,2,1,player_name,10201,,,0,,,30220650,gal_favor_text_30220640,,,1,,0,,,1,-1,157950
1009,30220650,2,1,gal_name_02,10201,,,0,,,30220660,gal_favor_text_30220650,,,1,,0,,,1,-1,157950
1010,30220660,2,1,player_name,10201,,,0,,,30220670,gal_favor_text_30220660,,,1,,0,,,1,-1,157950
1011,30220670,2,1,gal_name_02,10201,,,0,,,30220680,gal_favor_text_30220670,,,1,,0,,,1,-1,157950
1012,30220680,2,1,player_name,10201,,,0,,,30220690,gal_favor_text_30220680,,,1,,0,,,1,-1,157950
1013,30220690,2,1,gal_name_02,10201,,,0,,,30220700,gal_favor_text_30220690,,,1,,0,,,1,-1,157950
1014,30220700,2,1,,10201,,,0,,,30220710,gal_favor_text_30220700,,,2,,0,,,1,-1,157950
1015,30220710,2,1,gal_name_02,10201,,,0,,,30220720,gal_favor_text_30220710,,,1,,0,,,1,-1,157950
1016,30220720,2,1,gal_name_02,10201,,,0,,,30220730,gal_favor_text_30220720,,,1,,0,,,1,-1,157950
1017,30220730,2,1,,10201,,,0,,,30220740,gal_favor_text_30220730,,,2,,0,,,1,-1,157950
1018,30220740,2,1,player_name,10201,,,0,,,30220750,gal_favor_text_30220740,,,1,,0,,,1,-1,157950
1019,30220750,2,1,gal_name_02,10201,,,0,,,30220760,gal_favor_text_30220750,,,1,,0,,,1,-1,157950
1020,30220760,2,1,player_name,10201,,,0,,,30220770,gal_favor_text_30220760,,,1,,0,,,1,-1,157950
1021,30220770,2,1,gal_name_02,10201,,,0,,,30220780,gal_favor_text_30220770,,,1,,0,,,1,-1,157950
1022,30220780,2,1,gal_name_02,10201,,,0,,,30220790,gal_favor_text_30220780,,,1,,0,,,1,-1,157950
1023,30220790,2,1,,10201,,,0,,,30220800,gal_favor_text_30220790,,,2,,0,,,1,-1,157950
1024,30220800,2,1,player_name,10201,,,0,,,30220810,gal_favor_text_30220800,,,1,,0,,,1,-1,157950
1025,30220810,2,1,,10201,,,0,,,30220820,gal_favor_text_30220810,,,2,,0,,,1,-1,157950
1026,30220820,2,1,player_name,10201,,,0,,,30220830,gal_favor_text_30220820,,,1,,0,,,1,-1,157950
1027,30220830,2,1,gal_name_02,10201,,,0,,,30220840,gal_favor_text_30220830,,,1,,0,,,1,-1,157950
1028,30220840,2,1,player_name,10201,,,0,,,30220850,gal_favor_text_30220840,,,1,,0,,,1,-1,157950
1029,30220850,2,1,,10201,,,0,,,30220860,gal_favor_text_30220850,,,2,,0,,,1,-1,157950
1030,30220860,2,1,gal_name_02,10201,,,0,,,30220870,gal_favor_text_30220860,,,1,,0,,,1,-1,157950
1031,30220870,2,1,,10201,,,0,,,30220880,gal_favor_text_30220870,,,2,,0,,,1,-1,157950
1032,30220880,2,1,gal_name_02,10201,,,0,,,30220890,gal_favor_text_30220880,,,1,,0,,,1,-1,157950
1033,30220890,2,1,player_name,10201,,,0,,,30220900,gal_favor_text_30220890,,,1,,0,,,1,-1,157950
1034,30220900,2,1,,10201,,,0,,,30220910,gal_favor_text_30220900,,,2,,0,,,1,-1,157950
1035,30220910,2,1,,10201,,,0,,,30220920,gal_favor_text_30220910,,,2,,0,,,1,-1,157950
1036,30220920,2,1,,10201,,,0,,,30220930,gal_favor_text_30220920,,,2,,0,,,1,-1,157950
1037,30220930,2,1,player_name,10201,,,0,,,30220940,gal_favor_text_30220930,,,1,,0,,,1,-1,157950
1038,30220940,2,1,,10201,,,0,,,30220950,gal_favor_text_30220940,,,2,,0,,,1,-1,157950
1039,30220950,2,1,player_name,10201,,,0,,,30220960,gal_favor_text_30220950,,,1,,0,,,1,-1,157950
1040,30220960,2,1,player_name,10201,,,0,,,30220970,gal_favor_text_30220960,,,1,,0,,,1,-1,157950
1041,30220970,2,1,gal_name_02,10201,,,0,,,30220980,gal_favor_text_30220970,,,1,,0,,,1,-1,157950
1042,30220980,2,1,player_name,10201,,,0,,,30220990,gal_favor_text_30220980,,,1,,0,,,1,-1,157950
1043,30220990,2,1,,10201,,,0,,,30221000,gal_favor_text_30220990,,,2,,0,,,1,-1,157950
1044,30221000,2,1,player_name,10201,,,0,,,30221010,gal_favor_text_30221000,,,1,,0,,,1,-1,157950
1045,30221010,2,1,,10201,,,0,,,30221020,gal_favor_text_30221010,,,2,,0,,,1,-1,157950
1046,30221020,2,1,,10201,,,0,,,30221030,gal_favor_text_30221020,,,2,,0,,,1,-1,157950
1047,30221030,2,1,player_name,10201,,,0,,,30221040,gal_favor_text_30221030,,,1,,0,,,1,-1,157950
1048,30221040,2,1,gal_name_02,10201,,,0,,,30221050,gal_favor_text_30221040,,,1,,0,,,1,-1,157950
1049,30221050,2,1,player_name,10201,,,0,,,30221060,gal_favor_text_30221050,,,1,,0,,,1,-1,157950
1050,30221060,2,1,player_name,10201,,,0,,,30221070,gal_favor_text_30221060,,,1,,0,,,1,-1,157950
1051,30221070,2,1,gal_name_02,10201,,,0,,,30221080,gal_favor_text_30221070,,,1,,0,,,1,-1,157950
1052,30221080,2,1,player_name,10201,,,0,,,30221090,gal_favor_text_30221080,,,1,,0,,,1,-1,157950
1053,30221090,2,1,player_name,10201,,,0,,,30221100,gal_favor_text_30221090,,,1,,0,,,1,-1,157950
1054,30221100,2,1,,10201,,,0,,,30221110,gal_favor_text_30221100,,,2,,0,,,1,-1,157950
1055,30221110,2,1,player_name,10201,,,0,,,30221120,gal_favor_text_30221110,,,1,,0,,,1,-1,157950
1056,30221120,2,1,player_name,10201,,,0,,,30221130,gal_favor_text_30221120,,,1,,0,,,1,-1,157950
1057,30221130,2,1,,10201,,,0,,,30221140,gal_favor_text_30221130,,,2,,0,,,1,-1,157950
1058,30221140,2,1,,10201,,,0,,,30221150,gal_favor_text_30221140,,,2,,0,,,1,-1,157950
1059,30221150,2,1,player_name,10201,,,0,,,30221160,gal_favor_text_30221150,,,1,,0,,,1,-1,157950
1060,30221160,2,1,gal_name_02,10201,,,0,,,30221170,gal_favor_text_30221160,,,1,,0,,,1,-1,157950
1061,30221170,2,1,player_name,10201,,,0,,,30221180,gal_favor_text_30221170,,,1,,0,,,1,-1,157950
1062,30221180,2,1,,10201,,,0,,,30221190,gal_favor_text_30221180,,,2,,0,,,1,-1,157950
1063,30221190,2,1,gal_name_02,10201,,,0,,,30221200,gal_favor_text_30221190,,,1,,0,,,1,-1,157950
1064,30221200,2,1,gal_name_02,10201,,,0,,,30221210,gal_favor_text_30221200,,,1,,0,,,1,-1,157950
1065,30221210,2,1,,10201,,,0,,,30221220,gal_favor_text_30221210,,,2,,0,,,1,-1,157950
1066,30221220,2,1,player_name,10201,,,0,,,30221230,gal_favor_text_30221220,,,1,,0,,,1,-1,157950
1067,30221230,2,1,,10201,,,0,,,30221240,gal_favor_text_30221230,,,2,,0,,,1,-1,157950
1068,30221240,2,1,player_name,10201,,,0,,,30221250,gal_favor_text_30221240,,,1,,0,,,1,-1,157950
1069,30221250,2,1,player_name,10201,,,0,,,30221260,gal_favor_text_30221250,,,1,,0,,,1,-1,157950
1070,30221260,2,1,gal_name_02,10201,,,0,,,30221270,gal_favor_text_30221260,,,1,,0,,,1,-1,157950
1071,30221270,2,1,,10201,,,0,,,30221280,gal_favor_text_30221270,,,2,,0,,,1,-1,157950
1072,30221280,2,1,player_name,10201,,,0,,,30221290,gal_favor_text_30221280,,,1,,0,,,1,-1,157950
1073,30221290,2,1,,10201,,,0,,,30221300,gal_favor_text_30221290,,,2,,0,,,1,-1,157950
1074,30221300,2,1,gal_name_02,10201,,,0,,,30221310,gal_favor_text_30221300,,,1,,0,,,1,-1,157950
1075,30221310,2,1,player_name,10201,,,0,,,30221320,gal_favor_text_30221310,,,1,,0,,,1,-1,157950
1076,30221320,2,1,gal_name_02,10201,,,0,,,30221330,gal_favor_text_30221320,,,1,,0,,,1,-1,157950
1077,30221330,2,1,,10201,,,0,,,30221340,gal_favor_text_30221330,,,2,,0,,,1,-1,157950
1078,30221340,2,1,gal_name_02,10201,,,0,,,30221350,gal_favor_text_30221340,,,1,,0,,,1,-1,157950
1079,30221350,2,1,player_name,10201,,,0,,,30221360,gal_favor_text_30221350,,,1,,0,,,1,-1,157950
1080,30221360,2,1,gal_name_02,10201,,,0,,,30221370,gal_favor_text_30221360,,,1,,0,,,1,-1,157950
1081,30221370,2,1,gal_name_02,10201,,,0,,,30221380,gal_favor_text_30221370,,,1,,0,,,1,-1,157950
1082,30221380,2,1,,10201,,,0,,,30221390,gal_favor_text_30221380,,,2,,0,,,1,-1,157950
1083,30221390,2,1,,10201,,,0,,,30221400,gal_favor_text_30221390,,,2,,0,,,1,-1,157950
1084,30221400,2,1,player_name,10201,,,0,,,30221410,gal_favor_text_30221400,,,1,,0,,,1,-1,157950
1085,30221410,2,1,gal_name_02,10201,,,0,,,30221420,gal_favor_text_30221410,,,1,,0,,,1,-1,157950
1086,30221420,2,1,,10201,,,0,,,30221430,gal_favor_text_30221420,,,2,,0,,,1,-1,157950
1087,30221430,2,1,gal_name_02,10201,,,0,,,30221440,gal_favor_text_30221430,,,1,,0,,,1,-1,157950
1088,30221440,2,1,,10201,,,0,,,30221450,gal_favor_text_30221440,,,2,,0,,,1,-1,157950
1089,30221450,2,1,player_name,10201,,,0,,,30221460,gal_favor_text_30221450,,,1,,0,,,1,-1,157950
1090,30221460,2,1,,10201,,,0,,,30221470,gal_favor_text_30221460,,,2,,0,,,1,-1,157950
1091,30221470,2,1,,10201,,,0,,,30221480,gal_favor_text_30221470,,,2,,0,,,1,-1,157950
1092,30221480,2,1,player_name,10201,,,0,,,30221490,gal_favor_text_30221480,,,1,,0,,,1,-1,157950
1093,30221490,2,1,player_name,10201,,,0,,,30221500,gal_favor_text_30221490,,,1,,0,,,1,-1,157950
1094,30221500,2,1,,10201,,,0,,,30221510,gal_favor_text_30221500,,,2,,0,,,1,-1,157950
1095,30221510,2,1,,10201,,,0,,,30221520,gal_favor_text_30221510,,,2,,0,,,1,-1,157950
1096,30221520,2,1,,10201,,,0,,,30221530,gal_favor_text_30221520,,,2,,0,,,1,-1,157950
1097,30221530,2,1,gal_name_02,10201,,,0,,,30221540,gal_favor_text_30221530,,,1,,0,,,1,-1,157950
1098,30221540,2,1,,10201,,,0,,,30221550,gal_favor_text_30221540,,,2,,0,,,1,-1,157950
1099,30221550,2,1,,10201,,,0,,,30221560,gal_favor_text_30221550,,,2,,0,,,1,-1,157950
1100,30221560,2,1,,10201,,,0,,,30221570,gal_favor_text_30221560,,,2,,0,,,1,-1,157950
1101,30221570,2,1,,10201,,,0,,,-1,gal_favor_text_30221570,,,2,,0,,,1,-1,157950
1102,30230010,2,1,,10201,,,0,,,30230020,gal_favor_text_30230010,,,2,,2,gal_bg_park_1,gal_bg_room_1,1,-1,157950
1103,30230020,2,1,gal_name_02,10201,,,0,,,30230030,gal_favor_text_30230020,,,1,,0,,,1,-1,157950
1104,30230030,2,1,,10201,,,0,,,30230040,gal_favor_text_30230030,,,2,,0,,,1,-1,157950
1105,30230040,2,1,player_name,10201,,,0,,,30230050,gal_favor_text_30230040,,,1,,0,,,1,-1,157950
1106,30230050,2,1,gal_name_02,10201,,,0,,,30230060,gal_favor_text_30230050,,,1,,0,,,1,-1,157950
1107,30230060,2,1,,10201,,,0,,,30230070,gal_favor_text_30230060,,,2,,0,,,1,-1,157950
1108,30230070,2,1,gal_name_02,10201,,,0,,,30230080,gal_favor_text_30230070,,,1,,0,,,1,-1,157950
1109,30230080,2,1,,10201,,,0,,,30230090,gal_favor_text_30230080,,,2,,0,,,1,-1,157950
1110,30230090,2,1,player_name,10201,,,0,,,30230100,gal_favor_text_30230090,,,1,,0,,,1,-1,157950
1111,30230100,2,1,player_name,10201,,,0,,,30230110,gal_favor_text_30230100,,,1,,0,,,1,-1,157950
1112,30230110,2,1,,10201,,,0,,,30230120,gal_favor_text_30230110,,,2,,0,,,1,-1,157950
1113,30230120,2,1,player_name,10201,,,0,,,30230130,gal_favor_text_30230120,,,1,,0,,,1,-1,157950
1114,30230130,2,1,,10201,,,0,,,30230140,gal_favor_text_30230130,,,2,,0,,,1,-1,157950
1115,30230140,2,1,gal_name_02,10201,,,0,,,30230150,gal_favor_text_30230140,,,1,,0,,,1,-1,157950
1116,30230150,2,1,,10201,,,0,,,30230160,gal_favor_text_30230150,,,2,,0,,,1,-1,157950
1117,30230160,2,1,player_name,10201,,,0,,,30230170,gal_favor_text_30230160,,,1,,0,,,1,-1,157950
1118,30230170,2,1,player_name,10201,,,0,,,30230180,gal_favor_text_30230170,,,1,,0,,,1,-1,157950
1119,30230180,2,1,player_name,10201,,,0,,,30230190,gal_favor_text_30230180,,,1,,0,,,1,-1,157950
1120,30230190,2,1,,10201,,,0,,,30230200,gal_favor_text_30230190,,,2,,0,,,1,-1,157950
1121,30230200,2,1,player_name,10201,,,0,,,30230210,gal_favor_text_30230200,,,1,,0,,,1,-1,157950
1122,30230210,2,1,,10201,,,0,,,30230220,gal_favor_text_30230210,,,2,,0,,,1,-1,157950
1123,30230220,2,1,player_name,10201,,,0,,,30230230,gal_favor_text_30230220,,,1,,0,,,1,-1,157950
1124,30230230,2,1,,10201,,,0,,,30230240,gal_favor_text_30230230,,,2,,0,,,1,-1,157950
1125,30230240,2,1,,10201,,,0,,,30230250,gal_favor_text_30230240,,,2,,0,,,1,-1,157950
1126,30230250,2,1,gal_name_02,10201,,,0,,,30230260,gal_favor_text_30230250,,,1,,0,,,1,-1,157950
1127,30230260,2,1,player_name,10201,,,0,,,30230270,gal_favor_text_30230260,,,1,,0,,,1,-1,157950
1128,30230270,2,1,,10201,,,0,,,30230280,gal_favor_text_30230270,,,2,,0,,,1,-1,157950
1129,30230280,2,1,gal_name_02,10201,,,0,,,30230290,gal_favor_text_30230280,,,1,,0,,,1,-1,157950
1130,30230290,2,1,,10201,,,0,,,30230300,gal_favor_text_30230290,,,2,,0,,,1,-1,157950
1131,30230300,2,1,gal_name_02,10201,,,0,,,30230310,gal_favor_text_30230300,,,1,,0,,,1,-1,157950
1132,30230310,2,1,,10201,,,0,,,30230320,gal_favor_text_30230310,,,2,,0,,,1,-1,157950
1133,30230320,2,1,gal_name_02,10201,,,0,,,30230330,gal_favor_text_30230320,,,1,,0,,,1,-1,157950
1134,30230330,2,1,,10201,,,0,,,30230340,gal_favor_text_30230330,,,2,,0,,,1,-1,157950
1135,30230340,2,1,,10201,,,0,,,30230350,gal_favor_text_30230340,,,2,,0,,,1,-1,157950
1136,30230350,2,1,player_name,10201,,,0,,,30230360,gal_favor_text_30230350,,,1,,0,,,1,-1,157950
1137,30230360,2,1,player_name,10201,,,0,,,30230370,gal_favor_text_30230360,,,1,,0,,,1,-1,157950
1138,30230370,2,1,,10201,,,0,,,30230380,gal_favor_text_30230370,,,2,,0,,,1,-1,157950
1139,30230380,2,1,gal_name_02,10201,,,0,,,30230390,gal_favor_text_30230380,,,1,,0,,,1,-1,157950
1140,30230390,2,1,player_name,10201,,,0,,,30230400,gal_favor_text_30230390,,,1,,0,,,1,-1,157950
1141,30230400,2,1,,10201,,,0,,,30230410,gal_favor_text_30230400,,,2,,0,,,1,-1,157950
1142,30230410,2,1,gal_name_02,10201,,,0,,,30230420,gal_favor_text_30230410,,,1,,0,,,1,-1,157950
1143,30230420,2,1,,10201,,,0,,,30230430,gal_favor_text_30230420,,,2,,0,,,1,-1,157950
1144,30230430,2,1,,10201,,,0,,,30230440,gal_favor_text_30230430,,,2,,0,,,1,-1,157950
1145,30230440,2,1,gal_name_02,10201,,,0,,,30230450,gal_favor_text_30230440,,,1,,0,,,1,-1,157950
1146,30230450,2,1,player_name,10201,,,0,,,30230460,gal_favor_text_30230450,,,1,,0,,,1,-1,157950
1147,30230460,2,1,,10201,,,0,,,30230470,gal_favor_text_30230460,,,2,,0,,,1,-1,157950
1148,30230470,2,1,player_name,10201,,,0,,,30230480,gal_favor_text_30230470,,,1,,0,,,1,-1,157950
1149,30230480,2,1,gal_name_02,10201,,,0,,,30230490,gal_favor_text_30230480,,,1,,0,,,1,-1,157950
1150,30230490,2,1,,10201,,,0,,,30230500,gal_favor_text_30230490,,,2,,0,,,1,-1,157950
1151,30230500,2,1,player_name,10201,,,0,,,30230510,gal_favor_text_30230500,,,1,,0,,,1,-1,157950
1152,30230510,2,1,,10201,,,0,,,30230520,gal_favor_text_30230510,,,2,,0,,,1,-1,157950
1153,30230520,2,1,gal_name_02,10201,,,0,,,30230530,gal_favor_text_30230520,,,1,,0,,,1,-1,157950
1154,30230530,2,1,player_name,10201,,,0,,,30230540,gal_favor_text_30230530,,,1,,0,,,1,-1,157950
1155,30230540,2,1,gal_name_02,10201,,,0,,,30230550,gal_favor_text_30230540,,,1,,0,,,1,-1,157950
1156,30230550,2,1,,10201,,,0,,,30230560,gal_favor_text_30230550,,,2,,0,,,1,-1,157950
1157,30230560,2,1,player_name,10201,,,0,,,30230570,gal_favor_text_30230560,,,1,,0,,,1,-1,157950
1158,30230570,2,1,gal_name_02,10201,,,0,,,30230580,gal_favor_text_30230570,,,1,,0,,,1,-1,157950
1159,30230580,2,1,player_name,10201,,,0,,,30230590,gal_favor_text_30230580,,,1,,0,,,1,-1,157950
1160,30230590,2,1,gal_name_02,10201,,,0,,,30230600,gal_favor_text_30230590,,,1,,0,,,1,-1,157950
1161,30230600,2,1,player_name,10201,,,0,,,30230610,gal_favor_text_30230600,,,1,,0,,,1,-1,157950
1162,30230610,2,1,,10201,,,0,,,30230620,gal_favor_text_30230610,,,2,,0,,,1,-1,157950
1163,30230620,2,1,,10201,,,0,,,30230630,gal_favor_text_30230620,,,2,,0,,,1,-1,157950
1164,30230630,2,1,player_name,10201,,,0,,,30230640,gal_favor_text_30230630,,,1,,0,,,1,-1,157950
1165,30230640,2,1,,10201,,,0,,,30230650,gal_favor_text_30230640,,,2,,0,,,1,-1,157950
1166,30230650,2,1,gal_name_02,10201,,,0,,,30230660,gal_favor_text_30230650,,,1,,0,,,1,-1,157950
1167,30230660,2,1,player_name,10201,,,0,,,30230670,gal_favor_text_30230660,,,1,,0,,,1,-1,157950
1168,30230670,2,1,,10201,,,0,,,30230680,gal_favor_text_30230670,,,2,,0,,,1,-1,157950
1169,30230680,2,1,gal_name_02,10201,,,0,,,30230690,gal_favor_text_30230680,,,1,,0,,,1,-1,157950
1170,30230690,2,1,,10201,,,0,,,30230700,gal_favor_text_30230690,,,2,,0,,,1,-1,157950
1171,30230700,2,1,gal_name_39,10201,,,0,,,30230710,gal_favor_text_30230700,,,1,,0,,,1,-1,157950
1172,30230710,2,1,gal_name_39,10201,,,0,,,30230720,gal_favor_text_30230710,,,1,,0,,,1,-1,157950
1173,30230720,2,1,player_name,10201,,,0,,,30230730,gal_favor_text_30230720,,,1,,0,,,1,-1,157950
1174,30230730,2,1,gal_name_02,10201,,,0,,,30230740,gal_favor_text_30230730,,,1,,0,,,1,-1,157950
1175,30230740,2,1,,10201,,,0,,,30230750,gal_favor_text_30230740,,,2,,0,,,1,-1,157950
1176,30230750,2,1,,10201,,,0,,,30230760,gal_favor_text_30230750,,,2,,0,,,1,-1,157950
1177,30230760,2,1,player_name,10201,,,0,,,30230770,gal_favor_text_30230760,,,1,,0,,,1,-1,157950
1178,30230770,2,1,,10201,,,0,,,30230780,gal_favor_text_30230770,,,2,,0,,,1,-1,157950
1179,30230780,2,1,,10201,,,0,,,30230790,gal_favor_text_30230780,,,2,,0,,,1,-1,157950
1180,30230790,2,1,gal_name_02,10201,,,0,,,30230800,gal_favor_text_30230790,,,1,,0,,,1,-1,157950
1181,30230800,2,1,player_name,10201,,,0,,,30230810,gal_favor_text_30230800,,,1,,0,,,1,-1,157950
1182,30230810,2,1,gal_name_02,10201,,,0,,,30230820,gal_favor_text_30230810,,,1,,0,,,1,-1,157950
1183,30230820,2,1,,10201,,,0,,,30230830,gal_favor_text_30230820,,,2,,0,,,1,-1,157950
1184,30230830,2,1,gal_name_02,10201,,,0,,,30230840,gal_favor_text_30230830,,,1,,0,,,1,-1,157950
1185,30230840,2,1,player_name,10201,,,0,,,30230850,gal_favor_text_30230840,,,1,,0,,,1,-1,157950
1186,30230850,2,1,player_name,10201,,,0,,,30230860,gal_favor_text_30230850,,,1,,0,,,1,-1,157950
1187,30230860,2,1,player_name,10201,,,0,,,30230870,gal_favor_text_30230860,,,1,,0,,,1,-1,157950
1188,30230870,2,1,gal_name_02,10201,,,0,,,30230880,gal_favor_text_30230870,,,1,,0,,,1,-1,157950
1189,30230880,2,1,player_name,10201,,,0,,,30230890,gal_favor_text_30230880,,,1,,0,,,1,-1,157950
1190,30230890,2,1,player_name,10201,,,0,,,30230900,gal_favor_text_30230890,,,1,,0,,,1,-1,157950
1191,30230900,2,1,player_name,10201,,,0,,,30230910,gal_favor_text_30230900,,,1,,0,,,1,-1,157950
1192,30230910,2,1,,10201,,,0,,,30230920,gal_favor_text_30230910,,,2,,0,,,1,-1,157950
1193,30230920,2,1,,10201,,,0,,,30230930,gal_favor_text_30230920,,,2,,0,,,1,-1,157950
1194,30230930,2,1,gal_name_02,10201,,,0,,,30230940,gal_favor_text_30230930,,,1,,0,,,1,-1,157950
1195,30230940,2,1,,10201,,,0,,,30230950,gal_favor_text_30230940,,,2,,0,,,1,-1,157950
1196,30230950,2,1,gal_name_02,10201,,,0,,,30230960,gal_favor_text_30230950,,,1,,0,,,1,-1,157950
1197,30230960,2,1,,10201,,,0,,,30230970,gal_favor_text_30230960,,,2,,0,,,1,-1,157950
1198,30230970,2,1,gal_name_02,10201,,,0,,,30230980,gal_favor_text_30230970,,,1,,0,,,1,-1,157950
1199,30230980,2,1,player_name,10201,,,0,,,30230990,gal_favor_text_30230980,,,1,,0,,,1,-1,157950
1200,30230990,2,1,,10201,,,0,,,30231000,gal_favor_text_30230990,,,2,,0,,,1,-1,157950
1201,30231000,2,1,gal_name_02,10201,,,0,,,30231010,gal_favor_text_30231000,,,1,,0,,,1,-1,157950
1202,30231010,2,1,gal_name_02,10201,,,0,,,30231020,gal_favor_text_30231010,,,1,,0,,,1,-1,157950
1203,30231020,2,1,,10201,,,0,,,30231030,gal_favor_text_30231020,,,2,,0,,,1,-1,157950
1204,30231030,2,1,gal_name_02,10201,,,0,,,30231040,gal_favor_text_30231030,,,1,,0,,,1,-1,157950
1205,30231040,2,1,player_name,10201,,,0,,,30231050,gal_favor_text_30231040,,,1,,0,,,1,-1,157950
1206,30231050,2,1,gal_name_02,10201,,,0,,,30231060,gal_favor_text_30231050,,,1,,0,,,1,-1,157950
1207,30231060,2,1,player_name,10201,,,0,,,30231070,gal_favor_text_30231060,,,1,,0,,,1,-1,157950
1208,30231070,2,1,,10201,,,0,,,30231080,gal_favor_text_30231070,,,2,,0,,,1,-1,157950
1209,30231080,2,1,player_name,10201,,,0,,,30231090,gal_favor_text_30231080,,,1,,0,,,1,-1,157950
1210,30231090,2,1,player_name,10201,,,0,,,30231100,gal_favor_text_30231090,,,1,,0,,,1,-1,157950
1211,30231100,2,1,player_name,10201,,,0,,,30231110,gal_favor_text_30231100,,,1,,0,,,1,-1,157950
1212,30231110,2,1,,10201,,,0,,,30231120,gal_favor_text_30231110,,,2,,0,,,1,-1,157950
1213,30231120,2,1,gal_name_02,10201,,,0,,,30231130,gal_favor_text_30231120,,,1,,0,,,1,-1,157950
1214,30231130,2,1,,10201,,,0,,,30231140,gal_favor_text_30231130,,,2,,0,,,1,-1,157950
1215,30231140,2,1,,10201,,,0,,,30231150,gal_favor_text_30231140,,,2,,0,,,1,-1,157950
1216,30231150,2,1,,10201,,,0,,,30231160,gal_favor_text_30231150,,,2,,0,,,1,-1,157950
1217,30231160,2,1,player_name,10201,,,0,,,30231170,gal_favor_text_30231160,,,1,,0,,,1,-1,157950
1218,30231170,2,1,,10201,,,0,,,30231180,gal_favor_text_30231170,,,2,,0,,,1,-1,157950
1219,30231180,2,1,,10201,,,0,,,30231190,gal_favor_text_30231180,,,2,,0,,,1,-1,157950
1220,30231190,2,1,gal_name_02,10201,,,0,,,30231200,gal_favor_text_30231190,,,1,,0,,,1,-1,157950
1221,30231200,2,1,,10201,,,0,,,30231210,gal_favor_text_30231200,,,2,,0,,,1,-1,157950
1222,30231210,2,1,gal_name_02,10201,,,0,,,30231220,gal_favor_text_30231210,,,1,,0,,,1,-1,157950
1223,30231220,2,1,,10201,,,0,,,30231230,gal_favor_text_30231220,,,2,,0,,,1,-1,157950
1224,30231230,2,1,gal_name_02,10201,,,0,,,30231240,gal_favor_text_30231230,,,1,,0,,,1,-1,157950
1225,30231240,2,1,,10201,,,0,,,30231250,gal_favor_text_30231240,,,2,,0,,,1,-1,157950
1226,30231250,2,1,player_name,10201,,,0,,,30231260,gal_favor_text_30231250,,,1,,0,,,1,-1,157950
1227,30231260,2,1,,10201,,,0,,,30231270,gal_favor_text_30231260,,,2,,0,,,1,-1,157950
1228,30231270,2,1,,10201,,,0,,,30231280,gal_favor_text_30231270,,,2,,0,,,1,-1,157950
1229,30231280,2,1,gal_name_02,10201,,,0,,,30231290,gal_favor_text_30231280,,,1,,0,,,1,-1,157950
1230,30231290,2,1,,10201,,,0,,,30231300,gal_favor_text_30231290,,,2,,0,,,1,-1,157950
1231,30231300,2,1,player_name,10201,,,0,,,30231310,gal_favor_text_30231300,,,1,,0,,,1,-1,157950
1232,30231310,2,1,gal_name_02,10201,,,0,,,30231320,gal_favor_text_30231310,,,1,,0,,,1,-1,157950
1233,30231320,2,1,,10201,,,0,,,30231330,gal_favor_text_30231320,,,2,,0,,,1,-1,157950
1234,30231330,2,1,player_name,10201,,,0,,,30231340,gal_favor_text_30231330,,,1,,0,,,1,-1,157950
1235,30231340,2,1,,10201,,,0,,,30231350,gal_favor_text_30231340,,,2,,0,,,1,-1,157950
1236,30231350,2,1,,10201,,,0,,,30231360,gal_favor_text_30231350,,,2,,0,,,1,-1,157950
1237,30231360,2,1,gal_name_02,10201,,,0,,,30231370,gal_favor_text_30231360,,,1,,0,,,1,-1,157950
1238,30231370,2,1,,10201,,,0,,,30231380,gal_favor_text_30231370,,,2,,0,,,1,-1,157950
1239,30231380,2,1,,10201,,,0,,,30231390,gal_favor_text_30231380,,,2,,0,,,1,-1,157950
1240,30231390,2,1,gal_name_02,10201,,,0,,,30231400,gal_favor_text_30231390,,,1,,0,,,1,-1,157950
1241,30231400,2,1,,10201,,,0,,,30231410,gal_favor_text_30231400,,,2,,0,,,1,-1,157950
1242,30231410,2,1,player_name,10201,,,0,,,30231420,gal_favor_text_30231410,,,1,,0,,,1,-1,157950
1243,30231420,2,1,gal_name_02,10201,,,0,,,30231430,gal_favor_text_30231420,,,1,,0,,,1,-1,157950
1244,30231430,2,1,player_name,10201,,,0,,,30231440,gal_favor_text_30231430,,,1,,0,,,1,-1,157950
1245,30231440,2,1,,10201,,,0,,,30231450,gal_favor_text_30231440,,,2,,0,,,1,-1,157950
1246,30231450,2,1,gal_name_02,10201,,,0,,,30231460,gal_favor_text_30231450,,,1,,0,,,1,-1,157950
1247,30231460,2,1,,10201,,,0,,,30231470,gal_favor_text_30231460,,,2,,0,,,1,-1,157950
1248,30231470,2,1,,10201,,,0,,,30231480,gal_favor_text_30231470,,,2,,0,,,1,-1,157950
1249,30231480,2,1,player_name,10201,,,0,,,30231490,gal_favor_text_30231480,,,1,,0,,,1,-1,157950
1250,30231490,2,1,player_name,10201,,,0,,,30231500,gal_favor_text_30231490,,,1,,0,,,1,-1,157950
1251,30231500,2,1,gal_name_02,10201,,,0,,,30231510,gal_favor_text_30231500,,,1,,0,,,1,-1,157950
1252,30231510,2,1,,10201,,,0,,,30231520,gal_favor_text_30231510,,,2,,0,,,1,-1,157950
1253,30231520,2,1,,10201,,,0,,,30231530,gal_favor_text_30231520,,,2,,0,,,1,-1,157950
1254,30231530,2,1,gal_name_02,10201,,,0,,,30231540,gal_favor_text_30231530,,,1,,0,,,1,-1,157950
1255,30231540,2,1,gal_name_02,10201,,,0,,,30231550,gal_favor_text_30231540,,,1,,0,,,1,-1,157950
1256,30231550,2,1,player_name,10201,,,0,,,30231560,gal_favor_text_30231550,,,1,,0,,,1,-1,157950
1257,30231560,2,1,,10201,,,0,,,30231570,gal_favor_text_30231560,,,2,,0,,,1,-1,157950
1258,30231570,2,1,player_name,10201,,,0,,,30231580,gal_favor_text_30231570,,,1,,0,,,1,-1,157950
1259,30231580,2,1,,10201,,,0,,,30231590,gal_favor_text_30231580,,,2,,0,,,1,-1,157950
1260,30231590,2,1,player_name,10201,,,0,,,30231600,gal_favor_text_30231590,,,1,,0,,,1,-1,157950
1261,30231600,2,1,,10201,,,0,,,30231610,gal_favor_text_30231600,,,2,,0,,,1,-1,157950
1262,30231610,2,1,gal_name_02,10201,,,0,,,30231620,gal_favor_text_30231610,,,1,,0,,,1,-1,157950
1263,30231620,2,1,,10201,,,0,,,30231630,gal_favor_text_30231620,,,2,,0,,,1,-1,157950
1264,30231630,2,1,player_name,10201,,,0,,,30231640,gal_favor_text_30231630,,,1,,0,,,1,-1,157950
1265,30231640,2,1,,10201,,,0,,,30231650,gal_favor_text_30231640,,,2,,0,,,1,-1,157950
1266,30231650,2,1,,10201,,,0,,,-1,gal_favor_text_30231650,,,2,,0,,,1,-1,157950
1267,30240010,2,1,,10201,,,0,,,30240020,gal_favor_text_30240010,,,2,,2,gal_bg_room_1,gal_bg_room_1,1,-1,157950
1268,30240020,2,1,,10201,,,0,,,30240030,gal_favor_text_30240020,,,2,,0,,,1,-1,157950
1269,30240030,2,1,player_name,10201,,,0,,,30240040,gal_favor_text_30240030,,,1,,0,,,1,-1,157950
1270,30240040,2,1,gal_name_02,10201,,,0,,,30240050,gal_favor_text_30240040,,,1,,0,,,1,-1,157950
1271,30240050,2,1,player_name,10201,,,0,,,30240060,gal_favor_text_30240050,,,1,,0,,,1,-1,157950
1272,30240060,2,1,player_name,10201,,,0,,,30240070,gal_favor_text_30240060,,,1,,0,,,1,-1,157950
1273,30240070,2,1,,10201,,,0,,,30240080,gal_favor_text_30240070,,,2,,0,,,1,-1,157950
1274,30240080,2,1,gal_name_02,10201,,,0,,,30240090,gal_favor_text_30240080,,,1,,0,,,1,-1,157950
1275,30240090,2,1,,10201,,,0,,,30240100,gal_favor_text_30240090,,,2,,0,,,1,-1,157950
1276,30240100,2,1,,10201,,,0,,,30240110,gal_favor_text_30240100,,,2,,0,,,1,-1,157950
1277,30240110,2,1,player_name,10201,,,0,,,30240120,gal_favor_text_30240110,,,1,,0,,,1,-1,157950
1278,30240120,2,1,gal_name_02,10201,,,0,,,30240130,gal_favor_text_30240120,,,1,,0,,,1,-1,157950
1279,30240130,2,1,player_name,10201,,,0,,,30240140,gal_favor_text_30240130,,,1,,0,,,1,-1,157950
1280,30240140,2,1,,10201,,,0,,,30240150,gal_favor_text_30240140,,,2,,0,,,1,-1,157950
1281,30240150,2,1,player_name,10201,,,0,,,30240160,gal_favor_text_30240150,,,1,,0,,,1,-1,157950
1282,30240160,2,1,gal_name_02,10201,,,0,,,30240170,gal_favor_text_30240160,,,1,,0,,,1,-1,157950
1283,30240170,2,1,player_name,10201,,,0,,,30240180,gal_favor_text_30240170,,,1,,0,,,1,-1,157950
1284,30240180,2,1,gal_name_02,10201,,,0,,,30240190,gal_favor_text_30240180,,,1,,0,,,1,-1,157950
1285,30240190,2,1,player_name,10201,,,0,,,30240200,gal_favor_text_30240190,,,1,,0,,,1,-1,157950
1286,30240200,2,1,player_name,10201,,,0,,,30240210,gal_favor_text_30240200,,,1,,0,,,1,-1,157950
1287,30240210,2,1,gal_name_02,10201,,,0,,,30240220,gal_favor_text_30240210,,,1,,0,,,1,-1,157950
1288,30240220,2,1,player_name,10201,,,0,,,30240230,gal_favor_text_30240220,,,1,,0,,,1,-1,157950
1289,30240230,2,1,gal_name_02,10201,,,0,,,30240240,gal_favor_text_30240230,,,1,,0,,,1,-1,157950
1290,30240240,2,1,gal_name_02,10201,,,0,,,30240250,gal_favor_text_30240240,,,1,,0,,,1,-1,157950
1291,30240250,2,1,player_name,10201,,,0,,,30240260,gal_favor_text_30240250,,,1,,0,,,1,-1,157950
1292,30240260,2,1,gal_name_02,10201,,,0,,,30240270,gal_favor_text_30240260,,,1,,0,,,1,-1,157950
1293,30240270,2,1,player_name,10201,,,0,,,30240280,gal_favor_text_30240270,,,1,,0,,,1,-1,157950
1294,30240280,2,1,gal_name_02,10201,,,0,,,30240290,gal_favor_text_30240280,,,1,,0,,,1,-1,157950
1295,30240290,2,1,player_name,10201,,,0,,,30240300,gal_favor_text_30240290,,,1,,0,,,1,-1,157950
1296,30240300,2,1,gal_name_02,10201,,,0,,,30240310,gal_favor_text_30240300,,,1,,0,,,1,-1,157950
1297,30240310,2,1,player_name,10201,,,0,,,30240320,gal_favor_text_30240310,,,1,,0,,,1,-1,157950
1298,30240320,2,1,gal_name_02,10201,,,0,,,30240330,gal_favor_text_30240320,,,1,,0,,,1,-1,157950
1299,30240330,2,1,player_name,10201,,,0,,,30240340,gal_favor_text_30240330,,,1,,0,,,1,-1,157950
1300,30240340,2,1,,10201,,,0,,,30240350,gal_favor_text_30240340,,,2,,0,,,1,-1,157950
1301,30240350,2,1,player_name,10201,,,0,,,30240360,gal_favor_text_30240350,,,1,,0,,,1,-1,157950
1302,30240360,2,1,,10201,,,0,,,30240370,gal_favor_text_30240360,,,2,,0,,,1,-1,157950
1303,30240370,2,1,gal_name_02,10201,,,0,,,30240380,gal_favor_text_30240370,,,1,,0,,,1,-1,157950
1304,30240380,2,1,gal_name_21,10201,,,0,,,30240390,gal_favor_text_30240380,,,1,,0,,,1,-1,157950
1305,30240390,2,1,,10201,,,0,,,30240400,gal_favor_text_30240390,,,2,,0,,,1,-1,157950
1306,30240400,2,1,gal_name_02,10201,,,0,,,30240410,gal_favor_text_30240400,,,1,,0,,,1,-1,157950
1307,30240410,2,1,player_name,10201,,,0,,,30240420,gal_favor_text_30240410,,,1,,0,,,1,-1,157950
1308,30240420,2,1,gal_name_02,10201,,,0,,,30240430,gal_favor_text_30240420,,,1,,0,,,1,-1,157950
1309,30240430,2,1,player_name,10201,,,0,,,30240440,gal_favor_text_30240430,,,1,,0,,,1,-1,157950
1310,30240440,2,1,,10201,,,0,,,30240450,gal_favor_text_30240440,,,2,,0,,,1,-1,157950
1311,30240450,2,1,gal_name_02,10201,,,0,,,30240460,gal_favor_text_30240450,,,1,,0,,,1,-1,157950
1312,30240460,2,1,gal_name_02,10201,,,0,,,30240470,gal_favor_text_30240460,,,1,,0,,,1,-1,157950
1313,30240470,2,1,,10201,,,0,,,30240480,gal_favor_text_30240470,,,2,,0,,,1,-1,157950
1314,30240480,2,1,,10201,,,0,,,30240490,gal_favor_text_30240480,,,2,,0,,,1,-1,157950
1315,30240490,2,1,,10201,,,0,,,30240500,gal_favor_text_30240490,,,2,,0,,,1,-1,157950
1316,30240500,2,1,gal_name_02,10201,,,0,,,30240510,gal_favor_text_30240500,,,1,,0,,,1,-1,157950
1317,30240510,2,1,player_name,10201,,,0,,,30240520,gal_favor_text_30240510,,,1,,0,,,1,-1,157950
1318,30240520,2,1,gal_name_02,10201,,,0,,,30240530,gal_favor_text_30240520,,,1,,0,,,1,-1,157950
1319,30240530,2,1,player_name,10201,,,0,,,30240540,gal_favor_text_30240530,,,1,,0,,,1,-1,157950
1320,30240540,2,1,gal_name_02,10201,,,0,,,30240550,gal_favor_text_30240540,,,1,,0,,,1,-1,157950
1321,30240550,2,1,player_name,10201,,,0,,,30240560,gal_favor_text_30240550,,,1,,0,,,1,-1,157950
1322,30240560,2,1,gal_name_02,10201,,,0,,,30240570,gal_favor_text_30240560,,,1,,0,,,1,-1,157950
1323,30240570,2,1,gal_name_02,10201,,,0,,,30240580,gal_favor_text_30240570,,,1,,0,,,1,-1,157950
1324,30240580,2,1,player_name,10201,,,0,,,30240590,gal_favor_text_30240580,,,1,,0,,,1,-1,157950
1325,30240590,2,1,player_name,10201,,,0,,,30240600,gal_favor_text_30240590,,,1,,0,,,1,-1,157950
1326,30240600,2,1,,10201,,,0,,,30240610,gal_favor_text_30240600,,,2,,0,,,1,-1,157950
1327,30240610,2,1,gal_name_02,10201,,,0,,,30240620,gal_favor_text_30240610,,,1,,0,,,1,-1,157950
1328,30240620,2,1,player_name,10201,,,0,,,30240630,gal_favor_text_30240620,,,1,,0,,,1,-1,157950
1329,30240630,2,1,,10201,,,0,,,30240640,gal_favor_text_30240630,,,2,,0,,,1,-1,157950
1330,30240640,2,1,gal_name_02,10201,,,0,,,30240650,gal_favor_text_30240640,,,1,,0,,,1,-1,157950
1331,30240650,2,1,,10201,,,0,,,30240660,gal_favor_text_30240650,,,2,,0,,,1,-1,157950
1332,30240660,2,1,gal_name_02,10201,,,0,,,30240670,gal_favor_text_30240660,,,1,,0,,,1,-1,157950
1333,30240670,2,1,player_name,10201,,,0,,,30240680,gal_favor_text_30240670,,,1,,0,,,1,-1,157950
1334,30240680,2,1,gal_name_02,10201,,,0,,,30240690,gal_favor_text_30240680,,,1,,0,,,1,-1,157950
1335,30240690,2,1,,10201,,,0,,,30240700,gal_favor_text_30240690,,,2,,0,,,1,-1,157950
1336,30240700,2,1,gal_name_02,10201,,,0,,,30240710,gal_favor_text_30240700,,,1,,0,,,1,-1,157950
1337,30240710,2,1,,10201,,,0,,,30240720,gal_favor_text_30240710,,,2,,0,,,1,-1,157950
1338,30240720,2,1,,10201,,,0,,,30240730,gal_favor_text_30240720,,,2,,0,,,1,-1,157950
1339,30240730,2,1,,10201,,,0,,,30240740,gal_favor_text_30240730,,,2,,0,,,1,-1,157950
1340,30240740,2,1,gal_name_02,10201,,,0,,,30240750,gal_favor_text_30240740,,,1,,0,,,1,-1,157950
1341,30240750,2,1,player_name,10201,,,0,,,30240760,gal_favor_text_30240750,,,1,,0,,,1,-1,157950
1342,30240760,2,1,gal_name_02,10201,,,0,,,30240770,gal_favor_text_30240760,,,1,,0,,,1,-1,157950
1343,30240770,2,1,player_name,10201,,,0,,,30240780,gal_favor_text_30240770,,,1,,0,,,1,-1,157950
1344,30240780,2,1,,10201,,,0,,,30240790,gal_favor_text_30240780,,,2,,0,,,1,-1,157950
1345,30240790,2,1,gal_name_02,10201,,,0,,,30240800,gal_favor_text_30240790,,,1,,0,,,1,-1,157950
1346,30240800,2,1,player_name,10201,,,0,,,30240810,gal_favor_text_30240800,,,1,,0,,,1,-1,157950
1347,30240810,2,1,gal_name_02,10201,,,0,,,30240820,gal_favor_text_30240810,,,1,,0,,,1,-1,157950
1348,30240820,2,1,player_name,10201,,,0,,,30240830,gal_favor_text_30240820,,,1,,0,,,1,-1,157950
1349,30240830,2,1,gal_name_02,10201,,,0,,,30240840,gal_favor_text_30240830,,,1,,0,,,1,-1,157950
1350,30240840,2,1,player_name,10201,,,0,,,30240850,gal_favor_text_30240840,,,1,,0,,,1,-1,157950
1351,30240850,2,1,player_name,10201,,,0,,,30240860,gal_favor_text_30240850,,,1,,0,,,1,-1,157950
1352,30240860,2,1,gal_name_02,10201,,,0,,,30240870,gal_favor_text_30240860,,,1,,0,,,1,-1,157950
1353,30240870,2,1,player_name,10201,,,0,,,30240880,gal_favor_text_30240870,,,1,,0,,,1,-1,157950
1354,30240880,2,1,gal_name_02,10201,,,0,,,30240890,gal_favor_text_30240880,,,1,,0,,,1,-1,157950
1355,30240890,2,1,,10201,,,0,,,30240900,gal_favor_text_30240890,,,2,,0,,,1,-1,157950
1356,30240900,2,1,,10201,,,0,,,30240910,gal_favor_text_30240900,,,2,,0,,,1,-1,157950
1357,30240910,2,1,gal_name_02,10201,,,0,,,30240920,gal_favor_text_30240910,,,1,,0,,,1,-1,157950
1358,30240920,2,1,,10201,,,0,,,30240930,gal_favor_text_30240920,,,2,,0,,,1,-1,157950
1359,30240930,2,1,player_name,10201,,,0,,,30240940,gal_favor_text_30240930,,,1,,0,,,1,-1,157950
1360,30240940,2,1,,10201,,,0,,,30240950,gal_favor_text_30240940,,,2,,0,,,1,-1,157950
1361,30240950,2,1,gal_name_02,10201,,,0,,,30240960,gal_favor_text_30240950,,,1,,0,,,1,-1,157950
1362,30240960,2,1,,10201,,,0,,,30240970,gal_favor_text_30240960,,,2,,0,,,1,-1,157950
1363,30240970,2,1,player_name,10201,,,0,,,30240980,gal_favor_text_30240970,,,1,,0,,,1,-1,157950
1364,30240980,2,1,gal_name_02,10201,,,0,,,30240990,gal_favor_text_30240980,,,1,,0,,,1,-1,157950
1365,30240990,2,1,,10201,,,0,,,30241000,gal_favor_text_30240990,,,2,,0,,,1,-1,157950
1366,30241000,2,1,player_name,10201,,,0,,,30241010,gal_favor_text_30241000,,,1,,0,,,1,-1,157950
1367,30241010,2,1,,10201,,,0,,,30241020,gal_favor_text_30241010,,,2,,0,,,1,-1,157950
1368,30241020,2,1,player_name,10201,,,0,,,30241030,gal_favor_text_30241020,,,1,,0,,,1,-1,157950
1369,30241030,2,1,player_name,10201,,,0,,,30241040,gal_favor_text_30241030,,,1,,0,,,1,-1,157950
1370,30241040,2,1,player_name,10201,,,0,,,30241050,gal_favor_text_30241040,,,1,,0,,,1,-1,157950
1371,30241050,2,1,player_name,10201,,,0,,,30241060,gal_favor_text_30241050,,,1,,0,,,1,-1,157950
1372,30241060,2,1,player_name,10201,,,0,,,30241070,gal_favor_text_30241060,,,1,,0,,,1,-1,157950
1373,30241070,2,1,player_name,10201,,,0,,,30241080,gal_favor_text_30241070,,,1,,0,,,1,-1,157950
1374,30241080,2,1,player_name,10201,,,0,,,30241090,gal_favor_text_30241080,,,1,,0,,,1,-1,157950
1375,30241090,2,1,player_name,10201,,,0,,,30241100,gal_favor_text_30241090,,,1,,0,,,1,-1,157950
1376,30241100,2,1,player_name,10201,,,0,,,30241110,gal_favor_text_30241100,,,1,,0,,,1,-1,157950
1377,30241110,2,1,player_name,10201,,,0,,,30241120,gal_favor_text_30241110,,,1,,0,,,1,-1,157950
1378,30241120,2,1,player_name,10201,,,0,,,30241130,gal_favor_text_30241120,,,1,,0,,,1,-1,157950
1379,30241130,2,1,player_name,10201,,,0,,,30241140,gal_favor_text_30241130,,,1,,0,,,1,-1,157950
1380,30241140,2,1,gal_name_02,10201,,,0,,,30241150,gal_favor_text_30241140,,,1,,0,,,1,-1,157950
1381,30241150,2,1,,10201,,,0,,,30241160,gal_favor_text_30241150,,,2,,0,,,1,-1,157950
1382,30241160,2,1,,10201,,,0,,,30241170,gal_favor_text_30241160,,,2,,0,,,1,-1,157950
1383,30241170,2,1,gal_name_02,10201,,,0,,,30241180,gal_favor_text_30241170,,,1,,0,,,1,-1,157950
1384,30241180,2,1,player_name,10201,,,0,,,30241190,gal_favor_text_30241180,,,1,,0,,,1,-1,157950
1385,30241190,2,1,,10201,,,0,,,30241200,gal_favor_text_30241190,,,2,,0,,,1,-1,157950
1386,30241200,2,1,gal_name_02,10201,,,0,,,30241210,gal_favor_text_30241200,,,1,,0,,,1,-1,157950
1387,30241210,2,1,,10201,,,0,,,30241220,gal_favor_text_30241210,,,2,,0,,,1,-1,157950
1388,30241220,2,1,gal_name_02,10201,,,0,,,30241230,gal_favor_text_30241220,,,1,,0,,,1,-1,157950
1389,30241230,2,1,player_name,10201,,,0,,,30241240,gal_favor_text_30241230,,,1,,0,,,1,-1,157950
1390,30241240,2,1,gal_name_02,10201,,,0,,,30241250,gal_favor_text_30241240,,,1,,0,,,1,-1,157950
1391,30241250,2,1,,10201,,,0,,,30241260,gal_favor_text_30241250,,,2,,0,,,1,-1,157950
1392,30241260,2,1,,10201,,,0,,,30241270,gal_favor_text_30241260,,,2,,0,,,1,-1,157950
1393,30241270,2,1,player_name,10201,,,0,,,30241280,gal_favor_text_30241270,,,1,,0,,,1,-1,157950
1394,30241280,2,1,,10201,,,0,,,30241290,gal_favor_text_30241280,,,2,,0,,,1,-1,157950
1395,30241290,2,1,player_name,10201,,,0,,,30241300,gal_favor_text_30241290,,,1,,0,,,1,-1,157950
1396,30241300,2,1,gal_name_02,10201,,,0,,,30241310,gal_favor_text_30241300,,,1,,0,,,1,-1,157950
1397,30241310,2,1,player_name,10201,,,0,,,30241320,gal_favor_text_30241310,,,1,,0,,,1,-1,157950
1398,30241320,2,1,,10201,,,0,,,30241330,gal_favor_text_30241320,,,2,,0,,,1,-1,157950
1399,30241330,2,1,player_name,10201,,,0,,,30241340,gal_favor_text_30241330,,,1,,0,,,1,-1,157950
1400,30241340,2,1,,10201,,,0,,,30241350,gal_favor_text_30241340,,,2,,0,,,1,-1,157950
1401,30241350,2,1,gal_name_02,10201,,,0,,,30241360,gal_favor_text_30241350,,,1,,0,,,1,-1,157950
1402,30241360,2,1,,10201,,,0,,,30241370,gal_favor_text_30241360,,,2,,0,,,1,-1,157950
1403,30241370,2,1,player_name,10201,,,0,,,30241380,gal_favor_text_30241370,,,1,,0,,,1,-1,157950
1404,30241380,2,1,gal_name_02,10201,,,0,,,30241390,gal_favor_text_30241380,,,1,,0,,,1,-1,157950
1405,30241390,2,1,,10201,,,0,,,30241400,gal_favor_text_30241390,,,2,,0,,,1,-1,157950
1406,30241400,2,1,gal_name_02,10201,,,0,,,30241410,gal_favor_text_30241400,,,1,,0,,,1,-1,157950
1407,30241410,2,1,,10201,,,0,,,30241420,gal_favor_text_30241410,,,2,,0,,,1,-1,157950
1408,30241420,2,1,,10201,,,0,,,30241430,gal_favor_text_30241420,,,2,,0,,,1,-1,157950
1409,30241430,2,1,player_name,10201,,,0,,,30241440,gal_favor_text_30241430,,,1,,0,,,1,-1,157950
1410,30241440,2,1,,10201,,,0,,,30241450,gal_favor_text_30241440,,,2,,0,,,1,-1,157950
1411,30241450,2,1,player_name,10201,,,0,,,30241460,gal_favor_text_30241450,,,1,,0,,,1,-1,157950
1412,30241460,2,1,,10201,,,0,,,30241470,gal_favor_text_30241460,,,2,,0,,,1,-1,157950
1413,30241470,2,1,,10201,,,0,,,30241480,gal_favor_text_30241470,,,2,,0,,,1,-1,157950
1414,30241480,2,1,,10201,,,0,,,30241490,gal_favor_text_30241480,,,2,,0,,,1,-1,157950
1415,30241490,2,1,gal_name_02,10201,,,0,,,30241500,gal_favor_text_30241490,,,1,,0,,,1,-1,157950
1416,30241500,2,1,,10201,,,0,,,30241510,gal_favor_text_30241500,,,2,,0,,,1,-1,157950
1417,30241510,2,1,,10201,,,0,,,30241520,gal_favor_text_30241510,,,2,,0,,,1,-1,157950
1418,30241520,2,1,,10201,,,0,,,30241530,gal_favor_text_30241520,,,2,,0,,,1,-1,157950
1419,30241530,2,1,,10201,,,0,,,30241540,gal_favor_text_30241530,,,2,,0,,,1,-1,157950
1420,30241540,2,1,gal_name_02,10201,,,0,,,30241550,gal_favor_text_30241540,,,1,,0,,,1,-1,157950
1421,30241550,2,1,player_name,10201,,,0,,,30241560,gal_favor_text_30241550,,,1,,0,,,1,-1,157950
1422,30241560,2,1,,10201,,,0,,,30241570,gal_favor_text_30241560,,,2,,0,,,1,-1,157950
1423,30241570,2,1,player_name,10201,,,0,,,30241580,gal_favor_text_30241570,,,1,,0,,,1,-1,157950
1424,30241580,2,1,,10201,,,0,,,30241590,gal_favor_text_30241580,,,2,,0,,,1,-1,157950
1425,30241590,2,1,,10201,,,0,,,-1,gal_favor_text_30241590,,,2,,0,,,1,-1,157950
1426,30250010,2,1,,10201,,,0,,,30250020,gal_favor_text_30250010,,,2,,2,gal_bg_street_1,gal_bg_room_1,1,-1,157950
1427,30250020,2,1,,10201,,,0,,,30250030,gal_favor_text_30250020,,,2,,0,,,1,-1,157950
1428,30250030,2,1,player_name,10201,,,0,,,30250040,gal_favor_text_30250030,,,1,,0,,,1,-1,157950
1429,30250040,2,1,gal_name_02,10201,,,0,,,30250050,gal_favor_text_30250040,,,1,,0,,,1,-1,157950
1430,30250050,2,1,player_name,10201,,,0,,,30250060,gal_favor_text_30250050,,,1,,0,,,1,-1,157950
1431,30250060,2,1,,10201,,,0,,,30250070,gal_favor_text_30250060,,,2,,0,,,1,-1,157950
1432,30250070,2,1,player_name,10201,,,0,,,30250080,gal_favor_text_30250070,,,1,,0,,,1,-1,157950
1433,30250080,2,1,gal_name_14,10201,,,0,,,30250090,gal_favor_text_30250080,,,1,,0,,,1,-1,157950
1434,30250090,2,1,gal_name_14,10201,,,0,,,30250100,gal_favor_text_30250090,,,1,,0,,,1,-1,157950
1435,30250100,2,1,,10201,,,0,,,30250110,gal_favor_text_30250100,,,2,,0,,,1,-1,157950
1436,30250110,2,1,player_name,10201,,,0,,,30250120,gal_favor_text_30250110,,,1,,0,,,1,-1,157950
1437,30250120,2,1,gal_name_02,10201,,,0,,,30250130,gal_favor_text_30250120,,,1,,0,,,1,-1,157950
1438,30250130,2,1,player_name,10201,,,0,,,30250140,gal_favor_text_30250130,,,1,,0,,,1,-1,157950
1439,30250140,2,1,gal_name_02,10201,,,0,,,30250150,gal_favor_text_30250140,,,1,,0,,,1,-1,157950
1440,30250150,2,1,player_name,10201,,,0,,,30250160,gal_favor_text_30250150,,,1,,0,,,1,-1,157950
1441,30250160,2,1,,10201,,,0,,,30250170,gal_favor_text_30250160,,,2,,0,,,1,-1,157950
1442,30250170,2,1,gal_name_02,10201,,,0,,,30250180,gal_favor_text_30250170,,,1,,0,,,1,-1,157950
1443,30250180,2,1,player_name,10201,,,0,,,30250190,gal_favor_text_30250180,,,1,,0,,,1,-1,157950
1444,30250190,2,1,gal_name_02,10201,,,0,,,30250200,gal_favor_text_30250190,,,1,,0,,,1,-1,157950
1445,30250200,2,1,player_name,10201,,,0,,,30250210,gal_favor_text_30250200,,,1,,0,,,1,-1,157950
1446,30250210,2,1,gal_name_02,10201,,,0,,,30250220,gal_favor_text_30250210,,,1,,0,,,1,-1,157950
1447,30250220,2,1,player_name,10201,,,0,,,30250230,gal_favor_text_30250220,,,1,,0,,,1,-1,157950
1448,30250230,2,1,,10201,,,0,,,30250240,gal_favor_text_30250230,,,2,,0,,,1,-1,157950
1449,30250240,2,1,gal_name_02,10201,,,0,,,30250250,gal_favor_text_30250240,,,1,,0,,,1,-1,157950
1450,30250250,2,1,player_name,10201,,,0,,,30250260,gal_favor_text_30250250,,,1,,0,,,1,-1,157950
1451,30250260,2,1,,10201,,,0,,,30250270,gal_favor_text_30250260,,,2,,0,,,1,-1,157950
1452,30250270,2,1,gal_name_02,10201,,,0,,,30250280,gal_favor_text_30250270,,,1,,0,,,1,-1,157950
1453,30250280,2,1,player_name,10201,,,0,,,30250290,gal_favor_text_30250280,,,1,,0,,,1,-1,157950
1454,30250290,2,1,,10201,,,0,,,30250300,gal_favor_text_30250290,,,2,,0,,,1,-1,157950
1455,30250300,2,1,gal_name_02,10201,,,0,,,30250310,gal_favor_text_30250300,,,1,,0,,,1,-1,157950
1456,30250310,2,1,gal_name_02,10201,,,0,,,30250320,gal_favor_text_30250310,,,1,,0,,,1,-1,157950
1457,30250320,2,1,,10201,,,0,,,30250330,gal_favor_text_30250320,,,2,,0,,,1,-1,157950
1458,30250330,2,1,player_name,10201,,,0,,,30250340,gal_favor_text_30250330,,,1,,0,,,1,-1,157950
1459,30250340,2,1,,10201,,,0,,,30250350,gal_favor_text_30250340,,,2,,0,,,1,-1,157950
1460,30250350,2,1,gal_name_02,10201,,,0,,,30250360,gal_favor_text_30250350,,,1,,0,,,1,-1,157950
1461,30250360,2,1,,10201,,,0,,,30250370,gal_favor_text_30250360,,,2,,0,,,1,-1,157950
1462,30250370,2,1,player_name,10201,,,0,,,30250380,gal_favor_text_30250370,,,1,,0,,,1,-1,157950
1463,30250380,2,1,gal_name_02,10201,,,0,,,30250390,gal_favor_text_30250380,,,1,,0,,,1,-1,157950
1464,30250390,2,1,player_name,10201,,,0,,,30250400,gal_favor_text_30250390,,,1,,0,,,1,-1,157950
1465,30250400,2,1,,10201,,,0,,,30250410,gal_favor_text_30250400,,,2,,0,,,1,-1,157950
1466,30250410,2,1,gal_name_02,10201,,,0,,,30250420,gal_favor_text_30250410,,,1,,0,,,1,-1,157950
1467,30250420,2,1,player_name,10201,,,0,,,30250430,gal_favor_text_30250420,,,1,,0,,,1,-1,157950
1468,30250430,2,1,,10201,,,0,,,30250440,gal_favor_text_30250430,,,2,,0,,,1,-1,157950
1469,30250440,2,1,,10201,,,0,,,30250450,gal_favor_text_30250440,,,2,,0,,,1,-1,157950
1470,30250450,2,1,,10201,,,0,,,30250460,gal_favor_text_30250450,,,2,,0,,,1,-1,157950
1471,30250460,2,1,player_name,10201,,,0,,,30250470,gal_favor_text_30250460,,,1,,0,,,1,-1,157950
1472,30250470,2,1,gal_name_02,10201,,,0,,,30250480,gal_favor_text_30250470,,,1,,0,,,1,-1,157950
1473,30250480,2,1,player_name,10201,,,0,,,30250490,gal_favor_text_30250480,,,1,,0,,,1,-1,157950
1474,30250490,2,1,,10201,,,0,,,30250500,gal_favor_text_30250490,,,2,,0,,,1,-1,157950
1475,30250500,2,1,,10201,,,0,,,30250510,gal_favor_text_30250500,,,2,,0,,,1,-1,157950
1476,30250510,2,1,,10201,,,0,,,30250520,gal_favor_text_30250510,,,2,,0,,,1,-1,157950
1477,30250520,2,1,gal_name_02,10201,,,0,,,30250530,gal_favor_text_30250520,,,1,,0,,,1,-1,157950
1478,30250530,2,1,player_name,10201,,,0,,,30250540,gal_favor_text_30250530,,,1,,0,,,1,-1,157950
1479,30250540,2,1,,10201,,,0,,,30250550,gal_favor_text_30250540,,,2,,0,,,1,-1,157950
1480,30250550,2,1,player_name,10201,,,0,,,30250560,gal_favor_text_30250550,,,1,,0,,,1,-1,157950
1481,30250560,2,1,,10201,,,0,,,30250570,gal_favor_text_30250560,,,2,,0,,,1,-1,157950
1482,30250570,2,1,player_name,10201,,,0,,,30250580,gal_favor_text_30250570,,,1,,0,,,1,-1,157950
1483,30250580,2,1,,10201,,,0,,,30250590,gal_favor_text_30250580,,,2,,0,,,1,-1,157950
1484,30250590,2,1,gal_name_02,10201,,,0,,,30250600,gal_favor_text_30250590,,,1,,0,,,1,-1,157950
1485,30250600,2,1,player_name,10201,,,0,,,30250610,gal_favor_text_30250600,,,1,,0,,,1,-1,157950
1486,30250610,2,1,gal_name_02,10201,,,0,,,30250620,gal_favor_text_30250610,,,1,,0,,,1,-1,157950
1487,30250620,2,1,player_name,10201,,,0,,,30250630,gal_favor_text_30250620,,,1,,0,,,1,-1,157950
1488,30250630,2,1,gal_name_02,10201,,,0,,,30250640,gal_favor_text_30250630,,,1,,0,,,1,-1,157950
1489,30250640,2,1,,10201,,,0,,,30250650,gal_favor_text_30250640,,,2,,0,,,1,-1,157950
1490,30250650,2,1,player_name,10201,,,0,,,30250660,gal_favor_text_30250650,,,1,,0,,,1,-1,157950
1491,30250660,2,1,player_name,10201,,,0,,,30250670,gal_favor_text_30250660,,,1,,0,,,1,-1,157950
1492,30250670,2,1,gal_name_02,10201,,,0,,,30250680,gal_favor_text_30250670,,,1,,0,,,1,-1,157950
1493,30250680,2,1,player_name,10201,,,0,,,30250690,gal_favor_text_30250680,,,1,,0,,,1,-1,157950
1494,30250690,2,1,gal_name_02,10201,,,0,,,30250700,gal_favor_text_30250690,,,1,,0,,,1,-1,157950
1495,30250700,2,1,player_name,10201,,,0,,,30250710,gal_favor_text_30250700,,,1,,0,,,1,-1,157950
1496,30250710,2,1,gal_name_02,10201,,,0,,,30250720,gal_favor_text_30250710,,,1,,0,,,1,-1,157950
1497,30250720,2,1,,10201,,,0,,,30250730,gal_favor_text_30250720,,,2,,0,,,1,-1,157950
1498,30250730,2,1,gal_name_02,10201,,,0,,,30250740,gal_favor_text_30250730,,,1,,0,,,1,-1,157950
1499,30250740,2,1,gal_name_02,10201,,,0,,,30250750,gal_favor_text_30250740,,,1,,0,,,1,-1,157950
1500,30250750,2,1,player_name,10201,,,0,,,30250760,gal_favor_text_30250750,,,1,,0,,,1,-1,157950
1501,30250760,2,1,gal_name_02,10201,,,0,,,30250770,gal_favor_text_30250760,,,1,,0,,,1,-1,157950
1502,30250770,2,1,,10201,,,0,,,30250780,gal_favor_text_30250770,,,2,,0,,,1,-1,157950
1503,30250780,2,1,player_name,10201,,,0,,,30250790,gal_favor_text_30250780,,,1,,0,,,1,-1,157950
1504,30250790,2,1,,10201,,,0,,,30250800,gal_favor_text_30250790,,,2,,0,,,1,-1,157950
1505,30250800,2,1,gal_name_02,10201,,,0,,,30250810,gal_favor_text_30250800,,,1,,0,,,1,-1,157950
1506,30250810,2,1,player_name,10201,,,0,,,30250820,gal_favor_text_30250810,,,1,,0,,,1,-1,157950
1507,30250820,2,1,gal_name_02,10201,,,0,,,30250830,gal_favor_text_30250820,,,1,,0,,,1,-1,157950
1508,30250830,2,1,player_name,10201,,,0,,,30250840,gal_favor_text_30250830,,,1,,0,,,1,-1,157950
1509,30250840,2,1,,10201,,,0,,,30250850,gal_favor_text_30250840,,,2,,0,,,1,-1,157950
1510,30250850,2,1,player_name,10201,,,0,,,30250860,gal_favor_text_30250850,,,1,,0,,,1,-1,157950
1511,30250860,2,1,gal_name_02,10201,,,0,,,30250870,gal_favor_text_30250860,,,1,,0,,,1,-1,157950
1512,30250870,2,1,,10201,,,0,,,30250880,gal_favor_text_30250870,,,2,,0,,,1,-1,157950
1513,30250880,2,1,gal_name_02,10201,,,0,,,30250890,gal_favor_text_30250880,,,1,,0,,,1,-1,157950
1514,30250890,2,1,,10201,,,0,,,30250900,gal_favor_text_30250890,,,2,,0,,,1,-1,157950
1515,30250900,2,1,gal_name_02,10201,,,0,,,30250910,gal_favor_text_30250900,,,1,,0,,,1,-1,157950
1516,30250910,2,1,player_name,10201,,,0,,,30250920,gal_favor_text_30250910,,,1,,0,,,1,-1,157950
1517,30250920,2,1,gal_name_02,10201,,,0,,,30250930,gal_favor_text_30250920,,,1,,0,,,1,-1,157950
1518,30250930,2,1,,10201,,,0,,,30250940,gal_favor_text_30250930,,,2,,0,,,1,-1,157950
1519,30250940,2,1,,10201,,,0,,,30250950,gal_favor_text_30250940,,,2,,0,,,1,-1,157950
1520,30250950,2,1,,10201,,,0,,,30250960,gal_favor_text_30250950,,,2,,0,,,1,-1,157950
1521,30250960,2,1,player_name,10201,,,0,,,30250970,gal_favor_text_30250960,,,1,,0,,,1,-1,157950
1522,30250970,2,1,,10201,,,0,,,30250980,gal_favor_text_30250970,,,2,,0,,,1,-1,157950
1523,30250980,2,1,,10201,,,0,,,30250990,gal_favor_text_30250980,,,2,,0,,,1,-1,157950
1524,30250990,2,1,,10201,,,0,,,30251000,gal_favor_text_30250990,,,2,,0,,,1,-1,157950
1525,30251000,2,1,player_name,10201,,,0,,,30251010,gal_favor_text_30251000,,,1,,0,,,1,-1,157950
1526,30251010,2,1,,10201,,,0,,,30251020,gal_favor_text_30251010,,,2,,0,,,1,-1,157950
1527,30251020,2,1,player_name,10201,,,0,,,30251030,gal_favor_text_30251020,,,1,,0,,,1,-1,157950
1528,30251030,2,1,,10201,,,0,,,30251040,gal_favor_text_30251030,,,2,,0,,,1,-1,157950
1529,30251040,2,1,gal_name_02,10201,,,0,,,30251050,gal_favor_text_30251040,,,1,,0,,,1,-1,157950
1530,30251050,2,1,,10201,,,0,,,30251060,gal_favor_text_30251050,,,2,,0,,,1,-1,157950
1531,30251060,2,1,player_name,10201,,,0,,,30251070,gal_favor_text_30251060,,,1,,0,,,1,-1,157950
1532,30251070,2,1,player_name,10201,,,0,,,30251080,gal_favor_text_30251070,,,1,,0,,,1,-1,157950
1533,30251080,2,1,,10201,,,0,,,30251090,gal_favor_text_30251080,,,2,,0,,,1,-1,157950
1534,30251090,2,1,gal_name_02,10201,,,0,,,30251100,gal_favor_text_30251090,,,1,,0,,,1,-1,157950
1535,30251100,2,1,player_name,10201,,,0,,,30251110,gal_favor_text_30251100,,,1,,0,,,1,-1,157950
1536,30251110,2,1,,10201,,,0,,,30251120,gal_favor_text_30251110,,,2,,0,,,1,-1,157950
1537,30251120,2,1,player_name,10201,,,0,,,30251130,gal_favor_text_30251120,,,1,,0,,,1,-1,157950
1538,30251130,2,1,gal_name_02,10201,,,0,,,30251140,gal_favor_text_30251130,,,1,,0,,,1,-1,157950
1539,30251140,2,1,player_name,10201,,,0,,,30251150,gal_favor_text_30251140,,,1,,0,,,1,-1,157950
1540,30251150,2,1,gal_name_02,10201,,,0,,,30251160,gal_favor_text_30251150,,,1,,0,,,1,-1,157950
1541,30251160,2,1,player_name,10201,,,0,,,30251170,gal_favor_text_30251160,,,1,,0,,,1,-1,157950
1542,30251170,2,1,gal_name_02,10201,,,0,,,30251180,gal_favor_text_30251170,,,1,,0,,,1,-1,157950
1543,30251180,2,1,player_name,10201,,,0,,,30251190,gal_favor_text_30251180,,,1,,0,,,1,-1,157950
1544,30251190,2,1,player_name,10201,,,0,,,30251200,gal_favor_text_30251190,,,1,,0,,,1,-1,157950
1545,30251200,2,1,player_name,10201,,,0,,,30251210,gal_favor_text_30251200,,,1,,0,,,1,-1,157950
1546,30251210,2,1,gal_name_02,10201,,,0,,,30251220,gal_favor_text_30251210,,,1,,0,,,1,-1,157950
1547,30251220,2,1,player_name,10201,,,0,,,30251230,gal_favor_text_30251220,,,1,,0,,,1,-1,157950
1548,30251230,2,1,player_name,10201,,,0,,,30251240,gal_favor_text_30251230,,,1,,0,,,1,-1,157950
1549,30251240,2,1,,10201,,,0,,,30251250,gal_favor_text_30251240,,,2,,0,,,1,-1,157950
1550,30251250,2,1,,10201,,,0,,,30251260,gal_favor_text_30251250,,,2,,0,,,1,-1,157950
1551,30251260,2,1,,10201,,,0,,,30251270,gal_favor_text_30251260,,,2,,0,,,1,-1,157950
1552,30251270,2,1,gal_name_02,10201,,,0,,,30251280,gal_favor_text_30251270,,,1,,0,,,1,-1,157950
1553,30251280,2,1,player_name,10201,,,0,,,30251290,gal_favor_text_30251280,,,1,,0,,,1,-1,157950
1554,30251290,2,1,player_name,10201,,,0,,,30251300,gal_favor_text_30251290,,,1,,0,,,1,-1,157950
1555,30251300,2,1,,10201,,,0,,,30251310,gal_favor_text_30251300,,,2,,0,,,1,-1,157950
1556,30251310,2,1,player_name,10201,,,0,,,30251320,gal_favor_text_30251310,,,1,,0,,,1,-1,157950
1557,30251320,2,1,,10201,,,0,,,30251330,gal_favor_text_30251320,,,2,,0,,,1,-1,157950
1558,30251330,2,1,,10201,,,0,,,30251340,gal_favor_text_30251330,,,2,,0,,,1,-1,157950
1559,30251340,2,1,,10201,,,0,,,30251350,gal_favor_text_30251340,,,2,,0,,,1,-1,157950
1560,30251350,2,1,gal_name_02,10201,,,0,,,30251360,gal_favor_text_30251350,,,1,,0,,,1,-1,157950
1561,30251360,2,1,player_name,10201,,,0,,,30251370,gal_favor_text_30251360,,,1,,0,,,1,-1,157950
1562,30251370,2,1,,10201,,,0,,,30251380,gal_favor_text_30251370,,,2,,0,,,1,-1,157950
1563,30251380,2,1,,10201,,,0,,,30251390,gal_favor_text_30251380,,,2,,0,,,1,-1,157950
1564,30251390,2,1,,10201,,,0,,,30251400,gal_favor_text_30251390,,,2,,0,,,1,-1,157950
1565,30251400,2,1,,10201,,,0,,,30251410,gal_favor_text_30251400,,,2,,0,,,1,-1,157950
1566,30251410,2,1,gal_name_02,10201,,,0,,,30251420,gal_favor_text_30251410,,,1,,0,,,1,-1,157950
1567,30251420,2,1,gal_name_02,10201,,,0,,,30251430,gal_favor_text_30251420,,,1,,0,,,1,-1,157950
1568,30251430,2,1,gal_name_02,10201,,,0,,,30251440,gal_favor_text_30251430,,,1,,0,,,1,-1,157950
1569,30251440,2,1,gal_name_02,10201,,,0,,,30251450,gal_favor_text_30251440,,,1,,0,,,1,-1,157950
1570,30251450,2,1,,10201,,,0,,,30251460,gal_favor_text_30251450,,,2,,0,,,1,-1,157950
1571,30251460,2,1,,10201,,,0,,,30251470,gal_favor_text_30251460,,,2,,0,,,1,-1,157950
1572,30251470,2,1,,10201,,,0,,,30251480,gal_favor_text_30251470,,,2,,0,,,1,-1,157950
1573,30251480,2,1,player_name,10201,,,0,,,30251490,gal_favor_text_30251480,,,1,,0,,,1,-1,157950
1574,30251490,2,1,gal_name_02,10201,,,0,,,30251500,gal_favor_text_30251490,,,1,,0,,,1,-1,157950
1575,30251500,2,1,player_name,10201,,,0,,,30251510,gal_favor_text_30251500,,,1,,0,,,1,-1,157950
1576,30251510,2,1,,10201,,,0,,,30251520,gal_favor_text_30251510,,,2,,0,,,1,-1,157950
1577,30251520,2,1,,10201,,,0,,,30251530,gal_favor_text_30251520,,,2,,0,,,1,-1,157950
1578,30251530,2,1,,10201,,,0,,,30251540,gal_favor_text_30251530,,,2,,0,,,1,-1,157950
1579,30251540,2,1,,10201,,,0,,,-1,gal_favor_text_30251540,,,2,,0,,,1,-1,157950
1580,30310010,2,1,,10301,,,0,,,30310020,gal_favor_text_30310010,,,2,,2,gal_bg_room_1,gal_bg_room_1,1,-1,157950
1581,30310020,2,1,player_name,10301,,,0,,,30310030,gal_favor_text_30310020,,,1,,0,,,1,-1,157950
1582,30310030,2,1,gal_name_03,10301,,,0,,,30310040,gal_favor_text_30310030,,,1,,0,,,1,-1,157950
1583,30310040,2,1,gal_name_03,10301,,,0,,,30310050,gal_favor_text_30310040,,,1,,0,,,1,-1,157950
1584,30310050,2,1,player_name,10301,,,0,,,30310060,gal_favor_text_30310050,,,1,,0,,,1,-1,157950
1585,30310060,2,1,gal_name_03,10301,,,0,,,30310070,gal_favor_text_30310060,,,1,,0,,,1,-1,157950
1586,30310070,2,1,player_name,10301,,,0,,,30310080,gal_favor_text_30310070,,,1,,0,,,1,-1,157950
1587,30310080,2,1,gal_name_03,10301,,,0,,,30310090,gal_favor_text_30310080,,,1,,0,,,1,-1,157950
1588,30310090,2,1,gal_name_03,10301,,,0,,,30310100,gal_favor_text_30310090,,,1,,0,,,1,-1,157950
1589,30310100,2,1,gal_name_03,10301,,,0,,,30310110,gal_favor_text_30310100,,,1,,0,,,1,-1,157950
1590,30310110,2,1,player_name,10301,,,0,,,30310120,gal_favor_text_30310110,,,1,,0,,,1,-1,157950
1591,30310120,2,1,player_name,10301,,,0,,,30310130,gal_favor_text_30310120,,,1,,0,,,1,-1,157950
1592,30310130,2,1,player_name,10301,,,0,,,30310140,gal_favor_text_30310130,,,1,,0,,,1,-1,157950
1593,30310140,2,1,gal_name_03,10301,,,0,,,30310150,gal_favor_text_30310140,,,1,,0,,,1,-1,157950
1594,30310150,2,1,gal_name_03,10301,,,0,,,30310160,gal_favor_text_30310150,,,1,,0,,,1,-1,157950
1595,30310160,2,1,player_name,10301,,,0,,,30310170,gal_favor_text_30310160,,,1,,0,,,1,-1,157950
1596,30310170,2,1,gal_name_03,10301,,,0,,,30310180,gal_favor_text_30310170,,,1,,0,,,1,-1,157950
1597,30310180,2,1,player_name,10301,,,0,,,30310190,gal_favor_text_30310180,,,1,,0,,,1,-1,157950
1598,30310190,2,1,gal_name_03,10301,,,0,,,30310200,gal_favor_text_30310190,,,1,,0,,,1,-1,157950
1599,30310200,2,1,player_name,10301,,,0,,,30310210,gal_favor_text_30310200,,,1,,0,,,1,-1,157950
1600,30310210,2,1,gal_name_03,10301,,,0,,,30310220,gal_favor_text_30310210,,,1,,0,,,1,-1,157950
1601,30310220,2,1,gal_name_03,10301,,,0,,,30310230,gal_favor_text_30310220,,,1,,0,,,1,-1,157950
1602,30310230,2,1,player_name,10301,,,0,,,30310240,gal_favor_text_30310230,,,1,,0,,,1,-1,157950
1603,30310240,2,1,gal_name_03,10301,,,0,,,30310250,gal_favor_text_30310240,,,1,,0,,,1,-1,157950
1604,30310250,2,1,player_name,10301,,,0,,,30310260,gal_favor_text_30310250,,,1,,0,,,1,-1,157950
1605,30310260,2,1,gal_name_03,10301,,,0,,,30310270,gal_favor_text_30310260,,,1,,0,,,1,-1,157950
1606,30310270,2,1,player_name,10301,,,0,,,30310280,gal_favor_text_30310270,,,1,,0,,,1,-1,157950
1607,30310280,2,1,gal_name_03,10301,,,0,,,30310290,gal_favor_text_30310280,,,1,,0,,,1,-1,157950
1608,30310290,2,1,player_name,10301,,,0,,,30310300,gal_favor_text_30310290,,,1,,0,,,1,-1,157950
1609,30310300,2,1,player_name,10301,,,0,,,30310310,gal_favor_text_30310300,,,1,,0,,,1,-1,157950
1610,30310310,2,1,gal_name_03,10301,,,0,,,30310320,gal_favor_text_30310310,,,1,,0,,,1,-1,157950
1611,30310320,2,1,gal_name_03,10301,,,0,,,30310330,gal_favor_text_30310320,,,1,,0,,,1,-1,157950
1612,30310330,2,1,gal_name_03,10301,,,0,,,30310340,gal_favor_text_30310330,,,1,,0,,,1,-1,157950
1613,30310340,2,1,player_name,10301,,,0,,,30310350,gal_favor_text_30310340,,,1,,0,,,1,-1,157950
1614,30310350,2,1,player_name,10301,,,0,,,30310360,gal_favor_text_30310350,,,1,,0,,,1,-1,157950
1615,30310360,2,1,gal_name_03,10301,,,0,,,30310370,gal_favor_text_30310360,,,1,,0,,,1,-1,157950
1616,30310370,2,1,player_name,10301,,,0,,,30310380,gal_favor_text_30310370,,,1,,0,,,1,-1,157950
1617,30310380,2,1,player_name,10301,,,0,,,30310390,gal_favor_text_30310380,,,1,,0,,,1,-1,157950
1618,30310390,2,1,gal_name_03,10301,,,0,,,30310400,gal_favor_text_30310390,,,1,,0,,,1,-1,157950
1619,30310400,2,1,gal_name_03,10301,,,0,,,30310410,gal_favor_text_30310400,,,1,,0,,,1,-1,157950
1620,30310410,2,1,gal_name_03,10301,,,0,,,30310420,gal_favor_text_30310410,,,1,,0,,,1,-1,157950
1621,30310420,2,1,player_name,10301,,,0,,,30310430,gal_favor_text_30310420,,,1,,0,,,1,-1,157950
1622,30310430,2,1,player_name,10301,,,0,,,30310440,gal_favor_text_30310430,,,1,,0,,,1,-1,157950
1623,30310440,2,1,gal_name_03,10301,,,0,,,30310450,gal_favor_text_30310440,,,1,,0,,,1,-1,157950
1624,30310450,2,1,player_name,10301,,,0,,,30310460,gal_favor_text_30310450,,,1,,0,,,1,-1,157950
1625,30310460,2,1,gal_name_03,10301,,,0,,,30310470,gal_favor_text_30310460,,,1,,0,,,1,-1,157950
1626,30310470,2,1,player_name,10301,,,0,,,30310480,gal_favor_text_30310470,,,1,,0,,,1,-1,157950
1627,30310480,2,1,gal_name_03,10301,,,0,,,30310490,gal_favor_text_30310480,,,1,,0,,,1,-1,157950
1628,30310490,2,1,gal_name_03,10301,,,0,,,30310500,gal_favor_text_30310490,,,1,,0,,,1,-1,157950
1629,30310500,2,1,gal_name_03,10301,,,0,,,30310510,gal_favor_text_30310500,,,1,,0,,,1,-1,157950
1630,30310510,2,1,player_name,10301,,,0,,,30310520,gal_favor_text_30310510,,,1,,0,,,1,-1,157950
1631,30310520,2,1,player_name,10301,,,0,,,30310530,gal_favor_text_30310520,,,1,,0,,,1,-1,157950
1632,30310530,2,1,gal_name_03,10301,,,0,,,30310540,gal_favor_text_30310530,,,1,,0,,,1,-1,157950
1633,30310540,2,1,player_name,10301,,,0,,,30310550,gal_favor_text_30310540,,,1,,0,,,1,-1,157950
1634,30310550,2,1,player_name,10301,,,0,,,30310560,gal_favor_text_30310550,,,1,,0,,,1,-1,157950
1635,30310560,2,1,gal_name_03,10301,,,0,,,30310570,gal_favor_text_30310560,,,1,,0,,,1,-1,157950
1636,30310570,2,1,player_name,10301,,,0,,,30310580,gal_favor_text_30310570,,,1,,0,,,1,-1,157950
1637,30310580,2,1,gal_name_03,10301,,,0,,,30310590,gal_favor_text_30310580,,,1,,0,,,1,-1,157950
1638,30310590,2,1,player_name,10301,,,0,,,30310600,gal_favor_text_30310590,,,1,,0,,,1,-1,157950
1639,30310600,2,1,gal_name_03,10301,,,0,,,30310610,gal_favor_text_30310600,,,1,,0,,,1,-1,157950
1640,30310610,2,1,player_name,10301,,,0,,,30310620,gal_favor_text_30310610,,,1,,0,,,1,-1,157950
1641,30310620,2,1,gal_name_03,10301,,,0,,,30310630,gal_favor_text_30310620,,,1,,0,,,1,-1,157950
1642,30310630,2,1,gal_name_03,10301,,,0,,,30310640,gal_favor_text_30310630,,,1,,0,,,1,-1,157950
1643,30310640,2,1,player_name,10301,,,0,,,30310650,gal_favor_text_30310640,,,1,,0,,,1,-1,157950
1644,30310650,2,1,gal_name_03,10301,,,0,,,30310660,gal_favor_text_30310650,,,1,,0,,,1,-1,157950
1645,30310660,2,1,gal_name_03,10301,,,0,,,30310670,gal_favor_text_30310660,,,1,,0,,,1,-1,157950
1646,30310670,2,1,player_name,10301,,,0,,,30310680,gal_favor_text_30310670,,,1,,0,,,1,-1,157950
1647,30310680,2,1,gal_name_03,10301,,,0,,,30310690,gal_favor_text_30310680,,,1,,0,,,1,-1,157950
1648,30310690,2,1,gal_name_03,10301,,,0,,,30310700,gal_favor_text_30310690,,,1,,0,,,1,-1,157950
1649,30310700,2,1,player_name,10301,,,0,,,30310710,gal_favor_text_30310700,,,1,,0,,,1,-1,157950
1650,30310710,2,1,gal_name_03,10301,,,0,,,30310720,gal_favor_text_30310710,,,1,,0,,,1,-1,157950
1651,30310720,2,1,player_name,10301,,,0,,,30310730,gal_favor_text_30310720,,,1,,0,,,1,-1,157950
1652,30310730,2,1,gal_name_03,10301,,,0,,,30310740,gal_favor_text_30310730,,,1,,0,,,1,-1,157950
1653,30310740,2,1,player_name,10301,,,0,,,30310750,gal_favor_text_30310740,,,1,,0,,,1,-1,157950
1654,30310750,2,1,gal_name_03,10301,,,0,,,30310760,gal_favor_text_30310750,,,1,,0,,,1,-1,157950
1655,30310760,2,1,player_name,10301,,,0,,,30310770,gal_favor_text_30310760,,,1,,0,,,1,-1,157950
1656,30310770,2,1,gal_name_03,10301,,,0,,,30310780,gal_favor_text_30310770,,,1,,0,,,1,-1,157950
1657,30310780,2,1,gal_name_03,10301,,,0,,,30310790,gal_favor_text_30310780,,,1,,0,,,1,-1,157950
1658,30310790,2,1,gal_name_03,10301,,,0,,,30310800,gal_favor_text_30310790,,,1,,0,,,1,-1,157950
1659,30310800,2,1,player_name,10301,,,0,,,30310810,gal_favor_text_30310800,,,1,,0,,,1,-1,157950
1660,30310810,2,1,gal_name_03,10301,,,0,,,30310820,gal_favor_text_30310810,,,1,,0,,,1,-1,157950
1661,30310820,2,1,player_name,10301,,,0,,,30310830,gal_favor_text_30310820,,,1,,0,,,1,-1,157950
1662,30310830,2,1,gal_name_03,10301,,,0,,,30310840,gal_favor_text_30310830,,,1,,0,,,1,-1,157950
1663,30310840,2,1,player_name,10301,,,0,,,30310850,gal_favor_text_30310840,,,1,,0,,,1,-1,157950
1664,30310850,2,1,gal_name_03,10301,,,0,,,30310860,gal_favor_text_30310850,,,1,,0,,,1,-1,157950
1665,30310860,2,1,player_name,10301,,,0,,,30310870,gal_favor_text_30310860,,,1,,0,,,1,-1,157950
1666,30310870,2,1,player_name,10301,,,0,,,30310880,gal_favor_text_30310870,,,1,,0,,,1,-1,157950
1667,30310880,2,1,gal_name_03,10301,,,0,,,30310890,gal_favor_text_30310880,,,1,,0,,,1,-1,157950
1668,30310890,2,1,gal_name_03,10301,,,0,,,30310900,gal_favor_text_30310890,,,1,,0,,,1,-1,157950
1669,30310900,2,1,gal_name_03,10301,,,0,,,30310910,gal_favor_text_30310900,,,1,,0,,,1,-1,157950
1670,30310910,2,1,player_name,10301,,,0,,,30310920,gal_favor_text_30310910,,,1,,0,,,1,-1,157950
1671,30310920,2,1,gal_name_03,10301,,,0,,,30310930,gal_favor_text_30310920,,,1,,0,,,1,-1,157950
1672,30310930,2,1,player_name,10301,,,0,,,30310940,gal_favor_text_30310930,,,1,,0,,,1,-1,157950
1673,30310940,2,1,gal_name_03,10301,,,0,,,30310950,gal_favor_text_30310940,,,1,,0,,,1,-1,157950
1674,30310950,2,1,gal_name_03,10301,,,0,,,30310960,gal_favor_text_30310950,,,1,,0,,,1,-1,157950
1675,30310960,2,1,player_name,10301,,,0,,,30310970,gal_favor_text_30310960,,,1,,0,,,1,-1,157950
1676,30310970,2,1,gal_name_03,10301,,,0,,,30310980,gal_favor_text_30310970,,,1,,0,,,1,-1,157950
1677,30310980,2,1,gal_name_03,10301,,,0,,,30310990,gal_favor_text_30310980,,,1,,0,,,1,-1,157950
1678,30310990,2,1,gal_name_03,10301,,,0,,,30311000,gal_favor_text_30310990,,,1,,0,,,1,-1,157950
1679,30311000,2,1,gal_name_03,10301,,,0,,,30311010,gal_favor_text_30311000,,,1,,0,,,1,-1,157950
1680,30311010,2,1,player_name,10301,,,0,,,30311020,gal_favor_text_30311010,,,1,,0,,,1,-1,157950
1681,30311020,2,1,gal_name_03,10301,,,0,,,30311030,gal_favor_text_30311020,,,1,,0,,,1,-1,157950
1682,30311030,2,1,player_name,10301,,,0,,,30311040,gal_favor_text_30311030,,,1,,0,,,1,-1,157950
1683,30311040,2,1,player_name,10301,,,0,,,30311050,gal_favor_text_30311040,,,1,,0,,,1,-1,157950
1684,30311050,2,1,gal_name_03,10301,,,0,,,-1,gal_favor_text_30311050,,,1,,0,,,1,-1,157950
1685,30320010,2,1,player_name,10301,,,0,,,30320020,gal_favor_text_30320010,,,1,,2,gal_bg_park_1,gal_bg_room_1,1,-1,157950
1686,30320020,2,1,,10301,,,0,,,30320030,gal_favor_text_30320020,,,2,,0,,,1,-1,157950
1687,30320030,2,1,,10301,,,0,,,30320040,gal_favor_text_30320030,,,2,,0,,,1,-1,157950
1688,30320040,2,1,player_name,10301,,,0,,,30320050,gal_favor_text_30320040,,,1,,0,,,1,-1,157950
1689,30320050,2,1,gal_name_25,10301,,,0,,,30320060,gal_favor_text_30320050,,,1,,0,,,1,-1,157950
1690,30320060,2,1,player_name,10301,,,0,,,30320070,gal_favor_text_30320060,,,1,,0,,,1,-1,157950
1691,30320070,2,1,gal_name_25,10301,,,0,,,30320080,gal_favor_text_30320070,,,1,,0,,,1,-1,157950
1692,30320080,2,1,player_name,10301,,,0,,,30320090,gal_favor_text_30320080,,,1,,0,,,1,-1,157950
1693,30320090,2,1,,10301,,,0,,,30320100,gal_favor_text_30320090,,,2,,0,,,1,-1,157950
1694,30320100,2,1,,10301,,,0,,,30320110,gal_favor_text_30320100,,,2,,0,,,1,-1,157950
1695,30320110,2,1,gal_name_03,10301,,,0,,,30320120,gal_favor_text_30320110,,,1,,0,,,1,-1,157950
1696,30320120,2,1,gal_name_03,10301,,,0,,,30320130,gal_favor_text_30320120,,,1,,0,,,1,-1,157950
1697,30320130,2,1,player_name,10301,,,0,,,30320140,gal_favor_text_30320130,,,1,,0,,,1,-1,157950
1698,30320140,2,1,player_name,10301,,,0,,,30320150,gal_favor_text_30320140,,,1,,0,,,1,-1,157950
1699,30320150,2,1,,10301,,,0,,,30320160,gal_favor_text_30320150,,,2,,0,,,1,-1,157950
1700,30320160,2,1,,10301,,,0,,,30320170,gal_favor_text_30320160,,,2,,0,,,1,-1,157950
1701,30320170,2,1,gal_name_03,10301,,,0,,,30320180,gal_favor_text_30320170,,,1,,0,,,1,-1,157950
1702,30320180,2,1,gal_name_03,10301,,,0,,,30320190,gal_favor_text_30320180,,,1,,0,,,1,-1,157950
1703,30320190,2,1,,10301,,,0,,,30320200,gal_favor_text_30320190,,,2,,0,,,1,-1,157950
1704,30320200,2,1,player_name,10301,,,0,,,30320210,gal_favor_text_30320200,,,1,,0,,,1,-1,157950
1705,30320210,2,1,gal_name_03,10301,,,0,,,30320220,gal_favor_text_30320210,,,1,,0,,,1,-1,157950
1706,30320220,2,1,,10301,,,0,,,30320230,gal_favor_text_30320220,,,2,,0,,,1,-1,157950
1707,30320230,2,1,player_name,10301,,,0,,,30320240,gal_favor_text_30320230,,,1,,0,,,1,-1,157950
1708,30320240,2,1,gal_name_03,10301,,,0,,,30320250,gal_favor_text_30320240,,,1,,0,,,1,-1,157950
1709,30320250,2,1,player_name,10301,,,0,,,30320260,gal_favor_text_30320250,,,1,,0,,,1,-1,157950
1710,30320260,2,1,gal_name_03,10301,,,0,,,30320270,gal_favor_text_30320260,,,1,,0,,,1,-1,157950
1711,30320270,2,1,gal_name_03,10301,,,0,,,30320280,gal_favor_text_30320270,,,1,,0,,,1,-1,157950
1712,30320280,2,1,player_name,10301,,,0,,,30320290,gal_favor_text_30320280,,,1,,0,,,1,-1,157950
1713,30320290,2,1,,10301,,,0,,,30320300,gal_favor_text_30320290,,,2,,0,,,1,-1,157950
1714,30320300,2,1,,10301,,,0,,,30320310,gal_favor_text_30320300,,,2,,0,,,1,-1,157950
1715,30320310,2,1,gal_name_25,10301,,,0,,,30320320,gal_favor_text_30320310,,,1,,0,,,1,-1,157950
1716,30320320,2,1,player_name,10301,,,0,,,30320330,gal_favor_text_30320320,,,1,,0,,,1,-1,157950
1717,30320330,2,1,,10301,,,0,,,30320340,gal_favor_text_30320330,,,2,,0,,,1,-1,157950
1718,30320340,2,1,player_name,10301,,,0,,,30320350,gal_favor_text_30320340,,,1,,0,,,1,-1,157950
1719,30320350,2,1,gal_name_25,10301,,,0,,,30320360,gal_favor_text_30320350,,,1,,0,,,1,-1,157950
1720,30320360,2,1,player_name,10301,,,0,,,30320370,gal_favor_text_30320360,,,1,,0,,,1,-1,157950
1721,30320370,2,1,gal_name_03,10301,,,0,,,30320380,gal_favor_text_30320370,,,1,,0,,,1,-1,157950
1722,30320380,2,1,gal_name_25,10301,,,0,,,30320390,gal_favor_text_30320380,,,1,,0,,,1,-1,157950
1723,30320390,2,1,gal_name_25,10301,,,0,,,30320400,gal_favor_text_30320390,,,1,,0,,,1,-1,157950
1724,30320400,2,1,gal_name_25,10301,,,0,,,30320410,gal_favor_text_30320400,,,1,,0,,,1,-1,157950
1725,30320410,2,1,,10301,,,0,,,30320420,gal_favor_text_30320410,,,2,,0,,,1,-1,157950
1726,30320420,2,1,gal_name_25,10301,,,0,,,30320430,gal_favor_text_30320420,,,1,,0,,,1,-1,157950
1727,30320430,2,1,gal_name_03,10301,,,0,,,30320440,gal_favor_text_30320430,,,1,,0,,,1,-1,157950
1728,30320440,2,1,player_name,10301,,,0,,,30320450,gal_favor_text_30320440,,,1,,0,,,1,-1,157950
1729,30320450,2,1,gal_name_03,10301,,,0,,,30320460,gal_favor_text_30320450,,,1,,0,,,1,-1,157950
1730,30320460,2,1,player_name,10301,,,0,,,30320470,gal_favor_text_30320460,,,1,,0,,,1,-1,157950
1731,30320470,2,1,gal_name_03,10301,,,0,,,30320480,gal_favor_text_30320470,,,1,,0,,,1,-1,157950
1732,30320480,2,1,player_name,10301,,,0,,,30320490,gal_favor_text_30320480,,,1,,0,,,1,-1,157950
1733,30320490,2,1,player_name,10301,,,0,,,30320500,gal_favor_text_30320490,,,1,,0,,,1,-1,157950
1734,30320500,2,1,gal_name_03,10301,,,0,,,30320510,gal_favor_text_30320500,,,1,,0,,,1,-1,157950
1735,30320510,2,1,player_name,10301,,,0,,,30320520,gal_favor_text_30320510,,,1,,0,,,1,-1,157950
1736,30320520,2,1,gal_name_03,10301,,,0,,,30320530,gal_favor_text_30320520,,,1,,0,,,1,-1,157950
1737,30320530,2,1,player_name,10301,,,0,,,30320540,gal_favor_text_30320530,,,1,,0,,,1,-1,157950
1738,30320540,2,1,player_name,10301,,,0,,,30320550,gal_favor_text_30320540,,,1,,0,,,1,-1,157950
1739,30320550,2,1,,10301,,,0,,,30320560,gal_favor_text_30320550,,,2,,0,,,1,-1,157950
1740,30320560,2,1,,10301,,,0,,,30320570,gal_favor_text_30320560,,,2,,0,,,1,-1,157950
1741,30320570,2,1,player_name,10301,,,0,,,30320580,gal_favor_text_30320570,,,1,,0,,,1,-1,157950
1742,30320580,2,1,gal_name_03,10301,,,0,,,30320590,gal_favor_text_30320580,,,1,,0,,,1,-1,157950
1743,30320590,2,1,player_name,10301,,,0,,,30320600,gal_favor_text_30320590,,,1,,0,,,1,-1,157950
1744,30320600,2,1,gal_name_03,10301,,,0,,,30320610,gal_favor_text_30320600,,,1,,0,,,1,-1,157950
1745,30320610,2,1,,10301,,,0,,,30320620,gal_favor_text_30320610,,,2,,0,,,1,-1,157950
1746,30320620,2,1,player_name,10301,,,0,,,30320630,gal_favor_text_30320620,,,1,,0,,,1,-1,157950
1747,30320630,2,1,gal_name_03,10301,,,0,,,30320640,gal_favor_text_30320630,,,1,,0,,,1,-1,157950
1748,30320640,2,1,player_name,10301,,,0,,,30320650,gal_favor_text_30320640,,,1,,0,,,1,-1,157950
1749,30320650,2,1,gal_name_03,10301,,,0,,,30320660,gal_favor_text_30320650,,,1,,0,,,1,-1,157950
1750,30320660,2,1,player_name,10301,,,0,,,30320670,gal_favor_text_30320660,,,1,,0,,,1,-1,157950
1751,30320670,2,1,player_name,10301,,,0,,,30320680,gal_favor_text_30320670,,,1,,0,,,1,-1,157950
1752,30320680,2,1,,10301,,,0,,,30320690,gal_favor_text_30320680,,,2,,0,,,1,-1,157950
1753,30320690,2,1,gal_name_03,10301,,,0,,,30320700,gal_favor_text_30320690,,,1,,0,,,1,-1,157950
1754,30320700,2,1,gal_name_03,10301,,,0,,,30320710,gal_favor_text_30320700,,,1,,0,,,1,-1,157950
1755,30320710,2,1,player_name,10301,,,0,,,30320720,gal_favor_text_30320710,,,1,,0,,,1,-1,157950
1756,30320720,2,1,,10301,,,0,,,30320730,gal_favor_text_30320720,,,2,,0,,,1,-1,157950
1757,30320730,2,1,,10301,,,0,,,30320740,gal_favor_text_30320730,,,2,,0,,,1,-1,157950
1758,30320740,2,1,player_name,10301,,,0,,,30320750,gal_favor_text_30320740,,,1,,0,,,1,-1,157950
1759,30320750,2,1,,10301,,,0,,,30320760,gal_favor_text_30320750,,,2,,0,,,1,-1,157950
1760,30320760,2,1,gal_name_03,10301,,,0,,,30320770,gal_favor_text_30320760,,,1,,0,,,1,-1,157950
1761,30320770,2,1,,10301,,,0,,,30320780,gal_favor_text_30320770,,,2,,0,,,1,-1,157950
1762,30320780,2,1,player_name,10301,,,0,,,30320790,gal_favor_text_30320780,,,1,,0,,,1,-1,157950
1763,30320790,2,1,,10301,,,0,,,30320800,gal_favor_text_30320790,,,2,,0,,,1,-1,157950
1764,30320800,2,1,,10301,,,0,,,30320810,gal_favor_text_30320800,,,2,,0,,,1,-1,157950
1765,30320810,2,1,gal_name_03,10301,,,0,,,30320820,gal_favor_text_30320810,,,1,,0,,,1,-1,157950
1766,30320820,2,1,player_name,10301,,,0,,,30320830,gal_favor_text_30320820,,,1,,0,,,1,-1,157950
1767,30320830,2,1,gal_name_03,10301,,,0,,,30320840,gal_favor_text_30320830,,,1,,0,,,1,-1,157950
1768,30320840,2,1,player_name,10301,,,0,,,30320850,gal_favor_text_30320840,,,1,,0,,,1,-1,157950
1769,30320850,2,1,player_name,10301,,,0,,,30320860,gal_favor_text_30320850,,,1,,0,,,1,-1,157950
1770,30320860,2,1,gal_name_03,10301,,,0,,,30320870,gal_favor_text_30320860,,,1,,0,,,1,-1,157950
1771,30320870,2,1,player_name,10301,,,0,,,30320880,gal_favor_text_30320870,,,1,,0,,,1,-1,157950
1772,30320880,2,1,player_name,10301,,,0,,,30320890,gal_favor_text_30320880,,,1,,0,,,1,-1,157950
1773,30320890,2,1,gal_name_03,10301,,,0,,,30320900,gal_favor_text_30320890,,,1,,0,,,1,-1,157950
1774,30320900,2,1,player_name,10301,,,0,,,30320910,gal_favor_text_30320900,,,1,,0,,,1,-1,157950
1775,30320910,2,1,,10301,,,0,,,30320920,gal_favor_text_30320910,,,2,,0,,,1,-1,157950
1776,30320920,2,1,player_name,10301,,,0,,,30320930,gal_favor_text_30320920,,,1,,0,,,1,-1,157950
1777,30320930,2,1,gal_name_03,10301,,,0,,,30320940,gal_favor_text_30320930,,,1,,0,,,1,-1,157950
1778,30320940,2,1,gal_name_03,10301,,,0,,,30320950,gal_favor_text_30320940,,,1,,0,,,1,-1,157950
1779,30320950,2,1,player_name,10301,,,0,,,30320960,gal_favor_text_30320950,,,1,,0,,,1,-1,157950
1780,30320960,2,1,gal_name_03,10301,,,0,,,30320970,gal_favor_text_30320960,,,1,,0,,,1,-1,157950
1781,30320970,2,1,player_name,10301,,,0,,,30320980,gal_favor_text_30320970,,,1,,0,,,1,-1,157950
1782,30320980,2,1,player_name,10301,,,0,,,30320990,gal_favor_text_30320980,,,1,,0,,,1,-1,157950
1783,30320990,2,1,gal_name_03,10301,,,0,,,30321000,gal_favor_text_30320990,,,1,,0,,,1,-1,157950
1784,30321000,2,1,,10301,,,0,,,30321010,gal_favor_text_30321000,,,2,,0,,,1,-1,157950
1785,30321010,2,1,gal_name_03,10301,,,0,,,30321020,gal_favor_text_30321010,,,1,,0,,,1,-1,157950
1786,30321020,2,1,player_name,10301,,,0,,,30321030,gal_favor_text_30321020,,,1,,0,,,1,-1,157950
1787,30321030,2,1,,10301,,,0,,,30321040,gal_favor_text_30321030,,,2,,0,,,1,-1,157950
1788,30321040,2,1,player_name,10301,,,0,,,30321050,gal_favor_text_30321040,,,1,,0,,,1,-1,157950
1789,30321050,2,1,,10301,,,0,,,30321060,gal_favor_text_30321050,,,2,,0,,,1,-1,157950
1790,30321060,2,1,gal_name_03,10301,,,0,,,30321070,gal_favor_text_30321060,,,1,,0,,,1,-1,157950
1791,30321070,2,1,,10301,,,0,,,30321080,gal_favor_text_30321070,,,2,,0,,,1,-1,157950
1792,30321080,2,1,,10301,,,0,,,30321090,gal_favor_text_30321080,,,2,,0,,,1,-1,157950
1793,30321090,2,1,player_name,10301,,,0,,,30321100,gal_favor_text_30321090,,,1,,0,,,1,-1,157950
1794,30321100,2,1,gal_name_03,10301,,,0,,,30321110,gal_favor_text_30321100,,,1,,0,,,1,-1,157950
1795,30321110,2,1,player_name,10301,,,0,,,30321120,gal_favor_text_30321110,,,1,,0,,,1,-1,157950
1796,30321120,2,1,gal_name_03,10301,,,0,,,30321130,gal_favor_text_30321120,,,1,,0,,,1,-1,157950
1797,30321130,2,1,gal_name_03,10301,,,0,,,30321140,gal_favor_text_30321130,,,1,,0,,,1,-1,157950
1798,30321140,2,1,,10301,,,0,,,30321150,gal_favor_text_30321140,,,2,,0,,,1,-1,157950
1799,30321150,2,1,,10301,,,0,,,30321160,gal_favor_text_30321150,,,2,,0,,,1,-1,157950
1800,30321160,2,1,,10301,,,0,,,30321170,gal_favor_text_30321160,,,2,,0,,,1,-1,157950
1801,30321170,2,1,gal_name_03,10301,,,0,,,30321180,gal_favor_text_30321170,,,1,,0,,,1,-1,157950
1802,30321180,2,1,player_name,10301,,,0,,,30321190,gal_favor_text_30321180,,,1,,0,,,1,-1,157950
1803,30321190,2,1,player_name,10301,,,0,,,30321200,gal_favor_text_30321190,,,1,,0,,,1,-1,157950
1804,30321200,2,1,gal_name_03,10301,,,0,,,30321210,gal_favor_text_30321200,,,1,,0,,,1,-1,157950
1805,30321210,2,1,,10301,,,0,,,30321220,gal_favor_text_30321210,,,2,,0,,,1,-1,157950
1806,30321220,2,1,player_name,10301,,,0,,,30321230,gal_favor_text_30321220,,,1,,0,,,1,-1,157950
1807,30321230,2,1,player_name,10301,,,0,,,30321240,gal_favor_text_30321230,,,1,,0,,,1,-1,157950
1808,30321240,2,1,gal_name_03,10301,,,0,,,30321250,gal_favor_text_30321240,,,1,,0,,,1,-1,157950
1809,30321250,2,1,player_name,10301,,,0,,,30321260,gal_favor_text_30321250,,,1,,0,,,1,-1,157950
1810,30321260,2,1,gal_name_03,10301,,,0,,,30321270,gal_favor_text_30321260,,,1,,0,,,1,-1,157950
1811,30321270,2,1,,10301,,,0,,,30321280,gal_favor_text_30321270,,,2,,0,,,1,-1,157950
1812,30321280,2,1,player_name,10301,,,0,,,30321290,gal_favor_text_30321280,,,1,,0,,,1,-1,157950
1813,30321290,2,1,,10301,,,0,,,30321300,gal_favor_text_30321290,,,2,,0,,,1,-1,157950
1814,30321300,2,1,,10301,,,0,,,30321310,gal_favor_text_30321300,,,2,,0,,,1,-1,157950
1815,30321310,2,1,player_name,10301,,,0,,,30321320,gal_favor_text_30321310,,,1,,0,,,1,-1,157950
1816,30321320,2,1,,10301,,,0,,,30321330,gal_favor_text_30321320,,,2,,0,,,1,-1,157950
1817,30321330,2,1,,10301,,,0,,,30321340,gal_favor_text_30321330,,,2,,0,,,1,-1,157950
1818,30321340,2,1,,10301,,,0,,,30321350,gal_favor_text_30321340,,,2,,0,,,1,-1,157950
1819,30321350,2,1,,10301,,,0,,,30321360,gal_favor_text_30321350,,,2,,0,,,1,-1,157950
1820,30321360,2,1,player_name,10301,,,0,,,30321370,gal_favor_text_30321360,,,1,,0,,,1,-1,157950
1821,30321370,2,1,gal_name_03,10301,,,0,,,30321380,gal_favor_text_30321370,,,1,,0,,,1,-1,157950
1822,30321380,2,1,gal_name_03,10301,,,0,,,30321390,gal_favor_text_30321380,,,1,,0,,,1,-1,157950
1823,30321390,2,1,player_name,10301,,,0,,,30321400,gal_favor_text_30321390,,,1,,0,,,1,-1,157950
1824,30321400,2,1,player_name,10301,,,0,,,30321410,gal_favor_text_30321400,,,1,,0,,,1,-1,157950
1825,30321410,2,1,gal_name_03,10301,,,0,,,30321420,gal_favor_text_30321410,,,1,,0,,,1,-1,157950
1826,30321420,2,1,player_name,10301,,,0,,,30321430,gal_favor_text_30321420,,,1,,0,,,1,-1,157950
1827,30321430,2,1,gal_name_03,10301,,,0,,,30321440,gal_favor_text_30321430,,,1,,0,,,1,-1,157950
1828,30321440,2,1,player_name,10301,,,0,,,30321450,gal_favor_text_30321440,,,1,,0,,,1,-1,157950
1829,30321450,2,1,player_name,10301,,,0,,,30321460,gal_favor_text_30321450,,,1,,0,,,1,-1,157950
1830,30321460,2,1,gal_name_03,10301,,,0,,,30321470,gal_favor_text_30321460,,,1,,0,,,1,-1,157950
1831,30321470,2,1,gal_name_03,10301,,,0,,,30321480,gal_favor_text_30321470,,,1,,0,,,1,-1,157950
1832,30321480,2,1,player_name,10301,,,0,,,30321490,gal_favor_text_30321480,,,1,,0,,,1,-1,157950
1833,30321490,2,1,gal_name_03,10301,,,0,,,30321500,gal_favor_text_30321490,,,1,,0,,,1,-1,157950
1834,30321500,2,1,gal_name_03,10301,,,0,,,30321510,gal_favor_text_30321500,,,1,,0,,,1,-1,157950
1835,30321510,2,1,player_name,10301,,,0,,,30321520,gal_favor_text_30321510,,,1,,0,,,1,-1,157950
1836,30321520,2,1,player_name,10301,,,0,,,30321530,gal_favor_text_30321520,,,1,,0,,,1,-1,157950
1837,30321530,2,1,gal_name_03,10301,,,0,,,30321540,gal_favor_text_30321530,,,1,,0,,,1,-1,157950
1838,30321540,2,1,gal_name_03,10301,,,0,,,30321550,gal_favor_text_30321540,,,1,,0,,,1,-1,157950
1839,30321550,2,1,player_name,10301,,,0,,,30321560,gal_favor_text_30321550,,,1,,0,,,1,-1,157950
1840,30321560,2,1,gal_name_03,10301,,,0,,,30321570,gal_favor_text_30321560,,,1,,0,,,1,-1,157950
1841,30321570,2,1,player_name,10301,,,0,,,30321580,gal_favor_text_30321570,,,1,,0,,,1,-1,157950
1842,30321580,2,1,gal_name_03,10301,,,0,,,30321590,gal_favor_text_30321580,,,1,,0,,,1,-1,157950
1843,30321590,2,1,,10301,,,0,,,30321600,gal_favor_text_30321590,,,2,,0,,,1,-1,157950
1844,30321600,2,1,gal_name_03,10301,,,0,,,-1,gal_favor_text_30321600,,,1,,0,,,1,-1,157950
1845,30330010,2,1,,10301,,,0,,,30330020,gal_favor_text_30330010,,,2,,2,gal_bg_school_1,gal_bg_room_1,1,-1,157950
1846,30330020,2,1,player_name,10301,,,0,,,30330030,gal_favor_text_30330020,,,1,,0,,,1,-1,157950
1847,30330030,2,1,,10301,,,0,,,30330040,gal_favor_text_30330030,,,2,,0,,,1,-1,157950
1848,30330040,2,1,,10301,,,0,,,30330050,gal_favor_text_30330040,,,2,,0,,,1,-1,157950
1849,30330050,2,1,player_name,10301,,,0,,,30330060,gal_favor_text_30330050,,,1,,0,,,1,-1,157950
1850,30330060,2,1,,10301,,,0,,,30330070,gal_favor_text_30330060,,,2,,0,,,1,-1,157950
1851,30330070,2,1,player_name,10301,,,0,,,30330080,gal_favor_text_30330070,,,1,,0,,,1,-1,157950
1852,30330080,2,1,,10301,,,0,,,30330090,gal_favor_text_30330080,,,2,,0,,,1,-1,157950
1853,30330090,2,1,gal_name_03,10301,,,0,,,30330100,gal_favor_text_30330090,,,1,,0,,,1,-1,157950
1854,30330100,2,1,player_name,10301,,,0,,,30330110,gal_favor_text_30330100,,,1,,0,,,1,-1,157950
1855,30330110,2,1,,10301,,,0,,,30330120,gal_favor_text_30330110,,,2,,0,,,1,-1,157950
1856,30330120,2,1,,10301,,,0,,,30330130,gal_favor_text_30330120,,,2,,0,,,1,-1,157950
1857,30330130,2,1,gal_name_03,10301,,,0,,,30330140,gal_favor_text_30330130,,,1,,0,,,1,-1,157950
1858,30330140,2,1,player_name,10301,,,0,,,30330150,gal_favor_text_30330140,,,1,,0,,,1,-1,157950
1859,30330150,2,1,gal_name_03,10301,,,0,,,30330160,gal_favor_text_30330150,,,1,,0,,,1,-1,157950
1860,30330160,2,1,player_name,10301,,,0,,,30330170,gal_favor_text_30330160,,,1,,0,,,1,-1,157950
1861,30330170,2,1,,10301,,,0,,,30330180,gal_favor_text_30330170,,,2,,0,,,1,-1,157950
1862,30330180,2,1,gal_name_03,10301,,,0,,,30330190,gal_favor_text_30330180,,,1,,0,,,1,-1,157950
1863,30330190,2,1,,10301,,,0,,,30330200,gal_favor_text_30330190,,,2,,0,,,1,-1,157950
1864,30330200,2,1,,10301,,,0,,,30330210,gal_favor_text_30330200,,,2,,0,,,1,-1,157950
1865,30330210,2,1,player_name,10301,,,0,,,30330220,gal_favor_text_30330210,,,1,,0,,,1,-1,157950
1866,30330220,2,1,gal_name_03,10301,,,0,,,30330230,gal_favor_text_30330220,,,1,,0,,,1,-1,157950
1867,30330230,2,1,player_name,10301,,,0,,,30330240,gal_favor_text_30330230,,,1,,0,,,1,-1,157950
1868,30330240,2,1,player_name,10301,,,0,,,30330250,gal_favor_text_30330240,,,1,,0,,,1,-1,157950
1869,30330250,2,1,gal_name_03,10301,,,0,,,30330260,gal_favor_text_30330250,,,1,,0,,,1,-1,157950
1870,30330260,2,1,,10301,,,0,,,30330270,gal_favor_text_30330260,,,2,,0,,,1,-1,157950
1871,30330270,2,1,,10301,,,0,,,30330280,gal_favor_text_30330270,,,2,,0,,,1,-1,157950
1872,30330280,2,1,player_name,10301,,,0,,,30330290,gal_favor_text_30330280,,,1,,0,,,1,-1,157950
1873,30330290,2,1,player_name,10301,,,0,,,30330300,gal_favor_text_30330290,,,1,,0,,,1,-1,157950
1874,30330300,2,1,,10301,,,0,,,30330310,gal_favor_text_30330300,,,2,,0,,,1,-1,157950
1875,30330310,2,1,gal_name_03,10301,,,0,,,30330320,gal_favor_text_30330310,,,1,,0,,,1,-1,157950
1876,30330320,2,1,,10301,,,0,,,30330330,gal_favor_text_30330320,,,2,,0,gal_bg_sea_1,,1,-1,157950
1877,30330330,2,1,,10301,,,0,,,30330340,gal_favor_text_30330330,,,2,,0,,,1,-1,157950
1878,30330340,2,1,,10301,,,0,,,30330350,gal_favor_text_30330340,,,2,,0,,,1,-1,157950
1879,30330350,2,1,,10301,,,0,,,30330360,gal_favor_text_30330350,,,2,,0,,,1,-1,157950
1880,30330360,2,1,gal_name_20,10301,,,0,,,30330370,gal_favor_text_30330360,,,1,,0,,,1,-1,157950
1881,30330370,2,1,,10301,,,0,,,30330380,gal_favor_text_30330370,,,2,,0,,,1,-1,157950
1882,30330380,2,1,player_name,10301,,,0,,,30330390,gal_favor_text_30330380,,,1,,0,,,1,-1,157950
1883,30330390,2,1,gal_name_03,10301,,,0,,,30330400,gal_favor_text_30330390,,,1,,0,,,1,-1,157950
1884,30330400,2,1,gal_name_03,10301,,,0,,,30330410,gal_favor_text_30330400,,,1,,0,,,1,-1,157950
1885,30330410,2,1,gal_name_20,10301,,,0,,,30330420,gal_favor_text_30330410,,,1,,0,,,1,-1,157950
1886,30330420,2,1,gal_name_20,10301,,,0,,,30330430,gal_favor_text_30330420,,,1,,0,,,1,-1,157950
1887,30330430,2,1,gal_name_20,10301,,,0,,,30330440,gal_favor_text_30330430,,,1,,0,,,1,-1,157950
1888,30330440,2,1,,10301,,,0,,,30330450,gal_favor_text_30330440,,,2,,0,,,1,-1,157950
1889,30330450,2,1,player_name,10301,,,0,,,30330460,gal_favor_text_30330450,,,1,,0,,,1,-1,157950
1890,30330460,2,1,gal_name_03,10301,,,0,,,30330470,gal_favor_text_30330460,,,1,,0,,,1,-1,157950
1891,30330470,2,1,,10301,,,0,,,30330480,gal_favor_text_30330470,,,2,,0,,,1,-1,157950
1892,30330480,2,1,gal_name_43,10301,,,0,,,30330490,gal_favor_text_30330480,,,1,,0,,,1,-1,157950
1893,30330490,2,1,gal_name_43,10301,,,0,,,30330500,gal_favor_text_30330490,,,1,,0,,,1,-1,157950
1894,30330500,2,1,,10301,,,0,,,30330510,gal_favor_text_30330500,,,2,,0,,,1,-1,157950
1895,30330510,2,1,,10301,,,0,,,30330520,gal_favor_text_30330510,,,2,,0,,,1,-1,157950
1896,30330520,2,1,gal_name_03,10301,,,0,,,30330530,gal_favor_text_30330520,,,1,,0,,,1,-1,157950
1897,30330530,2,1,player_name,10301,,,0,,,30330540,gal_favor_text_30330530,,,1,,0,,,1,-1,157950
1898,30330540,2,1,gal_name_03,10301,,,0,,,30330550,gal_favor_text_30330540,,,1,,0,,,1,-1,157950
1899,30330550,2,1,,10301,,,0,,,30330560,gal_favor_text_30330550,,,2,,0,,,1,-1,157950
1900,30330560,2,1,gal_name_43,10301,,,0,,,30330570,gal_favor_text_30330560,,,1,,0,,,1,-1,157950
1901,30330570,2,1,,10301,,,0,,,30330580,gal_favor_text_30330570,,,2,,0,,,1,-1,157950
1902,30330580,2,1,gal_name_03,10301,,,0,,,30330590,gal_favor_text_30330580,,,1,,0,,,1,-1,157950
1903,30330590,2,1,player_name,10301,,,0,,,30330600,gal_favor_text_30330590,,,1,,0,,,1,-1,157950
1904,30330600,2,1,,10301,,,0,,,30330610,gal_favor_text_30330600,,,2,,0,,,1,-1,157950
1905,30330610,2,1,player_name,10301,,,0,,,30330620,gal_favor_text_30330610,,,1,,0,,,1,-1,157950
1906,30330620,2,1,gal_name_03,10301,,,0,,,30330630,gal_favor_text_30330620,,,1,,0,,,1,-1,157950
1907,30330630,2,1,,10301,,,0,,,30330640,gal_favor_text_30330630,,,2,,0,,,1,-1,157950
1908,30330640,2,1,gal_name_03,10301,,,0,,,30330650,gal_favor_text_30330640,,,1,,0,,,1,-1,157950
1909,30330650,2,1,player_name,10301,,,0,,,30330660,gal_favor_text_30330650,,,1,,0,,,1,-1,157950
1910,30330660,2,1,gal_name_03,10301,,,0,,,30330670,gal_favor_text_30330660,,,1,,0,,,1,-1,157950
1911,30330670,2,1,gal_name_03,10301,,,0,,,30330680,gal_favor_text_30330670,,,1,,0,,,1,-1,157950
1912,30330680,2,1,,10301,,,0,,,30330690,gal_favor_text_30330680,,,2,,0,,,1,-1,157950
1913,30330690,2,1,gal_name_35,10301,,,0,,,30330700,gal_favor_text_30330690,,,1,,0,,,1,-1,157950
1914,30330700,2,1,,10301,,,0,,,30330710,gal_favor_text_30330700,,,2,,0,,,1,-1,157950
1915,30330710,2,1,,10301,,,0,,,30330720,gal_favor_text_30330710,,,2,,0,,,1,-1,157950
1916,30330720,2,1,,10301,,,0,,,30330730,gal_favor_text_30330720,,,2,,0,,,1,-1,157950
1917,30330730,2,1,gal_name_03,10301,,,0,,,30330740,gal_favor_text_30330730,,,1,,0,,,1,-1,157950
1918,30330740,2,1,player_name,10301,,,0,,,30330750,gal_favor_text_30330740,,,1,,0,,,1,-1,157950
1919,30330750,2,1,,10301,,,0,,,30330760,gal_favor_text_30330750,,,2,,0,,,1,-1,157950
1920,30330760,2,1,gal_name_35,10301,,,0,,,30330770,gal_favor_text_30330760,,,1,,0,,,1,-1,157950
1921,30330770,2,1,gal_name_03,10301,,,0,,,30330780,gal_favor_text_30330770,,,1,,0,,,1,-1,157950
1922,30330780,2,1,,10301,,,0,,,30330790,gal_favor_text_30330780,,,2,,0,,,1,-1,157950
1923,30330790,2,1,player_name,10301,,,0,,,30330800,gal_favor_text_30330790,,,1,,0,,,1,-1,157950
1924,30330800,2,1,gal_name_03,10301,,,0,,,30330810,gal_favor_text_30330800,,,1,,0,,,1,-1,157950
1925,30330810,2,1,player_name,10301,,,0,,,30330820,gal_favor_text_30330810,,,1,,0,,,1,-1,157950
1926,30330820,2,1,,10301,,,0,,,30330830,gal_favor_text_30330820,,,2,,0,,,1,-1,157950
1927,30330830,2,1,gal_name_03,10301,,,0,,,30330840,gal_favor_text_30330830,,,1,,0,,,1,-1,157950
1928,30330840,2,1,player_name,10301,,,0,,,30330850,gal_favor_text_30330840,,,1,,0,,,1,-1,157950
1929,30330850,2,1,player_name,10301,,,0,,,30330860,gal_favor_text_30330850,,,1,,0,,,1,-1,157950
1930,30330860,2,1,,10301,,,0,,,30330870,gal_favor_text_30330860,,,2,,0,,,1,-1,157950
1931,30330870,2,1,,10301,,,0,,,30330880,gal_favor_text_30330870,,,2,,0,,,1,-1,157950
1932,30330880,2,1,player_name,10301,,,0,,,30330890,gal_favor_text_30330880,,,1,,0,,,1,-1,157950
1933,30330890,2,1,,10301,,,0,,,30330900,gal_favor_text_30330890,,,2,,0,,,1,-1,157950
1934,30330900,2,1,,10301,,,0,,,30330910,gal_favor_text_30330900,,,2,,0,,,1,-1,157950
1935,30330910,2,1,gal_name_03,10301,,,0,,,30330920,gal_favor_text_30330910,,,1,,0,,,1,-1,157950
1936,30330920,2,1,,10301,,,0,,,30330930,gal_favor_text_30330920,,,2,,0,,,1,-1,157950
1937,30330930,2,1,player_name,10301,,,0,,,30330940,gal_favor_text_30330930,,,1,,0,,,1,-1,157950
1938,30330940,2,1,gal_name_03,10301,,,0,,,30330950,gal_favor_text_30330940,,,1,,0,,,1,-1,157950
1939,30330950,2,1,player_name,10301,,,0,,,30330960,gal_favor_text_30330950,,,1,,0,,,1,-1,157950
1940,30330960,2,1,gal_name_03,10301,,,0,,,30330970,gal_favor_text_30330960,,,1,,0,,,1,-1,157950
1941,30330970,2,1,,10301,,,0,,,30330980,gal_favor_text_30330970,,,2,,0,,,1,-1,157950
1942,30330980,2,1,player_name,10301,,,0,,,30330990,gal_favor_text_30330980,,,1,,0,,,1,-1,157950
1943,30330990,2,1,gal_name_03,10301,,,0,,,30331000,gal_favor_text_30330990,,,1,,0,,,1,-1,157950
1944,30331000,2,1,player_name,10301,,,0,,,30331010,gal_favor_text_30331000,,,1,,0,,,1,-1,157950
1945,30331010,2,1,gal_name_03,10301,,,0,,,30331020,gal_favor_text_30331010,,,1,,0,,,1,-1,157950
1946,30331020,2,1,,10301,,,0,,,30331030,gal_favor_text_30331020,,,2,,0,,,1,-1,157950
1947,30331030,2,1,player_name,10301,,,0,,,30331040,gal_favor_text_30331030,,,1,,0,,,1,-1,157950
1948,30331040,2,1,gal_name_03,10301,,,0,,,30331050,gal_favor_text_30331040,,,1,,0,,,1,-1,157950
1949,30331050,2,1,player_name,10301,,,0,,,30331060,gal_favor_text_30331050,,,1,,0,,,1,-1,157950
1950,30331060,2,1,player_name,10301,,,0,,,30331070,gal_favor_text_30331060,,,1,,0,,,1,-1,157950
1951,30331070,2,1,gal_name_03,10301,,,0,,,30331080,gal_favor_text_30331070,,,1,,0,,,1,-1,157950
1952,30331080,2,1,player_name,10301,,,0,,,30331090,gal_favor_text_30331080,,,1,,0,,,1,-1,157950
1953,30331090,2,1,,10301,,,0,,,30331100,gal_favor_text_30331090,,,2,,0,,,1,-1,157950
1954,30331100,2,1,gal_name_03,10301,,,0,,,30331110,gal_favor_text_30331100,,,1,,0,,,1,-1,157950
1955,30331110,2,1,,10301,,,0,,,30331120,gal_favor_text_30331110,,,2,,0,,,1,-1,157950
1956,30331120,2,1,,10301,,,0,,,30331130,gal_favor_text_30331120,,,2,,0,,,1,-1,157950
1957,30331130,2,1,gal_name_03,10301,,,0,,,30331140,gal_favor_text_30331130,,,1,,0,,,1,-1,157950
1958,30331140,2,1,player_name,10301,,,0,,,30331150,gal_favor_text_30331140,,,1,,0,,,1,-1,157950
1959,30331150,2,1,gal_name_03,10301,,,0,,,30331160,gal_favor_text_30331150,,,1,,0,,,1,-1,157950
1960,30331160,2,1,,10301,,,0,,,30331170,gal_favor_text_30331160,,,2,,0,,,1,-1,157950
1961,30331170,2,1,player_name,10301,,,0,,,30331180,gal_favor_text_30331170,,,1,,0,,,1,-1,157950
1962,30331180,2,1,,10301,,,0,,,30331190,gal_favor_text_30331180,,,2,,0,,,1,-1,157950
1963,30331190,2,1,gal_name_03,10301,,,0,,,30331200,gal_favor_text_30331190,,,1,,0,,,1,-1,157950
1964,30331200,2,1,,10301,,,0,,,30331210,gal_favor_text_30331200,,,2,,0,,,1,-1,157950
1965,30331210,2,1,,10301,,,0,,,30331220,gal_favor_text_30331210,,,2,,0,,,1,-1,157950
1966,30331220,2,1,gal_name_03,10301,,,0,,,30331230,gal_favor_text_30331220,,,1,,0,,,1,-1,157950
1967,30331230,2,1,,10301,,,0,,,30331240,gal_favor_text_30331230,,,2,,0,,,1,-1,157950
1968,30331240,2,1,gal_name_03,10301,,,0,,,30331250,gal_favor_text_30331240,,,1,,0,,,1,-1,157950
1969,30331250,2,1,player_name,10301,,,0,,,30331260,gal_favor_text_30331250,,,1,,0,,,1,-1,157950
1970,30331260,2,1,,10301,,,0,,,30331270,gal_favor_text_30331260,,,2,,0,,,1,-1,157950
1971,30331270,2,1,,10301,,,0,,,30331280,gal_favor_text_30331270,,,2,,0,,,1,-1,157950
1972,30331280,2,1,gal_name_03,10301,,,0,,,30331290,gal_favor_text_30331280,,,1,,0,,,1,-1,157950
1973,30331290,2,1,player_name,10301,,,0,,,30331300,gal_favor_text_30331290,,,1,,0,,,1,-1,157950
1974,30331300,2,1,gal_name_03,10301,,,0,,,30331310,gal_favor_text_30331300,,,1,,0,,,1,-1,157950
1975,30331310,2,1,,10301,,,0,,,30331320,gal_favor_text_30331310,,,2,,0,,,1,-1,157950
1976,30331320,2,1,gal_name_03,10301,,,0,,,30331330,gal_favor_text_30331320,,,1,,0,,,1,-1,157950
1977,30331330,2,1,gal_name_03,10301,,,0,,,30331340,gal_favor_text_30331330,,,1,,0,,,1,-1,157950
1978,30331340,2,1,player_name,10301,,,0,,,30331350,gal_favor_text_30331340,,,1,,0,,,1,-1,157950
1979,30331350,2,1,player_name,10301,,,0,,,30331360,gal_favor_text_30331350,,,1,,0,,,1,-1,157950
1980,30331360,2,1,gal_name_03,10301,,,0,,,30331370,gal_favor_text_30331360,,,1,,0,,,1,-1,157950
1981,30331370,2,1,player_name,10301,,,0,,,30331380,gal_favor_text_30331370,,,1,,0,,,1,-1,157950
1982,30331380,2,1,gal_name_03,10301,,,0,,,30331390,gal_favor_text_30331380,,,1,,0,,,1,-1,157950
1983,30331390,2,1,player_name,10301,,,0,,,30331400,gal_favor_text_30331390,,,1,,0,,,1,-1,157950
1984,30331400,2,1,gal_name_03,10301,,,0,,,30331410,gal_favor_text_30331400,,,1,,0,,,1,-1,157950
1985,30331410,2,1,,10301,,,0,,,30331420,gal_favor_text_30331410,,,2,,0,,,1,-1,157950
1986,30331420,2,1,gal_name_03,10301,,,0,,,30331430,gal_favor_text_30331420,,,1,,0,,,1,-1,157950
1987,30331430,2,1,player_name,10301,,,0,,,30331440,gal_favor_text_30331430,,,1,,0,,,1,-1,157950
1988,30331440,2,1,,10301,,,0,,,30331450,gal_favor_text_30331440,,,2,,0,,,1,-1,157950
1989,30331450,2,1,gal_name_03,10301,,,0,,,30331460,gal_favor_text_30331450,,,1,,0,,,1,-1,157950
1990,30331460,2,1,player_name,10301,,,0,,,30331470,gal_favor_text_30331460,,,1,,0,,,1,-1,157950
1991,30331470,2,1,gal_name_03,10301,,,0,,,30331480,gal_favor_text_30331470,,,1,,0,,,1,-1,157950
1992,30331480,2,1,,10301,,,0,,,30331490,gal_favor_text_30331480,,,2,,0,,,1,-1,157950
1993,30331490,2,1,,10301,,,0,,,30331500,gal_favor_text_30331490,,,2,,0,,,1,-1,157950
1994,30331500,2,1,,10301,,,0,,,30331510,gal_favor_text_30331500,,,2,,0,,,1,-1,157950
1995,30331510,2,1,player_name,10301,,,0,,,30331520,gal_favor_text_30331510,,,1,,0,,,1,-1,157950
1996,30331520,2,1,gal_name_03,10301,,,0,,,30331530,gal_favor_text_30331520,,,1,,0,,,1,-1,157950
1997,30331530,2,1,player_name,10301,,,0,,,30331540,gal_favor_text_30331530,,,1,,0,,,1,-1,157950
1998,30331540,2,1,,10301,,,0,,,30331550,gal_favor_text_30331540,,,2,,0,,,1,-1,157950
1999,30331550,2,1,player_name,10301,,,0,,,30331560,gal_favor_text_30331550,,,1,,0,,,1,-1,157950
2000,30331560,2,1,gal_name_03,10301,,,0,,,-1,gal_favor_text_30331560,,,1,,0,,,1,-1,157950
2001,30340010,2,1,,10301,,,0,,,30340020,gal_favor_text_30340010,,,2,,2,gal_bg_forest_1,gal_bg_room_1,1,-1,157950
2002,30340020,2,1,,10301,,,0,,,30340030,gal_favor_text_30340020,,,2,,0,,,1,-1,157950
2003,30340030,2,1,,10301,,,0,,,30340040,gal_favor_text_30340030,,,2,,0,,,1,-1,157950
2004,30340040,2,1,gal_name_03,10301,,,0,,,30340050,gal_favor_text_30340040,,,1,,0,,,1,-1,157950
2005,30340050,2,1,gal_name_03,10301,,,0,,,30340060,gal_favor_text_30340050,,,1,,0,,,1,-1,157950
2006,30340060,2,1,,10301,,,0,,,30340070,gal_favor_text_30340060,,,2,,0,,,1,-1,157950
2007,30340070,2,1,player_name,10301,,,0,,,30340080,gal_favor_text_30340070,,,1,,0,,,1,-1,157950
2008,30340080,2,1,gal_name_03,10301,,,0,,,30340090,gal_favor_text_30340080,,,1,,0,,,1,-1,157950
2009,30340090,2,1,player_name,10301,,,0,,,30340100,gal_favor_text_30340090,,,1,,0,,,1,-1,157950
2010,30340100,2,1,,10301,,,0,,,30340110,gal_favor_text_30340100,,,2,,0,,,1,-1,157950
2011,30340110,2,1,gal_name_03,10301,,,0,,,30340120,gal_favor_text_30340110,,,1,,0,,,1,-1,157950
2012,30340120,2,1,player_name,10301,,,0,,,30340130,gal_favor_text_30340120,,,1,,0,,,1,-1,157950
2013,30340130,2,1,,10301,,,0,,,30340140,gal_favor_text_30340130,,,2,,0,,,1,-1,157950
2014,30340140,2,1,,10301,,,0,,,30340150,gal_favor_text_30340140,,,2,,0,,,1,-1,157950
2015,30340150,2,1,player_name,10301,,,0,,,30340160,gal_favor_text_30340150,,,1,,0,,,1,-1,157950
2016,30340160,2,1,gal_name_03,10301,,,0,,,30340170,gal_favor_text_30340160,,,1,,0,,,1,-1,157950
2017,30340170,2,1,,10301,,,0,,,30340180,gal_favor_text_30340170,,,2,,0,,,1,-1,157950
2018,30340180,2,1,,10301,,,0,,,30340190,gal_favor_text_30340180,,,2,,0,,,1,-1,157950
2019,30340190,2,1,player_name,10301,,,0,,,30340200,gal_favor_text_30340190,,,1,,0,,,1,-1,157950
2020,30340200,2,1,player_name,10301,,,0,,,30340210,gal_favor_text_30340200,,,1,,0,,,1,-1,157950
2021,30340210,2,1,,10301,,,0,,,30340220,gal_favor_text_30340210,,,2,,0,,,1,-1,157950
2022,30340220,2,1,,10301,,,0,,,30340230,gal_favor_text_30340220,,,2,,0,,,1,-1,157950
2023,30340230,2,1,gal_name_03,10301,,,0,,,30340240,gal_favor_text_30340230,,,1,,0,,,1,-1,157950
2024,30340240,2,1,player_name,10301,,,0,,,30340250,gal_favor_text_30340240,,,1,,0,,,1,-1,157950
2025,30340250,2,1,,10301,,,0,,,30340260,gal_favor_text_30340250,,,2,,0,,,1,-1,157950
2026,30340260,2,1,gal_name_03,10301,,,0,,,30340270,gal_favor_text_30340260,,,1,,0,,,1,-1,157950
2027,30340270,2,1,gal_name_03,10301,,,0,,,30340280,gal_favor_text_30340270,,,1,,0,,,1,-1,157950
2028,30340280,2,1,player_name,10301,,,0,,,30340290,gal_favor_text_30340280,,,1,,0,,,1,-1,157950
2029,30340290,2,1,player_name,10301,,,0,,,30340300,gal_favor_text_30340290,,,1,,0,,,1,-1,157950
2030,30340300,2,1,gal_name_03,10301,,,0,,,30340310,gal_favor_text_30340300,,,1,,0,,,1,-1,157950
2031,30340310,2,1,,10301,,,0,,,30340320,gal_favor_text_30340310,,,2,,0,,,1,-1,157950
2032,30340320,2,1,gal_name_03,10301,,,0,,,30340330,gal_favor_text_30340320,,,1,,0,,,1,-1,157950
2033,30340330,2,1,gal_name_03,10301,,,0,,,30340340,gal_favor_text_30340330,,,1,,0,,,1,-1,157950
2034,30340340,2,1,,10301,,,0,,,30340350,gal_favor_text_30340340,,,2,,0,,,1,-1,157950
2035,30340350,2,1,,10301,,,0,,,30340360,gal_favor_text_30340350,,,2,,0,,,1,-1,157950
2036,30340360,2,1,gal_name_03,10301,,,0,,,30340370,gal_favor_text_30340360,,,1,,0,,,1,-1,157950
2037,30340370,2,1,,10301,,,0,,,30340380,gal_favor_text_30340370,,,2,,0,,,1,-1,157950
2038,30340380,2,1,player_name,10301,,,0,,,30340390,gal_favor_text_30340380,,,1,,0,,,1,-1,157950
2039,30340390,2,1,,10301,,,0,,,30340400,gal_favor_text_30340390,,,2,,0,,,1,-1,157950
2040,30340400,2,1,gal_name_03,10301,,,0,,,30340410,gal_favor_text_30340400,,,1,,0,,,1,-1,157950
2041,30340410,2,1,,10301,,,0,,,30340420,gal_favor_text_30340410,,,2,,0,,,1,-1,157950
2042,30340420,2,1,player_name,10301,,,0,,,30340430,gal_favor_text_30340420,,,1,,0,,,1,-1,157950
2043,30340430,2,1,gal_name_03,10301,,,0,,,30340440,gal_favor_text_30340430,,,1,,0,,,1,-1,157950
2044,30340440,2,1,player_name,10301,,,0,,,30340450,gal_favor_text_30340440,,,1,,0,,,1,-1,157950
2045,30340450,2,1,gal_name_03,10301,,,0,,,30340460,gal_favor_text_30340450,,,1,,0,,,1,-1,157950
2046,30340460,2,1,,10301,,,0,,,30340470,gal_favor_text_30340460,,,2,,0,,,1,-1,157950
2047,30340470,2,1,player_name,10301,,,0,,,30340480,gal_favor_text_30340470,,,1,,0,,,1,-1,157950
2048,30340480,2,1,player_name,10301,,,0,,,30340490,gal_favor_text_30340480,,,1,,0,,,1,-1,157950
2049,30340490,2,1,player_name,10301,,,0,,,30340500,gal_favor_text_30340490,,,1,,0,,,1,-1,157950
2050,30340500,2,1,player_name,10301,,,0,,,30340510,gal_favor_text_30340500,,,1,,0,,,1,-1,157950
2051,30340510,2,1,player_name,10301,,,0,,,30340520,gal_favor_text_30340510,,,1,,0,,,1,-1,157950
2052,30340520,2,1,gal_name_03,10301,,,0,,,30340530,gal_favor_text_30340520,,,1,,0,,,1,-1,157950
2053,30340530,2,1,player_name,10301,,,0,,,30340540,gal_favor_text_30340530,,,1,,0,,,1,-1,157950
2054,30340540,2,1,,10301,,,0,,,30340550,gal_favor_text_30340540,,,2,,0,,,1,-1,157950
2055,30340550,2,1,,10301,,,0,,,30340560,gal_favor_text_30340550,,,2,,0,,,1,-1,157950
2056,30340560,2,1,player_name,10301,,,0,,,30340570,gal_favor_text_30340560,,,1,,0,,,1,-1,157950
2057,30340570,2,1,gal_name_03,10301,,,0,,,30340580,gal_favor_text_30340570,,,1,,0,,,1,-1,157950
2058,30340580,2,1,,10301,,,0,,,30340590,gal_favor_text_30340580,,,2,,0,,,1,-1,157950
2059,30340590,2,1,player_name,10301,,,0,,,30340600,gal_favor_text_30340590,,,1,,0,,,1,-1,157950
2060,30340600,2,1,player_name,10301,,,0,,,30340610,gal_favor_text_30340600,,,1,,0,,,1,-1,157950
2061,30340610,2,1,,10301,,,0,,,30340620,gal_favor_text_30340610,,,2,,0,,,1,-1,157950
2062,30340620,2,1,,10301,,,0,,,30340630,gal_favor_text_30340620,,,2,,0,,,1,-1,157950
2063,30340630,2,1,gal_name_03,10301,,,0,,,30340640,gal_favor_text_30340630,,,1,,0,,,1,-1,157950
2064,30340640,2,1,,10301,,,0,,,30340650,gal_favor_text_30340640,,,2,,0,,,1,-1,157950
2065,30340650,2,1,player_name,10301,,,0,,,30340660,gal_favor_text_30340650,,,1,,0,,,1,-1,157950
2066,30340660,2,1,player_name,10301,,,0,,,30340670,gal_favor_text_30340660,,,1,,0,,,1,-1,157950
2067,30340670,2,1,,10301,,,0,,,30340680,gal_favor_text_30340670,,,2,,0,,,1,-1,157950
2068,30340680,2,1,player_name,10301,,,0,,,30340690,gal_favor_text_30340680,,,1,,0,,,1,-1,157950
2069,30340690,2,1,player_name,10301,,,0,,,30340700,gal_favor_text_30340690,,,1,,0,,,1,-1,157950
2070,30340700,2,1,,10301,,,0,,,30340710,gal_favor_text_30340700,,,2,,0,,,1,-1,157950
2071,30340710,2,1,,10301,,,0,,,30340720,gal_favor_text_30340710,,,2,,0,,,1,-1,157950
2072,30340720,2,1,gal_name_03,10301,,,0,,,30340730,gal_favor_text_30340720,,,1,,0,,,1,-1,157950
2073,30340730,2,1,player_name,10301,,,0,,,30340740,gal_favor_text_30340730,,,1,,0,,,1,-1,157950
2074,30340740,2,1,player_name,10301,,,0,,,30340750,gal_favor_text_30340740,,,1,,0,,,1,-1,157950
2075,30340750,2,1,gal_name_03,10301,,,0,,,30340760,gal_favor_text_30340750,,,1,,0,,,1,-1,157950
2076,30340760,2,1,,10301,,,0,,,30340770,gal_favor_text_30340760,,,2,,0,,,1,-1,157950
2077,30340770,2,1,player_name,10301,,,0,,,30340780,gal_favor_text_30340770,,,1,,0,,,1,-1,157950
2078,30340780,2,1,player_name,10301,,,0,,,30340790,gal_favor_text_30340780,,,1,,0,,,1,-1,157950
2079,30340790,2,1,gal_name_03,10301,,,0,,,30340800,gal_favor_text_30340790,,,1,,0,,,1,-1,157950
2080,30340800,2,1,gal_name_03,10301,,,0,,,30340810,gal_favor_text_30340800,,,1,,0,,,1,-1,157950
2081,30340810,2,1,player_name,10301,,,0,,,30340820,gal_favor_text_30340810,,,1,,0,,,1,-1,157950
2082,30340820,2,1,player_name,10301,,,0,,,30340830,gal_favor_text_30340820,,,1,,0,,,1,-1,157950
2083,30340830,2,1,,10301,,,0,,,30340840,gal_favor_text_30340830,,,2,,0,,,1,-1,157950
2084,30340840,2,1,gal_name_03,10301,,,0,,,30340850,gal_favor_text_30340840,,,1,,0,,,1,-1,157950
2085,30340850,2,1,gal_name_03,10301,,,0,,,30340860,gal_favor_text_30340850,,,1,,0,,,1,-1,157950
2086,30340860,2,1,player_name,10301,,,0,,,30340870,gal_favor_text_30340860,,,1,,0,,,1,-1,157950
2087,30340870,2,1,gal_name_03,10301,,,0,,,30340880,gal_favor_text_30340870,,,1,,0,,,1,-1,157950
2088,30340880,2,1,gal_name_03,10301,,,0,,,30340890,gal_favor_text_30340880,,,1,,0,,,1,-1,157950
2089,30340890,2,1,player_name,10301,,,0,,,30340900,gal_favor_text_30340890,,,1,,0,,,1,-1,157950
2090,30340900,2,1,,10301,,,0,,,30340910,gal_favor_text_30340900,,,2,,0,,,1,-1,157950
2091,30340910,2,1,,10301,,,0,,,30340920,gal_favor_text_30340910,,,2,,0,,,1,-1,157950
2092,30340920,2,1,,10301,,,0,,,30340930,gal_favor_text_30340920,,,2,,0,,,1,-1,157950
2093,30340930,2,1,,10301,,,0,,,30340940,gal_favor_text_30340930,,,2,,0,,,1,-1,157950
2094,30340940,2,1,,10301,,,0,,,30340950,gal_favor_text_30340940,,,2,,0,,,1,-1,157950
2095,30340950,2,1,,10301,,,0,,,30340960,gal_favor_text_30340950,,,2,,0,,,1,-1,157950
2096,30340960,2,1,,10301,,,0,,,30340970,gal_favor_text_30340960,,,2,,0,,,1,-1,157950
2097,30340970,2,1,,10301,,,0,,,30340980,gal_favor_text_30340970,,,2,,0,,,1,-1,157950
2098,30340980,2,1,,10301,,,0,,,30340990,gal_favor_text_30340980,,,2,,0,,,1,-1,157950
2099,30340990,2,1,gal_name_03,10301,,,0,,,30341000,gal_favor_text_30340990,,,1,,0,,,1,-1,157950
2100,30341000,2,1,,10301,,,0,,,30341010,gal_favor_text_30341000,,,2,,0,,,1,-1,157950
2101,30341010,2,1,,10301,,,0,,,30341020,gal_favor_text_30341010,,,2,,0,,,1,-1,157950
2102,30341020,2,1,gal_name_03,10301,,,0,,,30341030,gal_favor_text_30341020,,,1,,0,,,1,-1,157950
2103,30341030,2,1,,10301,,,0,,,30341040,gal_favor_text_30341030,,,2,,0,,,1,-1,157950
2104,30341040,2,1,gal_name_03,10301,,,0,,,30341050,gal_favor_text_30341040,,,1,,0,,,1,-1,157950
2105,30341050,2,1,player_name,10301,,,0,,,30341060,gal_favor_text_30341050,,,1,,0,,,1,-1,157950
2106,30341060,2,1,gal_name_03,10301,,,0,,,30341070,gal_favor_text_30341060,,,1,,0,,,1,-1,157950
2107,30341070,2,1,,10301,,,0,,,30341080,gal_favor_text_30341070,,,2,,0,,,1,-1,157950
2108,30341080,2,1,player_name,10301,,,0,,,30341090,gal_favor_text_30341080,,,1,,0,,,1,-1,157950
2109,30341090,2,1,gal_name_03,10301,,,0,,,30341100,gal_favor_text_30341090,,,1,,0,,,1,-1,157950
2110,30341100,2,1,,10301,,,0,,,30341110,gal_favor_text_30341100,,,2,,0,,,1,-1,157950
2111,30341110,2,1,,10301,,,0,,,30341120,gal_favor_text_30341110,,,2,,0,,,1,-1,157950
2112,30341120,2,1,gal_name_03,10301,,,0,,,30341130,gal_favor_text_30341120,,,1,,0,,,1,-1,157950
2113,30341130,2,1,gal_name_03,10301,,,0,,,30341140,gal_favor_text_30341130,,,1,,0,,,1,-1,157950
2114,30341140,2,1,player_name,10301,,,0,,,30341150,gal_favor_text_30341140,,,1,,0,,,1,-1,157950
2115,30341150,2,1,player_name,10301,,,0,,,30341160,gal_favor_text_30341150,,,1,,0,,,1,-1,157950
2116,30341160,2,1,gal_name_03,10301,,,0,,,30341170,gal_favor_text_30341160,,,1,,0,,,1,-1,157950
2117,30341170,2,1,,10301,,,0,,,30341180,gal_favor_text_30341170,,,2,,0,,,1,-1,157950
2118,30341180,2,1,player_name,10301,,,0,,,30341190,gal_favor_text_30341180,,,1,,0,,,1,-1,157950
2119,30341190,2,1,,10301,,,0,,,30341200,gal_favor_text_30341190,,,2,,0,,,1,-1,157950
2120,30341200,2,1,player_name,10301,,,0,,,30341210,gal_favor_text_30341200,,,1,,0,,,1,-1,157950
2121,30341210,2,1,,10301,,,0,,,30341220,gal_favor_text_30341210,,,2,,0,,,1,-1,157950
2122,30341220,2,1,player_name,10301,,,0,,,30341230,gal_favor_text_30341220,,,1,,0,,,1,-1,157950
2123,30341230,2,1,gal_name_03,10301,,,0,,,30341240,gal_favor_text_30341230,,,1,,0,,,1,-1,157950
2124,30341240,2,1,player_name,10301,,,0,,,30341250,gal_favor_text_30341240,,,1,,0,,,1,-1,157950
2125,30341250,2,1,,10301,,,0,,,30341260,gal_favor_text_30341250,,,2,,0,,,1,-1,157950
2126,30341260,2,1,,10301,,,0,,,30341270,gal_favor_text_30341260,,,2,,0,,,1,-1,157950
2127,30341270,2,1,,10301,,,0,,,30341280,gal_favor_text_30341270,,,2,,0,,,1,-1,157950
2128,30341280,2,1,player_name,10301,,,0,,,30341290,gal_favor_text_30341280,,,1,,0,,,1,-1,157950
2129,30341290,2,1,,10301,,,0,,,30341300,gal_favor_text_30341290,,,2,,0,,,1,-1,157950
2130,30341300,2,1,,10301,,,0,,,30341310,gal_favor_text_30341300,,,2,,0,,,1,-1,157950
2131,30341310,2,1,player_name,10301,,,0,,,30341320,gal_favor_text_30341310,,,1,,0,,,1,-1,157950
2132,30341320,2,1,player_name,10301,,,0,,,30341330,gal_favor_text_30341320,,,1,,0,,,1,-1,157950
2133,30341330,2,1,player_name,10301,,,0,,,30341340,gal_favor_text_30341330,,,1,,0,,,1,-1,157950
2134,30341340,2,1,player_name,10301,,,0,,,30341350,gal_favor_text_30341340,,,1,,0,,,1,-1,157950
2135,30341350,2,1,gal_name_03,10301,,,0,,,30341360,gal_favor_text_30341350,,,1,,0,,,1,-1,157950
2136,30341360,2,1,player_name,10301,,,0,,,30341370,gal_favor_text_30341360,,,1,,0,,,1,-1,157950
2137,30341370,2,1,gal_name_03,10301,,,0,,,30341380,gal_favor_text_30341370,,,1,,0,,,1,-1,157950
2138,30341380,2,1,player_name,10301,,,0,,,30341390,gal_favor_text_30341380,,,1,,0,,,1,-1,157950
2139,30341390,2,1,gal_name_03,10301,,,0,,,30341400,gal_favor_text_30341390,,,1,,0,,,1,-1,157950
2140,30341400,2,1,player_name,10301,,,0,,,30341410,gal_favor_text_30341400,,,1,,0,,,1,-1,157950
2141,30341410,2,1,,10301,,,0,,,30341420,gal_favor_text_30341410,,,2,,0,,,1,-1,157950
2142,30341420,2,1,player_name,10301,,,0,,,30341430,gal_favor_text_30341420,,,1,,0,,,1,-1,157950
2143,30341430,2,1,player_name,10301,,,0,,,30341440,gal_favor_text_30341430,,,1,,0,,,1,-1,157950
2144,30341440,2,1,gal_name_03,10301,,,0,,,30341450,gal_favor_text_30341440,,,1,,0,,,1,-1,157950
2145,30341450,2,1,gal_name_03,10301,,,0,,,30341460,gal_favor_text_30341450,,,1,,0,,,1,-1,157950
2146,30341460,2,1,gal_name_03,10301,,,0,,,30341470,gal_favor_text_30341460,,,1,,0,,,1,-1,157950
2147,30341470,2,1,player_name,10301,,,0,,,30341480,gal_favor_text_30341470,,,1,,0,,,1,-1,157950
2148,30341480,2,1,gal_name_03,10301,,,0,,,30341490,gal_favor_text_30341480,,,1,,0,,,1,-1,157950
2149,30341490,2,1,player_name,10301,,,0,,,30341500,gal_favor_text_30341490,,,1,,0,,,1,-1,157950
2150,30341500,2,1,gal_name_03,10301,,,0,,,30341510,gal_favor_text_30341500,,,1,,0,,,1,-1,157950
2151,30341510,2,1,player_name,10301,,,0,,,30341520,gal_favor_text_30341510,,,1,,0,,,1,-1,157950
2152,30341520,2,1,player_name,10301,,,0,,,30341530,gal_favor_text_30341520,,,1,,0,,,1,-1,157950
2153,30341530,2,1,player_name,10301,,,0,,,30341540,gal_favor_text_30341530,,,1,,0,,,1,-1,157950
2154,30341540,2,1,gal_name_03,10301,,,0,,,30341550,gal_favor_text_30341540,,,1,,0,,,1,-1,157950
2155,30341550,2,1,player_name,10301,,,0,,,30341560,gal_favor_text_30341550,,,1,,0,,,1,-1,157950
2156,30341560,2,1,,10301,,,0,,,30341570,gal_favor_text_30341560,,,2,,0,,,1,-1,157950
2157,30341570,2,1,,10301,,,0,,,30341580,gal_favor_text_30341570,,,2,,0,,,1,-1,157950
2158,30341580,2,1,,10301,,,0,,,30341590,gal_favor_text_30341580,,,2,,0,,,1,-1,157950
2159,30341590,2,1,gal_name_03,10301,,,0,,,30341600,gal_favor_text_30341590,,,1,,0,,,1,-1,157950
2160,30341600,2,1,gal_name_03,10301,,,0,,,30341610,gal_favor_text_30341600,,,1,,0,,,1,-1,157950
2161,30341610,2,1,player_name,10301,,,0,,,30341620,gal_favor_text_30341610,,,1,,0,,,1,-1,157950
2162,30341620,2,1,player_name,10301,,,0,,,30341630,gal_favor_text_30341620,,,1,,0,,,1,-1,157950
2163,30341630,2,1,gal_name_03,10301,,,0,,,30341640,gal_favor_text_30341630,,,1,,0,,,1,-1,157950
2164,30341640,2,1,player_name,10301,,,0,,,30341650,gal_favor_text_30341640,,,1,,0,,,1,-1,157950
2165,30341650,2,1,,10301,,,0,,,30341660,gal_favor_text_30341650,,,2,,0,,,1,-1,157950
2166,30341660,2,1,gal_name_03,10301,,,0,,,30341670,gal_favor_text_30341660,,,1,,0,,,1,-1,157950
2167,30341670,2,1,,10301,,,0,,,30341680,gal_favor_text_30341670,,,2,,0,,,1,-1,157950
2168,30341680,2,1,player_name,10301,,,0,,,30341690,gal_favor_text_30341680,,,1,,0,,,1,-1,157950
2169,30341690,2,1,gal_name_03,10301,,,0,,,30341700,gal_favor_text_30341690,,,1,,0,,,1,-1,157950
2170,30341700,2,1,player_name,10301,,,0,,,30341710,gal_favor_text_30341700,,,1,,0,,,1,-1,157950
2171,30341710,2,1,,10301,,,0,,,30341720,gal_favor_text_30341710,,,2,,0,,,1,-1,157950
2172,30341720,2,1,,10301,,,0,,,30341730,gal_favor_text_30341720,,,2,,0,,,1,-1,157950
2173,30341730,2,1,gal_name_03,10301,,,0,,,30341740,gal_favor_text_30341730,,,1,,0,,,1,-1,157950
2174,30341740,2,1,player_name,10301,,,0,,,30341750,gal_favor_text_30341740,,,1,,0,,,1,-1,157950
2175,30341750,2,1,gal_name_03,10301,,,0,,,30341760,gal_favor_text_30341750,,,1,,0,,,1,-1,157950
2176,30341760,2,1,player_name,10301,,,0,,,30341770,gal_favor_text_30341760,,,1,,0,,,1,-1,157950
2177,30341770,2,1,gal_name_03,10301,,,0,,,30341780,gal_favor_text_30341770,,,1,,0,,,1,-1,157950
2178,30341780,2,1,player_name,10301,,,0,,,30341790,gal_favor_text_30341780,,,1,,0,,,1,-1,157950
2179,30341790,2,1,player_name,10301,,,0,,,30341800,gal_favor_text_30341790,,,1,,0,,,1,-1,157950
2180,30341800,2,1,player_name,10301,,,0,,,30341810,gal_favor_text_30341800,,,1,,0,,,1,-1,157950
2181,30341810,2,1,,10301,,,0,,,30341820,gal_favor_text_30341810,,,2,,0,,,1,-1,157950
2182,30341820,2,1,gal_name_03,10301,,,0,,,30341830,gal_favor_text_30341820,,,1,,0,,,1,-1,157950
2183,30341830,2,1,player_name,10301,,,0,,,30341840,gal_favor_text_30341830,,,1,,0,,,1,-1,157950
2184,30341840,2,1,gal_name_03,10301,,,0,,,30341850,gal_favor_text_30341840,,,1,,0,,,1,-1,157950
2185,30341850,2,1,gal_name_03,10301,,,0,,,30341860,gal_favor_text_30341850,,,1,,0,,,1,-1,157950
2186,30341860,2,1,player_name,10301,,,0,,,30341870,gal_favor_text_30341860,,,1,,0,,,1,-1,157950
2187,30341870,2,1,gal_name_03,10301,,,0,,,30341880,gal_favor_text_30341870,,,1,,0,,,1,-1,157950
2188,30341880,2,1,,10301,,,0,,,30341890,gal_favor_text_30341880,,,2,,0,,,1,-1,157950
2189,30341890,2,1,gal_name_03,10301,,,0,,,30341900,gal_favor_text_30341890,,,1,,0,,,1,-1,157950
2190,30341900,2,1,gal_name_03,10301,,,0,,,30341910,gal_favor_text_30341900,,,1,,0,,,1,-1,157950
2191,30341910,2,1,player_name,10301,,,0,,,30341920,gal_favor_text_30341910,,,1,,0,,,1,-1,157950
2192,30341920,2,1,player_name,10301,,,0,,,30341930,gal_favor_text_30341920,,,1,,0,,,1,-1,157950
2193,30341930,2,1,gal_name_03,10301,,,0,,,30341940,gal_favor_text_30341930,,,1,,0,,,1,-1,157950
2194,30341940,2,1,,10301,,,0,,,30341950,gal_favor_text_30341940,,,2,,0,,,1,-1,157950
2195,30341950,2,1,player_name,10301,,,0,,,30341960,gal_favor_text_30341950,,,1,,0,,,1,-1,157950
2196,30341960,2,1,gal_name_03,10301,,,0,,,30341970,gal_favor_text_30341960,,,1,,0,,,1,-1,157950
2197,30341970,2,1,,10301,,,0,,,30341980,gal_favor_text_30341970,,,2,,0,,,1,-1,157950
2198,30341980,2,1,player_name,10301,,,0,,,30341990,gal_favor_text_30341980,,,1,,0,,,1,-1,157950
2199,30341990,2,1,,10301,,,0,,,-1,gal_favor_text_30341990,,,2,,0,,,1,-1,157950
2200,30350010,2,1,gal_name_33,10301,,,0,,,30350020,gal_favor_text_30350010,,,1,,2,gal_bg_park_1,gal_bg_room_1,1,-1,157950
2201,30350020,2,1,player_name,10301,,,0,,,30350030,gal_favor_text_30350020,,,1,,0,,,1,-1,157950
2202,30350030,2,1,gal_name_03,10301,,,0,,,30350040,gal_favor_text_30350030,,,1,,0,,,1,-1,157950
2203,30350040,2,1,,10301,,,0,,,30350050,gal_favor_text_30350040,,,2,,0,,,1,-1,157950
2204,30350050,2,1,,10301,,,0,,,30350060,gal_favor_text_30350050,,,2,,0,,,1,-1,157950
2205,30350060,2,1,gal_name_33,10301,,,0,,,30350070,gal_favor_text_30350060,,,1,,0,,,1,-1,157950
2206,30350070,2,1,gal_name_03,10301,,,0,,,30350080,gal_favor_text_30350070,,,1,,0,,,1,-1,157950
2207,30350080,2,1,player_name,10301,,,0,,,30350090,gal_favor_text_30350080,,,1,,0,,,1,-1,157950
2208,30350090,2,1,gal_name_33,10301,,,0,,,30350100,gal_favor_text_30350090,,,1,,0,,,1,-1,157950
2209,30350100,2,1,gal_name_33,10301,,,0,,,30350110,gal_favor_text_30350100,,,1,,0,,,1,-1,157950
2210,30350110,2,1,,10301,,,0,,,30350120,gal_favor_text_30350110,,,2,,0,,,1,-1,157950
2211,30350120,2,1,gal_name_03,10301,,,0,,,30350130,gal_favor_text_30350120,,,1,,0,,,1,-1,157950
2212,30350130,2,1,player_name,10301,,,0,,,30350140,gal_favor_text_30350130,,,1,,0,,,1,-1,157950
2213,30350140,2,1,gal_name_03,10301,,,0,,,30350150,gal_favor_text_30350140,,,1,,0,,,1,-1,157950
2214,30350150,2,1,,10301,,,0,,,30350160,gal_favor_text_30350150,,,2,,0,,,1,-1,157950
2215,30350160,2,1,gal_name_33,10301,,,0,,,30350170,gal_favor_text_30350160,,,1,,0,,,1,-1,157950
2216,30350170,2,1,gal_name_33,10301,,,0,,,30350180,gal_favor_text_30350170,,,1,,0,,,1,-1,157950
2217,30350180,2,1,gal_name_03,10301,,,0,,,30350190,gal_favor_text_30350180,,,1,,0,,,1,-1,157950
2218,30350190,2,1,gal_name_33,10301,,,0,,,30350200,gal_favor_text_30350190,,,1,,0,,,1,-1,157950
2219,30350200,2,1,gal_name_03,10301,,,0,,,30350210,gal_favor_text_30350200,,,1,,0,,,1,-1,157950
2220,30350210,2,1,gal_name_33,10301,,,0,,,30350220,gal_favor_text_30350210,,,1,,0,,,1,-1,157950
2221,30350220,2,1,gal_name_33,10301,,,0,,,30350230,gal_favor_text_30350220,,,1,,0,,,1,-1,157950
2222,30350230,2,1,gal_name_03,10301,,,0,,,30350240,gal_favor_text_30350230,,,1,,0,,,1,-1,157950
2223,30350240,2,1,gal_name_33,10301,,,0,,,30350250,gal_favor_text_30350240,,,1,,0,,,1,-1,157950
2224,30350250,2,1,,10301,,,0,,,30350260,gal_favor_text_30350250,,,2,,0,,,1,-1,157950
2225,30350260,2,1,,10301,,,0,,,30350270,gal_favor_text_30350260,,,2,,0,,,1,-1,157950
2226,30350270,2,1,gal_name_03,10301,,,0,,,30350280,gal_favor_text_30350270,,,1,,0,,,1,-1,157950
2227,30350280,2,1,gal_name_03,10301,,,0,,,30350290,gal_favor_text_30350280,,,1,,0,,,1,-1,157950
2228,30350290,2,1,gal_name_33,10301,,,0,,,30350300,gal_favor_text_30350290,,,1,,0,,,1,-1,157950
2229,30350300,2,1,,10301,,,0,,,30350310,gal_favor_text_30350300,,,2,,0,,,1,-1,157950
2230,30350310,2,1,gal_name_33,10301,,,0,,,30350320,gal_favor_text_30350310,,,1,,0,,,1,-1,157950
2231,30350320,2,1,gal_name_03,10301,,,0,,,30350330,gal_favor_text_30350320,,,1,,0,,,1,-1,157950
2232,30350330,2,1,,10301,,,0,,,30350340,gal_favor_text_30350330,,,2,,0,,,1,-1,157950
2233,30350340,2,1,gal_name_33,10301,,,0,,,30350350,gal_favor_text_30350340,,,1,,0,,,1,-1,157950
2234,30350350,2,1,gal_name_33,10301,,,0,,,30350360,gal_favor_text_30350350,,,1,,0,,,1,-1,157950
2235,30350360,2,1,player_name,10301,,,0,,,30350370,gal_favor_text_30350360,,,1,,0,,,1,-1,157950
2236,30350370,2,1,gal_name_33,10301,,,0,,,30350380,gal_favor_text_30350370,,,1,,0,,,1,-1,157950
2237,30350380,2,1,,10301,,,0,,,30350390,gal_favor_text_30350380,,,2,,0,,,1,-1,157950
2238,30350390,2,1,,10301,,,0,,,30350400,gal_favor_text_30350390,,,2,,0,,,1,-1,157950
2239,30350400,2,1,gal_name_03,10301,,,0,,,30350410,gal_favor_text_30350400,,,1,,0,,,1,-1,157950
2240,30350410,2,1,,10301,,,0,,,30350420,gal_favor_text_30350410,,,2,,0,,,1,-1,157950
2241,30350420,2,1,,10301,,,0,,,30350430,gal_favor_text_30350420,,,2,,0,,,1,-1,157950
2242,30350430,2,1,gal_name_33,10301,,,0,,,30350440,gal_favor_text_30350430,,,1,,0,,,1,-1,157950
2243,30350440,2,1,player_name,10301,,,0,,,30350450,gal_favor_text_30350440,,,1,,0,,,1,-1,157950
2244,30350450,2,1,player_name,10301,,,0,,,30350460,gal_favor_text_30350450,,,1,,0,,,1,-1,157950
2245,30350460,2,1,,10301,,,0,,,30350470,gal_favor_text_30350460,,,2,,0,,,1,-1,157950
2246,30350470,2,1,player_name,10301,,,0,,,30350480,gal_favor_text_30350470,,,1,,0,,,1,-1,157950
2247,30350480,2,1,gal_name_33,10301,,,0,,,30350490,gal_favor_text_30350480,,,1,,0,,,1,-1,157950
2248,30350490,2,1,player_name,10301,,,0,,,30350500,gal_favor_text_30350490,,,1,,0,,,1,-1,157950
2249,30350500,2,1,,10301,,,0,,,30350510,gal_favor_text_30350500,,,2,,0,,,1,-1,157950
2250,30350510,2,1,gal_name_33,10301,,,0,,,30350520,gal_favor_text_30350510,,,1,,0,,,1,-1,157950
2251,30350520,2,1,player_name,10301,,,0,,,30350530,gal_favor_text_30350520,,,1,,0,,,1,-1,157950
2252,30350530,2,1,,10301,,,0,,,30350540,gal_favor_text_30350530,,,2,,0,,,1,-1,157950
2253,30350540,2,1,,10301,,,0,,,30350550,gal_favor_text_30350540,,,2,,0,,,1,-1,157950
2254,30350550,2,1,gal_name_33,10301,,,0,,,30350560,gal_favor_text_30350550,,,1,,0,,,1,-1,157950
2255,30350560,2,1,gal_name_33,10301,,,0,,,30350570,gal_favor_text_30350560,,,1,,0,,,1,-1,157950
2256,30350570,2,1,player_name,10301,,,0,,,30350580,gal_favor_text_30350570,,,1,,0,,,1,-1,157950
2257,30350580,2,1,gal_name_33,10301,,,0,,,30350590,gal_favor_text_30350580,,,1,,0,,,1,-1,157950
2258,30350590,2,1,gal_name_33,10301,,,0,,,30350600,gal_favor_text_30350590,,,1,,0,,,1,-1,157950
2259,30350600,2,1,player_name,10301,,,0,,,30350610,gal_favor_text_30350600,,,1,,0,,,1,-1,157950
2260,30350610,2,1,gal_name_33,10301,,,0,,,30350620,gal_favor_text_30350610,,,1,,0,,,1,-1,157950
2261,30350620,2,1,,10301,,,0,,,30350630,gal_favor_text_30350620,,,2,,0,,,1,-1,157950
2262,30350630,2,1,gal_name_33,10301,,,0,,,30350640,gal_favor_text_30350630,,,1,,0,,,1,-1,157950
2263,30350640,2,1,gal_name_03,10301,,,0,,,30350650,gal_favor_text_30350640,,,1,,0,,,1,-1,157950
2264,30350650,2,1,,10301,,,0,,,30350660,gal_favor_text_30350650,,,2,,0,,,1,-1,157950
2265,30350660,2,1,player_name,10301,,,0,,,30350670,gal_favor_text_30350660,,,1,,0,,,1,-1,157950
2266,30350670,2,1,gal_name_03,10301,,,0,,,30350680,gal_favor_text_30350670,,,1,,0,,,1,-1,157950
2267,30350680,2,1,,10301,,,0,,,30350690,gal_favor_text_30350680,,,2,,0,,,1,-1,157950
2268,30350690,2,1,gal_name_03,10301,,,0,,,30350700,gal_favor_text_30350690,,,1,,0,,,1,-1,157950
2269,30350700,2,1,player_name,10301,,,0,,,30350710,gal_favor_text_30350700,,,1,,0,,,1,-1,157950
2270,30350710,2,1,gal_name_03,10301,,,0,,,30350720,gal_favor_text_30350710,,,1,,0,,,1,-1,157950
2271,30350720,2,1,gal_name_03,10301,,,0,,,30350730,gal_favor_text_30350720,,,1,,0,,,1,-1,157950
2272,30350730,2,1,,10301,,,0,,,30350740,gal_favor_text_30350730,,,2,,0,,,1,-1,157950
2273,30350740,2,1,player_name,10301,,,0,,,30350750,gal_favor_text_30350740,,,1,,0,,,1,-1,157950
2274,30350750,2,1,player_name,10301,,,0,,,30350760,gal_favor_text_30350750,,,1,,0,,,1,-1,157950
2275,30350760,2,1,gal_name_03,10301,,,0,,,30350770,gal_favor_text_30350760,,,1,,0,,,1,-1,157950
2276,30350770,2,1,player_name,10301,,,0,,,30350780,gal_favor_text_30350770,,,1,,0,,,1,-1,157950
2277,30350780,2,1,,10301,,,0,,,30350790,gal_favor_text_30350780,,,2,,0,,,1,-1,157950
2278,30350790,2,1,gal_name_03,10301,,,0,,,30350800,gal_favor_text_30350790,,,1,,0,,,1,-1,157950
2279,30350800,2,1,gal_name_03,10301,,,0,,,30350810,gal_favor_text_30350800,,,1,,0,,,1,-1,157950
2280,30350810,2,1,player_name,10301,,,0,,,30350820,gal_favor_text_30350810,,,1,,0,,,1,-1,157950
2281,30350820,2,1,,10301,,,0,,,30350830,gal_favor_text_30350820,,,2,,0,,,1,-1,157950
2282,30350830,2,1,gal_name_03,10301,,,0,,,30350840,gal_favor_text_30350830,,,1,,0,,,1,-1,157950
2283,30350840,2,1,player_name,10301,,,0,,,30350850,gal_favor_text_30350840,,,1,,0,,,1,-1,157950
2284,30350850,2,1,gal_name_03,10301,,,0,,,30350860,gal_favor_text_30350850,,,1,,0,,,1,-1,157950
2285,30350860,2,1,player_name,10301,,,0,,,30350870,gal_favor_text_30350860,,,1,,0,,,1,-1,157950
2286,30350870,2,1,,10301,,,0,,,30350880,gal_favor_text_30350870,,,2,,0,,,1,-1,157950
2287,30350880,2,1,,10301,,,0,,,30350890,gal_favor_text_30350880,,,2,,0,,,1,-1,157950
2288,30350890,2,1,gal_name_03,10301,,,0,,,30350900,gal_favor_text_30350890,,,1,,0,,,1,-1,157950
2289,30350900,2,1,player_name,10301,,,0,,,30350910,gal_favor_text_30350900,,,1,,0,,,1,-1,157950
2290,30350910,2,1,gal_name_03,10301,,,0,,,30350920,gal_favor_text_30350910,,,1,,0,,,1,-1,157950
2291,30350920,2,1,,10301,,,0,,,30350930,gal_favor_text_30350920,,,2,,0,,,1,-1,157950
2292,30350930,2,1,player_name,10301,,,0,,,30350940,gal_favor_text_30350930,,,1,,0,,,1,-1,157950
2293,30350940,2,1,player_name,10301,,,0,,,30350950,gal_favor_text_30350940,,,1,,0,,,1,-1,157950
2294,30350950,2,1,,10301,,,0,,,30350960,gal_favor_text_30350950,,,2,,0,,,1,-1,157950
2295,30350960,2,1,player_name,10301,,,0,,,30350970,gal_favor_text_30350960,,,1,,0,,,1,-1,157950
2296,30350970,2,1,,10301,,,0,,,30350980,gal_favor_text_30350970,,,2,,0,,,1,-1,157950
2297,30350980,2,1,gal_name_03,10301,,,0,,,30350990,gal_favor_text_30350980,,,1,,0,,,1,-1,157950
2298,30350990,2,1,gal_name_03,10301,,,0,,,30351000,gal_favor_text_30350990,,,1,,0,,,1,-1,157950
2299,30351000,2,1,player_name,10301,,,0,,,30351010,gal_favor_text_30351000,,,1,,0,,,1,-1,157950
2300,30351010,2,1,gal_name_03,10301,,,0,,,30351020,gal_favor_text_30351010,,,1,,0,,,1,-1,157950
2301,30351020,2,1,,10301,,,0,,,30351030,gal_favor_text_30351020,,,2,,0,,,1,-1,157950
2302,30351030,2,1,gal_name_33,10301,,,0,,,30351040,gal_favor_text_30351030,,,1,,0,,,1,-1,157950
2303,30351040,2,1,gal_name_03,10301,,,0,,,30351050,gal_favor_text_30351040,,,1,,0,,,1,-1,157950
2304,30351050,2,1,gal_name_33,10301,,,0,,,30351060,gal_favor_text_30351050,,,1,,0,,,1,-1,157950
2305,30351060,2,1,gal_name_03,10301,,,0,,,30351070,gal_favor_text_30351060,,,1,,0,,,1,-1,157950
2306,30351070,2,1,gal_name_33,10301,,,0,,,30351080,gal_favor_text_30351070,,,1,,0,,,1,-1,157950
2307,30351080,2,1,,10301,,,0,,,30351090,gal_favor_text_30351080,,,2,,0,,,1,-1,157950
2308,30351090,2,1,,10301,,,0,,,30351100,gal_favor_text_30351090,,,2,,0,,,1,-1,157950
2309,30351100,2,1,gal_name_03,10301,,,0,,,30351110,gal_favor_text_30351100,,,1,,0,,,1,-1,157950
2310,30351110,2,1,player_name,10301,,,0,,,30351120,gal_favor_text_30351110,,,1,,0,,,1,-1,157950
2311,30351120,2,1,gal_name_03,10301,,,0,,,30351130,gal_favor_text_30351120,,,1,,0,,,1,-1,157950
2312,30351130,2,1,,10301,,,0,,,30351140,gal_favor_text_30351130,,,2,,0,,,1,-1,157950
2313,30351140,2,1,player_name,10301,,,0,,,30351150,gal_favor_text_30351140,,,1,,0,,,1,-1,157950
2314,30351150,2,1,gal_name_33,10301,,,0,,,30351160,gal_favor_text_30351150,,,1,,0,,,1,-1,157950
2315,30351160,2,1,,10301,,,0,,,30351170,gal_favor_text_30351160,,,2,,0,,,1,-1,157950
2316,30351170,2,1,gal_name_03,10301,,,0,,,30351180,gal_favor_text_30351170,,,1,,0,,,1,-1,157950
2317,30351180,2,1,gal_name_33,10301,,,0,,,30351190,gal_favor_text_30351180,,,1,,0,,,1,-1,157950
2318,30351190,2,1,gal_name_33,10301,,,0,,,30351200,gal_favor_text_30351190,,,1,,0,,,1,-1,157950
2319,30351200,2,1,gal_name_03,10301,,,0,,,30351210,gal_favor_text_30351200,,,1,,0,,,1,-1,157950
2320,30351210,2,1,gal_name_33,10301,,,0,,,30351220,gal_favor_text_30351210,,,1,,0,,,1,-1,157950
2321,30351220,2,1,gal_name_33,10301,,,0,,,30351230,gal_favor_text_30351220,,,1,,0,,,1,-1,157950
2322,30351230,2,1,gal_name_03,10301,,,0,,,30351240,gal_favor_text_30351230,,,1,,0,,,1,-1,157950
2323,30351240,2,1,,10301,,,0,,,30351250,gal_favor_text_30351240,,,2,,0,,,1,-1,157950
2324,30351250,2,1,,10301,,,0,,,30351260,gal_favor_text_30351250,,,2,,0,,,1,-1,157950
2325,30351260,2,1,,10301,,,0,,,30351270,gal_favor_text_30351260,,,2,,0,,,1,-1,157950
2326,30351270,2,1,,10301,,,0,,,30351280,gal_favor_text_30351270,,,2,,0,,,1,-1,157950
2327,30351280,2,1,,10301,,,0,,,30351290,gal_favor_text_30351280,,,2,,0,,,1,-1,157950
2328,30351290,2,1,gal_name_33,10301,,,0,,,30351300,gal_favor_text_30351290,,,1,,0,,,1,-1,157950
2329,30351300,2,1,player_name,10301,,,0,,,30351310,gal_favor_text_30351300,,,1,,0,,,1,-1,157950
2330,30351310,2,1,player_name,10301,,,0,,,30351320,gal_favor_text_30351310,,,1,,0,,,1,-1,157950
2331,30351320,2,1,,10301,,,0,,,30351330,gal_favor_text_30351320,,,2,,0,,,1,-1,157950
2332,30351330,2,1,gal_name_33,10301,,,0,,,30351340,gal_favor_text_30351330,,,1,,0,,,1,-1,157950
2333,30351340,2,1,gal_name_03,10301,,,0,,,30351350,gal_favor_text_30351340,,,1,,0,,,1,-1,157950
2334,30351350,2,1,,10301,,,0,,,30351360,gal_favor_text_30351350,,,2,,0,,,1,-1,157950
2335,30351360,2,1,,10301,,,0,,,30351370,gal_favor_text_30351360,,,2,,0,,,1,-1,157950
2336,30351370,2,1,player_name,10301,,,0,,,30351380,gal_favor_text_30351370,,,1,,0,,,1,-1,157950
2337,30351380,2,1,gal_name_03,10301,,,0,,,30351390,gal_favor_text_30351380,,,1,,0,,,1,-1,157950
2338,30351390,2,1,player_name,10301,,,0,,,30351400,gal_favor_text_30351390,,,1,,0,,,1,-1,157950
2339,30351400,2,1,gal_name_03,10301,,,0,,,30351410,gal_favor_text_30351400,,,1,,0,,,1,-1,157950
2340,30351410,2,1,,10301,,,0,,,30351420,gal_favor_text_30351410,,,2,,0,,,1,-1,157950
2341,30351420,2,1,,10301,,,0,,,30351430,gal_favor_text_30351420,,,2,,0,,,1,-1,157950
2342,30351430,2,1,gal_name_03,10301,,,0,,,30351440,gal_favor_text_30351430,,,1,,0,,,1,-1,157950
2343,30351440,2,1,gal_name_33,10301,,,0,,,30351450,gal_favor_text_30351440,,,1,,0,,,1,-1,157950
2344,30351450,2,1,player_name,10301,,,0,,,30351460,gal_favor_text_30351450,,,1,,0,,,1,-1,157950
2345,30351460,2,1,gal_name_33,10301,,,0,,,30351470,gal_favor_text_30351460,,,1,,0,,,1,-1,157950
2346,30351470,2,1,,10301,,,0,,,30351480,gal_favor_text_30351470,,,2,,0,,,1,-1,157950
2347,30351480,2,1,,10301,,,0,,,30351490,gal_favor_text_30351480,,,2,,0,,,1,-1,157950
2348,30351490,2,1,gal_name_33,10301,,,0,,,30351500,gal_favor_text_30351490,,,1,,0,,,1,-1,157950
2349,30351500,2,1,,10301,,,0,,,30351510,gal_favor_text_30351500,,,2,,0,,,1,-1,157950
2350,30351510,2,1,,10301,,,0,,,30351520,gal_favor_text_30351510,,,2,,0,,,1,-1,157950
2351,30351520,2,1,gal_name_03,10301,,,0,,,30351530,gal_favor_text_30351520,,,1,,0,,,1,-1,157950
2352,30351530,2,1,,10301,,,0,,,30351540,gal_favor_text_30351530,,,2,,0,,,1,-1,157950
2353,30351540,2,1,gal_name_33,10301,,,0,,,30351550,gal_favor_text_30351540,,,1,,0,,,1,-1,157950
2354,30351550,2,1,,10301,,,0,,,30351560,gal_favor_text_30351550,,,2,,0,,,1,-1,157950
2355,30351560,2,1,player_name,10301,,,0,,,30351570,gal_favor_text_30351560,,,1,,0,,,1,-1,157950
2356,30351570,2,1,gal_name_33,10301,,,0,,,30351580,gal_favor_text_30351570,,,1,,0,,,1,-1,157950
2357,30351580,2,1,,10301,,,0,,,30351590,gal_favor_text_30351580,,,2,,0,,,1,-1,157950
2358,30351590,2,1,gal_name_03,10301,,,0,,,30351600,gal_favor_text_30351590,,,1,,0,,,1,-1,157950
2359,30351600,2,1,player_name,10301,,,0,,,30351610,gal_favor_text_30351600,,,1,,0,,,1,-1,157950
2360,30351610,2,1,gal_name_03,10301,,,0,,,30351620,gal_favor_text_30351610,,,1,,0,,,1,-1,157950
2361,30351620,2,1,,10301,,,0,,,30351630,gal_favor_text_30351620,,,2,,0,,,1,-1,157950
2362,30351630,2,1,,10301,,,0,,,30351640,gal_favor_text_30351630,,,2,,0,,,1,-1,157950
2363,30351640,2,1,,10301,,,0,,,30351650,gal_favor_text_30351640,,,2,,0,,,1,-1,157950
2364,30351650,2,1,,10301,,,0,,,30351660,gal_favor_text_30351650,,,2,,0,,,1,-1,157950
2365,30351660,2,1,player_name,10301,,,0,,,30351670,gal_favor_text_30351660,,,1,,0,,,1,-1,157950
2366,30351670,2,1,,10301,,,0,,,30351680,gal_favor_text_30351670,,,2,,0,,,1,-1,157950
2367,30351680,2,1,gal_name_03,10301,,,0,,,30351690,gal_favor_text_30351680,,,1,,0,,,1,-1,157950
2368,30351690,2,1,,10301,,,0,,,30351700,gal_favor_text_30351690,,,2,,0,,,1,-1,157950
2369,30351700,2,1,player_name,10301,,,0,,,30351710,gal_favor_text_30351700,,,1,,0,,,1,-1,157950
2370,30351710,2,1,,10301,,,0,,,30351720,gal_favor_text_30351710,,,2,,0,,,1,-1,157950
2371,30351720,2,1,,10301,,,0,,,30351730,gal_favor_text_30351720,,,2,,0,,,1,-1,157950
2372,30351730,2,1,,10301,,,0,,,30351740,gal_favor_text_30351730,,,2,,0,,,1,-1,157950
2373,30351740,2,1,player_name,10301,,,0,,,30351750,gal_favor_text_30351740,,,1,,0,,,1,-1,157950
2374,30351750,2,1,gal_name_03,10301,,,0,,,30351760,gal_favor_text_30351750,,,1,,0,,,1,-1,157950
2375,30351760,2,1,gal_name_03,10301,,,0,,,30351770,gal_favor_text_30351760,,,1,,0,,,1,-1,157950
2376,30351770,2,1,player_name,10301,,,0,,,30351780,gal_favor_text_30351770,,,1,,0,,,1,-1,157950
2377,30351780,2,1,gal_name_03,10301,,,0,,,30351790,gal_favor_text_30351780,,,1,,0,,,1,-1,157950
2378,30351790,2,1,,10301,,,0,,,30351800,gal_favor_text_30351790,,,2,,0,,,1,-1,157950
2379,30351800,2,1,player_name,10301,,,0,,,30351810,gal_favor_text_30351800,,,1,,0,,,1,-1,157950
2380,30351810,2,1,gal_name_03,10301,,,0,,,30351820,gal_favor_text_30351810,,,1,,0,,,1,-1,157950
2381,30351820,2,1,,10301,,,0,,,30351830,gal_favor_text_30351820,,,2,,0,,,1,-1,157950
2382,30351830,2,1,,10301,,,0,,,30351840,gal_favor_text_30351830,,,2,,0,,,1,-1,157950
2383,30351840,2,1,,10301,,,0,,,30351850,gal_favor_text_30351840,,,2,,0,,,1,-1,157950
2384,30351850,2,1,gal_name_03,10301,,,0,,,30351860,gal_favor_text_30351850,,,1,,0,,,1,-1,157950
2385,30351860,2,1,gal_name_03,10301,,,0,,,30351870,gal_favor_text_30351860,,,1,,0,,,1,-1,157950
2386,30351870,2,1,player_name,10301,,,0,,,30351880,gal_favor_text_30351870,,,1,,0,,,1,-1,157950
2387,30351880,2,1,,10301,,,0,,,30351890,gal_favor_text_30351880,,,2,,0,,,1,-1,157950
2388,30351890,2,1,gal_name_03,10301,,,0,,,30351900,gal_favor_text_30351890,,,1,,0,,,1,-1,157950
2389,30351900,2,1,gal_name_03,10301,,,0,,,30351910,gal_favor_text_30351900,,,1,,0,,,1,-1,157950
2390,30351910,2,1,player_name,10301,,,0,,,30351920,gal_favor_text_30351910,,,1,,0,,,1,-1,157950
2391,30351920,2,1,gal_name_03,10301,,,0,,,30351930,gal_favor_text_30351920,,,1,,0,,,1,-1,157950
2392,30351930,2,1,,10301,,,0,,,30351940,gal_favor_text_30351930,,,2,,0,,,1,-1,157950
2393,30351940,2,1,player_name,10301,,,0,,,30351950,gal_favor_text_30351940,,,1,,0,,,1,-1,157950
2394,30351950,2,1,,10301,,,0,,,30351960,gal_favor_text_30351950,,,2,,0,,,1,-1,157950
2395,30351960,2,1,player_name,10301,,,0,,,30351970,gal_favor_text_30351960,,,1,,0,,,1,-1,157950
2396,30351970,2,1,,10301,,,0,,,30351980,gal_favor_text_30351970,,,2,,0,,,1,-1,157950
2397,30351980,2,1,gal_name_03,10301,,,0,,,30351990,gal_favor_text_30351980,,,1,,0,,,1,-1,157950
2398,30351990,2,1,player_name,10301,,,0,,,30352000,gal_favor_text_30351990,,,1,,0,,,1,-1,157950
2399,30352000,2,1,,10301,,,0,,,30352010,gal_favor_text_30352000,,,2,,0,,,1,-1,157950
2400,30352010,2,1,,10301,,,0,,,30352020,gal_favor_text_30352010,,,2,,0,,,1,-1,157950
2401,30352020,2,1,gal_name_03,10301,,,0,,,30352030,gal_favor_text_30352020,,,1,,0,,,1,-1,157950
2402,30352030,2,1,,10301,,,0,,,30352040,gal_favor_text_30352030,,,2,,0,,,1,-1,157950
2403,30352040,2,1,player_name,10301,,,0,,,30352050,gal_favor_text_30352040,,,1,,0,,,1,-1,157950
2404,30352050,2,1,gal_name_03,10301,,,0,,,30352060,gal_favor_text_30352050,,,1,,0,,,1,-1,157950
2405,30352060,2,1,player_name,10301,,,0,,,30352070,gal_favor_text_30352060,,,1,,0,,,1,-1,157950
2406,30352070,2,1,gal_name_03,10301,,,0,,,30352080,gal_favor_text_30352070,,,1,,0,,,1,-1,157950
2407,30352080,2,1,player_name,10301,,,0,,,30352090,gal_favor_text_30352080,,,1,,0,,,1,-1,157950
2408,30352090,2,1,gal_name_03,10301,,,0,,,30352100,gal_favor_text_30352090,,,1,,0,,,1,-1,157950
2409,30352100,2,1,gal_name_03,10301,,,0,,,30352110,gal_favor_text_30352100,,,1,,0,,,1,-1,157950
2410,30352110,2,1,player_name,10301,,,0,,,30352120,gal_favor_text_30352110,,,1,,0,,,1,-1,157950
2411,30352120,2,1,,10301,,,0,,,-1,gal_favor_text_30352120,,,2,,0,,,1,-1,157950
2412,30410010,2,1,,10401,,,0,,,30410020,gal_favor_text_30410010,,,2,,2,gal_bg_room_1,gal_bg_room_1,1,-1,157950
2413,30410020,2,1,gal_name_04,10401,,,0,,,30410030,gal_favor_text_30410020,,,1,,0,,,1,-1,157950
2414,30410030,2,1,player_name,10401,,,0,,,30410040,gal_favor_text_30410030,,,1,,0,,,1,-1,157950
2415,30410040,2,1,gal_name_04,10401,,,0,,,30410050,gal_favor_text_30410040,,,1,,0,,,1,-1,157950
2416,30410050,2,1,gal_name_04,10401,,,0,,,30410060,gal_favor_text_30410050,,,1,,0,,,1,-1,157950
2417,30410060,2,1,player_name,10401,,,0,,,30410070,gal_favor_text_30410060,,,1,,0,,,1,-1,157950
2418,30410070,2,1,player_name,10401,,,0,,,30410080,gal_favor_text_30410070,,,1,,0,,,1,-1,157950
2419,30410080,2,1,gal_name_04,10401,,,0,,,30410090,gal_favor_text_30410080,,,1,,0,,,1,-1,157950
2420,30410090,2,1,player_name,10401,,,0,,,30410100,gal_favor_text_30410090,,,1,,0,,,1,-1,157950
2421,30410100,2,1,gal_name_04,10401,,,0,,,30410110,gal_favor_text_30410100,,,1,,0,,,1,-1,157950
2422,30410110,2,1,player_name,10401,,,0,,,30410120,gal_favor_text_30410110,,,1,,0,,,1,-1,157950
2423,30410120,2,1,gal_name_04,10401,,,0,,,30410130,gal_favor_text_30410120,,,1,,0,,,1,-1,157950
2424,30410130,2,1,gal_name_04,10401,,,0,,,30410140,gal_favor_text_30410130,,,1,,0,,,1,-1,157950
2425,30410140,2,1,gal_name_04,10401,,,0,,,30410150,gal_favor_text_30410140,,,1,,0,,,1,-1,157950
2426,30410150,2,1,gal_name_04,10401,,,0,,,30410160,gal_favor_text_30410150,,,1,,0,,,1,-1,157950
2427,30410160,2,1,player_name,10401,,,0,,,30410170,gal_favor_text_30410160,,,1,,0,,,1,-1,157950
2428,30410170,2,1,gal_name_04,10401,,,0,,,30410180,gal_favor_text_30410170,,,1,,0,,,1,-1,157950
2429,30410180,2,1,gal_name_17,10401,,,0,,,30410190,gal_favor_text_30410180,,,1,,0,,,1,-1,157950
2430,30410190,2,1,gal_name_04,10401,,,0,,,30410200,gal_favor_text_30410190,,,1,,0,,,1,-1,157950
2431,30410200,2,1,gal_name_04,10401,,,0,,,30410210,gal_favor_text_30410200,,,1,,0,,,1,-1,157950
2432,30410210,2,1,gal_name_04,10401,,,0,,,30410220,gal_favor_text_30410210,,,1,,0,,,1,-1,157950
2433,30410220,2,1,gal_name_04,10401,,,0,,,30410230,gal_favor_text_30410220,,,1,,0,,,1,-1,157950
2434,30410230,2,1,player_name,10401,,,0,,,30410240,gal_favor_text_30410230,,,1,,0,,,1,-1,157950
2435,30410240,2,1,gal_name_04,10401,,,0,,,30410250,gal_favor_text_30410240,,,1,,0,,,1,-1,157950
2436,30410250,2,1,player_name,10401,,,0,,,30410260,gal_favor_text_30410250,,,1,,0,,,1,-1,157950
2437,30410260,2,1,gal_name_04,10401,,,0,,,30410270,gal_favor_text_30410260,,,1,,0,,,1,-1,157950
2438,30410270,2,1,gal_name_04,10401,,,0,,,30410280,gal_favor_text_30410270,,,1,,0,,,1,-1,157950
2439,30410280,2,1,player_name,10401,,,0,,,30410290,gal_favor_text_30410280,,,1,,0,,,1,-1,157950
2440,30410290,2,1,gal_name_04,10401,,,0,,,30410300,gal_favor_text_30410290,,,1,,0,,,1,-1,157950
2441,30410300,2,1,player_name,10401,,,0,,,30410310,gal_favor_text_30410300,,,1,,0,,,1,-1,157950
2442,30410310,2,1,gal_name_04,10401,,,0,,,30410320,gal_favor_text_30410310,,,1,,0,,,1,-1,157950
2443,30410320,2,1,player_name,10401,,,0,,,30410330,gal_favor_text_30410320,,,1,,0,,,1,-1,157950
2444,30410330,2,1,gal_name_04,10401,,,0,,,30410340,gal_favor_text_30410330,,,1,,0,,,1,-1,157950
2445,30410340,2,1,gal_name_04,10401,,,0,,,30410350,gal_favor_text_30410340,,,1,,0,,,1,-1,157950
2446,30410350,2,1,player_name,10401,,,0,,,30410360,gal_favor_text_30410350,,,1,,0,,,1,-1,157950
2447,30410360,2,1,player_name,10401,,,0,,,30410370,gal_favor_text_30410360,,,1,,0,,,1,-1,157950
2448,30410370,2,1,gal_name_04,10401,,,0,,,30410380,gal_favor_text_30410370,,,1,,0,,,1,-1,157950
2449,30410380,2,1,gal_name_04,10401,,,0,,,30410390,gal_favor_text_30410380,,,1,,0,,,1,-1,157950
2450,30410390,2,1,player_name,10401,,,0,,,30410400,gal_favor_text_30410390,,,1,,0,,,1,-1,157950
2451,30410400,2,1,gal_name_04,10401,,,0,,,30410410,gal_favor_text_30410400,,,1,,0,,,1,-1,157950
2452,30410410,2,1,player_name,10401,,,0,,,30410420,gal_favor_text_30410410,,,1,,0,,,1,-1,157950
2453,30410420,2,1,player_name,10401,,,0,,,30410430,gal_favor_text_30410420,,,1,,0,,,1,-1,157950
2454,30410430,2,1,gal_name_04,10401,,,0,,,30410440,gal_favor_text_30410430,,,1,,0,,,1,-1,157950
2455,30410440,2,1,gal_name_04,10401,,,0,,,30410450,gal_favor_text_30410440,,,1,,0,,,1,-1,157950
2456,30410450,2,1,gal_name_04,10401,,,0,,,30410460,gal_favor_text_30410450,,,1,,0,,,1,-1,157950
2457,30410460,2,1,player_name,10401,,,0,,,30410470,gal_favor_text_30410460,,,1,,0,,,1,-1,157950
2458,30410470,2,1,gal_name_04,10401,,,0,,,30410480,gal_favor_text_30410470,,,1,,0,,,1,-1,157950
2459,30410480,2,1,player_name,10401,,,0,,,30410490,gal_favor_text_30410480,,,1,,0,,,1,-1,157950
2460,30410490,2,1,gal_name_04,10401,,,0,,,30410500,gal_favor_text_30410490,,,1,,0,,,1,-1,157950
2461,30410500,2,1,gal_name_04,10401,,,0,,,30410510,gal_favor_text_30410500,,,1,,0,,,1,-1,157950
2462,30410510,2,1,player_name,10401,,,0,,,30410520,gal_favor_text_30410510,,,1,,0,,,1,-1,157950
2463,30410520,2,1,gal_name_04,10401,,,0,,,30410530,gal_favor_text_30410520,,,1,,0,,,1,-1,157950
2464,30410530,2,1,player_name,10401,,,0,,,30410540,gal_favor_text_30410530,,,1,,0,,,1,-1,157950
2465,30410540,2,1,gal_name_04,10401,,,0,,,30410550,gal_favor_text_30410540,,,1,,0,,,1,-1,157950
2466,30410550,2,1,player_name,10401,,,0,,,30410560,gal_favor_text_30410550,,,1,,0,,,1,-1,157950
2467,30410560,2,1,gal_name_04,10401,,,0,,,30410570,gal_favor_text_30410560,,,1,,0,,,1,-1,157950
2468,30410570,2,1,player_name,10401,,,0,,,30410580,gal_favor_text_30410570,,,1,,0,,,1,-1,157950
2469,30410580,2,1,gal_name_04,10401,,,0,,,30410590,gal_favor_text_30410580,,,1,,0,,,1,-1,157950
2470,30410590,2,1,player_name,10401,,,0,,,30410600,gal_favor_text_30410590,,,1,,0,,,1,-1,157950
2471,30410600,2,1,player_name,10401,,,0,,,30410610,gal_favor_text_30410600,,,1,,0,,,1,-1,157950
2472,30410610,2,1,gal_name_04,10401,,,0,,,30410620,gal_favor_text_30410610,,,1,,0,,,1,-1,157950
2473,30410620,2,1,player_name,10401,,,0,,,30410630,gal_favor_text_30410620,,,1,,0,,,1,-1,157950
2474,30410630,2,1,gal_name_04,10401,,,0,,,30410640,gal_favor_text_30410630,,,1,,0,,,1,-1,157950
2475,30410640,2,1,gal_name_04,10401,,,0,,,30410650,gal_favor_text_30410640,,,1,,0,,,1,-1,157950
2476,30410650,2,1,gal_name_04,10401,,,0,,,30410660,gal_favor_text_30410650,,,1,,0,,,1,-1,157950
2477,30410660,2,1,gal_name_04,10401,,,0,,,30410670,gal_favor_text_30410660,,,1,,0,,,1,-1,157950
2478,30410670,2,1,player_name,10401,,,0,,,30410680,gal_favor_text_30410670,,,1,,0,,,1,-1,157950
2479,30410680,2,1,gal_name_04,10401,,,0,,,30410690,gal_favor_text_30410680,,,1,,0,,,1,-1,157950
2480,30410690,2,1,gal_name_04,10401,,,0,,,30410700,gal_favor_text_30410690,,,1,,0,,,1,-1,157950
2481,30410700,2,1,gal_name_04,10401,,,0,,,30410710,gal_favor_text_30410700,,,1,,0,,,1,-1,157950
2482,30410710,2,1,player_name,10401,,,0,,,30410720,gal_favor_text_30410710,,,1,,0,,,1,-1,157950
2483,30410720,2,1,gal_name_04,10401,,,0,,,30410730,gal_favor_text_30410720,,,1,,0,,,1,-1,157950
2484,30410730,2,1,gal_name_04,10401,,,0,,,30410740,gal_favor_text_30410730,,,1,,0,,,1,-1,157950
2485,30410740,2,1,gal_name_04,10401,,,0,,,30410750,gal_favor_text_30410740,,,1,,0,,,1,-1,157950
2486,30410750,2,1,player_name,10401,,,0,,,30410760,gal_favor_text_30410750,,,1,,0,,,1,-1,157950
2487,30410760,2,1,gal_name_04,10401,,,0,,,30410770,gal_favor_text_30410760,,,1,,0,,,1,-1,157950
2488,30410770,2,1,gal_name_04,10401,,,0,,,30410780,gal_favor_text_30410770,,,1,,0,,,1,-1,157950
2489,30410780,2,1,player_name,10401,,,0,,,30410790,gal_favor_text_30410780,,,1,,0,,,1,-1,157950
2490,30410790,2,1,player_name,10401,,,0,,,30410800,gal_favor_text_30410790,,,1,,0,,,1,-1,157950
2491,30410800,2,1,player_name,10401,,,0,,,30410810,gal_favor_text_30410800,,,1,,0,,,1,-1,157950
2492,30410810,2,1,gal_name_04,10401,,,0,,,30410820,gal_favor_text_30410810,,,1,,0,,,1,-1,157950
2493,30410820,2,1,,10401,,,0,,,30410830,gal_favor_text_30410820,,,2,,0,,,1,-1,157950
2494,30410830,2,1,gal_name_04,10401,,,0,,,30410840,gal_favor_text_30410830,,,1,,0,,,1,-1,157950
2495,30410840,2,1,player_name,10401,,,0,,,30410850,gal_favor_text_30410840,,,1,,0,,,1,-1,157950
2496,30410850,2,1,player_name,10401,,,0,,,30410860,gal_favor_text_30410850,,,1,,0,,,1,-1,157950
2497,30410860,2,1,gal_name_04,10401,,,0,,,30410870,gal_favor_text_30410860,,,1,,0,,,1,-1,157950
2498,30410870,2,1,player_name,10401,,,0,,,30410880,gal_favor_text_30410870,,,1,,0,,,1,-1,157950
2499,30410880,2,1,gal_name_04,10401,,,0,,,30410890,gal_favor_text_30410880,,,1,,0,,,1,-1,157950
2500,30410890,2,1,player_name,10401,,,0,,,30410900,gal_favor_text_30410890,,,1,,0,,,1,-1,157950
2501,30410900,2,1,gal_name_04,10401,,,0,,,30410910,gal_favor_text_30410900,,,1,,0,,,1,-1,157950
2502,30410910,2,1,player_name,10401,,,0,,,30410920,gal_favor_text_30410910,,,1,,0,,,1,-1,157950
2503,30410920,2,1,player_name,10401,,,0,,,30410930,gal_favor_text_30410920,,,1,,0,,,1,-1,157950
2504,30410930,2,1,player_name,10401,,,0,,,30410940,gal_favor_text_30410930,,,1,,0,,,1,-1,157950
2505,30410940,2,1,player_name,10401,,,0,,,30410950,gal_favor_text_30410940,,,1,,0,,,1,-1,157950
2506,30410950,2,1,gal_name_04,10401,,,0,,,30410960,gal_favor_text_30410950,,,1,,0,,,1,-1,157950
2507,30410960,2,1,player_name,10401,,,0,,,30410970,gal_favor_text_30410960,,,1,,0,,,1,-1,157950
2508,30410970,2,1,gal_name_04,10401,,,0,,,30410980,gal_favor_text_30410970,,,1,,0,,,1,-1,157950
2509,30410980,2,1,player_name,10401,,,0,,,-1,gal_favor_text_30410980,,,1,,0,,,1,-1,157950
2510,30420010,2,1,,10401,,,0,,,30420020,gal_favor_text_30420010,,,2,,2,gal_bg_street_2,gal_bg_room_1,1,-1,157950
2511,30420020,2,1,,10401,,,0,,,30420030,gal_favor_text_30420020,,,2,,0,,,1,-1,157950
2512,30420030,2,1,,10401,,,0,,,30420040,gal_favor_text_30420030,,,2,,0,,,1,-1,157950
2513,30420040,2,1,player_name,10401,,,0,,,30420050,gal_favor_text_30420040,,,1,,0,,,1,-1,157950
2514,30420050,2,1,player_name,10401,,,0,,,30420060,gal_favor_text_30420050,,,1,,0,,,1,-1,157950
2515,30420060,2,1,gal_name_04,10401,,,0,,,30420070,gal_favor_text_30420060,,,1,,0,,,1,-1,157950
2516,30420070,2,1,player_name,10401,,,0,,,30420080,gal_favor_text_30420070,,,1,,0,,,1,-1,157950
2517,30420080,2,1,gal_name_04,10401,,,0,,,30420090,gal_favor_text_30420080,,,1,,0,,,1,-1,157950
2518,30420090,2,1,,10401,,,0,,,30420100,gal_favor_text_30420090,,,2,,0,,,1,-1,157950
2519,30420100,2,1,player_name,10401,,,0,,,30420110,gal_favor_text_30420100,,,1,,0,,,1,-1,157950
2520,30420110,2,1,gal_name_04,10401,,,0,,,30420120,gal_favor_text_30420110,,,1,,0,,,1,-1,157950
2521,30420120,2,1,gal_name_04,10401,,,0,,,30420130,gal_favor_text_30420120,,,1,,0,,,1,-1,157950
2522,30420130,2,1,,10401,,,0,,,30420140,gal_favor_text_30420130,,,2,,0,,,1,-1,157950
2523,30420140,2,1,gal_name_30,10401,,,0,,,30420150,gal_favor_text_30420140,,,1,,0,,,1,-1,157950
2524,30420150,2,1,,10401,,,0,,,30420160,gal_favor_text_30420150,,,2,,0,,,1,-1,157950
2525,30420160,2,1,gal_name_04,10401,,,0,,,30420170,gal_favor_text_30420160,,,1,,0,,,1,-1,157950
2526,30420170,2,1,,10401,,,0,,,30420180,gal_favor_text_30420170,,,2,,0,,,1,-1,157950
2527,30420180,2,1,gal_name_26,10401,,,0,,,30420190,gal_favor_text_30420180,,,1,,0,,,1,-1,157950
2528,30420190,2,1,gal_name_04,10401,,,0,,,30420200,gal_favor_text_30420190,,,1,,0,,,1,-1,157950
2529,30420200,2,1,,10401,,,0,,,30420210,gal_favor_text_30420200,,,2,,0,,,1,-1,157950
2530,30420210,2,1,gal_name_04,10401,,,0,,,30420220,gal_favor_text_30420210,,,1,,0,,,1,-1,157950
2531,30420220,2,1,player_name,10401,,,0,,,30420230,gal_favor_text_30420220,,,1,,0,,,1,-1,157950
2532,30420230,2,1,,10401,,,0,,,30420240,gal_favor_text_30420230,,,2,,0,,,1,-1,157950
2533,30420240,2,1,,10401,,,0,,,30420250,gal_favor_text_30420240,,,2,,0,,,1,-1,157950
2534,30420250,2,1,gal_name_26,10401,,,0,,,30420260,gal_favor_text_30420250,,,1,,0,,,1,-1,157950
2535,30420260,2,1,,10401,,,0,,,30420270,gal_favor_text_30420260,,,2,,0,,,1,-1,157950
2536,30420270,2,1,player_name,10401,,,0,,,30420280,gal_favor_text_30420270,,,1,,0,,,1,-1,157950
2537,30420280,2,1,,10401,,,0,,,30420290,gal_favor_text_30420280,,,2,,0,,,1,-1,157950
2538,30420290,2,1,gal_name_04,10401,,,0,,,30420300,gal_favor_text_30420290,,,1,,0,,,1,-1,157950
2539,30420300,2,1,,10401,,,0,,,30420310,gal_favor_text_30420300,,,2,,0,,,1,-1,157950
2540,30420310,2,1,,10401,,,0,,,30420320,gal_favor_text_30420310,,,2,,0,,,1,-1,157950
2541,30420320,2,1,gal_name_26,10401,,,0,,,30420330,gal_favor_text_30420320,,,1,,0,,,1,-1,157950
2542,30420330,2,1,gal_name_26,10401,,,0,,,30420340,gal_favor_text_30420330,,,1,,0,,,1,-1,157950
2543,30420340,2,1,gal_name_04,10401,,,0,,,30420350,gal_favor_text_30420340,,,1,,0,,,1,-1,157950
2544,30420350,2,1,,10401,,,0,,,30420360,gal_favor_text_30420350,,,2,,0,,,1,-1,157950
2545,30420360,2,1,gal_name_04,10401,,,0,,,30420370,gal_favor_text_30420360,,,1,,0,,,1,-1,157950
2546,30420370,2,1,,10401,,,0,,,30420380,gal_favor_text_30420370,,,2,,0,,,1,-1,157950
2547,30420380,2,1,player_name,10401,,,0,,,30420390,gal_favor_text_30420380,,,1,,0,,,1,-1,157950
2548,30420390,2,1,gal_name_04,10401,,,0,,,30420400,gal_favor_text_30420390,,,1,,0,,,1,-1,157950
2549,30420400,2,1,,10401,,,0,,,30420410,gal_favor_text_30420400,,,2,,0,,,1,-1,157950
2550,30420410,2,1,gal_name_32,10401,,,0,,,30420420,gal_favor_text_30420410,,,1,,0,,,1,-1,157950
2551,30420420,2,1,,10401,,,0,,,30420430,gal_favor_text_30420420,,,2,,0,,,1,-1,157950
2552,30420430,2,1,gal_name_32,10401,,,0,,,30420440,gal_favor_text_30420430,,,1,,0,,,1,-1,157950
2553,30420440,2,1,gal_name_32,10401,,,0,,,30420450,gal_favor_text_30420440,,,1,,0,,,1,-1,157950
2554,30420450,2,1,gal_name_04,10401,,,0,,,30420460,gal_favor_text_30420450,,,1,,0,,,1,-1,157950
2555,30420460,2,1,gal_name_04,10401,,,0,,,30420470,gal_favor_text_30420460,,,1,,0,,,1,-1,157950
2556,30420470,2,1,gal_name_32,10401,,,0,,,30420480,gal_favor_text_30420470,,,1,,0,,,1,-1,157950
2557,30420480,2,1,,10401,,,0,,,30420490,gal_favor_text_30420480,,,2,,0,,,1,-1,157950
2558,30420490,2,1,,10401,,,0,,,30420500,gal_favor_text_30420490,,,2,,0,,,1,-1,157950
2559,30420500,2,1,gal_name_04,10401,,,0,,,30420510,gal_favor_text_30420500,,,1,,0,,,1,-1,157950
2560,30420510,2,1,player_name,10401,,,0,,,30420520,gal_favor_text_30420510,,,1,,0,,,1,-1,157950
2561,30420520,2,1,gal_name_04,10401,,,0,,,30420530,gal_favor_text_30420520,,,1,,0,,,1,-1,157950
2562,30420530,2,1,player_name,10401,,,0,,,30420540,gal_favor_text_30420530,,,1,,0,,,1,-1,157950
2563,30420540,2,1,gal_name_04,10401,,,0,,,30420550,gal_favor_text_30420540,,,1,,0,,,1,-1,157950
2564,30420550,2,1,,10401,,,0,,,30420560,gal_favor_text_30420550,,,2,,0,,,1,-1,157950
2565,30420560,2,1,player_name,10401,,,0,,,30420570,gal_favor_text_30420560,,,1,,0,,,1,-1,157950
2566,30420570,2,1,gal_name_04,10401,,,0,,,30420580,gal_favor_text_30420570,,,1,,0,,,1,-1,157950
2567,30420580,2,1,gal_name_04,10401,,,0,,,30420590,gal_favor_text_30420580,,,1,,0,,,1,-1,157950
2568,30420590,2,1,gal_name_04,10401,,,0,,,30420600,gal_favor_text_30420590,,,1,,0,,,1,-1,157950
2569,30420600,2,1,player_name,10401,,,0,,,30420610,gal_favor_text_30420600,,,1,,0,,,1,-1,157950
2570,30420610,2,1,player_name,10401,,,0,,,30420620,gal_favor_text_30420610,,,1,,0,,,1,-1,157950
2571,30420620,2,1,gal_name_04,10401,,,0,,,30420630,gal_favor_text_30420620,,,1,,0,,,1,-1,157950
2572,30420630,2,1,player_name,10401,,,0,,,30420640,gal_favor_text_30420630,,,1,,0,,,1,-1,157950
2573,30420640,2,1,,10401,,,0,,,30420650,gal_favor_text_30420640,,,2,,0,,,1,-1,157950
2574,30420650,2,1,gal_name_04,10401,,,0,,,30420660,gal_favor_text_30420650,,,1,,0,,,1,-1,157950
2575,30420660,2,1,,10401,,,0,,,30420670,gal_favor_text_30420660,,,2,,0,,,1,-1,157950
2576,30420670,2,1,player_name,10401,,,0,,,30420680,gal_favor_text_30420670,,,1,,0,,,1,-1,157950
2577,30420680,2,1,,10401,,,0,,,30420690,gal_favor_text_30420680,,,2,,0,,,1,-1,157950
2578,30420690,2,1,player_name,10401,,,0,,,30420700,gal_favor_text_30420690,,,1,,0,,,1,-1,157950
2579,30420700,2,1,gal_name_04,10401,,,0,,,30420710,gal_favor_text_30420700,,,1,,0,,,1,-1,157950
2580,30420710,2,1,player_name,10401,,,0,,,30420720,gal_favor_text_30420710,,,1,,0,,,1,-1,157950
2581,30420720,2,1,gal_name_04,10401,,,0,,,30420730,gal_favor_text_30420720,,,1,,0,,,1,-1,157950
2582,30420730,2,1,player_name,10401,,,0,,,30420740,gal_favor_text_30420730,,,1,,0,,,1,-1,157950
2583,30420740,2,1,gal_name_04,10401,,,0,,,30420750,gal_favor_text_30420740,,,1,,0,,,1,-1,157950
2584,30420750,2,1,player_name,10401,,,0,,,30420760,gal_favor_text_30420750,,,1,,0,,,1,-1,157950
2585,30420760,2,1,,10401,,,0,,,30420770,gal_favor_text_30420760,,,2,,0,,,1,-1,157950
2586,30420770,2,1,player_name,10401,,,0,,,30420780,gal_favor_text_30420770,,,1,,0,,,1,-1,157950
2587,30420780,2,1,gal_name_04,10401,,,0,,,30420790,gal_favor_text_30420780,,,1,,0,,,1,-1,157950
2588,30420790,2,1,gal_name_04,10401,,,0,,,30420800,gal_favor_text_30420790,,,1,,0,,,1,-1,157950
2589,30420800,2,1,player_name,10401,,,0,,,30420810,gal_favor_text_30420800,,,1,,0,,,1,-1,157950
2590,30420810,2,1,player_name,10401,,,0,,,30420820,gal_favor_text_30420810,,,1,,0,,,1,-1,157950
2591,30420820,2,1,,10401,,,0,,,30420830,gal_favor_text_30420820,,,2,,0,,,1,-1,157950
2592,30420830,2,1,player_name,10401,,,0,,,30420840,gal_favor_text_30420830,,,1,,0,,,1,-1,157950
2593,30420840,2,1,gal_name_04,10401,,,0,,,30420850,gal_favor_text_30420840,,,1,,0,,,1,-1,157950
2594,30420850,2,1,player_name,10401,,,0,,,30420860,gal_favor_text_30420850,,,1,,0,,,1,-1,157950
2595,30420860,2,1,gal_name_04,10401,,,0,,,30420870,gal_favor_text_30420860,,,1,,0,,,1,-1,157950
2596,30420870,2,1,player_name,10401,,,0,,,30420880,gal_favor_text_30420870,,,1,,0,,,1,-1,157950
2597,30420880,2,1,player_name,10401,,,0,,,30420890,gal_favor_text_30420880,,,1,,0,,,1,-1,157950
2598,30420890,2,1,,10401,,,0,,,30420900,gal_favor_text_30420890,,,2,,0,,,1,-1,157950
2599,30420900,2,1,player_name,10401,,,0,,,30420910,gal_favor_text_30420900,,,1,,0,,,1,-1,157950
2600,30420910,2,1,,10401,,,0,,,30420920,gal_favor_text_30420910,,,2,,0,,,1,-1,157950
2601,30420920,2,1,player_name,10401,,,0,,,30420930,gal_favor_text_30420920,,,1,,0,,,1,-1,157950
2602,30420930,2,1,gal_name_04,10401,,,0,,,30420940,gal_favor_text_30420930,,,1,,0,,,1,-1,157950
2603,30420940,2,1,player_name,10401,,,0,,,30420950,gal_favor_text_30420940,,,1,,0,,,1,-1,157950
2604,30420950,2,1,player_name,10401,,,0,,,30420960,gal_favor_text_30420950,,,1,,0,,,1,-1,157950
2605,30420960,2,1,gal_name_04,10401,,,0,,,30420970,gal_favor_text_30420960,,,1,,0,,,1,-1,157950
2606,30420970,2,1,player_name,10401,,,0,,,30420980,gal_favor_text_30420970,,,1,,0,,,1,-1,157950
2607,30420980,2,1,gal_name_04,10401,,,0,,,30420990,gal_favor_text_30420980,,,1,,0,,,1,-1,157950
2608,30420990,2,1,player_name,10401,,,0,,,30421000,gal_favor_text_30420990,,,1,,0,,,1,-1,157950
2609,30421000,2,1,,10401,,,0,,,30421010,gal_favor_text_30421000,,,2,,0,,,1,-1,157950
2610,30421010,2,1,,10401,,,0,,,30421020,gal_favor_text_30421010,,,2,,0,,,1,-1,157950
2611,30421020,2,1,player_name,10401,,,0,,,30421030,gal_favor_text_30421020,,,1,,0,,,1,-1,157950
2612,30421030,2,1,player_name,10401,,,0,,,30421040,gal_favor_text_30421030,,,1,,0,,,1,-1,157950
2613,30421040,2,1,,10401,,,0,,,30421050,gal_favor_text_30421040,,,2,,0,,,1,-1,157950
2614,30421050,2,1,player_name,10401,,,0,,,30421060,gal_favor_text_30421050,,,1,,0,,,1,-1,157950
2615,30421060,2,1,player_name,10401,,,0,,,30421070,gal_favor_text_30421060,,,1,,0,,,1,-1,157950
2616,30421070,2,1,gal_name_04,10401,,,0,,,30421080,gal_favor_text_30421070,,,1,,0,,,1,-1,157950
2617,30421080,2,1,player_name,10401,,,0,,,30421090,gal_favor_text_30421080,,,1,,0,,,1,-1,157950
2618,30421090,2,1,player_name,10401,,,0,,,30421100,gal_favor_text_30421090,,,1,,0,,,1,-1,157950
2619,30421100,2,1,player_name,10401,,,0,,,30421110,gal_favor_text_30421100,,,1,,0,,,1,-1,157950
2620,30421110,2,1,gal_name_04,10401,,,0,,,30421120,gal_favor_text_30421110,,,1,,0,,,1,-1,157950
2621,30421120,2,1,player_name,10401,,,0,,,30421130,gal_favor_text_30421120,,,1,,0,,,1,-1,157950
2622,30421130,2,1,gal_name_04,10401,,,0,,,30421140,gal_favor_text_30421130,,,1,,0,,,1,-1,157950
2623,30421140,2,1,gal_name_04,10401,,,0,,,30421150,gal_favor_text_30421140,,,1,,0,,,1,-1,157950
2624,30421150,2,1,player_name,10401,,,0,,,30421160,gal_favor_text_30421150,,,1,,0,,,1,-1,157950
2625,30421160,2,1,gal_name_04,10401,,,0,,,30421170,gal_favor_text_30421160,,,1,,0,,,1,-1,157950
2626,30421170,2,1,player_name,10401,,,0,,,30421180,gal_favor_text_30421170,,,1,,0,,,1,-1,157950
2627,30421180,2,1,gal_name_04,10401,,,0,,,30421190,gal_favor_text_30421180,,,1,,0,,,1,-1,157950
2628,30421190,2,1,player_name,10401,,,0,,,30421200,gal_favor_text_30421190,,,1,,0,,,1,-1,157950
2629,30421200,2,1,,10401,,,0,,,30421210,gal_favor_text_30421200,,,2,,0,,,1,-1,157950
2630,30421210,2,1,player_name,10401,,,0,,,30421220,gal_favor_text_30421210,,,1,,0,,,1,-1,157950
2631,30421220,2,1,,10401,,,0,,,30421230,gal_favor_text_30421220,,,2,,0,,,1,-1,157950
2632,30421230,2,1,player_name,10401,,,0,,,30421240,gal_favor_text_30421230,,,1,,0,,,1,-1,157950
2633,30421240,2,1,,10401,,,0,,,30421250,gal_favor_text_30421240,,,2,,0,,,1,-1,157950
2634,30421250,2,1,player_name,10401,,,0,,,30421260,gal_favor_text_30421250,,,1,,0,,,1,-1,157950
2635,30421260,2,1,gal_name_04,10401,,,0,,,30421270,gal_favor_text_30421260,,,1,,0,,,1,-1,157950
2636,30421270,2,1,player_name,10401,,,0,,,30421280,gal_favor_text_30421270,,,1,,0,,,1,-1,157950
2637,30421280,2,1,gal_name_04,10401,,,0,,,30421290,gal_favor_text_30421280,,,1,,0,,,1,-1,157950
2638,30421290,2,1,player_name,10401,,,0,,,30421300,gal_favor_text_30421290,,,1,,0,,,1,-1,157950
2639,30421300,2,1,gal_name_04,10401,,,0,,,30421310,gal_favor_text_30421300,,,1,,0,,,1,-1,157950
2640,30421310,2,1,player_name,10401,,,0,,,30421320,gal_favor_text_30421310,,,1,,0,,,1,-1,157950
2641,30421320,2,1,gal_name_04,10401,,,0,,,30421330,gal_favor_text_30421320,,,1,,0,,,1,-1,157950
2642,30421330,2,1,player_name,10401,,,0,,,30421340,gal_favor_text_30421330,,,1,,0,,,1,-1,157950
2643,30421340,2,1,gal_name_04,10401,,,0,,,30421350,gal_favor_text_30421340,,,1,,0,,,1,-1,157950
2644,30421350,2,1,,10401,,,0,,,30421360,gal_favor_text_30421350,,,2,,0,,,1,-1,157950
2645,30421360,2,1,gal_name_04,10401,,,0,,,30421370,gal_favor_text_30421360,,,1,,0,,,1,-1,157950
2646,30421370,2,1,player_name,10401,,,0,,,30421380,gal_favor_text_30421370,,,1,,0,,,1,-1,157950
2647,30421380,2,1,gal_name_04,10401,,,0,,,30421390,gal_favor_text_30421380,,,1,,0,,,1,-1,157950
2648,30421390,2,1,player_name,10401,,,0,,,30421400,gal_favor_text_30421390,,,1,,0,,,1,-1,157950
2649,30421400,2,1,,10401,,,0,,,30421410,gal_favor_text_30421400,,,2,,0,,,1,-1,157950
2650,30421410,2,1,player_name,10401,,,0,,,30421420,gal_favor_text_30421410,,,1,,0,,,1,-1,157950
2651,30421420,2,1,gal_name_04,10401,,,0,,,30421430,gal_favor_text_30421420,,,1,,0,,,1,-1,157950
2652,30421430,2,1,player_name,10401,,,0,,,30421440,gal_favor_text_30421430,,,1,,0,,,1,-1,157950
2653,30421440,2,1,gal_name_04,10401,,,0,,,30421450,gal_favor_text_30421440,,,1,,0,,,1,-1,157950
2654,30421450,2,1,player_name,10401,,,0,,,30421460,gal_favor_text_30421450,,,1,,0,,,1,-1,157950
2655,30421460,2,1,player_name,10401,,,0,,,30421470,gal_favor_text_30421460,,,1,,0,,,1,-1,157950
2656,30421470,2,1,player_name,10401,,,0,,,30421480,gal_favor_text_30421470,,,1,,0,,,1,-1,157950
2657,30421480,2,1,player_name,10401,,,0,,,30421490,gal_favor_text_30421480,,,1,,0,,,1,-1,157950
2658,30421490,2,1,player_name,10401,,,0,,,30421500,gal_favor_text_30421490,,,1,,0,,,1,-1,157950
2659,30421500,2,1,gal_name_04,10401,,,0,,,30421510,gal_favor_text_30421500,,,1,,0,,,1,-1,157950
2660,30421510,2,1,player_name,10401,,,0,,,30421520,gal_favor_text_30421510,,,1,,0,,,1,-1,157950
2661,30421520,2,1,player_name,10401,,,0,,,30421530,gal_favor_text_30421520,,,1,,0,,,1,-1,157950
2662,30421530,2,1,player_name,10401,,,0,,,-1,gal_favor_text_30421530,,,1,,0,,,1,-1,157950
2663,30430010,2,1,,10401,,,0,,,30430020,gal_favor_text_30430010,,,2,,2,gal_bg_room_1,gal_bg_room_1,1,-1,157950
2664,30430020,2,1,,10401,,,0,,,30430030,gal_favor_text_30430020,,,2,,0,,,1,-1,157950
2665,30430030,2,1,player_name,10401,,,0,,,30430040,gal_favor_text_30430030,,,1,,0,,,1,-1,157950
2666,30430040,2,1,gal_name_04,10401,,,0,,,30430050,gal_favor_text_30430040,,,1,,0,,,1,-1,157950
2667,30430050,2,1,,10401,,,0,,,30430060,gal_favor_text_30430050,,,2,,0,,,1,-1,157950
2668,30430060,2,1,player_name,10401,,,0,,,30430070,gal_favor_text_30430060,,,1,,0,,,1,-1,157950
2669,30430070,2,1,gal_name_04,10401,,,0,,,30430080,gal_favor_text_30430070,,,1,,0,,,1,-1,157950
2670,30430080,2,1,player_name,10401,,,0,,,30430090,gal_favor_text_30430080,,,1,,0,,,1,-1,157950
2671,30430090,2,1,,10401,,,0,,,30430100,gal_favor_text_30430090,,,2,,0,,,1,-1,157950
2672,30430100,2,1,player_name,10401,,,0,,,30430110,gal_favor_text_30430100,,,1,,0,,,1,-1,157950
2673,30430110,2,1,gal_name_04,10401,,,0,,,30430120,gal_favor_text_30430110,,,1,,0,,,1,-1,157950
2674,30430120,2,1,,10401,,,0,,,30430130,gal_favor_text_30430120,,,2,,0,,,1,-1,157950
2675,30430130,2,1,gal_name_04,10401,,,0,,,30430140,gal_favor_text_30430130,,,1,,0,,,1,-1,157950
2676,30430140,2,1,player_name,10401,,,0,,,30430150,gal_favor_text_30430140,,,1,,0,,,1,-1,157950
2677,30430150,2,1,player_name,10401,,,0,,,30430160,gal_favor_text_30430150,,,1,,0,,,1,-1,157950
2678,30430160,2,1,gal_name_04,10401,,,0,,,30430170,gal_favor_text_30430160,,,1,,0,,,1,-1,157950
2679,30430170,2,1,player_name,10401,,,0,,,30430180,gal_favor_text_30430170,,,1,,0,,,1,-1,157950
2680,30430180,2,1,player_name,10401,,,0,,,30430190,gal_favor_text_30430180,,,1,,0,,,1,-1,157950
2681,30430190,2,1,gal_name_04,10401,,,0,,,30430200,gal_favor_text_30430190,,,1,,0,,,1,-1,157950
2682,30430200,2,1,gal_name_04,10401,,,0,,,30430210,gal_favor_text_30430200,,,1,,0,,,1,-1,157950
2683,30430210,2,1,,10401,,,0,,,30430220,gal_favor_text_30430210,,,2,,0,,,1,-1,157950
2684,30430220,2,1,,10401,,,0,,,30430230,gal_favor_text_30430220,,,2,,0,,,1,-1,157950
2685,30430230,2,1,player_name,10401,,,0,,,30430240,gal_favor_text_30430230,,,1,,0,,,1,-1,157950
2686,30430240,2,1,player_name,10401,,,0,,,30430250,gal_favor_text_30430240,,,1,,0,,,1,-1,157950
2687,30430250,2,1,,10401,,,0,,,30430260,gal_favor_text_30430250,,,2,,0,,,1,-1,157950
2688,30430260,2,1,,10401,,,0,,,30430270,gal_favor_text_30430260,,,2,,0,,,1,-1,157950
2689,30430270,2,1,gal_name_04,10401,,,0,,,30430280,gal_favor_text_30430270,,,1,,0,,,1,-1,157950
2690,30430280,2,1,player_name,10401,,,0,,,30430290,gal_favor_text_30430280,,,1,,0,,,1,-1,157950
2691,30430290,2,1,gal_name_04,10401,,,0,,,30430300,gal_favor_text_30430290,,,1,,0,,,1,-1,157950
2692,30430300,2,1,player_name,10401,,,0,,,30430310,gal_favor_text_30430300,,,1,,0,,,1,-1,157950
2693,30430310,2,1,,10401,,,0,,,30430320,gal_favor_text_30430310,,,2,,0,,,1,-1,157950
2694,30430320,2,1,player_name,10401,,,0,,,30430330,gal_favor_text_30430320,,,1,,0,,,1,-1,157950
2695,30430330,2,1,gal_name_04,10401,,,0,,,30430340,gal_favor_text_30430330,,,1,,0,,,1,-1,157950
2696,30430340,2,1,gal_name_04,10401,,,0,,,30430350,gal_favor_text_30430340,,,1,,0,,,1,-1,157950
2697,30430350,2,1,,10401,,,0,,,30430360,gal_favor_text_30430350,,,2,,0,,,1,-1,157950
2698,30430360,2,1,gal_name_04,10401,,,0,,,30430370,gal_favor_text_30430360,,,1,,0,,,1,-1,157950
2699,30430370,2,1,gal_name_04,10401,,,0,,,30430380,gal_favor_text_30430370,,,1,,0,,,1,-1,157950
2700,30430380,2,1,,10401,,,0,,,30430390,gal_favor_text_30430380,,,2,,0,,,1,-1,157950
2701,30430390,2,1,player_name,10401,,,0,,,30430400,gal_favor_text_30430390,,,1,,0,,,1,-1,157950
2702,30430400,2,1,player_name,10401,,,0,,,30430410,gal_favor_text_30430400,,,1,,0,,,1,-1,157950
2703,30430410,2,1,gal_name_04,10401,,,0,,,30430420,gal_favor_text_30430410,,,1,,0,,,1,-1,157950
2704,30430420,2,1,player_name,10401,,,0,,,30430430,gal_favor_text_30430420,,,1,,0,,,1,-1,157950
2705,30430430,2,1,gal_name_04,10401,,,0,,,30430440,gal_favor_text_30430430,,,1,,0,,,1,-1,157950
2706,30430440,2,1,,10401,,,0,,,30430450,gal_favor_text_30430440,,,2,,0,,,1,-1,157950
2707,30430450,2,1,,10401,,,0,,,30430460,gal_favor_text_30430450,,,2,,0,,,1,-1,157950
2708,30430460,2,1,,10401,,,0,,,30430470,gal_favor_text_30430460,,,2,,0,,,1,-1,157950
2709,30430470,2,1,,10401,,,0,,,30430480,gal_favor_text_30430470,,,2,,0,,,1,-1,157950
2710,30430480,2,1,gal_name_04,10401,,,0,,,30430490,gal_favor_text_30430480,,,1,,0,,,1,-1,157950
2711,30430490,2,1,,10401,,,0,,,30430500,gal_favor_text_30430490,,,2,,0,,,1,-1,157950
2712,30430500,2,1,player_name,10401,,,0,,,30430510,gal_favor_text_30430500,,,1,,0,,,1,-1,157950
2713,30430510,2,1,player_name,10401,,,0,,,30430520,gal_favor_text_30430510,,,1,,0,,,1,-1,157950
2714,30430520,2,1,player_name,10401,,,0,,,30430530,gal_favor_text_30430520,,,1,,0,,,1,-1,157950
2715,30430530,2,1,gal_name_04,10401,,,0,,,30430540,gal_favor_text_30430530,,,1,,0,,,1,-1,157950
2716,30430540,2,1,gal_name_04,10401,,,0,,,30430550,gal_favor_text_30430540,,,1,,0,,,1,-1,157950
2717,30430550,2,1,player_name,10401,,,0,,,30430560,gal_favor_text_30430550,,,1,,0,,,1,-1,157950
2718,30430560,2,1,player_name,10401,,,0,,,30430570,gal_favor_text_30430560,,,1,,0,,,1,-1,157950
2719,30430570,2,1,gal_name_04,10401,,,0,,,30430580,gal_favor_text_30430570,,,1,,0,,,1,-1,157950
2720,30430580,2,1,,10401,,,0,,,30430590,gal_favor_text_30430580,,,2,,0,,,1,-1,157950
2721,30430590,2,1,player_name,10401,,,0,,,30430600,gal_favor_text_30430590,,,1,,0,,,1,-1,157950
2722,30430600,2,1,,10401,,,0,,,30430610,gal_favor_text_30430600,,,2,,0,,,1,-1,157950
2723,30430610,2,1,gal_name_04,10401,,,0,,,30430620,gal_favor_text_30430610,,,1,,0,,,1,-1,157950
2724,30430620,2,1,,10401,,,0,,,30430630,gal_favor_text_30430620,,,2,,0,,,1,-1,157950
2725,30430630,2,1,,10401,,,0,,,30430640,gal_favor_text_30430630,,,2,,0,,,1,-1,157950
2726,30430640,2,1,,10401,,,0,,,30430650,gal_favor_text_30430640,,,2,,0,,,1,-1,157950
2727,30430650,2,1,gal_name_04,10401,,,0,,,30430660,gal_favor_text_30430650,,,1,,0,,,1,-1,157950
2728,30430660,2,1,player_name,10401,,,0,,,30430670,gal_favor_text_30430660,,,1,,0,,,1,-1,157950
2729,30430670,2,1,player_name,10401,,,0,,,30430680,gal_favor_text_30430670,,,1,,0,,,1,-1,157950
2730,30430680,2,1,,10401,,,0,,,30430690,gal_favor_text_30430680,,,2,,0,,,1,-1,157950
2731,30430690,2,1,player_name,10401,,,0,,,30430700,gal_favor_text_30430690,,,1,,0,,,1,-1,157950
2732,30430700,2,1,gal_name_04,10401,,,0,,,30430710,gal_favor_text_30430700,,,1,,0,,,1,-1,157950
2733,30430710,2,1,,10401,,,0,,,30430720,gal_favor_text_30430710,,,2,,0,,,1,-1,157950
2734,30430720,2,1,player_name,10401,,,0,,,30430730,gal_favor_text_30430720,,,1,,0,,,1,-1,157950
2735,30430730,2,1,gal_name_04,10401,,,0,,,30430740,gal_favor_text_30430730,,,1,,0,,,1,-1,157950
2736,30430740,2,1,,10401,,,0,,,30430750,gal_favor_text_30430740,,,2,,0,,,1,-1,157950
2737,30430750,2,1,gal_name_04,10401,,,0,,,30430760,gal_favor_text_30430750,,,1,,0,,,1,-1,157950
2738,30430760,2,1,,10401,,,0,,,30430770,gal_favor_text_30430760,,,2,,0,,,1,-1,157950
2739,30430770,2,1,gal_name_04,10401,,,0,,,30430780,gal_favor_text_30430770,,,1,,0,,,1,-1,157950
2740,30430780,2,1,gal_name_04,10401,,,0,,,30430790,gal_favor_text_30430780,,,1,,0,,,1,-1,157950
2741,30430790,2,1,player_name,10401,,,0,,,30430800,gal_favor_text_30430790,,,1,,0,,,1,-1,157950
2742,30430800,2,1,player_name,10401,,,0,,,30430810,gal_favor_text_30430800,,,1,,0,,,1,-1,157950
2743,30430810,2,1,gal_name_04,10401,,,0,,,30430820,gal_favor_text_30430810,,,1,,0,,,1,-1,157950
2744,30430820,2,1,,10401,,,0,,,30430830,gal_favor_text_30430820,,,2,,0,,,1,-1,157950
2745,30430830,2,1,player_name,10401,,,0,,,30430840,gal_favor_text_30430830,,,1,,0,,,1,-1,157950
2746,30430840,2,1,player_name,10401,,,0,,,30430850,gal_favor_text_30430840,,,1,,0,,,1,-1,157950
2747,30430850,2,1,gal_name_04,10401,,,0,,,30430860,gal_favor_text_30430850,,,1,,0,,,1,-1,157950
2748,30430860,2,1,gal_name_04,10401,,,0,,,30430870,gal_favor_text_30430860,,,1,,0,,,1,-1,157950
2749,30430870,2,1,,10401,,,0,,,30430880,gal_favor_text_30430870,,,2,,0,,,1,-1,157950
2750,30430880,2,1,player_name,10401,,,0,,,30430890,gal_favor_text_30430880,,,1,,0,,,1,-1,157950
2751,30430890,2,1,player_name,10401,,,0,,,30430900,gal_favor_text_30430890,,,1,,0,,,1,-1,157950
2752,30430900,2,1,,10401,,,0,,,30430910,gal_favor_text_30430900,,,2,,0,,,1,-1,157950
2753,30430910,2,1,player_name,10401,,,0,,,30430920,gal_favor_text_30430910,,,1,,0,,,1,-1,157950
2754,30430920,2,1,gal_name_04,10401,,,0,,,30430930,gal_favor_text_30430920,,,1,,0,,,1,-1,157950
2755,30430930,2,1,player_name,10401,,,0,,,30430940,gal_favor_text_30430930,,,1,,0,,,1,-1,157950
2756,30430940,2,1,,10401,,,0,,,30430950,gal_favor_text_30430940,,,2,,0,,,1,-1,157950
2757,30430950,2,1,gal_name_04,10401,,,0,,,30430960,gal_favor_text_30430950,,,1,,0,,,1,-1,157950
2758,30430960,2,1,player_name,10401,,,0,,,30430970,gal_favor_text_30430960,,,1,,0,,,1,-1,157950
2759,30430970,2,1,gal_name_04,10401,,,0,,,30430980,gal_favor_text_30430970,,,1,,0,,,1,-1,157950
2760,30430980,2,1,player_name,10401,,,0,,,30430990,gal_favor_text_30430980,,,1,,0,,,1,-1,157950
2761,30430990,2,1,gal_name_04,10401,,,0,,,30431000,gal_favor_text_30430990,,,1,,0,,,1,-1,157950
2762,30431000,2,1,player_name,10401,,,0,,,30431010,gal_favor_text_30431000,,,1,,0,,,1,-1,157950
2763,30431010,2,1,player_name,10401,,,0,,,30431020,gal_favor_text_30431010,,,1,,0,,,1,-1,157950
2764,30431020,2,1,player_name,10401,,,0,,,30431030,gal_favor_text_30431020,,,1,,0,,,1,-1,157950
2765,30431030,2,1,,10401,,,0,,,30431040,gal_favor_text_30431030,,,2,,0,,,1,-1,157950
2766,30431040,2,1,player_name,10401,,,0,,,30431050,gal_favor_text_30431040,,,1,,0,,,1,-1,157950
2767,30431050,2,1,gal_name_04,10401,,,0,,,30431060,gal_favor_text_30431050,,,1,,0,,,1,-1,157950
2768,30431060,2,1,,10401,,,0,,,30431070,gal_favor_text_30431060,,,2,,0,,,1,-1,157950
2769,30431070,2,1,,10401,,,0,,,30431080,gal_favor_text_30431070,,,2,,0,,,1,-1,157950
2770,30431080,2,1,gal_name_04,10401,,,0,,,30431090,gal_favor_text_30431080,,,1,,0,,,1,-1,157950
2771,30431090,2,1,player_name,10401,,,0,,,30431100,gal_favor_text_30431090,,,1,,0,,,1,-1,157950
2772,30431100,2,1,gal_name_04,10401,,,0,,,30431110,gal_favor_text_30431100,,,1,,0,,,1,-1,157950
2773,30431110,2,1,player_name,10401,,,0,,,30431120,gal_favor_text_30431110,,,1,,0,,,1,-1,157950
2774,30431120,2,1,,10401,,,0,,,30431130,gal_favor_text_30431120,,,2,,0,,,1,-1,157950
2775,30431130,2,1,gal_name_04,10401,,,0,,,30431140,gal_favor_text_30431130,,,1,,0,,,1,-1,157950
2776,30431140,2,1,player_name,10401,,,0,,,30431150,gal_favor_text_30431140,,,1,,0,,,1,-1,157950
2777,30431150,2,1,gal_name_04,10401,,,0,,,30431160,gal_favor_text_30431150,,,1,,0,,,1,-1,157950
2778,30431160,2,1,,10401,,,0,,,30431170,gal_favor_text_30431160,,,2,,0,,,1,-1,157950
2779,30431170,2,1,,10401,,,0,,,30431180,gal_favor_text_30431170,,,2,,0,,,1,-1,157950
2780,30431180,2,1,player_name,10401,,,0,,,30431190,gal_favor_text_30431180,,,1,,0,,,1,-1,157950
2781,30431190,2,1,gal_name_04,10401,,,0,,,30431200,gal_favor_text_30431190,,,1,,0,,,1,-1,157950
2782,30431200,2,1,,10401,,,0,,,30431210,gal_favor_text_30431200,,,2,,0,,,1,-1,157950
2783,30431210,2,1,gal_name_04,10401,,,0,,,30431220,gal_favor_text_30431210,,,1,,0,,,1,-1,157950
2784,30431220,2,1,,10401,,,0,,,30431230,gal_favor_text_30431220,,,2,,0,,,1,-1,157950
2785,30431230,2,1,,10401,,,0,,,30431240,gal_favor_text_30431230,,,2,,0,,,1,-1,157950
2786,30431240,2,1,player_name,10401,,,0,,,30431250,gal_favor_text_30431240,,,1,,0,,,1,-1,157950
2787,30431250,2,1,,10401,,,0,,,30431260,gal_favor_text_30431250,,,2,,0,,,1,-1,157950
2788,30431260,2,1,gal_name_04,10401,,,0,,,30431270,gal_favor_text_30431260,,,1,,0,,,1,-1,157950
2789,30431270,2,1,player_name,10401,,,0,,,30431280,gal_favor_text_30431270,,,1,,0,,,1,-1,157950
2790,30431280,2,1,,10401,,,0,,,30431290,gal_favor_text_30431280,,,2,,0,,,1,-1,157950
2791,30431290,2,1,player_name,10401,,,0,,,30431300,gal_favor_text_30431290,,,1,,0,,,1,-1,157950
2792,30431300,2,1,gal_name_04,10401,,,0,,,30431310,gal_favor_text_30431300,,,1,,0,,,1,-1,157950
2793,30431310,2,1,,10401,,,0,,,30431320,gal_favor_text_30431310,,,2,,0,,,1,-1,157950
2794,30431320,2,1,gal_name_04,10401,,,0,,,30431330,gal_favor_text_30431320,,,1,,0,,,1,-1,157950
2795,30431330,2,1,player_name,10401,,,0,,,30431340,gal_favor_text_30431330,,,1,,0,,,1,-1,157950
2796,30431340,2,1,gal_name_04,10401,,,0,,,30431350,gal_favor_text_30431340,,,1,,0,,,1,-1,157950
2797,30431350,2,1,gal_name_04,10401,,,0,,,30431360,gal_favor_text_30431350,,,1,,0,,,1,-1,157950
2798,30431360,2,1,gal_name_04,10401,,,0,,,30431370,gal_favor_text_30431360,,,1,,0,,,1,-1,157950
2799,30431370,2,1,player_name,10401,,,0,,,30431380,gal_favor_text_30431370,,,1,,0,,,1,-1,157950
2800,30431380,2,1,gal_name_04,10401,,,0,,,30431390,gal_favor_text_30431380,,,1,,0,,,1,-1,157950
2801,30431390,2,1,player_name,10401,,,0,,,30431400,gal_favor_text_30431390,,,1,,0,,,1,-1,157950
2802,30431400,2,1,gal_name_04,10401,,,0,,,30431410,gal_favor_text_30431400,,,1,,0,,,1,-1,157950
2803,30431410,2,1,player_name,10401,,,0,,,30431420,gal_favor_text_30431410,,,1,,0,,,1,-1,157950
2804,30431420,2,1,gal_name_04,10401,,,0,,,30431430,gal_favor_text_30431420,,,1,,0,,,1,-1,157950
2805,30431430,2,1,gal_name_04,10401,,,0,,,30431440,gal_favor_text_30431430,,,1,,0,,,1,-1,157950
2806,30431440,2,1,,10401,,,0,,,30431450,gal_favor_text_30431440,,,2,,0,,,1,-1,157950
2807,30431450,2,1,gal_name_04,10401,,,0,,,30431460,gal_favor_text_30431450,,,1,,0,,,1,-1,157950
2808,30431460,2,1,gal_name_04,10401,,,0,,,30431470,gal_favor_text_30431460,,,1,,0,,,1,-1,157950
2809,30431470,2,1,gal_name_04,10401,,,0,,,30431480,gal_favor_text_30431470,,,1,,0,,,1,-1,157950
2810,30431480,2,1,gal_name_04,10401,,,0,,,-1,gal_favor_text_30431480,,,1,,0,,,1,-1,157950
2811,30440010,2,1,,10401,,,0,,,30440020,gal_favor_text_30440010,,,2,,2,gal_bg_street_1,gal_bg_room_1,1,-1,157950
2812,30440020,2,1,gal_name_04,10401,,,0,,,30440030,gal_favor_text_30440020,,,1,,0,,,1,-1,157950
2813,30440030,2,1,gal_name_04,10401,,,0,,,30440040,gal_favor_text_30440030,,,1,,0,,,1,-1,157950
2814,30440040,2,1,,10401,,,0,,,30440050,gal_favor_text_30440040,,,2,,0,,,1,-1,157950
2815,30440050,2,1,player_name,10401,,,0,,,30440060,gal_favor_text_30440050,,,1,,0,,,1,-1,157950
2816,30440060,2,1,gal_name_04,10401,,,0,,,30440070,gal_favor_text_30440060,,,1,,0,,,1,-1,157950
2817,30440070,2,1,player_name,10401,,,0,,,30440080,gal_favor_text_30440070,,,1,,0,,,1,-1,157950
2818,30440080,2,1,player_name,10401,,,0,,,30440090,gal_favor_text_30440080,,,1,,0,,,1,-1,157950
2819,30440090,2,1,player_name,10401,,,0,,,30440100,gal_favor_text_30440090,,,1,,0,,,1,-1,157950
2820,30440100,2,1,,10401,,,0,,,30440110,gal_favor_text_30440100,,,2,,0,,,1,-1,157950
2821,30440110,2,1,,10401,,,0,,,30440120,gal_favor_text_30440110,,,2,,0,,,1,-1,157950
2822,30440120,2,1,gal_name_04,10401,,,0,,,30440130,gal_favor_text_30440120,,,1,,0,,,1,-1,157950
2823,30440130,2,1,player_name,10401,,,0,,,30440140,gal_favor_text_30440130,,,1,,0,,,1,-1,157950
2824,30440140,2,1,gal_name_04,10401,,,0,,,30440150,gal_favor_text_30440140,,,1,,0,,,1,-1,157950
2825,30440150,2,1,player_name,10401,,,0,,,30440160,gal_favor_text_30440150,,,1,,0,,,1,-1,157950
2826,30440160,2,1,,10401,,,0,,,30440170,gal_favor_text_30440160,,,2,,0,,,1,-1,157950
2827,30440170,2,1,player_name,10401,,,0,,,30440180,gal_favor_text_30440170,,,1,,0,,,1,-1,157950
2828,30440180,2,1,gal_name_04,10401,,,0,,,30440190,gal_favor_text_30440180,,,1,,0,,,1,-1,157950
2829,30440190,2,1,gal_name_04,10401,,,0,,,30440200,gal_favor_text_30440190,,,1,,0,,,1,-1,157950
2830,30440200,2,1,player_name,10401,,,0,,,30440210,gal_favor_text_30440200,,,1,,0,,,1,-1,157950
2831,30440210,2,1,gal_name_04,10401,,,0,,,30440220,gal_favor_text_30440210,,,1,,0,,,1,-1,157950
2832,30440220,2,1,player_name,10401,,,0,,,30440230,gal_favor_text_30440220,,,1,,0,,,1,-1,157950
2833,30440230,2,1,gal_name_04,10401,,,0,,,30440240,gal_favor_text_30440230,,,1,,0,,,1,-1,157950
2834,30440240,2,1,,10401,,,0,,,30440250,gal_favor_text_30440240,,,2,,0,,,1,-1,157950
2835,30440250,2,1,gal_name_04,10401,,,0,,,30440260,gal_favor_text_30440250,,,1,,0,,,1,-1,157950
2836,30440260,2,1,player_name,10401,,,0,,,30440270,gal_favor_text_30440260,,,1,,0,,,1,-1,157950
2837,30440270,2,1,,10401,,,0,,,30440280,gal_favor_text_30440270,,,2,,0,,,1,-1,157950
2838,30440280,2,1,gal_name_04,10401,,,0,,,30440290,gal_favor_text_30440280,,,1,,0,,,1,-1,157950
2839,30440290,2,1,,10401,,,0,,,30440300,gal_favor_text_30440290,,,2,,0,,,1,-1,157950
2840,30440300,2,1,,10401,,,0,,,30440310,gal_favor_text_30440300,,,2,,0,,,1,-1,157950
2841,30440310,2,1,player_name,10401,,,0,,,30440320,gal_favor_text_30440310,,,1,,0,,,1,-1,157950
2842,30440320,2,1,,10401,,,0,,,30440330,gal_favor_text_30440320,,,2,,0,,,1,-1,157950
2843,30440330,2,1,gal_name_04,10401,,,0,,,30440340,gal_favor_text_30440330,,,1,,0,,,1,-1,157950
2844,30440340,2,1,player_name,10401,,,0,,,30440350,gal_favor_text_30440340,,,1,,0,,,1,-1,157950
2845,30440350,2,1,,10401,,,0,,,30440360,gal_favor_text_30440350,,,2,,0,,,1,-1,157950
2846,30440360,2,1,,10401,,,0,,,30440370,gal_favor_text_30440360,,,2,,0,,,1,-1,157950
2847,30440370,2,1,,10401,,,0,,,30440380,gal_favor_text_30440370,,,2,,0,,,1,-1,157950
2848,30440380,2,1,player_name,10401,,,0,,,30440390,gal_favor_text_30440380,,,1,,0,,,1,-1,157950
2849,30440390,2,1,gal_name_04,10401,,,0,,,30440400,gal_favor_text_30440390,,,1,,0,,,1,-1,157950
2850,30440400,2,1,,10401,,,0,,,30440410,gal_favor_text_30440400,,,2,,0,,,1,-1,157950
2851,30440410,2,1,player_name,10401,,,0,,,30440420,gal_favor_text_30440410,,,1,,0,,,1,-1,157950
2852,30440420,2,1,gal_name_04,10401,,,0,,,30440430,gal_favor_text_30440420,,,1,,0,,,1,-1,157950
2853,30440430,2,1,,10401,,,0,,,30440440,gal_favor_text_30440430,,,2,,0,,,1,-1,157950
2854,30440440,2,1,player_name,10401,,,0,,,30440450,gal_favor_text_30440440,,,1,,0,,,1,-1,157950
2855,30440450,2,1,gal_name_04,10401,,,0,,,30440460,gal_favor_text_30440450,,,1,,0,,,1,-1,157950
2856,30440460,2,1,player_name,10401,,,0,,,30440470,gal_favor_text_30440460,,,1,,0,,,1,-1,157950
2857,30440470,2,1,player_name,10401,,,0,,,30440480,gal_favor_text_30440470,,,1,,0,,,1,-1,157950
2858,30440480,2,1,,10401,,,0,,,30440490,gal_favor_text_30440480,,,2,,0,,,1,-1,157950
2859,30440490,2,1,,10401,,,0,,,30440500,gal_favor_text_30440490,,,2,,0,,,1,-1,157950
2860,30440500,2,1,,10401,,,0,,,30440510,gal_favor_text_30440500,,,2,,0,,,1,-1,157950
2861,30440510,2,1,gal_name_04,10401,,,0,,,30440520,gal_favor_text_30440510,,,1,,0,,,1,-1,157950
2862,30440520,2,1,,10401,,,0,,,30440530,gal_favor_text_30440520,,,2,,0,,,1,-1,157950
2863,30440530,2,1,gal_name_04,10401,,,0,,,30440540,gal_favor_text_30440530,,,1,,0,,,1,-1,157950
2864,30440540,2,1,gal_name_04,10401,,,0,,,30440550,gal_favor_text_30440540,,,1,,0,,,1,-1,157950
2865,30440550,2,1,,10401,,,0,,,30440560,gal_favor_text_30440550,,,2,,0,,,1,-1,157950
2866,30440560,2,1,,10401,,,0,,,30440570,gal_favor_text_30440560,,,2,,0,,,1,-1,157950
2867,30440570,2,1,player_name,10401,,,0,,,30440580,gal_favor_text_30440570,,,1,,0,,,1,-1,157950
2868,30440580,2,1,player_name,10401,,,0,,,30440590,gal_favor_text_30440580,,,1,,0,,,1,-1,157950
2869,30440590,2,1,player_name,10401,,,0,,,30440600,gal_favor_text_30440590,,,1,,0,,,1,-1,157950
2870,30440600,2,1,,10401,,,0,,,30440610,gal_favor_text_30440600,,,2,,0,,,1,-1,157950
2871,30440610,2,1,player_name,10401,,,0,,,30440620,gal_favor_text_30440610,,,1,,0,,,1,-1,157950
2872,30440620,2,1,,10401,,,0,,,30440630,gal_favor_text_30440620,,,2,,0,,,1,-1,157950
2873,30440630,2,1,gal_name_04,10401,,,0,,,30440640,gal_favor_text_30440630,,,1,,0,,,1,-1,157950
2874,30440640,2,1,,10401,,,0,,,30440650,gal_favor_text_30440640,,,2,,0,,,1,-1,157950
2875,30440650,2,1,,10401,,,0,,,30440660,gal_favor_text_30440650,,,2,,0,,,1,-1,157950
2876,30440660,2,1,gal_name_04,10401,,,0,,,30440670,gal_favor_text_30440660,,,1,,0,,,1,-1,157950
2877,30440670,2,1,,10401,,,0,,,30440680,gal_favor_text_30440670,,,2,,0,,,1,-1,157950
2878,30440680,2,1,player_name,10401,,,0,,,30440690,gal_favor_text_30440680,,,1,,0,,,1,-1,157950
2879,30440690,2,1,gal_name_04,10401,,,0,,,30440700,gal_favor_text_30440690,,,1,,0,,,1,-1,157950
2880,30440700,2,1,player_name,10401,,,0,,,30440710,gal_favor_text_30440700,,,1,,0,,,1,-1,157950
2881,30440710,2,1,,10401,,,0,,,30440720,gal_favor_text_30440710,,,2,,0,,,1,-1,157950
2882,30440720,2,1,,10401,,,0,,,30440730,gal_favor_text_30440720,,,2,,0,,,1,-1,157950
2883,30440730,2,1,player_name,10401,,,0,,,30440740,gal_favor_text_30440730,,,1,,0,,,1,-1,157950
2884,30440740,2,1,gal_name_04,10401,,,0,,,30440750,gal_favor_text_30440740,,,1,,0,,,1,-1,157950
2885,30440750,2,1,,10401,,,0,,,30440760,gal_favor_text_30440750,,,2,,0,,,1,-1,157950
2886,30440760,2,1,player_name,10401,,,0,,,30440770,gal_favor_text_30440760,,,1,,0,,,1,-1,157950
2887,30440770,2,1,gal_name_04,10401,,,0,,,30440780,gal_favor_text_30440770,,,1,,0,,,1,-1,157950
2888,30440780,2,1,,10401,,,0,,,30440790,gal_favor_text_30440780,,,2,,0,,,1,-1,157950
2889,30440790,2,1,player_name,10401,,,0,,,30440800,gal_favor_text_30440790,,,1,,0,,,1,-1,157950
2890,30440800,2,1,gal_name_04,10401,,,0,,,30440810,gal_favor_text_30440800,,,1,,0,,,1,-1,157950
2891,30440810,2,1,,10401,,,0,,,30440820,gal_favor_text_30440810,,,2,,0,,,1,-1,157950
2892,30440820,2,1,gal_name_04,10401,,,0,,,30440830,gal_favor_text_30440820,,,1,,0,,,1,-1,157950
2893,30440830,2,1,,10401,,,0,,,30440840,gal_favor_text_30440830,,,2,,0,,,1,-1,157950
2894,30440840,2,1,gal_name_04,10401,,,0,,,30440850,gal_favor_text_30440840,,,1,,0,,,1,-1,157950
2895,30440850,2,1,player_name,10401,,,0,,,30440860,gal_favor_text_30440850,,,1,,0,,,1,-1,157950
2896,30440860,2,1,gal_name_04,10401,,,0,,,30440870,gal_favor_text_30440860,,,1,,0,,,1,-1,157950
2897,30440870,2,1,,10401,,,0,,,30440880,gal_favor_text_30440870,,,2,,0,,,1,-1,157950
2898,30440880,2,1,,10401,,,0,,,30440890,gal_favor_text_30440880,,,2,,0,,,1,-1,157950
2899,30440890,2,1,gal_name_04,10401,,,0,,,30440900,gal_favor_text_30440890,,,1,,0,,,1,-1,157950
2900,30440900,2,1,,10401,,,0,,,30440910,gal_favor_text_30440900,,,2,,0,,,1,-1,157950
2901,30440910,2,1,,10401,,,0,,,30440920,gal_favor_text_30440910,,,2,,0,,,1,-1,157950
2902,30440920,2,1,player_name,10401,,,0,,,30440930,gal_favor_text_30440920,,,1,,0,,,1,-1,157950
2903,30440930,2,1,player_name,10401,,,0,,,30440940,gal_favor_text_30440930,,,1,,0,,,1,-1,157950
2904,30440940,2,1,gal_name_04,10401,,,0,,,30440950,gal_favor_text_30440940,,,1,,0,,,1,-1,157950
2905,30440950,2,1,player_name,10401,,,0,,,30440960,gal_favor_text_30440950,,,1,,0,,,1,-1,157950
2906,30440960,2,1,,10401,,,0,,,30440970,gal_favor_text_30440960,,,2,,0,,,1,-1,157950
2907,30440970,2,1,,10401,,,0,,,30440980,gal_favor_text_30440970,,,2,,0,,,1,-1,157950
2908,30440980,2,1,gal_name_04,10401,,,0,,,30440990,gal_favor_text_30440980,,,1,,0,,,1,-1,157950
2909,30440990,2,1,player_name,10401,,,0,,,30441000,gal_favor_text_30440990,,,1,,0,,,1,-1,157950
2910,30441000,2,1,gal_name_04,10401,,,0,,,30441010,gal_favor_text_30441000,,,1,,0,,,1,-1,157950
2911,30441010,2,1,,10401,,,0,,,30441020,gal_favor_text_30441010,,,2,,0,,,1,-1,157950
2912,30441020,2,1,,10401,,,0,,,30441030,gal_favor_text_30441020,,,2,,0,,,1,-1,157950
2913,30441030,2,1,gal_name_04,10401,,,0,,,30441040,gal_favor_text_30441030,,,1,,0,,,1,-1,157950
2914,30441040,2,1,player_name,10401,,,0,,,30441050,gal_favor_text_30441040,,,1,,0,,,1,-1,157950
2915,30441050,2,1,gal_name_04,10401,,,0,,,30441060,gal_favor_text_30441050,,,1,,0,,,1,-1,157950
2916,30441060,2,1,player_name,10401,,,0,,,30441070,gal_favor_text_30441060,,,1,,0,,,1,-1,157950
2917,30441070,2,1,,10401,,,0,,,30441080,gal_favor_text_30441070,,,2,,0,,,1,-1,157950
2918,30441080,2,1,gal_name_04,10401,,,0,,,30441090,gal_favor_text_30441080,,,1,,0,,,1,-1,157950
2919,30441090,2,1,,10401,,,0,,,30441100,gal_favor_text_30441090,,,2,,0,,,1,-1,157950
2920,30441100,2,1,,10401,,,0,,,30441110,gal_favor_text_30441100,,,2,,0,,,1,-1,157950
2921,30441110,2,1,,10401,,,0,,,30441120,gal_favor_text_30441110,,,2,,0,,,1,-1,157950
2922,30441120,2,1,,10401,,,0,,,30441130,gal_favor_text_30441120,,,2,,0,,,1,-1,157950
2923,30441130,2,1,gal_name_04,10401,,,0,,,30441140,gal_favor_text_30441130,,,1,,0,,,1,-1,157950
2924,30441140,2,1,player_name,10401,,,0,,,30441150,gal_favor_text_30441140,,,1,,0,,,1,-1,157950
2925,30441150,2,1,gal_name_04,10401,,,0,,,30441160,gal_favor_text_30441150,,,1,,0,,,1,-1,157950
2926,30441160,2,1,player_name,10401,,,0,,,30441170,gal_favor_text_30441160,,,1,,0,,,1,-1,157950
2927,30441170,2,1,gal_name_04,10401,,,0,,,30441180,gal_favor_text_30441170,,,1,,0,,,1,-1,157950
2928,30441180,2,1,,10401,,,0,,,30441190,gal_favor_text_30441180,,,2,,0,,,1,-1,157950
2929,30441190,2,1,,10401,,,0,,,30441200,gal_favor_text_30441190,,,2,,0,,,1,-1,157950
2930,30441200,2,1,gal_name_04,10401,,,0,,,30441210,gal_favor_text_30441200,,,1,,0,,,1,-1,157950
2931,30441210,2,1,,10401,,,0,,,30441220,gal_favor_text_30441210,,,2,,0,,,1,-1,157950
2932,30441220,2,1,player_name,10401,,,0,,,30441230,gal_favor_text_30441220,,,1,,0,,,1,-1,157950
2933,30441230,2,1,gal_name_04,10401,,,0,,,30441240,gal_favor_text_30441230,,,1,,0,,,1,-1,157950
2934,30441240,2,1,player_name,10401,,,0,,,30441250,gal_favor_text_30441240,,,1,,0,,,1,-1,157950
2935,30441250,2,1,gal_name_04,10401,,,0,,,30441260,gal_favor_text_30441250,,,1,,0,,,1,-1,157950
2936,30441260,2,1,player_name,10401,,,0,,,30441270,gal_favor_text_30441260,,,1,,0,,,1,-1,157950
2937,30441270,2,1,gal_name_04,10401,,,0,,,30441280,gal_favor_text_30441270,,,1,,0,,,1,-1,157950
2938,30441280,2,1,,10401,,,0,,,30441290,gal_favor_text_30441280,,,2,,0,,,1,-1,157950
2939,30441290,2,1,gal_name_04,10401,,,0,,,30441300,gal_favor_text_30441290,,,1,,0,,,1,-1,157950
2940,30441300,2,1,,10401,,,0,,,30441310,gal_favor_text_30441300,,,2,,0,,,1,-1,157950
2941,30441310,2,1,player_name,10401,,,0,,,30441320,gal_favor_text_30441310,,,1,,0,,,1,-1,157950
2942,30441320,2,1,gal_name_04,10401,,,0,,,30441330,gal_favor_text_30441320,,,1,,0,,,1,-1,157950
2943,30441330,2,1,player_name,10401,,,0,,,30441340,gal_favor_text_30441330,,,1,,0,,,1,-1,157950
2944,30441340,2,1,,10401,,,0,,,30441350,gal_favor_text_30441340,,,2,,0,,,1,-1,157950
2945,30441350,2,1,gal_name_04,10401,,,0,,,30441360,gal_favor_text_30441350,,,1,,0,,,1,-1,157950
2946,30441360,2,1,player_name,10401,,,0,,,30441370,gal_favor_text_30441360,,,1,,0,,,1,-1,157950
2947,30441370,2,1,,10401,,,0,,,30441380,gal_favor_text_30441370,,,2,,0,,,1,-1,157950
2948,30441380,2,1,,10401,,,0,,,30441390,gal_favor_text_30441380,,,2,,0,,,1,-1,157950
2949,30441390,2,1,player_name,10401,,,0,,,30441400,gal_favor_text_30441390,,,1,,0,,,1,-1,157950
2950,30441400,2,1,gal_name_04,10401,,,0,,,30441410,gal_favor_text_30441400,,,1,,0,,,1,-1,157950
2951,30441410,2,1,,10401,,,0,,,30441420,gal_favor_text_30441410,,,2,,0,,,1,-1,157950
2952,30441420,2,1,,10401,,,0,,,30441430,gal_favor_text_30441420,,,2,,0,,,1,-1,157950
2953,30441430,2,1,gal_name_04,10401,,,0,,,30441440,gal_favor_text_30441430,,,1,,0,,,1,-1,157950
2954,30441440,2,1,player_name,10401,,,0,,,30441450,gal_favor_text_30441440,,,1,,0,,,1,-1,157950
2955,30441450,2,1,,10401,,,0,,,30441460,gal_favor_text_30441450,,,2,,0,,,1,-1,157950
2956,30441460,2,1,,10401,,,0,,,30441470,gal_favor_text_30441460,,,2,,0,,,1,-1,157950
2957,30441470,2,1,gal_name_04,10401,,,0,,,30441480,gal_favor_text_30441470,,,1,,0,,,1,-1,157950
2958,30441480,2,1,player_name,10401,,,0,,,30441490,gal_favor_text_30441480,,,1,,0,,,1,-1,157950
2959,30441490,2,1,,10401,,,0,,,30441500,gal_favor_text_30441490,,,2,,0,,,1,-1,157950
2960,30441500,2,1,,10401,,,0,,,30441510,gal_favor_text_30441500,,,2,,0,,,1,-1,157950
2961,30441510,2,1,player_name,10401,,,0,,,-1,gal_favor_text_30441510,,,1,,0,,,1,-1,157950
2962,30450010,2,1,,10401,,,0,,,30450020,gal_favor_text_30450010,,,2,,2,gal_bg_station_1,gal_bg_room_1,1,-1,157950
2963,30450020,2,1,player_name,10401,,,0,,,30450030,gal_favor_text_30450020,,,1,,0,,,1,-1,157950
2964,30450030,2,1,player_name,10401,,,0,,,30450040,gal_favor_text_30450030,,,1,,0,,,1,-1,157950
2965,30450040,2,1,,10401,,,0,,,30450050,gal_favor_text_30450040,,,2,,0,,,1,-1,157950
2966,30450050,2,1,player_name,10401,,,0,,,30450060,gal_favor_text_30450050,,,1,,0,,,1,-1,157950
2967,30450060,2,1,gal_name_04,10401,,,0,,,30450070,gal_favor_text_30450060,,,1,,0,,,1,-1,157950
2968,30450070,2,1,,10401,,,0,,,30450080,gal_favor_text_30450070,,,2,,0,,,1,-1,157950
2969,30450080,2,1,player_name,10401,,,0,,,30450090,gal_favor_text_30450080,,,1,,0,,,1,-1,157950
2970,30450090,2,1,gal_name_04,10401,,,0,,,30450100,gal_favor_text_30450090,,,1,,0,,,1,-1,157950
2971,30450100,2,1,player_name,10401,,,0,,,30450110,gal_favor_text_30450100,,,1,,0,,,1,-1,157950
2972,30450110,2,1,gal_name_04,10401,,,0,,,30450120,gal_favor_text_30450110,,,1,,0,,,1,-1,157950
2973,30450120,2,1,,10401,,,0,,,30450130,gal_favor_text_30450120,,,2,,0,,,1,-1,157950
2974,30450130,2,1,player_name,10401,,,0,,,30450140,gal_favor_text_30450130,,,1,,0,,,1,-1,157950
2975,30450140,2,1,gal_name_04,10401,,,0,,,30450150,gal_favor_text_30450140,,,1,,0,,,1,-1,157950
2976,30450150,2,1,player_name,10401,,,0,,,30450160,gal_favor_text_30450150,,,1,,0,,,1,-1,157950
2977,30450160,2,1,gal_name_04,10401,,,0,,,30450170,gal_favor_text_30450160,,,1,,0,,,1,-1,157950
2978,30450170,2,1,player_name,10401,,,0,,,30450180,gal_favor_text_30450170,,,1,,0,,,1,-1,157950
2979,30450180,2,1,gal_name_04,10401,,,0,,,30450190,gal_favor_text_30450180,,,1,,0,,,1,-1,157950
2980,30450190,2,1,player_name,10401,,,0,,,30450200,gal_favor_text_30450190,,,1,,0,,,1,-1,157950
2981,30450200,2,1,gal_name_04,10401,,,0,,,30450210,gal_favor_text_30450200,,,1,,0,,,1,-1,157950
2982,30450210,2,1,player_name,10401,,,0,,,30450220,gal_favor_text_30450210,,,1,,0,,,1,-1,157950
2983,30450220,2,1,,10401,,,0,,,30450230,gal_favor_text_30450220,,,2,,0,,,1,-1,157950
2984,30450230,2,1,gal_name_04,10401,,,0,,,30450240,gal_favor_text_30450230,,,1,,0,,,1,-1,157950
2985,30450240,2,1,player_name,10401,,,0,,,30450250,gal_favor_text_30450240,,,1,,0,,,1,-1,157950
2986,30450250,2,1,gal_name_04,10401,,,0,,,30450260,gal_favor_text_30450250,,,1,,0,,,1,-1,157950
2987,30450260,2,1,gal_name_04,10401,,,0,,,30450270,gal_favor_text_30450260,,,1,,0,,,1,-1,157950
2988,30450270,2,1,player_name,10401,,,0,,,30450280,gal_favor_text_30450270,,,1,,0,,,1,-1,157950
2989,30450280,2,1,gal_name_04,10401,,,0,,,30450290,gal_favor_text_30450280,,,1,,0,,,1,-1,157950
2990,30450290,2,1,player_name,10401,,,0,,,30450300,gal_favor_text_30450290,,,1,,0,,,1,-1,157950
2991,30450300,2,1,,10401,,,0,,,30450310,gal_favor_text_30450300,,,2,,0,,,1,-1,157950
2992,30450310,2,1,gal_name_04,10401,,,0,,,30450320,gal_favor_text_30450310,,,1,,0,,,1,-1,157950
2993,30450320,2,1,player_name,10401,,,0,,,30450330,gal_favor_text_30450320,,,1,,0,,,1,-1,157950
2994,30450330,2,1,,10401,,,0,,,30450340,gal_favor_text_30450330,,,2,,0,,,1,-1,157950
2995,30450340,2,1,,10401,,,0,,,30450350,gal_favor_text_30450340,,,2,,0,,,1,-1,157950
2996,30450350,2,1,,10401,,,0,,,30450360,gal_favor_text_30450350,,,2,,0,,,1,-1,157950
2997,30450360,2,1,gal_name_04,10401,,,0,,,30450370,gal_favor_text_30450360,,,1,,0,,,1,-1,157950
2998,30450370,2,1,player_name,10401,,,0,,,30450380,gal_favor_text_30450370,,,1,,0,,,1,-1,157950
2999,30450380,2,1,gal_name_04,10401,,,0,,,30450390,gal_favor_text_30450380,,,1,,0,,,1,-1,157950
3000,30450390,2,1,,10401,,,0,,,30450400,gal_favor_text_30450390,,,2,,0,,,1,-1,157950
3001,30450400,2,1,player_name,10401,,,0,,,30450410,gal_favor_text_30450400,,,1,,0,,,1,-1,157950
3002,30450410,2,1,gal_name_04,10401,,,0,,,30450420,gal_favor_text_30450410,,,1,,0,,,1,-1,157950
3003,30450420,2,1,player_name,10401,,,0,,,30450430,gal_favor_text_30450420,,,1,,0,,,1,-1,157950
3004,30450430,2,1,,10401,,,0,,,30450440,gal_favor_text_30450430,,,2,,0,,,1,-1,157950
3005,30450440,2,1,gal_name_04,10401,,,0,,,30450450,gal_favor_text_30450440,,,1,,0,,,1,-1,157950
3006,30450450,2,1,player_name,10401,,,0,,,30450460,gal_favor_text_30450450,,,1,,0,,,1,-1,157950
3007,30450460,2,1,gal_name_04,10401,,,0,,,30450470,gal_favor_text_30450460,,,1,,0,,,1,-1,157950
3008,30450470,2,1,player_name,10401,,,0,,,30450480,gal_favor_text_30450470,,,1,,0,,,1,-1,157950
3009,30450480,2,1,,10401,,,0,,,30450490,gal_favor_text_30450480,,,2,,0,gal_bg_room_1,,1,-1,157950
3010,30450490,2,1,gal_name_04,10401,,,0,,,30450500,gal_favor_text_30450490,,,1,,0,,,1,-1,157950
3011,30450500,2,1,player_name,10401,,,0,,,30450510,gal_favor_text_30450500,,,1,,0,,,1,-1,157950
3012,30450510,2,1,,10401,,,0,,,30450520,gal_favor_text_30450510,,,2,,0,,,1,-1,157950
3013,30450520,2,1,gal_name_04,10401,,,0,,,30450530,gal_favor_text_30450520,,,1,,0,,,1,-1,157950
3014,30450530,2,1,player_name,10401,,,0,,,30450540,gal_favor_text_30450530,,,1,,0,,,1,-1,157950
3015,30450540,2,1,gal_name_04,10401,,,0,,,30450550,gal_favor_text_30450540,,,1,,0,,,1,-1,157950
3016,30450550,2,1,,10401,,,0,,,30450560,gal_favor_text_30450550,,,2,,0,,,1,-1,157950
3017,30450560,2,1,gal_name_04,10401,,,0,,,30450570,gal_favor_text_30450560,,,1,,0,,,1,-1,157950
3018,30450570,2,1,,10401,,,0,,,30450580,gal_favor_text_30450570,,,2,,0,,,1,-1,157950
3019,30450580,2,1,player_name,10401,,,0,,,30450590,gal_favor_text_30450580,,,1,,0,,,1,-1,157950
3020,30450590,2,1,,10401,,,0,,,30450600,gal_favor_text_30450590,,,2,,0,,,1,-1,157950
3021,30450600,2,1,gal_name_04,10401,,,0,,,30450610,gal_favor_text_30450600,,,1,,0,,,1,-1,157950
3022,30450610,2,1,gal_name_04,10401,,,0,,,30450620,gal_favor_text_30450610,,,1,,0,,,1,-1,157950
3023,30450620,2,1,player_name,10401,,,0,,,30450630,gal_favor_text_30450620,,,1,,0,,,1,-1,157950
3024,30450630,2,1,,10401,,,0,,,30450640,gal_favor_text_30450630,,,2,,0,,,1,-1,157950
3025,30450640,2,1,gal_name_04,10401,,,0,,,30450650,gal_favor_text_30450640,,,1,,0,,,1,-1,157950
3026,30450650,2,1,player_name,10401,,,0,,,30450660,gal_favor_text_30450650,,,1,,0,,,1,-1,157950
3027,30450660,2,1,gal_name_04,10401,,,0,,,30450670,gal_favor_text_30450660,,,1,,0,,,1,-1,157950
3028,30450670,2,1,,10401,,,0,,,30450680,gal_favor_text_30450670,,,2,,0,,,1,-1,157950
3029,30450680,2,1,gal_name_04,10401,,,0,,,30450690,gal_favor_text_30450680,,,1,,0,,,1,-1,157950
3030,30450690,2,1,gal_name_04,10401,,,0,,,30450700,gal_favor_text_30450690,,,1,,0,,,1,-1,157950
3031,30450700,2,1,player_name,10401,,,0,,,30450710,gal_favor_text_30450700,,,1,,0,,,1,-1,157950
3032,30450710,2,1,gal_name_04,10401,,,0,,,30450720,gal_favor_text_30450710,,,1,,0,,,1,-1,157950
3033,30450720,2,1,,10401,,,0,,,30450730,gal_favor_text_30450720,,,2,,0,,,1,-1,157950
3034,30450730,2,1,player_name,10401,,,0,,,30450740,gal_favor_text_30450730,,,1,,0,,,1,-1,157950
3035,30450740,2,1,,10401,,,0,,,30450750,gal_favor_text_30450740,,,2,,0,,,1,-1,157950
3036,30450750,2,1,gal_name_04,10401,,,0,,,30450760,gal_favor_text_30450750,,,1,,0,,,1,-1,157950
3037,30450760,2,1,player_name,10401,,,0,,,30450770,gal_favor_text_30450760,,,1,,0,,,1,-1,157950
3038,30450770,2,1,,10401,,,0,,,30450780,gal_favor_text_30450770,,,2,,0,,,1,-1,157950
3039,30450780,2,1,gal_name_04,10401,,,0,,,30450790,gal_favor_text_30450780,,,1,,0,,,1,-1,157950
3040,30450790,2,1,player_name,10401,,,0,,,30450800,gal_favor_text_30450790,,,1,,0,,,1,-1,157950
3041,30450800,2,1,,10401,,,0,,,30450810,gal_favor_text_30450800,,,2,,0,,,1,-1,157950
3042,30450810,2,1,player_name,10401,,,0,,,30450820,gal_favor_text_30450810,,,1,,0,,,1,-1,157950
3043,30450820,2,1,gal_name_04,10401,,,0,,,30450830,gal_favor_text_30450820,,,1,,0,,,1,-1,157950
3044,30450830,2,1,,10401,,,0,,,30450840,gal_favor_text_30450830,,,2,,0,,,1,-1,157950
3045,30450840,2,1,,10401,,,0,,,30450850,gal_favor_text_30450840,,,2,,0,,,1,-1,157950
3046,30450850,2,1,,10401,,,0,,,30450860,gal_favor_text_30450850,,,2,,0,,,1,-1,157950
3047,30450860,2,1,player_name,10401,,,0,,,30450870,gal_favor_text_30450860,,,1,,0,,,1,-1,157950
3048,30450870,2,1,player_name,10401,,,0,,,30450880,gal_favor_text_30450870,,,1,,0,,,1,-1,157950
3049,30450880,2,1,,10401,,,0,,,30450890,gal_favor_text_30450880,,,2,,0,,,1,-1,157950
3050,30450890,2,1,gal_name_04,10401,,,0,,,30450900,gal_favor_text_30450890,,,1,,0,,,1,-1,157950
3051,30450900,2,1,,10401,,,0,,,30450910,gal_favor_text_30450900,,,2,,0,,,1,-1,157950
3052,30450910,2,1,player_name,10401,,,0,,,30450920,gal_favor_text_30450910,,,1,,0,,,1,-1,157950
3053,30450920,2,1,,10401,,,0,,,30450930,gal_favor_text_30450920,,,2,,0,,,1,-1,157950
3054,30450930,2,1,gal_name_04,10401,,,0,,,30450940,gal_favor_text_30450930,,,1,,0,,,1,-1,157950
3055,30450940,2,1,player_name,10401,,,0,,,30450950,gal_favor_text_30450940,,,1,,0,,,1,-1,157950
3056,30450950,2,1,gal_name_04,10401,,,0,,,30450960,gal_favor_text_30450950,,,1,,0,,,1,-1,157950
3057,30450960,2,1,gal_name_04,10401,,,0,,,30450970,gal_favor_text_30450960,,,1,,0,,,1,-1,157950
3058,30450970,2,1,,10401,,,0,,,30450980,gal_favor_text_30450970,,,2,,0,,,1,-1,157950
3059,30450980,2,1,player_name,10401,,,0,,,30450990,gal_favor_text_30450980,,,1,,0,,,1,-1,157950
3060,30450990,2,1,,10401,,,0,,,30451000,gal_favor_text_30450990,,,2,,0,,,1,-1,157950
3061,30451000,2,1,gal_name_04,10401,,,0,,,30451010,gal_favor_text_30451000,,,1,,0,,,1,-1,157950
3062,30451010,2,1,,10401,,,0,,,30451020,gal_favor_text_30451010,,,2,,0,,,1,-1,157950
3063,30451020,2,1,gal_name_04,10401,,,0,,,30451030,gal_favor_text_30451020,,,1,,0,,,1,-1,157950
3064,30451030,2,1,,10401,,,0,,,30451040,gal_favor_text_30451030,,,2,,0,,,1,-1,157950
3065,30451040,2,1,,10401,,,0,,,30451050,gal_favor_text_30451040,,,2,,0,,,1,-1,157950
3066,30451050,2,1,player_name,10401,,,0,,,30451060,gal_favor_text_30451050,,,1,,0,,,1,-1,157950
3067,30451060,2,1,,10401,,,0,,,30451070,gal_favor_text_30451060,,,2,,0,,,1,-1,157950
3068,30451070,2,1,gal_name_04,10401,,,0,,,30451080,gal_favor_text_30451070,,,1,,0,,,1,-1,157950
3069,30451080,2,1,,10401,,,0,,,30451090,gal_favor_text_30451080,,,2,,0,,,1,-1,157950
3070,30451090,2,1,player_name,10401,,,0,,,30451100,gal_favor_text_30451090,,,1,,0,,,1,-1,157950
3071,30451100,2,1,gal_name_04,10401,,,0,,,30451110,gal_favor_text_30451100,,,1,,0,,,1,-1,157950
3072,30451110,2,1,,10401,,,0,,,30451120,gal_favor_text_30451110,,,2,,0,,,1,-1,157950
3073,30451120,2,1,player_name,10401,,,0,,,30451130,gal_favor_text_30451120,,,1,,0,,,1,-1,157950
3074,30451130,2,1,,10401,,,0,,,30451140,gal_favor_text_30451130,,,2,,0,,,1,-1,157950
3075,30451140,2,1,gal_name_04,10401,,,0,,,30451150,gal_favor_text_30451140,,,1,,0,,,1,-1,157950
3076,30451150,2,1,player_name,10401,,,0,,,30451160,gal_favor_text_30451150,,,1,,0,,,1,-1,157950
3077,30451160,2,1,,10401,,,0,,,30451170,gal_favor_text_30451160,,,2,,0,,,1,-1,157950
3078,30451170,2,1,,10401,,,0,,,30451180,gal_favor_text_30451170,,,2,,0,,,1,-1,157950
3079,30451180,2,1,gal_name_29,10401,,,0,,,30451190,gal_favor_text_30451180,,,1,,0,,,1,-1,157950
3080,30451190,2,1,,10401,,,0,,,30451200,gal_favor_text_30451190,,,2,,0,,,1,-1,157950
3081,30451200,2,1,gal_name_04,10401,,,0,,,30451210,gal_favor_text_30451200,,,1,,0,,,1,-1,157950
3082,30451210,2,1,,10401,,,0,,,30451220,gal_favor_text_30451210,,,2,,0,,,1,-1,157950
3083,30451220,2,1,gal_name_29,10401,,,0,,,30451230,gal_favor_text_30451220,,,1,,0,,,1,-1,157950
3084,30451230,2,1,gal_name_04,10401,,,0,,,30451240,gal_favor_text_30451230,,,1,,0,,,1,-1,157950
3085,30451240,2,1,gal_name_29,10401,,,0,,,30451250,gal_favor_text_30451240,,,1,,0,,,1,-1,157950
3086,30451250,2,1,gal_name_04,10401,,,0,,,30451260,gal_favor_text_30451250,,,1,,0,,,1,-1,157950
3087,30451260,2,1,,10401,,,0,,,30451270,gal_favor_text_30451260,,,2,,0,,,1,-1,157950
3088,30451270,2,1,,10401,,,0,,,30451280,gal_favor_text_30451270,,,2,,0,,,1,-1,157950
3089,30451280,2,1,gal_name_29,10401,,,0,,,30451290,gal_favor_text_30451280,,,1,,0,,,1,-1,157950
3090,30451290,2,1,,10401,,,0,,,30451300,gal_favor_text_30451290,,,2,,0,,,1,-1,157950
3091,30451300,2,1,gal_name_04,10401,,,0,,,30451310,gal_favor_text_30451300,,,1,,0,,,1,-1,157950
3092,30451310,2,1,,10401,,,0,,,30451320,gal_favor_text_30451310,,,2,,0,,,1,-1,157950
3093,30451320,2,1,,10401,,,0,,,30451330,gal_favor_text_30451320,,,2,,0,,,1,-1,157950
3094,30451330,2,1,gal_name_29,10401,,,0,,,30451340,gal_favor_text_30451330,,,1,,0,,,1,-1,157950
3095,30451340,2,1,,10401,,,0,,,30451350,gal_favor_text_30451340,,,2,,0,,,1,-1,157950
3096,30451350,2,1,,10401,,,0,,,30451360,gal_favor_text_30451350,,,2,,0,,,1,-1,157950
3097,30451360,2,1,,10401,,,0,,,30451370,gal_favor_text_30451360,,,2,,0,,,1,-1,157950
3098,30451370,2,1,gal_name_04,10401,,,0,,,30451380,gal_favor_text_30451370,,,1,,0,,,1,-1,157950
3099,30451380,2,1,,10401,,,0,,,30451390,gal_favor_text_30451380,,,2,,0,,,1,-1,157950
3100,30451390,2,1,player_name,10401,,,0,,,30451400,gal_favor_text_30451390,,,1,,0,,,1,-1,157950
3101,30451400,2,1,gal_name_04,10401,,,0,,,30451410,gal_favor_text_30451400,,,1,,0,,,1,-1,157950
3102,30451410,2,1,,10401,,,0,,,30451420,gal_favor_text_30451410,,,2,,0,,,1,-1,157950
3103,30451420,2,1,gal_name_04,10401,,,0,,,30451430,gal_favor_text_30451420,,,1,,0,,,1,-1,157950
3104,30451430,2,1,gal_name_04,10401,,,0,,,30451440,gal_favor_text_30451430,,,1,,0,,,1,-1,157950
3105,30451440,2,1,,10401,,,0,,,30451450,gal_favor_text_30451440,,,2,,0,,,1,-1,157950
3106,30451450,2,1,,10401,,,0,,,30451460,gal_favor_text_30451450,,,2,,0,,,1,-1,157950
3107,30451460,2,1,player_name,10401,,,0,,,30451470,gal_favor_text_30451460,,,1,,0,,,1,-1,157950
3108,30451470,2,1,gal_name_04,10401,,,0,,,30451480,gal_favor_text_30451470,,,1,,0,,,1,-1,157950
3109,30451480,2,1,gal_name_04,10401,,,0,,,30451490,gal_favor_text_30451480,,,1,,0,,,1,-1,157950
3110,30451490,2,1,,10401,,,0,,,30451500,gal_favor_text_30451490,,,2,,0,,,1,-1,157950
3111,30451500,2,1,gal_name_04,10401,,,0,,,30451510,gal_favor_text_30451500,,,1,,0,,,1,-1,157950
3112,30451510,2,1,player_name,10401,,,0,,,30451520,gal_favor_text_30451510,,,1,,0,,,1,-1,157950
3113,30451520,2,1,gal_name_04,10401,,,0,,,30451530,gal_favor_text_30451520,,,1,,0,,,1,-1,157950
3114,30451530,2,1,,10401,,,0,,,30451540,gal_favor_text_30451530,,,2,,0,,,1,-1,157950
3115,30451540,2,1,gal_name_04,10401,,,0,,,30451550,gal_favor_text_30451540,,,1,,0,,,1,-1,157950
3116,30451550,2,1,,10401,,,0,,,30451560,gal_favor_text_30451550,,,2,,0,,,1,-1,157950
3117,30451560,2,1,gal_name_04,10401,,,0,,,30451570,gal_favor_text_30451560,,,1,,0,,,1,-1,157950
3118,30451570,2,1,gal_name_04,10401,,,0,,,30451580,gal_favor_text_30451570,,,1,,0,,,1,-1,157950
3119,30451580,2,1,player_name,10401,,,0,,,30451590,gal_favor_text_30451580,,,1,,0,,,1,-1,157950
3120,30451590,2,1,gal_name_04,10401,,,0,,,30451600,gal_favor_text_30451590,,,1,,0,,,1,-1,157950
3121,30451600,2,1,player_name,10401,,,0,,,30451610,gal_favor_text_30451600,,,1,,0,,,1,-1,157950
3122,30451610,2,1,gal_name_04,10401,,,0,,,30451620,gal_favor_text_30451610,,,1,,0,,,1,-1,157950
3123,30451620,2,1,,10401,,,0,,,30451630,gal_favor_text_30451620,,,2,,0,,,1,-1,157950
3124,30451630,2,1,player_name,10401,,,0,,,30451640,gal_favor_text_30451630,,,1,,0,,,1,-1,157950
3125,30451640,2,1,gal_name_04,10401,,,0,,,30451650,gal_favor_text_30451640,,,1,,0,,,1,-1,157950
3126,30451650,2,1,,10401,,,0,,,30451660,gal_favor_text_30451650,,,2,,0,,,1,-1,157950
3127,30451660,2,1,gal_name_04,10401,,,0,,,-1,gal_favor_text_30451660,,,1,,0,,,1,-1,157950
3128,30510010,2,1,,10501,,,0,,,30510020,gal_favor_text_30510010,,,2,,2,gal_bg_room_1,gal_bg_room_1,1,-1,157950
3129,30510020,2,1,player_name,10501,,,0,,,30510030,gal_favor_text_30510020,,,1,,0,,,1,-1,157950
3130,30510030,2,1,player_name,10501,,,0,,,30510040,gal_favor_text_30510030,,,1,,0,,,1,-1,157950
3131,30510040,2,1,player_name,10501,,,0,,,30510050,gal_favor_text_30510040,,,1,,0,,,1,-1,157950
3132,30510050,2,1,gal_name_05,10501,,,0,,,30510060,gal_favor_text_30510050,,,1,,0,,,1,-1,157950
3133,30510060,2,1,player_name,10501,,,0,,,30510070,gal_favor_text_30510060,,,1,,0,,,1,-1,157950
3134,30510070,2,1,gal_name_05,10501,,,0,,,30510080,gal_favor_text_30510070,,,1,,0,,,1,-1,157950
3135,30510080,2,1,gal_name_05,10501,,,0,,,30510090,gal_favor_text_30510080,,,1,,0,,,1,-1,157950
3136,30510090,2,1,gal_name_05,10501,,,0,,,30510100,gal_favor_text_30510090,,,1,,0,,,1,-1,157950
3137,30510100,2,1,player_name,10501,,,0,,,30510110,gal_favor_text_30510100,,,1,,0,,,1,-1,157950
3138,30510110,2,1,gal_name_05,10501,,,0,,,30510120,gal_favor_text_30510110,,,1,,0,,,1,-1,157950
3139,30510120,2,1,player_name,10501,,,0,,,30510130,gal_favor_text_30510120,,,1,,0,,,1,-1,157950
3140,30510130,2,1,gal_name_05,10501,,,0,,,30510140,gal_favor_text_30510130,,,1,,0,,,1,-1,157950
3141,30510140,2,1,player_name,10501,,,0,,,30510150,gal_favor_text_30510140,,,1,,0,,,1,-1,157950
3142,30510150,2,1,gal_name_05,10501,,,0,,,30510160,gal_favor_text_30510150,,,1,,0,,,1,-1,157950
3143,30510160,2,1,gal_name_05,10501,,,0,,,30510170,gal_favor_text_30510160,,,1,,0,,,1,-1,157950
3144,30510170,2,1,gal_name_05,10501,,,0,,,30510180,gal_favor_text_30510170,,,1,,0,,,1,-1,157950
3145,30510180,2,1,gal_name_05,10501,,,0,,,30510190,gal_favor_text_30510180,,,1,,0,,,1,-1,157950
3146,30510190,2,1,gal_name_05,10501,,,0,,,30510200,gal_favor_text_30510190,,,1,,0,,,1,-1,157950
3147,30510200,2,1,gal_name_05,10501,,,0,,,30510210,gal_favor_text_30510200,,,1,,0,,,1,-1,157950
3148,30510210,2,1,gal_name_05,10501,,,0,,,30510220,gal_favor_text_30510210,,,1,,0,,,1,-1,157950
3149,30510220,2,1,gal_name_05,10501,,,0,,,30510230,gal_favor_text_30510220,,,1,,0,,,1,-1,157950
3150,30510230,2,1,gal_name_05,10501,,,0,,,30510240,gal_favor_text_30510230,,,1,,0,,,1,-1,157950
3151,30510240,2,1,player_name,10501,,,0,,,30510250,gal_favor_text_30510240,,,1,,0,,,1,-1,157950
3152,30510250,2,1,player_name,10501,,,0,,,30510260,gal_favor_text_30510250,,,1,,0,,,1,-1,157950
3153,30510260,2,1,gal_name_05,10501,,,0,,,30510270,gal_favor_text_30510260,,,1,,0,,,1,-1,157950
3154,30510270,2,1,gal_name_05,10501,,,0,,,30510280,gal_favor_text_30510270,,,1,,0,,,1,-1,157950
3155,30510280,2,1,gal_name_05,10501,,,0,,,30510290,gal_favor_text_30510280,,,1,,0,,,1,-1,157950
3156,30510290,2,1,player_name,10501,,,0,,,30510300,gal_favor_text_30510290,,,1,,0,,,1,-1,157950
3157,30510300,2,1,gal_name_05,10501,,,0,,,30510310,gal_favor_text_30510300,,,1,,0,,,1,-1,157950
3158,30510310,2,1,gal_name_05,10501,,,0,,,30510320,gal_favor_text_30510310,,,1,,0,,,1,-1,157950
3159,30510320,2,1,gal_name_05,10501,,,0,,,30510330,gal_favor_text_30510320,,,1,,0,,,1,-1,157950
3160,30510330,2,1,player_name,10501,,,0,,,30510340,gal_favor_text_30510330,,,1,,0,,,1,-1,157950
3161,30510340,2,1,player_name,10501,,,0,,,30510350,gal_favor_text_30510340,,,1,,0,,,1,-1,157950
3162,30510350,2,1,gal_name_05,10501,,,0,,,30510360,gal_favor_text_30510350,,,1,,0,,,1,-1,157950
3163,30510360,2,1,gal_name_05,10501,,,0,,,30510370,gal_favor_text_30510360,,,1,,0,,,1,-1,157950
3164,30510370,2,1,player_name,10501,,,0,,,30510380,gal_favor_text_30510370,,,1,,0,,,1,-1,157950
3165,30510380,2,1,gal_name_05,10501,,,0,,,30510390,gal_favor_text_30510380,,,1,,0,,,1,-1,157950
3166,30510390,2,1,gal_name_05,10501,,,0,,,30510400,gal_favor_text_30510390,,,1,,0,,,1,-1,157950
3167,30510400,2,1,gal_name_05,10501,,,0,,,30510410,gal_favor_text_30510400,,,1,,0,,,1,-1,157950
3168,30510410,2,1,gal_name_05,10501,,,0,,,30510420,gal_favor_text_30510410,,,1,,0,,,1,-1,157950
3169,30510420,2,1,player_name,10501,,,0,,,30510430,gal_favor_text_30510420,,,1,,0,,,1,-1,157950
3170,30510430,2,1,gal_name_05,10501,,,0,,,30510440,gal_favor_text_30510430,,,1,,0,,,1,-1,157950
3171,30510440,2,1,player_name,10501,,,0,,,30510450,gal_favor_text_30510440,,,1,,0,,,1,-1,157950
3172,30510450,2,1,gal_name_05,10501,,,0,,,30510460,gal_favor_text_30510450,,,1,,0,,,1,-1,157950
3173,30510460,2,1,gal_name_05,10501,,,0,,,30510470,gal_favor_text_30510460,,,1,,0,,,1,-1,157950
3174,30510470,2,1,player_name,10501,,,0,,,30510480,gal_favor_text_30510470,,,1,,0,,,1,-1,157950
3175,30510480,2,1,gal_name_05,10501,,,0,,,30510490,gal_favor_text_30510480,,,1,,0,,,1,-1,157950
3176,30510490,2,1,gal_name_05,10501,,,0,,,30510500,gal_favor_text_30510490,,,1,,0,,,1,-1,157950
3177,30510500,2,1,player_name,10501,,,0,,,30510510,gal_favor_text_30510500,,,1,,0,,,1,-1,157950
3178,30510510,2,1,gal_name_05,10501,,,0,,,30510520,gal_favor_text_30510510,,,1,,0,,,1,-1,157950
3179,30510520,2,1,gal_name_05,10501,,,0,,,30510530,gal_favor_text_30510520,,,1,,0,,,1,-1,157950
3180,30510530,2,1,player_name,10501,,,0,,,30510540,gal_favor_text_30510530,,,1,,0,,,1,-1,157950
3181,30510540,2,1,gal_name_05,10501,,,0,,,30510550,gal_favor_text_30510540,,,1,,0,,,1,-1,157950
3182,30510550,2,1,gal_name_05,10501,,,0,,,30510560,gal_favor_text_30510550,,,1,,0,,,1,-1,157950
3183,30510560,2,1,player_name,10501,,,0,,,30510570,gal_favor_text_30510560,,,1,,0,,,1,-1,157950
3184,30510570,2,1,gal_name_22,10501,,,0,,,30510580,gal_favor_text_30510570,,,1,,0,,,1,-1,157950
3185,30510580,2,1,player_name,10501,,,0,,,30510590,gal_favor_text_30510580,,,1,,0,,,1,-1,157950
3186,30510590,2,1,gal_name_05,10501,,,0,,,30510600,gal_favor_text_30510590,,,1,,0,,,1,-1,157950
3187,30510600,2,1,gal_name_05,10501,,,0,,,30510610,gal_favor_text_30510600,,,1,,0,,,1,-1,157950
3188,30510610,2,1,gal_name_22,10501,,,0,,,30510620,gal_favor_text_30510610,,,1,,0,,,1,-1,157950
3189,30510620,2,1,gal_name_22,10501,,,0,,,30510630,gal_favor_text_30510620,,,1,,0,,,1,-1,157950
3190,30510630,2,1,gal_name_22,10501,,,0,,,30510640,gal_favor_text_30510630,,,1,,0,,,1,-1,157950
3191,30510640,2,1,player_name,10501,,,0,,,30510650,gal_favor_text_30510640,,,1,,0,,,1,-1,157950
3192,30510650,2,1,gal_name_05,10501,,,0,,,30510660,gal_favor_text_30510650,,,1,,0,,,1,-1,157950
3193,30510660,2,1,gal_name_05,10501,,,0,,,30510670,gal_favor_text_30510660,,,1,,0,,,1,-1,157950
3194,30510670,2,1,gal_name_05,10501,,,0,,,30510680,gal_favor_text_30510670,,,1,,0,,,1,-1,157950
3195,30510680,2,1,gal_name_05,10501,,,0,,,30510690,gal_favor_text_30510680,,,1,,0,,,1,-1,157950
3196,30510690,2,1,gal_name_05,10501,,,0,,,30510700,gal_favor_text_30510690,,,1,,0,,,1,-1,157950
3197,30510700,2,1,player_name,10501,,,0,,,30510710,gal_favor_text_30510700,,,1,,0,,,1,-1,157950
3198,30510710,2,1,player_name,10501,,,0,,,30510720,gal_favor_text_30510710,,,1,,0,,,1,-1,157950
3199,30510720,2,1,gal_name_05,10501,,,0,,,30510730,gal_favor_text_30510720,,,1,,0,,,1,-1,157950
3200,30510730,2,1,gal_name_05,10501,,,0,,,30510740,gal_favor_text_30510730,,,1,,0,,,1,-1,157950
3201,30510740,2,1,gal_name_22,10501,,,0,,,30510750,gal_favor_text_30510740,,,1,,0,,,1,-1,157950
3202,30510750,2,1,gal_name_05,10501,,,0,,,30510760,gal_favor_text_30510750,,,1,,0,,,1,-1,157950
3203,30510760,2,1,player_name,10501,,,0,,,30510770,gal_favor_text_30510760,,,1,,0,,,1,-1,157950
3204,30510770,2,1,gal_name_05,10501,,,0,,,30510780,gal_favor_text_30510770,,,1,,0,,,1,-1,157950
3205,30510780,2,1,player_name,10501,,,0,,,30510790,gal_favor_text_30510780,,,1,,0,,,1,-1,157950
3206,30510790,2,1,gal_name_05,10501,,,0,,,30510800,gal_favor_text_30510790,,,1,,0,,,1,-1,157950
3207,30510800,2,1,gal_name_05,10501,,,0,,,30510810,gal_favor_text_30510800,,,1,,0,,,1,-1,157950
3208,30510810,2,1,gal_name_05,10501,,,0,,,30510820,gal_favor_text_30510810,,,1,,0,,,1,-1,157950
3209,30510820,2,1,player_name,10501,,,0,,,30510830,gal_favor_text_30510820,,,1,,0,,,1,-1,157950
3210,30510830,2,1,gal_name_05,10501,,,0,,,30510840,gal_favor_text_30510830,,,1,,0,,,1,-1,157950
3211,30510840,2,1,player_name,10501,,,0,,,30510850,gal_favor_text_30510840,,,1,,0,,,1,-1,157950
3212,30510850,2,1,gal_name_05,10501,,,0,,,30510860,gal_favor_text_30510850,,,1,,0,,,1,-1,157950
3213,30510860,2,1,player_name,10501,,,0,,,30510870,gal_favor_text_30510860,,,1,,0,,,1,-1,157950
3214,30510870,2,1,gal_name_05,10501,,,0,,,30510880,gal_favor_text_30510870,,,1,,0,,,1,-1,157950
3215,30510880,2,1,gal_name_05,10501,,,0,,,30510890,gal_favor_text_30510880,,,1,,0,,,1,-1,157950
3216,30510890,2,1,player_name,10501,,,0,,,30510900,gal_favor_text_30510890,,,1,,0,,,1,-1,157950
3217,30510900,2,1,,10501,,,0,,,30510910,gal_favor_text_30510900,,,2,,0,,,1,-1,157950
3218,30510910,2,1,gal_name_05,10501,,,0,,,30510920,gal_favor_text_30510910,,,1,,0,,,1,-1,157950
3219,30510920,2,1,gal_name_05,10501,,,0,,,30510930,gal_favor_text_30510920,,,1,,0,,,1,-1,157950
3220,30510930,2,1,player_name,10501,,,0,,,30510940,gal_favor_text_30510930,,,1,,0,,,1,-1,157950
3221,30510940,2,1,gal_name_05,10501,,,0,,,30510950,gal_favor_text_30510940,,,1,,0,,,1,-1,157950
3222,30510950,2,1,player_name,10501,,,0,,,30510960,gal_favor_text_30510950,,,1,,0,,,1,-1,157950
3223,30510960,2,1,gal_name_05,10501,,,0,,,30510970,gal_favor_text_30510960,,,1,,0,,,1,-1,157950
3224,30510970,2,1,gal_name_05,10501,,,0,,,30510980,gal_favor_text_30510970,,,1,,0,,,1,-1,157950
3225,30510980,2,1,gal_name_05,10501,,,0,,,30510990,gal_favor_text_30510980,,,1,,0,,,1,-1,157950
3226,30510990,2,1,player_name,10501,,,0,,,30511000,gal_favor_text_30510990,,,1,,0,,,1,-1,157950
3227,30511000,2,1,gal_name_05,10501,,,0,,,30511010,gal_favor_text_30511000,,,1,,0,,,1,-1,157950
3228,30511010,2,1,player_name,10501,,,0,,,30511020,gal_favor_text_30511010,,,1,,0,,,1,-1,157950
3229,30511020,2,1,gal_name_05,10501,,,0,,,30511030,gal_favor_text_30511020,,,1,,0,,,1,-1,157950
3230,30511030,2,1,player_name,10501,,,0,,,30511040,gal_favor_text_30511030,,,1,,0,,,1,-1,157950
3231,30511040,2,1,gal_name_05,10501,,,0,,,30511050,gal_favor_text_30511040,,,1,,0,,,1,-1,157950
3232,30511050,2,1,player_name,10501,,,0,,,30511060,gal_favor_text_30511050,,,1,,0,,,1,-1,157950
3233,30511060,2,1,gal_name_05,10501,,,0,,,30511070,gal_favor_text_30511060,,,1,,0,,,1,-1,157950
3234,30511070,2,1,gal_name_05,10501,,,0,,,30511080,gal_favor_text_30511070,,,1,,0,,,1,-1,157950
3235,30511080,2,1,gal_name_05,10501,,,0,,,30511090,gal_favor_text_30511080,,,1,,0,,,1,-1,157950
3236,30511090,2,1,player_name,10501,,,0,,,30511100,gal_favor_text_30511090,,,1,,0,,,1,-1,157950
3237,30511100,2,1,gal_name_05,10501,,,0,,,30511110,gal_favor_text_30511100,,,1,,0,,,1,-1,157950
3238,30511110,2,1,gal_name_05,10501,,,0,,,30511120,gal_favor_text_30511110,,,1,,0,,,1,-1,157950
3239,30511120,2,1,gal_name_05,10501,,,0,,,30511130,gal_favor_text_30511120,,,1,,0,,,1,-1,157950
3240,30511130,2,1,gal_name_05,10501,,,0,,,30511140,gal_favor_text_30511130,,,1,,0,,,1,-1,157950
3241,30511140,2,1,gal_name_05,10501,,,0,,,30511150,gal_favor_text_30511140,,,1,,0,,,1,-1,157950
3242,30511150,2,1,player_name,10501,,,0,,,30511160,gal_favor_text_30511150,,,1,,0,,,1,-1,157950
3243,30511160,2,1,gal_name_05,10501,,,0,,,30511170,gal_favor_text_30511160,,,1,,0,,,1,-1,157950
3244,30511170,2,1,gal_name_05,10501,,,0,,,30511180,gal_favor_text_30511170,,,1,,0,,,1,-1,157950
3245,30511180,2,1,player_name,10501,,,0,,,30511190,gal_favor_text_30511180,,,1,,0,,,1,-1,157950
3246,30511190,2,1,gal_name_05,10501,,,0,,,30511200,gal_favor_text_30511190,,,1,,0,,,1,-1,157950
3247,30511200,2,1,gal_name_05,10501,,,0,,,30511210,gal_favor_text_30511200,,,1,,0,,,1,-1,157950
3248,30511210,2,1,player_name,10501,,,0,,,30511220,gal_favor_text_30511210,,,1,,0,,,1,-1,157950
3249,30511220,2,1,gal_name_05,10501,,,0,,,30511230,gal_favor_text_30511220,,,1,,0,,,1,-1,157950
3250,30511230,2,1,player_name,10501,,,0,,,30511240,gal_favor_text_30511230,,,1,,0,,,1,-1,157950
3251,30511240,2,1,gal_name_05,10501,,,0,,,30511250,gal_favor_text_30511240,,,1,,0,,,1,-1,157950
3252,30511250,2,1,gal_name_05,10501,,,0,,,30511260,gal_favor_text_30511250,,,1,,0,,,1,-1,157950
3253,30511260,2,1,player_name,10501,,,0,,,30511270,gal_favor_text_30511260,,,1,,0,,,1,-1,157950
3254,30511270,2,1,gal_name_05,10501,,,0,,,30511280,gal_favor_text_30511270,,,1,,0,,,1,-1,157950
3255,30511280,2,1,gal_name_05,10501,,,0,,,30511290,gal_favor_text_30511280,,,1,,0,,,1,-1,157950
3256,30511290,2,1,gal_name_05,10501,,,0,,,30511300,gal_favor_text_30511290,,,1,,0,,,1,-1,157950
3257,30511300,2,1,player_name,10501,,,0,,,30511310,gal_favor_text_30511300,,,1,,0,,,1,-1,157950
3258,30511310,2,1,gal_name_05,10501,,,0,,,30511320,gal_favor_text_30511310,,,1,,0,,,1,-1,157950
3259,30511320,2,1,gal_name_05,10501,,,0,,,30511330,gal_favor_text_30511320,,,1,,0,,,1,-1,157950
3260,30511330,2,1,player_name,10501,,,0,,,30511340,gal_favor_text_30511330,,,1,,0,,,1,-1,157950
3261,30511340,2,1,gal_name_05,10501,,,0,,,30511350,gal_favor_text_30511340,,,1,,0,,,1,-1,157950
3262,30511350,2,1,gal_name_05,10501,,,0,,,30511360,gal_favor_text_30511350,,,1,,0,,,1,-1,157950
3263,30511360,2,1,gal_name_05,10501,,,0,,,30511370,gal_favor_text_30511360,,,1,,0,,,1,-1,157950
3264,30511370,2,1,player_name,10501,,,0,,,30511380,gal_favor_text_30511370,,,1,,0,,,1,-1,157950
3265,30511380,2,1,gal_name_05,10501,,,0,,,30511390,gal_favor_text_30511380,,,1,,0,,,1,-1,157950
3266,30511390,2,1,player_name,10501,,,0,,,30511400,gal_favor_text_30511390,,,1,,0,,,1,-1,157950
3267,30511400,2,1,gal_name_05,10501,,,0,,,30511410,gal_favor_text_30511400,,,1,,0,,,1,-1,157950
3268,30511410,2,1,gal_name_05,10501,,,0,,,30511420,gal_favor_text_30511410,,,1,,0,,,1,-1,157950
3269,30511420,2,1,gal_name_05,10501,,,0,,,30511430,gal_favor_text_30511420,,,1,,0,,,1,-1,157950
3270,30511430,2,1,player_name,10501,,,0,,,30511440,gal_favor_text_30511430,,,1,,0,,,1,-1,157950
3271,30511440,2,1,gal_name_22,10501,,,0,,,30511450,gal_favor_text_30511440,,,1,,0,,,1,-1,157950
3272,30511450,2,1,gal_name_22,10501,,,0,,,30511460,gal_favor_text_30511450,,,1,,0,,,1,-1,157950
3273,30511460,2,1,gal_name_05,10501,,,0,,,30511470,gal_favor_text_30511460,,,1,,0,,,1,-1,157950
3274,30511470,2,1,gal_name_22,10501,,,0,,,30511480,gal_favor_text_30511470,,,1,,0,,,1,-1,157950
3275,30511480,2,1,gal_name_05,10501,,,0,,,30511490,gal_favor_text_30511480,,,1,,0,,,1,-1,157950
3276,30511490,2,1,gal_name_05,10501,,,0,,,30511500,gal_favor_text_30511490,,,1,,0,,,1,-1,157950
3277,30511500,2,1,player_name,10501,,,0,,,30511510,gal_favor_text_30511500,,,1,,0,,,1,-1,157950
3278,30511510,2,1,gal_name_05,10501,,,0,,,30511520,gal_favor_text_30511510,,,1,,0,,,1,-1,157950
3279,30511520,2,1,gal_name_05,10501,,,0,,,-1,gal_favor_text_30511520,,,1,,0,,,1,-1,157950
3280,30520010,2,1,gal_name_05,10501,,,0,,,30520020,gal_favor_text_30520010,,,1,,2,gal_bg_station_1,gal_bg_room_1,1,-1,157950
3281,30520020,2,1,,10501,,,0,,,30520030,gal_favor_text_30520020,,,2,,0,,,1,-1,157950
3282,30520030,2,1,gal_name_05,10501,,,0,,,30520040,gal_favor_text_30520030,,,1,,0,,,1,-1,157950
3283,30520040,2,1,,10501,,,0,,,30520050,gal_favor_text_30520040,,,2,,0,,,1,-1,157950
3284,30520050,2,1,player_name,10501,,,0,,,30520060,gal_favor_text_30520050,,,1,,0,,,1,-1,157950
3285,30520060,2,1,,10501,,,0,,,30520070,gal_favor_text_30520060,,,2,,0,,,1,-1,157950
3286,30520070,2,1,gal_name_05,10501,,,0,,,30520080,gal_favor_text_30520070,,,1,,0,,,1,-1,157950
3287,30520080,2,1,player_name,10501,,,0,,,30520090,gal_favor_text_30520080,,,1,,0,,,1,-1,157950
3288,30520090,2,1,player_name,10501,,,0,,,30520100,gal_favor_text_30520090,,,1,,0,,,1,-1,157950
3289,30520100,2,1,gal_name_05,10501,,,0,,,30520110,gal_favor_text_30520100,,,1,,0,,,1,-1,157950
3290,30520110,2,1,player_name,10501,,,0,,,30520120,gal_favor_text_30520110,,,1,,0,,,1,-1,157950
3291,30520120,2,1,player_name,10501,,,0,,,30520130,gal_favor_text_30520120,,,1,,0,,,1,-1,157950
3292,30520130,2,1,,10501,,,0,,,30520140,gal_favor_text_30520130,,,2,,0,,,1,-1,157950
3293,30520140,2,1,gal_name_05,10501,,,0,,,30520150,gal_favor_text_30520140,,,1,,0,,,1,-1,157950
3294,30520150,2,1,gal_name_05,10501,,,0,,,30520160,gal_favor_text_30520150,,,1,,0,,,1,-1,157950
3295,30520160,2,1,,10501,,,0,,,30520170,gal_favor_text_30520160,,,2,,0,,,1,-1,157950
3296,30520170,2,1,player_name,10501,,,0,,,30520180,gal_favor_text_30520170,,,1,,0,,,1,-1,157950
3297,30520180,2,1,,10501,,,0,,,30520190,gal_favor_text_30520180,,,2,,0,,,1,-1,157950
3298,30520190,2,1,,10501,,,0,,,30520200,gal_favor_text_30520190,,,2,,0,,,1,-1,157950
3299,30520200,2,1,,10501,,,0,,,30520210,gal_favor_text_30520200,,,2,,0,,,1,-1,157950
3300,30520210,2,1,gal_name_05,10501,,,0,,,30520220,gal_favor_text_30520210,,,1,,0,,,1,-1,157950
3301,30520220,2,1,,10501,,,0,,,30520230,gal_favor_text_30520220,,,2,,0,,,1,-1,157950
3302,30520230,2,1,gal_name_05,10501,,,0,,,30520240,gal_favor_text_30520230,,,1,,0,,,1,-1,157950
3303,30520240,2,1,player_name,10501,,,0,,,30520250,gal_favor_text_30520240,,,1,,0,,,1,-1,157950
3304,30520250,2,1,player_name,10501,,,0,,,30520260,gal_favor_text_30520250,,,1,,0,,,1,-1,157950
3305,30520260,2,1,player_name,10501,,,0,,,30520270,gal_favor_text_30520260,,,1,,0,,,1,-1,157950
3306,30520270,2,1,gal_name_05,10501,,,0,,,30520280,gal_favor_text_30520270,,,1,,0,,,1,-1,157950
3307,30520280,2,1,,10501,,,0,,,30520290,gal_favor_text_30520280,,,2,,0,,,1,-1,157950
3308,30520290,2,1,,10501,,,0,,,30520300,gal_favor_text_30520290,,,2,,0,,,1,-1,157950
3309,30520300,2,1,gal_name_05,10501,,,0,,,30520310,gal_favor_text_30520300,,,1,,0,,,1,-1,157950
3310,30520310,2,1,player_name,10501,,,0,,,30520320,gal_favor_text_30520310,,,1,,0,,,1,-1,157950
3311,30520320,2,1,player_name,10501,,,0,,,30520330,gal_favor_text_30520320,,,1,,0,,,1,-1,157950
3312,30520330,2,1,,10501,,,0,,,30520340,gal_favor_text_30520330,,,2,,0,,,1,-1,157950
3313,30520340,2,1,gal_name_05,10501,,,0,,,30520350,gal_favor_text_30520340,,,1,,0,,,1,-1,157950
3314,30520350,2,1,gal_name_05,10501,,,0,,,30520360,gal_favor_text_30520350,,,1,,0,,,1,-1,157950
3315,30520360,2,1,gal_name_05,10501,,,0,,,30520370,gal_favor_text_30520360,,,1,,0,,,1,-1,157950
3316,30520370,2,1,,10501,,,0,,,30520380,gal_favor_text_30520370,,,2,,0,,,1,-1,157950
3317,30520380,2,1,player_name,10501,,,0,,,30520390,gal_favor_text_30520380,,,1,,0,,,1,-1,157950
3318,30520390,2,1,gal_name_05,10501,,,0,,,30520400,gal_favor_text_30520390,,,1,,0,,,1,-1,157950
3319,30520400,2,1,,10501,,,0,,,30520410,gal_favor_text_30520400,,,2,,0,,,1,-1,157950
3320,30520410,2,1,player_name,10501,,,0,,,30520420,gal_favor_text_30520410,,,1,,0,,,1,-1,157950
3321,30520420,2,1,,10501,,,0,,,30520430,gal_favor_text_30520420,,,2,,0,,,1,-1,157950
3322,30520430,2,1,gal_name_05,10501,,,0,,,30520440,gal_favor_text_30520430,,,1,,0,,,1,-1,157950
3323,30520440,2,1,player_name,10501,,,0,,,30520450,gal_favor_text_30520440,,,1,,0,,,1,-1,157950
3324,30520450,2,1,gal_name_05,10501,,,0,,,30520460,gal_favor_text_30520450,,,1,,0,,,1,-1,157950
3325,30520460,2,1,gal_name_05,10501,,,0,,,30520470,gal_favor_text_30520460,,,1,,0,,,1,-1,157950
3326,30520470,2,1,,10501,,,0,,,30520480,gal_favor_text_30520470,,,2,,0,,,1,-1,157950
3327,30520480,2,1,player_name,10501,,,0,,,30520490,gal_favor_text_30520480,,,1,,0,,,1,-1,157950
3328,30520490,2,1,,10501,,,0,,,30520500,gal_favor_text_30520490,,,2,,0,,,1,-1,157950
3329,30520500,2,1,gal_name_05,10501,,,0,,,30520510,gal_favor_text_30520500,,,1,,0,,,1,-1,157950
3330,30520510,2,1,,10501,,,0,,,30520520,gal_favor_text_30520510,,,2,,0,,,1,-1,157950
3331,30520520,2,1,,10501,,,0,,,30520530,gal_favor_text_30520520,,,2,,0,,,1,-1,157950
3332,30520530,2,1,player_name,10501,,,0,,,30520540,gal_favor_text_30520530,,,1,,0,,,1,-1,157950
3333,30520540,2,1,gal_name_05,10501,,,0,,,30520550,gal_favor_text_30520540,,,1,,0,,,1,-1,157950
3334,30520550,2,1,,10501,,,0,,,30520560,gal_favor_text_30520550,,,2,,0,,,1,-1,157950
3335,30520560,2,1,gal_name_05,10501,,,0,,,30520570,gal_favor_text_30520560,,,1,,0,,,1,-1,157950
3336,30520570,2,1,,10501,,,0,,,30520580,gal_favor_text_30520570,,,2,,0,,,1,-1,157950
3337,30520580,2,1,player_name,10501,,,0,,,30520590,gal_favor_text_30520580,,,1,,0,,,1,-1,157950
3338,30520590,2,1,,10501,,,0,,,30520600,gal_favor_text_30520590,,,2,,0,,,1,-1,157950
3339,30520600,2,1,player_name,10501,,,0,,,30520610,gal_favor_text_30520600,,,1,,0,,,1,-1,157950
3340,30520610,2,1,gal_name_05,10501,,,0,,,30520620,gal_favor_text_30520610,,,1,,0,,,1,-1,157950
3341,30520620,2,1,,10501,,,0,,,30520630,gal_favor_text_30520620,,,2,,0,,,1,-1,157950
3342,30520630,2,1,,10501,,,0,,,30520640,gal_favor_text_30520630,,,2,,0,,,1,-1,157950
3343,30520640,2,1,player_name,10501,,,0,,,30520650,gal_favor_text_30520640,,,1,,0,,,1,-1,157950
3344,30520650,2,1,,10501,,,0,,,30520660,gal_favor_text_30520650,,,2,,0,,,1,-1,157950
3345,30520660,2,1,gal_name_05,10501,,,0,,,30520670,gal_favor_text_30520660,,,1,,0,,,1,-1,157950
3346,30520670,2,1,,10501,,,0,,,30520680,gal_favor_text_30520670,,,2,,0,,,1,-1,157950
3347,30520680,2,1,,10501,,,0,,,30520690,gal_favor_text_30520680,,,2,,0,,,1,-1,157950
3348,30520690,2,1,gal_name_05,10501,,,0,,,30520700,gal_favor_text_30520690,,,1,,0,,,1,-1,157950
3349,30520700,2,1,gal_name_05,10501,,,0,,,30520710,gal_favor_text_30520700,,,1,,0,,,1,-1,157950
3350,30520710,2,1,player_name,10501,,,0,,,30520720,gal_favor_text_30520710,,,1,,0,,,1,-1,157950
3351,30520720,2,1,,10501,,,0,,,30520730,gal_favor_text_30520720,,,2,,0,,,1,-1,157950
3352,30520730,2,1,,10501,,,0,,,30520740,gal_favor_text_30520730,,,2,,0,,,1,-1,157950
3353,30520740,2,1,gal_name_05,10501,,,0,,,30520750,gal_favor_text_30520740,,,1,,0,,,1,-1,157950
3354,30520750,2,1,gal_name_05,10501,,,0,,,30520760,gal_favor_text_30520750,,,1,,0,,,1,-1,157950
3355,30520760,2,1,player_name,10501,,,0,,,30520770,gal_favor_text_30520760,,,1,,0,,,1,-1,157950
3356,30520770,2,1,gal_name_05,10501,,,0,,,30520780,gal_favor_text_30520770,,,1,,0,,,1,-1,157950
3357,30520780,2,1,,10501,,,0,,,30520790,gal_favor_text_30520780,,,2,,0,,,1,-1,157950
3358,30520790,2,1,gal_name_05,10501,,,0,,,30520800,gal_favor_text_30520790,,,1,,0,,,1,-1,157950
3359,30520800,2,1,player_name,10501,,,0,,,30520810,gal_favor_text_30520800,,,1,,0,,,1,-1,157950
3360,30520810,2,1,gal_name_05,10501,,,0,,,30520820,gal_favor_text_30520810,,,1,,0,,,1,-1,157950
3361,30520820,2,1,player_name,10501,,,0,,,30520830,gal_favor_text_30520820,,,1,,0,,,1,-1,157950
3362,30520830,2,1,gal_name_05,10501,,,0,,,30520840,gal_favor_text_30520830,,,1,,0,,,1,-1,157950
3363,30520840,2,1,,10501,,,0,,,30520850,gal_favor_text_30520840,,,2,,0,,,1,-1,157950
3364,30520850,2,1,player_name,10501,,,0,,,30520860,gal_favor_text_30520850,,,1,,0,,,1,-1,157950
3365,30520860,2,1,gal_name_05,10501,,,0,,,30520870,gal_favor_text_30520860,,,1,,0,,,1,-1,157950
3366,30520870,2,1,gal_name_05,10501,,,0,,,30520880,gal_favor_text_30520870,,,1,,0,,,1,-1,157950
3367,30520880,2,1,gal_name_05,10501,,,0,,,30520890,gal_favor_text_30520880,,,1,,0,,,1,-1,157950
3368,30520890,2,1,player_name,10501,,,0,,,30520900,gal_favor_text_30520890,,,1,,0,,,1,-1,157950
3369,30520900,2,1,gal_name_05,10501,,,0,,,30520910,gal_favor_text_30520900,,,1,,0,,,1,-1,157950
3370,30520910,2,1,gal_name_05,10501,,,0,,,30520920,gal_favor_text_30520910,,,1,,0,,,1,-1,157950
3371,30520920,2,1,,10501,,,0,,,30520930,gal_favor_text_30520920,,,2,,0,,,1,-1,157950
3372,30520930,2,1,,10501,,,0,,,30520940,gal_favor_text_30520930,,,2,,0,,,1,-1,157950
3373,30520940,2,1,gal_name_05,10501,,,0,,,30520950,gal_favor_text_30520940,,,1,,0,,,1,-1,157950
3374,30520950,2,1,,10501,,,0,,,30520960,gal_favor_text_30520950,,,2,,0,,,1,-1,157950
3375,30520960,2,1,player_name,10501,,,0,,,30520970,gal_favor_text_30520960,,,1,,0,,,1,-1,157950
3376,30520970,2,1,gal_name_05,10501,,,0,,,30520980,gal_favor_text_30520970,,,1,,0,,,1,-1,157950
3377,30520980,2,1,,10501,,,0,,,30520990,gal_favor_text_30520980,,,2,,0,,,1,-1,157950
3378,30520990,2,1,gal_name_05,10501,,,0,,,30521000,gal_favor_text_30520990,,,1,,0,,,1,-1,157950
3379,30521000,2,1,player_name,10501,,,0,,,30521010,gal_favor_text_30521000,,,1,,0,,,1,-1,157950
3380,30521010,2,1,,10501,,,0,,,30521020,gal_favor_text_30521010,,,2,,0,,,1,-1,157950
3381,30521020,2,1,gal_name_05,10501,,,0,,,30521030,gal_favor_text_30521020,,,1,,0,,,1,-1,157950
3382,30521030,2,1,,10501,,,0,,,30521040,gal_favor_text_30521030,,,2,,0,,,1,-1,157950
3383,30521040,2,1,gal_name_05,10501,,,0,,,30521050,gal_favor_text_30521040,,,1,,0,,,1,-1,157950
3384,30521050,2,1,,10501,,,0,,,30521060,gal_favor_text_30521050,,,2,,0,,,1,-1,157950
3385,30521060,2,1,gal_name_05,10501,,,0,,,30521070,gal_favor_text_30521060,,,1,,0,,,1,-1,157950
3386,30521070,2,1,,10501,,,0,,,30521080,gal_favor_text_30521070,,,2,,0,,,1,-1,157950
3387,30521080,2,1,gal_name_05,10501,,,0,,,30521090,gal_favor_text_30521080,,,1,,0,,,1,-1,157950
3388,30521090,2,1,gal_name_05,10501,,,0,,,30521100,gal_favor_text_30521090,,,1,,0,,,1,-1,157950
3389,30521100,2,1,gal_name_05,10501,,,0,,,30521110,gal_favor_text_30521100,,,1,,0,,,1,-1,157950
3390,30521110,2,1,gal_name_05,10501,,,0,,,30521120,gal_favor_text_30521110,,,1,,0,,,1,-1,157950
3391,30521120,2,1,gal_name_05,10501,,,0,,,30521130,gal_favor_text_30521120,,,1,,0,,,1,-1,157950
3392,30521130,2,1,gal_name_05,10501,,,0,,,30521140,gal_favor_text_30521130,,,1,,0,,,1,-1,157950
3393,30521140,2,1,player_name,10501,,,0,,,30521150,gal_favor_text_30521140,,,1,,0,,,1,-1,157950
3394,30521150,2,1,gal_name_05,10501,,,0,,,30521160,gal_favor_text_30521150,,,1,,0,,,1,-1,157950
3395,30521160,2,1,player_name,10501,,,0,,,30521170,gal_favor_text_30521160,,,1,,0,,,1,-1,157950
3396,30521170,2,1,,10501,,,0,,,30521180,gal_favor_text_30521170,,,2,,0,,,1,-1,157950
3397,30521180,2,1,gal_name_05,10501,,,0,,,30521190,gal_favor_text_30521180,,,1,,0,,,1,-1,157950
3398,30521190,2,1,player_name,10501,,,0,,,30521200,gal_favor_text_30521190,,,1,,0,,,1,-1,157950
3399,30521200,2,1,player_name,10501,,,0,,,30521210,gal_favor_text_30521200,,,1,,0,,,1,-1,157950
3400,30521210,2,1,,10501,,,0,,,30521220,gal_favor_text_30521210,,,2,,0,,,1,-1,157950
3401,30521220,2,1,player_name,10501,,,0,,,30521230,gal_favor_text_30521220,,,1,,0,,,1,-1,157950
3402,30521230,2,1,,10501,,,0,,,30521240,gal_favor_text_30521230,,,2,,0,,,1,-1,157950
3403,30521240,2,1,,10501,,,0,,,30521250,gal_favor_text_30521240,,,2,,0,,,1,-1,157950
3404,30521250,2,1,player_name,10501,,,0,,,30521260,gal_favor_text_30521250,,,1,,0,,,1,-1,157950
3405,30521260,2,1,,10501,,,0,,,30521270,gal_favor_text_30521260,,,2,,0,,,1,-1,157950
3406,30521270,2,1,player_name,10501,,,0,,,30521280,gal_favor_text_30521270,,,1,,0,,,1,-1,157950
3407,30521280,2,1,,10501,,,0,,,30521290,gal_favor_text_30521280,,,2,,0,,,1,-1,157950
3408,30521290,2,1,player_name,10501,,,0,,,30521300,gal_favor_text_30521290,,,1,,0,,,1,-1,157950
3409,30521300,2,1,player_name,10501,,,0,,,30521310,gal_favor_text_30521300,,,1,,0,,,1,-1,157950
3410,30521310,2,1,,10501,,,0,,,30521320,gal_favor_text_30521310,,,2,,0,,,1,-1,157950
3411,30521320,2,1,player_name,10501,,,0,,,30521330,gal_favor_text_30521320,,,1,,0,,,1,-1,157950
3412,30521330,2,1,,10501,,,0,,,30521340,gal_favor_text_30521330,,,2,,0,,,1,-1,157950
3413,30521340,2,1,,10501,,,0,,,30521350,gal_favor_text_30521340,,,2,,0,,,1,-1,157950
3414,30521350,2,1,player_name,10501,,,0,,,30521360,gal_favor_text_30521350,,,1,,0,,,1,-1,157950
3415,30521360,2,1,gal_name_05,10501,,,0,,,30521370,gal_favor_text_30521360,,,1,,0,,,1,-1,157950
3416,30521370,2,1,,10501,,,0,,,30521380,gal_favor_text_30521370,,,2,,0,,,1,-1,157950
3417,30521380,2,1,gal_name_05,10501,,,0,,,30521390,gal_favor_text_30521380,,,1,,0,,,1,-1,157950
3418,30521390,2,1,gal_name_05,10501,,,0,,,30521400,gal_favor_text_30521390,,,1,,0,,,1,-1,157950
3419,30521400,2,1,gal_name_05,10501,,,0,,,30521410,gal_favor_text_30521400,,,1,,0,,,1,-1,157950
3420,30521410,2,1,,10501,,,0,,,30521420,gal_favor_text_30521410,,,2,,0,,,1,-1,157950
3421,30521420,2,1,gal_name_05,10501,,,0,,,-1,gal_favor_text_30521420,,,1,,0,,,1,-1,157950
3422,30530010,2,1,,10501,,,0,,,30530020,gal_favor_text_30530010,,,2,,2,gal_bg_room_1,gal_bg_room_1,1,-1,157950
3423,30530020,2,1,player_name,10501,,,0,,,30530030,gal_favor_text_30530020,,,1,,0,,,1,-1,157950
3424,30530030,2,1,gal_name_05,10501,,,0,,,30530040,gal_favor_text_30530030,,,1,,0,,,1,-1,157950
3425,30530040,2,1,,10501,,,0,,,30530050,gal_favor_text_30530040,,,2,,0,,,1,-1,157950
3426,30530050,2,1,gal_name_05,10501,,,0,,,30530060,gal_favor_text_30530050,,,1,,0,,,1,-1,157950
3427,30530060,2,1,gal_name_05,10501,,,0,,,30530070,gal_favor_text_30530060,,,1,,0,,,1,-1,157950
3428,30530070,2,1,player_name,10501,,,0,,,30530080,gal_favor_text_30530070,,,1,,0,,,1,-1,157950
3429,30530080,2,1,,10501,,,0,,,30530090,gal_favor_text_30530080,,,2,,0,,,1,-1,157950
3430,30530090,2,1,player_name,10501,,,0,,,30530100,gal_favor_text_30530090,,,1,,0,,,1,-1,157950
3431,30530100,2,1,,10501,,,0,,,30530110,gal_favor_text_30530100,,,2,,0,,,1,-1,157950
3432,30530110,2,1,player_name,10501,,,0,,,30530120,gal_favor_text_30530110,,,1,,0,,,1,-1,157950
3433,30530120,2,1,,10501,,,0,,,30530130,gal_favor_text_30530120,,,2,,0,,,1,-1,157950
3434,30530130,2,1,gal_name_05,10501,,,0,,,30530140,gal_favor_text_30530130,,,1,,0,,,1,-1,157950
3435,30530140,2,1,gal_name_05,10501,,,0,,,30530150,gal_favor_text_30530140,,,1,,0,,,1,-1,157950
3436,30530150,2,1,gal_name_05,10501,,,0,,,30530160,gal_favor_text_30530150,,,1,,0,,,1,-1,157950
3437,30530160,2,1,player_name,10501,,,0,,,30530170,gal_favor_text_30530160,,,1,,0,,,1,-1,157950
3438,30530170,2,1,gal_name_05,10501,,,0,,,30530180,gal_favor_text_30530170,,,1,,0,,,1,-1,157950
3439,30530180,2,1,,10501,,,0,,,30530190,gal_favor_text_30530180,,,2,,0,,,1,-1,157950
3440,30530190,2,1,,10501,,,0,,,30530200,gal_favor_text_30530190,,,2,,0,,,1,-1,157950
3441,30530200,2,1,,10501,,,0,,,30530210,gal_favor_text_30530200,,,2,,0,,,1,-1,157950
3442,30530210,2,1,player_name,10501,,,0,,,30530220,gal_favor_text_30530210,,,1,,0,,,1,-1,157950
3443,30530220,2,1,,10501,,,0,,,30530230,gal_favor_text_30530220,,,2,,0,,,1,-1,157950
3444,30530230,2,1,,10501,,,0,,,30530240,gal_favor_text_30530230,,,2,,0,,,1,-1,157950
3445,30530240,2,1,,10501,,,0,,,30530250,gal_favor_text_30530240,,,2,,0,,,1,-1,157950
3446,30530250,2,1,,10501,,,0,,,30530260,gal_favor_text_30530250,,,2,,0,,,1,-1,157950
3447,30530260,2,1,,10501,,,0,,,30530270,gal_favor_text_30530260,,,2,,0,,,1,-1,157950
3448,30530270,2,1,player_name,10501,,,0,,,30530280,gal_favor_text_30530270,,,1,,0,,,1,-1,157950
3449,30530280,2,1,player_name,10501,,,0,,,30530290,gal_favor_text_30530280,,,1,,0,,,1,-1,157950
3450,30530290,2,1,,10501,,,0,,,30530300,gal_favor_text_30530290,,,2,,0,,,1,-1,157950
3451,30530300,2,1,gal_name_05,10501,,,0,,,30530310,gal_favor_text_30530300,,,1,,0,,,1,-1,157950
3452,30530310,2,1,player_name,10501,,,0,,,30530320,gal_favor_text_30530310,,,1,,0,,,1,-1,157950
3453,30530320,2,1,gal_name_05,10501,,,0,,,30530330,gal_favor_text_30530320,,,1,,0,,,1,-1,157950
3454,30530330,2,1,gal_name_05,10501,,,0,,,30530340,gal_favor_text_30530330,,,1,,0,,,1,-1,157950
3455,30530340,2,1,gal_name_05,10501,,,0,,,30530350,gal_favor_text_30530340,,,1,,0,,,1,-1,157950
3456,30530350,2,1,,10501,,,0,,,30530360,gal_favor_text_30530350,,,2,,0,,,1,-1,157950
3457,30530360,2,1,player_name,10501,,,0,,,30530370,gal_favor_text_30530360,,,1,,0,,,1,-1,157950
3458,30530370,2,1,gal_name_05,10501,,,0,,,30530380,gal_favor_text_30530370,,,1,,0,,,1,-1,157950
3459,30530380,2,1,player_name,10501,,,0,,,30530390,gal_favor_text_30530380,,,1,,0,,,1,-1,157950
3460,30530390,2,1,gal_name_05,10501,,,0,,,30530400,gal_favor_text_30530390,,,1,,0,,,1,-1,157950
3461,30530400,2,1,player_name,10501,,,0,,,30530410,gal_favor_text_30530400,,,1,,0,,,1,-1,157950
3462,30530410,2,1,gal_name_05,10501,,,0,,,30530420,gal_favor_text_30530410,,,1,,0,,,1,-1,157950
3463,30530420,2,1,gal_name_05,10501,,,0,,,30530430,gal_favor_text_30530420,,,1,,0,,,1,-1,157950
3464,30530430,2,1,player_name,10501,,,0,,,30530440,gal_favor_text_30530430,,,1,,0,,,1,-1,157950
3465,30530440,2,1,,10501,,,0,,,30530450,gal_favor_text_30530440,,,2,,0,,,1,-1,157950
3466,30530450,2,1,gal_name_05,10501,,,0,,,30530460,gal_favor_text_30530450,,,1,,0,,,1,-1,157950
3467,30530460,2,1,player_name,10501,,,0,,,30530470,gal_favor_text_30530460,,,1,,0,,,1,-1,157950
3468,30530470,2,1,player_name,10501,,,0,,,30530480,gal_favor_text_30530470,,,1,,0,,,1,-1,157950
3469,30530480,2,1,,10501,,,0,,,30530490,gal_favor_text_30530480,,,2,,0,,,1,-1,157950
3470,30530490,2,1,gal_name_05,10501,,,0,,,30530500,gal_favor_text_30530490,,,1,,0,,,1,-1,157950
3471,30530500,2,1,gal_name_05,10501,,,0,,,30530510,gal_favor_text_30530500,,,1,,0,,,1,-1,157950
3472,30530510,2,1,gal_name_05,10501,,,0,,,30530520,gal_favor_text_30530510,,,1,,0,,,1,-1,157950
3473,30530520,2,1,,10501,,,0,,,30530530,gal_favor_text_30530520,,,2,,0,,,1,-1,157950
3474,30530530,2,1,,10501,,,0,,,30530540,gal_favor_text_30530530,,,2,,0,,,1,-1,157950
3475,30530540,2,1,gal_name_05,10501,,,0,,,30530550,gal_favor_text_30530540,,,1,,0,,,1,-1,157950
3476,30530550,2,1,gal_name_05,10501,,,0,,,30530560,gal_favor_text_30530550,,,1,,0,,,1,-1,157950
3477,30530560,2,1,,10501,,,0,,,30530570,gal_favor_text_30530560,,,2,,0,,,1,-1,157950
3478,30530570,2,1,gal_name_05,10501,,,0,,,30530580,gal_favor_text_30530570,,,1,,0,,,1,-1,157950
3479,30530580,2,1,player_name,10501,,,0,,,30530590,gal_favor_text_30530580,,,1,,0,,,1,-1,157950
3480,30530590,2,1,player_name,10501,,,0,,,30530600,gal_favor_text_30530590,,,1,,0,,,1,-1,157950
3481,30530600,2,1,gal_name_05,10501,,,0,,,30530610,gal_favor_text_30530600,,,1,,0,,,1,-1,157950
3482,30530610,2,1,,10501,,,0,,,30530620,gal_favor_text_30530610,,,2,,0,,,1,-1,157950
3483,30530620,2,1,player_name,10501,,,0,,,30530630,gal_favor_text_30530620,,,1,,0,,,1,-1,157950
3484,30530630,2,1,gal_name_05,10501,,,0,,,30530640,gal_favor_text_30530630,,,1,,0,,,1,-1,157950
3485,30530640,2,1,gal_name_05,10501,,,0,,,30530650,gal_favor_text_30530640,,,1,,0,,,1,-1,157950
3486,30530650,2,1,player_name,10501,,,0,,,30530660,gal_favor_text_30530650,,,1,,0,,,1,-1,157950
3487,30530660,2,1,player_name,10501,,,0,,,30530670,gal_favor_text_30530660,,,1,,0,,,1,-1,157950
3488,30530670,2,1,gal_name_05,10501,,,0,,,30530680,gal_favor_text_30530670,,,1,,0,,,1,-1,157950
3489,30530680,2,1,player_name,10501,,,0,,,30530690,gal_favor_text_30530680,,,1,,0,,,1,-1,157950
3490,30530690,2,1,player_name,10501,,,0,,,30530700,gal_favor_text_30530690,,,1,,0,,,1,-1,157950
3491,30530700,2,1,gal_name_05,10501,,,0,,,30530710,gal_favor_text_30530700,,,1,,0,,,1,-1,157950
3492,30530710,2,1,,10501,,,0,,,30530720,gal_favor_text_30530710,,,2,,0,,,1,-1,157950
3493,30530720,2,1,,10501,,,0,,,30530730,gal_favor_text_30530720,,,2,,0,,,1,-1,157950
3494,30530730,2,1,,10501,,,0,,,30530740,gal_favor_text_30530730,,,2,,0,,,1,-1,157950
3495,30530740,2,1,gal_name_05,10501,,,0,,,30530750,gal_favor_text_30530740,,,1,,0,,,1,-1,157950
3496,30530750,2,1,gal_name_05,10501,,,0,,,30530760,gal_favor_text_30530750,,,1,,0,,,1,-1,157950
3497,30530760,2,1,,10501,,,0,,,30530770,gal_favor_text_30530760,,,2,,0,,,1,-1,157950
3498,30530770,2,1,player_name,10501,,,0,,,30530780,gal_favor_text_30530770,,,1,,0,,,1,-1,157950
3499,30530780,2,1,player_name,10501,,,0,,,30530790,gal_favor_text_30530780,,,1,,0,,,1,-1,157950
3500,30530790,2,1,,10501,,,0,,,30530800,gal_favor_text_30530790,,,2,,0,,,1,-1,157950
3501,30530800,2,1,gal_name_05,10501,,,0,,,30530810,gal_favor_text_30530800,,,1,,0,,,1,-1,157950
3502,30530810,2,1,gal_name_05,10501,,,0,,,30530820,gal_favor_text_30530810,,,1,,0,,,1,-1,157950
3503,30530820,2,1,gal_name_05,10501,,,0,,,30530830,gal_favor_text_30530820,,,1,,0,,,1,-1,157950
3504,30530830,2,1,gal_name_05,10501,,,0,,,30530840,gal_favor_text_30530830,,,1,,0,,,1,-1,157950
3505,30530840,2,1,,10501,,,0,,,30530850,gal_favor_text_30530840,,,2,,0,,,1,-1,157950
3506,30530850,2,1,gal_name_05,10501,,,0,,,30530860,gal_favor_text_30530850,,,1,,0,,,1,-1,157950
3507,30530860,2,1,player_name,10501,,,0,,,30530870,gal_favor_text_30530860,,,1,,0,,,1,-1,157950
3508,30530870,2,1,player_name,10501,,,0,,,30530880,gal_favor_text_30530870,,,1,,0,,,1,-1,157950
3509,30530880,2,1,gal_name_05,10501,,,0,,,30530890,gal_favor_text_30530880,,,1,,0,,,1,-1,157950
3510,30530890,2,1,gal_name_05,10501,,,0,,,30530900,gal_favor_text_30530890,,,1,,0,,,1,-1,157950
3511,30530900,2,1,gal_name_05,10501,,,0,,,30530910,gal_favor_text_30530900,,,1,,0,,,1,-1,157950
3512,30530910,2,1,gal_name_05,10501,,,0,,,30530920,gal_favor_text_30530910,,,1,,0,,,1,-1,157950
3513,30530920,2,1,gal_name_05,10501,,,0,,,30530930,gal_favor_text_30530920,,,1,,0,,,1,-1,157950
3514,30530930,2,1,,10501,,,0,,,30530940,gal_favor_text_30530930,,,2,,0,,,1,-1,157950
3515,30530940,2,1,player_name,10501,,,0,,,30530950,gal_favor_text_30530940,,,1,,0,,,1,-1,157950
3516,30530950,2,1,,10501,,,0,,,30530960,gal_favor_text_30530950,,,2,,0,,,1,-1,157950
3517,30530960,2,1,player_name,10501,,,0,,,30530970,gal_favor_text_30530960,,,1,,0,,,1,-1,157950
3518,30530970,2,1,,10501,,,0,,,30530980,gal_favor_text_30530970,,,2,,0,,,1,-1,157950
3519,30530980,2,1,player_name,10501,,,0,,,30530990,gal_favor_text_30530980,,,1,,0,,,1,-1,157950
3520,30530990,2,1,gal_name_05,10501,,,0,,,30531000,gal_favor_text_30530990,,,1,,0,,,1,-1,157950
3521,30531000,2,1,,10501,,,0,,,30531010,gal_favor_text_30531000,,,2,,0,,,1,-1,157950
3522,30531010,2,1,gal_name_05,10501,,,0,,,30531020,gal_favor_text_30531010,,,1,,0,,,1,-1,157950
3523,30531020,2,1,player_name,10501,,,0,,,30531030,gal_favor_text_30531020,,,1,,0,,,1,-1,157950
3524,30531030,2,1,gal_name_05,10501,,,0,,,30531040,gal_favor_text_30531030,,,1,,0,,,1,-1,157950
3525,30531040,2,1,,10501,,,0,,,30531050,gal_favor_text_30531040,,,2,,0,,,1,-1,157950
3526,30531050,2,1,,10501,,,0,,,30531060,gal_favor_text_30531050,,,2,,0,,,1,-1,157950
3527,30531060,2,1,,10501,,,0,,,30531070,gal_favor_text_30531060,,,2,,0,,,1,-1,157950
3528,30531070,2,1,,10501,,,0,,,30531080,gal_favor_text_30531070,,,2,,0,,,1,-1,157950
3529,30531080,2,1,gal_name_05,10501,,,0,,,30531090,gal_favor_text_30531080,,,1,,0,,,1,-1,157950
3530,30531090,2,1,gal_name_05,10501,,,0,,,30531100,gal_favor_text_30531090,,,1,,0,,,1,-1,157950
3531,30531100,2,1,,10501,,,0,,,30531110,gal_favor_text_30531100,,,2,,0,,,1,-1,157950
3532,30531110,2,1,gal_name_05,10501,,,0,,,30531120,gal_favor_text_30531110,,,1,,0,,,1,-1,157950
3533,30531120,2,1,player_name,10501,,,0,,,30531130,gal_favor_text_30531120,,,1,,0,,,1,-1,157950
3534,30531130,2,1,,10501,,,0,,,30531140,gal_favor_text_30531130,,,2,,0,,,1,-1,157950
3535,30531140,2,1,,10501,,,0,,,30531150,gal_favor_text_30531140,,,2,,0,,,1,-1,157950
3536,30531150,2,1,,10501,,,0,,,30531160,gal_favor_text_30531150,,,2,,0,,,1,-1,157950
3537,30531160,2,1,,10501,,,0,,,30531170,gal_favor_text_30531160,,,2,,0,,,1,-1,157950
3538,30531170,2,1,,10501,,,0,,,30531180,gal_favor_text_30531170,,,2,,0,,,1,-1,157950
3539,30531180,2,1,,10501,,,0,,,30531190,gal_favor_text_30531180,,,2,,0,,,1,-1,157950
3540,30531190,2,1,,10501,,,0,,,30531200,gal_favor_text_30531190,,,2,,0,,,1,-1,157950
3541,30531200,2,1,,10501,,,0,,,30531210,gal_favor_text_30531200,,,2,,0,,,1,-1,157950
3542,30531210,2,1,,10501,,,0,,,-1,gal_favor_text_30531210,,,2,,0,,,1,-1,157950
3543,30540010,2,1,,10501,,,0,,,30540020,gal_favor_text_30540010,,,2,,2,gal_bg_room_1,gal_bg_room_1,1,-1,157950
3544,30540020,2,1,,10501,,,0,,,30540030,gal_favor_text_30540020,,,2,,0,,,1,-1,157950
3545,30540030,2,1,player_name,10501,,,0,,,30540040,gal_favor_text_30540030,,,1,,0,,,1,-1,157950
3546,30540040,2,1,gal_name_05,10501,,,0,,,30540050,gal_favor_text_30540040,,,1,,0,,,1,-1,157950
3547,30540050,2,1,player_name,10501,,,0,,,30540060,gal_favor_text_30540050,,,1,,0,,,1,-1,157950
3548,30540060,2,1,gal_name_05,10501,,,0,,,30540070,gal_favor_text_30540060,,,1,,0,,,1,-1,157950
3549,30540070,2,1,,10501,,,0,,,30540080,gal_favor_text_30540070,,,2,,0,,,1,-1,157950
3550,30540080,2,1,,10501,,,0,,,30540090,gal_favor_text_30540080,,,2,,0,,,1,-1,157950
3551,30540090,2,1,player_name,10501,,,0,,,30540100,gal_favor_text_30540090,,,1,,0,,,1,-1,157950
3552,30540100,2,1,,10501,,,0,,,30540110,gal_favor_text_30540100,,,2,,0,,,1,-1,157950
3553,30540110,2,1,gal_name_05,10501,,,0,,,30540120,gal_favor_text_30540110,,,1,,0,,,1,-1,157950
3554,30540120,2,1,gal_name_05,10501,,,0,,,30540130,gal_favor_text_30540120,,,1,,0,,,1,-1,157950
3555,30540130,2,1,,10501,,,0,,,30540140,gal_favor_text_30540130,,,2,,0,,,1,-1,157950
3556,30540140,2,1,player_name,10501,,,0,,,30540150,gal_favor_text_30540140,,,1,,0,,,1,-1,157950
3557,30540150,2,1,gal_name_05,10501,,,0,,,30540160,gal_favor_text_30540150,,,1,,0,,,1,-1,157950
3558,30540160,2,1,player_name,10501,,,0,,,30540170,gal_favor_text_30540160,,,1,,0,,,1,-1,157950
3559,30540170,2,1,gal_name_05,10501,,,0,,,30540180,gal_favor_text_30540170,,,1,,0,,,1,-1,157950
3560,30540180,2,1,gal_name_05,10501,,,0,,,30540190,gal_favor_text_30540180,,,1,,0,,,1,-1,157950
3561,30540190,2,1,player_name,10501,,,0,,,30540200,gal_favor_text_30540190,,,1,,0,,,1,-1,157950
3562,30540200,2,1,,10501,,,0,,,30540210,gal_favor_text_30540200,,,2,,0,,,1,-1,157950
3563,30540210,2,1,player_name,10501,,,0,,,30540220,gal_favor_text_30540210,,,1,,0,,,1,-1,157950
3564,30540220,2,1,player_name,10501,,,0,,,30540230,gal_favor_text_30540220,,,1,,0,,,1,-1,157950
3565,30540230,2,1,player_name,10501,,,0,,,30540240,gal_favor_text_30540230,,,1,,0,,,1,-1,157950
3566,30540240,2,1,gal_name_05,10501,,,0,,,30540250,gal_favor_text_30540240,,,1,,0,,,1,-1,157950
3567,30540250,2,1,player_name,10501,,,0,,,30540260,gal_favor_text_30540250,,,1,,0,,,1,-1,157950
3568,30540260,2,1,gal_name_05,10501,,,0,,,30540270,gal_favor_text_30540260,,,1,,0,,,1,-1,157950
3569,30540270,2,1,,10501,,,0,,,30540280,gal_favor_text_30540270,,,2,,0,,,1,-1,157950
3570,30540280,2,1,player_name,10501,,,0,,,30540290,gal_favor_text_30540280,,,1,,0,,,1,-1,157950
3571,30540290,2,1,,10501,,,0,,,30540300,gal_favor_text_30540290,,,2,,0,,,1,-1,157950
3572,30540300,2,1,,10501,,,0,,,30540310,gal_favor_text_30540300,,,2,,0,,,1,-1,157950
3573,30540310,2,1,gal_name_05,10501,,,0,,,30540320,gal_favor_text_30540310,,,1,,0,,,1,-1,157950
3574,30540320,2,1,player_name,10501,,,0,,,30540330,gal_favor_text_30540320,,,1,,0,,,1,-1,157950
3575,30540330,2,1,player_name,10501,,,0,,,30540340,gal_favor_text_30540330,,,1,,0,,,1,-1,157950
3576,30540340,2,1,,10501,,,0,,,30540350,gal_favor_text_30540340,,,2,,0,,,1,-1,157950
3577,30540350,2,1,,10501,,,0,,,30540360,gal_favor_text_30540350,,,2,,0,,,1,-1,157950
3578,30540360,2,1,player_name,10501,,,0,,,30540370,gal_favor_text_30540360,,,1,,0,,,1,-1,157950
3579,30540370,2,1,gal_name_05,10501,,,0,,,30540380,gal_favor_text_30540370,,,1,,0,,,1,-1,157950
3580,30540380,2,1,,10501,,,0,,,30540390,gal_favor_text_30540380,,,2,,0,,,1,-1,157950
3581,30540390,2,1,player_name,10501,,,0,,,30540400,gal_favor_text_30540390,,,1,,0,,,1,-1,157950
3582,30540400,2,1,player_name,10501,,,0,,,30540410,gal_favor_text_30540400,,,1,,0,,,1,-1,157950
3583,30540410,2,1,,10501,,,0,,,30540420,gal_favor_text_30540410,,,2,,0,,,1,-1,157950
3584,30540420,2,1,player_name,10501,,,0,,,30540430,gal_favor_text_30540420,,,1,,0,,,1,-1,157950
3585,30540430,2,1,gal_name_05,10501,,,0,,,30540440,gal_favor_text_30540430,,,1,,0,,,1,-1,157950
3586,30540440,2,1,player_name,10501,,,0,,,30540450,gal_favor_text_30540440,,,1,,0,,,1,-1,157950
3587,30540450,2,1,gal_name_05,10501,,,0,,,30540460,gal_favor_text_30540450,,,1,,0,,,1,-1,157950
3588,30540460,2,1,player_name,10501,,,0,,,30540470,gal_favor_text_30540460,,,1,,0,,,1,-1,157950
3589,30540470,2,1,gal_name_05,10501,,,0,,,30540480,gal_favor_text_30540470,,,1,,0,,,1,-1,157950
3590,30540480,2,1,player_name,10501,,,0,,,30540490,gal_favor_text_30540480,,,1,,0,,,1,-1,157950
3591,30540490,2,1,gal_name_05,10501,,,0,,,30540500,gal_favor_text_30540490,,,1,,0,,,1,-1,157950
3592,30540500,2,1,,10501,,,0,,,30540510,gal_favor_text_30540500,,,2,,0,,,1,-1,157950
3593,30540510,2,1,,10501,,,0,,,30540520,gal_favor_text_30540510,,,2,,0,,,1,-1,157950
3594,30540520,2,1,player_name,10501,,,0,,,30540530,gal_favor_text_30540520,,,1,,0,,,1,-1,157950
3595,30540530,2,1,gal_name_05,10501,,,0,,,30540540,gal_favor_text_30540530,,,1,,0,,,1,-1,157950
3596,30540540,2,1,player_name,10501,,,0,,,30540550,gal_favor_text_30540540,,,1,,0,,,1,-1,157950
3597,30540550,2,1,,10501,,,0,,,30540560,gal_favor_text_30540550,,,2,,0,,,1,-1,157950
3598,30540560,2,1,gal_name_05,10501,,,0,,,30540570,gal_favor_text_30540560,,,1,,0,,,1,-1,157950
3599,30540570,2,1,,10501,,,0,,,30540580,gal_favor_text_30540570,,,2,,0,,,1,-1,157950
3600,30540580,2,1,player_name,10501,,,0,,,30540590,gal_favor_text_30540580,,,1,,0,,,1,-1,157950
3601,30540590,2,1,gal_name_05,10501,,,0,,,30540600,gal_favor_text_30540590,,,1,,0,,,1,-1,157950
3602,30540600,2,1,gal_name_05,10501,,,0,,,30540610,gal_favor_text_30540600,,,1,,0,,,1,-1,157950
3603,30540610,2,1,player_name,10501,,,0,,,30540620,gal_favor_text_30540610,,,1,,0,,,1,-1,157950
3604,30540620,2,1,gal_name_05,10501,,,0,,,30540630,gal_favor_text_30540620,,,1,,0,,,1,-1,157950
3605,30540630,2,1,player_name,10501,,,0,,,30540640,gal_favor_text_30540630,,,1,,0,,,1,-1,157950
3606,30540640,2,1,player_name,10501,,,0,,,30540650,gal_favor_text_30540640,,,1,,0,,,1,-1,157950
3607,30540650,2,1,player_name,10501,,,0,,,30540660,gal_favor_text_30540650,,,1,,0,,,1,-1,157950
3608,30540660,2,1,player_name,10501,,,0,,,30540670,gal_favor_text_30540660,,,1,,0,,,1,-1,157950
3609,30540670,2,1,player_name,10501,,,0,,,30540680,gal_favor_text_30540670,,,1,,0,,,1,-1,157950
3610,30540680,2,1,gal_name_05,10501,,,0,,,30540690,gal_favor_text_30540680,,,1,,0,,,1,-1,157950
3611,30540690,2,1,gal_name_05,10501,,,0,,,30540700,gal_favor_text_30540690,,,1,,0,,,1,-1,157950
3612,30540700,2,1,player_name,10501,,,0,,,30540710,gal_favor_text_30540700,,,1,,0,,,1,-1,157950
3613,30540710,2,1,gal_name_05,10501,,,0,,,30540720,gal_favor_text_30540710,,,1,,0,,,1,-1,157950
3614,30540720,2,1,player_name,10501,,,0,,,30540730,gal_favor_text_30540720,,,1,,0,,,1,-1,157950
3615,30540730,2,1,,10501,,,0,,,30540740,gal_favor_text_30540730,,,2,,0,,,1,-1,157950
3616,30540740,2,1,,10501,,,0,,,30540750,gal_favor_text_30540740,,,2,,0,,,1,-1,157950
3617,30540750,2,1,gal_name_05,10501,,,0,,,30540760,gal_favor_text_30540750,,,1,,0,,,1,-1,157950
3618,30540760,2,1,player_name,10501,,,0,,,30540770,gal_favor_text_30540760,,,1,,0,,,1,-1,157950
3619,30540770,2,1,,10501,,,0,,,30540780,gal_favor_text_30540770,,,2,,0,,,1,-1,157950
3620,30540780,2,1,player_name,10501,,,0,,,30540790,gal_favor_text_30540780,,,1,,0,,,1,-1,157950
3621,30540790,2,1,player_name,10501,,,0,,,30540800,gal_favor_text_30540790,,,1,,0,,,1,-1,157950
3622,30540800,2,1,,10501,,,0,,,30540810,gal_favor_text_30540800,,,2,,0,,,1,-1,157950
3623,30540810,2,1,gal_name_05,10501,,,0,,,30540820,gal_favor_text_30540810,,,1,,0,,,1,-1,157950
3624,30540820,2,1,gal_name_05,10501,,,0,,,30540830,gal_favor_text_30540820,,,1,,0,,,1,-1,157950
3625,30540830,2,1,player_name,10501,,,0,,,30540840,gal_favor_text_30540830,,,1,,0,,,1,-1,157950
3626,30540840,2,1,,10501,,,0,,,30540850,gal_favor_text_30540840,,,2,,0,,,1,-1,157950
3627,30540850,2,1,gal_name_05,10501,,,0,,,30540860,gal_favor_text_30540850,,,1,,0,,,1,-1,157950
3628,30540860,2,1,player_name,10501,,,0,,,30540870,gal_favor_text_30540860,,,1,,0,,,1,-1,157950
3629,30540870,2,1,,10501,,,0,,,30540880,gal_favor_text_30540870,,,2,,0,,,1,-1,157950
3630,30540880,2,1,gal_name_05,10501,,,0,,,30540890,gal_favor_text_30540880,,,1,,0,,,1,-1,157950
3631,30540890,2,1,gal_name_05,10501,,,0,,,30540900,gal_favor_text_30540890,,,1,,0,,,1,-1,157950
3632,30540900,2,1,player_name,10501,,,0,,,30540910,gal_favor_text_30540900,,,1,,0,,,1,-1,157950
3633,30540910,2,1,gal_name_05,10501,,,0,,,30540920,gal_favor_text_30540910,,,1,,0,,,1,-1,157950
3634,30540920,2,1,,10501,,,0,,,30540930,gal_favor_text_30540920,,,2,,0,,,1,-1,157950
3635,30540930,2,1,gal_name_05,10501,,,0,,,30540940,gal_favor_text_30540930,,,1,,0,,,1,-1,157950
3636,30540940,2,1,gal_name_05,10501,,,0,,,30540950,gal_favor_text_30540940,,,1,,0,,,1,-1,157950
3637,30540950,2,1,,10501,,,0,,,30540960,gal_favor_text_30540950,,,2,,0,,,1,-1,157950
3638,30540960,2,1,player_name,10501,,,0,,,30540970,gal_favor_text_30540960,,,1,,0,,,1,-1,157950
3639,30540970,2,1,,10501,,,0,,,30540980,gal_favor_text_30540970,,,2,,0,,,1,-1,157950
3640,30540980,2,1,,10501,,,0,,,30540990,gal_favor_text_30540980,,,2,,0,,,1,-1,157950
3641,30540990,2,1,player_name,10501,,,0,,,30541000,gal_favor_text_30540990,,,1,,0,,,1,-1,157950
3642,30541000,2,1,,10501,,,0,,,30541010,gal_favor_text_30541000,,,2,,0,,,1,-1,157950
3643,30541010,2,1,gal_name_05,10501,,,0,,,30541020,gal_favor_text_30541010,,,1,,0,,,1,-1,157950
3644,30541020,2,1,player_name,10501,,,0,,,30541030,gal_favor_text_30541020,,,1,,0,,,1,-1,157950
3645,30541030,2,1,,10501,,,0,,,30541040,gal_favor_text_30541030,,,2,,0,,,1,-1,157950
3646,30541040,2,1,gal_name_05,10501,,,0,,,30541050,gal_favor_text_30541040,,,1,,0,,,1,-1,157950
3647,30541050,2,1,gal_name_05,10501,,,0,,,30541060,gal_favor_text_30541050,,,1,,0,,,1,-1,157950
3648,30541060,2,1,player_name,10501,,,0,,,30541070,gal_favor_text_30541060,,,1,,0,,,1,-1,157950
3649,30541070,2,1,gal_name_05,10501,,,0,,,30541080,gal_favor_text_30541070,,,1,,0,,,1,-1,157950
3650,30541080,2,1,player_name,10501,,,0,,,30541090,gal_favor_text_30541080,,,1,,0,,,1,-1,157950
3651,30541090,2,1,player_name,10501,,,0,,,30541100,gal_favor_text_30541090,,,1,,0,,,1,-1,157950
3652,30541100,2,1,player_name,10501,,,0,,,30541110,gal_favor_text_30541100,,,1,,0,,,1,-1,157950
3653,30541110,2,1,,10501,,,0,,,30541120,gal_favor_text_30541110,,,2,,0,,,1,-1,157950
3654,30541120,2,1,player_name,10501,,,0,,,30541130,gal_favor_text_30541120,,,1,,0,,,1,-1,157950
3655,30541130,2,1,gal_name_05,10501,,,0,,,30541140,gal_favor_text_30541130,,,1,,0,,,1,-1,157950
3656,30541140,2,1,player_name,10501,,,0,,,30541150,gal_favor_text_30541140,,,1,,0,,,1,-1,157950
3657,30541150,2,1,player_name,10501,,,0,,,30541160,gal_favor_text_30541150,,,1,,0,,,1,-1,157950
3658,30541160,2,1,player_name,10501,,,0,,,30541170,gal_favor_text_30541160,,,1,,0,,,1,-1,157950
3659,30541170,2,1,gal_name_05,10501,,,0,,,30541180,gal_favor_text_30541170,,,1,,0,,,1,-1,157950
3660,30541180,2,1,player_name,10501,,,0,,,30541190,gal_favor_text_30541180,,,1,,0,,,1,-1,157950
3661,30541190,2,1,gal_name_05,10501,,,0,,,30541200,gal_favor_text_30541190,,,1,,0,,,1,-1,157950
3662,30541200,2,1,player_name,10501,,,0,,,30541210,gal_favor_text_30541200,,,1,,0,,,1,-1,157950
3663,30541210,2,1,gal_name_05,10501,,,0,,,30541220,gal_favor_text_30541210,,,1,,0,,,1,-1,157950
3664,30541220,2,1,player_name,10501,,,0,,,30541230,gal_favor_text_30541220,,,1,,0,,,1,-1,157950
3665,30541230,2,1,player_name,10501,,,0,,,30541240,gal_favor_text_30541230,,,1,,0,,,1,-1,157950
3666,30541240,2,1,player_name,10501,,,0,,,30541250,gal_favor_text_30541240,,,1,,0,,,1,-1,157950
3667,30541250,2,1,player_name,10501,,,0,,,30541260,gal_favor_text_30541250,,,1,,0,,,1,-1,157950
3668,30541260,2,1,player_name,10501,,,0,,,-1,gal_favor_text_30541260,,,1,,0,,,1,-1,157950
3669,30550010,2,1,,10501,,,0,,,30550020,gal_favor_text_30550010,,,2,,2,gal_bg_school_1,gal_bg_room_1,1,-1,157950
3670,30550020,2,1,,10501,,,0,,,30550030,gal_favor_text_30550020,,,2,,0,,,1,-1,157950
3671,30550030,2,1,,10501,,,0,,,30550040,gal_favor_text_30550030,,,2,,0,,,1,-1,157950
3672,30550040,2,1,player_name,10501,,,0,,,30550050,gal_favor_text_30550040,,,1,,0,,,1,-1,157950
3673,30550050,2,1,gal_name_05,10501,,,0,,,30550060,gal_favor_text_30550050,,,1,,0,,,1,-1,157950
3674,30550060,2,1,player_name,10501,,,0,,,30550070,gal_favor_text_30550060,,,1,,0,,,1,-1,157950
3675,30550070,2,1,,10501,,,0,,,30550080,gal_favor_text_30550070,,,2,,0,,,1,-1,157950
3676,30550080,2,1,gal_name_05,10501,,,0,,,30550090,gal_favor_text_30550080,,,1,,0,,,1,-1,157950
3677,30550090,2,1,gal_name_05,10501,,,0,,,30550100,gal_favor_text_30550090,,,1,,0,,,1,-1,157950
3678,30550100,2,1,player_name,10501,,,0,,,30550110,gal_favor_text_30550100,,,1,,0,,,1,-1,157950
3679,30550110,2,1,player_name,10501,,,0,,,30550120,gal_favor_text_30550110,,,1,,0,,,1,-1,157950
3680,30550120,2,1,,10501,,,0,,,30550130,gal_favor_text_30550120,,,2,,0,,,1,-1,157950
3681,30550130,2,1,player_name,10501,,,0,,,30550140,gal_favor_text_30550130,,,1,,0,,,1,-1,157950
3682,30550140,2,1,gal_name_05,10501,,,0,,,30550150,gal_favor_text_30550140,,,1,,0,,,1,-1,157950
3683,30550150,2,1,,10501,,,0,,,30550160,gal_favor_text_30550150,,,2,,0,,,1,-1,157950
3684,30550160,2,1,,10501,,,0,,,30550170,gal_favor_text_30550160,,,2,,0,,,1,-1,157950
3685,30550170,2,1,gal_name_05,10501,,,0,,,30550180,gal_favor_text_30550170,,,1,,0,,,1,-1,157950
3686,30550180,2,1,player_name,10501,,,0,,,30550190,gal_favor_text_30550180,,,1,,0,,,1,-1,157950
3687,30550190,2,1,gal_name_05,10501,,,0,,,30550200,gal_favor_text_30550190,,,1,,0,,,1,-1,157950
3688,30550200,2,1,player_name,10501,,,0,,,30550210,gal_favor_text_30550200,,,1,,0,,,1,-1,157950
3689,30550210,2,1,player_name,10501,,,0,,,30550220,gal_favor_text_30550210,,,1,,0,,,1,-1,157950
3690,30550220,2,1,,10501,,,0,,,30550230,gal_favor_text_30550220,,,2,,0,,,1,-1,157950
3691,30550230,2,1,gal_name_05,10501,,,0,,,30550240,gal_favor_text_30550230,,,1,,0,,,1,-1,157950
3692,30550240,2,1,,10501,,,0,,,30550250,gal_favor_text_30550240,,,2,,0,,,1,-1,157950
3693,30550250,2,1,player_name,10501,,,0,,,30550260,gal_favor_text_30550250,,,1,,0,,,1,-1,157950
3694,30550260,2,1,player_name,10501,,,0,,,30550270,gal_favor_text_30550260,,,1,,0,,,1,-1,157950
3695,30550270,2,1,,10501,,,0,,,30550280,gal_favor_text_30550270,,,2,,0,,,1,-1,157950
3696,30550280,2,1,gal_name_05,10501,,,0,,,30550290,gal_favor_text_30550280,,,1,,0,,,1,-1,157950
3697,30550290,2,1,,10501,,,0,,,30550300,gal_favor_text_30550290,,,2,,0,,,1,-1,157950
3698,30550300,2,1,gal_name_05,10501,,,0,,,30550310,gal_favor_text_30550300,,,1,,0,,,1,-1,157950
3699,30550310,2,1,player_name,10501,,,0,,,30550320,gal_favor_text_30550310,,,1,,0,,,1,-1,157950
3700,30550320,2,1,,10501,,,0,,,30550330,gal_favor_text_30550320,,,2,,0,,,1,-1,157950
3701,30550330,2,1,gal_name_05,10501,,,0,,,30550340,gal_favor_text_30550330,,,1,,0,,,1,-1,157950
3702,30550340,2,1,,10501,,,0,,,30550350,gal_favor_text_30550340,,,2,,0,,,1,-1,157950
3703,30550350,2,1,player_name,10501,,,0,,,30550360,gal_favor_text_30550350,,,1,,0,,,1,-1,157950
3704,30550360,2,1,,10501,,,0,,,30550370,gal_favor_text_30550360,,,2,,0,,,1,-1,157950
3705,30550370,2,1,player_name,10501,,,0,,,30550380,gal_favor_text_30550370,,,1,,0,,,1,-1,157950
3706,30550380,2,1,player_name,10501,,,0,,,30550390,gal_favor_text_30550380,,,1,,0,,,1,-1,157950
3707,30550390,2,1,,10501,,,0,,,30550400,gal_favor_text_30550390,,,2,,0,,,1,-1,157950
3708,30550400,2,1,,10501,,,0,,,30550410,gal_favor_text_30550400,,,2,,0,,,1,-1,157950
3709,30550410,2,1,player_name,10501,,,0,,,30550420,gal_favor_text_30550410,,,1,,0,,,1,-1,157950
3710,30550420,2,1,gal_name_05,10501,,,0,,,30550430,gal_favor_text_30550420,,,1,,0,,,1,-1,157950
3711,30550430,2,1,,10501,,,0,,,30550440,gal_favor_text_30550430,,,2,,0,,,1,-1,157950
3712,30550440,2,1,,10501,,,0,,,30550450,gal_favor_text_30550440,,,2,,0,,,1,-1,157950
3713,30550450,2,1,player_name,10501,,,0,,,30550460,gal_favor_text_30550450,,,1,,0,,,1,-1,157950
3714,30550460,2,1,player_name,10501,,,0,,,30550470,gal_favor_text_30550460,,,1,,0,,,1,-1,157950
3715,30550470,2,1,,10501,,,0,,,30550480,gal_favor_text_30550470,,,2,,0,,,1,-1,157950
3716,30550480,2,1,gal_name_05,10501,,,0,,,30550490,gal_favor_text_30550480,,,1,,0,,,1,-1,157950
3717,30550490,2,1,gal_name_05,10501,,,0,,,30550500,gal_favor_text_30550490,,,1,,0,,,1,-1,157950
3718,30550500,2,1,,10501,,,0,,,30550510,gal_favor_text_30550500,,,2,,0,,,1,-1,157950
3719,30550510,2,1,player_name,10501,,,0,,,30550520,gal_favor_text_30550510,,,1,,0,,,1,-1,157950
3720,30550520,2,1,gal_name_05,10501,,,0,,,30550530,gal_favor_text_30550520,,,1,,0,,,1,-1,157950
3721,30550530,2,1,,10501,,,0,,,30550540,gal_favor_text_30550530,,,2,,0,,,1,-1,157950
3722,30550540,2,1,,10501,,,0,,,30550550,gal_favor_text_30550540,,,2,,0,,,1,-1,157950
3723,30550550,2,1,gal_name_05,10501,,,0,,,30550560,gal_favor_text_30550550,,,1,,0,,,1,-1,157950
3724,30550560,2,1,gal_name_05,10501,,,0,,,30550570,gal_favor_text_30550560,,,1,,0,,,1,-1,157950
3725,30550570,2,1,player_name,10501,,,0,,,30550580,gal_favor_text_30550570,,,1,,0,,,1,-1,157950
3726,30550580,2,1,,10501,,,0,,,30550590,gal_favor_text_30550580,,,2,,0,,,1,-1,157950
3727,30550590,2,1,player_name,10501,,,0,,,30550600,gal_favor_text_30550590,,,1,,0,,,1,-1,157950
3728,30550600,2,1,gal_name_05,10501,,,0,,,30550610,gal_favor_text_30550600,,,1,,0,,,1,-1,157950
3729,30550610,2,1,player_name,10501,,,0,,,30550620,gal_favor_text_30550610,,,1,,0,,,1,-1,157950
3730,30550620,2,1,player_name,10501,,,0,,,30550630,gal_favor_text_30550620,,,1,,0,,,1,-1,157950
3731,30550630,2,1,,10501,,,0,,,30550640,gal_favor_text_30550630,,,2,,0,,,1,-1,157950
3732,30550640,2,1,,10501,,,0,,,30550650,gal_favor_text_30550640,,,2,,0,,,1,-1,157950
3733,30550650,2,1,gal_name_05,10501,,,0,,,30550660,gal_favor_text_30550650,,,1,,0,,,1,-1,157950
3734,30550660,2,1,gal_name_05,10501,,,0,,,30550670,gal_favor_text_30550660,,,1,,0,,,1,-1,157950
3735,30550670,2,1,player_name,10501,,,0,,,30550680,gal_favor_text_30550670,,,1,,0,,,1,-1,157950
3736,30550680,2,1,player_name,10501,,,0,,,30550690,gal_favor_text_30550680,,,1,,0,,,1,-1,157950
3737,30550690,2,1,gal_name_05,10501,,,0,,,30550700,gal_favor_text_30550690,,,1,,0,,,1,-1,157950
3738,30550700,2,1,player_name,10501,,,0,,,30550710,gal_favor_text_30550700,,,1,,0,,,1,-1,157950
3739,30550710,2,1,gal_name_05,10501,,,0,,,30550720,gal_favor_text_30550710,,,1,,0,,,1,-1,157950
3740,30550720,2,1,player_name,10501,,,0,,,30550730,gal_favor_text_30550720,,,1,,0,,,1,-1,157950
3741,30550730,2,1,gal_name_05,10501,,,0,,,30550740,gal_favor_text_30550730,,,1,,0,,,1,-1,157950
3742,30550740,2,1,,10501,,,0,,,30550750,gal_favor_text_30550740,,,2,,0,,,1,-1,157950
3743,30550750,2,1,player_name,10501,,,0,,,30550760,gal_favor_text_30550750,,,1,,0,,,1,-1,157950
3744,30550760,2,1,gal_name_05,10501,,,0,,,30550770,gal_favor_text_30550760,,,1,,0,,,1,-1,157950
3745,30550770,2,1,gal_name_05,10501,,,0,,,30550780,gal_favor_text_30550770,,,1,,0,,,1,-1,157950
3746,30550780,2,1,player_name,10501,,,0,,,30550790,gal_favor_text_30550780,,,1,,0,,,1,-1,157950
3747,30550790,2,1,gal_name_05,10501,,,0,,,30550800,gal_favor_text_30550790,,,1,,0,,,1,-1,157950
3748,30550800,2,1,player_name,10501,,,0,,,30550810,gal_favor_text_30550800,,,1,,0,,,1,-1,157950
3749,30550810,2,1,,10501,,,0,,,30550820,gal_favor_text_30550810,,,2,,0,,,1,-1,157950
3750,30550820,2,1,,10501,,,0,,,30550830,gal_favor_text_30550820,,,2,,0,,,1,-1,157950
3751,30550830,2,1,player_name,10501,,,0,,,30550840,gal_favor_text_30550830,,,1,,0,,,1,-1,157950
3752,30550840,2,1,gal_name_05,10501,,,0,,,30550850,gal_favor_text_30550840,,,1,,0,,,1,-1,157950
3753,30550850,2,1,gal_name_05,10501,,,0,,,30550860,gal_favor_text_30550850,,,1,,0,,,1,-1,157950
3754,30550860,2,1,gal_name_05,10501,,,0,,,30550870,gal_favor_text_30550860,,,1,,0,,,1,-1,157950
3755,30550870,2,1,player_name,10501,,,0,,,30550880,gal_favor_text_30550870,,,1,,0,,,1,-1,157950
3756,30550880,2,1,player_name,10501,,,0,,,30550890,gal_favor_text_30550880,,,1,,0,,,1,-1,157950
3757,30550890,2,1,gal_name_05,10501,,,0,,,30550900,gal_favor_text_30550890,,,1,,0,,,1,-1,157950
3758,30550900,2,1,,10501,,,0,,,30550910,gal_favor_text_30550900,,,2,,0,,,1,-1,157950
3759,30550910,2,1,player_name,10501,,,0,,,30550920,gal_favor_text_30550910,,,1,,0,,,1,-1,157950
3760,30550920,2,1,player_name,10501,,,0,,,30550930,gal_favor_text_30550920,,,1,,0,,,1,-1,157950
3761,30550930,2,1,,10501,,,0,,,30550940,gal_favor_text_30550930,,,2,,0,,,1,-1,157950
3762,30550940,2,1,,10501,,,0,,,30550950,gal_favor_text_30550940,,,2,,0,,,1,-1,157950
3763,30550950,2,1,,10501,,,0,,,30550960,gal_favor_text_30550950,,,2,,0,,,1,-1,157950
3764,30550960,2,1,player_name,10501,,,0,,,30550970,gal_favor_text_30550960,,,1,,0,,,1,-1,157950
3765,30550970,2,1,gal_name_05,10501,,,0,,,30550980,gal_favor_text_30550970,,,1,,0,,,1,-1,157950
3766,30550980,2,1,,10501,,,0,,,30550990,gal_favor_text_30550980,,,2,,0,,,1,-1,157950
3767,30550990,2,1,gal_name_05,10501,,,0,,,30551000,gal_favor_text_30550990,,,1,,0,,,1,-1,157950
3768,30551000,2,1,,10501,,,0,,,30551010,gal_favor_text_30551000,,,2,,0,,,1,-1,157950
3769,30551010,2,1,player_name,10501,,,0,,,30551020,gal_favor_text_30551010,,,1,,0,,,1,-1,157950
3770,30551020,2,1,gal_name_05,10501,,,0,,,30551030,gal_favor_text_30551020,,,1,,0,,,1,-1,157950
3771,30551030,2,1,,10501,,,0,,,30551040,gal_favor_text_30551030,,,2,,0,,,1,-1,157950
3772,30551040,2,1,player_name,10501,,,0,,,30551050,gal_favor_text_30551040,,,1,,0,,,1,-1,157950
3773,30551050,2,1,gal_name_05,10501,,,0,,,30551060,gal_favor_text_30551050,,,1,,0,,,1,-1,157950
3774,30551060,2,1,,10501,,,0,,,30551070,gal_favor_text_30551060,,,2,,0,,,1,-1,157950
3775,30551070,2,1,player_name,10501,,,0,,,30551080,gal_favor_text_30551070,,,1,,0,,,1,-1,157950
3776,30551080,2,1,gal_name_05,10501,,,0,,,30551090,gal_favor_text_30551080,,,1,,0,,,1,-1,157950
3777,30551090,2,1,,10501,,,0,,,30551100,gal_favor_text_30551090,,,2,,0,,,1,-1,157950
3778,30551100,2,1,player_name,10501,,,0,,,30551110,gal_favor_text_30551100,,,1,,0,,,1,-1,157950
3779,30551110,2,1,,10501,,,0,,,30551120,gal_favor_text_30551110,,,2,,0,,,1,-1,157950
3780,30551120,2,1,player_name,10501,,,0,,,30551130,gal_favor_text_30551120,,,1,,0,,,1,-1,157950
3781,30551130,2,1,,10501,,,0,,,30551140,gal_favor_text_30551130,,,2,,0,,,1,-1,157950
3782,30551140,2,1,gal_name_05,10501,,,0,,,30551150,gal_favor_text_30551140,,,1,,0,,,1,-1,157950
3783,30551150,2,1,player_name,10501,,,0,,,30551160,gal_favor_text_30551150,,,1,,0,,,1,-1,157950
3784,30551160,2,1,,10501,,,0,,,30551170,gal_favor_text_30551160,,,2,,0,,,1,-1,157950
3785,30551170,2,1,gal_name_05,10501,,,0,,,30551180,gal_favor_text_30551170,,,1,,0,,,1,-1,157950
3786,30551180,2,1,player_name,10501,,,0,,,30551190,gal_favor_text_30551180,,,1,,0,,,1,-1,157950
3787,30551190,2,1,,10501,,,0,,,30551200,gal_favor_text_30551190,,,2,,0,,,1,-1,157950
3788,30551200,2,1,gal_name_05,10501,,,0,,,30551210,gal_favor_text_30551200,,,1,,0,,,1,-1,157950
3789,30551210,2,1,player_name,10501,,,0,,,30551220,gal_favor_text_30551210,,,1,,0,,,1,-1,157950
3790,30551220,2,1,,10501,,,0,,,-1,gal_favor_text_30551220,,,2,,0,,,1,-1,157950
3791,30610010,2,1,,10601,,,0,,,30610020,gal_favor_text_30610010,,,2,,2,gal_bg_room_1,gal_bg_room_1,1,-1,157950
3792,30610020,2,1,gal_name_21,10601,,,0,,,30610030,gal_favor_text_30610020,,,1,,0,,,1,-1,157950
3793,30610030,2,1,gal_name_21,10601,,,0,,,30610040,gal_favor_text_30610030,,,1,,0,,,1,-1,157950
3794,30610040,2,1,gal_name_21,10601,,,0,,,30610050,gal_favor_text_30610040,,,1,,0,,,1,-1,157950
3795,30610050,2,1,gal_name_21,10601,,,0,,,30610060,gal_favor_text_30610050,,,1,,0,,,1,-1,157950
3796,30610060,2,1,player_name,10601,,,0,,,30610070,gal_favor_text_30610060,,,1,,0,,,1,-1,157950
3797,30610070,2,1,gal_name_06,10601,,,0,,,30610080,gal_favor_text_30610070,,,1,,0,,,1,-1,157950
3798,30610080,2,1,gal_name_06,10601,,,0,,,30610090,gal_favor_text_30610080,,,1,,0,,,1,-1,157950
3799,30610090,2,1,player_name,10601,,,0,,,30610100,gal_favor_text_30610090,,,1,,0,,,1,-1,157950
3800,30610100,2,1,player_name,10601,,,0,,,30610110,gal_favor_text_30610100,,,1,,0,,,1,-1,157950
3801,30610110,2,1,gal_name_06,10601,,,0,,,30610120,gal_favor_text_30610110,,,1,,0,,,1,-1,157950
3802,30610120,2,1,player_name,10601,,,0,,,30610130,gal_favor_text_30610120,,,1,,0,,,1,-1,157950
3803,30610130,2,1,gal_name_06,10601,,,0,,,30610140,gal_favor_text_30610130,,,1,,0,,,1,-1,157950
3804,30610140,2,1,player_name,10601,,,0,,,30610150,gal_favor_text_30610140,,,1,,0,,,1,-1,157950
3805,30610150,2,1,gal_name_06,10601,,,0,,,30610160,gal_favor_text_30610150,,,1,,0,,,1,-1,157950
3806,30610160,2,1,player_name,10601,,,0,,,30610170,gal_favor_text_30610160,,,1,,0,,,1,-1,157950
3807,30610170,2,1,gal_name_06,10601,,,0,,,30610180,gal_favor_text_30610170,,,1,,0,,,1,-1,157950
3808,30610180,2,1,player_name,10601,,,0,,,30610190,gal_favor_text_30610180,,,1,,0,,,1,-1,157950
3809,30610190,2,1,gal_name_06,10601,,,0,,,30610200,gal_favor_text_30610190,,,1,,0,,,1,-1,157950
3810,30610200,2,1,gal_name_06,10601,,,0,,,30610210,gal_favor_text_30610200,,,1,,0,,,1,-1,157950
3811,30610210,2,1,player_name,10601,,,0,,,30610220,gal_favor_text_30610210,,,1,,0,,,1,-1,157950
3812,30610220,2,1,gal_name_06,10601,,,0,,,30610230,gal_favor_text_30610220,,,1,,0,,,1,-1,157950
3813,30610230,2,1,player_name,10601,,,0,,,30610240,gal_favor_text_30610230,,,1,,0,,,1,-1,157950
3814,30610240,2,1,player_name,10601,,,0,,,30610250,gal_favor_text_30610240,,,1,,0,,,1,-1,157950
3815,30610250,2,1,,10601,,,0,,,30610260,gal_favor_text_30610250,,,2,,0,,,1,-1,157950
3816,30610260,2,1,player_name,10601,,,0,,,30610270,gal_favor_text_30610260,,,1,,0,,,1,-1,157950
3817,30610270,2,1,player_name,10601,,,0,,,30610280,gal_favor_text_30610270,,,1,,0,,,1,-1,157950
3818,30610280,2,1,player_name,10601,,,0,,,30610290,gal_favor_text_30610280,,,1,,0,,,1,-1,157950
3819,30610290,2,1,player_name,10601,,,0,,,30610300,gal_favor_text_30610290,,,1,,0,,,1,-1,157950
3820,30610300,2,1,gal_name_06,10601,,,0,,,30610310,gal_favor_text_30610300,,,1,,0,,,1,-1,157950
3821,30610310,2,1,player_name,10601,,,0,,,30610320,gal_favor_text_30610310,,,1,,0,,,1,-1,157950
3822,30610320,2,1,gal_name_06,10601,,,0,,,30610330,gal_favor_text_30610320,,,1,,0,,,1,-1,157950
3823,30610330,2,1,player_name,10601,,,0,,,30610340,gal_favor_text_30610330,,,1,,0,,,1,-1,157950
3824,30610340,2,1,player_name,10601,,,0,,,30610350,gal_favor_text_30610340,,,1,,0,,,1,-1,157950
3825,30610350,2,1,gal_name_06,10601,,,0,,,30610360,gal_favor_text_30610350,,,1,,0,,,1,-1,157950
3826,30610360,2,1,player_name,10601,,,0,,,30610370,gal_favor_text_30610360,,,1,,0,,,1,-1,157950
3827,30610370,2,1,player_name,10601,,,0,,,30610380,gal_favor_text_30610370,,,1,,0,,,1,-1,157950
3828,30610380,2,1,gal_name_06,10601,,,0,,,30610390,gal_favor_text_30610380,,,1,,0,,,1,-1,157950
3829,30610390,2,1,gal_name_06,10601,,,0,,,30610400,gal_favor_text_30610390,,,1,,0,,,1,-1,157950
3830,30610400,2,1,player_name,10601,,,0,,,30610410,gal_favor_text_30610400,,,1,,0,,,1,-1,157950
3831,30610410,2,1,gal_name_06,10601,,,0,,,30610420,gal_favor_text_30610410,,,1,,0,,,1,-1,157950
3832,30610420,2,1,gal_name_06,10601,,,0,,,30610430,gal_favor_text_30610420,,,1,,0,,,1,-1,157950
3833,30610430,2,1,player_name,10601,,,0,,,30610440,gal_favor_text_30610430,,,1,,0,,,1,-1,157950
3834,30610440,2,1,player_name,10601,,,0,,,30610450,gal_favor_text_30610440,,,1,,0,,,1,-1,157950
3835,30610450,2,1,gal_name_06,10601,,,0,,,30610460,gal_favor_text_30610450,,,1,,0,,,1,-1,157950
3836,30610460,2,1,gal_name_06,10601,,,0,,,30610470,gal_favor_text_30610460,,,1,,0,,,1,-1,157950
3837,30610470,2,1,gal_name_06,10601,,,0,,,30610480,gal_favor_text_30610470,,,1,,0,,,1,-1,157950
3838,30610480,2,1,player_name,10601,,,0,,,30610490,gal_favor_text_30610480,,,1,,0,,,1,-1,157950
3839,30610490,2,1,player_name,10601,,,0,,,30610500,gal_favor_text_30610490,,,1,,0,,,1,-1,157950
3840,30610500,2,1,player_name,10601,,,0,,,30610510,gal_favor_text_30610500,,,1,,0,,,1,-1,157950
3841,30610510,2,1,gal_name_06,10601,,,0,,,30610520,gal_favor_text_30610510,,,1,,0,,,1,-1,157950
3842,30610520,2,1,player_name,10601,,,0,,,30610530,gal_favor_text_30610520,,,1,,0,,,1,-1,157950
3843,30610530,2,1,player_name,10601,,,0,,,30610540,gal_favor_text_30610530,,,1,,0,,,1,-1,157950
3844,30610540,2,1,player_name,10601,,,0,,,30610550,gal_favor_text_30610540,,,1,,0,,,1,-1,157950
3845,30610550,2,1,player_name,10601,,,0,,,30610560,gal_favor_text_30610550,,,1,,0,,,1,-1,157950
3846,30610560,2,1,player_name,10601,,,0,,,30610570,gal_favor_text_30610560,,,1,,0,,,1,-1,157950
3847,30610570,2,1,player_name,10601,,,0,,,30610580,gal_favor_text_30610570,,,1,,0,,,1,-1,157950
3848,30610580,2,1,player_name,10601,,,0,,,30610590,gal_favor_text_30610580,,,1,,0,,,1,-1,157950
3849,30610590,2,1,gal_name_06,10601,,,0,,,30610600,gal_favor_text_30610590,,,1,,0,,,1,-1,157950
3850,30610600,2,1,gal_name_06,10601,,,0,,,30610610,gal_favor_text_30610600,,,1,,0,,,1,-1,157950
3851,30610610,2,1,player_name,10601,,,0,,,30610620,gal_favor_text_30610610,,,1,,0,,,1,-1,157950
3852,30610620,2,1,player_name,10601,,,0,,,30610630,gal_favor_text_30610620,,,1,,0,,,1,-1,157950
3853,30610630,2,1,player_name,10601,,,0,,,30610640,gal_favor_text_30610630,,,1,,0,,,1,-1,157950
3854,30610640,2,1,gal_name_06,10601,,,0,,,30610650,gal_favor_text_30610640,,,1,,0,,,1,-1,157950
3855,30610650,2,1,gal_name_06,10601,,,0,,,30610660,gal_favor_text_30610650,,,1,,0,,,1,-1,157950
3856,30610660,2,1,player_name,10601,,,0,,,30610670,gal_favor_text_30610660,,,1,,0,,,1,-1,157950
3857,30610670,2,1,gal_name_06,10601,,,0,,,30610680,gal_favor_text_30610670,,,1,,0,,,1,-1,157950
3858,30610680,2,1,gal_name_06,10601,,,0,,,30610690,gal_favor_text_30610680,,,1,,0,,,1,-1,157950
3859,30610690,2,1,player_name,10601,,,0,,,30610700,gal_favor_text_30610690,,,1,,0,,,1,-1,157950
3860,30610700,2,1,gal_name_06,10601,,,0,,,30610710,gal_favor_text_30610700,,,1,,0,,,1,-1,157950
3861,30610710,2,1,player_name,10601,,,0,,,30610720,gal_favor_text_30610710,,,1,,0,,,1,-1,157950
3862,30610720,2,1,gal_name_06,10601,,,0,,,30610730,gal_favor_text_30610720,,,1,,0,,,1,-1,157950
3863,30610730,2,1,player_name,10601,,,0,,,30610740,gal_favor_text_30610730,,,1,,0,,,1,-1,157950
3864,30610740,2,1,gal_name_06,10601,,,0,,,30610750,gal_favor_text_30610740,,,1,,0,,,1,-1,157950
3865,30610750,2,1,player_name,10601,,,0,,,30610760,gal_favor_text_30610750,,,1,,0,,,1,-1,157950
3866,30610760,2,1,gal_name_06,10601,,,0,,,30610770,gal_favor_text_30610760,,,1,,0,,,1,-1,157950
3867,30610770,2,1,player_name,10601,,,0,,,30610780,gal_favor_text_30610770,,,1,,0,,,1,-1,157950
3868,30610780,2,1,gal_name_06,10601,,,0,,,30610790,gal_favor_text_30610780,,,1,,0,,,1,-1,157950
3869,30610790,2,1,player_name,10601,,,0,,,30610800,gal_favor_text_30610790,,,1,,0,,,1,-1,157950
3870,30610800,2,1,gal_name_06,10601,,,0,,,30610810,gal_favor_text_30610800,,,1,,0,,,1,-1,157950
3871,30610810,2,1,player_name,10601,,,0,,,30610820,gal_favor_text_30610810,,,1,,0,,,1,-1,157950
3872,30610820,2,1,gal_name_06,10601,,,0,,,30610830,gal_favor_text_30610820,,,1,,0,,,1,-1,157950
3873,30610830,2,1,player_name,10601,,,0,,,30610840,gal_favor_text_30610830,,,1,,0,,,1,-1,157950
3874,30610840,2,1,gal_name_06,10601,,,0,,,30610850,gal_favor_text_30610840,,,1,,0,,,1,-1,157950
3875,30610850,2,1,gal_name_06,10601,,,0,,,30610860,gal_favor_text_30610850,,,1,,0,,,1,-1,157950
3876,30610860,2,1,player_name,10601,,,0,,,30610870,gal_favor_text_30610860,,,1,,0,,,1,-1,157950
3877,30610870,2,1,player_name,10601,,,0,,,30610880,gal_favor_text_30610870,,,1,,0,,,1,-1,157950
3878,30610880,2,1,player_name,10601,,,0,,,30610890,gal_favor_text_30610880,,,1,,0,,,1,-1,157950
3879,30610890,2,1,player_name,10601,,,0,,,30610900,gal_favor_text_30610890,,,1,,0,,,1,-1,157950
3880,30610900,2,1,player_name,10601,,,0,,,30610910,gal_favor_text_30610900,,,1,,0,,,1,-1,157950
3881,30610910,2,1,gal_name_06,10601,,,0,,,30610920,gal_favor_text_30610910,,,1,,0,,,1,-1,157950
3882,30610920,2,1,player_name,10601,,,0,,,30610930,gal_favor_text_30610920,,,1,,0,,,1,-1,157950
3883,30610930,2,1,gal_name_06,10601,,,0,,,30610940,gal_favor_text_30610930,,,1,,0,,,1,-1,157950
3884,30610940,2,1,player_name,10601,,,0,,,30610950,gal_favor_text_30610940,,,1,,0,,,1,-1,157950
3885,30610950,2,1,gal_name_06,10601,,,0,,,30610960,gal_favor_text_30610950,,,1,,0,,,1,-1,157950
3886,30610960,2,1,player_name,10601,,,0,,,30610970,gal_favor_text_30610960,,,1,,0,,,1,-1,157950
3887,30610970,2,1,player_name,10601,,,0,,,30610980,gal_favor_text_30610970,,,1,,0,,,1,-1,157950
3888,30610980,2,1,gal_name_06,10601,,,0,,,30610990,gal_favor_text_30610980,,,1,,0,,,1,-1,157950
3889,30610990,2,1,player_name,10601,,,0,,,30611000,gal_favor_text_30610990,,,1,,0,,,1,-1,157950
3890,30611000,2,1,player_name,10601,,,0,,,30611010,gal_favor_text_30611000,,,1,,0,,,1,-1,157950
3891,30611010,2,1,gal_name_06,10601,,,0,,,30611020,gal_favor_text_30611010,,,1,,0,,,1,-1,157950
3892,30611020,2,1,player_name,10601,,,0,,,30611030,gal_favor_text_30611020,,,1,,0,,,1,-1,157950
3893,30611030,2,1,player_name,10601,,,0,,,30611040,gal_favor_text_30611030,,,1,,0,,,1,-1,157950
3894,30611040,2,1,gal_name_06,10601,,,0,,,30611050,gal_favor_text_30611040,,,1,,0,,,1,-1,157950
3895,30611050,2,1,player_name,10601,,,0,,,30611060,gal_favor_text_30611050,,,1,,0,,,1,-1,157950
3896,30611060,2,1,gal_name_06,10601,,,0,,,30611070,gal_favor_text_30611060,,,1,,0,,,1,-1,157950
3897,30611070,2,1,gal_name_06,10601,,,0,,,30611080,gal_favor_text_30611070,,,1,,0,,,1,-1,157950
3898,30611080,2,1,gal_name_06,10601,,,0,,,30611090,gal_favor_text_30611080,,,1,,0,,,1,-1,157950
3899,30611090,2,1,player_name,10601,,,0,,,30611100,gal_favor_text_30611090,,,1,,0,,,1,-1,157950
3900,30611100,2,1,gal_name_06,10601,,,0,,,30611110,gal_favor_text_30611100,,,1,,0,,,1,-1,157950
3901,30611110,2,1,player_name,10601,,,0,,,30611120,gal_favor_text_30611110,,,1,,0,,,1,-1,157950
3902,30611120,2,1,player_name,10601,,,0,,,30611130,gal_favor_text_30611120,,,1,,0,,,1,-1,157950
3903,30611130,2,1,player_name,10601,,,0,,,30611140,gal_favor_text_30611130,,,1,,0,,,1,-1,157950
3904,30611140,2,1,player_name,10601,,,0,,,30611150,gal_favor_text_30611140,,,1,,0,,,1,-1,157950
3905,30611150,2,1,gal_name_06,10601,,,0,,,30611160,gal_favor_text_30611150,,,1,,0,,,1,-1,157950
3906,30611160,2,1,player_name,10601,,,0,,,30611170,gal_favor_text_30611160,,,1,,0,,,1,-1,157950
3907,30611170,2,1,gal_name_06,10601,,,0,,,30611180,gal_favor_text_30611170,,,1,,0,,,1,-1,157950
3908,30611180,2,1,player_name,10601,,,0,,,30611190,gal_favor_text_30611180,,,1,,0,,,1,-1,157950
3909,30611190,2,1,gal_name_06,10601,,,0,,,30611200,gal_favor_text_30611190,,,1,,0,,,1,-1,157950
3910,30611200,2,1,gal_name_06,10601,,,0,,,30611210,gal_favor_text_30611200,,,1,,0,,,1,-1,157950
3911,30611210,2,1,player_name,10601,,,0,,,30611220,gal_favor_text_30611210,,,1,,0,,,1,-1,157950
3912,30611220,2,1,player_name,10601,,,0,,,-1,gal_favor_text_30611220,,,1,,0,,,1,-1,157950
3913,30620010,2,1,,10601,,,0,,,30620020,gal_favor_text_30620010,,,2,,2,gal_bg_room_1,gal_bg_room_1,1,-1,157950
3914,30620020,2,1,player_name,10601,,,0,,,30620030,gal_favor_text_30620020,,,1,,0,,,1,-1,157950
3915,30620030,2,1,gal_name_06,10601,,,0,,,30620040,gal_favor_text_30620030,,,1,,0,,,1,-1,157950
3916,30620040,2,1,,10601,,,0,,,30620050,gal_favor_text_30620040,,,2,,0,,,1,-1,157950
3917,30620050,2,1,gal_name_06,10601,,,0,,,30620060,gal_favor_text_30620050,,,1,,0,,,1,-1,157950
3918,30620060,2,1,gal_name_06,10601,,,0,,,30620070,gal_favor_text_30620060,,,1,,0,,,1,-1,157950
3919,30620070,2,1,player_name,10601,,,0,,,30620080,gal_favor_text_30620070,,,1,,0,,,1,-1,157950
3920,30620080,2,1,gal_name_06,10601,,,0,,,30620090,gal_favor_text_30620080,,,1,,0,,,1,-1,157950
3921,30620090,2,1,player_name,10601,,,0,,,30620100,gal_favor_text_30620090,,,1,,0,,,1,-1,157950
3922,30620100,2,1,gal_name_06,10601,,,0,,,30620110,gal_favor_text_30620100,,,1,,0,,,1,-1,157950
3923,30620110,2,1,player_name,10601,,,0,,,30620120,gal_favor_text_30620110,,,1,,0,,,1,-1,157950
3924,30620120,2,1,gal_name_06,10601,,,0,,,30620130,gal_favor_text_30620120,,,1,,0,,,1,-1,157950
3925,30620130,2,1,player_name,10601,,,0,,,30620140,gal_favor_text_30620130,,,1,,0,,,1,-1,157950
3926,30620140,2,1,player_name,10601,,,0,,,30620150,gal_favor_text_30620140,,,1,,0,,,1,-1,157950
3927,30620150,2,1,player_name,10601,,,0,,,30620160,gal_favor_text_30620150,,,1,,0,,,1,-1,157950
3928,30620160,2,1,player_name,10601,,,0,,,30620170,gal_favor_text_30620160,,,1,,0,,,1,-1,157950
3929,30620170,2,1,player_name,10601,,,0,,,30620180,gal_favor_text_30620170,,,1,,0,,,1,-1,157950
3930,30620180,2,1,player_name,10601,,,0,,,30620190,gal_favor_text_30620180,,,1,,0,,,1,-1,157950
3931,30620190,2,1,,10601,,,0,,,30620200,gal_favor_text_30620190,,,2,,0,,,1,-1,157950
3932,30620200,2,1,,10601,,,0,,,30620210,gal_favor_text_30620200,,,2,,0,,,1,-1,157950
3933,30620210,2,1,gal_name_06,10601,,,0,,,30620220,gal_favor_text_30620210,,,1,,0,,,1,-1,157950
3934,30620220,2,1,player_name,10601,,,0,,,30620230,gal_favor_text_30620220,,,1,,0,,,1,-1,157950
3935,30620230,2,1,gal_name_06,10601,,,0,,,30620240,gal_favor_text_30620230,,,1,,0,,,1,-1,157950
3936,30620240,2,1,player_name,10601,,,0,,,30620250,gal_favor_text_30620240,,,1,,0,,,1,-1,157950
3937,30620250,2,1,gal_name_06,10601,,,0,,,30620260,gal_favor_text_30620250,,,1,,0,,,1,-1,157950
3938,30620260,2,1,,10601,,,0,,,30620270,gal_favor_text_30620260,,,2,,0,,,1,-1,157950
3939,30620270,2,1,player_name,10601,,,0,,,30620280,gal_favor_text_30620270,,,1,,0,,,1,-1,157950
3940,30620280,2,1,gal_name_06,10601,,,0,,,30620290,gal_favor_text_30620280,,,1,,0,,,1,-1,157950
3941,30620290,2,1,player_name,10601,,,0,,,30620300,gal_favor_text_30620290,,,1,,0,,,1,-1,157950
3942,30620300,2,1,,10601,,,0,,,30620310,gal_favor_text_30620300,,,2,,0,,,1,-1,157950
3943,30620310,2,1,player_name,10601,,,0,,,30620320,gal_favor_text_30620310,,,1,,0,,,1,-1,157950
3944,30620320,2,1,player_name,10601,,,0,,,30620330,gal_favor_text_30620320,,,1,,0,,,1,-1,157950
3945,30620330,2,1,gal_name_06,10601,,,0,,,30620340,gal_favor_text_30620330,,,1,,0,,,1,-1,157950
3946,30620340,2,1,player_name,10601,,,0,,,30620350,gal_favor_text_30620340,,,1,,0,,,1,-1,157950
3947,30620350,2,1,player_name,10601,,,0,,,30620360,gal_favor_text_30620350,,,1,,0,,,1,-1,157950
3948,30620360,2,1,,10601,,,0,,,30620370,gal_favor_text_30620360,,,2,,0,,,1,-1,157950
3949,30620370,2,1,player_name,10601,,,0,,,30620380,gal_favor_text_30620370,,,1,,0,,,1,-1,157950
3950,30620380,2,1,gal_name_06,10601,,,0,,,30620390,gal_favor_text_30620380,,,1,,0,,,1,-1,157950
3951,30620390,2,1,gal_name_06,10601,,,0,,,30620400,gal_favor_text_30620390,,,1,,0,,,1,-1,157950
3952,30620400,2,1,player_name,10601,,,0,,,30620410,gal_favor_text_30620400,,,1,,0,,,1,-1,157950
3953,30620410,2,1,,10601,,,0,,,30620420,gal_favor_text_30620410,,,2,,0,,,1,-1,157950
3954,30620420,2,1,gal_name_06,10601,,,0,,,30620430,gal_favor_text_30620420,,,1,,0,,,1,-1,157950
3955,30620430,2,1,player_name,10601,,,0,,,30620440,gal_favor_text_30620430,,,1,,0,,,1,-1,157950
3956,30620440,2,1,gal_name_06,10601,,,0,,,30620450,gal_favor_text_30620440,,,1,,0,,,1,-1,157950
3957,30620450,2,1,gal_name_06,10601,,,0,,,30620460,gal_favor_text_30620450,,,1,,0,,,1,-1,157950
3958,30620460,2,1,player_name,10601,,,0,,,30620470,gal_favor_text_30620460,,,1,,0,,,1,-1,157950
3959,30620470,2,1,gal_name_06,10601,,,0,,,30620480,gal_favor_text_30620470,,,1,,0,,,1,-1,157950
3960,30620480,2,1,,10601,,,0,,,30620490,gal_favor_text_30620480,,,2,,0,,,1,-1,157950
3961,30620490,2,1,player_name,10601,,,0,,,30620500,gal_favor_text_30620490,,,1,,0,,,1,-1,157950
3962,30620500,2,1,,10601,,,0,,,30620510,gal_favor_text_30620500,,,2,,0,,,1,-1,157950
3963,30620510,2,1,,10601,,,0,,,30620520,gal_favor_text_30620510,,,2,,0,,,1,-1,157950
3964,30620520,2,1,,10601,,,0,,,30620530,gal_favor_text_30620520,,,2,,0,,,1,-1,157950
3965,30620530,2,1,gal_name_06,10601,,,0,,,30620540,gal_favor_text_30620530,,,1,,0,,,1,-1,157950
3966,30620540,2,1,player_name,10601,,,0,,,30620550,gal_favor_text_30620540,,,1,,0,,,1,-1,157950
3967,30620550,2,1,,10601,,,0,,,30620560,gal_favor_text_30620550,,,2,,0,,,1,-1,157950
3968,30620560,2,1,player_name,10601,,,0,,,30620570,gal_favor_text_30620560,,,1,,0,,,1,-1,157950
3969,30620570,2,1,gal_name_06,10601,,,0,,,30620580,gal_favor_text_30620570,,,1,,0,,,1,-1,157950
3970,30620580,2,1,,10601,,,0,,,30620590,gal_favor_text_30620580,,,2,,0,,,1,-1,157950
3971,30620590,2,1,gal_name_06,10601,,,0,,,30620600,gal_favor_text_30620590,,,1,,0,,,1,-1,157950
3972,30620600,2,1,gal_name_06,10601,,,0,,,30620610,gal_favor_text_30620600,,,1,,0,,,1,-1,157950
3973,30620610,2,1,player_name,10601,,,0,,,30620620,gal_favor_text_30620610,,,1,,0,,,1,-1,157950
3974,30620620,2,1,gal_name_06,10601,,,0,,,30620630,gal_favor_text_30620620,,,1,,0,,,1,-1,157950
3975,30620630,2,1,player_name,10601,,,0,,,30620640,gal_favor_text_30620630,,,1,,0,,,1,-1,157950
3976,30620640,2,1,gal_name_06,10601,,,0,,,30620650,gal_favor_text_30620640,,,1,,0,,,1,-1,157950
3977,30620650,2,1,player_name,10601,,,0,,,30620660,gal_favor_text_30620650,,,1,,0,,,1,-1,157950
3978,30620660,2,1,,10601,,,0,,,30620670,gal_favor_text_30620660,,,2,,0,,,1,-1,157950
3979,30620670,2,1,player_name,10601,,,0,,,30620680,gal_favor_text_30620670,,,1,,0,,,1,-1,157950
3980,30620680,2,1,,10601,,,0,,,30620690,gal_favor_text_30620680,,,2,,0,,,1,-1,157950
3981,30620690,2,1,player_name,10601,,,0,,,30620700,gal_favor_text_30620690,,,1,,0,,,1,-1,157950
3982,30620700,2,1,player_name,10601,,,0,,,30620710,gal_favor_text_30620700,,,1,,0,,,1,-1,157950
3983,30620710,2,1,player_name,10601,,,0,,,30620720,gal_favor_text_30620710,,,1,,0,,,1,-1,157950
3984,30620720,2,1,,10601,,,0,,,30620730,gal_favor_text_30620720,,,2,,0,,,1,-1,157950
3985,30620730,2,1,,10601,,,0,,,30620740,gal_favor_text_30620730,,,2,,0,,,1,-1,157950
3986,30620740,2,1,,10601,,,0,,,30620750,gal_favor_text_30620740,,,2,,0,,,1,-1,157950
3987,30620750,2,1,gal_name_06,10601,,,0,,,30620760,gal_favor_text_30620750,,,1,,0,,,1,-1,157950
3988,30620760,2,1,player_name,10601,,,0,,,30620770,gal_favor_text_30620760,,,1,,0,,,1,-1,157950
3989,30620770,2,1,gal_name_06,10601,,,0,,,30620780,gal_favor_text_30620770,,,1,,0,,,1,-1,157950
3990,30620780,2,1,player_name,10601,,,0,,,30620790,gal_favor_text_30620780,,,1,,0,,,1,-1,157950
3991,30620790,2,1,,10601,,,0,,,30620800,gal_favor_text_30620790,,,2,,0,,,1,-1,157950
3992,30620800,2,1,gal_name_06,10601,,,0,,,30620810,gal_favor_text_30620800,,,1,,0,,,1,-1,157950
3993,30620810,2,1,,10601,,,0,,,30620820,gal_favor_text_30620810,,,2,,0,,,1,-1,157950
3994,30620820,2,1,,10601,,,0,,,30620830,gal_favor_text_30620820,,,2,,0,,,1,-1,157950
3995,30620830,2,1,player_name,10601,,,0,,,30620840,gal_favor_text_30620830,,,1,,0,,,1,-1,157950
3996,30620840,2,1,player_name,10601,,,0,,,30620850,gal_favor_text_30620840,,,1,,0,,,1,-1,157950
3997,30620850,2,1,,10601,,,0,,,30620860,gal_favor_text_30620850,,,2,,0,,,1,-1,157950
3998,30620860,2,1,player_name,10601,,,0,,,30620870,gal_favor_text_30620860,,,1,,0,,,1,-1,157950
3999,30620870,2,1,gal_name_06,10601,,,0,,,30620880,gal_favor_text_30620870,,,1,,0,,,1,-1,157950
4000,30620880,2,1,player_name,10601,,,0,,,30620890,gal_favor_text_30620880,,,1,,0,,,1,-1,157950
4001,30620890,2,1,gal_name_06,10601,,,0,,,30620900,gal_favor_text_30620890,,,1,,0,,,1,-1,157950
4002,30620900,2,1,gal_name_06,10601,,,0,,,30620910,gal_favor_text_30620900,,,1,,0,,,1,-1,157950
4003,30620910,2,1,gal_name_06,10601,,,0,,,30620920,gal_favor_text_30620910,,,1,,0,,,1,-1,157950
4004,30620920,2,1,player_name,10601,,,0,,,30620930,gal_favor_text_30620920,,,1,,0,,,1,-1,157950
4005,30620930,2,1,gal_name_06,10601,,,0,,,30620940,gal_favor_text_30620930,,,1,,0,,,1,-1,157950
4006,30620940,2,1,gal_name_06,10601,,,0,,,30620950,gal_favor_text_30620940,,,1,,0,,,1,-1,157950
4007,30620950,2,1,gal_name_06,10601,,,0,,,30620960,gal_favor_text_30620950,,,1,,0,,,1,-1,157950
4008,30620960,2,1,player_name,10601,,,0,,,30620970,gal_favor_text_30620960,,,1,,0,,,1,-1,157950
4009,30620970,2,1,,10601,,,0,,,30620980,gal_favor_text_30620970,,,2,,0,,,1,-1,157950
4010,30620980,2,1,player_name,10601,,,0,,,30620990,gal_favor_text_30620980,,,1,,0,,,1,-1,157950
4011,30620990,2,1,,10601,,,0,,,30621000,gal_favor_text_30620990,,,2,,0,,,1,-1,157950
4012,30621000,2,1,player_name,10601,,,0,,,30621010,gal_favor_text_30621000,,,1,,0,,,1,-1,157950
4013,30621010,2,1,player_name,10601,,,0,,,30621020,gal_favor_text_30621010,,,1,,0,,,1,-1,157950
4014,30621020,2,1,player_name,10601,,,0,,,30621030,gal_favor_text_30621020,,,1,,0,,,1,-1,157950
4015,30621030,2,1,,10601,,,0,,,30621040,gal_favor_text_30621030,,,2,,0,,,1,-1,157950
4016,30621040,2,1,player_name,10601,,,0,,,30621050,gal_favor_text_30621040,,,1,,0,,,1,-1,157950
4017,30621050,2,1,gal_name_06,10601,,,0,,,30621060,gal_favor_text_30621050,,,1,,0,,,1,-1,157950
4018,30621060,2,1,player_name,10601,,,0,,,30621070,gal_favor_text_30621060,,,1,,0,,,1,-1,157950
4019,30621070,2,1,gal_name_06,10601,,,0,,,30621080,gal_favor_text_30621070,,,1,,0,,,1,-1,157950
4020,30621080,2,1,,10601,,,0,,,30621090,gal_favor_text_30621080,,,2,,0,,,1,-1,157950
4021,30621090,2,1,player_name,10601,,,0,,,30621100,gal_favor_text_30621090,,,1,,0,,,1,-1,157950
4022,30621100,2,1,player_name,10601,,,0,,,30621110,gal_favor_text_30621100,,,1,,0,,,1,-1,157950
4023,30621110,2,1,,10601,,,0,,,30621120,gal_favor_text_30621110,,,2,,0,,,1,-1,157950
4024,30621120,2,1,,10601,,,0,,,30621130,gal_favor_text_30621120,,,2,,0,,,1,-1,157950
4025,30621130,2,1,player_name,10601,,,0,,,30621140,gal_favor_text_30621130,,,1,,0,,,1,-1,157950
4026,30621140,2,1,gal_name_06,10601,,,0,,,30621150,gal_favor_text_30621140,,,1,,0,,,1,-1,157950
4027,30621150,2,1,,10601,,,0,,,30621160,gal_favor_text_30621150,,,2,,0,,,1,-1,157950
4028,30621160,2,1,player_name,10601,,,0,,,30621170,gal_favor_text_30621160,,,1,,0,,,1,-1,157950
4029,30621170,2,1,gal_name_06,10601,,,0,,,30621180,gal_favor_text_30621170,,,1,,0,,,1,-1,157950
4030,30621180,2,1,player_name,10601,,,0,,,30621190,gal_favor_text_30621180,,,1,,0,,,1,-1,157950
4031,30621190,2,1,,10601,,,0,,,30621200,gal_favor_text_30621190,,,2,,0,,,1,-1,157950
4032,30621200,2,1,player_name,10601,,,0,,,30621210,gal_favor_text_30621200,,,1,,0,,,1,-1,157950
4033,30621210,2,1,player_name,10601,,,0,,,30621220,gal_favor_text_30621210,,,1,,0,,,1,-1,157950
4034,30621220,2,1,gal_name_06,10601,,,0,,,30621230,gal_favor_text_30621220,,,1,,0,,,1,-1,157950
4035,30621230,2,1,player_name,10601,,,0,,,30621240,gal_favor_text_30621230,,,1,,0,,,1,-1,157950
4036,30621240,2,1,gal_name_06,10601,,,0,,,30621250,gal_favor_text_30621240,,,1,,0,,,1,-1,157950
4037,30621250,2,1,player_name,10601,,,0,,,30621260,gal_favor_text_30621250,,,1,,0,,,1,-1,157950
4038,30621260,2,1,gal_name_06,10601,,,0,,,30621270,gal_favor_text_30621260,,,1,,0,,,1,-1,157950
4039,30621270,2,1,player_name,10601,,,0,,,30621280,gal_favor_text_30621270,,,1,,0,,,1,-1,157950
4040,30621280,2,1,player_name,10601,,,0,,,30621290,gal_favor_text_30621280,,,1,,0,,,1,-1,157950
4041,30621290,2,1,player_name,10601,,,0,,,30621300,gal_favor_text_30621290,,,1,,0,,,1,-1,157950
4042,30621300,2,1,player_name,10601,,,0,,,30621310,gal_favor_text_30621300,,,1,,0,,,1,-1,157950
4043,30621310,2,1,player_name,10601,,,0,,,30621320,gal_favor_text_30621310,,,1,,0,,,1,-1,157950
4044,30621320,2,1,,10601,,,0,,,30621330,gal_favor_text_30621320,,,2,,0,,,1,-1,157950
4045,30621330,2,1,player_name,10601,,,0,,,30621340,gal_favor_text_30621330,,,1,,0,,,1,-1,157950
4046,30621340,2,1,player_name,10601,,,0,,,30621350,gal_favor_text_30621340,,,1,,0,,,1,-1,157950
4047,30621350,2,1,gal_name_06,10601,,,0,,,30621360,gal_favor_text_30621350,,,1,,0,,,1,-1,157950
4048,30621360,2,1,,10601,,,0,,,30621370,gal_favor_text_30621360,,,2,,0,,,1,-1,157950
4049,30621370,2,1,player_name,10601,,,0,,,30621380,gal_favor_text_30621370,,,1,,0,,,1,-1,157950
4050,30621380,2,1,gal_name_06,10601,,,0,,,30621390,gal_favor_text_30621380,,,1,,0,,,1,-1,157950
4051,30621390,2,1,player_name,10601,,,0,,,30621400,gal_favor_text_30621390,,,1,,0,,,1,-1,157950
4052,30621400,2,1,gal_name_06,10601,,,0,,,30621410,gal_favor_text_30621400,,,1,,0,,,1,-1,157950
4053,30621410,2,1,player_name,10601,,,0,,,30621420,gal_favor_text_30621410,,,1,,0,,,1,-1,157950
4054,30621420,2,1,player_name,10601,,,0,,,30621430,gal_favor_text_30621420,,,1,,0,,,1,-1,157950
4055,30621430,2,1,player_name,10601,,,0,,,30621440,gal_favor_text_30621430,,,1,,0,,,1,-1,157950
4056,30621440,2,1,gal_name_06,10601,,,0,,,30621450,gal_favor_text_30621440,,,1,,0,,,1,-1,157950
4057,30621450,2,1,gal_name_06,10601,,,0,,,30621460,gal_favor_text_30621450,,,1,,0,,,1,-1,157950
4058,30621460,2,1,gal_name_06,10601,,,0,,,30621470,gal_favor_text_30621460,,,1,,0,,,1,-1,157950
4059,30621470,2,1,gal_name_06,10601,,,0,,,30621480,gal_favor_text_30621470,,,1,,0,,,1,-1,157950
4060,30621480,2,1,player_name,10601,,,0,,,30621490,gal_favor_text_30621480,,,1,,0,,,1,-1,157950
4061,30621490,2,1,player_name,10601,,,0,,,30621500,gal_favor_text_30621490,,,1,,0,,,1,-1,157950
4062,30621500,2,1,gal_name_06,10601,,,0,,,30621510,gal_favor_text_30621500,,,1,,0,,,1,-1,157950
4063,30621510,2,1,player_name,10601,,,0,,,30621520,gal_favor_text_30621510,,,1,,0,,,1,-1,157950
4064,30621520,2,1,gal_name_06,10601,,,0,,,30621530,gal_favor_text_30621520,,,1,,0,,,1,-1,157950
4065,30621530,2,1,,10601,,,0,,,30621540,gal_favor_text_30621530,,,2,,0,,,1,-1,157950
4066,30621540,2,1,gal_name_06,10601,,,0,,,30621550,gal_favor_text_30621540,,,1,,0,,,1,-1,157950
4067,30621550,2,1,player_name,10601,,,0,,,30621560,gal_favor_text_30621550,,,1,,0,,,1,-1,157950
4068,30621560,2,1,player_name,10601,,,0,,,-1,gal_favor_text_30621560,,,1,,0,,,1,-1,157950
4069,30630010,2,1,,10601,,,0,,,30630020,gal_favor_text_30630010,,,2,,2,gal_bg_room_4,gal_bg_room_1,1,-1,157950
4070,30630020,2,1,,10601,,,0,,,30630030,gal_favor_text_30630020,,,2,,0,,,1,-1,157950
4071,30630030,2,1,,10601,,,0,,,30630040,gal_favor_text_30630030,,,2,,0,,,1,-1,157950
4072,30630040,2,1,,10601,,,0,,,30630050,gal_favor_text_30630040,,,2,,0,,,1,-1,157950
4073,30630050,2,1,,10601,,,0,,,30630060,gal_favor_text_30630050,,,2,,0,,,1,-1,157950
4074,30630060,2,1,,10601,,,0,,,30630070,gal_favor_text_30630060,,,2,,0,,,1,-1,157950
4075,30630070,2,1,player_name,10601,,,0,,,30630080,gal_favor_text_30630070,,,1,,0,,,1,-1,157950
4076,30630080,2,1,gal_name_06,10601,,,0,,,30630090,gal_favor_text_30630080,,,1,,0,,,1,-1,157950
4077,30630090,2,1,gal_name_06,10601,,,0,,,30630100,gal_favor_text_30630090,,,1,,0,,,1,-1,157950
4078,30630100,2,1,gal_name_06,10601,,,0,,,30630110,gal_favor_text_30630100,,,1,,0,,,1,-1,157950
4079,30630110,2,1,player_name,10601,,,0,,,30630120,gal_favor_text_30630110,,,1,,0,,,1,-1,157950
4080,30630120,2,1,,10601,,,0,,,30630130,gal_favor_text_30630120,,,2,,0,,,1,-1,157950
4081,30630130,2,1,player_name,10601,,,0,,,30630140,gal_favor_text_30630130,,,1,,0,,,1,-1,157950
4082,30630140,2,1,gal_name_06,10601,,,0,,,30630150,gal_favor_text_30630140,,,1,,0,,,1,-1,157950
4083,30630150,2,1,player_name,10601,,,0,,,30630160,gal_favor_text_30630150,,,1,,0,,,1,-1,157950
4084,30630160,2,1,gal_name_06,10601,,,0,,,30630170,gal_favor_text_30630160,,,1,,0,,,1,-1,157950
4085,30630170,2,1,player_name,10601,,,0,,,30630180,gal_favor_text_30630170,,,1,,0,,,1,-1,157950
4086,30630180,2,1,gal_name_06,10601,,,0,,,30630190,gal_favor_text_30630180,,,1,,0,,,1,-1,157950
4087,30630190,2,1,gal_name_06,10601,,,0,,,30630200,gal_favor_text_30630190,,,1,,0,,,1,-1,157950
4088,30630200,2,1,,10601,,,0,,,30630210,gal_favor_text_30630200,,,2,,0,,,1,-1,157950
4089,30630210,2,1,gal_name_31,10601,,,0,,,30630220,gal_favor_text_30630210,,,1,,0,,,1,-1,157950
4090,30630220,2,1,player_name,10601,,,0,,,30630230,gal_favor_text_30630220,,,1,,0,,,1,-1,157950
4091,30630230,2,1,gal_name_31,10601,,,0,,,30630240,gal_favor_text_30630230,,,1,,0,,,1,-1,157950
4092,30630240,2,1,gal_name_31,10601,,,0,,,30630250,gal_favor_text_30630240,,,1,,0,,,1,-1,157950
4093,30630250,2,1,player_name,10601,,,0,,,30630260,gal_favor_text_30630250,,,1,,0,,,1,-1,157950
4094,30630260,2,1,,10601,,,0,,,30630270,gal_favor_text_30630260,,,2,,0,,,1,-1,157950
4095,30630270,2,1,gal_name_31,10601,,,0,,,30630280,gal_favor_text_30630270,,,1,,0,,,1,-1,157950
4096,30630280,2,1,,10601,,,0,,,30630290,gal_favor_text_30630280,,,2,,0,,,1,-1,157950
4097,30630290,2,1,player_name,10601,,,0,,,30630300,gal_favor_text_30630290,,,1,,0,,,1,-1,157950
4098,30630300,2,1,gal_name_06,10601,,,0,,,30630310,gal_favor_text_30630300,,,1,,0,,,1,-1,157950
4099,30630310,2,1,player_name,10601,,,0,,,30630320,gal_favor_text_30630310,,,1,,0,,,1,-1,157950
4100,30630320,2,1,,10601,,,0,,,30630330,gal_favor_text_30630320,,,2,,0,,,1,-1,157950
4101,30630330,2,1,,10601,,,0,,,30630340,gal_favor_text_30630330,,,2,,0,,,1,-1,157950
4102,30630340,2,1,gal_name_10,10601,,,0,,,30630350,gal_favor_text_30630340,,,1,,0,,,1,-1,157950
4103,30630350,2,1,gal_name_06,10601,,,0,,,30630360,gal_favor_text_30630350,,,1,,0,,,1,-1,157950
4104,30630360,2,1,gal_name_10,10601,,,0,,,30630370,gal_favor_text_30630360,,,1,,0,,,1,-1,157950
4105,30630370,2,1,gal_name_06,10601,,,0,,,30630380,gal_favor_text_30630370,,,1,,0,,,1,-1,157950
4106,30630380,2,1,,10601,,,0,,,30630390,gal_favor_text_30630380,,,2,,0,,,1,-1,157950
4107,30630390,2,1,,10601,,,0,,,30630400,gal_favor_text_30630390,,,2,,0,,,1,-1,157950
4108,30630400,2,1,player_name,10601,,,0,,,30630410,gal_favor_text_30630400,,,1,,0,,,1,-1,157950
4109,30630410,2,1,,10601,,,0,,,30630420,gal_favor_text_30630410,,,2,,0,,,1,-1,157950
4110,30630420,2,1,gal_name_06,10601,,,0,,,30630430,gal_favor_text_30630420,,,1,,0,,,1,-1,157950
4111,30630430,2,1,player_name,10601,,,0,,,30630440,gal_favor_text_30630430,,,1,,0,,,1,-1,157950
4112,30630440,2,1,gal_name_06,10601,,,0,,,30630450,gal_favor_text_30630440,,,1,,0,,,1,-1,157950
4113,30630450,2,1,,10601,,,0,,,30630460,gal_favor_text_30630450,,,2,,0,,,1,-1,157950
4114,30630460,2,1,gal_name_06,10601,,,0,,,30630470,gal_favor_text_30630460,,,1,,0,,,1,-1,157950
4115,30630470,2,1,gal_name_06,10601,,,0,,,30630480,gal_favor_text_30630470,,,1,,0,,,1,-1,157950
4116,30630480,2,1,gal_name_06,10601,,,0,,,30630490,gal_favor_text_30630480,,,1,,0,,,1,-1,157950
4117,30630490,2,1,player_name,10601,,,0,,,30630500,gal_favor_text_30630490,,,1,,0,,,1,-1,157950
4118,30630500,2,1,player_name,10601,,,0,,,30630510,gal_favor_text_30630500,,,1,,0,,,1,-1,157950
4119,30630510,2,1,gal_name_06,10601,,,0,,,30630520,gal_favor_text_30630510,,,1,,0,,,1,-1,157950
4120,30630520,2,1,,10601,,,0,,,30630530,gal_favor_text_30630520,,,2,,0,,,1,-1,157950
4121,30630530,2,1,,10601,,,0,,,30630540,gal_favor_text_30630530,,,2,,0,,,1,-1,157950
4122,30630540,2,1,,10601,,,0,,,30630550,gal_favor_text_30630540,,,2,,0,,,1,-1,157950
4123,30630550,2,1,player_name,10601,,,0,,,30630560,gal_favor_text_30630550,,,1,,0,,,1,-1,157950
4124,30630560,2,1,player_name,10601,,,0,,,30630570,gal_favor_text_30630560,,,1,,0,,,1,-1,157950
4125,30630570,2,1,,10601,,,0,,,30630580,gal_favor_text_30630570,,,2,,0,,,1,-1,157950
4126,30630580,2,1,,10601,,,0,,,30630590,gal_favor_text_30630580,,,2,,0,,,1,-1,157950
4127,30630590,2,1,player_name,10601,,,0,,,30630600,gal_favor_text_30630590,,,1,,0,,,1,-1,157950
4128,30630600,2,1,player_name,10601,,,0,,,30630610,gal_favor_text_30630600,,,1,,0,,,1,-1,157950
4129,30630610,2,1,gal_name_06,10601,,,0,,,30630620,gal_favor_text_30630610,,,1,,0,,,1,-1,157950
4130,30630620,2,1,gal_name_06,10601,,,0,,,30630630,gal_favor_text_30630620,,,1,,0,,,1,-1,157950
4131,30630630,2,1,gal_name_06,10601,,,0,,,30630640,gal_favor_text_30630630,,,1,,0,,,1,-1,157950
4132,30630640,2,1,,10601,,,0,,,30630650,gal_favor_text_30630640,,,2,,0,,,1,-1,157950
4133,30630650,2,1,player_name,10601,,,0,,,30630660,gal_favor_text_30630650,,,1,,0,,,1,-1,157950
4134,30630660,2,1,player_name,10601,,,0,,,30630670,gal_favor_text_30630660,,,1,,0,,,1,-1,157950
4135,30630670,2,1,player_name,10601,,,0,,,30630680,gal_favor_text_30630670,,,1,,0,,,1,-1,157950
4136,30630680,2,1,,10601,,,0,,,30630690,gal_favor_text_30630680,,,2,,0,,,1,-1,157950
4137,30630690,2,1,,10601,,,0,,,30630700,gal_favor_text_30630690,,,2,,0,,,1,-1,157950
4138,30630700,2,1,,10601,,,0,,,30630710,gal_favor_text_30630700,,,2,,0,,,1,-1,157950
4139,30630710,2,1,,10601,,,0,,,30630720,gal_favor_text_30630710,,,2,,0,,,1,-1,157950
4140,30630720,2,1,gal_name_06,10601,,,0,,,30630730,gal_favor_text_30630720,,,1,,0,,,1,-1,157950
4141,30630730,2,1,player_name,10601,,,0,,,30630740,gal_favor_text_30630730,,,1,,0,,,1,-1,157950
4142,30630740,2,1,player_name,10601,,,0,,,30630750,gal_favor_text_30630740,,,1,,0,,,1,-1,157950
4143,30630750,2,1,gal_name_06,10601,,,0,,,30630760,gal_favor_text_30630750,,,1,,0,,,1,-1,157950
4144,30630760,2,1,gal_name_06,10601,,,0,,,30630770,gal_favor_text_30630760,,,1,,0,,,1,-1,157950
4145,30630770,2,1,player_name,10601,,,0,,,30630780,gal_favor_text_30630770,,,1,,0,,,1,-1,157950
4146,30630780,2,1,gal_name_06,10601,,,0,,,30630790,gal_favor_text_30630780,,,1,,0,,,1,-1,157950
4147,30630790,2,1,gal_name_06,10601,,,0,,,30630800,gal_favor_text_30630790,,,1,,0,,,1,-1,157950
4148,30630800,2,1,player_name,10601,,,0,,,30630810,gal_favor_text_30630800,,,1,,0,,,1,-1,157950
4149,30630810,2,1,gal_name_06,10601,,,0,,,30630820,gal_favor_text_30630810,,,1,,0,,,1,-1,157950
4150,30630820,2,1,,10601,,,0,,,30630830,gal_favor_text_30630820,,,2,,0,,,1,-1,157950
4151,30630830,2,1,gal_name_06,10601,,,0,,,30630840,gal_favor_text_30630830,,,1,,0,,,1,-1,157950
4152,30630840,2,1,player_name,10601,,,0,,,30630850,gal_favor_text_30630840,,,1,,0,,,1,-1,157950
4153,30630850,2,1,gal_name_06,10601,,,0,,,30630860,gal_favor_text_30630850,,,1,,0,,,1,-1,157950
4154,30630860,2,1,player_name,10601,,,0,,,30630870,gal_favor_text_30630860,,,1,,0,,,1,-1,157950
4155,30630870,2,1,player_name,10601,,,0,,,30630880,gal_favor_text_30630870,,,1,,0,,,1,-1,157950
4156,30630880,2,1,,10601,,,0,,,30630890,gal_favor_text_30630880,,,2,,0,,,1,-1,157950
4157,30630890,2,1,gal_name_06,10601,,,0,,,30630900,gal_favor_text_30630890,,,1,,0,,,1,-1,157950
4158,30630900,2,1,gal_name_06,10601,,,0,,,30630910,gal_favor_text_30630900,,,1,,0,,,1,-1,157950
4159,30630910,2,1,player_name,10601,,,0,,,30630920,gal_favor_text_30630910,,,1,,0,,,1,-1,157950
4160,30630920,2,1,,10601,,,0,,,30630930,gal_favor_text_30630920,,,2,,0,,,1,-1,157950
4161,30630930,2,1,gal_name_06,10601,,,0,,,30630940,gal_favor_text_30630930,,,1,,0,,,1,-1,157950
4162,30630940,2,1,gal_name_06,10601,,,0,,,30630950,gal_favor_text_30630940,,,1,,0,,,1,-1,157950
4163,30630950,2,1,,10601,,,0,,,30630960,gal_favor_text_30630950,,,2,,0,,,1,-1,157950
4164,30630960,2,1,,10601,,,0,,,30630970,gal_favor_text_30630960,,,2,,0,,,1,-1,157950
4165,30630970,2,1,,10601,,,0,,,30630980,gal_favor_text_30630970,,,2,,0,,,1,-1,157950
4166,30630980,2,1,gal_name_06,10601,,,0,,,30630990,gal_favor_text_30630980,,,1,,0,,,1,-1,157950
4167,30630990,2,1,gal_name_06,10601,,,0,,,30631000,gal_favor_text_30630990,,,1,,0,,,1,-1,157950
4168,30631000,2,1,,10601,,,0,,,30631010,gal_favor_text_30631000,,,2,,0,,,1,-1,157950
4169,30631010,2,1,gal_name_06,10601,,,0,,,30631020,gal_favor_text_30631010,,,1,,0,,,1,-1,157950
4170,30631020,2,1,,10601,,,0,,,30631030,gal_favor_text_30631020,,,2,,0,,,1,-1,157950
4171,30631030,2,1,,10601,,,0,,,30631040,gal_favor_text_30631030,,,2,,0,,,1,-1,157950
4172,30631040,2,1,gal_name_06,10601,,,0,,,30631050,gal_favor_text_30631040,,,1,,0,,,1,-1,157950
4173,30631050,2,1,,10601,,,0,,,30631060,gal_favor_text_30631050,,,2,,0,,,1,-1,157950
4174,30631060,2,1,gal_name_06,10601,,,0,,,30631070,gal_favor_text_30631060,,,1,,0,,,1,-1,157950
4175,30631070,2,1,player_name,10601,,,0,,,30631080,gal_favor_text_30631070,,,1,,0,,,1,-1,157950
4176,30631080,2,1,gal_name_06,10601,,,0,,,30631090,gal_favor_text_30631080,,,1,,0,,,1,-1,157950
4177,30631090,2,1,gal_name_06,10601,,,0,,,30631100,gal_favor_text_30631090,,,1,,0,,,1,-1,157950
4178,30631100,2,1,,10601,,,0,,,30631110,gal_favor_text_30631100,,,2,,0,,,1,-1,157950
4179,30631110,2,1,,10601,,,0,,,30631120,gal_favor_text_30631110,,,2,,0,,,1,-1,157950
4180,30631120,2,1,gal_name_06,10601,,,0,,,30631130,gal_favor_text_30631120,,,1,,0,,,1,-1,157950
4181,30631130,2,1,,10601,,,0,,,30631140,gal_favor_text_30631130,,,2,,0,,,1,-1,157950
4182,30631140,2,1,,10601,,,0,,,30631150,gal_favor_text_30631140,,,2,,0,,,1,-1,157950
4183,30631150,2,1,,10601,,,0,,,30631160,gal_favor_text_30631150,,,2,,0,,,1,-1,157950
4184,30631160,2,1,gal_name_06,10601,,,0,,,30631170,gal_favor_text_30631160,,,1,,0,,,1,-1,157950
4185,30631170,2,1,,10601,,,0,,,30631180,gal_favor_text_30631170,,,2,,0,,,1,-1,157950
4186,30631180,2,1,player_name,10601,,,0,,,30631190,gal_favor_text_30631180,,,1,,0,,,1,-1,157950
4187,30631190,2,1,player_name,10601,,,0,,,30631200,gal_favor_text_30631190,,,1,,0,,,1,-1,157950
4188,30631200,2,1,gal_name_06,10601,,,0,,,30631210,gal_favor_text_30631200,,,1,,0,,,1,-1,157950
4189,30631210,2,1,gal_name_06,10601,,,0,,,30631220,gal_favor_text_30631210,,,1,,0,,,1,-1,157950
4190,30631220,2,1,,10601,,,0,,,30631230,gal_favor_text_30631220,,,2,,0,,,1,-1,157950
4191,30631230,2,1,,10601,,,0,,,30631240,gal_favor_text_30631230,,,2,,0,,,1,-1,157950
4192,30631240,2,1,,10601,,,0,,,30631250,gal_favor_text_30631240,,,2,,0,,,1,-1,157950
4193,30631250,2,1,player_name,10601,,,0,,,30631260,gal_favor_text_30631250,,,1,,0,,,1,-1,157950
4194,30631260,2,1,gal_name_06,10601,,,0,,,30631270,gal_favor_text_30631260,,,1,,0,,,1,-1,157950
4195,30631270,2,1,,10601,,,0,,,30631280,gal_favor_text_30631270,,,2,,0,,,1,-1,157950
4196,30631280,2,1,player_name,10601,,,0,,,30631290,gal_favor_text_30631280,,,1,,0,,,1,-1,157950
4197,30631290,2,1,gal_name_06,10601,,,0,,,30631300,gal_favor_text_30631290,,,1,,0,,,1,-1,157950
4198,30631300,2,1,player_name,10601,,,0,,,30631310,gal_favor_text_30631300,,,1,,0,,,1,-1,157950
4199,30631310,2,1,,10601,,,0,,,30631320,gal_favor_text_30631310,,,2,,0,,,1,-1,157950
4200,30631320,2,1,,10601,,,0,,,30631330,gal_favor_text_30631320,,,2,,0,,,1,-1,157950
4201,30631330,2,1,player_name,10601,,,0,,,30631340,gal_favor_text_30631330,,,1,,0,,,1,-1,157950
4202,30631340,2,1,,10601,,,0,,,30631350,gal_favor_text_30631340,,,2,,0,,,1,-1,157950
4203,30631350,2,1,gal_name_06,10601,,,0,,,30631360,gal_favor_text_30631350,,,1,,0,,,1,-1,157950
4204,30631360,2,1,,10601,,,0,,,30631370,gal_favor_text_30631360,,,2,,0,,,1,-1,157950
4205,30631370,2,1,player_name,10601,,,0,,,30631380,gal_favor_text_30631370,,,1,,0,,,1,-1,157950
4206,30631380,2,1,gal_name_06,10601,,,0,,,30631390,gal_favor_text_30631380,,,1,,0,,,1,-1,157950
4207,30631390,2,1,,10601,,,0,,,30631400,gal_favor_text_30631390,,,2,,0,,,1,-1,157950
4208,30631400,2,1,,10601,,,0,,,30631410,gal_favor_text_30631400,,,2,,0,,,1,-1,157950
4209,30631410,2,1,,10601,,,0,,,30631420,gal_favor_text_30631410,,,2,,0,,,1,-1,157950
4210,30631420,2,1,,10601,,,0,,,30631430,gal_favor_text_30631420,,,2,,0,,,1,-1,157950
4211,30631430,2,1,player_name,10601,,,0,,,30631440,gal_favor_text_30631430,,,1,,0,,,1,-1,157950
4212,30631440,2,1,gal_name_06,10601,,,0,,,30631450,gal_favor_text_30631440,,,1,,0,,,1,-1,157950
4213,30631450,2,1,gal_name_06,10601,,,0,,,30631460,gal_favor_text_30631450,,,1,,0,,,1,-1,157950
4214,30631460,2,1,,10601,,,0,,,30631470,gal_favor_text_30631460,,,2,,0,,,1,-1,157950
4215,30631470,2,1,player_name,10601,,,0,,,30631480,gal_favor_text_30631470,,,1,,0,,,1,-1,157950
4216,30631480,2,1,gal_name_06,10601,,,0,,,30631490,gal_favor_text_30631480,,,1,,0,,,1,-1,157950
4217,30631490,2,1,player_name,10601,,,0,,,30631500,gal_favor_text_30631490,,,1,,0,,,1,-1,157950
4218,30631500,2,1,gal_name_06,10601,,,0,,,30631510,gal_favor_text_30631500,,,1,,0,,,1,-1,157950
4219,30631510,2,1,gal_name_06,10601,,,0,,,30631520,gal_favor_text_30631510,,,1,,0,,,1,-1,157950
4220,30631520,2,1,,10601,,,0,,,30631530,gal_favor_text_30631520,,,2,,0,,,1,-1,157950
4221,30631530,2,1,,10601,,,0,,,30631540,gal_favor_text_30631530,,,2,,0,,,1,-1,157950
4222,30631540,2,1,player_name,10601,,,0,,,30631550,gal_favor_text_30631540,,,1,,0,,,1,-1,157950
4223,30631550,2,1,player_name,10601,,,0,,,30631560,gal_favor_text_30631550,,,1,,0,,,1,-1,157950
4224,30631560,2,1,gal_name_06,10601,,,0,,,30631570,gal_favor_text_30631560,,,1,,0,,,1,-1,157950
4225,30631570,2,1,gal_name_06,10601,,,0,,,30631580,gal_favor_text_30631570,,,1,,0,,,1,-1,157950
4226,30631580,2,1,player_name,10601,,,0,,,30631590,gal_favor_text_30631580,,,1,,0,,,1,-1,157950
4227,30631590,2,1,player_name,10601,,,0,,,30631600,gal_favor_text_30631590,,,1,,0,,,1,-1,157950
4228,30631600,2,1,gal_name_06,10601,,,0,,,30631610,gal_favor_text_30631600,,,1,,0,,,1,-1,157950
4229,30631610,2,1,player_name,10601,,,0,,,30631620,gal_favor_text_30631610,,,1,,0,,,1,-1,157950
4230,30631620,2,1,gal_name_06,10601,,,0,,,30631630,gal_favor_text_30631620,,,1,,0,,,1,-1,157950
4231,30631630,2,1,gal_name_06,10601,,,0,,,30631640,gal_favor_text_30631630,,,1,,0,,,1,-1,157950
4232,30631640,2,1,gal_name_06,10601,,,0,,,30631650,gal_favor_text_30631640,,,1,,0,,,1,-1,157950
4233,30631650,2,1,player_name,10601,,,0,,,-1,gal_favor_text_30631650,,,1,,0,,,1,-1,157950
4234,30640010,2,1,,10601,,,0,,,30640020,gal_favor_text_30640010,,,2,,2,gal_bg_room_4,gal_bg_room_1,1,-1,157950
4235,30640020,2,1,player_name,10601,,,0,,,30640030,gal_favor_text_30640020,,,1,,0,,,1,-1,157950
4236,30640030,2,1,,10601,,,0,,,30640040,gal_favor_text_30640030,,,2,,0,,,1,-1,157950
4237,30640040,2,1,,10601,,,0,,,30640050,gal_favor_text_30640040,,,2,,0,,,1,-1,157950
4238,30640050,2,1,player_name,10601,,,0,,,30640060,gal_favor_text_30640050,,,1,,0,,,1,-1,157950
4239,30640060,2,1,,10601,,,0,,,30640070,gal_favor_text_30640060,,,2,,0,,,1,-1,157950
4240,30640070,2,1,player_name,10601,,,0,,,30640080,gal_favor_text_30640070,,,1,,0,,,1,-1,157950
4241,30640080,2,1,gal_name_06,10601,,,0,,,30640090,gal_favor_text_30640080,,,1,,0,,,1,-1,157950
4242,30640090,2,1,player_name,10601,,,0,,,30640100,gal_favor_text_30640090,,,1,,0,,,1,-1,157950
4243,30640100,2,1,,10601,,,0,,,30640110,gal_favor_text_30640100,,,2,,0,,,1,-1,157950
4244,30640110,2,1,gal_name_06,10601,,,0,,,30640120,gal_favor_text_30640110,,,1,,0,,,1,-1,157950
4245,30640120,2,1,player_name,10601,,,0,,,30640130,gal_favor_text_30640120,,,1,,0,,,1,-1,157950
4246,30640130,2,1,gal_name_06,10601,,,0,,,30640140,gal_favor_text_30640130,,,1,,0,,,1,-1,157950
4247,30640140,2,1,player_name,10601,,,0,,,30640150,gal_favor_text_30640140,,,1,,0,,,1,-1,157950
4248,30640150,2,1,,10601,,,0,,,30640160,gal_favor_text_30640150,,,2,,0,,,1,-1,157950
4249,30640160,2,1,player_name,10601,,,0,,,30640170,gal_favor_text_30640160,,,1,,0,,,1,-1,157950
4250,30640170,2,1,player_name,10601,,,0,,,30640180,gal_favor_text_30640170,,,1,,0,,,1,-1,157950
4251,30640180,2,1,gal_name_06,10601,,,0,,,30640190,gal_favor_text_30640180,,,1,,0,,,1,-1,157950
4252,30640190,2,1,,10601,,,0,,,30640200,gal_favor_text_30640190,,,2,,0,,,1,-1,157950
4253,30640200,2,1,gal_name_06,10601,,,0,,,30640210,gal_favor_text_30640200,,,1,,0,,,1,-1,157950
4254,30640210,2,1,gal_name_06,10601,,,0,,,30640220,gal_favor_text_30640210,,,1,,0,,,1,-1,157950
4255,30640220,2,1,player_name,10601,,,0,,,30640230,gal_favor_text_30640220,,,1,,0,,,1,-1,157950
4256,30640230,2,1,,10601,,,0,,,30640240,gal_favor_text_30640230,,,2,,0,,,1,-1,157950
4257,30640240,2,1,gal_name_06,10601,,,0,,,30640250,gal_favor_text_30640240,,,1,,0,,,1,-1,157950
4258,30640250,2,1,gal_name_06,10601,,,0,,,30640260,gal_favor_text_30640250,,,1,,0,,,1,-1,157950
4259,30640260,2,1,,10601,,,0,,,30640270,gal_favor_text_30640260,,,2,,0,,,1,-1,157950
4260,30640270,2,1,gal_name_06,10601,,,0,,,30640280,gal_favor_text_30640270,,,1,,0,,,1,-1,157950
4261,30640280,2,1,,10601,,,0,,,30640290,gal_favor_text_30640280,,,2,,0,,,1,-1,157950
4262,30640290,2,1,gal_name_06,10601,,,0,,,30640300,gal_favor_text_30640290,,,1,,0,,,1,-1,157950
4263,30640300,2,1,player_name,10601,,,0,,,30640310,gal_favor_text_30640300,,,1,,0,,,1,-1,157950
4264,30640310,2,1,player_name,10601,,,0,,,30640320,gal_favor_text_30640310,,,1,,0,,,1,-1,157950
4265,30640320,2,1,gal_name_06,10601,,,0,,,30640330,gal_favor_text_30640320,,,1,,0,,,1,-1,157950
4266,30640330,2,1,gal_name_06,10601,,,0,,,30640340,gal_favor_text_30640330,,,1,,0,,,1,-1,157950
4267,30640340,2,1,gal_name_06,10601,,,0,,,30640350,gal_favor_text_30640340,,,1,,0,,,1,-1,157950
4268,30640350,2,1,player_name,10601,,,0,,,30640360,gal_favor_text_30640350,,,1,,0,,,1,-1,157950
4269,30640360,2,1,gal_name_06,10601,,,0,,,30640370,gal_favor_text_30640360,,,1,,0,,,1,-1,157950
4270,30640370,2,1,player_name,10601,,,0,,,30640380,gal_favor_text_30640370,,,1,,0,,,1,-1,157950
4271,30640380,2,1,gal_name_06,10601,,,0,,,30640390,gal_favor_text_30640380,,,1,,0,,,1,-1,157950
4272,30640390,2,1,player_name,10601,,,0,,,30640400,gal_favor_text_30640390,,,1,,0,,,1,-1,157950
4273,30640400,2,1,gal_name_06,10601,,,0,,,30640410,gal_favor_text_30640400,,,1,,0,,,1,-1,157950
4274,30640410,2,1,,10601,,,0,,,30640420,gal_favor_text_30640410,,,2,,0,,,1,-1,157950
4275,30640420,2,1,gal_name_06,10601,,,0,,,30640430,gal_favor_text_30640420,,,1,,0,,,1,-1,157950
4276,30640430,2,1,gal_name_06,10601,,,0,,,30640440,gal_favor_text_30640430,,,1,,0,,,1,-1,157950
4277,30640440,2,1,player_name,10601,,,0,,,30640450,gal_favor_text_30640440,,,1,,0,,,1,-1,157950
4278,30640450,2,1,,10601,,,0,,,30640460,gal_favor_text_30640450,,,2,,0,,,1,-1,157950
4279,30640460,2,1,gal_name_06,10601,,,0,,,30640470,gal_favor_text_30640460,,,1,,0,,,1,-1,157950
4280,30640470,2,1,gal_name_06,10601,,,0,,,30640480,gal_favor_text_30640470,,,1,,0,,,1,-1,157950
4281,30640480,2,1,,10601,,,0,,,30640490,gal_favor_text_30640480,,,2,,0,,,1,-1,157950
4282,30640490,2,1,,10601,,,0,,,30640500,gal_favor_text_30640490,,,2,,0,,,1,-1,157950
4283,30640500,2,1,player_name,10601,,,0,,,30640510,gal_favor_text_30640500,,,1,,0,,,1,-1,157950
4284,30640510,2,1,gal_name_06,10601,,,0,,,30640520,gal_favor_text_30640510,,,1,,0,,,1,-1,157950
4285,30640520,2,1,,10601,,,0,,,30640530,gal_favor_text_30640520,,,2,,0,,,1,-1,157950
4286,30640530,2,1,gal_name_06,10601,,,0,,,30640540,gal_favor_text_30640530,,,1,,0,,,1,-1,157950
4287,30640540,2,1,,10601,,,0,,,30640550,gal_favor_text_30640540,,,2,,0,,,1,-1,157950
4288,30640550,2,1,,10601,,,0,,,30640560,gal_favor_text_30640550,,,2,,0,,,1,-1,157950
4289,30640560,2,1,player_name,10601,,,0,,,30640570,gal_favor_text_30640560,,,1,,0,,,1,-1,157950
4290,30640570,2,1,player_name,10601,,,0,,,30640580,gal_favor_text_30640570,,,1,,0,,,1,-1,157950
4291,30640580,2,1,gal_name_06,10601,,,0,,,30640590,gal_favor_text_30640580,,,1,,0,,,1,-1,157950
4292,30640590,2,1,,10601,,,0,,,30640600,gal_favor_text_30640590,,,2,,0,,,1,-1,157950
4293,30640600,2,1,,10601,,,0,,,30640610,gal_favor_text_30640600,,,2,,0,,,1,-1,157950
4294,30640610,2,1,,10601,,,0,,,30640620,gal_favor_text_30640610,,,2,,0,,,1,-1,157950
4295,30640620,2,1,player_name,10601,,,0,,,30640630,gal_favor_text_30640620,,,1,,0,,,1,-1,157950
4296,30640630,2,1,gal_name_06,10601,,,0,,,30640640,gal_favor_text_30640630,,,1,,0,,,1,-1,157950
4297,30640640,2,1,player_name,10601,,,0,,,30640650,gal_favor_text_30640640,,,1,,0,,,1,-1,157950
4298,30640650,2,1,player_name,10601,,,0,,,30640660,gal_favor_text_30640650,,,1,,0,,,1,-1,157950
4299,30640660,2,1,gal_name_06,10601,,,0,,,30640670,gal_favor_text_30640660,,,1,,0,,,1,-1,157950
4300,30640670,2,1,gal_name_06,10601,,,0,,,30640680,gal_favor_text_30640670,,,1,,0,,,1,-1,157950
4301,30640680,2,1,gal_name_06,10601,,,0,,,30640690,gal_favor_text_30640680,,,1,,0,,,1,-1,157950
4302,30640690,2,1,gal_name_06,10601,,,0,,,30640700,gal_favor_text_30640690,,,1,,0,,,1,-1,157950
4303,30640700,2,1,player_name,10601,,,0,,,30640710,gal_favor_text_30640700,,,1,,0,,,1,-1,157950
4304,30640710,2,1,gal_name_06,10601,,,0,,,30640720,gal_favor_text_30640710,,,1,,0,,,1,-1,157950
4305,30640720,2,1,player_name,10601,,,0,,,30640730,gal_favor_text_30640720,,,1,,0,,,1,-1,157950
4306,30640730,2,1,,10601,,,0,,,30640740,gal_favor_text_30640730,,,2,,0,,,1,-1,157950
4307,30640740,2,1,gal_name_06,10601,,,0,,,30640750,gal_favor_text_30640740,,,1,,0,,,1,-1,157950
4308,30640750,2,1,,10601,,,0,,,30640760,gal_favor_text_30640750,,,2,,0,,,1,-1,157950
4309,30640760,2,1,,10601,,,0,,,30640770,gal_favor_text_30640760,,,2,,0,,,1,-1,157950
4310,30640770,2,1,,10601,,,0,,,30640780,gal_favor_text_30640770,,,2,,0,,,1,-1,157950
4311,30640780,2,1,player_name,10601,,,0,,,30640790,gal_favor_text_30640780,,,1,,0,,,1,-1,157950
4312,30640790,2,1,player_name,10601,,,0,,,30640800,gal_favor_text_30640790,,,1,,0,,,1,-1,157950
4313,30640800,2,1,gal_name_06,10601,,,0,,,30640810,gal_favor_text_30640800,,,1,,0,,,1,-1,157950
4314,30640810,2,1,,10601,,,0,,,30640820,gal_favor_text_30640810,,,2,,0,,,1,-1,157950
4315,30640820,2,1,gal_name_06,10601,,,0,,,30640830,gal_favor_text_30640820,,,1,,0,,,1,-1,157950
4316,30640830,2,1,gal_name_06,10601,,,0,,,30640840,gal_favor_text_30640830,,,1,,0,,,1,-1,157950
4317,30640840,2,1,player_name,10601,,,0,,,30640850,gal_favor_text_30640840,,,1,,0,,,1,-1,157950
4318,30640850,2,1,,10601,,,0,,,30640860,gal_favor_text_30640850,,,2,,0,,,1,-1,157950
4319,30640860,2,1,player_name,10601,,,0,,,30640870,gal_favor_text_30640860,,,1,,0,,,1,-1,157950
4320,30640870,2,1,player_name,10601,,,0,,,30640880,gal_favor_text_30640870,,,1,,0,,,1,-1,157950
4321,30640880,2,1,gal_name_06,10601,,,0,,,30640890,gal_favor_text_30640880,,,1,,0,,,1,-1,157950
4322,30640890,2,1,gal_name_06,10601,,,0,,,30640900,gal_favor_text_30640890,,,1,,0,,,1,-1,157950
4323,30640900,2,1,,10601,,,0,,,30640910,gal_favor_text_30640900,,,2,,0,,,1,-1,157950
4324,30640910,2,1,,10601,,,0,,,30640920,gal_favor_text_30640910,,,2,,0,,,1,-1,157950
4325,30640920,2,1,player_name,10601,,,0,,,30640930,gal_favor_text_30640920,,,1,,0,,,1,-1,157950
4326,30640930,2,1,gal_name_06,10601,,,0,,,30640940,gal_favor_text_30640930,,,1,,0,,,1,-1,157950
4327,30640940,2,1,gal_name_06,10601,,,0,,,30640950,gal_favor_text_30640940,,,1,,0,,,1,-1,157950
4328,30640950,2,1,player_name,10601,,,0,,,30640960,gal_favor_text_30640950,,,1,,0,,,1,-1,157950
4329,30640960,2,1,gal_name_06,10601,,,0,,,30640970,gal_favor_text_30640960,,,1,,0,,,1,-1,157950
4330,30640970,2,1,player_name,10601,,,0,,,30640980,gal_favor_text_30640970,,,1,,0,,,1,-1,157950
4331,30640980,2,1,gal_name_06,10601,,,0,,,30640990,gal_favor_text_30640980,,,1,,0,,,1,-1,157950
4332,30640990,2,1,gal_name_06,10601,,,0,,,30641000,gal_favor_text_30640990,,,1,,0,,,1,-1,157950
4333,30641000,2,1,player_name,10601,,,0,,,30641010,gal_favor_text_30641000,,,1,,0,,,1,-1,157950
4334,30641010,2,1,player_name,10601,,,0,,,30641020,gal_favor_text_30641010,,,1,,0,,,1,-1,157950
4335,30641020,2,1,gal_name_06,10601,,,0,,,30641030,gal_favor_text_30641020,,,1,,0,,,1,-1,157950
4336,30641030,2,1,player_name,10601,,,0,,,30641040,gal_favor_text_30641030,,,1,,0,,,1,-1,157950
4337,30641040,2,1,gal_name_06,10601,,,0,,,30641050,gal_favor_text_30641040,,,1,,0,,,1,-1,157950
4338,30641050,2,1,,10601,,,0,,,30641060,gal_favor_text_30641050,,,2,,0,,,1,-1,157950
4339,30641060,2,1,,10601,,,0,,,30641070,gal_favor_text_30641060,,,2,,0,,,1,-1,157950
4340,30641070,2,1,gal_name_06,10601,,,0,,,30641080,gal_favor_text_30641070,,,1,,0,,,1,-1,157950
4341,30641080,2,1,gal_name_06,10601,,,0,,,30641090,gal_favor_text_30641080,,,1,,0,,,1,-1,157950
4342,30641090,2,1,gal_name_06,10601,,,0,,,30641100,gal_favor_text_30641090,,,1,,0,,,1,-1,157950
4343,30641100,2,1,,10601,,,0,,,30641110,gal_favor_text_30641100,,,2,,0,,,1,-1,157950
4344,30641110,2,1,,10601,,,0,,,30641120,gal_favor_text_30641110,,,2,,0,,,1,-1,157950
4345,30641120,2,1,,10601,,,0,,,30641130,gal_favor_text_30641120,,,2,,0,,,1,-1,157950
4346,30641130,2,1,player_name,10601,,,0,,,30641140,gal_favor_text_30641130,,,1,,0,,,1,-1,157950
4347,30641140,2,1,gal_name_06,10601,,,0,,,30641150,gal_favor_text_30641140,,,1,,0,,,1,-1,157950
4348,30641150,2,1,,10601,,,0,,,30641160,gal_favor_text_30641150,,,2,,0,,,1,-1,157950
4349,30641160,2,1,gal_name_06,10601,,,0,,,30641170,gal_favor_text_30641160,,,1,,0,,,1,-1,157950
4350,30641170,2,1,,10601,,,0,,,30641180,gal_favor_text_30641170,,,2,,0,,,1,-1,157950
4351,30641180,2,1,gal_name_06,10601,,,0,,,30641190,gal_favor_text_30641180,,,1,,0,,,1,-1,157950
4352,30641190,2,1,player_name,10601,,,0,,,30641200,gal_favor_text_30641190,,,1,,0,,,1,-1,157950
4353,30641200,2,1,gal_name_06,10601,,,0,,,30641210,gal_favor_text_30641200,,,1,,0,,,1,-1,157950
4354,30641210,2,1,gal_name_06,10601,,,0,,,30641220,gal_favor_text_30641210,,,1,,0,,,1,-1,157950
4355,30641220,2,1,player_name,10601,,,0,,,30641230,gal_favor_text_30641220,,,1,,0,,,1,-1,157950
4356,30641230,2,1,gal_name_06,10601,,,0,,,30641240,gal_favor_text_30641230,,,1,,0,,,1,-1,157950
4357,30641240,2,1,gal_name_06,10601,,,0,,,30641250,gal_favor_text_30641240,,,1,,0,,,1,-1,157950
4358,30641250,2,1,player_name,10601,,,0,,,30641260,gal_favor_text_30641250,,,1,,0,,,1,-1,157950
4359,30641260,2,1,,10601,,,0,,,30641270,gal_favor_text_30641260,,,2,,0,,,1,-1,157950
4360,30641270,2,1,,10601,,,0,,,30641280,gal_favor_text_30641270,,,2,,0,,,1,-1,157950
4361,30641280,2,1,gal_name_06,10601,,,0,,,30641290,gal_favor_text_30641280,,,1,,0,,,1,-1,157950
4362,30641290,2,1,gal_name_06,10601,,,0,,,30641300,gal_favor_text_30641290,,,1,,0,,,1,-1,157950
4363,30641300,2,1,gal_name_06,10601,,,0,,,30641310,gal_favor_text_30641300,,,1,,0,,,1,-1,157950
4364,30641310,2,1,,10601,,,0,,,30641320,gal_favor_text_30641310,,,2,,0,,,1,-1,157950
4365,30641320,2,1,,10601,,,0,,,30641330,gal_favor_text_30641320,,,2,,0,,,1,-1,157950
4366,30641330,2,1,gal_name_06,10601,,,0,,,30641340,gal_favor_text_30641330,,,1,,0,,,1,-1,157950
4367,30641340,2,1,,10601,,,0,,,30641350,gal_favor_text_30641340,,,2,,0,,,1,-1,157950
4368,30641350,2,1,,10601,,,0,,,30641360,gal_favor_text_30641350,,,2,,0,,,1,-1,157950
4369,30641360,2,1,gal_name_06,10601,,,0,,,30641370,gal_favor_text_30641360,,,1,,0,,,1,-1,157950
4370,30641370,2,1,gal_name_06,10601,,,0,,,30641380,gal_favor_text_30641370,,,1,,0,,,1,-1,157950
4371,30641380,2,1,player_name,10601,,,0,,,30641390,gal_favor_text_30641380,,,1,,0,,,1,-1,157950
4372,30641390,2,1,,10601,,,0,,,30641400,gal_favor_text_30641390,,,2,,0,,,1,-1,157950
4373,30641400,2,1,gal_name_06,10601,,,0,,,30641410,gal_favor_text_30641400,,,1,,0,,,1,-1,157950
4374,30641410,2,1,,10601,,,0,,,30641420,gal_favor_text_30641410,,,2,,0,,,1,-1,157950
4375,30641420,2,1,player_name,10601,,,0,,,-1,gal_favor_text_30641420,,,1,,0,,,1,-1,157950
4376,30650010,2,1,,10601,,,0,,,30650020,gal_favor_text_30650010,,,2,,2,gal_bg_dusk,gal_bg_room_1,1,-1,157950
4377,30650020,2,1,,10601,,,0,,,30650030,gal_favor_text_30650020,,,2,,0,,,1,-1,157950
4378,30650030,2,1,,10601,,,0,,,30650040,gal_favor_text_30650030,,,2,,0,,,1,-1,157950
4379,30650040,2,1,gal_name_06,10601,,,0,,,30650050,gal_favor_text_30650040,,,1,,0,,,1,-1,157950
4380,30650050,2,1,player_name,10601,,,0,,,30650060,gal_favor_text_30650050,,,1,,0,,,1,-1,157950
4381,30650060,2,1,gal_name_06,10601,,,0,,,30650070,gal_favor_text_30650060,,,1,,0,,,1,-1,157950
4382,30650070,2,1,,10601,,,0,,,30650080,gal_favor_text_30650070,,,2,,0,,,1,-1,157950
4383,30650080,2,1,gal_name_06,10601,,,0,,,30650090,gal_favor_text_30650080,,,1,,0,,,1,-1,157950
4384,30650090,2,1,player_name,10601,,,0,,,30650100,gal_favor_text_30650090,,,1,,0,,,1,-1,157950
4385,30650100,2,1,,10601,,,0,,,30650110,gal_favor_text_30650100,,,2,,0,,,1,-1,157950
4386,30650110,2,1,gal_name_06,10601,,,0,,,30650120,gal_favor_text_30650110,,,1,,0,,,1,-1,157950
4387,30650120,2,1,player_name,10601,,,0,,,30650130,gal_favor_text_30650120,,,1,,0,,,1,-1,157950
4388,30650130,2,1,player_name,10601,,,0,,,30650140,gal_favor_text_30650130,,,1,,0,,,1,-1,157950
4389,30650140,2,1,gal_name_06,10601,,,0,,,30650150,gal_favor_text_30650140,,,1,,0,,,1,-1,157950
4390,30650150,2,1,player_name,10601,,,0,,,30650160,gal_favor_text_30650150,,,1,,0,,,1,-1,157950
4391,30650160,2,1,,10601,,,0,,,30650170,gal_favor_text_30650160,,,2,,0,,,1,-1,157950
4392,30650170,2,1,player_name,10601,,,0,,,30650180,gal_favor_text_30650170,,,1,,0,,,1,-1,157950
4393,30650180,2,1,gal_name_06,10601,,,0,,,30650190,gal_favor_text_30650180,,,1,,0,,,1,-1,157950
4394,30650190,2,1,,10601,,,0,,,30650200,gal_favor_text_30650190,,,2,,0,,,1,-1,157950
4395,30650200,2,1,,10601,,,0,,,30650210,gal_favor_text_30650200,,,2,,0,,,1,-1,157950
4396,30650210,2,1,player_name,10601,,,0,,,30650220,gal_favor_text_30650210,,,1,,0,,,1,-1,157950
4397,30650220,2,1,,10601,,,0,,,30650230,gal_favor_text_30650220,,,2,,0,,,1,-1,157950
4398,30650230,2,1,player_name,10601,,,0,,,30650240,gal_favor_text_30650230,,,1,,0,,,1,-1,157950
4399,30650240,2,1,,10601,,,0,,,30650250,gal_favor_text_30650240,,,2,,0,,,1,-1,157950
4400,30650250,2,1,gal_name_06,10601,,,0,,,30650260,gal_favor_text_30650250,,,1,,0,,,1,-1,157950
4401,30650260,2,1,gal_name_06,10601,,,0,,,30650270,gal_favor_text_30650260,,,1,,0,,,1,-1,157950
4402,30650270,2,1,,10601,,,0,,,30650280,gal_favor_text_30650270,,,2,,0,,,1,-1,157950
4403,30650280,2,1,,10601,,,0,,,30650290,gal_favor_text_30650280,,,2,,0,,,1,-1,157950
4404,30650290,2,1,gal_name_06,10601,,,0,,,30650300,gal_favor_text_30650290,,,1,,0,,,1,-1,157950
4405,30650300,2,1,,10601,,,0,,,30650310,gal_favor_text_30650300,,,2,,0,,,1,-1,157950
4406,30650310,2,1,,10601,,,0,,,30650320,gal_favor_text_30650310,,,2,,0,,,1,-1,157950
4407,30650320,2,1,gal_name_06,10601,,,0,,,30650330,gal_favor_text_30650320,,,1,,0,,,1,-1,157950
4408,30650330,2,1,player_name,10601,,,0,,,30650340,gal_favor_text_30650330,,,1,,0,,,1,-1,157950
4409,30650340,2,1,gal_name_06,10601,,,0,,,30650350,gal_favor_text_30650340,,,1,,0,,,1,-1,157950
4410,30650350,2,1,gal_name_06,10601,,,0,,,30650360,gal_favor_text_30650350,,,1,,0,,,1,-1,157950
4411,30650360,2,1,player_name,10601,,,0,,,30650370,gal_favor_text_30650360,,,1,,0,,,1,-1,157950
4412,30650370,2,1,gal_name_06,10601,,,0,,,30650380,gal_favor_text_30650370,,,1,,0,,,1,-1,157950
4413,30650380,2,1,,10601,,,0,,,30650390,gal_favor_text_30650380,,,2,,0,,,1,-1,157950
4414,30650390,2,1,,10601,,,0,,,30650400,gal_favor_text_30650390,,,2,,0,,,1,-1,157950
4415,30650400,2,1,gal_name_06,10601,,,0,,,30650410,gal_favor_text_30650400,,,1,,0,,,1,-1,157950
4416,30650410,2,1,,10601,,,0,,,30650420,gal_favor_text_30650410,,,2,,0,,,1,-1,157950
4417,30650420,2,1,player_name,10601,,,0,,,30650430,gal_favor_text_30650420,,,1,,0,,,1,-1,157950
4418,30650430,2,1,player_name,10601,,,0,,,30650440,gal_favor_text_30650430,,,1,,0,,,1,-1,157950
4419,30650440,2,1,gal_name_06,10601,,,0,,,30650450,gal_favor_text_30650440,,,1,,0,,,1,-1,157950
4420,30650450,2,1,,10601,,,0,,,30650460,gal_favor_text_30650450,,,2,,0,,,1,-1,157950
4421,30650460,2,1,gal_name_06,10601,,,0,,,30650470,gal_favor_text_30650460,,,1,,0,,,1,-1,157950
4422,30650470,2,1,player_name,10601,,,0,,,30650480,gal_favor_text_30650470,,,1,,0,,,1,-1,157950
4423,30650480,2,1,gal_name_06,10601,,,0,,,30650490,gal_favor_text_30650480,,,1,,0,,,1,-1,157950
4424,30650490,2,1,,10601,,,0,,,30650500,gal_favor_text_30650490,,,2,,0,,,1,-1,157950
4425,30650500,2,1,,10601,,,0,,,30650510,gal_favor_text_30650500,,,2,,0,,,1,-1,157950
4426,30650510,2,1,gal_name_24,10601,,,0,,,30650520,gal_favor_text_30650510,,,1,,0,,,1,-1,157950
4427,30650520,2,1,player_name,10601,,,0,,,30650530,gal_favor_text_30650520,,,1,,0,,,1,-1,157950
4428,30650530,2,1,,10601,,,0,,,30650540,gal_favor_text_30650530,,,2,,0,,,1,-1,157950
4429,30650540,2,1,gal_name_24,10601,,,0,,,30650550,gal_favor_text_30650540,,,1,,0,,,1,-1,157950
4430,30650550,2,1,,10601,,,0,,,30650560,gal_favor_text_30650550,,,2,,0,,,1,-1,157950
4431,30650560,2,1,player_name,10601,,,0,,,30650570,gal_favor_text_30650560,,,1,,0,,,1,-1,157950
4432,30650570,2,1,gal_name_24,10601,,,0,,,30650580,gal_favor_text_30650570,,,1,,0,,,1,-1,157950
4433,30650580,2,1,player_name,10601,,,0,,,30650590,gal_favor_text_30650580,,,1,,0,,,1,-1,157950
4434,30650590,2,1,,10601,,,0,,,30650600,gal_favor_text_30650590,,,2,,0,,,1,-1,157950
4435,30650600,2,1,player_name,10601,,,0,,,30650610,gal_favor_text_30650600,,,1,,0,,,1,-1,157950
4436,30650610,2,1,gal_name_06,10601,,,0,,,30650620,gal_favor_text_30650610,,,1,,0,,,1,-1,157950
4437,30650620,2,1,,10601,,,0,,,30650630,gal_favor_text_30650620,,,2,,0,,,1,-1,157950
4438,30650630,2,1,,10601,,,0,,,30650640,gal_favor_text_30650630,,,2,,0,,,1,-1,157950
4439,30650640,2,1,gal_name_06,10601,,,0,,,30650650,gal_favor_text_30650640,,,1,,0,,,1,-1,157950
4440,30650650,2,1,gal_name_06,10601,,,0,,,30650660,gal_favor_text_30650650,,,1,,0,,,1,-1,157950
4441,30650660,2,1,player_name,10601,,,0,,,30650670,gal_favor_text_30650660,,,1,,0,,,1,-1,157950
4442,30650670,2,1,gal_name_06,10601,,,0,,,30650680,gal_favor_text_30650670,,,1,,0,,,1,-1,157950
4443,30650680,2,1,player_name,10601,,,0,,,30650690,gal_favor_text_30650680,,,1,,0,,,1,-1,157950
4444,30650690,2,1,player_name,10601,,,0,,,30650700,gal_favor_text_30650690,,,1,,0,,,1,-1,157950
4445,30650700,2,1,player_name,10601,,,0,,,30650710,gal_favor_text_30650700,,,1,,0,,,1,-1,157950
4446,30650710,2,1,gal_name_06,10601,,,0,,,30650720,gal_favor_text_30650710,,,1,,0,,,1,-1,157950
4447,30650720,2,1,,10601,,,0,,,30650730,gal_favor_text_30650720,,,2,,0,,,1,-1,157950
4448,30650730,2,1,player_name,10601,,,0,,,30650740,gal_favor_text_30650730,,,1,,0,,,1,-1,157950
4449,30650740,2,1,,10601,,,0,,,30650750,gal_favor_text_30650740,,,2,,0,,,1,-1,157950
4450,30650750,2,1,gal_name_06,10601,,,0,,,30650760,gal_favor_text_30650750,,,1,,0,,,1,-1,157950
4451,30650760,2,1,,10601,,,0,,,30650770,gal_favor_text_30650760,,,2,,0,,,1,-1,157950
4452,30650770,2,1,player_name,10601,,,0,,,30650780,gal_favor_text_30650770,,,1,,0,,,1,-1,157950
4453,30650780,2,1,gal_name_06,10601,,,0,,,30650790,gal_favor_text_30650780,,,1,,0,,,1,-1,157950
4454,30650790,2,1,,10601,,,0,,,30650800,gal_favor_text_30650790,,,2,,0,,,1,-1,157950
4455,30650800,2,1,gal_name_06,10601,,,0,,,30650810,gal_favor_text_30650800,,,1,,0,,,1,-1,157950
4456,30650810,2,1,gal_name_06,10601,,,0,,,30650820,gal_favor_text_30650810,,,1,,0,,,1,-1,157950
4457,30650820,2,1,gal_name_06,10601,,,0,,,30650830,gal_favor_text_30650820,,,1,,0,,,1,-1,157950
4458,30650830,2,1,gal_name_06,10601,,,0,,,30650840,gal_favor_text_30650830,,,1,,0,,,1,-1,157950
4459,30650840,2,1,,10601,,,0,,,30650850,gal_favor_text_30650840,,,2,,0,,,1,-1,157950
4460,30650850,2,1,gal_name_06,10601,,,0,,,30650860,gal_favor_text_30650850,,,1,,0,,,1,-1,157950
4461,30650860,2,1,gal_name_06,10601,,,0,,,30650870,gal_favor_text_30650860,,,1,,0,,,1,-1,157950
4462,30650870,2,1,,10601,,,0,,,30650880,gal_favor_text_30650870,,,2,,0,,,1,-1,157950
4463,30650880,2,1,player_name,10601,,,0,,,30650890,gal_favor_text_30650880,,,1,,0,,,1,-1,157950
4464,30650890,2,1,,10601,,,0,,,30650900,gal_favor_text_30650890,,,2,,0,,,1,-1,157950
4465,30650900,2,1,player_name,10601,,,0,,,30650910,gal_favor_text_30650900,,,1,,0,,,1,-1,157950
4466,30650910,2,1,player_name,10601,,,0,,,30650920,gal_favor_text_30650910,,,1,,0,,,1,-1,157950
4467,30650920,2,1,gal_name_06,10601,,,0,,,30650930,gal_favor_text_30650920,,,1,,0,,,1,-1,157950
4468,30650930,2,1,,10601,,,0,,,30650940,gal_favor_text_30650930,,,2,,0,,,1,-1,157950
4469,30650940,2,1,player_name,10601,,,0,,,30650950,gal_favor_text_30650940,,,1,,0,,,1,-1,157950
4470,30650950,2,1,gal_name_06,10601,,,0,,,30650960,gal_favor_text_30650950,,,1,,0,,,1,-1,157950
4471,30650960,2,1,,10601,,,0,,,30650970,gal_favor_text_30650960,,,2,,0,,,1,-1,157950
4472,30650970,2,1,player_name,10601,,,0,,,30650980,gal_favor_text_30650970,,,1,,0,,,1,-1,157950
4473,30650980,2,1,gal_name_06,10601,,,0,,,30650990,gal_favor_text_30650980,,,1,,0,,,1,-1,157950
4474,30650990,2,1,,10601,,,0,,,30651000,gal_favor_text_30650990,,,2,,0,,,1,-1,157950
4475,30651000,2,1,player_name,10601,,,0,,,30651010,gal_favor_text_30651000,,,1,,0,,,1,-1,157950
4476,30651010,2,1,,10601,,,0,,,30651020,gal_favor_text_30651010,,,2,,0,,,1,-1,157950
4477,30651020,2,1,,10601,,,0,,,30651030,gal_favor_text_30651020,,,2,,0,,,1,-1,157950
4478,30651030,2,1,,10601,,,0,,,30651040,gal_favor_text_30651030,,,2,,0,,,1,-1,157950
4479,30651040,2,1,,10601,,,0,,,30651050,gal_favor_text_30651040,,,2,,0,,,1,-1,157950
4480,30651050,2,1,gal_name_06,10601,,,0,,,30651060,gal_favor_text_30651050,,,1,,0,,,1,-1,157950
4481,30651060,2,1,gal_name_06,10601,,,0,,,30651070,gal_favor_text_30651060,,,1,,0,,,1,-1,157950
4482,30651070,2,1,,10601,,,0,,,30651080,gal_favor_text_30651070,,,2,,0,,,1,-1,157950
4483,30651080,2,1,gal_name_06,10601,,,0,,,30651090,gal_favor_text_30651080,,,1,,0,,,1,-1,157950
4484,30651090,2,1,player_name,10601,,,0,,,30651100,gal_favor_text_30651090,,,1,,0,,,1,-1,157950
4485,30651100,2,1,,10601,,,0,,,30651110,gal_favor_text_30651100,,,2,,0,,,1,-1,157950
4486,30651110,2,1,gal_name_06,10601,,,0,,,30651120,gal_favor_text_30651110,,,1,,0,,,1,-1,157950
4487,30651120,2,1,gal_name_06,10601,,,0,,,30651130,gal_favor_text_30651120,,,1,,0,,,1,-1,157950
4488,30651130,2,1,gal_name_06,10601,,,0,,,30651140,gal_favor_text_30651130,,,1,,0,,,1,-1,157950
4489,30651140,2,1,player_name,10601,,,0,,,30651150,gal_favor_text_30651140,,,1,,0,,,1,-1,157950
4490,30651150,2,1,,10601,,,0,,,30651160,gal_favor_text_30651150,,,2,,0,,,1,-1,157950
4491,30651160,2,1,gal_name_06,10601,,,0,,,30651170,gal_favor_text_30651160,,,1,,0,,,1,-1,157950
4492,30651170,2,1,gal_name_06,10601,,,0,,,30651180,gal_favor_text_30651170,,,1,,0,,,1,-1,157950
4493,30651180,2,1,,10601,,,0,,,30651190,gal_favor_text_30651180,,,2,,0,,,1,-1,157950
4494,30651190,2,1,player_name,10601,,,0,,,30651200,gal_favor_text_30651190,,,1,,0,,,1,-1,157950
4495,30651200,2,1,,10601,,,0,,,30651210,gal_favor_text_30651200,,,2,,0,,,1,-1,157950
4496,30651210,2,1,gal_name_06,10601,,,0,,,30651220,gal_favor_text_30651210,,,1,,0,,,1,-1,157950
4497,30651220,2,1,,10601,,,0,,,30651230,gal_favor_text_30651220,,,2,,0,,,1,-1,157950
4498,30651230,2,1,gal_name_06,10601,,,0,,,30651240,gal_favor_text_30651230,,,1,,0,,,1,-1,157950
4499,30651240,2,1,player_name,10601,,,0,,,30651250,gal_favor_text_30651240,,,1,,0,,,1,-1,157950
4500,30651250,2,1,gal_name_06,10601,,,0,,,30651260,gal_favor_text_30651250,,,1,,0,,,1,-1,157950
4501,30651260,2,1,gal_name_06,10601,,,0,,,30651270,gal_favor_text_30651260,,,1,,0,,,1,-1,157950
4502,30651270,2,1,gal_name_06,10601,,,0,,,30651280,gal_favor_text_30651270,,,1,,0,,,1,-1,157950
4503,30651280,2,1,gal_name_06,10601,,,0,,,30651290,gal_favor_text_30651280,,,1,,0,,,1,-1,157950
4504,30651290,2,1,gal_name_06,10601,,,0,,,30651300,gal_favor_text_30651290,,,1,,0,,,1,-1,157950
4505,30651300,2,1,gal_name_06,10601,,,0,,,30651310,gal_favor_text_30651300,,,1,,0,,,1,-1,157950
4506,30651310,2,1,,10601,,,0,,,30651320,gal_favor_text_30651310,,,2,,0,,,1,-1,157950
4507,30651320,2,1,gal_name_06,10601,,,0,,,30651330,gal_favor_text_30651320,,,1,,0,,,1,-1,157950
4508,30651330,2,1,gal_name_06,10601,,,0,,,30651340,gal_favor_text_30651330,,,1,,0,,,1,-1,157950
4509,30651340,2,1,gal_name_06,10601,,,0,,,30651350,gal_favor_text_30651340,,,1,,0,,,1,-1,157950
4510,30651350,2,1,,10601,,,0,,,30651360,gal_favor_text_30651350,,,2,,0,,,1,-1,157950
4511,30651360,2,1,,10601,,,0,,,30651370,gal_favor_text_30651360,,,2,,0,,,1,-1,157950
4512,30651370,2,1,player_name,10601,,,0,,,30651380,gal_favor_text_30651370,,,1,,0,,,1,-1,157950
4513,30651380,2,1,player_name,10601,,,0,,,30651390,gal_favor_text_30651380,,,1,,0,,,1,-1,157950
4514,30651390,2,1,gal_name_06,10601,,,0,,,30651400,gal_favor_text_30651390,,,1,,0,,,1,-1,157950
4515,30651400,2,1,player_name,10601,,,0,,,30651410,gal_favor_text_30651400,,,1,,0,,,1,-1,157950
4516,30651410,2,1,player_name,10601,,,0,,,30651420,gal_favor_text_30651410,,,1,,0,,,1,-1,157950
4517,30651420,2,1,gal_name_06,10601,,,0,,,30651430,gal_favor_text_30651420,,,1,,0,,,1,-1,157950
4518,30651430,2,1,,10601,,,0,,,30651440,gal_favor_text_30651430,,,2,,0,,,1,-1,157950
4519,30651440,2,1,gal_name_06,10601,,,0,,,-1,gal_favor_text_30651440,,,1,,0,,,1,-1,157950
4520,30710010,2,1,,10701,,,0,,,30710020,gal_favor_text_30710010,,,2,,2,gal_bg_park_1,gal_bg_room_1,1,-1,157950
4521,30710020,2,1,gal_name_13,10701,,,0,,,30710030,gal_favor_text_30710020,,,1,,0,,,1,-1,157950
4522,30710030,2,1,gal_name_13,10701,,,0,,,30710040,gal_favor_text_30710030,,,1,,0,,,1,-1,157950
4523,30710040,2,1,,10701,,,0,,,30710050,gal_favor_text_30710040,,,2,,0,,,1,-1,157950
4524,30710050,2,1,gal_name_13,10701,,,0,,,30710060,gal_favor_text_30710050,,,1,,0,,,1,-1,157950
4525,30710060,2,1,,10701,,,0,,,30710070,gal_favor_text_30710060,,,2,,0,,,1,-1,157950
4526,30710070,2,1,player_name,10701,,,0,,,30710080,gal_favor_text_30710070,,,1,,0,,,1,-1,157950
4527,30710080,2,1,,10701,,,0,,,30710090,gal_favor_text_30710080,,,2,,0,,,1,-1,157950
4528,30710090,2,1,,10701,,,0,,,30710100,gal_favor_text_30710090,,,2,,0,,,1,-1,157950
4529,30710100,2,1,,10701,,,0,,,30710110,gal_favor_text_30710100,,,2,,0,,,1,-1,157950
4530,30710110,2,1,,10701,,,0,,,30710120,gal_favor_text_30710110,,,2,,0,,,1,-1,157950
4531,30710120,2,1,player_name,10701,,,0,,,30710130,gal_favor_text_30710120,,,1,,0,,,1,-1,157950
4532,30710130,2,1,,10701,,,0,,,30710140,gal_favor_text_30710130,,,2,,0,,,1,-1,157950
4533,30710140,2,1,,10701,,,0,,,30710150,gal_favor_text_30710140,,,2,,0,,,1,-1,157950
4534,30710150,2,1,gal_name_07,10701,,,0,,,30710160,gal_favor_text_30710150,,,1,,0,,,1,-1,157950
4535,30710160,2,1,player_name,10701,,,0,,,30710170,gal_favor_text_30710160,,,1,,0,,,1,-1,157950
4536,30710170,2,1,gal_name_07,10701,,,0,,,30710180,gal_favor_text_30710170,,,1,,0,,,1,-1,157950
4537,30710180,2,1,player_name,10701,,,0,,,30710190,gal_favor_text_30710180,,,1,,0,,,1,-1,157950
4538,30710190,2,1,,10701,,,0,,,30710200,gal_favor_text_30710190,,,2,,0,,,1,-1,157950
4539,30710200,2,1,player_name,10701,,,0,,,30710210,gal_favor_text_30710200,,,1,,0,,,1,-1,157950
4540,30710210,2,1,gal_name_07,10701,,,0,,,30710220,gal_favor_text_30710210,,,1,,0,,,1,-1,157950
4541,30710220,2,1,gal_name_07,10701,,,0,,,30710230,gal_favor_text_30710220,,,1,,0,,,1,-1,157950
4542,30710230,2,1,gal_name_07,10701,,,0,,,30710240,gal_favor_text_30710230,,,1,,0,,,1,-1,157950
4543,30710240,2,1,,10701,,,0,,,30710250,gal_favor_text_30710240,,,2,,0,,,1,-1,157950
4544,30710250,2,1,player_name,10701,,,0,,,30710260,gal_favor_text_30710250,,,1,,0,,,1,-1,157950
4545,30710260,2,1,,10701,,,0,,,30710270,gal_favor_text_30710260,,,2,,0,,,1,-1,157950
4546,30710270,2,1,gal_name_07,10701,,,0,,,30710280,gal_favor_text_30710270,,,1,,0,,,1,-1,157950
4547,30710280,2,1,,10701,,,0,,,30710290,gal_favor_text_30710280,,,2,,0,,,1,-1,157950
4548,30710290,2,1,gal_name_07,10701,,,0,,,30710300,gal_favor_text_30710290,,,1,,0,,,1,-1,157950
4549,30710300,2,1,player_name,10701,,,0,,,30710310,gal_favor_text_30710300,,,1,,0,,,1,-1,157950
4550,30710310,2,1,,10701,,,0,,,30710320,gal_favor_text_30710310,,,2,,0,,,1,-1,157950
4551,30710320,2,1,player_name,10701,,,0,,,30710330,gal_favor_text_30710320,,,1,,0,,,1,-1,157950
4552,30710330,2,1,,10701,,,0,,,30710340,gal_favor_text_30710330,,,2,,0,,,1,-1,157950
4553,30710340,2,1,player_name,10701,,,0,,,30710350,gal_favor_text_30710340,,,1,,0,,,1,-1,157950
4554,30710350,2,1,gal_name_07,10701,,,0,,,30710360,gal_favor_text_30710350,,,1,,0,,,1,-1,157950
4555,30710360,2,1,,10701,,,0,,,30710370,gal_favor_text_30710360,,,2,,0,,,1,-1,157950
4556,30710370,2,1,player_name,10701,,,0,,,30710380,gal_favor_text_30710370,,,1,,0,,,1,-1,157950
4557,30710380,2,1,,10701,,,0,,,30710390,gal_favor_text_30710380,,,2,,0,,,1,-1,157950
4558,30710390,2,1,,10701,,,0,,,30710400,gal_favor_text_30710390,,,2,,0,,,1,-1,157950
4559,30710400,2,1,,10701,,,0,,,30710410,gal_favor_text_30710400,,,2,,0,,,1,-1,157950
4560,30710410,2,1,gal_name_07,10701,,,0,,,30710420,gal_favor_text_30710410,,,1,,0,,,1,-1,157950
4561,30710420,2,1,gal_name_07,10701,,,0,,,30710430,gal_favor_text_30710420,,,1,,0,,,1,-1,157950
4562,30710430,2,1,,10701,,,0,,,30710440,gal_favor_text_30710430,,,2,,0,,,1,-1,157950
4563,30710440,2,1,gal_name_38,10701,,,0,,,30710450,gal_favor_text_30710440,,,1,,0,,,1,-1,157950
4564,30710450,2,1,gal_name_07,10701,,,0,,,30710460,gal_favor_text_30710450,,,1,,0,,,1,-1,157950
4565,30710460,2,1,,10701,,,0,,,30710470,gal_favor_text_30710460,,,2,,0,,,1,-1,157950
4566,30710470,2,1,player_name,10701,,,0,,,30710480,gal_favor_text_30710470,,,1,,0,,,1,-1,157950
4567,30710480,2,1,player_name,10701,,,0,,,30710490,gal_favor_text_30710480,,,1,,0,,,1,-1,157950
4568,30710490,2,1,gal_name_07,10701,,,0,,,30710500,gal_favor_text_30710490,,,1,,0,,,1,-1,157950
4569,30710500,2,1,player_name,10701,,,0,,,30710510,gal_favor_text_30710500,,,1,,0,,,1,-1,157950
4570,30710510,2,1,gal_name_07,10701,,,0,,,30710520,gal_favor_text_30710510,,,1,,0,,,1,-1,157950
4571,30710520,2,1,gal_name_07,10701,,,0,,,30710530,gal_favor_text_30710520,,,1,,0,,,1,-1,157950
4572,30710530,2,1,,10701,,,0,,,30710540,gal_favor_text_30710530,,,2,,0,,,1,-1,157950
4573,30710540,2,1,player_name,10701,,,0,,,30710550,gal_favor_text_30710540,,,1,,0,,,1,-1,157950
4574,30710550,2,1,,10701,,,0,,,30710560,gal_favor_text_30710550,,,2,,0,,,1,-1,157950
4575,30710560,2,1,,10701,,,0,,,30710570,gal_favor_text_30710560,,,2,,0,,,1,-1,157950
4576,30710570,2,1,player_name,10701,,,0,,,30710580,gal_favor_text_30710570,,,1,,0,,,1,-1,157950
4577,30710580,2,1,player_name,10701,,,0,,,30710590,gal_favor_text_30710580,,,1,,0,,,1,-1,157950
4578,30710590,2,1,player_name,10701,,,0,,,30710600,gal_favor_text_30710590,,,1,,0,,,1,-1,157950
4579,30710600,2,1,gal_name_07,10701,,,0,,,30710610,gal_favor_text_30710600,,,1,,0,,,1,-1,157950
4580,30710610,2,1,player_name,10701,,,0,,,30710620,gal_favor_text_30710610,,,1,,0,,,1,-1,157950
4581,30710620,2,1,gal_name_07,10701,,,0,,,30710630,gal_favor_text_30710620,,,1,,0,,,1,-1,157950
4582,30710630,2,1,,10701,,,0,,,30710640,gal_favor_text_30710630,,,2,,0,,,1,-1,157950
4583,30710640,2,1,,10701,,,0,,,30710650,gal_favor_text_30710640,,,2,,0,,,1,-1,157950
4584,30710650,2,1,gal_name_07,10701,,,0,,,30710660,gal_favor_text_30710650,,,1,,0,,,1,-1,157950
4585,30710660,2,1,player_name,10701,,,0,,,30710670,gal_favor_text_30710660,,,1,,0,,,1,-1,157950
4586,30710670,2,1,gal_name_07,10701,,,0,,,30710680,gal_favor_text_30710670,,,1,,0,,,1,-1,157950
4587,30710680,2,1,player_name,10701,,,0,,,30710690,gal_favor_text_30710680,,,1,,0,,,1,-1,157950
4588,30710690,2,1,,10701,,,0,,,30710700,gal_favor_text_30710690,,,2,,0,,,1,-1,157950
4589,30710700,2,1,gal_name_07,10701,,,0,,,30710710,gal_favor_text_30710700,,,1,,0,,,1,-1,157950
4590,30710710,2,1,player_name,10701,,,0,,,30710720,gal_favor_text_30710710,,,1,,0,,,1,-1,157950
4591,30710720,2,1,gal_name_07,10701,,,0,,,30710730,gal_favor_text_30710720,,,1,,0,,,1,-1,157950
4592,30710730,2,1,gal_name_07,10701,,,0,,,30710740,gal_favor_text_30710730,,,1,,0,,,1,-1,157950
4593,30710740,2,1,gal_name_07,10701,,,0,,,30710750,gal_favor_text_30710740,,,1,,0,,,1,-1,157950
4594,30710750,2,1,,10701,,,0,,,30710760,gal_favor_text_30710750,,,2,,0,,,1,-1,157950
4595,30710760,2,1,,10701,,,0,,,30710770,gal_favor_text_30710760,,,2,,0,,,1,-1,157950
4596,30710770,2,1,,10701,,,0,,,30710780,gal_favor_text_30710770,,,2,,0,,,1,-1,157950
4597,30710780,2,1,,10701,,,0,,,30710790,gal_favor_text_30710780,,,2,,0,,,1,-1,157950
4598,30710790,2,1,gal_name_07,10701,,,0,,,30710800,gal_favor_text_30710790,,,1,,0,,,1,-1,157950
4599,30710800,2,1,player_name,10701,,,0,,,30710810,gal_favor_text_30710800,,,1,,0,,,1,-1,157950
4600,30710810,2,1,gal_name_07,10701,,,0,,,30710820,gal_favor_text_30710810,,,1,,0,,,1,-1,157950
4601,30710820,2,1,player_name,10701,,,0,,,30710830,gal_favor_text_30710820,,,1,,0,,,1,-1,157950
4602,30710830,2,1,gal_name_07,10701,,,0,,,30710840,gal_favor_text_30710830,,,1,,0,,,1,-1,157950
4603,30710840,2,1,gal_name_07,10701,,,0,,,30710850,gal_favor_text_30710840,,,1,,0,,,1,-1,157950
4604,30710850,2,1,player_name,10701,,,0,,,30710860,gal_favor_text_30710850,,,1,,0,,,1,-1,157950
4605,30710860,2,1,gal_name_07,10701,,,0,,,30710870,gal_favor_text_30710860,,,1,,0,,,1,-1,157950
4606,30710870,2,1,player_name,10701,,,0,,,30710880,gal_favor_text_30710870,,,1,,0,,,1,-1,157950
4607,30710880,2,1,gal_name_07,10701,,,0,,,30710890,gal_favor_text_30710880,,,1,,0,,,1,-1,157950
4608,30710890,2,1,player_name,10701,,,0,,,30710900,gal_favor_text_30710890,,,1,,0,,,1,-1,157950
4609,30710900,2,1,gal_name_07,10701,,,0,,,30710910,gal_favor_text_30710900,,,1,,0,,,1,-1,157950
4610,30710910,2,1,player_name,10701,,,0,,,30710920,gal_favor_text_30710910,,,1,,0,,,1,-1,157950
4611,30710920,2,1,gal_name_07,10701,,,0,,,30710930,gal_favor_text_30710920,,,1,,0,,,1,-1,157950
4612,30710930,2,1,player_name,10701,,,0,,,30710940,gal_favor_text_30710930,,,1,,0,,,1,-1,157950
4613,30710940,2,1,gal_name_07,10701,,,0,,,30710950,gal_favor_text_30710940,,,1,,0,,,1,-1,157950
4614,30710950,2,1,gal_name_07,10701,,,0,,,30710960,gal_favor_text_30710950,,,1,,0,,,1,-1,157950
4615,30710960,2,1,player_name,10701,,,0,,,30710970,gal_favor_text_30710960,,,1,,0,,,1,-1,157950
4616,30710970,2,1,,10701,,,0,,,30710980,gal_favor_text_30710970,,,2,,0,,,1,-1,157950
4617,30710980,2,1,,10701,,,0,,,30710990,gal_favor_text_30710980,,,2,,0,,,1,-1,157950
4618,30710990,2,1,player_name,10701,,,0,,,30711000,gal_favor_text_30710990,,,1,,0,,,1,-1,157950
4619,30711000,2,1,player_name,10701,,,0,,,30711010,gal_favor_text_30711000,,,1,,0,,,1,-1,157950
4620,30711010,2,1,,10701,,,0,,,30711020,gal_favor_text_30711010,,,2,,0,,,1,-1,157950
4621,30711020,2,1,gal_name_07,10701,,,0,,,30711030,gal_favor_text_30711020,,,1,,0,,,1,-1,157950
4622,30711030,2,1,,10701,,,0,,,30711040,gal_favor_text_30711030,,,2,,0,,,1,-1,157950
4623,30711040,2,1,player_name,10701,,,0,,,30711050,gal_favor_text_30711040,,,1,,0,,,1,-1,157950
4624,30711050,2,1,player_name,10701,,,0,,,30711060,gal_favor_text_30711050,,,1,,0,,,1,-1,157950
4625,30711060,2,1,player_name,10701,,,0,,,30711070,gal_favor_text_30711060,,,1,,0,,,1,-1,157950
4626,30711070,2,1,,10701,,,0,,,30711080,gal_favor_text_30711070,,,2,,0,,,1,-1,157950
4627,30711080,2,1,player_name,10701,,,0,,,30711090,gal_favor_text_30711080,,,1,,0,,,1,-1,157950
4628,30711090,2,1,gal_name_07,10701,,,0,,,30711100,gal_favor_text_30711090,,,1,,0,,,1,-1,157950
4629,30711100,2,1,player_name,10701,,,0,,,30711110,gal_favor_text_30711100,,,1,,0,,,1,-1,157950
4630,30711110,2,1,,10701,,,0,,,30711120,gal_favor_text_30711110,,,2,,0,,,1,-1,157950
4631,30711120,2,1,,10701,,,0,,,30711130,gal_favor_text_30711120,,,2,,0,,,1,-1,157950
4632,30711130,2,1,player_name,10701,,,0,,,30711140,gal_favor_text_30711130,,,1,,0,,,1,-1,157950
4633,30711140,2,1,,10701,,,0,,,30711150,gal_favor_text_30711140,,,2,,0,,,1,-1,157950
4634,30711150,2,1,,10701,,,0,,,30711160,gal_favor_text_30711150,,,2,,0,,,1,-1,157950
4635,30711160,2,1,player_name,10701,,,0,,,30711170,gal_favor_text_30711160,,,1,,0,,,1,-1,157950
4636,30711170,2,1,gal_name_07,10701,,,0,,,30711180,gal_favor_text_30711170,,,1,,0,,,1,-1,157950
4637,30711180,2,1,player_name,10701,,,0,,,30711190,gal_favor_text_30711180,,,1,,0,,,1,-1,157950
4638,30711190,2,1,,10701,,,0,,,30711200,gal_favor_text_30711190,,,2,,0,,,1,-1,157950
4639,30711200,2,1,player_name,10701,,,0,,,30711210,gal_favor_text_30711200,,,1,,0,,,1,-1,157950
4640,30711210,2,1,gal_name_07,10701,,,0,,,30711220,gal_favor_text_30711210,,,1,,0,,,1,-1,157950
4641,30711220,2,1,gal_name_07,10701,,,0,,,30711230,gal_favor_text_30711220,,,1,,0,,,1,-1,157950
4642,30711230,2,1,,10701,,,0,,,30711240,gal_favor_text_30711230,,,2,,0,,,1,-1,157950
4643,30711240,2,1,player_name,10701,,,0,,,30711250,gal_favor_text_30711240,,,1,,0,,,1,-1,157950
4644,30711250,2,1,player_name,10701,,,0,,,30711260,gal_favor_text_30711250,,,1,,0,,,1,-1,157950
4645,30711260,2,1,gal_name_07,10701,,,0,,,30711270,gal_favor_text_30711260,,,1,,0,,,1,-1,157950
4646,30711270,2,1,player_name,10701,,,0,,,30711280,gal_favor_text_30711270,,,1,,0,,,1,-1,157950
4647,30711280,2,1,,10701,,,0,,,30711290,gal_favor_text_30711280,,,2,,0,,,1,-1,157950
4648,30711290,2,1,gal_name_07,10701,,,0,,,30711300,gal_favor_text_30711290,,,1,,0,,,1,-1,157950
4649,30711300,2,1,,10701,,,0,,,30711310,gal_favor_text_30711300,,,2,,0,,,1,-1,157950
4650,30711310,2,1,,10701,,,0,,,30711320,gal_favor_text_30711310,,,2,,0,,,1,-1,157950
4651,30711320,2,1,player_name,10701,,,0,,,30711330,gal_favor_text_30711320,,,1,,0,,,1,-1,157950
4652,30711330,2,1,gal_name_07,10701,,,0,,,30711340,gal_favor_text_30711330,,,1,,0,,,1,-1,157950
4653,30711340,2,1,gal_name_07,10701,,,0,,,30711350,gal_favor_text_30711340,,,1,,0,,,1,-1,157950
4654,30711350,2,1,player_name,10701,,,0,,,30711360,gal_favor_text_30711350,,,1,,0,,,1,-1,157950
4655,30711360,2,1,player_name,10701,,,0,,,30711370,gal_favor_text_30711360,,,1,,0,,,1,-1,157950
4656,30711370,2,1,gal_name_07,10701,,,0,,,30711380,gal_favor_text_30711370,,,1,,0,,,1,-1,157950
4657,30711380,2,1,,10701,,,0,,,30711390,gal_favor_text_30711380,,,2,,0,,,1,-1,157950
4658,30711390,2,1,gal_name_07,10701,,,0,,,30711400,gal_favor_text_30711390,,,1,,0,,,1,-1,157950
4659,30711400,2,1,player_name,10701,,,0,,,30711410,gal_favor_text_30711400,,,1,,0,,,1,-1,157950
4660,30711410,2,1,player_name,10701,,,0,,,30711420,gal_favor_text_30711410,,,1,,0,,,1,-1,157950
4661,30711420,2,1,gal_name_07,10701,,,0,,,30711430,gal_favor_text_30711420,,,1,,0,,,1,-1,157950
4662,30711430,2,1,player_name,10701,,,0,,,30711440,gal_favor_text_30711430,,,1,,0,,,1,-1,157950
4663,30711440,2,1,gal_name_07,10701,,,0,,,30711450,gal_favor_text_30711440,,,1,,0,,,1,-1,157950
4664,30711450,2,1,player_name,10701,,,0,,,30711460,gal_favor_text_30711450,,,1,,0,,,1,-1,157950
4665,30711460,2,1,,10701,,,0,,,30711470,gal_favor_text_30711460,,,2,,0,,,1,-1,157950
4666,30711470,2,1,player_name,10701,,,0,,,30711480,gal_favor_text_30711470,,,1,,0,,,1,-1,157950
4667,30711480,2,1,gal_name_07,10701,,,0,,,30711490,gal_favor_text_30711480,,,1,,0,,,1,-1,157950
4668,30711490,2,1,gal_name_07,10701,,,0,,,30711500,gal_favor_text_30711490,,,1,,0,,,1,-1,157950
4669,30711500,2,1,player_name,10701,,,0,,,30711510,gal_favor_text_30711500,,,1,,0,,,1,-1,157950
4670,30711510,2,1,,10701,,,0,,,30711520,gal_favor_text_30711510,,,2,,0,,,1,-1,157950
4671,30711520,2,1,,10701,,,0,,,30711530,gal_favor_text_30711520,,,2,,0,,,1,-1,157950
4672,30711530,2,1,player_name,10701,,,0,,,30711540,gal_favor_text_30711530,,,1,,0,,,1,-1,157950
4673,30711540,2,1,gal_name_07,10701,,,0,,,30711550,gal_favor_text_30711540,,,1,,0,,,1,-1,157950
4674,30711550,2,1,,10701,,,0,,,30711560,gal_favor_text_30711550,,,2,,0,,,1,-1,157950
4675,30711560,2,1,,10701,,,0,,,30711570,gal_favor_text_30711560,,,2,,0,,,1,-1,157950
4676,30711570,2,1,player_name,10701,,,0,,,30711580,gal_favor_text_30711570,,,1,,0,,,1,-1,157950
4677,30711580,2,1,player_name,10701,,,0,,,30711590,gal_favor_text_30711580,,,1,,0,,,1,-1,157950
4678,30711590,2,1,gal_name_07,10701,,,0,,,30711600,gal_favor_text_30711590,,,1,,0,,,1,-1,157950
4679,30711600,2,1,player_name,10701,,,0,,,30711610,gal_favor_text_30711600,,,1,,0,,,1,-1,157950
4680,30711610,2,1,gal_name_07,10701,,,0,,,30711620,gal_favor_text_30711610,,,1,,0,,,1,-1,157950
4681,30711620,2,1,gal_name_07,10701,,,0,,,30711630,gal_favor_text_30711620,,,1,,0,,,1,-1,157950
4682,30711630,2,1,player_name,10701,,,0,,,30711640,gal_favor_text_30711630,,,1,,0,,,1,-1,157950
4683,30711640,2,1,gal_name_07,10701,,,0,,,30711650,gal_favor_text_30711640,,,1,,0,,,1,-1,157950
4684,30711650,2,1,gal_name_07,10701,,,0,,,30711660,gal_favor_text_30711650,,,1,,0,,,1,-1,157950
4685,30711660,2,1,gal_name_07,10701,,,0,,,30711670,gal_favor_text_30711660,,,1,,0,,,1,-1,157950
4686,30711670,2,1,player_name,10701,,,0,,,30711680,gal_favor_text_30711670,,,1,,0,,,1,-1,157950
4687,30711680,2,1,gal_name_07,10701,,,0,,,30711690,gal_favor_text_30711680,,,1,,0,,,1,-1,157950
4688,30711690,2,1,gal_name_07,10701,,,0,,,30711700,gal_favor_text_30711690,,,1,,0,,,1,-1,157950
4689,30711700,2,1,gal_name_07,10701,,,0,,,30711710,gal_favor_text_30711700,,,1,,0,,,1,-1,157950
4690,30711710,2,1,player_name,10701,,,0,,,30711720,gal_favor_text_30711710,,,1,,0,,,1,-1,157950
4691,30711720,2,1,gal_name_07,10701,,,0,,,30711730,gal_favor_text_30711720,,,1,,0,,,1,-1,157950
4692,30711730,2,1,player_name,10701,,,0,,,30711740,gal_favor_text_30711730,,,1,,0,,,1,-1,157950
4693,30711740,2,1,gal_name_07,10701,,,0,,,-1,gal_favor_text_30711740,,,1,,0,,,1,-1,157950
4694,30720010,2,1,,10701,,,0,,,30720020,gal_favor_text_30720010,,,2,,2,gal_bg_street_1,gal_bg_room_1,1,-1,157950
4695,30720020,2,1,,10701,,,0,,,30720030,gal_favor_text_30720020,,,2,,0,,,1,-1,157950
4696,30720030,2,1,,10701,,,0,,,30720040,gal_favor_text_30720030,,,2,,0,,,1,-1,157950
4697,30720040,2,1,,10701,,,0,,,30720050,gal_favor_text_30720040,,,2,,0,,,1,-1,157950
4698,30720050,2,1,player_name,10701,,,0,,,30720060,gal_favor_text_30720050,,,1,,0,,,1,-1,157950
4699,30720060,2,1,,10701,,,0,,,30720070,gal_favor_text_30720060,,,2,,0,,,1,-1,157950
4700,30720070,2,1,player_name,10701,,,0,,,30720080,gal_favor_text_30720070,,,1,,0,,,1,-1,157950
4701,30720080,2,1,,10701,,,0,,,30720090,gal_favor_text_30720080,,,2,,0,,,1,-1,157950
4702,30720090,2,1,gal_name_07,10701,,,0,,,30720100,gal_favor_text_30720090,,,1,,0,,,1,-1,157950
4703,30720100,2,1,player_name,10701,,,0,,,30720110,gal_favor_text_30720100,,,1,,0,,,1,-1,157950
4704,30720110,2,1,,10701,,,0,,,30720120,gal_favor_text_30720110,,,2,,0,,,1,-1,157950
4705,30720120,2,1,,10701,,,0,,,30720130,gal_favor_text_30720120,,,2,,0,,,1,-1,157950
4706,30720130,2,1,player_name,10701,,,0,,,30720140,gal_favor_text_30720130,,,1,,0,,,1,-1,157950
4707,30720140,2,1,player_name,10701,,,0,,,30720150,gal_favor_text_30720140,,,1,,0,,,1,-1,157950
4708,30720150,2,1,,10701,,,0,,,30720160,gal_favor_text_30720150,,,2,,0,,,1,-1,157950
4709,30720160,2,1,gal_name_07,10701,,,0,,,30720170,gal_favor_text_30720160,,,1,,0,,,1,-1,157950
4710,30720170,2,1,player_name,10701,,,0,,,30720180,gal_favor_text_30720170,,,1,,0,,,1,-1,157950
4711,30720180,2,1,player_name,10701,,,0,,,30720190,gal_favor_text_30720180,,,1,,0,,,1,-1,157950
4712,30720190,2,1,,10701,,,0,,,30720200,gal_favor_text_30720190,,,2,,0,,,1,-1,157950
4713,30720200,2,1,,10701,,,0,,,30720210,gal_favor_text_30720200,,,2,,0,,,1,-1,157950
4714,30720210,2,1,gal_name_07,10701,,,0,,,30720220,gal_favor_text_30720210,,,1,,0,,,1,-1,157950
4715,30720220,2,1,player_name,10701,,,0,,,30720230,gal_favor_text_30720220,,,1,,0,,,1,-1,157950
4716,30720230,2,1,gal_name_07,10701,,,0,,,30720240,gal_favor_text_30720230,,,1,,0,,,1,-1,157950
4717,30720240,2,1,player_name,10701,,,0,,,30720250,gal_favor_text_30720240,,,1,,0,,,1,-1,157950
4718,30720250,2,1,,10701,,,0,,,30720260,gal_favor_text_30720250,,,2,,0,,,1,-1,157950
4719,30720260,2,1,player_name,10701,,,0,,,30720270,gal_favor_text_30720260,,,1,,0,,,1,-1,157950
4720,30720270,2,1,gal_name_07,10701,,,0,,,30720280,gal_favor_text_30720270,,,1,,0,,,1,-1,157950
4721,30720280,2,1,,10701,,,0,,,30720290,gal_favor_text_30720280,,,2,,0,,,1,-1,157950
4722,30720290,2,1,,10701,,,0,,,30720300,gal_favor_text_30720290,,,2,,0,,,1,-1,157950
4723,30720300,2,1,gal_name_07,10701,,,0,,,30720310,gal_favor_text_30720300,,,1,,0,,,1,-1,157950
4724,30720310,2,1,gal_name_07,10701,,,0,,,30720320,gal_favor_text_30720310,,,1,,0,,,1,-1,157950
4725,30720320,2,1,,10701,,,0,,,30720330,gal_favor_text_30720320,,,2,,0,,,1,-1,157950
4726,30720330,2,1,player_name,10701,,,0,,,30720340,gal_favor_text_30720330,,,1,,0,,,1,-1,157950
4727,30720340,2,1,gal_name_07,10701,,,0,,,30720350,gal_favor_text_30720340,,,1,,0,,,1,-1,157950
4728,30720350,2,1,player_name,10701,,,0,,,30720360,gal_favor_text_30720350,,,1,,0,,,1,-1,157950
4729,30720360,2,1,gal_name_07,10701,,,0,,,30720370,gal_favor_text_30720360,,,1,,0,,,1,-1,157950
4730,30720370,2,1,player_name,10701,,,0,,,30720380,gal_favor_text_30720370,,,1,,0,,,1,-1,157950
4731,30720380,2,1,,10701,,,0,,,30720390,gal_favor_text_30720380,,,2,,0,,,1,-1,157950
4732,30720390,2,1,gal_name_07,10701,,,0,,,30720400,gal_favor_text_30720390,,,1,,0,,,1,-1,157950
4733,30720400,2,1,,10701,,,0,,,30720410,gal_favor_text_30720400,,,2,,0,,,1,-1,157950
4734,30720410,2,1,player_name,10701,,,0,,,30720420,gal_favor_text_30720410,,,1,,0,,,1,-1,157950
4735,30720420,2,1,,10701,,,0,,,30720430,gal_favor_text_30720420,,,2,,0,,,1,-1,157950
4736,30720430,2,1,,10701,,,0,,,30720440,gal_favor_text_30720430,,,2,,0,,,1,-1,157950
4737,30720440,2,1,player_name,10701,,,0,,,30720450,gal_favor_text_30720440,,,1,,0,,,1,-1,157950
4738,30720450,2,1,gal_name_07,10701,,,0,,,30720460,gal_favor_text_30720450,,,1,,0,,,1,-1,157950
4739,30720460,2,1,,10701,,,0,,,30720470,gal_favor_text_30720460,,,2,,0,,,1,-1,157950
4740,30720470,2,1,player_name,10701,,,0,,,30720480,gal_favor_text_30720470,,,1,,0,,,1,-1,157950
4741,30720480,2,1,gal_name_07,10701,,,0,,,30720490,gal_favor_text_30720480,,,1,,0,,,1,-1,157950
4742,30720490,2,1,,10701,,,0,,,30720500,gal_favor_text_30720490,,,2,,0,,,1,-1,157950
4743,30720500,2,1,player_name,10701,,,0,,,30720510,gal_favor_text_30720500,,,1,,0,,,1,-1,157950
4744,30720510,2,1,,10701,,,0,,,30720520,gal_favor_text_30720510,,,2,,0,,,1,-1,157950
4745,30720520,2,1,gal_name_07,10701,,,0,,,30720530,gal_favor_text_30720520,,,1,,0,,,1,-1,157950
4746,30720530,2,1,,10701,,,0,,,30720540,gal_favor_text_30720530,,,2,,0,,,1,-1,157950
4747,30720540,2,1,gal_name_07,10701,,,0,,,30720550,gal_favor_text_30720540,,,1,,0,,,1,-1,157950
4748,30720550,2,1,player_name,10701,,,0,,,30720560,gal_favor_text_30720550,,,1,,0,,,1,-1,157950
4749,30720560,2,1,,10701,,,0,,,30720570,gal_favor_text_30720560,,,2,,0,,,1,-1,157950
4750,30720570,2,1,gal_name_07,10701,,,0,,,30720580,gal_favor_text_30720570,,,1,,0,,,1,-1,157950
4751,30720580,2,1,player_name,10701,,,0,,,30720590,gal_favor_text_30720580,,,1,,0,,,1,-1,157950
4752,30720590,2,1,player_name,10701,,,0,,,30720600,gal_favor_text_30720590,,,1,,0,,,1,-1,157950
4753,30720600,2,1,,10701,,,0,,,30720610,gal_favor_text_30720600,,,2,,0,,,1,-1,157950
4754,30720610,2,1,,10701,,,0,,,30720620,gal_favor_text_30720610,,,2,,0,,,1,-1,157950
4755,30720620,2,1,gal_name_07,10701,,,0,,,30720630,gal_favor_text_30720620,,,1,,0,,,1,-1,157950
4756,30720630,2,1,player_name,10701,,,0,,,30720640,gal_favor_text_30720630,,,1,,0,,,1,-1,157950
4757,30720640,2,1,gal_name_07,10701,,,0,,,30720650,gal_favor_text_30720640,,,1,,0,,,1,-1,157950
4758,30720650,2,1,gal_name_07,10701,,,0,,,30720660,gal_favor_text_30720650,,,1,,0,,,1,-1,157950
4759,30720660,2,1,gal_name_07,10701,,,0,,,30720670,gal_favor_text_30720660,,,1,,0,,,1,-1,157950
4760,30720670,2,1,player_name,10701,,,0,,,30720680,gal_favor_text_30720670,,,1,,0,,,1,-1,157950
4761,30720680,2,1,,10701,,,0,,,30720690,gal_favor_text_30720680,,,2,,0,,,1,-1,157950
4762,30720690,2,1,gal_name_07,10701,,,0,,,30720700,gal_favor_text_30720690,,,1,,0,,,1,-1,157950
4763,30720700,2,1,,10701,,,0,,,30720710,gal_favor_text_30720700,,,2,,0,,,1,-1,157950
4764,30720710,2,1,gal_name_27,10701,,,0,,,30720720,gal_favor_text_30720710,,,1,,0,,,1,-1,157950
4765,30720720,2,1,gal_name_27,10701,,,0,,,30720730,gal_favor_text_30720720,,,1,,0,,,1,-1,157950
4766,30720730,2,1,gal_name_28,10701,,,0,,,30720740,gal_favor_text_30720730,,,1,,0,,,1,-1,157950
4767,30720740,2,1,player_name,10701,,,0,,,30720750,gal_favor_text_30720740,,,1,,0,,,1,-1,157950
4768,30720750,2,1,player_name,10701,,,0,,,30720760,gal_favor_text_30720750,,,1,,0,,,1,-1,157950
4769,30720760,2,1,gal_name_07,10701,,,0,,,30720770,gal_favor_text_30720760,,,1,,0,,,1,-1,157950
4770,30720770,2,1,player_name,10701,,,0,,,30720780,gal_favor_text_30720770,,,1,,0,,,1,-1,157950
4771,30720780,2,1,gal_name_07,10701,,,0,,,30720790,gal_favor_text_30720780,,,1,,0,,,1,-1,157950
4772,30720790,2,1,,10701,,,0,,,30720800,gal_favor_text_30720790,,,2,,0,,,1,-1,157950
4773,30720800,2,1,,10701,,,0,,,30720810,gal_favor_text_30720800,,,2,,0,,,1,-1,157950
4774,30720810,2,1,gal_name_07,10701,,,0,,,30720820,gal_favor_text_30720810,,,1,,0,,,1,-1,157950
4775,30720820,2,1,player_name,10701,,,0,,,30720830,gal_favor_text_30720820,,,1,,0,,,1,-1,157950
4776,30720830,2,1,player_name,10701,,,0,,,30720840,gal_favor_text_30720830,,,1,,0,,,1,-1,157950
4777,30720840,2,1,,10701,,,0,,,30720850,gal_favor_text_30720840,,,2,,0,,,1,-1,157950
4778,30720850,2,1,player_name,10701,,,0,,,30720860,gal_favor_text_30720850,,,1,,0,,,1,-1,157950
4779,30720860,2,1,gal_name_07,10701,,,0,,,30720870,gal_favor_text_30720860,,,1,,0,,,1,-1,157950
4780,30720870,2,1,player_name,10701,,,0,,,30720880,gal_favor_text_30720870,,,1,,0,,,1,-1,157950
4781,30720880,2,1,gal_name_07,10701,,,0,,,30720890,gal_favor_text_30720880,,,1,,0,,,1,-1,157950
4782,30720890,2,1,player_name,10701,,,0,,,30720900,gal_favor_text_30720890,,,1,,0,,,1,-1,157950
4783,30720900,2,1,,10701,,,0,,,30720910,gal_favor_text_30720900,,,2,,0,,,1,-1,157950
4784,30720910,2,1,player_name,10701,,,0,,,30720920,gal_favor_text_30720910,,,1,,0,,,1,-1,157950
4785,30720920,2,1,gal_name_07,10701,,,0,,,30720930,gal_favor_text_30720920,,,1,,0,,,1,-1,157950
4786,30720930,2,1,player_name,10701,,,0,,,30720940,gal_favor_text_30720930,,,1,,0,,,1,-1,157950
4787,30720940,2,1,gal_name_07,10701,,,0,,,30720950,gal_favor_text_30720940,,,1,,0,,,1,-1,157950
4788,30720950,2,1,player_name,10701,,,0,,,30720960,gal_favor_text_30720950,,,1,,0,,,1,-1,157950
4789,30720960,2,1,,10701,,,0,,,30720970,gal_favor_text_30720960,,,2,,0,,,1,-1,157950
4790,30720970,2,1,gal_name_07,10701,,,0,,,30720980,gal_favor_text_30720970,,,1,,0,,,1,-1,157950
4791,30720980,2,1,,10701,,,0,,,30720990,gal_favor_text_30720980,,,2,,0,,,1,-1,157950
4792,30720990,2,1,,10701,,,0,,,30721000,gal_favor_text_30720990,,,2,,0,,,1,-1,157950
4793,30721000,2,1,,10701,,,0,,,30721010,gal_favor_text_30721000,,,2,,0,,,1,-1,157950
4794,30721010,2,1,gal_name_07,10701,,,0,,,30721020,gal_favor_text_30721010,,,1,,0,,,1,-1,157950
4795,30721020,2,1,player_name,10701,,,0,,,30721030,gal_favor_text_30721020,,,1,,0,,,1,-1,157950
4796,30721030,2,1,,10701,,,0,,,30721040,gal_favor_text_30721030,,,2,,0,,,1,-1,157950
4797,30721040,2,1,gal_name_07,10701,,,0,,,30721050,gal_favor_text_30721040,,,1,,0,,,1,-1,157950
4798,30721050,2,1,player_name,10701,,,0,,,30721060,gal_favor_text_30721050,,,1,,0,,,1,-1,157950
4799,30721060,2,1,gal_name_07,10701,,,0,,,30721070,gal_favor_text_30721060,,,1,,0,,,1,-1,157950
4800,30721070,2,1,,10701,,,0,,,30721080,gal_favor_text_30721070,,,2,,0,,,1,-1,157950
4801,30721080,2,1,,10701,,,0,,,30721090,gal_favor_text_30721080,,,2,,0,,,1,-1,157950
4802,30721090,2,1,player_name,10701,,,0,,,30721100,gal_favor_text_30721090,,,1,,0,,,1,-1,157950
4803,30721100,2,1,,10701,,,0,,,30721110,gal_favor_text_30721100,,,2,,0,,,1,-1,157950
4804,30721110,2,1,player_name,10701,,,0,,,30721120,gal_favor_text_30721110,,,1,,0,,,1,-1,157950
4805,30721120,2,1,gal_name_07,10701,,,0,,,30721130,gal_favor_text_30721120,,,1,,0,,,1,-1,157950
4806,30721130,2,1,,10701,,,0,,,30721140,gal_favor_text_30721130,,,2,,0,,,1,-1,157950
4807,30721140,2,1,,10701,,,0,,,30721150,gal_favor_text_30721140,,,2,,0,,,1,-1,157950
4808,30721150,2,1,player_name,10701,,,0,,,30721160,gal_favor_text_30721150,,,1,,0,,,1,-1,157950
4809,30721160,2,1,gal_name_07,10701,,,0,,,30721170,gal_favor_text_30721160,,,1,,0,,,1,-1,157950
4810,30721170,2,1,player_name,10701,,,0,,,30721180,gal_favor_text_30721170,,,1,,0,,,1,-1,157950
4811,30721180,2,1,gal_name_07,10701,,,0,,,30721190,gal_favor_text_30721180,,,1,,0,,,1,-1,157950
4812,30721190,2,1,player_name,10701,,,0,,,30721200,gal_favor_text_30721190,,,1,,0,,,1,-1,157950
4813,30721200,2,1,gal_name_07,10701,,,0,,,30721210,gal_favor_text_30721200,,,1,,0,,,1,-1,157950
4814,30721210,2,1,player_name,10701,,,0,,,30721220,gal_favor_text_30721210,,,1,,0,,,1,-1,157950
4815,30721220,2,1,,10701,,,0,,,30721230,gal_favor_text_30721220,,,2,,0,,,1,-1,157950
4816,30721230,2,1,gal_name_07,10701,,,0,,,30721240,gal_favor_text_30721230,,,1,,0,,,1,-1,157950
4817,30721240,2,1,,10701,,,0,,,30721250,gal_favor_text_30721240,,,2,,0,,,1,-1,157950
4818,30721250,2,1,,10701,,,0,,,30721260,gal_favor_text_30721250,,,2,,0,,,1,-1,157950
4819,30721260,2,1,player_name,10701,,,0,,,30721270,gal_favor_text_30721260,,,1,,0,,,1,-1,157950
4820,30721270,2,1,gal_name_07,10701,,,0,,,30721280,gal_favor_text_30721270,,,1,,0,,,1,-1,157950
4821,30721280,2,1,,10701,,,0,,,30721290,gal_favor_text_30721280,,,2,,0,,,1,-1,157950
4822,30721290,2,1,player_name,10701,,,0,,,30721300,gal_favor_text_30721290,,,1,,0,,,1,-1,157950
4823,30721300,2,1,gal_name_07,10701,,,0,,,30721310,gal_favor_text_30721300,,,1,,0,,,1,-1,157950
4824,30721310,2,1,player_name,10701,,,0,,,30721320,gal_favor_text_30721310,,,1,,0,,,1,-1,157950
4825,30721320,2,1,gal_name_07,10701,,,0,,,30721330,gal_favor_text_30721320,,,1,,0,,,1,-1,157950
4826,30721330,2,1,,10701,,,0,,,30721340,gal_favor_text_30721330,,,2,,0,,,1,-1,157950
4827,30721340,2,1,,10701,,,0,,,30721350,gal_favor_text_30721340,,,2,,0,,,1,-1,157950
4828,30721350,2,1,,10701,,,0,,,30721360,gal_favor_text_30721350,,,2,,0,,,1,-1,157950
4829,30721360,2,1,,10701,,,0,,,30721370,gal_favor_text_30721360,,,2,,0,,,1,-1,157950
4830,30721370,2,1,player_name,10701,,,0,,,30721380,gal_favor_text_30721370,,,1,,0,,,1,-1,157950
4831,30721380,2,1,gal_name_07,10701,,,0,,,30721390,gal_favor_text_30721380,,,1,,0,,,1,-1,157950
4832,30721390,2,1,gal_name_07,10701,,,0,,,30721400,gal_favor_text_30721390,,,1,,0,,,1,-1,157950
4833,30721400,2,1,player_name,10701,,,0,,,30721410,gal_favor_text_30721400,,,1,,0,,,1,-1,157950
4834,30721410,2,1,player_name,10701,,,0,,,30721420,gal_favor_text_30721410,,,1,,0,,,1,-1,157950
4835,30721420,2,1,,10701,,,0,,,30721430,gal_favor_text_30721420,,,2,,0,,,1,-1,157950
4836,30721430,2,1,player_name,10701,,,0,,,30721440,gal_favor_text_30721430,,,1,,0,,,1,-1,157950
4837,30721440,2,1,player_name,10701,,,0,,,30721450,gal_favor_text_30721440,,,1,,0,,,1,-1,157950
4838,30721450,2,1,gal_name_07,10701,,,0,,,30721460,gal_favor_text_30721450,,,1,,0,,,1,-1,157950
4839,30721460,2,1,,10701,,,0,,,30721470,gal_favor_text_30721460,,,2,,0,,,1,-1,157950
4840,30721470,2,1,player_name,10701,,,0,,,30721480,gal_favor_text_30721470,,,1,,0,,,1,-1,157950
4841,30721480,2,1,gal_name_07,10701,,,0,,,30721490,gal_favor_text_30721480,,,1,,0,,,1,-1,157950
4842,30721490,2,1,player_name,10701,,,0,,,30721500,gal_favor_text_30721490,,,1,,0,,,1,-1,157950
4843,30721500,2,1,player_name,10701,,,0,,,30721510,gal_favor_text_30721500,,,1,,0,,,1,-1,157950
4844,30721510,2,1,,10701,,,0,,,30721520,gal_favor_text_30721510,,,2,,0,,,1,-1,157950
4845,30721520,2,1,gal_name_07,10701,,,0,,,30721530,gal_favor_text_30721520,,,1,,0,,,1,-1,157950
4846,30721530,2,1,player_name,10701,,,0,,,30721540,gal_favor_text_30721530,,,1,,0,,,1,-1,157950
4847,30721540,2,1,gal_name_07,10701,,,0,,,30721550,gal_favor_text_30721540,,,1,,0,,,1,-1,157950
4848,30721550,2,1,,10701,,,0,,,30721560,gal_favor_text_30721550,,,2,,0,,,1,-1,157950
4849,30721560,2,1,gal_name_07,10701,,,0,,,30721570,gal_favor_text_30721560,,,1,,0,,,1,-1,157950
4850,30721570,2,1,,10701,,,0,,,30721580,gal_favor_text_30721570,,,2,,0,,,1,-1,157950
4851,30721580,2,1,,10701,,,0,,,30721590,gal_favor_text_30721580,,,2,,0,,,1,-1,157950
4852,30721590,2,1,player_name,10701,,,0,,,30721600,gal_favor_text_30721590,,,1,,0,,,1,-1,157950
4853,30721600,2,1,gal_name_07,10701,,,0,,,30721610,gal_favor_text_30721600,,,1,,0,,,1,-1,157950
4854,30721610,2,1,,10701,,,0,,,30721620,gal_favor_text_30721610,,,2,,0,,,1,-1,157950
4855,30721620,2,1,,10701,,,0,,,30721630,gal_favor_text_30721620,,,2,,0,,,1,-1,157950
4856,30721630,2,1,,10701,,,0,,,30721640,gal_favor_text_30721630,,,2,,0,,,1,-1,157950
4857,30721640,2,1,,10701,,,0,,,30721650,gal_favor_text_30721640,,,2,,0,,,1,-1,157950
4858,30721650,2,1,,10701,,,0,,,30721660,gal_favor_text_30721650,,,2,,0,,,1,-1,157950
4859,30721660,2,1,gal_name_11,10701,,,0,,,30721670,gal_favor_text_30721660,,,1,,0,,,1,-1,157950
4860,30721670,2,1,gal_name_07,10701,,,0,,,30721680,gal_favor_text_30721670,,,1,,0,,,1,-1,157950
4861,30721680,2,1,gal_name_12,10701,,,0,,,30721690,gal_favor_text_30721680,,,1,,0,,,1,-1,157950
4862,30721690,2,1,gal_name_11,10701,,,0,,,30721700,gal_favor_text_30721690,,,1,,0,,,1,-1,157950
4863,30721700,2,1,,10701,,,0,,,30721710,gal_favor_text_30721700,,,2,,0,,,1,-1,157950
4864,30721710,2,1,player_name,10701,,,0,,,30721720,gal_favor_text_30721710,,,1,,0,,,1,-1,157950
4865,30721720,2,1,gal_name_07,10701,,,0,,,30721730,gal_favor_text_30721720,,,1,,0,,,1,-1,157950
4866,30721730,2,1,player_name,10701,,,0,,,30721740,gal_favor_text_30721730,,,1,,0,,,1,-1,157950
4867,30721740,2,1,,10701,,,0,,,30721750,gal_favor_text_30721740,,,2,,0,,,1,-1,157950
4868,30721750,2,1,,10701,,,0,,,30721760,gal_favor_text_30721750,,,2,,0,,,1,-1,157950
4869,30721760,2,1,player_name,10701,,,0,,,30721770,gal_favor_text_30721760,,,1,,0,,,1,-1,157950
4870,30721770,2,1,gal_name_07,10701,,,0,,,30721780,gal_favor_text_30721770,,,1,,0,,,1,-1,157950
4871,30721780,2,1,gal_name_07,10701,,,0,,,30721790,gal_favor_text_30721780,,,1,,0,,,1,-1,157950
4872,30721790,2,1,,10701,,,0,,,30721800,gal_favor_text_30721790,,,2,,0,,,1,-1,157950
4873,30721800,2,1,gal_name_07,10701,,,0,,,30721810,gal_favor_text_30721800,,,1,,0,,,1,-1,157950
4874,30721810,2,1,gal_name_07,10701,,,0,,,30721820,gal_favor_text_30721810,,,1,,0,,,1,-1,157950
4875,30721820,2,1,player_name,10701,,,0,,,30721830,gal_favor_text_30721820,,,1,,0,,,1,-1,157950
4876,30721830,2,1,gal_name_07,10701,,,0,,,-1,gal_favor_text_30721830,,,1,,0,,,1,-1,157950
4877,30730010,2,1,,10701,,,0,,,30730020,gal_favor_text_30730010,,,2,,2,gal_bg_dusk,gal_bg_room_1,1,-1,157950
4878,30730020,2,1,,10701,,,0,,,30730030,gal_favor_text_30730020,,,2,,0,,,1,-1,157950
4879,30730030,2,1,gal_name_07,10701,,,0,,,30730040,gal_favor_text_30730030,,,1,,0,,,1,-1,157950
4880,30730040,2,1,player_name,10701,,,0,,,30730050,gal_favor_text_30730040,,,1,,0,,,1,-1,157950
4881,30730050,2,1,gal_name_07,10701,,,0,,,30730060,gal_favor_text_30730050,,,1,,0,,,1,-1,157950
4882,30730060,2,1,gal_name_07,10701,,,0,,,30730070,gal_favor_text_30730060,,,1,,0,,,1,-1,157950
4883,30730070,2,1,player_name,10701,,,0,,,30730080,gal_favor_text_30730070,,,1,,0,,,1,-1,157950
4884,30730080,2,1,,10701,,,0,,,30730090,gal_favor_text_30730080,,,2,,0,,,1,-1,157950
4885,30730090,2,1,gal_name_07,10701,,,0,,,30730100,gal_favor_text_30730090,,,1,,0,,,1,-1,157950
4886,30730100,2,1,player_name,10701,,,0,,,30730110,gal_favor_text_30730100,,,1,,0,,,1,-1,157950
4887,30730110,2,1,gal_name_07,10701,,,0,,,30730120,gal_favor_text_30730110,,,1,,0,,,1,-1,157950
4888,30730120,2,1,player_name,10701,,,0,,,30730130,gal_favor_text_30730120,,,1,,0,,,1,-1,157950
4889,30730130,2,1,,10701,,,0,,,30730140,gal_favor_text_30730130,,,2,,0,,,1,-1,157950
4890,30730140,2,1,player_name,10701,,,0,,,30730150,gal_favor_text_30730140,,,1,,0,,,1,-1,157950
4891,30730150,2,1,gal_name_07,10701,,,0,,,30730160,gal_favor_text_30730150,,,1,,0,,,1,-1,157950
4892,30730160,2,1,player_name,10701,,,0,,,30730170,gal_favor_text_30730160,,,1,,0,,,1,-1,157950
4893,30730170,2,1,gal_name_07,10701,,,0,,,30730180,gal_favor_text_30730170,,,1,,0,,,1,-1,157950
4894,30730180,2,1,player_name,10701,,,0,,,30730190,gal_favor_text_30730180,,,1,,0,,,1,-1,157950
4895,30730190,2,1,player_name,10701,,,0,,,30730200,gal_favor_text_30730190,,,1,,0,,,1,-1,157950
4896,30730200,2,1,player_name,10701,,,0,,,30730210,gal_favor_text_30730200,,,1,,0,,,1,-1,157950
4897,30730210,2,1,gal_name_07,10701,,,0,,,30730220,gal_favor_text_30730210,,,1,,0,,,1,-1,157950
4898,30730220,2,1,player_name,10701,,,0,,,30730230,gal_favor_text_30730220,,,1,,0,,,1,-1,157950
4899,30730230,2,1,,10701,,,0,,,30730240,gal_favor_text_30730230,,,2,,0,,,1,-1,157950
4900,30730240,2,1,gal_name_23,10701,,,0,,,30730250,gal_favor_text_30730240,,,1,,0,,,1,-1,157950
4901,30730250,2,1,gal_name_23,10701,,,0,,,30730260,gal_favor_text_30730250,,,1,,0,,,1,-1,157950
4902,30730260,2,1,,10701,,,0,,,30730270,gal_favor_text_30730260,,,2,,0,,,1,-1,157950
4903,30730270,2,1,,10701,,,0,,,30730280,gal_favor_text_30730270,,,2,,0,,,1,-1,157950
4904,30730280,2,1,player_name,10701,,,0,,,30730290,gal_favor_text_30730280,,,1,,0,,,1,-1,157950
4905,30730290,2,1,gal_name_07,10701,,,0,,,30730300,gal_favor_text_30730290,,,1,,0,,,1,-1,157950
4906,30730300,2,1,,10701,,,0,,,30730310,gal_favor_text_30730300,,,2,,0,,,1,-1,157950
4907,30730310,2,1,,10701,,,0,,,30730320,gal_favor_text_30730310,,,2,,0,,,1,-1,157950
4908,30730320,2,1,,10701,,,0,,,30730330,gal_favor_text_30730320,,,2,,0,,,1,-1,157950
4909,30730330,2,1,,10701,,,0,,,30730340,gal_favor_text_30730330,,,2,,0,,,1,-1,157950
4910,30730340,2,1,player_name,10701,,,0,,,30730350,gal_favor_text_30730340,,,1,,0,,,1,-1,157950
4911,30730350,2,1,gal_name_07,10701,,,0,,,30730360,gal_favor_text_30730350,,,1,,0,,,1,-1,157950
4912,30730360,2,1,gal_name_07,10701,,,0,,,30730370,gal_favor_text_30730360,,,1,,0,,,1,-1,157950
4913,30730370,2,1,gal_name_07,10701,,,0,,,30730380,gal_favor_text_30730370,,,1,,0,,,1,-1,157950
4914,30730380,2,1,,10701,,,0,,,30730390,gal_favor_text_30730380,,,2,,0,,,1,-1,157950
4915,30730390,2,1,player_name,10701,,,0,,,30730400,gal_favor_text_30730390,,,1,,0,,,1,-1,157950
4916,30730400,2,1,gal_name_07,10701,,,0,,,30730410,gal_favor_text_30730400,,,1,,0,,,1,-1,157950
4917,30730410,2,1,,10701,,,0,,,30730420,gal_favor_text_30730410,,,2,,0,,,1,-1,157950
4918,30730420,2,1,player_name,10701,,,0,,,30730430,gal_favor_text_30730420,,,1,,0,,,1,-1,157950
4919,30730430,2,1,player_name,10701,,,0,,,30730440,gal_favor_text_30730430,,,1,,0,,,1,-1,157950
4920,30730440,2,1,gal_name_07,10701,,,0,,,30730450,gal_favor_text_30730440,,,1,,0,,,1,-1,157950
4921,30730450,2,1,player_name,10701,,,0,,,30730460,gal_favor_text_30730450,,,1,,0,,,1,-1,157950
4922,30730460,2,1,player_name,10701,,,0,,,30730470,gal_favor_text_30730460,,,1,,0,,,1,-1,157950
4923,30730470,2,1,gal_name_07,10701,,,0,,,30730480,gal_favor_text_30730470,,,1,,0,,,1,-1,157950
4924,30730480,2,1,player_name,10701,,,0,,,30730490,gal_favor_text_30730480,,,1,,0,,,1,-1,157950
4925,30730490,2,1,gal_name_07,10701,,,0,,,30730500,gal_favor_text_30730490,,,1,,0,,,1,-1,157950
4926,30730500,2,1,,10701,,,0,,,30730510,gal_favor_text_30730500,,,2,,0,,,1,-1,157950
4927,30730510,2,1,gal_name_07,10701,,,0,,,30730520,gal_favor_text_30730510,,,1,,0,,,1,-1,157950
4928,30730520,2,1,player_name,10701,,,0,,,30730530,gal_favor_text_30730520,,,1,,0,,,1,-1,157950
4929,30730530,2,1,gal_name_07,10701,,,0,,,30730540,gal_favor_text_30730530,,,1,,0,,,1,-1,157950
4930,30730540,2,1,gal_name_07,10701,,,0,,,30730550,gal_favor_text_30730540,,,1,,0,,,1,-1,157950
4931,30730550,2,1,player_name,10701,,,0,,,30730560,gal_favor_text_30730550,,,1,,0,,,1,-1,157950
4932,30730560,2,1,gal_name_07,10701,,,0,,,30730570,gal_favor_text_30730560,,,1,,0,,,1,-1,157950
4933,30730570,2,1,player_name,10701,,,0,,,30730580,gal_favor_text_30730570,,,1,,0,,,1,-1,157950
4934,30730580,2,1,player_name,10701,,,0,,,30730590,gal_favor_text_30730580,,,1,,0,,,1,-1,157950
4935,30730590,2,1,gal_name_07,10701,,,0,,,30730600,gal_favor_text_30730590,,,1,,0,,,1,-1,157950
4936,30730600,2,1,player_name,10701,,,0,,,30730610,gal_favor_text_30730600,,,1,,0,,,1,-1,157950
4937,30730610,2,1,player_name,10701,,,0,,,30730620,gal_favor_text_30730610,,,1,,0,,,1,-1,157950
4938,30730620,2,1,gal_name_07,10701,,,0,,,30730630,gal_favor_text_30730620,,,1,,0,,,1,-1,157950
4939,30730630,2,1,player_name,10701,,,0,,,30730640,gal_favor_text_30730630,,,1,,0,,,1,-1,157950
4940,30730640,2,1,gal_name_07,10701,,,0,,,30730650,gal_favor_text_30730640,,,1,,0,,,1,-1,157950
4941,30730650,2,1,,10701,,,0,,,30730660,gal_favor_text_30730650,,,2,,0,,,1,-1,157950
4942,30730660,2,1,,10701,,,0,,,30730670,gal_favor_text_30730660,,,2,,0,,,1,-1,157950
4943,30730670,2,1,,10701,,,0,,,30730680,gal_favor_text_30730670,,,2,,0,,,1,-1,157950
4944,30730680,2,1,player_name,10701,,,0,,,30730690,gal_favor_text_30730680,,,1,,0,,,1,-1,157950
4945,30730690,2,1,,10701,,,0,,,30730700,gal_favor_text_30730690,,,2,,0,,,1,-1,157950
4946,30730700,2,1,player_name,10701,,,0,,,30730710,gal_favor_text_30730700,,,1,,0,,,1,-1,157950
4947,30730710,2,1,,10701,,,0,,,30730720,gal_favor_text_30730710,,,2,,0,,,1,-1,157950
4948,30730720,2,1,player_name,10701,,,0,,,30730730,gal_favor_text_30730720,,,1,,0,,,1,-1,157950
4949,30730730,2,1,,10701,,,0,,,30730740,gal_favor_text_30730730,,,2,,0,,,1,-1,157950
4950,30730740,2,1,player_name,10701,,,0,,,30730750,gal_favor_text_30730740,,,1,,0,,,1,-1,157950
4951,30730750,2,1,player_name,10701,,,0,,,30730760,gal_favor_text_30730750,,,1,,0,,,1,-1,157950
4952,30730760,2,1,,10701,,,0,,,30730770,gal_favor_text_30730760,,,2,,0,,,1,-1,157950
4953,30730770,2,1,,10701,,,0,,,30730780,gal_favor_text_30730770,,,2,,0,,,1,-1,157950
4954,30730780,2,1,,10701,,,0,,,30730790,gal_favor_text_30730780,,,2,,0,,,1,-1,157950
4955,30730790,2,1,player_name,10701,,,0,,,30730800,gal_favor_text_30730790,,,1,,0,,,1,-1,157950
4956,30730800,2,1,,10701,,,0,,,30730810,gal_favor_text_30730800,,,2,,0,,,1,-1,157950
4957,30730810,2,1,gal_name_07,10701,,,0,,,30730820,gal_favor_text_30730810,,,1,,0,,,1,-1,157950
4958,30730820,2,1,player_name,10701,,,0,,,30730830,gal_favor_text_30730820,,,1,,0,,,1,-1,157950
4959,30730830,2,1,,10701,,,0,,,30730840,gal_favor_text_30730830,,,2,,0,,,1,-1,157950
4960,30730840,2,1,player_name,10701,,,0,,,30730850,gal_favor_text_30730840,,,1,,0,,,1,-1,157950
4961,30730850,2,1,gal_name_07,10701,,,0,,,30730860,gal_favor_text_30730850,,,1,,0,,,1,-1,157950
4962,30730860,2,1,,10701,,,0,,,30730870,gal_favor_text_30730860,,,2,,0,,,1,-1,157950
4963,30730870,2,1,gal_name_07,10701,,,0,,,30730880,gal_favor_text_30730870,,,1,,0,,,1,-1,157950
4964,30730880,2,1,,10701,,,0,,,30730890,gal_favor_text_30730880,,,2,,0,,,1,-1,157950
4965,30730890,2,1,gal_name_07,10701,,,0,,,30730900,gal_favor_text_30730890,,,1,,0,,,1,-1,157950
4966,30730900,2,1,player_name,10701,,,0,,,30730910,gal_favor_text_30730900,,,1,,0,,,1,-1,157950
4967,30730910,2,1,gal_name_07,10701,,,0,,,30730920,gal_favor_text_30730910,,,1,,0,,,1,-1,157950
4968,30730920,2,1,player_name,10701,,,0,,,30730930,gal_favor_text_30730920,,,1,,0,,,1,-1,157950
4969,30730930,2,1,,10701,,,0,,,30730940,gal_favor_text_30730930,,,2,,0,,,1,-1,157950
4970,30730940,2,1,player_name,10701,,,0,,,30730950,gal_favor_text_30730940,,,1,,0,,,1,-1,157950
4971,30730950,2,1,,10701,,,0,,,30730960,gal_favor_text_30730950,,,2,,0,,,1,-1,157950
4972,30730960,2,1,player_name,10701,,,0,,,30730970,gal_favor_text_30730960,,,1,,0,,,1,-1,157950
4973,30730970,2,1,gal_name_07,10701,,,0,,,30730980,gal_favor_text_30730970,,,1,,0,,,1,-1,157950
4974,30730980,2,1,,10701,,,0,,,30730990,gal_favor_text_30730980,,,2,,0,,,1,-1,157950
4975,30730990,2,1,player_name,10701,,,0,,,30731000,gal_favor_text_30730990,,,1,,0,,,1,-1,157950
4976,30731000,2,1,player_name,10701,,,0,,,30731010,gal_favor_text_30731000,,,1,,0,,,1,-1,157950
4977,30731010,2,1,gal_name_07,10701,,,0,,,30731020,gal_favor_text_30731010,,,1,,0,,,1,-1,157950
4978,30731020,2,1,player_name,10701,,,0,,,30731030,gal_favor_text_30731020,,,1,,0,,,1,-1,157950
4979,30731030,2,1,gal_name_07,10701,,,0,,,30731040,gal_favor_text_30731030,,,1,,0,,,1,-1,157950
4980,30731040,2,1,player_name,10701,,,0,,,30731050,gal_favor_text_30731040,,,1,,0,,,1,-1,157950
4981,30731050,2,1,gal_name_07,10701,,,0,,,30731060,gal_favor_text_30731050,,,1,,0,,,1,-1,157950
4982,30731060,2,1,,10701,,,0,,,30731070,gal_favor_text_30731060,,,2,,0,,,1,-1,157950
4983,30731070,2,1,gal_name_07,10701,,,0,,,30731080,gal_favor_text_30731070,,,1,,0,,,1,-1,157950
4984,30731080,2,1,,10701,,,0,,,30731090,gal_favor_text_30731080,,,2,,0,,,1,-1,157950
4985,30731090,2,1,player_name,10701,,,0,,,30731100,gal_favor_text_30731090,,,1,,0,,,1,-1,157950
4986,30731100,2,1,,10701,,,0,,,30731110,gal_favor_text_30731100,,,2,,0,,,1,-1,157950
4987,30731110,2,1,gal_name_07,10701,,,0,,,30731120,gal_favor_text_30731110,,,1,,0,,,1,-1,157950
4988,30731120,2,1,,10701,,,0,,,30731130,gal_favor_text_30731120,,,2,,0,,,1,-1,157950
4989,30731130,2,1,player_name,10701,,,0,,,30731140,gal_favor_text_30731130,,,1,,0,,,1,-1,157950
4990,30731140,2,1,,10701,,,0,,,30731150,gal_favor_text_30731140,,,2,,0,,,1,-1,157950
4991,30731150,2,1,gal_name_07,10701,,,0,,,30731160,gal_favor_text_30731150,,,1,,0,,,1,-1,157950
4992,30731160,2,1,player_name,10701,,,0,,,30731170,gal_favor_text_30731160,,,1,,0,,,1,-1,157950
4993,30731170,2,1,gal_name_07,10701,,,0,,,30731180,gal_favor_text_30731170,,,1,,0,,,1,-1,157950
4994,30731180,2,1,player_name,10701,,,0,,,30731190,gal_favor_text_30731180,,,1,,0,,,1,-1,157950
4995,30731190,2,1,,10701,,,0,,,30731200,gal_favor_text_30731190,,,2,,0,,,1,-1,157950
4996,30731200,2,1,,10701,,,0,,,30731210,gal_favor_text_30731200,,,2,,0,,,1,-1,157950
4997,30731210,2,1,player_name,10701,,,0,,,30731220,gal_favor_text_30731210,,,1,,0,,,1,-1,157950
4998,30731220,2,1,,10701,,,0,,,30731230,gal_favor_text_30731220,,,2,,0,,,1,-1,157950
4999,30731230,2,1,gal_name_07,10701,,,0,,,30731240,gal_favor_text_30731230,,,1,,0,,,1,-1,157950
5000,30731240,2,1,gal_name_07,10701,,,0,,,30731250,gal_favor_text_30731240,,,1,,0,,,1,-1,157950
5001,30731250,2,1,,10701,,,0,,,30731260,gal_favor_text_30731250,,,2,,0,,,1,-1,157950
5002,30731260,2,1,player_name,10701,,,0,,,30731270,gal_favor_text_30731260,,,1,,0,,,1,-1,157950
5003,30731270,2,1,gal_name_07,10701,,,0,,,30731280,gal_favor_text_30731270,,,1,,0,,,1,-1,157950
5004,30731280,2,1,,10701,,,0,,,30731290,gal_favor_text_30731280,,,2,,0,,,1,-1,157950
5005,30731290,2,1,,10701,,,0,,,30731300,gal_favor_text_30731290,,,2,,0,,,1,-1,157950
5006,30731300,2,1,,10701,,,0,,,30731310,gal_favor_text_30731300,,,2,,0,,,1,-1,157950
5007,30731310,2,1,gal_name_07,10701,,,0,,,30731320,gal_favor_text_30731310,,,1,,0,,,1,-1,157950
5008,30731320,2,1,player_name,10701,,,0,,,30731330,gal_favor_text_30731320,,,1,,0,,,1,-1,157950
5009,30731330,2,1,gal_name_07,10701,,,0,,,30731340,gal_favor_text_30731330,,,1,,0,,,1,-1,157950
5010,30731340,2,1,,10701,,,0,,,30731350,gal_favor_text_30731340,,,2,,0,,,1,-1,157950
5011,30731350,2,1,player_name,10701,,,0,,,30731360,gal_favor_text_30731350,,,1,,0,,,1,-1,157950
5012,30731360,2,1,gal_name_07,10701,,,0,,,30731370,gal_favor_text_30731360,,,1,,0,,,1,-1,157950
5013,30731370,2,1,player_name,10701,,,0,,,30731380,gal_favor_text_30731370,,,1,,0,,,1,-1,157950
5014,30731380,2,1,,10701,,,0,,,30731390,gal_favor_text_30731380,,,2,,0,,,1,-1,157950
5015,30731390,2,1,gal_name_07,10701,,,0,,,30731400,gal_favor_text_30731390,,,1,,0,,,1,-1,157950
5016,30731400,2,1,player_name,10701,,,0,,,30731410,gal_favor_text_30731400,,,1,,0,,,1,-1,157950
5017,30731410,2,1,gal_name_07,10701,,,0,,,30731420,gal_favor_text_30731410,,,1,,0,,,1,-1,157950
5018,30731420,2,1,player_name,10701,,,0,,,30731430,gal_favor_text_30731420,,,1,,0,,,1,-1,157950
5019,30731430,2,1,,10701,,,0,,,30731440,gal_favor_text_30731430,,,2,,0,,,1,-1,157950
5020,30731440,2,1,,10701,,,0,,,30731450,gal_favor_text_30731440,,,2,,0,,,1,-1,157950
5021,30731450,2,1,gal_name_07,10701,,,0,,,30731460,gal_favor_text_30731450,,,1,,0,,,1,-1,157950
5022,30731460,2,1,,10701,,,0,,,30731470,gal_favor_text_30731460,,,2,,0,,,1,-1,157950
5023,30731470,2,1,gal_name_07,10701,,,0,,,30731480,gal_favor_text_30731470,,,1,,0,,,1,-1,157950
5024,30731480,2,1,gal_name_07,10701,,,0,,,30731490,gal_favor_text_30731480,,,1,,0,,,1,-1,157950
5025,30731490,2,1,gal_name_07,10701,,,0,,,30731500,gal_favor_text_30731490,,,1,,0,,,1,-1,157950
5026,30731500,2,1,gal_name_07,10701,,,0,,,30731510,gal_favor_text_30731500,,,1,,0,,,1,-1,157950
5027,30731510,2,1,,10701,,,0,,,30731520,gal_favor_text_30731510,,,2,,0,,,1,-1,157950
5028,30731520,2,1,player_name,10701,,,0,,,30731530,gal_favor_text_30731520,,,1,,0,,,1,-1,157950
5029,30731530,2,1,gal_name_07,10701,,,0,,,30731540,gal_favor_text_30731530,,,1,,0,,,1,-1,157950
5030,30731540,2,1,player_name,10701,,,0,,,30731550,gal_favor_text_30731540,,,1,,0,,,1,-1,157950
5031,30731550,2,1,gal_name_07,10701,,,0,,,30731560,gal_favor_text_30731550,,,1,,0,,,1,-1,157950
5032,30731560,2,1,,10701,,,0,,,30731570,gal_favor_text_30731560,,,2,,0,,,1,-1,157950
5033,30731570,2,1,gal_name_07,10701,,,0,,,30731580,gal_favor_text_30731570,,,1,,0,,,1,-1,157950
5034,30731580,2,1,gal_name_07,10701,,,0,,,30731590,gal_favor_text_30731580,,,1,,0,,,1,-1,157950
5035,30731590,2,1,player_name,10701,,,0,,,-1,gal_favor_text_30731590,,,1,,0,,,1,-1,157950
5036,30740010,2,1,,10701,,,0,,,30740020,gal_favor_text_30740010,,,2,,2,gal_bg_room_1,gal_bg_room_1,1,-1,157950
5037,30740020,2,1,,10701,,,0,,,30740030,gal_favor_text_30740020,,,2,,0,,,1,-1,157950
5038,30740030,2,1,gal_name_07,10701,,,0,,,30740040,gal_favor_text_30740030,,,1,,0,,,1,-1,157950
5039,30740040,2,1,gal_name_07,10701,,,0,,,30740050,gal_favor_text_30740040,,,1,,0,,,1,-1,157950
5040,30740050,2,1,player_name,10701,,,0,,,30740060,gal_favor_text_30740050,,,1,,0,,,1,-1,157950
5041,30740060,2,1,gal_name_07,10701,,,0,,,30740070,gal_favor_text_30740060,,,1,,0,,,1,-1,157950
5042,30740070,2,1,,10701,,,0,,,30740080,gal_favor_text_30740070,,,2,,0,,,1,-1,157950
5043,30740080,2,1,gal_name_41,10701,,,0,,,30740090,gal_favor_text_30740080,,,1,,0,,,1,-1,157950
5044,30740090,2,1,gal_name_41,10701,,,0,,,30740100,gal_favor_text_30740090,,,1,,0,,,1,-1,157950
5045,30740100,2,1,gal_name_41,10701,,,0,,,30740110,gal_favor_text_30740100,,,1,,0,,,1,-1,157950
5046,30740110,2,1,,10701,,,0,,,30740120,gal_favor_text_30740110,,,2,,0,,,1,-1,157950
5047,30740120,2,1,,10701,,,0,,,30740130,gal_favor_text_30740120,,,2,,0,,,1,-1,157950
5048,30740130,2,1,gal_name_07,10701,,,0,,,30740140,gal_favor_text_30740130,,,1,,0,,,1,-1,157950
5049,30740140,2,1,,10701,,,0,,,30740150,gal_favor_text_30740140,,,2,,0,,,1,-1,157950
5050,30740150,2,1,player_name,10701,,,0,,,30740160,gal_favor_text_30740150,,,1,,0,,,1,-1,157950
5051,30740160,2,1,player_name,10701,,,0,,,30740170,gal_favor_text_30740160,,,1,,0,,,1,-1,157950
5052,30740170,2,1,,10701,,,0,,,30740180,gal_favor_text_30740170,,,2,,0,,,1,-1,157950
5053,30740180,2,1,,10701,,,0,,,30740190,gal_favor_text_30740180,,,2,,0,,,1,-1,157950
5054,30740190,2,1,player_name,10701,,,0,,,30740200,gal_favor_text_30740190,,,1,,0,,,1,-1,157950
5055,30740200,2,1,gal_name_07,10701,,,0,,,30740210,gal_favor_text_30740200,,,1,,0,,,1,-1,157950
5056,30740210,2,1,player_name,10701,,,0,,,30740220,gal_favor_text_30740210,,,1,,0,,,1,-1,157950
5057,30740220,2,1,gal_name_20,10701,,,0,,,30740230,gal_favor_text_30740220,,,1,,0,,,1,-1,157950
5058,30740230,2,1,gal_name_20,10701,,,0,,,30740240,gal_favor_text_30740230,,,1,,0,,,1,-1,157950
5059,30740240,2,1,,10701,,,0,,,30740250,gal_favor_text_30740240,,,2,,0,,,1,-1,157950
5060,30740250,2,1,gal_name_20,10701,,,0,,,30740260,gal_favor_text_30740250,,,1,,0,,,1,-1,157950
5061,30740260,2,1,player_name,10701,,,0,,,30740270,gal_favor_text_30740260,,,1,,0,,,1,-1,157950
5062,30740270,2,1,,10701,,,0,,,30740280,gal_favor_text_30740270,,,2,,0,,,1,-1,157950
5063,30740280,2,1,,10701,,,0,,,30740290,gal_favor_text_30740280,,,2,,0,,,1,-1,157950
5064,30740290,2,1,,10701,,,0,,,30740300,gal_favor_text_30740290,,,2,,0,,,1,-1,157950
5065,30740300,2,1,player_name,10701,,,0,,,30740310,gal_favor_text_30740300,,,1,,0,,,1,-1,157950
5066,30740310,2,1,gal_name_07,10701,,,0,,,30740320,gal_favor_text_30740310,,,1,,0,,,1,-1,157950
5067,30740320,2,1,player_name,10701,,,0,,,30740330,gal_favor_text_30740320,,,1,,0,,,1,-1,157950
5068,30740330,2,1,,10701,,,0,,,30740340,gal_favor_text_30740330,,,2,,0,,,1,-1,157950
5069,30740340,2,1,,10701,,,0,,,30740350,gal_favor_text_30740340,,,2,,0,,,1,-1,157950
5070,30740350,2,1,gal_name_07,10701,,,0,,,30740360,gal_favor_text_30740350,,,1,,0,,,1,-1,157950
5071,30740360,2,1,player_name,10701,,,0,,,30740370,gal_favor_text_30740360,,,1,,0,,,1,-1,157950
5072,30740370,2,1,gal_name_07,10701,,,0,,,30740380,gal_favor_text_30740370,,,1,,0,,,1,-1,157950
5073,30740380,2,1,player_name,10701,,,0,,,30740390,gal_favor_text_30740380,,,1,,0,,,1,-1,157950
5074,30740390,2,1,gal_name_07,10701,,,0,,,30740400,gal_favor_text_30740390,,,1,,0,,,1,-1,157950
5075,30740400,2,1,player_name,10701,,,0,,,30740410,gal_favor_text_30740400,,,1,,0,,,1,-1,157950
5076,30740410,2,1,gal_name_07,10701,,,0,,,30740420,gal_favor_text_30740410,,,1,,0,,,1,-1,157950
5077,30740420,2,1,,10701,,,0,,,30740430,gal_favor_text_30740420,,,2,,0,,,1,-1,157950
5078,30740430,2,1,,10701,,,0,,,30740440,gal_favor_text_30740430,,,2,,0,,,1,-1,157950
5079,30740440,2,1,gal_name_07,10701,,,0,,,30740450,gal_favor_text_30740440,,,1,,0,,,1,-1,157950
5080,30740450,2,1,player_name,10701,,,0,,,30740460,gal_favor_text_30740450,,,1,,0,,,1,-1,157950
5081,30740460,2,1,player_name,10701,,,0,,,30740470,gal_favor_text_30740460,,,1,,0,,,1,-1,157950
5082,30740470,2,1,gal_name_07,10701,,,0,,,30740480,gal_favor_text_30740470,,,1,,0,,,1,-1,157950
5083,30740480,2,1,player_name,10701,,,0,,,30740490,gal_favor_text_30740480,,,1,,0,,,1,-1,157950
5084,30740490,2,1,gal_name_07,10701,,,0,,,30740500,gal_favor_text_30740490,,,1,,0,,,1,-1,157950
5085,30740500,2,1,gal_name_18,10701,,,0,,,30740510,gal_favor_text_30740500,,,1,,0,,,1,-1,157950
5086,30740510,2,1,player_name,10701,,,0,,,30740520,gal_favor_text_30740510,,,1,,0,,,1,-1,157950
5087,30740520,2,1,player_name,10701,,,0,,,30740530,gal_favor_text_30740520,,,1,,0,,,1,-1,157950
5088,30740530,2,1,,10701,,,0,,,30740540,gal_favor_text_30740530,,,2,,0,,,1,-1,157950
5089,30740540,2,1,gal_name_07,10701,,,0,,,30740550,gal_favor_text_30740540,,,1,,0,,,1,-1,157950
5090,30740550,2,1,player_name,10701,,,0,,,30740560,gal_favor_text_30740550,,,1,,0,,,1,-1,157950
5091,30740560,2,1,gal_name_07,10701,,,0,,,30740570,gal_favor_text_30740560,,,1,,0,,,1,-1,157950
5092,30740570,2,1,player_name,10701,,,0,,,30740580,gal_favor_text_30740570,,,1,,0,,,1,-1,157950
5093,30740580,2,1,gal_name_07,10701,,,0,,,30740590,gal_favor_text_30740580,,,1,,0,,,1,-1,157950
5094,30740590,2,1,player_name,10701,,,0,,,30740600,gal_favor_text_30740590,,,1,,0,,,1,-1,157950
5095,30740600,2,1,gal_name_07,10701,,,0,,,30740610,gal_favor_text_30740600,,,1,,0,,,1,-1,157950
5096,30740610,2,1,gal_name_07,10701,,,0,,,30740620,gal_favor_text_30740610,,,1,,0,,,1,-1,157950
5097,30740620,2,1,player_name,10701,,,0,,,30740630,gal_favor_text_30740620,,,1,,0,,,1,-1,157950
5098,30740630,2,1,gal_name_07,10701,,,0,,,30740640,gal_favor_text_30740630,,,1,,0,,,1,-1,157950
5099,30740640,2,1,player_name,10701,,,0,,,30740650,gal_favor_text_30740640,,,1,,0,,,1,-1,157950
5100,30740650,2,1,,10701,,,0,,,30740660,gal_favor_text_30740650,,,2,,0,,,1,-1,157950
5101,30740660,2,1,,10701,,,0,,,30740670,gal_favor_text_30740660,,,2,,0,,,1,-1,157950
5102,30740670,2,1,,10701,,,0,,,30740680,gal_favor_text_30740670,,,2,,0,,,1,-1,157950
5103,30740680,2,1,player_name,10701,,,0,,,30740690,gal_favor_text_30740680,,,1,,0,,,1,-1,157950
5104,30740690,2,1,gal_name_07,10701,,,0,,,30740700,gal_favor_text_30740690,,,1,,0,,,1,-1,157950
5105,30740700,2,1,,10701,,,0,,,30740710,gal_favor_text_30740700,,,2,,0,,,1,-1,157950
5106,30740710,2,1,,10701,,,0,,,30740720,gal_favor_text_30740710,,,2,,0,,,1,-1,157950
5107,30740720,2,1,gal_name_07,10701,,,0,,,30740730,gal_favor_text_30740720,,,1,,0,,,1,-1,157950
5108,30740730,2,1,player_name,10701,,,0,,,30740740,gal_favor_text_30740730,,,1,,0,,,1,-1,157950
5109,30740740,2,1,gal_name_07,10701,,,0,,,30740750,gal_favor_text_30740740,,,1,,0,,,1,-1,157950
5110,30740750,2,1,player_name,10701,,,0,,,30740760,gal_favor_text_30740750,,,1,,0,,,1,-1,157950
5111,30740760,2,1,gal_name_07,10701,,,0,,,30740770,gal_favor_text_30740760,,,1,,0,,,1,-1,157950
5112,30740770,2,1,player_name,10701,,,0,,,30740780,gal_favor_text_30740770,,,1,,0,,,1,-1,157950
5113,30740780,2,1,gal_name_07,10701,,,0,,,30740790,gal_favor_text_30740780,,,1,,0,,,1,-1,157950
5114,30740790,2,1,player_name,10701,,,0,,,30740800,gal_favor_text_30740790,,,1,,0,,,1,-1,157950
5115,30740800,2,1,player_name,10701,,,0,,,30740810,gal_favor_text_30740800,,,1,,0,,,1,-1,157950
5116,30740810,2,1,gal_name_07,10701,,,0,,,30740820,gal_favor_text_30740810,,,1,,0,,,1,-1,157950
5117,30740820,2,1,player_name,10701,,,0,,,30740830,gal_favor_text_30740820,,,1,,0,,,1,-1,157950
5118,30740830,2,1,player_name,10701,,,0,,,30740840,gal_favor_text_30740830,,,1,,0,,,1,-1,157950
5119,30740840,2,1,gal_name_07,10701,,,0,,,30740850,gal_favor_text_30740840,,,1,,0,,,1,-1,157950
5120,30740850,2,1,,10701,,,0,,,30740860,gal_favor_text_30740850,,,2,,0,,,1,-1,157950
5121,30740860,2,1,,10701,,,0,,,30740870,gal_favor_text_30740860,,,2,,0,,,1,-1,157950
5122,30740870,2,1,player_name,10701,,,0,,,30740880,gal_favor_text_30740870,,,1,,0,,,1,-1,157950
5123,30740880,2,1,gal_name_07,10701,,,0,,,30740890,gal_favor_text_30740880,,,1,,0,,,1,-1,157950
5124,30740890,2,1,,10701,,,0,,,30740900,gal_favor_text_30740890,,,2,,0,,,1,-1,157950
5125,30740900,2,1,player_name,10701,,,0,,,30740910,gal_favor_text_30740900,,,1,,0,,,1,-1,157950
5126,30740910,2,1,player_name,10701,,,0,,,30740920,gal_favor_text_30740910,,,1,,0,,,1,-1,157950
5127,30740920,2,1,gal_name_07,10701,,,0,,,30740930,gal_favor_text_30740920,,,1,,0,,,1,-1,157950
5128,30740930,2,1,gal_name_07,10701,,,0,,,30740940,gal_favor_text_30740930,,,1,,0,,,1,-1,157950
5129,30740940,2,1,gal_name_07,10701,,,0,,,30740950,gal_favor_text_30740940,,,1,,0,,,1,-1,157950
5130,30740950,2,1,player_name,10701,,,0,,,30740960,gal_favor_text_30740950,,,1,,0,,,1,-1,157950
5131,30740960,2,1,player_name,10701,,,0,,,30740970,gal_favor_text_30740960,,,1,,0,,,1,-1,157950
5132,30740970,2,1,player_name,10701,,,0,,,30740980,gal_favor_text_30740970,,,1,,0,,,1,-1,157950
5133,30740980,2,1,gal_name_07,10701,,,0,,,30740990,gal_favor_text_30740980,,,1,,0,,,1,-1,157950
5134,30740990,2,1,player_name,10701,,,0,,,30741000,gal_favor_text_30740990,,,1,,0,,,1,-1,157950
5135,30741000,2,1,gal_name_07,10701,,,0,,,30741010,gal_favor_text_30741000,,,1,,0,,,1,-1,157950
5136,30741010,2,1,player_name,10701,,,0,,,30741020,gal_favor_text_30741010,,,1,,0,,,1,-1,157950
5137,30741020,2,1,gal_name_07,10701,,,0,,,30741030,gal_favor_text_30741020,,,1,,0,,,1,-1,157950
5138,30741030,2,1,player_name,10701,,,0,,,30741040,gal_favor_text_30741030,,,1,,0,,,1,-1,157950
5139,30741040,2,1,gal_name_07,10701,,,0,,,30741050,gal_favor_text_30741040,,,1,,0,,,1,-1,157950
5140,30741050,2,1,player_name,10701,,,0,,,30741060,gal_favor_text_30741050,,,1,,0,,,1,-1,157950
5141,30741060,2,1,gal_name_07,10701,,,0,,,30741070,gal_favor_text_30741060,,,1,,0,,,1,-1,157950
5142,30741070,2,1,,10701,,,0,,,30741080,gal_favor_text_30741070,,,2,,0,,,1,-1,157950
5143,30741080,2,1,,10701,,,0,,,30741090,gal_favor_text_30741080,,,2,,0,,,1,-1,157950
5144,30741090,2,1,,10701,,,0,,,30741100,gal_favor_text_30741090,,,2,,0,,,1,-1,157950
5145,30741100,2,1,player_name,10701,,,0,,,30741110,gal_favor_text_30741100,,,1,,0,,,1,-1,157950
5146,30741110,2,1,gal_name_07,10701,,,0,,,30741120,gal_favor_text_30741110,,,1,,0,,,1,-1,157950
5147,30741120,2,1,gal_name_07,10701,,,0,,,30741130,gal_favor_text_30741120,,,1,,0,,,1,-1,157950
5148,30741130,2,1,player_name,10701,,,0,,,30741140,gal_favor_text_30741130,,,1,,0,,,1,-1,157950
5149,30741140,2,1,,10701,,,0,,,30741150,gal_favor_text_30741140,,,2,,0,,,1,-1,157950
5150,30741150,2,1,player_name,10701,,,0,,,30741160,gal_favor_text_30741150,,,1,,0,,,1,-1,157950
5151,30741160,2,1,player_name,10701,,,0,,,30741170,gal_favor_text_30741160,,,1,,0,,,1,-1,157950
5152,30741170,2,1,gal_name_07,10701,,,0,,,30741180,gal_favor_text_30741170,,,1,,0,,,1,-1,157950
5153,30741180,2,1,,10701,,,0,,,30741190,gal_favor_text_30741180,,,2,,0,,,1,-1,157950
5154,30741190,2,1,player_name,10701,,,0,,,30741200,gal_favor_text_30741190,,,1,,0,,,1,-1,157950
5155,30741200,2,1,,10701,,,0,,,30741210,gal_favor_text_30741200,,,2,,0,,,1,-1,157950
5156,30741210,2,1,,10701,,,0,,,30741220,gal_favor_text_30741210,,,2,,0,,,1,-1,157950
5157,30741220,2,1,player_name,10701,,,0,,,30741230,gal_favor_text_30741220,,,1,,0,,,1,-1,157950
5158,30741230,2,1,,10701,,,0,,,30741240,gal_favor_text_30741230,,,2,,0,,,1,-1,157950
5159,30741240,2,1,,10701,,,0,,,30741250,gal_favor_text_30741240,,,2,,0,,,1,-1,157950
5160,30741250,2,1,gal_name_07,10701,,,0,,,30741260,gal_favor_text_30741250,,,1,,0,,,1,-1,157950
5161,30741260,2,1,player_name,10701,,,0,,,30741270,gal_favor_text_30741260,,,1,,0,,,1,-1,157950
5162,30741270,2,1,,10701,,,0,,,30741280,gal_favor_text_30741270,,,2,,0,,,1,-1,157950
5163,30741280,2,1,gal_name_07,10701,,,0,,,30741290,gal_favor_text_30741280,,,1,,0,,,1,-1,157950
5164,30741290,2,1,player_name,10701,,,0,,,30741300,gal_favor_text_30741290,,,1,,0,,,1,-1,157950
5165,30741300,2,1,gal_name_07,10701,,,0,,,30741310,gal_favor_text_30741300,,,1,,0,,,1,-1,157950
5166,30741310,2,1,player_name,10701,,,0,,,30741320,gal_favor_text_30741310,,,1,,0,,,1,-1,157950
5167,30741320,2,1,gal_name_07,10701,,,0,,,30741330,gal_favor_text_30741320,,,1,,0,,,1,-1,157950
5168,30741330,2,1,,10701,,,0,,,30741340,gal_favor_text_30741330,,,2,,0,,,1,-1,157950
5169,30741340,2,1,gal_name_07,10701,,,0,,,30741350,gal_favor_text_30741340,,,1,,0,,,1,-1,157950
5170,30741350,2,1,,10701,,,0,,,30741360,gal_favor_text_30741350,,,2,,0,,,1,-1,157950
5171,30741360,2,1,player_name,10701,,,0,,,30741370,gal_favor_text_30741360,,,1,,0,,,1,-1,157950
5172,30741370,2,1,gal_name_07,10701,,,0,,,30741380,gal_favor_text_30741370,,,1,,0,,,1,-1,157950
5173,30741380,2,1,,10701,,,0,,,30741390,gal_favor_text_30741380,,,2,,0,,,1,-1,157950
5174,30741390,2,1,gal_name_07,10701,,,0,,,30741400,gal_favor_text_30741390,,,1,,0,,,1,-1,157950
5175,30741400,2,1,player_name,10701,,,0,,,30741410,gal_favor_text_30741400,,,1,,0,,,1,-1,157950
5176,30741410,2,1,,10701,,,0,,,30741420,gal_favor_text_30741410,,,2,,0,,,1,-1,157950
5177,30741420,2,1,player_name,10701,,,0,,,30741430,gal_favor_text_30741420,,,1,,0,,,1,-1,157950
5178,30741430,2,1,gal_name_07,10701,,,0,,,30741440,gal_favor_text_30741430,,,1,,0,,,1,-1,157950
5179,30741440,2,1,player_name,10701,,,0,,,30741450,gal_favor_text_30741440,,,1,,0,,,1,-1,157950
5180,30741450,2,1,,10701,,,0,,,30741460,gal_favor_text_30741450,,,2,,0,,,1,-1,157950
5181,30741460,2,1,,10701,,,0,,,30741470,gal_favor_text_30741460,,,2,,0,,,1,-1,157950
5182,30741470,2,1,player_name,10701,,,0,,,30741480,gal_favor_text_30741470,,,1,,0,,,1,-1,157950
5183,30741480,2,1,player_name,10701,,,0,,,30741490,gal_favor_text_30741480,,,1,,0,,,1,-1,157950
5184,30741490,2,1,gal_name_07,10701,,,0,,,30741500,gal_favor_text_30741490,,,1,,0,,,1,-1,157950
5185,30741500,2,1,player_name,10701,,,0,,,30741510,gal_favor_text_30741500,,,1,,0,,,1,-1,157950
5186,30741510,2,1,gal_name_07,10701,,,0,,,30741520,gal_favor_text_30741510,,,1,,0,,,1,-1,157950
5187,30741520,2,1,,10701,,,0,,,30741530,gal_favor_text_30741520,,,2,,0,,,1,-1,157950
5188,30741530,2,1,gal_name_07,10701,,,0,,,30741540,gal_favor_text_30741530,,,1,,0,,,1,-1,157950
5189,30741540,2,1,player_name,10701,,,0,,,30741550,gal_favor_text_30741540,,,1,,0,,,1,-1,157950
5190,30741550,2,1,gal_name_07,10701,,,0,,,30741560,gal_favor_text_30741550,,,1,,0,,,1,-1,157950
5191,30741560,2,1,gal_name_07,10701,,,0,,,30741570,gal_favor_text_30741560,,,1,,0,,,1,-1,157950
5192,30741570,2,1,player_name,10701,,,0,,,30741580,gal_favor_text_30741570,,,1,,0,,,1,-1,157950
5193,30741580,2,1,gal_name_07,10701,,,0,,,30741590,gal_favor_text_30741580,,,1,,0,,,1,-1,157950
5194,30741590,2,1,gal_name_07,10701,,,0,,,30741600,gal_favor_text_30741590,,,1,,0,,,1,-1,157950
5195,30741600,2,1,,10701,,,0,,,30741610,gal_favor_text_30741600,,,2,,0,,,1,-1,157950
5196,30741610,2,1,,10701,,,0,,,30741620,gal_favor_text_30741610,,,2,,0,,,1,-1,157950
5197,30741620,2,1,gal_name_20,10701,,,0,,,30741630,gal_favor_text_30741620,,,1,,0,,,1,-1,157950
5198,30741630,2,1,gal_name_20,10701,,,0,,,30741640,gal_favor_text_30741630,,,1,,0,,,1,-1,157950
5199,30741640,2,1,gal_name_07,10701,,,0,,,30741650,gal_favor_text_30741640,,,1,,0,,,1,-1,157950
5200,30741650,2,1,player_name,10701,,,0,,,30741660,gal_favor_text_30741650,,,1,,0,,,1,-1,157950
5201,30741660,2,1,gal_name_07,10701,,,0,,,30741670,gal_favor_text_30741660,,,1,,0,,,1,-1,157950
5202,30741670,2,1,gal_name_07,10701,,,0,,,30741680,gal_favor_text_30741670,,,1,,0,,,1,-1,157950
5203,30741680,2,1,player_name,10701,,,0,,,30741690,gal_favor_text_30741680,,,1,,0,,,1,-1,157950
5204,30741690,2,1,,10701,,,0,,,30741700,gal_favor_text_30741690,,,2,,0,,,1,-1,157950
5205,30741700,2,1,,10701,,,0,,,30741710,gal_favor_text_30741700,,,2,,0,,,1,-1,157950
5206,30741710,2,1,player_name,10701,,,0,,,30741720,gal_favor_text_30741710,,,1,,0,,,1,-1,157950
5207,30741720,2,1,gal_name_07,10701,,,0,,,30741730,gal_favor_text_30741720,,,1,,0,,,1,-1,157950
5208,30741730,2,1,player_name,10701,,,0,,,30741740,gal_favor_text_30741730,,,1,,0,,,1,-1,157950
5209,30741740,2,1,gal_name_07,10701,,,0,,,30741750,gal_favor_text_30741740,,,1,,0,,,1,-1,157950
5210,30741750,2,1,player_name,10701,,,0,,,30741760,gal_favor_text_30741750,,,1,,0,,,1,-1,157950
5211,30741760,2,1,gal_name_07,10701,,,0,,,30741770,gal_favor_text_30741760,,,1,,0,,,1,-1,157950
5212,30741770,2,1,player_name,10701,,,0,,,30741780,gal_favor_text_30741770,,,1,,0,,,1,-1,157950
5213,30741780,2,1,gal_name_07,10701,,,0,,,30741790,gal_favor_text_30741780,,,1,,0,,,1,-1,157950
5214,30741790,2,1,,10701,,,0,,,30741800,gal_favor_text_30741790,,,2,,0,,,1,-1,157950
5215,30741800,2,1,gal_name_07,10701,,,0,,,30741810,gal_favor_text_30741800,,,1,,0,,,1,-1,157950
5216,30741810,2,1,,10701,,,0,,,30741820,gal_favor_text_30741810,,,2,,0,,,1,-1,157950
5217,30741820,2,1,player_name,10701,,,0,,,-1,gal_favor_text_30741820,,,1,,0,,,1,-1,157950
5218,30750010,2,1,gal_name_37,10701,,,0,,,30750020,gal_favor_text_30750010,,,1,,2,gal_bg_school_1,gal_bg_room_1,1,-1,157950
5219,30750020,2,1,gal_name_37,10701,,,0,,,30750030,gal_favor_text_30750020,,,1,,0,,,1,-1,157950
5220,30750030,2,1,,10701,,,0,,,30750040,gal_favor_text_30750030,,,2,,0,,,1,-1,157950
5221,30750040,2,1,player_name,10701,,,0,,,30750050,gal_favor_text_30750040,,,1,,0,,,1,-1,157950
5222,30750050,2,1,gal_name_37,10701,,,0,,,30750060,gal_favor_text_30750050,,,1,,0,,,1,-1,157950
5223,30750060,2,1,,10701,,,0,,,30750070,gal_favor_text_30750060,,,2,,0,,,1,-1,157950
5224,30750070,2,1,gal_name_37,10701,,,0,,,30750080,gal_favor_text_30750070,,,1,,0,,,1,-1,157950
5225,30750080,2,1,,10701,,,0,,,30750090,gal_favor_text_30750080,,,2,,0,,,1,-1,157950
5226,30750090,2,1,,10701,,,0,,,30750100,gal_favor_text_30750090,,,2,,0,,,1,-1,157950
5227,30750100,2,1,player_name,10701,,,0,,,30750110,gal_favor_text_30750100,,,1,,0,,,1,-1,157950
5228,30750110,2,1,,10701,,,0,,,30750120,gal_favor_text_30750110,,,2,,0,,,1,-1,157950
5229,30750120,2,1,gal_name_07,10701,,,0,,,30750130,gal_favor_text_30750120,,,1,,0,,,1,-1,157950
5230,30750130,2,1,gal_name_07,10701,,,0,,,30750140,gal_favor_text_30750130,,,1,,0,,,1,-1,157950
5231,30750140,2,1,player_name,10701,,,0,,,30750150,gal_favor_text_30750140,,,1,,0,,,1,-1,157950
5232,30750150,2,1,gal_name_07,10701,,,0,,,30750160,gal_favor_text_30750150,,,1,,0,,,1,-1,157950
5233,30750160,2,1,player_name,10701,,,0,,,30750170,gal_favor_text_30750160,,,1,,0,,,1,-1,157950
5234,30750170,2,1,player_name,10701,,,0,,,30750180,gal_favor_text_30750170,,,1,,0,,,1,-1,157950
5235,30750180,2,1,gal_name_07,10701,,,0,,,30750190,gal_favor_text_30750180,,,1,,0,,,1,-1,157950
5236,30750190,2,1,player_name,10701,,,0,,,30750200,gal_favor_text_30750190,,,1,,0,,,1,-1,157950
5237,30750200,2,1,gal_name_07,10701,,,0,,,30750210,gal_favor_text_30750200,,,1,,0,,,1,-1,157950
5238,30750210,2,1,gal_name_07,10701,,,0,,,30750220,gal_favor_text_30750210,,,1,,0,,,1,-1,157950
5239,30750220,2,1,gal_name_07,10701,,,0,,,30750230,gal_favor_text_30750220,,,1,,0,,,1,-1,157950
5240,30750230,2,1,player_name,10701,,,0,,,30750240,gal_favor_text_30750230,,,1,,0,,,1,-1,157950
5241,30750240,2,1,gal_name_07,10701,,,0,,,30750250,gal_favor_text_30750240,,,1,,0,,,1,-1,157950
5242,30750250,2,1,player_name,10701,,,0,,,30750260,gal_favor_text_30750250,,,1,,0,,,1,-1,157950
5243,30750260,2,1,,10701,,,0,,,30750270,gal_favor_text_30750260,,,2,,0,,,1,-1,157950
5244,30750270,2,1,player_name,10701,,,0,,,30750280,gal_favor_text_30750270,,,1,,0,,,1,-1,157950
5245,30750280,2,1,,10701,,,0,,,30750290,gal_favor_text_30750280,,,2,,0,,,1,-1,157950
5246,30750290,2,1,,10701,,,0,,,30750300,gal_favor_text_30750290,,,2,,0,,,1,-1,157950
5247,30750300,2,1,player_name,10701,,,0,,,30750310,gal_favor_text_30750300,,,1,,0,,,1,-1,157950
5248,30750310,2,1,gal_name_19,10701,,,0,,,30750320,gal_favor_text_30750310,,,1,,0,,,1,-1,157950
5249,30750320,2,1,,10701,,,0,,,30750330,gal_favor_text_30750320,,,2,,0,,,1,-1,157950
5250,30750330,2,1,,10701,,,0,,,30750340,gal_favor_text_30750330,,,2,,0,,,1,-1,157950
5251,30750340,2,1,,10701,,,0,,,30750350,gal_favor_text_30750340,,,2,,0,,,1,-1,157950
5252,30750350,2,1,player_name,10701,,,0,,,30750360,gal_favor_text_30750350,,,1,,0,,,1,-1,157950
5253,30750360,2,1,,10701,,,0,,,30750370,gal_favor_text_30750360,,,2,,0,,,1,-1,157950
5254,30750370,2,1,gal_name_07,10701,,,0,,,30750380,gal_favor_text_30750370,,,1,,0,,,1,-1,157950
5255,30750380,2,1,player_name,10701,,,0,,,30750390,gal_favor_text_30750380,,,1,,0,,,1,-1,157950
5256,30750390,2,1,gal_name_07,10701,,,0,,,30750400,gal_favor_text_30750390,,,1,,0,,,1,-1,157950
5257,30750400,2,1,,10701,,,0,,,30750410,gal_favor_text_30750400,,,2,,0,,,1,-1,157950
5258,30750410,2,1,player_name,10701,,,0,,,30750420,gal_favor_text_30750410,,,1,,0,,,1,-1,157950
5259,30750420,2,1,,10701,,,0,,,30750430,gal_favor_text_30750420,,,2,,0,,,1,-1,157950
5260,30750430,2,1,player_name,10701,,,0,,,30750440,gal_favor_text_30750430,,,1,,0,,,1,-1,157950
5261,30750440,2,1,gal_name_07,10701,,,0,,,30750450,gal_favor_text_30750440,,,1,,0,,,1,-1,157950
5262,30750450,2,1,,10701,,,0,,,30750460,gal_favor_text_30750450,,,2,,0,,,1,-1,157950
5263,30750460,2,1,player_name,10701,,,0,,,30750470,gal_favor_text_30750460,,,1,,0,,,1,-1,157950
5264,30750470,2,1,gal_name_07,10701,,,0,,,30750480,gal_favor_text_30750470,,,1,,0,,,1,-1,157950
5265,30750480,2,1,gal_name_07,10701,,,0,,,30750490,gal_favor_text_30750480,,,1,,0,,,1,-1,157950
5266,30750490,2,1,player_name,10701,,,0,,,30750500,gal_favor_text_30750490,,,1,,0,,,1,-1,157950
5267,30750500,2,1,player_name,10701,,,0,,,30750510,gal_favor_text_30750500,,,1,,0,,,1,-1,157950
5268,30750510,2,1,gal_name_07,10701,,,0,,,30750520,gal_favor_text_30750510,,,1,,0,,,1,-1,157950
5269,30750520,2,1,gal_name_07,10701,,,0,,,30750530,gal_favor_text_30750520,,,1,,0,,,1,-1,157950
5270,30750530,2,1,player_name,10701,,,0,,,30750540,gal_favor_text_30750530,,,1,,0,,,1,-1,157950
5271,30750540,2,1,gal_name_07,10701,,,0,,,30750550,gal_favor_text_30750540,,,1,,0,,,1,-1,157950
5272,30750550,2,1,player_name,10701,,,0,,,30750560,gal_favor_text_30750550,,,1,,0,,,1,-1,157950
5273,30750560,2,1,,10701,,,0,,,30750570,gal_favor_text_30750560,,,2,,0,,,1,-1,157950
5274,30750570,2,1,,10701,,,0,,,30750580,gal_favor_text_30750570,,,2,,0,,,1,-1,157950
5275,30750580,2,1,gal_name_07,10701,,,0,,,30750590,gal_favor_text_30750580,,,1,,0,,,1,-1,157950
5276,30750590,2,1,player_name,10701,,,0,,,30750600,gal_favor_text_30750590,,,1,,0,,,1,-1,157950
5277,30750600,2,1,,10701,,,0,,,30750610,gal_favor_text_30750600,,,2,,0,,,1,-1,157950
5278,30750610,2,1,gal_name_07,10701,,,0,,,30750620,gal_favor_text_30750610,,,1,,0,,,1,-1,157950
5279,30750620,2,1,gal_name_07,10701,,,0,,,30750630,gal_favor_text_30750620,,,1,,0,,,1,-1,157950
5280,30750630,2,1,,10701,,,0,,,30750640,gal_favor_text_30750630,,,2,,0,,,1,-1,157950
5281,30750640,2,1,player_name,10701,,,0,,,30750650,gal_favor_text_30750640,,,1,,0,,,1,-1,157950
5282,30750650,2,1,,10701,,,0,,,30750660,gal_favor_text_30750650,,,2,,0,,,1,-1,157950
5283,30750660,2,1,gal_name_44,10701,,,0,,,30750670,gal_favor_text_30750660,,,1,,0,,,1,-1,157950
5284,30750670,2,1,gal_name_44,10701,,,0,,,30750680,gal_favor_text_30750670,,,1,,0,,,1,-1,157950
5285,30750680,2,1,gal_name_44,10701,,,0,,,30750690,gal_favor_text_30750680,,,1,,0,,,1,-1,157950
5286,30750690,2,1,player_name,10701,,,0,,,30750700,gal_favor_text_30750690,,,1,,0,,,1,-1,157950
5287,30750700,2,1,gal_name_07,10701,,,0,,,30750710,gal_favor_text_30750700,,,1,,0,,,1,-1,157950
5288,30750710,2,1,,10701,,,0,,,30750720,gal_favor_text_30750710,,,2,,0,,,1,-1,157950
5289,30750720,2,1,player_name,10701,,,0,,,30750730,gal_favor_text_30750720,,,1,,0,,,1,-1,157950
5290,30750730,2,1,gal_name_07,10701,,,0,,,30750740,gal_favor_text_30750730,,,1,,0,,,1,-1,157950
5291,30750740,2,1,,10701,,,0,,,30750750,gal_favor_text_30750740,,,2,,0,,,1,-1,157950
5292,30750750,2,1,player_name,10701,,,0,,,30750760,gal_favor_text_30750750,,,1,,0,,,1,-1,157950
5293,30750760,2,1,gal_name_07,10701,,,0,,,30750770,gal_favor_text_30750760,,,1,,0,,,1,-1,157950
5294,30750770,2,1,gal_name_07,10701,,,0,,,30750780,gal_favor_text_30750770,,,1,,0,,,1,-1,157950
5295,30750780,2,1,,10701,,,0,,,30750790,gal_favor_text_30750780,,,2,,0,,,1,-1,157950
5296,30750790,2,1,player_name,10701,,,0,,,30750800,gal_favor_text_30750790,,,1,,0,,,1,-1,157950
5297,30750800,2,1,,10701,,,0,,,30750810,gal_favor_text_30750800,,,2,,0,,,1,-1,157950
5298,30750810,2,1,,10701,,,0,,,30750820,gal_favor_text_30750810,,,2,,0,,,1,-1,157950
5299,30750820,2,1,gal_name_07,10701,,,0,,,30750830,gal_favor_text_30750820,,,1,,0,,,1,-1,157950
5300,30750830,2,1,player_name,10701,,,0,,,30750840,gal_favor_text_30750830,,,1,,0,,,1,-1,157950
5301,30750840,2,1,gal_name_07,10701,,,0,,,30750850,gal_favor_text_30750840,,,1,,0,,,1,-1,157950
5302,30750850,2,1,player_name,10701,,,0,,,30750860,gal_favor_text_30750850,,,1,,0,,,1,-1,157950
5303,30750860,2,1,gal_name_07,10701,,,0,,,30750870,gal_favor_text_30750860,,,1,,0,,,1,-1,157950
5304,30750870,2,1,gal_name_07,10701,,,0,,,30750880,gal_favor_text_30750870,,,1,,0,,,1,-1,157950
5305,30750880,2,1,gal_name_07,10701,,,0,,,30750890,gal_favor_text_30750880,,,1,,0,,,1,-1,157950
5306,30750890,2,1,,10701,,,0,,,30750900,gal_favor_text_30750890,,,2,,0,,,1,-1,157950
5307,30750900,2,1,player_name,10701,,,0,,,30750910,gal_favor_text_30750900,,,1,,0,,,1,-1,157950
5308,30750910,2,1,,10701,,,0,,,30750920,gal_favor_text_30750910,,,2,,0,,,1,-1,157950
5309,30750920,2,1,player_name,10701,,,0,,,30750930,gal_favor_text_30750920,,,1,,0,,,1,-1,157950
5310,30750930,2,1,gal_name_07,10701,,,0,,,30750940,gal_favor_text_30750930,,,1,,0,,,1,-1,157950
5311,30750940,2,1,player_name,10701,,,0,,,30750950,gal_favor_text_30750940,,,1,,0,,,1,-1,157950
5312,30750950,2,1,,10701,,,0,,,30750960,gal_favor_text_30750950,,,2,,0,,,1,-1,157950
5313,30750960,2,1,,10701,,,0,,,30750970,gal_favor_text_30750960,,,2,,0,,,1,-1,157950
5314,30750970,2,1,gal_name_07,10701,,,0,,,30750980,gal_favor_text_30750970,,,1,,0,,,1,-1,157950
5315,30750980,2,1,player_name,10701,,,0,,,30750990,gal_favor_text_30750980,,,1,,0,,,1,-1,157950
5316,30750990,2,1,,10701,,,0,,,30751000,gal_favor_text_30750990,,,2,,0,,,1,-1,157950
5317,30751000,2,1,gal_name_07,10701,,,0,,,30751010,gal_favor_text_30751000,,,1,,0,,,1,-1,157950
5318,30751010,2,1,gal_name_07,10701,,,0,,,30751020,gal_favor_text_30751010,,,1,,0,,,1,-1,157950
5319,30751020,2,1,gal_name_07,10701,,,0,,,30751030,gal_favor_text_30751020,,,1,,0,,,1,-1,157950
5320,30751030,2,1,player_name,10701,,,0,,,30751040,gal_favor_text_30751030,,,1,,0,,,1,-1,157950
5321,30751040,2,1,gal_name_07,10701,,,0,,,30751050,gal_favor_text_30751040,,,1,,0,,,1,-1,157950
5322,30751050,2,1,player_name,10701,,,0,,,30751060,gal_favor_text_30751050,,,1,,0,,,1,-1,157950
5323,30751060,2,1,player_name,10701,,,0,,,30751070,gal_favor_text_30751060,,,1,,0,,,1,-1,157950
5324,30751070,2,1,,10701,,,0,,,30751080,gal_favor_text_30751070,,,2,,0,,,1,-1,157950
5325,30751080,2,1,player_name,10701,,,0,,,30751090,gal_favor_text_30751080,,,1,,0,,,1,-1,157950
5326,30751090,2,1,gal_name_07,10701,,,0,,,30751100,gal_favor_text_30751090,,,1,,0,,,1,-1,157950
5327,30751100,2,1,,10701,,,0,,,30751110,gal_favor_text_30751100,,,2,,0,,,1,-1,157950
5328,30751110,2,1,player_name,10701,,,0,,,30751120,gal_favor_text_30751110,,,1,,0,,,1,-1,157950
5329,30751120,2,1,gal_name_07,10701,,,0,,,30751130,gal_favor_text_30751120,,,1,,0,,,1,-1,157950
5330,30751130,2,1,gal_name_07,10701,,,0,,,30751140,gal_favor_text_30751130,,,1,,0,,,1,-1,157950
5331,30751140,2,1,,10701,,,0,,,30751150,gal_favor_text_30751140,,,2,,0,,,1,-1,157950
5332,30751150,2,1,,10701,,,0,,,30751160,gal_favor_text_30751150,,,2,,0,,,1,-1,157950
5333,30751160,2,1,,10701,,,0,,,30751170,gal_favor_text_30751160,,,2,,0,,,1,-1,157950
5334,30751170,2,1,player_name,10701,,,0,,,30751180,gal_favor_text_30751170,,,1,,0,,,1,-1,157950
5335,30751180,2,1,player_name,10701,,,0,,,30751190,gal_favor_text_30751180,,,1,,0,,,1,-1,157950
5336,30751190,2,1,gal_name_07,10701,,,0,,,30751200,gal_favor_text_30751190,,,1,,0,,,1,-1,157950
5337,30751200,2,1,gal_name_07,10701,,,0,,,30751210,gal_favor_text_30751200,,,1,,0,,,1,-1,157950
5338,30751210,2,1,player_name,10701,,,0,,,30751220,gal_favor_text_30751210,,,1,,0,,,1,-1,157950
5339,30751220,2,1,gal_name_07,10701,,,0,,,30751230,gal_favor_text_30751220,,,1,,0,,,1,-1,157950
5340,30751230,2,1,gal_name_07,10701,,,0,,,30751240,gal_favor_text_30751230,,,1,,0,,,1,-1,157950
5341,30751240,2,1,gal_name_07,10701,,,0,,,30751250,gal_favor_text_30751240,,,1,,0,,,1,-1,157950
5342,30751250,2,1,gal_name_07,10701,,,0,,,30751260,gal_favor_text_30751250,,,1,,0,,,1,-1,157950
5343,30751260,2,1,player_name,10701,,,0,,,30751270,gal_favor_text_30751260,,,1,,0,,,1,-1,157950
5344,30751270,2,1,,10701,,,0,,,30751280,gal_favor_text_30751270,,,2,,0,,,1,-1,157950
5345,30751280,2,1,,10701,,,0,,,30751290,gal_favor_text_30751280,,,2,,0,,,1,-1,157950
5346,30751290,2,1,gal_name_07,10701,,,0,,,30751300,gal_favor_text_30751290,,,1,,0,,,1,-1,157950
5347,30751300,2,1,gal_name_07,10701,,,0,,,30751310,gal_favor_text_30751300,,,1,,0,,,1,-1,157950
5348,30751310,2,1,gal_name_07,10701,,,0,,,30751320,gal_favor_text_30751310,,,1,,0,,,1,-1,157950
5349,30751320,2,1,,10701,,,0,,,30751330,gal_favor_text_30751320,,,2,,0,,,1,-1,157950
5350,30751330,2,1,,10701,,,0,,,30751340,gal_favor_text_30751330,,,2,,0,,,1,-1,157950
5351,30751340,2,1,gal_name_07,10701,,,0,,,30751350,gal_favor_text_30751340,,,1,,0,,,1,-1,157950
5352,30751350,2,1,,10701,,,0,,,30751360,gal_favor_text_30751350,,,2,,0,,,1,-1,157950
5353,30751360,2,1,,10701,,,0,,,30751370,gal_favor_text_30751360,,,2,,0,,,1,-1,157950
5354,30751370,2,1,player_name,10701,,,0,,,30751380,gal_favor_text_30751370,,,1,,0,,,1,-1,157950
5355,30751380,2,1,,10701,,,0,,,30751390,gal_favor_text_30751380,,,2,,0,,,1,-1,157950
5356,30751390,2,1,,10701,,,0,,,30751400,gal_favor_text_30751390,,,2,,0,,,1,-1,157950
5357,30751400,2,1,,10701,,,0,,,30751410,gal_favor_text_30751400,,,2,,0,,,1,-1,157950
5358,30751410,2,1,,10701,,,0,,,30751420,gal_favor_text_30751410,,,2,,0,,,1,-1,157950
5359,30751420,2,1,gal_name_07,10701,,,0,,,30751430,gal_favor_text_30751420,,,1,,0,,,1,-1,157950
5360,30751430,2,1,,10701,,,0,,,30751440,gal_favor_text_30751430,,,2,,0,,,1,-1,157950
5361,30751440,2,1,gal_name_07,10701,,,0,,,30751450,gal_favor_text_30751440,,,1,,0,,,1,-1,157950
5362,30751450,2,1,player_name,10701,,,0,,,30751460,gal_favor_text_30751450,,,1,,0,,,1,-1,157950
5363,30751460,2,1,,10701,,,0,,,30751470,gal_favor_text_30751460,,,2,,0,,,1,-1,157950
5364,30751470,2,1,gal_name_07,10701,,,0,,,30751480,gal_favor_text_30751470,,,1,,0,,,1,-1,157950
5365,30751480,2,1,player_name,10701,,,0,,,30751490,gal_favor_text_30751480,,,1,,0,,,1,-1,157950
5366,30751490,2,1,player_name,10701,,,0,,,30751500,gal_favor_text_30751490,,,1,,0,,,1,-1,157950
5367,30751500,2,1,gal_name_07,10701,,,0,,,30751510,gal_favor_text_30751500,,,1,,0,,,1,-1,157950
5368,30751510,2,1,,10701,,,0,,,30751520,gal_favor_text_30751510,,,2,,0,,,1,-1,157950
5369,30751520,2,1,player_name,10701,,,0,,,30751530,gal_favor_text_30751520,,,1,,0,,,1,-1,157950
5370,30751530,2,1,gal_name_07,10701,,,0,,,30751540,gal_favor_text_30751530,,,1,,0,,,1,-1,157950
5371,30751540,2,1,player_name,10701,,,0,,,30751550,gal_favor_text_30751540,,,1,,0,,,1,-1,157950
5372,30751550,2,1,gal_name_07,10701,,,0,,,30751560,gal_favor_text_30751550,,,1,,0,,,1,-1,157950
5373,30751560,2,1,gal_name_07,10701,,,0,,,30751570,gal_favor_text_30751560,,,1,,0,,,1,-1,157950
5374,30751570,2,1,,10701,,,0,,,30751580,gal_favor_text_30751570,,,2,,0,,,1,-1,157950
5375,30751580,2,1,player_name,10701,,,0,,,30751590,gal_favor_text_30751580,,,1,,0,,,1,-1,157950
5376,30751590,2,1,gal_name_07,10701,,,0,,,30751600,gal_favor_text_30751590,,,1,,0,,,1,-1,157950
5377,30751600,2,1,gal_name_07,10701,,,0,,,30751610,gal_favor_text_30751600,,,1,,0,,,1,-1,157950
5378,30751610,2,1,,10701,,,0,,,30751620,gal_favor_text_30751610,,,2,,0,,,1,-1,157950
5379,30751620,2,1,player_name,10701,,,0,,,30751630,gal_favor_text_30751620,,,1,,0,,,1,-1,157950
5380,30751630,2,1,gal_name_07,10701,,,0,,,30751640,gal_favor_text_30751630,,,1,,0,,,1,-1,157950
5381,30751640,2,1,gal_name_07,10701,,,0,,,30751650,gal_favor_text_30751640,,,1,,0,,,1,-1,157950
5382,30751650,2,1,,10701,,,0,,,30751660,gal_favor_text_30751650,,,2,,0,,,1,-1,157950
5383,30751660,2,1,,10701,,,0,,,30751670,gal_favor_text_30751660,,,2,,0,,,1,-1,157950
5384,30751670,2,1,,10701,,,0,,,30751680,gal_favor_text_30751670,,,2,,0,,,1,-1,157950
5385,30751680,2,1,player_name,10701,,,0,,,30751690,gal_favor_text_30751680,,,1,,0,,,1,-1,157950
5386,30751690,2,1,,10701,,,0,,,30751700,gal_favor_text_30751690,,,2,,0,,,1,-1,157950
5387,30751700,2,1,gal_name_07,10701,,,0,,,30751710,gal_favor_text_30751700,,,1,,0,,,1,-1,157950
5388,30751710,2,1,player_name,10701,,,0,,,30751720,gal_favor_text_30751710,,,1,,0,,,1,-1,157950
5389,30751720,2,1,gal_name_07,10701,,,0,,,30751730,gal_favor_text_30751720,,,1,,0,,,1,-1,157950
5390,30751730,2,1,,10701,,,0,,,30751740,gal_favor_text_30751730,,,2,,0,,,1,-1,157950
5391,30751740,2,1,player_name,10701,,,0,,,30751750,gal_favor_text_30751740,,,1,,0,,,1,-1,157950
5392,30751750,2,1,gal_name_07,10701,,,0,,,30751760,gal_favor_text_30751750,,,1,,0,,,1,-1,157950
5393,30751760,2,1,gal_name_07,10701,,,0,,,30751770,gal_favor_text_30751760,,,1,,0,,,1,-1,157950
5394,30751770,2,1,player_name,10701,,,0,,,30751780,gal_favor_text_30751770,,,1,,0,,,1,-1,157950
5395,30751780,2,1,,10701,,,0,,,30751790,gal_favor_text_30751780,,,2,,0,,,1,-1,157950
5396,30751790,2,1,,10701,,,0,,,30751800,gal_favor_text_30751790,,,2,,0,,,1,-1,157950
5397,30751800,2,1,,10701,,,0,,,30751810,gal_favor_text_30751800,,,2,,0,,,1,-1,157950
5398,30751810,2,1,,10701,,,0,,,30751820,gal_favor_text_30751810,,,2,,0,,,1,-1,157950
5399,30751820,2,1,,10701,,,0,,,30751830,gal_favor_text_30751820,,,2,,0,,,1,-1,157950
5400,30751830,2,1,,10701,,,0,,,30751840,gal_favor_text_30751830,,,2,,0,,,1,-1,157950
5401,30751840,2,1,,10701,,,0,,,30751850,gal_favor_text_30751840,,,2,,0,,,1,-1,157950
5402,30751850,2,1,gal_name_07,10701,,,0,,,30751860,gal_favor_text_30751850,,,1,,0,,,1,-1,157950
5403,30751860,2,1,gal_name_07,10701,,,0,,,30751870,gal_favor_text_30751860,,,1,,0,,,1,-1,157950
5404,30751870,2,1,gal_name_07,10701,,,0,,,30751880,gal_favor_text_30751870,,,1,,0,,,1,-1,157950
5405,30751880,2,1,,10701,,,0,,,30751890,gal_favor_text_30751880,,,2,,0,,,1,-1,157950
5406,30751890,2,1,gal_name_07,10701,,,0,,,-1,gal_favor_text_30751890,,,1,,0,,,1,-1,157950
5407,201200000,2,1,,10105,,,0,,,201200010,gal_map_text_201200000,,,2,,2,gal_bg_amusement_4,gal_bg_street_20,1,201200140,157950
5408,201200010,2,1,,,,,0,,,201200020,gal_map_text_201200001,,,2,,0,gal_bg_amusement_4,gal_bg_street_20,1,201200140,157950
5409,201200020,2,1,gal_name_01,20104,,,0,,,201200030,gal_map_text_201200002,,,1,,0,gal_bg_amusement_4,gal_bg_street_20,1,201200140,157950
5410,201200030,2,1,player_name,,,,0,,,201200040,gal_map_text_201200003,,,1,,0,gal_bg_amusement_4,gal_bg_street_20,1,201200140,157950
5411,201200040,2,1,gal_name_01,20101,,,0,,,201200050,gal_map_text_201200004,,,1,,0,gal_bg_amusement_4,gal_bg_street_20,1,201200140,157950
5412,201200050,2,1,,10102,,,0,,,201200060,gal_map_text_201200005,,,2,,0,gal_bg_amusement_4,gal_bg_street_20,1,201200140,157950
5413,201200060,2,1,player_name,,,,0,,,201200070,gal_map_text_201200006,,,1,,0,gal_bg_amusement_4,gal_bg_street_20,1,201200140,157950
5414,201200070,2,1,,,,,0,,,201200080,gal_map_text_201200007,,,2,,0,gal_bg_amusement_4,gal_bg_street_20,1,201200140,157950
5415,201200080,2,1,player_name,,,,0,,,201200090,gal_map_text_201200008,,,1,,0,gal_bg_amusement_4,gal_bg_street_20,1,201200140,157950
5416,201200090,2,1,,10102,,,0,,,201200100,gal_map_text_201200009,,,2,,0,gal_bg_amusement_4,gal_bg_street_20,1,201200140,157950
5417,201200100,2,1,gal_name_01,30102,,,0,,,201200110,gal_map_text_201200010,,,1,,0,gal_bg_amusement_4,gal_bg_street_20,1,201200140,157950
5418,201200110,2,1,,10105,,,0,,,201200120,gal_map_text_201200011,,,2,,0,gal_bg_amusement_4,gal_bg_street_20,1,201200140,157950
5419,201200120,2,1,player_name,,,,0,,,201200130,gal_map_text_201200012,,,1,,0,gal_bg_amusement_4,gal_bg_street_20,1,201200140,157950
5420,201200130,2,1,gal_name_01,10101,,,0,,,201200140,gal_map_text_201200013,,,1,,0,gal_bg_amusement_4,gal_bg_street_20,1,201200140,157950
5421,201200140,2,2,,10102,2,gal_map_text_201200015|gal_map_text_201200016|gal_map_text_201200017,1,,,201200150|201200230|201200310,gal_map_text_201200014,,,2,,2,gal_bg_amusement_4,gal_bg_street_20,1,,157950
5422,201200150,2,1,player_name,,,,0,,,201200160,gal_map_text_201200018,,,1,,0,gal_bg_amusement_4,gal_bg_street_20,1,201200460,157950
5423,201200160,2,1,gal_name_01,20101,,,0,,,201200170,gal_map_text_201200019,,,1,,0,gal_bg_amusement_4,gal_bg_street_20,1,201200460,157950
5424,201200170,2,1,player_name,,,,0,,,201200180,gal_map_text_201200020,,,1,,0,gal_bg_amusement_4,gal_bg_street_20,1,201200460,157950
5425,201200180,2,1,gal_name_01,30102,,,0,,,201200190,gal_map_text_201200021,,,1,,0,gal_bg_amusement_4,gal_bg_street_20,1,201200460,157950
5426,201200190,2,1,player_name,,,,0,,,201200200,gal_map_text_201200022,,,1,,0,gal_bg_amusement_4,gal_bg_street_20,1,201200460,157950
5427,201200200,2,1,gal_name_01,30102,,,0,,,201200210,gal_map_text_201200023,,,1,,0,gal_bg_amusement_4,gal_bg_street_20,1,201200460,157950
5428,201200210,2,1,,10102,,,0,,,201200220,gal_map_text_201200024,,,2,,2,gal_bg_amusement_4,gal_bg_street_20,1,201200460,157950
5429,201200220,2,1,player_name,,,,0,,,201200380,gal_map_text_201200025,,,1,,0,gal_bg_amusement_4,gal_bg_street_20,1,201200460,157950
5430,201200230,2,1,player_name,,,,0,,,201200240,gal_map_text_201200026,,,1,,0,gal_bg_amusement_4,gal_bg_street_20,1,201200650,157950
5431,201200240,2,1,gal_name_01,30101,,,0,,,201200250,gal_map_text_201200027,,,1,,0,gal_bg_amusement_4,gal_bg_street_20,1,201200650,157950
5432,201200250,2,1,player_name,,,,0,,,201200260,gal_map_text_201200028,,,1,,0,gal_bg_amusement_4,gal_bg_street_20,1,201200650,157950
5433,201200260,2,1,gal_name_01,30101,,,0,,,201200270,gal_map_text_201200029,,,1,,0,gal_bg_amusement_4,gal_bg_street_20,1,201200650,157950
5434,201200270,2,1,player_name,,,,0,,,201200280,gal_map_text_201200030,,,1,,0,gal_bg_amusement_4,gal_bg_street_20,1,201200650,157950
5435,201200280,2,1,gal_name_01,30102,,,0,,,201200290,gal_map_text_201200031,,,1,,0,gal_bg_amusement_4,gal_bg_street_20,1,201200650,157950
5436,201200290,2,1,,10102,,,0,,,201200300,gal_map_text_201200032,,,2,,2,gal_bg_amusement_4,gal_bg_street_20,1,201200650,157950
5437,201200300,2,1,player_name,,,,0,,,201200380,gal_map_text_201200033,,,1,,0,gal_bg_amusement_4,gal_bg_street_20,1,201200650,157950
5438,201200310,2,1,player_name,,,,0,,,201200320,gal_map_text_201200034,,,1,,0,gal_bg_amusement_4,gal_bg_street_20,1,201200850,157950
5439,201200320,2,1,gal_name_01,30101,,,0,,,201200330,gal_map_text_201200035,,,1,,0,gal_bg_amusement_4,gal_bg_street_20,1,201200850,157950
5440,201200330,2,1,player_name,,,,0,,,201200340,gal_map_text_201200036,,,1,,0,gal_bg_amusement_4,gal_bg_street_20,1,201200850,157950
5441,201200340,2,1,gal_name_01,30102,,,0,,,201200350,gal_map_text_201200037,,,1,,0,gal_bg_amusement_4,gal_bg_street_20,1,201200850,157950
5442,201200350,2,1,player_name,,,,0,,,201200360,gal_map_text_201200038,,,1,,0,gal_bg_amusement_4,gal_bg_street_20,1,201200850,157950
5443,201200360,2,1,gal_name_01,30102,,,0,,,201200370,gal_map_text_201200039,,,1,,0,gal_bg_amusement_4,gal_bg_street_20,1,201200850,157950
5444,201200370,2,1,,10102,,,0,,,201200380,gal_map_text_201200040,,,2,,2,gal_bg_amusement_4,gal_bg_street_20,1,201200850,157950
5445,201200380,2,1,,,,,0,,,-1,gal_map_text_201200041,,,1,,0,gal_bg_amusement_4,gal_bg_street_20,1,201200850,157950
5446,201200390,2,1,,10105,,,0,,,201200400,gal_map_text_201200042,,,2,,2,gal_bg_amusement_4,gal_bg_amusement_4,1,201200460,157950
5447,201200400,2,1,,10105,,,0,,,201200410,gal_map_text_201200043,,,1,,2,gal_bg_amusement_4,gal_bg_amusement_4,1,201200460,157950
5448,201200410,2,1,,10105,,,0,,,201200420,gal_map_text_201200044,,,1,,2,gal_bg_amusement_4,gal_bg_amusement_4,1,201200460,157950
5449,201200420,2,1,gal_name_01,10101,,,0,,,201200430,gal_map_text_201200045,,,1,,2,gal_bg_amusement_4,gal_bg_amusement_4,1,201200460,157950
5450,201200430,2,1,player_name,,,,0,,,201200440,gal_map_text_201200046,,,1,,2,gal_bg_amusement_4,gal_bg_amusement_4,1,201200460,157950
5451,201200440,2,1,gal_name_01,20104,,,0,,,201200450,gal_map_text_201200047,,,1,,2,gal_bg_amusement_4,gal_bg_amusement_4,1,201200460,157950
5452,201200450,2,1,,10105,,,0,,,201200460,gal_map_text_201200048,,,2,,2,gal_bg_amusement_4,gal_bg_amusement_4,1,201200460,157950
5453,201200460,2,2,,10102,2,gal_map_text_201200050|gal_map_text_201200051,1,,,201200470|201200530,gal_map_text_201200049,,,2,,2,gal_bg_amusement_4,gal_bg_amusement_4,1,,157950
5454,201200470,2,1,player_name,,,,0,,,201200480,gal_map_text_201200052,,,1,,0,gal_bg_amusement_4,gal_bg_amusement_4,1,201201080,157950
5455,201200480,2,1,,10102,,,0,,,201200490,gal_map_text_201200053,,,2,,2,gal_bg_amusement_4,gal_bg_amusement_4,1,201201080,157950
5456,201200490,2,1,gal_name_01,30105,,,0,,,201200500,gal_map_text_201200054,,,1,,0,gal_bg_amusement_4,gal_bg_amusement_4,1,201201080,157950
5457,201200500,2,1,player_name,,,,0,,,201200510,gal_map_text_201200055,,,1,,0,gal_bg_amusement_4,gal_bg_amusement_4,1,201201080,157950
5458,201200510,2,1,,10102,,,0,,,201200520,gal_map_text_201200056,,,2,,2,gal_bg_amusement_4,gal_bg_amusement_4,1,201201080,157950
5459,201200520,2,1,gal_name_01,30105,,,0,,,201200580,gal_map_text_201200057,,,1,,0,gal_bg_amusement_4,gal_bg_amusement_4,1,201201080,157950
5460,201200530,2,1,player_name,,,,0,,,201200540,gal_map_text_201200058,,,1,,0,gal_bg_amusement_4,gal_bg_amusement_4,1,,157950
5461,201200540,2,1,,10102,,,0,,,201200550,gal_map_text_201200059,,,2,,2,gal_bg_amusement_4,gal_bg_amusement_4,1,201201080,157950
5462,201200550,2,1,gal_name_01,30105,,,0,,,201200560,gal_map_text_201200060,,,1,,0,gal_bg_amusement_4,gal_bg_amusement_4,1,201201080,157950
5463,201200560,2,1,player_name,,,,0,,,201200570,gal_map_text_201200061,,,1,,0,gal_bg_amusement_4,gal_bg_amusement_4,1,201201080,157950
5464,201200570,2,1,gal_name_01,30102,,,0,,,201200580,gal_map_text_201200062,,,1,,0,gal_bg_amusement_4,gal_bg_amusement_4,1,201201080,157950
5465,201200580,2,1,,,,,0,,,-1,gal_map_text_201200063,,,1,,0,gal_bg_amusement_4,gal_bg_amusement_4,1,-1,157950
5466,201200590,2,1,,10105,,,0,,,201200600,gal_map_text_201200064,,,2,,2,gal_bg_amusement_4,gal_bg_amusement_5,1,201200650,157950
5467,201200600,2,1,,10105,,,0,,,201200610,gal_map_text_201200065,,,1,,0,gal_bg_amusement_4,gal_bg_amusement_5,1,201200650,157950
5468,201200610,2,1,gal_name_01,10101,,,0,,,201200620,gal_map_text_201200066,,,1,,0,gal_bg_amusement_4,gal_bg_amusement_5,1,201200650,157950
5469,201200620,2,1,,10102,,,0,,,201200630,gal_map_text_201200067,,,2,,2,gal_bg_amusement_4,gal_bg_amusement_5,1,201200650,157950
5470,201200630,2,1,player_name,,,,0,,,201200640,gal_map_text_201200068,,,1,,0,gal_bg_amusement_4,gal_bg_amusement_5,1,201200650,157950
5471,201200640,2,1,gal_name_01,30104,,,0,,,201200650,gal_map_text_201200069,,,1,,0,gal_bg_amusement_4,gal_bg_amusement_5,1,201200650,157950
5472,201200650,2,2,,,2,gal_map_text_201200071|gal_map_text_201200072,1,,,201200660|201200710,gal_map_text_201200070,,,2,,2,gal_bg_amusement_4,gal_bg_amusement_5,1,,157950
5473,201200660,2,1,player_name,,,,0,,,201200670,gal_map_text_201200073,,,1,,0,gal_bg_amusement_4,gal_bg_amusement_5,1,201201190,157950
5474,201200670,2,1,gal_name_01,20101,,,0,,,201200680,gal_map_text_201200074,,,1,,0,gal_bg_amusement_4,gal_bg_amusement_5,1,201201190,157950
5475,201200680,2,1,,10105,,,0,,,201200690,gal_map_text_201200075,,,2,,2,gal_bg_amusement_4,gal_bg_amusement_5,1,201201190,157950
5476,201200690,2,1,player_name,,,,0,,,201200700,gal_map_text_201200076,,,1,,0,gal_bg_amusement_4,gal_bg_amusement_5,1,201201190,157950
5477,201200700,2,1,gal_name_01,20102,,,0,,,201200750,gal_map_text_201200077,,,1,,0,gal_bg_amusement_4,gal_bg_amusement_5,1,201201190,157950
5478,201200710,2,1,player_name,,,,0,,,201200720,gal_map_text_201200078,,,1,,0,gal_bg_amusement_4,gal_bg_amusement_5,1,201201190,157950
5479,201200720,2,1,gal_name_01,30102,,,0,,,201200730,gal_map_text_201200079,,,1,,0,gal_bg_amusement_4,gal_bg_amusement_5,1,201201190,157950
5480,201200730,2,1,player_name,,,,0,,,201200740,gal_map_text_201200080,,,1,,0,gal_bg_amusement_4,gal_bg_amusement_5,1,201201190,157950
5481,201200740,2,1,gal_name_01,30104,,,0,,,201200750,gal_map_text_201200081,,,1,,0,gal_bg_amusement_4,gal_bg_amusement_5,1,201201190,157950
5482,201200750,2,1,,,,,0,,,-1,gal_map_text_201200082,,,1,,0,gal_bg_amusement_4,gal_bg_amusement_5,1,-1,157950
5483,201200760,2,1,,10105,,,0,,,201200770,gal_map_text_201200083,,,2,,2,gal_bg_amusement_4,gal_bg_amusement_6,1,201200850,157950
5484,201200770,2,1,,10105,,,0,,,201200780,gal_map_text_201200084,,,1,,0,gal_bg_amusement_4,gal_bg_amusement_6,1,201200850,157950
5485,201200780,2,1,gal_name_01,30102,,,0,,,201200790,gal_map_text_201200085,,,1,,0,gal_bg_amusement_4,gal_bg_amusement_6,1,201200850,157950
5486,201200790,2,1,,10102,,,0,,,201200800,gal_map_text_201200086,,,2,,2,gal_bg_amusement_4,gal_bg_amusement_6,1,201200850,157950
5487,201200800,2,1,player_name,,,,0,,,201200810,gal_map_text_201200087,,,1,,0,gal_bg_amusement_4,gal_bg_amusement_6,1,201200850,157950
5488,201200810,2,1,gal_name_01,10101,,,0,,,201200820,gal_map_text_201200088,,,1,,0,gal_bg_amusement_4,gal_bg_amusement_6,1,201200850,157950
5489,201200820,2,1,gal_name_01,10101,,,0,,,201200830,gal_map_text_201200089,,,1,,0,gal_bg_amusement_4,gal_bg_amusement_6,1,201200850,157950
5490,201200830,2,1,player_name,,,,0,,,201200840,gal_map_text_201200090,,,1,,0,gal_bg_amusement_4,gal_bg_amusement_6,1,201200850,157950
5491,201200840,2,1,gal_name_01,20104,,,0,,,201200850,gal_map_text_201200091,,,1,,0,gal_bg_amusement_4,gal_bg_amusement_6,1,201200850,157950
5492,201200850,2,2,,10102,2,gal_map_text_201200093|gal_map_text_201200094,1,,,201200860|201200890,gal_map_text_201200092,,,2,,2,gal_bg_amusement_4,gal_bg_amusement_6,1,,157950
5493,201200860,2,1,player_name,,,,0,,,201200870,gal_map_text_201200095,,,1,,0,gal_bg_amusement_4,gal_bg_amusement_6,1,201201580,157950
5494,201200870,2,1,gal_name_01,30102,,,0,,,201200880,gal_map_text_201200096,,,1,,0,gal_bg_amusement_4,gal_bg_amusement_6,1,201201580,157950
5495,201200880,2,1,,10105,,,0,,,201200930,gal_map_text_201200097,,,2,,2,gal_bg_amusement_4,gal_bg_amusement_6,1,201201580,157950
5496,201200890,2,1,player_name,,,,0,,,201200900,gal_map_text_201200098,,,1,,0,gal_bg_amusement_4,gal_bg_amusement_6,1,201201580,157950
5497,201200900,2,1,gal_name_01,20101,,,0,,,201200910,gal_map_text_201200099,,,1,,0,gal_bg_amusement_4,gal_bg_amusement_6,1,201201580,157950
5498,201200910,2,1,player_name,,,,0,,,201200920,gal_map_text_201200100,,,1,,0,gal_bg_amusement_4,gal_bg_amusement_6,1,201201580,157950
5499,201200920,2,1,gal_name_01,30101,,,0,,,201200930,gal_map_text_201200101,,,1,,0,gal_bg_amusement_4,gal_bg_amusement_6,1,201201580,157950
5500,201200930,2,1,,,,,0,,,-1,gal_map_text_201200102,,,1,,0,gal_bg_amusement_4,gal_bg_amusement_6,1,-1,157950
5501,201200940,2,1,,10105,,,0,,,201200950,gal_map_text_201200103,,,2,,2,gal_bg_amusement_4,gal_bg_amusement_4,1,201201080,157950
5502,201200950,2,1,,10105,,,0,,,201200960,gal_map_text_201200104,,,1,,0,gal_bg_amusement_4,gal_bg_amusement_4,1,201201080,157950
5503,201200960,2,1,player_name,,,,0,,,201200970,gal_map_text_201200105,,,1,,0,gal_bg_amusement_4,gal_bg_amusement_4,1,201201080,157950
5504,201200970,2,1,,10102,,,0,,,201200980,gal_map_text_201200106,,,2,,2,gal_bg_amusement_4,gal_bg_amusement_4,1,201201080,157950
5505,201200980,2,1,gal_name_01,30105,,,0,,,201200990,gal_map_text_201200107,,,1,,0,gal_bg_amusement_4,gal_bg_amusement_4,1,201201080,157950
5506,201200990,2,1,player_name,,,,0,,,201201000,gal_map_text_201200108,,,1,,0,gal_bg_amusement_4,gal_bg_amusement_4,1,201201080,157950
5507,201201000,2,1,,10105,,,0,,,201201010,gal_map_text_201200109,,,2,,2,gal_bg_amusement_4,gal_bg_amusement_4,1,201201080,157950
5508,201201010,2,1,,10102,,,0,,,201201020,gal_map_text_201200110,,,2,,2,gal_bg_amusement_4,gal_bg_amusement_4,1,201201080,157950
5509,201201020,2,1,gal_name_01,30102,,,0,,,201201030,gal_map_text_201200111,,,1,,0,gal_bg_amusement_4,gal_bg_amusement_4,1,201201080,157950
5510,201201030,2,1,player_name,,,,0,,,201201040,gal_map_text_201200112,,,1,,0,gal_bg_amusement_4,gal_bg_amusement_4,1,201201080,157950
5511,201201040,2,1,player_name,,,,0,,,201201050,gal_map_text_201200113,,,1,,0,gal_bg_amusement_4,gal_bg_amusement_4,1,201201080,157950
5512,201201050,2,1,,10102,,,0,,,201201060,gal_map_text_201200114,,,2,,2,gal_bg_amusement_4,gal_bg_amusement_4,1,201201080,157950
5513,201201060,2,1,gal_name_01,30102,,,0,,,201201070,gal_map_text_201200115,,,1,,0,gal_bg_amusement_4,gal_bg_amusement_4,1,201201080,157950
5514,201201070,2,1,,10105,,,0,,,201201080,gal_map_text_201200116,,,2,,2,gal_bg_amusement_4,gal_bg_amusement_4,1,201201080,157950
5515,201201080,2,2,player_name,,2,gal_map_text_201200118|gal_map_text_201200119,1,,,201201090|201201140,gal_map_text_201200117,,,1,,2,gal_bg_amusement_4,gal_bg_amusement_4,1,,157950
5516,201201090,2,1,player_name,,,,0,,,201201100,gal_map_text_201200120,,,1,,0,gal_bg_amusement_4,gal_bg_amusement_4,1,201201720,157950
5517,201201100,2,1,gal_name_01,30102,,,0,,,201201110,gal_map_text_201200121,,,1,,0,gal_bg_amusement_4,gal_bg_amusement_4,1,201201720,157950
5518,201201110,2,1,player_name,,,,0,,,201201120,gal_map_text_201200122,,,1,,0,gal_bg_amusement_4,gal_bg_amusement_4,1,201201720,157950
5519,201201120,2,1,,10102,,,0,,,201201130,gal_map_text_201200123,,,2,,2,gal_bg_amusement_4,gal_bg_amusement_4,1,201201720,157950
5520,201201130,2,1,gal_name_01,30102,,,0,,,201201180,gal_map_text_201200124,,,1,,0,gal_bg_amusement_4,gal_bg_amusement_4,1,201201720,157950
5521,201201140,2,1,player_name,,,,0,,,201201150,gal_map_text_201200125,,,1,,0,gal_bg_amusement_4,gal_bg_amusement_4,1,201201930,157950
5522,201201150,2,1,gal_name_01,20101,,,0,,,201201160,gal_map_text_201200126,,,1,,0,gal_bg_amusement_4,gal_bg_amusement_4,1,201201930,157950
5523,201201160,2,1,player_name,,,,0,,,201201170,gal_map_text_201200127,,,1,,0,gal_bg_amusement_4,gal_bg_amusement_4,1,201201930,157950
5524,201201170,2,1,gal_name_01,20101,,,0,,,201201180,gal_map_text_201200128,,,1,,0,gal_bg_amusement_4,gal_bg_amusement_4,1,201201930,157950
5525,201201180,2,1,,,,,0,,,-1,gal_map_text_201200129,,,1,,0,gal_bg_amusement_4,gal_bg_amusement_4,1,-1,157950
5526,201201190,2,1,,10105,,,0,,,201201200,gal_map_text_201200130,,,2,,2,gal_bg_amusement_4,gal_bg_amusement_5,1,201201300,157950
5527,201201200,2,1,,10105,,,0,,,201201210,gal_map_text_201200131,,,1,,0,gal_bg_amusement_4,gal_bg_amusement_5,1,201201300,157950
5528,201201210,2,1,,10105,,,0,,,201201220,gal_map_text_201200132,,,1,,0,gal_bg_amusement_4,gal_bg_amusement_5,1,201201300,157950
5529,201201220,2,1,,10102,,,0,,,201201230,gal_map_text_201200133,,,2,,2,gal_bg_amusement_4,gal_bg_amusement_5,1,201201300,157950
5530,201201230,2,1,gal_name_01,30102,,,0,,,201201240,gal_map_text_201200134,,,1,,0,gal_bg_amusement_4,gal_bg_amusement_5,1,201201300,157950
5531,201201240,2,1,player_name,,,,0,,,201201250,gal_map_text_201200135,,,1,,0,gal_bg_amusement_4,gal_bg_amusement_5,1,201201300,157950
5532,201201250,2,1,player_name,,,,0,,,201201260,gal_map_text_201200136,,,1,,0,gal_bg_amusement_4,gal_bg_amusement_5,1,201201300,157950
5533,201201260,2,1,gal_name_01,10101,,,0,,,201201270,gal_map_text_201200137,,,1,,0,gal_bg_amusement_4,gal_bg_amusement_5,1,201201300,157950
5534,201201270,2,1,gal_name_01,10101,,,0,,,201201280,gal_map_text_201200138,,,1,,0,gal_bg_amusement_4,gal_bg_amusement_5,1,201201300,157950
5535,201201280,2,1,player_name,,,,0,,,201201290,gal_map_text_201200139,,,1,,0,gal_bg_amusement_4,gal_bg_amusement_5,1,201201300,157950
5536,201201290,2,1,gal_name_01,30105,,,0,,,201201300,gal_map_text_201200140,,,1,,0,gal_bg_amusement_4,gal_bg_amusement_5,1,201201300,157950
5537,201201300,2,2,,,2,gal_map_text_201200142|gal_map_text_201200143,1,,,201201310|201201350,gal_map_text_201200141,,,2,,2,gal_bg_amusement_4,gal_bg_amusement_5,1,,157950
5538,201201310,2,1,player_name,,,,0,,,201201320,gal_map_text_201200144,,,1,,0,gal_bg_amusement_4,gal_bg_amusement_5,1,201202140,157950
5539,201201320,2,1,,10102,,,0,,,201201330,gal_map_text_201200145,,,2,,2,gal_bg_amusement_4,gal_bg_amusement_5,1,201202140,157950
5540,201201330,2,1,gal_name_01,20104,,,0,,,201201340,gal_map_text_201200146,,,1,,0,gal_bg_amusement_4,gal_bg_amusement_5,1,201202140,157950
5541,201201340,2,1,player_name,,,,0,,,201201410,gal_map_text_201200147,,,1,,0,gal_bg_amusement_4,gal_bg_amusement_5,1,201202140,157950
5542,201201350,2,1,player_name,,,,0,,,201201360,gal_map_text_201200148,,,1,,0,gal_bg_amusement_4,gal_bg_amusement_5,1,201202300,157950
5543,201201360,2,1,,10102,,,0,,,201201370,gal_map_text_201200149,,,2,,2,gal_bg_amusement_4,gal_bg_amusement_5,1,201202300,157950
5544,201201370,2,1,gal_name_01,30102,,,0,,,201201380,gal_map_text_201200150,,,1,,0,gal_bg_amusement_4,gal_bg_amusement_5,1,201202300,157950
5545,201201380,2,1,player_name,,,,0,,,201201390,gal_map_text_201200151,,,1,,0,gal_bg_amusement_4,gal_bg_amusement_5,1,201202300,157950
5546,201201390,2,1,,10102,,,0,,,201201400,gal_map_text_201200152,,,2,,2,gal_bg_amusement_4,gal_bg_amusement_5,1,201202300,157950
5547,201201400,2,1,gal_name_01,30104,,,0,,,201201410,gal_map_text_201200153,,,1,,0,gal_bg_amusement_4,gal_bg_amusement_5,1,201202300,157950
5548,201201410,2,1,,,,,0,,,-1,gal_map_text_201200154,,,1,,0,gal_bg_amusement_4,gal_bg_amusement_5,1,-1,157950
5549,201201420,2,1,,10105,,,0,,,201201430,gal_map_text_201200155,,,2,,2,gal_bg_amusement_4,gal_bg_amusement_6,1,201202300,157950
5550,201201430,2,1,,10105,,,0,,,201201440,gal_map_text_201200156,,,1,,0,gal_bg_amusement_4,gal_bg_amusement_6,1,201202300,157950
5551,201201440,2,1,player_name,,,,0,,,201201450,gal_map_text_201200157,,,1,,0,gal_bg_amusement_4,gal_bg_amusement_6,1,201202300,157950
5552,201201450,2,1,,10102,,,0,,,201201460,gal_map_text_201200158,,,2,,2,gal_bg_amusement_4,gal_bg_amusement_6,1,201202300,157950
5553,201201460,2,1,gal_name_01,20104,,,0,,,201201470,gal_map_text_201200159,,,1,,0,gal_bg_amusement_4,gal_bg_amusement_6,1,201202300,157950
5554,201201470,2,1,player_name,,,,0,,,201201480,gal_map_text_201200160,,,1,,0,gal_bg_amusement_4,gal_bg_amusement_6,1,201202300,157950
5555,201201480,2,1,gal_name_01,30103,,,0,,,201201490,gal_map_text_201200161,,,1,,0,gal_bg_amusement_4,gal_bg_amusement_6,1,201202300,157950
5556,201201490,2,1,player_name,,,,0,,,201201500,gal_map_text_201200162,,,1,,0,gal_bg_amusement_4,gal_bg_amusement_6,1,201202300,157950
5557,201201500,2,1,,,,,0,,,201201510,gal_map_text_201200163,,,2,,2,gal_bg_amusement_4,gal_bg_amusement_6,1,201202300,157950
5558,201201510,2,1,,10102,,,0,,,201201520,gal_map_text_201200164,,,2,,2,gal_bg_amusement_4,gal_bg_amusement_6,1,201202300,157950
5559,201201520,2,1,player_name,,,,0,,,201201530,gal_map_text_201200165,,,1,,0,gal_bg_amusement_4,gal_bg_amusement_6,1,201202300,157950
5560,201201530,2,1,player_name,,,,0,,,201201540,gal_map_text_201200166,,,1,,0,gal_bg_amusement_4,gal_bg_amusement_6,1,201202300,157950
5561,201201540,2,1,gal_name_01,20104,,,0,,,201201550,gal_map_text_201200167,,,1,,0,gal_bg_amusement_4,gal_bg_amusement_6,1,201202300,157950
5562,201201550,2,1,gal_name_01,10101,,,0,,,201201560,gal_map_text_201200168,,,1,,0,gal_bg_amusement_4,gal_bg_amusement_6,1,201202300,157950
5563,201201560,2,1,player_name,,,,0,,,201201570,gal_map_text_201200169,,,1,,0,gal_bg_amusement_4,gal_bg_amusement_6,1,201202300,157950
5564,201201570,2,1,gal_name_01,10101,,,0,,,201201580,gal_map_text_201200170,,,1,,0,gal_bg_amusement_4,gal_bg_amusement_6,1,201202300,157950
5565,201201580,2,2,,,2,gal_map_text_201200172|gal_map_text_201200173,1,,,201201590|201201650,gal_map_text_201200171,,,2,,2,gal_bg_amusement_4,gal_bg_amusement_6,1,,157950
5566,201201590,2,1,player_name,,,,0,,,201201600,gal_map_text_201200174,,,1,,0,gal_bg_amusement_4,gal_bg_amusement_6,1,201202460,157950
5567,201201600,2,1,gal_name_01,30102,,,0,,,201201610,gal_map_text_201200175,,,1,,0,gal_bg_amusement_4,gal_bg_amusement_6,1,201202460,157950
5568,201201610,2,1,player_name,,,,0,,,201201620,gal_map_text_201200176,,,1,,0,gal_bg_amusement_4,gal_bg_amusement_6,1,201202460,157950
5569,201201620,2,1,gal_name_01,30101,,,0,,,201201630,gal_map_text_201200177,,,1,,0,gal_bg_amusement_4,gal_bg_amusement_6,1,201202460,157950
5570,201201630,2,1,player_name,,,,0,,,201201640,gal_map_text_201200178,,,1,,0,gal_bg_amusement_4,gal_bg_amusement_6,1,201202460,157950
5571,201201640,2,1,gal_name_01,30102,,,0,,,201201710,gal_map_text_201200179,,,1,,0,gal_bg_amusement_4,gal_bg_amusement_6,1,201202620,157950
5572,201201650,2,1,player_name,,,,0,,,201201660,gal_map_text_201200180,,,1,,0,gal_bg_amusement_4,gal_bg_amusement_6,1,201202620,157950
5573,201201660,2,1,gal_name_01,20102,,,0,,,201201670,gal_map_text_201200181,,,1,,0,gal_bg_amusement_4,gal_bg_amusement_6,1,201202620,157950
5574,201201670,2,1,player_name,,,,0,,,201201680,gal_map_text_201200182,,,1,,0,gal_bg_amusement_4,gal_bg_amusement_6,1,201202620,157950
5575,201201680,2,1,gal_name_01,30101,,,0,,,201201690,gal_map_text_201200183,,,1,,0,gal_bg_amusement_4,gal_bg_amusement_6,1,201202620,157950
5576,201201690,2,1,player_name,,,,0,,,201201700,gal_map_text_201200184,,,1,,0,gal_bg_amusement_4,gal_bg_amusement_6,1,201202620,157950
5577,201201700,2,1,gal_name_01,30102,,,0,,,201201710,gal_map_text_201200185,,,1,,0,gal_bg_amusement_4,gal_bg_amusement_6,1,201202620,157950
5578,201201710,2,1,,,,,0,,,-1,gal_map_text_201200186,,,1,,0,gal_bg_amusement_4,gal_bg_amusement_6,1,-1,157950
5579,201201720,2,1,,10105,,,1,,,201201730,gal_map_text_201200187,,,2,,2,gal_bg_amusement_4,gal_bg_amusement_4,1,201202780,157950
5580,201201730,2,1,,10105,,,0,,,201201740,gal_map_text_201200188,,,1,,0,gal_bg_amusement_4,gal_bg_amusement_4,1,201202780,157950
5581,201201740,2,1,gal_name_01,20104,,,0,,,201201750,gal_map_text_201200189,,,1,,0,gal_bg_amusement_4,gal_bg_amusement_4,1,201202780,157950
5582,201201750,2,1,player_name,,,,0,,,201201760,gal_map_text_201200190,,,1,,0,gal_bg_amusement_4,gal_bg_amusement_4,1,201202780,157950
5583,201201760,2,1,,10102,,,0,,,201201770,gal_map_text_201200191,,,2,,2,gal_bg_amusement_4,gal_bg_amusement_4,1,201202780,157950
5584,201201770,2,1,gal_name_01,20103,,,0,,,201201780,gal_map_text_201200192,,,1,,0,gal_bg_amusement_4,gal_bg_amusement_4,1,201202780,157950
5585,201201780,2,1,player_name,,,,0,,,201201790,gal_map_text_201200193,,,1,,0,gal_bg_amusement_4,gal_bg_amusement_4,1,201202780,157950
5586,201201790,2,1,gal_name_01,30102,,,0,,,201201800,gal_map_text_201200194,,,1,,0,gal_bg_amusement_4,gal_bg_amusement_4,1,201202780,157950
5587,201201800,2,1,player_name,,,,0,,,201201810,gal_map_text_201200195,,,1,,0,gal_bg_amusement_4,gal_bg_amusement_4,1,201202780,157950
5588,201201810,2,1,gal_name_01,30102,,,0,,,201201820,gal_map_text_201200196,,,1,,0,gal_bg_amusement_4,gal_bg_amusement_4,1,201202780,157950
5589,201201820,2,1,,10102,,,0,,,201201830,gal_map_text_201200197,,,2,,2,gal_bg_amusement_4,gal_bg_amusement_4,1,201202780,157950
5590,201201830,2,1,,10105,,,0,,,201201840,gal_map_text_201200198,,,1,,0,gal_bg_amusement_4,gal_bg_amusement_4,1,201202780,157950
5591,201201840,2,1,player_name,,,,0,,,201201850,gal_map_text_201200199,,,1,,0,gal_bg_amusement_4,gal_bg_amusement_4,1,201202780,157950
5592,201201850,2,1,gal_name_01,30104,,,0,,,201201860,gal_map_text_201200200,,,1,,0,gal_bg_amusement_4,gal_bg_amusement_4,1,201202780,157950
5593,201201860,2,1,,,,,0,,,201201870,gal_map_text_201200201,,,2,,2,gal_bg_amusement_4,gal_bg_amusement_4,1,201202780,157950
5594,201201870,2,1,player_name,,,,0,,,201201880,gal_map_text_201200202,,,1,,0,gal_bg_amusement_4,gal_bg_amusement_4,1,201202780,157950
5595,201201880,2,1,gal_name_01,30105,,,0,,,201201890,gal_map_text_201200203,,,1,,0,gal_bg_amusement_4,gal_bg_amusement_4,1,201202780,157950
5596,201201890,2,1,player_name,,,,0,,,201201900,gal_map_text_201200204,,,1,,0,gal_bg_amusement_4,gal_bg_amusement_4,1,201202780,157950
5597,201201900,2,1,gal_name_01,10101,,,0,,,201201910,gal_map_text_201200205,,,1,,0,gal_bg_amusement_4,gal_bg_amusement_4,1,201202780,157950
5598,201201910,2,1,,10102,,,0,,,201201920,gal_map_text_201200206,,,2,,2,gal_bg_amusement_4,gal_bg_amusement_4,1,201202780,157950
5599,201201920,2,1,,,,,0,,,-1,gal_map_text_201200213,,,1,,0,gal_bg_amusement_4,gal_bg_amusement_4,1,-1,157950
5600,201201930,2,1,,10105,,,1,,,201201940,gal_map_text_201200187,,,2,,2,gal_bg_amusement_4,gal_bg_amusement_4,1,201202780,157950
5601,201201940,2,1,,10105,,,0,,,201201950,gal_map_text_201200188,,,1,,0,gal_bg_amusement_4,gal_bg_amusement_4,1,201202780,157950
5602,201201950,2,1,gal_name_01,20103,,,0,,,201201960,gal_map_text_201200189,,,1,,0,gal_bg_amusement_4,gal_bg_amusement_4,1,201202780,157950
5603,201201960,2,1,player_name,,,,0,,,201201970,gal_map_text_201200190,,,1,,0,gal_bg_amusement_4,gal_bg_amusement_4,1,201202780,157950
5604,201201970,2,1,,10102,,,0,,,201201980,gal_map_text_201200191,,,2,,2,gal_bg_amusement_4,gal_bg_amusement_4,1,201202780,157950
5605,201201980,2,1,gal_name_01,20102,,,0,,,201201990,gal_map_text_201200192,,,1,,0,gal_bg_amusement_4,gal_bg_amusement_4,1,201202780,157950
5606,201201990,2,1,player_name,,,,0,,,201202000,gal_map_text_201200193,,,1,,0,gal_bg_amusement_4,gal_bg_amusement_4,1,201202780,157950
5607,201202000,2,1,gal_name_01,20104,,,0,,,201202010,gal_map_text_201200194,,,1,,0,gal_bg_amusement_4,gal_bg_amusement_4,1,201202780,157950
5608,201202010,2,1,player_name,,,,0,,,201202020,gal_map_text_201200195,,,1,,0,gal_bg_amusement_4,gal_bg_amusement_4,1,201202780,157950
5609,201202020,2,1,gal_name_01,20102,,,0,,,201202030,gal_map_text_201200196,,,1,,0,gal_bg_amusement_4,gal_bg_amusement_4,1,201202780,157950
5610,201202030,2,1,,10102,,,0,,,201202040,gal_map_text_201200197,,,2,,2,gal_bg_amusement_4,gal_bg_amusement_4,1,201202780,157950
5611,201202040,2,1,,10105,,,0,,,201202050,gal_map_text_201200198,,,1,,0,gal_bg_amusement_4,gal_bg_amusement_4,1,201202780,157950
5612,201202050,2,1,player_name,,,,0,,,201202060,gal_map_text_201200199,,,1,,0,gal_bg_amusement_4,gal_bg_amusement_4,1,201202780,157950
5613,201202060,2,1,gal_name_01,20102,,,0,,,201202070,gal_map_text_201200200,,,1,,0,gal_bg_amusement_4,gal_bg_amusement_4,1,201202780,157950
5614,201202070,2,1,,,,,0,,,201202080,gal_map_text_201200207,,,2,,2,gal_bg_amusement_4,gal_bg_amusement_4,1,201202780,157950
5615,201202080,2,1,player_name,,,,0,,,201202090,gal_map_text_201200208,,,1,,0,gal_bg_amusement_4,gal_bg_amusement_4,1,201202780,157950
5616,201202090,2,1,gal_name_01,10101,,,0,,,201202100,gal_map_text_201200209,,,1,,0,gal_bg_amusement_4,gal_bg_amusement_4,1,201202780,157950
5617,201202100,2,1,player_name,,,,0,,,201202110,gal_map_text_201200210,,,1,,0,gal_bg_amusement_4,gal_bg_amusement_4,1,201202780,157950
5618,201202110,2,1,gal_name_01,10101,,,0,,,201202120,gal_map_text_201200211,,,1,,0,gal_bg_amusement_4,gal_bg_amusement_4,1,201202780,157950
5619,201202120,2,1,player_name,,,,0,,,201202130,gal_map_text_201200212,,,1,,0,gal_bg_amusement_4,gal_bg_amusement_4,1,201202780,157950
5620,201202130,2,1,,,,,0,,,-1,gal_map_text_201200213,,,1,,0,gal_bg_amusement_4,gal_bg_amusement_4,1,-1,157950
5621,201202140,2,1,,10105,,,1,,,201202150,gal_map_text_201200214,,,2,,2,gal_bg_amusement_4,gal_bg_amusement_5,1,201202780,157950
5622,201202150,2,1,,10105,,,0,,,201202160,gal_map_text_201200215,,,1,,0,gal_bg_amusement_4,gal_bg_amusement_5,1,201202780,157950
5623,201202160,2,1,gal_name_01,30102,,,0,,,201202170,gal_map_text_201200216,,,1,,0,gal_bg_amusement_4,gal_bg_amusement_5,1,201202780,157950
5624,201202170,2,1,player_name,,,,0,,,201202180,gal_map_text_201200217,,,1,,0,gal_bg_amusement_4,gal_bg_amusement_5,1,201202780,157950
5625,201202180,2,1,,10102,,,0,,,201202190,gal_map_text_201200218,,,2,,2,gal_bg_amusement_4,gal_bg_amusement_5,1,201202780,157950
5626,201202190,2,1,gal_name_01,20103,,,0,,,201202200,gal_map_text_201200219,,,1,,0,gal_bg_amusement_4,gal_bg_amusement_5,1,201202780,157950
5627,201202200,2,1,player_name,,,,0,,,201202210,gal_map_text_201200220,,,1,,0,gal_bg_amusement_4,gal_bg_amusement_5,1,201202780,157950
5628,201202210,2,1,,,,,0,,,201202220,gal_map_text_201200221,,,2,,2,gal_bg_amusement_4,gal_bg_amusement_5,1,201202780,157950
5629,201202220,2,1,gal_name_01,20102,,,0,,,201202230,gal_map_text_201200222,,,1,,0,gal_bg_amusement_4,gal_bg_amusement_5,1,201202780,157950
5630,201202230,2,1,player_name,,,,0,,,201202240,gal_map_text_201200223,,,1,,0,gal_bg_amusement_4,gal_bg_amusement_5,1,201202780,157950
5631,201202240,2,1,gal_name_01,20103,,,0,,,201202250,gal_map_text_201200224,,,1,,0,gal_bg_amusement_4,gal_bg_amusement_5,1,201202780,157950
5632,201202250,2,1,player_name,,,,0,,,201202260,gal_map_text_201200225,,,1,,0,gal_bg_amusement_4,gal_bg_amusement_5,1,201202780,157950
5633,201202260,2,1,gal_name_01,30102,,,0,,,201202270,gal_map_text_201200226,,,1,,0,gal_bg_amusement_4,gal_bg_amusement_5,1,201202780,157950
5634,201202270,2,1,player_name,,,,0,,,201202280,gal_map_text_201200227,,,1,,0,gal_bg_amusement_4,gal_bg_amusement_5,1,201202780,157950
5635,201202280,2,1,gal_name_01,10101,,,0,,,201202290,gal_map_text_201200228,,,1,,0,gal_bg_amusement_4,gal_bg_amusement_5,1,201202780,157950
5636,201202290,2,1,,,,,0,,,-1,gal_map_text_201200237,,,1,,0,gal_bg_amusement_4,gal_bg_amusement_5,1,-1,157950
5637,201202300,2,1,,10105,,,1,,,201202310,gal_map_text_201200214,,,2,,2,gal_bg_amusement_4,gal_bg_amusement_5,1,201202780,157950
5638,201202310,2,1,,10105,,,0,,,201202320,gal_map_text_201200215,,,1,,0,gal_bg_amusement_4,gal_bg_amusement_5,1,201202780,157950
5639,201202320,2,1,gal_name_01,20104,,,0,,,201202330,gal_map_text_201200216,,,1,,0,gal_bg_amusement_4,gal_bg_amusement_5,1,201202780,157950
5640,201202330,2,1,player_name,,,,0,,,201202340,gal_map_text_201200217,,,1,,0,gal_bg_amusement_4,gal_bg_amusement_5,1,201202780,157950
5641,201202340,2,1,,10102,,,0,,,201202350,gal_map_text_201200218,,,2,,2,gal_bg_amusement_4,gal_bg_amusement_5,1,201202780,157950
5642,201202350,2,1,gal_name_01,20103,,,0,,,201202360,gal_map_text_201200219,,,1,,0,gal_bg_amusement_4,gal_bg_amusement_5,1,201202780,157950
5643,201202360,2,1,player_name,,,,0,,,201202370,gal_map_text_201200220,,,1,,0,gal_bg_amusement_4,gal_bg_amusement_5,1,201202780,157950
5644,201202370,2,1,,,,,0,,,201202380,gal_map_text_201200229,,,2,,2,gal_bg_amusement_4,gal_bg_amusement_5,1,201202780,157950
5645,201202380,2,1,gal_name_01,30105,,,0,,,201202390,gal_map_text_201200230,,,1,,0,gal_bg_amusement_4,gal_bg_amusement_5,1,201202780,157950
5646,201202390,2,1,player_name,,,,0,,,201202400,gal_map_text_201200231,,,1,,0,gal_bg_amusement_4,gal_bg_amusement_5,1,201202780,157950
5647,201202400,2,1,gal_name_01,20102,,,0,,,201202410,gal_map_text_201200232,,,1,,0,gal_bg_amusement_4,gal_bg_amusement_5,1,201202780,157950
5648,201202410,2,1,player_name,,,,0,,,201202420,gal_map_text_201200233,,,1,,0,gal_bg_amusement_4,gal_bg_amusement_5,1,201202780,157950
5649,201202420,2,1,gal_name_01,30101,,,0,,,201202430,gal_map_text_201200234,,,1,,0,gal_bg_amusement_4,gal_bg_amusement_5,1,201202780,157950
5650,201202430,2,1,player_name,,,,0,,,201202440,gal_map_text_201200235,,,1,,0,gal_bg_amusement_4,gal_bg_amusement_5,1,201202780,157950
5651,201202440,2,1,gal_name_01,30104,,,0,,,201202450,gal_map_text_201200236,,,1,,0,gal_bg_amusement_4,gal_bg_amusement_5,1,201202780,157950
5652,201202450,2,1,,,,,0,,,-1,gal_map_text_201200237,,,1,,0,gal_bg_amusement_4,gal_bg_amusement_5,1,-1,157950
5653,201202460,2,1,,10105,,,1,,,201202470,gal_map_text_201200238,,,2,,2,gal_bg_amusement_4,gal_bg_amusement_6,1,201202780,157950
5654,201202470,2,1,,10105,,,0,,,201202480,gal_map_text_201200239,,,1,,0,gal_bg_amusement_4,gal_bg_amusement_6,1,201202780,157950
5655,201202480,2,1,gal_name_01,20105,,,0,,,201202490,gal_map_text_201200240,,,1,,0,gal_bg_amusement_4,gal_bg_amusement_6,1,201202780,157950
5656,201202490,2,1,player_name,,,,0,,,201202500,gal_map_text_201200241,,,1,,0,gal_bg_amusement_4,gal_bg_amusement_6,1,201202780,157950
5657,201202500,2,1,,10102,,,0,,,201202510,gal_map_text_201200242,,,2,,2,gal_bg_amusement_4,gal_bg_amusement_6,1,201202780,157950
5658,201202510,2,1,gal_name_01,20103,,,0,,,201202520,gal_map_text_201200243,,,1,,0,gal_bg_amusement_4,gal_bg_amusement_6,1,201202780,157950
5659,201202520,2,1,player_name,,,,0,,,201202530,gal_map_text_201200244,,,1,,0,gal_bg_amusement_4,gal_bg_amusement_6,1,201202780,157950
5660,201202530,2,1,,,,,0,,,201202540,gal_map_text_201200245,,,2,,2,gal_bg_amusement_4,gal_bg_amusement_6,1,201202780,157950
5661,201202540,2,1,player_name,,,,0,,,201202550,gal_map_text_201200246,,,1,,0,gal_bg_amusement_4,gal_bg_amusement_6,1,201202780,157950
5662,201202550,2,1,gal_name_01,10101,,,0,,,201202560,gal_map_text_201200247,,,1,,0,gal_bg_amusement_4,gal_bg_amusement_6,1,201202780,157950
5663,201202560,2,1,player_name,,,,0,,,201202570,gal_map_text_201200248,,,1,,0,gal_bg_amusement_4,gal_bg_amusement_6,1,201202780,157950
5664,201202570,2,1,gal_name_01,30102,,,0,,,201202580,gal_map_text_201200249,,,1,,0,gal_bg_amusement_4,gal_bg_amusement_6,1,201202780,157950
5665,201202580,2,1,player_name,,,,0,,,201202590,gal_map_text_201200250,,,1,,0,gal_bg_amusement_4,gal_bg_amusement_6,1,201202780,157950
5666,201202590,2,1,player_name,,,,0,,,201202600,gal_map_text_201200251,,,1,,0,gal_bg_amusement_4,gal_bg_amusement_6,1,201202780,157950
5667,201202600,2,1,gal_name_01,30102,,,0,,,201202610,gal_map_text_201200252,,,1,,0,gal_bg_amusement_4,gal_bg_amusement_6,1,201202780,157950
5668,201202610,2,1,,,,,0,,,-1,gal_map_text_201200261,,,1,,0,gal_bg_amusement_4,gal_bg_amusement_6,1,-1,157950
5669,201202620,2,1,,10105,,,1,,,201202630,gal_map_text_201200238,,,2,,2,gal_bg_amusement_4,gal_bg_amusement_6,1,201202780,157950
5670,201202630,2,1,,,,,0,,,201202640,gal_map_text_201200239,,,1,,0,gal_bg_amusement_4,gal_bg_amusement_6,1,201202780,157950
5671,201202640,2,1,gal_name_01,20104,,,0,,,201202650,gal_map_text_201200240,,,1,,0,gal_bg_amusement_4,gal_bg_amusement_6,1,201202780,157950
5672,201202650,2,1,player_name,,,,0,,,201202660,gal_map_text_201200241,,,1,,0,gal_bg_amusement_4,gal_bg_amusement_6,1,201202780,157950
5673,201202660,2,1,,10102,,,0,,,201202670,gal_map_text_201200242,,,2,,2,gal_bg_amusement_4,gal_bg_amusement_6,1,201202780,157950
5674,201202670,2,1,gal_name_01,10101,,,0,,,201202680,gal_map_text_201200243,,,1,,0,gal_bg_amusement_4,gal_bg_amusement_6,1,201202780,157950
5675,201202680,2,1,player_name,,,,0,,,201202690,gal_map_text_201200244,,,1,,0,gal_bg_amusement_4,gal_bg_amusement_6,1,201202780,157950
5676,201202690,2,1,,,,,0,,,201202700,gal_map_text_201200253,,,2,,2,gal_bg_amusement_4,gal_bg_amusement_6,1,201202780,157950
5677,201202700,2,1,gal_name_01,10101,,,0,,,201202710,gal_map_text_201200254,,,1,,0,gal_bg_amusement_4,gal_bg_amusement_6,1,201202780,157950
5678,201202710,2,1,player_name,,,,0,,,201202720,gal_map_text_201200255,,,1,,0,gal_bg_amusement_4,gal_bg_amusement_6,1,201202780,157950
5679,201202720,2,1,gal_name_01,10101,,,0,,,201202730,gal_map_text_201200256,,,1,,0,gal_bg_amusement_4,gal_bg_amusement_6,1,201202780,157950
5680,201202730,2,1,player_name,,,,0,,,201202740,gal_map_text_201200257,,,1,,0,gal_bg_amusement_4,gal_bg_amusement_6,1,201202780,157950
5681,201202740,2,1,gal_name_01,10101,,,0,,,201202750,gal_map_text_201200258,,,1,,0,gal_bg_amusement_4,gal_bg_amusement_6,1,201202780,157950
5682,201202750,2,1,player_name,,,,0,,,201202760,gal_map_text_201200259,,,1,,0,gal_bg_amusement_4,gal_bg_amusement_6,1,201202780,157950
5683,201202760,2,1,gal_name_01,10101,,,0,,,201202770,gal_map_text_201200260,,,1,,0,gal_bg_amusement_4,gal_bg_amusement_6,1,201202780,157950
5684,201202770,2,1,,,,,0,,,-1,gal_map_text_201200261,,,1,,0,gal_bg_amusement_4,gal_bg_amusement_6,1,-1,157950
5685,201202780,2,1,,10105,,,1,,,201202790,gal_map_text_201200262,,,2,,2,gal_bg_amusement_4,gal_bg_street_20,1,201202811,157950
5686,201202790,2,1,,,,,0,,,201202800,gal_map_text_201200263,,,1,,0,gal_bg_amusement_4,gal_bg_street_20,1,201202811,157950
5687,201202800,2,1,gal_name_01,20102,,,0,,,201202810,gal_map_text_201200264,,,1,,0,gal_bg_amusement_4,gal_bg_street_20,1,201202811,157950
5688,201202810,2,1,,10105,,,0,,,201202811,gal_map_text_201200265,,,1,,0,gal_bg_amusement_4,gal_bg_street_20,1,201202811,157950
5689,201202811,3,1,,,,,0,,,201202820,,,,,,2,gal_gallery_pic_24003002,gal_bg_street_20,1,-1,157950
5690,201202820,2,1,gal_name_01,,,,0,,,201202830,gal_map_text_201200266,,,1,,0,gal_gallery_pic_24003002,gal_bg_street_20,1,-1,157950
5691,201202830,2,1,player_name,,,,0,,,201202840,gal_map_text_201200267,,,1,,0,gal_gallery_pic_24003002,gal_bg_street_20,1,-1,157950
5692,201202840,2,1,gal_name_01,,,,0,,,201202850,gal_map_text_201200268,,,1,,0,gal_gallery_pic_24003002,gal_bg_street_20,1,-1,157950
5693,201202850,2,1,,10105,,,0,,,201202860,gal_map_text_201200269,,,2,,2,gal_gallery_pic_24003002,gal_bg_street_20,1,-1,157950
5694,201202860,2,1,gal_name_01,,,,0,,,201202870,gal_map_text_201200270,,,1,,0,gal_gallery_pic_24003002,gal_bg_street_20,1,-1,157950
5695,201202870,2,1,player_name,,,,0,,,201202880,gal_map_text_201200271,,,1,,0,gal_gallery_pic_24003002,gal_bg_street_20,1,-1,157950
5696,201202880,2,1,,,,,0,,,201202890,gal_map_text_201200272,,,2,,2,gal_gallery_pic_24003002,gal_bg_street_20,1,-1,157950
5697,201202890,2,1,,,,,0,,,201202900,gal_map_text_201200273,,,2,,2,gal_gallery_pic_24003002,gal_bg_street_20,1,-1,157950
5698,201202900,2,1,gal_name_01,,,,0,,,201202910,gal_map_text_201200274,,,1,,0,gal_gallery_pic_24003002,gal_bg_street_20,1,-1,157950
5699,201202910,2,1,,10105,,,0,,,201202920,gal_map_text_201200275,,,2,,2,gal_gallery_pic_24003002,gal_bg_street_20,1,-1,157950
5700,201202920,2,1,gal_name_01,,,,0,,,201202930,gal_map_text_201200276,,,1,,0,gal_gallery_pic_24003002,gal_bg_street_20,1,-1,157950
5701,201202930,2,1,player_name,,,,0,,,201202940,gal_map_text_201200277,,,1,,0,gal_gallery_pic_24003002,gal_bg_street_20,1,-1,157950
5702,201202940,2,1,,,,,0,,,201202950,gal_map_text_201200278,,,2,,2,gal_gallery_pic_24003002,gal_bg_street_20,1,-1,157950
5703,201202950,2,1,gal_name_01,,,,0,,,201202960,gal_map_text_201200279,,,1,,0,gal_gallery_pic_24003002,gal_bg_street_20,1,-1,157950
5704,201202960,2,1,player_name,,,,0,,,201202970,gal_map_text_201200280,,,1,,0,gal_gallery_pic_24003002,gal_bg_street_20,1,-1,157950
5705,201202970,2,1,gal_name_01,,,,0,,,201202980,gal_map_text_201200281,,,1,,0,gal_gallery_pic_24003002,gal_bg_street_20,1,-1,157950
5706,201202980,2,1,,10105,,,0,,,201202990,gal_map_text_201200282,,,2,,2,gal_gallery_pic_24003002,gal_bg_street_20,1,-1,157950
5707,201202990,2,1,gal_name_01,,,,0,,,201203000,gal_map_text_201200283,,,1,,0,gal_gallery_pic_24003002,gal_bg_street_20,1,-1,157950
5708,201203000,2,1,player_name,,,,0,,,201203010,gal_map_text_201200284,,,1,,0,gal_gallery_pic_24003002,gal_bg_street_20,1,-1,157950
5709,201203010,2,1,,,,,0,,,-1,gal_map_text_201200285,,,1,,0,gal_gallery_pic_24003002,gal_bg_street_20,1,-1,157950
5710,203201200,2,1,,,,,0,,,-1,gal_map_text_203200129,,,2,,0,gal_bg_street_1,gal_bg_street_1,1,-1,157950
5711,203200000,2,1,,10305,,,0,,,203200010,gal_map_text_203200000,,,2,,2,gal_bg_forest_1,gal_bg_street_6,1,203200160,157950
5712,203200010,2,1,,10305,,,0,,,203200020,gal_map_text_203200001,,,2,,0,gal_bg_forest_1,gal_bg_street_6,1,203200160,157950
5713,203200020,2,1,player_name,,,,0,,,203200030,gal_map_text_203200002,,,1,,0,gal_bg_forest_1,gal_bg_street_6,1,203200160,157950
5714,203200030,2,1,player_name,,,,0,,,203200040,gal_map_text_203200003,,,1,,0,gal_bg_forest_1,gal_bg_street_6,1,203200160,157950
5715,203200040,2,1,,10302,,,0,,,203200050,gal_map_text_203200004,,,2,,0,gal_bg_forest_1,gal_bg_street_6,1,203200160,157950
5716,203200050,2,1,gal_name_03,30302,,,0,,,203200060,gal_map_text_203200005,,,1,,0,gal_bg_forest_1,gal_bg_street_6,1,203200160,157950
5717,203200060,2,1,player_name,,,,0,,,203200070,gal_map_text_203200006,,,1,,0,gal_bg_forest_1,gal_bg_street_6,1,203200160,157950
5718,203200070,2,1,,10302,,,0,,,203200080,gal_map_text_203200007,,,2,,0,gal_bg_forest_1,gal_bg_street_6,1,203200160,157950
5719,203200080,2,1,gal_name_03,30301,,,0,,,203200090,gal_map_text_203200008,,,1,,0,gal_bg_forest_1,gal_bg_street_6,1,203200160,157950
5720,203200090,2,1,player_name,,,,0,,,203200100,gal_map_text_203200009,,,1,,0,gal_bg_forest_1,gal_bg_street_6,1,203200160,157950
5721,203200100,2,1,,10302,,,0,,,203200110,gal_map_text_203200010,,,2,,0,gal_bg_forest_1,gal_bg_street_6,1,203200160,157950
5722,203200110,2,1,gal_name_03,30306,,,0,,,203200120,gal_map_text_203200011,,,1,,0,gal_bg_forest_1,gal_bg_street_6,1,203200160,157950
5723,203200120,2,1,player_name,,,,0,,,203200130,gal_map_text_203200012,,,1,,0,gal_bg_forest_1,gal_bg_street_6,1,203200160,157950
5724,203200130,2,1,player_name,,,,0,,,203200140,gal_map_text_203200013,,,1,,0,gal_bg_forest_1,gal_bg_street_6,1,203200160,157950
5725,203200140,2,1,,10305,,,0,,,203200150,gal_map_text_203200014,,,2,,0,gal_bg_forest_1,gal_bg_street_6,1,203200160,157950
5726,203200150,2,1,player_name,,,,0,,,203200160,gal_map_text_203200015,,,1,,0,gal_bg_forest_1,gal_bg_street_6,1,203200160,157950
5727,203200160,2,2,gal_name_03,30301,2,gal_map_text_203200017|gal_map_text_203200018|gal_map_text_203200019,1,,,203200170|203200240|203200310,gal_map_text_203200016,,,2,,0,gal_bg_forest_1,gal_bg_street_6,1,,157950
5728,203200170,2,1,player_name,,,,0,,,203200180,gal_map_text_203200020,,,1,,0,gal_bg_forest_1,gal_bg_street_6,1,203200490,157950
5729,203200180,2,1,,10302,,,0,,,203200190,gal_map_text_203200021,,,2,,0,gal_bg_forest_1,gal_bg_street_6,1,203200490,157950
5730,203200190,2,1,gal_name_03,10301,,,0,,,203200200,gal_map_text_203200022,,,1,,0,gal_bg_forest_1,gal_bg_street_6,1,203200490,157950
5731,203200200,2,1,player_name,,,,0,,,203200210,gal_map_text_203200023,,,1,,0,gal_bg_forest_1,gal_bg_street_6,1,203200490,157950
5732,203200210,2,1,gal_name_03,30306,,,0,,,203200220,gal_map_text_203200024,,,1,,0,gal_bg_forest_1,gal_bg_street_6,1,203200490,157950
5733,203200220,2,1,,10305,,,0,,,203200230,gal_map_text_203200025,,,2,,0,gal_bg_forest_1,gal_bg_street_6,1,-1,157950
5734,203200230,2,1,,10305,,,0,,,-1,gal_map_text_203200026,,,2,,0,gal_bg_forest_1,gal_bg_street_6,1,-1,157950
5735,203200240,2,1,player_name,,,,0,,,203200250,gal_map_text_203200027,,,1,,0,gal_bg_forest_1,gal_bg_street_6,1,203200800,157950
5736,203200250,2,1,,10302,,,0,,,203200260,gal_map_text_203200028,,,2,,0,gal_bg_forest_1,gal_bg_street_6,1,203200800,157950
5737,203200260,2,1,gal_name_03,10301,,,0,,,203200270,gal_map_text_203200029,,,1,,0,gal_bg_forest_1,gal_bg_street_6,1,203200800,157950
5738,203200270,2,1,player_name,,,,0,,,203200280,gal_map_text_203200030,,,1,,0,gal_bg_forest_1,gal_bg_street_6,1,203200800,157950
5739,203200280,2,1,gal_name_03,10301,,,0,,,203200290,gal_map_text_203200031,,,1,,0,gal_bg_forest_1,gal_bg_street_6,1,203200800,157950
5740,203200290,2,1,,10305,,,0,,,203200300,gal_map_text_203200032,,,2,,0,gal_bg_forest_1,gal_bg_street_6,1,-1,157950
5741,203200300,2,1,,10305,,,0,,,-1,gal_map_text_203200033,,,2,,0,gal_bg_forest_1,gal_bg_street_6,1,-1,157950
5742,203200310,2,1,player_name,,,,0,,,203200320,gal_map_text_203200034,,,1,,0,gal_bg_forest_1,gal_bg_street_6,1,203201070,157950
5743,203200320,2,1,,10302,,,0,,,203200330,gal_map_text_203200035,,,2,,0,gal_bg_forest_1,gal_bg_street_6,1,203201070,157950
5744,203200330,2,1,gal_name_03,10301,,,0,,,203200340,gal_map_text_203200036,,,1,,0,gal_bg_forest_1,gal_bg_street_6,1,203201070,157950
5745,203200340,2,1,player_name,,,,0,,,203200350,gal_map_text_203200037,,,1,,0,gal_bg_forest_1,gal_bg_street_6,1,203201070,157950
5746,203200350,2,1,gal_name_03,10301,,,0,,,203200360,gal_map_text_203200038,,,1,,0,gal_bg_forest_1,gal_bg_street_6,1,203201070,157950
5747,203200360,2,1,,10305,,,0,,,203200370,gal_map_text_203200039,,,2,,0,gal_bg_forest_1,gal_bg_street_6,1,-1,157950
5748,203200370,2,1,,10305,,,0,,,-1,gal_map_text_203200040,,,2,,0,gal_bg_forest_1,gal_bg_street_6,1,-1,157950
5749,203200380,2,1,,10305,,,0,,,203200390,gal_map_text_203200041,,,2,,2,gal_bg_forest_1,gal_bg_park_4,1,203200490,157950
5750,203200390,2,1,,10305,,,0,,,203200400,gal_map_text_203200042,,,2,,0,gal_bg_forest_1,gal_bg_park_4,1,203200490,157950
5751,203200400,2,1,,10305,,,0,,,203200410,gal_map_text_203200043,,,2,,0,gal_bg_forest_1,gal_bg_park_4,1,203200490,157950
5752,203200410,2,1,,10302,,,0,,,203200420,gal_map_text_203200044,,,2,,0,gal_bg_forest_1,gal_bg_park_4,1,203200490,157950
5753,203200420,2,1,gal_name_03,30304,,,0,,,203200430,gal_map_text_203200045,,,1,,0,gal_bg_forest_1,gal_bg_park_4,1,203200490,157950
5754,203200430,2,1,player_name,,,,0,,,203200440,gal_map_text_203200046,,,1,,0,gal_bg_forest_1,gal_bg_park_4,1,203200490,157950
5755,203200440,2,1,gal_name_03,30301,,,0,,,203200450,gal_map_text_203200047,,,1,,0,gal_bg_forest_1,gal_bg_park_4,1,203200490,157950
5756,203200450,2,1,player_name,,,,0,,,203200460,gal_map_text_203200048,,,1,,0,gal_bg_forest_1,gal_bg_park_4,1,203200490,157950
5757,203200460,2,1,gal_name_03,10301,,,0,,,203200470,gal_map_text_203200049,,,1,,0,gal_bg_forest_1,gal_bg_park_4,1,203200490,157950
5758,203200470,2,1,,10305,,,0,,,203200480,gal_map_text_203200050,,,2,,0,gal_bg_forest_1,gal_bg_park_4,1,203200490,157950
5759,203200480,2,1,,10305,,,0,,,203200490,gal_map_text_203200051,,,2,,0,gal_bg_forest_1,gal_bg_park_4,1,203200490,157950
5760,203200490,2,2,player_name,,2,gal_map_text_203200053|gal_map_text_203200054,1,,,203200500|203200560,gal_map_text_203200052,,,2,,0,gal_bg_forest_1,gal_bg_park_4,1,,157950
5761,203200500,2,1,player_name,,,,0,,,203200510,gal_map_text_203200055,,,1,,0,gal_bg_forest_1,gal_bg_park_4,1,203201410,157950
5762,203200510,2,1,gal_name_03,10301,,,0,,,203200520,gal_map_text_203200056,,,1,,0,gal_bg_forest_1,gal_bg_park_4,1,203201410,157950
5763,203200520,2,1,player_name,,,,0,,,203200530,gal_map_text_203200057,,,1,,0,gal_bg_forest_1,gal_bg_park_4,1,203201410,157950
5764,203200530,2,1,gal_name_03,10301,,,0,,,203200540,gal_map_text_203200058,,,1,,0,gal_bg_forest_1,gal_bg_park_4,1,203201410,157950
5765,203200540,2,1,,10305,,,0,,,203200550,gal_map_text_203200059,,,2,,0,gal_bg_forest_1,gal_bg_park_4,1,-1,157950
5766,203200550,2,1,,10305,,,0,,,-1,gal_map_text_203200060,,,2,,0,gal_bg_forest_1,gal_bg_park_4,1,-1,157950
5767,203200560,2,1,player_name,,,,0,,,203200570,gal_map_text_203200061,,,1,,0,gal_bg_forest_1,gal_bg_park_4,1,203201410,157950
5768,203200570,2,1,,10302,,,0,,,203200580,gal_map_text_203200062,,,2,,0,gal_bg_forest_1,gal_bg_park_4,1,203201410,157950
5769,203200580,2,1,gal_name_03,10301,,,0,,,203200590,gal_map_text_203200063,,,1,,0,gal_bg_forest_1,gal_bg_park_4,1,203201410,157950
5770,203200590,2,1,player_name,,,,0,,,203200600,gal_map_text_203200064,,,1,,0,gal_bg_forest_1,gal_bg_park_4,1,203201410,157950
5771,203200600,2,1,gal_name_03,10301,,,0,,,203200610,gal_map_text_203200065,,,1,,0,gal_bg_forest_1,gal_bg_park_4,1,203201410,157950
5772,203200610,2,1,,10305,,,0,,,203200620,gal_map_text_203200066,,,2,,0,gal_bg_forest_1,gal_bg_park_4,1,-1,157950
5773,203200620,2,1,,10305,,,0,,,-1,gal_map_text_203200067,,,2,,0,gal_bg_forest_1,gal_bg_park_4,1,-1,157950
5774,203200630,2,1,,10305,,,0,,,203200640,gal_map_text_203200068,,,2,,2,gal_bg_forest_1,gal_bg_park_5,1,203200800,157950
5775,203200640,2,1,,10305,,,0,,,203200650,gal_map_text_203200069,,,2,,0,gal_bg_forest_1,gal_bg_park_5,1,203200800,157950
5776,203200650,2,1,,10305,,,0,,,203200660,gal_map_text_203200070,,,2,,0,gal_bg_forest_1,gal_bg_park_5,1,203200800,157950
5777,203200660,2,1,,10305,,,0,,,203200670,gal_map_text_203200071,,,2,,0,gal_bg_forest_1,gal_bg_park_5,1,203200800,157950
5778,203200670,2,1,gal_name_03,10301,,,0,,,203200680,gal_map_text_203200072,,,1,,0,gal_bg_forest_1,gal_bg_park_5,1,203200800,157950
5779,203200680,2,1,player_name,,,,0,,,203200690,gal_map_text_203200073,,,1,,0,gal_bg_forest_1,gal_bg_park_5,1,203200800,157950
5780,203200690,2,1,gal_name_03,10301,,,0,,,203200700,gal_map_text_203200074,,,1,,0,gal_bg_forest_1,gal_bg_park_5,1,203200800,157950
5781,203200700,2,1,player_name,,,,0,,,203200710,gal_map_text_203200075,,,1,,0,gal_bg_forest_1,gal_bg_park_5,1,203200800,157950
5782,203200710,2,1,,10305,,,0,,,203200720,gal_map_text_203200076,,,2,,0,gal_bg_forest_1,gal_bg_park_5,1,203200800,157950
5783,203200720,2,1,,10302,,,0,,,203200730,gal_map_text_203200077,,,2,,0,gal_bg_forest_1,gal_bg_park_5,1,203200800,157950
5784,203200730,2,1,gal_name_03,10301,,,0,,,203200740,gal_map_text_203200078,,,1,,0,gal_bg_forest_1,gal_bg_park_5,1,203200800,157950
5785,203200740,2,1,player_name,,,,0,,,203200750,gal_map_text_203200079,,,1,,0,gal_bg_forest_1,gal_bg_park_5,1,203200800,157950
5786,203200750,2,1,player_name,,,,0,,,203200760,gal_map_text_203200080,,,1,,0,gal_bg_forest_1,gal_bg_park_5,1,203200800,157950
5787,203200760,2,1,,10302,,,0,,,203200770,gal_map_text_203200081,,,2,,0,gal_bg_forest_1,gal_bg_park_5,1,203200800,157950
5788,203200770,2,1,gal_name_03,10301,,,0,,,203200780,gal_map_text_203200082,,,1,,0,gal_bg_forest_1,gal_bg_park_5,1,203200800,157950
5789,203200780,2,1,,10305,,,0,,,203200790,gal_map_text_203200083,,,2,,0,gal_bg_forest_1,gal_bg_park_5,1,203200800,157950
5790,203200790,2,1,,10305,,,0,,,203200800,gal_map_text_203200084,,,2,,0,gal_bg_forest_1,gal_bg_park_5,1,203200800,157950
5791,203200800,2,2,player_name,,2,gal_map_text_203200086|gal_map_text_203200087,1,,,203200810|203200880,gal_map_text_203200085,,,2,,0,gal_bg_forest_1,gal_bg_park_5,1,,157950
5792,203200810,2,1,player_name,,,,0,,,203200820,gal_map_text_203200088,,,1,,0,gal_bg_forest_1,gal_bg_park_5,1,203201710,157950
5793,203200820,2,1,,10302,,,0,,,203200830,gal_map_text_203200089,,,2,,0,gal_bg_forest_1,gal_bg_park_5,1,203201710,157950
5794,203200830,2,1,gal_name_03,10301,,,0,,,203200840,gal_map_text_203200090,,,1,,0,gal_bg_forest_1,gal_bg_park_5,1,203201710,157950
5795,203200840,2,1,player_name,,,,0,,,203200850,gal_map_text_203200091,,,1,,0,gal_bg_forest_1,gal_bg_park_5,1,203201710,157950
5796,203200850,2,1,gal_name_03,10301,,,0,,,203200860,gal_map_text_203200092,,,1,,0,gal_bg_forest_1,gal_bg_park_5,1,203201710,157950
5797,203200860,2,1,,10305,,,0,,,203200870,gal_map_text_203200093,,,2,,0,gal_bg_forest_1,gal_bg_park_5,1,-1,157950
5798,203200870,2,1,,10305,,,0,,,-1,gal_map_text_203200094,,,2,,0,gal_bg_forest_1,gal_bg_park_5,1,-1,157950
5799,203200880,2,1,player_name,,,,0,,,203200890,gal_map_text_203200095,,,1,,0,gal_bg_forest_1,gal_bg_park_5,1,203201710,157950
5800,203200890,2,1,gal_name_03,10301,,,0,,,203200900,gal_map_text_203200096,,,1,,0,gal_bg_forest_1,gal_bg_park_5,1,203201710,157950
5801,203200900,2,1,player_name,,,,0,,,203200910,gal_map_text_203200097,,,1,,0,gal_bg_forest_1,gal_bg_park_5,1,203201710,157950
5802,203200910,2,1,gal_name_03,10301,,,0,,,203200920,gal_map_text_203200098,,,1,,0,gal_bg_forest_1,gal_bg_park_5,1,203201710,157950
5803,203200920,2,1,,10305,,,0,,,203200930,gal_map_text_203200099,,,2,,0,gal_bg_forest_1,gal_bg_park_5,1,-1,157950
5804,203200930,2,1,,10305,,,0,,,-1,gal_map_text_203200100,,,2,,0,gal_bg_forest_1,gal_bg_park_5,1,-1,157950
5805,203200940,2,1,,10305,,,0,,,203200950,gal_map_text_203200101,,,2,,2,gal_bg_forest_1,gal_bg_park_6,1,203201070,157950
5806,203200950,2,1,,10305,,,0,,,203200960,gal_map_text_203200102,,,2,,0,gal_bg_forest_1,gal_bg_park_6,1,203201070,157950
5807,203200960,2,1,,10305,,,0,,,203200970,gal_map_text_203200103,,,2,,0,gal_bg_forest_1,gal_bg_park_6,1,203201070,157950
5808,203200970,2,1,player_name,,,,0,,,203200980,gal_map_text_203200104,,,1,,0,gal_bg_forest_1,gal_bg_park_6,1,203201070,157950
5809,203200980,2,1,,10302,,,0,,,203200990,gal_map_text_203200105,,,2,,0,gal_bg_forest_1,gal_bg_park_6,1,203201070,157950
5810,203200990,2,1,gal_name_03,30304,,,0,,,203201000,gal_map_text_203200106,,,1,,0,gal_bg_forest_1,gal_bg_park_6,1,203201070,157950
5811,203201000,2,1,,10305,,,0,,,203201010,gal_map_text_203200107,,,2,,0,gal_bg_forest_1,gal_bg_park_6,1,203201070,157950
5812,203201010,2,1,,10305,,,0,,,203201020,gal_map_text_203200108,,,2,,0,gal_bg_forest_1,gal_bg_park_6,1,203201070,157950
5813,203201020,2,1,player_name,,,,0,,,203201030,gal_map_text_203200109,,,1,,0,gal_bg_forest_1,gal_bg_park_6,1,203201070,157950
5814,203201030,2,1,gal_name_03,30304,,,0,,,203201040,gal_map_text_203200110,,,1,,0,gal_bg_forest_1,gal_bg_park_6,1,203201070,157950
5815,203201040,2,1,player_name,,,,0,,,203201050,gal_map_text_203200111,,,1,,0,gal_bg_forest_1,gal_bg_park_6,1,203201070,157950
5816,203201050,2,1,,10305,,,0,,,203201060,gal_map_text_203200112,,,2,,0,gal_bg_forest_1,gal_bg_park_6,1,203201070,157950
5817,203201060,2,1,,10305,,,0,,,203201070,gal_map_text_203200113,,,2,,0,gal_bg_forest_1,gal_bg_park_6,1,203201070,157950
5818,203201070,2,2,gal_name_03,10301,2,gal_map_text_203200115|gal_map_text_203200116,1,,,203201080|203201140,gal_map_text_203200114,,,2,,0,gal_bg_forest_1,gal_bg_park_6,1,,157950
5819,203201080,2,1,player_name,,,,0,,,203201090,gal_map_text_203200117,,,1,,0,gal_bg_forest_1,gal_bg_park_6,1,203202010,157950
5820,203201090,2,1,gal_name_03,20301,,,0,,,203201100,gal_map_text_203200118,,,1,,0,gal_bg_forest_1,gal_bg_park_6,1,203202010,157950
5821,203201100,2,1,player_name,,,,0,,,203201110,gal_map_text_203200119,,,1,,0,gal_bg_forest_1,gal_bg_park_6,1,203202010,157950
5822,203201110,2,1,gal_name_03,10301,,,0,,,203201120,gal_map_text_203200120,,,1,,0,gal_bg_forest_1,gal_bg_park_6,1,203202010,157950
5823,203201120,2,1,,10305,,,0,,,203201130,gal_map_text_203200121,,,2,,0,gal_bg_forest_1,gal_bg_park_6,1,-1,157950
5824,203201130,2,1,,10305,,,0,,,-1,gal_map_text_203200122,,,2,,0,gal_bg_forest_1,gal_bg_park_6,1,-1,157950
5825,203201140,2,1,player_name,,,,0,,,203201150,gal_map_text_203200123,,,1,,0,gal_bg_forest_1,gal_bg_park_6,1,203202010,157950
5826,203201150,2,1,,10302,,,0,,,203201160,gal_map_text_203200124,,,2,,0,gal_bg_forest_1,gal_bg_park_6,1,203202010,157950
5827,203201160,2,1,gal_name_03,10301,,,0,,,203201170,gal_map_text_203200125,,,1,,0,gal_bg_forest_1,gal_bg_park_6,1,203202010,157950
5828,203201170,2,1,player_name,,,,0,,,203201180,gal_map_text_203200126,,,1,,0,gal_bg_forest_1,gal_bg_park_6,1,203202010,157950
5829,203201180,2,1,gal_name_03,10301,,,0,,,203201190,gal_map_text_203200127,,,1,,0,gal_bg_forest_1,gal_bg_park_6,1,203202010,157950
5830,203201190,2,1,,10305,,,0,,,203201200,gal_map_text_203200128,,,2,,0,gal_bg_forest_1,gal_bg_park_6,1,-1,157950
5831,203201210,2,1,,10305,,,0,,,203201220,gal_map_text_203200130,,,2,,2,gal_bg_forest_1,gal_bg_park_4,1,203201410,157950
5832,203201220,2,1,,10305,,,0,,,203201230,gal_map_text_203200131,,,2,,0,gal_bg_forest_1,gal_bg_park_4,1,203201410,157950
5833,203201230,2,1,,10305,,,0,,,203201240,gal_map_text_203200132,,,2,,0,gal_bg_forest_1,gal_bg_park_4,1,203201410,157950
5834,203201240,2,1,gal_name_03,30306,,,0,,,203201250,gal_map_text_203200133,,,1,,0,gal_bg_forest_1,gal_bg_park_4,1,203201410,157950
5835,203201250,2,1,player_name,,,,0,,,203201260,gal_map_text_203200134,,,1,,0,gal_bg_forest_1,gal_bg_park_4,1,203201410,157950
5836,203201260,2,1,gal_name_03,30301,,,0,,,203201270,gal_map_text_203200135,,,1,,0,gal_bg_forest_1,gal_bg_park_4,1,203201410,157950
5837,203201270,2,1,player_name,,,,0,,,203201280,gal_map_text_203200136,,,1,,0,gal_bg_forest_1,gal_bg_park_4,1,203201410,157950
5838,203201280,2,1,,10302,,,0,,,203201290,gal_map_text_203200137,,,2,,0,gal_bg_forest_1,gal_bg_park_4,1,203201410,157950
5839,203201290,2,1,gal_name_03,30305,,,0,,,203201300,gal_map_text_203200138,,,1,,0,gal_bg_forest_1,gal_bg_park_4,1,203201410,157950
5840,203201300,2,1,player_name,,,,0,,,203201310,gal_map_text_203200139,,,1,,0,gal_bg_forest_1,gal_bg_park_4,1,203201410,157950
5841,203201310,2,1,gal_name_03,30302,,,0,,,203201320,gal_map_text_203200140,,,1,,0,gal_bg_forest_1,gal_bg_park_4,1,203201410,157950
5842,203201320,2,1,player_name,,,,0,,,203201330,gal_map_text_203200141,,,1,,0,gal_bg_forest_1,gal_bg_park_4,1,203201410,157950
5843,203201330,2,1,,10302,,,0,,,203201340,gal_map_text_203200142,,,2,,0,gal_bg_forest_1,gal_bg_park_4,1,203201410,157950
5844,203201340,2,1,gal_name_03,30306,,,0,,,203201350,gal_map_text_203200143,,,1,,0,gal_bg_forest_1,gal_bg_park_4,1,203201410,157950
5845,203201350,2,1,player_name,,,,0,,,203201360,gal_map_text_203200144,,,1,,0,gal_bg_forest_1,gal_bg_park_4,1,203201410,157950
5846,203201360,2,1,gal_name_03,10301,,,0,,,203201370,gal_map_text_203200145,,,1,,0,gal_bg_forest_1,gal_bg_park_4,1,203201410,157950
5847,203201370,2,1,,10302,,,0,,,203201380,gal_map_text_203200146,,,2,,0,gal_bg_forest_1,gal_bg_park_4,1,203201410,157950
5848,203201380,2,1,player_name,,,,0,,,203201390,gal_map_text_203200147,,,1,,0,gal_bg_forest_1,gal_bg_park_4,1,203201410,157950
5849,203201390,2,1,,10305,,,0,,,203201400,gal_map_text_203200148,,,2,,0,gal_bg_forest_1,gal_bg_park_4,1,203201410,157950
5850,203201400,2,1,,10305,,,0,,,203201410,gal_map_text_203200149,,,2,,0,gal_bg_forest_1,gal_bg_park_4,1,203201410,157950
5851,203201410,2,2,player_name,,2,gal_map_text_203200151|gal_map_text_203200152,1,,,203201420|203201480,gal_map_text_203200150,,,2,,0,gal_bg_forest_1,gal_bg_park_4,1,,157950
5852,203201420,2,1,player_name,,,,0,,,203201430,gal_map_text_203200153,,,1,,0,gal_bg_forest_1,gal_bg_park_4,1,203202120,157950
5853,203201430,2,1,gal_name_03,10301,,,0,,,203201440,gal_map_text_203200154,,,1,,0,gal_bg_forest_1,gal_bg_park_4,1,203202120,157950
5854,203201440,2,1,player_name,,,,0,,,203201450,gal_map_text_203200155,,,1,,0,gal_bg_forest_1,gal_bg_park_4,1,203202120,157950
5855,203201450,2,1,gal_name_03,10301,,,0,,,203201460,gal_map_text_203200156,,,1,,0,gal_bg_forest_1,gal_bg_park_4,1,203202120,157950
5856,203201460,2,1,,10305,,,0,,,203201470,gal_map_text_203200157,,,2,,0,gal_bg_forest_1,gal_bg_park_4,1,-1,157950
5857,203201470,2,1,,10305,,,0,,,-1,gal_map_text_203200158,,,2,,0,gal_bg_forest_1,gal_bg_park_4,1,-1,157950
5858,203201480,2,1,player_name,,,,0,,,203201490,gal_map_text_203200159,,,1,,0,gal_bg_forest_1,gal_bg_park_4,1,203202250,157950
5859,203201490,2,1,gal_name_03,10301,,,0,,,203201500,gal_map_text_203200160,,,1,,0,gal_bg_forest_1,gal_bg_park_4,1,203202250,157950
5860,203201500,2,1,player_name,,,,0,,,203201510,gal_map_text_203200161,,,1,,0,gal_bg_forest_1,gal_bg_park_4,1,203202250,157950
5861,203201510,2,1,gal_name_03,10301,,,0,,,203201520,gal_map_text_203200162,,,1,,0,gal_bg_forest_1,gal_bg_park_4,1,203202250,157950
5862,203201520,2,1,,10305,,,0,,,203201530,gal_map_text_203200163,,,2,,0,gal_bg_forest_1,gal_bg_park_4,1,-1,157950
5863,203201530,2,1,,10305,,,0,,,-1,gal_map_text_203200164,,,2,,0,gal_bg_forest_1,gal_bg_park_4,1,-1,157950
5864,203201540,2,1,,10305,,,0,,,203201550,gal_map_text_203200165,,,2,,2,gal_bg_forest_1,gal_bg_park_5,1,203201710,157950
5865,203201550,2,1,,10305,,,0,,,203201560,gal_map_text_203200166,,,2,,0,gal_bg_forest_1,gal_bg_park_5,1,203201710,157950
5866,203201560,2,1,,10305,,,0,,,203201570,gal_map_text_203200167,,,2,,0,gal_bg_forest_1,gal_bg_park_5,1,203201710,157950
5867,203201570,2,1,gal_name_03,30306,,,0,,,203201580,gal_map_text_203200168,,,1,,0,gal_bg_forest_1,gal_bg_park_5,1,203201710,157950
5868,203201580,2,1,player_name,,,,0,,,203201590,gal_map_text_203200169,,,1,,0,gal_bg_forest_1,gal_bg_park_5,1,203201710,157950
5869,203201590,2,1,gal_name_03,30306,,,0,,,203201600,gal_map_text_203200170,,,1,,0,gal_bg_forest_1,gal_bg_park_5,1,203201710,157950
5870,203201600,2,1,player_name,,,,0,,,203201610,gal_map_text_203200171,,,1,,0,gal_bg_forest_1,gal_bg_park_5,1,203201710,157950
5871,203201610,2,1,gal_name_03,10301,,,0,,,203201620,gal_map_text_203200172,,,1,,0,gal_bg_forest_1,gal_bg_park_5,1,203201710,157950
5872,203201620,2,1,player_name,,,,0,,,203201630,gal_map_text_203200173,,,1,,0,gal_bg_forest_1,gal_bg_park_5,1,203201710,157950
5873,203201630,2,1,gal_name_03,30304,,,0,,,203201640,gal_map_text_203200174,,,1,,0,gal_bg_forest_1,gal_bg_park_5,1,203201710,157950
5874,203201640,2,1,player_name,,,,0,,,203201650,gal_map_text_203200175,,,1,,0,gal_bg_forest_1,gal_bg_park_5,1,203201710,157950
5875,203201650,2,1,,10305,,,0,,,203201660,gal_map_text_203200176,,,2,,0,gal_bg_forest_1,gal_bg_park_5,1,203201710,157950
5876,203201660,2,1,gal_name_03,30302,,,0,,,203201670,gal_map_text_203200177,,,1,,0,gal_bg_forest_1,gal_bg_park_5,1,203201710,157950
5877,203201670,2,1,,10305,,,0,,,203201680,gal_map_text_203200178,,,2,,0,gal_bg_forest_1,gal_bg_park_5,1,203201710,157950
5878,203201680,2,1,,10305,,,0,,,203201690,gal_map_text_203200179,,,2,,0,gal_bg_forest_1,gal_bg_park_5,1,203201710,157950
5879,203201690,2,1,,10305,,,0,,,203201700,gal_map_text_203200180,,,2,,0,gal_bg_forest_1,gal_bg_park_5,1,203201710,157950
5880,203201700,2,1,,10305,,,0,,,203201710,gal_map_text_203200181,,,2,,0,gal_bg_forest_1,gal_bg_park_5,1,203201710,157950
5881,203201710,2,2,player_name,,2,gal_map_text_203200183|gal_map_text_203200184,1,,,203201720|203201780,gal_map_text_203200182,,,2,,0,gal_bg_forest_1,gal_bg_park_5,1,,157950
5882,203201720,2,1,player_name,,,,0,,,203201730,gal_map_text_203200185,,,1,,0,gal_bg_forest_1,gal_bg_park_5,1,203202380,157950
5883,203201730,2,1,gal_name_03,30304,,,0,,,203201740,gal_map_text_203200186,,,1,,0,gal_bg_forest_1,gal_bg_park_5,1,203202380,157950
5884,203201740,2,1,player_name,,,,0,,,203201750,gal_map_text_203200187,,,1,,0,gal_bg_forest_1,gal_bg_park_5,1,203202380,157950
5885,203201750,2,1,gal_name_03,10301,,,0,,,203201760,gal_map_text_203200188,,,1,,0,gal_bg_forest_1,gal_bg_park_5,1,203202380,157950
5886,203201760,2,1,,10305,,,0,,,203201770,gal_map_text_203200189,,,2,,0,gal_bg_forest_1,gal_bg_park_5,1,-1,157950
5887,203201770,2,1,,10305,,,0,,,-1,gal_map_text_203200190,,,2,,0,gal_bg_forest_1,gal_bg_park_5,1,-1,157950
5888,203201780,2,1,player_name,,,,0,,,203201790,gal_map_text_203200191,,,1,,0,gal_bg_forest_1,gal_bg_park_5,1,203202510,157950
5889,203201790,2,1,gal_name_03,30304,,,0,,,203201800,gal_map_text_203200192,,,1,,0,gal_bg_forest_1,gal_bg_park_5,1,203202510,157950
5890,203201800,2,1,player_name,,,,0,,,203201810,gal_map_text_203200193,,,1,,0,gal_bg_forest_1,gal_bg_park_5,1,203202510,157950
5891,203201810,2,1,gal_name_03,10301,,,0,,,203201820,gal_map_text_203200194,,,1,,0,gal_bg_forest_1,gal_bg_park_5,1,203202510,157950
5892,203201820,2,1,,10305,,,0,,,-1,gal_map_text_203200195,,,2,,0,gal_bg_forest_1,gal_bg_park_5,1,-1,157950
5893,203201830,2,1,,10305,,,0,,,203201840,gal_map_text_203200196,,,2,,2,gal_bg_forest_1,gal_bg_park_6,1,203202010,157950
5894,203201840,2,1,,10305,,,0,,,203201850,gal_map_text_203200197,,,2,,0,gal_bg_forest_1,gal_bg_park_6,1,203202010,157950
5895,203201850,2,1,,10305,,,0,,,203201860,gal_map_text_203200198,,,2,,0,gal_bg_forest_1,gal_bg_park_6,1,203202010,157950
5896,203201860,2,1,,10305,,,0,,,203201870,gal_map_text_203200199,,,2,,0,gal_bg_forest_1,gal_bg_park_6,1,203202010,157950
5897,203201870,2,1,,10305,,,0,,,203201880,gal_map_text_203200200,,,2,,0,gal_bg_forest_1,gal_bg_park_6,1,203202010,157950
5898,203201880,2,1,player_name,,,,0,,,203201890,gal_map_text_203200201,,,1,,0,gal_bg_forest_1,gal_bg_park_6,1,203202010,157950
5899,203201890,2,1,gal_name_03,30305,,,0,,,203201900,gal_map_text_203200202,,,1,,0,gal_bg_forest_1,gal_bg_park_6,1,203202010,157950
5900,203201900,2,1,,10305,,,0,,,203201910,gal_map_text_203200203,,,2,,0,gal_bg_forest_1,gal_bg_park_6,1,203202010,157950
5901,203201910,2,1,player_name,,,,0,,,203201920,gal_map_text_203200204,,,1,,0,gal_bg_forest_1,gal_bg_park_6,1,203202010,157950
5902,203201920,2,1,,10305,,,0,,,203201930,gal_map_text_203200205,,,2,,0,gal_bg_forest_1,gal_bg_park_6,1,203202010,157950
5903,203201930,2,1,player_name,,,,0,,,203201940,gal_map_text_203200206,,,1,,0,gal_bg_forest_1,gal_bg_park_6,1,203202010,157950
5904,203201940,2,1,gal_name_03,30305,,,0,,,203201950,gal_map_text_203200207,,,1,,0,gal_bg_forest_1,gal_bg_park_6,1,203202010,157950
5905,203201950,2,1,,10305,,,0,,,203201960,gal_map_text_203200208,,,2,,0,gal_bg_forest_1,gal_bg_park_6,1,203202010,157950
5906,203201960,2,1,player_name,,,,0,,,203201970,gal_map_text_203200209,,,1,,0,gal_bg_forest_1,gal_bg_park_6,1,203202010,157950
5907,203201970,2,1,gal_name_03,30302,,,0,,,203201980,gal_map_text_203200210,,,1,,0,gal_bg_forest_1,gal_bg_park_6,1,203202010,157950
5908,203201980,2,1,,10305,,,0,,,203201990,gal_map_text_203200211,,,2,,0,gal_bg_forest_1,gal_bg_park_6,1,203202010,157950
5909,203201990,2,1,,10305,,,0,,,203202000,gal_map_text_203200212,,,2,,0,gal_bg_forest_1,gal_bg_park_6,1,203202010,157950
5910,203202000,2,1,,10305,,,0,,,203202010,gal_map_text_203200213,,,2,,0,gal_bg_forest_1,gal_bg_park_6,1,203202010,157950
5911,203202010,2,2,player_name,,2,gal_map_text_203200215|gal_map_text_203200216,1,,,203202020|203202070,gal_map_text_203200214,,,2,,0,gal_bg_forest_1,gal_bg_park_6,1,,157950
5912,203202020,2,1,player_name,,,,0,,,203202030,gal_map_text_203200217,,,1,,0,gal_bg_forest_1,gal_bg_park_6,1,203202640,157950
5913,203202030,2,1,gal_name_03,30302,,,0,,,203202040,gal_map_text_203200218,,,1,,0,gal_bg_forest_1,gal_bg_park_6,1,203202640,157950
5914,203202040,2,1,player_name,,,,0,,,203202050,gal_map_text_203200219,,,1,,0,gal_bg_forest_1,gal_bg_park_6,1,203202640,157950
5915,203202050,2,1,gal_name_03,30302,,,0,,,203202060,gal_map_text_203200220,,,1,,0,gal_bg_forest_1,gal_bg_park_6,1,203202640,157950
5916,203202060,2,1,,10305,,,0,,,-1,gal_map_text_203200221,,,2,,0,gal_bg_forest_1,gal_bg_park_6,1,-1,157950
5917,203202070,2,1,player_name,,,,0,,,203202080,gal_map_text_203200222,,,1,,0,gal_bg_forest_1,gal_bg_park_6,1,203202790,157950
5918,203202080,2,1,gal_name_03,30301,,,0,,,203202090,gal_map_text_203200223,,,1,,0,gal_bg_forest_1,gal_bg_park_6,1,203202790,157950
5919,203202090,2,1,player_name,,,,0,,,203202100,gal_map_text_203200224,,,1,,0,gal_bg_forest_1,gal_bg_park_6,1,203202790,157950
5920,203202100,2,1,gal_name_03,30302,,,0,,,203202110,gal_map_text_203200225,,,1,,0,gal_bg_forest_1,gal_bg_park_6,1,203202790,157950
5921,203202110,2,1,,10305,,,0,,,-1,gal_map_text_203200226,,,2,,0,gal_bg_forest_1,gal_bg_park_6,1,-1,157950
5922,203202120,2,1,,10305,,,1,,,203202130,gal_map_text_203200227,,,2,,2,gal_bg_forest_1,gal_bg_park_6,1,203202940,157950
5923,203202130,2,1,,10305,,,0,,,203202140,gal_map_text_203200228,,,2,,0,gal_bg_forest_1,gal_bg_park_6,1,203202940,157950
5924,203202140,2,1,,10305,,,0,,,203202150,gal_map_text_203200229,,,2,,0,gal_bg_forest_1,gal_bg_park_6,1,203202940,157950
5925,203202150,2,1,gal_name_03,30302,,,0,,,203202160,gal_map_text_203200230,,,1,,0,gal_bg_forest_1,gal_bg_park_6,1,203202940,157950
5926,203202160,2,1,player_name,,,,0,,,203202170,gal_map_text_203200231,,,1,,0,gal_bg_forest_1,gal_bg_park_6,1,203202940,157950
5927,203202170,2,1,gal_name_03,30302,,,0,,,203202180,gal_map_text_203200232,,,1,,0,gal_bg_forest_1,gal_bg_park_6,1,203202940,157950
5928,203202180,2,1,,10305,,,0,,,203202190,gal_map_text_203200233,,,2,,0,gal_bg_forest_1,gal_bg_park_6,1,203202940,157950
5929,203202190,2,1,,10305,,,0,,,203202200,gal_map_text_203200234,,,2,,0,gal_bg_forest_1,gal_bg_park_6,1,203202940,157950
5930,203202200,2,1,player_name,,,,0,,,203202210,gal_map_text_203200235,,,1,,0,gal_bg_forest_1,gal_bg_park_6,1,203202940,157950
5931,203202210,2,1,gal_name_03,30304,,,0,,,203202220,gal_map_text_203200236,,,1,,0,gal_bg_forest_1,gal_bg_park_6,1,203202940,157950
5932,203202220,2,1,player_name,,,,0,,,203202230,gal_map_text_203200237,,,1,,0,gal_bg_forest_1,gal_bg_park_6,1,203202940,157950
5933,203202230,2,1,gal_name_03,10301,,,0,,,203202240,gal_map_text_203200238,,,1,,0,gal_bg_forest_1,gal_bg_park_6,1,203202940,157950
5934,203202240,2,1,,10305,,,0,,,-1,gal_map_text_203200239,,,2,,0,gal_bg_forest_1,gal_bg_park_6,1,-1,157950
5935,203202250,2,1,,10305,,,1,,,203202260,gal_map_text_203200227,,,2,,2,gal_bg_forest_1,gal_bg_park_4,1,203202940,157950
5936,203202260,2,1,,10305,,,0,,,203202270,gal_map_text_203200228,,,2,,0,gal_bg_forest_1,gal_bg_park_4,1,203202940,157950
5937,203202270,2,1,,10305,,,0,,,203202280,gal_map_text_203200229,,,2,,0,gal_bg_forest_1,gal_bg_park_4,1,203202940,157950
5938,203202280,2,1,gal_name_03,10301,,,0,,,203202290,gal_map_text_203200230,,,1,,0,gal_bg_forest_1,gal_bg_park_4,1,203202940,157950
5939,203202290,2,1,player_name,,,,0,,,203202300,gal_map_text_203200231,,,1,,0,gal_bg_forest_1,gal_bg_park_4,1,203202940,157950
5940,203202300,2,1,gal_name_03,10301,,,0,,,203202310,gal_map_text_203200232,,,1,,0,gal_bg_forest_1,gal_bg_park_4,1,203202940,157950
5941,203202310,2,1,,10305,,,0,,,203202320,gal_map_text_203200240,,,2,,0,gal_bg_forest_1,gal_bg_park_4,1,203202940,157950
5942,203202320,2,1,,10305,,,0,,,203202330,gal_map_text_203200241,,,2,,0,gal_bg_forest_1,gal_bg_park_4,1,203202940,157950
5943,203202330,2,1,player_name,,,,0,,,203202340,gal_map_text_203200242,,,1,,0,gal_bg_forest_1,gal_bg_park_4,1,203202940,157950
5944,203202340,2,1,gal_name_03,10301,,,0,,,203202350,gal_map_text_203200243,,,1,,0,gal_bg_forest_1,gal_bg_park_4,1,203202940,157950
5945,203202350,2,1,player_name,,,,0,,,203202360,gal_map_text_203200244,,,1,,0,gal_bg_forest_1,gal_bg_park_4,1,203202940,157950
5946,203202360,2,1,gal_name_03,10301,,,0,,,203202370,gal_map_text_203200245,,,1,,0,gal_bg_forest_1,gal_bg_park_4,1,203202940,157950
5947,203202370,2,1,,10305,,,0,,,-1,gal_map_text_203200246,,,2,,0,gal_bg_forest_1,gal_bg_park_4,1,-1,157950
5948,203202380,2,1,,10305,,,1,,,203202390,gal_map_text_203200247,,,2,,2,gal_bg_forest_1,gal_bg_park_5,1,203202940,157950
5949,203202390,2,1,,10305,,,0,,,203202400,gal_map_text_203200248,,,2,,0,gal_bg_forest_1,gal_bg_park_5,1,203202940,157950
5950,203202400,2,1,,10305,,,0,,,203202410,gal_map_text_203200249,,,2,,0,gal_bg_forest_1,gal_bg_park_5,1,203202940,157950
5951,203202410,2,1,gal_name_03,30304,,,0,,,203202420,gal_map_text_203200250,,,1,,0,gal_bg_forest_1,gal_bg_park_5,1,203202940,157950
5952,203202420,2,1,player_name,,,,0,,,203202430,gal_map_text_203200251,,,1,,0,gal_bg_forest_1,gal_bg_park_5,1,203202940,157950
5953,203202430,2,1,gal_name_03,30304,,,0,,,203202440,gal_map_text_203200252,,,1,,0,gal_bg_forest_1,gal_bg_park_5,1,203202940,157950
5954,203202440,2,1,,10305,,,0,,,203202450,gal_map_text_203200253,,,2,,0,gal_bg_forest_1,gal_bg_park_5,1,203202940,157950
5955,203202450,2,1,,10305,,,0,,,203202460,gal_map_text_203200254,,,2,,0,gal_bg_forest_1,gal_bg_park_5,1,203202940,157950
5956,203202460,2,1,player_name,,,,0,,,203202470,gal_map_text_203200255,,,1,,0,gal_bg_forest_1,gal_bg_park_5,1,203202940,157950
5957,203202470,2,1,gal_name_03,30304,,,0,,,203202480,gal_map_text_203200256,,,1,,0,gal_bg_forest_1,gal_bg_park_5,1,203202940,157950
5958,203202480,2,1,player_name,,,,0,,,203202490,gal_map_text_203200257,,,1,,0,gal_bg_forest_1,gal_bg_park_5,1,203202940,157950
5959,203202490,2,1,gal_name_03,10301,,,0,,,203202500,gal_map_text_203200258,,,1,,0,gal_bg_forest_1,gal_bg_park_5,1,203202940,157950
5960,203202500,2,1,,10305,,,0,,,-1,gal_map_text_203200259,,,2,,0,gal_bg_forest_1,gal_bg_park_5,1,-1,157950
5961,203202510,2,1,,10305,,,1,,,203202520,gal_map_text_203200247,,,2,,2,gal_bg_forest_1,gal_bg_park_5,1,203202940,157950
5962,203202520,2,1,,10305,,,0,,,203202530,gal_map_text_203200248,,,2,,0,gal_bg_forest_1,gal_bg_park_5,1,203202940,157950
5963,203202530,2,1,,10305,,,0,,,203202540,gal_map_text_203200249,,,2,,0,gal_bg_forest_1,gal_bg_park_5,1,203202940,157950
5964,203202540,2,1,gal_name_03,10301,,,0,,,203202550,gal_map_text_203200250,,,1,,0,gal_bg_forest_1,gal_bg_park_5,1,203202940,157950
5965,203202550,2,1,player_name,,,,0,,,203202560,gal_map_text_203200251,,,1,,0,gal_bg_forest_1,gal_bg_park_5,1,203202940,157950
5966,203202560,2,1,gal_name_03,10301,,,0,,,203202570,gal_map_text_203200252,,,1,,0,gal_bg_forest_1,gal_bg_park_5,1,203202940,157950
5967,203202570,2,1,,10305,,,0,,,203202580,gal_map_text_203200260,,,2,,0,gal_bg_forest_1,gal_bg_park_5,1,203202940,157950
5968,203202580,2,1,,10305,,,0,,,203202590,gal_map_text_203200261,,,2,,0,gal_bg_forest_1,gal_bg_park_5,1,203202940,157950
5969,203202590,2,1,player_name,,,,0,,,203202600,gal_map_text_203200262,,,1,,0,gal_bg_forest_1,gal_bg_park_5,1,203202940,157950
5970,203202600,2,1,gal_name_03,10301,,,0,,,203202610,gal_map_text_203200263,,,1,,0,gal_bg_forest_1,gal_bg_park_5,1,203202940,157950
5971,203202610,2,1,player_name,,,,0,,,203202620,gal_map_text_203200264,,,1,,0,gal_bg_forest_1,gal_bg_park_5,1,203202940,157950
5972,203202620,2,1,gal_name_03,10301,,,0,,,203202630,gal_map_text_203200265,,,1,,0,gal_bg_forest_1,gal_bg_park_5,1,203202940,157950
5973,203202630,2,1,,10305,,,0,,,-1,gal_map_text_203200266,,,2,,0,gal_bg_forest_1,gal_bg_park_5,1,-1,157950
5974,203202640,2,1,,10305,,,1,,,203202650,gal_map_text_203200267,,,2,,2,gal_bg_forest_1,gal_bg_park_6,1,203202940,157950
5975,203202650,2,1,,10305,,,0,,,203202660,gal_map_text_203200268,,,2,,0,gal_bg_forest_1,gal_bg_park_6,1,203202940,157950
5976,203202660,2,1,,10305,,,0,,,203202670,gal_map_text_203200269,,,2,,0,gal_bg_forest_1,gal_bg_park_6,1,203202940,157950
5977,203202670,2,1,gal_name_03,10301,,,0,,,203202680,gal_map_text_203200270,,,1,,0,gal_bg_forest_1,gal_bg_park_6,1,203202940,157950
5978,203202680,2,1,player_name,,,,0,,,203202690,gal_map_text_203200271,,,1,,0,gal_bg_forest_1,gal_bg_park_6,1,203202940,157950
5979,203202690,2,1,gal_name_03,10301,,,0,,,203202700,gal_map_text_203200272,,,1,,0,gal_bg_forest_1,gal_bg_park_6,1,203202940,157950
5980,203202700,2,1,,10305,,,0,,,203202710,gal_map_text_203200273,,,2,,0,gal_bg_forest_1,gal_bg_park_6,1,203202940,157950
5981,203202710,2,1,,10305,,,0,,,203202720,gal_map_text_203200274,,,2,,0,gal_bg_forest_1,gal_bg_park_6,1,203202940,157950
5982,203202720,2,1,,10305,,,0,,,203202730,gal_map_text_203200275,,,2,,0,gal_bg_forest_1,gal_bg_park_6,1,203202940,157950
5983,203202730,2,1,player_name,,,,0,,,203202740,gal_map_text_203200276,,,1,,0,gal_bg_forest_1,gal_bg_park_6,1,203202940,157950
5984,203202740,2,1,gal_name_03,10301,,,0,,,203202750,gal_map_text_203200277,,,1,,0,gal_bg_forest_1,gal_bg_park_6,1,203202940,157950
5985,203202750,2,1,gal_name_03,10301,,,0,,,203202760,gal_map_text_203200278,,,1,,0,gal_bg_forest_1,gal_bg_park_6,1,203202940,157950
5986,203202760,2,1,player_name,,,,0,,,203202770,gal_map_text_203200279,,,1,,0,gal_bg_forest_1,gal_bg_park_6,1,203202940,157950
5987,203202770,2,1,gal_name_03,10301,,,0,,,203202780,gal_map_text_203200280,,,1,,0,gal_bg_forest_1,gal_bg_park_6,1,203202940,157950
5988,203202780,2,1,,10305,,,0,,,-1,gal_map_text_203200281,,,2,,0,gal_bg_forest_1,gal_bg_park_6,1,-1,157950
5989,203202790,2,1,,10305,,,1,,,203202800,gal_map_text_203200267,,,2,,2,gal_bg_forest_1,gal_bg_park_6,1,203202940,157950
5990,203202800,2,1,,10305,,,0,,,203202810,gal_map_text_203200268,,,2,,0,gal_bg_forest_1,gal_bg_park_6,1,203202940,157950
5991,203202810,2,1,,10305,,,0,,,203202820,gal_map_text_203200269,,,2,,0,gal_bg_forest_1,gal_bg_park_6,1,203202940,157950
5992,203202820,2,1,gal_name_03,30302,,,0,,,203202830,gal_map_text_203200270,,,1,,0,gal_bg_forest_1,gal_bg_park_6,1,203202940,157950
5993,203202830,2,1,player_name,,,,0,,,203202840,gal_map_text_203200271,,,1,,0,gal_bg_forest_1,gal_bg_park_6,1,203202940,157950
5994,203202840,2,1,gal_name_03,10301,,,0,,,203202850,gal_map_text_203200272,,,1,,0,gal_bg_forest_1,gal_bg_park_6,1,203202940,157950
5995,203202850,2,1,,10305,,,0,,,203202860,gal_map_text_203200282,,,2,,0,gal_bg_forest_1,gal_bg_park_6,1,203202940,157950
5996,203202860,2,1,,10305,,,0,,,203202870,gal_map_text_203200283,,,2,,0,gal_bg_forest_1,gal_bg_park_6,1,203202940,157950
5997,203202870,2,1,,10305,,,0,,,203202880,gal_map_text_203200284,,,2,,0,gal_bg_forest_1,gal_bg_park_6,1,203202940,157950
5998,203202880,2,1,player_name,,,,0,,,203202890,gal_map_text_203200285,,,1,,0,gal_bg_forest_1,gal_bg_park_6,1,203202940,157950
5999,203202890,2,1,gal_name_03,10301,,,0,,,203202900,gal_map_text_203200286,,,1,,0,gal_bg_forest_1,gal_bg_park_6,1,203202940,157950
6000,203202900,2,1,gal_name_03,10301,,,0,,,203202910,gal_map_text_203200287,,,1,,0,gal_bg_forest_1,gal_bg_park_6,1,203202940,157950
6001,203202910,2,1,player_name,,,,0,,,203202920,gal_map_text_203200288,,,1,,0,gal_bg_forest_1,gal_bg_park_6,1,203202940,157950
6002,203202920,2,1,gal_name_03,10301,,,0,,,203202930,gal_map_text_203200289,,,1,,0,gal_bg_forest_1,gal_bg_park_6,1,203202940,157950
6003,203202930,2,1,,10305,,,0,,,-1,gal_map_text_203200290,,,2,,0,gal_bg_forest_1,gal_bg_park_6,1,203202961,157950
6004,203202940,2,1,,10305,,,1,,,203202950,gal_map_text_203200291,,,2,,2,gal_bg_forest_1,gal_bg_street_6,1,203202961,157950
6005,203202950,2,1,,10305,,,0,,,203202960,gal_map_text_203200292,,,2,,0,gal_bg_forest_1,gal_bg_street_6,1,203202961,157950
6006,203202960,2,1,,10305,,,0,,,203202961,gal_map_text_203200293,,,2,,0,gal_bg_forest_1,gal_bg_street_6,1,203202961,157950
6007,203202961,3,1,,,,,0,,,203202970,,,,0,,2,gal_gallery_pic_24006502,gal_bg_street_6,1,0,157950
6008,203202970,2,1,player_name,,,,0,,,203202980,gal_map_text_203200294,,,1,,0,gal_gallery_pic_24006502,gal_bg_street_6,1,-1,157950
6009,203202980,2,1,gal_name_03,,,,0,,,203202981,gal_map_text_203200295,,,1,,0,gal_gallery_pic_24006502,gal_bg_street_6,1,-1,157950
6010,203202981,2,1,,,,,0,,,203202990,,,,0,,2,gal_gallery_pic_24006502,gal_bg_street_6,0,,157950
6011,203202990,2,1,,10305,,,0,,,203203000,gal_map_text_203200296,,,2,,0,gal_gallery_pic_24006502,gal_bg_street_6,1,-1,157950
6012,203203000,2,1,,10305,,,0,,,203203010,gal_map_text_203200297,,,2,,0,gal_gallery_pic_24006502,gal_bg_street_6,1,-1,157950
6013,203203010,2,1,,10305,,,0,,,203203020,gal_map_text_203200298,,,2,,0,gal_gallery_pic_24006502,gal_bg_street_6,1,-1,157950
6014,203203020,2,1,,10305,,,0,,,203203030,gal_map_text_203200299,,,2,,0,gal_gallery_pic_24006502,gal_bg_street_6,1,-1,157950
6015,203203030,2,1,gal_name_03,,,,0,,,203203040,gal_map_text_203200300,,,1,,0,gal_gallery_pic_24006502,gal_bg_street_6,1,-1,157950
6016,203203040,2,1,player_name,,,,0,,,203203050,gal_map_text_203200301,,,1,,0,gal_gallery_pic_24006502,gal_bg_street_6,1,-1,157950
6017,203203050,2,1,,10305,,,0,,,203203060,gal_map_text_203200302,,,2,,0,gal_gallery_pic_24006502,gal_bg_street_6,1,-1,157950
6018,203203060,2,1,,10305,,,0,,,203203070,gal_map_text_203200303,,,2,,0,gal_gallery_pic_24006502,gal_bg_street_6,1,-1,157950
6019,203203070,2,1,,10305,,,0,,,203203080,gal_map_text_203200304,,,2,,0,gal_gallery_pic_24006502,gal_bg_street_6,1,-1,157950
6020,203203080,2,1,gal_name_03,,,,0,,,203203090,gal_map_text_203200305,,,1,,0,gal_gallery_pic_24006502,gal_bg_street_6,1,-1,157950
6021,203203090,2,1,player_name,,,,0,,,203203100,gal_map_text_203200306,,,1,,0,gal_gallery_pic_24006502,gal_bg_street_6,1,-1,157950
6022,203203100,2,1,,10305,,,0,,,203203110,gal_map_text_203200307,,,2,,0,gal_gallery_pic_24006502,gal_bg_street_6,1,-1,157950
6023,203203110,2,1,gal_name_03,,,,0,,,203203120,gal_map_text_203200308,,,1,,0,gal_gallery_pic_24006502,gal_bg_street_6,1,-1,157950
6024,203203120,2,1,,10305,,,0,,,203203130,gal_map_text_203200309,,,2,,0,gal_gallery_pic_24006502,gal_bg_street_6,1,-1,157950
6025,203203130,2,1,gal_name_03,,,,0,,,203203140,gal_map_text_203200310,,,1,,0,gal_gallery_pic_24006502,gal_bg_street_6,1,-1,157950
6026,203203140,2,1,player_name,,,,0,,,203203150,gal_map_text_203200311,,,1,,0,gal_gallery_pic_24006502,gal_bg_street_6,1,-1,157950
6027,203203150,2,1,,10305,,,0,,,203203160,gal_map_text_203200312,,,2,,0,gal_gallery_pic_24006502,gal_bg_street_6,1,-1,157950
6028,203203160,2,1,player_name,,,,0,,,203203170,gal_map_text_203200313,,,1,,0,gal_gallery_pic_24006502,gal_bg_street_6,1,-1,157950
6029,203203170,2,1,player_name,,,,0,,,203203180,gal_map_text_203200314,,,1,,0,gal_gallery_pic_24006502,gal_bg_street_6,1,-1,157950
6030,203203180,2,1,,10305,,,0,,,203203190,gal_map_text_203200315,,,2,,0,gal_gallery_pic_24006502,gal_bg_street_6,1,-1,157950
6031,203203190,2,1,,10305,,,0,,,203203200,gal_map_text_203200316,,,2,,0,gal_gallery_pic_24006502,gal_bg_street_6,1,-1,157950
6032,203203200,2,1,,10305,,,0,,,203203210,gal_map_text_203200317,,,2,,0,gal_gallery_pic_24006502,gal_bg_street_6,1,-1,157950
6033,203203210,2,1,,10305,,,0,,,-1,gal_map_text_203200318,,,2,,0,gal_gallery_pic_24006502,gal_bg_street_6,1,-1,157950
6034,206200000,2,1,,10605,,,0,,,206200010,gal_map_text_206200000,,,2,,2,gal_bg_street_1,gal_bg_street_6,1,206200090,157950
6035,206200010,2,1,,10605,,,0,,,206200020,gal_map_text_206200001,,,2,,0,gal_bg_street_1,gal_bg_street_1,1,206200090,157950
6036,206200020,2,1,gal_name_06,10601,,,0,,,206200030,gal_map_text_206200002,,,1,,0,gal_bg_street_1,gal_bg_street_1,1,206200090,157950
6037,206200030,2,1,player_name,,,,0,,,206200040,gal_map_text_206200003,,,1,,0,gal_bg_street_1,gal_bg_street_1,1,206200090,157950
6038,206200040,2,1,,10602,,,0,,,206200050,gal_map_text_206200004,,,2,,0,gal_bg_street_1,gal_bg_street_1,1,206200090,157950
6039,206200050,2,1,gal_name_06,20602,,,0,,,206200060,gal_map_text_206200005,,,1,,0,gal_bg_street_1,gal_bg_street_1,1,206200090,157950
6040,206200060,2,1,,10605,,,0,,,206200070,gal_map_text_206200006,,,2,,0,gal_bg_street_1,gal_bg_street_1,1,206200090,157950
6041,206200070,2,1,player_name,,,,0,,,206200080,gal_map_text_206200007,,,1,,0,gal_bg_street_1,gal_bg_street_1,1,206200090,157950
6042,206200080,2,1,,10602,,,0,,,206200090,gal_map_text_206200008,,,2,,0,gal_bg_street_1,gal_bg_street_1,1,206200090,157950
6043,206200090,2,2,gal_name_06,10601,2,gal_map_text_206200010|gal_map_text_206200011|gal_map_text_206200012,1,,,206200100|206200170|206200240,gal_map_text_206200009,,,1,,2,gal_bg_street_1,gal_bg_street_1,1,,157950
6044,206200100,2,1,player_name,,,,0,,,206200110,gal_map_text_206200013,,,1,,0,gal_bg_street_1,gal_bg_street_1,1,206200410,157950
6045,206200110,2,1,,10602,,,0,,,206200120,gal_map_text_206200014,,,2,,0,gal_bg_street_1,gal_bg_street_1,1,206200410,157950
6046,206200120,2,1,gal_name_06,10601,,,0,,,206200130,gal_map_text_206200015,,,1,,0,gal_bg_street_1,gal_bg_street_1,1,206200410,157950
6047,206200130,2,1,player_name,,,,0,,,206200140,gal_map_text_206200016,,,1,,0,gal_bg_street_1,gal_bg_street_1,1,206200410,157950
6048,206200140,2,1,gal_name_06,10601,,,0,,,206200150,gal_map_text_206200017,,,1,,0,gal_bg_street_1,gal_bg_street_1,1,206200410,157950
6049,206200150,2,1,,,,,0,,,206200160,gal_map_text_206200018,,,2,,0,gal_bg_street_1,gal_bg_street_1,1,-1,157950
6050,206200160,2,1,,,,,0,,,206200161,gal_map_text_206200019,,,2,,0,gal_bg_street_1,gal_bg_street_1,1,-1,157950
6051,206200161,3,1,,,,,0,,,-1,,,,0,,2,gal_bg_museum,gal_bg_museum_1,1,-1,157950
6052,206200170,2,1,player_name,,,,0,,,206200180,gal_map_text_206200020,,,1,,0,gal_bg_street_1,gal_bg_street_1,1,206200690,157950
6053,206200180,2,1,gal_name_06,10601,,,0,,,206200190,gal_map_text_206200021,,,1,,0,gal_bg_street_1,gal_bg_street_1,1,206200690,157950
6054,206200190,2,1,,10602,,,0,,,206200200,gal_map_text_206200022,,,2,,0,gal_bg_street_1,gal_bg_street_1,1,206200690,157950
6055,206200200,2,1,player_name,,,,0,,,206200210,gal_map_text_206200023,,,1,,0,gal_bg_street_1,gal_bg_street_1,1,206200690,157950
6056,206200210,2,1,gal_name_06,10601,,,0,,,206200220,gal_map_text_206200024,,,1,,0,gal_bg_street_1,gal_bg_street_1,1,206200690,157950
6057,206200220,2,1,,,,,0,,,206200230,gal_map_text_206200025,,,2,,0,gal_bg_street_1,gal_bg_street_1,1,-1,157950
6058,206200230,2,1,,,,,0,,,206200231,gal_map_text_206200026,,,2,,0,gal_bg_street_1,gal_bg_street_1,1,-1,157950
6059,206200231,3,1,,,,,0,,,-1,,,,0,,2,gal_bg_museum,gal_bg_museum_1,1,-1,157950
6060,206200240,2,1,player_name,,,,0,,,206200250,gal_map_text_206200027,,,1,,0,gal_bg_street_1,gal_bg_street_1,1,206200930,157950
6061,206200250,2,1,gal_name_06,10601,,,0,,,206200260,gal_map_text_206200028,,,1,,0,gal_bg_street_1,gal_bg_street_1,1,206200930,157950
6062,206200260,2,1,,10602,,,0,,,206200270,gal_map_text_206200029,,,2,,0,gal_bg_street_1,gal_bg_street_1,1,206200930,157950
6063,206200270,2,1,player_name,,,,0,,,206200280,gal_map_text_206200030,,,1,,0,gal_bg_street_1,gal_bg_street_1,1,206200930,157950
6064,206200280,2,1,gal_name_06,10601,,,0,,,206200290,gal_map_text_206200031,,,1,,0,gal_bg_street_1,gal_bg_street_1,1,206200930,157950
6065,206200290,2,1,,,,,0,,,206200300,gal_map_text_206200032,,,2,,0,gal_bg_street_1,gal_bg_street_1,1,-1,157950
6066,206200300,2,1,,,,,0,,,206200301,gal_map_text_206200033,,,2,,0,gal_bg_street_1,gal_bg_street_1,1,-1,157950
6067,206200301,3,1,,,,,0,,,-1,,,,0,,2,gal_bg_museum,gal_bg_museum_1,1,-1,157950
6068,206200310,2,1,,,,,0,,,206200320,gal_map_text_206200034,,,2,,2,gal_bg_museum,gal_bg_museum_1,1,206200410,157950
6069,206200320,2,1,,10605,,,0,,,206200330,gal_map_text_206200035,,,2,,0,gal_bg_museum,gal_bg_museum_1,1,206200410,157950
6070,206200330,2,1,gal_name_06,30603,,,0,,,206200340,gal_map_text_206200036,,,1,,0,gal_bg_museum,gal_bg_museum_1,1,206200410,157950
6071,206200340,2,1,player_name,,,,0,,,206200350,gal_map_text_206200037,,,1,,0,gal_bg_museum,gal_bg_museum_1,1,206200410,157950
6072,206200350,2,1,,10605,,,0,,,206200360,gal_map_text_206200038,,,2,,0,gal_bg_museum,gal_bg_museum_1,1,206200410,157950
6073,206200360,2,1,,10602,,,0,,,206200370,gal_map_text_206200039,,,2,,0,gal_bg_museum,gal_bg_museum_1,1,206200410,157950
6074,206200370,2,1,gal_name_06,30601,,,0,,,206200380,gal_map_text_206200040,,,1,,0,gal_bg_museum,gal_bg_museum_1,1,206200410,157950
6075,206200380,2,1,player_name,,,,0,,,206200390,gal_map_text_206200041,,,1,,0,gal_bg_museum,gal_bg_museum_1,1,206200410,157950
6076,206200390,2,1,gal_name_06,10601,,,0,,,206200400,gal_map_text_206200042,,,1,,0,gal_bg_museum,gal_bg_museum_1,1,206200410,157950
6077,206200400,2,1,,10605,,,0,,,206200410,gal_map_text_206200043,,,2,,0,gal_bg_museum,gal_bg_museum_1,1,206200410,157950
6078,206200410,2,2,player_name,,2,gal_map_text_206200045|gal_map_text_206200046,1,,,206200420|206200480,gal_map_text_206200044,,,2,,2,gal_bg_museum,gal_bg_museum_1,1,,157950
6079,206200420,2,1,player_name,,,,0,,,206200430,gal_map_text_206200047,,,1,,0,gal_bg_museum,gal_bg_museum_1,1,206201180,157950
6080,206200430,2,1,gal_name_06,10601,,,0,,,206200440,gal_map_text_206200048,,,1,,0,gal_bg_museum,gal_bg_museum_1,1,206201180,157950
6081,206200440,2,1,player_name,,,,0,,,206200450,gal_map_text_206200049,,,1,,0,gal_bg_museum,gal_bg_museum_1,1,206201180,157950
6082,206200450,2,1,gal_name_06,10601,,,0,,,206200460,gal_map_text_206200050,,,1,,0,gal_bg_museum,gal_bg_museum_1,1,206201180,157950
6083,206200460,2,1,,,,,0,,,206200470,gal_map_text_206200051,,,2,,0,gal_bg_museum,gal_bg_museum_1,1,-1,157950
6084,206200470,2,1,,,,,0,,,-1,gal_map_text_206200052,,,2,,0,gal_bg_museum,gal_bg_museum_1,1,-1,157950
6085,206200480,2,1,player_name,,,,0,,,206200490,gal_map_text_206200053,,,1,,0,gal_bg_museum,gal_bg_museum_1,1,206201180,157950
6086,206200490,2,1,gal_name_06,10601,,,0,,,206200500,gal_map_text_206200054,,,1,,0,gal_bg_museum,gal_bg_museum_1,1,206201180,157950
6087,206200500,2,1,player_name,,,,0,,,206200510,gal_map_text_206200055,,,1,,0,gal_bg_museum,gal_bg_museum_1,1,206201180,157950
6088,206200510,2,1,gal_name_06,10601,,,0,,,206200520,gal_map_text_206200056,,,1,,0,gal_bg_museum,gal_bg_museum_1,1,206201180,157950
6089,206200520,2,1,,,,,0,,,206200530,gal_map_text_206200057,,,2,,0,gal_bg_museum,gal_bg_museum_1,1,-1,157950
6090,206200530,2,1,,,,,0,,,-1,gal_map_text_206200058,,,2,,0,gal_bg_museum,gal_bg_museum_1,1,-1,157950
6091,206200540,2,1,,,,,0,,,206200550,gal_map_text_206200059,,,2,,2,gal_bg_museum,gal_bg_museum_2,1,206200690,157950
6092,206200550,2,1,,10605,,,0,,,206200560,gal_map_text_206200060,,,2,,0,gal_bg_museum,gal_bg_museum_2,1,206200690,157950
6093,206200560,2,1,,10605,,,0,,,206200570,gal_map_text_206200061,,,2,,0,gal_bg_museum,gal_bg_museum_2,1,206200690,157950
6094,206200570,2,1,,10602,,,0,,,206200580,gal_map_text_206200062,,,2,,0,gal_bg_museum,gal_bg_museum_2,1,206200690,157950
6095,206200580,2,1,gal_name_06,10601,,,0,,,206200590,gal_map_text_206200063,,,1,,0,gal_bg_museum,gal_bg_museum_2,1,206200690,157950
6096,206200590,2,1,,10605,,,0,,,206200600,gal_map_text_206200064,,,2,,0,gal_bg_museum,gal_bg_museum_2,1,206200690,157950
6097,206200600,2,1,player_name,,,,0,,,206200610,gal_map_text_206200065,,,1,,0,gal_bg_museum,gal_bg_museum_2,1,206200690,157950
6098,206200610,2,1,,10602,,,0,,,206200620,gal_map_text_206200066,,,2,,0,gal_bg_museum,gal_bg_museum_2,1,206200690,157950
6099,206200620,2,1,gal_name_06,10601,,,0,,,206200630,gal_map_text_206200067,,,1,,0,gal_bg_museum,gal_bg_museum_2,1,206200690,157950
6100,206200630,2,1,player_name,,,,0,,,206200640,gal_map_text_206200068,,,1,,0,gal_bg_museum,gal_bg_museum_2,1,206200690,157950
6101,206200640,2,1,,10605,,,0,,,206200650,gal_map_text_206200069,,,2,,0,gal_bg_museum,gal_bg_museum_2,1,206200690,157950
6102,206200650,2,1,player_name,,,,0,,,206200660,gal_map_text_206200070,,,1,,0,gal_bg_museum,gal_bg_museum_2,1,206200690,157950
6103,206200660,2,1,,10602,,,0,,,206200670,gal_map_text_206200071,,,2,,0,gal_bg_museum,gal_bg_museum_2,1,206200690,157950
6104,206200670,2,1,gal_name_06,10601,,,0,,,206200680,gal_map_text_206200072,,,1,,0,gal_bg_museum,gal_bg_museum_2,1,206200690,157950
6105,206200680,2,1,,10605,,,0,,,206200690,gal_map_text_206200073,,,2,,0,gal_bg_museum,gal_bg_museum_2,1,206200690,157950
6106,206200690,2,2,player_name,,2,gal_map_text_206200075|gal_map_text_206200076,1,,,206200700|206200760,gal_map_text_206200074,,,2,,2,gal_bg_museum,gal_bg_museum_2,1,,157950
6107,206200700,2,1,player_name,,,,0,,,206200710,gal_map_text_206200077,,,1,,0,gal_bg_museum,gal_bg_museum_2,1,206201430,157950
6108,206200710,2,1,gal_name_06,10601,,,0,,,206200720,gal_map_text_206200078,,,1,,0,gal_bg_museum,gal_bg_museum_2,1,206201430,157950
6109,206200720,2,1,player_name,,,,0,,,206200730,gal_map_text_206200079,,,1,,0,gal_bg_museum,gal_bg_museum_2,1,206201430,157950
6110,206200730,2,1,gal_name_06,10601,,,0,,,206200740,gal_map_text_206200080,,,1,,0,gal_bg_museum,gal_bg_museum_2,1,206201430,157950
6111,206200740,2,1,,,,,0,,,206200750,gal_map_text_206200081,,,2,,0,gal_bg_museum,gal_bg_museum_2,1,-1,157950
6112,206200750,2,1,,,,,0,,,-1,gal_map_text_206200082,,,2,,0,gal_bg_museum,gal_bg_museum_2,1,-1,157950
6113,206200760,2,1,player_name,,,,0,,,206200770,gal_map_text_206200083,,,1,,0,gal_bg_museum,gal_bg_museum_2,1,206201430,157950
6114,206200770,2,1,gal_name_06,10601,,,0,,,206200780,gal_map_text_206200084,,,1,,0,gal_bg_museum,gal_bg_museum_2,1,206201430,157950
6115,206200780,2,1,,10602,,,0,,,206200790,gal_map_text_206200085,,,2,,0,gal_bg_museum,gal_bg_museum_2,1,206201430,157950
6116,206200790,2,1,player_name,,,,0,,,206200800,gal_map_text_206200086,,,1,,0,gal_bg_museum,gal_bg_museum_2,1,206201430,157950
6117,206200800,2,1,gal_name_06,10601,,,0,,,206200810,gal_map_text_206200087,,,1,,0,gal_bg_museum,gal_bg_museum_2,1,206201430,157950
6118,206200810,2,1,,,,,0,,,206200820,gal_map_text_206200088,,,2,,0,gal_bg_museum,gal_bg_museum_2,1,-1,157950
6119,206200820,2,1,,,,,0,,,-1,gal_map_text_206200089,,,2,,0,gal_bg_museum,gal_bg_museum_2,1,-1,157950
6120,206200830,2,1,,,,,0,,,206200840,gal_map_text_206200090,,,2,,2,gal_bg_museum,gal_bg_museum_3,1,206200930,157950
6121,206200840,2,1,,10605,,,0,,,206200850,gal_map_text_206200091,,,2,,0,gal_bg_museum,gal_bg_museum_3,1,206200930,157950
6122,206200850,2,1,,10602,,,0,,,206200860,gal_map_text_206200092,,,2,,0,gal_bg_museum,gal_bg_museum_3,1,206200930,157950
6123,206200860,2,1,player_name,,,,0,,,206200870,gal_map_text_206200093,,,1,,0,gal_bg_museum,gal_bg_museum_3,1,206200930,157950
6124,206200870,2,1,,10605,,,0,,,206200880,gal_map_text_206200094,,,2,,0,gal_bg_museum,gal_bg_museum_3,1,206200930,157950
6125,206200880,2,1,,10602,,,0,,,206200890,gal_map_text_206200095,,,2,,0,gal_bg_museum,gal_bg_museum_3,1,206200930,157950
6126,206200890,2,1,gal_name_06,10601,,,0,,,206200900,gal_map_text_206200096,,,1,,0,gal_bg_museum,gal_bg_museum_3,1,206200930,157950
6127,206200900,2,1,player_name,,,,0,,,206200910,gal_map_text_206200097,,,1,,0,gal_bg_museum,gal_bg_museum_3,1,206200930,157950
6128,206200910,2,1,gal_name_06,10601,,,0,,,206200920,gal_map_text_206200098,,,1,,0,gal_bg_museum,gal_bg_museum_3,1,206200930,157950
6129,206200920,2,1,,10605,,,0,,,206200930,gal_map_text_206200099,,,2,,0,gal_bg_museum,gal_bg_museum_3,1,206200930,157950
6130,206200930,2,2,player_name,,2,gal_map_text_206200101|gal_map_text_206200102,1,,,206200940|206201000,gal_map_text_206200100,,,2,,2,gal_bg_museum,gal_bg_museum_3,1,,157950
6131,206200940,2,1,player_name,,,,0,,,206200950,gal_map_text_206200103,,,1,,0,gal_bg_museum,gal_bg_museum_3,1,206201660,157950
6132,206200950,2,1,gal_name_06,10601,,,0,,,206200960,gal_map_text_206200104,,,1,,0,gal_bg_museum,gal_bg_museum_3,1,206201660,157950
6133,206200960,2,1,player_name,,,,0,,,206200970,gal_map_text_206200105,,,1,,0,gal_bg_museum,gal_bg_museum_3,1,206201660,157950
6134,206200970,2,1,gal_name_06,10601,,,0,,,206200980,gal_map_text_206200106,,,1,,0,gal_bg_museum,gal_bg_museum_3,1,206201660,157950
6135,206200980,2,1,,,,,0,,,206200990,gal_map_text_206200107,,,2,,0,gal_bg_museum,gal_bg_museum_3,1,-1,157950
6136,206200990,2,1,,,,,0,,,-1,gal_map_text_206200108,,,2,,0,gal_bg_museum,gal_bg_museum_3,1,-1,157950
6137,206201000,2,1,player_name,,,,0,,,206201010,gal_map_text_206200109,,,1,,0,gal_bg_museum,gal_bg_museum_3,1,206201660,157950
6138,206201010,2,1,,10602,,,0,,,206201020,gal_map_text_206200110,,,2,,0,gal_bg_museum,gal_bg_museum_3,1,206201660,157950
6139,206201020,2,1,gal_name_06,10601,,,0,,,206201030,gal_map_text_206200111,,,1,,0,gal_bg_museum,gal_bg_museum_3,1,206201660,157950
6140,206201030,2,1,player_name,,,,0,,,206201040,gal_map_text_206200112,,,1,,0,gal_bg_museum,gal_bg_museum_3,1,206201660,157950
6141,206201040,2,1,,10602,,,0,,,206201050,gal_map_text_206200113,,,2,,0,gal_bg_museum,gal_bg_museum_3,1,206201660,157950
6142,206201050,2,1,gal_name_06,10601,,,0,,,206201060,gal_map_text_206200114,,,1,,0,gal_bg_museum,gal_bg_museum_3,1,206201660,157950
6143,206201060,2,1,,,,,0,,,206201070,gal_map_text_206200115,,,2,,0,gal_bg_museum,gal_bg_museum_3,1,-1,157950
6144,206201070,2,1,,,,,0,,,-1,gal_map_text_206200116,,,2,,0,gal_bg_museum,gal_bg_museum_3,1,-1,157950
6145,206201080,2,1,,,,,0,,,206201090,gal_map_text_206200117,,,2,,2,gal_bg_museum,gal_bg_museum_1,1,206201180,157950
6146,206201090,2,1,,10605,,,0,,,206201100,gal_map_text_206200118,,,2,,0,gal_bg_museum,gal_bg_museum_1,1,206201180,157950
6147,206201100,2,1,,10605,,,0,,,206201110,gal_map_text_206200119,,,2,,0,gal_bg_museum,gal_bg_museum_1,1,206201180,157950
6148,206201110,2,1,gal_name_06,10601,,,0,,,206201120,gal_map_text_206200120,,,1,,0,gal_bg_museum,gal_bg_museum_1,1,206201180,157950
6149,206201120,2,1,player_name,,,,0,,,206201130,gal_map_text_206200121,,,1,,0,gal_bg_museum,gal_bg_museum_1,1,206201180,157950
6150,206201130,2,1,gal_name_06,10601,,,0,,,206201140,gal_map_text_206200122,,,1,,0,gal_bg_museum,gal_bg_museum_1,1,206201180,157950
6151,206201140,2,1,player_name,,,,0,,,206201150,gal_map_text_206200123,,,1,,0,gal_bg_museum,gal_bg_museum_1,1,206201180,157950
6152,206201150,2,1,,10602,,,0,,,206201160,gal_map_text_206200124,,,2,,0,gal_bg_museum,gal_bg_museum_1,1,206201180,157950
6153,206201160,2,1,gal_name_06,30602,,,0,,,206201170,gal_map_text_206200125,,,1,,0,gal_bg_museum,gal_bg_museum_1,1,206201180,157950
6154,206201170,2,1,,10605,,,0,,,206201180,gal_map_text_206200126,,,2,,0,gal_bg_museum,gal_bg_museum_1,1,206201180,157950
6155,206201180,2,2,player_name,,2,gal_map_text_206200128|gal_map_text_206200129,1,,,206201190|206201270,gal_map_text_206200127,,,2,,2,gal_bg_museum,gal_bg_museum_1,1,,157950
6156,206201190,2,1,player_name,,,,0,,,206201200,gal_map_text_206200130,,,1,,0,gal_bg_museum,gal_bg_museum_1,1,206201810,157950
6157,206201200,2,1,,10602,,,0,,,206201210,gal_map_text_206200131,,,2,,0,gal_bg_museum,gal_bg_museum_1,1,206201810,157950
6158,206201210,2,1,gal_name_06,10601,,,0,,,206201220,gal_map_text_206200132,,,1,,0,gal_bg_museum,gal_bg_museum_1,1,206201810,157950
6159,206201220,2,1,player_name,,,,0,,,206201230,gal_map_text_206200133,,,1,,0,gal_bg_museum,gal_bg_museum_1,1,206201810,157950
6160,206201230,2,1,,10602,,,0,,,206201240,gal_map_text_206200134,,,2,,0,gal_bg_museum,gal_bg_museum_1,1,206201810,157950
6161,206201240,2,1,gal_name_06,10601,,,0,,,206201250,gal_map_text_206200135,,,1,,0,gal_bg_museum,gal_bg_museum_1,1,206201810,157950
6162,206201250,2,1,,,,,0,,,206201260,gal_map_text_206200136,,,2,,0,gal_bg_museum,gal_bg_museum_1,1,-1,157950
6163,206201260,2,1,,,,,0,,,-1,gal_map_text_206200137,,,2,,0,gal_bg_museum,gal_bg_museum_1,1,-1,157950
6164,206201270,2,1,player_name,,,,0,,,206201280,gal_map_text_206200138,,,1,,0,gal_bg_museum,gal_bg_museum_1,1,206201950,157950
6165,206201280,2,1,gal_name_06,10601,,,0,,,206201290,gal_map_text_206200139,,,1,,0,gal_bg_museum,gal_bg_museum_1,1,206201950,157950
6166,206201290,2,1,gal_name_06,10601,,,0,,,206201300,gal_map_text_206200140,,,1,,0,gal_bg_museum,gal_bg_museum_1,1,206201950,157950
6167,206201300,2,1,player_name,,,,0,,,206201310,gal_map_text_206200141,,,1,,0,gal_bg_museum,gal_bg_museum_1,1,206201950,157950
6168,206201310,2,1,gal_name_06,10601,,,0,,,206201320,gal_map_text_206200142,,,1,,0,gal_bg_museum,gal_bg_museum_1,1,206201950,157950
6169,206201320,2,1,,,,,0,,,206201330,gal_map_text_206200143,,,2,,0,gal_bg_museum,gal_bg_museum_1,1,-1,157950
6170,206201330,2,1,,,,,0,,,-1,gal_map_text_206200144,,,2,,0,gal_bg_museum,gal_bg_museum_1,1,-1,157950
6171,206201340,2,1,,,,,0,,,206201350,gal_map_text_206200145,,,2,,2,gal_bg_museum,gal_bg_museum_2,1,206201430,157950
6172,206201350,2,1,,10605,,,0,,,206201360,gal_map_text_206200146,,,2,,0,gal_bg_museum,gal_bg_museum_2,1,206201430,157950
6173,206201360,2,1,gal_name_06,10601,,,0,,,206201370,gal_map_text_206200147,,,1,,0,gal_bg_museum,gal_bg_museum_2,1,206201430,157950
6174,206201370,2,1,player_name,,,,0,,,206201380,gal_map_text_206200148,,,1,,0,gal_bg_museum,gal_bg_museum_2,1,206201430,157950
6175,206201380,2,1,gal_name_06,10601,,,0,,,206201390,gal_map_text_206200149,,,1,,0,gal_bg_museum,gal_bg_museum_2,1,206201430,157950
6176,206201390,2,1,player_name,,,,0,,,206201400,gal_map_text_206200150,,,1,,0,gal_bg_museum,gal_bg_museum_2,1,206201430,157950
6177,206201400,2,1,,10602,,,0,,,206201410,gal_map_text_206200151,,,2,,0,gal_bg_museum,gal_bg_museum_2,1,206201430,157950
6178,206201410,2,1,gal_name_06,10601,,,0,,,206201420,gal_map_text_206200152,,,1,,0,gal_bg_museum,gal_bg_museum_2,1,206201430,157950
6179,206201420,2,1,,10605,,,0,,,206201430,gal_map_text_206200153,,,2,,0,gal_bg_museum,gal_bg_museum_2,1,206201430,157950
6180,206201430,2,2,player_name,,2,gal_map_text_206200155|gal_map_text_206200156,1,,,206201440|206201510,gal_map_text_206200154,,,2,,2,gal_bg_museum,gal_bg_museum_2,1,,157950
6181,206201440,2,1,player_name,,,,0,,,206201450,gal_map_text_206200157,,,1,,0,gal_bg_museum,gal_bg_museum_2,1,206202080,157950
6182,206201450,2,1,,10602,,,0,,,206201460,gal_map_text_206200158,,,2,,0,gal_bg_museum,gal_bg_museum_2,1,206202080,157950
6183,206201460,2,1,gal_name_06,10601,,,0,,,206201470,gal_map_text_206200159,,,1,,0,gal_bg_museum,gal_bg_museum_2,1,206202080,157950
6184,206201470,2,1,player_name,,,,0,,,206201480,gal_map_text_206200160,,,1,,0,gal_bg_museum,gal_bg_museum_2,1,206202080,157950
6185,206201480,2,1,gal_name_06,10601,,,0,,,206201490,gal_map_text_206200161,,,1,,0,gal_bg_museum,gal_bg_museum_2,1,206202080,157950
6186,206201490,2,1,,,,,0,,,206201500,gal_map_text_206200162,,,2,,0,gal_bg_museum,gal_bg_museum_2,1,-1,157950
6187,206201500,2,1,,,,,0,,,-1,gal_map_text_206200163,,,2,,0,gal_bg_museum,gal_bg_museum_2,1,-1,157950
6188,206201510,2,1,player_name,,,,0,,,206201520,gal_map_text_206200164,,,1,,0,gal_bg_museum,gal_bg_museum_2,1,206202190,157950
6189,206201520,2,1,,10602,,,0,,,206201530,gal_map_text_206200165,,,2,,0,gal_bg_museum,gal_bg_museum_2,1,206202190,157950
6190,206201530,2,1,gal_name_06,10601,,,0,,,206201540,gal_map_text_206200166,,,1,,0,gal_bg_museum,gal_bg_museum_2,1,206202190,157950
6191,206201540,2,1,player_name,,,,0,,,206201550,gal_map_text_206200167,,,1,,0,gal_bg_museum,gal_bg_museum_2,1,206202190,157950
6192,206201550,2,1,,10602,,,0,,,206201560,gal_map_text_206200168,,,2,,0,gal_bg_museum,gal_bg_museum_2,1,206202190,157950
6193,206201560,2,1,gal_name_06,10601,,,0,,,206201570,gal_map_text_206200169,,,1,,0,gal_bg_museum,gal_bg_museum_2,1,206202190,157950
6194,206201570,2,1,,,,,0,,,206201580,gal_map_text_206200170,,,2,,0,gal_bg_museum,gal_bg_museum_2,1,-1,157950
6195,206201580,2,1,,,,,0,,,-1,gal_map_text_206200171,,,2,,0,gal_bg_museum,gal_bg_museum_2,1,-1,157950
6196,206201590,2,1,,,,,0,,,206201600,gal_map_text_206200172,,,2,,2,gal_bg_museum,gal_bg_museum_3,1,206201660,157950
6197,206201600,2,1,,10605,,,0,,,206201610,gal_map_text_206200173,,,2,,0,gal_bg_museum,gal_bg_museum_3,1,206201660,157950
6198,206201610,2,1,gal_name_06,10601,,,0,,,206201620,gal_map_text_206200174,,,1,,0,gal_bg_museum,gal_bg_museum_3,1,206201660,157950
6199,206201620,2,1,player_name,,,,0,,,206201630,gal_map_text_206200175,,,1,,0,gal_bg_museum,gal_bg_museum_3,1,206201660,157950
6200,206201630,2,1,gal_name_06,10601,,,0,,,206201640,gal_map_text_206200176,,,1,,0,gal_bg_museum,gal_bg_museum_3,1,206201660,157950
6201,206201640,2,1,player_name,,,,0,,,206201650,gal_map_text_206200177,,,1,,0,gal_bg_museum,gal_bg_museum_3,1,206201660,157950
6202,206201650,2,1,,10605,,,0,,,206201660,gal_map_text_206200178,,,2,,0,gal_bg_museum,gal_bg_museum_3,1,206201660,157950
6203,206201660,2,2,gal_name_06,10601,2,gal_map_text_206200180|gal_map_text_206200181,1,,,206201670|206201750,gal_map_text_206200179,,,2,,2,gal_bg_museum,gal_bg_museum_3,1,,157950
6204,206201670,2,1,player_name,,,,0,,,206201680,gal_map_text_206200182,,,1,,0,gal_bg_museum,gal_bg_museum_3,1,206202300,157950
6205,206201680,2,1,gal_name_06,10601,,,0,,,206201690,gal_map_text_206200183,,,1,,0,gal_bg_museum,gal_bg_museum_3,1,206202300,157950
6206,206201690,2,1,,10602,,,0,,,206201700,gal_map_text_206200184,,,2,,0,gal_bg_museum,gal_bg_museum_3,1,206202300,157950
6207,206201700,2,1,gal_name_06,10601,,,0,,,206201710,gal_map_text_206200185,,,1,,0,gal_bg_museum,gal_bg_museum_3,1,206202300,157950
6208,206201710,2,1,player_name,,,,0,,,206201720,gal_map_text_206200186,,,1,,0,gal_bg_museum,gal_bg_museum_3,1,206202300,157950
6209,206201720,2,1,gal_name_06,10601,,,0,,,206201730,gal_map_text_206200187,,,1,,0,gal_bg_museum,gal_bg_museum_3,1,206202300,157950
6210,206201730,2,1,,,,,0,,,206201740,gal_map_text_206200188,,,2,,0,gal_bg_museum,gal_bg_museum_3,1,-1,157950
6211,206201740,2,1,,,,,0,,,-1,gal_map_text_206200189,,,2,,0,gal_bg_museum,gal_bg_museum_3,1,-1,157950
6212,206201750,2,1,player_name,,,,0,,,206201760,gal_map_text_206200190,,,1,,0,gal_bg_museum,gal_bg_museum_3,1,206202410,157950
6213,206201760,2,1,gal_name_06,10601,,,0,,,206201770,gal_map_text_206200191,,,1,,0,gal_bg_museum,gal_bg_museum_3,1,206202410,157950
6214,206201770,2,1,player_name,,,,0,,,206201780,gal_map_text_206200192,,,1,,0,gal_bg_museum,gal_bg_museum_3,1,206202410,157950
6215,206201780,2,1,gal_name_06,10601,,,0,,,206201790,gal_map_text_206200193,,,1,,0,gal_bg_museum,gal_bg_museum_3,1,206202410,157950
6216,206201790,2,1,,,,,0,,,206201800,gal_map_text_206200194,,,2,,0,gal_bg_museum,gal_bg_museum_3,1,-1,157950
6217,206201800,2,1,,,,,0,,,-1,gal_map_text_206200195,,,2,,0,gal_bg_museum,gal_bg_museum_3,1,-1,157950
6218,206201810,2,1,,,,,1,,,206201820,gal_map_text_206200196,,,2,,2,gal_bg_museum,gal_bg_museum_1,1,206202510,157950
6219,206201820,2,1,,10605,,,0,,,206201830,gal_map_text_206200197,,,2,,0,gal_bg_museum,gal_bg_museum_1,1,206202510,157950
6220,206201830,2,1,gal_name_06,20603,,,0,,,206201840,gal_map_text_206200198,,,1,,0,gal_bg_museum,gal_bg_museum_1,1,206202510,157950
6221,206201840,2,1,,10605,,,0,,,206201850,gal_map_text_206200199,,,2,,0,gal_bg_museum,gal_bg_museum_1,1,206202510,157950
6222,206201850,2,1,player_name,,,,0,,,206201860,gal_map_text_206200200,,,1,,0,gal_bg_museum,gal_bg_museum_1,1,206202510,157950
6223,206201860,2,1,gal_name_06,10601,,,0,,,206201870,gal_map_text_206200201,,,1,,0,gal_bg_museum,gal_bg_museum_1,1,206202510,157950
6224,206201870,2,1,,10605,,,0,,,206201880,gal_map_text_206200202,,,2,,0,gal_bg_museum,gal_bg_museum_1,1,206202510,157950
6225,206201880,2,1,player_name,,,,0,,,206201890,gal_map_text_206200203,,,1,,0,gal_bg_museum,gal_bg_museum_1,1,206202510,157950
6226,206201890,2,1,,10605,,,0,,,206201900,gal_map_text_206200204,,,2,,0,gal_bg_museum,gal_bg_museum_1,1,206202510,157950
6227,206201900,2,1,,10605,,,0,,,206201910,gal_map_text_206200205,,,2,,0,gal_bg_museum,gal_bg_museum_1,1,206202510,157950
6228,206201910,2,1,gal_name_06,10601,,,0,,,206201920,gal_map_text_206200206,,,1,,0,gal_bg_museum,gal_bg_museum_1,1,206202510,157950
6229,206201920,2,1,player_name,,,,0,,,206201930,gal_map_text_206200207,,,1,,0,gal_bg_museum,gal_bg_museum_1,1,206202510,157950
6230,206201930,2,1,,,,,0,,,206201940,gal_map_text_206200211,,,2,,0,gal_bg_museum,gal_bg_museum_1,1,-1,157950
6231,206201940,2,1,,,,,0,,,206201941,gal_map_text_206200212,,,2,,0,gal_bg_museum,gal_bg_museum_1,1,-1,157950
6232,206201941,3,1,,,,,0,,,-1,,,,0,,2,gal_gallery_pic_24009602,gal_bg_street_1,1,-1,157950
6233,206201950,2,1,,,,,1,,,206201960,gal_map_text_206200196,,,2,,2,gal_bg_museum,gal_bg_museum_1,1,206202510,157950
6234,206201960,2,1,,10605,,,0,,,206201970,gal_map_text_206200197,,,2,,0,gal_bg_museum,gal_bg_museum_1,1,206202510,157950
6235,206201970,2,1,gal_name_06,20603,,,0,,,206201980,gal_map_text_206200198,,,1,,0,gal_bg_museum,gal_bg_museum_1,1,206202510,157950
6236,206201980,2,1,,10605,,,0,,,206201990,gal_map_text_206200199,,,2,,0,gal_bg_museum,gal_bg_museum_1,1,206202510,157950
6237,206201990,2,1,player_name,,,,0,,,206202000,gal_map_text_206200200,,,1,,0,gal_bg_museum,gal_bg_museum_1,1,206202510,157950
6238,206202000,2,1,gal_name_06,10601,,,0,,,206202010,gal_map_text_206200201,,,1,,0,gal_bg_museum,gal_bg_museum_1,1,206202510,157950
6239,206202010,2,1,,10605,,,0,,,206202020,gal_map_text_206200202,,,2,,0,gal_bg_museum,gal_bg_museum_1,1,206202510,157950
6240,206202020,2,1,player_name,,,,0,,,206202030,gal_map_text_206200203,,,1,,0,gal_bg_museum,gal_bg_museum_1,1,206202510,157950
6241,206202030,2,1,,10605,,,0,,,206202040,gal_map_text_206200208,,,2,,0,gal_bg_museum,gal_bg_museum_1,1,206202510,157950
6242,206202040,2,1,gal_name_06,10601,,,0,,,206202050,gal_map_text_206200209,,,1,,0,gal_bg_museum,gal_bg_museum_1,1,206202510,157950
6243,206202050,2,1,player_name,,,,0,,,206202060,gal_map_text_206200210,,,1,,0,gal_bg_museum,gal_bg_museum_1,1,206202510,157950
6244,206202060,2,1,,,,,0,,,206202070,gal_map_text_206200211,,,2,,0,gal_bg_museum,gal_bg_museum_1,1,-1,157950
6245,206202070,2,1,,,,,0,,,206202071,gal_map_text_206200212,,,2,,0,gal_bg_museum,gal_bg_museum_1,1,-1,157950
6246,206202071,3,1,,,,,0,,,-1,,,,0,,2,gal_gallery_pic_24009602,gal_bg_street_1,1,-1,157950
6247,206202080,2,1,,,,,1,,,206202090,gal_map_text_206200213,,,2,,2,gal_bg_museum,gal_bg_museum_2,1,206202510,157950
6248,206202090,2,1,,10605,,,0,,,206202100,gal_map_text_206200214,,,2,,0,gal_bg_museum,gal_bg_museum_2,1,206202510,157950
6249,206202100,2,1,gal_name_06,20603,,,0,,,206202110,gal_map_text_206200215,,,1,,0,gal_bg_museum,gal_bg_museum_2,1,206202510,157950
6250,206202110,2,1,,10605,,,0,,,206202120,gal_map_text_206200216,,,2,,0,gal_bg_museum,gal_bg_museum_2,1,206202510,157950
6251,206202120,2,1,player_name,,,,0,,,206202130,gal_map_text_206200217,,,1,,0,gal_bg_museum,gal_bg_museum_2,1,206202510,157950
6252,206202130,2,1,gal_name_06,10601,,,0,,,206202140,gal_map_text_206200218,,,1,,0,gal_bg_museum,gal_bg_museum_2,1,206202510,157950
6253,206202140,2,1,,10605,,,0,,,206202150,gal_map_text_206200219,,,2,,0,gal_bg_museum,gal_bg_museum_2,1,206202510,157950
6254,206202150,2,1,gal_name_06,10601,,,0,,,206202160,gal_map_text_206200220,,,1,,0,gal_bg_museum,gal_bg_museum_2,1,206202510,157950
6255,206202160,2,1,player_name,,,,0,,,206202170,gal_map_text_206200221,,,1,,0,gal_bg_museum,gal_bg_museum_2,1,206202510,157950
6256,206202170,2,1,,,,,0,,,206202180,gal_map_text_206200225,,,2,,0,gal_bg_museum,gal_bg_museum_2,1,-1,157950
6257,206202180,2,1,,,,,0,,,206202181,gal_map_text_206200226,,,2,,0,gal_bg_museum,gal_bg_museum_2,1,-1,157950
6258,206202181,3,1,,,,,0,,,-1,,,,0,,2,gal_gallery_pic_24009602,gal_bg_street_1,1,-1,157950
6259,206202190,2,1,,,,,1,,,206202200,gal_map_text_206200213,,,2,,2,gal_bg_museum,gal_bg_museum_2,1,206202510,157950
6260,206202200,2,1,,10605,,,0,,,206202210,gal_map_text_206200214,,,2,,0,gal_bg_museum,gal_bg_museum_2,1,206202510,157950
6261,206202210,2,1,gal_name_06,20603,,,0,,,206202220,gal_map_text_206200215,,,1,,0,gal_bg_museum,gal_bg_museum_2,1,206202510,157950
6262,206202220,2,1,,10605,,,0,,,206202230,gal_map_text_206200216,,,2,,0,gal_bg_museum,gal_bg_museum_2,1,206202510,157950
6263,206202230,2,1,player_name,,,,0,,,206202240,gal_map_text_206200217,,,1,,0,gal_bg_museum,gal_bg_museum_2,1,206202510,157950
6264,206202240,2,1,gal_name_06,10601,,,0,,,206202250,gal_map_text_206200218,,,1,,0,gal_bg_museum,gal_bg_museum_2,1,206202510,157950
6265,206202250,2,1,,10605,,,0,,,206202260,gal_map_text_206200222,,,2,,0,gal_bg_museum,gal_bg_museum_2,1,206202510,157950
6266,206202260,2,1,gal_name_06,10601,,,0,,,206202270,gal_map_text_206200223,,,1,,0,gal_bg_museum,gal_bg_museum_2,1,206202510,157950
6267,206202270,2,1,player_name,,,,0,,,206202280,gal_map_text_206200224,,,1,,0,gal_bg_museum,gal_bg_museum_2,1,206202510,157950
6268,206202280,2,1,,,,,0,,,206202290,gal_map_text_206200225,,,2,,0,gal_bg_museum,gal_bg_museum_2,1,-1,157950
6269,206202290,2,1,,,,,0,,,206202291,gal_map_text_206200226,,,2,,0,gal_bg_museum,gal_bg_museum_2,1,-1,157950
6270,206202291,3,1,,,,,0,,,-1,,,,0,,2,gal_gallery_pic_24009602,gal_bg_street_1,1,-1,157950
6271,206202300,2,1,,,,,1,,,206202310,gal_map_text_206200227,,,2,,2,gal_bg_museum,gal_bg_museum_3,1,206202510,157950
6272,206202310,2,1,,10605,,,0,,,206202320,gal_map_text_206200228,,,2,,0,gal_bg_museum,gal_bg_museum_3,1,206202510,157950
6273,206202320,2,1,gal_name_06,20603,,,0,,,206202330,gal_map_text_206200229,,,1,,0,gal_bg_museum,gal_bg_museum_3,1,206202510,157950
6274,206202330,2,1,,10605,,,0,,,206202340,gal_map_text_206200230,,,2,,0,gal_bg_museum,gal_bg_museum_3,1,206202510,157950
6275,206202340,2,1,player_name,,,,0,,,206202350,gal_map_text_206200231,,,1,,0,gal_bg_museum,gal_bg_museum_3,1,206202510,157950
6276,206202350,2,1,gal_name_06,10601,,,0,,,206202360,gal_map_text_206200232,,,1,,0,gal_bg_museum,gal_bg_museum_3,1,206202510,157950
6277,206202360,2,1,,10605,,,0,,,206202370,gal_map_text_206200233,,,2,,0,gal_bg_museum,gal_bg_museum_3,1,206202510,157950
6278,206202370,2,1,,10605,,,0,,,206202380,gal_map_text_206200234,,,2,,0,gal_bg_museum,gal_bg_museum_3,1,206202510,157950
6279,206202380,2,1,gal_name_06,10601,,,0,,,206202390,gal_map_text_206200235,,,1,,0,gal_bg_museum,gal_bg_museum_3,1,206202510,157950
6280,206202390,2,1,player_name,,,,0,,,206202400,gal_map_text_206200236,,,1,,0,gal_bg_museum,gal_bg_museum_3,1,206202510,157950
6281,206202400,2,1,,,,,0,,,206202401,gal_map_text_206200240,,,2,,0,gal_bg_museum,gal_bg_museum_3,1,-1,157950
6282,206202401,3,1,,,,,0,,,-1,,,,0,,2,gal_gallery_pic_24009602,gal_bg_street_1,1,-1,157950
6283,206202410,2,1,,,,,1,,,206202420,gal_map_text_206200227,,,2,,2,gal_bg_museum,gal_bg_museum_3,1,206202510,157950
6284,206202420,2,1,,10605,,,0,,,206202430,gal_map_text_206200228,,,2,,0,gal_bg_museum,gal_bg_museum_3,1,206202510,157950
6285,206202430,2,1,gal_name_06,20603,,,0,,,206202440,gal_map_text_206200229,,,1,,0,gal_bg_museum,gal_bg_museum_3,1,206202510,157950
6286,206202440,2,1,,10605,,,0,,,206202450,gal_map_text_206200230,,,2,,0,gal_bg_museum,gal_bg_museum_3,1,206202510,157950
6287,206202450,2,1,player_name,,,,0,,,206202460,gal_map_text_206200231,,,1,,0,gal_bg_museum,gal_bg_museum_3,1,206202510,157950
6288,206202460,2,1,gal_name_06,10601,,,0,,,206202470,gal_map_text_206200232,,,1,,0,gal_bg_museum,gal_bg_museum_3,1,206202510,157950
6289,206202470,2,1,,10605,,,0,,,206202480,gal_map_text_206200237,,,2,,0,gal_bg_museum,gal_bg_museum_3,1,206202510,157950
6290,206202480,2,1,gal_name_06,10601,,,0,,,206202490,gal_map_text_206200238,,,1,,0,gal_bg_museum,gal_bg_museum_3,1,206202510,157950
6291,206202490,2,1,player_name,,,,0,,,206202500,gal_map_text_206200239,,,1,,0,gal_bg_museum,gal_bg_museum_3,1,206202510,157950
6292,206202500,2,1,,,,,0,,,206202501,gal_map_text_206200240,,,2,,0,gal_bg_museum,gal_bg_museum_3,1,-1,157950
6293,206202501,3,1,,,,,0,,,-1,,,,0,,2,gal_gallery_pic_24009602,gal_bg_street_1,1,-1,157950
6294,206202510,2,1,,10605,,,1,,,206202520,gal_map_text_206200241,,,2,,2,gal_gallery_pic_24009602,gal_bg_street_1,1,-1,157950
6295,206202520,2,1,,10605,,,0,,,206202530,gal_map_text_206200242,,,2,,0,gal_gallery_pic_24009602,gal_bg_street_1,1,-1,157950
6296,206202530,2,1,,10605,,,0,,,206202540,gal_map_text_206200243,,,2,,0,gal_gallery_pic_24009602,gal_bg_street_1,1,-1,157950
6297,206202540,2,1,,,,,0,,,206202550,gal_map_text_206200244,,,2,,0,gal_gallery_pic_24009602,gal_bg_street_1,1,-1,157950
6298,206202550,2,1,,,,,0,,,206202560,gal_map_text_206200245,,,2,,0,gal_gallery_pic_24009602,gal_bg_street_1,1,-1,157950
6299,206202560,2,1,gal_name_06,,,,0,,,206202570,gal_map_text_206200246,,,1,,0,gal_gallery_pic_24009602,gal_bg_street_1,1,-1,157950
6300,206202570,2,1,player_name,,,,0,,,206202580,gal_map_text_206200247,,,1,,0,gal_gallery_pic_24009602,gal_bg_street_1,1,-1,157950
6301,206202580,2,1,gal_name_06,10601,,,0,,,206202590,gal_map_text_206200248,,,1,,0,gal_gallery_pic_24009602,gal_bg_street_1,1,-1,157950
6302,206202590,2,1,,10605,,,0,,,206202600,gal_map_text_206200249,,,2,,0,gal_gallery_pic_24009602,gal_bg_street_1,1,-1,157950
6303,206202600,2,1,,10605,,,0,,,206202610,gal_map_text_206200250,,,2,,0,gal_gallery_pic_24009602,gal_bg_street_1,1,-1,157950
6304,206202610,2,1,,10605,,,0,,,206202620,gal_map_text_206200251,,,2,,0,gal_gallery_pic_24009602,gal_bg_street_1,1,-1,157950
6305,206202620,2,1,,,,,0,,,206202630,gal_map_text_206200252,,,2,,0,gal_gallery_pic_24009602,gal_bg_street_1,1,-1,157950
6306,206202630,2,1,player_name,,,,0,,,206202640,gal_map_text_206200253,,,1,,0,gal_gallery_pic_24009602,gal_bg_street_1,1,-1,157950
6307,206202640,2,1,gal_name_06,,,,0,,,206202650,gal_map_text_206200254,,,1,,0,gal_gallery_pic_24009602,gal_bg_street_1,1,-1,157950
6308,206202650,2,1,player_name,,,,0,,,206202660,gal_map_text_206200255,,,1,,0,gal_gallery_pic_24009602,gal_bg_street_1,1,-1,157950
6309,206202660,2,1,,10605,,,0,,,206202670,gal_map_text_206200256,,,2,,0,gal_gallery_pic_24009602,gal_bg_street_1,1,-1,157950
6310,206202670,2,1,,10605,,,0,,,206202680,gal_map_text_206200257,,,2,,0,gal_gallery_pic_24009602,gal_bg_street_1,1,-1,157950
6311,206202680,2,1,,10605,,,0,,,206202690,gal_map_text_206200258,,,2,,0,gal_gallery_pic_24009602,gal_bg_street_1,1,-1,157950
6312,206202690,2,1,gal_name_06,,,,0,,,206202700,gal_map_text_206200259,,,1,,0,gal_gallery_pic_24009602,gal_bg_street_1,1,-1,157950
6313,206202700,2,1,player_name,,,,0,,,206202710,gal_map_text_206200260,,,1,,0,gal_gallery_pic_24009602,gal_bg_street_1,1,-1,157950
6314,206202710,2,1,,,,,0,,,206202720,gal_map_text_206200261,,,2,,0,gal_gallery_pic_24009602,gal_bg_street_1,1,-1,157950
6315,206202720,2,1,gal_name_06,,,,0,,,206202730,gal_map_text_206200262,,,1,,0,gal_gallery_pic_24009602,gal_bg_street_1,1,-1,157950
6316,206202730,2,1,player_name,,,,0,,,206202740,gal_map_text_206200263,,,1,,0,gal_gallery_pic_24009602,gal_bg_street_1,1,-1,157950
6317,206202740,2,1,,,,,0,,,206202750,gal_map_text_206200264,,,2,,0,gal_gallery_pic_24009602,gal_bg_street_1,1,-1,157950
6318,206202750,2,1,,,,,0,,,206202760,gal_map_text_206200265,,,2,,0,gal_gallery_pic_24009602,gal_bg_street_1,1,-1,157950
6319,206202760,2,1,,,,,0,,,206202770,gal_map_text_206200266,,,2,,0,gal_gallery_pic_24009602,gal_bg_street_1,1,-1,157950
6320,206202770,2,1,,,,,0,,,206202780,gal_map_text_206200267,,,2,,0,gal_gallery_pic_24009602,gal_bg_street_1,1,-1,157950
6321,206202780,2,1,,,,,0,,,206202790,gal_map_text_206200268,,,2,,0,gal_gallery_pic_24009602,gal_bg_street_1,1,-1,157950
6322,206202790,2,1,,,,,0,,,-1,gal_map_text_206200269,,,2,,0,gal_gallery_pic_24009602,gal_bg_street_1,1,-1,157950
6323,207200000,2,1,,,,,0,,,207200010,gal_map_text_207200000,,,2,,2,gal_bg_street_1,gal_bg_street_1,1,207200180,157950
6324,207200010,2,1,,10705,,,0,,,207200020,gal_map_text_207200001,,,2,,0,gal_bg_street_1,gal_bg_street_1,1,207200180,157950
6325,207200020,2,1,,10705,,,0,,,207200030,gal_map_text_207200002,,,2,,0,gal_bg_street_1,gal_bg_street_1,1,207200180,157950
6326,207200030,2,1,gal_name_07,10712,,,0,,,207200040,gal_map_text_207200003,,,2,,0,gal_bg_street_1,gal_bg_street_1,1,207200180,157950
6327,207200040,2,1,player_name,,,,0,,,207200050,gal_map_text_207200004,,,1,,0,gal_bg_street_1,gal_bg_street_1,1,207200180,157950
6328,207200050,2,1,gal_name_07,30705,,,0,,,207200060,gal_map_text_207200005,,,1,,0,gal_bg_street_1,gal_bg_street_1,1,207200180,157950
6329,207200060,2,1,player_name,,,,0,,,207200070,gal_map_text_207200006,,,1,,0,gal_bg_street_1,gal_bg_street_1,1,207200180,157950
6330,207200070,2,1,,10702,,,0,,,207200080,gal_map_text_207200007,,,2,,0,gal_bg_street_1,gal_bg_street_1,1,207200180,157950
6331,207200080,2,1,gal_name_07,30703,,,0,,,207200090,gal_map_text_207200008,,,1,,0,gal_bg_street_1,gal_bg_street_1,1,207200180,157950
6332,207200090,2,1,player_name,,,,0,,,207200100,gal_map_text_207200009,,,1,,0,gal_bg_street_1,gal_bg_street_1,1,207200180,157950
6333,207200100,2,1,,10705,,,0,,,207200110,gal_map_text_207200010,,,2,,0,gal_bg_street_1,gal_bg_street_1,1,207200180,157950
6334,207200110,2,1,player_name,,,,0,,,207200120,gal_map_text_207200011,,,1,,0,gal_bg_street_1,gal_bg_street_1,1,207200180,157950
6335,207200120,2,1,gal_name_07,30705,,,0,,,207200130,gal_map_text_207200012,,,1,,0,gal_bg_street_1,gal_bg_street_1,1,207200180,157950
6336,207200130,2,1,player_name,,,,0,,,207200140,gal_map_text_207200013,,,1,,0,gal_bg_street_1,gal_bg_street_1,1,207200180,157950
6337,207200140,2,1,,10705,,,0,,,207200150,gal_map_text_207200014,,,2,,0,gal_bg_street_1,gal_bg_street_1,1,207200180,157950
6338,207200150,2,1,,10705,,,0,,,207200160,gal_map_text_207200015,,,2,,0,gal_bg_street_1,gal_bg_street_1,1,207200180,157950
6339,207200160,2,1,,10705,,,0,,,207200170,gal_map_text_207200016,,,2,,0,gal_bg_street_1,gal_bg_street_1,1,207200180,157950
6340,207200170,2,1,,10705,,,0,,,207200180,gal_map_text_207200017,,,2,,0,gal_bg_street_1,gal_bg_street_1,1,207200180,157950
6341,207200180,2,2,,10705,2,gal_map_text_207200019|gal_map_text_207200020|gal_map_text_207200021,1,,,207200190|207200230|207200280,gal_map_text_207200018,,,2,,2,gal_bg_street_1,gal_bg_street_1,1,,157950
6342,207200190,2,1,player_name,,,,0,,,207200200,gal_map_text_207200022,,,2,,0,gal_bg_street_1,gal_bg_street_1,1,207200450,157950
6343,207200200,2,1,gal_name_07,30705,,,0,,,207200210,gal_map_text_207200023,,,1,,0,gal_bg_street_1,gal_bg_street_1,1,207200450,157950
6344,207200210,2,1,player_name,,,,0,,,207200220,gal_map_text_207200024,,,1,,0,gal_bg_street_1,gal_bg_street_1,1,207200450,157950
6345,207200220,2,1,gal_name_07,10701,,,0,,,207200320,gal_map_text_207200025,,,1,,0,gal_bg_street_1,gal_bg_street_1,1,207200450,157950
6346,207200230,2,1,player_name,,,,0,,,207200240,gal_map_text_207200026,,,2,,0,gal_bg_street_1,gal_bg_street_1,1,207200560,157950
6347,207200240,2,1,gal_name_07,30705,,,0,,,207200250,gal_map_text_207200027,,,1,,0,gal_bg_street_1,gal_bg_street_1,1,207200560,157950
6348,207200250,2,1,player_name,,,,0,,,207200260,gal_map_text_207200028,,,1,,0,gal_bg_street_1,gal_bg_street_1,1,207200560,157950
6349,207200260,2,1,,10702,,,0,,,207200270,gal_map_text_207200029,,,2,,0,gal_bg_street_1,gal_bg_street_1,1,207200560,157950
6350,207200270,2,1,gal_name_07,30702,,,0,,,207200320,gal_map_text_207200030,,,1,,0,gal_bg_street_1,gal_bg_street_1,1,207200560,157950
6351,207200280,2,1,player_name,,,,0,,,207200290,gal_map_text_207200031,,,2,,0,gal_bg_street_1,gal_bg_street_1,1,207200860,157950
6352,207200290,2,1,gal_name_07,30706,,,0,,,207200300,gal_map_text_207200032,,,1,,0,gal_bg_street_1,gal_bg_street_1,1,207200860,157950
6353,207200300,2,1,player_name,,,,0,,,207200310,gal_map_text_207200033,,,1,,0,gal_bg_street_1,gal_bg_street_1,1,207200860,157950
6354,207200310,2,1,gal_name_07,30701,,,0,,,207200320,gal_map_text_207200034,,,1,,0,gal_bg_street_1,gal_bg_museum_1,1,207200860,157950
6355,207200320,2,1,,,,,0,,,207200321,gal_map_text_207200035,,,2,,0,gal_bg_street_1,gal_bg_museum_1,1,-1,157950
6356,207200321,3,1,,,,,0,,,-1,,,,,,2,gal_bg_museum,gal_bg_museum_2,1,,157950
6357,207200340,2,1,,,,,0,,,207200350,gal_map_text_207200037,,,2,,2,gal_bg_museum,gal_bg_museum_1,1,207200450,157950
6358,207200350,2,1,,10705,,,0,,,207200360,gal_map_text_207200038,,,2,,0,gal_bg_museum,gal_bg_museum_1,1,207200450,157950
6359,207200360,2,1,,10705,,,0,,,207200370,gal_map_text_207200039,,,2,,0,gal_bg_museum,gal_bg_museum_1,1,207200450,157950
6360,207200370,2,1,,10705,,,0,,,207200380,gal_map_text_207200040,,,2,,0,gal_bg_museum,gal_bg_museum_1,1,207200450,157950
6361,207200380,2,1,,10702,,,0,,,207200390,gal_map_text_207200041,,,2,,0,gal_bg_museum,gal_bg_museum_1,1,207200450,157950
6362,207200390,2,1,player_name,,,,0,,,207200400,gal_map_text_207200042,,,1,,0,gal_bg_museum,gal_bg_museum_1,1,207200450,157950
6363,207200400,2,1,gal_name_07,10701,,,0,,,207200410,gal_map_text_207200043,,,1,,0,gal_bg_museum,gal_bg_museum_1,1,207200450,157950
6364,207200410,2,1,player_name,,,,0,,,207200420,gal_map_text_207200044,,,1,,0,gal_bg_museum,gal_bg_museum_1,1,207200450,157950
6365,207200420,2,1,,10702,,,0,,,207200430,gal_map_text_207200045,,,2,,0,gal_bg_museum,gal_bg_museum_1,1,207200450,157950
6366,207200430,2,1,gal_name_07,10701,,,0,,,207200440,gal_map_text_207200046,,,1,,0,gal_bg_museum,gal_bg_museum_1,1,207200450,157950
6367,207200440,2,1,,10705,,,0,,,207200450,gal_map_text_207200047,,,2,,0,gal_bg_museum,gal_bg_museum_1,1,207200450,157950
6368,207200450,2,2,,10705,2,gal_map_text_207200049|gal_map_text_207200050,1,,,207200460|207200500,gal_map_text_207200048,,,2,,2,gal_bg_museum,gal_bg_museum_1,1,,157950
6369,207200460,2,1,player_name,,,,0,,,207200470,gal_map_text_207200051,,,2,,0,gal_bg_museum,gal_bg_museum_1,1,207201070,157950
6370,207200470,2,1,gal_name_07,30703,,,0,,,207200480,gal_map_text_207200052,,,1,,0,gal_bg_museum,gal_bg_museum_1,1,207201070,157950
6371,207200480,2,1,player_name,,,,0,,,207200490,gal_map_text_207200053,,,1,,0,gal_bg_museum,gal_bg_museum_1,1,207201070,157950
6372,207200490,2,1,gal_name_07,30703,,,0,,,207200540,gal_map_text_207200054,,,1,,0,gal_bg_museum,gal_bg_museum_1,1,207201070,157950
6373,207200500,2,1,player_name,,,,0,,,207200510,gal_map_text_207200055,,,2,,0,gal_bg_museum,gal_bg_museum_1,1,207201070,157950
6374,207200510,2,1,gal_name_07,30706,,,0,,,207200520,gal_map_text_207200056,,,1,,0,gal_bg_museum,gal_bg_museum_1,1,207201070,157950
6375,207200520,2,1,player_name,,,,0,,,207200530,gal_map_text_207200057,,,1,,0,gal_bg_museum,gal_bg_museum_1,1,207201070,157950
6376,207200530,2,1,gal_name_07,30701,,,0,,,207200540,gal_map_text_207200058,,,1,,0,gal_bg_museum,gal_bg_museum_1,1,207201070,157950
6377,207200540,2,1,,,,,0,,,-1,gal_map_text_207200059,,,2,,0,gal_bg_museum,gal_bg_museum_2,1,-1,157950
6378,207200560,2,1,,,,,0,,,207200570,gal_map_text_207200061,,,2,,2,gal_bg_museum,gal_bg_museum_2,1,207200740,157950
6379,207200570,2,1,,10705,,,0,,,207200580,gal_map_text_207200062,,,2,,0,gal_bg_museum,gal_bg_museum_2,1,207200740,157950
6380,207200580,2,1,,10705,,,0,,,207200590,gal_map_text_207200063,,,2,,0,gal_bg_museum,gal_bg_museum_2,1,207200740,157950
6381,207200590,2,1,,10702,,,0,,,207200600,gal_map_text_207200064,,,2,,0,gal_bg_museum,gal_bg_museum_2,1,207200740,157950
6382,207200600,2,1,,10705,,,0,,,207200610,gal_map_text_207200065,,,2,,0,gal_bg_museum,gal_bg_museum_2,1,207200740,157950
6383,207200610,2,1,gal_name_07,30705,,,0,,,207200620,gal_map_text_207200066,,,1,,0,gal_bg_museum,gal_bg_museum_2,1,207200740,157950
6384,207200620,2,1,player_name,,,,0,,,207200630,gal_map_text_207200067,,,1,,0,gal_bg_museum,gal_bg_museum_2,1,207200740,157950
6385,207200630,2,1,,10702,,,0,,,207200640,gal_map_text_207200068,,,2,,0,gal_bg_museum,gal_bg_museum_2,1,207200740,157950
6386,207200640,2,1,gal_name_07,30705,,,0,,,207200650,gal_map_text_207200069,,,1,,0,gal_bg_museum,gal_bg_museum_2,1,207200740,157950
6387,207200650,2,1,,10702,,,0,,,207200660,gal_map_text_207200070,,,2,,0,gal_bg_museum,gal_bg_museum_2,1,207200740,157950
6388,207200660,2,1,gal_name_07,10701,,,0,,,207200670,gal_map_text_207200071,,,1,,0,gal_bg_museum,gal_bg_museum_2,1,207200740,157950
6389,207200670,2,1,player_name,,,,0,,,207200680,gal_map_text_207200072,,,1,,0,gal_bg_museum,gal_bg_museum_2,1,207200740,157950
6390,207200680,2,1,,10705,,,0,,,207200690,gal_map_text_207200073,,,2,,0,gal_bg_museum,gal_bg_museum_2,1,207200740,157950
6391,207200690,2,1,gal_name_07,10701,,,0,,,207200700,gal_map_text_207200074,,,1,,0,gal_bg_museum,gal_bg_museum_2,1,207200740,157950
6392,207200700,2,1,,10705,,,0,,,207200710,gal_map_text_207200075,,,2,,0,gal_bg_museum,gal_bg_museum_2,1,207200740,157950
6393,207200710,2,1,gal_name_07,10701,,,0,,,207200720,gal_map_text_207200076,,,1,,0,gal_bg_museum,gal_bg_museum_2,1,207200740,157950
6394,207200720,2,1,,10705,,,0,,,207200730,gal_map_text_207200077,,,2,,0,gal_bg_museum,gal_bg_museum_2,1,207200740,157950
6395,207200730,2,1,,10702,,,0,,,207200740,gal_map_text_207200078,,,2,,0,gal_bg_museum,gal_bg_museum_2,1,207200740,157950
6396,207200740,2,2,,10705,2,gal_map_text_207200080|gal_map_text_207200081,1,,,207200750|207200800,gal_map_text_207200079,,,2,,2,gal_bg_museum,gal_bg_museum_2,1,,157950
6397,207200750,2,1,player_name,,,,0,,,207200760,gal_map_text_207200082,,,2,,0,gal_bg_museum,gal_bg_museum_2,1,207201440,157950
6398,207200760,2,1,gal_name_07,10701,,,0,,,207200770,gal_map_text_207200083,,,1,,0,gal_bg_museum,gal_bg_museum_2,1,207201440,157950
6399,207200770,2,1,player_name,,,,0,,,207200780,gal_map_text_207200084,,,1,,0,gal_bg_museum,gal_bg_museum_2,1,207201440,157950
6400,207200780,2,1,,10702,,,0,,,207200790,gal_map_text_207200085,,,2,,0,gal_bg_museum,gal_bg_museum_2,1,207201440,157950
6401,207200790,2,1,gal_name_07,30705,,,0,,,207200850,gal_map_text_207200086,,,1,,0,gal_bg_museum,gal_bg_museum_2,1,207201440,157950
6402,207200800,2,1,player_name,,,,0,,,207200810,gal_map_text_207200087,,,2,,0,gal_bg_museum,gal_bg_museum_2,1,207201440,157950
6403,207200810,2,1,gal_name_07,30701,,,0,,,207200820,gal_map_text_207200088,,,1,,0,gal_bg_museum,gal_bg_museum_2,1,207201440,157950
6404,207200820,2,1,player_name,,,,0,,,207200830,gal_map_text_207200089,,,1,,0,gal_bg_museum,gal_bg_museum_2,1,207201440,157950
6405,207200830,2,1,,10702,,,0,,,207200840,gal_map_text_207200090,,,2,,0,gal_bg_museum,gal_bg_museum_3,1,207201440,157950
6406,207200840,2,1,player_name,,,,0,,,207200850,gal_map_text_207200091,,,1,,0,gal_bg_museum,gal_bg_museum_3,1,207201440,157950
6407,207200850,2,1,,,,,0,,,-1,gal_map_text_207200092,,,2,,0,gal_bg_museum,gal_bg_museum_3,1,-1,157950
6408,207200860,2,1,,,,,0,,,207200870,gal_map_text_207200093,,,2,,2,gal_bg_museum,gal_bg_museum_3,1,207200970,157950
6409,207200870,2,1,,10705,,,0,,,207200880,gal_map_text_207200094,,,2,,0,gal_bg_museum,gal_bg_museum_3,1,207200970,157950
6410,207200880,2,1,,10705,,,0,,,207200890,gal_map_text_207200095,,,2,,0,gal_bg_museum,gal_bg_museum_3,1,207200970,157950
6411,207200890,2,1,gal_name_07,10701,,,0,,,207200900,gal_map_text_207200096,,,1,,0,gal_bg_museum,gal_bg_museum_3,1,207200970,157950
6412,207200900,2,1,player_name,,,,0,,,207200910,gal_map_text_207200097,,,1,,0,gal_bg_museum,gal_bg_museum_3,1,207200970,157950
6413,207200910,2,1,,10705,,,0,,,207200920,gal_map_text_207200098,,,2,,0,gal_bg_museum,gal_bg_museum_3,1,207200970,157950
6414,207200920,2,1,player_name,,,,0,,,207200930,gal_map_text_207200099,,,1,,0,gal_bg_museum,gal_bg_museum_3,1,207200970,157950
6415,207200930,2,1,,10702,,,0,,,207200940,gal_map_text_207200100,,,2,,0,gal_bg_museum,gal_bg_museum_3,1,207200970,157950
6416,207200940,2,1,gal_name_07,10701,,,0,,,207200950,gal_map_text_207200101,,,1,,0,gal_bg_museum,gal_bg_museum_3,1,207200970,157950
6417,207200950,2,1,player_name,,,,0,,,207200960,gal_map_text_207200102,,,1,,0,gal_bg_museum,gal_bg_museum_3,1,207200970,157950
6418,207200960,2,1,,10705,,,0,,,207200970,gal_map_text_207200103,,,2,,0,gal_bg_museum,gal_bg_museum_3,1,207200970,157950
6419,207200970,2,2,,10705,2,gal_map_text_207200105|gal_map_text_207200106,1,,,207200980|207201020,gal_map_text_207200104,,,2,,2,gal_bg_museum,gal_bg_museum_3,1,,157950
6420,207200980,2,1,player_name,,,,0,,,207200990,gal_map_text_207200107,,,2,,0,gal_bg_museum,gal_bg_museum_3,1,207201620,157950
6421,207200990,2,1,gal_name_07,10701,,,0,,,207201000,gal_map_text_207200108,,,1,,0,gal_bg_museum,gal_bg_museum_3,1,207201620,157950
6422,207201000,2,1,player_name,,,,0,,,207201010,gal_map_text_207200109,,,1,,0,gal_bg_museum,gal_bg_museum_3,1,207201620,157950
6423,207201010,2,1,gal_name_07,30705,,,0,,,207201060,gal_map_text_207200110,,,1,,0,gal_bg_museum,gal_bg_museum_3,1,207201620,157950
6424,207201020,2,1,player_name,,,,0,,,207201030,gal_map_text_207200111,,,2,,0,gal_bg_museum,gal_bg_museum_3,1,207201620,157950
6425,207201030,2,1,gal_name_07,10701,,,0,,,207201040,gal_map_text_207200112,,,1,,0,gal_bg_museum,gal_bg_museum_3,1,207201620,157950
6426,207201040,2,1,player_name,,,,0,,,207201050,gal_map_text_207200113,,,1,,0,gal_bg_museum,gal_bg_museum_3,1,207201620,157950
6427,207201050,2,1,gal_name_07,10701,,,0,,,207201060,gal_map_text_207200114,,,1,,0,gal_bg_museum,gal_bg_museum_3,1,207201620,157950
6428,207201060,2,1,,,,,0,,,-1,gal_map_text_207200115,,,2,,0,gal_bg_museum,gal_bg_museum_3,1,-1,157950
6429,207201070,2,1,,10705,,,0,,,207201080,gal_map_text_207200116,,,2,,2,gal_bg_museum,gal_bg_museum_3,1,207201190,157950
6430,207201080,2,1,,10705,,,0,,,207201090,gal_map_text_207200117,,,2,,0,gal_bg_museum,gal_bg_museum_1,1,207201190,157950
6431,207201090,2,1,player_name,,,,0,,,207201100,gal_map_text_207200118,,,1,,0,gal_bg_museum,gal_bg_museum_1,1,207201190,157950
6432,207201100,2,1,gal_name_07,10701,,,0,,,207201110,gal_map_text_207200119,,,1,,0,gal_bg_museum,gal_bg_museum_1,1,207201190,157950
6433,207201110,2,1,,10705,,,0,,,207201120,gal_map_text_207200120,,,2,,0,gal_bg_museum,gal_bg_museum_1,1,207201190,157950
6434,207201120,2,1,,10705,,,0,,,207201130,gal_map_text_207200121,,,2,,0,gal_bg_museum,gal_bg_museum_1,1,207201190,157950
6435,207201130,2,1,gal_name_07,10701,,,0,,,207201140,gal_map_text_207200122,,,1,,0,gal_bg_museum,gal_bg_museum_1,1,207201190,157950
6436,207201140,2,1,player_name,,,,0,,,207201150,gal_map_text_207200123,,,1,,0,gal_bg_museum,gal_bg_museum_1,1,207201190,157950
6437,207201150,2,1,gal_name_07,10701,,,0,,,207201160,gal_map_text_207200124,,,1,,0,gal_bg_museum,gal_bg_museum_1,1,207201190,157950
6438,207201160,2,1,player_name,,,,0,,,207201170,gal_map_text_207200125,,,1,,0,gal_bg_museum,gal_bg_museum_1,1,207201190,157950
6439,207201170,2,1,,10705,,,0,,,207201180,gal_map_text_207200126,,,2,,0,gal_bg_museum,gal_bg_museum_1,1,207201190,157950
6440,207201180,2,1,,10705,,,0,,,207201190,gal_map_text_207200127,,,2,,0,gal_bg_museum,gal_bg_museum_1,1,207201190,157950
6441,207201190,2,2,,10705,2,gal_map_text_207200129|gal_map_text_207200130,1,,,207201200|207201260,gal_map_text_207200128,,,2,,2,gal_bg_museum,gal_bg_museum_1,1,,157950
6442,207201200,2,1,player_name,,,,0,,,207201210,gal_map_text_207200131,,,2,,0,gal_bg_museum,gal_bg_museum_1,1,207201790,157950
6443,207201210,2,1,gal_name_07,30705,,,0,,,207201220,gal_map_text_207200132,,,1,,0,gal_bg_museum,gal_bg_museum_1,1,207201790,157950
6444,207201220,2,1,,10702,,,0,,,207201230,gal_map_text_207200133,,,2,,0,gal_bg_museum,gal_bg_museum_1,1,207201790,157950
6445,207201230,2,1,gal_name_07,30705,,,0,,,207201240,gal_map_text_207200134,,,1,,0,gal_bg_museum,gal_bg_museum_1,1,207201790,157950
6446,207201240,2,1,player_name,,,,0,,,207201250,gal_map_text_207200135,,,1,,0,gal_bg_museum,gal_bg_museum_1,1,207201790,157950
6447,207201250,2,1,gal_name_07,30705,,,0,,,207201310,gal_map_text_207200136,,,1,,0,gal_bg_museum,gal_bg_museum_1,1,207201790,157950
6448,207201260,2,1,player_name,,,,0,,,207201270,gal_map_text_207200137,,,2,,0,gal_bg_museum,gal_bg_museum_1,1,207201950,157950
6449,207201270,2,1,,10702,,,0,,,207201280,gal_map_text_207200138,,,2,,0,gal_bg_museum,gal_bg_museum_1,1,207201950,157950
6450,207201280,2,1,gal_name_07,30701,,,0,,,207201290,gal_map_text_207200139,,,1,,0,gal_bg_museum,gal_bg_museum_1,1,207201950,157950
6451,207201290,2,1,player_name,,,,0,,,207201300,gal_map_text_207200140,,,1,,0,gal_bg_museum,gal_bg_museum_1,1,207201950,157950
6452,207201300,2,1,gal_name_07,30704,,,0,,,207201310,gal_map_text_207200141,,,1,,0,gal_bg_museum,gal_bg_museum_1,1,207201950,157950
6453,207201310,2,1,,,,,0,,,-1,gal_map_text_207200142,,,2,,0,gal_bg_museum,gal_bg_museum_1,1,-1,157950
6454,207201320,2,1,,,,,0,,,207201330,gal_map_text_207200143,,,2,,2,gal_bg_museum,gal_bg_museum_1,1,207201440,157950
6455,207201330,2,1,,10705,,,0,,,207201340,gal_map_text_207200144,,,2,,0,gal_bg_museum,gal_bg_museum_1,1,207201440,157950
6456,207201340,2,1,,10705,,,0,,,207201350,gal_map_text_207200145,,,2,,0,gal_bg_museum,gal_bg_museum_2,1,207201440,157950
6457,207201350,2,1,gal_name_07,30703,,,0,,,207201360,gal_map_text_207200146,,,1,,0,gal_bg_museum,gal_bg_museum_2,1,207201440,157950
6458,207201360,2,1,player_name,,,,0,,,207201370,gal_map_text_207200147,,,1,,0,gal_bg_museum,gal_bg_museum_2,1,207201440,157950
6459,207201370,2,1,,10702,,,0,,,207201380,gal_map_text_207200148,,,2,,0,gal_bg_museum,gal_bg_museum_2,1,207201440,157950
6460,207201380,2,1,gal_name_07,10701,,,0,,,207201390,gal_map_text_207200149,,,1,,0,gal_bg_museum,gal_bg_museum_2,1,207201440,157950
6461,207201390,2,1,player_name,,,,0,,,207201400,gal_map_text_207200150,,,1,,0,gal_bg_museum,gal_bg_museum_2,1,207201440,157950
6462,207201400,2,1,gal_name_07,30705,,,0,,,207201410,gal_map_text_207200151,,,1,,0,gal_bg_museum,gal_bg_museum_2,1,207201440,157950
6463,207201410,2,1,,10705,,,0,,,207201420,gal_map_text_207200152,,,2,,0,gal_bg_museum,gal_bg_museum_2,1,207201440,157950
6464,207201420,2,1,player_name,,,,0,,,207201430,gal_map_text_207200153,,,1,,0,gal_bg_museum,gal_bg_museum_2,1,207201440,157950
6465,207201430,2,1,,10705,,,0,,,207201440,gal_map_text_207200154,,,2,,0,gal_bg_museum,gal_bg_museum_2,1,207201440,157950
6466,207201440,2,2,player_name,,2,gal_map_text_207200156|gal_map_text_207200157,1,,,207201450|207201470,gal_map_text_207200155,,,1,,2,gal_bg_museum,gal_bg_museum_2,1,,157950
6467,207201450,2,1,player_name,,,,0,,,207201460,gal_map_text_207200158,,,2,,0,gal_bg_museum,gal_bg_museum_2,1,207202110,157950
6468,207201460,2,1,gal_name_07,10701,,,0,,,207201510,gal_map_text_207200159,,,1,,0,gal_bg_museum,gal_bg_museum_2,1,207202110,157950
6469,207201470,2,1,player_name,,,,0,,,207201480,gal_map_text_207200160,,,2,,0,gal_bg_museum,gal_bg_museum_2,1,207202290,157950
6470,207201480,2,1,,10702,,,0,,,207201490,gal_map_text_207200161,,,2,,0,gal_bg_museum,gal_bg_museum_2,1,207202290,157950
6471,207201490,2,1,gal_name_07,30703,,,0,,,207201500,gal_map_text_207200162,,,1,,0,gal_bg_museum,gal_bg_museum_2,1,207202290,157950
6472,207201500,2,1,,10702,,,0,,,207201510,gal_map_text_207200163,,,2,,0,gal_bg_museum,gal_bg_museum_2,1,207202290,157950
6473,207201510,2,1,,,,,0,,,-1,gal_map_text_207200164,,,2,,0,gal_bg_museum,gal_bg_museum_2,1,-1,157950
6474,207201520,2,1,,,,,0,,,207201530,gal_map_text_207200165,,,2,,2,gal_bg_museum,gal_bg_museum_2,1,207201620,157950
6475,207201530,2,1,,10705,,,0,,,207201540,gal_map_text_207200166,,,2,,0,gal_bg_museum,gal_bg_museum_2,1,207201620,157950
6476,207201540,2,1,,10705,,,0,,,207201550,gal_map_text_207200167,,,2,,0,gal_bg_museum,gal_bg_museum_2,1,207201620,157950
6477,207201550,2,1,player_name,,,,0,,,207201560,gal_map_text_207200168,,,1,,0,gal_bg_museum,gal_bg_museum_2,1,207201620,157950
6478,207201560,2,1,,10702,,,0,,,207201570,gal_map_text_207200169,,,2,,0,gal_bg_museum,gal_bg_museum_2,1,207201620,157950
6479,207201570,2,1,gal_name_07,10701,,,0,,,207201580,gal_map_text_207200170,,,1,,0,gal_bg_museum,gal_bg_museum_2,1,207201620,157950
6480,207201580,2,1,player_name,,,,0,,,207201590,gal_map_text_207200171,,,1,,0,gal_bg_museum,gal_bg_museum_2,1,207201620,157950
6481,207201590,2,1,gal_name_07,10701,,,0,,,207201600,gal_map_text_207200172,,,1,,0,gal_bg_museum,gal_bg_museum_3,1,207201620,157950
6482,207201600,2,1,,10705,,,0,,,207201610,gal_map_text_207200173,,,2,,0,gal_bg_museum,gal_bg_museum_3,1,207201620,157950
6483,207201610,2,1,,10705,,,0,,,207201620,gal_map_text_207200174,,,2,,0,gal_bg_museum,gal_bg_museum_3,1,207201620,157950
6484,207201620,2,2,,10705,2,gal_map_text_207200176|gal_map_text_207200177,1,,,207201630|207201700,gal_map_text_207200175,,,2,,2,gal_bg_museum,gal_bg_museum_3,1,,157950
6485,207201630,2,1,player_name,,,,0,,,207201640,gal_map_text_207200178,,,2,,0,gal_bg_museum,gal_bg_museum_3,1,207202470,157950
6486,207201640,2,1,,10702,,,0,,,207201650,gal_map_text_207200179,,,2,,0,gal_bg_museum,gal_bg_museum_3,1,207202470,157950
6487,207201650,2,1,gal_name_07,10701,,,0,,,207201660,gal_map_text_207200180,,,1,,0,gal_bg_museum,gal_bg_museum_3,1,207202470,157950
6488,207201660,2,1,player_name,,,,0,,,207201670,gal_map_text_207200181,,,1,,0,gal_bg_museum,gal_bg_museum_3,1,207202470,157950
6489,207201670,2,1,gal_name_07,10701,,,0,,,207201680,gal_map_text_207200182,,,1,,0,gal_bg_museum,gal_bg_museum_3,1,207202470,157950
6490,207201680,2,1,player_name,,,,0,,,207201690,gal_map_text_207200183,,,1,,0,gal_bg_museum,gal_bg_museum_3,1,207202470,157950
6491,207201690,2,1,,10702,,,0,,,207201780,gal_map_text_207200184,,,2,,0,gal_bg_museum,gal_bg_museum_3,1,207202470,157950
6492,207201700,2,1,player_name,,,,0,,,207201710,gal_map_text_207200185,,,2,,0,gal_bg_museum,gal_bg_museum_3,1,,157950
6493,207201710,2,1,,10702,,,0,,,207201720,gal_map_text_207200186,,,2,,0,gal_bg_museum,gal_bg_museum_3,1,207202620,157950
6494,207201720,2,1,gal_name_07,10701,,,0,,,207201730,gal_map_text_207200187,,,1,,0,gal_bg_museum,gal_bg_museum_3,1,207202620,157950
6495,207201730,2,1,player_name,,,,0,,,207201740,gal_map_text_207200188,,,1,,0,gal_bg_museum,gal_bg_museum_3,1,207202620,157950
6496,207201740,2,1,,10702,,,0,,,207201750,gal_map_text_207200189,,,2,,0,gal_bg_museum,gal_bg_museum_3,1,207202620,157950
6497,207201750,2,1,gal_name_07,10701,,,0,,,207201760,gal_map_text_207200190,,,1,,0,gal_bg_museum,gal_bg_museum_3,1,207202620,157950
6498,207201760,2,1,player_name,,,,0,,,207201770,gal_map_text_207200191,,,1,,0,gal_bg_museum,gal_bg_museum_3,1,207202620,157950
6499,207201770,2,1,,10702,,,0,,,207201780,gal_map_text_207200192,,,2,,0,gal_bg_museum,gal_bg_museum_3,1,207202620,157950
6500,207201780,2,1,,,,,0,,,-1,gal_map_text_207200193,,,2,,0,gal_bg_museum,gal_bg_museum_3,1,-1,157950
6501,207201790,2,1,,,,,1,,,207201800,gal_map_text_207200194,,,2,,2,gal_bg_museum,gal_bg_museum_3,1,207202790,157950
6502,207201800,2,1,,10705,,,0,,,207201810,gal_map_text_207200195,,,2,,0,gal_bg_museum,gal_bg_museum_3,1,207202790,157950
6503,207201810,2,1,,10705,,,0,,,207201820,gal_map_text_207200196,,,2,,0,gal_bg_museum,gal_bg_museum_1,1,207202790,157950
6504,207201820,2,1,,10705,,,0,,,207201830,gal_map_text_207200197,,,2,,0,gal_bg_museum,gal_bg_museum_1,1,207202790,157950
6505,207201830,2,1,gal_name_07,30703,,,0,,,207201840,gal_map_text_207200198,,,1,,0,gal_bg_museum,gal_bg_museum_1,1,207202790,157950
6506,207201840,2,1,,10705,,,0,,,207201850,gal_map_text_207200199,,,2,,0,gal_bg_museum,gal_bg_museum_1,1,207202790,157950
6507,207201850,2,1,player_name,,,,0,,,207201860,gal_map_text_207200200,,,1,,0,gal_bg_museum,gal_bg_museum_1,1,207202790,157950
6508,207201860,2,1,gal_name_07,30703,,,0,,,207201870,gal_map_text_207200201,,,1,,0,gal_bg_museum,gal_bg_museum_1,1,207202790,157950
6509,207201870,2,1,,10705,,,0,,,207201880,gal_map_text_207200202,,,2,,0,gal_bg_museum,gal_bg_museum_1,1,207202790,157950
6510,207201880,2,1,,10705,,,0,,,207201890,gal_map_text_207200203,,,2,,0,gal_bg_museum,gal_bg_museum_1,1,207202790,157950
6511,207201890,2,1,player_name,,,,0,,,207201900,gal_map_text_207200204,,,2,,0,gal_bg_museum,gal_bg_museum_1,1,207202790,157950
6512,207201900,2,1,player_name,,,,0,,,207201910,gal_map_text_207200205,,,1,,0,gal_bg_museum,gal_bg_museum_1,1,207202790,157950
6513,207201910,2,1,gal_name_07,30705,,,0,,,207201920,gal_map_text_207200206,,,1,,0,gal_bg_museum,gal_bg_museum_1,1,207202790,157950
6514,207201920,2,1,player_name,,,,0,,,207201930,gal_map_text_207200207,,,1,,0,gal_bg_museum,gal_bg_museum_1,1,207202790,157950
6515,207201930,2,1,gal_name_07,30705,,,0,,,207201940,gal_map_text_207200208,,,1,,0,gal_bg_museum,gal_bg_museum_1,1,207202790,157950
6516,207201940,2,1,player_name,,,,0,,,-1,gal_map_text_207200209,,,1,,0,gal_bg_museum,gal_bg_museum_1,1,-1,157950
6517,207201950,2,1,,,,,1,,,207201960,gal_map_text_207200194,,,2,,2,gal_bg_museum,gal_bg_museum_1,1,207202790,157950
6518,207201960,2,1,,10705,,,0,,,207201970,gal_map_text_207200195,,,2,,0,gal_bg_museum,gal_bg_museum_1,1,207202790,157950
6519,207201970,2,1,,10705,,,0,,,207201980,gal_map_text_207200196,,,2,,0,gal_bg_museum,gal_bg_museum_1,1,207202790,157950
6520,207201980,2,1,,10705,,,0,,,207201990,gal_map_text_207200197,,,2,,0,gal_bg_museum,gal_bg_museum_1,1,207202790,157950
6521,207201990,2,1,gal_name_07,10701,,,0,,,207202000,gal_map_text_207200198,,,1,,0,gal_bg_museum,gal_bg_museum_1,1,207202790,157950
6522,207202000,2,1,,10705,,,0,,,207202010,gal_map_text_207200199,,,2,,0,gal_bg_museum,gal_bg_museum_1,1,207202790,157950
6523,207202010,2,1,player_name,,,,0,,,207202020,gal_map_text_207200200,,,1,,0,gal_bg_museum,gal_bg_museum_1,1,207202790,157950
6524,207202020,2,1,gal_name_07,10701,,,0,,,207202030,gal_map_text_207200201,,,1,,0,gal_bg_museum,gal_bg_museum_1,1,207202790,157950
6525,207202030,2,1,,10705,,,0,,,207202040,gal_map_text_207200202,,,2,,0,gal_bg_museum,gal_bg_museum_1,1,207202790,157950
6526,207202040,2,1,,10705,,,0,,,207202050,gal_map_text_207200203,,,2,,0,gal_bg_museum,gal_bg_museum_1,1,207202790,157950
6527,207202050,2,1,player_name,,,,0,,,207202060,gal_map_text_207200210,,,2,,0,gal_bg_museum,gal_bg_museum_1,1,207202790,157950
6528,207202060,2,1,player_name,,,,0,,,207202070,gal_map_text_207200211,,,1,,0,gal_bg_museum,gal_bg_museum_1,1,207202790,157950
6529,207202070,2,1,gal_name_07,10701,,,0,,,207202080,gal_map_text_207200212,,,1,,0,gal_bg_museum,gal_bg_museum_1,1,207202790,157950
6530,207202080,2,1,player_name,,,,0,,,207202090,gal_map_text_207200213,,,1,,0,gal_bg_museum,gal_bg_museum_2,1,207202790,157950
6531,207202090,2,1,gal_name_07,30705,,,0,,,207202100,gal_map_text_207200214,,,1,,0,gal_bg_museum,gal_bg_museum_2,1,207202790,157950
6532,207202100,2,1,player_name,,,,0,,,-1,gal_map_text_207200215,,,1,,0,gal_bg_museum,gal_bg_museum_2,1,-1,157950
6533,207202110,2,1,,10705,,,1,,,207202120,gal_map_text_207200216,,,2,,2,gal_bg_museum,gal_bg_museum_2,1,207202790,157950
6534,207202120,2,1,,10705,,,0,,,207202130,gal_map_text_207200217,,,2,,0,gal_bg_museum,gal_bg_museum_2,1,207202790,157950
6535,207202130,2,1,,10705,,,0,,,207202140,gal_map_text_207200218,,,2,,0,gal_bg_museum,gal_bg_museum_2,1,207202790,157950
6536,207202140,2,1,,10705,,,0,,,207202150,gal_map_text_207200219,,,2,,0,gal_bg_museum,gal_bg_museum_2,1,207202790,157950
6537,207202150,2,1,gal_name_07,10701,,,0,,,207202160,gal_map_text_207200220,,,1,,0,gal_bg_museum,gal_bg_museum_2,1,207202790,157950
6538,207202160,2,1,,10705,,,0,,,207202170,gal_map_text_207200221,,,2,,0,gal_bg_museum,gal_bg_museum_2,1,207202790,157950
6539,207202170,2,1,player_name,,,,0,,,207202180,gal_map_text_207200222,,,1,,0,gal_bg_museum,gal_bg_museum_2,1,207202790,157950
6540,207202180,2,1,,10702,,,0,,,207202190,gal_map_text_207200223,,,2,,0,gal_bg_museum,gal_bg_museum_2,1,207202790,157950
6541,207202190,2,1,gal_name_07,10701,,,0,,,207202200,gal_map_text_207200224,,,1,,0,gal_bg_museum,gal_bg_museum_2,1,207202790,157950
6542,207202200,2,1,,10705,,,0,,,207202210,gal_map_text_207200225,,,2,,0,gal_bg_museum,gal_bg_museum_2,1,207202790,157950
6543,207202210,2,1,,10705,,,0,,,207202220,gal_map_text_207200226,,,2,,0,gal_bg_museum,gal_bg_museum_2,1,207202790,157950
6544,207202220,2,1,player_name,,,,0,,,207202230,gal_map_text_207200227,,,2,,0,gal_bg_museum,gal_bg_museum_2,1,207202790,157950
6545,207202230,2,1,gal_name_07,30705,,,0,,,207202240,gal_map_text_207200228,,,1,,0,gal_bg_museum,gal_bg_museum_2,1,207202790,157950
6546,207202240,2,1,gal_name_07,10701,,,0,,,207202250,gal_map_text_207200229,,,1,,0,gal_bg_museum,gal_bg_museum_2,1,207202790,157950
6547,207202250,2,1,player_name,,,,0,,,207202260,gal_map_text_207200230,,,1,,0,gal_bg_museum,gal_bg_museum_2,1,207202790,157950
6548,207202260,2,1,gal_name_07,10701,,,0,,,207202270,gal_map_text_207200231,,,1,,0,gal_bg_museum,gal_bg_museum_2,1,207202790,157950
6549,207202270,2,1,player_name,,,,0,,,207202280,gal_map_text_207200232,,,1,,0,gal_bg_museum,gal_bg_museum_2,1,207202790,157950
6550,207202280,2,1,,,,,0,,,-1,gal_map_text_207200239,,,2,,0,gal_bg_museum,gal_bg_museum_2,1,-1,157950
6551,207202290,2,1,,,,,1,,,207202300,gal_map_text_207200216,,,2,,2,gal_bg_museum,gal_bg_museum_2,1,207202790,157950
6552,207202300,2,1,,10705,,,0,,,207202310,gal_map_text_207200217,,,2,,0,gal_bg_museum,gal_bg_museum_3,1,207202790,157950
6553,207202310,2,1,,10705,,,0,,,207202320,gal_map_text_207200218,,,2,,0,gal_bg_museum,gal_bg_museum_3,1,207202790,157950
6554,207202320,2,1,,10705,,,0,,,207202330,gal_map_text_207200219,,,2,,0,gal_bg_museum,gal_bg_museum_3,1,207202790,157950
6555,207202330,2,1,gal_name_07,30703,,,0,,,207202340,gal_map_text_207200220,,,1,,0,gal_bg_museum,gal_bg_museum_3,1,207202790,157950
6556,207202340,2,1,,10705,,,0,,,207202350,gal_map_text_207200221,,,2,,0,gal_bg_museum,gal_bg_museum_3,1,207202790,157950
6557,207202350,2,1,player_name,,,,0,,,207202360,gal_map_text_207200222,,,1,,0,gal_bg_museum,gal_bg_museum_3,1,207202790,157950
6558,207202360,2,1,,10702,,,0,,,207202370,gal_map_text_207200223,,,2,,0,gal_bg_museum,gal_bg_museum_3,1,207202790,157950
6559,207202370,2,1,gal_name_07,30703,,,0,,,207202380,gal_map_text_207200224,,,1,,0,gal_bg_museum,gal_bg_museum_3,1,207202790,157950
6560,207202380,2,1,,10705,,,0,,,207202390,gal_map_text_207200225,,,2,,0,gal_bg_museum,gal_bg_museum_3,1,207202790,157950
6561,207202390,2,1,,10705,,,0,,,207202400,gal_map_text_207200226,,,2,,0,gal_bg_museum,gal_bg_museum_3,1,207202790,157950
6562,207202400,2,1,player_name,,,,0,,,207202410,gal_map_text_207200233,,,2,,0,gal_bg_museum,gal_bg_museum_3,1,207202790,157950
6563,207202410,2,1,gal_name_07,30705,,,0,,,207202420,gal_map_text_207200234,,,1,,0,gal_bg_museum,gal_bg_museum_3,1,207202790,157950
6564,207202420,2,1,gal_name_07,10701,,,0,,,207202430,gal_map_text_207200235,,,1,,0,gal_bg_museum,gal_bg_museum_3,1,207202790,157950
6565,207202430,2,1,player_name,,,,0,,,207202440,gal_map_text_207200236,,,1,,0,gal_bg_museum,gal_bg_museum_3,1,207202790,157950
6566,207202440,2,1,gal_name_07,10701,,,0,,,207202450,gal_map_text_207200237,,,1,,0,gal_bg_museum,gal_bg_museum_3,1,207202790,157950
6567,207202450,2,1,player_name,,,,0,,,207202460,gal_map_text_207200238,,,1,,0,gal_bg_museum,gal_bg_museum_3,1,207202790,157950
6568,207202460,2,1,,,,,0,,,-1,gal_map_text_207200239,,,2,,0,gal_bg_museum,gal_bg_museum_3,1,-1,157950
6569,207202470,2,1,,,,,1,,,207202480,gal_map_text_207200240,,,2,,2,gal_bg_museum,gal_bg_museum_3,1,207202790,157950
6570,207202480,2,1,,10705,,,0,,,207202490,gal_map_text_207200241,,,2,,0,gal_bg_museum,gal_bg_museum_3,1,207202790,157950
6571,207202490,2,1,,10705,,,0,,,207202500,gal_map_text_207200242,,,2,,0,gal_bg_museum,gal_bg_museum_3,1,207202790,157950
6572,207202500,2,1,gal_name_07,30703,,,0,,,207202510,gal_map_text_207200243,,,1,,0,gal_bg_museum,gal_bg_museum_3,1,207202790,157950
6573,207202510,2,1,,10705,,,0,,,207202520,gal_map_text_207200244,,,2,,0,gal_bg_museum,gal_bg_street_1,1,207202790,157950
6574,207202520,2,1,player_name,,,,0,,,207202530,gal_map_text_207200245,,,1,,0,gal_bg_museum,gal_bg_street_1,1,207202790,157950
6575,207202530,2,1,gal_name_07,10701,,,0,,,207202540,gal_map_text_207200246,,,1,,0,gal_bg_museum,gal_bg_street_1,1,207202790,157950
6576,207202540,2,1,,10705,,,0,,,207202550,gal_map_text_207200247,,,2,,0,gal_bg_museum,gal_bg_street_1,1,207202790,157950
6577,207202550,2,1,,10705,,,0,,,207202560,gal_map_text_207200248,,,2,,0,gal_bg_museum,gal_bg_street_1,1,207202790,157950
6578,207202560,2,1,player_name,,,,0,,,207202570,gal_map_text_207200249,,,2,,0,gal_bg_museum,gal_bg_street_1,1,207202790,157950
6579,207202570,2,1,gal_name_07,30705,,,0,,,207202580,gal_map_text_207200250,,,1,,0,gal_bg_museum,gal_bg_street_1,1,207202790,157950
6580,207202580,2,1,player_name,,,,0,,,207202590,gal_map_text_207200251,,,1,,0,gal_bg_museum,gal_bg_street_1,1,207202790,157950
6581,207202590,2,1,gal_name_07,10701,,,0,,,207202600,gal_map_text_207200252,,,1,,0,gal_bg_museum,gal_bg_street_1,1,207202790,157950
6582,207202600,2,1,player_name,,,,0,,,207202610,gal_map_text_207200253,,,1,,0,gal_bg_museum,gal_bg_street_1,1,207202790,157950
6583,207202610,2,1,,,,,0,,,-1,gal_map_text_207200261,,,2,,0,gal_bg_museum,gal_bg_street_1,1,-1,157950
6584,207202620,2,1,,,,,1,,,207202630,gal_map_text_207200240,,,2,,2,gal_bg_museum,gal_bg_street_1,1,207202790,157950
6585,207202630,2,1,,10705,,,0,,,207202640,gal_map_text_207200241,,,2,,0,gal_bg_museum,gal_bg_street_1,1,207202790,157950
6586,207202640,2,1,,10705,,,0,,,207202650,gal_map_text_207200242,,,2,,0,gal_bg_museum,gal_bg_street_1,1,207202790,157950
6587,207202650,2,1,gal_name_07,10701,,,0,,,207202660,gal_map_text_207200243,,,1,,0,gal_bg_museum,gal_bg_street_1,1,207202790,157950
6588,207202660,2,1,,10705,,,0,,,207202670,gal_map_text_207200244,,,2,,0,gal_bg_museum,gal_bg_street_1,1,207202790,157950
6589,207202670,2,1,player_name,,,,0,,,207202680,gal_map_text_207200245,,,1,,0,gal_bg_museum,gal_bg_street_1,1,207202790,157950
6590,207202680,2,1,gal_name_07,10701,,,0,,,207202690,gal_map_text_207200246,,,1,,0,gal_bg_museum,gal_bg_street_1,1,207202790,157950
6591,207202690,2,1,,10705,,,0,,,207202700,gal_map_text_207200247,,,2,,0,gal_bg_museum,gal_bg_street_1,1,207202790,157950
6592,207202700,2,1,,10705,,,0,,,207202710,gal_map_text_207200248,,,2,,0,gal_bg_museum,gal_bg_street_1,1,207202790,157950
6593,207202710,2,1,player_name,,,,0,,,207202720,gal_map_text_207200254,,,2,,0,gal_bg_museum,gal_bg_street_1,1,207202790,157950
6594,207202720,2,1,gal_name_07,10701,,,0,,,207202730,gal_map_text_207200255,,,1,,0,gal_bg_museum,gal_bg_street_1,1,207202790,157950
6595,207202730,2,1,gal_name_07,10701,,,0,,,207202740,gal_map_text_207200256,,,1,,0,gal_bg_museum,gal_bg_street_1,1,207202790,157950
6596,207202740,2,1,player_name,,,,0,,,207202750,gal_map_text_207200257,,,1,,0,gal_bg_museum,gal_bg_street_1,1,207202790,157950
6597,207202750,2,1,,10702,,,0,,,207202760,gal_map_text_207200258,,,2,,0,gal_bg_museum,gal_bg_street_1,1,207202790,157950
6598,207202760,2,1,gal_name_07,10701,,,0,,,207202770,gal_map_text_207200259,,,1,,0,gal_bg_museum,gal_bg_street_1,1,207202790,157950
6599,207202770,2,1,player_name,,,,0,,,207202780,gal_map_text_207200260,,,1,,0,gal_bg_museum,gal_bg_street_1,1,207202790,157950
6600,207202780,2,1,,,,,0,,,-1,gal_map_text_207200261,,,2,,0,gal_bg_museum,gal_bg_street_1,1,207202891,157950
6601,207202790,2,1,,10701,,,1,,,207202800,gal_map_text_207200262,,,2,,2,gal_bg_museum,gal_bg_street_1,1,207202891,157950
6602,207202800,2,1,,10701,,,0,,,207202810,gal_map_text_207200263,,,2,,0,gal_bg_museum,gal_bg_street_1,1,207202891,157950
6603,207202810,2,1,,10701,,,0,,,207202820,gal_map_text_207200264,,,2,,0,gal_bg_museum,gal_bg_street_1,1,207202891,157950
6604,207202820,2,1,,10701,,,0,,,207202830,gal_map_text_207200265,,,2,,0,gal_bg_museum,gal_bg_street_1,1,207202891,157950
6605,207202830,2,1,,10701,,,0,,,207202840,gal_map_text_207200266,,,2,,0,gal_bg_museum,gal_bg_street_1,1,207202891,157950
6606,207202840,2,1,,10701,,,0,,,207202850,gal_map_text_207200267,,,2,,0,gal_bg_museum,gal_bg_street_1,1,207202891,157950
6607,207202850,2,1,,10712,,,0,,,207202860,gal_map_text_207200268,,,2,,0,gal_bg_museum,gal_bg_street_1,1,207202891,157950
6608,207202860,2,1,gal_name_07,30703,,,0,,,207202870,gal_map_text_207200269,,,1,,0,gal_bg_museum,gal_bg_street_1,1,207202891,157950
6609,207202870,2,1,player_name,,,,0,,,207202880,gal_map_text_207200270,,,1,,0,gal_bg_museum,gal_bg_street_1,1,207202891,157950
6610,207202880,2,1,,10702,,,0,,,207202890,gal_map_text_207200271,,,2,,0,gal_bg_museum,gal_bg_street_1,1,207202891,157950
6611,207202890,2,1,player_name,,,,0,,,207202891,gal_map_text_207200272,,,1,,0,gal_bg_museum,gal_bg_street_1,1,207202891,157950
6612,207202891,3,1,,,,,0,,,207202900,,,,2,,2,gal_gallery_pic_24010102,gal_bg_street_1,1,-1,157950
6613,207202900,2,1,gal_name_07,,,,0,,,207202910,gal_map_text_207200273,,,1,,0,gal_gallery_pic_24010102,gal_bg_street_1,1,-1,157950
6614,207202910,2,1,player_name,,,,0,,,207202920,gal_map_text_207200274,,,1,,0,gal_gallery_pic_24010102,gal_bg_street_1,1,-1,157950
6615,207202920,2,1,gal_name_07,,,,0,,,207202930,gal_map_text_207200275,,,1,,0,gal_gallery_pic_24010102,gal_bg_street_1,1,-1,157950
6616,207202930,2,1,,,,,0,,,207202940,gal_map_text_207200276,,,2,,0,gal_gallery_pic_24010102,gal_bg_street_1,1,-1,157950
6617,207202940,2,1,,,,,0,,,207202950,gal_map_text_207200277,,,2,,0,gal_gallery_pic_24010102,gal_bg_street_1,1,-1,157950
6618,207202950,2,1,player_name,,,,0,,,207202960,gal_map_text_207200278,,,1,,0,gal_gallery_pic_24010102,gal_bg_street_1,1,-1,157950
6619,207202960,2,1,,,,,0,,,207202970,gal_map_text_207200279,,,2,,0,gal_gallery_pic_24010102,gal_bg_street_1,1,-1,157950
6620,207202970,2,1,,,,,0,,,207202980,gal_map_text_207200280,,,2,,0,gal_gallery_pic_24010102,gal_bg_street_1,1,-1,157950
6621,207202980,2,1,,,,,0,,,207202990,gal_map_text_207200281,,,2,,0,gal_gallery_pic_24010102,gal_bg_street_1,1,-1,157950
6622,207202990,2,1,,,,,0,,,207203000,gal_map_text_207200282,,,2,,0,gal_gallery_pic_24010102,gal_bg_street_1,1,-1,157950
6623,207203000,2,1,gal_name_07,,,,0,,,207203010,gal_map_text_207200283,,,1,,0,gal_gallery_pic_24010102,gal_bg_street_1,1,-1,157950
6624,207203010,2,1,,,,,0,,,207203020,gal_map_text_207200284,,,2,,0,gal_gallery_pic_24010102,gal_bg_street_1,1,-1,157950
6625,207203020,2,1,gal_name_07,,,,0,,,207203030,gal_map_text_207200285,,,1,,0,gal_gallery_pic_24010102,gal_bg_street_1,1,-1,157950
6626,207203030,2,1,player_name,,,,0,,,207203040,gal_map_text_207200286,,,1,,0,gal_gallery_pic_24010102,gal_bg_street_1,1,-1,157950
6627,207203040,2,1,,,,,0,,,207203050,gal_map_text_207200287,,,2,,0,gal_gallery_pic_24010102,gal_bg_street_1,1,-1,157950
6628,207203050,2,1,gal_name_07,,,,0,,,207203060,gal_map_text_207200288,,,1,,0,gal_gallery_pic_24010102,gal_bg_street_1,1,-1,157950
6629,207203060,2,1,player_name,,,,0,,,207203070,gal_map_text_207200289,,,1,,0,gal_gallery_pic_24010102,gal_bg_street_1,1,-1,157950
6630,207203070,2,1,gal_name_07,,,,0,,,207203080,gal_map_text_207200290,,,1,,0,gal_gallery_pic_24010102,gal_bg_street_1,1,-1,157950
6631,207203080,2,1,gal_name_07,,,,0,,,207203090,gal_map_text_207200291,,,1,,0,gal_gallery_pic_24010102,gal_bg_street_1,1,-1,157950
6632,207203090,2,1,player_name,,,,0,,,207203100,gal_map_text_207200292,,,1,,0,gal_gallery_pic_24010102,gal_bg_street_1,1,-1,157950
6633,207203100,2,1,,,,,0,,,207203110,gal_map_text_207200293,,,2,,0,gal_gallery_pic_24010102,gal_bg_street_1,1,-1,157950
6634,207203110,2,1,gal_name_07,,,,0,,,207203120,gal_map_text_207200294,,,1,,0,gal_gallery_pic_24010102,gal_bg_street_1,1,-1,157950
6635,207203120,2,1,,,,,0,,,207203130,gal_map_text_207200295,,,2,,0,gal_gallery_pic_24010102,gal_bg_street_1,1,-1,157950
6636,207203130,2,1,gal_name_07,,,,0,,,207203140,gal_map_text_207200296,,,1,,0,gal_gallery_pic_24010102,gal_bg_street_1,1,-1,157950
6637,207203140,2,1,,,,,0,,,207203150,gal_map_text_207200297,,,2,,0,gal_gallery_pic_24010102,gal_bg_street_1,1,-1,157950
6638,207203150,2,1,,,,,0,,,207203160,gal_map_text_207200298,,,2,,0,gal_gallery_pic_24010102,gal_bg_street_1,1,-1,157950
6639,207203160,2,1,,,,,0,,,207203170,gal_map_text_207200299,,,2,,0,gal_gallery_pic_24010102,gal_bg_street_1,1,-1,157950
6640,207203170,2,1,,,,,0,,,-1,gal_map_text_207200300,,,2,,0,gal_gallery_pic_24010102,gal_bg_street_1,1,-1,157950
6641,202200000,2,1,,,,,0,,,202200010,gal_map_text_202200000,,,2,,2,gal_bg_school_3,gal_bg_room_1,1,202200140,157950
6642,202200010,2,1,,10205,,,0,,,202200020,gal_map_text_202200001,,,2,,0,gal_bg_school_3,gal_bg_room_1,1,202200140,157950
6643,202200020,2,1,,10205,,,0,,,202200030,gal_map_text_202200002,,,2,,0,gal_bg_school_3,gal_bg_room_1,1,202200140,157950
6644,202200030,2,1,player_name,,,,0,,,202200040,gal_map_text_202200003,,,1,,0,gal_bg_school_3,gal_bg_room_1,1,202200140,157950
6645,202200040,2,1,,10202,,,0,,,202200050,gal_map_text_202200004,,,2,,0,gal_bg_school_3,gal_bg_room_1,1,202200140,157950
6646,202200050,2,1,gal_name_02,20201,,,0,,,202200060,gal_map_text_202200005,,,1,,0,gal_bg_school_3,gal_bg_room_1,1,202200140,157950
6647,202200060,2,1,,,,,0,,,202200070,gal_map_text_202200006,,,2,,0,gal_bg_school_3,gal_bg_room_1,1,202200140,157950
6648,202200070,2,1,player_name,,,,0,,,202200080,gal_map_text_202200007,,,1,,0,gal_bg_school_3,gal_bg_room_1,1,202200140,157950
6649,202200080,2,1,gal_name_02,30201,,,0,,,202200090,gal_map_text_202200008,,,1,,0,gal_bg_school_3,gal_bg_room_1,1,202200140,157950
6650,202200090,2,1,,10205,,,0,,,202200100,gal_map_text_202200009,,,2,,0,gal_bg_school_3,gal_bg_room_1,1,202200140,157950
6651,202200100,2,1,,10205,,,0,,,202200110,gal_map_text_202200010,,,2,,0,gal_bg_school_3,gal_bg_room_1,1,202200140,157950
6652,202200110,2,1,,10205,,,0,,,202200120,gal_map_text_202200011,,,2,,0,gal_bg_school_3,gal_bg_room_1,1,202200140,157950
6653,202200120,2,1,,10205,,,0,,,202200130,gal_map_text_202200012,,,2,,0,gal_bg_school_3,gal_bg_room_1,1,202200140,157950
6654,202200130,2,1,player_name,,,,0,,,202200140,gal_map_text_202200013,,,1,,0,gal_bg_school_3,gal_bg_room_1,1,202200140,157950
6655,202200140,2,2,gal_name_02,30201,2,gal_map_text_202200015|gal_map_text_202200016|gal_map_text_202200017,1,,,202200150|202200200|202200240,gal_map_text_202200014,,,1,,2,gal_bg_school_3,gal_bg_room_1,1,,157950
6656,202200150,2,1,player_name,,,,0,,,202200160,gal_map_text_202200018,,,1,,0,gal_bg_school_3,gal_bg_room_1,1,202200390,157950
6657,202200160,2,1,,10202,,,0,,,202200170,gal_map_text_202200019,,,2,,0,gal_bg_school_3,gal_bg_room_1,1,202200390,157950
6658,202200170,2,1,gal_name_02,10201,,,0,,,202200180,gal_map_text_202200020,,,1,,0,gal_bg_school_3,gal_bg_room_1,1,202200390,157950
6659,202200180,2,1,player_name,,,,0,,,202200190,gal_map_text_202200021,,,1,,0,gal_bg_school_3,gal_bg_room_1,1,202200390,157950
6660,202200190,2,1,gal_name_02,30204,,,0,,,202200290,gal_map_text_202200022,,,1,,0,gal_bg_school_3,gal_bg_room_1,1,202200390,157950
6661,202200200,2,1,player_name,,,,0,,,202200210,gal_map_text_202200023,,,1,,0,gal_bg_school_3,gal_bg_room_1,1,202200600,157950
6662,202200210,2,1,gal_name_02,30201,,,0,,,202200220,gal_map_text_202200024,,,1,,0,gal_bg_school_3,gal_bg_room_1,1,202200600,157950
6663,202200220,2,1,player_name,,,,0,,,202200230,gal_map_text_202200025,,,1,,0,gal_bg_school_3,gal_bg_room_1,1,202200600,157950
6664,202200230,2,1,gal_name_02,30201,,,0,,,202200292,gal_map_text_202200026,,,1,,0,gal_bg_school_3,gal_bg_room_1,1,202200600,157950
6665,202200240,2,1,player_name,,,,0,,,202200250,gal_map_text_202200027,,,1,,0,gal_bg_school_3,gal_bg_room_1,1,202200820,157950
6666,202200250,2,1,gal_name_02,20203,,,0,,,202200260,gal_map_text_202200028,,,1,,0,gal_bg_school_3,gal_bg_room_1,1,202200820,157950
6667,202200260,2,1,player_name,,,,0,,,202200270,gal_map_text_202200029,,,1,,0,gal_bg_school_3,gal_bg_room_1,1,202200820,157950
6668,202200270,2,1,,10202,,,0,,,202200280,gal_map_text_202200030,,,2,,0,gal_bg_school_3,gal_bg_room_1,1,202200820,157950
6669,202200280,2,1,gal_name_02,30201,,,0,,,202200293,gal_map_text_202200031,,,1,,0,gal_bg_school_3,gal_bg_room_1,1,202200820,157950
6670,202200290,2,1,,10205,,,0,,,202200291,gal_map_text_202200032,,,1,,0,gal_bg_school_3,gal_bg_room_1,1,-1,157950
6671,202200291,3,1,,,,,0,,,-1,,,,,,2,gal_bg_school_4,gal_bg_street_20,1,-1,157950
6672,202200292,2,1,,10205,,,0,,,202200294,gal_map_text_202200032,,,1,,0,gal_bg_school_3,gal_bg_room_1,1,-1,157950
6673,202200294,3,1,,,,,0,,,-1,,,,,,2,gal_bg_school_1,gal_bg_street_20,1,-1,157950
6674,202200293,2,1,,10205,,,0,,,202200295,gal_map_text_202200032,,,1,,0,gal_bg_school_3,gal_bg_room_1,1,-1,157950
6675,202200295,3,1,,,,,0,,,-1,,,,,,2,gal_bg_school_1,gal_bg_street_20,1,-1,157950
6676,202200300,2,1,,,,,0,,,202200310,gal_map_text_202200033,,,1,,2,gal_bg_school_4,gal_bg_school_1,1,202200390,157950
6677,202200310,2,1,,10205,,,0,,,202200320,gal_map_text_202200034,,,2,,0,gal_bg_school_4,gal_bg_school_1,1,202200390,157950
6678,202200320,2,1,,10205,,,0,,,202200330,gal_map_text_202200035,,,2,,0,gal_bg_school_4,gal_bg_school_1,1,202200390,157950
6679,202200330,2,1,player_name,,,,0,,,202200340,gal_map_text_202200036,,,1,,0,gal_bg_school_4,gal_bg_school_1,1,202200390,157950
6680,202200340,2,1,gal_name_02,10201,,,0,,,202200350,gal_map_text_202200037,,,1,,0,gal_bg_school_4,gal_bg_school_1,1,202200390,157950
6681,202200350,2,1,player_name,,,,0,,,202200360,gal_map_text_202200038,,,1,,0,gal_bg_school_4,gal_bg_school_1,1,202200390,157950
6682,202200360,2,1,gal_name_02,20201,,,0,,,202200370,gal_map_text_202200039,,,1,,0,gal_bg_school_4,gal_bg_school_1,1,202200390,157950
6683,202200370,2,1,,10205,,,0,,,202200380,gal_map_text_202200040,,,2,,0,gal_bg_school_4,gal_bg_school_1,1,202200390,157950
6684,202200380,2,1,,10205,,,0,,,202200390,gal_map_text_202200041,,,2,,0,gal_bg_school_4,gal_bg_school_1,1,202200390,157950
6685,202200390,2,2,,10205,2,gal_map_text_202200043|gal_map_text_202200044,1,,,202200400|202200450,gal_map_text_202200042,,,2,,2,gal_bg_school_4,gal_bg_school_1,1,,157950
6686,202200400,2,1,player_name,,,,0,,,202200410,gal_map_text_202200045,,,1,,0,gal_bg_school_4,gal_bg_school_1,1,202201080,157950
6687,202200410,2,1,,10202,,,0,,,202200420,gal_map_text_202200046,,,2,,0,gal_bg_school_4,gal_bg_school_1,1,202201080,157950
6688,202200420,2,1,gal_name_02,30205,,,0,,,202200430,gal_map_text_202200047,,,1,,0,gal_bg_school_4,gal_bg_school_1,1,202201080,157950
6689,202200430,2,1,player_name,,,,0,,,202200440,gal_map_text_202200048,,,1,,0,gal_bg_school_4,gal_bg_school_1,1,202201080,157950
6690,202200440,2,1,gal_name_02,30205,,,0,,,202200500,gal_map_text_202200049,,,1,,0,gal_bg_school_4,gal_bg_school_1,1,202201080,157950
6691,202200450,2,1,player_name,,,,0,,,202200460,gal_map_text_202200050,,,1,,0,gal_bg_school_4,gal_bg_school_1,1,202201080,157950
6692,202200460,2,1,,10202,,,0,,,202200470,gal_map_text_202200051,,,2,,0,gal_bg_school_4,gal_bg_school_1,1,202201080,157950
6693,202200470,2,1,gal_name_02,30203,,,0,,,202200480,gal_map_text_202200052,,,1,,0,gal_bg_school_4,gal_bg_school_1,1,202201080,157950
6694,202200480,2,1,player_name,,,,0,,,202200490,gal_map_text_202200053,,,1,,0,gal_bg_school_4,gal_bg_school_1,1,202201080,157950
6695,202200490,2,1,gal_name_02,30205,,,0,,,202200500,gal_map_text_202200054,,,1,,0,gal_bg_school_4,gal_bg_school_1,1,202201080,157950
6696,202200500,2,1,,10205,,,0,,,-1,gal_map_text_202200055,,,1,,0,gal_bg_school_4,gal_bg_school_1,1,202201080,157950
6697,202200510,2,1,,,,,0,,,202200520,gal_map_text_202200056,,,1,,2,gal_bg_school_1,gal_bg_school_2,1,202200600,157950
6698,202200520,2,1,,10205,,,0,,,202200530,gal_map_text_202200057,,,2,,0,gal_bg_school_1,gal_bg_school_2,1,202200600,157950
6699,202200530,2,1,,10205,,,0,,,202200540,gal_map_text_202200058,,,2,,0,gal_bg_school_1,gal_bg_school_2,1,202200600,157950
6700,202200540,2,1,,10205,,,0,,,202200550,gal_map_text_202200059,,,2,,0,gal_bg_school_1,gal_bg_school_2,1,202200600,157950
6701,202200550,2,1,gal_name_02,30204,,,0,,,202200560,gal_map_text_202200060,,,1,,0,gal_bg_school_1,gal_bg_school_2,1,202200600,157950
6702,202200560,2,1,player_name,,,,0,,,202200570,gal_map_text_202200061,,,1,,0,gal_bg_school_1,gal_bg_school_2,1,202200600,157950
6703,202200570,2,1,gal_name_02,30204,,,0,,,202200580,gal_map_text_202200062,,,1,,0,gal_bg_school_1,gal_bg_school_2,1,202200600,157950
6704,202200580,2,1,player_name,,,,0,,,202200590,gal_map_text_202200063,,,1,,0,gal_bg_school_1,gal_bg_school_2,1,202200600,157950
6705,202200590,2,1,,10205,,,0,,,202200600,gal_map_text_202200064,,,2,,0,gal_bg_school_1,gal_bg_school_2,1,202200600,157950
6706,202200600,2,2,,,2,gal_map_text_202200066|gal_map_text_202200067,1,,,202200610|202200660,gal_map_text_202200065,,,2,,0,gal_bg_school_1,gal_bg_school_2,1,,157950
6707,202200610,2,1,player_name,,,,0,,,202200620,gal_map_text_202200068,,,1,,0,gal_bg_school_1,gal_bg_school_2,1,202201380,157950
6708,202200620,2,1,gal_name_02,30201,,,0,,,202200630,gal_map_text_202200069,,,1,,0,gal_bg_school_1,gal_bg_school_2,1,202201380,157950
6709,202200630,2,1,player_name,,,,0,,,202200640,gal_map_text_202200070,,,1,,0,gal_bg_school_1,gal_bg_school_2,1,202201380,157950
6710,202200640,2,1,,10202,,,0,,,202200650,gal_map_text_202200071,,,2,,0,gal_bg_school_1,gal_bg_school_2,1,202201380,157950
6711,202200650,2,1,gal_name_02,30205,,,0,,,202200700,gal_map_text_202200072,,,1,,0,gal_bg_school_1,gal_bg_school_2,1,202201380,157950
6712,202200660,2,1,player_name,,,,0,,,202200670,gal_map_text_202200073,,,1,,0,gal_bg_school_1,gal_bg_school_2,1,202201380,157950
6713,202200670,2,1,gal_name_02,30202,,,0,,,202200680,gal_map_text_202200074,,,1,,0,gal_bg_school_1,gal_bg_school_2,1,202201380,157950
6714,202200680,2,1,player_name,,,,0,,,202200690,gal_map_text_202200075,,,1,,0,gal_bg_school_1,gal_bg_school_2,1,202201380,157950
6715,202200690,2,1,gal_name_02,20201,,,0,,,202200700,gal_map_text_202200076,,,1,,0,gal_bg_school_1,gal_bg_school_2,1,202201380,157950
6716,202200700,2,1,,10205,,,0,,,202200710,gal_map_text_202200077,,,1,,0,gal_bg_school_1,gal_bg_school_2,1,202201380,157950
6717,202200710,2,1,,10205,,,0,,,-1,gal_map_text_202200078,,,1,,0,gal_bg_school_1,gal_bg_school_2,1,202201380,157950
6718,202200720,2,1,,,,,0,,,202200730,gal_map_text_202200079,,,1,,2,gal_bg_school_1,gal_bg_school_3,1,202200820,157950
6719,202200730,2,1,,10205,,,0,,,202200740,gal_map_text_202200080,,,2,,0,gal_bg_school_1,gal_bg_school_3,1,202200820,157950
6720,202200740,2,1,,10205,,,0,,,202200750,gal_map_text_202200081,,,2,,0,gal_bg_school_1,gal_bg_school_3,1,202200820,157950
6721,202200750,2,1,,10205,,,0,,,202200760,gal_map_text_202200082,,,2,,0,gal_bg_school_1,gal_bg_school_3,1,202200820,157950
6722,202200760,2,1,player_name,,,,0,,,202200770,gal_map_text_202200083,,,1,,0,gal_bg_school_1,gal_bg_school_3,1,202200820,157950
6723,202200770,2,1,gal_name_02,20205,,,0,,,202200780,gal_map_text_202200084,,,1,,0,gal_bg_school_1,gal_bg_school_3,1,202200820,157950
6724,202200780,2,1,player_name,,,,0,,,202200790,gal_map_text_202200085,,,1,,0,gal_bg_school_1,gal_bg_school_3,1,202200820,157950
6725,202200790,2,1,,10205,,,0,,,202200800,gal_map_text_202200086,,,2,,0,gal_bg_school_1,gal_bg_school_3,1,202200820,157950
6726,202200800,2,1,,10205,,,0,,,202200810,gal_map_text_202200087,,,2,,0,gal_bg_school_1,gal_bg_school_3,1,202200820,157950
6727,202200810,2,1,,10205,,,0,,,202200820,gal_map_text_202200088,,,2,,0,gal_bg_school_1,gal_bg_school_3,1,202200820,157950
6728,202200820,2,2,,10205,2,gal_map_text_202200090|gal_map_text_202200091,1,,,202200830|202200900,gal_map_text_202200089,,,2,,2,gal_bg_school_1,gal_bg_school_3,1,,157950
6729,202200830,2,1,player_name,,,,0,,,202200840,gal_map_text_202200092,,,1,,0,gal_bg_school_1,gal_bg_school_3,1,202201670,157950
6730,202200840,2,1,,10202,,,0,,,202200850,gal_map_text_202200093,,,2,,0,gal_bg_school_1,gal_bg_school_3,1,202201670,157950
6731,202200850,2,1,gal_name_02,20205,,,0,,,202200860,gal_map_text_202200094,,,1,,0,gal_bg_school_1,gal_bg_school_3,1,202201670,157950
6732,202200860,2,1,player_name,,,,0,,,202200870,gal_map_text_202200095,,,1,,0,gal_bg_school_1,gal_bg_school_3,1,202201670,157950
6733,202200870,2,1,gal_name_02,30201,,,0,,,202200880,gal_map_text_202200096,,,1,,0,gal_bg_school_1,gal_bg_school_3,1,202201670,157950
6734,202200880,2,1,,10205,,,0,,,202200890,gal_map_text_202200097,,,1,,0,gal_bg_school_1,gal_bg_school_3,1,202201670,157950
6735,202200890,2,1,,10205,,,0,,,-1,gal_map_text_202200098,,,1,,0,gal_bg_school_1,gal_bg_school_3,1,202201670,157950
6736,202200900,2,1,player_name,,,,0,,,202200910,gal_map_text_202200099,,,1,,0,gal_bg_school_1,gal_bg_school_3,1,202201670,157950
6737,202200910,2,1,gal_name_02,10201,,,0,,,202200920,gal_map_text_202200100,,,1,,0,gal_bg_school_1,gal_bg_school_3,1,202201670,157950
6738,202200920,2,1,player_name,,,,0,,,202200930,gal_map_text_202200101,,,1,,0,gal_bg_school_1,gal_bg_school_3,1,202201670,157950
6739,202200930,2,1,gal_name_02,20205,,,0,,,202200940,gal_map_text_202200102,,,1,,0,gal_bg_school_1,gal_bg_school_3,1,202201670,157950
6740,202200940,2,1,,10205,,,0,,,202200950,gal_map_text_202200103,,,1,,0,gal_bg_school_1,gal_bg_school_3,1,202201670,157950
6741,202200950,2,1,,10205,,,0,,,-1,gal_map_text_202200104,,,1,,0,gal_bg_school_1,gal_bg_school_3,1,-1,157950
6742,202200960,2,1,,,,,0,,,202200970,gal_map_text_202200105,,,1,,2,gal_bg_school_4,gal_bg_school_1,1,202201080,157950
6743,202200970,2,1,,10205,,,0,,,202200980,gal_map_text_202200106,,,2,,0,gal_bg_school_4,gal_bg_school_1,1,202201080,157950
6744,202200980,2,1,,10205,,,0,,,202200990,gal_map_text_202200107,,,2,,0,gal_bg_school_4,gal_bg_school_1,1,202201080,157950
6745,202200990,2,1,gal_name_02,20205,,,0,,,202201000,gal_map_text_202200108,,,1,,0,gal_bg_school_4,gal_bg_school_1,1,202201080,157950
6746,202201000,2,1,player_name,,,,0,,,202201010,gal_map_text_202200109,,,1,,0,gal_bg_school_4,gal_bg_school_1,1,202201080,157950
6747,202201010,2,1,gal_name_02,30203,,,0,,,202201020,gal_map_text_202200110,,,1,,0,gal_bg_school_4,gal_bg_school_1,1,202201080,157950
6748,202201020,2,1,player_name,,,,0,,,202201030,gal_map_text_202200111,,,1,,0,gal_bg_school_4,gal_bg_school_1,1,202201080,157950
6749,202201030,2,1,,10202,,,0,,,202201040,gal_map_text_202200112,,,2,,0,gal_bg_school_4,gal_bg_school_1,1,202201080,157950
6750,202201040,2,1,gal_name_02,20205,,,0,,,202201050,gal_map_text_202200113,,,1,,0,gal_bg_school_4,gal_bg_school_1,1,202201080,157950
6751,202201050,2,1,,10205,,,0,,,202201060,gal_map_text_202200114,,,2,,0,gal_bg_school_4,gal_bg_school_1,1,202201080,157950
6752,202201060,2,1,,10205,,,0,,,202201070,gal_map_text_202200115,,,2,,0,gal_bg_school_4,gal_bg_school_1,1,202201080,157950
6753,202201070,2,1,,10205,,,0,,,202201080,gal_map_text_202200116,,,2,,0,gal_bg_school_4,gal_bg_school_1,1,202201080,157950
6754,202201080,2,2,,10205,2,gal_map_text_202200118|gal_map_text_202200119,1,,,202201090|202201160,gal_map_text_202200117,,,2,,2,gal_bg_school_4,gal_bg_school_1,1,,157950
6755,202201090,2,1,player_name,,,,0,,,202201100,gal_map_text_202200120,,,1,,0,gal_bg_school_4,gal_bg_school_1,1,202201930,157950
6756,202201100,2,1,,10202,,,0,,,202201110,gal_map_text_202200121,,,2,,0,gal_bg_school_4,gal_bg_school_1,1,202201930,157950
6757,202201110,2,1,gal_name_02,30205,,,0,,,202201120,gal_map_text_202200122,,,1,,0,gal_bg_school_4,gal_bg_school_1,1,202201930,157950
6758,202201120,2,1,player_name,,,,0,,,202201130,gal_map_text_202200123,,,1,,0,gal_bg_school_4,gal_bg_school_1,1,202201930,157950
6759,202201130,2,1,gal_name_02,30205,,,0,,,202201140,gal_map_text_202200124,,,1,,0,gal_bg_school_4,gal_bg_school_1,1,202201930,157950
6760,202201140,2,1,player_name,,,,0,,,202201150,gal_map_text_202200125,,,1,,0,gal_bg_school_4,gal_bg_school_1,1,202201930,157950
6761,202201150,2,1,,10205,,,0,,,202201151,gal_map_text_202200126,,,1,,0,gal_bg_school_4,gal_bg_school_1,1,202201930,157950
6762,202201151,3,1,,,,,0,,,-1,,,,,,2,gal_bg_school_3,gal_bg_street_20,1,-1,157950
6763,202201160,2,1,player_name,,,,0,,,202201170,gal_map_text_202200127,,,1,,0,gal_bg_school_4,gal_bg_school_1,1,202201930,157950
6764,202201170,2,1,,10202,,,0,,,202201180,gal_map_text_202200128,,,2,,0,gal_bg_school_4,gal_bg_school_1,1,202201930,157950
6765,202201180,2,1,gal_name_02,30205,,,0,,,202201190,gal_map_text_202200129,,,1,,0,gal_bg_school_4,gal_bg_school_1,1,202201930,157950
6766,202201190,2,1,player_name,,,,0,,,202201200,gal_map_text_202200130,,,1,,0,gal_bg_school_4,gal_bg_school_1,1,202201930,157950
6767,202201200,2,1,,10202,,,0,,,202201210,gal_map_text_202200131,,,2,,0,gal_bg_school_4,gal_bg_school_1,1,202201930,157950
6768,202201210,2,1,gal_name_02,30204,,,0,,,202201220,gal_map_text_202200132,,,1,,0,gal_bg_school_4,gal_bg_school_1,1,202201930,157950
6769,202201220,2,1,,10205,,,0,,,202201221,gal_map_text_202200133,,,1,,0,gal_bg_school_4,gal_bg_school_1,1,-1,157950
6770,202201221,3,1,,,,,0,,,-1,,,,,,2,gal_bg_school_3,gal_bg_street_20,1,-1,157950
6771,202201230,2,1,,,,,0,,,202201240,gal_map_text_202200134,,,1,,2,gal_bg_school_1,gal_bg_school_2,1,202201380,157950
6772,202201240,2,1,,10205,,,0,,,202201250,gal_map_text_202200135,,,2,,0,gal_bg_school_1,gal_bg_school_2,1,202201380,157950
6773,202201250,2,1,,10205,,,0,,,202201260,gal_map_text_202200136,,,2,,0,gal_bg_school_1,gal_bg_school_2,1,202201380,157950
6774,202201260,2,1,,10205,,,0,,,202201270,gal_map_text_202200137,,,2,,0,gal_bg_school_1,gal_bg_school_2,1,202201380,157950
6775,202201270,2,1,,10205,,,0,,,202201280,gal_map_text_202200138,,,2,,0,gal_bg_school_1,gal_bg_school_2,1,202201380,157950
6776,202201280,2,1,,10202,,,0,,,202201290,gal_map_text_202200139,,,2,,0,gal_bg_school_1,gal_bg_school_2,1,202201380,157950
6777,202201290,2,1,gal_name_02,30204,,,0,,,202201300,gal_map_text_202200140,,,1,,0,gal_bg_school_1,gal_bg_school_2,1,202201380,157950
6778,202201300,2,1,player_name,,,,0,,,202201310,gal_map_text_202200141,,,1,,0,gal_bg_school_1,gal_bg_school_2,1,202201380,157950
6779,202201310,2,1,gal_name_02,30201,,,0,,,202201320,gal_map_text_202200142,,,1,,0,gal_bg_school_1,gal_bg_school_2,1,202201380,157950
6780,202201320,2,1,player_name,,,,0,,,202201330,gal_map_text_202200143,,,1,,0,gal_bg_school_1,gal_bg_school_2,1,202201380,157950
6781,202201330,2,1,,10205,,,0,,,202201340,gal_map_text_202200144,,,2,,0,gal_bg_school_1,gal_bg_school_2,1,202201380,157950
6782,202201340,2,1,,10205,,,0,,,202201350,gal_map_text_202200145,,,2,,0,gal_bg_school_1,gal_bg_school_2,1,202201380,157950
6783,202201350,2,1,,10205,,,0,,,202201360,gal_map_text_202200146,,,2,,0,gal_bg_school_1,gal_bg_school_2,1,202201380,157950
6784,202201360,2,1,gal_name_02,30201,,,0,,,202201370,gal_map_text_202200147,,,1,,0,gal_bg_school_1,gal_bg_school_2,1,202201380,157950
6785,202201370,2,1,,10205,,,0,,,202201380,gal_map_text_202200148,,,2,,0,gal_bg_school_1,gal_bg_school_2,1,202201380,157950
6786,202201380,2,2,,10205,2,gal_map_text_202200150|gal_map_text_202200151,1,,,202201390|202201510,gal_map_text_202200149,,,2,,2,gal_bg_school_1,gal_bg_school_2,1,,157950
6787,202201390,2,1,player_name,,,,0,,,202201400,gal_map_text_202200152,,,1,,0,gal_bg_school_1,gal_bg_school_2,1,202202090,157950
6788,202201400,2,1,gal_name_02,10201,,,0,,,202201410,gal_map_text_202200153,,,1,,0,gal_bg_school_1,gal_bg_school_2,1,202202090,157950
6789,202201410,2,1,player_name,,,,0,,,202201420,gal_map_text_202200154,,,1,,0,gal_bg_school_1,gal_bg_school_2,1,202202090,157950
6790,202201420,2,1,gal_name_02,10201,,,0,,,202201430,gal_map_text_202200155,,,1,,0,gal_bg_school_1,gal_bg_school_2,1,202202090,157950
6791,202201430,2,1,,10205,,,0,,,202201440,gal_map_text_202200156,,,2,,0,gal_bg_school_1,gal_bg_school_2,1,202202090,157950
6792,202201440,2,1,,10205,,,0,,,202201450,gal_map_text_202200157,,,2,,0,gal_bg_school_1,gal_bg_school_2,1,202202090,157950
6793,202201450,2,1,gal_name_02,30203,,,0,,,202201460,gal_map_text_202200158,,,1,,0,gal_bg_school_1,gal_bg_school_2,1,202202090,157950
6794,202201460,2,1,player_name,,,,0,,,202201470,gal_map_text_202200159,,,1,,0,gal_bg_school_1,gal_bg_school_2,1,202202090,157950
6795,202201470,2,1,gal_name_02,10201,,,0,,,202201480,gal_map_text_202200160,,,1,,0,gal_bg_school_1,gal_bg_school_2,1,202202090,157950
6796,202201480,2,1,player_name,,,,0,,,202201490,gal_map_text_202200161,,,1,,0,gal_bg_school_1,gal_bg_school_2,1,202202090,157950
6797,202201490,2,1,gal_name_02,10201,,,0,,,202201500,gal_map_text_202200162,,,1,,0,gal_bg_school_1,gal_bg_school_2,1,202202090,157950
6798,202201500,2,1,,10205,,,0,,,202201501,gal_map_text_202200163,,,1,,0,gal_bg_school_1,gal_bg_school_2,1,-1,157950
6799,202201501,3,1,,,,,0,,,-1,,,,,,2,gal_bg_school_3,gal_bg_street_20,1,-1,157950
6800,202201510,2,1,player_name,,,,0,,,202201520,gal_map_text_202200164,,,1,,0,gal_bg_school_1,gal_bg_school_2,1,202202090,157950
6801,202201520,2,1,gal_name_02,20205,,,0,,,202201530,gal_map_text_202200165,,,1,,0,gal_bg_school_1,gal_bg_school_2,1,202202090,157950
6802,202201530,2,1,player_name,,,,0,,,202201540,gal_map_text_202200166,,,1,,0,gal_bg_school_1,gal_bg_school_2,1,202202090,157950
6803,202201540,2,1,gal_name_02,30204,,,0,,,202201550,gal_map_text_202200167,,,1,,0,gal_bg_school_1,gal_bg_school_2,1,202202090,157950
6804,202201550,2,1,,10205,,,0,,,202201551,gal_map_text_202200168,,,1,,0,gal_bg_school_1,gal_bg_school_2,1,-1,157950
6805,202201551,3,1,,,,,0,,,-1,,,,,,2,gal_bg_school_3,gal_bg_street_20,1,-1,157950
6806,202201560,2,1,,,,,0,,,202201570,gal_map_text_202200169,,,1,,2,gal_bg_school_1,gal_bg_school_3,1,202201670,157950
6807,202201570,2,1,,10205,,,0,,,202201580,gal_map_text_202200170,,,2,,0,gal_bg_school_1,gal_bg_school_3,1,202201670,157950
6808,202201580,2,1,,10202,,,0,,,202201590,gal_map_text_202200171,,,2,,0,gal_bg_school_1,gal_bg_school_3,1,202201670,157950
6809,202201590,2,1,gal_name_02,20205,,,0,,,202201600,gal_map_text_202200172,,,1,,0,gal_bg_school_1,gal_bg_school_3,1,202201670,157950
6810,202201600,2,1,player_name,,,,0,,,202201610,gal_map_text_202200173,,,1,,0,gal_bg_school_1,gal_bg_school_3,1,202201670,157950
6811,202201610,2,1,gal_name_02,20205,,,0,,,202201620,gal_map_text_202200174,,,1,,0,gal_bg_school_1,gal_bg_school_3,1,202201670,157950
6812,202201620,2,1,player_name,,,,0,,,202201630,gal_map_text_202200175,,,1,,0,gal_bg_school_1,gal_bg_school_3,1,202201670,157950
6813,202201630,2,1,,10205,,,0,,,202201640,gal_map_text_202200176,,,2,,0,gal_bg_school_1,gal_bg_school_3,1,202201670,157950
6814,202201640,2,1,gal_name_02,20202,,,0,,,202201650,gal_map_text_202200177,,,1,,0,gal_bg_school_1,gal_bg_school_3,1,202201670,157950
6815,202201650,2,1,player_name,,,,0,,,202201660,gal_map_text_202200178,,,1,,0,gal_bg_school_1,gal_bg_school_3,1,202201670,157950
6816,202201660,2,1,,10205,,,0,,,202201670,gal_map_text_202200179,,,2,,0,gal_bg_school_1,gal_bg_school_3,1,202201670,157950
6817,202201670,2,2,,10205,2,gal_map_text_202200181|gal_map_text_202200182,1,,,202201680|202201730,gal_map_text_202200180,,,2,,2,gal_bg_school_1,gal_bg_school_3,1,,157950
6818,202201680,2,1,player_name,,,,0,,,202201690,gal_map_text_202200183,,,1,,0,gal_bg_school_1,gal_bg_school_3,1,202202430,157950
6819,202201690,2,1,gal_name_02,20205,,,0,,,202201700,gal_map_text_202200184,,,1,,0,gal_bg_school_1,gal_bg_school_3,1,202202430,157950
6820,202201700,2,1,player_name,,,,0,,,202201710,gal_map_text_202200185,,,1,,0,gal_bg_school_1,gal_bg_school_3,1,202202430,157950
6821,202201710,2,1,gal_name_02,30201,,,0,,,202201720,gal_map_text_202200186,,,1,,0,gal_bg_school_1,gal_bg_school_3,1,202202430,157950
6822,202201720,2,1,,10205,,,0,,,202201721,gal_map_text_202200187,,,1,,0,gal_bg_school_1,gal_bg_school_3,1,-1,157950
6823,202201721,3,1,,,,,0,,,-1,,,,,,2,gal_bg_school_3,gal_bg_street_20,1,-1,157950
6824,202201730,2,1,player_name,,,,0,,,202201740,gal_map_text_202200188,,,1,,0,gal_bg_school_1,gal_bg_school_3,1,202202430,157950
6825,202201740,2,1,gal_name_02,20201,,,0,,,202201750,gal_map_text_202200189,,,1,,0,gal_bg_school_1,gal_bg_school_3,1,202202430,157950
6826,202201750,2,1,player_name,,,,0,,,202201760,gal_map_text_202200190,,,1,,0,gal_bg_school_1,gal_bg_school_3,1,202202430,157950
6827,202201760,2,1,gal_name_02,30201,,,0,,,202201770,gal_map_text_202200191,,,1,,0,gal_bg_school_1,gal_bg_school_3,1,202202430,157950
6828,202201770,2,1,,10205,,,0,,,202201771,gal_map_text_202200192,,,1,,0,gal_bg_school_1,gal_bg_school_3,1,-1,157950
6829,202201771,3,1,,,,,0,,,-1,,,,,,2,gal_bg_school_3,gal_bg_street_20,1,-1,157950
6830,202201780,2,1,,,,,1,,,202201790,gal_map_text_202200193,,,1,,2,gal_bg_school_3,gal_bg_school_1,1,202202790,157950
6831,202201790,2,1,,10205,,,0,,,202201800,gal_map_text_202200194,,,2,,0,gal_bg_school_3,gal_bg_school_1,1,202202790,157950
6832,202201800,2,1,gal_name_02,20201,,,0,,,202201810,gal_map_text_202200195,,,1,,0,gal_bg_school_3,gal_bg_school_1,1,202202790,157950
6833,202201810,2,1,,,,,0,,,202201820,gal_map_text_202200196,,,2,,0,gal_bg_school_3,gal_bg_school_1,1,202202790,157950
6834,202201820,2,1,gal_name_02,30201,,,0,,,202201830,gal_map_text_202200197,,,1,,0,gal_bg_school_3,gal_bg_school_1,1,202202790,157950
6835,202201830,2,1,,20203,,,0,,,202201840,gal_map_text_202200198,,,2,,0,gal_bg_school_3,gal_bg_school_1,1,202202790,157950
6836,202201840,2,1,,10205,,,0,,,202201850,gal_map_text_202200199,,,2,,0,gal_bg_school_3,gal_bg_school_1,1,202202790,157950
6837,202201850,2,1,,10205,,,0,,,202201860,gal_map_text_202200200,,,2,,0,gal_bg_school_3,gal_bg_school_1,1,202202790,157950
6838,202201860,2,1,,,,,0,,,202201870,gal_map_text_202200201,,,2,,0,gal_bg_school_3,gal_bg_school_1,1,202202790,157950
6839,202201870,2,1,player_name,,,,0,,,202201880,gal_map_text_202200202,,,1,,0,gal_bg_school_3,gal_bg_school_1,1,202202790,157950
6840,202201880,2,1,gal_name_02,30205,,,0,,,202201890,gal_map_text_202200203,,,1,,0,gal_bg_school_3,gal_bg_school_1,1,202202790,157950
6841,202201890,2,1,player_name,,,,0,,,202201900,gal_map_text_202200204,,,1,,0,gal_bg_school_3,gal_bg_school_1,1,202202790,157950
6842,202201900,2,1,gal_name_02,30201,,,0,,,202201910,gal_map_text_202200205,,,1,,0,gal_bg_school_3,gal_bg_school_1,1,202202790,157950
6843,202201910,2,1,player_name,,,,0,,,202201920,gal_map_text_202200206,,,1,,0,gal_bg_school_3,gal_bg_school_1,1,202202790,157950
6844,202201920,2,1,,10205,,,0,,,-1,gal_map_text_202200207,,,1,,0,gal_bg_school_3,gal_bg_school_1,1,-1,157950
6845,202201930,2,1,,,,,1,,,202201940,gal_map_text_202200193,,,1,,2,gal_bg_school_3,gal_bg_school_1,1,202202790,157950
6846,202201940,2,1,,10205,,,0,,,202201950,gal_map_text_202200194,,,2,,0,gal_bg_school_3,gal_bg_school_1,1,202202790,157950
6847,202201950,2,1,gal_name_02,20202,,,0,,,202201960,gal_map_text_202200195,,,1,,0,gal_bg_school_3,gal_bg_school_1,1,202202790,157950
6848,202201960,2,1,,,,,0,,,202201970,gal_map_text_202200196,,,2,,0,gal_bg_school_3,gal_bg_school_1,1,202202790,157950
6849,202201970,2,1,gal_name_02,30206,,,0,,,202201980,gal_map_text_202200197,,,1,,0,gal_bg_school_3,gal_bg_school_1,1,202202790,157950
6850,202201980,2,1,,10205,,,0,,,202201990,gal_map_text_202200198,,,2,,0,gal_bg_school_3,gal_bg_school_1,1,202202790,157950
6851,202201990,2,1,,10205,,,0,,,202202000,gal_map_text_202200199,,,2,,0,gal_bg_school_3,gal_bg_school_1,1,202202790,157950
6852,202202000,2,1,,10205,,,0,,,202202010,gal_map_text_202200200,,,2,,0,gal_bg_school_3,gal_bg_school_1,1,202202790,157950
6853,202202010,2,1,,,,,0,,,202202020,gal_map_text_202200208,,,2,,0,gal_bg_school_3,gal_bg_school_1,1,202202790,157950
6854,202202020,2,1,player_name,,,,0,,,202202030,gal_map_text_202200209,,,1,,0,gal_bg_school_3,gal_bg_school_1,1,202202790,157950
6855,202202030,2,1,gal_name_02,30206,,,0,,,202202040,gal_map_text_202200210,,,1,,0,gal_bg_school_3,gal_bg_school_1,1,202202790,157950
6856,202202040,2,1,gal_name_02,10201,,,0,,,202202050,gal_map_text_202200211,,,1,,0,gal_bg_school_3,gal_bg_school_1,1,202202790,157950
6857,202202050,2,1,player_name,,,,0,,,202202060,gal_map_text_202200212,,,1,,0,gal_bg_school_3,gal_bg_school_1,1,202202790,157950
6858,202202060,2,1,gal_name_02,30202,,,0,,,202202070,gal_map_text_202200213,,,1,,0,gal_bg_school_3,gal_bg_school_1,1,202202790,157950
6859,202202070,2,1,player_name,,,,0,,,202202080,gal_map_text_202200214,,,1,,0,gal_bg_school_3,gal_bg_school_1,1,202202790,157950
6860,202202080,2,1,,10205,,,0,,,-1,gal_map_text_202200215,,,1,,0,gal_bg_school_3,gal_bg_school_1,1,-1,157950
6861,202202090,2,1,,,,,1,,,202202100,gal_map_text_202200216,,,1,,2,gal_bg_school_3,gal_bg_school_2,1,202202790,157950
6862,202202100,2,1,,10205,,,0,,,202202110,gal_map_text_202200217,,,2,,0,gal_bg_school_3,gal_bg_school_2,1,202202790,157950
6863,202202110,2,1,,10205,,,0,,,202202120,gal_map_text_202200218,,,2,,0,gal_bg_school_3,gal_bg_school_2,1,202202790,157950
6864,202202120,2,1,gal_name_02,20203,,,0,,,202202130,gal_map_text_202200219,,,1,,0,gal_bg_school_3,gal_bg_school_2,1,202202790,157950
6865,202202130,2,1,,,,,0,,,202202140,gal_map_text_202200220,,,2,,0,gal_bg_school_3,gal_bg_school_2,1,202202790,157950
6866,202202140,2,1,player_name,,,,0,,,202202150,gal_map_text_202200221,,,1,,0,gal_bg_school_3,gal_bg_school_2,1,202202790,157950
6867,202202150,2,1,gal_name_02,20205,,,0,,,202202160,gal_map_text_202200222,,,1,,0,gal_bg_school_3,gal_bg_school_2,1,202202790,157950
6868,202202160,2,1,,10205,,,0,,,202202170,gal_map_text_202200223,,,2,,0,gal_bg_school_3,gal_bg_school_2,1,202202790,157950
6869,202202170,2,1,,10205,,,0,,,202202180,gal_map_text_202200224,,,2,,0,gal_bg_school_3,gal_bg_school_2,1,202202790,157950
6870,202202180,2,1,,10205,,,0,,,202202190,gal_map_text_202200225,,,2,,0,gal_bg_school_3,gal_bg_school_2,1,202202790,157950
6871,202202190,2,1,player_name,,,,0,,,202202200,gal_map_text_202200226,,,1,,0,gal_bg_school_3,gal_bg_school_2,1,202202790,157950
6872,202202200,2,1,gal_name_02,20205,,,0,,,202202210,gal_map_text_202200227,,,1,,0,gal_bg_school_3,gal_bg_school_2,1,202202790,157950
6873,202202210,2,1,player_name,,,,0,,,202202220,gal_map_text_202200228,,,1,,0,gal_bg_school_3,gal_bg_school_2,1,202202790,157950
6874,202202220,2,1,gal_name_02,30205,,,0,,,202202230,gal_map_text_202200229,,,1,,0,gal_bg_school_3,gal_bg_school_2,1,202202790,157950
6875,202202230,2,1,player_name,,,,0,,,202202240,gal_map_text_202200230,,,1,,0,gal_bg_school_3,gal_bg_school_2,1,202202790,157950
6876,202202240,2,1,,10205,,,0,,,-1,gal_map_text_202200231,,,1,,0,gal_bg_school_3,gal_bg_school_2,1,-1,157950
6877,202202250,2,1,,,,,1,,,202202260,gal_map_text_202200216,,,1,,2,gal_bg_school_3,gal_bg_school_2,1,202202790,157950
6878,202202260,2,1,,10205,,,0,,,202202270,gal_map_text_202200217,,,2,,0,gal_bg_school_3,gal_bg_school_2,1,202202790,157950
6879,202202270,2,1,,10205,,,0,,,202202280,gal_map_text_202200218,,,2,,0,gal_bg_school_3,gal_bg_school_2,1,202202790,157950
6880,202202280,2,1,gal_name_02,20203,,,0,,,202202290,gal_map_text_202200219,,,1,,0,gal_bg_school_3,gal_bg_school_2,1,202202790,157950
6881,202202290,2,1,,,,,0,,,202202300,gal_map_text_202200220,,,2,,0,gal_bg_school_3,gal_bg_school_2,1,202202790,157950
6882,202202300,2,1,player_name,,,,0,,,202202310,gal_map_text_202200221,,,1,,0,gal_bg_school_3,gal_bg_school_2,1,202202790,157950
6883,202202310,2,1,gal_name_02,30201,,,0,,,202202320,gal_map_text_202200222,,,1,,0,gal_bg_school_3,gal_bg_school_2,1,202202790,157950
6884,202202320,2,1,,10205,,,0,,,202202330,gal_map_text_202200223,,,2,,0,gal_bg_school_3,gal_bg_school_2,1,202202790,157950
6885,202202330,2,1,,10205,,,0,,,202202340,gal_map_text_202200224,,,2,,0,gal_bg_school_3,gal_bg_school_2,1,202202790,157950
6886,202202340,2,1,,10205,,,0,,,202202350,gal_map_text_202200232,,,2,,0,gal_bg_school_3,gal_bg_school_2,1,202202790,157950
6887,202202350,2,1,player_name,,,,0,,,202202360,gal_map_text_202200233,,,1,,0,gal_bg_school_3,gal_bg_school_2,1,202202790,157950
6888,202202360,2,1,gal_name_02,30201,,,0,,,202202370,gal_map_text_202200234,,,1,,0,gal_bg_school_3,gal_bg_school_2,1,202202790,157950
6889,202202370,2,1,gal_name_02,20203,,,0,,,202202380,gal_map_text_202200235,,,1,,0,gal_bg_school_3,gal_bg_school_2,1,202202790,157950
6890,202202380,2,1,gal_name_02,20203,,,0,,,202202390,gal_map_text_202200236,,,1,,0,gal_bg_school_3,gal_bg_school_2,1,202202790,157950
6891,202202390,2,1,player_name,,,,0,,,202202400,gal_map_text_202200237,,,1,,0,gal_bg_school_3,gal_bg_school_2,1,202202790,157950
6892,202202400,2,1,gal_name_02,20205,,,0,,,202202410,gal_map_text_202200238,,,1,,0,gal_bg_school_3,gal_bg_school_2,1,202202790,157950
6893,202202410,2,1,player_name,,,,0,,,202202420,gal_map_text_202200239,,,1,,0,gal_bg_school_3,gal_bg_school_2,1,202202790,157950
6894,202202420,2,1,,10205,,,0,,,-1,gal_map_text_202200240,,,1,,0,gal_bg_school_3,gal_bg_school_2,1,-1,157950
6895,202202430,2,1,,,,,1,,,202202440,gal_map_text_202200241,,,1,,2,gal_bg_school_3,gal_bg_school_3,1,202202790,157950
6896,202202440,2,1,,10205,,,0,,,202202450,gal_map_text_202200242,,,2,,0,gal_bg_school_3,gal_bg_school_3,1,202202790,157950
6897,202202450,2,1,,10205,,,0,,,202202460,gal_map_text_202200243,,,2,,0,gal_bg_school_3,gal_bg_school_3,1,202202790,157950
6898,202202460,2,1,gal_name_02,20203,,,0,,,202202470,gal_map_text_202200244,,,1,,0,gal_bg_school_3,gal_bg_school_3,1,202202790,157950
6899,202202470,2,1,,,,,0,,,202202480,gal_map_text_202200245,,,2,,0,gal_bg_school_3,gal_bg_school_3,1,202202790,157950
6900,202202480,2,1,player_name,,,,0,,,202202490,gal_map_text_202200246,,,1,,0,gal_bg_school_3,gal_bg_school_3,1,202202790,157950
6901,202202490,2,1,gal_name_02,20205,,,0,,,202202500,gal_map_text_202200247,,,1,,0,gal_bg_school_3,gal_bg_school_3,1,202202790,157950
6902,202202500,2,1,,10205,,,0,,,202202510,gal_map_text_202200248,,,2,,0,gal_bg_school_3,gal_bg_school_3,1,202202790,157950
6903,202202510,2,1,,10205,,,0,,,202202520,gal_map_text_202200249,,,2,,0,gal_bg_school_3,gal_bg_school_3,1,202202790,157950
6904,202202520,2,1,,10205,,,0,,,202202530,gal_map_text_202200250,,,2,,0,gal_bg_school_3,gal_bg_school_3,1,202202790,157950
6905,202202530,2,1,,10205,,,0,,,202202540,gal_map_text_202200251,,,2,,0,gal_bg_school_3,gal_bg_school_3,1,202202790,157950
6906,202202540,2,1,player_name,,,,0,,,202202550,gal_map_text_202200252,,,1,,0,gal_bg_school_3,gal_bg_school_3,1,202202790,157950
6907,202202550,2,1,gal_name_02,30201,,,0,,,202202560,gal_map_text_202200253,,,1,,0,gal_bg_school_3,gal_bg_school_3,1,202202790,157950
6908,202202560,2,1,player_name,,,,0,,,202202570,gal_map_text_202200254,,,1,,0,gal_bg_school_3,gal_bg_school_3,1,202202790,157950
6909,202202570,2,1,gal_name_02,30201,,,0,,,202202580,gal_map_text_202200255,,,1,,0,gal_bg_school_3,gal_bg_school_3,1,202202790,157950
6910,202202580,2,1,player_name,,,,0,,,202202590,gal_map_text_202200256,,,1,,0,gal_bg_school_3,gal_bg_school_3,1,202202790,157950
6911,202202590,2,1,,10205,,,0,,,-1,gal_map_text_202200257,,,1,,0,gal_bg_school_3,gal_bg_school_3,1,-1,157950
6912,202202600,2,1,,,,,1,,,202202610,gal_map_text_202200241,,,1,,2,gal_bg_school_3,gal_bg_school_3,1,202202790,157950
6913,202202610,2,1,,10205,,,0,,,202202620,gal_map_text_202200242,,,2,,0,gal_bg_school_3,gal_bg_school_3,1,202202790,157950
6914,202202620,2,1,,10205,,,0,,,202202630,gal_map_text_202200243,,,2,,0,gal_bg_school_3,gal_bg_school_3,1,202202790,157950
6915,202202630,2,1,gal_name_02,20203,,,0,,,202202640,gal_map_text_202200244,,,1,,0,gal_bg_school_3,gal_bg_school_3,1,202202790,157950
6916,202202640,2,1,,,,,0,,,202202650,gal_map_text_202200245,,,2,,0,gal_bg_school_3,gal_bg_school_3,1,202202790,157950
6917,202202650,2,1,player_name,,,,0,,,202202660,gal_map_text_202200246,,,1,,0,gal_bg_school_3,gal_bg_school_3,1,202202790,157950
6918,202202660,2,1,gal_name_02,30205,,,0,,,202202670,gal_map_text_202200247,,,1,,0,gal_bg_school_3,gal_bg_school_3,1,202202790,157950
6919,202202670,2,1,,10205,,,0,,,202202680,gal_map_text_202200248,,,2,,0,gal_bg_school_3,gal_bg_school_3,1,202202790,157950
6920,202202680,2,1,,10205,,,0,,,202202690,gal_map_text_202200249,,,2,,0,gal_bg_school_3,gal_bg_school_3,1,202202790,157950
6921,202202690,2,1,,10205,,,0,,,202202700,gal_map_text_202200250,,,2,,0,gal_bg_school_3,gal_bg_school_3,1,202202790,157950
6922,202202700,2,1,,10205,,,0,,,202202710,gal_map_text_202200258,,,2,,0,gal_bg_school_3,gal_bg_school_3,1,202202790,157950
6923,202202710,2,1,player_name,,,,0,,,202202720,gal_map_text_202200259,,,1,,0,gal_bg_school_3,gal_bg_school_3,1,202202790,157950
6924,202202720,2,1,gal_name_02,30201,,,0,,,202202730,gal_map_text_202200260,,,1,,0,gal_bg_school_3,gal_bg_school_3,1,202202790,157950
6925,202202730,2,1,gal_name_02,30201,,,0,,,202202740,gal_map_text_202200261,,,1,,0,gal_bg_school_3,gal_bg_school_3,1,202202790,157950
6926,202202740,2,1,,,,,0,,,202202750,gal_map_text_202200262,,,2,,0,gal_bg_school_3,gal_bg_school_3,1,202202790,157950
6927,202202750,2,1,player_name,,,,0,,,202202760,gal_map_text_202200263,,,1,,0,gal_bg_school_3,gal_bg_school_3,1,202202790,157950
6928,202202760,2,1,gal_name_02,10201,,,0,,,202202770,gal_map_text_202200264,,,1,,0,gal_bg_school_3,gal_bg_school_3,1,202202790,157950
6929,202202770,2,1,player_name,,,,0,,,202202780,gal_map_text_202200265,,,1,,0,gal_bg_school_3,gal_bg_school_3,1,202202790,157950
6930,202202780,2,1,,,,,0,,,-1,gal_map_text_202200266,,,1,,0,gal_bg_school_3,gal_bg_room_2,1,-1,157950
6931,202202790,2,1,,10205,,,1,,,202202800,gal_map_text_202200267,,,1,,2,gal_bg_school_3,gal_bg_room_2,1,202202821,157950
6932,202202800,2,1,,,,,0,,,202202810,gal_map_text_202200268,,,2,,0,gal_bg_school_3,gal_bg_room_2,1,202202821,157950
6933,202202810,2,1,,,,,0,,,202202820,gal_map_text_202200269,,,2,,0,gal_bg_school_3,gal_bg_room_2,1,202202821,157950
6934,202202820,2,1,,,,,0,,,202202821,gal_map_text_202200270,,,2,,0,gal_bg_school_3,gal_bg_room_2,1,202202821,157950
6935,202202821,3,1,,,,,0,,,202202830,,,,,,2,gal_gallery_pic_24004302,gal_bg_room_2,1,-1,157950
6936,202202830,2,1,,,,,0,,,202202840,gal_map_text_202200271,,,2,,2,gal_gallery_pic_24004302,gal_bg_room_2,1,-1,157950
6937,202202840,2,1,,,,,0,,,202202850,gal_map_text_202200272,,,2,,0,gal_gallery_pic_24004302,gal_bg_room_2,1,-1,157950
6938,202202850,2,1,player_name,,,,0,,,202202860,gal_map_text_202200273,,,1,,0,gal_gallery_pic_24004302,gal_bg_room_2,1,-1,157950
6939,202202860,2,1,,,,,0,,,202202870,gal_map_text_202200274,,,2,,0,gal_gallery_pic_24004302,gal_bg_room_2,1,-1,157950
6940,202202870,2,1,gal_name_02,,,,0,,,202202880,gal_map_text_202200275,,,1,,0,gal_gallery_pic_24004302,gal_bg_room_2,1,-1,157950
6941,202202880,2,1,player_name,,,,0,,,202202890,gal_map_text_202200276,,,1,,0,gal_gallery_pic_24004302,gal_bg_room_2,1,-1,157950
6942,202202890,2,1,gal_name_02,,,,0,,,202202900,gal_map_text_202200277,,,1,,0,gal_gallery_pic_24004302,gal_bg_room_2,1,-1,157950
6943,202202900,2,1,player_name,,,,0,,,202202910,gal_map_text_202200278,,,1,,0,gal_gallery_pic_24004302,gal_bg_room_2,1,-1,157950
6944,202202910,2,1,gal_name_02,,,,0,,,202202920,gal_map_text_202200279,,,1,,0,gal_gallery_pic_24004302,gal_bg_room_2,1,-1,157950
6945,202202920,2,1,player_name,,,,0,,,202202930,gal_map_text_202200280,,,1,,0,gal_gallery_pic_24004302,gal_bg_room_2,1,-1,157950
6946,202202930,2,1,,10205,,,0,,,202202940,gal_map_text_202200281,,,2,,0,gal_gallery_pic_24004302,gal_bg_room_2,1,-1,157950
6947,202202940,2,1,,10205,,,0,,,202202950,gal_map_text_202200282,,,2,,0,gal_gallery_pic_24004302,gal_bg_room_2,1,-1,157950
6948,202202950,2,1,,10205,,,0,,,202202960,gal_map_text_202200283,,,2,,0,gal_gallery_pic_24004302,gal_bg_room_2,1,-1,157950
6949,202202960,2,1,,10205,,,0,,,202202970,gal_map_text_202200284,,,2,,0,gal_gallery_pic_24004302,gal_bg_room_2,1,-1,157950
6950,202202970,2,1,,10205,,,0,,,202202980,gal_map_text_202200285,,,2,,0,gal_gallery_pic_24004302,gal_bg_room_2,1,-1,157950
6951,202202980,2,1,gal_name_02,,,,0,,,202202990,gal_map_text_202200286,,,1,,0,gal_gallery_pic_24004302,gal_bg_room_2,1,-1,157950
6952,202202990,2,1,player_name,,,,0,,,202203000,gal_map_text_202200287,,,1,,0,gal_gallery_pic_24004302,gal_bg_room_2,1,-1,157950
6953,202203000,2,1,,,,,0,,,202203010,gal_map_text_202200288,,,1,,0,gal_gallery_pic_24004302,gal_bg_room_2,1,-1,157950
6954,202203010,2,1,,,,,0,,,-1,gal_map_text_202200289,,,1,,0,gal_gallery_pic_24004302,gal_bg_room_2,1,-1,157950
6955,204000000,2,1,,,,,0,,,204000010,gal_map_text_204000000,,,1,,2,gal_bg_street_2,gal_bg_room_2,1,204000100,157950
6956,204000010,2,1,,10405,,,0,,,204000020,gal_map_text_204000001,,,2,,0,gal_bg_street_2,gal_bg_room_2,1,204000100,157950
6957,204000020,2,1,player_name,,,,0,,,204000030,gal_map_text_204000002,,,1,,0,gal_bg_street_2,gal_bg_room_2,1,204000100,157950
6958,204000030,2,1,gal_name_04,20401,,,0,,,204000040,gal_map_text_204000003,,,1,,0,gal_bg_street_2,gal_bg_room_2,1,204000100,157950
6959,204000040,2,1,player_name,,,,0,,,204000050,gal_map_text_204000004,,,1,,0,gal_bg_street_2,gal_bg_room_2,1,204000100,157950
6960,204000050,2,1,gal_name_04,10401,,,0,,,204000060,gal_map_text_204000005,,,1,,0,gal_bg_street_2,gal_bg_room_2,1,204000100,157950
6961,204000060,2,1,player_name,,,,0,,,204000070,gal_map_text_204000006,,,1,,0,gal_bg_street_2,gal_bg_room_2,1,204000100,157950
6962,204000070,2,1,,10402,,,0,,,204000080,gal_map_text_204000007,,,2,,0,gal_bg_street_2,gal_bg_room_2,1,204000100,157950
6963,204000080,2,1,gal_name_04,30404,,,0,,,204000090,gal_map_text_204000008,,,1,,0,gal_bg_street_2,gal_bg_room_2,1,204000100,157950
6964,204000090,2,1,player_name,,,,0,,,204000100,gal_map_text_204000009,,,1,,0,gal_bg_street_2,gal_bg_room_2,1,204000100,157950
6965,204000100,2,2,,10405,2,gal_map_text_204000011|gal_map_text_204000012|gal_map_text_204000013,1,,,204000110|204000170|204000230,gal_map_text_204000010,,,2,,2,gal_bg_street_2,gal_bg_room_2,1,,157950
6966,204000110,2,1,player_name,,,,0,,,204000120,gal_map_text_204000014,,,1,,0,gal_bg_street_2,gal_bg_room_2,1,204000380,157950
6967,204000120,2,1,gal_name_04,10401,,,0,,,204000130,gal_map_text_204000015,,,1,,0,gal_bg_street_2,gal_bg_room_2,1,204000380,157950
6968,204000130,2,1,player_name,,,,0,,,204000140,gal_map_text_204000016,,,1,,0,gal_bg_street_2,gal_bg_room_2,1,204000380,157950
6969,204000140,2,1,gal_name_04,10401,,,0,,,204000150,gal_map_text_204000017,,,1,,0,gal_bg_street_2,gal_bg_room_2,1,204000380,157950
6970,204000150,2,1,,10405,,,0,,,204000160,gal_map_text_204000018,,,1,,0,gal_bg_street_2,gal_bg_room_2,1,-1,157950
6971,204000160,2,1,,10405,,,0,,,-1,gal_map_text_204000019,,,1,,0,gal_bg_street_2,gal_bg_room_2,1,-1,157950
6972,204000170,2,1,player_name,,,,0,,,204000180,gal_map_text_204000020,,,1,,0,gal_bg_street_2,gal_bg_room_2,1,204000720,157950
6973,204000180,2,1,gal_name_04,20401,,,0,,,204000190,gal_map_text_204000021,,,1,,0,gal_bg_street_2,gal_bg_room_2,1,204000720,157950
6974,204000190,2,1,player_name,,,,0,,,204000200,gal_map_text_204000022,,,1,,0,gal_bg_street_2,gal_bg_room_2,1,204000720,157950
6975,204000200,2,1,gal_name_04,30401,,,0,,,204000210,gal_map_text_204000023,,,1,,0,gal_bg_street_2,gal_bg_room_2,1,204000720,157950
6976,204000210,2,1,,10405,,,0,,,204000220,gal_map_text_204000024,,,1,,0,gal_bg_street_2,gal_bg_room_2,1,-1,157950
6977,204000220,2,1,,10405,,,0,,,-1,gal_map_text_204000025,,,1,,0,gal_bg_street_2,gal_bg_room_2,1,-1,157950
6978,204000230,2,1,player_name,,,,0,,,204000240,gal_map_text_204000026,,,1,,0,gal_bg_street_2,gal_bg_room_2,1,204001070,157950
6979,204000240,2,1,gal_name_04,20402,,,0,,,204000250,gal_map_text_204000027,,,1,,0,gal_bg_street_2,gal_bg_room_2,1,204001070,157950
6980,204000250,2,1,player_name,,,,0,,,204000260,gal_map_text_204000028,,,1,,0,gal_bg_street_2,gal_bg_room_2,1,204001070,157950
6981,204000260,2,1,gal_name_04,20401,,,0,,,204000270,gal_map_text_204000029,,,1,,0,gal_bg_street_2,gal_bg_room_2,1,204001070,157950
6982,204000270,2,1,,10405,,,0,,,204000280,gal_map_text_204000030,,,1,,0,gal_bg_street_2,gal_bg_room_2,1,-1,157950
6983,204000280,2,1,,10405,,,0,,,-1,gal_map_text_204000031,,,1,,0,gal_bg_street_2,gal_bg_room_2,1,-1,157950
6984,204000290,2,1,,,,,0,,,204000300,gal_map_text_204000032,,,1,,2,gal_bg_street_2,gal_bg_room_2,1,204000380,157950
6985,204000300,2,1,,10405,,,0,,,204000310,gal_map_text_204000033,,,2,,0,gal_bg_street_2,gal_bg_room_2,1,204000380,157950
6986,204000310,2,1,player_name,,,,0,,,204000320,gal_map_text_204000034,,,1,,0,gal_bg_street_2,gal_bg_room_2,1,204000380,157950
6987,204000320,2,1,gal_name_04,30403,,,0,,,204000330,gal_map_text_204000035,,,1,,0,gal_bg_street_2,gal_bg_room_2,1,204000380,157950
6988,204000330,2,1,player_name,,,,0,,,204000340,gal_map_text_204000036,,,1,,0,gal_bg_street_2,gal_bg_room_2,1,204000380,157950
6989,204000340,2,1,gal_name_04,30402,,,0,,,204000350,gal_map_text_204000037,,,1,,0,gal_bg_street_2,gal_bg_room_2,1,204000380,157950
6990,204000350,2,1,player_name,,,,0,,,204000360,gal_map_text_204000038,,,1,,0,gal_bg_street_2,gal_bg_room_2,1,204000380,157950
6991,204000360,2,1,gal_name_04,10401,,,0,,,204000370,gal_map_text_204000039,,,1,,0,gal_bg_street_2,gal_bg_room_2,1,204000380,157950
6992,204000370,2,1,,10405,,,0,,,204000380,gal_map_text_204000040,,,2,,0,gal_bg_street_2,gal_bg_room_2,1,204000380,157950
6993,204000380,2,2,,10405,2,gal_map_text_204000042|gal_map_text_204000043,1,,,204000390|204000500|,gal_map_text_204000041,,,2,,2,gal_bg_street_2,gal_bg_room_2,1,-1,157950
6994,204000390,2,1,player_name,,,,0,,,204000400,gal_map_text_204000044,,,1,,0,gal_bg_street_2,gal_bg_room_2,1,204001390,157950
6995,204000400,2,1,,10402,,,0,,,204000410,gal_map_text_204000045,,,2,,0,gal_bg_street_2,gal_bg_room_2,1,204001390,157950
6996,204000410,2,1,gal_name_04,10401,,,0,,,204000420,gal_map_text_204000046,,,1,,0,gal_bg_street_2,gal_bg_room_2,1,204001390,157950
6997,204000420,2,1,player_name,,,,0,,,204000430,gal_map_text_204000047,,,1,,0,gal_bg_street_2,gal_bg_room_2,1,204001390,157950
6998,204000430,2,1,gal_name_04,10401,,,0,,,204000440,gal_map_text_204000048,,,1,,0,gal_bg_street_2,gal_bg_room_2,1,204001390,157950
6999,204000440,2,1,,10402,,,0,,,204000450,gal_map_text_204000049,,,2,,0,gal_bg_street_2,gal_bg_room_2,1,204001390,157950
7000,204000450,2,1,gal_name_04,10401,,,0,,,204000460,gal_map_text_204000050,,,1,,0,gal_bg_street_2,gal_bg_room_2,1,204001390,157950
7001,204000460,2,1,player_name,,,,0,,,204000470,gal_map_text_204000051,,,1,,0,gal_bg_street_2,gal_bg_room_2,1,204001390,157950
7002,204000470,2,1,,,,,0,,,204000480,gal_map_text_204000052,,,2,,0,gal_bg_street_2,gal_bg_room_2,1,204001390,157950
7003,204000480,2,1,,10402,,,0,,,204000490,gal_map_text_204000053,,,2,,0,gal_bg_street_2,gal_bg_room_2,1,204001390,157950
7004,204000490,2,1,gal_name_04,10401,,,0,,,204000590,gal_map_text_204000054,,,1,,0,gal_bg_street_2,gal_bg_room_2,1,204001390,157950
7005,204000500,2,1,player_name,,,,0,,,204000510,gal_map_text_204000057,,,1,,0,gal_bg_street_2,gal_bg_room_2,1,204001390,157950
7006,204000510,2,1,,10402,,,0,,,204000520,gal_map_text_204000058,,,2,,0,gal_bg_street_2,gal_bg_room_2,1,204001390,157950
7007,204000520,2,1,gal_name_04,30401,,,0,,,204000530,gal_map_text_204000059,,,1,,0,gal_bg_street_2,gal_bg_room_2,1,204001390,157950
7008,204000530,2,1,,,,,0,,,204000540,gal_map_text_204000060,,,2,,0,gal_bg_street_2,gal_bg_room_2,1,204001390,157950
7009,204000540,2,1,player_name,,,,0,,,204000550,gal_map_text_204000061,,,1,,0,gal_bg_street_2,gal_bg_room_2,1,204001390,157950
7010,204000550,2,1,,10402,,,0,,,204000560,gal_map_text_204000062,,,2,,0,gal_bg_street_2,gal_bg_room_2,1,204001390,157950
7011,204000560,2,1,gal_name_04,30404,,,0,,,204000570,gal_map_text_204000063,,,1,,0,gal_bg_street_2,gal_bg_room_2,1,204001390,157950
7012,204000570,2,1,player_name,,,,0,,,204000580,gal_map_text_204000064,,,1,,0,gal_bg_street_2,gal_bg_room_2,1,204001390,157950
7013,204000580,2,1,gal_name_04,30404,,,0,,,204000590,gal_map_text_204000065,,,1,,0,gal_bg_street_2,gal_bg_room_2,1,204001390,157950
7014,204000590,2,1,,10405,,,0,,,204000600,gal_map_text_204000066,,,1,,0,gal_bg_street_2,gal_bg_room_2,1,-1,157950
7015,204000600,2,1,,10405,,,0,,,-1,gal_map_text_204000067,,,1,,0,gal_bg_street_2,gal_bg_room_2,1,-1,157950
7016,204000610,2,1,,,,,0,,,204000620,gal_map_text_204000068,,,1,,2,gal_bg_street_2,gal_bg_room_2,1,204000720,157950
7017,204000620,2,1,,10405,,,0,,,204000630,gal_map_text_204000069,,,2,,0,gal_bg_street_2,gal_bg_room_2,1,204000720,157950
7018,204000630,2,1,player_name,,,,0,,,204000640,gal_map_text_204000070,,,1,,0,gal_bg_street_2,gal_bg_room_2,1,204000720,157950
7019,204000640,2,1,gal_name_04,10401,,,0,,,204000650,gal_map_text_204000071,,,1,,0,gal_bg_street_2,gal_bg_room_2,1,204000720,157950
7020,204000650,2,1,,10405,,,0,,,204000660,gal_map_text_204000072,,,2,,0,gal_bg_street_2,gal_bg_room_2,1,204000720,157950
7021,204000660,2,1,,10402,,,0,,,204000670,gal_map_text_204000073,,,2,,0,gal_bg_street_2,gal_bg_room_2,1,204000720,157950
7022,204000670,2,1,gal_name_04,10401,,,0,,,204000680,gal_map_text_204000074,,,1,,0,gal_bg_street_2,gal_bg_room_2,1,204000720,157950
7023,204000680,2,1,player_name,,,,0,,,204000690,gal_map_text_204000075,,,1,,0,gal_bg_street_2,gal_bg_room_2,1,204000720,157950
7024,204000690,2,1,,10405,,,0,,,204000700,gal_map_text_204000076,,,2,,0,gal_bg_street_2,gal_bg_room_2,1,204000720,157950
7025,204000700,2,1,gal_name_04,20401,,,0,,,204000710,gal_map_text_204000077,,,1,,0,gal_bg_street_2,gal_bg_room_2,1,204000720,157950
7026,204000710,2,1,,10405,,,0,,,204000720,gal_map_text_204000078,,,2,,0,gal_bg_street_2,gal_bg_room_2,1,204000720,157950
7027,204000720,2,2,,10405,2,gal_map_text_204000080|gal_map_text_204000081,1,,,204000730|204000820,gal_map_text_204000079,,,2,,2,gal_bg_street_2,gal_bg_room_2,1,,157950
7028,204000730,2,1,player_name,,,,0,,,204000740,gal_map_text_204000082,,,1,,0,gal_bg_street_2,gal_bg_room_2,1,204001690,157950
7029,204000740,2,1,gal_name_04,20401,,,0,,,204000750,gal_map_text_204000083,,,1,,0,gal_bg_street_2,gal_bg_room_2,1,204001690,157950
7030,204000750,2,1,player_name,,,,0,,,204000760,gal_map_text_204000084,,,1,,0,gal_bg_street_2,gal_bg_room_2,1,204001690,157950
7031,204000760,2,1,gal_name_04,10401,,,0,,,204000770,gal_map_text_204000085,,,1,,0,gal_bg_street_2,gal_bg_room_2,1,204001690,157950
7032,204000770,2,1,player_name,,,,0,,,204000780,gal_map_text_204000086,,,1,,0,gal_bg_street_2,gal_bg_room_2,1,204001690,157950
7033,204000780,2,1,gal_name_04,20401,,,0,,,204000790,gal_map_text_204000087,,,1,,0,gal_bg_street_2,gal_bg_room_2,1,204001690,157950
7034,204000790,2,1,,10405,,,0,,,204000800,gal_map_text_204000088,,,1,,0,gal_bg_street_2,gal_bg_room_2,1,-1,157950
7035,204000800,2,1,,10405,,,0,,,204000810,gal_map_text_204000089,,,1,,0,gal_bg_street_2,gal_bg_room_2,1,-1,157950
7036,204000810,2,1,,10405,,,0,,,-1,gal_map_text_204000090,,,1,,0,gal_bg_street_2,gal_bg_room_2,1,-1,157950
7037,204000820,2,1,player_name,,,,0,,,204000830,gal_map_text_204000091,,,1,,0,gal_bg_street_2,gal_bg_room_2,1,204001690,157950
7038,204000830,2,1,gal_name_04,10401,,,0,,,204000840,gal_map_text_204000092,,,1,,0,gal_bg_street_2,gal_bg_room_2,1,204001690,157950
7039,204000840,2,1,player_name,,,,0,,,204000850,gal_map_text_204000093,,,1,,0,gal_bg_street_2,gal_bg_room_2,1,204001690,157950
7040,204000850,2,1,gal_name_04,20401,,,0,,,204000860,gal_map_text_204000094,,,1,,0,gal_bg_street_2,gal_bg_room_2,1,204001690,157950
7041,204000860,2,1,player_name,,,,0,,,204000870,gal_map_text_204000095,,,1,,0,gal_bg_street_2,gal_bg_room_2,1,204001690,157950
7042,204000870,2,1,,10402,,,0,,,204000880,gal_map_text_204000096,,,2,,0,gal_bg_street_2,gal_bg_room_2,1,204001690,157950
7043,204000880,2,1,gal_name_04,30401,,,0,,,204000890,gal_map_text_204000097,,,1,,0,gal_bg_street_2,gal_bg_room_2,1,204001690,157950
7044,204000890,2,1,player_name,,,,0,,,204000900,gal_map_text_204000098,,,1,,0,gal_bg_street_2,gal_bg_room_2,1,204001690,157950
7045,204000900,2,1,,10405,,,0,,,204000910,gal_map_text_204000099,,,1,,0,gal_bg_street_2,gal_bg_room_2,1,-1,157950
7046,204000910,2,1,,10405,,,0,,,204000920,gal_map_text_204000100,,,1,,0,gal_bg_street_2,gal_bg_room_2,1,-1,157950
7047,204000920,2,1,,10405,,,0,,,-1,gal_map_text_204000101,,,1,,0,gal_bg_street_2,gal_bg_room_2,1,-1,157950
7048,204000930,2,1,,,,,0,,,204000940,gal_map_text_204000102,,,1,,2,gal_bg_street_2,gal_bg_room_2,1,204001070,157950
7049,204000940,2,1,,10405,,,0,,,204000950,gal_map_text_204000103,,,2,,0,gal_bg_street_2,gal_bg_room_2,1,204001070,157950
7050,204000950,2,1,player_name,,,,0,,,204000960,gal_map_text_204000104,,,1,,0,gal_bg_street_2,gal_bg_room_2,1,204001070,157950
7051,204000960,2,1,,10402,,,0,,,204000970,gal_map_text_204000105,,,2,,0,gal_bg_street_2,gal_bg_room_2,1,204001070,157950
7052,204000970,2,1,gal_name_04,30405,,,0,,,204000980,gal_map_text_204000106,,,1,,0,gal_bg_street_2,gal_bg_room_2,1,204001070,157950
7053,204000980,2,1,player_name,,,,0,,,204000990,gal_map_text_204000107,,,1,,0,gal_bg_street_2,gal_bg_room_2,1,204001070,157950
7054,204000990,2,1,gal_name_04,30402,,,0,,,204001000,gal_map_text_204000108,,,1,,0,gal_bg_street_2,gal_bg_room_2,1,204001070,157950
7055,204001000,2,1,player_name,,,,0,,,204001010,gal_map_text_204000109,,,1,,0,gal_bg_street_2,gal_bg_room_2,1,204001070,157950
7056,204001010,2,1,gal_name_04,30402,,,0,,,204001020,gal_map_text_204000110,,,1,,0,gal_bg_street_2,gal_bg_room_2,1,204001070,157950
7057,204001020,2,1,player_name,,,,0,,,204001030,gal_map_text_204000111,,,1,,0,gal_bg_street_2,gal_bg_room_2,1,204001070,157950
7058,204001030,2,1,gal_name_04,10401,,,0,,,204001040,gal_map_text_204000112,,,1,,0,gal_bg_street_2,gal_bg_room_2,1,204001070,157950
7059,204001040,2,1,,10405,,,0,,,204001050,gal_map_text_204000113,,,2,,0,gal_bg_street_2,gal_bg_room_2,1,204001070,157950
7060,204001050,2,1,,10405,,,0,,,204001060,gal_map_text_204000114,,,2,,0,gal_bg_street_2,gal_bg_room_2,1,204001070,157950
7061,204001060,2,1,player_name,,,,0,,,204001070,gal_map_text_204000115,,,1,,0,gal_bg_street_2,gal_bg_room_2,1,204001070,157950
7062,204001070,2,2,gal_name_04,30404,2,gal_map_text_204000117|gal_map_text_204000118,1,,,204001080|204001170,gal_map_text_204000116,,,1,,2,gal_bg_street_2,gal_bg_room_2,1,,157950
7063,204001080,2,1,player_name,,,,0,,,204001090,gal_map_text_204000119,,,1,,0,gal_bg_street_2,gal_bg_room_2,1,204002090,157950
7064,204001090,2,1,gal_name_04,10401,,,0,,,204001100,gal_map_text_204000120,,,1,,0,gal_bg_street_2,gal_bg_room_2,1,204002090,157950
7065,204001100,2,1,player_name,,,,0,,,204001110,gal_map_text_204000121,,,1,,0,gal_bg_street_2,gal_bg_room_2,1,204002090,157950
7066,204001110,2,1,,10402,,,0,,,204001120,gal_map_text_204000122,,,2,,0,gal_bg_street_2,gal_bg_room_2,1,204002090,157950
7067,204001120,2,1,gal_name_04,30404,,,0,,,204001130,gal_map_text_204000123,,,1,,0,gal_bg_street_2,gal_bg_room_2,1,204002090,157950
7068,204001130,2,1,player_name,,,,0,,,204001140,gal_map_text_204000124,,,1,,0,gal_bg_street_2,gal_bg_room_2,1,204002090,157950
7069,204001140,2,1,gal_name_04,10401,,,0,,,204001150,gal_map_text_204000125,,,1,,0,gal_bg_street_2,gal_bg_room_2,1,204002090,157950
7070,204001150,2,1,,10405,,,0,,,204001160,gal_map_text_204000126,,,1,,0,gal_bg_street_2,gal_bg_room_2,1,-1,157950
7071,204001160,2,1,,10405,,,0,,,-1,gal_map_text_204000127,,,1,,0,gal_bg_street_2,gal_bg_room_2,1,-1,157950
7072,204001170,2,1,player_name,,,,0,,,204001180,gal_map_text_204000128,,,1,,0,gal_bg_street_2,gal_bg_room_2,1,204002090,157950
7073,204001180,2,1,gal_name_04,10401,,,0,,,204001190,gal_map_text_204000129,,,1,,0,gal_bg_street_2,gal_bg_room_2,1,204002090,157950
7074,204001190,2,1,player_name,,,,0,,,204001200,gal_map_text_204000130,,,1,,0,gal_bg_street_2,gal_bg_room_2,1,204002090,157950
7075,204001200,2,1,,10402,,,0,,,204001210,gal_map_text_204000131,,,2,,0,gal_bg_street_2,gal_bg_room_2,1,204002090,157950
7076,204001210,2,1,gal_name_04,10401,,,0,,,204001220,gal_map_text_204000132,,,1,,0,gal_bg_street_2,gal_bg_room_2,1,204002090,157950
7077,204001220,2,1,player_name,,,,0,,,204001230,gal_map_text_204000133,,,1,,0,gal_bg_street_2,gal_bg_room_2,1,204002090,157950
7078,204001230,2,1,,10405,,,0,,,204001240,gal_map_text_204000134,,,1,,0,gal_bg_street_2,gal_bg_room_2,1,204001390,157950
7079,204001240,2,1,,10405,,,0,,,-1,gal_map_text_204000135,,,1,,0,gal_bg_street_2,gal_bg_room_2,1,204001390,157950
7080,204001250,2,1,,,,,0,,,204001260,gal_map_text_204000136,,,1,,2,gal_bg_street_2,gal_bg_room_2,1,204001390,157950
7081,204001260,2,1,,10405,,,0,,,204001270,gal_map_text_204000137,,,2,,0,gal_bg_street_2,gal_bg_room_2,1,204001390,157950
7082,204001270,2,1,,10405,,,0,,,204001280,gal_map_text_204000138,,,2,,0,gal_bg_street_2,gal_bg_room_2,1,204001390,157950
7083,204001280,2,1,player_name,,,,0,,,204001290,gal_map_text_204000139,,,1,,0,gal_bg_street_2,gal_bg_room_2,1,204001390,157950
7084,204001290,2,1,player_name,,,,0,,,204001300,gal_map_text_204000140,,,1,,0,gal_bg_street_2,gal_bg_room_2,1,204001390,157950
7085,204001300,2,1,gal_name_04,10412,,,0,,,204001310,gal_map_text_204000141,,,2,,0,gal_bg_street_2,gal_bg_room_2,1,204001390,157950
7086,204001310,2,1,player_name,,,,0,,,204001320,gal_map_text_204000142,,,1,,0,gal_bg_street_2,gal_bg_room_2,1,204001390,157950
7087,204001320,2,1,,10405,,,0,,,204001330,gal_map_text_204000143,,,2,,0,gal_bg_street_2,gal_bg_room_2,1,204001390,157950
7088,204001330,2,1,player_name,,,,0,,,204001340,gal_map_text_204000144,,,1,,0,gal_bg_street_2,gal_bg_room_2,1,204001390,157950
7089,204001340,2,1,,10405,,,0,,,204001350,gal_map_text_204000145,,,2,,0,gal_bg_street_2,gal_bg_room_2,1,204001390,157950
7090,204001350,2,1,player_name,,,,0,,,204001360,gal_map_text_204000146,,,1,,0,gal_bg_street_2,gal_bg_room_2,1,204001390,157950
7091,204001360,2,1,gal_name_04,10412,,,0,,,204001370,gal_map_text_204000147,,,2,,0,gal_bg_street_2,gal_bg_room_2,1,204001390,157950
7092,204001370,2,1,,10405,,,0,,,204001380,gal_map_text_204000148,,,2,,0,gal_bg_street_2,gal_bg_room_2,1,204001390,157950
7093,204001380,2,1,,10405,,,0,,,204001390,gal_map_text_204000149,,,2,,0,gal_bg_street_2,gal_bg_room_2,1,204001390,157950
7094,204001390,2,2,,10405,2,gal_map_text_204000151|gal_map_text_204000152,1,,,204001400|204001570,gal_map_text_204000150,,,2,,2,gal_bg_street_2,gal_bg_room_2,1,,157950
7095,204001400,2,1,,,,,0,,,204001410,gal_map_text_204000153,,,2,,0,gal_bg_street_2,gal_bg_room_2,1,204002370,157950
7096,204001410,2,1,player_name,,,,0,,,204001420,gal_map_text_204000154,,,1,,0,gal_bg_street_2,gal_bg_room_2,1,204002370,157950
7097,204001420,2,1,gal_name_04,10412,,,0,,,204001430,gal_map_text_204000155,,,2,,0,gal_bg_street_2,gal_bg_room_2,1,204002370,157950
7098,204001430,2,1,,,,,0,,,204001440,gal_map_text_204000156,,,1,,0,gal_bg_street_2,gal_bg_room_2,1,204002370,157950
7099,204001440,2,1,player_name,,,,0,,,204001450,gal_map_text_204000157,,,1,,0,gal_bg_street_2,gal_bg_room_2,1,204002370,157950
7100,204001450,2,1,,10402,,,0,,,204001460,gal_map_text_204000158,,,2,,0,gal_bg_street_2,gal_bg_room_2,1,204002370,157950
7101,204001460,2,1,player_name,,,,0,,,204001470,gal_map_text_204000159,,,1,,0,gal_bg_street_2,gal_bg_room_2,1,204002370,157950
7102,204001470,2,1,,10402,,,0,,,204001480,gal_map_text_204000160,,,1,,0,gal_bg_street_2,gal_bg_room_2,1,204002370,157950
7103,204001480,2,1,player_name,,,,0,,,204001490,gal_map_text_204000161,,,1,,0,gal_bg_street_2,gal_bg_room_2,1,204002370,157950
7104,204001490,2,1,,10402,,,0,,,204001500,gal_map_text_204000162,,,2,,0,gal_bg_street_2,gal_bg_room_2,1,204002370,157950
7105,204001500,2,1,gal_name_04,10401,,,0,,,204001510,gal_map_text_204000163,,,1,,0,gal_bg_street_2,gal_bg_room_2,1,204002370,157950
7106,204001510,2,1,player_name,,,,0,,,204001520,gal_map_text_204000164,,,1,,0,gal_bg_street_2,gal_bg_room_2,1,204002370,157950
7107,204001520,2,1,,10405,,,0,,,204001530,gal_map_text_204000165,,,1,,0,gal_bg_street_2,gal_bg_room_2,1,-1,157950
7108,204001530,2,1,,10405,,,0,,,204001540,gal_map_text_204000166,,,1,,0,gal_bg_street_2,gal_bg_room_2,1,-1,157950
7109,204001540,2,1,,10405,,,0,,,204001550,gal_map_text_204000167,,,1,,0,gal_bg_street_2,gal_bg_room_2,1,-1,157950
7110,204001550,2,1,,10405,,,0,,,204001560,gal_map_text_204000168,,,1,,0,gal_bg_street_2,gal_bg_room_2,1,-1,157950
7111,204001560,2,1,,10405,,,0,,,204001561,gal_map_text_204000169,,,1,,0,gal_bg_street_2,gal_bg_room_2,1,-1,157950
7112,204001561,3,1,,,,,0,,,-1,,,,,,2,gal_bg_street_1,gal_bg_street_20,1,-1,157950
7113,204001570,2,1,player_name,,,,0,,,204001580,gal_map_text_204000170,,,1,,0,gal_bg_street_2,gal_bg_room_2,1,204002560,157950
7114,204001580,2,1,player_name,,,,0,,,204001590,gal_map_text_204000171,,,1,,0,gal_bg_street_2,gal_bg_room_2,1,204002560,157950
7115,204001590,2,1,player_name,,,,0,,,204001600,gal_map_text_204000172,,,1,,0,gal_bg_street_2,gal_bg_room_2,1,204002560,157950
7116,204001600,2,1,,10402,,,0,,,204001610,gal_map_text_204000173,,,2,,0,gal_bg_street_2,gal_bg_room_2,1,204002560,157950
7117,204001610,2,1,player_name,,,,0,,,204001620,gal_map_text_204000174,,,1,,0,gal_bg_street_2,gal_bg_room_2,1,204002560,157950
7118,204001620,2,1,,10402,,,0,,,204001630,gal_map_text_204000175,,,2,,0,gal_bg_street_2,gal_bg_room_2,1,204002560,157950
7119,204001630,2,1,gal_name_04,30404,,,0,,,204001640,gal_map_text_204000176,,,1,,0,gal_bg_street_2,gal_bg_room_2,1,204002560,157950
7120,204001640,2,1,player_name,,,,0,,,204001650,gal_map_text_204000177,,,1,,0,gal_bg_street_2,gal_bg_room_2,1,204002560,157950
7121,204001650,2,1,,10405,,,0,,,204001660,gal_map_text_204000178,,,1,,0,gal_bg_street_2,gal_bg_room_2,1,-1,157950
7122,204001660,2,1,,10405,,,0,,,204001670,gal_map_text_204000179,,,1,,0,gal_bg_street_2,gal_bg_room_2,1,-1,157950
7123,204001670,2,1,,10405,,,0,,,204001680,gal_map_text_204000180,,,1,,0,gal_bg_street_2,gal_bg_room_2,1,-1,157950
7124,204001680,2,1,,10405,,,0,,,204001681,gal_map_text_204000181,,,1,,0,gal_bg_street_2,gal_bg_room_2,1,-1,157950
7125,204001681,3,1,,,,,0,,,-1,,,,,,2,gal_bg_street_1,gal_bg_street_20,1,-1,157950
7126,204001690,2,1,,,,,0,,,204001700,gal_map_text_204000182,,,1,,2,gal_bg_street_2,gal_bg_room_2,1,204001770,157950
7127,204001700,2,1,,10405,,,0,,,204001710,gal_map_text_204000183,,,2,,0,gal_bg_street_2,gal_bg_room_2,1,204001770,157950
7128,204001710,2,1,,10405,,,0,,,204001720,gal_map_text_204000184,,,2,,0,gal_bg_street_2,gal_bg_room_2,1,204001770,157950
7129,204001720,2,1,player_name,,,,0,,,204001730,gal_map_text_204000185,,,1,,0,gal_bg_street_2,gal_bg_room_2,1,204001770,157950
7130,204001730,2,1,gal_name_04,30404,,,0,,,204001740,gal_map_text_204000186,,,1,,0,gal_bg_street_2,gal_bg_room_2,1,204001770,157950
7131,204001740,2,1,player_name,,,,0,,,204001750,gal_map_text_204000187,,,1,,0,gal_bg_street_2,gal_bg_room_2,1,204001770,157950
7132,204001750,2,1,gal_name_04,30404,,,0,,,204001760,gal_map_text_204000188,,,1,,0,gal_bg_street_2,gal_bg_room_2,1,204001770,157950
7133,204001760,2,1,,10405,,,0,,,204001770,gal_map_text_204000189,,,2,,0,gal_bg_street_2,gal_bg_room_2,1,204001770,157950
7134,204001770,2,2,,10405,2,gal_map_text_204000191|gal_map_text_204000192,1,,,204001780|204001870,gal_map_text_204000190,,,2,,2,gal_bg_street_2,gal_bg_room_2,1,,157950
7135,204001780,2,1,player_name,,,,0,,,204001790,gal_map_text_204000193,,,1,,0,gal_bg_street_2,gal_bg_room_2,1,204002780,157950
7136,204001790,2,1,gal_name_04,30402,,,0,,,204001800,gal_map_text_204000194,,,1,,0,gal_bg_street_2,gal_bg_room_2,1,204002780,157950
7137,204001800,2,1,gal_name_04,30402,,,0,,,204001810,gal_map_text_204000195,,,1,,0,gal_bg_street_2,gal_bg_room_2,1,204002780,157950
7138,204001810,2,1,player_name,,,,0,,,204001820,gal_map_text_204000196,,,1,,0,gal_bg_street_2,gal_bg_room_2,1,204002780,157950
7139,204001820,2,1,gal_name_04,30403,,,0,,,204001830,gal_map_text_204000197,,,1,,0,gal_bg_street_2,gal_bg_room_2,1,204002780,157950
7140,204001830,2,1,player_name,,,,0,,,204001840,gal_map_text_204000198,,,1,,0,gal_bg_street_2,gal_bg_room_2,1,204002780,157950
7141,204001840,2,1,gal_name_04,30404,,,0,,,204001850,gal_map_text_204000199,,,1,,0,gal_bg_street_2,gal_bg_room_2,1,204002780,157950
7142,204001850,2,1,,10405,,,0,,,204001860,gal_map_text_204000200,,,1,,0,gal_bg_street_2,gal_bg_room_2,1,-1,157950
7143,204001860,2,1,,10405,,,0,,,204001861,gal_map_text_204000201,,,1,,0,gal_bg_street_2,gal_bg_room_2,1,-1,157950
7144,204001861,3,1,,,,,0,,,-1,,,,,,2,gal_bg_street_1,gal_bg_street_20,1,-1,157950
7145,204001870,2,1,player_name,,,,0,,,204001880,gal_map_text_204000202,,,1,,0,gal_bg_street_2,gal_bg_room_2,1,204002970,157950
7146,204001880,2,1,gal_name_04,30405,,,0,,,204001890,gal_map_text_204000203,,,1,,0,gal_bg_street_2,gal_bg_room_2,1,204002970,157950
7147,204001890,2,1,player_name,,,,0,,,204001900,gal_map_text_204000204,,,1,,0,gal_bg_street_2,gal_bg_room_2,1,204002970,157950
7148,204001900,2,1,gal_name_04,10401,,,0,,,204001910,gal_map_text_204000205,,,1,,0,gal_bg_street_2,gal_bg_room_2,1,204002970,157950
7149,204001910,2,1,player_name,,,,0,,,204001920,gal_map_text_204000206,,,1,,0,gal_bg_street_2,gal_bg_room_2,1,204002970,157950
7150,204001920,2,1,gal_name_04,10401,,,0,,,204001930,gal_map_text_204000207,,,1,,0,gal_bg_street_2,gal_bg_room_2,1,204002970,157950
7151,204001930,2,1,,10405,,,0,,,204001940,gal_map_text_204000208,,,1,,0,gal_bg_street_2,gal_bg_room_2,1,-1,157950
7152,204001940,2,1,,10405,,,0,,,204001941,gal_map_text_204000209,,,1,,0,gal_bg_street_2,gal_bg_room_2,1,-1,157950
7153,204001941,3,1,,,,,0,,,-1,,,,,,2,gal_bg_street_1,gal_bg_street_20,1,-1,157950
7154,204001950,2,1,,,,,0,,,204001960,gal_map_text_204000210,,,1,,2,gal_bg_street_2,gal_bg_room_2,1,204002090,157950
7155,204001960,2,1,,10405,,,0,,,204001970,gal_map_text_204000211,,,2,,0,gal_bg_street_2,gal_bg_room_2,1,204002090,157950
7156,204001970,2,1,,10405,,,0,,,204001980,gal_map_text_204000212,,,2,,0,gal_bg_street_2,gal_bg_room_2,1,204002090,157950
7157,204001980,2,1,player_name,,,,0,,,204001990,gal_map_text_204000213,,,1,,0,gal_bg_street_2,gal_bg_room_2,1,204002090,157950
7158,204001990,2,1,,10402,,,0,,,204002000,gal_map_text_204000214,,,2,,0,gal_bg_street_2,gal_bg_room_2,1,204002090,157950
7159,204002000,2,1,gal_name_04,10401,,,0,,,204002010,gal_map_text_204000215,,,1,,0,gal_bg_street_2,gal_bg_room_2,1,204002090,157950
7160,204002010,2,1,player_name,,,,0,,,204002020,gal_map_text_204000216,,,1,,0,gal_bg_street_2,gal_bg_room_2,1,204002090,157950
7161,204002020,2,1,gal_name_04,30404,,,0,,,204002030,gal_map_text_204000217,,,1,,0,gal_bg_street_2,gal_bg_room_2,1,204002090,157950
7162,204002030,2,1,player_name,,,,0,,,204002040,gal_map_text_204000218,,,1,,0,gal_bg_street_2,gal_bg_room_2,1,204002090,157950
7163,204002040,2,1,gal_name_04,30404,,,0,,,204002050,gal_map_text_204000219,,,1,,0,gal_bg_street_2,gal_bg_room_2,1,204002090,157950
7164,204002050,2,1,,10402,,,0,,,204002060,gal_map_text_204000220,,,2,,0,gal_bg_street_2,gal_bg_room_2,1,204002090,157950
7165,204002060,2,1,gal_name_04,10401,,,0,,,204002070,gal_map_text_204000221,,,1,,0,gal_bg_street_2,gal_bg_room_2,1,204002090,157950
7166,204002070,2,1,,10405,,,0,,,204002080,gal_map_text_204000222,,,2,,0,gal_bg_street_2,gal_bg_room_2,1,204002090,157950
7167,204002080,2,1,,10405,,,0,,,204002090,gal_map_text_204000223,,,2,,0,gal_bg_street_2,gal_bg_room_2,1,204002090,157950
7168,204002090,2,2,,10405,2,gal_map_text_204000225|gal_map_text_204000226,1,,,204002100|204002230,gal_map_text_204000224,,,2,,2,gal_bg_street_2,gal_bg_room_2,1,,157950
7169,204002100,2,1,player_name,,,,0,,,204002110,gal_map_text_204000227,,,1,,0,gal_bg_street_2,gal_bg_room_2,1,204003150,157950
7170,204002110,2,1,,10402,,,0,,,204002120,gal_map_text_204000228,,,2,,0,gal_bg_street_2,gal_bg_room_2,1,204003150,157950
7171,204002120,2,1,gal_name_04,20404,,,0,,,204002130,gal_map_text_204000229,,,1,,0,gal_bg_street_2,gal_bg_room_2,1,204003150,157950
7172,204002130,2,1,player_name,,,,0,,,204002140,gal_map_text_204000230,,,1,,0,gal_bg_street_2,gal_bg_room_2,1,204003150,157950
7173,204002140,2,1,,10405,,,0,,,204002150,gal_map_text_204000231,,,2,,0,gal_bg_street_2,gal_bg_room_2,1,204003150,157950
7174,204002150,2,1,gal_name_04,30405,,,0,,,204002160,gal_map_text_204000232,,,1,,0,gal_bg_street_2,gal_bg_room_2,1,204003150,157950
7175,204002160,2,1,player_name,,,,0,,,204002170,gal_map_text_204000233,,,1,,0,gal_bg_street_2,gal_bg_room_2,1,204003150,157950
7176,204002170,2,1,,10405,,,0,,,204002180,gal_map_text_204000234,,,1,,0,gal_bg_street_2,gal_bg_room_2,1,-1,157950
7177,204002180,2,1,,10405,,,0,,,204002190,gal_map_text_204000235,,,1,,0,gal_bg_street_2,gal_bg_room_2,1,-1,157950
7178,204002190,2,1,,10402,,,0,,,204002200,gal_map_text_204000236,,,2,,0,gal_bg_street_2,gal_bg_room_2,1,-1,157950
7179,204002200,2,1,gal_name_04,20401,,,0,,,204002210,gal_map_text_204000237,,,1,,0,gal_bg_street_2,gal_bg_room_2,1,-1,157950
7180,204002210,2,1,,10405,,,0,,,204002220,gal_map_text_204000238,,,2,,0,gal_bg_street_2,gal_bg_room_2,1,-1,157950
7181,204002220,2,1,gal_name_04,20401,,,0,,,-1,gal_map_text_204000239,,,1,,0,gal_bg_street_2,gal_bg_room_2,1,-1,157950
7182,204002230,2,1,player_name,,,,0,,,204002240,gal_map_text_204000240,,,1,,0,gal_bg_street_2,gal_bg_room_2,1,204002970,157950
7183,204002240,2,1,gal_name_04,10402,,,0,,,204002250,gal_map_text_204000241,,,1,,0,gal_bg_street_2,gal_bg_room_2,1,204002970,157950
7184,204002250,2,1,gal_name_04,20404,,,0,,,204002260,gal_map_text_204000242,,,1,,0,gal_bg_street_2,gal_bg_room_2,1,204002970,157950
7185,204002260,2,1,player_name,,,,0,,,204002270,gal_map_text_204000243,,,1,,0,gal_bg_street_2,gal_bg_room_2,1,204002970,157950
7186,204002270,2,1,gal_name_04,20402,,,0,,,204002280,gal_map_text_204000244,,,1,,0,gal_bg_street_2,gal_bg_room_2,1,204002970,157950
7187,204002280,2,1,,10405,,,0,,,204002290,gal_map_text_204000245,,,2,,0,gal_bg_street_2,gal_bg_room_2,1,204002970,157950
7188,204002290,2,1,gal_name_04,20402,,,0,,,204002300,gal_map_text_204000246,,,1,,0,gal_bg_street_2,gal_bg_room_2,1,204002970,157950
7189,204002300,2,1,player_name,,,,0,,,204002310,gal_map_text_204000247,,,1,,0,gal_bg_street_2,gal_bg_room_2,1,204002970,157950
7190,204002310,2,1,,10405,,,0,,,204002320,gal_map_text_204000248,,,1,,0,gal_bg_street_2,gal_bg_room_2,1,-1,157950
7191,204002320,2,1,,10405,,,0,,,204002330,gal_map_text_204000249,,,1,,0,gal_bg_street_2,gal_bg_room_2,1,-1,157950
7192,204002330,2,1,,10402,,,0,,,204002340,gal_map_text_204000250,,,2,,0,gal_bg_street_2,gal_bg_room_2,1,-1,157950
7193,204002340,2,1,gal_name_04,20402,,,0,,,204002350,gal_map_text_204000251,,,1,,0,gal_bg_street_2,gal_bg_room_2,1,-1,157950
7194,204002350,2,1,,10405,,,0,,,204002360,gal_map_text_204000252,,,2,,0,gal_bg_street_2,gal_bg_room_2,1,-1,157950
7195,204002360,2,1,gal_name_04,10401,,,0,,,-1,gal_map_text_204000253,,,1,,0,gal_bg_street_2,gal_bg_room_2,1,-1,157950
7196,204002370,2,1,,,,,1,,,204002380,gal_map_text_204000254,,,1,,2,gal_bg_street_1,gal_bg_room_2,1,204003630,157950
7197,204002380,2,1,player_name,,,,0,,,204002390,gal_map_text_204000255,,,1,,0,gal_bg_street_1,gal_bg_room_2,1,204003630,157950
7198,204002390,2,1,,10405,,,0,,,204002400,gal_map_text_204000256,,,2,,0,gal_bg_street_1,gal_bg_room_2,1,204003630,157950
7199,204002400,2,1,,10405,,,0,,,204002410,gal_map_text_204000257,,,2,,0,gal_bg_street_1,gal_bg_room_2,1,204003630,157950
7200,204002410,2,1,,10405,,,0,,,204002420,gal_map_text_204000258,,,2,,0,gal_bg_street_1,gal_bg_room_2,1,204003630,157950
7201,204002420,2,1,player_name,,,,0,,,204002430,gal_map_text_204000259,,,1,,0,gal_bg_street_1,gal_bg_room_2,1,204003630,157950
7202,204002430,2,1,,10402,,,0,,,204002440,gal_map_text_204000260,,,2,,0,gal_bg_street_1,gal_bg_room_2,1,204003630,157950
7203,204002440,2,1,gal_name_04,20401,,,0,,,204002450,gal_map_text_204000261,,,1,,0,gal_bg_street_1,gal_bg_room_2,1,204003630,157950
7204,204002450,2,1,,10405,,,0,,,204002460,gal_map_text_204000262,,,2,,0,gal_bg_street_1,gal_bg_room_2,1,204003630,157950
7205,204002460,2,1,,10405,,,0,,,204002470,gal_map_text_204000263,,,2,,0,gal_bg_street_1,gal_bg_room_2,1,204003630,157950
7206,204002470,2,1,,10405,,,0,,,204002480,gal_map_text_204000264,,,2,,0,gal_bg_street_1,gal_bg_room_2,1,204003630,157950
7207,204002480,2,1,gal_name_04,20401,,,0,,,204002490,gal_map_text_204000265,,,1,,0,gal_bg_street_1,gal_bg_room_2,1,204003630,157950
7208,204002490,2,1,gal_name_04,30405,,,0,,,204002500,gal_map_text_204000266,,,1,,0,gal_bg_street_1,gal_bg_room_2,1,204003630,157950
7209,204002500,2,1,player_name,,,,0,,,204002510,gal_map_text_204000267,,,1,,0,gal_bg_street_1,gal_bg_room_2,1,204003630,157950
7210,204002510,2,1,,10405,,,0,,,204002520,gal_map_text_204000268,,,1,,0,gal_bg_street_1,gal_bg_room_2,1,-1,157950
7211,204002520,2,1,player_name,,,,0,,,204002530,gal_map_text_204000269,,,1,,0,gal_bg_street_1,gal_bg_room_2,1,-1,157950
7212,204002530,2,1,,10402,,,0,,,204002540,gal_map_text_204000270,,,2,,0,gal_bg_street_1,gal_bg_room_2,1,-1,157950
7213,204002540,2,1,gal_name_04,30405,,,0,,,204002550,gal_map_text_204000271,,,1,,0,gal_bg_street_1,gal_bg_room_2,1,-1,157950
7214,204002550,2,1,,10405,,,0,,,-1,gal_map_text_204000272,,,1,,0,gal_bg_street_1,gal_bg_room_2,1,-1,157950
7215,204002560,2,1,,,,,1,,,204002570,gal_map_text_204000273,,,1,,2,gal_bg_street_1,gal_bg_room_2,1,204003630,157950
7216,204002570,2,1,player_name,,,,0,,,204002580,gal_map_text_204000274,,,1,,0,gal_bg_street_1,gal_bg_room_2,1,204003630,157950
7217,204002580,2,1,,10405,,,0,,,204002590,gal_map_text_204000275,,,2,,0,gal_bg_street_1,gal_bg_room_2,1,204003630,157950
7218,204002590,2,1,,10405,,,0,,,204002600,gal_map_text_204000276,,,2,,0,gal_bg_street_1,gal_bg_room_2,1,204003630,157950
7219,204002600,2,1,,10405,,,0,,,204002610,gal_map_text_204000277,,,2,,0,gal_bg_street_1,gal_bg_room_2,1,204003630,157950
7220,204002610,2,1,player_name,,,,0,,,204002620,gal_map_text_204000278,,,1,,0,gal_bg_street_1,gal_bg_room_2,1,204003630,157950
7221,204002620,2,1,,10405,,,0,,,204002630,gal_map_text_204000279,,,2,,0,gal_bg_street_1,gal_bg_room_2,1,204003630,157950
7222,204002630,2,1,,10402,,,0,,,204002640,gal_map_text_204000280,,,2,,0,gal_bg_street_1,gal_bg_room_2,1,204003630,157950
7223,204002640,2,1,gal_name_04,30402,,,0,,,204002650,gal_map_text_204000281,,,1,,0,gal_bg_street_1,gal_bg_room_2,1,204003630,157950
7224,204002650,2,1,,10405,,,0,,,204002660,gal_map_text_204000282,,,2,,0,gal_bg_street_1,gal_bg_room_2,1,204003630,157950
7225,204002660,2,1,,10405,,,0,,,204002670,gal_map_text_204000283,,,2,,0,gal_bg_street_1,gal_bg_room_2,1,204003630,157950
7226,204002670,2,1,player_name,,,,0,,,204002680,gal_map_text_204000284,,,1,,0,gal_bg_street_1,gal_bg_room_2,1,204003630,157950
7227,204002680,2,1,gal_name_04,30404,,,0,,,204002690,gal_map_text_204000285,,,1,,0,gal_bg_street_1,gal_bg_room_2,1,204003630,157950
7228,204002690,2,1,gal_name_04,30404,,,0,,,204002700,gal_map_text_204000286,,,1,,0,gal_bg_street_1,gal_bg_room_2,1,204003630,157950
7229,204002700,2,1,player_name,,,,0,,,204002710,gal_map_text_204000287,,,1,,0,gal_bg_street_1,gal_bg_room_2,1,204003630,157950
7230,204002710,2,1,,10402,,,0,,,204002720,gal_map_text_204000288,,,2,,0,gal_bg_street_1,gal_bg_room_2,1,204003630,157950
7231,204002720,2,1,player_name,,,,0,,,204002730,gal_map_text_204000289,,,1,,0,gal_bg_street_1,gal_bg_room_2,1,204003630,157950
7232,204002730,2,1,gal_name_04,10401,,,0,,,204002740,gal_map_text_204000290,,,1,,0,gal_bg_street_1,gal_bg_room_2,1,204003630,157950
7233,204002740,2,1,player_name,,,,0,,,204002750,gal_map_text_204000291,,,1,,0,gal_bg_street_1,gal_bg_room_2,1,204003630,157950
7234,204002750,2,1,gal_name_04,10401,,,0,,,204002760,gal_map_text_204000292,,,1,,0,gal_bg_street_1,gal_bg_room_2,1,204003630,157950
7235,204002760,2,1,,10405,,,0,,,204002770,gal_map_text_204000293,,,1,,0,gal_bg_street_1,gal_bg_room_2,1,-1,157950
7236,204002770,2,1,,10405,,,0,,,-1,gal_map_text_204000294,,,1,,0,gal_bg_street_1,gal_bg_room_2,1,-1,157950
7237,204002780,2,1,,,,,1,,,204002790,gal_map_text_204000295,,,1,,2,gal_bg_street_1,gal_bg_room_2,1,204003630,157950
7238,204002790,2,1,,10405,,,0,,,204002800,gal_map_text_204000296,,,2,,0,gal_bg_street_1,gal_bg_room_2,1,204003630,157950
7239,204002800,2,1,,10405,,,0,,,204002810,gal_map_text_204000297,,,2,,0,gal_bg_street_1,gal_bg_room_2,1,204003630,157950
7240,204002810,2,1,,10402,,,0,,,204002820,gal_map_text_204000298,,,1,,0,gal_bg_street_1,gal_bg_room_2,1,204003630,157950
7241,204002820,2,1,player_name,,,,0,,,204002830,gal_map_text_204000299,,,1,,0,gal_bg_street_1,gal_bg_room_2,1,204003630,157950
7242,204002830,2,1,gal_name_04,20404,,,0,,,204002840,gal_map_text_204000300,,,1,,0,gal_bg_street_1,gal_bg_room_2,1,204003630,157950
7243,204002840,2,1,player_name,,,,0,,,204002850,gal_map_text_204000301,,,1,,0,gal_bg_street_1,gal_bg_room_2,1,204003630,157950
7244,204002850,2,1,,10405,,,0,,,204002860,gal_map_text_204000302,,,2,,0,gal_bg_street_1,gal_bg_room_2,1,204003630,157950
7245,204002860,2,1,,10405,,,0,,,204002870,gal_map_text_204000303,,,2,,0,gal_bg_street_1,gal_bg_room_2,1,204003630,157950
7246,204002870,2,1,gal_name_04,20401,,,0,,,204002880,gal_map_text_204000304,,,1,,0,gal_bg_street_1,gal_bg_room_2,1,204003630,157950
7247,204002880,2,1,,10405,,,0,,,204002890,gal_map_text_204000305,,,2,,0,gal_bg_street_1,gal_bg_room_2,1,204003630,157950
7248,204002890,2,1,gal_name_04,30405,,,0,,,204002900,gal_map_text_204000306,,,1,,0,gal_bg_street_1,gal_bg_room_2,1,204003630,157950
7249,204002900,2,1,,,,,0,,,204002910,gal_map_text_204000307,,,2,,0,gal_bg_street_1,gal_bg_room_2,1,204003630,157950
7250,204002910,2,1,player_name,,,,0,,,204002920,gal_map_text_204000308,,,1,,0,gal_bg_street_1,gal_bg_room_2,1,204003630,157950
7251,204002920,2,1,,10402,,,0,,,204002930,gal_map_text_204000309,,,2,,0,gal_bg_street_1,gal_bg_room_2,1,204003630,157950
7252,204002930,2,1,,10405,,,0,,,204002940,gal_map_text_204000310,,,2,,0,gal_bg_street_1,gal_bg_room_2,1,204003630,157950
7253,204002940,2,1,player_name,,,,0,,,204002950,gal_map_text_204000311,,,1,,0,gal_bg_street_1,gal_bg_room_2,1,204003630,157950
7254,204002950,2,1,gal_name_04,30405,,,0,,,204002960,gal_map_text_204000312,,,1,,0,gal_bg_street_1,gal_bg_room_2,1,204003630,157950
7255,204002960,2,1,,10405,,,0,,,-1,gal_map_text_204000313,,,1,,0,gal_bg_street_1,gal_bg_room_2,1,-1,157950
7256,204002970,2,1,,,,,1,,,204002980,gal_map_text_204000314,,,1,,2,gal_bg_street_1,gal_bg_room_2,1,204003630,157950
7257,204002980,2,1,,10405,,,0,,,204002990,gal_map_text_204000315,,,2,,0,gal_bg_street_1,gal_bg_room_2,1,204003630,157950
7258,204002990,2,1,,10405,,,0,,,204003000,gal_map_text_204000316,,,2,,0,gal_bg_street_1,gal_bg_room_2,1,204003630,157950
7259,204003000,2,1,gal_name_04,10402,,,0,,,204003010,gal_map_text_204000317,,,1,,0,gal_bg_street_1,gal_bg_room_2,1,204003630,157950
7260,204003010,2,1,player_name,,,,0,,,204003020,gal_map_text_204000318,,,1,,0,gal_bg_street_1,gal_bg_room_2,1,204003630,157950
7261,204003020,2,1,gal_name_04,20404,,,0,,,204003030,gal_map_text_204000319,,,1,,0,gal_bg_street_1,gal_bg_room_2,1,204003630,157950
7262,204003030,2,1,player_name,,,,0,,,204003040,gal_map_text_204000320,,,1,,0,gal_bg_street_1,gal_bg_room_2,1,204003630,157950
7263,204003040,2,1,,10405,,,0,,,204003050,gal_map_text_204000321,,,2,,0,gal_bg_street_1,gal_bg_room_2,1,204003630,157950
7264,204003050,2,1,,10405,,,0,,,204003060,gal_map_text_204000322,,,2,,0,gal_bg_street_1,gal_bg_room_2,1,204003630,157950
7265,204003060,2,1,gal_name_04,20401,,,0,,,204003070,gal_map_text_204000323,,,1,,0,gal_bg_street_1,gal_bg_room_2,1,204003630,157950
7266,204003070,2,1,,10405,,,0,,,204003080,gal_map_text_204000324,,,2,,0,gal_bg_street_1,gal_bg_room_2,1,204003630,157950
7267,204003080,2,1,,,,,0,,,204003090,gal_map_text_204000325,,,2,,0,gal_bg_street_1,gal_bg_room_2,1,204003630,157950
7268,204003090,2,1,gal_name_04,30405,,,0,,,204003100,gal_map_text_204000326,,,1,,0,gal_bg_street_1,gal_bg_room_2,1,204003630,157950
7269,204003100,2,1,player_name,,,,0,,,204003110,gal_map_text_204000327,,,1,,0,gal_bg_street_1,gal_bg_room_2,1,204003630,157950
7270,204003110,2,1,gal_name_04,10401,,,0,,,204003120,gal_map_text_204000328,,,1,,0,gal_bg_street_1,gal_bg_room_2,1,204003630,157950
7271,204003120,2,1,player_name,,,,0,,,204003130,gal_map_text_204000329,,,1,,0,gal_bg_street_1,gal_bg_room_2,1,204003630,157950
7272,204003130,2,1,gal_name_04,10401,,,0,,,204003140,gal_map_text_204000330,,,1,,0,gal_bg_street_1,gal_bg_room_2,1,204003630,157950
7273,204003140,2,1,,10405,,,0,,,-1,gal_map_text_204000331,,,1,,0,gal_bg_street_1,gal_bg_room_2,1,-1,157950
7274,204003150,2,1,,,,,1,,,204003160,gal_map_text_204000332,,,1,,2,gal_bg_street_2,gal_bg_room_2,1,204003630,157950
7275,204003160,2,1,player_name,,,,0,,,204003170,gal_map_text_204000333,,,1,,0,gal_bg_street_2,gal_bg_room_2,1,204003630,157950
7276,204003170,2,1,gal_name_04,10401,,,0,,,204003180,gal_map_text_204000334,,,1,,0,gal_bg_street_2,gal_bg_room_2,1,204003630,157950
7277,204003180,2,1,player_name,,,,0,,,204003190,gal_map_text_204000335,,,1,,0,gal_bg_street_2,gal_bg_room_2,1,204003630,157950
7278,204003190,2,1,gal_name_04,10401,,,0,,,204003200,gal_map_text_204000336,,,1,,0,gal_bg_street_2,gal_bg_room_2,1,204003630,157950
7279,204003200,2,1,,10405,,,0,,,204003210,gal_map_text_204000337,,,2,,0,gal_bg_street_2,gal_bg_room_2,1,204003630,157950
7280,204003210,2,1,gal_name_04,10401,,,0,,,204003220,gal_map_text_204000338,,,1,,0,gal_bg_street_2,gal_bg_room_2,1,204003630,157950
7281,204003220,2,1,,10405,,,0,,,204003230,gal_map_text_204000339,,,2,,0,gal_bg_street_2,gal_bg_room_2,1,204003630,157950
7282,204003230,2,1,gal_name_04,10401,,,0,,,204003240,gal_map_text_204000340,,,1,,0,gal_bg_street_2,gal_bg_room_2,1,204003630,157950
7283,204003240,2,1,,10405,,,0,,,204003250,gal_map_text_204000341,,,2,,0,gal_bg_street_2,gal_bg_room_2,1,204003630,157950
7284,204003250,2,1,gal_name_04,10401,,,0,,,204003260,gal_map_text_204000342,,,1,,0,gal_bg_street_2,gal_bg_room_2,1,204003630,157950
7285,204003260,2,1,player_name,,,,0,,,204003270,gal_map_text_204000343,,,1,,0,gal_bg_street_2,gal_bg_room_2,1,204003630,157950
7286,204003270,2,1,gal_name_04,30404,,,0,,,204003280,gal_map_text_204000344,,,1,,0,gal_bg_street_2,gal_bg_room_2,1,204003630,157950
7287,204003280,2,1,gal_name_04,30404,,,0,,,204003290,gal_map_text_204000345,,,1,,0,gal_bg_street_2,gal_bg_room_2,1,204003630,157950
7288,204003290,2,1,,10405,,,0,,,204003300,gal_map_text_204000346,,,2,,0,gal_bg_street_2,gal_bg_room_2,1,204003630,157950
7289,204003300,2,1,,10405,,,0,,,204003310,gal_map_text_204000347,,,2,,0,gal_bg_street_2,gal_bg_room_2,1,204003630,157950
7290,204003310,2,1,gal_name_04,10401,,,0,,,204003320,gal_map_text_204000348,,,1,,0,gal_bg_street_2,gal_bg_room_2,1,204003630,157950
7291,204003320,2,1,gal_name_04,10401,,,0,,,204003330,gal_map_text_204000349,,,1,,0,gal_bg_street_2,gal_bg_room_2,1,204003630,157950
7292,204003330,2,1,player_name,,,,0,,,204003340,gal_map_text_204000350,,,1,,0,gal_bg_street_2,gal_bg_room_2,1,204003630,157950
7293,204003340,2,1,gal_name_04,30404,,,0,,,204003350,gal_map_text_204000351,,,1,,0,gal_bg_street_2,gal_bg_room_2,1,204003630,157950
7294,204003350,2,1,,10405,,,0,,,204003351,gal_map_text_204000352,,,1,,0,gal_bg_street_2,gal_bg_room_2,1,-1,157950
7295,204003351,3,1,,,,,0,,,204003360,,,,,,2,gal_bg_street_1,gal_bg_street_20,1,-1,157950
7296,204003360,2,1,,10405,,,0,,,204003370,gal_map_text_204000353,,,1,,0,gal_bg_street_2,gal_bg_room_2,1,-1,157950
7297,204003370,2,1,,10405,,,0,,,-1,gal_map_text_204000354,,,1,,2,gal_bg_street_1,gal_bg_room_2,1,-1,157950
7298,204003380,2,1,,,,,1,,,204003390,gal_map_text_204000355,,,1,,2,gal_bg_street_2,gal_bg_room_2,1,204003630,157950
7299,204003390,2,1,player_name,,,,0,,,204003400,gal_map_text_204000356,,,1,,0,gal_bg_street_2,gal_bg_room_2,1,204003630,157950
7300,204003400,2,1,gal_name_04,10401,,,0,,,204003410,gal_map_text_204000357,,,1,,0,gal_bg_street_2,gal_bg_room_2,1,204003630,157950
7301,204003410,2,1,player_name,,,,0,,,204003420,gal_map_text_204000358,,,1,,0,gal_bg_street_2,gal_bg_room_2,1,204003630,157950
7302,204003420,2,1,gal_name_04,10401,,,0,,,204003430,gal_map_text_204000359,,,1,,0,gal_bg_street_2,gal_bg_room_2,1,204003630,157950
7303,204003430,2,1,,10405,,,0,,,204003440,gal_map_text_204000360,,,2,,0,gal_bg_street_2,gal_bg_room_2,1,204003630,157950
7304,204003440,2,1,gal_name_04,30404,,,0,,,204003450,gal_map_text_204000361,,,1,,0,gal_bg_street_2,gal_bg_room_2,1,204003630,157950
7305,204003450,2,1,,10405,,,0,,,204003460,gal_map_text_204000362,,,2,,0,gal_bg_street_2,gal_bg_room_2,1,204003630,157950
7306,204003460,2,1,gal_name_04,30404,,,0,,,204003470,gal_map_text_204000363,,,1,,0,gal_bg_street_2,gal_bg_room_2,1,204003630,157950
7307,204003470,2,1,,10405,,,0,,,204003480,gal_map_text_204000364,,,2,,0,gal_bg_street_2,gal_bg_room_2,1,204003630,157950
7308,204003480,2,1,gal_name_04,30404,,,0,,,204003490,gal_map_text_204000365,,,1,,0,gal_bg_street_2,gal_bg_room_2,1,204003630,157950
7309,204003490,2,1,player_name,,,,0,,,204003500,gal_map_text_204000366,,,1,,0,gal_bg_street_2,gal_bg_room_2,1,204003630,157950
7310,204003500,2,1,gal_name_04,30404,,,0,,,204003510,gal_map_text_204000367,,,1,,0,gal_bg_street_2,gal_bg_room_2,1,204003630,157950
7311,204003510,2,1,gal_name_04,30404,,,0,,,204003520,gal_map_text_204000368,,,1,,0,gal_bg_street_2,gal_bg_room_2,1,204003630,157950
7312,204003520,2,1,,10405,,,0,,,204003530,gal_map_text_204000369,,,2,,0,gal_bg_street_2,gal_bg_room_2,1,204003630,157950
7313,204003530,2,1,,10405,,,0,,,204003540,gal_map_text_204000370,,,2,,0,gal_bg_street_2,gal_bg_room_2,1,204003630,157950
7314,204003540,2,1,player_name,,,,0,,,204003550,gal_map_text_204000371,,,1,,0,gal_bg_street_2,gal_bg_room_2,1,204003630,157950
7315,204003550,2,1,gal_name_04,10401,,,0,,,204003560,gal_map_text_204000372,,,1,,0,gal_bg_street_2,gal_bg_room_2,1,204003630,157950
7316,204003560,2,1,gal_name_04,10401,,,0,,,204003570,gal_map_text_204000373,,,1,,0,gal_bg_street_2,gal_bg_room_2,1,204003630,157950
7317,204003570,2,1,player_name,,,,0,,,204003580,gal_map_text_204000374,,,1,,0,gal_bg_street_2,gal_bg_room_2,1,204003630,157950
7318,204003580,2,1,gal_name_04,30404,,,0,,,204003590,gal_map_text_204000375,,,1,,0,gal_bg_street_2,gal_bg_room_2,1,204003630,157950
7319,204003590,2,1,player_name,,,,0,,,204003600,gal_map_text_204000376,,,1,,0,gal_bg_street_2,gal_bg_room_2,1,204003630,157950
7320,204003600,2,1,,10405,,,0,,,204003601,gal_map_text_204000377,,,1,,0,gal_bg_street_2,gal_bg_room_2,1,-1,157950
7321,204003601,3,1,,,,,0,,,204003610,,,,1,,2,gal_bg_street_1,gal_bg_street_20,1,-1,157950
7322,204003610,2,1,,,,,0,,,204003620,gal_map_text_204000378,,,1,,0,gal_bg_street_1,gal_bg_room_2,1,-1,157950
7323,204003620,2,1,,10405,,,0,,,-1,gal_map_text_204000379,,,1,,0,gal_bg_street_1,gal_bg_room_2,1,-1,157950
7324,204003630,2,1,,10405,,,1,,,204003640,gal_map_text_204000380,,,1,,2,gal_bg_street_1,gal_bg_room_2,1,204003781,157950
7325,204003640,2,1,,,,,0,,,204003650,gal_map_text_204000381,,,1,,2,gal_bg_street_1,gal_bg_room_2,1,204003781,157950
7326,204003650,2,1,player_name,,,,0,,,204003660,gal_map_text_204000382,,,1,,0,gal_bg_street_1,gal_bg_room_2,1,204003781,157950
7327,204003660,2,1,,,,,0,,,204003670,gal_map_text_204000383,,,2,,0,gal_bg_street_1,gal_bg_room_2,1,204003781,157950
7328,204003670,2,1,,,,,0,,,204003680,gal_map_text_204000384,,,2,,0,gal_bg_street_1,gal_bg_room_2,1,204003781,157950
7329,204003680,2,1,gal_name_04,,,,0,,,204003690,gal_map_text_204000385,,,1,,0,gal_bg_street_1,gal_bg_room_2,1,204003781,157950
7330,204003690,2,1,gal_name_04,10401,,,0,,,204003700,gal_map_text_204000386,,,1,,0,gal_bg_street_1,gal_bg_room_2,1,204003781,157950
7331,204003700,2,1,,30405,,,0,,,204003710,gal_map_text_204000387,,,2,,0,gal_bg_street_1,gal_bg_room_2,1,204003781,157950
7332,204003710,2,1,gal_name_04,,,,0,,,204003720,gal_map_text_204000388,,,1,,0,gal_bg_street_1,gal_bg_room_2,1,204003781,157950
7333,204003720,2,1,player_name,30405,,,0,,,204003730,gal_map_text_204000389,,,1,,0,gal_bg_street_1,gal_bg_room_2,1,204003781,157950
7334,204003730,2,1,gal_name_04,,,,0,,,204003740,gal_map_text_204000390,,,1,,0,gal_bg_street_1,gal_bg_room_2,1,204003781,157950
7335,204003740,2,1,,10401,,,0,,,204003750,gal_map_text_204000391,,,2,,0,gal_bg_street_1,gal_bg_room_2,1,204003781,157950
7336,204003750,2,1,,,,,0,,,204003760,gal_map_text_204000392,,,2,,0,gal_bg_street_1,gal_bg_room_2,1,204003781,157950
7337,204003760,2,1,,,,,0,,,204003770,gal_map_text_204000393,,,2,,0,gal_bg_street_1,gal_bg_room_2,1,204003781,157950
7338,204003770,2,1,gal_name_04,10402,,,0,,,204003780,gal_map_text_204000394,,,1,,0,gal_bg_street_1,gal_bg_room_2,1,204003781,157950
7339,204003780,2,1,,10401,,,0,,,204003781,gal_map_text_204000395,,,2,,0,gal_bg_street_1,gal_bg_room_2,1,204003781,157950
7340,204003781,3,1,,,,,0,,,204003790,,,,,,2,gal_gallery_pic_24009301,gal_bg_street_20,1,204003781,157950
7341,204003790,2,1,,,,,0,,,204003800,gal_map_text_204000396,,,2,,0,gal_gallery_pic_24009301,gal_bg_room_2,1,-1,157950
7342,204003800,2,1,,,,,0,,,204003810,gal_map_text_204000397,,,2,,0,gal_gallery_pic_24009301,gal_bg_room_2,1,-1,157950
7343,204003810,2,1,gal_name_04,10405,,,0,,,204003820,gal_map_text_204000398,,,1,,0,gal_gallery_pic_24009301,gal_bg_room_2,1,-1,157950
7344,204003820,2,1,player_name,10405,,,0,,,204003830,gal_map_text_204000399,,,1,,0,gal_gallery_pic_24009301,gal_bg_room_2,1,-1,157950
7345,204003830,2,1,gal_name_04,10405,,,0,,,204003840,gal_map_text_204000400,,,1,,0,gal_gallery_pic_24009301,gal_bg_room_2,1,-1,157950
7346,204003840,2,1,player_name,10405,,,0,,,204003850,gal_map_text_204000401,,,1,,0,gal_gallery_pic_24009301,gal_bg_room_2,1,-1,157950
7347,204003850,2,1,,10405,,,0,,,204003860,gal_map_text_204000402,,,2,,0,gal_gallery_pic_24009301,gal_bg_room_2,1,-1,157950
7348,204003860,2,1,gal_name_04,10405,,,0,,,204003870,gal_map_text_204000403,,,1,,0,gal_gallery_pic_24009301,gal_bg_room_2,1,-1,157950
7349,204003870,2,1,,10405,,,0,,,204003880,gal_map_text_204000404,,,2,,0,gal_gallery_pic_24009301,gal_bg_room_2,1,-1,157950
7350,204003880,2,1,gal_name_04,10405,,,0,,,204003890,gal_map_text_204000405,,,1,,0,gal_gallery_pic_24009301,gal_bg_room_2,1,-1,157950
7351,204003890,2,1,,10405,,,0,,,204003900,gal_map_text_204000406,,,2,,0,gal_gallery_pic_24009301,gal_bg_room_2,1,-1,157950
7352,204003900,2,1,player_name,10405,,,0,,,204003910,gal_map_text_204000407,,,1,,0,gal_gallery_pic_24009301,gal_bg_room_2,1,-1,157950
7353,204003910,2,1,gal_name_04,10405,,,0,,,204003920,gal_map_text_204000408,,,1,,0,gal_gallery_pic_24009301,gal_bg_room_2,1,-1,157950
7354,204003920,2,1,player_name,10405,,,0,,,204003930,gal_map_text_204000409,,,1,,0,gal_gallery_pic_24009301,gal_bg_room_2,1,-1,157950
7355,204003930,2,1,gal_name_04,10405,,,0,,,204003940,gal_map_text_204000410,,,1,,0,gal_gallery_pic_24009301,gal_bg_room_2,1,-1,157950
7356,204003940,2,1,,10405,,,0,,,204003950,gal_map_text_204000411,,,2,,0,gal_gallery_pic_24009301,gal_bg_room_2,1,-1,157950
7357,204003950,2,1,gal_name_04,10405,,,0,,,204003960,gal_map_text_204000412,,,1,,0,gal_gallery_pic_24009301,gal_bg_room_2,1,-1,157950
7358,204003960,2,1,,10405,,,0,,,204003970,gal_map_text_204000413,,,2,,0,gal_gallery_pic_24009301,gal_bg_room_2,1,-1,157950
7359,204003970,2,1,gal_name_04,10405,,,0,,,204003980,gal_map_text_204000414,,,1,,0,gal_gallery_pic_24009301,gal_bg_room_2,1,-1,157950
7360,204003980,2,1,player_name,10405,,,0,,,204003990,gal_map_text_204000415,,,1,,0,gal_gallery_pic_24009301,gal_bg_room_2,1,-1,157950
7361,204003990,2,1,gal_name_04,10405,,,0,,,204004000,gal_map_text_204000416,,,1,,0,gal_gallery_pic_24009301,gal_bg_room_2,1,-1,157950
7362,204004000,2,1,player_name,10405,,,0,,,204004010,gal_map_text_204000417,,,1,,0,gal_gallery_pic_24009301,gal_bg_room_2,1,-1,157950
7363,204004010,2,1,,10405,,,0,,,204004020,gal_map_text_204000418,,,2,,0,gal_gallery_pic_24009301,gal_bg_room_2,1,-1,157950
7364,204004020,2,1,gal_name_04,10405,,,0,,,204004030,gal_map_text_204000419,,,1,,0,gal_gallery_pic_24009301,gal_bg_room_2,1,-1,157950
7365,204004030,2,1,,10405,,,0,,,-1,gal_map_text_204000420,,,2,,0,gal_gallery_pic_24009301,gal_bg_room_2,1,-1,157950
7366,205000000,2,1,,10405,,,0,,,205000010,gal_map_text_205000000,,,1,,2,gal_bg_park_1,gal_bg_school_1,1,205000160,157950
7367,205000010,2,1,,10505,,,0,,,205000020,gal_map_text_205000001,,,1,,0,gal_bg_park_1,gal_bg_school_1,1,205000160,157950
7368,205000020,2,1,player_name,,,,0,,,205000030,gal_map_text_205000002,,,1,,0,gal_bg_park_1,gal_bg_school_1,1,205000160,157950
7369,205000030,2,1,,10502,,,0,,,205000040,gal_map_text_205000003,,,2,,0,gal_bg_park_1,gal_bg_school_1,1,205000160,157950
7370,205000040,2,1,gal_name_05,30501,,,0,,,205000050,gal_map_text_205000004,,,1,,0,gal_bg_park_1,gal_bg_school_1,1,205000160,157950
7371,205000050,2,1,player_name,,,,0,,,205000060,gal_map_text_205000005,,,1,,0,gal_bg_park_1,gal_bg_school_1,1,205000160,157950
7372,205000060,2,1,gal_name_05,30501,,,0,,,205000070,gal_map_text_205000006,,,1,,0,gal_bg_park_1,gal_bg_school_1,1,205000160,157950
7373,205000070,2,1,player_name,,,,0,,,205000080,gal_map_text_205000007,,,1,,0,gal_bg_park_1,gal_bg_school_1,1,205000160,157950
7374,205000080,2,1,,10502,,,0,,,205000090,gal_map_text_205000008,,,2,,0,gal_bg_park_1,gal_bg_school_1,1,205000160,157950
7375,205000090,2,1,gal_name_05,30506,,,0,,,205000091,gal_map_text_205000009,,,1,,0,gal_bg_park_1,gal_bg_school_1,1,205000160,157950
7376,205000091,3,1,,,,,0,,,205000100,,,,,,2,gal_bg_street_1,,1,-1,157950
7377,205000100,2,1,,10505,,,0,,,205000110,gal_map_text_205000010,,,1,,0,gal_bg_street_1,gal_bg_street_11,1,205000160,157950
7378,205000110,2,1,gal_name_05,30502,,,0,,,205000120,gal_map_text_205000011,,,1,,0,gal_bg_street_1,gal_bg_street_11,1,205000160,157950
7379,205000120,2,1,,10502,,,0,,,205000130,gal_map_text_205000012,,,2,,0,gal_bg_street_1,gal_bg_street_11,1,205000160,157950
7380,205000130,2,1,gal_name_05,30506,,,0,,,205000140,gal_map_text_205000013,,,1,,0,gal_bg_street_1,gal_bg_street_11,1,205000160,157950
7381,205000140,2,1,,10502,,,0,,,205000150,gal_map_text_205000014,,,2,,0,gal_bg_street_1,gal_bg_street_11,1,205000160,157950
7382,205000150,2,1,gal_name_05,30501,,,0,,,205000160,gal_map_text_205000015,,,1,,0,gal_bg_street_1,gal_bg_street_11,1,205000160,157950
7383,205000160,2,2,,10505,2,gal_map_text_205000017|gal_map_text_205000018|gal_map_text_205000019,1,,,205000170|205000230|205000290,gal_map_text_205000016,,,1,,2,gal_bg_street_1,gal_bg_street_11,1,,157950
7384,205000170,2,1,player_name,,,,0,,,205000180,gal_map_text_205000020,,,1,,0,gal_bg_street_1,gal_bg_street_11,1,205000350,157950
7385,205000180,2,1,gal_name_05,30505,,,0,,,205000190,gal_map_text_205000021,,,1,,0,gal_bg_street_1,gal_bg_street_11,1,205000350,157950
7386,205000190,2,1,gal_name_05,20503,,,0,,,205000200,gal_map_text_205000022,,,1,,0,gal_bg_street_1,gal_bg_street_11,1,205000350,157950
7387,205000200,2,1,player_name,,,,0,,,205000210,gal_map_text_205000023,,,1,,0,gal_bg_street_1,gal_bg_street_11,1,205000350,157950
7388,205000210,2,1,gal_name_05,30503,,,0,,,205000220,gal_map_text_205000024,,,1,,0,gal_bg_street_1,gal_bg_street_11,1,205000350,157950
7389,205000220,2,1,,,,,0,,,-1,gal_map_text_205000025,,,1,,0,gal_bg_street_1,gal_bg_street_11,1,-1,157950
7390,205000230,2,1,player_name,,,,0,,,205000240,gal_map_text_205000026,,,1,,0,gal_bg_street_1,gal_bg_street_11,1,205000790,157950
7391,205000240,2,1,gal_name_05,10501,,,0,,,205000250,gal_map_text_205000027,,,1,,0,gal_bg_street_1,gal_bg_street_11,1,205000790,157950
7392,205000250,2,1,gal_name_05,30501,,,0,,,205000260,gal_map_text_205000028,,,1,,0,gal_bg_street_1,gal_bg_street_11,1,205000790,157950
7393,205000260,2,1,player_name,,,,0,,,205000270,gal_map_text_205000029,,,1,,0,gal_bg_street_1,gal_bg_street_11,1,205000790,157950
7394,205000270,2,1,gal_name_05,30505,,,0,,,205000280,gal_map_text_205000030,,,1,,0,gal_bg_street_1,gal_bg_street_11,1,205000790,157950
7395,205000280,2,1,,,,,0,,,-1,gal_map_text_205000031,,,1,,0,gal_bg_street_1,gal_bg_street_11,1,-1,157950
7396,205000290,2,1,player_name,,,,0,,,205000300,gal_map_text_205000032,,,1,,0,gal_bg_street_1,gal_bg_street_11,1,205001190,157950
7397,205000300,2,1,gal_name_05,10501,,,0,,,205000310,gal_map_text_205000033,,,1,,0,gal_bg_street_1,gal_bg_street_11,1,205001190,157950
7398,205000310,2,1,gal_name_05,30506,,,0,,,205000320,gal_map_text_205000034,,,1,,0,gal_bg_street_1,gal_bg_street_11,1,205001190,157950
7399,205000320,2,1,player_name,,,,0,,,205000330,gal_map_text_205000035,,,1,,0,gal_bg_street_1,gal_bg_street_11,1,205001190,157950
7400,205000330,2,1,gal_name_05,10501,,,0,,,205000340,gal_map_text_205000036,,,1,,0,gal_bg_street_1,gal_bg_street_11,1,205001190,157950
7401,205000340,2,1,,,,,0,,,-1,gal_map_text_205000037,,,1,,0,gal_bg_street_1,gal_bg_street_11,1,-1,157950
7402,205000350,2,1,,,,,0,,,205000360,gal_map_text_205000038,,,1,,2,gal_bg_street_1,gal_bg_street_4,1,205000430,157950
7403,205000360,2,1,,10505,,,0,,,205000370,gal_map_text_205000039,,,1,,0,gal_bg_street_1,gal_bg_street_4,1,205000430,157950
7404,205000370,2,1,gal_name_47,10505,,,0,,,205000380,gal_map_text_205000040,,,1,,0,gal_bg_street_1,gal_bg_street_4,1,205000430,157950
7405,205000380,2,1,player_name,,,,0,,,205000390,gal_map_text_205000041,,,1,,0,gal_bg_street_1,gal_bg_street_4,1,205000430,157950
7406,205000390,2,1,,10505,,,0,,,205000400,gal_map_text_205000042,,,1,,0,gal_bg_street_1,gal_bg_street_4,1,205000430,157950
7407,205000400,2,1,gal_name_47,10505,,,0,,,205000410,gal_map_text_205000043,,,1,,0,gal_bg_street_1,gal_bg_street_4,1,205000430,157950
7408,205000410,2,1,,10505,,,0,,,205000420,gal_map_text_205000044,,,1,,0,gal_bg_street_1,gal_bg_street_4,1,205000430,157950
7409,205000420,2,1,gal_name_05,30502,,,0,,,205000430,gal_map_text_205000045,,,1,,0,gal_bg_street_1,gal_bg_street_4,1,205000430,157950
7410,205000430,2,2,,10502,2,gal_map_text_205000047|gal_map_text_205000048,1,,,205000440|205000620,gal_map_text_205000046,,,2,,2,gal_bg_street_1,gal_bg_street_4,1,,157950
7411,205000440,2,1,player_name,,,,0,,,205000450,gal_map_text_205000049,,,1,,0,gal_bg_street_1,gal_bg_street_4,1,205001700,157950
7412,205000450,2,1,,10502,,,0,,,205000460,gal_map_text_205000050,,,2,,0,gal_bg_street_1,gal_bg_street_4,1,205001700,157950
7413,205000460,2,1,gal_name_05,10501,,,0,,,205000470,gal_map_text_205000051,,,1,,0,gal_bg_street_1,gal_bg_street_4,1,205001700,157950
7414,205000470,2,1,,,,,0,,,205000480,gal_map_text_205000052,,,1,,0,gal_bg_street_1,gal_bg_street_4,1,205001700,157950
7415,205000480,2,1,gal_name_47,10505,,,0,,,205000490,gal_map_text_205000053,,,1,,0,gal_bg_street_1,gal_bg_street_4,1,205001700,157950
7416,205000490,2,1,,10502,,,0,,,205000500,gal_map_text_205000054,,,2,,0,gal_bg_street_1,gal_bg_street_4,1,205001700,157950
7417,205000500,2,1,,,,,0,,,205000510,gal_map_text_205000055,,,1,,0,gal_bg_street_1,gal_bg_street_4,1,205001700,157950
7418,205000510,2,1,,10505,,,0,,,205000520,gal_map_text_205000056,,,1,,0,gal_bg_street_1,gal_bg_street_4,1,205001700,157950
7419,205000520,2,1,gal_name_05,10502,,,0,,,205000530,gal_map_text_205000057,,,2,,0,gal_bg_street_1,gal_bg_street_4,1,205001700,157950
7420,205000530,2,1,gal_name_05,10502,,,0,,,205000540,gal_map_text_205000058,,,2,,0,gal_bg_street_1,gal_bg_street_4,1,205001700,157950
7421,205000540,2,1,,10505,,,0,,,205000550,gal_map_text_205000059,,,1,,0,gal_bg_street_1,gal_bg_street_4,1,205001700,157950
7422,205000550,2,1,,10505,,,0,,,205000560,gal_map_text_205000060,,,1,,0,gal_bg_street_1,gal_bg_street_4,1,205001700,157950
7423,205000560,2,1,gal_name_47,10505,,,0,,,205000570,gal_map_text_205000061,,,1,,0,gal_bg_street_1,gal_bg_street_4,1,205001700,157950
7424,205000570,2,1,,10502,,,0,,,205000580,gal_map_text_205000062,,,2,,0,gal_bg_street_1,gal_bg_street_4,1,205001700,157950
7425,205000580,2,1,gal_name_05,20503,,,0,,,205000590,gal_map_text_205000063,,,1,,0,gal_bg_street_1,gal_bg_street_4,1,205001700,157950
7426,205000590,2,1,player_name,,,,0,,,205000600,gal_map_text_205000064,,,1,,0,gal_bg_street_1,gal_bg_street_4,1,205001700,157950
7427,205000600,2,1,,10505,,,0,,,205000610,gal_map_text_205000065,,,1,,0,gal_bg_street_1,gal_bg_street_4,1,205001700,157950
7428,205000610,2,1,,,,,0,,,-1,gal_map_text_205000066,,,1,,0,gal_bg_street_1,gal_bg_street_4,1,-1,157950
7429,205000620,2,1,player_name,,,,0,,,205000630,gal_map_text_205000067,,,1,,0,gal_bg_street_1,gal_bg_street_4,1,205001700,157950
7430,205000630,2,1,,10502,,,0,,,205000640,gal_map_text_205000068,,,2,,0,gal_bg_street_1,gal_bg_street_4,1,205001700,157950
7431,205000640,2,1,gal_name_05,30505,,,0,,,205000650,gal_map_text_205000069,,,1,,0,gal_bg_street_1,gal_bg_street_4,1,205001700,157950
7432,205000650,2,1,player_name,,,,0,,,205000660,gal_map_text_205000070,,,1,,0,gal_bg_street_1,gal_bg_street_4,1,205001700,157950
7433,205000660,2,1,gal_name_05,30505,,,0,,,205000670,gal_map_text_205000071,,,1,,0,gal_bg_street_1,gal_bg_street_4,1,205001700,157950
7434,205000670,2,1,,10505,,,0,,,205000680,gal_map_text_205000072,,,1,,0,gal_bg_street_1,gal_bg_street_4,1,205001700,157950
7435,205000680,2,1,gal_name_05,30505,,,0,,,205000690,gal_map_text_205000073,,,1,,0,gal_bg_street_1,gal_bg_street_4,1,205001700,157950
7436,205000690,2,1,player_name,,,,0,,,205000700,gal_map_text_205000074,,,1,,0,gal_bg_street_1,gal_bg_street_4,1,205001700,157950
7437,205000700,2,1,,10502,,,0,,,205000710,gal_map_text_205000075,,,2,,0,gal_bg_street_1,gal_bg_street_4,1,205001700,157950
7438,205000710,2,1,gal_name_05,30505,,,0,,,205000720,gal_map_text_205000076,,,1,,0,gal_bg_street_1,gal_bg_street_4,1,205001700,157950
7439,205000720,2,1,player_name,,,,0,,,205000730,gal_map_text_205000077,,,1,,0,gal_bg_street_1,gal_bg_street_4,1,205001700,157950
7440,205000730,2,1,,,,,0,,,-1,gal_map_text_205000078,,,1,,0,gal_bg_street_1,gal_bg_street_4,1,-1,157950
7441,205000740,2,1,,,,,0,,,205000750,gal_map_text_205000079,,,1,,2,gal_bg_street_1,gal_bg_street_5,1,205000790,157950
7442,205000750,2,1,,10505,,,0,,,205000760,gal_map_text_205000080,,,1,,0,gal_bg_street_1,gal_bg_street_5,1,205000790,157950
7443,205000760,2,1,gal_name_05,30502,,,0,,,205000770,gal_map_text_205000081,,,1,,0,gal_bg_street_1,gal_bg_street_5,1,205000790,157950
7444,205000770,2,1,player_name,,,,0,,,205000780,gal_map_text_205000082,,,1,,0,gal_bg_street_1,gal_bg_street_5,1,205000790,157950
7445,205000780,2,1,gal_name_05,30505,,,0,,,205000790,gal_map_text_205000083,,,1,,0,gal_bg_street_1,gal_bg_street_5,1,205000790,157950
7446,205000790,2,2,,10505,2,gal_map_text_205000085|gal_map_text_205000086,1,,,205000800|205001050,gal_map_text_205000084,,,1,,2,gal_bg_street_1,gal_bg_street_5,1,,157950
7447,205000800,2,1,player_name,,,,0,,,205000810,gal_map_text_205000087,,,1,,0,gal_bg_street_1,gal_bg_street_5,1,205002100,157950
7448,205000810,2,1,,,,,0,,,205000820,gal_map_text_205000088,,,1,,0,gal_bg_street_1,gal_bg_street_5,1,205002100,157950
7449,205000820,2,1,gal_name_05,30506,,,0,,,205000830,gal_map_text_205000089,,,1,,0,gal_bg_street_1,gal_bg_street_5,1,205002100,157950
7450,205000830,2,1,player_name,,,,0,,,205000840,gal_map_text_205000090,,,1,,0,gal_bg_street_1,gal_bg_street_5,1,205002100,157950
7451,205000840,2,1,,,,,0,,,205000850,gal_map_text_205000091,,,1,,0,gal_bg_street_1,gal_bg_street_5,1,205002100,157950
7452,205000850,2,1,gal_name_05,30503,,,0,,,205000860,gal_map_text_205000092,,,1,,0,gal_bg_street_1,gal_bg_street_5,1,205002100,157950
7453,205000860,2,1,player_name,,,,0,,,205000870,gal_map_text_205000093,,,1,,0,gal_bg_street_1,gal_bg_street_5,1,205002100,157950
7454,205000870,2,1,,10505,,,0,,,205000880,gal_map_text_205000094,,,1,,0,gal_bg_street_1,gal_bg_street_5,1,205002100,157950
7455,205000880,2,1,gal_name_05,30506,,,0,,,205000890,gal_map_text_205000095,,,1,,0,gal_bg_street_1,gal_bg_street_5,1,205002100,157950
7456,205000890,2,1,,10505,,,0,,,205000900,gal_map_text_205000096,,,1,,0,gal_bg_street_1,gal_bg_street_5,1,205002100,157950
7457,205000900,2,1,player_name,,,,0,,,205000910,gal_map_text_205000097,,,1,,0,gal_bg_street_1,gal_bg_street_5,1,205002100,157950
7458,205000910,2,1,,10502,,,0,,,205000920,gal_map_text_205000098,,,2,,0,gal_bg_street_1,gal_bg_street_5,1,205002100,157950
7459,205000920,2,1,gal_name_05,10501,,,0,,,205000930,gal_map_text_205000099,,,1,,0,gal_bg_street_1,gal_bg_street_5,1,205002100,157950
7460,205000930,2,1,,10505,,,0,,,205000940,gal_map_text_205000100,,,1,,0,gal_bg_street_1,gal_bg_street_5,1,205002100,157950
7461,205000940,2,1,gal_name_05,30505,,,0,,,205000950,gal_map_text_205000101,,,1,,0,gal_bg_street_1,gal_bg_street_5,1,205002100,157950
7462,205000950,2,1,player_name,,,,0,,,205000960,gal_map_text_205000102,,,1,,0,gal_bg_street_1,gal_bg_street_5,1,205002100,157950
7463,205000960,2,1,,10505,,,0,,,205000970,gal_map_text_205000103,,,1,,0,gal_bg_street_1,gal_bg_street_5,1,205002100,157950
7464,205000970,2,1,player_name,,,,0,,,205000980,gal_map_text_205000104,,,1,,0,gal_bg_street_1,gal_bg_street_5,1,205002100,157950
7465,205000980,2,1,gal_name_05,10501,,,0,,,205000990,gal_map_text_205000105,,,1,,0,gal_bg_street_1,gal_bg_street_5,1,205002100,157950
7466,205000990,2,1,,10502,,,0,,,205001000,gal_map_text_205000106,,,2,,0,gal_bg_street_1,gal_bg_street_5,1,205002100,157950
7467,205001000,2,1,gal_name_05,30504,,,0,,,205001010,gal_map_text_205000107,,,1,,0,gal_bg_street_1,gal_bg_street_5,1,205002100,157950
7468,205001010,2,1,player_name,,,,0,,,205001020,gal_map_text_205000108,,,1,,0,gal_bg_street_1,gal_bg_street_5,1,205002100,157950
7469,205001020,2,1,gal_name_05,10501,,,0,,,205001030,gal_map_text_205000109,,,1,,0,gal_bg_street_1,gal_bg_street_5,1,205002100,157950
7470,205001030,2,1,player_name,,,,0,,,205001040,gal_map_text_205000110,,,1,,0,gal_bg_street_1,gal_bg_street_5,1,205002100,157950
7471,205001040,2,1,,,,,0,,,-1,gal_map_text_205000111,,,1,,0,gal_bg_street_1,gal_bg_street_5,1,-1,157950
7472,205001050,2,1,player_name,,,,0,,,205001060,gal_map_text_205000112,,,1,,0,gal_bg_street_1,gal_bg_street_5,1,205002100,157950
7473,205001060,2,1,,10502,,,0,,,205001070,gal_map_text_205000113,,,2,,0,gal_bg_street_1,gal_bg_street_5,1,205002100,157950
7474,205001070,2,1,gal_name_05,30505,,,0,,,205001080,gal_map_text_205000114,,,1,,0,gal_bg_street_1,gal_bg_street_5,1,205002100,157950
7475,205001080,2,1,player_name,,,,0,,,205001090,gal_map_text_205000115,,,1,,0,gal_bg_street_1,gal_bg_street_5,1,205002100,157950
7476,205001090,2,1,gal_name_05,20502,,,0,,,205001100,gal_map_text_205000116,,,1,,0,gal_bg_street_1,gal_bg_street_5,1,205002100,157950
7477,205001100,2,1,,10505,,,0,,,205001110,gal_map_text_205000117,,,1,,0,gal_bg_street_1,gal_bg_street_5,1,205002100,157950
7478,205001110,2,1,gal_name_05,30505,,,0,,,205001120,gal_map_text_205000118,,,1,,0,gal_bg_street_1,gal_bg_street_5,1,205002100,157950
7479,205001120,2,1,player_name,,,,0,,,205001130,gal_map_text_205000119,,,1,,0,gal_bg_street_1,gal_bg_street_5,1,205002100,157950
7480,205001130,2,1,gal_name_05,30505,,,0,,,205001140,gal_map_text_205000120,,,1,,0,gal_bg_street_1,gal_bg_street_5,1,205002100,157950
7481,205001140,2,1,,10505,,,0,,,205001150,gal_map_text_205000121,,,1,,0,gal_bg_street_1,gal_bg_street_5,1,205002100,157950
7482,205001150,2,1,player_name,,,,0,,,205001160,gal_map_text_205000122,,,1,,0,gal_bg_street_1,gal_bg_street_5,1,205002100,157950
7483,205001160,2,1,gal_name_05,30505,,,0,,,205001170,gal_map_text_205000123,,,1,,0,gal_bg_street_1,gal_bg_street_5,1,205002100,157950
7484,205001170,2,1,player_name,,,,0,,,205001180,gal_map_text_205000124,,,1,,0,gal_bg_street_1,gal_bg_street_5,1,205002100,157950
7485,205001180,2,1,,,,,0,,,-1,gal_map_text_205000125,,,1,,0,gal_bg_street_1,gal_bg_street_5,1,-1,157950
7486,205001190,2,1,,,,,0,,,205001200,gal_map_text_205000126,,,1,,2,gal_bg_street_1,gal_bg_street_6,1,205001300,157950
7487,205001200,2,1,,10505,,,0,,,205001210,gal_map_text_205000127,,,1,,0,gal_bg_street_1,gal_bg_street_6,1,205001300,157950
7488,205001210,2,1,,10505,,,0,,,205001220,gal_map_text_205000128,,,1,,0,gal_bg_street_1,gal_bg_street_6,1,205001300,157950
7489,205001220,2,1,gal_name_48,10505,,,0,,,205001230,gal_map_text_205000129,,,1,,0,gal_bg_street_1,gal_bg_street_6,1,205001300,157950
7490,205001230,2,1,gal_name_05,10501,,,0,,,205001240,gal_map_text_205000130,,,1,,0,gal_bg_street_1,gal_bg_street_6,1,205001300,157950
7491,205001240,2,1,,10502,,,0,,,205001250,gal_map_text_205000131,,,2,,0,gal_bg_street_1,gal_bg_street_6,1,205001300,157950
7492,205001250,2,1,gal_name_05,10501,,,0,,,205001260,gal_map_text_205000132,,,1,,0,gal_bg_street_1,gal_bg_street_6,1,205001300,157950
7493,205001260,2,1,,10505,,,0,,,205001270,gal_map_text_205000133,,,1,,0,gal_bg_street_1,gal_bg_street_6,1,205001300,157950
7494,205001270,2,1,gal_name_05,10501,,,0,,,205001280,gal_map_text_205000134,,,1,,0,gal_bg_street_1,gal_bg_street_6,1,205001300,157950
7495,205001280,2,1,,10505,,,0,,,205001290,gal_map_text_205000135,,,1,,0,gal_bg_street_1,gal_bg_street_6,1,205001300,157950
7496,205001290,2,1,gal_name_05,10501,,,0,,,205001300,gal_map_text_205000136,,,1,,0,gal_bg_street_1,gal_bg_street_6,1,205001300,157950
7497,205001300,2,2,,10505,2,gal_map_text_205000138|gal_map_text_205000139,1,,,205001310|205001470,gal_map_text_205000137,,,1,,0,gal_bg_street_1,gal_bg_street_6,1,,157950
7498,205001310,2,1,player_name,,,,0,,,205001320,gal_map_text_205000140,,,1,,0,gal_bg_street_1,gal_bg_street_6,1,205002500,157950
7499,205001320,2,1,player_name,,,,0,,,205001330,gal_map_text_205000141,,,1,,0,gal_bg_street_1,gal_bg_street_6,1,205002500,157950
7500,205001330,2,1,,10502,,,0,,,205001340,gal_map_text_205000142,,,2,,0,gal_bg_street_1,gal_bg_street_6,1,205002500,157950
7501,205001340,2,1,gal_name_05,10501,,,0,,,205001350,gal_map_text_205000143,,,1,,0,gal_bg_street_1,gal_bg_street_6,1,205002500,157950
7502,205001350,2,1,player_name,,,,0,,,205001360,gal_map_text_205000144,,,1,,0,gal_bg_street_1,gal_bg_street_6,1,205002500,157950
7503,205001360,2,1,,10505,,,0,,,205001370,gal_map_text_205000145,,,1,,0,gal_bg_street_1,gal_bg_street_6,1,205002500,157950
7504,205001370,2,1,gal_name_05,10501,,,0,,,205001380,gal_map_text_205000146,,,1,,0,gal_bg_street_1,gal_bg_street_6,1,205002500,157950
7505,205001380,2,1,,10505,,,0,,,205001390,gal_map_text_205000147,,,1,,0,gal_bg_street_1,gal_bg_street_6,1,205002500,157950
7506,205001390,2,1,,10505,,,0,,,205001400,gal_map_text_205000148,,,1,,0,gal_bg_street_1,gal_bg_street_6,1,205002500,157950
7507,205001400,2,1,gal_name_05,10501,,,0,,,205001410,gal_map_text_205000149,,,1,,0,gal_bg_street_1,gal_bg_street_6,1,205002500,157950
7508,205001410,2,1,player_name,,,,0,,,205001420,gal_map_text_205000150,,,1,,0,gal_bg_street_1,gal_bg_street_6,1,205002500,157950
7509,205001420,2,1,,10502,,,0,,,205001430,gal_map_text_205000151,,,2,,0,gal_bg_street_1,gal_bg_street_6,1,205002500,157950
7510,205001430,2,1,gal_name_05,10501,,,0,,,205001440,gal_map_text_205000152,,,1,,0,gal_bg_street_1,gal_bg_street_6,1,205002500,157950
7511,205001440,2,1,player_name,,,,0,,,205001450,gal_map_text_205000153,,,1,,0,gal_bg_street_1,gal_bg_street_6,1,205002500,157950
7512,205001450,2,1,gal_name_05,30505,,,0,,,205001460,gal_map_text_205000154,,,1,,0,gal_bg_street_1,gal_bg_street_6,1,205002500,157950
7513,205001460,2,1,,,,,0,,,-1,gal_map_text_205000155,,,1,,0,gal_bg_street_1,gal_bg_street_6,1,-1,157950
7514,205001470,2,1,player_name,,,,0,,,205001480,gal_map_text_205000156,,,1,,0,gal_bg_street_1,gal_bg_street_6,1,205002500,157950
7515,205001480,2,1,player_name,,,,0,,,205001490,gal_map_text_205000157,,,1,,0,gal_bg_street_1,gal_bg_street_6,1,205002500,157950
7516,205001490,2,1,gal_name_05,10501,,,0,,,205001500,gal_map_text_205000158,,,1,,0,gal_bg_street_1,gal_bg_street_6,1,205002500,157950
7517,205001500,2,1,player_name,,,,0,,,205001510,gal_map_text_205000159,,,1,,0,gal_bg_street_1,gal_bg_street_6,1,205002500,157950
7518,205001510,2,1,,10505,,,0,,,205001520,gal_map_text_205000160,,,1,,0,gal_bg_street_1,gal_bg_street_6,1,205002500,157950
7519,205001520,2,1,gal_name_05,10501,,,0,,,205001530,gal_map_text_205000161,,,1,,0,gal_bg_street_1,gal_bg_street_6,1,205002500,157950
7520,205001530,2,1,,10505,,,0,,,205001540,gal_map_text_205000162,,,1,,0,gal_bg_street_1,gal_bg_street_6,1,205002500,157950
7521,205001540,2,1,player_name,,,,0,,,205001550,gal_map_text_205000163,,,1,,0,gal_bg_street_1,gal_bg_street_6,1,205002500,157950
7522,205001550,2,1,gal_name_05,30504,,,0,,,205001560,gal_map_text_205000164,,,1,,0,gal_bg_street_1,gal_bg_street_6,1,205002500,157950
7523,205001560,2,1,player_name,,,,0,,,205001570,gal_map_text_205000165,,,1,,0,gal_bg_street_1,gal_bg_street_6,1,205002500,157950
7524,205001570,2,1,,10502,,,0,,,205001580,gal_map_text_205000166,,,2,,0,gal_bg_street_1,gal_bg_street_6,1,205002500,157950
7525,205001580,2,1,gal_name_05,10501,,,0,,,205001590,gal_map_text_205000167,,,1,,0,gal_bg_street_1,gal_bg_street_6,1,205002500,157950
7526,205001590,2,1,,10505,,,0,,,205001600,gal_map_text_205000168,,,1,,0,gal_bg_street_1,gal_bg_street_6,1,205002500,157950
7527,205001600,2,1,,,,,0,,,-1,gal_map_text_205000169,,,1,,0,gal_bg_street_1,gal_bg_street_6,1,-1,157950
7528,205001610,2,1,,,,,0,,,205001620,gal_map_text_205000170,,,1,,2,gal_bg_street_1,gal_bg_street_4,1,205001700,157950
7529,205001620,2,1,,10505,,,0,,,205001630,gal_map_text_205000171,,,1,,0,gal_bg_street_1,gal_bg_street_4,1,205001700,157950
7530,205001630,2,1,gal_name_05,30505,,,0,,,205001640,gal_map_text_205000172,,,1,,0,gal_bg_street_1,gal_bg_street_4,1,205001700,157950
7531,205001640,2,1,player_name,,,,0,,,205001650,gal_map_text_205000173,,,1,,0,gal_bg_street_1,gal_bg_street_4,1,205001700,157950
7532,205001650,2,1,gal_name_05,20502,,,0,,,205001660,gal_map_text_205000174,,,1,,0,gal_bg_street_1,gal_bg_street_4,1,205001700,157950
7533,205001660,2,1,,10505,,,0,,,205001670,gal_map_text_205000175,,,1,,0,gal_bg_street_1,gal_bg_street_4,1,205001700,157950
7534,205001670,2,1,,10505,,,0,,,205001680,gal_map_text_205000176,,,1,,0,gal_bg_street_1,gal_bg_street_4,1,205001700,157950
7535,205001680,2,1,player_name,,,,0,,,205001690,gal_map_text_205000177,,,1,,0,gal_bg_street_1,gal_bg_street_4,1,205001700,157950
7536,205001690,2,1,gal_name_05,20504,,,0,,,205001700,gal_map_text_205000178,,,1,,0,gal_bg_street_1,gal_bg_street_4,1,205001700,157950
7537,205001700,2,2,,10502,2,gal_map_text_205000180|gal_map_text_205000181,1,,,205001710|205001850,gal_map_text_205000179,,,2,,2,gal_bg_street_1,gal_bg_street_4,1,,157950
7538,205001710,2,1,player_name,,,,0,,,205001720,gal_map_text_205000182,,,1,,0,gal_bg_street_1,gal_bg_street_4,1,205002740,157950
7539,205001720,2,1,player_name,,,,0,,,205001730,gal_map_text_205000183,,,1,,0,gal_bg_street_1,gal_bg_street_4,1,205002740,157950
7540,205001730,2,1,,10502,,,0,,,205001740,gal_map_text_205000184,,,2,,0,gal_bg_street_1,gal_bg_street_4,1,205002740,157950
7541,205001740,2,1,gal_name_05,30502,,,0,,,205001750,gal_map_text_205000185,,,1,,0,gal_bg_street_1,gal_bg_street_4,1,205002740,157950
7542,205001750,2,1,,10505,,,0,,,205001760,gal_map_text_205000186,,,1,,0,gal_bg_street_1,gal_bg_street_4,1,205002740,157950
7543,205001760,2,1,gal_name_05,30502,,,0,,,205001770,gal_map_text_205000187,,,1,,0,gal_bg_street_1,gal_bg_street_4,1,205002740,157950
7544,205001770,2,1,player_name,,,,0,,,205001780,gal_map_text_205000188,,,1,,0,gal_bg_street_1,gal_bg_street_4,1,205002740,157950
7545,205001780,2,1,gal_name_05,30503,,,0,,,205001790,gal_map_text_205000189,,,1,,0,gal_bg_street_1,gal_bg_street_4,1,205002740,157950
7546,205001790,2,1,,10505,,,0,,,205001800,gal_map_text_205000190,,,1,,0,gal_bg_street_1,gal_bg_street_4,1,205002740,157950
7547,205001800,2,1,gal_name_05,30502,,,0,,,205001810,gal_map_text_205000191,,,1,,0,gal_bg_street_1,gal_bg_street_4,1,205002740,157950
7548,205001810,2,1,player_name,,,,0,,,205001820,gal_map_text_205000192,,,1,,0,gal_bg_street_1,gal_bg_street_4,1,205002740,157950
7549,205001820,2,1,gal_name_05,30506,,,0,,,205001830,gal_map_text_205000193,,,1,,0,gal_bg_street_1,gal_bg_street_4,1,205002740,157950
7550,205001830,2,1,,10505,,,0,,,205001840,gal_map_text_205000194,,,1,,0,gal_bg_street_1,gal_bg_street_4,1,205002740,157950
7551,205001840,2,1,,,,,0,,,-1,gal_map_text_205000195,,,1,,0,gal_bg_street_1,gal_bg_street_4,1,-1,157950
7552,205001850,2,1,player_name,,,,0,,,205001860,gal_map_text_205000196,,,1,,0,gal_bg_street_1,gal_bg_street_4,1,205002900,157950
7553,205001860,2,1,gal_name_05,10501,,,0,,,205001870,gal_map_text_205000197,,,1,,0,gal_bg_street_1,gal_bg_street_4,1,205002900,157950
7554,205001870,2,1,,10502,,,0,,,205001880,gal_map_text_205000198,,,2,,0,gal_bg_street_1,gal_bg_street_4,1,205002900,157950
7555,205001880,2,1,player_name,,,,0,,,205001890,gal_map_text_205000199,,,1,,0,gal_bg_street_1,gal_bg_street_4,1,205002900,157950
7556,205001890,2,1,gal_name_05,30504,,,0,,,205001900,gal_map_text_205000200,,,1,,0,gal_bg_street_1,gal_bg_street_4,1,205002900,157950
7557,205001900,2,1,player_name,,,,0,,,205001910,gal_map_text_205000201,,,1,,0,gal_bg_street_1,gal_bg_street_4,1,205002900,157950
7558,205001910,2,1,gal_name_05,30505,,,0,,,205001920,gal_map_text_205000202,,,1,,0,gal_bg_street_1,gal_bg_street_4,1,205002900,157950
7559,205001920,2,1,,10505,,,0,,,205001930,gal_map_text_205000203,,,1,,0,gal_bg_street_1,gal_bg_street_4,1,205002900,157950
7560,205001930,2,1,gal_name_05,30502,,,0,,,205001940,gal_map_text_205000204,,,1,,0,gal_bg_street_1,gal_bg_street_4,1,205002900,157950
7561,205001940,2,1,player_name,,,,0,,,205001950,gal_map_text_205000205,,,1,,0,gal_bg_street_1,gal_bg_street_4,1,205002900,157950
7562,205001950,2,1,gal_name_05,30505,,,0,,,205001960,gal_map_text_205000206,,,1,,0,gal_bg_street_1,gal_bg_street_4,1,205002900,157950
7563,205001960,2,1,,10505,,,0,,,205001970,gal_map_text_205000207,,,1,,0,gal_bg_street_1,gal_bg_street_4,1,205002900,157950
7564,205001970,2,1,,,,,0,,,-1,gal_map_text_205000208,,,1,,0,gal_bg_street_1,gal_bg_street_4,1,-1,157950
7565,205001980,2,1,,,,,0,,,205001990,gal_map_text_205000209,,,1,,2,gal_bg_street_1,gal_bg_street_5,1,205002100,157950
7566,205001990,2,1,,10505,,,0,,,205002000,gal_map_text_205000210,,,1,,0,gal_bg_street_1,gal_bg_street_5,1,205002100,157950
7567,205002000,2,1,,10502,,,0,,,205002010,gal_map_text_205000211,,,2,,0,gal_bg_street_1,gal_bg_street_5,1,205002100,157950
7568,205002010,2,1,gal_name_05,20502,,,0,,,205002020,gal_map_text_205000212,,,1,,0,gal_bg_street_1,gal_bg_street_5,1,205002100,157950
7569,205002020,2,1,player_name,,,,0,,,205002030,gal_map_text_205000213,,,1,,0,gal_bg_street_1,gal_bg_street_5,1,205002100,157950
7570,205002030,2,1,gal_name_05,30503,,,0,,,205002040,gal_map_text_205000214,,,1,,0,gal_bg_street_1,gal_bg_street_5,1,205002100,157950
7571,205002040,2,1,,10405,,,0,,,205002050,gal_map_text_205000215,,,1,,0,gal_bg_street_1,gal_bg_street_5,1,205002100,157950
7572,205002050,2,1,gal_name_05,30505,,,0,,,205002060,gal_map_text_205000216,,,1,,0,gal_bg_street_1,gal_bg_street_5,1,205002100,157950
7573,205002060,2,1,,10505,,,0,,,205002070,gal_map_text_205000217,,,1,,0,gal_bg_street_1,gal_bg_street_5,1,205002100,157950
7574,205002070,2,1,gal_name_05,30505,,,0,,,205002080,gal_map_text_205000218,,,1,,0,gal_bg_street_1,gal_bg_street_5,1,205002100,157950
7575,205002080,2,1,gal_name_05,10501,,,0,,,205002090,gal_map_text_205000219,,,1,,0,gal_bg_street_1,gal_bg_street_5,1,205002100,157950
7576,205002090,2,1,,10505,,,0,,,205002100,gal_map_text_205000220,,,1,,0,gal_bg_street_1,gal_bg_street_5,1,205002100,157950
7577,205002100,2,2,gal_name_05,30504,2,gal_map_text_205000222|gal_map_text_205000223,1,,,205002110|205002260,gal_map_text_205000221,,,1,,2,gal_bg_street_1,gal_bg_street_5,1,,157950
7578,205002110,2,1,player_name,,,,0,,,205002120,gal_map_text_205000224,,,1,,0,gal_bg_street_1,gal_bg_street_5,1,205003040,157950
7579,205002120,2,1,player_name,,,,0,,,205002130,gal_map_text_205000225,,,1,,0,gal_bg_street_1,gal_bg_street_5,1,205003040,157950
7580,205002130,2,1,,10502,,,0,,,205002140,gal_map_text_205000226,,,2,,0,gal_bg_street_1,gal_bg_street_5,1,205003040,157950
7581,205002140,2,1,gal_name_05,10501,,,0,,,205002150,gal_map_text_205000227,,,1,,0,gal_bg_street_1,gal_bg_street_5,1,205003040,157950
7582,205002150,2,1,,10505,,,0,,,205002160,gal_map_text_205000228,,,1,,0,gal_bg_street_1,gal_bg_street_5,1,205003040,157950
7583,205002160,2,1,player_name,,,,0,,,205002170,gal_map_text_205000229,,,1,,0,gal_bg_street_1,gal_bg_street_5,1,205003040,157950
7584,205002170,2,1,,10502,,,0,,,205002180,gal_map_text_205000230,,,2,,0,gal_bg_street_1,gal_bg_street_5,1,205003040,157950
7585,205002180,2,1,,10505,,,0,,,205002190,gal_map_text_205000231,,,1,,0,gal_bg_street_1,gal_bg_street_5,1,205003040,157950
7586,205002190,2,1,,10502,,,0,,,205002200,gal_map_text_205000232,,,2,,0,gal_bg_street_1,gal_bg_street_5,1,205003040,157950
7587,205002200,2,1,gal_name_05,10501,,,0,,,205002210,gal_map_text_205000233,,,1,,0,gal_bg_street_1,gal_bg_street_5,1,205003040,157950
7588,205002210,2,1,player_name,,,,0,,,205002220,gal_map_text_205000234,,,1,,0,gal_bg_street_1,gal_bg_street_5,1,205003040,157950
7589,205002220,2,1,gal_name_05,10501,,,0,,,205002230,gal_map_text_205000235,,,1,,0,gal_bg_street_1,gal_bg_street_5,1,205003040,157950
7590,205002230,2,1,player_name,,,,0,,,205002240,gal_map_text_205000236,,,1,,0,gal_bg_street_1,gal_bg_street_5,1,205003040,157950
7591,205002240,2,1,gal_name_05,30505,,,0,,,205002250,gal_map_text_205000237,,,1,,0,gal_bg_street_1,gal_bg_street_5,1,205003040,157950
7592,205002250,2,1,,,,,0,,,-1,gal_map_text_205000238,,,1,,0,gal_bg_street_1,gal_bg_street_5,1,-1,157950
7593,205002260,2,1,player_name,,,,0,,,205002270,gal_map_text_205000239,,,1,,0,gal_bg_street_1,gal_bg_street_5,1,205003240,157950
7594,205002270,2,1,gal_name_05,30505,,,0,,,205002280,gal_map_text_205000240,,,1,,0,gal_bg_street_1,gal_bg_street_5,1,205003240,157950
7595,205002280,2,1,,10505,,,0,,,205002290,gal_map_text_205000241,,,1,,0,gal_bg_street_1,gal_bg_street_5,1,205003240,157950
7596,205002290,2,1,gal_name_05,30504,,,0,,,205002300,gal_map_text_205000242,,,1,,0,gal_bg_street_1,gal_bg_street_5,1,205003240,157950
7597,205002300,2,1,player_name,,,,0,,,205002310,gal_map_text_205000243,,,1,,0,gal_bg_street_1,gal_bg_street_5,1,205003240,157950
7598,205002310,2,1,,10505,,,0,,,205002320,gal_map_text_205000244,,,1,,0,gal_bg_street_1,gal_bg_street_5,1,205003240,157950
7599,205002320,2,1,gal_name_05,30504,,,0,,,205002330,gal_map_text_205000245,,,1,,0,gal_bg_street_1,gal_bg_street_5,1,205003240,157950
7600,205002330,2,1,player_name,,,,0,,,205002340,gal_map_text_205000246,,,1,,0,gal_bg_street_1,gal_bg_street_5,1,205003240,157950
7601,205002340,2,1,gal_name_05,30505,,,0,,,205002350,gal_map_text_205000247,,,1,,0,gal_bg_street_1,gal_bg_street_5,1,205003240,157950
7602,205002350,2,1,player_name,,,,0,,,205002360,gal_map_text_205000248,,,1,,0,gal_bg_street_1,gal_bg_street_5,1,205003240,157950
7603,205002360,2,1,gal_name_05,20502,,,0,,,205002370,gal_map_text_205000249,,,1,,0,gal_bg_street_1,gal_bg_street_5,1,205003240,157950
7604,205002370,2,1,,10505,,,0,,,205002380,gal_map_text_205000250,,,1,,0,gal_bg_street_1,gal_bg_street_5,1,205003240,157950
7605,205002380,2,1,gal_name_05,10501,,,0,,,205002390,gal_map_text_205000251,,,1,,0,gal_bg_street_1,gal_bg_street_5,1,205003240,157950
7606,205002390,2,1,player_name,,,,0,,,205002400,gal_map_text_205000252,,,1,,0,gal_bg_street_1,gal_bg_street_5,1,205003240,157950
7607,205002400,2,1,,,,,0,,,-1,gal_map_text_205000253,,,1,,0,gal_bg_street_1,gal_bg_street_5,1,-1,157950
7608,205002410,2,1,,,,,0,,,205002420,gal_map_text_205000254,,,1,,2,gal_bg_street_1,gal_bg_street_6,1,205002500,157950
7609,205002420,2,1,,10505,,,0,,,205002430,gal_map_text_205000255,,,1,,0,gal_bg_street_1,gal_bg_street_6,1,205002500,157950
7610,205002430,2,1,gal_name_05,10501,,,0,,,205002440,gal_map_text_205000256,,,1,,0,gal_bg_street_1,gal_bg_street_6,1,205002500,157950
7611,205002440,2,1,player_name,,,,0,,,205002450,gal_map_text_205000257,,,1,,0,gal_bg_street_1,gal_bg_street_6,1,205002500,157950
7612,205002450,2,1,gal_name_05,10501,,,0,,,205002460,gal_map_text_205000258,,,1,,0,gal_bg_street_1,gal_bg_street_6,1,205002500,157950
7613,205002460,2,1,,10505,,,0,,,205002470,gal_map_text_205000259,,,1,,0,gal_bg_street_1,gal_bg_street_6,1,205002500,157950
7614,205002470,2,1,,10505,,,0,,,205002480,gal_map_text_205000260,,,1,,0,gal_bg_street_1,gal_bg_street_6,1,205002500,157950
7615,205002480,2,1,gal_name_05,10501,,,0,,,205002490,gal_map_text_205000261,,,1,,0,gal_bg_street_1,gal_bg_street_6,1,205002500,157950
7616,205002490,2,1,player_name,,,,0,,,205002500,gal_map_text_205000262,,,1,,0,gal_bg_street_1,gal_bg_street_6,1,205002500,157950
7617,205002500,2,2,gal_name_05,10501,2,gal_map_text_205000264|gal_map_text_205000265,1,,,205002510|205002650,gal_map_text_205000263,,,1,,2,gal_bg_street_1,gal_bg_street_6,1,,157950
7618,205002510,2,1,player_name,,,,0,,,205002520,gal_map_text_205000266,,,1,,0,gal_bg_street_1,gal_bg_street_6,1,205003370,157950
7619,205002520,2,1,gal_name_05,30502,,,0,,,205002530,gal_map_text_205000267,,,1,,0,gal_bg_street_1,gal_bg_street_6,1,205003370,157950
7620,205002530,2,1,player_name,,,,0,,,205002540,gal_map_text_205000268,,,1,,0,gal_bg_street_1,gal_bg_street_6,1,205003370,157950
7621,205002540,2,1,,10505,,,0,,,205002550,gal_map_text_205000269,,,1,,0,gal_bg_street_1,gal_bg_street_6,1,205003370,157950
7622,205002550,2,1,gal_name_05,10501,,,0,,,205002560,gal_map_text_205000270,,,1,,0,gal_bg_street_1,gal_bg_street_6,1,205003370,157950
7623,205002560,2,1,,10502,,,0,,,205002570,gal_map_text_205000271,,,2,,0,gal_bg_street_1,gal_bg_street_6,1,205003370,157950
7624,205002570,2,1,player_name,,,,0,,,205002580,gal_map_text_205000272,,,1,,0,gal_bg_street_1,gal_bg_street_6,1,205003370,157950
7625,205002580,2,1,gal_name_05,30505,,,0,,,205002590,gal_map_text_205000273,,,1,,0,gal_bg_street_1,gal_bg_street_6,1,205003370,157950
7626,205002590,2,1,player_name,,,,0,,,205002600,gal_map_text_205000274,,,1,,0,gal_bg_street_1,gal_bg_street_6,1,205003370,157950
7627,205002600,2,1,,10502,,,0,,,205002610,gal_map_text_205000275,,,2,,0,gal_bg_street_1,gal_bg_street_6,1,205003370,157950
7628,205002610,2,1,gal_name_05,10501,,,0,,,205002620,gal_map_text_205000276,,,1,,0,gal_bg_street_1,gal_bg_street_6,1,205003370,157950
7629,205002620,2,1,player_name,,,,0,,,205002630,gal_map_text_205000277,,,1,,0,gal_bg_street_1,gal_bg_street_6,1,205003370,157950
7630,205002630,2,1,gal_name_05,30505,,,0,,,205002640,gal_map_text_205000278,,,1,,0,gal_bg_street_1,gal_bg_street_6,1,205003370,157950
7631,205002640,2,1,,,,,0,,,-1,gal_map_text_205000279,,,1,,0,gal_bg_street_1,gal_bg_street_6,1,-1,157950
7632,205002650,2,1,player_name,,,,0,,,205002660,gal_map_text_205000280,,,1,,0,gal_bg_street_1,gal_bg_street_6,1,205003520,157950
7633,205002660,2,1,gal_name_05,30506,,,0,,,205002670,gal_map_text_205000281,,,1,,0,gal_bg_street_1,gal_bg_street_6,1,205003520,157950
7634,205002670,2,1,,10505,,,0,,,205002680,gal_map_text_205000282,,,1,,0,gal_bg_street_1,gal_bg_street_6,1,205003520,157950
7635,205002680,2,1,gal_name_05,10501,,,0,,,205002690,gal_map_text_205000283,,,1,,0,gal_bg_street_1,gal_bg_street_6,1,205003520,157950
7636,205002690,2,1,player_name,,,,0,,,205002700,gal_map_text_205000284,,,1,,0,gal_bg_street_1,gal_bg_street_6,1,205003520,157950
7637,205002700,2,1,gal_name_05,30505,,,0,,,205002710,gal_map_text_205000285,,,1,,0,gal_bg_street_1,gal_bg_street_6,1,205003520,157950
7638,205002710,2,1,player_name,,,,0,,,205002720,gal_map_text_205000286,,,1,,0,gal_bg_street_1,gal_bg_street_6,1,205003520,157950
7639,205002720,2,1,gal_name_05,30505,,,0,,,205002730,gal_map_text_205000287,,,1,,0,gal_bg_street_1,gal_bg_street_6,1,205003520,157950
7640,205002730,2,1,,,,,0,,,-1,gal_map_text_205000288,,,1,,0,gal_bg_street_1,gal_bg_street_6,1,-1,157950
7641,205002740,2,1,,,,,1,,,205002750,gal_map_text_205000289,,,1,,0,gal_bg_street_1,gal_bg_street_4,1,205003630,157950
7642,205002750,2,1,gal_name_05,20504,,,0,,,205002760,gal_map_text_205000290,,,1,,0,gal_bg_street_1,gal_bg_street_4,1,205003630,157950
7643,205002760,2,1,,10502,,,0,,,205002770,gal_map_text_205000291,,,2,,0,gal_bg_street_1,gal_bg_street_4,1,205003630,157950
7644,205002770,2,1,gal_name_05,20504,,,0,,,205002780,gal_map_text_205000292,,,1,,0,gal_bg_street_1,gal_bg_street_4,1,205003630,157950
7645,205002780,2,1,,10505,,,0,,,205002790,gal_map_text_205000293,,,1,,0,gal_bg_street_1,gal_bg_street_4,1,205003630,157950
7646,205002790,2,1,player_name,,,,0,,,205002800,gal_map_text_205000294,,,1,,0,gal_bg_street_1,gal_bg_street_4,1,205003630,157950
7647,205002800,2,1,gal_name_05,20504,,,0,,,205002810,gal_map_text_205000295,,,1,,0,gal_bg_street_1,gal_bg_street_4,1,205003630,157950
7648,205002810,2,1,gal_name_05,10501,,,0,,,205002820,gal_map_text_205000296,,,1,,0,gal_bg_street_1,gal_bg_street_4,1,205003630,157950
7649,205002820,2,1,,10505,,,0,,,205002830,gal_map_text_205000297,,,1,,0,gal_bg_street_1,gal_bg_street_4,1,205003630,157950
7650,205002830,2,1,,10502,,,0,,,205002840,gal_map_text_205000298,,,2,,0,gal_bg_street_1,gal_bg_street_4,1,205003630,157950
7651,205002840,2,1,gal_name_05,10501,,,0,,,205002850,gal_map_text_205000299,,,1,,0,gal_bg_street_1,gal_bg_street_4,1,205003630,157950
7652,205002850,2,1,,10505,,,0,,,205002860,gal_map_text_205000300,,,1,,0,gal_bg_street_1,gal_bg_street_4,1,205003630,157950
7653,205002860,2,1,gal_name_05,10501,,,0,,,205002870,gal_map_text_205000301,,,1,,0,gal_bg_street_1,gal_bg_street_4,1,205003630,157950
7654,205002870,2,1,player_name,,,,0,,,205002880,gal_map_text_205000302,,,1,,0,gal_bg_street_1,gal_bg_street_4,1,205003630,157950
7655,205002880,2,1,gal_name_05,10501,,,0,,,205002890,gal_map_text_205000303,,,1,,0,gal_bg_street_1,gal_bg_street_4,1,205003630,157950
7656,205002890,2,1,,,,,0,,,-1,gal_map_text_205000304,,,1,,0,gal_bg_street_1,gal_bg_street_4,1,-1,157950
7657,205002900,2,1,,,,,1,,,205002910,gal_map_text_205000305,,,1,,0,gal_bg_street_1,gal_bg_street_4,1,205003630,157950
7658,205002910,2,1,gal_name_05,30505,,,0,,,205002920,gal_map_text_205000306,,,1,,0,gal_bg_street_1,gal_bg_street_4,1,205003630,157950
7659,205002920,2,1,player_name,,,,0,,,205002930,gal_map_text_205000307,,,1,,0,gal_bg_street_1,gal_bg_street_4,1,205003630,157950
7660,205002930,2,1,gal_name_05,30505,,,0,,,205002940,gal_map_text_205000308,,,1,,0,gal_bg_street_1,gal_bg_street_4,1,205003630,157950
7661,205002940,2,1,,10505,,,0,,,205002950,gal_map_text_205000309,,,1,,0,gal_bg_street_1,gal_bg_street_4,1,205003630,157950
7662,205002950,2,1,gal_name_05,30505,,,0,,,205002960,gal_map_text_205000310,,,1,,0,gal_bg_street_1,gal_bg_street_4,1,205003630,157950
7663,205002960,2,1,player_name,,,,0,,,205002970,gal_map_text_205000311,,,1,,0,gal_bg_street_1,gal_bg_street_4,1,205003630,157950
7664,205002970,2,1,gal_name_05,30505,,,0,,,205002980,gal_map_text_205000312,,,1,,0,gal_bg_street_1,gal_bg_street_4,1,205003630,157950
7665,205002980,2,1,player_name,,,,0,,,205002990,gal_map_text_205000313,,,1,,0,gal_bg_street_1,gal_bg_street_4,1,205003630,157950
7666,205002990,2,1,gal_name_05,30505,,,0,,,205003000,gal_map_text_205000314,,,1,,0,gal_bg_street_1,gal_bg_street_4,1,205003630,157950
7667,205003000,2,1,,10505,,,0,,,205003010,gal_map_text_205000315,,,1,,0,gal_bg_street_1,gal_bg_street_4,1,205003630,157950
7668,205003010,2,1,gal_name_05,30505,,,0,,,205003020,gal_map_text_205000316,,,1,,0,gal_bg_street_1,gal_bg_street_4,1,205003630,157950
7669,205003020,2,1,player_name,,,,0,,,205003030,gal_map_text_205000317,,,1,,0,gal_bg_street_1,gal_bg_street_4,1,205003630,157950
7670,205003030,2,1,,,,,0,,,-1,gal_map_text_205000318,,,1,,0,gal_bg_street_1,gal_bg_street_4,1,-1,157950
7671,205003040,2,1,,,,,1,,,205003050,gal_map_text_205000319,,,1,,0,gal_bg_street_1,gal_bg_street_5,1,205003630,157950
7672,205003050,2,1,gal_name_05,20504,,,0,,,205003060,gal_map_text_205000320,,,1,,0,gal_bg_street_1,gal_bg_street_5,1,205003630,157950
7673,205003060,2,1,,10502,,,0,,,205003070,gal_map_text_205000321,,,2,,0,gal_bg_street_1,gal_bg_street_5,1,205003630,157950
7674,205003070,2,1,gal_name_05,10501,,,0,,,205003080,gal_map_text_205000322,,,1,,0,gal_bg_street_1,gal_bg_street_5,1,205003630,157950
7675,205003080,2,1,,10505,,,0,,,205003090,gal_map_text_205000323,,,1,,0,gal_bg_street_1,gal_bg_street_5,1,205003630,157950
7676,205003090,2,1,player_name,,,,0,,,205003100,gal_map_text_205000324,,,1,,0,gal_bg_street_1,gal_bg_street_5,1,205003630,157950
7677,205003100,2,1,gal_name_05,10501,,,0,,,205003110,gal_map_text_205000325,,,1,,0,gal_bg_street_1,gal_bg_street_5,1,205003630,157950
7678,205003110,2,1,,10502,,,0,,,205003120,gal_map_text_205000326,,,2,,0,gal_bg_street_1,gal_bg_street_5,1,205003630,157950
7679,205003120,2,1,player_name,,,,0,,,205003130,gal_map_text_205000327,,,1,,0,gal_bg_street_1,gal_bg_street_5,1,205003630,157950
7680,205003130,2,1,gal_name_05,10501,,,0,,,205003140,gal_map_text_205000328,,,1,,0,gal_bg_street_1,gal_bg_street_5,1,205003630,157950
7681,205003140,2,1,gal_name_05,10501,,,0,,,205003150,gal_map_text_205000329,,,1,,0,gal_bg_street_1,gal_bg_street_5,1,205003630,157950
7682,205003150,2,1,,10502,,,0,,,205003160,gal_map_text_205000330,,,2,,0,gal_bg_street_1,gal_bg_street_5,1,205003630,157950
7683,205003160,2,1,gal_name_05,10501,,,0,,,205003170,gal_map_text_205000331,,,1,,0,gal_bg_street_1,gal_bg_street_5,1,205003630,157950
7684,205003170,2,1,,10505,,,0,,,205003180,gal_map_text_205000332,,,1,,0,gal_bg_street_1,gal_bg_street_5,1,205003630,157950
7685,205003180,2,1,gal_name_05,10501,,,0,,,205003190,gal_map_text_205000333,,,1,,0,gal_bg_street_1,gal_bg_street_5,1,205003630,157950
7686,205003190,2,1,player_name,,,,0,,,205003200,gal_map_text_205000334,,,1,,0,gal_bg_street_1,gal_bg_street_5,1,205003630,157950
7687,205003200,2,1,,10505,,,0,,,205003210,gal_map_text_205000335,,,1,,0,gal_bg_street_1,gal_bg_street_5,1,205003630,157950
7688,205003210,2,1,player_name,,,,0,,,205003220,gal_map_text_205000336,,,1,,0,gal_bg_street_1,gal_bg_street_5,1,205003630,157950
7689,205003220,2,1,gal_name_05,10501,,,0,,,205003230,gal_map_text_205000337,,,1,,0,gal_bg_street_1,gal_bg_street_5,1,205003630,157950
7690,205003230,2,1,,,,,0,,,-1,gal_map_text_205000338,,,1,,0,gal_bg_street_1,gal_bg_street_5,1,-1,157950
7691,205003240,2,1,,,,,1,,,205003250,gal_map_text_205000339,,,1,,0,gal_bg_street_1,gal_bg_street_5,1,205003630,157950
7692,205003250,2,1,gal_name_05,20504,,,0,,,205003260,gal_map_text_205000340,,,1,,0,gal_bg_street_1,gal_bg_street_5,1,205003630,157950
7693,205003260,2,1,,10502,,,0,,,205003270,gal_map_text_205000341,,,2,,0,gal_bg_street_1,gal_bg_street_5,1,205003630,157950
7694,205003270,2,1,gal_name_05,10501,,,0,,,205003280,gal_map_text_205000342,,,1,,0,gal_bg_street_1,gal_bg_street_5,1,205003630,157950
7695,205003280,2,1,,10505,,,0,,,205003290,gal_map_text_205000343,,,1,,0,gal_bg_street_1,gal_bg_street_5,1,205003630,157950
7696,205003290,2,1,gal_name_05,10501,,,0,,,205003300,gal_map_text_205000344,,,1,,0,gal_bg_street_1,gal_bg_street_5,1,205003630,157950
7697,205003300,2,1,player_name,,,,0,,,205003310,gal_map_text_205000345,,,1,,0,gal_bg_street_1,gal_bg_street_5,1,205003630,157950
7698,205003310,2,1,gal_name_05,10501,,,0,,,205003320,gal_map_text_205000346,,,1,,0,gal_bg_street_1,gal_bg_street_5,1,205003630,157950
7699,205003320,2,1,player_name,,,,0,,,205003330,gal_map_text_205000347,,,1,,0,gal_bg_street_1,gal_bg_street_5,1,205003630,157950
7700,205003330,2,1,gal_name_05,10501,,,0,,,205003340,gal_map_text_205000348,,,1,,0,gal_bg_street_1,gal_bg_street_5,1,205003630,157950
7701,205003340,2,1,player_name,,,,0,,,205003350,gal_map_text_205000349,,,1,,0,gal_bg_street_1,gal_bg_street_5,1,205003630,157950
7702,205003350,2,1,gal_name_05,30505,,,0,,,205003360,gal_map_text_205000350,,,1,,0,gal_bg_street_1,gal_bg_street_5,1,205003630,157950
7703,205003360,2,1,,,,,0,,,-1,gal_map_text_205000351,,,1,,0,gal_bg_street_1,gal_bg_street_5,1,-1,157950
7704,205003370,2,1,,,,,1,,,205003380,gal_map_text_205000352,,,1,,0,gal_bg_street_1,gal_bg_street_6,1,205003630,157950
7705,205003380,2,1,gal_name_05,20504,,,0,,,205003390,gal_map_text_205000353,,,1,,0,gal_bg_street_1,gal_bg_street_6,1,205003630,157950
7706,205003390,2,1,player_name,,,,0,,,205003400,gal_map_text_205000354,,,1,,0,gal_bg_street_1,gal_bg_street_6,1,205003630,157950
7707,205003400,2,1,gal_name_05,30505,,,0,,,205003410,gal_map_text_205000355,,,1,,0,gal_bg_street_1,gal_bg_street_6,1,205003630,157950
7708,205003410,2,1,,10505,,,0,,,205003420,gal_map_text_205000356,,,1,,0,gal_bg_street_1,gal_bg_street_6,1,205003630,157950
7709,205003420,2,1,,10505,,,0,,,205003430,gal_map_text_205000357,,,1,,0,gal_bg_street_1,gal_bg_street_6,1,205003630,157950
7710,205003430,2,1,gal_name_05,10501,,,0,,,205003440,gal_map_text_205000358,,,1,,0,gal_bg_street_1,gal_bg_street_6,1,205003630,157950
7711,205003440,2,1,player_name,,,,0,,,205003450,gal_map_text_205000359,,,1,,0,gal_bg_street_1,gal_bg_street_6,1,205003630,157950
7712,205003450,2,1,gal_name_05,30505,,,0,,,205003460,gal_map_text_205000360,,,1,,0,gal_bg_street_1,gal_bg_street_6,1,205003630,157950
7713,205003460,2,1,,10502,,,0,,,205003470,gal_map_text_205000361,,,2,,0,gal_bg_street_1,gal_bg_street_6,1,205003630,157950
7714,205003470,2,1,gal_name_05,10501,,,0,,,205003480,gal_map_text_205000362,,,1,,0,gal_bg_street_1,gal_bg_street_6,1,205003630,157950
7715,205003480,2,1,gal_name_05,10501,,,0,,,205003490,gal_map_text_205000363,,,1,,0,gal_bg_street_1,gal_bg_street_6,1,205003630,157950
7716,205003490,2,1,player_name,,,,0,,,205003500,gal_map_text_205000364,,,1,,0,gal_bg_street_1,gal_bg_street_6,1,205003630,157950
7717,205003500,2,1,gal_name_05,10501,,,0,,,205003510,gal_map_text_205000365,,,1,,0,gal_bg_street_1,gal_bg_street_6,1,205003630,157950
7718,205003510,2,1,,,,,0,,,-1,gal_map_text_205000366,,,1,,0,gal_bg_street_1,gal_bg_street_6,1,-1,157950
7719,205003520,2,1,,,,,1,,,205003530,gal_map_text_205000367,,,1,,0,gal_bg_street_1,gal_bg_street_6,1,205003630,157950
7720,205003530,2,1,gal_name_05,20504,,,0,,,205003540,gal_map_text_205000368,,,1,,0,gal_bg_street_1,gal_bg_street_6,1,205003630,157950
7721,205003540,2,1,,10502,,,0,,,205003550,gal_map_text_205000369,,,2,,0,gal_bg_street_1,gal_bg_street_6,1,205003630,157950
7722,205003550,2,1,,10505,,,0,,,205003560,gal_map_text_205000370,,,1,,0,gal_bg_street_1,gal_bg_street_6,1,205003630,157950
7723,205003560,2,1,player_name,,,,0,,,205003570,gal_map_text_205000371,,,1,,0,gal_bg_street_1,gal_bg_street_6,1,205003630,157950
7724,205003570,2,1,gal_name_05,10501,,,0,,,205003580,gal_map_text_205000372,,,1,,0,gal_bg_street_1,gal_bg_street_6,1,205003630,157950
7725,205003580,2,1,gal_name_05,30505,,,0,,,205003590,gal_map_text_205000373,,,1,,0,gal_bg_street_1,gal_bg_street_6,1,205003630,157950
7726,205003590,2,1,player_name,,,,0,,,205003600,gal_map_text_205000374,,,1,,0,gal_bg_street_1,gal_bg_street_6,1,205003630,157950
7727,205003600,2,1,gal_name_05,30505,,,0,,,205003610,gal_map_text_205000375,,,1,,0,gal_bg_street_1,gal_bg_street_6,1,205003630,157950
7728,205003610,2,1,player_name,,,,0,,,205003620,gal_map_text_205000376,,,1,,0,gal_bg_street_1,gal_bg_street_6,1,205003630,157950
7729,205003620,2,1,,,,,0,,,-1,gal_map_text_205000377,,,1,,0,gal_bg_street_1,gal_bg_street_6,1,-1,157950
7730,205003630,2,1,,,,,1,,,205003640,gal_map_text_205000378,,,1,,2,gal_bg_street_1,gal_bg_street_20,1,205003981,157950
7731,205003640,2,1,,10505,,,0,,,205003650,gal_map_text_205000379,,,1,,0,gal_bg_street_1,gal_bg_street_20,1,205003981,157950
7732,205003650,2,1,,10502,,,0,,,205003660,gal_map_text_205000380,,,2,,0,gal_bg_street_1,gal_bg_street_20,1,205003981,157950
7733,205003660,2,1,gal_name_05,20504,,,0,,,205003670,gal_map_text_205000381,,,1,,0,gal_bg_street_1,gal_bg_street_20,1,205003981,157950
7734,205003670,2,1,player_name,,,,0,,,205003680,gal_map_text_205000382,,,1,,0,gal_bg_street_1,gal_bg_street_20,1,205003981,157950
7735,205003680,2,1,gal_name_05,10501,,,0,,,205003690,gal_map_text_205000383,,,1,,0,gal_bg_street_1,gal_bg_street_20,1,205003981,157950
7736,205003690,2,1,,,,,0,,,205003700,gal_map_text_205000384,,,1,,0,gal_bg_street_1,gal_bg_street_20,1,205003981,157950
7737,205003700,2,1,player_name,,,,0,,,205003710,gal_map_text_205000385,,,1,,0,gal_bg_street_1,gal_bg_street_20,1,205003981,157950
7738,205003710,2,1,gal_name_05,10501,,,0,,,205003720,gal_map_text_205000386,,,1,,0,gal_bg_street_1,gal_bg_street_20,1,205003981,157950
7739,205003720,2,1,gal_name_05,10501,,,0,,,205003730,gal_map_text_205000387,,,1,,0,gal_bg_street_1,gal_bg_street_20,1,205003981,157950
7740,205003730,2,1,,10505,,,0,,,205003740,gal_map_text_205000388,,,1,,0,gal_bg_street_1,gal_bg_street_20,1,205003981,157950
7741,205003740,2,1,player_name,,,,0,,,205003750,gal_map_text_205000389,,,1,,0,gal_bg_street_1,gal_bg_street_20,1,205003981,157950
7742,205003750,2,1,gal_name_05,10501,,,0,,,205003760,gal_map_text_205000390,,,1,,0,gal_bg_street_1,gal_bg_street_20,1,205003981,157950
7743,205003760,2,1,player_name,,,,0,,,205003770,gal_map_text_205000391,,,1,,0,gal_bg_street_1,gal_bg_street_20,1,205003981,157950
7744,205003770,2,1,,10505,,,0,,,205003780,gal_map_text_205000392,,,1,,0,gal_bg_street_1,gal_bg_street_20,1,205003981,157950
7745,205003780,2,1,,10505,,,0,,,205003790,gal_map_text_205000393,,,1,,0,gal_bg_street_1,gal_bg_street_20,1,205003981,157950
7746,205003790,2,1,,10505,,,0,,,205003800,gal_map_text_205000394,,,1,,0,gal_bg_street_1,gal_bg_street_20,1,205003981,157950
7747,205003800,2,1,gal_name_05,10501,,,0,,,205003810,gal_map_text_205000395,,,1,,0,gal_bg_street_1,gal_bg_street_20,1,205003981,157950
7748,205003810,2,1,gal_name_05,10501,,,0,,,205003820,gal_map_text_205000396,,,1,,0,gal_bg_street_1,gal_bg_street_20,1,205003981,157950
7749,205003820,2,1,player_name,,,,0,,,205003830,gal_map_text_205000397,,,1,,0,gal_bg_street_1,gal_bg_street_20,1,205003981,157950
7750,205003830,2,1,gal_name_05,10501,,,0,,,205003840,gal_map_text_205000398,,,1,,0,gal_bg_street_1,gal_bg_street_20,1,205003981,157950
7751,205003840,2,1,gal_name_05,10501,,,0,,,205003850,gal_map_text_205000399,,,1,,0,gal_bg_street_1,gal_bg_street_20,1,205003981,157950
7752,205003850,2,1,,10505,,,0,,,205003860,gal_map_text_205000400,,,1,,0,gal_bg_street_1,gal_bg_street_20,1,205003981,157950
7753,205003860,2,1,gal_name_48,10505,,,0,,,205003870,gal_map_text_205000401,,,1,,0,gal_bg_street_1,gal_bg_street_20,1,205003981,157950
7754,205003870,2,1,,10505,,,0,,,205003880,gal_map_text_205000402,,,1,,0,gal_bg_street_1,gal_bg_street_20,1,205003981,157950
7755,205003880,2,1,,10505,,,0,,,205003890,gal_map_text_205000403,,,1,,0,gal_bg_street_1,gal_bg_street_20,1,205003981,157950
7756,205003890,2,1,,10505,,,0,,,205003900,gal_map_text_205000404,,,1,,0,gal_bg_street_1,gal_bg_street_20,1,205003981,157950
7757,205003900,2,1,,10505,,,0,,,205003910,gal_map_text_205000405,,,1,,0,gal_bg_street_1,gal_bg_street_20,1,205003981,157950
7758,205003910,2,1,player_name,,,,0,,,205003920,gal_map_text_205000406,,,1,,0,gal_bg_street_1,gal_bg_street_20,1,205003981,157950
7759,205003920,2,1,gal_name_05,10501,,,0,,,205003930,gal_map_text_205000407,,,1,,0,gal_bg_street_1,gal_bg_street_20,1,205003981,157950
7760,205003930,2,1,player_name,,,,0,,,205003940,gal_map_text_205000408,,,1,,0,gal_bg_street_1,gal_bg_street_20,1,205003981,157950
7761,205003940,2,1,player_name,,,,0,,,205003950,gal_map_text_205000409,,,1,,0,gal_bg_street_1,gal_bg_street_20,1,205003981,157950
7762,205003950,2,1,,10505,,,0,,,205003960,gal_map_text_205000410,,,1,,0,gal_bg_street_1,gal_bg_street_20,1,205003981,157950
7763,205003960,2,1,,10505,,,0,,,205003970,gal_map_text_205000411,,,1,,0,gal_bg_street_1,gal_bg_street_20,1,205003981,157950
7764,205003970,2,1,gal_name_05,10501,,,0,,,205003980,gal_map_text_205000412,,,1,,0,gal_bg_street_1,gal_bg_street_20,1,205003981,157950
7765,205003980,2,1,,10505,,,0,,,205003981,gal_map_text_205000413,,,1,,0,gal_bg_street_1,gal_bg_street_20,1,205003981,157950
7766,205003981,3,1,,10505,,,0,,,205003990,,,,,,2,gal_gallery_pic_24009401,,1,-1,157950
7767,205003990,2,1,,10505,,,0,,,205004000,gal_map_text_205000414,,,1,,0,gal_gallery_pic_24009401,gal_bg_street_20,1,-1,157950
7768,205004000,2,1,,10505,,,0,,,205004010,gal_map_text_205000415,,,1,,0,gal_gallery_pic_24009401,gal_bg_street_20,1,-1,157950
7769,205004010,2,1,gal_name_05,10505,,,0,,,205004020,gal_map_text_205000416,,,1,,0,gal_gallery_pic_24009401,gal_bg_street_20,1,-1,157950
7770,205004020,2,1,player_name,,,,0,,,205004030,gal_map_text_205000417,,,1,,0,gal_gallery_pic_24009401,gal_bg_street_20,1,-1,157950
7771,205004030,2,1,,10505,,,0,,,205004040,gal_map_text_205000418,,,1,,0,gal_gallery_pic_24009401,gal_bg_street_20,1,-1,157950
7772,205004040,2,1,,10505,,,0,,,205004050,gal_map_text_205000419,,,1,,0,gal_gallery_pic_24009401,gal_bg_street_20,1,-1,157950
7773,205004050,2,1,,10505,,,0,,,205004060,gal_map_text_205000420,,,1,,0,gal_gallery_pic_24009401,gal_bg_street_20,1,-1,157950
7774,205004060,2,1,gal_name_05,10505,,,0,,,205004070,gal_map_text_205000421,,,1,,0,gal_gallery_pic_24009401,gal_bg_street_20,1,-1,157950
7775,205004070,2,1,gal_name_05,10505,,,0,,,205004080,gal_map_text_205000422,,,1,,0,gal_gallery_pic_24009401,gal_bg_street_20,1,-1,157950
7776,205004080,2,1,player_name,,,,0,,,205004090,gal_map_text_205000423,,,1,,0,gal_gallery_pic_24009401,gal_bg_street_20,1,-1,157950
7777,205004090,2,1,gal_name_05,10505,,,0,,,205004100,gal_map_text_205000424,,,1,,0,gal_gallery_pic_24009401,gal_bg_street_20,1,-1,157950
7778,205004100,2,1,,10505,,,0,,,205004110,gal_map_text_205000425,,,1,,0,gal_gallery_pic_24009401,gal_bg_street_20,1,-1,157950
7779,205004110,2,1,,10505,,,0,,,205004120,gal_map_text_205000426,,,1,,0,gal_gallery_pic_24009401,gal_bg_street_20,1,-1,157950
7780,205004120,2,1,,,,,0,,,205004130,gal_map_text_205000427,,,1,,0,gal_gallery_pic_24009401,gal_bg_street_20,1,-1,157950
7781,205004130,2,1,gal_name_05,10505,,,0,,,205004140,gal_map_text_205000428,,,1,,0,gal_gallery_pic_24009401,gal_bg_street_20,1,-1,157950
7782,205004140,2,1,,,,,0,,,205004150,gal_map_text_205000429,,,1,,0,gal_gallery_pic_24009401,gal_bg_street_20,1,-1,157950
7783,205004150,2,1,,,,,0,,,205004160,gal_map_text_205000430,,,1,,0,gal_gallery_pic_24009401,gal_bg_street_20,1,-1,157950
7784,205004160,2,1,,,,,0,,,-1,gal_map_text_205000431,,,1,,0,gal_gallery_pic_24009401,gal_bg_street_20,1,-1,157950
