path,name,category,rect_transform_count,game_object_count,startup_score,startup_keywords,sample_node_names,large_rect_count
Assets/Resources/prefabs/ui/app/UIApp_Album.prefab,UIApp_Album,app,419,419,0,,UIApp_Album|Title|Gradient|Text_Title|Btn_Back|Back|Icon|BG|Scroll View|Viewport|Content|UIListitem_Album,10
Assets/Resources/prefabs/ui/app/UIApp_Collection.prefab,UIApp_Collection,app,88,94,1,loading,UIApp_Collection|BG|BG|Scroll View|Viewport|Content|Image (1)|Image|BackButton|BG|Shadow|BG,4
Assets/Resources/prefabs/ui/app/UIApp_Customer.prefab,UIApp_Customer,app,19,19,1,loading,UIApp_Customer|BG|Title|Gradient|Text_Title|Btn_Back|Back|Icon|Btn_Close|Icon|Close (1)|BG,0
Assets/Resources/prefabs/ui/app/UIApp_Maichat.prefab,UIApp_Maichat,app,57,57,1,story,UIApp_Maichat|Scroll View|Viewport|Content|Title|Gradient|Text (TMP)|Btn_Back|Back|Icon|Btn_Close|Icon,2
Assets/Resources/prefabs/ui/app/UIApp_MaidAIChat.prefab,UIApp_MaidAIChat,app,106,107,0,,UIApp_MaidAIChat|UIMaidAIChatList|Scroll View|Viewport|Content|Text (TMP)|Title|Gradient|Text (TMP)|Btn_info|info|Btn_Back,7
Assets/Resources/prefabs/ui/app/UIApp_MaidInfo.prefab,UIApp_MaidInfo,app,341,343,1,loading,UIApp_MaidInfo|MaidList|Scroll View|Viewport|Content|Title|Gradient|MaidName|Text_LastName|Btn_Back|Back|Icon,12
Assets/Resources/prefabs/ui/app/UIApp_MemoryCardGallery.prefab,UIApp_MemoryCardGallery,app,64,64,1,loading,UIApp_MemoryCardGallery|Title|Gradient|Text_Title|Btn_Back|Back|Icon|Btn_SortOrder|Image (1)|Btn_SortOrder|Button|On,0
Assets/Resources/prefabs/ui/app/UIApp_Remodeling.prefab,UIApp_Remodeling,app,28,28,0,,UIApp_Remodeling|BG|Title|Gradient|Text_Title|Btn_Back|Back|Icon|Btn_Close|Icon|Close (1)|BG,1
Assets/Resources/prefabs/ui/app/UIApp_StoryReplay.prefab,UIApp_StoryReplay,app,71,71,1,story,UIApp_StoryReplay|BG|BG|Scroll View|Viewport|Content|Image|Image|BackButton|BG|Shadow|BG,1
Assets/Resources/prefabs/ui/app/UIApp_TeamFormation.prefab,UIApp_TeamFormation,app,479,494,0,,UIApp_TeamFormation|BG|Image|Image (1)|Info|Deco|Image|Image (2)|Image (3)|Image (1)|CurrentFormationView|CharPosList,12
Assets/Resources/prefabs/ui/banner/memory/UIBanner_Memory_01.prefab,UIBanner_Memory_01,banner,78,78,0,,UIBanner_Memory_01|BGMask|BGColor|Pattern|CardShadow|CardShadow (1)|CardPos|CardPos (1)|UIListItem_MemoryCard_Maid_Kokomi_01501(Clone)|Card|BG|Char,2
Assets/Resources/prefabs/ui/banner/memory/UIBanner_Memory_2026School.prefab,UIBanner_Memory_2026School,banner,90,90,0,,UIBanner_Memory_2026School|BGMask|BGColor|OL|CardPos|Card_3|UIListItem_MemoryCard_Maid_Aiko_07501|Card|BG_1|BG|Back|Gradation_Up,2
Assets/Resources/prefabs/ui/banner/memory/UIBanner_Memory_Base.prefab,UIBanner_Memory_Base,banner,213,213,0,,UIBanner_Memory_Base|BGMask|BGColor|Pattern|CardShadow|CardShadow (1)|OL|CardPos|Card_3|UIListItem_MemoryCard_Maid_Kokomi_01501(Clone)|Card|BG,5
Assets/Resources/prefabs/ui/banner/memory/UIBanner_Memory_Halloween.prefab,UIBanner_Memory_Halloween,banner,254,254,0,,UIBanner_Memory_Halloween|BGMask|BGColor|OL|CardPos|Card_3|UIListItem_MemoryCard_Maid_Akane_05503|Card|BG|UIListItem_BG_Beach_Afternoon (1)|Back|Gradation_Up,3
Assets/Resources/prefabs/ui/banner/UIBanner_Band.prefab,UIBanner_Band,banner,65,65,0,,UIBanner_Band|BGArea|Top|AMP|Body|Image (9)|Image (11)|Image (12)|Image (10)|Image (7)|Image (9)|Image (10),2
Assets/Resources/prefabs/ui/banner/UIBanner_Bingo.prefab,UIBanner_Bingo,banner,5,5,0,,UIBanner_Bingo|BGArea|Image|Light|Text (TMP),1
Assets/Resources/prefabs/ui/banner/UIBanner_BloodWorm.prefab,UIBanner_BloodWorm,banner,5,5,0,,UIBanner_BloodWorm|BGArea|Image|Light|TextTitle,1
Assets/Resources/prefabs/ui/banner/UIBanner_CardPackEvent_202603.prefab,UIBanner_CardPackEvent_202603,banner,6,6,0,,UIBanner_CardPackEvent_202603|Img_BannerBG|Img_BannerBG (1)|Light|Tilte (1)|Text_Title2,2
Assets/Resources/prefabs/ui/banner/UIBanner_Cartoon.prefab,UIBanner_Cartoon,banner,5,5,0,,UIBanner_Cartoon|BGArea|Image|Light|TextTitle,2
Assets/Resources/prefabs/ui/banner/UIBanner_CumulativeQuest.prefab,UIBanner_CumulativeQuest,banner,8,8,0,,UIBanner_CumulativeQuest|BGArea|Image|Image (1)|Image (3)|Image (5)|Light|Text (TMP),2
Assets/Resources/prefabs/ui/banner/UIBanner_Fishing.prefab,UIBanner_Fishing,banner,16,18,0,,UIBanner_Fishing|BGArea|Banner|DecoGroup|SeaWeed|Image|SeaWeed|Image (2)|SeaWeed|Image (6)|SeaWeed|SeaWeed,2
Assets/Resources/prefabs/ui/banner/UIBanner_HighSchool_2026.prefab,UIBanner_HighSchool_2026,banner,6,6,0,,UIBanner_HighSchool_2026|Img_BannerBG|Img_BannerBG (1)|Light|Tilte (1)|Text_Title2,2
Assets/Resources/prefabs/ui/banner/UIBanner_MatchCard.prefab,UIBanner_MatchCard,banner,5,5,0,,UIBanner_MatchCard|BGArea|Image|Light|Title,1
Assets/Resources/prefabs/ui/banner/UIBanner_MateRace.prefab,UIBanner_MateRace,banner,5,5,0,,UIBanner_MateRace|BGArea|Image|Light|TextTitle,1
Assets/Resources/prefabs/ui/banner/UIBanner_Normal.prefab,UIBanner_Normal,banner,4,4,0,,UIBanner_Normal|Img_BannerBG|Light|Text_Title,2
Assets/Resources/prefabs/ui/banner/UIBanner_Pudding.prefab,UIBanner_Pudding,banner,5,5,0,,UIBanner_Pudding|BGArea|Image|Light|TextTitle (1),1
Assets/Resources/prefabs/ui/banner/UIBanner_PuddingJump.prefab,UIBanner_PuddingJump,banner,5,5,0,,UIBanner_PuddingJump|BGArea|Image|Light|TextTitle,1
Assets/Resources/prefabs/ui/banner/UIBanner_SeasonPass_2025Halloween.prefab,UIBanner_SeasonPass_2025Halloween,banner,7,7,0,,UIBanner_SeasonPass_2025Halloween|Img_BannerBG|Img_BannerBG (1)|Light|Tilte (1)|Text_Title1|Text_Title2,2
Assets/Resources/prefabs/ui/banner/UIBanner_SeasonPass_Christmas_2025.prefab,UIBanner_SeasonPass_Christmas_2025,banner,6,6,0,,UIBanner_SeasonPass_Christmas_2025|Img_BannerBG|Img_BannerBG (1)|Light|Tilte (1)|Text_Title2,2
Assets/Resources/prefabs/ui/banner/UIBanner_SeasonPass_Christmas_2025_PreStart.prefab,UIBanner_SeasonPass_Christmas_2025_PreStart,banner,8,8,0,,UIBanner_SeasonPass_Christmas_2025_PreStart|Img_BannerBG|Img_BannerBG (1)|Light|Tilte|Text_Title2|LineDeco|LineDeco (1),3
Assets/Resources/prefabs/ui/banner/UIBanner_SeasonPass_Halloween_PreStart.prefab,UIBanner_SeasonPass_Halloween_PreStart,banner,9,9,0,,UIBanner_SeasonPass_Halloween_PreStart|Img_BannerBG|Img_BannerBG (1)|Light|Tilte|Text_Title1|Text_Title2|LineDeco|LineDeco (1),3
Assets/Resources/prefabs/ui/banner/UIBanner_SeasonPass_Summer.prefab,UIBanner_SeasonPass_Summer,banner,7,7,0,,UIBanner_SeasonPass_Summer|Img_BannerBG|Img_BannerBG (1)|Light|Tilte|Text_Title1|Text_Title2,2
Assets/Resources/prefabs/ui/banner/UIBanner_SeasonPass_Summer_PreStart.prefab,UIBanner_SeasonPass_Summer_PreStart,banner,9,9,0,,UIBanner_SeasonPass_Summer_PreStart|Img_BannerBG|Img_BannerBG (1)|Light|Tilte|Text_Title1|Text_Title2|LineDeco|LineDeco (1),3
Assets/Resources/prefabs/ui/banner/UIBanner_SummerFestival.prefab,UIBanner_SummerFestival,banner,5,5,0,,UIBanner_SummerFestival|BGArea|Image|Light|Text (TMP),2
Assets/Resources/prefabs/ui/banner/UIBanner_TreasureSand_2026.prefab,UIBanner_TreasureSand_2026,banner,6,6,0,,UIBanner_TreasureSand_2026|Img_BannerBG|Img_BannerBG (1)|Light|Tilte (1)|Title,2
Assets/Resources/prefabs/ui/banner/UIBanner_VendingMachine.prefab,UIBanner_VendingMachine,banner,5,5,0,,UIBanner_VendingMachine|BGArea|img|Light|TextTitle,2
Assets/Resources/prefabs/ui/banner/UIBanner_WhiteDay.prefab,UIBanner_WhiteDay,banner,5,5,0,,UIBanner_WhiteDay|BGArea|Image|Light|Text (TMP),1
Assets/Resources/prefabs/ui/BGCanvas.prefab,BGCanvas,misc,16,16,0,,BGCanvas|SafeArea|Image|BG_Bar|CafeBG_Outside|IngameBG|IngameBGSet_Default|CafeBG|CafeBG_side1|CafeBG_mid1|CafeBG_mid2|CafeBG_mid3,3
Assets/Resources/prefabs/ui/button/Btn_Default.prefab,Btn_Default,button,5,5,0,,Btn_Default|Image|Pattern|Text (TMP)|Cover,0
Assets/Resources/prefabs/ui/button/Btn_Gold.prefab,Btn_Gold,button,6,6,0,,Btn_Gold|InnerLine|BG|Pattern|Text (TMP)|Cover,0
Assets/Resources/prefabs/ui/button/Btn_Green.prefab,Btn_Green,button,5,5,0,,Btn_Green|Image|Pattern|Text (TMP)|Cover,0
Assets/Resources/prefabs/ui/button/Btn_Green02.prefab,Btn_Green02,button,14,14,0,,Btn_Green02|Image (1)|Image|Pattern|Txt_Title|TicketRequired|Ticket|Txt_Number|Bubble|Tail|Tail (1)|BG,0
Assets/Resources/prefabs/ui/button/Btn_Lock.prefab,Btn_Lock,button,7,7,0,,Btn_Lock|Image|Pattern|Cover|TextGroup|Image|Text (TMP),0
Assets/Resources/prefabs/ui/button/Btn_MemoryShop.prefab,Btn_MemoryShop,button,25,25,0,,Btn_MemoryShop|OutLine|Color|deco|deco|deco_1|deco_2|Price|IconArea|Icon|Amount|Amount_Before,0
Assets/Resources/prefabs/ui/button/Btn_Red.prefab,Btn_Red,button,5,5,0,,Btn_Red|Image|Pattern|Text (TMP)|Cover,0
Assets/Resources/prefabs/ui/button/Btn_StorySelect.prefab,Btn_StorySelect,button,7,7,1,story,Btn_StorySelect|Text (TMP)|LikePoint|SDpos|Image (2)|Text (TMP)|Btn_Area,1
Assets/Resources/prefabs/ui/button/LimitiedMark.prefab,LimitiedMark,button,25,25,0,,LimitiedMark|LimitiedMark|Image (3)|Image_Color|Image (5)|Image_Color|Text (TMP)|Image (7)|Text_Color|LimitiedMark2|Image_Color|Image (5),0
Assets/Resources/prefabs/ui/Copy_Explain.prefab,Copy_Explain,misc,37,43,0,,Copy_Explain|BG|Tile|OutLine|OutLine_1|1|1_1|1_2|1_3|1_4|1_5|1_6,2
Assets/Resources/prefabs/ui/echoarchive/UIEcho_Fabricate.prefab,UIEcho_Fabricate,screen_or_manager,195,219,0,,UIEcho_Fabricate|BG|Image (1)|Char|MaidPos|Table|Table_1|BlockGroup|RequiredGroup|Img|UiListitem_EchoArchive_FabricateBlock|UIListItem_RewardItem,3
Assets/Resources/prefabs/ui/echoarchive/UIInGameSubMap_SchoolUniform.prefab,UIInGameSubMap_SchoolUniform,ingame,424,461,0,,UIInGameSubMap_SchoolUniform|BG (1)|Image (1)|Char|MaidPos|Maid_1003_SD_SchoolUniform01_Ingame|SkeletonGraphic (Ch_Maid03_Basic01_SD)|Mate_1003_SchoolUniform01_SD_Ingame|SkeletonGraphic (Mate03_SD)|Maid_1004_SD_SchoolUniform01_Ingame|SkeletonGraphic (Ch_Maid04_Basic01_SD)|Renderer0,5
Assets/Resources/prefabs/ui/ingame/bg/IngameBGSet_0003.prefab,IngameBGSet_0003,ingame,7,7,0,,IngameBGSet_0003|CafeBG|CafeBG_side1|CafeBG_mid1|CafeBG_mid2|CafeBG_mid3|CafeBG_side2,1
Assets/Resources/prefabs/ui/ingame/bg/IngameBGSet_0004.prefab,IngameBGSet_0004,ingame,7,7,0,,IngameBGSet_0004|CafeBG|CafeBG_side1|CafeBG_mid1|CafeBG_mid2|CafeBG_mid3|CafeBG_side2,1
Assets/Resources/prefabs/ui/ingame/bg/IngameBGSet_Default.prefab,IngameBGSet_Default,ingame,7,7,0,,IngameBGSet_Default|CafeBG|CafeBG_side1|CafeBG_mid1|CafeBG_mid2|CafeBG_mid3|CafeBG_side2,1
Assets/Resources/prefabs/ui/ingame/bg/IngameBGSet_DefaultNight.prefab,IngameBGSet_DefaultNight,ingame,7,7,0,,IngameBGSet_DefaultNight|CafeBG|CafeBG_side1|CafeBG_mid1|CafeBG_mid2|CafeBG_mid3|CafeBG_side2,1
Assets/Resources/prefabs/ui/ingame/bg/IngameBGSet_SummerFes.prefab,IngameBGSet_SummerFes,ingame,7,7,0,,IngameBGSet_SummerFes|CafeBG|CafeBG_side1|CafeBG_mid1|CafeBG_mid2|CafeBG_mid3|CafeBG_side2,1
Assets/Resources/prefabs/ui/ingame/bg_bar/IngameBGBot_0001.prefab,IngameBGBot_0001,ingame,1,1,0,,IngameBGBot_0001,0
Assets/Resources/prefabs/ui/ingame/bg_bar/IngameBGBot_0002.prefab,IngameBGBot_0002,ingame,1,1,0,,IngameBGBot_0002,0
Assets/Resources/prefabs/ui/ingame/bg_bar/IngameBGBot_0003.prefab,IngameBGBot_0003,ingame,1,1,0,,IngameBGBot_0003,0
Assets/Resources/prefabs/ui/ingame/bg_bar/IngameBGBot_0004.prefab,IngameBGBot_0004,ingame,1,1,0,,IngameBGBot_0004,0
Assets/Resources/prefabs/ui/ingame/bg_bar/IngameBGBot_0005.prefab,IngameBGBot_0005,ingame,1,1,0,,IngameBGBot_0005,0
Assets/Resources/prefabs/ui/ingame/bg_bar/IngameBGBot_0006.prefab,IngameBGBot_0006,ingame,1,1,0,,IngameBGBot_0006,0
Assets/Resources/prefabs/ui/ingame/bg_bar/IngameBGBot_0007.prefab,IngameBGBot_0007,ingame,1,1,0,,IngameBGBot_0007,0
Assets/Resources/prefabs/ui/ingame/bg_bar/IngameBGBot_0008.prefab,IngameBGBot_0008,ingame,1,1,0,,IngameBGBot_0008,0
Assets/Resources/prefabs/ui/ingame/bg_bar/IngameBGBot_Default.prefab,IngameBGBot_Default,ingame,1,1,0,,IngameBGBot_Default,0
Assets/Resources/prefabs/ui/ingame/event/EventBand_Note.prefab,EventBand_Note,ingame,19,19,0,,EventBand_Note|Normal|Head|4|Line|2|8|16|Addline_8|Length|Addline_16|Length,0
Assets/Resources/prefabs/ui/ingame/event/EventQuestItem_SummerFestival.prefab,EventQuestItem_SummerFestival,ingame,150,157,0,,EventQuestItem_SummerFestival|DecoArea|BGMask|Img_BG|UFXMask|UFX_FireWork|Flag|Stick (3)|Paper|Line|Line (1)|Line (3),4
Assets/Resources/prefabs/ui/ingame/event/UIEventQuest_Band.prefab,UIEventQuest_Band,ingame,9,11,0,,UIEventQuest_Band|New SkeletonGraphic|Time (1)|Text_Time|EventNoti (1)|UFX_Noti|Image|UIParticle|BtnArea,0
Assets/Resources/prefabs/ui/ingame/event/UIEventQuest_Bingo.prefab,UIEventQuest_Bingo,ingame,15,17,0,,UIEventQuest_Bingo|SpinePos|New SkeletonGraphic|Time|Text_Time|Text (TMP)|EventNoti|UFX_Complete|Particle|Nova|Stardust|UFX_Noti,0
Assets/Resources/prefabs/ui/ingame/event/UIEventQuest_BloodWorm.prefab,UIEventQuest_BloodWorm,ingame,14,16,0,,UIEventQuest_BloodWorm|SpinePos|New SkeletonGraphic|Time|Text_Time|EventNoti|UFX_Complete|Particle|Nova|Stardust|UFX_Noti|Image,0
Assets/Resources/prefabs/ui/ingame/event/UIEventQuest_CardPack.prefab,UIEventQuest_CardPack,ingame,14,16,0,,UIEventQuest_CardPack|Spinepos|SkeletonGraphic (Event_SchoolCardPack_Icon)|Time|Text_Time|EventNoti|UFX_Complete|Particle|Nova|Stardust|UFX_Noti|Image,0
Assets/Resources/prefabs/ui/ingame/event/UIEventQuest_Cartoon.prefab,UIEventQuest_Cartoon,ingame,17,19,0,,UIEventQuest_Cartoon|SpinePos|New SkeletonGraphic|Image|Image_1|Image_4|Time|Text_Time|EventNoti|UFX_Complete|Particle|Nova,0
Assets/Resources/prefabs/ui/ingame/event/UIEventQuest_CumulativeQuest.prefab,UIEventQuest_CumulativeQuest,ingame,20,22,0,,UIEventQuest_CumulativeQuest|SpinePos|New SkeletonGraphic|Image|Image|New SkeletonGraphic|Image_3|Image_1|Image_2|Time|Text_Time|EventNoti,0
Assets/Resources/prefabs/ui/ingame/event/UIEventQuest_FindEvidence.prefab,UIEventQuest_FindEvidence,ingame,30,30,0,,UIEventQuest_FindEvidence|BG|InnerBG|Bot|L|Image|R|Image_1|BG|Img_BG|BtnArea|ContentsArea,0
Assets/Resources/prefabs/ui/ingame/event/UIEventQuest_Fishing.prefab,UIEventQuest_Fishing,ingame,22,24,0,,UIEventQuest_Fishing|Image (1)|Image (1)|Image|New SkeletonGraphic|Image (2)|Image (1)|Image (3)|Image (1)|Image (4)|Image (1)|Image (5),0
Assets/Resources/prefabs/ui/ingame/event/UIEventQuest_GuideMission.prefab,UIEventQuest_GuideMission,ingame,18,20,0,,UIEventQuest_GuideMission|SpinePos|New SkeletonGraphic|Image|Image|Image (1)|Time|Text_Time|Text (TMP)|EventNoti|UFX_Complete|Particle,0
Assets/Resources/prefabs/ui/ingame/event/UIEventQuest_House.prefab,UIEventQuest_House,ingame,12,14,0,,UIEventQuest_House|BG|Time|Text_Time|EventNoti|UFX_Complete|Particle|Nova|Stardust|UFX_Noti|Image|UIParticle,0
Assets/Resources/prefabs/ui/ingame/event/UIEventQuest_Match3d.prefab,UIEventQuest_Match3d,ingame,12,14,0,,UIEventQuest_Match3d|BG|Time|Text_Time|EventNoti|UFX_Complete|Particle|Nova|Stardust|UFX_Noti|Image|UIParticle,0
Assets/Resources/prefabs/ui/ingame/event/UIEventQuest_MatchCard.prefab,UIEventQuest_MatchCard,ingame,17,17,0,,UIEventQuest_MatchCard|SpinePos|New SkeletonGraphic|Time|Text_Time|EventNoti|UFX_Complete|Particle|Nova|Stardust|UFX_Noti_Num|Image,0
Assets/Resources/prefabs/ui/ingame/event/UIEventQuest_MateRace.prefab,UIEventQuest_MateRace,ingame,17,17,0,,UIEventQuest_MateRace|SpinePos|New SkeletonGraphic|Time|Text_Time|EventNoti|UFX_Complete|Particle|Nova|Stardust|UFX_Noti_Num|Image,0
Assets/Resources/prefabs/ui/ingame/event/UIEventQuest_Ocean.prefab,UIEventQuest_Ocean,ingame,12,14,0,,UIEventQuest_Ocean|BG|Time|Text_Time|EventNoti|UFX_Complete|Particle|Nova|Stardust|UFX_Noti|Image|UIParticle,0
Assets/Resources/prefabs/ui/ingame/event/UIEventQuest_PC_BloodWorm.prefab,UIEventQuest_PC_BloodWorm,ingame,14,16,0,,UIEventQuest_PC_BloodWorm|SpinePos (1)|New SkeletonGraphic|Time|Text_Time|EventNoti|UFX_Complete|Particle|Nova|Stardust|UFX_Noti|Image,0
Assets/Resources/prefabs/ui/ingame/event/UIEventQuest_PC_PuddingJump.prefab,UIEventQuest_PC_PuddingJump,ingame,14,16,0,,UIEventQuest_PC_PuddingJump|SpinePos|New SkeletonGraphic|Time|Text_Time|EventNoti|UFX_Complete|Particle|Nova|Stardust|UFX_Noti|Image,0
Assets/Resources/prefabs/ui/ingame/event/UIEventQuest_PC_VendingMachine.prefab,UIEventQuest_PC_VendingMachine,ingame,14,16,0,,UIEventQuest_PC_VendingMachine|SpinePos (1)|New SkeletonGraphic|Time|Text_Time|EventNoti|UFX_Complete|Particle|Nova|Stardust|UFX_Noti|Image,0
Assets/Resources/prefabs/ui/ingame/event/UIEventQuest_Pudding.prefab,UIEventQuest_Pudding,ingame,14,16,0,,UIEventQuest_Pudding|SpinePos|New SkeletonGraphic|Time|Text_Time|EventNoti|UFX_Complete|Particle|Nova|Stardust|UFX_Noti|Image,0
Assets/Resources/prefabs/ui/ingame/event/UIEventQuest_PuddingJump.prefab,UIEventQuest_PuddingJump,ingame,14,16,0,,UIEventQuest_PuddingJump|SpinePos|New SkeletonGraphic|Time|Text_Time|EventNoti|UFX_Complete|Particle|Nova|Stardust|UFX_Noti|Image,0
Assets/Resources/prefabs/ui/ingame/event/UIEventQuest_SchoolUniform.prefab,UIEventQuest_SchoolUniform,ingame,14,16,1,story,UIEventQuest_SchoolUniform|Spinepps|SkeletonGraphic (Event_SchoolSubStory_Icon)|Time|Text_Time|EventNoti|UFX_Complete|Particle|Nova|Stardust|UFX_Noti|Image,0
Assets/Resources/prefabs/ui/ingame/event/UIEventQuest_Spring.prefab,UIEventQuest_Spring,ingame,12,14,0,,UIEventQuest_Spring|BG|Time|Text_Time|EventNoti|UFX_Complete|Particle|Nova|Stardust|UFX_Noti|Image|UIParticle,0
Assets/Resources/prefabs/ui/ingame/event/UIEventQuest_SummerFestival.prefab,UIEventQuest_SummerFestival,ingame,16,18,0,,UIEventQuest_SummerFestival|Image|PointAmount|Glow|Image (1)|Image (2)|Image (2)|Text (TMP)|Time|Text_Time|Text (TMP)|EventNoti,0
Assets/Resources/prefabs/ui/ingame/event/UIEventQuest_TreasureSand.prefab,UIEventQuest_TreasureSand,ingame,20,22,0,,UIEventQuest_TreasureSand|SpinePos|New SkeletonGraphic|Image|Image_2|Image_2 (1)|Image (2)|Image (1)|Time|Text_Time|Text (TMP)|EventNoti,0
Assets/Resources/prefabs/ui/ingame/event/UIEventQuest_VendingMachine.prefab,UIEventQuest_VendingMachine,ingame,14,16,0,,UIEventQuest_VendingMachine|SpinePos|New SkeletonGraphic|Time|Text_Time|EventNoti|UFX_Complete|Particle|Nova|Stardust|UFX_Noti|Image,0
Assets/Resources/prefabs/ui/ingame/event/UIEventQuest_WhiteDay.prefab,UIEventQuest_WhiteDay,ingame,89,89,0,,UIEventQuest_WhiteDay|SpinePos|New SkeletonGraphic|Image|Image (1)|Image (2)|UIListitem_BubbleTea (1)|BG|OutLine|OutLine (1)|Gauge|Fill Area,0
Assets/Resources/prefabs/ui/ingame/event/UIEventQuest_WhiteDay_Backup.prefab,UIEventQuest_WhiteDay_Backup,ingame,20,22,0,,UIEventQuest_WhiteDay_Backup|SpinePos|New SkeletonGraphic|Image|Image_2|New SkeletonGraphic|Image_3|Image_2|Time|Text_Time|Text (TMP)|EventNoti,0
Assets/Resources/prefabs/ui/ingame/event/UIEventQuest_Winter.prefab,UIEventQuest_Winter,ingame,12,14,0,,UIEventQuest_Winter|BG|Time|Text_Time|EventNoti|UFX_Complete|Particle|Nova|Stardust|UFX_Noti|Image|UIParticle,0
Assets/Resources/prefabs/ui/ingame/event/UIEventQuestBase.prefab,UIEventQuestBase,ingame,12,14,0,,UIEventQuestBase|Time|Text_Time|BG|EventNoti|UFX_Complete|Particle|Nova|Stardust|UFX_Noti|Image|UIParticle,0
Assets/Resources/prefabs/ui/ingame/event/UIMiniGameStepSlider.prefab,UIMiniGameStepSlider,ingame,22,26,0,,UIMiniGameStepSlider|StepSlider|Background_1|Background|Fill Area|Fill|GiftIcons|UIListItem_Reward_1|Image|Item_Reward|Item_Amount|Costume,1
Assets/Resources/prefabs/ui/ingame/Noti_Inventory_Bubble.prefab,Noti_Inventory_Bubble,ingame,5,5,0,,Noti_Inventory_Bubble|Npc_Dialog|Icon_Dialog|Image|Text_Dialog,0
Assets/Resources/prefabs/ui/ingame/UI_CompleteBlock.prefab,UI_CompleteBlock,ingame,2,2,0,,UI_CompleteBlock|Image_Block,0
Assets/Resources/prefabs/ui/ingame/UI_DesignedBox.prefab,UI_DesignedBox,ingame,4,7,0,,UI_DesignedBox|B|T|UIParticle,0
Assets/Resources/prefabs/ui/ingame/UI_DesignedBox_Open.prefab,UI_DesignedBox_Open,ingame,3,3,0,,UI_DesignedBox_Open|B|T,0
Assets/Resources/prefabs/ui/ingame/UIEchoArchive.prefab,UIEchoArchive,ingame,225,251,0,,UIEchoArchive|AutoPosYSetting|PrefabParent|UIEcho_Kurone|BG|Image (1)|Char|MaidPos|Table|Table_1|BlockGroup|RequiredGroup,4
Assets/Resources/prefabs/ui/ingame/UIEvent_SchoolUniform.prefab,UIEvent_SchoolUniform,ingame,464,503,0,,UIEvent_SchoolUniform|AutoPosYSetting|PrefabParent|UIInGameSubMap_SchoolUniform|BG (1)|Image (1)|Char|MaidPos|Maid_1003_SD_SchoolUniform01_Ingame|SkeletonGraphic (Ch_Maid03_Basic01_SD)|Mate_1003_SchoolUniform01_SD_Ingame|SkeletonGraphic (Mate03_SD),6
Assets/Resources/prefabs/ui/ingame/UIInventory.prefab,UIInventory,ingame,18,18,0,,UIInventory|Btn_Inven|BG|BG (1)|UFX_Complete|Particle|Nova|Stardust|Noti_Inventory_Bubble|Npc_Dialog|Icon_Dialog|Image,0
Assets/Resources/prefabs/ui/ingame/UiListitem_FabricateBlock.prefab,UiListitem_FabricateBlock,listitem,8,8,0,,UiListitem_FabricateBlock|Icon|Btn_Remove|Bg|Bg (1)|Text (TMP)|Btn_Info|Bg_,0
Assets/Resources/prefabs/ui/ingame/UIListItem_MapUnlockInfo.prefab,UIListItem_MapUnlockInfo,listitem,6,8,0,,UIListItem_MapUnlockInfo|BG|Cell|MatchFX|NeedIocn|InfoButton,0
Assets/Resources/prefabs/ui/ingame/UIListItem_MapUnlockInfo_BlockMerge.prefab,UIListItem_MapUnlockInfo_BlockMerge,listitem,7,9,0,,UIListItem_MapUnlockInfo_BlockMerge|Shadow|BG|Cell|MatchFX|NeedIocn|InfoButton,0
Assets/Resources/prefabs/ui/ingame/UIUseItemBlock.prefab,UIUseItemBlock,ingame,12,12,0,,UIUseItemBlock|UIGroup|BG (3)|BG|Tr_UIBlockInfo|dialogue_Click|UIChatBox|Image|Mask|Char|New SkeletonGraphic|Text (TMP),3
Assets/Resources/prefabs/ui/Joker_Explain.prefab,Joker_Explain,misc,34,37,0,,Joker_Explain|BG|Tile|OutLine|OutLine_1|1|1_1|1_2|1_3|1_4|1_5|1_6,2
Assets/Resources/prefabs/ui/listitem/Btn_SeasonLimited.prefab,Btn_SeasonLimited,listitem,11,11,0,,Btn_SeasonLimited|Unselected|Image (1)|Image|Pattern|Text (TMP)|Selected|Cover (1)|Text (TMP)|Cover|OutLine,0
Assets/Resources/prefabs/ui/listitem/Btn_TabSlot_Collection.prefab,Btn_TabSlot_Collection,listitem,10,12,0,,Btn_TabSlot_Collection|Button|On|TabName|Lock|Icon|Noti|UFX_Noti|Image|UIParticle,0
Assets/Resources/prefabs/ui/listitem/Btn_TabSlot_StoryReplay.prefab,Btn_TabSlot_StoryReplay,listitem,6,6,1,story,Btn_TabSlot_StoryReplay|Button|On|TabName|Lock|LockIcon,0
Assets/Resources/prefabs/ui/listitem/common/UIListitem_AttendanceDaily.prefab,UIListitem_AttendanceDaily,listitem,39,39,0,,UIListitem_AttendanceDaily|BG|OpenedBox|Image (2)|Image (1)|Image (2)|Image (3)|Image (1)|Effect_GiftBoxOpen|Image|Image (2)|Image (1),0
Assets/Resources/prefabs/ui/listitem/common/UIListitem_AttendanceDaily2.prefab,UIListitem_AttendanceDaily2,listitem,33,38,0,,UIListitem_AttendanceDaily2|Deco|Image_1|Image_1|Reward|BG|BG|BG_1|Stamp|Reward|UIListItem_RewardItem|Coupon_ FinalReward,0
Assets/Resources/prefabs/ui/listitem/common/UIListItem_MaidSkin_AlernativeReward.prefab,UIListItem_MaidSkin_AlernativeReward,listitem,15,15,0,,UIListItem_MaidSkin_AlernativeReward|SkinName|Image|Text (TMP)|Reward|Text (TMP) (1)|Image_1|UIListItem_Reward (1)|Item_Reward|Item_Amount|Costume|GameObject,1
Assets/Resources/prefabs/ui/listitem/common/UIListItem_Reward.prefab,UIListItem_Reward,listitem,7,7,0,,UIListItem_Reward|Item_Reward|Item_Amount|Costume|GameObject|Btn_Info|Icon_Info,0
Assets/Resources/prefabs/ui/listitem/common/UIListItem_Reward_UserProfile.prefab,UIListItem_Reward_UserProfile,listitem,5,5,0,,UIListItem_Reward_UserProfile|ProfileMask|ProfileImgPos|OL|FramePos,0
Assets/Resources/prefabs/ui/listitem/common/UIListItem_RewardInfo.prefab,UIListItem_RewardInfo,listitem,8,8,0,,UIListItem_RewardInfo|boximg|GameObject|Item|Item (1)|TextAmount|Btn_Info|Icon_Info,0
Assets/Resources/prefabs/ui/listitem/common/UIListItem_RewardInfo_Npc.prefab,UIListItem_RewardInfo_Npc,listitem,5,5,0,,UIListItem_RewardInfo_Npc|boximg|Image|Item|Image,0
Assets/Resources/prefabs/ui/listitem/common/UIListItem_RewardItem.prefab,UIListItem_RewardItem,listitem,18,19,0,,UIListItem_RewardItem|Coupon_ FinalReward|Image|Effect|Light|GameObject|Icon_reward|Coupon|Image|Text (TMP)|GetPanel|GetPanel_1,0
Assets/Resources/prefabs/ui/listitem/common/UIListItem_RewardItem_Cartoon.prefab,UIListItem_RewardItem_Cartoon,listitem,5,5,0,,UIListItem_RewardItem_Cartoon|Item_Icon_Reward|Item_Block_Reward|TextAmount|Btn_Info,0
Assets/Resources/prefabs/ui/listitem/common/UIListitem_RewardItem_ClearInfo.prefab,UIListitem_RewardItem_ClearInfo,listitem,6,6,0,,UIListitem_RewardItem_ClearInfo|Image (9)|Image (10)|Text (TMP)|Btn_Info|Icon,0
Assets/Resources/prefabs/ui/listitem/common/UIListitem_RewardItem_Event.prefab,UIListitem_RewardItem_Event,listitem,9,9,0,,UIListitem_RewardItem_Event|Image (9)|Image (10)|Line|Text (TMP)|Btn_Info|CompletePanel|Image|Image (1),0
Assets/Resources/prefabs/ui/listitem/common/UIListitem_RewardItem_MissionPass.prefab,UIListitem_RewardItem_MissionPass,listitem,5,5,0,,UIListitem_RewardItem_MissionPass|Image (9)|Image (10)|Text (TMP)|Btn_Info,0
Assets/Resources/prefabs/ui/listitem/common/UIListitem_RewardItem_Package.prefab,UIListitem_RewardItem_Package,listitem,6,6,0,,UIListitem_RewardItem_Package|Image (9)|Image (10)|Text (TMP)|Btn_Info|Icon,0
Assets/Resources/prefabs/ui/listitem/common/UIListitem_RewardItem_PuddingJUmp.prefab,UIListitem_RewardItem_PuddingJUmp,listitem,9,9,0,,UIListitem_RewardItem_PuddingJUmp|Image (9)|Image (10)|Text (TMP)|Btn_Info|score|CompletePanel|Image|Image (1),0
Assets/Resources/prefabs/ui/listitem/coupon/stamp/UIListItem_Stamp_Akane.prefab,UIListItem_Stamp_Akane,listitem,6,6,0,,UIListItem_Stamp_Akane|Bread|Stamp_Img (5)|White2|White2 (1)|White2 (2),0
Assets/Resources/prefabs/ui/listitem/coupon/stamp/UIListItem_Stamp_Aku.prefab,UIListItem_Stamp_Aku,listitem,4,4,0,,UIListItem_Stamp_Aku|Plate (1)|CupCake|Stamp_Img (5),0
Assets/Resources/prefabs/ui/listitem/coupon/stamp/UIListItem_Stamp_Yuki.prefab,UIListItem_Stamp_Yuki,listitem,8,8,0,,UIListItem_Stamp_Yuki|Cup (2)|Color|Stamp_Img (5)|Heart|Twinkle|Twinkle (1)|Twinkle (2),0
Assets/Resources/prefabs/ui/listitem/coupon/stampbase/UIListItem_StampBase_Akane.prefab,UIListItem_StampBase_Akane,listitem,5,5,0,,UIListItem_StampBase_Akane|Plate|Cup (2)|Cup (3)|Text (TMP),0
Assets/Resources/prefabs/ui/listitem/coupon/stampbase/UIListItem_StampBase_Aku.prefab,UIListItem_StampBase_Aku,listitem,13,13,0,,UIListItem_StampBase_Aku|Cup|Plate|Cup (2)|Cup (3)|Cup|Cup|Cup (1)|Cup (2)|Cup (3)|Cup|Cup (1),0
Assets/Resources/prefabs/ui/listitem/coupon/stampbase/UIListItem_StampBase_Yuki.prefab,UIListItem_StampBase_Yuki,listitem,13,13,0,,UIListItem_StampBase_Yuki|Cup|Plate (1)|Cup (2)|Plate|Cup (2)|Cup (3)|Grib (1)|Cup (2)|Cup (3)|Cup (4)|Cup (5),0
Assets/Resources/prefabs/ui/listitem/coupon/UIListItem_CouponCard_Akane.prefab,UIListItem_CouponCard_Akane,listitem,165,170,0,,UIListItem_CouponCard_Akane|Particle System (2)|CouponCard|CouponCard|Bottom|Bottom (1)|Top|Bottom (2)|Bottom (3)|Bottom (4)|Bottom (5)|Bottom (6),1
Assets/Resources/prefabs/ui/listitem/coupon/UIListItem_CouponCard_Aku.prefab,UIListItem_CouponCard_Aku,listitem,225,230,0,,UIListItem_CouponCard_Aku|Particle System (2)|CouponCard|CouponCard|Bottom|Bottom (1)|Top|Bottom (2)|Bottom (3)|Bottom (4)|Bottom (5)|Bottom (6),1
Assets/Resources/prefabs/ui/listitem/coupon/UIListItem_CouponCard_Kaede.prefab,UIListItem_CouponCard_Kaede,listitem,217,222,0,,UIListItem_CouponCard_Kaede|Particle System (2)|CouponCard|CouponCard|Bottom|Bottom (1)|Top|Bottom (2)|Bottom (3)|Bottom (4)|Bottom (5)|Bottom (6),1
Assets/Resources/prefabs/ui/listitem/coupon/UIListItem_CouponCard_Kokomi.prefab,UIListItem_CouponCard_Kokomi,listitem,279,284,0,,UIListItem_CouponCard_Kokomi|Particle System (2)|CouponCard|CouponCard|Bottom|Bottom (1)|Top|Bottom (2)|Bottom (3)|Bottom (4)|Bottom (5)|Bottom (6),1
Assets/Resources/prefabs/ui/listitem/coupon/UIListItem_CouponCard_Normal.prefab,UIListItem_CouponCard_Normal,listitem,91,96,0,,UIListItem_CouponCard_Normal|Particle System (2)|CouponCard|CouponCard|Bottom|Bottom (1)|StampGrid|1|Grip|Cup|Text (TMP)|Stamp,1
Assets/Resources/prefabs/ui/listitem/coupon/UIListItem_CouponCard_Yuki.prefab,UIListItem_CouponCard_Yuki,listitem,277,282,0,,UIListItem_CouponCard_Yuki|Particle System (2)|CouponCard|CouponCard|Bottom|Bottom (1)|Top|Bottom (2)|Bottom (3)|Bottom (4)|Bottom (5)|Bottom (6),1
Assets/Resources/prefabs/ui/listitem/echobook/base/EchoBook_Base.prefab,EchoBook_Base,listitem,33,33,0,,EchoBook_Base|Glow|BotGroup|Paper|Deco|BotColor|BotColor|InnerShadow|BotColor|BotColor|Light_Bot|BookCoverGroup,0
Assets/Resources/prefabs/ui/listitem/echobook/base/UIListItem_EchoArchive_Episode.prefab,UIListItem_EchoArchive_Episode,listitem,35,35,0,,UIListItem_EchoArchive_Episode|GameObject|EchoBook_Base|Glow|BotGroup|Paper|Deco|BotColor|BotColor|InnerShadow|BotColor|BotColor,0
Assets/Resources/prefabs/ui/listitem/echobook/EchoBook_Aiko.prefab,EchoBook_Aiko,listitem,33,33,0,,EchoBook_Aiko|Glow|BotGroup|Paper|Deco|BotColor|BotColor|InnerShadow|BotColor|BotColor|Light_Bot|BookCoverGroup,0
Assets/Resources/prefabs/ui/listitem/echobook/EchoBook_Kurone.prefab,EchoBook_Kurone,listitem,33,33,0,,EchoBook_Kurone|Glow|BotGroup|Paper|Deco|BotColor|BotColor|InnerShadow|BotColor|BotColor|Light_Bot|BookCoverGroup,0
Assets/Resources/prefabs/ui/listitem/event/DormitoryQuestItem.prefab,DormitoryQuestItem,listitem,20,22,0,,DormitoryQuestItem|BG|Top|Jewel|Glow|Text_Number|Top|Bottom|MaidName|Text (TMP)|Middle|FillMask,0
Assets/Resources/prefabs/ui/listitem/event/EventQuestItem_Band.prefab,EventQuestItem_Band,listitem,21,23,0,,EventQuestItem_Band|New SkeletonGraphic|Gauge|RewardGauge|Mask_Gauge|Bar|Text_Number|Level|OL (1)|Text (TMP)|Time|Image (2),0
Assets/Resources/prefabs/ui/listitem/event/EventQuestItem_Bingo.prefab,EventQuestItem_Bingo,listitem,25,27,0,,EventQuestItem_Bingo|SpinePos|New SkeletonGraphic|Img_StepBG|1|Txt_Step|2|Txt_Step|3|Txt_Step (1)|4|Txt_Step (2),0
Assets/Resources/prefabs/ui/listitem/event/EventQuestItem_BloodWorm.prefab,EventQuestItem_BloodWorm,listitem,20,22,0,,EventQuestItem_BloodWorm|SpinePos|New SkeletonGraphic|Gauge|RewardGauge|Mask_Gauge|Bar|Text_Number|Image|Time|Image (2)|Time,0
Assets/Resources/prefabs/ui/listitem/event/EventQuestItem_CardPack.prefab,EventQuestItem_CardPack,listitem,24,29,0,,EventQuestItem_CardPack|Image|GameObject|Image|Image (1)|Image (2)|Gauge|RewardGauge|Mask_Gauge|Bar|Text_Number|TargetBlock,0
Assets/Resources/prefabs/ui/listitem/event/EventQuestItem_Cartoon.prefab,EventQuestItem_Cartoon,listitem,84,86,0,,EventQuestItem_Cartoon|SpinePos|New SkeletonGraphic|Icon_temp|Image|Light|Image_3|Image_1|New SkeletonGraphic|Slider|Background|Fill Area,0
Assets/Resources/prefabs/ui/listitem/event/EventQuestItem_CumulativeQuest.prefab,EventQuestItem_CumulativeQuest,listitem,25,27,0,,EventQuestItem_CumulativeQuest|SpinePos|New SkeletonGraphic|Image|Image|New SkeletonGraphic|Image_3|Image_1|Image_2|Gauge|RewardGauge|Mask_Gauge,0
Assets/Resources/prefabs/ui/listitem/event/EventQuestItem_Fishing.prefab,EventQuestItem_Fishing,listitem,42,44,0,,EventQuestItem_Fishing|Image (1)|Image (1)|Image|New SkeletonGraphic|Image (2)|Image (1)|Image (3)|Image (1)|Image (4)|Image (1)|Image (5),0
Assets/Resources/prefabs/ui/listitem/event/EventQuestItem_GuideMission.prefab,EventQuestItem_GuideMission,listitem,22,24,0,,EventQuestItem_GuideMission|SpinePos|New SkeletonGraphic|Image|Image|Image (1)|Gauge|RewardGauge|Mask_Gauge|Bar|Text_Number|Time,0
Assets/Resources/prefabs/ui/listitem/event/EventQuestItem_House.prefab,EventQuestItem_House,listitem,70,74,0,,EventQuestItem_House|BalloonsHome|Balloons|UIBalloons|TweenUpDown|TweenLeftRight|TweenRotation|Balloons|BalloonsTransform|Line|UIBalloons|TweenUpDown,0
Assets/Resources/prefabs/ui/listitem/event/EventQuestItem_Match3d.prefab,EventQuestItem_Match3d,listitem,29,35,0,,EventQuestItem_Match3d|NPC|BG|RewardItem_01|Image|Particle System|Glow|Star|Item|RewardItem_02|Image (1)|Particle System (1),0
Assets/Resources/prefabs/ui/listitem/event/EventQuestItem_MatchCard.prefab,EventQuestItem_MatchCard,listitem,28,28,0,,EventQuestItem_MatchCard|SpinePos|New SkeletonGraphic|Img_StepBG|1|Txt_Step|2|Txt_Step|3|Txt_Step|4|Txt_Step,0
Assets/Resources/prefabs/ui/listitem/event/EventQuestItem_MateRace.prefab,EventQuestItem_MateRace,listitem,29,29,0,,EventQuestItem_MateRace|SpinePos|New SkeletonGraphic|EventItemCount|Icon_BG|Icon_3rd|Icon_2nd|Icon_1st|Rank|UFX_Noti_Num|Image|Image_1,0
Assets/Resources/prefabs/ui/listitem/event/EventQuestItem_MissionPass.prefab,EventQuestItem_MissionPass,listitem,22,24,0,,EventQuestItem_MissionPass|SpinePos|Img_StepBG|nomal|premium|Txt_Step|Gauge|RewardGauge|Mask_Gauge|Bar|Text_Number|Image,0
Assets/Resources/prefabs/ui/listitem/event/EventQuestItem_Ocean.prefab,EventQuestItem_Ocean,listitem,31,35,0,,EventQuestItem_Ocean|NPC|BG|RewardItem_01|Image|Particle System|Glow|Star|Item|RewardItem_02|Image (1)|Particle System (1),0
Assets/Resources/prefabs/ui/listitem/event/EventQuestItem_PC_BloodWorm.prefab,EventQuestItem_PC_BloodWorm,listitem,20,22,0,,EventQuestItem_PC_BloodWorm|SpinePos|New SkeletonGraphic|Gauge|RewardGauge|Mask_Gauge|Bar|Text_Number|Image|Time|Image (2)|Time,0
Assets/Resources/prefabs/ui/listitem/event/EventQuestItem_PC_PuddingJump.prefab,EventQuestItem_PC_PuddingJump,listitem,20,22,0,,EventQuestItem_PC_PuddingJump|SpinePos|New SkeletonGraphic|Gauge (1)|RewardGauge|Mask_Gauge|Bar|Text_Number|Image|Time|Image (2)|Time,0
Assets/Resources/prefabs/ui/listitem/event/EventQuestItem_PC_VendingMachine.prefab,EventQuestItem_PC_VendingMachine,listitem,20,22,0,,EventQuestItem_PC_VendingMachine|SpinePos|New SkeletonGraphic|Gauge (1)|RewardGauge|Mask_Gauge|Bar|Text_Number|Image|Time|Image (2)|Time,0
Assets/Resources/prefabs/ui/listitem/event/EventQuestItem_Pudding.prefab,EventQuestItem_Pudding,listitem,21,26,0,,EventQuestItem_Pudding|SpinePos|New SkeletonGraphic|Gauge|RewardGauge|Mask_Gauge|Bar|Text_Number|TargetBlock|Item|Time|Image (2),0
Assets/Resources/prefabs/ui/listitem/event/EventQuestItem_PuddingJump.prefab,EventQuestItem_PuddingJump,listitem,20,22,0,,EventQuestItem_PuddingJump|SpinePos|New SkeletonGraphic|Gauge (1)|RewardGauge|Mask_Gauge|Bar|Text_Number|Image|Time|Image (2)|Time,0
Assets/Resources/prefabs/ui/listitem/event/EventQuestItem_SchoolUniform.prefab,EventQuestItem_SchoolUniform,listitem,20,22,0,,EventQuestItem_SchoolUniform|Image (1)|StepGroup|Lv1|OL|Image|IconSize|Icon|ItemAmount|Time|Image (2)|Time,0
Assets/Resources/prefabs/ui/listitem/event/EventQuestItem_SeasonPass.prefab,EventQuestItem_SeasonPass,listitem,22,24,0,,EventQuestItem_SeasonPass|SpinePos|New SkeletonGraphic|Img_StepBG|nomal|Txt_Step|premium|Txt_Step|Amount|TargetIcon|Text_Amount|Image,0
Assets/Resources/prefabs/ui/listitem/event/EventQuestItem_SeasonPass_Christmas.prefab,EventQuestItem_SeasonPass_Christmas,listitem,25,29,0,,EventQuestItem_SeasonPass_Christmas|Icon|Image (1)|UIParticle|SpinePos|New SkeletonGraphic|Img_StepBG|nomal|Txt_Step|premium|Txt_Step|Amount,0
Assets/Resources/prefabs/ui/listitem/event/EventQuestItem_SeasonPass_Halloween.prefab,EventQuestItem_SeasonPass_Halloween,listitem,36,38,0,,EventQuestItem_SeasonPass_Halloween|HalloweenIcon|BGMask|BGColor|BGFX|Ghost1|CharMask|Char|Darker|EyeGlow_L|EyeLight_L|EyeGlow_R,0
Assets/Resources/prefabs/ui/listitem/event/EventQuestItem_Spring.prefab,EventQuestItem_Spring,listitem,52,56,0,,EventQuestItem_Spring|SpringEvent|Character|Body|Body_Base|Head|Head_EarR|Head_EarL|Head_Base|Head_EyeL|Head_EyeR|Head_Mouth,0
Assets/Resources/prefabs/ui/listitem/event/EventQuestItem_TreasureSand.prefab,EventQuestItem_TreasureSand,listitem,28,30,0,,EventQuestItem_TreasureSand|Image (1)|Image_2|Image_2 (1)|Image (2)|Image (1)|EventItemCount|Icon_BG|Icon_BG|Icon_Target|ItemCount|LvView,0
Assets/Resources/prefabs/ui/listitem/event/EventQuestItem_VendingMachine.prefab,EventQuestItem_VendingMachine,listitem,20,22,0,,EventQuestItem_VendingMachine|SpinePos|New SkeletonGraphic|Gauge|RewardGauge|Mask_Gauge|Bar|Text_Number|Image|Time|Image (2)|Time,0
Assets/Resources/prefabs/ui/listitem/event/EventQuestItem_WhiteDay.prefab,EventQuestItem_WhiteDay,listitem,89,89,0,,EventQuestItem_WhiteDay|Image (1)|Image (1)|Image (2)|UIListitem_BubbleTea (1)|BG|OutLine|OutLine (1)|Gauge|Fill Area|Fill_Color|Bubble (1),0
Assets/Resources/prefabs/ui/listitem/event/EventQuestItem_Winter.prefab,EventQuestItem_Winter,listitem,31,35,0,,EventQuestItem_Winter|NPC|BG|RewardItem_01|Image|Particle System|Glow|Star|Item|RewardItem_02|Image (1)|Particle System (1),0
Assets/Resources/prefabs/ui/listitem/event/EventQuestItem_WorkLog.prefab,EventQuestItem_WorkLog,listitem,91,94,0,,EventQuestItem_WorkLog|SpinePos|Image|Core|UIParticle|Bot|Lead_B|Sharp|Carbon|Lead_L2|Sharp|Carbon,0
Assets/Resources/prefabs/ui/listitem/event/Grid_QuestItemMainPoint.prefab,Grid_QuestItemMainPoint,listitem,41,48,0,,Grid_QuestItemMainPoint|BG|StoneGroup|Bottom (1)|Bottom (1)|Bottom (2)|OFF|ON|AllClearFX2|Image|AllClearFX1|SSL (1),0
Assets/Resources/prefabs/ui/listitem/event/UIListItem_BloodWorm_Hole.prefab,UIListItem_BloodWorm_Hole,listitem,4,4,0,,UIListItem_BloodWorm_Hole|HoleImage|HoleImage|HoleImage (2),0
Assets/Resources/prefabs/ui/listitem/event/UIListItem_BloodWorm_Target.prefab,UIListItem_BloodWorm_Target,listitem,33,34,0,,UIListItem_BloodWorm_Target|Mask|MoveObject|Normal|Golden|FakeWorm|FakeWorm_Hit|FakeWorm_Hit|Heart|Text (TMP)|Catched|Mate,0
Assets/Resources/prefabs/ui/listitem/event/UIListitem_BubbleTea.prefab,UIListitem_BubbleTea,listitem,34,34,0,,UIListitem_BubbleTea|BG|OutLine|OutLine (1)|Gauge|Fill Area|Fill_Color|Bubble (1)|Image (2)|Bubble (4)|Image (2)|Bubble (5),0
Assets/Resources/prefabs/ui/listitem/event/UIListitem_CardPack_AlbumProfile.prefab,UIListitem_CardPack_AlbumProfile,listitem,20,20,0,,UIListitem_CardPack_AlbumProfile|Profile|InnerLine_Color|ImgMask|BG|Img|ProfileImg|UFX_Noti|Image|UFX_Noti|Particle System (1)|Particle System (2),0
Assets/Resources/prefabs/ui/listitem/event/UIListitem_CardPack_RewardCard.prefab,UIListitem_CardPack_RewardCard,listitem,37,37,0,,UIListitem_CardPack_RewardCard|CardParent|UIListItem_PhotoCard|Card|Back|Frount|Inside|UnLock|BG|Img|Bot|Gradient,0
Assets/Resources/prefabs/ui/listitem/event/UIListitem_CartoonCut.prefab,UIListitem_CartoonCut,listitem,2,2,0,,UIListitem_CartoonCut|Image,1
Assets/Resources/prefabs/ui/listitem/event/UIListitem_CartoonQuest.prefab,UIListitem_CartoonQuest,listitem,46,46,0,,UIListitem_CartoonQuest|Main|Deco_ScreenToneT|Deco_ScreenToneB|UIListItem_QuestInfoItem|Reward|ItemSlotBG|ItemSlot|RewardTitle|Image|RequestCheckBar_Title|RewardItemBG,1
Assets/Resources/prefabs/ui/listitem/event/UIListitem_CumulativeQuest.prefab,UIListitem_CumulativeQuest,listitem,69,70,0,,UIListitem_CumulativeQuest|BG|BG_Normal|Image|OutLine|BG_Premium|Image|Image|Image_1|OutLine|OutLine_1|Light,1
Assets/Resources/prefabs/ui/listitem/event/UIListItem_EventBingoSlot.prefab,UIListItem_EventBingoSlot,listitem,21,22,0,,UIListItem_EventBingoSlot|Img_SlotBG_A|Img_SlotBG_B|Object_Block|Image_Block|Btn_SecretShopMark|Btn_Get|Image_Check|CompleteMark|Img_SlotBG_LineComplete|BingoCover|BingoCover (1),0
Assets/Resources/prefabs/ui/listitem/event/UIListitem_EventCartoonQuestItemSlot.prefab,UIListitem_EventCartoonQuestItemSlot,listitem,4,4,0,,UIListitem_EventCartoonQuestItemSlot|Item|Icon_MatchMark|Text (TMP),0
Assets/Resources/prefabs/ui/listitem/event/UIListItem_EventFishingSlot.prefab,UIListItem_EventFishingSlot,listitem,10,11,0,,UIListItem_EventFishingSlot|FX_FishBingoGet|Img_SlotBG_A|Object_Block|Image_Block|Btn_Info|Btn_Get|Btn_Get_Icon|Image_Check|Cover,0
Assets/Resources/prefabs/ui/listitem/event/UIListitem_Fishing_Fish.prefab,UIListitem_Fishing_Fish,listitem,4,5,0,,UIListitem_Fishing_Fish|Fish_Move|Fish|Fx_Get,1
Assets/Resources/prefabs/ui/listitem/event/UIListItem_MateRaceMate.prefab,UIListItem_MateRaceMate,listitem,2,2,0,,UIListItem_MateRaceMate|New SkeletonGraphic,0
Assets/Resources/prefabs/ui/listitem/event/UIListitem_MiniGame_BloodWorm.prefab,UIListitem_MiniGame_BloodWorm,listitem,79,83,0,,UIListitem_MiniGame_BloodWorm|Round|ScoreText|HoleGroup|TargetParent|HoleGroup (1)|Image (1)|Image (10)|Image (2)|Image (10)|Image (3)|Image (10),1
Assets/Resources/prefabs/ui/listitem/event/UIListitem_MiniGame_Clear.prefab,UIListitem_MiniGame_Clear,listitem,5,5,0,,UIListitem_MiniGame_Clear|Image|Image|Image (1)|Finish,0
Assets/Resources/prefabs/ui/listitem/event/UIListitem_MiniGame_Fishing.prefab,UIListitem_MiniGame_Fishing,listitem,19,19,0,,UIListitem_MiniGame_Fishing|Mask|BG|CatchRange|Range|StartPos|EndPos|TargetFish|targetObject|Deco|LineRenderer|FishingRod,3
Assets/Resources/prefabs/ui/listitem/event/UIListitem_Minigame_PuddingJump_DotLine.prefab,UIListitem_Minigame_PuddingJump_DotLine,listitem,10,10,0,,UIListitem_Minigame_PuddingJump_DotLine|dotLine|UIListItem_RewardInfo|boximg|GameObject|Item|Item (1)|TextAmount|Btn_Info|Icon_Info,0
Assets/Resources/prefabs/ui/listitem/event/UIListitem_MiniGame_VendingMachine.prefab,UIListitem_MiniGame_VendingMachine,listitem,400,415,0,,UIListitem_MiniGame_VendingMachine|BGMask|BG|BGPattern|Image_1|Image_2|Image_3|Image_4|Image_5|Image_6|Image_7|Image_8,7
Assets/Resources/prefabs/ui/listitem/event/UIListitem_MissionPassBonusReward.prefab,UIListitem_MissionPassBonusReward,listitem,47,48,0,,UIListitem_MissionPassBonusReward|NormalReward|BG|BGDeco|BGDeco (1)|Title|Image (1)|TextAmount|Item_Reward|Btn_info|info|TextAmount,4
Assets/Resources/prefabs/ui/listitem/event/UIListitem_MissionPassPeriodQuest.prefab,UIListitem_MissionPassPeriodQuest,listitem,30,30,0,,UIListitem_MissionPassPeriodQuest|ApTime|Icon|Text_ResetTime|BG|DotLine|Image (1)|Image (2)|Image (3)|Image (4)|Image (5)|Image (6),0
Assets/Resources/prefabs/ui/listitem/event/UIListitem_MissionPassPeriodQuest_Christmas.prefab,UIListitem_MissionPassPeriodQuest_Christmas,listitem,43,43,0,,UIListitem_MissionPassPeriodQuest_Christmas|BG|ApTime|ApTime|Icon|Text_ResetTime|BG|Ball_Red|Color|Pattern|Shadow|Shadow,0
Assets/Resources/prefabs/ui/listitem/event/UIListitem_MissionPassPeriodQuest_Summer.prefab,UIListitem_MissionPassPeriodQuest_Summer,listitem,25,25,0,,UIListitem_MissionPassPeriodQuest_Summer|BG|BG|QuestType|Icon|ApTime|String_Blue|String_Pink|ApTime|Icon|Text_ResetTime|Main,0
Assets/Resources/prefabs/ui/listitem/event/UIListitem_MissionPassQuest.prefab,UIListitem_MissionPassQuest,listitem,28,28,0,,UIListitem_MissionPassQuest|BG|DotLine|Image (1)|Image (2)|Image (3)|Image (4)|Image (5)|Image (6)|Image (7)|Reward|ExpIcon,0
Assets/Resources/prefabs/ui/listitem/event/UIListitem_MissionPassQuest_Christmas.prefab,UIListitem_MissionPassQuest_Christmas,listitem,39,39,0,,UIListitem_MissionPassQuest_Christmas|BG|BG|Ball_Red|Color|Pattern|Shadow|Shadow|Glow|GameObject (3)|Ball_Green|Color,0
Assets/Resources/prefabs/ui/listitem/event/UIListitem_MissionPassQuest_Summer.prefab,UIListitem_MissionPassQuest_Summer,listitem,24,24,0,,UIListitem_MissionPassQuest_Summer|BG|ApTime|String_Pink|ApTime|Icon|Text_ResetTime|BG|QuestType|Icon|Main|Title,0
Assets/Resources/prefabs/ui/listitem/event/UIListitem_MissionPassReward.prefab,UIListitem_MissionPassReward,listitem,85,90,0,,UIListitem_MissionPassReward|NormalReward|BG|rewardLockPanel|rewardGetPanel_Icon|UIListItem_RewardItem|Coupon_ FinalReward|Image|Effect|Light|GameObject|Icon_reward,1
Assets/Resources/prefabs/ui/listitem/event/UIListitem_MissionPassReward_Christmas.prefab,UIListitem_MissionPassReward_Christmas,listitem,98,103,0,,UIListitem_MissionPassReward_Christmas|NormalReward|BG|GameObject|Shadow|Dish|OLMask|OL|Inner|Inner (1)|Arrow|Deco,1
Assets/Resources/prefabs/ui/listitem/event/UIListitem_MissionPassReward_Summer.prefab,UIListitem_MissionPassReward_Summer,listitem,90,95,0,,UIListitem_MissionPassReward_Summer|NormalReward|BG|Image|Deco|Image (1)|rewardLockPanel|rewardGetPanel_Icon|UIListItem_RewardItem|Coupon_ FinalReward|Image|Effect,1
Assets/Resources/prefabs/ui/listitem/event/UIListItem_PC_BloodWorm_Target.prefab,UIListItem_PC_BloodWorm_Target,listitem,6,6,0,,UIListItem_PC_BloodWorm_Target|Mask|MoveObject|Normal|Catched|Head,0
Assets/Resources/prefabs/ui/listitem/event/UIListItem_PhotoCard.prefab,UIListItem_PhotoCard,listitem,35,35,0,,UIListItem_PhotoCard|Card|Back|Frount|Inside|UnLock|BG|Img|Bot|Gradient|Text (TMP)|StarGroup,0
Assets/Resources/prefabs/ui/listitem/event/UIListitem_PuddingReward.prefab,UIListitem_PuddingReward,listitem,26,26,0,,UIListitem_PuddingReward|Plate|Clear|SkeletonGraphic (ChocoPudding)|UIListitem_PuddingReward|RewardLayout|Reward|Show|Item|Amount|TextAmount|Reward (1),0
Assets/Resources/prefabs/ui/listitem/event/Uilistitem_TreasureSandBlock.prefab,Uilistitem_TreasureSandBlock,listitem,5,7,0,,Uilistitem_TreasureSandBlock|BoardBlock|HideMask|ClearBlock|FX,0
Assets/Resources/prefabs/ui/listitem/event/Uilistitem_TreasureSandCell.prefab,Uilistitem_TreasureSandCell,listitem,6,12,0,,Uilistitem_TreasureSandCell|Screen|FXParent|UFX_Dust1|UFX_Dust2|UFX_Dust3,0
Assets/Resources/prefabs/ui/listitem/event/Uilistitem_TreasureSandCellBG.prefab,Uilistitem_TreasureSandCellBG,listitem,2,2,0,,Uilistitem_TreasureSandCellBG|Screen,0
Assets/Resources/prefabs/ui/listitem/event/UIListitem_WhiteDayPipe.prefab,UIListitem_WhiteDayPipe,listitem,35,35,0,,UIListitem_WhiteDayPipe|Pipe|BG|GameObject|Image_7|Image_8|Image_9|Image_1|Image_2|Image_3|Image_4|Image_5,2
Assets/Resources/prefabs/ui/listitem/Grid_BlockGroup.prefab,Grid_BlockGroup,listitem,15,17,0,,Grid_BlockGroup|Arrow|BlockMain_Img|MainTitle|SubTitle|GroupSubName_text|Slider|Background|Fill Area|Fill|Silder_Text|UFX_Noti,1
Assets/Resources/prefabs/ui/listitem/Grid_CollectionCustomer.prefab,Grid_CollectionCustomer,listitem,4,4,0,,Grid_CollectionCustomer|ItmeShell|Img_Customer|Text (TMP),0
Assets/Resources/prefabs/ui/listitem/Grid_CollectionFurniture_temp.prefab,Grid_CollectionFurniture_temp,listitem,4,4,0,,Grid_CollectionFurniture_temp|ItmeShell|Img_Furniture|Text (TMP),0
Assets/Resources/prefabs/ui/listitem/Grid_CollectionItem.prefab,Grid_CollectionItem,listitem,475,475,0,,Grid_CollectionItem|Shadow|BG|Top|Image (1)|Pattern|Text (TMP)|Pattern|BlockContent|UIListItem_BlockSeq|Default|Shell,4
Assets/Resources/prefabs/ui/listitem/Grid_CollectionItem_temp.prefab,Grid_CollectionItem_temp,listitem,3,3,0,,Grid_CollectionItem_temp|ItmeShell|ItmeArrow,0
Assets/Resources/prefabs/ui/listitem/Grid_CollectionItme.prefab,Grid_CollectionItme,listitem,3,3,0,,Grid_CollectionItme|ItmeShell|ItmeArrow,0
Assets/Resources/prefabs/ui/listitem/Grid_MainRoomNpc.prefab,Grid_MainRoomNpc,listitem,40,42,0,,Grid_MainRoomNpc|QuestParent|Info|Mask|Char|QuestCount|Icon_Dialog|Image|Text_Dialog|Npc_Dialog|Icon_Dialog|Image,0
Assets/Resources/prefabs/ui/listitem/Grid_PackageGoods.prefab,Grid_PackageGoods,listitem,15,15,0,,Grid_PackageGoods|Bottom|Image (5)|Image (6)|middle|Pakage_ImgMask|Pakage_Img|PakageName_Text|Price|Amount|Amount (1)|infoicon,4
Assets/Resources/prefabs/ui/listitem/Grid_QuestList.prefab,Grid_QuestList,listitem,20,22,0,,Grid_QuestList|Img_QuestList|Noti|UFX_BtnClearQuest|Glow|Nova|StarDust|UFX_Noti|Image|UIParticle|RequiredGold (1)|Background2,0
Assets/Resources/prefabs/ui/listitem/Grid_RewardBlock BM.prefab,Grid_RewardBlock BM,listitem,9,9,0,,Grid_RewardBlock BM|BG|Bar|Image|Item|TodayReward|Noti|Image|Amount,0
Assets/Resources/prefabs/ui/listitem/Grid_RewardBlock.prefab,Grid_RewardBlock,listitem,8,8,0,,Grid_RewardBlock|BG|Image|Item|TodayReward|Noti|Image|Amount,0
Assets/Resources/prefabs/ui/listitem/Grid_RoomFurniture.prefab,Grid_RoomFurniture,listitem,9,9,0,,Grid_RoomFurniture|Shadow|BG|Top|Image (1)|Pattern|Text (TMP)|Pattern|FurnitureContent,2
Assets/Resources/prefabs/ui/listitem/Grid_RoomGroup.prefab,Grid_RoomGroup,listitem,21,23,0,,Grid_RoomGroup|BlockMain_Img|MainTitle|Image|MainTitle|Slider|Background|Fill Area|Fill|Silder_Text|UFX_Noti|Image,1
Assets/Resources/prefabs/ui/listitem/Grid_StoryReplayChapter.prefab,Grid_StoryReplayChapter,listitem,17,17,1,story,Grid_StoryReplayChapter|Arrow|Image|ChapterGroup|Icon|Icon|Chapter_Text_F|StoryName_text|Slider|Background|Fill Area|Fill,1
Assets/Resources/prefabs/ui/listitem/Grid_StoryReplayChapter_Customer.prefab,Grid_StoryReplayChapter_Customer,listitem,15,15,1,story,Grid_StoryReplayChapter_Customer|Arrow|CustomerImage|Customer|Image|StoryName_text|Slider|Background|Fill Area|Fill|Silder_Text|LockPanel,1
Assets/Resources/prefabs/ui/listitem/Grid_StoryReplayChapter_EchoArchive.prefab,Grid_StoryReplayChapter_EchoArchive,listitem,14,14,1,story,Grid_StoryReplayChapter_EchoArchive|Arrow|CustomerImage (1)|Image|StoryName_text|Slider|Background|Fill Area|Fill|Silder_Text|LockPanel|Image (1),1
Assets/Resources/prefabs/ui/listitem/Grid_StoryReplayChapter_Event.prefab,Grid_StoryReplayChapter_Event,listitem,13,13,1,story,Grid_StoryReplayChapter_Event|Arrow|Image|StoryName_text|Slider|Background|Fill Area|Fill|Silder_Text|LockPanel|Image (1)|Locker,1
Assets/Resources/prefabs/ui/listitem/Grid_StoryReplayItem.prefab,Grid_StoryReplayItem,listitem,24,24,1,story,Grid_StoryReplayItem|GameObject|Title|Image (1)|GroupName_text|SelectDialogCount|Image|Slider|Background|Fill Area|Fill|Fill_2,2
Assets/Resources/prefabs/ui/listitem/Grid_StoryReplayItem_Customer.prefab,Grid_StoryReplayItem_Customer,listitem,14,14,1,story,Grid_StoryReplayItem_Customer|Title|Name|Icon|Icon|Chapter_Text_F|Title_text|Btn_Restore (2)|Image (2)|Image (1)|Btn_Restore (1)|LockPanel,1
Assets/Resources/prefabs/ui/listitem/Listitem_MaidCostume.prefab,Listitem_MaidCostume,listitem,12,12,0,,Listitem_MaidCostume|BG|BG|Deco|InnerLine2|LD_Pos|OutLine|Cover|InnerLine2|Lock|Icon_Lock|Icon_Lock2,0
Assets/Resources/prefabs/ui/listitem/Listitem_MaidFormation_Card.prefab,Listitem_MaidFormation_Card,listitem,21,21,0,,Listitem_MaidFormation_Card|BG|BG|OutLine|InnerLine|Mask|NPC_Pos|Selected|SelectBG_1|SelectBG|InnerLine|InnerLine,0
Assets/Resources/prefabs/ui/listitem/Listitem_MaidFormation_MaidPos.prefab,Listitem_MaidFormation_MaidPos,listitem,20,20,0,,Listitem_MaidFormation_MaidPos|Mask|parent|GradientArea_L|Image (1)|GradientArea_T|Image (2)|Image (1)|GradientArea_B|Image (1)|Image (2)|InfoGroup,2
Assets/Resources/prefabs/ui/listitem/ListItem_PhotoCard.prefab,ListItem_PhotoCard,listitem,49,49,0,,ListItem_PhotoCard|BGMask|BG|CardParent|LV|0|0|Text (TMP)|0|0 _temp|1|1,2
Assets/Resources/prefabs/ui/listitem/memorycard/base/base_maid/MemoryCard_Maid_Aiko_SD_Base.prefab,MemoryCard_Maid_Aiko_SD_Base,listitem,8,8,0,,MemoryCard_Maid_Aiko_SD_Base|Card|BG|Back|IMG|Image|Frame|CommonParent,1
Assets/Resources/prefabs/ui/listitem/memorycard/base/base_maid/MemoryCard_Maid_Akane_SD_Base.prefab,MemoryCard_Maid_Akane_SD_Base,listitem,8,8,0,,MemoryCard_Maid_Akane_SD_Base|Card|BG|Back|IMG|Image|Frame|CommonParent,1
Assets/Resources/prefabs/ui/listitem/memorycard/base/base_maid/MemoryCard_Maid_Aku_SD_Base.prefab,MemoryCard_Maid_Aku_SD_Base,listitem,8,8,0,,MemoryCard_Maid_Aku_SD_Base|Card|BG|Back|IMG|Image|Frame|CommonParent,1
Assets/Resources/prefabs/ui/listitem/memorycard/base/base_maid/MemoryCard_Maid_Kaede_SD_Base.prefab,MemoryCard_Maid_Kaede_SD_Base,listitem,8,8,0,,MemoryCard_Maid_Kaede_SD_Base|Card|BG|Back|IMG|Image|Frame|CommonParent,1
Assets/Resources/prefabs/ui/listitem/memorycard/base/base_maid/MemoryCard_Maid_Kokomi_SD_Base.prefab,MemoryCard_Maid_Kokomi_SD_Base,listitem,8,8,0,,MemoryCard_Maid_Kokomi_SD_Base|Card|BG|Back|IMG|Image|Frame|CommonParent,1
Assets/Resources/prefabs/ui/listitem/memorycard/base/base_maid/MemoryCard_Maid_Kurone_SD_Base.prefab,MemoryCard_Maid_Kurone_SD_Base,listitem,8,8,0,,MemoryCard_Maid_Kurone_SD_Base|Card|BG|Back|IMG|Image|Frame|CommonParent,1
Assets/Resources/prefabs/ui/listitem/memorycard/base/base_maid/MemoryCard_Maid_Yuki_SD_Base.prefab,MemoryCard_Maid_Yuki_SD_Base,listitem,8,8,0,,MemoryCard_Maid_Yuki_SD_Base|Card|BG|Back|IMG|Image|Frame|CommonParent,1
Assets/Resources/prefabs/ui/listitem/memorycard/base/common/Noti_New.prefab,Noti_New,listitem,3,3,0,,Noti_New|Image|Text (TMP)_1,0
Assets/Resources/prefabs/ui/listitem/memorycard/base/common/UIListItem_LevelStars.prefab,UIListItem_LevelStars,listitem,38,42,0,,UIListItem_LevelStars|Crown|UIListItem_Star (2)|UIListItem_Star|UFXGroup|UIParticle|Mask|UIParticle_1|BigStar|UIListItem_Star (1)|UIListItem_Star (2)|UIListItem_Star,1
Assets/Resources/prefabs/ui/listitem/memorycard/base/MemoryCard_Normal_Base.prefab,MemoryCard_Normal_Base,listitem,8,8,0,,MemoryCard_Normal_Base|Card|BG|Back|IMG|Image|Frame|CommonParent,1
Assets/Resources/prefabs/ui/listitem/memorycard/bg/UIListItem_BG01_Blue.prefab,UIListItem_BG01_Blue,listitem,4,4,0,,UIListItem_BG01_Blue|Pattern|Gradation_Up|Gradation_Down,0
Assets/Resources/prefabs/ui/listitem/memorycard/bg/UIListItem_BG01_Gray.prefab,UIListItem_BG01_Gray,listitem,2,2,0,,UIListItem_BG01_Gray|Image,0
Assets/Resources/prefabs/ui/listitem/memorycard/bg/UIListItem_BG01_Green.prefab,UIListItem_BG01_Green,listitem,4,4,0,,UIListItem_BG01_Green|Pattern|Gradation_Up|Gradation_Down,0
Assets/Resources/prefabs/ui/listitem/memorycard/bg/UIListItem_BG01_Pink.prefab,UIListItem_BG01_Pink,listitem,4,4,0,,UIListItem_BG01_Pink|Pattern|Gradation_Up|Gradation_Down,0
Assets/Resources/prefabs/ui/listitem/memorycard/bg/UIListItem_BG01_Purple.prefab,UIListItem_BG01_Purple,listitem,4,4,0,,UIListItem_BG01_Purple|Pattern|Gradation_Up|Gradation_Down,0
Assets/Resources/prefabs/ui/listitem/memorycard/bg/UIListItem_BG01_Purple2.prefab,UIListItem_BG01_Purple2,listitem,4,4,0,,UIListItem_BG01_Purple2|Pattern|Gradation_Up|Gradation_Down,0
Assets/Resources/prefabs/ui/listitem/memorycard/bg/UIListItem_BG01_Red.prefab,UIListItem_BG01_Red,listitem,4,4,0,,UIListItem_BG01_Red|Pattern|Gradation_Up|Gradation_Down,0
Assets/Resources/prefabs/ui/listitem/memorycard/bg/UIListItem_BG01_Yellow.prefab,UIListItem_BG01_Yellow,listitem,4,4,0,,UIListItem_BG01_Yellow|Pattern|Gradation_Up|Gradation_Down,0
Assets/Resources/prefabs/ui/listitem/memorycard/bg/UIListItem_BG_Academy_Hallway.prefab,UIListItem_BG_Academy_Hallway,listitem,4,4,0,,UIListItem_BG_Academy_Hallway|Back|Gradation_Up|Gradation_Down,0
Assets/Resources/prefabs/ui/listitem/memorycard/bg/UIListItem_BG_Beach_Afternoon.prefab,UIListItem_BG_Beach_Afternoon,listitem,6,6,0,,UIListItem_BG_Beach_Afternoon|Back|Gradation_Up|Gradation_Up (1)|Gradation_Down|Gradation_Down (1),0
Assets/Resources/prefabs/ui/listitem/memorycard/bg/UIListItem_BG_CafeHall.prefab,UIListItem_BG_CafeHall,listitem,4,4,0,,UIListItem_BG_CafeHall|Back|Gradation_Up|Gradation_Down,0
Assets/Resources/prefabs/ui/listitem/memorycard/bg/UIListItem_BG_DormitoryHall.prefab,UIListItem_BG_DormitoryHall,listitem,5,5,0,,UIListItem_BG_DormitoryHall|Back|Image|Gradation_Up|Gradation_Down,0
Assets/Resources/prefabs/ui/listitem/memorycard/bg/UIListItem_BG_DormitoryRoom_Afternoon.prefab,UIListItem_BG_DormitoryRoom_Afternoon,listitem,4,4,0,,UIListItem_BG_DormitoryRoom_Afternoon|Back|Gradation_Up|Gradation_Down,0
Assets/Resources/prefabs/ui/listitem/memorycard/bg/UIListItem_BG_ForestWay.prefab,UIListItem_BG_ForestWay,listitem,4,4,0,,UIListItem_BG_ForestWay|Back|Gradation_Up|Gradation_Down,0
Assets/Resources/prefabs/ui/listitem/memorycard/bg/UIListItem_BG_KitchenRoom.prefab,UIListItem_BG_KitchenRoom,listitem,4,4,0,,UIListItem_BG_KitchenRoom|Back|Gradation_Up|Gradation_Down,0
Assets/Resources/prefabs/ui/listitem/memorycard/bg/UIListItem_BG_Made_FieldSky.prefab,UIListItem_BG_Made_FieldSky,listitem,4,4,0,,UIListItem_BG_Made_FieldSky|Back|Gradation_Up|Gradation_Down,0
Assets/Resources/prefabs/ui/listitem/memorycard/bg/UIListItem_BG_MainCafe_Afternoon.prefab,UIListItem_BG_MainCafe_Afternoon,listitem,4,4,0,,UIListItem_BG_MainCafe_Afternoon|Back|Gradation_Up|Gradation_Down,0
Assets/Resources/prefabs/ui/listitem/memorycard/bg/UIListItem_BG_MainCafe_LakeSide.prefab,UIListItem_BG_MainCafe_LakeSide,listitem,4,4,0,,UIListItem_BG_MainCafe_LakeSide|Back|Gradation_Up|Gradation_Down,0
Assets/Resources/prefabs/ui/listitem/memorycard/bg/UIListItem_BG_NatsuMatsuri_Night.prefab,UIListItem_BG_NatsuMatsuri_Night,listitem,4,4,0,,UIListItem_BG_NatsuMatsuri_Night|Back|Gradation_Up|Gradation_Down,0
Assets/Resources/prefabs/ui/listitem/memorycard/bg/UIListItem_BG_PrincipalRoom.prefab,UIListItem_BG_PrincipalRoom,listitem,4,4,0,,UIListItem_BG_PrincipalRoom|Back|Gradation_Up|Gradation_Down,0
Assets/Resources/prefabs/ui/listitem/memorycard/boarddeco/Deco_Special.prefab,Deco_Special,listitem,1,1,0,,Deco_Special,0
Assets/Resources/prefabs/ui/listitem/memorycard/cards/aiko/UIListItem_MemoryCard_Maid_Aiko_07101.prefab,UIListItem_MemoryCard_Maid_Aiko_07101,listitem,6,6,0,,UIListItem_MemoryCard_Maid_Aiko_07101|Card|BG_1|Image|Frame|CommonParent,0
Assets/Resources/prefabs/ui/listitem/memorycard/cards/aiko/UIListItem_MemoryCard_Maid_Aiko_07102.prefab,UIListItem_MemoryCard_Maid_Aiko_07102,listitem,11,11,0,,UIListItem_MemoryCard_Maid_Aiko_07102|Card|BG|UIListItem_BG01_Yellow|Pattern|Gradation_Up|Gradation_Down|SkeletonGraphic (Ch_Maid04_Basic01_SD) (1)|SkeletonGraphic (Ch_Maid04_Basic01_SD)|Frame|CommonParent,0
Assets/Resources/prefabs/ui/listitem/memorycard/cards/aiko/UIListItem_MemoryCard_Maid_Aiko_07103.prefab,UIListItem_MemoryCard_Maid_Aiko_07103,listitem,6,6,0,,UIListItem_MemoryCard_Maid_Aiko_07103|Card|BG|Image|Frame|CommonParent,0
Assets/Resources/prefabs/ui/listitem/memorycard/cards/aiko/UIListItem_MemoryCard_Maid_Aiko_07104.prefab,UIListItem_MemoryCard_Maid_Aiko_07104,listitem,6,6,0,,UIListItem_MemoryCard_Maid_Aiko_07104|Card|BG|Image|Frame|CommonParent,0
Assets/Resources/prefabs/ui/listitem/memorycard/cards/aiko/UIListItem_MemoryCard_Maid_Aiko_07501.prefab,UIListItem_MemoryCard_Maid_Aiko_07501,listitem,15,15,0,,UIListItem_MemoryCard_Maid_Aiko_07501|Card|BG_1|BG|Back|Gradation_Up|Gradation_Down (1)|Maid_1007_LD_SchoolUniform01|GameObject|SkeletonGraphic (NPC_100105_LD)|Renderer0|Renderer1,0
Assets/Resources/prefabs/ui/listitem/memorycard/cards/aiko/UIListItem_MemoryCard_Maid_Aiko_07502.prefab,UIListItem_MemoryCard_Maid_Aiko_07502,listitem,11,11,0,,UIListItem_MemoryCard_Maid_Aiko_07502|Card|BG|BG (1)|Back|Gradation_Up|Gradation_Down (1)|SkeletonGraphic (Ch_Maid04_Basic01_SD) (1)|SkeletonGraphic (Ch_Maid04_Basic01_SD)|Frame|CommonParent,0
Assets/Resources/prefabs/ui/listitem/memorycard/cards/akane/UIListItem_MemoryCard_Maid_Akane_05101.prefab,UIListItem_MemoryCard_Maid_Akane_05101,listitem,7,7,0,,UIListItem_MemoryCard_Maid_Akane_05101|Card|BG|UIListItem_Char_Akane|Char|Frame|CommonParent,1
Assets/Resources/prefabs/ui/listitem/memorycard/cards/akane/UIListItem_MemoryCard_Maid_Akane_05102.prefab,UIListItem_MemoryCard_Maid_Akane_05102,listitem,12,12,0,,UIListItem_MemoryCard_Maid_Akane_05102|Card|BG|UIListItem_BG01_Red|Pattern|Gradation_Up|Gradation_Down|UIListItem_Char_Akane_SD01|Shadow|Char|Frame|CommonParent,0
Assets/Resources/prefabs/ui/listitem/memorycard/cards/akane/UIListItem_MemoryCard_Maid_Akane_05103.prefab,UIListItem_MemoryCard_Maid_Akane_05103,listitem,7,7,0,,UIListItem_MemoryCard_Maid_Akane_05103|Card|BG|UIListItem_Char_Akane|Char|Frame|CommonParent,1
Assets/Resources/prefabs/ui/listitem/memorycard/cards/akane/UIListItem_MemoryCard_Maid_Akane_05501.prefab,UIListItem_MemoryCard_Maid_Akane_05501,listitem,7,7,0,,UIListItem_MemoryCard_Maid_Akane_05501|Card|BG|UIListItem_Char_Akane|Char|Frame|CommonParent,1
Assets/Resources/prefabs/ui/listitem/memorycard/cards/akane/UIListItem_MemoryCard_Maid_Akane_05502.prefab,UIListItem_MemoryCard_Maid_Akane_05502,listitem,14,14,0,,UIListItem_MemoryCard_Maid_Akane_05502|Card|BG|UIListItem_BG_Beach_Afternoon|Back|Gradation_Up|Gradation_Up (1)|Gradation_Down|Gradation_Down (1)|UIListItem_Char_Akane_SD|Shadow|Cha,0
Assets/Resources/prefabs/ui/listitem/memorycard/cards/akane/UIListItem_MemoryCard_Maid_Akane_05503.prefab,UIListItem_MemoryCard_Maid_Akane_05503,listitem,21,21,0,,UIListItem_MemoryCard_Maid_Akane_05503|Card|BG|UIListItem_BG_Beach_Afternoon (1)|Back|Gradation_Up|Gradation_Down (1)|Maid_1005_LD_Halloween01|GameObject|SkeletonGraphic (Cos_Maid05_Halloween01_LD)|CH_Effects|NpcEffect,1
Assets/Resources/prefabs/ui/listitem/memorycard/cards/akane/UIListItem_MemoryCard_Maid_Akane_05504.prefab,UIListItem_MemoryCard_Maid_Akane_05504,listitem,13,13,0,,UIListItem_MemoryCard_Maid_Akane_05504|Card|BG|UIListItem_BG_Beach_Afternoon|Back|Gradation_Up|Gradation_Down (1)|Shadow|SkeletonGraphic (Cos_Maid05_Halloween01_SD)|Maid_1005_SD_Halloween01_Ingame|SkeletonGraphic (Cos_Maid05_Halloween01_SD)|Frame,0
Assets/Resources/prefabs/ui/listitem/memorycard/cards/akane/UIListItem_MemoryCard_Maid_Akane_05505.prefab,UIListItem_MemoryCard_Maid_Akane_05505,listitem,12,12,0,,UIListItem_MemoryCard_Maid_Akane_05505|Card|BG|BG|Back|Gradation_Up|Gradation_Down (1)|Maid_1005_LD_Christmas01|GameObject|SkeletonGraphic (Cos_Maid05_Halloween01_LD)|Frame|CommonParent,1
Assets/Resources/prefabs/ui/listitem/memorycard/cards/akane/UIListItem_MemoryCard_Maid_Akane_05506.prefab,UIListItem_MemoryCard_Maid_Akane_05506,listitem,13,13,0,,UIListItem_MemoryCard_Maid_Akane_05506|Card|BG|BG|Back|Gradation_Up|Gradation_Down (1)|Shadow|SkeletonGraphic (Cos_Maid05_Halloween01_SD)|Maid_1005_SD_Christmas01_Ingame|SkeletonGraphic (Cos_Maid05_Halloween01_SD)|Frame,0
Assets/Resources/prefabs/ui/listitem/memorycard/cards/aku/UIListItem_MemoryCard_Maid_Aku_02101.prefab,UIListItem_MemoryCard_Maid_Aku_02101,listitem,7,7,0,,UIListItem_MemoryCard_Maid_Aku_02101|Card|BG|UIListItem_Char_Aku|Char|Frame|CommonParent,1
Assets/Resources/prefabs/ui/listitem/memorycard/cards/aku/UIListItem_MemoryCard_Maid_Aku_02102.prefab,UIListItem_MemoryCard_Maid_Aku_02102,listitem,12,12,0,,UIListItem_MemoryCard_Maid_Aku_02102|Card|BG|UIListItem_BG01_Purple|Pattern|Gradation_Up|Gradation_Down|UIListItem_Char_Aku_SD01|Shadow|Char|Frame|CommonParent,0
Assets/Resources/prefabs/ui/listitem/memorycard/cards/aku/UIListItem_MemoryCard_Maid_Aku_02103.prefab,UIListItem_MemoryCard_Maid_Aku_02103,listitem,7,7,0,,UIListItem_MemoryCard_Maid_Aku_02103|Card|BG|UIListItem_Char_Aku|Char|Frame|CommonParent,1
Assets/Resources/prefabs/ui/listitem/memorycard/cards/aku/UIListItem_MemoryCard_Maid_Aku_02104.prefab,UIListItem_MemoryCard_Maid_Aku_02104,listitem,7,7,0,,UIListItem_MemoryCard_Maid_Aku_02104|Card|BG|UIListItem_Char_Aku|Char|Frame|CommonParent,1
Assets/Resources/prefabs/ui/listitem/memorycard/cards/aku/UIListItem_MemoryCard_Maid_Aku_02105.prefab,UIListItem_MemoryCard_Maid_Aku_02105,listitem,7,7,0,,UIListItem_MemoryCard_Maid_Aku_02105|Card|BG|UIListItem_Char_Aku|Char|Frame|CommonParent,1
Assets/Resources/prefabs/ui/listitem/memorycard/cards/aku/UIListItem_MemoryCard_Maid_Aku_02106.prefab,UIListItem_MemoryCard_Maid_Aku_02106,listitem,7,7,0,,UIListItem_MemoryCard_Maid_Aku_02106|Card|BG|UIListItem_Char_Aku|Char|Frame|CommonParent,1
Assets/Resources/prefabs/ui/listitem/memorycard/cards/aku/UIListItem_MemoryCard_Maid_Aku_02501.prefab,UIListItem_MemoryCard_Maid_Aku_02501,listitem,7,7,0,,UIListItem_MemoryCard_Maid_Aku_02501|Card|BG|UIListItem_Char_Aku|Char|Frame|CommonParent,1
Assets/Resources/prefabs/ui/listitem/memorycard/cards/aku/UIListItem_MemoryCard_Maid_Aku_02502.prefab,UIListItem_MemoryCard_Maid_Aku_02502,listitem,14,14,0,,UIListItem_MemoryCard_Maid_Aku_02502|Card|BG|UIListItem_BG_Beach_Afternoon|Back|Gradation_Up|Gradation_Up (1)|Gradation_Down|Gradation_Down (1)|UIListItem_Char_Aku_SD02|Shadow|Cha,0
Assets/Resources/prefabs/ui/listitem/memorycard/cards/aku/UIListItem_MemoryCard_Maid_Aku_02503.prefab,UIListItem_MemoryCard_Maid_Aku_02503,listitem,21,21,0,,UIListItem_MemoryCard_Maid_Aku_02503|Card|BG|UIListItem_BG_Beach_Afternoon|Back|Gradation_Up|Gradation_Down (1)|Maid_1002_LD_Halloween01|GameObject|SkeletonGraphic (Cos_Maid02_Halloween01_LD)|CH_Effects|NpcEffect,0
Assets/Resources/prefabs/ui/listitem/memorycard/cards/aku/UIListItem_MemoryCard_Maid_Aku_02504.prefab,UIListItem_MemoryCard_Maid_Aku_02504,listitem,13,13,0,,UIListItem_MemoryCard_Maid_Aku_02504|Card|BG|UIListItem_BG_Beach_Afternoon|Back|Gradation_Up|Gradation_Down (1)|Shadow|SkeletonGraphic (Ch_Maid02_Basic01_SD)|Maid_1002_SD_Halloween01_InGame|SkeletonGraphic (Ch_Maid02_Basic01_SD)|Frame,0
Assets/Resources/prefabs/ui/listitem/memorycard/cards/aku/UIListItem_MemoryCard_Maid_Aku_02505.prefab,UIListItem_MemoryCard_Maid_Aku_02505,listitem,12,12,0,,UIListItem_MemoryCard_Maid_Aku_02505|Card|BG|BG|Back|Gradation_Up|Gradation_Down (1)|Maid_1002_LD_ChristMas01|GameObject|SkeletonGraphic (Maid02_LD_Idle)|Frame|CommonParent,0
Assets/Resources/prefabs/ui/listitem/memorycard/cards/aku/UIListItem_MemoryCard_Maid_Aku_02506.prefab,UIListItem_MemoryCard_Maid_Aku_02506,listitem,49,49,0,,UIListItem_MemoryCard_Maid_Aku_02506|Card|BG|BG|Back|Gradation_Up|Gradation_Down (1)|Shadow|SkeletonGraphic (Ch_Maid02_Basic01_SD)|Renderer0|Renderer1|Renderer2,0
Assets/Resources/prefabs/ui/listitem/memorycard/cards/kaede/UIListItem_MemoryCard_Maid_Kaede_04101.prefab,UIListItem_MemoryCard_Maid_Kaede_04101,listitem,7,7,0,,UIListItem_MemoryCard_Maid_Kaede_04101|Card|BG|UIListItem_Char_Kaede|Char|Frame|CommonParent,1
Assets/Resources/prefabs/ui/listitem/memorycard/cards/kaede/UIListItem_MemoryCard_Maid_Kaede_04102.prefab,UIListItem_MemoryCard_Maid_Kaede_04102,listitem,12,12,0,,UIListItem_MemoryCard_Maid_Kaede_04102|Card|BG|UIListItem_BG01_Green|Pattern|Gradation_Up|Gradation_Down|UIListItem_Char_Kaede_SD01|Shadow|Char|Frame|CommonParent,0
Assets/Resources/prefabs/ui/listitem/memorycard/cards/kaede/UIListItem_MemoryCard_Maid_Kaede_04103.prefab,UIListItem_MemoryCard_Maid_Kaede_04103,listitem,7,7,0,,UIListItem_MemoryCard_Maid_Kaede_04103|Card|BG|UIListItem_Char_Kaede|Char|Frame|CommonParent,1
Assets/Resources/prefabs/ui/listitem/memorycard/cards/kaede/UIListItem_MemoryCard_Maid_Kaede_04104.prefab,UIListItem_MemoryCard_Maid_Kaede_04104,listitem,7,7,0,,UIListItem_MemoryCard_Maid_Kaede_04104|Card|BG|UIListItem_Char_Kaede|Char|Frame|CommonParent,1
Assets/Resources/prefabs/ui/listitem/memorycard/cards/kaede/UIListItem_MemoryCard_Maid_Kaede_04105.prefab,UIListItem_MemoryCard_Maid_Kaede_04105,listitem,7,7,0,,UIListItem_MemoryCard_Maid_Kaede_04105|Card|BG|UIListItem_Char_Kaede|Char|Frame|CommonParent,1
Assets/Resources/prefabs/ui/listitem/memorycard/cards/kaede/UIListItem_MemoryCard_Maid_Kaede_04106.prefab,UIListItem_MemoryCard_Maid_Kaede_04106,listitem,7,7,0,,UIListItem_MemoryCard_Maid_Kaede_04106|Card|BG|UIListItem_Char_Kaede|Char|Frame|CommonParent,1
Assets/Resources/prefabs/ui/listitem/memorycard/cards/kaede/UIListItem_MemoryCard_Maid_Kaede_04107.prefab,UIListItem_MemoryCard_Maid_Kaede_04107,listitem,32,32,0,,UIListItem_MemoryCard_Maid_Kaede_04107|Card|BG|UIListItem_BG_Beach_Afternoon (1)|Back|Gradation_Up (1)|Gradation_Down (1)|Maid_1004_LD_Band01|GameObject|SkeletonGraphic (Maid04_LD)|Renderer0|Renderer1,0
Assets/Resources/prefabs/ui/listitem/memorycard/cards/kaede/UIListItem_MemoryCard_Maid_Kaede_04108.prefab,UIListItem_MemoryCard_Maid_Kaede_04108,listitem,81,81,0,,UIListItem_MemoryCard_Maid_Kaede_04108|Card|BG|UIListItem_BG_Beach_Afternoon|Back|Gradation_Up (1)|Gradation_Down (1)|Shadow|SkeletonGraphic (Ch_Maid04_Basic01_SD)|Renderer0|Renderer1|Renderer2,0
Assets/Resources/prefabs/ui/listitem/memorycard/cards/kaede/UIListItem_MemoryCard_Maid_Kaede_04501.prefab,UIListItem_MemoryCard_Maid_Kaede_04501,listitem,7,7,0,,UIListItem_MemoryCard_Maid_Kaede_04501|Card|BG|UIListItem_Char_Kaede|Char|Frame|CommonParent,1
Assets/Resources/prefabs/ui/listitem/memorycard/cards/kaede/UIListItem_MemoryCard_Maid_Kaede_04502.prefab,UIListItem_MemoryCard_Maid_Kaede_04502,listitem,14,14,0,,UIListItem_MemoryCard_Maid_Kaede_04502|Card|BG|UIListItem_BG_Beach_Afternoon|Back|Gradation_Up|Gradation_Up (1)|Gradation_Down|Gradation_Down (1)|UIListItem_Char_Kaede_SD|Shadow|Cha,0
Assets/Resources/prefabs/ui/listitem/memorycard/cards/kaede/UIListItem_MemoryCard_Maid_Kaede_04503.prefab,UIListItem_MemoryCard_Maid_Kaede_04503,listitem,12,12,0,,UIListItem_MemoryCard_Maid_Kaede_04503|Card|BG|BG|Back|Gradation_Up|Gradation_Down (1)|Maid_1004_LD_ChristMas01|GameObject|SkeletonGraphic (Maid04_LD)|Frame|CommonParent,0
Assets/Resources/prefabs/ui/listitem/memorycard/cards/kaede/UIListItem_MemoryCard_Maid_Kaede_04504.prefab,UIListItem_MemoryCard_Maid_Kaede_04504,listitem,82,82,0,,UIListItem_MemoryCard_Maid_Kaede_04504|Card|BG|BG|Back|Gradation_Up|Gradation_Down (1)|UIListItem_Char_Kaede_SD|Shadow|SkeletonGraphic (Ch_Maid04_Basic01_SD)|Renderer0|Renderer1,0
Assets/Resources/prefabs/ui/listitem/memorycard/cards/kaede/UIListItem_MemoryCard_Maid_Kaede_04505.prefab,UIListItem_MemoryCard_Maid_Kaede_04505,listitem,23,23,0,,UIListItem_MemoryCard_Maid_Kaede_04505|Card|BG|BG|Back|Gradation_Up|Gradation_Down (1)|Maid_1004_LD_SchoolUniform01|GameObject|SkeletonGraphic (Maid04_LD)|Renderer0|Renderer1,0
Assets/Resources/prefabs/ui/listitem/memorycard/cards/kaede/UIListItem_MemoryCard_Maid_Kaede_04506.prefab,UIListItem_MemoryCard_Maid_Kaede_04506,listitem,82,82,0,,UIListItem_MemoryCard_Maid_Kaede_04506|Card|BG|BG|Back|Gradation_Up|Gradation_Down (1)|UIListItem_Char_Kaede_SD|Shadow|SkeletonGraphic (Ch_Maid04_Basic01_SD)|Renderer0|Renderer1,0
Assets/Resources/prefabs/ui/listitem/memorycard/cards/kokomi/UIListItem_MemoryCard_Maid_Kokomi_01101.prefab,UIListItem_MemoryCard_Maid_Kokomi_01101,listitem,6,6,0,,UIListItem_MemoryCard_Maid_Kokomi_01101|Card|BG|Char|Frame|CommonParent,1
Assets/Resources/prefabs/ui/listitem/memorycard/cards/kokomi/UIListItem_MemoryCard_Maid_Kokomi_01102.prefab,UIListItem_MemoryCard_Maid_Kokomi_01102,listitem,12,12,0,,UIListItem_MemoryCard_Maid_Kokomi_01102|Card|BG|UIListItem_BG01_Pink|Pattern|Gradation_Up|Gradation_Down|UIListItem_Char_Kokomi_SD01|Shadow|Char|Frame|CommonParent,0
Assets/Resources/prefabs/ui/listitem/memorycard/cards/kokomi/UIListItem_MemoryCard_Maid_Kokomi_01103.prefab,UIListItem_MemoryCard_Maid_Kokomi_01103,listitem,6,6,0,,UIListItem_MemoryCard_Maid_Kokomi_01103|Card|BG|Char|Frame|CommonParent,1
Assets/Resources/prefabs/ui/listitem/memorycard/cards/kokomi/UIListItem_MemoryCard_Maid_Kokomi_01104.prefab,UIListItem_MemoryCard_Maid_Kokomi_01104,listitem,6,6,0,,UIListItem_MemoryCard_Maid_Kokomi_01104|Card|BG|Char|Frame|CommonParent,1
Assets/Resources/prefabs/ui/listitem/memorycard/cards/kokomi/UIListItem_MemoryCard_Maid_Kokomi_01105.prefab,UIListItem_MemoryCard_Maid_Kokomi_01105,listitem,6,6,0,,UIListItem_MemoryCard_Maid_Kokomi_01105|Card|BG|Char|Frame|CommonParent,1
Assets/Resources/prefabs/ui/listitem/memorycard/cards/kokomi/UIListItem_MemoryCard_Maid_Kokomi_01106.prefab,UIListItem_MemoryCard_Maid_Kokomi_01106,listitem,6,6,0,,UIListItem_MemoryCard_Maid_Kokomi_01106|Card|BG|Char|Frame|CommonParent,1
Assets/Resources/prefabs/ui/listitem/memorycard/cards/kokomi/UIListItem_MemoryCard_Maid_Kokomi_01107.prefab,UIListItem_MemoryCard_Maid_Kokomi_01107,listitem,21,21,0,,UIListItem_MemoryCard_Maid_Kokomi_01107|Card|BG|UIListItem_BG_Beach_Afternoon|Back|Gradation_Up (1)|Gradation_Down (1)|Maid_1001_LD_Band01|GameObject|SkeletonGraphic (Maid01_LD_Idle)|CH_Effects|NpcEffect,0
Assets/Resources/prefabs/ui/listitem/memorycard/cards/kokomi/UIListItem_MemoryCard_Maid_Kokomi_01108.prefab,UIListItem_MemoryCard_Maid_Kokomi_01108,listitem,19,19,0,,UIListItem_MemoryCard_Maid_Kokomi_01108|Card|BG|UIListItem_BG_Beach_Afternoon|Back|Gradation_Up (1)|Gradation_Down (1)|Shadow|SkeletonGraphic (Cos_Maid01_Christmas01_SD)|Renderer0|Renderer1|Renderer2,0
Assets/Resources/prefabs/ui/listitem/memorycard/cards/kokomi/UIListItem_MemoryCard_Maid_Kokomi_01501.prefab,UIListItem_MemoryCard_Maid_Kokomi_01501,listitem,6,6,0,,UIListItem_MemoryCard_Maid_Kokomi_01501|Card|BG|Char|Frame|CommonParent,1
Assets/Resources/prefabs/ui/listitem/memorycard/cards/kokomi/UIListItem_MemoryCard_Maid_Kokomi_01502.prefab,UIListItem_MemoryCard_Maid_Kokomi_01502,listitem,14,14,0,,UIListItem_MemoryCard_Maid_Kokomi_01502|Card|BG|UIListItem_BG_Beach_Afternoon|Back|Gradation_Up|Gradation_Up (1)|Gradation_Down|Gradation_Down (1)|UIListItem_Char_Kokomi_SD|Shadow|Cha,0
Assets/Resources/prefabs/ui/listitem/memorycard/cards/kokomi/UIListItem_MemoryCard_Maid_Kokomi_01503.prefab,UIListItem_MemoryCard_Maid_Kokomi_01503,listitem,13,13,0,,UIListItem_MemoryCard_Maid_Kokomi_01503|Card|BG|BG|Back|Gradation_Up|Gradation_Down (1)|UIListItem_Char_Kokomi_SD|Maid_1001_LD_ChristMas01|GameObject|SkeletonGraphic (Cos_Maid01_Christmas_LD)|Frame,0
Assets/Resources/prefabs/ui/listitem/memorycard/cards/kokomi/UIListItem_MemoryCard_Maid_Kokomi_01504.prefab,UIListItem_MemoryCard_Maid_Kokomi_01504,listitem,12,12,0,,UIListItem_MemoryCard_Maid_Kokomi_01504|Card|BG|BG|Back|Gradation_Up|Gradation_Down (1)|UIListItem_Char_Kokomi_SD|Shadow|SkeletonGraphic (Cos_Maid01_Christmas01_SD) (1)|Frame|CommonParent,2
Assets/Resources/prefabs/ui/listitem/memorycard/cards/kurone/UIListItem_MemoryCard_Maid_Kurone_06101.prefab,UIListItem_MemoryCard_Maid_Kurone_06101,listitem,6,6,0,,UIListItem_MemoryCard_Maid_Kurone_06101|Card|BG|Image|Frame|CommonParent,0
Assets/Resources/prefabs/ui/listitem/memorycard/cards/kurone/UIListItem_MemoryCard_Maid_Kurone_06102.prefab,UIListItem_MemoryCard_Maid_Kurone_06102,listitem,11,11,0,,UIListItem_MemoryCard_Maid_Kurone_06102|Card|BG|UIListItem_BG01_Purple2|Pattern|Gradation_Up|Gradation_Down|SkeletonGraphic (Ch_Maid04_Basic01_SD) (1)|SkeletonGraphic (Ch_Maid04_Basic01_SD)|Frame|CommonParent,0
Assets/Resources/prefabs/ui/listitem/memorycard/cards/kurone/UIListItem_MemoryCard_Maid_Kurone_06103.prefab,UIListItem_MemoryCard_Maid_Kurone_06103,listitem,10,10,0,,UIListItem_MemoryCard_Maid_Kurone_06103|Card|BG|UIListItem_BG01_Purple2|Pattern|Gradation_Up|Gradation_Down|SkeletonGraphic (Maid04_LD)|Frame|CommonParent,0
Assets/Resources/prefabs/ui/listitem/memorycard/cards/kurone/UIListItem_MemoryCard_Maid_Kurone_06104.prefab,UIListItem_MemoryCard_Maid_Kurone_06104,listitem,6,6,0,,UIListItem_MemoryCard_Maid_Kurone_06104|Card|BG|Image|Frame|CommonParent,0
Assets/Resources/prefabs/ui/listitem/memorycard/cards/normal/UIListItem_MemoryCard_Normal_20101.prefab,UIListItem_MemoryCard_Normal_20101,listitem,13,13,0,,UIListItem_MemoryCard_Normal_20101|Card|BG|UIListItem_BG_CafeHall|Back|Gradation_Up|Gradation_Down|Chair|UIListItem_Customer_01|Shadow|Char|Frame,0
Assets/Resources/prefabs/ui/listitem/memorycard/cards/normal/UIListItem_MemoryCard_Normal_20102.prefab,UIListItem_MemoryCard_Normal_20102,listitem,13,13,0,,UIListItem_MemoryCard_Normal_20102|Card|BG|UIListItem_BG_CafeHall|Back|Gradation_Up|Gradation_Down|Chair|UIListItem_Customer_02|Shadow|Char|Frame,0
Assets/Resources/prefabs/ui/listitem/memorycard/cards/normal/UIListItem_MemoryCard_Normal_20103.prefab,UIListItem_MemoryCard_Normal_20103,listitem,13,13,0,,UIListItem_MemoryCard_Normal_20103|Card|BG|UIListItem_BG_CafeHall|Back|Gradation_Up|Gradation_Down|Chair|UIListItem_Customer_03|Shadow|Char|Frame,0
Assets/Resources/prefabs/ui/listitem/memorycard/cards/normal/UIListItem_MemoryCard_Normal_20104.prefab,UIListItem_MemoryCard_Normal_20104,listitem,13,13,0,,UIListItem_MemoryCard_Normal_20104|Card|BG|UIListItem_BG_CafeHall|Back|Gradation_Up|Gradation_Down|Chair|UIListItem_Customer_04|Shadow|Char|Frame,0
Assets/Resources/prefabs/ui/listitem/memorycard/cards/normal/UIListItem_MemoryCard_Normal_20105.prefab,UIListItem_MemoryCard_Normal_20105,listitem,13,13,0,,UIListItem_MemoryCard_Normal_20105|Card|BG|UIListItem_BG_CafeHall|Back|Gradation_Up|Gradation_Down|Chair|UIListItem_Customer_05|Shadow|Char|Frame,0
Assets/Resources/prefabs/ui/listitem/memorycard/cards/normal/UIListItem_MemoryCard_Normal_20106.prefab,UIListItem_MemoryCard_Normal_20106,listitem,13,13,0,,UIListItem_MemoryCard_Normal_20106|Card|BG|UIListItem_BG_CafeHall|Back|Gradation_Up|Gradation_Down|Chair|UIListItem_Customer_06|Shadow|Char|Frame,0
Assets/Resources/prefabs/ui/listitem/memorycard/cards/normal/UIListItem_MemoryCard_Normal_20107.prefab,UIListItem_MemoryCard_Normal_20107,listitem,13,13,0,,UIListItem_MemoryCard_Normal_20107|Card|BG|UIListItem_BG_CafeHall|Back|Gradation_Up|Gradation_Down|Chair|UIListItem_Customer_07|Shadow|Char|Frame,2
Assets/Resources/prefabs/ui/listitem/memorycard/cards/normal/UIListItem_MemoryCard_Normal_20108.prefab,UIListItem_MemoryCard_Normal_20108,listitem,13,13,0,,UIListItem_MemoryCard_Normal_20108|Card|BG|UIListItem_BG_CafeHall|Back|Gradation_Up|Gradation_Down|Chair|UIListItem_Customer_08|Shadow|Char|Frame,0
Assets/Resources/prefabs/ui/listitem/memorycard/cards/normal/UIListItem_MemoryCard_Normal_20109.prefab,UIListItem_MemoryCard_Normal_20109,listitem,13,13,0,,UIListItem_MemoryCard_Normal_20109|Card|BG|UIListItem_BG_CafeHall|Back|Gradation_Up|Gradation_Down|Chair|UIListItem_Customer_09|Shadow|Char|Frame,0
Assets/Resources/prefabs/ui/listitem/memorycard/cards/normal/UIListItem_MemoryCard_Normal_20110.prefab,UIListItem_MemoryCard_Normal_20110,listitem,13,13,0,,UIListItem_MemoryCard_Normal_20110|Card|BG|UIListItem_BG_CafeHall|Back|Gradation_Up|Gradation_Down|Chair|UIListItem_Customer_10|Shadow|Char|Frame,0
Assets/Resources/prefabs/ui/listitem/memorycard/cards/normal/UIListItem_MemoryCard_Normal_20111.prefab,UIListItem_MemoryCard_Normal_20111,listitem,13,13,0,,UIListItem_MemoryCard_Normal_20111|Card|BG|UIListItem_BG_CafeHall|Back|Gradation_Up|Gradation_Down|Chair|UIListItem_Customer_11|Shadow|Char|Frame,0
Assets/Resources/prefabs/ui/listitem/memorycard/cards/normal/UIListItem_MemoryCard_Normal_20112.prefab,UIListItem_MemoryCard_Normal_20112,listitem,13,13,0,,UIListItem_MemoryCard_Normal_20112|Card|BG|UIListItem_BG_CafeHall|Back|Gradation_Up|Gradation_Down|Chair|UIListItem_Customer_12|Shadow|Char|Frame,0
Assets/Resources/prefabs/ui/listitem/memorycard/cards/normal/UIListItem_MemoryCard_Normal_20113.prefab,UIListItem_MemoryCard_Normal_20113,listitem,13,13,0,,UIListItem_MemoryCard_Normal_20113|Card|BG|UIListItem_BG_CafeHall|Back|Gradation_Up|Gradation_Down|Chair|UIListItem_Customer_13|Shadow|Char|Frame,0
Assets/Resources/prefabs/ui/listitem/memorycard/cards/normal/UIListItem_MemoryCard_Normal_20114.prefab,UIListItem_MemoryCard_Normal_20114,listitem,13,13,0,,UIListItem_MemoryCard_Normal_20114|Card|BG|UIListItem_BG_CafeHall|Back|Gradation_Up|Gradation_Down|Chair|UIListItem_Customer_14|Shadow|Char|Frame,0
Assets/Resources/prefabs/ui/listitem/memorycard/cards/normal/UIListItem_MemoryCard_Normal_20115.prefab,UIListItem_MemoryCard_Normal_20115,listitem,13,13,0,,UIListItem_MemoryCard_Normal_20115|Card|BG|UIListItem_BG_CafeHall|Back|Gradation_Up|Gradation_Down|Chair|UIListItem_Customer_15|Shadow|Char|Frame,0
Assets/Resources/prefabs/ui/listitem/memorycard/cards/normal/UIListItem_MemoryCard_Normal_20116.prefab,UIListItem_MemoryCard_Normal_20116,listitem,12,12,0,,UIListItem_MemoryCard_Normal_20116|Card|BG|UIListItem_BG_Academy_Hallway|Back|Gradation_Up|Gradation_Down|UIListItem_Customer_16|Shadow|Char|Frame|CommonParent,0
Assets/Resources/prefabs/ui/listitem/memorycard/cards/normal/UIListItem_MemoryCard_Normal_20117.prefab,UIListItem_MemoryCard_Normal_20117,listitem,6,6,0,,UIListItem_MemoryCard_Normal_20117|Card|BG|IMG|Frame|CommonParent,0
Assets/Resources/prefabs/ui/listitem/memorycard/cards/normal/UIListItem_MemoryCard_Normal_20118.prefab,UIListItem_MemoryCard_Normal_20118,listitem,6,6,0,,UIListItem_MemoryCard_Normal_20118|Card|BG|IMG|Frame|CommonParent,1
Assets/Resources/prefabs/ui/listitem/memorycard/cards/normal/UIListItem_MemoryCard_Normal_20119.prefab,UIListItem_MemoryCard_Normal_20119,listitem,13,13,0,,UIListItem_MemoryCard_Normal_20119|Card|BG|UIListItem_BG_DormitoryHall|Back|Image|Gradation_Up|Gradation_Down|Mate_1001_SD_Ingame|Shadow|SkeletonGraphic (Mate01_SD)|Frame,0
Assets/Resources/prefabs/ui/listitem/memorycard/cards/normal/UIListItem_MemoryCard_Normal_20120.prefab,UIListItem_MemoryCard_Normal_20120,listitem,13,13,0,,UIListItem_MemoryCard_Normal_20120|Card|BG|UIListItem_BG_DormitoryHall|Back|Image|Gradation_Up|Gradation_Down|Mate_1002_SD_Ingame|Shadow|SkeletonGraphic (Mate02_SD)|Frame,0
Assets/Resources/prefabs/ui/listitem/memorycard/cards/normal/UIListItem_MemoryCard_Normal_20121.prefab,UIListItem_MemoryCard_Normal_20121,listitem,13,13,0,,UIListItem_MemoryCard_Normal_20121|Card|BG|UIListItem_BG_DormitoryHall|Back|Image|Gradation_Up|Gradation_Down|Mate_1003_SD_Ingame|Shadow|SkeletonGraphic (Mate03_SD)|Frame,0
Assets/Resources/prefabs/ui/listitem/memorycard/cards/normal/UIListItem_MemoryCard_Normal_20122.prefab,UIListItem_MemoryCard_Normal_20122,listitem,13,13,0,,UIListItem_MemoryCard_Normal_20122|Card|BG|UIListItem_BG_DormitoryHall|Back|Image|Gradation_Up|Gradation_Down|Mate_1004_SD_Ingame|Shadow|SkeletonGraphic (Mate04_SD)|Frame,0
Assets/Resources/prefabs/ui/listitem/memorycard/cards/normal/UIListItem_MemoryCard_Normal_20123.prefab,UIListItem_MemoryCard_Normal_20123,listitem,13,13,0,,UIListItem_MemoryCard_Normal_20123|Card|BG|UIListItem_BG_DormitoryHall|Back|Image|Gradation_Up|Gradation_Down|Mate_1005_SD_Ingame|Shadow|SkeletonGraphic (Mate04_SD)|Frame,0
Assets/Resources/prefabs/ui/listitem/memorycard/cards/normal/UIListItem_MemoryCard_Normal_20124.prefab,UIListItem_MemoryCard_Normal_20124,listitem,7,7,0,,UIListItem_MemoryCard_Normal_20124|Card|BG|Up|Image|Frame|CommonParent,0
Assets/Resources/prefabs/ui/listitem/memorycard/cards/normal/UIListItem_MemoryCard_Normal_20125.prefab,UIListItem_MemoryCard_Normal_20125,listitem,6,6,0,,UIListItem_MemoryCard_Normal_20125|Card|BG|Image|Frame|CommonParent,0
Assets/Resources/prefabs/ui/listitem/memorycard/cards/normal/UIListItem_MemoryCard_Normal_20126.prefab,UIListItem_MemoryCard_Normal_20126,listitem,7,7,0,,UIListItem_MemoryCard_Normal_20126|Card|BG|IMG|Up|Frame|CommonParent,1
Assets/Resources/prefabs/ui/listitem/memorycard/cards/normal/UIListItem_MemoryCard_Normal_20127.prefab,UIListItem_MemoryCard_Normal_20127,listitem,9,9,0,,UIListItem_MemoryCard_Normal_20127|Card|BG|IMG|Image|Up|Down|Frame|CommonParent,0
Assets/Resources/prefabs/ui/listitem/memorycard/cards/normal/UIListItem_MemoryCard_Normal_20128.prefab,UIListItem_MemoryCard_Normal_20128,listitem,9,9,0,,UIListItem_MemoryCard_Normal_20128|Card|BG|IMG|Image|Up|Down|Frame|CommonParent,0
Assets/Resources/prefabs/ui/listitem/memorycard/cards/normal/UIListItem_MemoryCard_Normal_20129.prefab,UIListItem_MemoryCard_Normal_20129,listitem,9,9,0,,UIListItem_MemoryCard_Normal_20129|Card|BG|IMG|Down|Up|Image|Frame|CommonParent,0
Assets/Resources/prefabs/ui/listitem/memorycard/cards/normal/UIListItem_MemoryCard_Normal_20130.prefab,UIListItem_MemoryCard_Normal_20130,listitem,9,9,0,,UIListItem_MemoryCard_Normal_20130|Card|BG|IMG|Image|Space_Up|Space_Down|Frame|CommonParent,0
Assets/Resources/prefabs/ui/listitem/memorycard/cards/normal/UIListItem_MemoryCard_Normal_20131.prefab,UIListItem_MemoryCard_Normal_20131,listitem,8,8,0,,UIListItem_MemoryCard_Normal_20131|Card|BG|IMG|Up|Down|Frame|CommonParent,3
Assets/Resources/prefabs/ui/listitem/memorycard/cards/normal/UIListItem_MemoryCard_Normal_20132.prefab,UIListItem_MemoryCard_Normal_20132,listitem,13,13,0,,UIListItem_MemoryCard_Normal_20132|Card|BG|Img|Image|Up|Up_Gradation|Side|Side_Gradation|Down|Down_Gradation|Frame,0
Assets/Resources/prefabs/ui/listitem/memorycard/cards/normal/UIListItem_MemoryCard_Normal_20133.prefab,UIListItem_MemoryCard_Normal_20133,listitem,6,6,0,,UIListItem_MemoryCard_Normal_20133|Card|BG|Image|Frame|CommonParent,0
Assets/Resources/prefabs/ui/listitem/memorycard/cards/normal/UIListItem_MemoryCard_Normal_20134.prefab,UIListItem_MemoryCard_Normal_20134,listitem,6,6,0,,UIListItem_MemoryCard_Normal_20134|Card|BG|IMG|Frame|CommonParent,1
Assets/Resources/prefabs/ui/listitem/memorycard/cards/normal/UIListItem_MemoryCard_Normal_20135.prefab,UIListItem_MemoryCard_Normal_20135,listitem,9,9,0,,UIListItem_MemoryCard_Normal_20135|Card|BG|Image|Up|Side|Down|Frame|CommonParent,0
Assets/Resources/prefabs/ui/listitem/memorycard/cards/normal/UIListItem_MemoryCard_Normal_20136.prefab,UIListItem_MemoryCard_Normal_20136,listitem,8,8,0,,UIListItem_MemoryCard_Normal_20136|Card|BG|IMG|Image|Up|Frame|CommonParent,0
Assets/Resources/prefabs/ui/listitem/memorycard/cards/normal/UIListItem_MemoryCard_Normal_20137.prefab,UIListItem_MemoryCard_Normal_20137,listitem,10,10,0,,UIListItem_MemoryCard_Normal_20137|Card|BG|IMG|Down|Side|Image|Up|Frame|CommonParent,0
Assets/Resources/prefabs/ui/listitem/memorycard/cards/normal/UIListItem_MemoryCard_Normal_20138.prefab,UIListItem_MemoryCard_Normal_20138,listitem,6,6,0,,UIListItem_MemoryCard_Normal_20138|Card|BG|Image|Frame|CommonParent,0
Assets/Resources/prefabs/ui/listitem/memorycard/cards/normal/UIListItem_MemoryCard_Normal_20139.prefab,UIListItem_MemoryCard_Normal_20139,listitem,9,9,0,,UIListItem_MemoryCard_Normal_20139|Card|BG|IMG|Image|Down|Up|Frame|CommonParent,0
Assets/Resources/prefabs/ui/listitem/memorycard/cards/normal/UIListItem_MemoryCard_Normal_20140.prefab,UIListItem_MemoryCard_Normal_20140,listitem,9,9,0,,UIListItem_MemoryCard_Normal_20140|Card|BG|IMG|Image|Down|Up|Frame|CommonParent,0
Assets/Resources/prefabs/ui/listitem/memorycard/cards/normal/UIListItem_MemoryCard_Normal_20141.prefab,UIListItem_MemoryCard_Normal_20141,listitem,9,9,0,,UIListItem_MemoryCard_Normal_20141|Card|BG|IMG|Image|Down|Up|Frame|CommonParent,0
Assets/Resources/prefabs/ui/listitem/memorycard/cards/normal/UIListItem_MemoryCard_Normal_20142.prefab,UIListItem_MemoryCard_Normal_20142,listitem,14,14,0,,UIListItem_MemoryCard_Normal_20142|Card|BG|Back|IMG|Image|UIListItem_BG01_Gray|Image|IMG|Image|Down|Up,1
Assets/Resources/prefabs/ui/listitem/memorycard/cards/normal/UIListItem_MemoryCard_Normal_20143.prefab,UIListItem_MemoryCard_Normal_20143,listitem,11,11,0,,UIListItem_MemoryCard_Normal_20143|Card|BG|Back|IMG|Image|Back|IMG|Image|Frame|CommonParent,1
Assets/Resources/prefabs/ui/listitem/memorycard/cards/normal/UIListItem_MemoryCard_Normal_20144.prefab,UIListItem_MemoryCard_Normal_20144,listitem,13,13,0,,UIListItem_MemoryCard_Normal_20144|Card|BG|Back|IMG|Image|Back|IMG|Image|Up|Down|Frame,2
Assets/Resources/prefabs/ui/listitem/memorycard/cards/normal/UIListItem_MemoryCard_Normal_20145.prefab,UIListItem_MemoryCard_Normal_20145,listitem,10,10,0,,UIListItem_MemoryCard_Normal_20145|Card|BG|Back|IMG|Light|IMG|Light (1)|Frame|CommonParent,1
Assets/Resources/prefabs/ui/listitem/memorycard/cards/normal/UIListItem_MemoryCard_Normal_20146.prefab,UIListItem_MemoryCard_Normal_20146,listitem,8,8,0,,UIListItem_MemoryCard_Normal_20146|Card|BG|IMG|Up|Down|Frame|CommonParent,1
Assets/Resources/prefabs/ui/listitem/memorycard/cards/normal/UIListItem_MemoryCard_Normal_20147.prefab,UIListItem_MemoryCard_Normal_20147,listitem,8,8,0,,UIListItem_MemoryCard_Normal_20147|Card|BG|IMG|Up|Down|Frame|CommonParent,3
Assets/Resources/prefabs/ui/listitem/memorycard/cards/normal/UIListItem_MemoryCard_Normal_20148.prefab,UIListItem_MemoryCard_Normal_20148,listitem,9,9,0,,UIListItem_MemoryCard_Normal_20148|Card|BG|IMG|Up|Down|Light (1)|Frame|CommonParent,3
Assets/Resources/prefabs/ui/listitem/memorycard/cards/normal/UIListItem_MemoryCard_Normal_20149.prefab,UIListItem_MemoryCard_Normal_20149,listitem,9,9,0,,UIListItem_MemoryCard_Normal_20149|Card|BG|IMG|Up|Down|Side|Frame|CommonParent,3
Assets/Resources/prefabs/ui/listitem/memorycard/cards/normal/UIListItem_MemoryCard_Normal_20150.prefab,UIListItem_MemoryCard_Normal_20150,listitem,10,10,0,,UIListItem_MemoryCard_Normal_20150|Card|BG|Back|IMG|Light|IMG|Light (1)|Frame|CommonParent,0
Assets/Resources/prefabs/ui/listitem/memorycard/cards/normal/UIListItem_MemoryCard_Normal_20151.prefab,UIListItem_MemoryCard_Normal_20151,listitem,10,10,0,,UIListItem_MemoryCard_Normal_20151|Card|BG|Back|IMG|Light|IMG|Light (1)|Frame|CommonParent,0
Assets/Resources/prefabs/ui/listitem/memorycard/cards/normal/UIListItem_MemoryCard_Normal_20152.prefab,UIListItem_MemoryCard_Normal_20152,listitem,10,10,0,,UIListItem_MemoryCard_Normal_20152|Card|BG|Back|IMG|Light|IMG|Light (1)|Frame|CommonParent,0
Assets/Resources/prefabs/ui/listitem/memorycard/cards/normal/UIListItem_MemoryCard_Normal_20153.prefab,UIListItem_MemoryCard_Normal_20153,listitem,9,9,0,,UIListItem_MemoryCard_Normal_20153|Card|BG|Back|IMG|Light|IMG|Frame|CommonParent,0
Assets/Resources/prefabs/ui/listitem/memorycard/cards/normal/UIListItem_MemoryCard_Normal_20154.prefab,UIListItem_MemoryCard_Normal_20154,listitem,10,10,0,,UIListItem_MemoryCard_Normal_20154|Card|BG|Back|Image|Light|IMG|Light (1)|Frame|CommonParent,0
Assets/Resources/prefabs/ui/listitem/memorycard/cards/normal/UIListItem_MemoryCard_Normal_20155.prefab,UIListItem_MemoryCard_Normal_20155,listitem,8,8,0,,UIListItem_MemoryCard_Normal_20155|Card|BG|IMG|Space|Image|Frame|CommonParent,0
Assets/Resources/prefabs/ui/listitem/memorycard/cards/normal/UIListItem_MemoryCard_Normal_20156.prefab,UIListItem_MemoryCard_Normal_20156,listitem,9,9,0,,UIListItem_MemoryCard_Normal_20156|Card|BG|IMG|Image|Up|Down|Frame|CommonParent,0
Assets/Resources/prefabs/ui/listitem/memorycard/cards/normal/UIListItem_MemoryCard_Normal_20157.prefab,UIListItem_MemoryCard_Normal_20157,listitem,10,10,0,,UIListItem_MemoryCard_Normal_20157|Card|BG|Back|IMG|Light|Shadow|Image|Frame|CommonParent,0
Assets/Resources/prefabs/ui/listitem/memorycard/cards/normal/UIListItem_MemoryCard_Normal_20158.prefab,UIListItem_MemoryCard_Normal_20158,listitem,9,9,0,,UIListItem_MemoryCard_Normal_20158|Card|BG|IMG|Image|Up|Down|Frame|CommonParent,1
Assets/Resources/prefabs/ui/listitem/memorycard/cards/normal/UIListItem_MemoryCard_Normal_20159.prefab,UIListItem_MemoryCard_Normal_20159,listitem,10,10,0,,UIListItem_MemoryCard_Normal_20159|Card|BG|Back|IMG|Light|IMG|Light (1)|Frame|CommonParent,0
Assets/Resources/prefabs/ui/listitem/memorycard/cards/normal/UIListItem_MemoryCard_Normal_20160.prefab,UIListItem_MemoryCard_Normal_20160,listitem,10,10,0,,UIListItem_MemoryCard_Normal_20160|Card|BG|Back|IMG|Light|IMG|Light (1)|Frame|CommonParent,0
Assets/Resources/prefabs/ui/listitem/memorycard/cards/normal/UIListItem_MemoryCard_Normal_20161.prefab,UIListItem_MemoryCard_Normal_20161,listitem,10,10,0,,UIListItem_MemoryCard_Normal_20161|Card|BG|Back|IMG|Light|IMG|Light (1)|Frame|CommonParent,0
Assets/Resources/prefabs/ui/listitem/memorycard/cards/normal/UIListItem_MemoryCard_Normal_20162.prefab,UIListItem_MemoryCard_Normal_20162,listitem,10,10,0,,UIListItem_MemoryCard_Normal_20162|Card|BG|Back|IMG|Light|IMG|Light (1)|Frame|CommonParent,0
Assets/Resources/prefabs/ui/listitem/memorycard/cards/normal/UIListItem_MemoryCard_Normal_20163.prefab,UIListItem_MemoryCard_Normal_20163,listitem,10,10,0,,UIListItem_MemoryCard_Normal_20163|Card|BG|Back|IMG|Light|IMG|Light (1)|Frame|CommonParent,0
Assets/Resources/prefabs/ui/listitem/memorycard/cards/normal/UIListItem_MemoryCard_Normal_20164.prefab,UIListItem_MemoryCard_Normal_20164,listitem,10,10,0,,UIListItem_MemoryCard_Normal_20164|Card|BG|Back|IMG|Light|IMG|Light (1)|Frame|CommonParent,0
Assets/Resources/prefabs/ui/listitem/memorycard/cards/normal/UIListItem_MemoryCard_Normal_20165.prefab,UIListItem_MemoryCard_Normal_20165,listitem,10,10,0,,UIListItem_MemoryCard_Normal_20165|Card|BG|Back|Image|Light|IMG|Light (1)|Frame|CommonParent,0
Assets/Resources/prefabs/ui/listitem/memorycard/cards/normal/UIListItem_MemoryCard_Normal_20166.prefab,UIListItem_MemoryCard_Normal_20166,listitem,10,10,0,,UIListItem_MemoryCard_Normal_20166|Card|BG|Back|Image|Light|IMG|Light (1)|Frame|CommonParent,0
Assets/Resources/prefabs/ui/listitem/memorycard/cards/normal/UIListItem_MemoryCard_Normal_20167.prefab,UIListItem_MemoryCard_Normal_20167,listitem,10,10,0,,UIListItem_MemoryCard_Normal_20167|Card|BG|Back|Image|Light|IMG|Light (1)|Frame|CommonParent,0
Assets/Resources/prefabs/ui/listitem/memorycard/cards/normal/UIListItem_MemoryCard_Normal_20168.prefab,UIListItem_MemoryCard_Normal_20168,listitem,9,9,0,,UIListItem_MemoryCard_Normal_20168|Card|BG|Back|IMG|Light|IMG|Frame|CommonParent,0
Assets/Resources/prefabs/ui/listitem/memorycard/cards/normal/UIListItem_MemoryCard_Normal_20169.prefab,UIListItem_MemoryCard_Normal_20169,listitem,9,9,0,,UIListItem_MemoryCard_Normal_20169|Card|BG|Back|IMG|Light|IMG|Frame|CommonParent,0
Assets/Resources/prefabs/ui/listitem/memorycard/cards/normal/UIListItem_MemoryCard_Normal_20170.prefab,UIListItem_MemoryCard_Normal_20170,listitem,9,9,0,,UIListItem_MemoryCard_Normal_20170|Card|BG|Back|IMG|Light|IMG|Frame|CommonParent,0
Assets/Resources/prefabs/ui/listitem/memorycard/cards/normal/UIListItem_MemoryCard_Normal_20171.prefab,UIListItem_MemoryCard_Normal_20171,listitem,9,9,0,,UIListItem_MemoryCard_Normal_20171|Card|BG|Back|IMG|Light|IMG|Frame|CommonParent,0
Assets/Resources/prefabs/ui/listitem/memorycard/cards/normal/UIListItem_MemoryCard_Normal_20172.prefab,UIListItem_MemoryCard_Normal_20172,listitem,9,9,0,,UIListItem_MemoryCard_Normal_20172|Card|BG|Back|IMG|Light|IMG|Frame|CommonParent,0
Assets/Resources/prefabs/ui/listitem/memorycard/cards/normal/UIListItem_MemoryCard_Normal_20173.prefab,UIListItem_MemoryCard_Normal_20173,listitem,9,9,0,,UIListItem_MemoryCard_Normal_20173|Card|BG|Back|IMG|Light|IMG|Frame|CommonParent,0
Assets/Resources/prefabs/ui/listitem/memorycard/cards/normal/UIListItem_MemoryCard_Normal_20174.prefab,UIListItem_MemoryCard_Normal_20174,listitem,9,9,0,,UIListItem_MemoryCard_Normal_20174|Card|BG|Back|IMG|Light|IMG|Frame|CommonParent,0
Assets/Resources/prefabs/ui/listitem/memorycard/cards/normal/UIListItem_MemoryCard_Normal_20175.prefab,UIListItem_MemoryCard_Normal_20175,listitem,9,9,0,,UIListItem_MemoryCard_Normal_20175|Card|BG|Back|IMG|Light|IMG|Frame|CommonParent,0
Assets/Resources/prefabs/ui/listitem/memorycard/cards/normal/UIListItem_MemoryCard_Normal_20176.prefab,UIListItem_MemoryCard_Normal_20176,listitem,12,12,0,,UIListItem_MemoryCard_Normal_20176|Card|BG|UIListItem_BG_DormitoryHall|Back|Image|Gradation_Up|Gradation_Down|Shadow|SkeletonGraphic (Mate04_SD)|Frame|CommonParent,0
Assets/Resources/prefabs/ui/listitem/memorycard/cards/normal/UIListItem_MemoryCard_Normal_20177.prefab,UIListItem_MemoryCard_Normal_20177,listitem,12,12,0,,UIListItem_MemoryCard_Normal_20177|Card|BG|UIListItem_BG_DormitoryHall|Back|Image|Gradation_Up|Gradation_Down|Shadow|SkeletonGraphic (Mate04_SD)|Frame|CommonParent,0
Assets/Resources/prefabs/ui/listitem/memorycard/cards/normal/UIListItem_MemoryCard_Normal_20501.prefab,UIListItem_MemoryCard_Normal_20501,listitem,13,13,0,,UIListItem_MemoryCard_Normal_20501|Card|BG|UIListItem_BG_NatsuMatsuri_Night|Back|Gradation_Up|Gradation_Down|Chair|UIListItem_Customer_02|Shadow|Char|Frame,0
Assets/Resources/prefabs/ui/listitem/memorycard/cards/normal/UIListItem_MemoryCard_Normal_20502.prefab,UIListItem_MemoryCard_Normal_20502,listitem,13,13,0,,UIListItem_MemoryCard_Normal_20502|Card|BG|UIListItem_BG_NatsuMatsuri_Night|Back|Gradation_Up|Gradation_Down|Chair|UIListItem_Customer_04|Shadow|Char|Frame,2
Assets/Resources/prefabs/ui/listitem/memorycard/cards/normal/UIListItem_MemoryCard_Normal_20503.prefab,UIListItem_MemoryCard_Normal_20503,listitem,13,13,0,,UIListItem_MemoryCard_Normal_20503|Card|BG|UIListItem_BG_NatsuMatsuri_Night|Back|Gradation_Up|Gradation_Down|Chair|UIListItem_Customer_07|Shadow|Char|Frame,0
Assets/Resources/prefabs/ui/listitem/memorycard/cards/normal/UIListItem_MemoryCard_Normal_20504.prefab,UIListItem_MemoryCard_Normal_20504,listitem,13,13,0,,UIListItem_MemoryCard_Normal_20504|Card|BG|UIListItem_BG_NatsuMatsuri_Night|Back|Gradation_Up|Gradation_Down|Chair|UIListItem_Customer_08|Shadow|Char|Frame,0
Assets/Resources/prefabs/ui/listitem/memorycard/cards/normal/UIListItem_MemoryCard_Normal_20505.prefab,UIListItem_MemoryCard_Normal_20505,listitem,13,13,0,,UIListItem_MemoryCard_Normal_20505|Card|BG|UIListItem_BG_NatsuMatsuri_Night|Back|Gradation_Up|Gradation_Down|Chair|UIListItem_Customer_11|Shadow|Char|Frame,0
Assets/Resources/prefabs/ui/listitem/memorycard/cards/normal/UIListItem_MemoryCard_Normal_20506.prefab,UIListItem_MemoryCard_Normal_20506,listitem,13,13,0,,UIListItem_MemoryCard_Normal_20506|Card|BG|UIListItem_BG_NatsuMatsuri_Night|Back|Gradation_Up|Gradation_Down|Chair|UIListItem_Customer_13|Shadow|Char|Frame,0
Assets/Resources/prefabs/ui/listitem/memorycard/cards/normal/UIListItem_MemoryCard_Normal_20507.prefab,UIListItem_MemoryCard_Normal_20507,listitem,14,14,0,,UIListItem_MemoryCard_Normal_20507|Card|BG|UIListItem_BG_Beach_Afternoon|Back|Gradation_Up|Gradation_Up (1)|Gradation_Down|Gradation_Down (1)|Mate_1001_Summer01_SD_Ingame|Shadow|SkeletonGraphic (Mate01_SD),0
Assets/Resources/prefabs/ui/listitem/memorycard/cards/normal/UIListItem_MemoryCard_Normal_20508.prefab,UIListItem_MemoryCard_Normal_20508,listitem,14,14,0,,UIListItem_MemoryCard_Normal_20508|Card|BG|UIListItem_BG_Beach_Afternoon|Back|Gradation_Up|Gradation_Up (1)|Gradation_Down|Gradation_Down (1)|Mate_1005_SD_Summer01_Ingame|Shadow|SkeletonGraphic (Mate04_SD),0
Assets/Resources/prefabs/ui/listitem/memorycard/cards/normal/UIListItem_MemoryCard_Normal_20509.prefab,UIListItem_MemoryCard_Normal_20509,listitem,14,14,0,,UIListItem_MemoryCard_Normal_20509|Card|BG|UIListItem_BG_Beach_Afternoon|Back|Gradation_Up|Gradation_Up (1)|Gradation_Down|Gradation_Down (1)|Mate_1004_Summer01_SD_Ingame|'Shadow '|SkeletonGraphic (Mate04_SD),0
Assets/Resources/prefabs/ui/listitem/memorycard/cards/normal/UIListItem_MemoryCard_Normal_20510.prefab,UIListItem_MemoryCard_Normal_20510,listitem,14,14,0,,UIListItem_MemoryCard_Normal_20510|Card|BG|UIListItem_BG_Beach_Afternoon|Back|Gradation_Up|Gradation_Up (1)|Gradation_Down|Gradation_Down (1)|Mate_1002_Summer01_SD_Ingame|Shadow|SkeletonGraphic (Mate02_SD),0
Assets/Resources/prefabs/ui/listitem/memorycard/cards/normal/UIListItem_MemoryCard_Normal_20511.prefab,UIListItem_MemoryCard_Normal_20511,listitem,14,14,0,,UIListItem_MemoryCard_Normal_20511|Card|BG|UIListItem_BG_Beach_Afternoon|Back|Gradation_Up|Gradation_Up (1)|Gradation_Down|Gradation_Down (1)|Mate_1003_Summer01_SD_Ingame|Shadow|SkeletonGraphic (Mate03_SD),0
Assets/Resources/prefabs/ui/listitem/memorycard/cards/normal/UIListItem_MemoryCard_Normal_20512.prefab,UIListItem_MemoryCard_Normal_20512,listitem,7,7,0,,UIListItem_MemoryCard_Normal_20512|Card|BG|Back|IMG|Frame|CommonParent,1
Assets/Resources/prefabs/ui/listitem/memorycard/cards/normal/UIListItem_MemoryCard_Normal_20513.prefab,UIListItem_MemoryCard_Normal_20513,listitem,26,26,0,,UIListItem_MemoryCard_Normal_20513|Card|BG|Back|IMG|Up|SideR|Down|SideL|Sprite|Sprite|Sprite (7),12
Assets/Resources/prefabs/ui/listitem/memorycard/cards/normal/UIListItem_MemoryCard_Normal_20514.prefab,UIListItem_MemoryCard_Normal_20514,listitem,10,10,0,,UIListItem_MemoryCard_Normal_20514|Card|BG|Back|IMG|Up|Down|Light (1)|Frame|CommonParent,3
Assets/Resources/prefabs/ui/listitem/memorycard/cards/normal/UIListItem_MemoryCard_Normal_20515.prefab,UIListItem_MemoryCard_Normal_20515,listitem,8,8,0,,UIListItem_MemoryCard_Normal_20515|Card|BG|IMG|Up|Down|Frame|CommonParent,3
Assets/Resources/prefabs/ui/listitem/memorycard/cards/normal/UIListItem_MemoryCard_Normal_20516.prefab,UIListItem_MemoryCard_Normal_20516,listitem,10,10,0,,UIListItem_MemoryCard_Normal_20516|Card|BG|BG|Image|Image (2)|Image (1)|New SkeletonGraphic|Frame|CommonParent,0
Assets/Resources/prefabs/ui/listitem/memorycard/cards/normal/UIListItem_MemoryCard_Normal_20517.prefab,UIListItem_MemoryCard_Normal_20517,listitem,10,10,0,,UIListItem_MemoryCard_Normal_20517|Card|BG|BG (1)|Image|Image (2)|Image (1)|New SkeletonGraphic|Frame|CommonParent,0
Assets/Resources/prefabs/ui/listitem/memorycard/cards/normal/UIListItem_MemoryCard_Normal_20518.prefab,UIListItem_MemoryCard_Normal_20518,listitem,10,10,0,,UIListItem_MemoryCard_Normal_20518|Card|BG|BG (1)|Image|Image (2)|Image (1)|New SkeletonGraphic|Frame|CommonParent,0
Assets/Resources/prefabs/ui/listitem/memorycard/cards/normal/UIListItem_MemoryCard_Normal_20519.prefab,UIListItem_MemoryCard_Normal_20519,listitem,10,10,0,,UIListItem_MemoryCard_Normal_20519|Card|BG|BG (1)|Image|Image (2)|Image (1)|Image|Frame|CommonParent,0
Assets/Resources/prefabs/ui/listitem/memorycard/cards/normal/UIListItem_MemoryCard_Normal_20520.prefab,UIListItem_MemoryCard_Normal_20520,listitem,10,10,0,,UIListItem_MemoryCard_Normal_20520|Card|BG|BG|Image|Image (2)|Image (1)|New SkeletonGraphic|Frame|CommonParent,0
Assets/Resources/prefabs/ui/listitem/memorycard/cards/normal/UIListItem_MemoryCard_Normal_20521.prefab,UIListItem_MemoryCard_Normal_20521,listitem,10,10,0,,UIListItem_MemoryCard_Normal_20521|Card|BG|BG|Back|Gradation_Up (1)|Gradation_Down|New SkeletonGraphic|Frame|CommonParent,1
Assets/Resources/prefabs/ui/listitem/memorycard/cards/normal/UIListItem_MemoryCard_Normal_20522.prefab,UIListItem_MemoryCard_Normal_20522,listitem,10,10,0,,UIListItem_MemoryCard_Normal_20522|Card|BG|BG|Image|Image (2)|Image (1)|New SkeletonGraphic|Frame|CommonParent,0
Assets/Resources/prefabs/ui/listitem/memorycard/cards/normal/UIListItem_MemoryCard_Normal_20523.prefab,UIListItem_MemoryCard_Normal_20523,listitem,10,10,0,,UIListItem_MemoryCard_Normal_20523|Card|BG|BG|Image|Image (2)|Image (1)|New SkeletonGraphic|Frame|CommonParent,0
Assets/Resources/prefabs/ui/listitem/memorycard/cards/normal/UIListItem_MemoryCard_Normal_20524.prefab,UIListItem_MemoryCard_Normal_20524,listitem,8,8,0,,UIListItem_MemoryCard_Normal_20524|Card|BG|Back (1)|Image|Image|Frame|CommonParent,0
Assets/Resources/prefabs/ui/listitem/memorycard/cards/normal/UIListItem_MemoryCard_Normal_20525.prefab,UIListItem_MemoryCard_Normal_20525,listitem,11,11,0,,UIListItem_MemoryCard_Normal_20525|Card|BG|Back_T|Back_B|Deco|Image|Image|Deco|Frame|CommonParent,0
Assets/Resources/prefabs/ui/listitem/memorycard/cards/normal/UIListItem_MemoryCard_Normal_20526.prefab,UIListItem_MemoryCard_Normal_20526,listitem,8,8,0,,UIListItem_MemoryCard_Normal_20526|Card|BG|Back_T|Image|Image|Frame|CommonParent,0
Assets/Resources/prefabs/ui/listitem/memorycard/cards/normal/UIListItem_MemoryCard_Normal_20527.prefab,UIListItem_MemoryCard_Normal_20527,listitem,6,6,0,,UIListItem_MemoryCard_Normal_20527|Card|BG|Image|Frame|CommonParent,0
Assets/Resources/prefabs/ui/listitem/memorycard/cards/normal/UIListItem_MemoryCard_Normal_20528.prefab,UIListItem_MemoryCard_Normal_20528,listitem,8,8,0,,UIListItem_MemoryCard_Normal_20528|Card|BG|BG|BG (1)|Image|Frame|CommonParent,0
Assets/Resources/prefabs/ui/listitem/memorycard/cards/normal/UIListItem_MemoryCard_Normal_20529.prefab,UIListItem_MemoryCard_Normal_20529,listitem,8,8,0,,UIListItem_MemoryCard_Normal_20529|Card|BG|BG|BG (1)|Image|Frame|CommonParent,0
Assets/Resources/prefabs/ui/listitem/memorycard/cards/normal/UIListItem_MemoryCard_Normal_20530.prefab,UIListItem_MemoryCard_Normal_20530,listitem,8,8,0,,UIListItem_MemoryCard_Normal_20530|Card|BG|BG|BG (1)|Image|Frame|CommonParent,0
Assets/Resources/prefabs/ui/listitem/memorycard/cards/normal/UIListItem_MemoryCard_Normal_20531.prefab,UIListItem_MemoryCard_Normal_20531,listitem,8,8,0,,UIListItem_MemoryCard_Normal_20531|Card|BG|BG|BG (1)|Image|Frame|CommonParent,0
Assets/Resources/prefabs/ui/listitem/memorycard/cards/normal/UIListItem_MemoryCard_Normal_20532.prefab,UIListItem_MemoryCard_Normal_20532,listitem,8,8,0,,UIListItem_MemoryCard_Normal_20532|Card|BG|BG|BG (1)|Image|Frame|CommonParent,0
Assets/Resources/prefabs/ui/listitem/memorycard/cards/normal/UIListItem_MemoryCard_Normal_20533.prefab,UIListItem_MemoryCard_Normal_20533,listitem,8,8,0,,UIListItem_MemoryCard_Normal_20533|Card|BG|BG|BG (1)|Image|Frame|CommonParent,0
Assets/Resources/prefabs/ui/listitem/memorycard/cards/normal/UIListItem_MemoryCard_Normal_20534.prefab,UIListItem_MemoryCard_Normal_20534,listitem,8,8,0,,UIListItem_MemoryCard_Normal_20534|Card|BG|BG|BG (1)|Image|Frame|CommonParent,0
Assets/Resources/prefabs/ui/listitem/memorycard/cards/normal/UIListItem_MemoryCard_Normal_20535.prefab,UIListItem_MemoryCard_Normal_20535,listitem,8,8,0,,UIListItem_MemoryCard_Normal_20535|Card|BG|BG|BG (1)|Image|Frame|CommonParent,0
Assets/Resources/prefabs/ui/listitem/memorycard/cards/normal/UIListItem_MemoryCard_Normal_20536.prefab,UIListItem_MemoryCard_Normal_20536,listitem,8,8,0,,UIListItem_MemoryCard_Normal_20536|Card|BG|BG|BG (1)|Image|Frame|CommonParent,0
Assets/Resources/prefabs/ui/listitem/memorycard/cards/normal/UIListItem_MemoryCard_Normal_20537.prefab,UIListItem_MemoryCard_Normal_20537,listitem,8,8,0,,UIListItem_MemoryCard_Normal_20537|Card|BG|BG|BG (1)|Image|Frame|CommonParent,0
Assets/Resources/prefabs/ui/listitem/memorycard/cards/normal/UIListItem_MemoryCard_Normal_20538.prefab,UIListItem_MemoryCard_Normal_20538,listitem,10,10,0,,UIListItem_MemoryCard_Normal_20538|Card|BG|BG (1)|Image|Image (1)|Mate_1003_SchoolUniform01_SD_Ingame|SkeletonGraphic (Mate03_SD)|Frame|CommonParent,0
Assets/Resources/prefabs/ui/listitem/memorycard/cards/normal/UIListItem_MemoryCard_Normal_20539.prefab,UIListItem_MemoryCard_Normal_20539,listitem,10,10,0,,UIListItem_MemoryCard_Normal_20539|Card|BG|BG (1)|Image|Image (1)|Mate_1004_SchoolUnifom01_SD_Ingame|SkeletonGraphic (Mate04_SD)|Frame|CommonParent,0
Assets/Resources/prefabs/ui/listitem/memorycard/cards/normal/UIListItem_MemoryCard_Normal_20540.prefab,UIListItem_MemoryCard_Normal_20540,listitem,10,10,0,,UIListItem_MemoryCard_Normal_20540|Card|BG|BG (1)|Image|Image (1)|Mate_1007_SD_SchoolUniform01_Ingame|SkeletonGraphic (Mate01_SD)|Frame|CommonParent,0
Assets/Resources/prefabs/ui/listitem/memorycard/cards/normal/UIListItem_MemoryCard_Normal_20541.prefab,UIListItem_MemoryCard_Normal_20541,listitem,6,6,0,,UIListItem_MemoryCard_Normal_20541|Card|BG|Image|Frame|CommonParent,0
Assets/Resources/prefabs/ui/listitem/memorycard/cards/normal/UIListItem_MemoryCard_Normal_20542.prefab,UIListItem_MemoryCard_Normal_20542,listitem,6,6,0,,UIListItem_MemoryCard_Normal_20542|Card|BG|Image|Frame|CommonParent,0
Assets/Resources/prefabs/ui/listitem/memorycard/cards/normal/UIListItem_MemoryCard_Normal_20543.prefab,UIListItem_MemoryCard_Normal_20543,listitem,6,6,0,,UIListItem_MemoryCard_Normal_20543|Card|BG|Image|Frame|CommonParent,0
Assets/Resources/prefabs/ui/listitem/memorycard/cards/normal/UIListItem_MemoryCard_Normal_20544.prefab,UIListItem_MemoryCard_Normal_20544,listitem,6,6,0,,UIListItem_MemoryCard_Normal_20544|Card|BG|Image|Frame|CommonParent,0
Assets/Resources/prefabs/ui/listitem/memorycard/cards/normal/UIListItem_MemoryCard_Normal_20545.prefab,UIListItem_MemoryCard_Normal_20545,listitem,8,8,0,,UIListItem_MemoryCard_Normal_20545|Card|BG|BG|BG (1)|Image|Frame|CommonParent,0
Assets/Resources/prefabs/ui/listitem/memorycard/cards/normal/UIListItem_MemoryCard_Normal_20546.prefab,UIListItem_MemoryCard_Normal_20546,listitem,8,8,0,,UIListItem_MemoryCard_Normal_20546|Card|BG|BG (1)|BG (1)|Image|Frame|CommonParent,0
Assets/Resources/prefabs/ui/listitem/memorycard/cards/normal/UIListItem_MemoryCard_Normal_20547.prefab,UIListItem_MemoryCard_Normal_20547,listitem,8,8,0,,UIListItem_MemoryCard_Normal_20547|Card|BG|BG (1)|BG (1)|Image|Frame|CommonParent,0
Assets/Resources/prefabs/ui/listitem/memorycard/cards/normal/UIListItem_MemoryCard_Normal_20548.prefab,UIListItem_MemoryCard_Normal_20548,listitem,8,8,0,,UIListItem_MemoryCard_Normal_20548|Card|BG|BG (1)|BG (1)|Image|Frame|CommonParent,0
Assets/Resources/prefabs/ui/listitem/memorycard/cards/normal/UIListItem_MemoryCard_Normal_20549.prefab,UIListItem_MemoryCard_Normal_20549,listitem,8,8,0,,UIListItem_MemoryCard_Normal_20549|Card|BG|BG (1)|BG (1)|Image|Frame|CommonParent,0
Assets/Resources/prefabs/ui/listitem/memorycard/cards/normal/UIListItem_MemoryCard_Normal_500001.prefab,UIListItem_MemoryCard_Normal_500001,listitem,13,13,0,,UIListItem_MemoryCard_Normal_500001|Card|BG|UIListItem_BG_DormitoryHall|Back|Image|Gradation_Up|Gradation_Down|Mate_1001_SD_Ingame|Shadow|SkeletonGraphic (Mate01_SD)|Frame,0
Assets/Resources/prefabs/ui/listitem/memorycard/cards/normal/UIListItem_MemoryCard_Normal_500002.prefab,UIListItem_MemoryCard_Normal_500002,listitem,13,13,0,,UIListItem_MemoryCard_Normal_500002|Card|BG|UIListItem_BG_DormitoryHall|Back|Image|Gradation_Up|Gradation_Down|Mate_1002_SD_Ingame|Shadow|SkeletonGraphic (Mate02_SD)|Frame,0
Assets/Resources/prefabs/ui/listitem/memorycard/cards/normal/UIListItem_MemoryCard_Normal_500003.prefab,UIListItem_MemoryCard_Normal_500003,listitem,13,13,0,,UIListItem_MemoryCard_Normal_500003|Card|BG|UIListItem_BG_DormitoryHall|Back|Image|Gradation_Up|Gradation_Down|Mate_1003_SD_Ingame|Shadow|SkeletonGraphic (Mate03_SD)|Frame,0
Assets/Resources/prefabs/ui/listitem/memorycard/cards/normal/UIListItem_MemoryCard_Normal_500004.prefab,UIListItem_MemoryCard_Normal_500004,listitem,13,13,0,,UIListItem_MemoryCard_Normal_500004|Card|BG|UIListItem_BG_DormitoryHall|Back|Image|Gradation_Up|Gradation_Down|Mate_1004_SD_Ingame|Shadow|SkeletonGraphic (Mate04_SD)|Frame,0
Assets/Resources/prefabs/ui/listitem/memorycard/cards/normal/UIListItem_MemoryCard_Normal_500005.prefab,UIListItem_MemoryCard_Normal_500005,listitem,13,13,0,,UIListItem_MemoryCard_Normal_500005|Card|BG|UIListItem_BG_DormitoryHall|Back|Image|Gradation_Up|Gradation_Down|Mate_1005_SD_Ingame|Shadow|SkeletonGraphic (Mate04_SD)|Frame,0
Assets/Resources/prefabs/ui/listitem/memorycard/cards/normal/UIListItem_MemoryCard_Normal_9900001.prefab,UIListItem_MemoryCard_Normal_9900001,listitem,14,14,0,,UIListItem_MemoryCard_Normal_9900001|Card|BG|UIListItem_BG_Beach_Afternoon|Back|Gradation_Up|Gradation_Up (1)|Gradation_Down|Gradation_Down (1)|Mate_1001_Summer01_SD_Ingame|Shadow|SkeletonGraphic (Mate01_SD),0
Assets/Resources/prefabs/ui/listitem/memorycard/cards/normal/UIListItem_MemoryCard_Normal_9900002.prefab,UIListItem_MemoryCard_Normal_9900002,listitem,14,14,0,,UIListItem_MemoryCard_Normal_9900002|Card|BG|UIListItem_BG_Beach_Afternoon|Back|Gradation_Up|Gradation_Up (1)|Gradation_Down|Gradation_Down (1)|Mate_1002_Summer01_SD_Ingame|Shadow|SkeletonGraphic (Mate02_SD),0
Assets/Resources/prefabs/ui/listitem/memorycard/cards/normal/UIListItem_MemoryCard_Normal_9900003.prefab,UIListItem_MemoryCard_Normal_9900003,listitem,14,14,0,,UIListItem_MemoryCard_Normal_9900003|Card|BG|UIListItem_BG_Beach_Afternoon|Back|Gradation_Up|Gradation_Up (1)|Gradation_Down|Gradation_Down (1)|Mate_1003_Summer01_SD_Ingame|Shadow|SkeletonGraphic (Mate03_SD),0
Assets/Resources/prefabs/ui/listitem/memorycard/cards/normal/UIListItem_MemoryCard_Normal_9900004.prefab,UIListItem_MemoryCard_Normal_9900004,listitem,14,14,0,,UIListItem_MemoryCard_Normal_9900004|Card|BG|UIListItem_BG_Beach_Afternoon|Back|Gradation_Up|Gradation_Up (1)|Gradation_Down|Gradation_Down (1)|Mate_1004_Summer01_SD_Ingame|'Shadow '|SkeletonGraphic (Mate04_SD),0
Assets/Resources/prefabs/ui/listitem/memorycard/cards/normal/UIListItem_MemoryCard_Normal_9900005.prefab,UIListItem_MemoryCard_Normal_9900005,listitem,14,14,0,,UIListItem_MemoryCard_Normal_9900005|Card|BG|UIListItem_BG_Beach_Afternoon|Back|Gradation_Up|Gradation_Up (1)|Gradation_Down|Gradation_Down (1)|Mate_1005_SD_Summer01_Ingame|Shadow|SkeletonGraphic (Mate04_SD),0
Assets/Resources/prefabs/ui/listitem/memorycard/cards/yuki/UIListItem_MemoryCard_Maid_Yuki_03101.prefab,UIListItem_MemoryCard_Maid_Yuki_03101,listitem,7,7,0,,UIListItem_MemoryCard_Maid_Yuki_03101|Card|BG|UIListItem_Char_Yuki|Char|Frame|CommonParent,1
Assets/Resources/prefabs/ui/listitem/memorycard/cards/yuki/UIListItem_MemoryCard_Maid_Yuki_03102.prefab,UIListItem_MemoryCard_Maid_Yuki_03102,listitem,12,12,0,,UIListItem_MemoryCard_Maid_Yuki_03102|Card|BG|UIListItem_BG01_Blue|Pattern|Gradation_Up|Gradation_Down|UIListItem_Char_Yuki_SD01|Shadow|Char|Frame|CommonParent,0
Assets/Resources/prefabs/ui/listitem/memorycard/cards/yuki/UIListItem_MemoryCard_Maid_Yuki_03103.prefab,UIListItem_MemoryCard_Maid_Yuki_03103,listitem,7,7,0,,UIListItem_MemoryCard_Maid_Yuki_03103|Card|BG|UIListItem_Char_Yuki|Char|Frame|CommonParent,1
Assets/Resources/prefabs/ui/listitem/memorycard/cards/yuki/UIListItem_MemoryCard_Maid_Yuki_03104.prefab,UIListItem_MemoryCard_Maid_Yuki_03104,listitem,7,7,0,,UIListItem_MemoryCard_Maid_Yuki_03104|Card|BG|UIListItem_Char_Yuki|Char|Frame|CommonParent,1
Assets/Resources/prefabs/ui/listitem/memorycard/cards/yuki/UIListItem_MemoryCard_Maid_Yuki_03501.prefab,UIListItem_MemoryCard_Maid_Yuki_03501,listitem,7,7,0,,UIListItem_MemoryCard_Maid_Yuki_03501|Card|BG|UIListItem_Char_Yuki|Char|Frame|CommonParent,1
Assets/Resources/prefabs/ui/listitem/memorycard/cards/yuki/UIListItem_MemoryCard_Maid_Yuki_03502.prefab,UIListItem_MemoryCard_Maid_Yuki_03502,listitem,14,14,0,,UIListItem_MemoryCard_Maid_Yuki_03502|Card|BG|UIListItem_BG_Beach_Afternoon|Back|Gradation_Up|Gradation_Up (1)|Gradation_Down|Gradation_Down (1)|UIListItem_Char_Yuki_SD|Shadow|Cha,0
Assets/Resources/prefabs/ui/listitem/memorycard/cards/yuki/UIListItem_MemoryCard_Maid_Yuki_03503.prefab,UIListItem_MemoryCard_Maid_Yuki_03503,listitem,21,21,0,,UIListItem_MemoryCard_Maid_Yuki_03503|Card|BG|UIListItem_BG_Beach_Afternoon (1)|Back|Gradation_Up|Gradation_Down (1)|Maid_1003_LD_Halloween01|GameObject|SkeletonGraphic (Cos_Maid03_Halloween01_LD)|CH_Effects|NpcEffect,0
Assets/Resources/prefabs/ui/listitem/memorycard/cards/yuki/UIListItem_MemoryCard_Maid_Yuki_03504.prefab,UIListItem_MemoryCard_Maid_Yuki_03504,listitem,17,17,0,,UIListItem_MemoryCard_Maid_Yuki_03504|Card|BG|UIListItem_BG_Beach_Afternoon|Back|Gradation_Up|Gradation_Down (1)|Shadow|SkeletonGraphic (Ch_Maid03_Basic01_SD)|Mate_1003_Halloween01_SD_Ingame|SkeletonGraphic (Mate03_SD)|Maid_1003_SD_Halloween01_Ingame,0
Assets/Resources/prefabs/ui/listitem/memorycard/cards/yuki/UIListItem_MemoryCard_Maid_Yuki_03505.prefab,UIListItem_MemoryCard_Maid_Yuki_03505,listitem,15,15,0,,UIListItem_MemoryCard_Maid_Yuki_03505|Card|BG|BG|Back|Gradation_Up|Gradation_Down (1)|Maid_1003_LD_ChristMas01|GameObject|SkeletonGraphic (Ch_Maid03_Basic01_LD)|Renderer0|Renderer1,0
Assets/Resources/prefabs/ui/listitem/memorycard/cards/yuki/UIListItem_MemoryCard_Maid_Yuki_03506.prefab,UIListItem_MemoryCard_Maid_Yuki_03506,listitem,73,73,0,,UIListItem_MemoryCard_Maid_Yuki_03506|Card|BG|BG|Back|Gradation_Up|Gradation_Down (1)|Shadow|SkeletonGraphic (Ch_Maid03_Basic01_SD)|Renderer0|Renderer1|Renderer2,0
Assets/Resources/prefabs/ui/listitem/memorycard/cards/yuki/UIListItem_MemoryCard_Maid_Yuki_03507.prefab,UIListItem_MemoryCard_Maid_Yuki_03507,listitem,25,25,0,,UIListItem_MemoryCard_Maid_Yuki_03507|Card|BG|BG (1)|Back|Gradation_Up|Gradation_Down (1)|Maid_1003_LD_SchoolUniform01|GameObject|SkeletonGraphic (Cos_Maid03_Halloween01_LD)|Renderer0|Renderer1,0
Assets/Resources/prefabs/ui/listitem/memorycard/cards/yuki/UIListItem_MemoryCard_Maid_Yuki_03508.prefab,UIListItem_MemoryCard_Maid_Yuki_03508,listitem,14,14,0,,UIListItem_MemoryCard_Maid_Yuki_03508|Card|BG|BG (1)|Back|Gradation_Up|Gradation_Down (1)|Shadow|Maid_1003_SD_SchoolUniform01_Ingame (1)|SkeletonGraphic (Ch_Maid03_Basic01_SD)|Maid_1003_SD_SchoolUniform01_Ingame|SkeletonGraphic (Ch_Maid03_Basic01_SD),0
Assets/Resources/prefabs/ui/listitem/memorycard/char/UIListItem_Char_Akane_SD01.prefab,UIListItem_Char_Akane_SD01,listitem,3,3,0,,UIListItem_Char_Akane_SD01|Shadow|Char,0
Assets/Resources/prefabs/ui/listitem/memorycard/char/UIListItem_Char_Aku_SD01.prefab,UIListItem_Char_Aku_SD01,listitem,3,3,0,,UIListItem_Char_Aku_SD01|Shadow|Char,0
Assets/Resources/prefabs/ui/listitem/memorycard/char/UIListItem_Char_Kaede_SD01.prefab,UIListItem_Char_Kaede_SD01,listitem,3,3,0,,UIListItem_Char_Kaede_SD01|Shadow|Char,0
Assets/Resources/prefabs/ui/listitem/memorycard/char/UIListItem_Char_Kokomi_SD01.prefab,UIListItem_Char_Kokomi_SD01,listitem,3,3,0,,UIListItem_Char_Kokomi_SD01|Shadow|Char,0
Assets/Resources/prefabs/ui/listitem/memorycard/char/UIListItem_Char_Yuki_SD01.prefab,UIListItem_Char_Yuki_SD01,listitem,3,3,0,,UIListItem_Char_Yuki_SD01|Shadow|Char,0
Assets/Resources/prefabs/ui/listitem/memorycard/char/UIListItem_Customer_01.prefab,UIListItem_Customer_01,listitem,3,3,0,,UIListItem_Customer_01|Shadow|Char,0
Assets/Resources/prefabs/ui/listitem/memorycard/char/UIListItem_Customer_02.prefab,UIListItem_Customer_02,listitem,3,3,0,,UIListItem_Customer_02|Shadow|Char,0
Assets/Resources/prefabs/ui/listitem/memorycard/frames/aiko/Back_Aiko.prefab,Back_Aiko,listitem,2,2,0,,Back_Aiko|outline (4),0
Assets/Resources/prefabs/ui/listitem/memorycard/frames/aiko/Back_Small_Aiko.prefab,Back_Small_Aiko,listitem,3,3,0,,Back_Small_Aiko|outline (4)|outline (6),0
Assets/Resources/prefabs/ui/listitem/memorycard/frames/aiko/Front_Aiko.prefab,Front_Aiko,listitem,3,3,0,,Front_Aiko|Image|Image (1),0
Assets/Resources/prefabs/ui/listitem/memorycard/frames/aiko/Front_Small_Aiko.prefab,Front_Small_Aiko,listitem,2,2,0,,Front_Small_Aiko|Image,0
Assets/Resources/prefabs/ui/listitem/memorycard/frames/akane/Back_Akane.prefab,Back_Akane,listitem,2,2,0,,Back_Akane|Image,0
Assets/Resources/prefabs/ui/listitem/memorycard/frames/akane/Back_Small_Akane.prefab,Back_Small_Akane,listitem,3,3,0,,Back_Small_Akane|outline (4)|outline (5),0
Assets/Resources/prefabs/ui/listitem/memorycard/frames/akane/Front_Akane.prefab,Front_Akane,listitem,60,60,0,,Front_Akane|Corner_BottomLeft|Corner_BottomRight|BG_Top|DecoLine|DecoLine (1)|DecoHeart|BG_Bottom|BG_Left|DecoLine|BG_Right|DecoLine (1),0
Assets/Resources/prefabs/ui/listitem/memorycard/frames/akane/Front_Small_Akane.prefab,Front_Small_Akane,listitem,2,2,0,,Front_Small_Akane|Img,0
Assets/Resources/prefabs/ui/listitem/memorycard/frames/aku/Back_Aku.prefab,Back_Aku,listitem,2,2,0,,Back_Aku|Img,0
Assets/Resources/prefabs/ui/listitem/memorycard/frames/aku/Back_Small_Aku.prefab,Back_Small_Aku,listitem,3,3,0,,Back_Small_Aku|outline (4)|outline (5),0
Assets/Resources/prefabs/ui/listitem/memorycard/frames/aku/Front_Aku.prefab,Front_Aku,listitem,60,60,0,,Front_Aku|Corner_BottomLeft|Corner_BottomRight|BG_Top|DecoLine|DecoLine (1)|DecoHeart|BG_Bottom|BG_Left|DecoLine|BG_Right|DecoLine (1),0
Assets/Resources/prefabs/ui/listitem/memorycard/frames/aku/Front_Small_Aku.prefab,Front_Small_Aku,listitem,2,2,0,,Front_Small_Aku|Img,0
Assets/Resources/prefabs/ui/listitem/memorycard/frames/kaede/Back_Kaede.prefab,Back_Kaede,listitem,2,2,0,,Back_Kaede|outline (4),0
Assets/Resources/prefabs/ui/listitem/memorycard/frames/kaede/Back_Small_Kaede.prefab,Back_Small_Kaede,listitem,3,3,0,,Back_Small_Kaede|outline (4)|outline (5),0
Assets/Resources/prefabs/ui/listitem/memorycard/frames/kaede/Front_Kaede.prefab,Front_Kaede,listitem,60,60,0,,Front_Kaede|Corner_BottomLeft|Corner_BottomRight|BG_Top|DecoLine|DecoLine (1)|DecoHeart|BG_Bottom|BG_Left|DecoLine|BG_Right|DecoLine (1),0
Assets/Resources/prefabs/ui/listitem/memorycard/frames/kaede/Front_Small_Kaede.prefab,Front_Small_Kaede,listitem,2,2,0,,Front_Small_Kaede|Img,0
Assets/Resources/prefabs/ui/listitem/memorycard/frames/kokomi/Back_Kokomi.prefab,Back_Kokomi,listitem,2,2,0,,Back_Kokomi|outline (4),0
Assets/Resources/prefabs/ui/listitem/memorycard/frames/kokomi/Back_Small_Kokomi.prefab,Back_Small_Kokomi,listitem,3,3,0,,Back_Small_Kokomi|outline (4)|outline (5),0
Assets/Resources/prefabs/ui/listitem/memorycard/frames/kokomi/Front_Kokomi.prefab,Front_Kokomi,listitem,60,60,0,,Front_Kokomi|Corner_BottomLeft|Corner_BottomRight|BG_Top|DecoLine|DecoLine (1)|DecoHeart|BG_Bottom|BG_Left|DecoLine|BG_Right|DecoLine (1),0
Assets/Resources/prefabs/ui/listitem/memorycard/frames/kokomi/Front_Small_Kokomi.prefab,Front_Small_Kokomi,listitem,2,2,0,,Front_Small_Kokomi|Img,0
Assets/Resources/prefabs/ui/listitem/memorycard/frames/kurone/Back_Kurone.prefab,Back_Kurone,listitem,2,2,0,,Back_Kurone|outline (4),0
Assets/Resources/prefabs/ui/listitem/memorycard/frames/kurone/Back_Small_Kurone.prefab,Back_Small_Kurone,listitem,3,3,0,,Back_Small_Kurone|outline (4)|outline (6),0
Assets/Resources/prefabs/ui/listitem/memorycard/frames/kurone/Front_Kurone.prefab,Front_Kurone,listitem,3,3,0,,Front_Kurone|Image|Image (1),0
Assets/Resources/prefabs/ui/listitem/memorycard/frames/kurone/Front_Small_Kurone.prefab,Front_Small_Kurone,listitem,2,2,0,,Front_Small_Kurone|Image,0
Assets/Resources/prefabs/ui/listitem/memorycard/frames/normal/Back_Normal.prefab,Back_Normal,listitem,29,29,0,,Back_Normal|Corner_TopLeft|Corner_TopRight|Corner_BottomLeft|Corner_BottomRight|BG|MiddleDeco|BG|BG (1)|Image|Image (2)|DecoLine_TopLeft,0
Assets/Resources/prefabs/ui/listitem/memorycard/frames/normal/Back_Small_Normal.prefab,Back_Small_Normal,listitem,31,31,0,,Back_Small_Normal|Corner_TopLeft|Corner_TopRight|Corner_BottomLeft|Corner_BottomRight|BG|MiddleDeco|BG|BG (1)|Image|Image (2)|DecoLine_TopLeft,0
Assets/Resources/prefabs/ui/listitem/memorycard/frames/normal/Front_Normal.prefab,Front_Normal,listitem,23,23,0,,Front_Normal|Corner_TopLeft|Corner_TopRight|Corner_BottomLeft|Corner_BottomRight|DecoLine_BottomLeft|DecoLine_BottomRight|BG_Top|BG_Bottom|BG_Left|BG_Right|OutlineIn,0
Assets/Resources/prefabs/ui/listitem/memorycard/frames/normal/Front_Small_Normal.prefab,Front_Small_Normal,listitem,26,26,0,,Front_Small_Normal|Corner_TopLeft|Corner_TopRight|Corner_BottomLeft|Corner_BottomRight|DecoLine_BottomLeft|DecoLine_BottomRight|BG_Top|BG_Bottom|BG_Left|BG_Right|OutlineIn,0
Assets/Resources/prefabs/ui/listitem/memorycard/frames/yuki/Back_Small_Yuki.prefab,Back_Small_Yuki,listitem,3,3,0,,Back_Small_Yuki|outline (4)|outline (5),0
Assets/Resources/prefabs/ui/listitem/memorycard/frames/yuki/Back_Yuki.prefab,Back_Yuki,listitem,2,2,0,,Back_Yuki|outline (4),0
Assets/Resources/prefabs/ui/listitem/memorycard/frames/yuki/Front_Small_Yuki.prefab,Front_Small_Yuki,listitem,2,2,0,,Front_Small_Yuki|Img,0
Assets/Resources/prefabs/ui/listitem/memorycard/frames/yuki/Front_Yuki.prefab,Front_Yuki,listitem,62,62,0,,Front_Yuki|Corner_TopLeft|Corner_TopRight|Corner_BottomLeft|Corner_BottomRight|BG_Top|DecoLine|DecoLine (1)|DecoHeart|BG_Bottom|BG_Left|DecoLine,0
Assets/Resources/prefabs/ui/listitem/memorycard/shop/shopbtn/UIListItem_MemoryShopBtn_Exchange.prefab,UIListItem_MemoryShopBtn_Exchange,listitem,19,19,0,,UIListItem_MemoryShopBtn_Exchange|Btn_Default|Image|Pattern|Text (TMP)|Cover|Selected|Cover (1)|Text (TMP)|Cover|OutLine|Bubble,0
Assets/Resources/prefabs/ui/listitem/memorycard/shop/shopbtn/UIListItem_MemoryShopBtn_Normal.prefab,UIListItem_MemoryShopBtn_Normal,listitem,14,14,0,,UIListItem_MemoryShopBtn_Normal|Off|Image (1)|Image|Pattern|Text (TMP)|On|Cover (1)|Text (TMP)|Noti|Noti|UIParticle,0
Assets/Resources/prefabs/ui/listitem/memorycard/shop/shopbtn/UIListItem_MemoryShopBtn_Pickup.prefab,UIListItem_MemoryShopBtn_Pickup,listitem,14,14,0,,UIListItem_MemoryShopBtn_Pickup|Off|Image (1)|Image|Pattern|Text (TMP)|On|Cover (1)|Text (TMP)|Noti|Noti|UIParticle,0
Assets/Resources/prefabs/ui/listitem/memorycard/shop/shopbtn/UIListItem_MemoryShopBtn_Point.prefab,UIListItem_MemoryShopBtn_Point,listitem,14,14,0,,UIListItem_MemoryShopBtn_Point|Off|Image (1)|Image|Pattern|Text (TMP)|On|Cover (1)|Text (TMP)|Noti|Noti|UIParticle,0
Assets/Resources/prefabs/ui/listitem/memorycard/shop/shopbtn/UIListItem_MemoryShopBtn_Special.prefab,UIListItem_MemoryShopBtn_Special,listitem,14,14,0,,UIListItem_MemoryShopBtn_Special|Off|Image (1)|Image|Pattern|Text (TMP)|On|Cover (1)|Text (TMP)|Noti|Noti|UIParticle,0
Assets/Resources/prefabs/ui/listitem/memorycard/shop/shopitem/UIListItem_MemoryCardShop_2025Christmas.prefab,UIListItem_MemoryCardShop_2025Christmas,listitem,135,135,0,,UIListItem_MemoryCardShop_2025Christmas|BG (1)|BG (1)|BG|Deco_1|Deco_2|Deco_2 (1)|Gradiant|Gradiant (1)|Top|Character|Maid_1005_LD_Christmas01,9
Assets/Resources/prefabs/ui/listitem/memorycard/shop/shopitem/UIListItem_MemoryCardShop_2025Halloween.prefab,UIListItem_MemoryCardShop_2025Halloween,listitem,177,177,0,,UIListItem_MemoryCardShop_2025Halloween|BG (1)|BG (1)|BG|Deco_1|Deco_2|Deco_2 (1)|Gradiant|Gradiant (1)|Top|CharGroup|Character,7
Assets/Resources/prefabs/ui/listitem/memorycard/shop/shopitem/UIListItem_MemoryCardShop_2026School.prefab,UIListItem_MemoryCardShop_2026School,listitem,204,204,0,,UIListItem_MemoryCardShop_2026School|BG (1)|BG (1)|BG|Deco_1|Deco_2|Deco_2 (1)|Gradiant|Gradiant (1)|Top|CharGroup|Character,6
Assets/Resources/prefabs/ui/listitem/memorycard/shop/shopitem/UIListItem_MemoryCardShop_Normal.prefab,UIListItem_MemoryCardShop_Normal,listitem,234,235,0,,UIListItem_MemoryCardShop_Normal|BG (1)|BG|WheelGroup|Wheel_B|CardGroup|CardItem (0)|CardPos|CardNormalBack|Back_Normal|Corner_TopLeft|Corner_TopRight,9
Assets/Resources/prefabs/ui/listitem/memorycard/shop/shopitem/UIListItem_MemoryCardShop_Pickup_Aiko.prefab,UIListItem_MemoryCardShop_Pickup_Aiko,listitem,76,80,0,,UIListItem_MemoryCardShop_Pickup_Aiko|BG (1)|BG|Deco_1|Deco_2|Deco_2 (1)|Gradiant|Gradiant (1)|Top_Kurone|Character|Maid_1007_LD|GameObject,6
Assets/Resources/prefabs/ui/listitem/memorycard/shop/shopitem/UIListItem_MemoryCardShop_Pickup_Akane.prefab,UIListItem_MemoryCardShop_Pickup_Akane,listitem,84,88,0,,UIListItem_MemoryCardShop_Pickup_Akane|BG (1)|BG|Deco_1|Deco_2|Deco_2 (1)|Gradiant|Gradiant (1)|Top_Akane|Character|Maid_1005_LD|GameObject,7
Assets/Resources/prefabs/ui/listitem/memorycard/shop/shopitem/UIListItem_MemoryCardShop_Pickup_Aku.prefab,UIListItem_MemoryCardShop_Pickup_Aku,listitem,83,87,0,,UIListItem_MemoryCardShop_Pickup_Aku|BG (1)|BG|Deco_1|Deco_2|Deco_2 (1)|Gradiant|Gradiant (1)|Top_Aku|Character|Maid_1002_LD|GameObject,7
Assets/Resources/prefabs/ui/listitem/memorycard/shop/shopitem/UIListItem_MemoryCardShop_Pickup_Kaede.prefab,UIListItem_MemoryCardShop_Pickup_Kaede,listitem,106,110,0,,UIListItem_MemoryCardShop_Pickup_Kaede|BG (1)|BG|Deco_1|Deco_2|Deco_2 (1)|Gradiant|Gradiant (1)|Top_Kaede|Character|Image|Maid_1004_LD,7
Assets/Resources/prefabs/ui/listitem/memorycard/shop/shopitem/UIListItem_MemoryCardShop_Pickup_Kokomi.prefab,UIListItem_MemoryCardShop_Pickup_Kokomi,listitem,83,87,0,,UIListItem_MemoryCardShop_Pickup_Kokomi|BG (1)|BG|Deco_1|Deco_2|Deco_2 (1)|Gradiant|Gradiant (1)|Top_Kokomi|Character|GameObject|Deco,7
Assets/Resources/prefabs/ui/listitem/memorycard/shop/shopitem/UIListItem_MemoryCardShop_Pickup_Kurone.prefab,UIListItem_MemoryCardShop_Pickup_Kurone,listitem,75,79,0,,UIListItem_MemoryCardShop_Pickup_Kurone|BG (1)|BG|Deco_1|Deco_2|Deco_2 (1)|Gradiant|Gradiant (1)|Top_Kurone|Character|Maid_1006_LD|GameObject,7
Assets/Resources/prefabs/ui/listitem/memorycard/shop/shopitem/UIListItem_MemoryCardShop_Pickup_Yuki.prefab,UIListItem_MemoryCardShop_Pickup_Yuki,listitem,83,87,0,,UIListItem_MemoryCardShop_Pickup_Yuki|BG (1)|BG|Deco_1|Deco_2|Deco_2 (1)|Gradiant|Gradiant (1)|Top_Yuki|Character|Maid_1003_LD|GameObject,7
Assets/Resources/prefabs/ui/listitem/memorycard/shop/shopitem/UIListItem_MemoryCardShop_Point.prefab,UIListItem_MemoryCardShop_Point,listitem,25,25,0,,UIListItem_MemoryCardShop_Point|BG (1)|BG|BG (1)|BG (2)|IconGroup|Glow|Glow|Icon|Deco_1|Deco_2|Deco_2 (1),7
Assets/Resources/prefabs/ui/listitem/memorycard/shop/shopitem/UIListItem_MemoryCardShop_Season.prefab,UIListItem_MemoryCardShop_Season,listitem,165,165,0,,UIListItem_MemoryCardShop_Season|BG (1)|BG (1)|BG|Deco_1|Deco_2|Deco_2 (1)|Gradiant|Gradiant (1)|Top|Character|Maid_1005_LD_Summer01,8
Assets/Resources/prefabs/ui/listitem/memorycard/shop/shopitem/UIPopup_MemoryTicketExchangeShop.prefab,UIPopup_MemoryTicketExchangeShop,popup,48,53,0,,UIPopup_MemoryTicketExchangeShop|Dim|BG|Banner|UFX_FireWork|BannerArea|BannerPos|UIBanner_SeasonPass_Christmas_2025|Img_BannerBG|Img_BannerBG (1)|Light|Tilte (1),7
Assets/Resources/prefabs/ui/listitem/memorycard/shop/UIListItem_MemoryCardShop_BG.prefab,UIListItem_MemoryCardShop_BG,listitem,467,487,0,,UIListItem_MemoryCardShop_BG|BG (1)|BG|Deco_1|Deco_2|Deco_2 (1)|Gradiant|Gradiant (1)|Top_Kokomi|Character|GameObject|Deco,12
Assets/Resources/prefabs/ui/listitem/memorycard/shop/UIListItem_MemoryTicketExchangeShop 1.prefab,UIListItem_MemoryTicketExchangeShop 1,listitem,45,45,1,loading,UIListItem_MemoryTicketExchangeShop 1|ItemBG|Top|InnerLine|Icon_Card|Item_MemoryCard|UIListItem_MemoryCard_Maid_Aku_102005|Card|BG|UIListItem_Char_Aku|Char|Frame,1
Assets/Resources/prefabs/ui/listitem/memorycard/shop/UIListItem_MemoryTicketExchangeShop.prefab,UIListItem_MemoryTicketExchangeShop,listitem,39,39,1,loading,UIListItem_MemoryTicketExchangeShop|ItemBG|Top|InnerLine|GoodsArea|Image|Item_MemoryCard|AmountGroup|Amount|Item_Amount|Count|Text,0
Assets/Resources/prefabs/ui/listitem/memorycard/UIListItem_MemoryCardChanceInfo.prefab,UIListItem_MemoryCardChanceInfo,listitem,5,5,0,,UIListItem_MemoryCardChanceInfo|Image (1)|Text_Title|Image (2)|Text_Title,1
Assets/Resources/prefabs/ui/listitem/memorycard/UIListItem_MemoryCardChanceInfo_Title.prefab,UIListItem_MemoryCardChanceInfo_Title,listitem,5,5,0,,UIListItem_MemoryCardChanceInfo_Title|Image (1)|Text_Title|Image (2)|Text_Title,1
Assets/Resources/prefabs/ui/listitem/memorycardboard/One.prefab,One,listitem,2,2,0,,One|Image (1),0
Assets/Resources/prefabs/ui/listitem/memorycardboard/UIListItem_Block.prefab,UIListItem_Block,listitem,6,6,0,,UIListItem_Block|UIListItem_Block|UIListItem_Block (1)|Image|Card|Image (1),0
Assets/Resources/prefabs/ui/listitem/memorycardboard/UIListItem_Star.prefab,UIListItem_Star,listitem,5,5,0,,UIListItem_Star|UIListItem_Star (1)|UIListItem_Star (2)|UIListItem_Star|UIListItem_Star (1),0
Assets/Resources/prefabs/ui/listitem/minigame/UIListitem_MiniGame_PuddingJump.prefab,UIListitem_MiniGame_PuddingJump,listitem,202,208,0,,UIListitem_MiniGame_PuddingJump|PlayStart|Scroll View|Sky|SkyHigh|Viewport|Content|BG|Cloud 1|cloud1|cloud (2)|cloud (3),12
Assets/Resources/prefabs/ui/listitem/minigame/UIListitem_PC_PuddingJump_Pudding.prefab,UIListitem_PC_PuddingJump_Pudding,listitem,19,19,0,,UIListitem_PC_PuddingJump_Pudding|MoveObject|NormalPudding|SkeletonGraphic (ChocoPudding)|Stick|Image|Stick (1)|HalfBeatPudding|SkeletonGraphic (ChocoPudding)|Stick|Image|Stick (1),5
Assets/Resources/prefabs/ui/listitem/minigame/UIListitem_PuddingJump_Char.prefab,UIListitem_PuddingJump_Char,listitem,4,4,0,,UIListitem_PuddingJump_Char|Maid_1002_SD|GameObject|SkeletonGraphic (Maid02_SD_Aku_Jump),0
Assets/Resources/prefabs/ui/listitem/minigame/UIListitem_PuddingJump_Pudding.prefab,UIListitem_PuddingJump_Pudding,listitem,31,31,0,,UIListitem_PuddingJump_Pudding|MoveObject|NormalPudding|SkeletonGraphic (ChocoPudding)|Stick|Image|Stick (1)|HalfBeatPudding|SkeletonGraphic (ChocoPudding)|Stick|Image|Stick (1),7
Assets/Resources/prefabs/ui/listitem/minigame/UIListIten_PuddingJump_Warning.prefab,UIListIten_PuddingJump_Warning,listitem,4,4,0,,UIListIten_PuddingJump_Warning|Image|Image (1)|Text (TMP),0
Assets/Resources/prefabs/ui/listitem/minigame/UIListitme_ArcadeBanner.prefab,UIListitme_ArcadeBanner,listitem,8,8,0,,UIListitme_ArcadeBanner|Image (1)|UIBanner_PuddingJump|BGArea|Image|Light|TextTitle|OL,2
Assets/Resources/prefabs/ui/listitem/outgame/UIListItem_ChooseDormitory.prefab,UIListItem_ChooseDormitory,listitem,1,1,0,,UIListItem_ChooseDormitory,0
Assets/Resources/prefabs/ui/listitem/outgame/UIListItem_FriendInvite.prefab,UIListItem_FriendInvite,listitem,16,16,0,,UIListItem_FriendInvite|BG|Image|Basic|'GetBasicReward '|Text (TMP)|GetBasicReward_Disable|Text (TMP)|Step|BG|Image|TextCount,1
Assets/Resources/prefabs/ui/listitem/outgame/UIListItem_FriendInviteReward.prefab,UIListItem_FriendInviteReward,listitem,6,6,0,,UIListItem_FriendInviteReward|BG|Icon|Text_Amount|Btn_Info|Info,0
Assets/Resources/prefabs/ui/listitem/outgame/UIListItem_Notice.prefab,UIListItem_Notice,listitem,31,31,0,,UIListItem_Notice|BG|Image|Deco|Mask_Char|Image|Image (1)|New SkeletonGraphic|GameObject|R|Image|RemainTime,1
Assets/Resources/prefabs/ui/listitem/outgame/UIListItem_Notice_Sns.prefab,UIListItem_Notice_Sns,listitem,8,8,0,,UIListItem_Notice_Sns|Image (Bg)|Image (Logo)|Image (Energy)|Image (Chat)|Image (2)|Image|Text (Amount),0
Assets/Resources/prefabs/ui/listitem/outgame/UIListItem_NoticeAds.prefab,UIListItem_NoticeAds,listitem,38,42,0,,UIListItem_NoticeAds|BG|Image_Char|Text_NoticeName|RemainTime|Txt_RemainTime|Image|Bottom|Deco|Button_Get|Btn_Green|Image,1
Assets/Resources/prefabs/ui/listitem/outgame/UIListItem_NoticeReward.prefab,UIListItem_NoticeReward,listitem,5,5,0,,UIListItem_NoticeReward|Image_Item|Text_Amount|Image_Info|Button,0
Assets/Resources/prefabs/ui/listitem/package/UIListitem_CardPack01Package.prefab,UIListitem_CardPack01Package,listitem,3,3,0,,UIListitem_CardPack01Package|SpinePose|SkeletonGraphic (Event_CardPackage_Icon),0
Assets/Resources/prefabs/ui/listitem/package/UIListitem_GoldPackage_Icon.prefab,UIListitem_GoldPackage_Icon,listitem,9,9,0,,UIListitem_GoldPackage_Icon|BG|Icon_2|Icon_3|Icon_6|Icon_7|Icon|Icon_1|Icon_4,0
Assets/Resources/prefabs/ui/listitem/package/UIListitem_HighKuji.prefab,UIListitem_HighKuji,listitem,174,174,0,,UIListitem_HighKuji|RewardArea|SpineParent|UIListItem_Reward|Item_Reward|Item_Amount|Costume|GameObject|Btn_Info|Icon_Info|UIListItme_MaidSkin_AlernativeReward|SkinName,0
Assets/Resources/prefabs/ui/listitem/package/UIListitem_JewelPackage_Icon.prefab,UIListitem_JewelPackage_Icon,listitem,10,10,0,,UIListitem_JewelPackage_Icon|BG|Icon_2|Icon_3|Icon_6|Icon_7|Icon|Icon_1|Icon_5|Icon_4,0
Assets/Resources/prefabs/ui/listitem/package/UIListitem_JokerPackage_Icon.prefab,UIListitem_JokerPackage_Icon,listitem,11,11,0,,UIListitem_JokerPackage_Icon|BG|BG (1)|BG (2)|BG_1|Image|BG_3|BG_2|Icon|Image|Star,0
Assets/Resources/prefabs/ui/listitem/package/UIListitem_LevelUpPackage_Icon.prefab,UIListitem_LevelUpPackage_Icon,listitem,5,5,0,,UIListitem_LevelUpPackage_Icon|BG|Image|Icon|Star,0
Assets/Resources/prefabs/ui/listitem/package/UIListitem_RandomBoxPackage_Icon.prefab,UIListitem_RandomBoxPackage_Icon,listitem,9,9,0,,UIListitem_RandomBoxPackage_Icon|BG|BG|BG_1|Image|Icon|Star|BG_3|BG_2,0
Assets/Resources/prefabs/ui/listitem/package/UIListitem_RouletteSlot.prefab,UIListitem_RouletteSlot,listitem,27,29,0,,UIListitem_RouletteSlot|OFF|OL|UIListItem_Reward|Item_Reward|Item_Amount|Costume|GameObject|Btn_Info|Icon_Info|IconArea_Off|Normal,0
Assets/Resources/prefabs/ui/listitem/package/UIListitem_SDPackage_Akane.prefab,UIListitem_SDPackage_Akane,listitem,3,3,0,,UIListitem_SDPackage_Akane|BG|Contents,0
Assets/Resources/prefabs/ui/listitem/package/UIListitem_SeasonPassPointPack_Summer_Icon.prefab,UIListitem_SeasonPassPointPack_Summer_Icon,listitem,10,10,0,,UIListitem_SeasonPassPointPack_Summer_Icon|BG|Color (1)|Icon_6 (4)|Icon_6 (5)|Color|Icon_1|Icon_4|Glow|Icon,0
Assets/Resources/prefabs/ui/listitem/package/UIListitem_SelectBoxPackage_Icon.prefab,UIListitem_SelectBoxPackage_Icon,listitem,9,9,0,,UIListitem_SelectBoxPackage_Icon|BG|BG|BG_1|Image|Icon|Star|BG_3|BG_2,0
Assets/Resources/prefabs/ui/listitem/package/UIListitem_Simple_KaedeBirthDay_Pack.prefab,UIListitem_Simple_KaedeBirthDay_Pack,listitem,3,3,0,,UIListitem_Simple_KaedeBirthDay_Pack|BG|Contents,0
Assets/Resources/prefabs/ui/listitem/package/UIListitem_Simple_KokomiBirthDay_Pack.prefab,UIListitem_Simple_KokomiBirthDay_Pack,listitem,3,3,0,,UIListitem_Simple_KokomiBirthDay_Pack|BG|Contents,0
Assets/Resources/prefabs/ui/listitem/package/UIListitem_SimpleNormalPack_01.prefab,UIListitem_SimpleNormalPack_01,listitem,3,3,0,,UIListitem_SimpleNormalPack_01|BG|Contents,0
Assets/Resources/prefabs/ui/listitem/package/UIListitem_SimpleNormalPack_02.prefab,UIListitem_SimpleNormalPack_02,listitem,3,3,0,,UIListitem_SimpleNormalPack_02|BG|Contents,0
Assets/Resources/prefabs/ui/listitem/package/UIListitem_SimpleNormalPack_TreasureSand_01.prefab,UIListitem_SimpleNormalPack_TreasureSand_01,listitem,3,3,0,,UIListitem_SimpleNormalPack_TreasureSand_01|BG|Contents,0
Assets/Resources/prefabs/ui/listitem/package/UIListitem_SimpleNormalPack_TreasureSand_02.prefab,UIListitem_SimpleNormalPack_TreasureSand_02,listitem,3,3,0,,UIListitem_SimpleNormalPack_TreasureSand_02|BG|Contents,0
Assets/Resources/prefabs/ui/listitem/package/UIListitem_SimpleNormalPack_TreasureSand_03.prefab,UIListitem_SimpleNormalPack_TreasureSand_03,listitem,3,3,0,,UIListitem_SimpleNormalPack_TreasureSand_03|BG|Contents,0
Assets/Resources/prefabs/ui/listitem/package/UIListitem_SplitPackage_Icon.prefab,UIListitem_SplitPackage_Icon,listitem,11,11,0,,UIListitem_SplitPackage_Icon|BG|BG (1)|BG|BG_1|Image|BG_3|BG_2|Icon (1)|Image|Star,0
Assets/Resources/prefabs/ui/listitem/package/UIListitem_StarterPackage_Icon.prefab,UIListitem_StarterPackage_Icon,listitem,20,20,0,,UIListitem_StarterPackage_Icon|BG|Icon|Image (1)|Image (2)|Image (3)|Image (2)|Image (2)|Image (3)|Image (3)|Image (2)|Image (3),0
Assets/Resources/prefabs/ui/listitem/package/UIPackage_BenefitMorePackage.prefab,UIPackage_BenefitMorePackage,listitem,8,8,0,,UIPackage_BenefitMorePackage|Image|BG|Image (3)|Glow|Image (4)|Glow (1)|Image (6),0
Assets/Resources/prefabs/ui/listitem/package/UIPackage_BenefitMorePackage_Normal.prefab,UIPackage_BenefitMorePackage_Normal,listitem,14,17,0,,UIPackage_BenefitMorePackage_Normal|Mask|BG|Core|CoinBall|Deco_1|UIParticle|Deco_1|Deco_2|UIParticle_1|Deco_1|Deco_3,0
Assets/Resources/prefabs/ui/listitem/package/UIPackage_BenefitSalePackage.prefab,UIPackage_BenefitSalePackage,listitem,5,5,0,,UIPackage_BenefitSalePackage|Image|Image (1)|Image (1)|Image (1),0
Assets/Resources/prefabs/ui/listitem/package/UIPackage_BenefitSalePackage_Normal.prefab,UIPackage_BenefitSalePackage_Normal,listitem,14,17,0,,UIPackage_BenefitSalePackage_Normal|Mask|BG|Core|CoinBall|Deco_1|UIParticle|Deco_1|Deco_2|UIParticle_1|Deco_1|Deco_3,0
Assets/Resources/prefabs/ui/listitem/package/UIPackage_Costume.prefab,UIPackage_Costume,listitem,6,6,0,,UIPackage_Costume|Image|BG|Mask|GameObject|Image (2),0
Assets/Resources/prefabs/ui/listitem/package/UIPackage_DuckTube.prefab,UIPackage_DuckTube,listitem,5,5,0,,UIPackage_DuckTube|Image|BG|BG|SkeletonGraphic (GoldWorm_DuckTube),0
Assets/Resources/prefabs/ui/listitem/package/UIPackage_EnergyPackage.prefab,UIPackage_EnergyPackage,listitem,6,6,0,,UIPackage_EnergyPackage|Image|Image_1|Image_2|Image_4|Image_3,0
Assets/Resources/prefabs/ui/listitem/package/UIPackage_Gemjar.prefab,UIPackage_Gemjar,listitem,53,58,0,,UIPackage_Gemjar|Normal|BG|BG (1)|Jewel3|JewelDirt|Mask|JewelClean|Glow|Jewel2|JewelDirt|Mask,0
Assets/Resources/prefabs/ui/listitem/package/UIPackage_GoldenWorm.prefab,UIPackage_GoldenWorm,listitem,6,6,0,,UIPackage_GoldenWorm|Image|BG|Icon|New SkeletonGraphic|New SkeletonGraphic_1,0
Assets/Resources/prefabs/ui/listitem/package/UIPackage_HighKuji.prefab,UIPackage_HighKuji,listitem,9,11,0,,UIPackage_HighKuji|Image (1)|BG|Mask|GameObject|Image (2)|UFX_Noti|Image|UIParticle,0
Assets/Resources/prefabs/ui/listitem/package/UIPackage_HighKuji_2025Christmas.prefab,UIPackage_HighKuji_2025Christmas,listitem,6,6,0,,UIPackage_HighKuji_2025Christmas|Image (1)|BG|Mask|GameObject|Image (2),0
Assets/Resources/prefabs/ui/listitem/package/UIPackage_MaidChatPackage.prefab,UIPackage_MaidChatPackage,listitem,14,14,0,,UIPackage_MaidChatPackage|BG|BG (1)|BG|BG_1|Image|BG_3|BG_3 (1)|BG_2|BG_2 (1)|Image|Icon (1),0
Assets/Resources/prefabs/ui/listitem/package/UIPackage_OnePlusPackage.prefab,UIPackage_OnePlusPackage,listitem,11,11,0,,UIPackage_OnePlusPackage|Image|TextGroup|Image_1|Image_2|1|Text (TMP)|2|Text (TMP)_1|3|Text (TMP)_2,0
Assets/Resources/prefabs/ui/listitem/package/UIPackage_Roulette.prefab,UIPackage_Roulette,listitem,9,11,0,,UIPackage_Roulette|Image (1)|BG|Mask|GameObject|Image (2)|UFX_Noti|Image|UIParticle,0
Assets/Resources/prefabs/ui/listitem/package/UIPackage_SeasonPass.prefab,UIPackage_SeasonPass,listitem,12,12,0,,UIPackage_SeasonPass|Image|BG|SpineMask|SpinePos|New SkeletonGraphic|GameObject|Text (TMP)_4|Text (TMP)_3|Text (TMP)_2|Text (TMP)_1|Text (TMP),0
Assets/Resources/prefabs/ui/listitem/package/UIPackage_SpecialAttendance.prefab,UIPackage_SpecialAttendance,listitem,12,12,0,,UIPackage_SpecialAttendance|Image|BG|SpineMask|SpinePos|New SkeletonGraphic|GameObject|Text (TMP)_4|Text (TMP)_3|Text (TMP)_2|Text (TMP)_1|Text (TMP),0
Assets/Resources/prefabs/ui/listitem/package/UIPackage_StarterPack.prefab,UIPackage_StarterPack,listitem,21,21,0,,UIPackage_StarterPack|Image|BG|Icon|Image (1)|Image (2)|Image (3)|Image (2)|Image (2)|Image (3)|Image (3)|Image (2),0
Assets/Resources/prefabs/ui/listitem/package/UIPackageBase.prefab,UIPackageBase,listitem,9,11,0,,UIPackageBase|IconArea|Parent|Time|Text_Time|Btn_Area|UFX_Noti|Image|UIParticle,0
Assets/Resources/prefabs/ui/listitem/photocard/PhotoCard_Maid01_01.prefab,PhotoCard_Maid01_01,listitem,59,59,0,,PhotoCard_Maid01_01|Char|Mask|SkeletonGraphic (PC_Maid02_01)|SkeletonGraphic (PC_Maid02_01)|Part[0]|Renderer0|UpLayerGroup|Uplayers|Part[1]|Renderer1|Part[2],0
Assets/Resources/prefabs/ui/listitem/photocard/PhotoCard_Maid02_01.prefab,PhotoCard_Maid02_01,listitem,10,10,0,,PhotoCard_Maid02_01|Char|Normal|SkeletonGraphic (PC_Aku_Cafe01_CHR)|UpLayer|SkeletonGraphic (PC_Aku_Cafe01_CHR)|Part[0]|Renderer0|Part[1]|Renderer1,1
Assets/Resources/prefabs/ui/listitem/quest/Grid_QuestItem.prefab,Grid_QuestItem,listitem,160,168,0,,Grid_QuestItem|GameObject|Mask|NPC|BG|SlotGrid|UIListItem_QuestItemSlot|Item|Icon_Shop|NewText|Text (TMP)|Icon_MatchMark,2
Assets/Resources/prefabs/ui/listitem/quest/Grid_QuestItem_Summer_Festival.prefab,Grid_QuestItem_Summer_Festival,listitem,108,114,0,,Grid_QuestItem_Summer_Festival|GameObject|Mask|NPC|BG|SlotGrid|UIListItem_QuestItemSlot|Item|Icon_Shop|NewText|Text (TMP)|Icon_MatchMark,1
Assets/Resources/prefabs/ui/listitem/quest/Grid_QuestItemConstruct.prefab,Grid_QuestItemConstruct,listitem,140,150,0,,Grid_QuestItemConstruct|GameObject|Mask|NPC|BG|SlotGrid|UIListItem_QuestItemSlot|Item|Icon_Shop|NewText|Text (TMP)|Icon_MatchMark,0
Assets/Resources/prefabs/ui/listitem/quest/Grid_QuestItemSingle.prefab,Grid_QuestItemSingle,listitem,135,145,0,,Grid_QuestItemSingle|GameObject|Mask|NPC|BG|RequiredGold|Background2|Background|Fill Area|Fill|Text (TMP)|Icon,0
Assets/Resources/prefabs/ui/listitem/quest/UIListItem_QuestItemSlot.prefab,UIListItem_QuestItemSlot,listitem,7,7,0,,UIListItem_QuestItemSlot|Item|Icon_Shop|NewText|Text (TMP)|Icon_MatchMark|Icon_AllMatchMark,0
Assets/Resources/prefabs/ui/listitem/quest/UIListItem_QuestRewardItem.prefab,UIListItem_QuestRewardItem,listitem,3,3,0,,UIListItem_QuestRewardItem|Icon_Item|Text_Item,0
Assets/Resources/prefabs/ui/listitem/quest/UIListItem_QuestRewardItem_Ver_Short.prefab,UIListItem_QuestRewardItem_Ver_Short,listitem,4,4,0,,UIListItem_QuestRewardItem_Ver_Short|Icon_Item|Text_Item|infoBtnArea,0
Assets/Resources/prefabs/ui/listitem/QuestItem_EchoArchive.prefab,QuestItem_EchoArchive,listitem,14,17,0,,QuestItem_EchoArchive|BookParent|UIParticle|Image|Glow|Img_Book|UFX_Noti|Image|UIParticle|Gauge|RewardGauge|Mask_Gauge,0
Assets/Resources/prefabs/ui/listitem/shop/Grid_ShopGoods.prefab,Grid_ShopGoods,listitem,48,48,1,loading,Grid_ShopGoods|Item_Text|BlockBG|BottomBlock|Bottom1|Bottom2|deco|deco|InnerLine|Icon_Block|AmountGroup|Amount,0
Assets/Resources/prefabs/ui/listitem/shop/UIList_ShopNormal.prefab,UIList_ShopNormal,listitem,958,965,2,loading|story,UIList_ShopNormal|UIListItem_ShopTitlePackage|Text|Pattern1|Timer|RemainTime|Txt_RemainTime|Image|Btn_Reset|BG|Icon_Story|Grid_Package,12
Assets/Resources/prefabs/ui/listitem/shop/UIListItem_ShopBlock.prefab,UIListItem_ShopBlock,listitem,31,31,1,loading,UIListItem_ShopBlock|BlockBG|Top|InnerLine|Icon_Block|AmountGroup|Amount|Item_Amount|Count|Text|BottomBlock|Bottom1,0
Assets/Resources/prefabs/ui/listitem/shop/UIlistitem_ShopCostumeItem.prefab,UIlistitem_ShopCostumeItem,listitem,81,81,0,,UIlistitem_ShopCostumeItem|Mask|CostumeBG|LDPos(face)|Maid_1003_LD_Summer01|GameObject|SkeletonGraphic (Ch_Maid03_Basic01_LD)|Mate_1003_LD_Summer01|GameObject|SkeletonGraphic (Mate03_LD)|CH_Effects|NpcEffect,4
Assets/Resources/prefabs/ui/listitem/shop/UIListItem_ShopCurrency.prefab,UIListItem_ShopCurrency,listitem,43,44,1,loading,UIListItem_ShopCurrency|Item_Text|CurrencyBG|Top|InnerLine|Icon_Currency|AmountGroup|Amount|Item_Amount|eventBonus|BonusAmount|Bonusamount,0
Assets/Resources/prefabs/ui/listitem/shop/UIListItem_ShopDaily.prefab,UIListItem_ShopDaily,listitem,31,33,1,loading,UIListItem_ShopDaily|Item_Text|BlockBG|Icon_Block|BlockCover|Image|BottomBlock|Bottom1|Bottom2|deco|deco|InnerLine,0
Assets/Resources/prefabs/ui/listitem/shop/UIListItem_ShopKujiCoupon.prefab,UIListItem_ShopKujiCoupon,listitem,48,49,1,loading,UIListItem_ShopKujiCoupon|Item_Text|CurrencyBG|Top|InnerLine|Icon_Currency|Single|Bundle|Image (1)|Image (2)|Image (3)|Image (4),0
Assets/Resources/prefabs/ui/listitem/shop/UIListItem_ShopKujiCoupon_Set.prefab,UIListItem_ShopKujiCoupon_Set,listitem,120,122,1,loading,UIListItem_ShopKujiCoupon_Set|BG (1)|Mask|BG|SpinePos|UIListItem_Reward|Item_Reward|Item_Amount|Costume|GameObject|BGColor|Gradient,6
Assets/Resources/prefabs/ui/listitem/shop/UIListItem_ShopMaidGift.prefab,UIListItem_ShopMaidGift,listitem,49,51,1,loading,UIListItem_ShopMaidGift|BlockBG|Top|InnerLine|Icon_Block|AmountGroup|Count|Text|Amount|Item_Amount|BottomBlock|Bottom1,0
Assets/Resources/prefabs/ui/listitem/shop/UIListItem_ShopMemoryTicket.prefab,UIListItem_ShopMemoryTicket,listitem,98,99,1,loading,UIListItem_ShopMemoryTicket|Top|InnerLine|Mask|BG|BGCover|Glow1|Glow2|Icon|UIParticle|Text (TMP)|BtnGroup,2
Assets/Resources/prefabs/ui/listitem/shop/UIListItem_ShopSummerFestival.prefab,UIListItem_ShopSummerFestival,listitem,31,31,1,loading,UIListItem_ShopSummerFestival|BlockBG|Top|InnerLine|Icon_Block|AmountGroup|Amount|Item_Amount|Count|Text|BottomBlock|Bottom1,0
Assets/Resources/prefabs/ui/listitem/shop/UIListitem_SpecialBlockPackageQuest.prefab,UIListitem_SpecialBlockPackageQuest,listitem,31,31,0,,UIListitem_SpecialBlockPackageQuest|Text (TMP)|Text (TMP) (2)|Image|Image (1)|Image (2)|Image (3)|OrderList|OrderListitem|Image|Icon_MatchMark|CheckLine,0
Assets/Resources/prefabs/ui/listitem/shop/UIListItem_VideoBonus.prefab,UIListItem_VideoBonus,listitem,10,10,0,,UIListItem_VideoBonus|BG (5)|OnCurrentStep|Text_Amount|Item|Btn_Info|Icon_Info|OnClear|Dim|Icon,0
Assets/Resources/prefabs/ui/listitem/story/UIListitem_Logitem.prefab,UIListitem_Logitem,listitem,6,6,0,,UIListitem_Logitem|Name|ColorTag|Text_CharName|Text|Text_Dialog,2
Assets/Resources/prefabs/ui/listitem/story/UIListitem_StoryCharGroup.prefab,UIListitem_StoryCharGroup,listitem,11,11,1,story,UIListitem_StoryCharGroup|CharPos|1|2|3|4|5|-1|-2|Camera|CharParent,0
Assets/Resources/prefabs/ui/listitem/story/UiListitem_StoryCharInfo.prefab,UiListitem_StoryCharInfo,listitem,2,2,1,story,UiListitem_StoryCharInfo|LeftEnter,0
Assets/Resources/prefabs/ui/listitem/story/UIListitem_StoryDialog.prefab,UIListitem_StoryDialog,listitem,21,21,1,story,UIListitem_StoryDialog|DialogPreview|Text_DialogPreview|Tail|NPCDialog|Dialog|Bg|GameObject|GameObject (1)|GameObject (2)|Name|Char,1
Assets/Resources/prefabs/ui/listitem/story/UiListitem_StoryPopupImage.prefab,UiListitem_StoryPopupImage,listitem,3,3,1,story,UiListitem_StoryPopupImage|BG|image,1
Assets/Resources/prefabs/ui/listitem/story/UIListitem_StoryQuestPopup.prefab,UIListitem_StoryQuestPopup,listitem,18,18,1,story,UIListitem_StoryQuestPopup|BG|Panel|BGTittle|TextTitle|BtnClose|Top|Char|Chat|ChatBG|CharName|Text_CharName,2
Assets/Resources/prefabs/ui/listitem/story/UiListitem_StorySelectButton.prefab,UiListitem_StorySelectButton,listitem,13,13,1,story,UiListitem_StorySelectButton|Button 1|ButtonObject|Text (TMP) (1)|Button 1 (1)|ButtonObject|Text (TMP) (1)|Button 1 (2)|ButtonObject|Text (TMP) (1)|Button 1 (3)|ButtonObject,8
Assets/Resources/prefabs/ui/listitem/UIListitem_7DayCostume.prefab,UIListitem_7DayCostume,listitem,19,19,0,,UIListitem_7DayCostume|BG_T|Cover|DotLine|CurrentDay|ItemLight|OLLight|UIListItem_Reward|Item_Reward|Item_Amount|Costume|GameObject,0
Assets/Resources/prefabs/ui/listitem/UIListitem_Album_Grid_Img.prefab,UIListitem_Album_Grid_Img,listitem,10,10,0,,UIListitem_Album_Grid_Img|ImgMask|ImgSlot|ImgLock|ImgLock (2)|ImgLock (1)|ImgLock (3)|OutLine (1)|Text (TMP)|OutLine,0
Assets/Resources/prefabs/ui/listitem/UIListitem_AlbumGroup.prefab,UIListitem_AlbumGroup,listitem,79,79,0,,UIListitem_AlbumGroup|Grid_Imgs|UIListitem_Album_Grid_Img|ImgMask|ImgSlot|ImgLock|ImgLock (2)|ImgLock (1)|ImgLock (3)|OutLine (1)|Text (TMP)|OutLine,2
Assets/Resources/prefabs/ui/listitem/UIListitem_BandSheet.prefab,UIListitem_BandSheet,listitem,412,420,0,,UIListitem_BandSheet|ScoreSheet|HorizontalLine|Line|Line|Line|Line|Line|VerticalLine|Start|Empty|Line,5
Assets/Resources/prefabs/ui/listitem/UIListitem_BenefitMorePackage.prefab,UIListitem_BenefitMorePackage,listitem,54,54,0,,UIListitem_BenefitMorePackage|BG|Next_Arrow|Arrow|RewardGroup|UIListItem_RewardInfo|boximg|GameObject|Item|Item (1)|TextAmount|Btn_Info,0
Assets/Resources/prefabs/ui/listitem/UIListitem_BenefitSalePackage.prefab,UIListitem_BenefitSalePackage,listitem,55,55,0,,UIListitem_BenefitSalePackage|BG|Deco|Next_Arrow|Arrow|RewardGroup|UIListItem_RewardInfo|boximg|GameObject|Item|Item (1)|TextAmount,0
Assets/Resources/prefabs/ui/listitem/UIListItem_BlockSeq.prefab,UIListItem_BlockSeq,listitem,58,58,0,,UIListItem_BlockSeq|Default|Shell|Shell|Shell|Lock|Default|Bg_Lock|Image_|InnerLine|Current|Glow,0
Assets/Resources/prefabs/ui/listitem/UIListitem_CardPackTierRate.prefab,UIListitem_CardPackTierRate,listitem,12,12,0,,UIListitem_CardPackTierRate|Prize|ProductList|Image (1)|Image (2)|Image (3)|Image (4)|Image (5)|Image (6)|Image (7)|Probability|Text (TMP),0
Assets/Resources/prefabs/ui/listitem/UIListItem_ChatBoxImageLeft.prefab,UIListItem_ChatBoxImageLeft,listitem,3,3,0,,UIListItem_ChatBoxImageLeft|Mask|Contents_Img,0
Assets/Resources/prefabs/ui/listitem/UIListItem_ChatBoxLeft.prefab,UIListItem_ChatBoxLeft,listitem,2,2,0,,UIListItem_ChatBoxLeft|Text_Chat,0
Assets/Resources/prefabs/ui/listitem/UIListItem_ChatBoxRight.prefab,UIListItem_ChatBoxRight,listitem,2,2,0,,UIListItem_ChatBoxRight|Text_Chat,0
Assets/Resources/prefabs/ui/listitem/UIListitem_ChatLeft.prefab,UIListitem_ChatLeft,listitem,16,16,1,loading,UIListitem_ChatLeft|MaidName|OutLine|ProfileImage|BG|ProfilePos|ProfileImg|SpinePos|InnerLine|Tail|ChatList|UFX_ChatLoading,2
Assets/Resources/prefabs/ui/listitem/UIListitem_ChatMark.prefab,UIListitem_ChatMark,listitem,2,2,0,,UIListitem_ChatMark|Image,1
Assets/Resources/prefabs/ui/listitem/UIListitem_ChatRight.prefab,UIListitem_ChatRight,listitem,3,3,0,,UIListitem_ChatRight|Image (1)|ChatList,1
Assets/Resources/prefabs/ui/listitem/UIListItem_Collectible.prefab,UIListItem_Collectible,listitem,13,15,0,,UIListItem_Collectible|BG|OnUnlock|Image|OnReward|Image|OnSilhouette|Image|OnLock|Image|UFX_Noti|Image,0
Assets/Resources/prefabs/ui/listitem/UIListitem_CostumeChangeBtn.prefab,UIListitem_CostumeChangeBtn,listitem,6,6,0,,UIListitem_CostumeChangeBtn|BG|Npc|Sprite Mask|Sprite Mask (1)|Sprite Mask (2),0
Assets/Resources/prefabs/ui/listitem/UIListitem_CumulativeReward.prefab,UIListitem_CumulativeReward,listitem,18,18,0,,UIListitem_CumulativeReward|RewardArea|Tail|Tail_1|UIListItem_Reward|Item_Reward|Item_Amount|Costume|GameObject|Btn_Info|Icon_Info|RewardGet,0
Assets/Resources/prefabs/ui/listitem/UIListitem_CumulativeReward_Horizontal.prefab,UIListitem_CumulativeReward_Horizontal,listitem,19,19,0,,UIListitem_CumulativeReward_Horizontal|RewardArea|Tail_1 (1)|Tail|Tail_1|UIListItem_Reward|Item_Reward|Item_Amount|Costume|GameObject|Btn_Info|Icon_Info,0
Assets/Resources/prefabs/ui/listitem/UIListitem_CustomerChatBoxLeft.prefab,UIListitem_CustomerChatBoxLeft,listitem,2,2,0,,UIListitem_CustomerChatBoxLeft|Text_Chat,0
Assets/Resources/prefabs/ui/listitem/UIListitem_CustomerChatBoxNarration.prefab,UIListitem_CustomerChatBoxNarration,listitem,2,2,0,,UIListitem_CustomerChatBoxNarration|Text_Chat,1
Assets/Resources/prefabs/ui/listitem/UIListitem_CustomerChatBoxRight.prefab,UIListitem_CustomerChatBoxRight,listitem,2,2,0,,UIListitem_CustomerChatBoxRight|Text_Chat,0
Assets/Resources/prefabs/ui/listitem/UIListitem_CustomerChatLeft.prefab,UIListitem_CustomerChatLeft,listitem,4,4,0,,UIListitem_CustomerChatLeft|MaidName|Tail|ChatList,1
Assets/Resources/prefabs/ui/listitem/UIListitem_CustomerChatNarration.prefab,UIListitem_CustomerChatNarration,listitem,5,5,0,,UIListitem_CustomerChatNarration|ChatList|Image (1)|ChatBoxParent|Image,3
Assets/Resources/prefabs/ui/listitem/UIListitem_CustomerChatRight.prefab,UIListitem_CustomerChatRight,listitem,4,4,0,,'UIListitem_CustomerChatRight '|MaidName|Tail|ChatList,1
Assets/Resources/prefabs/ui/listitem/UIListItem_CustomerCollectionSeq.prefab,UIListItem_CustomerCollectionSeq,listitem,24,26,0,,UIListItem_CustomerCollectionSeq|Defalt|Mask|InnerBG|NpcParent|Image|Lock|Bg_Lock|Image|Text (TMP)|InnerGlow|RewardBG,0
Assets/Resources/prefabs/ui/listitem/UiListitem_EchoArchive_CollectBlock.prefab,UiListitem_EchoArchive_CollectBlock,listitem,28,31,0,,UiListitem_EchoArchive_CollectBlock|UIListItem_RewardItem|Coupon_ FinalReward|Image|Effect|Light|GameObject|Icon_reward|Coupon|Image|Text (TMP)|GetPanel,0
Assets/Resources/prefabs/ui/listitem/UiListitem_EchoArchive_FabricateBlock.prefab,UiListitem_EchoArchive_FabricateBlock,listitem,25,28,0,,UiListitem_EchoArchive_FabricateBlock|UIListItem_RewardItem|Coupon_ FinalReward|Image|Effect|Light|GameObject|Icon_reward|Coupon|Image|Text (TMP)|GetPanel,0
Assets/Resources/prefabs/ui/listitem/UIListitem_EnergyBottle.prefab,UIListitem_EnergyBottle,listitem,81,82,0,,UIListitem_EnergyBottle|BG|mid|Group_T|Image (3)|Image (5)|Image (8)|Image (4)|Image (2)|Image (7)|Image (6)|Image (1),0
Assets/Resources/prefabs/ui/listitem/UIListItem_EventSlotHouse.prefab,UIListItem_EventSlotHouse,listitem,23,27,0,,UIListItem_EventSlotHouse|Content|BG|OutLine|Tail (1)|Tail|Slot01|UFX_RewardOn (1)|UIParticle_RewardOn|Image_Item|Amount|Text (TMP),0
Assets/Resources/prefabs/ui/listitem/UIListItem_EventSlotReward.prefab,UIListItem_EventSlotReward,listitem,13,13,0,,UIListItem_EventSlotReward|BG|Tail|Line|Reward_02|Amount|Text_Amount|Reward_01|Amount|Text_Amount|Dot|Dim_Clear,0
Assets/Resources/prefabs/ui/listitem/UIListItem_FurnitureCollectionSeq.prefab,UIListItem_FurnitureCollectionSeq,listitem,24,24,0,,UIListItem_FurnitureCollectionSeq|Shell|Shell_1|Shell_2|Shell_3|Item|Image_Item|BtnArea|Noti_New|Image|Text (TMP)_1|RewardBG,0
Assets/Resources/prefabs/ui/listitem/UIListitem_GemJarItem.prefab,UIListitem_GemJarItem,listitem,76,89,0,,UIListitem_GemJarItem|BG|Shadow|Table|Image (16)|Image (15)|Image (17)|Image (14)|Image (17)|AllClearFX|AllClearFX1|AllClearFX2,4
Assets/Resources/prefabs/ui/listitem/UIListItem_GridSeriouslyMerge.prefab,UIListItem_GridSeriouslyMerge,listitem,41,43,0,,UIListItem_GridSeriouslyMerge|SpinePos|SpineFire|New SkeletonGraphic|Renderer0|Renderer1|SpineHeart|New SkeletonGraphic|Renderer0|Renderer1|Img_QuestCount|Image,0
Assets/Resources/prefabs/ui/listitem/UIListitem_HighKuji_RateItem.prefab,UIListitem_HighKuji_RateItem,listitem,7,7,0,,UIListitem_HighKuji_RateItem|Prize|Text (TMP)|Count|Text (TMP)|Probability|Text (TMP),1
Assets/Resources/prefabs/ui/listitem/UIListitem_HighKujiChoice.prefab,UIListitem_HighKujiChoice,listitem,12,13,0,,UIListitem_HighKujiChoice|Selected|Icon|Image (1)|Text (TMP)|Glow|Glow (1)|Image|UIParticle|Dim|Opened|Text (TMP),0
Assets/Resources/prefabs/ui/listitem/UIListitem_InGameResItem.prefab,UIListitem_InGameResItem,listitem,44,48,0,,UIListitem_InGameResItem|BG|BG|Item|IconImage|Selected|Image_Check|StatusGroup|Status_Own|Text (TMP)|Status_Use|Text (TMP),0
Assets/Resources/prefabs/ui/listitem/UIListItem_InvenSlot_Block.prefab,UIListItem_InvenSlot_Block,listitem,31,38,0,,UIListItem_InvenSlot_Block|Bg|Default|Shell|Shell|Shell|DormitoryItem|Glow|DormitoryItem|Slot_UnLock|Image_Block|Slot_Lock,0
Assets/Resources/prefabs/ui/listitem/UIListItem_InvenSlot_Block_BM.prefab,UIListItem_InvenSlot_Block_BM,listitem,7,7,0,,UIListItem_InvenSlot_Block_BM|Bg|Slot_UnLock|Image_Block|Slot_Info|Bg|Text (ItemCount),0
Assets/Resources/prefabs/ui/listitem/UIListItem_InvenSlot_Gift.prefab,UIListItem_InvenSlot_Gift,listitem,21,21,0,,UIListItem_InvenSlot_Gift|Bg|Slot|Image_Block|Slot_Info|Bg|MoreLikeMark|Text (TMP)|Text (TMP) (1)|Image|Image (1)|Amount (1),0
Assets/Resources/prefabs/ui/listitem/UIListItem_InvenSlot_ProduceBlock.prefab,UIListItem_InvenSlot_ProduceBlock,listitem,11,11,0,,UIListItem_InvenSlot_ProduceBlock|Slot|Bg_|Block|Image_Block|Block_Empty|Image_BlockEmpty|Slot_Info|Bg|CoolTime|Image_Gage,0
Assets/Resources/prefabs/ui/listitem/UIListitem_KujiCount.prefab,UIListitem_KujiCount,listitem,2,2,0,,UIListitem_KujiCount|Text (TMP),0
Assets/Resources/prefabs/ui/listitem/UIListitem_KujiSoldOutCount.prefab,UIListitem_KujiSoldOutCount,listitem,5,5,0,,UIListitem_KujiSoldOutCount|On|Text_Group|Text_Grade|Text_Title,0
Assets/Resources/prefabs/ui/listitem/UIListitem_LikeReward.prefab,UIListitem_LikeReward,listitem,26,28,0,,UIListitem_LikeReward|IconGroup|Icon_Off|Text (TMP)|Icon_On|Text (TMP)|Bub|OutLine|Tail|GameObject|Icon_reward|Text_SkillUp,0
Assets/Resources/prefabs/ui/listitem/UIListitem_LikeReward_Customer.prefab,UIListitem_LikeReward_Customer,listitem,39,40,0,,UIListitem_LikeReward_Customer|IconGroup|Icon_Off|Image (3)|Image (4)|Image (5)|Text (TMP)|Icon_On|Image (3)|Image (4)|Image (5)|Text (TMP),0
Assets/Resources/prefabs/ui/listitem/UIListItem_MaidAIChatBoxLeft.prefab,UIListItem_MaidAIChatBoxLeft,listitem,4,4,0,,UIListItem_MaidAIChatBoxLeft|Text_Chat|Button|Text_Chat (1),0
Assets/Resources/prefabs/ui/listitem/UIListItem_MaidAIChatBoxLeft_Depiction.prefab,UIListItem_MaidAIChatBoxLeft_Depiction,listitem,6,6,0,,UIListItem_MaidAIChatBoxLeft_Depiction|Text_Chat|Image (1)|Image (2)|Button|Text_Chat (1),0
Assets/Resources/prefabs/ui/listitem/UIListItem_MaidAIChatBoxRight.prefab,UIListItem_MaidAIChatBoxRight,listitem,2,2,0,,UIListItem_MaidAIChatBoxRight|Text_Chat,0
Assets/Resources/prefabs/ui/listitem/UIListitem_MaidAIChatLeft.prefab,UIListitem_MaidAIChatLeft,listitem,15,15,1,loading,UIListitem_MaidAIChatLeft|MaidName|OutLine|ProfileImage|BG|ProfilePos|ProfileImg|SpinePos|InnerLine|ChatList|UFX_ChatLoading|BG,2
Assets/Resources/prefabs/ui/listitem/UIListitem_MaidAIChatRight.prefab,UIListitem_MaidAIChatRight,listitem,3,3,0,,UIListitem_MaidAIChatRight|Image (1)|ChatList,1
Assets/Resources/prefabs/ui/listitem/UIListItem_MaidCard.prefab,UIListItem_MaidCard,listitem,14,14,0,,UIListItem_MaidCard|ProfileImage|BG|ProfileImage|SpinePos|Line|Desc|Maid_Name|Maid_StatusMessage|Noti|expand|Base,2
Assets/Resources/prefabs/ui/listitem/UIListItem_MaidCard_Bot.prefab,UIListItem_MaidCard_Bot,listitem,16,16,0,,UIListItem_MaidCard_Bot|ProfileImage|BG|ProfileImage|SpinePos|Line|Desc|Maid_Name|Maid_Senario|Maid_StatusMessage|LastMessage|Noti,2
Assets/Resources/prefabs/ui/listitem/UIListitem_MaidChatOption.prefab,UIListitem_MaidChatOption,listitem,5,5,0,,UIListitem_MaidChatOption|BG_On|Text_Option1|Add|Text (TMP),1
Assets/Resources/prefabs/ui/listitem/UIListitem_MaidCouponSelect.prefab,UIListitem_MaidCouponSelect,listitem,10,11,0,,UIListitem_MaidCouponSelect|SmallClip (1)|BG|CouponCardParent|Equipped|Image|Text (TMP)|UFX2 (1)|Selected|Button,0
Assets/Resources/prefabs/ui/listitem/UIListItem_MaidSelect.prefab,UIListItem_MaidSelect,listitem,12,12,0,,UIListItem_MaidSelect|MaidProfile|BG|MaidImgMask|SpinePos|InnerGlow|MaidName|Pattern_L|MaidName_Text|Pattern_R|Selected|Selected (1),0
Assets/Resources/prefabs/ui/listitem/UIListItem_MaidSelect_.prefab,UIListItem_MaidSelect_,listitem,4,4,0,,UIListItem_MaidSelect_|BG|Maid|Selected,0
Assets/Resources/prefabs/ui/listitem/UIListItem_MaidSelectBox.prefab,UIListItem_MaidSelectBox,listitem,19,19,0,,UIListItem_MaidSelectBox|Bg|UIListItem_MaidSelect|MaidProfile|BG|MaidImgMask|SpinePos|InnerGlow|MaidName|Pattern_L|MaidName_Text|Pattern_R,0
Assets/Resources/prefabs/ui/listitem/UIListItem_MatchCard.prefab,UIListItem_MatchCard,listitem,33,34,0,,UIListItem_MatchCard|FruitCardRoot|BG|Front|FrontIcon|Cover (1)|Text (TMP)|outline|Back|Back|outline|Image,0
Assets/Resources/prefabs/ui/listitem/UIListItem_MemoryArchiveCard.prefab,UIListItem_MemoryArchiveCard,listitem,22,22,0,,UIListItem_MemoryArchiveCard|MaidProfile|BG|MaidImgMask|MemoryArchiveImg|NoneImage|InnerGlow|MaidName|Pattern_L|MaidName_Text|Pattern_R|Cover,0
Assets/Resources/prefabs/ui/listitem/UIListItem_MemoryCard_Gallery.prefab,UIListItem_MemoryCard_Gallery,listitem,23,24,0,,UIListItem_MemoryCard_Gallery|GameObject|BG|Card|Pattern|Inner_Color|Mark|OutLine|Text (TMP)|CardPos|Selected|Image,0
Assets/Resources/prefabs/ui/listitem/UIListitem_MemoryCard_SkillGroup.prefab,UIListitem_MemoryCard_SkillGroup,listitem,9,9,0,,UIListitem_MemoryCard_SkillGroup|Shadow|BG|Top|Image (1)|Pattern|Text (TMP)|Pattern|CustomerContent,2
Assets/Resources/prefabs/ui/listitem/UIListitem_MiniGame_VendingMachineTarget.prefab,UIListitem_MiniGame_VendingMachineTarget,listitem,31,32,0,,UIListitem_MiniGame_VendingMachineTarget|Outline|On|BG|innerLine|Mask|BG|Light|Icon|Fail|BG|innerLine,0
Assets/Resources/prefabs/ui/listitem/UIListitem_MissionPassCloseBaner_1.prefab,UIListitem_MissionPassCloseBaner_1,listitem,5,5,0,,UIListitem_MissionPassCloseBaner_1|EventBannerBG_Img|BannerTitle|Text_Title (1)|Text_Title,0
Assets/Resources/prefabs/ui/listitem/UIListitem_MissionPassCloseBaner_2.prefab,UIListitem_MissionPassCloseBaner_2,listitem,5,5,0,,UIListitem_MissionPassCloseBaner_2|EventBannerBG_Img|BannerTitle|Text_Title (1)|Text_Title,0
Assets/Resources/prefabs/ui/listitem/UIListitem_MissionPassCloseBaner_2025Christmas_1.prefab,UIListitem_MissionPassCloseBaner_2025Christmas_1,listitem,5,5,0,,UIListitem_MissionPassCloseBaner_2025Christmas_1|EventBannerBG_Img|Tilte|Text_Title_1|Text_Title_2,0
Assets/Resources/prefabs/ui/listitem/UIListitem_MissionPassCloseBaner_2025Christmas_2.prefab,UIListitem_MissionPassCloseBaner_2025Christmas_2,listitem,5,5,0,,UIListitem_MissionPassCloseBaner_2025Christmas_2|EventBannerBG_Img|Tilte|Text_Title_1|Text_Title_2,0
Assets/Resources/prefabs/ui/listitem/UIListitem_MissionPassCloseBaner_Summer.prefab,UIListitem_MissionPassCloseBaner_Summer,listitem,5,5,0,,UIListitem_MissionPassCloseBaner_Summer|EventBannerBG_Img|Tilte|Text_Title (1)|Text_Title,1
Assets/Resources/prefabs/ui/listitem/UIListitem_MissionPassCloseBaner_Summer_2.prefab,UIListitem_MissionPassCloseBaner_Summer_2,listitem,5,5,0,,UIListitem_MissionPassCloseBaner_Summer_2|EventBannerBG_Img|Tilte (1)|Text_Title (1)|Text_Title,2
Assets/Resources/prefabs/ui/listitem/UIListitem_ParentBlockSeq.prefab,UIListitem_ParentBlockSeq,listitem,16,16,0,,UIListitem_ParentBlockSeq|Shell|Shell_1|Shell_2|ProduceBG|Shell_3|Shell_4|Shell_5|Image_ProduceBlock|Image_ProduceBlockLock|Btn_Info|Icon_Info,0
Assets/Resources/prefabs/ui/listitem/UIListitem_PC_VendingMachineTarget.prefab,UIListitem_PC_VendingMachineTarget,listitem,37,38,0,,UIListitem_PC_VendingMachineTarget|Outline|On|BG_Btn|BG|innerLine|Mask|BG|Light|Icon|Text (TMP)|Fail,0
Assets/Resources/prefabs/ui/listitem/UIListItem_PresetBtn.prefab,UIListItem_PresetBtn,listitem,18,18,0,,UIListItem_PresetBtn|Off|Image|Text (TMP)|On|Text (TMP)|Btn_ReName|Image|Selected|Mask|Image|Text (TMP),0
Assets/Resources/prefabs/ui/listitem/UIListItem_ProfileCard.prefab,UIListItem_ProfileCard,listitem,22,22,0,,UIListItem_ProfileCard|MaidProfile|BG|MaidImgMask|MaidImg|SpinePos|InnerGlow|MaidName|Pattern_L|MaidName_Text|Pattern_R|Cover,0
Assets/Resources/prefabs/ui/listitem/UIListitem_ProfileFrame.prefab,UIListitem_ProfileFrame,listitem,19,19,0,,UIListitem_ProfileFrame|BG|Mask|ProfileFramePos|Using|Image (1)|OL|Lock|Icon|Btn_Buy|BtnImg|Btn_Green,0
Assets/Resources/prefabs/ui/listitem/UIListitem_ProfileIcon.prefab,UIListitem_ProfileIcon,listitem,19,19,0,,UIListitem_ProfileIcon|BG|Mask|ProfileIconPos|Using|Image (1)|OL|Lock|Icon|Btn_Buy|BtnImg|Btn_Green,0
Assets/Resources/prefabs/ui/listitem/UiListItem_QuestInfoGroup.prefab,UiListItem_QuestInfoGroup,listitem,154,159,0,,UiListItem_QuestInfoGroup|BG|MainQuestTitle|TitleBG|Char|SpinePos|Dialog|Image|Image (1)|Text (TMP)|QuestType|Title_Pattern,10
Assets/Resources/prefabs/ui/listitem/UIListItem_QuestInfoItem.prefab,UIListItem_QuestInfoItem,listitem,121,126,0,,UIListItem_QuestInfoItem|Reward|ItemSlotBG|ItemSlot|UIListItem_QuestItemSlot|Item|Icon_Shop|NewText|Text (TMP)|Icon_MatchMark|Icon_AllMatchMark|UIListItem_QuestItemSlot (1),1
Assets/Resources/prefabs/ui/listitem/UIListitem_RandomQuestInfoGroup.prefab,UIListitem_RandomQuestInfoGroup,listitem,15,15,0,,UIListitem_RandomQuestInfoGroup|BG|SubQuestTitle|BG|Title_Pattern|Text_QuestType|Categorize|RewardTopBar|RequestCheckBar_Title|RewardTopBar (1)|RequestCheckBar_Title|MergePattern1,5
Assets/Resources/prefabs/ui/listitem/UIListitem_Recipe.prefab,UIListitem_Recipe,listitem,5,5,0,,UIListitem_Recipe|ResultBlock|Icon|Btn_Info|Bg_,0
Assets/Resources/prefabs/ui/listitem/UIListitem_RewardDuckTube.prefab,UIListitem_RewardDuckTube,listitem,21,23,0,,UIListitem_RewardDuckTube|FX_WaterSplash2|FX_WaterSplash|DuckTube_Group|NormalTube|NormalTube_Shadow|NormalTube|DuckTube|DuckTube_Shadow|DuckTube|Bottom|Reward,0
Assets/Resources/prefabs/ui/listitem/UIListitem_RewardGoldenWorm.prefab,UIListitem_RewardGoldenWorm,listitem,30,32,0,,UIListitem_RewardGoldenWorm|WormHole|Hole_B|WormHole|WormMask|WormGroup|Default|Golden|Dead|Hole_F|Hole_F|Bottom,0
Assets/Resources/prefabs/ui/listitem/UIListitem_RewardItem_MaidQuestInfo.prefab,UIListitem_RewardItem_MaidQuestInfo,listitem,64,64,0,,UIListitem_RewardItem_MaidQuestInfo|Text (TMP)|Text (TMP) (2)|Image|Image (1)|Image (2)|Image (3)|OrderList|OrderListitem|Image|Icon_MatchMark|CheckLine,0
Assets/Resources/prefabs/ui/listitem/UIListItem_RewardMaidCoin.prefab,UIListItem_RewardMaidCoin,listitem,9,9,0,,UIListItem_RewardMaidCoin|Shadow|Item_Reward|Amount|TextAmount|CountGage|Image|Image (1)|CountText,0
Assets/Resources/prefabs/ui/listitem/UIListitem_RouletteProbability.prefab,UIListitem_RouletteProbability,listitem,21,21,0,,UIListitem_RouletteProbability|Prize|ProductList|UIListItem_Reward|Item_Reward|Item_Amount|Costume|GameObject|Btn_Info|Icon_Info|UIListItem_Reward_1|Item_Reward,0
Assets/Resources/prefabs/ui/listitem/UIListitem_SeasonPass_Reward.prefab,UIListitem_SeasonPass_Reward,listitem,103,103,0,,UIListitem_SeasonPass_Reward|NormalReward|Glow|BG|Image|CompleteReward|RewardGroup|EventReward|RewardGroup|UIListItem_SeasonPass_RewardItem|Image|Goods,1
Assets/Resources/prefabs/ui/listitem/UIListitem_SeasonPass_Reward_2025Christmas.prefab,UIListitem_SeasonPass_Reward_2025Christmas,listitem,109,117,0,,UIListitem_SeasonPass_Reward_2025Christmas|Plate|Shadow|Line|1|2|3|4|5|6|NormalReward|Glow,1
Assets/Resources/prefabs/ui/listitem/UIListitem_SeasonPass_Reward_2025Halloween.prefab,UIListitem_SeasonPass_Reward_2025Halloween,listitem,127,127,0,,UIListitem_SeasonPass_Reward_2025Halloween|NormalReward|Glow|BG|Outline|Outside|Image (7)|Mask_L|Image (8)|Mask_L (1)|Image (8)|Image (9),3
Assets/Resources/prefabs/ui/listitem/UIListItem_SeasonPass_RewardItem.prefab,UIListItem_SeasonPass_RewardItem,listitem,22,22,0,,UIListItem_SeasonPass_RewardItem|Image|Goods|BtnGroup|Btn_Purchase|Btn_Green|Image|Pattern|TextGroup|Image|Text (TMP)|Cover,0
Assets/Resources/prefabs/ui/listitem/UIListItem_SenarioCard.prefab,UIListItem_SenarioCard,listitem,25,25,0,,UIListItem_SenarioCard|MaidProfile|BG|MaidImgMask|MaidImgMask (1)|SenarioImg|InnerGlow|MaidName|Pattern_L|MaidName_Text|Pattern_R|Cover,0
Assets/Resources/prefabs/ui/listitem/UIListitem_SeriouslyMerge.prefab,UIListitem_SeriouslyMerge,listitem,23,23,0,,UIListitem_SeriouslyMerge|BG|Deco|Deco (1)|UpgradeFXs|Upgrade1|1|2|Text_Upgrade|Image|Upgrade2|1,1
Assets/Resources/prefabs/ui/listitem/UIListitem_SkillInfo.prefab,UIListitem_SkillInfo,listitem,14,14,0,,UIListitem_SkillInfo|BG|Image|Mask|Icon_1|Deco|Outline|Desc|EffectiveBlockCell_1-1|EffectiveBlock_1|EffectiveBlockCell_1-2|EffectiveBlock_2,0
Assets/Resources/prefabs/ui/listitem/UIListItem_TeamFormation_MemoryCardSlot.prefab,UIListItem_TeamFormation_MemoryCardSlot,listitem,25,30,0,,UIListItem_TeamFormation_MemoryCardSlot|Card|Card_Blank|Image|Image (1)|Card_Blank|Card_Blank (1)|Text (TMP)|MemoryCardSelected|Card|Image (1)|Image (2),0
Assets/Resources/prefabs/ui/listitem/UIListitem_VillageBuild.prefab,UIListitem_VillageBuild,listitem,59,63,0,,UIListitem_VillageBuild|BG|BG|Item|Image_Item|Selected|Image_Check|StatusGroup|Status_Own|Text (TMP)|Status_Use|Text (TMP),0
Assets/Resources/prefabs/ui/listitem/UIListitem_WorkLog.prefab,UIListitem_WorkLog,listitem,46,48,0,,UIListitem_WorkLog|BG|Deco|Color|Color|Image|RewardArea|UIListItem_Reward|Item_Reward|Item_Amount|Costume|GameObject,1
Assets/Resources/prefabs/ui/listitem/UIListitem_WorkLog_Tab.prefab,UIListitem_WorkLog_Tab,listitem,18,18,0,,UIListitem_WorkLog_Tab|Off|Postit|Color|Text (TMP)|UFX_Noti_V2|Noti|UIParticle|Particle System (1)|Particle System (2)|Lock|Image,0
Assets/Resources/prefabs/ui/listitem/UIListItem_WorkLogReward.prefab,UIListItem_WorkLogReward,listitem,17,19,0,,UIListItem_WorkLogReward|Bubble|OL|Tail|UIListitem_RewardItem_ClearInfo|Image (9)|Image (10)|Text (TMP)|Btn_Info|Icon|ClearFX|UFX_BtnClearVer2,0
Assets/Resources/prefabs/ui/listitem/UIListitme_LevelPassRewards.prefab,UIListitme_LevelPassRewards,listitem,73,79,0,,UIListitme_LevelPassRewards|Gradient_L|Image|Gradient_R|Image|NormalReward|UFX_Get|UIParticle|Image|Shall|UIListItem_RewardItem|Coupon_ FinalReward,5
Assets/Resources/prefabs/ui/listitem/UITap_MissionPassIcon_1.prefab,UITap_MissionPassIcon_1,listitem,2,2,0,,UITap_MissionPassIcon_1|New SkeletonGraphic,0
Assets/Resources/prefabs/ui/listitem/UITap_MissionPassIcon_2.prefab,UITap_MissionPassIcon_2,listitem,2,2,0,,UITap_MissionPassIcon_2|New SkeletonGraphic_1,0
Assets/Resources/prefabs/ui/listitem/UITap_MissionPassIcon_Christmas_1.prefab,UITap_MissionPassIcon_Christmas_1,listitem,2,2,0,,UITap_MissionPassIcon_Christmas_1|Image,0
Assets/Resources/prefabs/ui/listitem/UITap_MissionPassIcon_Christmas_2.prefab,UITap_MissionPassIcon_Christmas_2,listitem,2,2,0,,UITap_MissionPassIcon_Christmas_2|Image,0
Assets/Resources/prefabs/ui/listitem/UITap_MissionPassIcon_Summer.prefab,UITap_MissionPassIcon_Summer,listitem,2,2,0,,UITap_MissionPassIcon_Summer|New SkeletonGraphic,0
Assets/Resources/prefabs/ui/listitem/UITap_MissionPassIcon_Summer_2.prefab,UITap_MissionPassIcon_Summer_2,listitem,2,2,0,,UITap_MissionPassIcon_Summer_2|New SkeletonGraphic,0
Assets/Resources/prefabs/ui/popup/common/UIPopup_AddLineUnlock.prefab,UIPopup_AddLineUnlock,popup,11,14,0,,UIPopup_AddLineUnlock|Dim|KeyPos|Tail|Key|Icon|UFX|LightScale|AllClearFX1|Light2|White,2
Assets/Resources/prefabs/ui/popup/common/UIPopup_AttendanceDaily.prefab,UIPopup_AttendanceDaily,popup,289,325,0,,UIPopup_AttendanceDaily|Dim|BG|RightArea|Image|NomalRewardGroup|UIListitem_AttendanceDaily2_1|Deco|Image_1|Image_1|Reward|BG,2
Assets/Resources/prefabs/ui/popup/common/UIPopup_Attention_Abandon.prefab,UIPopup_Attention_Abandon,popup,14,14,0,,UIPopup_Attention_Abandon|BG_Dim|Image|Image (1)|Image (2)|Image|BG|Title|TextTitle|Text (TMP)|Btn_No|Text (TMP),1
Assets/Resources/prefabs/ui/popup/common/UIPopup_Attention_Sell.prefab,UIPopup_Attention_Sell,popup,14,14,0,,UIPopup_Attention_Sell|BG_Dim|Image|Image (1)|Image (2)|Image|BG|Title|TextTitle|Text (TMP)|Btn_No|Text (TMP),1
Assets/Resources/prefabs/ui/popup/common/UIPopup_BlockUser.prefab,UIPopup_BlockUser,popup,21,21,0,,UIPopup_BlockUser|BG_Dim|BG|TextTitle|Center|Text (TMP)|BtnArea (1)|Button|Btn_Default|Image|Pattern|Text (TMP),3
Assets/Resources/prefabs/ui/popup/common/UIPopup_CautionUser.prefab,UIPopup_CautionUser,popup,21,21,0,,UIPopup_CautionUser|BG_Dim|BG|TextTitle|Center|Text (TMP)|BtnArea (1)|Button|Btn_Default|Image|Pattern|Text (TMP),3
Assets/Resources/prefabs/ui/popup/common/UIPopup_ContactUs.prefab,UIPopup_ContactUs,popup,21,21,0,,UIPopup_ContactUs|Dim|BG|TextTitle|Button_Close|Img_Close|TextDesc|TextDesc2|BtnArea|Button|Btn_Default|Image,1
Assets/Resources/prefabs/ui/popup/common/UIPopup_DeleteAccount.prefab,UIPopup_DeleteAccount,popup,38,38,0,,UIPopup_DeleteAccount|Dim|BG|Warnning|Image (1)|Image (2)|Text (TMP)|BG|TextTitle|Button_Exit|Image|UserInfo,4
Assets/Resources/prefabs/ui/popup/common/UIPopup_GameAccount.prefab,UIPopup_GameAccount,popup,51,51,1,login,UIPopup_GameAccount|Dim|BG|TextTitle|UserInfoArea|UserInfo|TextUserID|TextUserID2|AccountArea|AccountBtnArea_1|GoogleLogin|BG,2
Assets/Resources/prefabs/ui/popup/common/UIPopup_GameAccountChange.prefab,UIPopup_GameAccountChange,popup,88,88,1,login,UIPopup_GameAccountChange|Dim|BG|TextTitle|NotiText|Image|Text (TMP)|TextDesc|TextDesc2|DataGroup|01|Title1,12
Assets/Resources/prefabs/ui/popup/common/UIPopup_GameClose.prefab,UIPopup_GameClose,popup,17,17,0,,UIPopup_GameClose|Dim|BG|TextTitle|Text (TMP)|Btn_No|Btn_Green|Image|Pattern|Text (TMP)|Cover|Btn_Yes,1
Assets/Resources/prefabs/ui/popup/common/UIPopup_GameData.prefab,UIPopup_GameData,popup,60,61,1,login,UIPopup_GameData|Dim|BG|TextTitle|Btn_Close|Img_close|UserInfo|TextUserID|TextUserID2|Login|Save|Btn_Default,1
Assets/Resources/prefabs/ui/popup/common/UIPopup_GameDataLoad.prefab,UIPopup_GameDataLoad,popup,45,45,0,,UIPopup_GameDataLoad|Dim|BG|TextTitle|Button_Close|Img_Close|Grid|01|BG|Userinfo|Exp|Bg_ExpBG,7
Assets/Resources/prefabs/ui/popup/common/UIPopup_GameDataSelect.prefab,UIPopup_GameDataSelect,popup,81,81,0,,UIPopup_GameDataSelect|Dim|BG|TextTitle|NotiText|Image|Text (TMP)|TextDesc|TextDesc2|Grid|01|Title1,12
Assets/Resources/prefabs/ui/popup/common/UIPopup_GeneralNotify.prefab,UIPopup_GeneralNotify,popup,4,4,0,,UIPopup_GeneralNotify|BG_Dim|BG|TextDesc,1
Assets/Resources/prefabs/ui/popup/common/UIPopup_Loading.prefab,UIPopup_Loading,popup,3,3,1,loading,UIPopup_Loading|Bg|Image,0
Assets/Resources/prefabs/ui/popup/common/UIPopup_MaidAIChatAIDisclosure.prefab,UIPopup_MaidAIChatAIDisclosure,popup,17,17,0,,UIPopup_MaidAIChatAIDisclosure|Dim|BG|TextTitle|Text (TMP)|Btn_Yes|Btn_Green|Image|Pattern|Text (TMP)|Cover|Btn_No,1
Assets/Resources/prefabs/ui/popup/common/UIPopup_MaidAIChatNetworkError.prefab,UIPopup_MaidAIChatNetworkError,popup,13,13,0,,UIPopup_MaidAIChatNetworkError|BG_Dim|BG|Warnning|Image (1)|Image (2)|Text (TMP)|TextTitle|Text (TMP)|Btn_No|Text (TMP)|Btn_Yes,1
Assets/Resources/prefabs/ui/popup/common/UIPopup_MaidAIChatReport.prefab,UIPopup_MaidAIChatReport,popup,37,37,0,,UIPopup_MaidAIChatReport|Dim|BG|GameObject|TextTitle|Scroll View|Viewport|Content|Text (TMP)|RawImage|GameObject (2)|Dropdown,1
Assets/Resources/prefabs/ui/popup/common/UIPopup_MaidAIChatServerCheck.prefab,UIPopup_MaidAIChatServerCheck,popup,11,11,0,,UIPopup_MaidAIChatServerCheck|BG_Dim|BG|Warnning|Image (1)|Image (2)|Text (TMP)|TextTitle|Text (TMP)|Btn_No|Text (TMP),1
Assets/Resources/prefabs/ui/popup/common/UIPopup_NetworkError.prefab,UIPopup_NetworkError,popup,13,13,0,,UIPopup_NetworkError|BG_Dim|BG|Warnning|Image (1)|Image (2)|Text (TMP)|TextTitle|Text (TMP)|Btn_No|Text (TMP)|Btn_Yes,1
Assets/Resources/prefabs/ui/popup/common/UIPopup_Unlock.prefab,UIPopup_Unlock,popup,10,16,0,,UIPopup_Unlock|Dim|UFX_Unlock|UIParticle|Text (TMP)|Contents_Lock|Image_Lock|Contents|Image_Open|Text_Desc,3
Assets/Resources/prefabs/ui/popup/common/UIPopup_UnlockBtn.prefab,UIPopup_UnlockBtn,popup,24,30,0,,UIPopup_UnlockBtn|Dim (1)|Dim|UFX_Unlock|UIParticle|Text (TMP)|Contents_Lock|Image_Lock|Contents|Image_Open|Text_Desc|Btns,4
Assets/Resources/prefabs/ui/popup/common/UIPopup_UpdateNotify.prefab,UIPopup_UpdateNotify,popup,26,26,0,,UIPopup_UpdateNotify|BG_Dim|BG|TextTitle|Center|EventBannerChar_ImgShadow (1)|EventBannerChar_Img|Not|Npc_Dialog|Icon_Dialog|Icon_Dialog_1|Tail,3
Assets/Resources/prefabs/ui/popup/common/UIPopup_VersionNotify.prefab,UIPopup_VersionNotify,popup,12,12,0,,UIPopup_VersionNotify|BG_Dim|BG|TextTitle|Center|BG|Npc_Dialog|Icon_Dialog|Image|Text (TMP)|BtnOK|Text (TMP),1
Assets/Resources/prefabs/ui/popup/common/UIPopup_WorkLog.prefab,UIPopup_WorkLog,popup,733,757,0,,UIPopup_WorkLog|Dim|BG|TitleGroup|Image|Wing_L|Wing_R|Text (TMP) (1)|Text (TMP) (2)|UIParticle|CardBoard|CardBoard,12
Assets/Resources/prefabs/ui/popup/debug/UIListItem_LoadSaveFile.prefab,UIListItem_LoadSaveFile,popup,3,3,0,,UIListItem_LoadSaveFile|Item|Text (TMP),0
Assets/Resources/prefabs/ui/popup/debug/UIPopup_Debug.prefab,UIPopup_Debug,popup,178,178,2,reload|story,UIPopup_Debug|Left|CloseBtn|Btn_UIOnOff|Text|Btn_DebugUIOff|Text|Other_Left|Btn_Mediation|Text|Btn_Reload|Text,0
Assets/Resources/prefabs/ui/popup/debug/UIPopup_Debug_PW.prefab,UIPopup_Debug_PW,popup,11,11,0,,UIPopup_Debug_PW|Image|Right|PW_InputValue|Text Area|Placeholder|Text|Btn_PW|Text|Btn_Close|Text,0
Assets/Resources/prefabs/ui/popup/debug/UIPopup_LoadSaveFile.prefab,UIPopup_LoadSaveFile,popup,11,11,0,,UIPopup_LoadSaveFile|Dim|Animation|Bg|Text_BlockName|Btn_Close|Scroll View|Viewport|Content|Button|Text (TMP),2
Assets/Resources/prefabs/ui/popup/debug/UIPopup_Status.prefab,UIPopup_Status,popup,26,26,0,,UIPopup_Status|Dim|Animation|Bg|Name|Text_BlockName|Btn_Close|Img_Close|Text_Status|Text_Status (1)|Text_Status (2)|Text_Status (3),4
Assets/Resources/prefabs/ui/popup/event/UIPopup_BingoRegister.prefab,UIPopup_BingoRegister,popup,35,35,0,,UIPopup_BingoRegister|Dim|BG|Title|Item|Current_Block|Image_SelectBlock|Icon_Info|RewardList|Grid|UIListItem_RewardInfo|boximg,2
Assets/Resources/prefabs/ui/popup/event/UIPopup_CustomerEpisodeGuide.prefab,UIPopup_CustomerEpisodeGuide,popup,284,288,0,,UIPopup_CustomerEpisodeGuide|Dim|Title|Mask|TextTitle|Desc|Desc1|Image_desc1|UIListItem_CouponCard_Normal|CouponCard|CouponCard|Bottom,5
Assets/Resources/prefabs/ui/popup/event/UIPopup_Event_CardPack.prefab,UIPopup_Event_CardPack,popup,950,961,0,,UIPopup_Event_CardPack|Dim|BG|BG_Base|BG_Base (1)|Page_AlbumList|Title|Title (1)|Text (TMP)|Content|Scroll View|Viewport,12
Assets/Resources/prefabs/ui/popup/event/UIPopup_Event_Fishing.prefab,UIPopup_Event_Fishing,popup,409,467,1,story,UIPopup_Event_Fishing|Dim|BG|Banner|DecoGroup|SeaWeed|Image|SeaWeed|Image (2)|SeaWeed|Image (6)|SeaWeed,12
Assets/Resources/prefabs/ui/popup/event/UIPopup_Event_PointCollectGuide.prefab,UIPopup_Event_PointCollectGuide,popup,239,246,0,,UIPopup_Event_PointCollectGuide|Dim|Title|Mask|TextTitle|Desc|Desc1|Image_desc1|Image|Yuki|BG (1)|BG (2),2
Assets/Resources/prefabs/ui/popup/event/UIPopup_Event_SummerFestivalShop.prefab,UIPopup_Event_SummerFestivalShop,popup,499,504,2,loading|story,UIPopup_Event_SummerFestivalShop|Dim|BG|Top|BG|Sky|Sky (1)|Sky (2)|UFX_FireWork|TopDeco|Image|Glow,12
Assets/Resources/prefabs/ui/popup/event/UIPopup_EventBand.prefab,UIPopup_EventBand,popup,5594,5730,1,story,UIPopup_EventBand|Dim|BannerBG1|MainImg|Gradient|Gradient|Gradient (1)|White|BG|MissionPass_Play|Scroll View|BGColor,12
Assets/Resources/prefabs/ui/popup/event/UIPopup_EventBandGuide.prefab,UIPopup_EventBandGuide,popup,128,133,0,,UIPopup_EventBandGuide|Dim|Desc|Desc1|Image_desc1|MergeDesc|Merge1|Merge2|MergeResult|EventItem_Merge|LightStick|Light,4
Assets/Resources/prefabs/ui/popup/event/UIPopup_EventBingo.prefab,UIPopup_EventBingo,popup,225,227,1,story,UIPopup_EventBingo|Dim|BG|Top|Banner_BG|Image|CharMask|New SkeletonGraphic|Title|Text (TMP)|RemainTime|Txt_RemainTime,6
Assets/Resources/prefabs/ui/popup/event/UIPopup_EventBingoGuide.prefab,UIPopup_EventBingoGuide,popup,191,191,0,,UIPopup_EventBingoGuide|Dim|Title|Mask|TextTitle|Desc|Desc1|Image_desc1|smallBoardImg|cellOutline|cell1|item,2
Assets/Resources/prefabs/ui/popup/event/UIPopup_EventBingoRewardInfo.prefab,UIPopup_EventBingoRewardInfo,popup,183,183,0,,UIPopup_EventBingoRewardInfo|Dim|BG|TextTitle (1)|BtnClose|Img_Close|Reward_Line|BingoBoard|LineBingo|BG|1|1 (1),5
Assets/Resources/prefabs/ui/popup/event/UIPopup_EventBloodWormGuide.prefab,UIPopup_EventBloodWormGuide,popup,255,255,0,,UIPopup_EventBloodWormGuide|Dim|BG|Top|Banner_BG|Image|Text (TMP)|RemainTime|Txt_RemainTime|Image|BloodWorm_Desc|Desc1,4
Assets/Resources/prefabs/ui/popup/event/UIPopup_EventCardPackGuide.prefab,UIPopup_EventCardPackGuide,popup,77,77,0,,UIPopup_EventCardPackGuide|Dim|Title|Mask|TextTitle|Desc|Desc1|Image_desc1|Image|BG (1)|BG (2)|BG,2
Assets/Resources/prefabs/ui/popup/event/UIPopup_EventCartoon.prefab,UIPopup_EventCartoon,popup,73,85,0,,UIPopup_EventCartoon|Dim|BG|Banner|BG|1|Image|Image_2|Image_1|Image_2|2|Aku,6
Assets/Resources/prefabs/ui/popup/event/UIPopup_EventCumulativeQuest.prefab,UIPopup_EventCumulativeQuest,popup,2220,2251,1,story,UIPopup_EventCumulativeQuest|Dim|BG|Banner|BG|3|Image_2|Image|Image_3|Image_1|1|New SkeletonGraphic,4
Assets/Resources/prefabs/ui/popup/event/UIPopup_EventEnd.prefab,UIPopup_EventEnd,popup,85,88,0,,UIPopup_EventEnd|Dim|BG|LightT|UIParticle|Image|TitleGroup|TextTitle|Image (1)|Image (2)|BannerArea|RemainRewardAlert,12
Assets/Resources/prefabs/ui/popup/event/UIPopup_EventFindEvidenceGuide.prefab,UIPopup_EventFindEvidenceGuide,popup,83,83,0,,UIPopup_EventFindEvidenceGuide|Dim|Title|Mask|TextTitle|Desc|Desc1|Image_desc1|Image (2)|Image (4)|Image (5)|Image,2
Assets/Resources/prefabs/ui/popup/event/UIPopup_EventFishingGuide.prefab,UIPopup_EventFishingGuide,popup,86,86,0,,UIPopup_EventFishingGuide|Dim|Title|Mask|TextTitle|Desc|Desc1|Image_desc1|Image|Image|BingoBoard|Sky,5
Assets/Resources/prefabs/ui/popup/event/UIPopup_EventGuideMission.prefab,UIPopup_EventGuideMission,popup,144,148,0,,UIPopup_EventGuideMission|Dim|BG|TabGroup|Tab_Kokomi|SpinePos|Off|On|TabOn|Image|Image (1)|Lock,4
Assets/Resources/prefabs/ui/popup/event/UIPopup_EventMatchCard.prefab,UIPopup_EventMatchCard,popup,171,173,1,story,UIPopup_EventMatchCard|Dim|BG|TOP|BG|Btn_Story|Icon_Story|Btn_Close|Img_Close|CharMask|New SkeletonGraphic|Renderer0,7
Assets/Resources/prefabs/ui/popup/event/UIPopup_EventMatchCardGuide.prefab,UIPopup_EventMatchCardGuide,popup,111,111,0,,UIPopup_EventMatchCardGuide|Dim|Title|Mask|TextTitle|Desc|Desc1|Image_desc1|Image|BG (1)|BG (2)|BG,2
Assets/Resources/prefabs/ui/popup/event/UIPopup_EventMateRace.prefab,UIPopup_EventMateRace,popup,373,373,1,story,UIPopup_EventMateRace|Dim|BG|Top|Image|BG_Event|TextTitle|BtnClose|BtnClose (1)|RemainTime|Txt_RemainTime|Image,12
Assets/Resources/prefabs/ui/popup/event/UIPopup_EventMateRaceGuide.prefab,UIPopup_EventMateRaceGuide,popup,58,58,0,,UIPopup_EventMateRaceGuide|Dim|Title|Mask|TextTitle|Desc|Desc1|Image_desc1|ProductionDesc|ProductionResult|Production1|EventItem_Production,2
Assets/Resources/prefabs/ui/popup/event/UIPopup_EventPreStart.prefab,UIPopup_EventPreStart,popup,25,25,0,,UIPopup_EventPreStart|Dim|BG|Shadow|Mask|BannerArea|UIBanner_SeasonPass_Summer_PreStart|Img_BannerBG|Img_BannerBG (1)|Light|Tilte|Text_Title1,6
Assets/Resources/prefabs/ui/popup/event/UIPopup_EventPudding.prefab,UIPopup_EventPudding,popup,118,125,1,story,UIPopup_EventPudding|Dim|BG|Top|Image|BG_Event|Spine|New SkeletonGraphic|TextTitle|Btn_Close|Img_Close|RemainTime,12
Assets/Resources/prefabs/ui/popup/event/UIPopup_EventPuddingGuide.prefab,UIPopup_EventPuddingGuide,popup,65,71,0,,UIPopup_EventPuddingGuide|Dim|Title|Mask|TextTitle|Desc|Desc1|Image_desc1|Img_Production|1|2|Img_Effect_glow,2
Assets/Resources/prefabs/ui/popup/event/UIPopup_EventReward_Bingo.prefab,UIPopup_EventReward_Bingo,popup,25,26,0,,UIPopup_EventReward_Bingo|Dim|BG|Icon_EventItem|Deco|light|light2|Image|Image (2)|Image (3)|Image (1)|Particle System (2),7
Assets/Resources/prefabs/ui/popup/event/UIPopup_EventReward_MateRace.prefab,UIPopup_EventReward_MateRace,popup,28,42,0,,UIPopup_EventReward_MateRace|Dim|BG|Deco|Particle System (2)|Text_Rank|Glow|Text|3rd|2nd|1st|Deco_L,2
Assets/Resources/prefabs/ui/popup/event/UIPopup_EventReward_Pudding.prefab,UIPopup_EventReward_Pudding,popup,32,33,0,,UIPopup_EventReward_Pudding|Dim|BG|Icon_EventItem|Deco|light|light2|Image|Image|Image (1)|Image (1)|Particle System (2),5
Assets/Resources/prefabs/ui/popup/event/UIPopup_EventStart.prefab,UIPopup_EventStart,popup,27,28,0,,UIPopup_EventStart|Dim|BG|FX|Light|LightT|LightB|Light|RemainTime|Txt_RemainTime|Image|IconPos,5
Assets/Resources/prefabs/ui/popup/event/UIPopup_EventSummerFestivalGuide.prefab,UIPopup_EventSummerFestivalGuide,popup,294,299,0,,UIPopup_EventSummerFestivalGuide|Dim|Desc|Desc1|Image_desc1|Image|EventQuestItem_SummerFestival (1)|DecoArea|BGMask|Img_BG|UFXMask|UFX_FireWork,9
Assets/Resources/prefabs/ui/popup/event/UIPopup_EventSurpriseBox.prefab,UIPopup_EventSurpriseBox,popup,37,37,0,,UIPopup_EventSurpriseBox|Dim|BG|Banner|BG|2|Light|1|Balloon|Balloon|3|Balloon,6
Assets/Resources/prefabs/ui/popup/event/UIPopup_EventSurpriseBoxGuide.prefab,UIPopup_EventSurpriseBoxGuide,popup,48,49,0,,UIPopup_EventSurpriseBoxGuide|Dim|Title|Mask|TextTitle|Desc|Desc1|Image_desc1|Image_desc1_1|Image|BG (1)|BG (2),2
Assets/Resources/prefabs/ui/popup/event/UIPopup_EventTreasureSandGuide.prefab,UIPopup_EventTreasureSandGuide,popup,63,64,0,,UIPopup_EventTreasureSandGuide|Dim|Title|Mask|TextTitle|Desc|Desc1|Image_desc1|Image_desc1_1|Image|BG (1)|BG (2),2
Assets/Resources/prefabs/ui/popup/event/UIPopup_EventWhiteDay.prefab,UIPopup_EventWhiteDay,popup,530,547,2,loading|story,UIPopup_EventWhiteDay|BG|Banner|Banner_BG|BG_1|Image|Image (1)|BG_1 (1)|BG_1 (2)|Color|Deco|Deco (1),12
Assets/Resources/prefabs/ui/popup/event/UIPopup_EventWhiteDayGuide.prefab,UIPopup_EventWhiteDayGuide,popup,119,119,0,,UIPopup_EventWhiteDayGuide|Dim|Title|Mask|TextTitle|Desc|Desc1|Image_desc1|Image_desc1_1|Image|BG (1)|BG (2),2
Assets/Resources/prefabs/ui/popup/event/UIPopup_EventWhiteDayGuide_BackUp.prefab,UIPopup_EventWhiteDayGuide_BackUp,popup,70,70,0,,UIPopup_EventWhiteDayGuide_BackUp|Dim|Title|Mask|TextTitle|Desc|Desc1|Image_desc1|Image_desc1_1|Image|BG (1)|BG (2),2
Assets/Resources/prefabs/ui/popup/event/UIPopup_MissionPassQuestComplete.prefab,UIPopup_MissionPassQuestComplete,popup,20,33,0,,UIPopup_MissionPassQuestComplete|Dim|BG|Deco|Particle System (2)|Button|Scroll View|Image (1)|Viewport|Content|Image|Title,1
Assets/Resources/prefabs/ui/popup/ingame/UIPopup_InventoryBM.prefab,UIPopup_InventoryBM,popup,14,14,0,,UIPopup_InventoryBM|Dim|BG|BG|Text_Title|Btn_Close|Icon_Close|Slot|Scroll View|Viewport|Grid_Slot|Scrollbar Vertical,1
Assets/Resources/prefabs/ui/popup/ingame/UIPopup_ItemUseCopy.prefab,UIPopup_ItemUseCopy,popup,15,16,0,,UIPopup_ItemUseCopy|Dim|TargetBlock|WhiteGlow|ItemUse|ItemSpine|ItemUse (1)|UIParticle|Particle System|UIParticle_End|ResultBlock_1|BlockImg_1,1
Assets/Resources/prefabs/ui/popup/ingame/UIPopup_ItemUseJoker.prefab,UIPopup_ItemUseJoker,popup,11,12,0,,UIPopup_ItemUseJoker|Dim|TargetBlock|WhiteGlow|ItemUse|UIParticle|Particle System|UIParticle_End|ResultBlock_1|BlockImg_1|White,1
Assets/Resources/prefabs/ui/popup/ingame/UIPopup_ItemUseSplit.prefab,UIPopup_ItemUseSplit,popup,17,18,0,,UIPopup_ItemUseSplit|Dim|TargetBlock|WhiteGlow|ItemUse|ItemRSpine|Icon|UIParticle|Particle System|UIParticle_End|ResultBlock_1|BlockImg_1,1
Assets/Resources/prefabs/ui/popup/outgame/UIPopup_BuyPurchase.prefab,UIPopup_BuyPurchase,popup,18,18,0,,UIPopup_BuyPurchase|Dim|BG|Title|Text_GoodsName|Text_Desc|CurrentJewelGroup|Img|Text|CurrentJewel|Text_CurrentJewel|Icon,5
Assets/Resources/prefabs/ui/popup/outgame/UIPopup_CafeNameChange.prefab,UIPopup_CafeNameChange,popup,14,14,0,,UIPopup_CafeNameChange|Dim|Bg|Text_CafeName|Btn_Close|Img_Close|InputField (TMP)|Text Area|Placeholder|Text|Text_CharCount|Button,3
Assets/Resources/prefabs/ui/popup/outgame/UIPopup_Collectible.prefab,UIPopup_Collectible,popup,10,10,0,,UIPopup_Collectible|Dim|Bg|Scroll View|Viewport|Content|Text_BlockName|Btn_Close|Img_Close|Collection_Off,3
Assets/Resources/prefabs/ui/popup/outgame/UIPopup_CustomerInfo.prefab,UIPopup_CustomerInfo,popup,136,138,1,story,UIPopup_CustomerInfo|Dim|BG|Clip_B|BG|Image|Polaroid|Polaroid_Shadow|Polaroid_Frame|Polaroid_mask|Polaroid_BG|NpcParent,2
Assets/Resources/prefabs/ui/popup/outgame/UIPopup_DormitoryClear.prefab,UIPopup_DormitoryClear,popup,23,29,0,,UIPopup_DormitoryClear|Dim|BG|Color|GameObject|Image|Text (TMP)|Image_1|Top|Glow|Color|Bot,1
Assets/Resources/prefabs/ui/popup/outgame/UIPopup_Language.prefab,UIPopup_Language,popup,17,17,0,,UIPopup_Language|Dim|BG|Top|TextTitle|ButtonLanguage|BG|BGSelect|Color|BGSelectOut|Text (TMP)|TextNotify,2
Assets/Resources/prefabs/ui/popup/outgame/UIPopup_LevelUp.prefab,UIPopup_LevelUp,popup,52,57,0,,UIPopup_LevelUp|Dim|BG|Mid|Top|LevelUp|ColorMain|Pattern_1|Pattern|Pattern_2|Pattern|Color,5
Assets/Resources/prefabs/ui/popup/outgame/UIPopup_MaidChatNotice.prefab,UIPopup_MaidChatNotice,popup,11,11,0,,UIPopup_MaidChatNotice|Bg|ProfileImage|BG|ProfilePos|ProfilePos (1)|InnerLine|Image|MaidName|ChatListItem (1)|Text_Chat,1
Assets/Resources/prefabs/ui/popup/outgame/UIPopup_MaidLevelUp.prefab,UIPopup_MaidLevelUp,popup,17,17,0,,UIPopup_MaidLevelUp|Dim|SpinePos|Next|Text_Get|Bg_Heart|Image|Image_Exp|Heart_FX|Image_1|PrevLevel|Level,1
Assets/Resources/prefabs/ui/popup/outgame/UIPopup_MaidLobbySelect.prefab,UIPopup_MaidLobbySelect,popup,87,87,1,lobby,UIPopup_MaidLobbySelect|Dim|BG|Panel|TextTitle|Btn_Close|Img_Close|MaidList|UIListitem_MaidNone|Mask|Image|OutLine,0
Assets/Resources/prefabs/ui/popup/outgame/UIPopup_MaidNote.prefab,UIPopup_MaidNote,popup,1880,1905,2,loading|story,UIPopup_MaidNote|Dim|BG|Mid|MainBG|BG|Deco|IconGroup|MaidInfo|BG|Text (TMP)|Cover,12
Assets/Resources/prefabs/ui/popup/outgame/UIPopup_MaidNote_01.prefab,UIPopup_MaidNote_01,popup,272,272,1,loading,UIPopup_MaidNote_01|Dim|BG|MaidNote_BG_R|Deco|InnerLine|InnerLine2|DotLine|DotLine (1)|DotLine (2)|DotLine (3)|MaidNote_BG_R,12
Assets/Resources/prefabs/ui/popup/outgame/UIPopup_Notice.prefab,UIPopup_Notice,popup,56,56,0,,UIPopup_Notice|Dim|BG|TextTitle|BtnClose|BtnClose (1)|Banner|BG|BG_1|Image (1)|SpinePos|New SkeletonGraphic,4
Assets/Resources/prefabs/ui/popup/outgame/UIPopup_NoticeContent.prefab,UIPopup_NoticeContent,popup,60,60,0,,UIPopup_NoticeContent|Dim|BG|Obj|NoticeBanner|Icon|Text (TMP)|Image|Image (1)|Image (2)|Image (3)|Image (4),5
Assets/Resources/prefabs/ui/popup/outgame/UIPopup_Option.prefab,UIPopup_Option,popup,277,277,1,loading,UIPopup_Option|Dim|BG|Text_Title|CloseBtn|CloseBtn_Img|BotBanner|MoreGames|BG|Image|Image_1|Image_2,12
Assets/Resources/prefabs/ui/popup/outgame/UIPopup_RateReview.prefab,UIPopup_RateReview,popup,52,57,0,,UIPopup_RateReview|Dim|BG|Glow|Char1|Maid01|Tr_Box|Panel|TextTitle|Scroll View|Star|Gray,5
Assets/Resources/prefabs/ui/popup/outgame/UIPopup_SeasonPass_Preview.prefab,UIPopup_SeasonPass_Preview,popup,2,2,0,,UIPopup_SeasonPass_Preview|Btn_Prev,0
Assets/Resources/prefabs/ui/popup/outgame/UIPopup_Survey.prefab,UIPopup_Survey,popup,18,18,0,,UIPopup_Survey|Dim|BG|Glow|Char1|Maid01|Tr_Box|Panel|TextTitle|TextDesc|Btn_Close|Img_Close,3
Assets/Resources/prefabs/ui/popup/outgame/UIPopup_UserProfile.prefab,UIPopup_UserProfile,popup,121,121,0,,UIPopup_UserProfile|Dim|BG|Card|Case_B|BG|Glass|Glass_L|Glass_LT|Glass_L (2)|Glass_LB|Glass_L (2),6
Assets/Resources/prefabs/ui/popup/package/nomalbase/UIPopup_CostumePackage_CopyBase.prefab,UIPopup_CostumePackage_CopyBase,popup,38,38,0,,UIPopup_CostumePackage_CopyBase|UIpopup_CostumeBase|Banner|BGImg|Gradiant|SkinLD|Gradiant (1)|RewardArea|SDView|Image|Image (1)|Outline,2
Assets/Resources/prefabs/ui/popup/package/nomalbase/UIpopup_HighKuji_PackageBase.prefab,UIpopup_HighKuji_PackageBase,popup,1439,1439,0,,UIpopup_HighKuji_PackageBase|BannerImg|Content|Content (1)|Content (2)|KujiStatus|A|RewardArea|SpineParent|UIListItem_Reward|Item_Reward|Item_Amount,3
Assets/Resources/prefabs/ui/popup/package/nomalbase/UIpopup_PackageBase.prefab,UIpopup_PackageBase,popup,39,39,0,,UIpopup_PackageBase|RefundInfoArea|BG|RefundInfo|Text (TMP)|Image|Btn|BannerImg|Content|Bottom|Image|RewardArea,6
Assets/Resources/prefabs/ui/popup/package/nomalbase/UIpopup_SDPackageBase.prefab,UIpopup_SDPackageBase,popup,45,45,0,,UIpopup_SDPackageBase|RefundInfoArea|BG|RefundInfo|Text (TMP)|Image|Btn|BannerArea|Hole|Hole2|TopColor|Mask,6
Assets/Resources/prefabs/ui/popup/package/UIPopup_AdsRemovePackage.prefab,UIPopup_AdsRemovePackage,popup,95,100,0,,UIPopup_AdsRemovePackage|Dim|BG|RefundInfoArea|BG|RefundInfo|Text (TMP)|Image|Btn|BannerImg|Content|Content (2),7
Assets/Resources/prefabs/ui/popup/package/UIPopup_BenefitMorePackage_Normal.prefab,UIPopup_BenefitMorePackage_Normal,popup,226,229,0,,UIPopup_BenefitMorePackage_Normal|Dim|BG|Contents|UIListitem_BenefitMorePackage_1|BG|Deco|UIParticle|Deco_1|Next_Arrow|Arrow|RewardGroup,6
Assets/Resources/prefabs/ui/popup/package/UIPopup_BenefitSalePackage_Normal.prefab,UIPopup_BenefitSalePackage_Normal,popup,215,218,0,,UIPopup_BenefitSalePackage_Normal|Dim|BG|Contents|UIListitem_BenefitSalePackage_1|BG|Deco|UIParticle|Deco_1|Next_Arrow|Arrow|RewardGroup,7
Assets/Resources/prefabs/ui/popup/package/UIpopup_CardPack01Package.prefab,UIpopup_CardPack01Package,popup,43,43,0,,UIpopup_CardPack01Package|RefundInfoArea|BG|RefundInfo|Text (TMP)|Image|Btn|BannerImg|Content|SkeletonGraphic (CardPackage01_Spine)|Renderer0|Renderer1,7
Assets/Resources/prefabs/ui/popup/package/UIPopup_CostumePackage.prefab,UIPopup_CostumePackage,popup,54,54,0,,UIPopup_CostumePackage|Dim|BG|Banner|BGImg|Gradiant|SkinLD|Gradiant (1)|BotDeco|Image|Image (1)|Bottom,7
Assets/Resources/prefabs/ui/popup/package/UIPopup_CostumePackage_2025Christmas.prefab,UIPopup_CostumePackage_2025Christmas,popup,45,45,0,,UIPopup_CostumePackage_2025Christmas|UIpopup_CostumeBase|Banner|BGImg|Gradiant|TopDeco|Image|Image (3)|Image (2)|SkinLD|Gradiant (1)|BotDeco,7
Assets/Resources/prefabs/ui/popup/package/UIPopup_CostumePackage_2025Halloween.prefab,UIPopup_CostumePackage_2025Halloween,popup,43,43,0,,UIPopup_CostumePackage_2025Halloween|UIpopup_CostumeBase|Banner|BGImg|WhiteToneMaker|Gradiant|SkinLD|Deco|Deco_2|Deco_1|Deco_2 (1)|Gradiant (1),5
Assets/Resources/prefabs/ui/popup/package/UIPopup_CostumePackage_Band.prefab,UIPopup_CostumePackage_Band,popup,72,72,0,,UIPopup_CostumePackage_Band|UIpopup_CostumeBase|Banner|BGImg|Gradiant|Deco|BG|BG (10)|BG (11)|BG|BG (12)|BG (15),5
Assets/Resources/prefabs/ui/popup/package/UIPopup_CostumePackage_Casual.prefab,UIPopup_CostumePackage_Casual,popup,42,42,0,,UIPopup_CostumePackage_Casual|UIpopup_CostumeBase|Banner|BGImg|WhiteToneMaker|Gradiant|Deco|Deco_1|Deco_2|SkinLD|Gradiant (1)|RewardArea,5
Assets/Resources/prefabs/ui/popup/package/UIPopup_CostumePackage_Summer.prefab,UIPopup_CostumePackage_Summer,popup,48,48,0,,UIPopup_CostumePackage_Summer|UIpopup_CostumeBase|Banner|BGImg|Gradiant|Deco|BG|Wave (1)|Wave (2)|Wave|Wave (3)|BG,4
Assets/Resources/prefabs/ui/popup/package/UIPopup_GemJarPackage.prefab,UIPopup_GemJarPackage,popup,279,318,0,,UIPopup_GemJarPackage|Dim|BG|RefundInfoArea|BG|RefundInfo|Text (TMP)|Image|Btn|BGColor|Scroll View|Viewport,12
Assets/Resources/prefabs/ui/popup/package/UIPopup_GoldPackage.prefab,UIPopup_GoldPackage,popup,40,40,0,,UIPopup_GoldPackage|UIListitem_PackageBase|RefundInfoArea|BG|RefundInfo|Text (TMP)|Image|Btn|BannerImg|Content|Bottom|Image,6
Assets/Resources/prefabs/ui/popup/package/UIpopup_HighKuji_Choice.prefab,UIpopup_HighKuji_Choice,popup,839,908,0,,UIpopup_HighKuji_Choice|Dim|Choice|Box|Title|Text (TMP)|Box|Mask|KujiParent|UIListitem_KujiChoice (1)|Selected|Icon,2
Assets/Resources/prefabs/ui/popup/package/UIpopup_HighKuji_Package_2025Christmas.prefab,UIpopup_HighKuji_Package_2025Christmas,popup,1439,1439,0,,UIpopup_HighKuji_Package_2025Christmas|BannerImg|Content|Content (1)|Content (2)|KujiStatus|A|RewardArea|SpineParent|UIListItem_Reward|Item_Reward|Item_Amount,3
Assets/Resources/prefabs/ui/popup/package/UIpopup_HighKuji_Package_2025Summer.prefab,UIpopup_HighKuji_Package_2025Summer,popup,1439,1439,0,,UIpopup_HighKuji_Package_2025Summer|BannerImg|Content|Content (1)|Content (2)|KujiStatus|A|RewardArea|SpineParent|UIListItem_Reward|Item_Reward|Item_Amount,3
Assets/Resources/prefabs/ui/popup/package/UIpopup_HighKuji_Package_2026School.prefab,UIpopup_HighKuji_Package_2026School,popup,1439,1439,0,,UIpopup_HighKuji_Package_2026School|BannerImg|Content|Content (1)|Content (2)|KujiStatus|A|RewardArea|SpineParent|UIListItem_Reward|Item_Reward|Item_Amount,3
Assets/Resources/prefabs/ui/popup/package/UIPopup_HighKuji_Parent.prefab,UIPopup_HighKuji_Parent,popup,3,3,0,,UIPopup_HighKuji_Parent|Dim|BG,0
Assets/Resources/prefabs/ui/popup/package/UIPopup_JewelPackage.prefab,UIPopup_JewelPackage,popup,40,40,0,,UIPopup_JewelPackage|UIListitem_PackageBase|RefundInfoArea|BG|RefundInfo|Text (TMP)|Image|Btn|BannerImg|Content|Bottom|Image,6
Assets/Resources/prefabs/ui/popup/package/UIPopup_JokerPackage.prefab,UIPopup_JokerPackage,popup,40,40,0,,UIPopup_JokerPackage|UIListitem_PackageBase|RefundInfoArea|BG|RefundInfo|Text (TMP)|Image|Btn|BannerImg|Content|Bottom|Image,6
Assets/Resources/prefabs/ui/popup/package/UIPopup_LevelUpPackage.prefab,UIPopup_LevelUpPackage,popup,40,40,0,,UIPopup_LevelUpPackage|UIListitem_PackageBase|RefundInfoArea|BG|RefundInfo|Text (TMP)|Image|Btn|BannerImg|Content|Bottom|Image,6
Assets/Resources/prefabs/ui/popup/package/UIpopup_MaidChatPackage.prefab,UIpopup_MaidChatPackage,popup,40,40,0,,UIpopup_MaidChatPackage|UIListitem_PackageBase|RefundInfoArea|BG|RefundInfo|Text (TMP)|Image|Btn|BannerImg|Content|Bottom|Image,6
Assets/Resources/prefabs/ui/popup/package/UIPopup_NormalPackage.prefab,UIPopup_NormalPackage,popup,3,3,0,,UIPopup_NormalPackage|Dim|BG,0
Assets/Resources/prefabs/ui/popup/package/UIPopup_OnePlusPackage.prefab,UIPopup_OnePlusPackage,popup,91,94,0,,UIPopup_OnePlusPackage|Dim|BG|Deco|Light|Balloons|Text_OPO|Text (TMP)|Text (TMP)_1|Text (TMP)_2|Light_1|BGColor,2
Assets/Resources/prefabs/ui/popup/package/UIPopup_RandomBoxPackage.prefab,UIPopup_RandomBoxPackage,popup,40,40,0,,UIPopup_RandomBoxPackage|UIListitem_PackageBase|RefundInfoArea|BG|RefundInfo|Text (TMP)|Image|Btn|BannerImg|Content|Bottom|Image,6
Assets/Resources/prefabs/ui/popup/package/UIPopup_Roulette_Parent.prefab,UIPopup_Roulette_Parent,popup,3,3,0,,UIPopup_Roulette_Parent|Dim|BG,0
Assets/Resources/prefabs/ui/popup/package/UIPopup_RoulettePackage.prefab,UIPopup_RoulettePackage,popup,520,557,0,,UIPopup_RoulettePackage|UIListitem_PackageBase|RefundInfoArea|RefundInfo|Text (TMP)|Image|Btn|RemainTime|Txt_RemainTime|Image|SlotGroup|CenterImg,11
Assets/Resources/prefabs/ui/popup/package/UIpopup_SDPackage_Akane.prefab,UIpopup_SDPackage_Akane,popup,45,45,0,,UIpopup_SDPackage_Akane|RefundInfoArea|BG|RefundInfo|Text (TMP)|Image|Btn|BannerArea|Hole|Hole2|TopColor|Mask,6
Assets/Resources/prefabs/ui/popup/package/UIPopup_SeasonPassPointPack_Summer.prefab,UIPopup_SeasonPassPointPack_Summer,popup,82,82,0,,UIPopup_SeasonPassPointPack_Summer|UIListitem_PackageBase|RefundInfoArea|BG|RefundInfo|Text (TMP)|Image|Btn|BannerImg|Content|Maid_1004_LD_Summer01|GameObject,8
Assets/Resources/prefabs/ui/popup/package/UIPopup_SelectBoxPackage.prefab,UIPopup_SelectBoxPackage,popup,40,40,0,,UIPopup_SelectBoxPackage|UIListitem_PackageBase|RefundInfoArea|BG|RefundInfo|Text (TMP)|Image|Btn|BannerImg|Content|Bottom|Image,6
Assets/Resources/prefabs/ui/popup/package/UIPopup_Simple_KaedeBirthDay_Pack.prefab,UIPopup_Simple_KaedeBirthDay_Pack,popup,46,46,0,,UIPopup_Simple_KaedeBirthDay_Pack|RefundInfoArea|BG|RefundInfo|Text (TMP)|Image|Btn|BannerArea|Hole|Hole2|TopColor|Mask,8
Assets/Resources/prefabs/ui/popup/package/UIPopup_Simple_KokomiBirthDay_Pack.prefab,UIPopup_Simple_KokomiBirthDay_Pack,popup,46,46,0,,UIPopup_Simple_KokomiBirthDay_Pack|RefundInfoArea|BG|RefundInfo|Text (TMP)|Image|Btn|BannerArea|Hole|Hole2|TopColor|Mask,8
Assets/Resources/prefabs/ui/popup/package/UIPopup_SimpleNormalPack_01.prefab,UIPopup_SimpleNormalPack_01,popup,45,45,0,,UIPopup_SimpleNormalPack_01|RefundInfoArea|BG|RefundInfo|Text (TMP)|Image|Btn|BannerArea|Hole|Hole2|TopColor|Mask,6
Assets/Resources/prefabs/ui/popup/package/UIPopup_SimpleNormalPack_02.prefab,UIPopup_SimpleNormalPack_02,popup,45,45,0,,UIPopup_SimpleNormalPack_02|RefundInfoArea|BG|RefundInfo|Text (TMP)|Image|Btn|BannerArea|Hole|Hole2|TopColor|Mask,6
Assets/Resources/prefabs/ui/popup/package/UIpopup_SimplePack_TreasureSand_01.prefab,UIpopup_SimplePack_TreasureSand_01,popup,45,45,0,,UIpopup_SimplePack_TreasureSand_01|RefundInfoArea|BG|RefundInfo|Text (TMP)|Image|Btn|BannerArea|Hole|Hole2|TopColor|Mask,6
Assets/Resources/prefabs/ui/popup/package/UIpopup_SimplePack_TreasureSand_02.prefab,UIpopup_SimplePack_TreasureSand_02,popup,45,45,0,,UIpopup_SimplePack_TreasureSand_02|RefundInfoArea|BG|RefundInfo|Text (TMP)|Image|Btn|BannerArea|Hole|Hole2|TopColor|Mask,6
Assets/Resources/prefabs/ui/popup/package/UIpopup_SimplePack_TreasureSand_03.prefab,UIpopup_SimplePack_TreasureSand_03,popup,45,45,0,,UIpopup_SimplePack_TreasureSand_03|RefundInfoArea|BG|RefundInfo|Text (TMP)|Image|Btn|BannerArea|Hole|Hole2|TopColor|Mask,6
Assets/Resources/prefabs/ui/popup/package/UIPopup_SpecialBlockPackage.prefab,UIPopup_SpecialBlockPackage,popup,241,259,0,,UIPopup_SpecialBlockPackage|Dim|BG|BannerImg|Copy_Explain|BG|Tile|OutLine|OutLine_1|1|1_1|1_2,12
Assets/Resources/prefabs/ui/popup/package/UIPopup_SplitPackage.prefab,UIPopup_SplitPackage,popup,40,40,0,,UIPopup_SplitPackage|UIListitem_PackageBase|RefundInfoArea|BG|RefundInfo|Text (TMP)|Image|Btn|BannerImg|Content|Bottom|Image,6
Assets/Resources/prefabs/ui/popup/package/UIPopup_StarterPackage.prefab,UIPopup_StarterPackage,popup,42,42,0,,UIPopup_StarterPackage|UIpopup_NomalPackage|RefundInfoArea|BG|RefundInfo|Text (TMP)|Image|Btn|BannerImg|Content|Bottom|Image,6
Assets/Resources/prefabs/ui/popup/shop/UIPopup_MemoryCardShop.prefab,UIPopup_MemoryCardShop,popup,95,95,0,,UIPopup_MemoryCardShop|BG|Pages|Contents|BG (2)|BG|BG (2)|Deco_2 (3)|Deco_2 (4)|Content|BG (1)|BG (2),3
Assets/Resources/prefabs/ui/popup/shop/UIPopup_MemoryTicketExchangeShop 1.prefab,UIPopup_MemoryTicketExchangeShop 1,popup,715,721,2,loading|story,UIPopup_MemoryTicketExchangeShop 1|Dim|BG|Top|BG|Sky|Sky 1|Sky 1 (1)|Pattern|Pattern_Sceentone|UFX_FireWork|Gradation_Circle,12
Assets/Resources/prefabs/ui/popup/shop/UIPopup_Shop.prefab,UIPopup_Shop,popup,932,937,2,loading|story,UIPopup_Shop|Dim|BG|Top|BG|Shadow|SkeletonGraphic (Customer11_SD_Store)|Char|Title|deco|deco (1)|deco (2),12
Assets/Resources/prefabs/ui/popup/shop/UIPopup_VideoBonus.prefab,UIPopup_VideoBonus,popup,368,378,1,loading,UIPopup_VideoBonus|Dim|BG|Mid|BG|BGColor|Image|OutLine|Deco|Image|Image_1|Image_2,10
Assets/Resources/prefabs/ui/popup/UIPopup_AddLinePack.prefab,UIPopup_AddLinePack,popup,189,211,1,loading,UIPopup_AddLinePack|Dim|BG|Single|Image|Image|Board|cells|Image|Image|Image (1)|Image (2),12
Assets/Resources/prefabs/ui/popup/UIPopup_AIChatbotGuide.prefab,UIPopup_AIChatbotGuide,popup,131,131,0,,UIPopup_AIChatbotGuide|Dim|Title|Mask|TextTitle|Btn_Close|Btn_Green|Image|Pattern|Text (TMP)|Cover|A_Image,6
Assets/Resources/prefabs/ui/popup/UIPopup_AlarmSetting.prefab,UIPopup_AlarmSetting,popup,22,22,0,,UIPopup_AlarmSetting|Dim|BG|Bg|Text_Title|Btn_Close|Img_Close|Content|Text_|BtnGroup|Button|Btn_Red,1
Assets/Resources/prefabs/ui/popup/UIPopup_AlbumDetail.prefab,UIPopup_AlbumDetail,popup,16,16,0,,UIPopup_AlbumDetail|Dim|BG|ImageSlot_Normal|BtnGroup_B|Btn_L|Icon|Btn_R|Icon|BtnGroup_T|Btn_Close|Icon,1
Assets/Resources/prefabs/ui/popup/UIPopup_ArcadeZone.prefab,UIPopup_ArcadeZone,popup,74,74,0,,UIPopup_ArcadeZone|Dim|BG|Image|Image (2)|DecoGroup|Image|Image (3)|Image (1)|Image (18)|Image (2)|Image (4),8
Assets/Resources/prefabs/ui/popup/UIPopup_BandPackage.prefab,UIPopup_BandPackage,popup,259,272,0,,UIPopup_BandPackage|Dim|Bot|AMP|Body|Image (9)|Image (11)|Image (12)|Image (10)|Image (7)|Image (9)|Image (13),12
Assets/Resources/prefabs/ui/popup/UIPopup_BenefitMorePackage.prefab,UIPopup_BenefitMorePackage,popup,194,194,0,,UIPopup_BenefitMorePackage|Dim|BG|Contents|UIListitem_BenefitMorePackage (1)|BG|Next_Arrow|Arrow|RewardGroup|UIListItem_RewardInfo|boximg|GameObject,5
Assets/Resources/prefabs/ui/popup/UIPopup_BenefitSalePackage.prefab,UIPopup_BenefitSalePackage,popup,189,189,0,,UIPopup_BenefitSalePackage|Dim|BG|Contents|UIListitem_BenefitSalePackage (1)|BG|Deco|Next_Arrow|Arrow|RewardGroup|UIListItem_RewardInfo|boximg,5
Assets/Resources/prefabs/ui/popup/UIPopup_BlockDetailInfo.prefab,UIPopup_BlockDetailInfo,popup,147,147,0,,UIPopup_BlockDetailInfo|Dim|Btn|BG|Panel|Deco|Image|Image (10)|Image (1)|Image (2)|Image (3)|Image (4),5
Assets/Resources/prefabs/ui/popup/UIPopup_BlockInfo.prefab,UIPopup_BlockInfo,popup,224,242,0,,UIPopup_BlockInfo|Dim|BG|Bg|Text_BlockName|Btn_Close|Icon_Close|Item|Image_SelectBlock|Text_SelectBlock_Level|_Debug|Btn_BlockGet,12
Assets/Resources/prefabs/ui/popup/UIPopup_CardPackInfo.prefab,UIPopup_CardPackInfo,popup,103,103,0,,UIPopup_CardPackInfo|Dim|BG|Bg|Text_BlockName|Item|InGameResItemParent|UIListitem_InGameResItem|BG|BG|Item|IconImage (1),1
Assets/Resources/prefabs/ui/popup/UIPopup_CartoonPackage.prefab,UIPopup_CartoonPackage,popup,90,90,0,,UIPopup_CartoonPackage|Dim|BG|Contents|Goods|Reward|BG|BG_1|BG_2|BG_3|Image|Image_1,12
Assets/Resources/prefabs/ui/popup/UIPopup_CartoonView.prefab,UIPopup_CartoonView,popup,243,243,0,,UIPopup_CartoonView|Dim|BG|BG|Scroll View|Viewport|Content|Cartoon_KokoAku|Image|Text_ToBeContinue (1)|UIListitem_CartoonCut_0|Image,12
Assets/Resources/prefabs/ui/popup/UIPopup_CartoonView_NEW.prefab,UIPopup_CartoonView_NEW,popup,244,244,0,,UIPopup_CartoonView_NEW|Dim|BG|BG|Scroll View|Viewport|Content|Cartoon_KokoAku|Image|Text_ToBeContinue (1)|UIListitem_CartoonCut_0|Image,12
Assets/Resources/prefabs/ui/popup/UIPopup_CompleteGuideMission.prefab,UIPopup_CompleteGuideMission,popup,35,35,0,,UIPopup_CompleteGuideMission|BG|ClearType|Tab_Kokomi|SpinePos|On|TabOn|Image|Image (1)|Tab_Aku|SpinePos|On,0
Assets/Resources/prefabs/ui/popup/UIPopup_CompleteMaidQuest.prefab,UIPopup_CompleteMaidQuest,popup,252,262,0,,UIPopup_CompleteMaidQuest|Dim|BG|BG_|Particle System (2)|CustomerPos|CouponCard|CouponCard|Bottom|Bottom (1)|StampGrid|1,6
Assets/Resources/prefabs/ui/popup/UIPopup_CompleteMissionPass.prefab,UIPopup_CompleteMissionPass,popup,12,12,0,,UIPopup_CompleteMissionPass|BG|BG|Image|Text_Title|Slider|Background|Fill Area|Fill|Text (TMP)|QuestType|QuestIcon,0
Assets/Resources/prefabs/ui/popup/UIpopup_Confirm.prefab,UIpopup_Confirm,popup,44,44,0,,UIpopup_Confirm|Dim|BG|Text_Title|ImageArea|ItemShell|Mask|Contents|Item_Amount|Warnning|Image (1)|Image (2),3
Assets/Resources/prefabs/ui/popup/UIPopup_CouponEnter.prefab,UIPopup_CouponEnter,popup,18,18,0,,UIPopup_CouponEnter|Dim|BG|Title|TextTitle|Btn_Close|Image|InputField (TMP)|Text Area|Placeholder|Text|Grid_Btn,3
Assets/Resources/prefabs/ui/popup/UIPopup_CustomerChat.prefab,UIPopup_CustomerChat,popup,31,31,0,,UIPopup_CustomerChat|Dim|BG (1)|Image (8)|Image (7)|Image (10)|Image (11)|Vignette|BG|Deco|UIParticle|Particle System (2),10
Assets/Resources/prefabs/ui/popup/UIPopup_DecoItemInfo.prefab,UIPopup_DecoItemInfo,popup,62,66,0,,UIPopup_DecoItemInfo|Dim|BG|Bg|Text_BlockName|Item|UserProfileParent|UIListItem_Reward_UserProfile|ProfileMask|ProfileImgPos|OL|FramePos,1
Assets/Resources/prefabs/ui/popup/UIPopup_DesignedBoxOpen.prefab,UIPopup_DesignedBoxOpen,popup,6,9,0,,UIPopup_DesignedBoxOpen|Dim|UI_DesignedBox|B|T|UIParticle,0
Assets/Resources/prefabs/ui/popup/UIPopup_DiaryWriteConfirm.prefab,UIPopup_DiaryWriteConfirm,popup,36,36,0,,UIPopup_DiaryWriteConfirm|Dim|BG|Bg|Text_BlockName|Item|InGameResItemParent|UIListitem_InGameResItem|Item|IconImage|Text_Title|Bot,1
Assets/Resources/prefabs/ui/popup/UIPopup_DormitoryChoice.prefab,UIPopup_DormitoryChoice,popup,49,49,0,,UIPopup_DormitoryChoice|Dim|BG|TextTitle|Bottom|Scroll View|Viewport|BG|BG (1)|Content|Gradient|Image,9
Assets/Resources/prefabs/ui/popup/UIPopup_DormitoryGuide.prefab,UIPopup_DormitoryGuide,popup,73,92,0,,UIPopup_DormitoryGuide|Dim|BG|Title|Dormitory_Desc1|ItemA|ProductionMark|Arrow|Mask|ItemB|FX_DormitoryItem|Icon,2
Assets/Resources/prefabs/ui/popup/UIPopup_DormitoryQuest.prefab,UIPopup_DormitoryQuest,popup,146,165,1,story,UIPopup_DormitoryQuest|Dim|BG|Banner|QuestTilteBG (1)|Btn_Story|Icon_Story|Char|Glow|Jewel|Glow|Text_Number,9
Assets/Resources/prefabs/ui/popup/UIPopup_DuckTube.prefab,UIPopup_DuckTube,popup,91,103,0,,UIPopup_DuckTube|Dim|BG|Banner|BG|1|New SkeletonGraphic|New SkeletonGraphic (1)|2|Char|Glow|Glow (1),9
Assets/Resources/prefabs/ui/popup/UIPopup_EchoArchive_SelectEpisode.prefab,UIPopup_EchoArchive_SelectEpisode,popup,163,165,1,story,UIPopup_EchoArchive_SelectEpisode|BG|BGColor|BookShelf|BG|Image (3)|Image (4)|Image (6)|Image (7)|Image (5)|Scroll View|Viewport,9
Assets/Resources/prefabs/ui/popup/UIPopup_EchoArchiveGuide_Fabricate.prefab,UIPopup_EchoArchiveGuide_Fabricate,popup,45,46,0,,UIPopup_EchoArchiveGuide_Fabricate|Dim|Desc|Desc|Desc1|Image_desc1|Img_Production|Img_Effect_glow|Img_Effect_Rotate|Img_EventBlock|Img_Hand|Txt_desc1,3
Assets/Resources/prefabs/ui/popup/UIPopup_EchoArchiveGuide_LastLevel.prefab,UIPopup_EchoArchiveGuide_LastLevel,popup,45,46,0,,UIPopup_EchoArchiveGuide_LastLevel|Dim|Desc|Desc|Desc1|Image_desc1|Img_Production|Img_Effect_glow|Img_Effect_Rotate|Img_EventBlock|Img_Hand|Txt_desc1,3
Assets/Resources/prefabs/ui/popup/UIPopup_Energy.prefab,UIPopup_Energy,popup,79,82,0,,UIPopup_Energy|Dim|BG|TitleGroup|Title|Desc|ImgGroup|Light|Particle System (2)|ImgGroup_1|Item_Amount|Button,4
Assets/Resources/prefabs/ui/popup/UIPopup_EnergyPackage.prefab,UIPopup_EnergyPackage,popup,275,278,0,,UIPopup_EnergyPackage|Dim|BG|Contents|UIListitem_EnergyBottle_1|BG|mid|Group_T|Image (3)|Image (5)|Image (8)|Image (4),8
Assets/Resources/prefabs/ui/popup/UIPopup_Event_FishingConfirm.prefab,UIPopup_Event_FishingConfirm,popup,40,40,0,,UIPopup_Event_FishingConfirm|Dim|BG|Text_Title|ImageArea|ItemShell|Mask|Contents|Item_Amount|Btn_Info|Icon|Warnning,3
Assets/Resources/prefabs/ui/popup/UIPopup_Event_PC_Bloodworm.prefab,UIPopup_Event_PC_Bloodworm,popup,677,697,1,story,UIPopup_Event_PC_Bloodworm|Dim|PlayWait|BG|BG (1)|White|Cover|Top (1)|Bot (1)|Left (1)|Left_1|Right (1),12
Assets/Resources/prefabs/ui/popup/UIPopup_Event_PC_PuddingJump.prefab,UIPopup_Event_PC_PuddingJump,popup,918,954,1,story,UIPopup_Event_PC_PuddingJump|Dim|PlayWait|BG|BG|White|SpineAni|SpinePos|New SkeletonGraphic|Cover|Top|Bot,12
Assets/Resources/prefabs/ui/popup/UIPopup_Event_PC_VendingMachine.prefab,UIPopup_Event_PC_VendingMachine,popup,1105,1144,1,story,UIPopup_Event_PC_VendingMachine|Dim|PlayWait|BG|BG|White|SpineAni|SpinePos|New SkeletonGraphic|Cover|Top|Bot,12
Assets/Resources/prefabs/ui/popup/UIPopup_EventClear.prefab,UIPopup_EventClear,popup,17,33,0,,UIPopup_EventClear|Dim|BG|Image|FX1|FX2|FX3|FX4|FX5|FXLast|TextDesc2|Btn_OK,0
Assets/Resources/prefabs/ui/popup/UIPopup_EventSchoolUniform_Guide.prefab,UIPopup_EventSchoolUniform_Guide,popup,173,182,0,,UIPopup_EventSchoolUniform_Guide|Dim|Desc|Desc|Desc1|Img_Effect_Rotate|MergeDesc|Merge1|Merge2|MergeResult|EventItem_Merge|LightStick,4
Assets/Resources/prefabs/ui/popup/UIPopup_EventTreasureSand.prefab,UIPopup_EventTreasureSand,popup,182,200,1,story,UIPopup_EventTreasureSand|Dim|BG|GameObject|GameObject (1)|TOP|BG|BG (1)|Btn_Story|Icon_Story|Title|RemainTime,11
Assets/Resources/prefabs/ui/popup/UIPopup_FabricateBlockInfo.prefab,UIPopup_FabricateBlockInfo,popup,357,357,0,,UIPopup_FabricateBlockInfo|Dim|BG|Bg|Top|BG_Skin|Default|Koko|B|Ribbon_R|Ribbon|Ribbon (1),9
Assets/Resources/prefabs/ui/popup/UIPopup_FabricateProduct_BlockInfo.prefab,UIPopup_FabricateProduct_BlockInfo,popup,80,80,0,,UIPopup_FabricateProduct_BlockInfo|Dim|BG|Bg|Text_BlockName|ProductInfo|Image|Item|UIListitem_RewardItem_ClearInfo (2)|Image (9)|Image (10)|Text (TMP),3
Assets/Resources/prefabs/ui/popup/UIPopup_GemJarProgress.prefab,UIPopup_GemJarProgress,popup,92,102,0,,UIPopup_GemJarProgress|BG|Jewel|JewelLv1|JewelLv2|JewelLv3|FX|JewelDirt|Light|Color|Lv1|Jewel (1),0
Assets/Resources/prefabs/ui/popup/UIPopup_GetCardPackTicket.prefab,UIPopup_GetCardPackTicket,popup,6,6,0,,UIPopup_GetCardPackTicket|BG|GachaPiece|Bg_|Image_Gem|Text_Amount,0
Assets/Resources/prefabs/ui/popup/UIPopup_GoldenWorm.prefab,UIPopup_GoldenWorm,popup,88,100,0,,UIPopup_GoldenWorm|Dim|BG|Banner|BG|1|Kokomi|2|Glow|GoldenWorm|3|Grass1,10
Assets/Resources/prefabs/ui/popup/UIpopup_HighKuji_RatePopup.prefab,UIpopup_HighKuji_RatePopup,popup,69,69,0,,UIpopup_HighKuji_RatePopup|Dim|BG|Text_Title|TextArea|Desc_1|Desc_2|ImageArea|Desc_2|Tag|Tag1|Text (TMP),2
Assets/Resources/prefabs/ui/popup/UIPopup_InGameResChange.prefab,UIPopup_InGameResChange,popup,75,75,0,,UIPopup_InGameResChange|PreViewArea|BG|Pattern|BoardPreview|Mask|BG_OutSide|BGPos|CostomerSpinePos|Customer_01_SD|SkeletonGraphic (Ch_Customer01_SD)|Bar_Top,4
Assets/Resources/prefabs/ui/popup/UIPopup_Inventory.prefab,UIPopup_Inventory,popup,131,131,0,,UIPopup_Inventory|Dim|BG|ProduceInventory|BG|Color|Image|Image_1|Image_2|TOT|Image|Image_1,7
Assets/Resources/prefabs/ui/popup/UiPopup_LevelPass.prefab,UiPopup_LevelPass,popup,1,1,0,,UiPopup_LevelPass,0
Assets/Resources/prefabs/ui/popup/UIPopup_LevelPass_01.prefab,UIPopup_LevelPass_01,popup,160,179,0,,UIPopup_LevelPass_01|Dim|BannerBG|MainImg_0|Img_Loop_B|GameObject|Color1|Color2|Color3|GameObject|Color1|Color2,12
Assets/Resources/prefabs/ui/popup/UIPopup_LevelPass_02.prefab,UIPopup_LevelPass_02,popup,160,179,0,,UIPopup_LevelPass_02|Dim|BannerBG|MainImg_0|Img_Loop_B|GameObject|Color1|Color2|Color3|GameObject|Color1|Color2,12
Assets/Resources/prefabs/ui/popup/UIPopup_LevelPass_03.prefab,UIPopup_LevelPass_03,popup,160,179,0,,UIPopup_LevelPass_03|Dim|BannerBG|MainImg_0|Img_Loop_B|GameObject|Color1|Color2|Color3|GameObject|Color1|Color2,12
Assets/Resources/prefabs/ui/popup/UIPopup_LevelPassBase.prefab,UIPopup_LevelPassBase,popup,160,179,0,,UIPopup_LevelPassBase|Dim|BannerBG|MainImg_0|Img_Loop_B|GameObject|Color1|Color2|Color3|GameObject|Color1|Color2,12
Assets/Resources/prefabs/ui/popup/UIPopup_LevelPassClose_PassCheck.prefab,UIPopup_LevelPassClose_PassCheck,popup,21,21,0,,UIPopup_LevelPassClose_PassCheck|Dim|BG|TextTitle|RemainRewardList|BG|RemainRewardTitle|Text_B|BtnArea|Btn_Yes|Btn_Red|Image,2
Assets/Resources/prefabs/ui/popup/UIPopup_LikeAbilityBlockInfo.prefab,UIPopup_LikeAbilityBlockInfo,popup,22,22,0,,UIPopup_LikeAbilityBlockInfo|Dim|BG|Bg|Text_BlockName|Item|Image_SelectBlock|PreferredMaidInfo|Block_Dese|BG|Image|Image_1,1
Assets/Resources/prefabs/ui/popup/UIPopup_LikeabilityGuide.prefab,UIPopup_LikeabilityGuide,popup,51,51,1,story,UIPopup_LikeabilityGuide|Dim|Title|Mask|TextTitle|Desc|Desc1|Image_desc1|Img_Hand_2|Img_Hand_3|Img_Hand_4|Img_Hand,2
Assets/Resources/prefabs/ui/popup/UIPopup_LikeabilityUp.prefab,UIPopup_LikeabilityUp,popup,12,12,0,,UIPopup_LikeabilityUp|BG|BG|TextGroup|Image|Text (TMP)|Image|Char|BG|Image|ProfileImg|OutLine,0
Assets/Resources/prefabs/ui/popup/UIPopup_MaidAIChatADItem.prefab,UIPopup_MaidAIChatADItem,popup,42,46,0,,UIPopup_MaidAIChatADItem|Dim|BG|Bg|Text_BlockName|Item|InGameResItemParent|UIListitem_InGameResItem|Item|IconImage|Text (TMP)|Text_Title,1
Assets/Resources/prefabs/ui/popup/UIPopup_MaidAIChatEndingImageGenerate.prefab,UIPopup_MaidAIChatEndingImageGenerate,popup,50,50,0,,UIPopup_MaidAIChatEndingImageGenerate|Dim|MasterHeart|Bg_|Image_Gem|Text_Amount|Add|Icon|BG|Bg|Text_BlockName|Item,1
Assets/Resources/prefabs/ui/popup/UIPopup_MaidChatSkip.prefab,UIPopup_MaidChatSkip,popup,19,19,0,,UIPopup_MaidChatSkip|Dim|BG|Text_Title|DescArea|Text_Desc|BtnArea|Btn_Red|Btn_Red|Image|Pattern|Text (TMP),1
Assets/Resources/prefabs/ui/popup/UIPopup_MaidCouponSelect.prefab,UIPopup_MaidCouponSelect,popup,32,32,0,,UIPopup_MaidCouponSelect|Dim|BG|Clip_B|BG|Image|Image (1)|Image (2)|Title|Race_Input|Line|CouponList,4
Assets/Resources/prefabs/ui/popup/UIPopup_MaidSelect.prefab,UIPopup_MaidSelect,popup,28,28,0,,UIPopup_MaidSelect|Dim|BG|Clip_B|BG|Image|Image (1)|Title|Image|Race_Title|Race_Input|Line,6
Assets/Resources/prefabs/ui/popup/UIPopup_MasterHeartCharge.prefab,UIPopup_MasterHeartCharge,popup,41,41,0,,UIPopup_MasterHeartCharge|Dim|MasterHeart|Bg_|Image_Gem|Text_Amount|Add|Icon|BG|Bg|Text_BlockName|Item,1
Assets/Resources/prefabs/ui/popup/UIPopup_MasterHeartChatEndingResult.prefab,UIPopup_MasterHeartChatEndingResult,popup,41,41,0,,UIPopup_MasterHeartChatEndingResult|BG|EndingImage|DefaultImage|GenerateImage|ImageGenerating|Text (TMP)|Top|BG|Gradient|Text_Ending|BottomBtns,7
Assets/Resources/prefabs/ui/popup/UIPopup_Memory_GetEffect.prefab,UIPopup_Memory_GetEffect,popup,34,37,0,,UIPopup_Memory_GetEffect|BG|Dim|Image|CardPos|CardSpawnPoint|CardName|Color|MaidName|Text (TMP) (1)|GameObject|Image,6
Assets/Resources/prefabs/ui/popup/UIPopup_MemoryCard_BuyTickets.prefab,UIPopup_MemoryCard_BuyTickets,popup,31,32,0,,UIPopup_MemoryCard_BuyTickets|Dim|BG|TitleGroup|Title|Desc|ImgGroup|Light|Particle System (2)|Ticket_Lemited|Ticket_Normal|Item_Amount,3
Assets/Resources/prefabs/ui/popup/UIPopup_MemoryCard_GachaInfo.prefab,UIPopup_MemoryCard_GachaInfo,popup,18,18,0,,UIPopup_MemoryCard_GachaInfo|Dim|BG|TextTitle|Button_Close|Img_Close|Grid|01|BG|Info_Top|BG_Bottom|Card_Name,10
Assets/Resources/prefabs/ui/popup/UIPopup_MemoryCard_GachaResult.prefab,UIPopup_MemoryCard_GachaResult,popup,31,32,0,,UIPopup_MemoryCard_GachaResult|Image|Dim|UIParticle|Image (2)|Image (3)|OnePull|Slot|TenPull|Slot (0)|Slot (1)|Slot (2),3
Assets/Resources/prefabs/ui/popup/UIPopup_MemoryCardBoard.prefab,UIPopup_MemoryCardBoard,popup,422,429,0,,UIPopup_MemoryCardBoard|Dim|BG|Banner|Image (7)|Image (3)|Image (4)|Image (5)|LightScale (1)|AllClearFX1|UFX_BtnPang|UFX_BtnPang,5
Assets/Resources/prefabs/ui/popup/UIPopup_MemoryCardInfo.prefab,UIPopup_MemoryCardInfo,popup,79,79,0,,UIPopup_MemoryCardInfo|Dim|Dim|Top|Text (TMP)|Btn_Close|Img_Close|Btn_Close2|BG|CardArea|Card|CardIn,2
Assets/Resources/prefabs/ui/popup/UIpopup_MemoryCardinfo_CardShop.prefab,UIpopup_MemoryCardinfo_CardShop,popup,79,79,0,,UIpopup_MemoryCardinfo_CardShop|Dim|BG|Text_Title|Mask|CardInfoPos|UIPopup_MemoryCardInfo|BG|CardArea|Card|CardIn|CardName,5
Assets/Resources/prefabs/ui/popup/UIPopup_MemoryCardProbability.prefab,UIPopup_MemoryCardProbability,popup,54,54,0,,UIPopup_MemoryCardProbability|Dim|BG|Clip_B|BG|linepattern|lineA|line|line (1)|line (2)|line (3)|line (4),12
Assets/Resources/prefabs/ui/popup/UIPopup_MemoryStart.prefab,UIPopup_MemoryStart,popup,23,24,0,,UIPopup_MemoryStart|Dim|BG|FX|Light|LightT|LightB|RemainTime|Txt_RemainTime|Image|BannerArea|OutLine,4
Assets/Resources/prefabs/ui/popup/UIPopup_MiniGame_Revival.prefab,UIPopup_MiniGame_Revival,popup,36,38,0,,UIPopup_MiniGame_Revival|Dim|BG|ScoreGroup|Image|TextTitle|Text_Score|BtnGroup|TextTitle|Btn_Yes|Btn_Default|Image,5
Assets/Resources/prefabs/ui/popup/UIPopup_MiniGameAlways_BloodWorm.prefab,UIPopup_MiniGameAlways_BloodWorm,popup,113,117,0,,UIPopup_MiniGameAlways_BloodWorm|Dim|BG|Top|Btn_Info|Info|Btn_Exit|RewardInfos|Info|Score|Reward|Info (1),3
Assets/Resources/prefabs/ui/popup/UIPopup_MiniGameAlways_Fishing.prefab,UIPopup_MiniGameAlways_Fishing,popup,57,57,0,,UIPopup_MiniGameAlways_Fishing|Dim|BG|Top|Btn_Info|Info|Btn_Exit|RewardInfos|Info|Score|Reward|Info (1),6
Assets/Resources/prefabs/ui/popup/UIPopup_MiniGameAlways_PuddingJump.prefab,UIPopup_MiniGameAlways_PuddingJump,popup,111,115,0,,UIPopup_MiniGameAlways_PuddingJump|Dim|BG|Top|Btn_Info|Info|Btn_Exit|RewardInfos|Info|Score|Reward|Info (1),3
Assets/Resources/prefabs/ui/popup/UIPopup_MiniGameAlways_VendingMachine.prefab,UIPopup_MiniGameAlways_VendingMachine,popup,432,447,0,,UIPopup_MiniGameAlways_VendingMachine|Dim|BG|Top|Btn_Info|Info|Btn_Exit|RewardInfos|Info|Score|Reward|Info (1),9
Assets/Resources/prefabs/ui/popup/UIPopup_MinigameCover.prefab,UIPopup_MinigameCover,popup,90,90,1,story,UIPopup_MinigameCover|BG|BG|White|SpineAni|SpinePos|New SkeletonGraphic|Cover|Top|Bot|Left|Left_1,5
Assets/Resources/prefabs/ui/popup/UIPopup_MiniGameEvent_BloodWorm.prefab,UIPopup_MiniGameEvent_BloodWorm,popup,852,871,1,story,UIPopup_MiniGameEvent_BloodWorm|Dim|BG|BloodWorm_Content|BloodWorm_Play|Effect_BackLight|PlayScreen|Pattern|Grass (12)|Grass (11)|Grass|Grass (1),12
Assets/Resources/prefabs/ui/popup/UIPopup_MiniGameEvent_PuddingJump.prefab,UIPopup_MiniGameEvent_PuddingJump,popup,928,954,1,story,UIPopup_MiniGameEvent_PuddingJump|Dim|BG|Puddingjump_Content|PuddingJump_Play|Effect_BackLight|PlayWait|UIListitem_MiniGame_PuddingJump|PlayStart|Scroll View|Sky|SkyHigh,12
Assets/Resources/prefabs/ui/popup/UIPopup_MiniGameEvent_VendingMachine.prefab,UIPopup_MiniGameEvent_VendingMachine,popup,1107,1142,1,story,UIPopup_MiniGameEvent_VendingMachine|Dim|BG|VendingMachine_Content|VendingMachine_Play|Effect_BackLight|PlayScreen|PlayStart|UIListitem_MiniGame_VendingMachine|BGMask|BG|BGPattern,12
Assets/Resources/prefabs/ui/popup/UIPopup_MissionPass.prefab,UIPopup_MissionPass,popup,1,1,0,,UIPopup_MissionPass,0
Assets/Resources/prefabs/ui/popup/UIPopup_MissionPass_1.prefab,UIPopup_MissionPass_1,popup,477,482,2,loading|story,UIPopup_MissionPass_1|MissionPassMain|Dim|BG|Banner|BG|BG|1|2|Glow|New SkeletonGraphic|3,12
Assets/Resources/prefabs/ui/popup/UIPopup_MissionPass_2.prefab,UIPopup_MissionPass_2,popup,481,486,2,loading|story,UIPopup_MissionPass_2|MissionPassMain|Dim|BG|Banner|BG|BG|1|Image_2|2|Image_1|3,12
Assets/Resources/prefabs/ui/popup/UIPopup_MissionPass_Christmas_1.prefab,UIPopup_MissionPass_Christmas_1,popup,880,886,2,loading|story,UIPopup_MissionPass_Christmas_1|MissionPassMain|Dim|BG|BackPlate|Image|MissionPass_Play|Top|BG|BG|Image|UFX_Snow,12
Assets/Resources/prefabs/ui/popup/UIPopup_MissionPass_Christmas_2.prefab,UIPopup_MissionPass_Christmas_2,popup,880,886,2,loading|story,UIPopup_MissionPass_Christmas_2|MissionPassMain|Dim|BG|BackPlate|Image|MissionPass_Play|Top|BG|BG|Image|UFX_Snow,12
Assets/Resources/prefabs/ui/popup/UIPopup_MissionPass_Progress.prefab,UIPopup_MissionPass_Progress,popup,9,9,0,,UIPopup_MissionPass_Progress|BG|Text_Time|icon|Slider|Background|Fill Area|Fill|Text (TMP),0
Assets/Resources/prefabs/ui/popup/UIPopup_MissionPass_Summer.prefab,UIPopup_MissionPass_Summer,popup,810,815,2,loading|story,UIPopup_MissionPass_Summer|MissionPassMain|Dim|BG|BackPlate|L|L (1)|R|L (2)|Banner|BG|BG,12
Assets/Resources/prefabs/ui/popup/UIPopup_MissionPass_Summer_2.prefab,UIPopup_MissionPass_Summer_2,popup,808,813,2,loading|story,UIPopup_MissionPass_Summer_2|MissionPassMain|Dim|BG|BackPlate|L|L (1)|R|L (2)|Banner|BG|BG,12
Assets/Resources/prefabs/ui/popup/UIPopup_MissionPassClose_PassCheck.prefab,UIPopup_MissionPassClose_PassCheck,popup,22,22,0,,UIPopup_MissionPassClose_PassCheck|Dim|BG|TextTitle|BannerArea|RemainRewardList|BG|RemainRewardTitle|Text_B|BtnArea|Btn_Yes|Btn_Red,2
Assets/Resources/prefabs/ui/popup/UIPopup_MissionPassClose_RewardGet.prefab,UIPopup_MissionPassClose_RewardGet,popup,23,23,0,,UIPopup_MissionPassClose_RewardGet|Dim|BG|BG|GameObject|TextTitle|RemainRewardAlert|RemainRewardTitle|RemainRewardList|Viewport|contents|Gradient,4
Assets/Resources/prefabs/ui/popup/UIPopup_MissionPassPurchase.prefab,UIPopup_MissionPassPurchase,popup,138,141,1,loading,UIPopup_MissionPassPurchase|Dim|BG|Refundinfo|RefundInfo|Text (TMP)|Image|Btn|SuperPremium|BGcolor|Image (1)_1|Image,5
Assets/Resources/prefabs/ui/popup/UIPopup_MoreGames.prefab,UIPopup_MoreGames,popup,26,26,0,,UIPopup_MoreGames|Dim|BG|Title|TextTitle|Btn_Close|Image|Games|Game_1|Mask|Image|Btn_Go,2
Assets/Resources/prefabs/ui/popup/UIpopup_NeedCurrency.prefab,UIpopup_NeedCurrency,popup,52,55,0,,UIpopup_NeedCurrency|Dim|BG|Text_Title|ImageArea|Image_desc1|Image|SpinePos|New SkeletonGraphic|BG|SlotGrid|Item,1
Assets/Resources/prefabs/ui/popup/UIPopup_NeedleBlockInfo.prefab,UIPopup_NeedleBlockInfo,popup,118,136,0,,UIPopup_NeedleBlockInfo|Dim|BG|Bg|Text_BlockName|Item|Image_Needle|NeedleDesc|NeedleLv1|BtnArea|Deco|Deco,5
Assets/Resources/prefabs/ui/popup/UIPopup_NewMaid.prefab,UIPopup_NewMaid,popup,36,39,1,scene,UIPopup_NewMaid|SceneObjects|DoorBG|BG|DoorBG|gradient_L|Image_1|gradient_R|Image_1|gradient_T|Image_1|gradient_B,12
Assets/Resources/prefabs/ui/popup/UIPopup_NewNpc.prefab,UIPopup_NewNpc,popup,26,27,0,,UIPopup_NewNpc|Dim|BG|Deco|Polaroid|Title_B|Polaroid_Frame|Polaroid_mask|Polaroid_BG|Title_F|Mask|Title,6
Assets/Resources/prefabs/ui/popup/UIPopup_PassClose.prefab,UIPopup_PassClose,popup,38,38,0,,UIPopup_PassClose|BG_Dim|Panel|BG|EventBannerBG|EventBannerBG_Img|EventBannerChar_Img|EventBannerTitle_Text|TextTitle|RemainRewardAlert|RemainRewardTitle|RemainRewardList,4
Assets/Resources/prefabs/ui/popup/UIPopup_PhotoCardDetail.prefab,UIPopup_PhotoCardDetail,popup,63,63,1,story,UIPopup_PhotoCardDetail|Dim|Close|Image|Story|Card|ListItem_PhotoCard|BGMask|BG|CardParent|LV|0,5
Assets/Resources/prefabs/ui/popup/UIPopup_ProduceBlockInfo.prefab,UIPopup_ProduceBlockInfo,popup,152,152,0,,UIPopup_ProduceBlockInfo|Dim|BG|Bg|Top|Text_BlockName|Btn_Close|Img_Close|Current_Block|Image_SelectBlock|Text_SelectBlock_Level|NoMerge,12
Assets/Resources/prefabs/ui/popup/UIpopup_Profilepurchase.prefab,UIpopup_Profilepurchase,popup,35,35,0,,UIpopup_Profilepurchase|Dim|ProfileArea|UIUserProfile|Bg_ExpBG|BG|Image_ExpGauge|ProfileMask|ProfileImgPos|OL|FramePos|Text_Level,1
Assets/Resources/prefabs/ui/popup/UIPopup_QuestInfoList.prefab,UIPopup_QuestInfoList,popup,42,42,0,,UIPopup_QuestInfoList|Dim|BG|Clip_B|BG|linepattern|lineA|line|line (1)|line (2)|line (3)|line (4),12
Assets/Resources/prefabs/ui/popup/UIPopup_RequestGroupInfo.prefab,UIPopup_RequestGroupInfo,popup,299,302,0,,UIPopup_RequestGroupInfo|Dim|BG|SpinePos|Dialog|Shadow|BG|Outline|Tail|Text (TMP)|Main|'SpineMatePos ',2
Assets/Resources/prefabs/ui/popup/UIPopup_RequestMainPointInfo.prefab,UIPopup_RequestMainPointInfo,popup,50,56,0,,UIPopup_RequestMainPointInfo|Dim|BG|BannerArea|BG|StoneGroup|OFF|ON|AllClearFX2|Image|AllClearFX1|Stone_F,6
Assets/Resources/prefabs/ui/popup/UIPopup_Reward_CustomerCoupon.prefab,UIPopup_Reward_CustomerCoupon,popup,80,82,0,,UIPopup_Reward_CustomerCoupon|Dim|CustomerPos|CouponParent|SelectCouponRewardPopup|Text_Title|Desc|Dim|Btn_01|Item|Amount_text1|Slot_Info,4
Assets/Resources/prefabs/ui/popup/UIPopup_RewardGet_CardAllComplete.prefab,UIPopup_RewardGet_CardAllComplete,popup,20,21,0,,UIPopup_RewardGet_CardAllComplete|Dim|BG|Icon_EventItem|Deco|light|light2|Image|Image|Image|Image (1)|Particle System (2),3
Assets/Resources/prefabs/ui/popup/UIPopup_RewardGet_CardGroupComplete.prefab,UIPopup_RewardGet_CardGroupComplete,popup,540,547,0,,UIPopup_RewardGet_CardGroupComplete|Dim|BG|Icon_EventItem|Deco|light|light2|CardList|Card (10)|UIListItem_PhotoCard|Card|Back,4
Assets/Resources/prefabs/ui/popup/UIPopup_RewardGet_CardPack.prefab,UIPopup_RewardGet_CardPack,popup,19,21,0,,UIPopup_RewardGet_CardPack|Dim|BG|UIParticle|Scroll View|Viewport|ItemGrid|Top|Bottom|Image|Pack|SkeletonGraphic (CardPack_Spine),1
Assets/Resources/prefabs/ui/popup/UIPopup_RewardGet_Costume.prefab,UIPopup_RewardGet_Costume,popup,44,46,1,scene,UIPopup_RewardGet_Costume|SceneObjects|BG|Image|GameObject|BG_1|BG_3|BG_2|BG_3|Image|Image_1|Light,7
Assets/Resources/prefabs/ui/popup/UIPopup_RewardGet_HighKuji.prefab,UIPopup_RewardGet_HighKuji,popup,59,65,0,,UIPopup_RewardGet_HighKuji|Dim|BG|Kuji|Plate|Text (TMP)|UIParticle|BotMask|Image (3)|Text_Group|Text (TMP) (1)|Ani,0
Assets/Resources/prefabs/ui/popup/UIPopup_RewardGet_InGameRes.prefab,UIPopup_RewardGet_InGameRes,popup,20,21,0,,UIPopup_RewardGet_InGameRes|Dim|BG|Icon_EventItem|Deco|light|light2|Image|Image|Image|Image (1)|Particle System (2),3
Assets/Resources/prefabs/ui/popup/UIPopup_RewardGetAddScale.prefab,UIPopup_RewardGetAddScale,popup,41,43,0,,UIPopup_RewardGetAddScale|Dim|BG|Icon_EventItem|Deco|light|light2|Image|Image (2)|Image (3)|Image (1)|Particle System (2),3
Assets/Resources/prefabs/ui/popup/UIPopup_RewardGetMaidCoin.prefab,UIPopup_RewardGetMaidCoin,popup,15,16,0,,UIPopup_RewardGetMaidCoin|Dim|BG|Icon_EventItem|Title|Deco|Particle System (2)|Scroll View|Viewport|ItemGrid|Scrollbar Vertical|Sliding Area,3
Assets/Resources/prefabs/ui/popup/UIPopup_RewardGetMaidRelationship.prefab,UIPopup_RewardGetMaidRelationship,popup,21,22,0,,UIPopup_RewardGetMaidRelationship|Dim|BG|Icon_EventItem|Deco|MaidParent|light|light2|Image|Image|Image|Image (1),3
Assets/Resources/prefabs/ui/popup/UIPopup_RewardGetNormal.prefab,UIPopup_RewardGetNormal,popup,20,21,0,,UIPopup_RewardGetNormal|Dim|BG|Icon_EventItem|Deco|light|light2|Image|Image|Image|Image (1)|Particle System (2),3
Assets/Resources/prefabs/ui/popup/UIPopup_RewardGetPhotoCard.prefab,UIPopup_RewardGetPhotoCard,popup,361,363,0,,UIPopup_RewardGetPhotoCard|Dim|BG|Icon_EventItem|Single|Gage|BG|Gage|Count|Deco|Particle System (2)|PhotocardParent,12
Assets/Resources/prefabs/ui/popup/UIPopup_RewardGetUserProfile.prefab,UIPopup_RewardGetUserProfile,popup,20,21,0,,UIPopup_RewardGetUserProfile|Dim|BG|Icon_EventItem|Deco|light|light2|Image|Image|Image|Image (1)|Particle System (2),3
Assets/Resources/prefabs/ui/popup/UIPopup_RoomQuestInfo.prefab,UIPopup_RoomQuestInfo,popup,92,94,1,story,UIPopup_RoomQuestInfo|Dim|BG|BGGroup|Clip_B|BG|linepattern|line|line (2)|line (3)|line (4)|line (5),12
Assets/Resources/prefabs/ui/popup/UIpopup_Roulette_RatePopup.prefab,UIpopup_Roulette_RatePopup,popup,118,118,0,,UIpopup_Roulette_RatePopup|Dim|BG|Text_Title|TextArea|Desc_1|Desc_1 (1)|ImageArea|Desc_2|Tag|Tag1|Text (TMP),2
Assets/Resources/prefabs/ui/popup/UIPopup_SaveCampaign.prefab,UIPopup_SaveCampaign,popup,41,41,0,,UIPopup_SaveCampaign|BG_Dim|Panel|Char|Image (2)|Text (TMP)|Title|TextTitle|Btn_Close|Image|Deco|Image (7),5
Assets/Resources/prefabs/ui/popup/UIPopup_SeasonPass_Christmas_2025.prefab,UIPopup_SeasonPass_Christmas_2025,popup,232,256,1,story,UIPopup_SeasonPass_Christmas_2025|Dim|BannerBG|MainImg|Illust|Black_L|Black_R|Black_B|Black_T|Gradient|Gradient|Gradient_B,12
Assets/Resources/prefabs/ui/popup/UIPopup_SeasonPass_Guide.prefab,UIPopup_SeasonPass_Guide,popup,48,49,0,,UIPopup_SeasonPass_Guide|Dim|Desc|Desc|Desc1|Image_desc1|MergeDesc|Merge1|Merge2|MergeResult|EventItem_Merge|LightStick,3
Assets/Resources/prefabs/ui/popup/UIPopup_SeasonPass_Halloween_2025.prefab,UIPopup_SeasonPass_Halloween_2025,popup,230,250,1,story,UIPopup_SeasonPass_Halloween_2025|Dim|BannerBG|MainImg|Black_L|Black_R|Black_B|Gradient|Gradient|Gradient_B|White|BG,12
Assets/Resources/prefabs/ui/popup/UIPopup_SeasonPass_Purchase_Christmas_2025.prefab,UIPopup_SeasonPass_Purchase_Christmas_2025,popup,240,245,1,loading,UIPopup_SeasonPass_Purchase_Christmas_2025|Dim|BG|SuperPremium|Image|Image_1|Image_2|TextTitle|Button|Text (TMP)|UIButtonCover|LoadingImage,10
Assets/Resources/prefabs/ui/popup/UIPopup_SeasonPass_Purchase_Halloween_2025.prefab,UIPopup_SeasonPass_Purchase_Halloween_2025,popup,229,233,1,loading,UIPopup_SeasonPass_Purchase_Halloween_2025|Dim|BG|SuperPremium|Image|Image_1|Image_2|TextTitle|Button|Text (TMP)|UIButtonCover|LoadingImage,7
Assets/Resources/prefabs/ui/popup/UIPopup_SeasonPass_Purchase_Summer_2025.prefab,UIPopup_SeasonPass_Purchase_Summer_2025,popup,318,323,1,loading,UIPopup_SeasonPass_Purchase_Summer_2025|Dim|BG|SuperPremium|Image|Image_1|Image_2|TextTitle|Button|Text (TMP)|UIButtonCover|LoadingImage,9
Assets/Resources/prefabs/ui/popup/UIPopup_SeasonPass_Summer_2025.prefab,UIPopup_SeasonPass_Summer_2025,popup,193,210,1,story,UIPopup_SeasonPass_Summer_2025|Dim|BannerBG|MainImg|Gradient|Gradient|White|BG|Flear|BackPlate|BG_L|Color,12
Assets/Resources/prefabs/ui/popup/UIPopup_SeasonPassGuide_Christmas_2025.prefab,UIPopup_SeasonPassGuide_Christmas_2025,popup,48,49,0,,UIPopup_SeasonPassGuide_Christmas_2025|Dim|Desc|Desc|Desc1|Image_desc1|MergeDesc|Merge1|Merge2|MergeResult|EventItem_Merge|LightStick,3
Assets/Resources/prefabs/ui/popup/UIPopup_SeasonPassGuide_Halloween_2025.prefab,UIPopup_SeasonPassGuide_Halloween_2025,popup,47,48,0,,UIPopup_SeasonPassGuide_Halloween_2025|Dim|Desc|Desc|Desc1|Image_desc1|Img_Production|Img_Effect_glow|Img_Effect_Rotate|Img_EventBlock|Img_Hand|Txt_desc1,3
Assets/Resources/prefabs/ui/popup/UIPopup_SeasonPassGuide_Summer_2025.prefab,UIPopup_SeasonPassGuide_Summer_2025,popup,48,49,0,,UIPopup_SeasonPassGuide_Summer_2025|Dim|Desc|Desc|Desc1|Image_desc1|MergeDesc|Merge1|Merge2|MergeResult|EventItem_Merge|LightStick,3
Assets/Resources/prefabs/ui/popup/UIPopup_SelectBox.prefab,UIPopup_SelectBox,popup,43,43,0,,UIPopup_SelectBox|Dim|Light|Glow|Item|BG|Text_Title|Desc|Dim|Btn_Close|Img_Close|Btn_01,4
Assets/Resources/prefabs/ui/popup/UIPopup_SeriouslyMerge.prefab,UIPopup_SeriouslyMerge,popup,182,184,0,,UIPopup_SeriouslyMerge|Dim|BG|Select1|BG|Deco|Deco (1)|UpgradeFXs|Upgrade1|1|2|Text_Upgrade,4
Assets/Resources/prefabs/ui/popup/UIPopup_SeriouslyMergeGuide.prefab,UIPopup_SeriouslyMergeGuide,popup,161,163,0,,UIPopup_SeriouslyMergeGuide|Dim|Title|Mask|TextTitle|Desc|Desc1|Image_desc1|Image_desc1_1|Image|BG (1)|BG (2),2
Assets/Resources/prefabs/ui/popup/UIPopup_SeriouslyMergeInfo.prefab,UIPopup_SeriouslyMergeInfo,popup,148,150,0,,UIPopup_SeriouslyMergeInfo|Dim|Image|Text (TMP) (2)|Text (TMP) (3)|BGSlotImg|1|BG|Text (TMP)|2|BG|Text (TMP),2
Assets/Resources/prefabs/ui/popup/UIPopup_SpecialAttendancePackage.prefab,UIPopup_SpecialAttendancePackage,popup,195,196,0,,UIPopup_SpecialAttendancePackage|Dim|BG|Image|SpineMask|SpinePos|New SkeletonGraphic|Npc_Dialog|Icon_Dialog|Image|Text_Dialog|Board,3
Assets/Resources/prefabs/ui/popup/UIPopup_SubMapEnd_RewardGet.prefab,UIPopup_SubMapEnd_RewardGet,popup,23,23,0,,UIPopup_SubMapEnd_RewardGet|Dim|BG|BG|BannerArea|TextTitle|RemainRewardAlert|RemainRewardTitle|RemainRewardList|Viewport|contents|Gradient,3
Assets/Resources/prefabs/ui/popup/UIPopup_TicketInfo.prefab,UIPopup_TicketInfo,popup,11,11,0,,UIPopup_TicketInfo|Dim|BG|Bg|Text_BlockName|Item|Image_Needle|TicketDesc|Text_Desc_Lv1|Btn_Close|Icon_Close,2
Assets/Resources/prefabs/ui/popup/UIPopup_UnlockNewFurniture.prefab,UIPopup_UnlockNewFurniture,popup,61,62,0,,UIPopup_UnlockNewFurniture|Dim|BG|Deco|Title_B|FurnitureArea|BG|BG2|Mask|Contents_Furniture|Particle System (2)|Title_F,4
Assets/Resources/prefabs/ui/popup/UIPopup_VillageBuild.prefab,UIPopup_VillageBuild,popup,43,43,0,,UIPopup_VillageBuild|BG|Gradient|Image|Image_10|Image_13|Image_2|Image_3|Image_14|Image_16|Image_15|Image_17,2
Assets/Resources/prefabs/ui/popup/UIPopup_VillageBuildLegacy.prefab,UIPopup_VillageBuildLegacy,popup,199,211,0,,UIPopup_VillageBuildLegacy|Block|BtnClose|BG|BtnClose2|Change|LeftArrow|Image_Circle|Image_Circle (1)|RightArrow|Image_Circle|Image_Circle (1),3
Assets/Resources/prefabs/ui/popup/UIPopup_WhiteDayPackage.prefab,UIPopup_WhiteDayPackage,popup,277,277,0,,UIPopup_WhiteDayPackage|Dim|BG|Contents|UIListitem_EnergyBottle_1|Straw|Image (2)|Image (3)|Image (4)|Image (1)|BG|OutLine,6
Assets/Resources/prefabs/ui/popup/UIPopup_WorkLog_GetDouble.prefab,UIPopup_WorkLog_GetDouble,popup,40,42,0,,UIPopup_WorkLog_GetDouble|Dim|BG|UIListItem_RewardItem|Item_Icon_Reward|Item_Block_Reward|Item_ObjectParent_Reward|TextAmount|Arrow|Icon|UIListItem_RewardItem (1)|Item_Icon_Reward,0
Assets/Resources/prefabs/ui/popup/UIPopup_WorkLogGuide.prefab,UIPopup_WorkLogGuide,popup,87,87,0,,UIPopup_WorkLogGuide|Dim|Title|Mask|TextTitle|Desc|Desc1|Image_desc1|UIListitem_DailyMission|BG|Deco|Color,3
Assets/Resources/prefabs/ui/profile/frame/ProfileFrame_000.prefab,ProfileFrame_000,misc,2,2,0,,ProfileFrame_000|Image,0
Assets/Resources/prefabs/ui/profile/frame/ProfileFrame_001.prefab,ProfileFrame_001,misc,2,2,0,,ProfileFrame_001|Image,0
Assets/Resources/prefabs/ui/profile/frame/ProfileFrame_002.prefab,ProfileFrame_002,misc,2,2,0,,ProfileFrame_002|Image,0
Assets/Resources/prefabs/ui/profile/frame/ProfileFrame_003.prefab,ProfileFrame_003,misc,2,2,0,,ProfileFrame_003|Image,0
Assets/Resources/prefabs/ui/profile/frame/ProfileFrame_004.prefab,ProfileFrame_004,misc,2,2,0,,ProfileFrame_004|Image,0
Assets/Resources/prefabs/ui/profile/frame/ProfileFrame_005.prefab,ProfileFrame_005,misc,2,2,0,,ProfileFrame_005|Image,0
Assets/Resources/prefabs/ui/profile/frame/ProfileFrame_006.prefab,ProfileFrame_006,misc,2,2,0,,ProfileFrame_006|Image,0
Assets/Resources/prefabs/ui/profile/frame/ProfileFrame_007.prefab,ProfileFrame_007,misc,2,2,0,,ProfileFrame_007|Image,0
Assets/Resources/prefabs/ui/profile/frame/ProfileFrame_008.prefab,ProfileFrame_008,misc,2,2,0,,ProfileFrame_008|Image,0
Assets/Resources/prefabs/ui/profile/frame/ProfileFrame_009.prefab,ProfileFrame_009,misc,2,2,0,,ProfileFrame_009|Image,0
Assets/Resources/prefabs/ui/profile/frame/ProfileFrame_Base.prefab,ProfileFrame_Base,misc,2,2,0,,ProfileFrame_Base|Image,0
Assets/Resources/prefabs/ui/profile/icon/ProfileIcon_001.prefab,ProfileIcon_001,misc,2,2,0,,ProfileIcon_001|ProfileImg,0
Assets/Resources/prefabs/ui/profile/icon/ProfileIcon_002.prefab,ProfileIcon_002,misc,2,2,0,,ProfileIcon_002|ProfileImg,0
Assets/Resources/prefabs/ui/profile/icon/ProfileIcon_003.prefab,ProfileIcon_003,misc,2,2,0,,ProfileIcon_003|ProfileImg,0
Assets/Resources/prefabs/ui/profile/icon/ProfileIcon_004.prefab,ProfileIcon_004,misc,2,2,0,,ProfileIcon_004|ProfileImg,0
Assets/Resources/prefabs/ui/profile/icon/ProfileIcon_005.prefab,ProfileIcon_005,misc,2,2,0,,ProfileIcon_005|ProfileImg,0
Assets/Resources/prefabs/ui/profile/icon/ProfileIcon_006.prefab,ProfileIcon_006,misc,2,2,0,,ProfileIcon_006|ProfileImg,0
Assets/Resources/prefabs/ui/profile/icon/ProfileIcon_007.prefab,ProfileIcon_007,misc,2,2,0,,ProfileIcon_007|ProfileImg,0
Assets/Resources/prefabs/ui/profile/icon/ProfileIcon_Base.prefab,ProfileIcon_Base,misc,2,2,0,,ProfileIcon_Base|ProfileImg,0
Assets/Resources/prefabs/ui/profile/icon/ProfileIcon_Christmas_001.prefab,ProfileIcon_Christmas_001,misc,2,2,0,,ProfileIcon_Christmas_001|ProfileImg,0
Assets/Resources/prefabs/ui/profile/icon/ProfileIcon_Christmas_002.prefab,ProfileIcon_Christmas_002,misc,2,2,0,,ProfileIcon_Christmas_002|ProfileImg,0
Assets/Resources/prefabs/ui/profile/icon/ProfileIcon_Christmas_003.prefab,ProfileIcon_Christmas_003,misc,2,2,0,,ProfileIcon_Christmas_003|ProfileImg,0
Assets/Resources/prefabs/ui/profile/icon/ProfileIcon_Christmas_004.prefab,ProfileIcon_Christmas_004,misc,2,2,0,,ProfileIcon_Christmas_004|ProfileImg,0
Assets/Resources/prefabs/ui/profile/icon/ProfileIcon_Christmas_005.prefab,ProfileIcon_Christmas_005,misc,2,2,0,,ProfileIcon_Christmas_005|ProfileImg,0
Assets/Resources/prefabs/ui/RefundInfo.prefab,RefundInfo,misc,4,4,0,,RefundInfo|Text (TMP)|Image|Btn,1
Assets/Resources/prefabs/ui/Split_Explain.prefab,Split_Explain,misc,40,49,0,,Split_Explain|BG|Tile|OutLine|OutLine_1|1|1_1|1_2|1_3|1_4|1_5|1_6,2
Assets/Resources/prefabs/ui/tutorial/Tutorial_ApRecharge.prefab,Tutorial_ApRecharge,tutorial,17,17,0,,Tutorial_ApRecharge|BG|Target_UI|TargetBg|Dialogue (1)|UIChatBox|Image|Mask|Char|New SkeletonGraphic|Text (TMP)|TargetFinger,1
Assets/Resources/prefabs/ui/tutorial/Tutorial_AutoProduce.prefab,Tutorial_AutoProduce,tutorial,22,22,0,,Tutorial_AutoProduce|BG|Target_Block_A|TargetBg|TargetFinger|Finger|Text|Dialogue|UIChatBox|Image|Mask|Char,2
Assets/Resources/prefabs/ui/tutorial/Tutorial_BlockInfo.prefab,Tutorial_BlockInfo,tutorial,58,58,0,,Tutorial_BlockInfo|BG|Target_Block|TargetBg|Target_Block (4)|TargetBg|Target_Block (2)|TargetBg|Target_Block (3)|TargetBg|Target_Block (5)|TargetBg,7
Assets/Resources/prefabs/ui/tutorial/Tutorial_BlockInfo_B.prefab,Tutorial_BlockInfo_B,tutorial,59,59,0,,Tutorial_BlockInfo_B|BG|Target_Block|TargetBg|Target_Block (2)|TargetBg|Target_Block (3)|TargetBg|Target_Block (4)|TargetBg|Target_Block (5)|TargetBg,7
Assets/Resources/prefabs/ui/tutorial/Tutorial_BlockInfo_Fabricate.prefab,Tutorial_BlockInfo_Fabricate,tutorial,18,18,0,,Tutorial_BlockInfo_Fabricate|BG|Target_Block|TargetBg|Text|Dialogue|UIChatBox|Image|Mask|Char|New SkeletonGraphic|Text (TMP),1
Assets/Resources/prefabs/ui/tutorial/Tutorial_BlockInfo_New.prefab,Tutorial_BlockInfo_New,tutorial,25,25,0,,Tutorial_BlockInfo_New|BG|Target_Block|TargetBg|Target_Block (2)|TargetBg|Text|Dialogue|UIChatBox|Image|Mask|Char,2
Assets/Resources/prefabs/ui/tutorial/Tutorial_BubbleBlock.prefab,Tutorial_BubbleBlock,tutorial,27,27,0,,Tutorial_BubbleBlock|BG (5)|TargetBg_A|TargetBg_B|BG|TargetFinger|Finger|Dialogue_Part1|TextObject|UIChatBox|Image|Mask,4
Assets/Resources/prefabs/ui/tutorial/Tutorial_Collection.prefab,Tutorial_Collection,tutorial,24,24,0,,Tutorial_Collection|BG|Target_UI|TargetBg|Target_UI (1)|TargetBg|Target_UI (2)|TargetBg|Dialogue|UIChatBox|Image|Mask,5
Assets/Resources/prefabs/ui/tutorial/Tutorial_Costume.prefab,Tutorial_Costume,tutorial,75,75,1,outgame,Tutorial_Costume|BG (5)|TargetBg_GoOutGame|TargetBg_A|TargetBg_B|TargetBg_C|TargetBg_D|TargetBg_D|TargetBg_E|TargetBg_F|BG|TargetFinger,12
Assets/Resources/prefabs/ui/tutorial/Tutorial_CustomerEpisode.prefab,Tutorial_CustomerEpisode,tutorial,20,20,0,,Tutorial_CustomerEpisode|BG|Target_UI (1)|TargetBg|Target_UI|TargetBg|Target_UI (2)|TargetBg|Dialogue|UIChatBox|Image|Mask,1
Assets/Resources/prefabs/ui/tutorial/Tutorial_CustomerInfo.prefab,Tutorial_CustomerInfo,tutorial,16,16,0,,Tutorial_CustomerInfo|BG|Target_UI|TargetBg|Dialogue|UIChatBox|Image|Mask|Char|New SkeletonGraphic|Text (TMP)|TargetFinger,1
Assets/Resources/prefabs/ui/tutorial/Tutorial_Dormitory.prefab,Tutorial_Dormitory,tutorial,42,42,0,,Tutorial_Dormitory|BG|Target_UI|TargetBg|Target_UI (1)|TargetBg|Target_UI (2)|TargetBg|Target_UI (3)|TargetBg|Dialogue|UIChatBox,3
Assets/Resources/prefabs/ui/tutorial/Tutorial_EchoArchive.prefab,Tutorial_EchoArchive,tutorial,56,56,0,,Tutorial_EchoArchive|BG|Target_01_MaidBtn|TargetBg|Target_02_MaidNoteBtn|TargetBg|Target_03_Produce|TargetBg|Target_04_InitItem_01|TargetBg|Target_04_InitItem_02|TargetBg,4
Assets/Resources/prefabs/ui/tutorial/Tutorial_GiftInfo.prefab,Tutorial_GiftInfo,tutorial,9,9,0,,Tutorial_GiftInfo|BG|Target_UI_Round|TargetBg|TargetFinger|Finger|Text (TMP)|Btn_Ok|TargetBg,0
Assets/Resources/prefabs/ui/tutorial/Tutorial_InGameRes.prefab,Tutorial_InGameRes,tutorial,2,2,0,,Tutorial_InGameRes|BG,0
Assets/Resources/prefabs/ui/tutorial/Tutorial_InGameTeamFormation.prefab,Tutorial_InGameTeamFormation,tutorial,20,20,0,,Tutorial_InGameTeamFormation|BG|Target_UI|TargetBg|Target_UI (1)|TargetBg|Dialogue|UIChatBox|Image|Mask|Char|New SkeletonGraphic,1
Assets/Resources/prefabs/ui/tutorial/Tutorial_Inventory.prefab,Tutorial_Inventory,tutorial,26,26,0,,Tutorial_Inventory|BG|Target_UI|TargetBg|Target_Block|TargetBg|Text_PutIn|UIChatBox|Image|Mask|Char|New SkeletonGraphic,2
Assets/Resources/prefabs/ui/tutorial/Tutorial_LevelPass.prefab,Tutorial_LevelPass,tutorial,18,18,0,,Tutorial_LevelPass|BG|Target_Tab|TargetBg|Target_Reward|TargetBg|Text|Dialogue|UIChatBox|Image|Mask|Char,1
Assets/Resources/prefabs/ui/tutorial/Tutorial_MaidAIChat.prefab,Tutorial_MaidAIChat,tutorial,46,46,0,,Tutorial_MaidAIChat|BG|Target_UI|TargetBg|Target_UI (1)|TargetBg|Target_UI_NewChat|TargetBg_NewChat|Target_UI_FirstMaidCard|TargetBg_FirstMaidCard|Target_UI_SituationCard|TargetBg_SituationCard,6
Assets/Resources/prefabs/ui/tutorial/Tutorial_MaidAlbum.prefab,Tutorial_MaidAlbum,tutorial,2,2,0,,Tutorial_MaidAlbum|BG,0
Assets/Resources/prefabs/ui/tutorial/Tutorial_MaidChat.prefab,Tutorial_MaidChat,tutorial,24,24,0,,Tutorial_MaidChat|BG|Target_UI|TargetBg|Target_UI (1)|TargetBg|Target_UI (2)|TargetBg|Dialogue|UIChatBox|Image|Mask,4
Assets/Resources/prefabs/ui/tutorial/Tutorial_MaidGift.prefab,Tutorial_MaidGift,tutorial,54,54,0,,Tutorial_MaidGift|BG|Target_UI|TargetBg|Target_UI (1)|TargetBg|Target_UI (2)|TargetBg|Target_UI (3)|TargetBg (1)|Target_UI (4)|TargetBg,9
Assets/Resources/prefabs/ui/tutorial/Tutorial_MaidLobby.prefab,Tutorial_MaidLobby,tutorial,15,15,1,lobby,Tutorial_MaidLobby|BG|Target_UI|TargetBg|Dialogue (1)|UIChatBox|Image|Mask|Char|New SkeletonGraphic|Text (TMP)|TargetFinger,1
Assets/Resources/prefabs/ui/tutorial/Tutorial_MaidNote.prefab,Tutorial_MaidNote,tutorial,58,58,0,,Tutorial_MaidNote|BG|Target_UI|TargetBg|Target_UI (1)|TargetBg|Target_UI (2)|TargetBg|Target_UI (3)|TargetBg|Target_UI (4)|TargetBg,5
Assets/Resources/prefabs/ui/tutorial/Tutorial_MaidSkill.prefab,Tutorial_MaidSkill,tutorial,35,35,0,,Tutorial_MaidSkill|BG|Target_UI|TargetBg|Target_UI (1)|TargetBg|Target_UI (2)|TargetBg|Target_UI (3)|TargetBg (1)|Dialogue|UIChatBox,4
Assets/Resources/prefabs/ui/tutorial/Tutorial_MaidTeamformation.prefab,Tutorial_MaidTeamformation,tutorial,46,46,0,,Tutorial_MaidTeamformation|BG|Target_UI|TargetBg|Target_UI (1)|TargetBg|Target_UI (2)|TargetBg|Target_UI (3)|TargetBg|Target_UI (4)|TargetBg,3
Assets/Resources/prefabs/ui/tutorial/Tutorial_MemoryCardCollection.prefab,Tutorial_MemoryCardCollection,tutorial,32,32,0,,Tutorial_MemoryCardCollection|BG|Target_UI|TargetBg|Target_UI (1)|TargetBg|Target_UI (2)|TargetBg|Target_UI (3)|TargetBg|Target_UI (4)|TargetBg,4
Assets/Resources/prefabs/ui/tutorial/Tutorial_MemoryCardShop.prefab,Tutorial_MemoryCardShop,tutorial,24,24,0,,Tutorial_MemoryCardShop|BG|Target_UI|TargetBg|Target_UI (1)|TargetBg|Target_UI (2)|TargetBg|Dialogue|UIChatBox|Image|Mask,2
Assets/Resources/prefabs/ui/tutorial/Tutorial_Merge_A.prefab,Tutorial_Merge_A,tutorial,18,18,0,,Tutorial_Merge_A|BG|Target_Block_A|TargetBg|Target_Block_B|TargetBg|TargetFinger|Finger|Text|Dialogue|UIChatBox|Image,1
Assets/Resources/prefabs/ui/tutorial/Tutorial_Merge_B.prefab,Tutorial_Merge_B,tutorial,9,9,0,,Tutorial_Merge_B|BG (5)|Target_Block_A|TargetBg|Target_Block_B|TargetBg|BG|TargetFinger|Finger,0
Assets/Resources/prefabs/ui/tutorial/Tutorial_Merge_B_B.prefab,Tutorial_Merge_B_B,tutorial,18,18,0,,Tutorial_Merge_B_B|BG (5)|Target_Block_A|TargetBg|Target_Block_B|TargetBg|BG|TargetFinger|Finger|Text|Dialogue|UIChatBox,1
Assets/Resources/prefabs/ui/tutorial/Tutorial_Merge_C.prefab,Tutorial_Merge_C,tutorial,18,18,0,,Tutorial_Merge_C|BG (5)|Target_Block_A|TargetBg|Target_Block_B|TargetBg|BG|TargetFinger|Finger|Text|Dialogue|UIChatBox,1
Assets/Resources/prefabs/ui/tutorial/Tutorial_Merge_C_B.prefab,Tutorial_Merge_C_B,tutorial,18,18,0,,Tutorial_Merge_C_B|BG (5)|Target_Block_A|TargetBg|Target_Block_B|TargetBg|BG|TargetFinger|Finger|Text|Dialogue|UIChatBox,1
Assets/Resources/prefabs/ui/tutorial/Tutorial_Merge_D.prefab,Tutorial_Merge_D,tutorial,9,9,0,,Tutorial_Merge_D|BG (5)|Target_Block_A|TargetBg|Target_Block_B|TargetBg|BG|TargetFinger|Finger,0
Assets/Resources/prefabs/ui/tutorial/Tutorial_Merge_E.prefab,Tutorial_Merge_E,tutorial,9,9,0,,Tutorial_Merge_E|BG (5)|Target_Block_A|TargetBg|Target_Block_B|TargetBg|BG|TargetFinger|Finger,0
Assets/Resources/prefabs/ui/tutorial/Tutorial_NewEvent.prefab,Tutorial_NewEvent,tutorial,18,18,0,,Tutorial_NewEvent|BG|Target_UI_Round|TargetBg|Target_UI|TargetBg|Dialogue|UIChatBox|Image|Mask|Char|New SkeletonGraphic,1
Assets/Resources/prefabs/ui/tutorial/Tutorial_Produce.prefab,Tutorial_Produce,tutorial,17,17,0,,Tutorial_Produce|BG (1)|Target_Block|TargetBg|Text|Dialogue|UIChatBox|Image|Mask|Char|New SkeletonGraphic|Text (TMP),1
Assets/Resources/prefabs/ui/tutorial/Tutorial_Produce_B.prefab,Tutorial_Produce_B,tutorial,17,17,0,,Tutorial_Produce_B|BG (1)|Target_Block|TargetBg|Text|Dialogue|UIChatBox|Image|Mask|Char|New SkeletonGraphic|Text (TMP),1
Assets/Resources/prefabs/ui/tutorial/Tutorial_QuestInfoCheck.prefab,Tutorial_QuestInfoCheck,tutorial,55,55,0,,Tutorial_QuestInfoCheck|BG|TargetBg_A|TargetBg_B|TargetBG_C|TargetBg_C|TargetBG_C (1)|TargetBg_C|TargetBG_C (2)|TargetBg_C|TargetFinger|Finger,12
Assets/Resources/prefabs/ui/tutorial/Tutorial_RandomRequest.prefab,Tutorial_RandomRequest,tutorial,20,20,0,,Tutorial_RandomRequest|BG|Target_Request|TargetBg|Dialogue|UIChatBox|Image|Mask|Char|New SkeletonGraphic|Text (TMP)|Dialogue (1),2
Assets/Resources/prefabs/ui/tutorial/Tutorial_Remodeling.prefab,Tutorial_Remodeling,tutorial,64,64,0,,Tutorial_Remodeling|BG|Target_UI|TargetBg|Target_UI (1)|TargetBg|Target_UI (2)|TargetBg|Target_UI (3)|TargetBg|Target_UI (4)|TargetBg,8
Assets/Resources/prefabs/ui/tutorial/Tutorial_Remodeling02.prefab,Tutorial_Remodeling02,tutorial,49,49,0,,Tutorial_Remodeling02|BG|Target_UI|TargetBg|Target_UI (1)|TargetBg|Target_UI (2)|TargetBg|Target_UI (3)|TargetBg|Dialogue|UIChatBox,4
Assets/Resources/prefabs/ui/tutorial/Tutorial_RequestComplete_A_A.prefab,Tutorial_RequestComplete_A_A,tutorial,17,17,0,,Tutorial_RequestComplete_A_A|BG|Target_Request|TargetBg|TargetFinger|Finger|Dialogue|UIChatBox|Image|Mask|Char|New SkeletonGraphic,1
Assets/Resources/prefabs/ui/tutorial/Tutorial_RequestComplete_A_B.prefab,Tutorial_RequestComplete_A_B,tutorial,45,45,0,,Tutorial_RequestComplete_A_B|BG|TargetBg_A|TargetBg_B|TargetBg_C|TargetBg_D|TargetBg_B (1)|TargetFinger|Finger|Dialogue|TextObject_A|UIChatBox,8
Assets/Resources/prefabs/ui/tutorial/Tutorial_RequestComplete_A_C.prefab,Tutorial_RequestComplete_A_C,tutorial,20,20,0,,Tutorial_RequestComplete_A_C|BG|TargetBg_A|TargetBg_B|TargetFinger|Finger|Dialogue|TextObject|UIChatBox|Image|Mask|Char,2
Assets/Resources/prefabs/ui/tutorial/Tutorial_RequestComplete_B_A.prefab,Tutorial_RequestComplete_B_A,tutorial,18,18,0,,'Tutorial_RequestComplete_B_A '|BG (5)|Target_Request|TargetBg|BG|TargetFinger|Finger|Dialogue|UIChatBox|Image|Mask|Char,1
Assets/Resources/prefabs/ui/tutorial/Tutorial_RequestComplete_B_B.prefab,Tutorial_RequestComplete_B_B,tutorial,24,24,0,,Tutorial_RequestComplete_B_B|BG (5)|TargetBg_A|TargetBg_B|TargetBg_C|BG|TargetFinger|Finger|Dialogue|Text|UIChatBox|Image,2
Assets/Resources/prefabs/ui/tutorial/Tutorial_RequestComplete_B_C.prefab,Tutorial_RequestComplete_B_C,tutorial,20,20,0,,Tutorial_RequestComplete_B_C|BG (5)|TargetBg_A|TargetBg_B|BG|TargetFinger|Finger|Dialogue|UIChatBox|Image|Mask|Char,1
Assets/Resources/prefabs/ui/tutorial/Tutorial_RequestComplete_C_A.prefab,Tutorial_RequestComplete_C_A,tutorial,21,21,0,,Tutorial_RequestComplete_C_A|BG (5)|Target_Request|TargetBg|BG|TargetFinger|Finger|Dialogue|ChatBox|Char|Text (TMP)|UIChatBox,2
Assets/Resources/prefabs/ui/tutorial/Tutorial_RequestComplete_C_B.prefab,Tutorial_RequestComplete_C_B,tutorial,24,24,0,,Tutorial_RequestComplete_C_B|BG (5)|TargetBg_A|TargetBg_B|TargetBg_C|BG|TargetFinger|Finger|Dialogue|TextObject|UIChatBox|Image,2
Assets/Resources/prefabs/ui/tutorial/Tutorial_RequestComplete_C_C.prefab,Tutorial_RequestComplete_C_C,tutorial,20,20,0,,Tutorial_RequestComplete_C_C|BG (5)|TargetBg_A|TargetBg_B|BG|TargetFinger|Finger|Dialogue|UIChatBox|Image|Mask|Char,1
Assets/Resources/prefabs/ui/tutorial/Tutorial_RequestStart_A.prefab,Tutorial_RequestStart_A,tutorial,33,33,0,,Tutorial_RequestStart_A|BG|TargetBg_A|TargetBg_B|TargetFinger|Finger|Dialogue|TextObject_A|UIChatBox|CharPos|New SkeletonGraphic|BG,0
Assets/Resources/prefabs/ui/tutorial/Tutorial_RequestStart_B.prefab,Tutorial_RequestStart_B,tutorial,13,13,0,,Tutorial_RequestStart_B|BG (5)|TargetBg_A|TargetBg_B|BG|TargetFinger|Finger|Btn_Request_Complete|TargetBg|Btn_Request_Complete (1)|TargetBg|Target_Request (1),0
Assets/Resources/prefabs/ui/tutorial/Tutorial_RequestStart_C.prefab,Tutorial_RequestStart_C,tutorial,20,20,0,,Tutorial_RequestStart_C|BG (5)|TargetBg_A|TargetBg_B|BG|TargetFinger|Finger|Dialogue|UIChatBox|Image|Mask|Char,1
Assets/Resources/prefabs/ui/tutorial/Tutorial_ResetCoolTime.prefab,Tutorial_ResetCoolTime,tutorial,32,32,0,,Tutorial_ResetCoolTime|BG|Target_UI|TargetBg|Btn_Block|TargetBg|Btn_UI|TargetBg|TargetFinger|Target|Finger|Text,3
Assets/Resources/prefabs/ui/tutorial/Tutorial_Resycle.prefab,Tutorial_Resycle,tutorial,17,17,0,,Tutorial_Resycle|BG (1)|Target_UI|TargetBg|BG|TargetFinger|Target|Finger|Btn_Block|TargetBg|Text|UIChatBox,1
Assets/Resources/prefabs/ui/tutorial/Tutorial_RewardBlock.prefab,Tutorial_RewardBlock,tutorial,17,17,0,,Tutorial_RewardBlock|BG|Target_UI|TargetBg|TargetFinger|Target|Finger|Text (TMP)|Btn_Block|TargetBg|Text|UIChatBox,1
Assets/Resources/prefabs/ui/tutorial/Tutorial_RewardBlock_B.prefab,Tutorial_RewardBlock_B,tutorial,11,11,0,,Tutorial_RewardBlock_B|BG (2)|Target_UI|TargetBg|BG|TargetFinger|Target|Finger|Btn_Block|TargetBg|Text,0
Assets/Resources/prefabs/ui/tutorial/Tutorial_RewardBlock_C.prefab,Tutorial_RewardBlock_C,tutorial,11,11,0,,Tutorial_RewardBlock_C|BG (2)|Target_UI|TargetBg|BG|TargetFinger|Target|Finger|Btn_Block|TargetBg|Text,0
Assets/Resources/prefabs/ui/tutorial/Tutorial_RewardBlock_RandBox.prefab,Tutorial_RewardBlock_RandBox,tutorial,24,24,0,,Tutorial_RewardBlock_RandBox|BG (2)|Target_UI|TargetBg|BG|TargetFinger|Target|Finger|Btn_Block|TargetBg|Text|UIChatBox,2
Assets/Resources/prefabs/ui/tutorial/Tutorial_SchoolUniform.prefab,Tutorial_SchoolUniform,tutorial,18,18,0,,Tutorial_SchoolUniform|Block_UI|TargetBg|AP_UI|TargetBg|Info_UI|TargetBg (1)|Btn_All|TargetBg|Btn_Info|TargetBg|Text,1
Assets/Resources/prefabs/ui/tutorial/Tutorial_Sell.prefab,Tutorial_Sell,tutorial,19,19,0,,Tutorial_Sell|BG (1)|Target_UI|TargetBg|Target_UI_B|TargetBg|BG|TargetFinger|Target|Finger|Btn_Block|TargetBg,1
Assets/Resources/prefabs/ui/tutorial/Tutorial_Shop.prefab,Tutorial_Shop,tutorial,20,20,0,,Tutorial_Shop|BG|Target_UI|TargetBg|Target_UI (1)|TargetBg|Dialogue|UIChatBox|Image|Mask|Char|New SkeletonGraphic,4
Assets/Resources/prefabs/ui/tutorial/Tutorial_StoryReplay.prefab,Tutorial_StoryReplay,tutorial,26,26,1,story,Tutorial_StoryReplay|BG|Target_UI|TargetBg|Target_UI (1)|TargetBg|Target_UI (2)|TargetBg|Target_UI (3)|TargetBg|Dialogue|UIChatBox,1
Assets/Resources/prefabs/ui/tutorial/Tutorial_TreasureSand.prefab,Tutorial_TreasureSand,tutorial,28,28,0,,Tutorial_TreasureSand|BG|Target_Tab|TargetBg|Target_Reward|TargetBg|Text|Dialogue|UIChatBox|Image|Mask|Char,2
Assets/Resources/prefabs/ui/tutorial/Tutorial_UserProfile.prefab,Tutorial_UserProfile,tutorial,44,44,0,,Tutorial_UserProfile|BG|Target_UI|TargetBg|Target_UI (1)|TargetBg|Target_UI (2)|TargetBg|Target_UI (3)|TargetBg|Dialogue|UIChatBox,7
Assets/Resources/prefabs/ui/tutorial/Tutorial_WorkLog.prefab,Tutorial_WorkLog,tutorial,18,18,0,,Tutorial_WorkLog|BG|Target_Tab|TargetBg|Target_Reward|TargetBg|Text|Dialogue|UIChatBox|Image|Mask|Char,1
Assets/Resources/prefabs/ui/tutorial/UIChatBox.prefab,UIChatBox,tutorial,6,6,0,,UIChatBox|Image|Mask|Char|New SkeletonGraphic|Text (TMP),1
Assets/Resources/prefabs/ui/tutorial/UITutorial_SeriouslyMerge.prefab,UITutorial_SeriouslyMerge,tutorial,20,20,0,,UITutorial_SeriouslyMerge|BG|Target_UI (1)|TargetBg|Target_UI (2)|TargetBg|Dialogue|UIChatBox|Image|Mask|Char|New SkeletonGraphic,1
Assets/Resources/prefabs/ui/UIAdsRemoveFreeEventTag.prefab,UIAdsRemoveFreeEventTag,screen_or_manager,5,5,0,,UIAdsRemoveFreeEventTag|Content|Icon (1)|Image|Text (TMP) (1),0
Assets/Resources/prefabs/ui/UIBalloons.prefab,UIBalloons,screen_or_manager,7,7,0,,UIBalloons|TweenUpDown|TweenLeftRight|TweenRotation|Balloons|BalloonsTransform|Line,0
Assets/Resources/prefabs/ui/UIButtonCover.prefab,UIButtonCover,screen_or_manager,2,2,1,loading,UIButtonCover|LoadingImage,0
Assets/Resources/prefabs/ui/UIFurnitureQuest.prefab,UIFurnitureQuest,screen_or_manager,20,21,0,,UIFurnitureQuest|Button|chaMask|RawImage|chaImg|Image (2)|Image|Image|Image (1)|Image (2)|Image (1)|Image (1),0
Assets/Resources/prefabs/ui/UILoading.prefab,UILoading,screen_or_manager,65,65,1,loading,UILoading|Loading_Type|BG_Base|BG|BG_Event|HalloweenBG|White|Ch|1|2|3|LogoArea,7
Assets/Resources/prefabs/ui/UILobbyUIOn.prefab,UILobbyUIOn,screen_or_manager,3,3,1,lobby,UILobbyUIOn|UIOnBtn|Icon,0
Assets/Resources/prefabs/ui/UIMaidLD.prefab,UIMaidLD,screen_or_manager,12,12,0,,UIMaidLD|Dim|SpinePosTarget_Normal|SpinePosTarget_Interaction|SpinePos|Npc_Dialog|Icon_Dialog|Tail|Text_Dialog|Btn_ToNormal|Btn_ToInteraction|Btn_InteractionArea,0
Assets/Resources/prefabs/ui/UIMaidLobby.prefab,UIMaidLobby,screen_or_manager,10,10,1,lobby,UIMaidLobby|BG|White|SpinePos|Gradient|Npc_Dialog|Icon_Dialog|Tail|Text_Dialog|DialogBtn,1
Assets/Resources/prefabs/ui/UIMaidLobbyLoading.prefab,UIMaidLobbyLoading,screen_or_manager,86,86,2,loading|lobby,UIMaidLobbyLoading|GameObject|Image_00|0|Deco|Deco_1|Deco_2|Image_01|1|Deco|Deco_1|Deco_2,12
Assets/Resources/prefabs/ui/UIManager.prefab,UIManager,screen_or_manager,3754,3900,6,loading|lobby|outgame|manager|scene|story,Canvas|SafeArea|UIOutGame|UIOutGame|FurnitureQuest|UIMaidLD|Dim|SpinePosTarget_Normal|SpinePosTarget_Interaction|SpinePos|Npc_Dialog|Icon_Dialog,12
Assets/Resources/prefabs/ui/UINpcDialog.prefab,UINpcDialog,screen_or_manager,5,5,0,,UINpcDialog|Npc_Dialog|Icon_Dialog|Image|Text_Dialog,0
Assets/Resources/prefabs/ui/UIOutGame.prefab,UIOutGame,screen_or_manager,26,26,2,lobby|outgame,UIOutGame|UIOutGame|FurnitureQuest|UIMaidLD|Dim|SpinePosTarget_Normal|SpinePosTarget_Interaction|SpinePos|Npc_Dialog|Icon_Dialog|Tail|Text_Dialog,0
Assets/Resources/prefabs/ui/UIPopupManager.prefab,UIPopupManager,popup,6,6,1,manager,UIPopupManager|Normal|Priority_Low|Priority_High|Effect|Always,0
Assets/Resources/prefabs/ui/UIRewardBlockGet.prefab,UIRewardBlockGet,screen_or_manager,43,63,1,outgame,UIRewardBlockGet|Normal|Btn|Img|UFX_BtnPang|UFX_BtnPang|Item|Amount|Amount|BM|Btn|Img,0
Assets/Resources/prefabs/ui/UIRewardCover.prefab,UIRewardCover,screen_or_manager,2,2,1,loading,UIRewardCover|LoadingImage,0
Assets/Resources/prefabs/ui/UIRewardinfo_BubbleType.prefab,UIRewardinfo_BubbleType,screen_or_manager,102,107,0,,UIRewardinfo_BubbleType|BG|Bubble|Tail|Image (1)|Image|Icon_Dialog|Scroll View|Viewport|Content|UIListItem_RewardItem|Coupon_ FinalReward,1
Assets/Resources/prefabs/ui/uiroot/UI_FabricateInfo.prefab,UI_FabricateInfo,screen_or_manager,8,8,0,,UI_FabricateInfo|BG|Icon_Dialog|Tail|InitBlockState|Image|NotInitBlockState|Image,0
Assets/Resources/prefabs/ui/uiroot/UIBlockInfo.prefab,UIBlockInfo,screen_or_manager,205,212,0,,UIBlockInfo|Bg|BGSkin|Default|Koko|Ribbon_R|Ribbon|Ribbon (1)|Ribbon_L|Ribbon|Ribbon (1)|Color,0
Assets/Resources/prefabs/ui/uiroot/uiglobal/uitap_left/UITap_Left.prefab,UITap_Left,screen_or_manager,8,8,0,,UITap_Left|Scroll View|Viewport|Content|UITopBtn|UIOnOff|SettingIcon|BtnArea,1
Assets/Resources/prefabs/ui/uiroot/uiglobal/uitap_right/UITap_AddLine.prefab,UITap_AddLine,screen_or_manager,6,8,0,,UITap_AddLine|New SkeletonGraphic|UFX_Noti|Image|UIParticle|Image,0
Assets/Resources/prefabs/ui/uiroot/uiglobal/uitap_right/UITap_AdsRemove.prefab,UITap_AdsRemove,screen_or_manager,10,12,0,,UITap_AdsRemove|SpinePos|BG|Image (1)|UnActive|Active|UFX_Noti|Image|UIParticle|Btn,0
Assets/Resources/prefabs/ui/uiroot/uiglobal/uitap_right/UITap_AttendanceDaily.prefab,UITap_AttendanceDaily,screen_or_manager,3,3,0,,UITap_AttendanceDaily|Image_1|Image,0
Assets/Resources/prefabs/ui/uiroot/uiglobal/uitap_right/UITap_Halloween_2025.prefab,UITap_Halloween_2025,screen_or_manager,21,23,0,,UITap_Halloween_2025|HalloweenIcon|BGMask|BGColor|BGFX|Ghost1|CharMask|Char|Darker|EyeGlow_L|EyeLight_L|EyeGlow_R,0
Assets/Resources/prefabs/ui/uiroot/uiglobal/uitap_right/UITap_LevelPass_01.prefab,UITap_LevelPass_01,screen_or_manager,11,11,0,,UITap_LevelPass_01|GameObject|Icon|ArrowColor|Text (TMP)|BtnArea|UFX_Noti_V2|Noti|UIParticle|Particle System (1)|Particle System (2),0
Assets/Resources/prefabs/ui/uiroot/uiglobal/uitap_right/UITap_LevelPass_02.prefab,UITap_LevelPass_02,screen_or_manager,11,11,0,,UITap_LevelPass_02|GameObject|Icon|ArrowColor|Text (TMP)|BtnArea|UFX_Noti_V2|Noti|UIParticle|Particle System (1)|Particle System (2),0
Assets/Resources/prefabs/ui/uiroot/uiglobal/uitap_right/UITap_LevelPass_03.prefab,UITap_LevelPass_03,screen_or_manager,11,11,0,,UITap_LevelPass_03|GameObject|Icon|ArrowColor|Text (TMP)|BtnArea|UFX_Noti_V2|Noti|UIParticle|Particle System (1)|Particle System (2),0
Assets/Resources/prefabs/ui/uiroot/uiglobal/uitap_right/UITap_LevelPassBase.prefab,UITap_LevelPassBase,screen_or_manager,11,11,0,,UITap_LevelPassBase|GameObject|Icon|ArrowColor|Text (TMP)|BtnArea|UFX_Noti_V2|Noti|UIParticle|Particle System (1)|Particle System (2),0
Assets/Resources/prefabs/ui/uiroot/uiglobal/uitap_right/UITap_MissionPass.prefab,UITap_MissionPass,screen_or_manager,8,10,0,,UITap_MissionPass|iconParent|Time|Text_Time|UFX_Noti|Image|UIParticle|Image,0
Assets/Resources/prefabs/ui/uiroot/uiglobal/uitap_right/UITap_Notice.prefab,UITap_Notice,screen_or_manager,7,7,0,,UITap_Notice|Image|UFX_Noti_V2|Noti|UIParticle|Particle System (1)|Particle System (2),0
Assets/Resources/prefabs/ui/uiroot/uiglobal/uitap_right/UITap_Right.prefab,UITap_Right,screen_or_manager,90,100,0,,UITap_Right|UITopBtn|SettingiconArea|SettingIcon|UFX_Noti_V2|Noti|UIParticle|Particle System (1)|Particle System (2)|BtnArea|UITap_Notice|Image,0
Assets/Resources/prefabs/ui/uiroot/uiglobal/uitap_right/UITap_SeasonPass.prefab,UITap_SeasonPass,screen_or_manager,9,11,0,,UITap_SeasonPass|SpinePos|New SkeletonGraphic|Time|Text_Time|UFX_Noti|Image|UIParticle|BtnArea,0
Assets/Resources/prefabs/ui/uiroot/uiglobal/uitap_right/UITap_SeasonPass_Christmas_2025.prefab,UITap_SeasonPass_Christmas_2025,screen_or_manager,11,15,0,,UITap_SeasonPass_Christmas_2025|SpinePos|Icon|Image (1)|UIParticle|Time|Text_Time|UFX_Noti|Image|UIParticle|BtnArea,0
Assets/Resources/prefabs/ui/uiroot/uiglobal/uitap_right/UITap_VideoBonus.prefab,UITap_VideoBonus,screen_or_manager,19,21,0,,UITap_VideoBonus|SpinePos|New SkeletonGraphic|BG|Image|Icon|TopDeco|Group|Image|Image (1)|Image (2)|Image (3),0
Assets/Resources/prefabs/ui/uiroot/uiglobal/uitap_right/UITap_WorkLog.prefab,UITap_WorkLog,screen_or_manager,9,9,0,,UITap_WorkLog|Image_1|Text (TMP)|Image|UFX_Noti_V2|Noti|UIParticle|Particle System (1)|Particle System (2),0
Assets/Resources/prefabs/ui/uiroot/UIGlobal.prefab,UIGlobal,screen_or_manager,165,175,0,,UIGlobal|UITop|UIUserInfo|UIUserPorfile|Bg_ExpBG|BG|Image_ExpGauge|ProfileMask|ProfileImgPos|OL|FramePos|Text_Level,3
Assets/Resources/prefabs/ui/uiroot/UIInGame.prefab,UIInGame,ingame,1351,1454,2,lobby|outgame,UIInGame|BorderTop|BorderTop|Request|RequestList|ScrollView|Viewport|Content|BarSkinSlot|IngameBGBot_Default|Grid_Request|NoQuest,12
Assets/Resources/prefabs/ui/uiroot/UILobby.prefab,UILobby,screen_or_manager,44,50,1,lobby,UILobby|UILobbyBtn|Btn_MaidNote|Icon|Text (TMP)|Lock|LockIcon|Text (TMP)|Cover|UFX_Noti|Image|UIParticle,0
Assets/Resources/prefabs/ui/uiroot/UILobbyBtn.prefab,UILobbyBtn,screen_or_manager,43,49,1,lobby,UILobbyBtn|Btn_MaidNote|Icon|Text (TMP)|Lock|LockIcon|Text (TMP)|Cover|UFX_Noti|Image|UIParticle|UFX_Complete,0
Assets/Resources/prefabs/ui/uiroot/UIOutGame.prefab,UIOutGame,screen_or_manager,3,3,1,outgame,UIOutGame|Button|Text (TMP),0
Assets/Resources/prefabs/ui/uiroot/UIRequestInfo.prefab,UIRequestInfo,screen_or_manager,216,226,0,,UIRequestInfo|ScrollView|Viewport|Content|BarSkinSlot|IngameBGBot_Default|Grid_Request|NoQuest|Mask|Spine|New SkeletonGraphic|Hand_R,1
Assets/Resources/prefabs/ui/uiroot/UITopBtn.prefab,UITopBtn,screen_or_manager,43,45,0,,UITopBtn|SettingiconArea|SettingIcon|UFX_Noti_V2|Noti|UIParticle|Particle System (1)|Particle System (2)|BtnArea|UITap_Notice|Image|UFX_Noti_V2,0
Assets/Resources/prefabs/ui/uiroot/UIUserInfo.prefab,UIUserInfo,screen_or_manager,65,65,0,,UIUserInfo|UIUserPorfile|Bg_ExpBG|BG|Image_ExpGauge|ProfileMask|ProfileImgPos|OL|FramePos|Text_Level|Text_TotalExp_Debug|BtnArea,2
Assets/Resources/prefabs/ui/uiroot/UIUserProfile.prefab,UIUserProfile,screen_or_manager,11,11,0,,UIUserProfile|Bg_ExpBG|BG|Image_ExpGauge|ProfileMask|ProfileImgPos|OL|FramePos|Text_Level|Text_TotalExp_Debug|BtnArea,0
Assets/Resources/prefabs/ui/UISceneLoading.prefab,UISceneLoading,screen_or_manager,323,323,2,loading|scene,UISceneLoading|SceneObjects|TypeA|SkeletonGraphic (kokomi_Loading)|Renderer0|Renderer1|Renderer2|Renderer3|Renderer4|Renderer5|Renderer6|Renderer7,12
Assets/Resources/prefabs/ui/UIStory.prefab,UIStory,screen_or_manager,186,187,1,story,UIStory|StoryGroup|StoryObjectCanvas|StoryBGCanvas|NormalBGParent|BG|StoryBG|DefultBG|SizeUp|Image|GameObject|BG_Gradation_Slider,12
Assets/Resources/prefabs/ui/UITargetFinger.prefab,UITargetFinger,screen_or_manager,9,9,0,,UITargetFinger|Finger_Right|Finger|Finger_Left|Finger|Finger_Move|Finger|Finger_Request|Finger,0
Assets/Resources/prefabs/ui/UIVillageReBuild.prefab,UIVillageReBuild,screen_or_manager,6,6,0,,UIVillageReBuild|Fillbar|Background|Fill Area|Fill|Image,0
