id,category_name,sub_category_name,group_name,block_type,level,block_tier,production_diff,block_name,block_image,tail_raw_hex,tail_size,record_offset,source_file
90301101,Currency01,Gold,Gold,7,1,0,17,BlockName_Gold,curr_gold1_1,000000000000000000000000000000000000000000000000000000000000000000000000000000000000000000000000000000000000000000000000000000000000000000000000000000000100000001000000010000000000000000000000000020400000104102000000090000000100000001000000,120,48,reverse-output\assets\assetstudio-cli-data-all-raw\MonoBehaviour\Table_Block.dat
90301102,Currency01,Gold,Gold,7,2,0,35,BlockName_Gold,curr_gold1_2,0000000000000000000000000000000000000000000000000000000000000000000000000000000000000000000000000000000000000000000000000000000000000000000000000000000001000000010000000a0000000000000000000000000020400000904102000000120000000100000001000000,120,256,reverse-output\assets\assetstudio-cli-data-all-raw\MonoBehaviour\Table_Block.dat
90301103,Currency01,Gold,Gold,7,3,0,52,BlockName_Gold,curr_gold1_3,0000000000000000000000000000000000000000000000000000000000000000000000000000000000000000000000000000000000000000000000000000000000000000000000000000000001000000010000001e0000000000000000000000000020400000504202000000340000000100000001000000,120,464,reverse-output\assets\assetstudio-cli-data-all-raw\MonoBehaviour\Table_Block.dat
90301104,Currency01,Gold,Gold,7,4,0,70,BlockName_Gold,curr_gold1_4,000000000000000000000000000000000000000000000000000000000000000000000000000000000000000000000000000000000000000000000000000000000000000000000000000000000100000001000000500000000000000000000000000020400000c24202000000610000000100000001000000,120,672,reverse-output\assets\assetstudio-cli-data-all-raw\MonoBehaviour\Table_Block.dat
90301105,Currency01,Gold,Gold,7,5,0,87,BlockName_Gold,curr_gold1_5,000000000000000000000000000000000000000000000000000000000000000000000000000000000000000000000000000000000000000000000000000000000000000000000000000000000100000001000000d20000000000000000000000000020400000c04202000000600000000100000001000000,120,880,reverse-output\assets\assetstudio-cli-data-all-raw\MonoBehaviour\Table_Block.dat
90302201,Currency01,Jewel,Jewel,8,1,0,17,BlockName_Jewel,curr_jewel1_1,000000000000000000000000000000000000000000000000000000000000000000000000000000000000000000000000000000000000000000000000000000000000000000000000000000000100000002000000010000000000000000000000000020400000884102000000110000000100000001000000,120,1088,reverse-output\assets\assetstudio-cli-data-all-raw\MonoBehaviour\Table_Block.dat
90302202,Currency01,Jewel,Jewel,8,2,0,35,BlockName_Jewel,curr_jewel1_2,0000000000000000000000000000000000000000000000000000000000000000000000000000000000000000000000000000000000000000000000000000000000000000000000000000000001000000020000000300000000000000000000000000204000000c4202000000230000000100000001000000,120,1308,reverse-output\assets\assetstudio-cli-data-all-raw\MonoBehaviour\Table_Block.dat
90302203,Currency01,Jewel,Jewel,8,3,0,52,BlockName_Jewel,curr_jewel1_3,000000000000000000000000000000000000000000000000000000000000000000000000000000000000000000000000000000000000000000000000000000000000000000000000000000000100000002000000070000000000000000000000000020400000504202000000340000000100000001000000,120,1528,reverse-output\assets\assetstudio-cli-data-all-raw\MonoBehaviour\Table_Block.dat
90302204,Currency01,Jewel,Jewel,8,4,0,70,BlockName_Jewel,curr_jewel1_4,0000000000000000000000000000000000000000000000000000000000000000000000000000000000000000000000000000000000000000000000000000000000000000000000000000000001000000020000000f0000000000000000000000000020400000414302000000c10000000100000001000000,120,1748,reverse-output\assets\assetstudio-cli-data-all-raw\MonoBehaviour\Table_Block.dat
90302205,Currency01,Jewel,Jewel,8,5,0,87,BlockName_Jewel,curr_jewel1_5,000000000000000000000000000000000000000000000000000000000000000000000000000000000000000000000000000000000000000000000000000000000000000000000000000000000100000002000000200000000000000000000000000020400000404302000000c00000000100000001000000,120,1968,reverse-output\assets\assetstudio-cli-data-all-raw\MonoBehaviour\Table_Block.dat
90303301,Currency01,AP,Ap,9,1,0,17,BlockName_Energy,curr_stamina1_1,000000000000000000000000000000000000000000000000000000000000000000000000000000000000000000000000000000000000000000000000000000000000000000000000000000000100000003000000020000000000000000000000000020400000884102000000110000000100000001000000,120,2188,reverse-output\assets\assetstudio-cli-data-all-raw\MonoBehaviour\Table_Block.dat
90303302,Currency01,AP,Ap,9,2,0,35,BlockName_Energy,curr_stamina1_2,0000000000000000000000000000000000000000000000000000000000000000000000000000000000000000000000000000000000000000000000000000000000000000000000000000000001000000030000000500000000000000000000000000204000000c4202000000230000000100000001000000,120,2400,reverse-output\assets\assetstudio-cli-data-all-raw\MonoBehaviour\Table_Block.dat
90303303,Currency01,AP,Ap,9,3,0,52,BlockName_Energy,curr_stamina1_3,0000000000000000000000000000000000000000000000000000000000000000000000000000000000000000000000000000000000000000000000000000000000000000000000000000000001000000030000000f0000000000000000000000000020400000504202000000340000000100000001000000,120,2612,reverse-output\assets\assetstudio-cli-data-all-raw\MonoBehaviour\Table_Block.dat
90303304,Currency01,AP,Ap,9,4,0,70,BlockName_Energy,curr_stamina1_4,000000000000000000000000000000000000000000000000000000000000000000000000000000000000000000000000000000000000000000000000000000000000000000000000000000000100000003000000280000000000000000000000000020400080904302000000210100000100000001000000,120,2824,reverse-output\assets\assetstudio-cli-data-all-raw\MonoBehaviour\Table_Block.dat
90303305,Currency01,AP,Ap,9,5,0,87,BlockName_Energy,curr_stamina1_5,000000000000000000000000000000000000000000000000000000000000000000000000000000000000000000000000000000000000000000000000000000000000000000000000000000000100000003000000640000000000000000000000000020400000904302000000200100000100000001000000,120,3036,reverse-output\assets\assetstudio-cli-data-all-raw\MonoBehaviour\Table_Block.dat
80104101,CurrencyBox,Box,GoldBox,1,1,0,17,BlockName_GoldBox_1,GoldBox_1,0000000000000000000000000a0000000000000000000000000000000000000000000000000000000100000000000000000000000000000000000000000000000000000000000000000000000000000000000000000000000000000000000000000020400000884102000000110000000000000000000000,120,3248,reverse-output\assets\assetstudio-cli-data-all-raw\MonoBehaviour\Table_Block.dat
80104102,CurrencyBox,Box,GoldBox,1,2,0,35,BlockName_GoldBox_2,GoldBox_2,0000000000000000000000000a00000000000000000000000000000000000000000000000000000001000000000000000000000000000000000000000000000000000000000000000000000000000000000000000000000000000000000000000000204000000c4202000000230000000000000000000000,120,3464,reverse-output\assets\assetstudio-cli-data-all-raw\MonoBehaviour\Table_Block.dat
80104103,CurrencyBox,Box,GoldBox,1,3,0,52,BlockName_GoldBox_3,GoldBox_3,0000000000000000000000000a0000000000000000000000000000000000000000000000000000000100000000000000b80b00000100000000000000000000000000000000000000000000000000000000000000000000000000000000000000000020400000504202000000340000000000000000000000,120,3680,reverse-output\assets\assetstudio-cli-data-all-raw\MonoBehaviour\Table_Block.dat
80104201,CurrencyBox,Box,JewelBox,1,1,0,17,BlockName_JewelBox_1,JewelBox_1,0000000000000000000000000a0000000000000000000000000000000000000000000000000000000100000000000000701700000100000000000000000000000000000000000000000000000000000000000000000000000000000000000000000020400000884102000000110000000000000000000000,120,3896,reverse-output\assets\assetstudio-cli-data-all-raw\MonoBehaviour\Table_Block.dat
80104202,CurrencyBox,Box,JewelBox,1,2,0,35,BlockName_JewelBox_2,JewelBox_2,0000000000000000000000000a00000000000000000000000000000000000000000000000000000001000000000000005046000001000000000000000000000000000000000000000000000000000000000000000000000000000000000000000000204000000c4202000000230000000000000000000000,120,4112,reverse-output\assets\assetstudio-cli-data-all-raw\MonoBehaviour\Table_Block.dat
80104203,CurrencyBox,Box,JewelBox,1,3,0,52,BlockName_JewelBox_3,JewelBox_3,0000000000000000000000000a0000000000000000000000000000000000000000000000000000000100000000000000a08c00000100000000000000000000000000000000000000000000000000000000000000000000000000000000000000000020400000504202000000340000000000000000000000,120,4328,reverse-output\assets\assetstudio-cli-data-all-raw\MonoBehaviour\Table_Block.dat
80104301,CurrencyBox,Box,ApBox,1,1,0,17,BlockName_EnergyBox_1,EnergyBox_1,0000000000000000000000000a0000000000000000000000000000000000000000000000000000000100000000000000000000000000000000000000000000000000000000000000000000000000000000000000000000000000000000000000000020400000884102000000110000000000000000000000,120,4544,reverse-output\assets\assetstudio-cli-data-all-raw\MonoBehaviour\Table_Block.dat
80104302,CurrencyBox,Box,ApBox,1,2,0,35,BlockName_EnergyBox_2,EnergyBox_2,0000000000000000000000000a00000000000000000000000000000000000000000000000000000001000000000000000000000000000000000000000000000000000000000000000000000000000000000000000000000000000000000000000000204000000c4202000000230000000000000000000000,120,4764,reverse-output\assets\assetstudio-cli-data-all-raw\MonoBehaviour\Table_Block.dat
80104303,CurrencyBox,Box,ApBox,1,3,0,52,BlockName_EnergyBox_3,EnergyBox_3,0000000000000000000000000a0000000000000000000000000000000000000000000000000000000100000000000000000000000000000000000000000000000000000000000000000000000000000000000000000000000000000000000000000020400000504202000000340000000000000000000000,120,4984,reverse-output\assets\assetstudio-cli-data-all-raw\MonoBehaviour\Table_Block.dat
80104401,CurrencyBox,Box,CurrencyRandBox,1,1,0,17,BlockName_CurrencyRandBox_1,CurrencyRandomBox_1,0000000000000000000000000a0000000000000000000000000000000000000000000000000000000100000000000000701700000100000000000000000000000000000000000000000000000000000000000000000000000000000000000000000020400000884102000000110000000000000000000000,120,5204,reverse-output\assets\assetstudio-cli-data-all-raw\MonoBehaviour\Table_Block.dat
80104402,CurrencyBox,Box,CurrencyRandBox,1,2,0,35,BlockName_CurrencyRandBox_2,CurrencyRandomBox_2,0000000000000000000000000a00000000000000000000000000000000000000000000000000000001000000000000005046000001000000000000000000000000000000000000000000000000000000000000000000000000000000000000000000204000000c4202000000230000000000000000000000,120,5444,reverse-output\assets\assetstudio-cli-data-all-raw\MonoBehaviour\Table_Block.dat
80104403,CurrencyBox,Box,CurrencyRandBox,1,3,0,52,BlockName_CurrencyRandBox_3,CurrencyRandomBox_3,0000000000000000000000000a0000000000000000000000000000000000000000000000000000000100000000000000a08c00000100000000000000000000000000000000000000000000000000000000000000000000000000000000000000000020400000504202000000340000000000000000000000,120,5684,reverse-output\assets\assetstudio-cli-data-all-raw\MonoBehaviour\Table_Block.dat
59900901,None,None,Item,11,1,0,2000,BlockName_Joker,Icon_Joker,0000000000000000000000000000000000000000000000000000000000000000000000000000000001000000000000000000000000000000000000000000000000000000000000000000000000000000000000000000000000000000000000000000c6420000a04102000000140000000000000000000000,120,5924,reverse-output\assets\assetstudio-cli-data-all-raw\MonoBehaviour\Table_Block.dat
59800901,None,None,Item,12,1,0,2000,BlockName_Split,Icon_Split,0000000000000000000000000000000000000000000000000000000000000000000000000000000001000000000000000000000000000000000000000000000000000000000000000000000000000000000000000000000000000000000000000000c6420000a04102000000140000000000000000000000,120,6124,reverse-output\assets\assetstudio-cli-data-all-raw\MonoBehaviour\Table_Block.dat
59700901,None,None,Item,13,1,0,2000,BlockName_Copy,Icon_Copy,0000000000000000000000000000000000000000000000000000000000000000000000000000000001000000000000000000000000000000000000000000000000000000000000000000000000000000000000000000000000000000000000000000c6420000a04102000000140000000000000000000000,120,6324,reverse-output\assets\assetstudio-cli-data-all-raw\MonoBehaviour\Table_Block.dat
60904401,Box,Box,RandBox,5,1,0,3000,BlockName_RandomBoxS,RandomBox_1,0000000000000000000000000500000000000000000000000000000000000000000000000000000001000000000000000000000000000000000000000000000000000000000000000000000000000000000000000000000000000000000000000000c6420000f041020000001e0000000000000000000000,120,6524,reverse-output\assets\assetstudio-cli-data-all-raw\MonoBehaviour\Table_Block.dat
60904402,Box,Box,RandBox,5,2,0,5000,BlockName_RandomBoxM,RandomBox_2,0000000000000000000000000700000000000000000000000000000000000000000000000000000001000000000000000000000000000000000000000000000000000000000000000000000000000000000000000000000000000000000000000000c6420000484202000000320000000000000000000000,120,6732,reverse-output\assets\assetstudio-cli-data-all-raw\MonoBehaviour\Table_Block.dat
60904403,Box,Box,RandBox,5,3,0,8000,BlockName_RandomBoxL,RandomBox_3,0000000000000000000000000a00000000000000000000000000000000000000000000000000000001000000000000000000000000000000000000000000000000000000000000000000000000000000000000000000000000000000000000000000c6420000a04202000000500000000000000000000000,120,6940,reverse-output\assets\assetstudio-cli-data-all-raw\MonoBehaviour\Table_Block.dat
60904404,Box,Box,RandBox,5,4,0,10000,BlockName_RandomBoxBM,RandomBox_BM,0000000000000000000000000a00000000000000000000000000000000000000000000000000000001000000000000000000000000000000000000000000000000000000000000000000000000000000000000000000000000000000000000000000c6420080094402000000260200000000000000000000,120,7148,reverse-output\assets\assetstudio-cli-data-all-raw\MonoBehaviour\Table_Block.dat
61004501,Box,Box,SelectBox,6,1,0,3000,BlockName_SelectBoxS,SelectBox_1,0000000000000000000000000100000000000000000000000000000000000000000000000000000001000000000000000000000000000000000000000000000000000000000000000000000000000000000000000000000000000000000000000000c6420000f041020000001e0000000000000000000000,120,7360,reverse-output\assets\assetstudio-cli-data-all-raw\MonoBehaviour\Table_Block.dat
61004502,Box,Box,SelectBox,6,2,0,5000,BlockName_SelectBoxM,SelectBox_2,0000000000000000000000000100000000000000000000000000000000000000000000000000000001000000000000000000000000000000000000000000000000000000000000000000000000000000000000000000000000000000000000000000c6420000484202000000320000000000000000000000,120,7572,reverse-output\assets\assetstudio-cli-data-all-raw\MonoBehaviour\Table_Block.dat
61004503,Box,Box,SelectBox,6,3,0,8000,BlockName_SelectBoxL,SelectBox_3,0000000000000000000000000100000000000000000000000000000000000000000000000000000001000000000000000000000000000000000000000000000000000000000000000000000000000000000000000000000000000000000000000000c6420000a04202000000500000000000000000000000,120,7784,reverse-output\assets\assetstudio-cli-data-all-raw\MonoBehaviour\Table_Block.dat
61004504,Box,Box,SelectBox,6,4,0,10000,BlockName_SelectBoxBM,SelectBox_BM,0000000000000000000000000100000000000000000000000000000000000000000000000000000001000000000000000000000000000000000000000000000000000000000000000000000000000000000000000000000000000000000000000000c64200002c4402000000b00200000000000000000000,120,7996,reverse-output\assets\assetstudio-cli-data-all-raw\MonoBehaviour\Table_Block.dat
70907401,BoostBox,BoostBox,RandBox,5,1,0,50000,BlockName_SugarBoostBox,SugarBoostBox_01,0000000000000000000000000300000000000000000000000000000000000000000000000000000001000000000000000000000000000000000000000000000000000000000000000000000000000000000000000000000000000000000000000000c6420000fa4302000000f40100000000000000000000,120,8212,reverse-output\assets\assetstudio-cli-data-all-raw\MonoBehaviour\Table_Block.dat
70901,BoostBox,BoostBox,RandBox,5,1,0,30000,BlockName_MiniMealBox,MiniMealBox_01,0000000000000000000000000300000000000000000000000000000000000000000000000000000001000000000000000000000000000000000000000000000000000000000000000000000000000000000000000000000000000000000000000000c64200009643020000002c0100000000000000000000,120,8436,reverse-output\assets\assetstudio-cli-data-all-raw\MonoBehaviour\Table_Block.dat
150420101,Fabricate,Fabricate,Fabricate,24,1,0,30000,BlockName_mate_koko,Production_Mate_Idle,0100000000000000000000000100000000000000000000000000000000000000000000000000000000000000000000000000000000000000000000000000000000000000000000000000000000000000000000000000000000000000000000000000c64200009643020000002c0100000000000000000000,120,8660,reverse-output\assets\assetstudio-cli-data-all-raw\MonoBehaviour\Table_Block.dat
709071,BoostBox,BoostBox,FishBox,5,1,0,3000,BlockName_FishBox_1,FishBox_1,0000000000000000000000000300000000000000000000000000000000000000000000000000000001000000000000000000000000000000000000000000000000000000000000000000000000000000000000000000000000000000000000000000c6420000f041020000001e0000000000000001000000,120,8896,reverse-output\assets\assetstudio-cli-data-all-raw\MonoBehaviour\Table_Block.dat
709072,BoostBox,BoostBox,FishBox,5,2,0,5000,BlockName_FishBox_2,FishBox_2,0000000000000000000000000400000000000000000000000000000000000000000000000000000001000000000000000000000000000000000000000000000000000000000000000000000000000000000000000000000000000000000000000000c6420000484202000000320000000000000001000000,120,9112,reverse-output\assets\assetstudio-cli-data-all-raw\MonoBehaviour\Table_Block.dat
709073,BoostBox,BoostBox,FishBox,5,3,0,8000,BlockName_FishBox_3,FishBox_3,0000000000000000000000000600000000000000000000000000000000000000000000000000000001000000000000000000000000000000000000000000000000000000000000000000000000000000000000000000000000000000000000000000c6420000a04202000000500000000000000001000000,120,9328,reverse-output\assets\assetstudio-cli-data-all-raw\MonoBehaviour\Table_Block.dat
1101101,Chapter01,ToolBox,ToolBox,1,1,1,117,BlockName_ToolPocket,Production_ToolBox1_1,000000000000000000000000000000000000000000000000000000000000000000000000000000000000000000000000000000000000000000000000000000000000000000000000000000000000000000000000000000000000000000000000000000000000000000000000000000000100000001000000,120,9544,reverse-output\assets\assetstudio-cli-data-all-raw\MonoBehaviour\Table_Block.dat
1101102,Chapter01,ToolBox,ToolBox,1,2,1,260,BlockName_ToolPocket,Production_ToolBox1_2,000000000000000000000000000000000000000000000000000000000000000000000000000000000000000000000000000000000000000000000000000000000000000000000000000000000000000000000000000000000000000000000000000000000000000000000000000000000100000001000000,120,9776,reverse-output\assets\assetstudio-cli-data-all-raw\MonoBehaviour\Table_Block.dat
1101103,Chapter01,ToolBox,ToolBox,1,3,1,559,BlockName_ToolPocket,Production_ToolBox1_3,000000000000000000000000000000000000000000000000000000000000000000000000000000000000000000000000000000000000000000000000000000000000000000000000000000000000000000000000000000000000000000000000000000000000000000000000000000000100000001000000,120,10008,reverse-output\assets\assetstudio-cli-data-all-raw\MonoBehaviour\Table_Block.dat
1101104,Chapter01,ToolBox,ToolBox,1,4,1,1053,BlockName_ToolPocket,Production_ToolBox1_4,000000000000000000000000e70300000000000000000000000000000100000003000000010000000000000000000000000000000000000000000000000000000000000000000000000000000000000000000000000000000000000000000000000000000000000000000000000000000100000001000000,120,10240,reverse-output\assets\assetstudio-cli-data-all-raw\MonoBehaviour\Table_Block.dat
1101105,Chapter01,ToolBox,ToolBox,1,5,1,1820,BlockName_ToolBox,Production_ToolBox1_5,000000000000000000000000e70300000000000000000000000000000100000003000000010000000000000000000000000000000000000000000000000000000000000000000000000000000000000000000000000000000000000000000000000000000000000000000000000000000100000001000000,120,10472,reverse-output\assets\assetstudio-cli-data-all-raw\MonoBehaviour\Table_Block.dat
1101106,Chapter01,ToolBox,ToolBox,1,6,1,2886,BlockName_ToolBox,Production_ToolBox1_6,0000000000000000000000001f00000009000000320000000a0000000100000003000000010000000000000000000000000000000000000000000000000000000000000000000000000000000000000000000000000000000000000000000000000000000000000000000000000000000100000001000000,120,10704,reverse-output\assets\assetstudio-cli-data-all-raw\MonoBehaviour\Table_Block.dat
1101107,Chapter01,ToolBox,ToolBox,1,7,1,4303,BlockName_ToolBox,Production_ToolBox1_7,0000000000000000000000001f00000017000000320000000a0000000100000003000000010000000000000000000000000000000000000000000000000000000000000000000000000000000000000000000000000000000000000000000000000000000000000000000000000000000100000001000000,120,10936,reverse-output\assets\assetstudio-cli-data-all-raw\MonoBehaviour\Table_Block.dat
1101108,Chapter01,ToolBox,ToolBox,1,8,1,6110,BlockName_ToolBox,Production_ToolBox1_8,0000000000000000000000001f0000001d00000032000000140000000100000003000000010000000000000000000000000000000000000000000000000000000000000000000000000000000000000000000000000000000000000000000000000000000000000000000000000000000100000001000000,120,11168,reverse-output\assets\assetstudio-cli-data-all-raw\MonoBehaviour\Table_Block.dat
1101109,Chapter01,ToolBox,ToolBox,1,9,1,8320,BlockName_ToolBox,Production_ToolBox1_9,0000000000000000000000001f0000003100000032000000140000000100000003000000010000000000000000000000000000000000000000000000000000000000000000000000000000000000000000000000000000000000000000000000000000000000000000000000000000000100000001000000,120,11400,reverse-output\assets\assetstudio-cli-data-all-raw\MonoBehaviour\Table_Block.dat
1101110,Chapter01,ToolBox,ToolBox,1,10,1,10985,BlockName_ToolBox,Production_ToolBox1_10,000000000000000000000000250000007000000032000000140000000100000003000000010000000000000000000000000000000000000000000000000000000000000000000000000000000000000000000000000000000000000000000000000000000000000000000000000000000100000001000000,120,11632,reverse-output\assets\assetstudio-cli-data-all-raw\MonoBehaviour\Table_Block.dat
1201101,Chapter01,ToolBox,Tool,0,1,1,9,BlockName_Screw,ToolBox1_1,0000000000000000000000000000000000000000000000000000000000000000000000000000000000000000000000000000000000000000000000000000000000000000000000000000000000000000000000000000000001000000cdcc4c3d000020400000004002000000020000000100000001000000,120,11864,reverse-output\assets\assetstudio-cli-data-all-raw\MonoBehaviour\Table_Block.dat
1201102,Chapter01,ToolBox,Tool,0,2,1,20,BlockName_Screwdriver,ToolBox1_2,0000000000000000000000000000000000000000000000000000000000000000000000000000000000000000000000000000000000000000000000000000000000000000000000000000000000000000000000000000000001000000cdcc4c3d000020400000404002000000030000000100000001000000,120,12076,reverse-output\assets\assetstudio-cli-data-all-raw\MonoBehaviour\Table_Block.dat
1201103,Chapter01,ToolBox,Tool,0,3,1,43,BlockName_WoodworkingKnife,ToolBox1_3,0000000000000000000000000000000000000000000000000000000000000000000000000000000000000000000000000000000000000000000000000000000050000000050000000000004000000000000000000000000001000000cdcc4c3d000020400000a04002000000050000000100000001000000,120,12296,reverse-output\assets\assetstudio-cli-data-all-raw\MonoBehaviour\Table_Block.dat
1201104,Chapter01,ToolBox,Tool,0,4,1,81,BlockName_Hammer,ToolBox1_4,0000000000000000000000000000000000000000000000000000000000000000000000000000000000000000000000000000000000000000000000000000000032000000050000000000a04000000000000000000000000001000000cdcc4c3d000020400000104102000000090000000100000001000000,120,12520,reverse-output\assets\assetstudio-cli-data-all-raw\MonoBehaviour\Table_Block.dat
1201105,Chapter01,ToolBox,Tool,0,5,1,140,BlockName_Axe,ToolBox1_5,0000000000000000000000000000000000000000000000000000000000000000000000000000000000000000000000000000000000000000000000000000000046000000050000000000104100000000000000000000000001000000cdcc4c3d0000204000007041020000000f0000000100000001000000,120,12732,reverse-output\assets\assetstudio-cli-data-all-raw\MonoBehaviour\Table_Block.dat
1201106,Chapter01,ToolBox,Tool,0,6,1,222,BlockName_Saw,ToolBox1_6,0000000000000000000000000000000000000000000000000000000000000000000000000000000000000000000000000000000000000000000000000000000032000000050000000000604100000000000000000000000001000000cdcc4c3d000020400000b84102000000170000000100000001000000,120,12944,reverse-output\assets\assetstudio-cli-data-all-raw\MonoBehaviour\Table_Block.dat
1201107,Chapter01,ToolBox,Tool,0,7,1,331,BlockName_SideCutter,ToolBox1_7,000000000000000000000000000000000000000000000000000000000000000000000000000000000000000000000000000000000000000000000000000000003c000000050000000000b04100000000000000000000000001000000cdcc4c3d000020400000084202000000220000000100000001000000,120,13156,reverse-output\assets\assetstudio-cli-data-all-raw\MonoBehaviour\Table_Block.dat
1201108,Chapter01,ToolBox,Tool,0,8,1,470,BlockName_Shovel,ToolBox1_8,0000000000000000000000000000000000000000000000000000000000000000000000000000000000000000000000000000000000000000e8030000ade261051e000000050000000000004200000000000000000000000001000000cdcc4c3d000020400000404202000000300000000100000001000000,120,13372,reverse-output\assets\assetstudio-cli-data-all-raw\MonoBehaviour\Table_Block.dat
1201109,Chapter01,ToolBox,Tool,0,9,1,640,BlockName_PaintBrush,ToolBox1_9,0000000000000000000000000000000000000000000000000000000000000000000000000000000000000000000000000000000000000000e8030000ade2610514000000020000000000384200000000000000000000000001000000cdcc4c3d000020400000824202000000410000000100000001000000,120,13584,reverse-output\assets\assetstudio-cli-data-all-raw\MonoBehaviour\Table_Block.dat
1201110,Chapter01,ToolBox,Tool,0,10,1,845,BlockName_Pickaxe,ToolBox1_10,0000000000000000000000000000000000000000000000000000000000000000000000000000000000000000000000000000000000000000e8030000ade261050a000000020000000000744200000000000000000000000001000000cdcc4c3d000020400000aa4202000000550000000100000001000000,120,13800,reverse-output\assets\assetstudio-cli-data-all-raw\MonoBehaviour\Table_Block.dat
1201111,Chapter01,ToolBox,Tool,0,11,1,1087,BlockName_PruningShears,ToolBox1_11,0000000000000000000000000000000000000000000000000000000000000000000000000000000000000000000000000000000000000000e8030000ade261050a000000020000000000a24200000000000000000000000001000000cdcc4c3d000020400000da42020000006d0000000100000001000000,120,14016,reverse-output\assets\assetstudio-cli-data-all-raw\MonoBehaviour\Table_Block.dat
1201112,Chapter01,ToolBox,Tool,0,12,1,1368,BlockName_Rake,ToolBox1_12,0000000000000000000000000000000000000000000000000000000000000000000000000000000000000000000000000000000000000000e8030000ade261050a000000020000000000d04200000000000000000000000001000000cdcc4c3d000020400000094302000000890000000100000001000000,120,14236,reverse-output\assets\assetstudio-cli-data-all-raw\MonoBehaviour\Table_Block.dat
1201113,Chapter01,ToolBox,Tool,0,13,1,1691,BlockName_PaintRoller,ToolBox1_13,0000000000000000000000000000000000000000000000000000000000000000000000000000000000000000000000000000000000000000e8030000ade261050a000000020000000000044300000000000000000000000001000000cdcc4c3d0000204000002a4302000000aa0000000100000001000000,120,14448,reverse-output\assets\assetstudio-cli-data-all-raw\MonoBehaviour\Table_Block.dat
1201114,Chapter01,ToolBox,Tool,0,14,1,2056,BlockName_ElectricDrill,ToolBox1_14,0000000000000000000000000000000000000000000000000000000000000000000000000000000000000000000000000000000000000000e8030000ade2610500000000000000000000000000000000000000000000000001000000cdcc4c3d0000204000004e4302000000ce0000000100000001000000,120,14668,reverse-output\assets\assetstudio-cli-data-all-raw\MonoBehaviour\Table_Block.dat
1201201,Chapter01,ToolBox,Glove,0,1,2,10,BlockName_Glove,ToolBox2_1,0000000000000000000000000000000000000000000000000000000000000000000000000000000000000000000000000000000000000000000000000000000000000000000000000000000000000000000000000000000001000000cdcc4c3d000020400000404002000000030000000100000001000000,120,14888,reverse-output\assets\assetstudio-cli-data-all-raw\MonoBehaviour\Table_Block.dat
1201202,Chapter01,ToolBox,Glove,0,2,2,22,BlockName_Gloves,ToolBox2_2,0000000000000000000000000000000000000000000000000000000000000000000000000000000000000000000000000000000000000000000000000000000032000000050000000000004000000000000000000000000001000000cdcc4c3d000020400000a04002000000050000000100000001000000,120,15104,reverse-output\assets\assetstudio-cli-data-all-raw\MonoBehaviour\Table_Block.dat
1201203,Chapter01,ToolBox,Glove,0,3,2,49,BlockName_CoatedGloves,ToolBox2_3,0000000000000000000000000000000000000000000000000000000000000000000000000000000000000000000000000000000000000000000000000000000050000000050000000000a04000000000000000000000000001000000cdcc4c3d0000204000002041020000000a0000000100000001000000,120,15320,reverse-output\assets\assetstudio-cli-data-all-raw\MonoBehaviour\Table_Block.dat
1201204,Chapter01,ToolBox,Glove,0,4,2,92,BlockName_ThickGloves,ToolBox2_4,0000000000000000000000000000000000000000000000000000000000000000000000000000000000000000000000000000000000000000000000000000000032000000050000000000304100000000000000000000000001000000cdcc4c3d000020400000984102000000130000000100000001000000,120,15544,reverse-output\assets\assetstudio-cli-data-all-raw\MonoBehaviour\Table_Block.dat
1201205,Chapter01,ToolBox,Glove,0,5,2,159,BlockName_FireproofGloves,ToolBox2_5,0000000000000000000000000000000000000000000000000000000000000000000000000000000000000000000000000000000000000000e8030000ade2610546000000050000000000a84100000000000000000000000001000000cdcc4c3d000020400000004202000000200000000100000001000000,120,15768,reverse-output\assets\assetstudio-cli-data-all-raw\MonoBehaviour\Table_Block.dat
1201206,Chapter01,ToolBox,Glove,0,6,2,253,BlockName_NomadSentinelGloves,ToolBox2_6,0000000000000000000000000000000000000000000000000000000000000000000000000000000000000000000000000000000000000000e8030000ade26105140000000200000000000c4200000000000000000000000001000000cdcc4c3d0000204000004c4202000000330000000100000001000000,120,15996,reverse-output\assets\assetstudio-cli-data-all-raw\MonoBehaviour\Table_Block.dat
1201207,Chapter01,ToolBox,Glove,0,7,2,377,BlockName_ShadowCourtGloves,ToolBox2_7,0000000000000000000000000000000000000000000000000000000000000000000000000000000000000000000000000000000000000000e8030000ade261050a000000020000000000584200000000000000000000000001000000cdcc4c3d0000204000009842020000004c0000000100000001000000,120,16228,reverse-output\assets\assetstudio-cli-data-all-raw\MonoBehaviour\Table_Block.dat
1201208,Chapter01,ToolBox,Glove,0,8,2,535,BlockName_GuardiansSilverGloves,ToolBox2_8,0000000000000000000000000000000000000000000000000000000000000000000000000000000000000000000000000000000000000000e8030000ade261050a000000020000000000a04200000000000000000000000001000000cdcc4c3d000020400000d842020000006c0000000100000001000000,120,16456,reverse-output\assets\assetstudio-cli-data-all-raw\MonoBehaviour\Table_Block.dat
1201209,Chapter01,ToolBox,Glove,0,9,2,729,BlockName_Dawnfist,ToolBox2_9,0000000000000000000000000000000000000000000000000000000000000000000000000000000000000000000000000000000000000000e8030000ade2610500000000000000000000000000000000000000000000000001000000cdcc4c3d000020400000124302000000920000000100000001000000,120,16688,reverse-output\assets\assetstudio-cli-data-all-raw\MonoBehaviour\Table_Block.dat
1102101,Chapter01,WoodenBox,WoodenBox,1,1,1,117,BlockName_WoodenBox,Production_WoodenBox1_1,000000000000000000000000000000000000000000000000000000000000000000000000000000000000000000000000000000000000000000000000000000000000000000000000000000000000000000000000000000000000000000000000000000000000000000000000000000000100000001000000,120,16908,reverse-output\assets\assetstudio-cli-data-all-raw\MonoBehaviour\Table_Block.dat
1102102,Chapter01,WoodenBox,WoodenBox,1,2,1,260,BlockName_WoodenBox,Production_WoodenBox1_2,000000000000000000000000000000000000000000000000000000000000000000000000000000000000000000000000000000000000000000000000000000000000000000000000000000000000000000000000000000000000000000000000000000000000000000000000000000000100000001000000,120,17148,reverse-output\assets\assetstudio-cli-data-all-raw\MonoBehaviour\Table_Block.dat
1102103,Chapter01,WoodenBox,WoodenBox,1,3,1,559,BlockName_WoodenBox,Production_WoodenBox1_3,000000000000000000000000000000000000000000000000000000000000000000000000000000000000000000000000000000000000000000000000000000000000000000000000000000000000000000000000000000000000000000000000000000000000000000000000000000000100000001000000,120,17388,reverse-output\assets\assetstudio-cli-data-all-raw\MonoBehaviour\Table_Block.dat
1102104,Chapter01,WoodenBox,WoodenBox,1,4,1,1053,BlockName_WoodenBox,Production_WoodenBox1_4,000000000000000000000000e70300000000000000000000000000000100000003000000010000000000000000000000000000000000000000000000000000000000000000000000000000000000000000000000000000000000000000000000000000000000000000000000000000000100000001000000,120,17628,reverse-output\assets\assetstudio-cli-data-all-raw\MonoBehaviour\Table_Block.dat
1102105,Chapter01,WoodenBox,WoodenBox,1,5,1,1820,BlockName_WoodenBox,Production_WoodenBox1_5,000000000000000000000000e70300000000000000000000000000000100000003000000010000000000000000000000000000000000000000000000000000000000000000000000000000000000000000000000000000000000000000000000000000000000000000000000000000000100000001000000,120,17868,reverse-output\assets\assetstudio-cli-data-all-raw\MonoBehaviour\Table_Block.dat
1102106,Chapter01,WoodenBox,WoodenBox,1,6,1,2886,BlockName_WoodenBox,Production_WoodenBox1_6,0000000000000000000000002d00000009000000320000000a0000000100000003000000010000000000000000000000000000000000000000000000000000000000000000000000000000000000000000000000000000000000000000000000000000000000000000000000000000000100000001000000,120,18108,reverse-output\assets\assetstudio-cli-data-all-raw\MonoBehaviour\Table_Block.dat
1102107,Chapter01,WoodenBox,WoodenBox,1,7,1,4303,BlockName_WoodenBox,Production_WoodenBox1_7,000000000000000000000000230000001d000000320000000a0000000100000003000000010000000000000000000000000000000000000000000000000000000000000000000000000000000000000000000000000000000000000000000000000000000000000000000000000000000100000001000000,120,18348,reverse-output\assets\assetstudio-cli-data-all-raw\MonoBehaviour\Table_Block.dat
1102108,Chapter01,WoodenBox,WoodenBox,1,8,1,6110,BlockName_WoodenBox,Production_WoodenBox1_8,000000000000000000000000260000003100000032000000140000000100000003000000010000000000000000000000000000000000000000000000000000000000000000000000000000000000000000000000000000000000000000000000000000000000000000000000000000000100000001000000,120,18588,reverse-output\assets\assetstudio-cli-data-all-raw\MonoBehaviour\Table_Block.dat
1102109,Chapter01,WoodenBox,WoodenBox,1,9,1,8320,BlockName_WoodenBox,Production_WoodenBox1_9,000000000000000000000000280000007000000032000000140000000100000003000000010000000000000000000000000000000000000000000000000000000000000000000000000000000000000000000000000000000000000000000000000000000000000000000000000000000100000001000000,120,18828,reverse-output\assets\assetstudio-cli-data-all-raw\MonoBehaviour\Table_Block.dat
1202101,Chapter01,WoodenBox,Woodens,0,1,1,9,BlockName_Branch,WoodenBox1_1,0000000000000000000000000000000000000000000000000000000000000000000000000000000000000000000000000000000000000000000000000000000000000000000000000000000000000000000000000000000001000000cdcc4c3d000020400000004002000000020000000100000001000000,120,19068,reverse-output\assets\assetstudio-cli-data-all-raw\MonoBehaviour\Table_Block.dat
1202102,Chapter01,WoodenBox,Woodens,0,2,1,20,BlockName_PileOfBranches,WoodenBox1_2,0000000000000000000000000000000000000000000000000000000000000000000000000000000000000000000000000000000000000000000000000000000000000000000000000000000000000000000000000000000001000000cdcc4c3d000020400000404002000000030000000100000001000000,120,19288,reverse-output\assets\assetstudio-cli-data-all-raw\MonoBehaviour\Table_Block.dat
1202103,Chapter01,WoodenBox,Woodens,0,3,1,43,BlockName_LogPiece,WoodenBox1_3,0000000000000000000000000000000000000000000000000000000000000000000000000000000000000000000000000000000000000000000000000000000050000000050000000000004000000000000000000000000001000000cdcc4c3d000020400000a04002000000050000000100000001000000,120,19516,reverse-output\assets\assetstudio-cli-data-all-raw\MonoBehaviour\Table_Block.dat
1202104,Chapter01,WoodenBox,Woodens,0,4,1,81,BlockName_Log,WoodenBox1_4,0000000000000000000000000000000000000000000000000000000000000000000000000000000000000000000000000000000000000000000000000000000032000000050000000000a04000000000000000000000000001000000cdcc4c3d000020400000104102000000090000000100000001000000,120,19740,reverse-output\assets\assetstudio-cli-data-all-raw\MonoBehaviour\Table_Block.dat
1202105,Chapter01,WoodenBox,Woodens,0,5,1,140,BlockName_ProcessedLog,WoodenBox1_5,0000000000000000000000000000000000000000000000000000000000000000000000000000000000000000000000000000000000000000000000000000000046000000050000000000104100000000000000000000000001000000cdcc4c3d0000204000007041020000000f0000000100000001000000,120,19960,reverse-output\assets\assetstudio-cli-data-all-raw\MonoBehaviour\Table_Block.dat
1202106,Chapter01,WoodenBox,Woodens,0,6,1,222,BlockName_SquareTimber,WoodenBox1_6,0000000000000000000000000000000000000000000000000000000000000000000000000000000000000000000000000000000000000000000000000000000032000000050000000000604100000000000000000000000001000000cdcc4c3d000020400000b84102000000170000000100000001000000,120,20188,reverse-output\assets\assetstudio-cli-data-all-raw\MonoBehaviour\Table_Block.dat
1202107,Chapter01,WoodenBox,Woodens,0,7,1,331,BlockName_PileOfSquareTimber,WoodenBox1_7,000000000000000000000000000000000000000000000000000000000000000000000000000000000000000000000000000000000000000000000000000000003c000000050000000000b04100000000000000000000000001000000cdcc4c3d000020400000084202000000220000000100000001000000,120,20416,reverse-output\assets\assetstudio-cli-data-all-raw\MonoBehaviour\Table_Block.dat
1202108,Chapter01,WoodenBox,Woodens,0,8,1,470,BlockName_BrokenBoard,WoodenBox1_8,0000000000000000000000000000000000000000000000000000000000000000000000000000000000000000000000000000000000000000e8030000ade261051e000000050000000000004200000000000000000000000001000000cdcc4c3d000020400000404202000000300000000100000001000000,120,20648,reverse-output\assets\assetstudio-cli-data-all-raw\MonoBehaviour\Table_Block.dat
1202109,Chapter01,WoodenBox,Woodens,0,9,1,640,BlockName_Board,WoodenBox1_9,0000000000000000000000000000000000000000000000000000000000000000000000000000000000000000000000000000000000000000e8030000ade2610514000000020000000000384200000000000000000000000001000000cdcc4c3d000020400000824202000000410000000100000001000000,120,20876,reverse-output\assets\assetstudio-cli-data-all-raw\MonoBehaviour\Table_Block.dat
1202110,Chapter01,WoodenBox,Woodens,0,10,1,845,BlockName_PileOfBoards,WoodenBox1_10,0000000000000000000000000000000000000000000000000000000000000000000000000000000000000000000000000000000000000000e8030000ade261050a000000020000000000744200000000000000000000000001000000cdcc4c3d000020400000aa4202000000550000000100000001000000,120,21096,reverse-output\assets\assetstudio-cli-data-all-raw\MonoBehaviour\Table_Block.dat
1202111,Chapter01,WoodenBox,Woodens,0,11,1,1087,BlockName_ElfForestRedwoodFragment,WoodenBox1_11,0000000000000000000000000000000000000000000000000000000000000000000000000000000000000000000000000000000000000000e8030000ade261050a000000020000000000a24200000000000000000000000001000000cdcc4c3d000020400000da42020000006d0000000100000001000000,120,21328,reverse-output\assets\assetstudio-cli-data-all-raw\MonoBehaviour\Table_Block.dat
1202112,Chapter01,WoodenBox,Woodens,0,12,1,1368,BlockName_ElfForestRedwoodLog,WoodenBox1_12,0000000000000000000000000000000000000000000000000000000000000000000000000000000000000000000000000000000000000000e8030000ade261050a000000020000000000d04200000000000000000000000001000000cdcc4c3d000020400000094302000000890000000100000001000000,120,21572,reverse-output\assets\assetstudio-cli-data-all-raw\MonoBehaviour\Table_Block.dat
1202113,Chapter01,WoodenBox,Woodens,0,13,1,1691,BlockName_ElfForestRedwoodPlank,WoodenBox1_13,0000000000000000000000000000000000000000000000000000000000000000000000000000000000000000000000000000000000000000e8030000ade261050a000000020000000000044300000000000000000000000001000000cdcc4c3d0000204000002a4302000000aa0000000100000001000000,120,21812,reverse-output\assets\assetstudio-cli-data-all-raw\MonoBehaviour\Table_Block.dat
1202114,Chapter01,WoodenBox,Woodens,0,14,1,2056,BlockName_AncientElfForestBluestonePlank,WoodenBox1_14,0000000000000000000000000000000000000000000000000000000000000000000000000000000000000000000000000000000000000000e8030000ade2610500000000000000000000000000000000000000000000000001000000cdcc4c3d0000204000004e4302000000ce0000000100000001000000,120,22052,reverse-output\assets\assetstudio-cli-data-all-raw\MonoBehaviour\Table_Block.dat
1202201,Chapter01,WoodenBox,Plywood,0,1,2,10,BlockName_WoodPallet,WoodenBox2_1,0000000000000000000000000000000000000000000000000000000000000000000000000000000000000000000000000000000000000000000000000000000000000000000000000000000000000000000000000000000001000000cdcc4c3d000020400000404002000000030000000100000001000000,120,22300,reverse-output\assets\assetstudio-cli-data-all-raw\MonoBehaviour\Table_Block.dat
1202202,Chapter01,WoodenBox,Plywood,0,2,2,22,BlockName_WoodCube,WoodenBox2_2,0000000000000000000000000000000000000000000000000000000000000000000000000000000000000000000000000000000000000000000000000000000032000000050000000000004000000000000000000000000001000000cdcc4c3d000020400000a04002000000050000000100000001000000,120,22524,reverse-output\assets\assetstudio-cli-data-all-raw\MonoBehaviour\Table_Block.dat
1202203,Chapter01,WoodenBox,Plywood,0,3,2,49,BlockName_Plywood,WoodenBox2_3,0000000000000000000000000000000000000000000000000000000000000000000000000000000000000000000000000000000000000000000000000000000050000000050000000000a04000000000000000000000000001000000cdcc4c3d0000204000002041020000000a0000000100000001000000,120,22748,reverse-output\assets\assetstudio-cli-data-all-raw\MonoBehaviour\Table_Block.dat
1202204,Chapter01,WoodenBox,Plywood,0,4,2,92,BlockName_WoodBowl,WoodenBox2_4,0000000000000000000000000000000000000000000000000000000000000000000000000000000000000000000000000000000000000000000000000000000032000000050000000000304100000000000000000000000001000000cdcc4c3d000020400000984102000000130000000100000001000000,120,22972,reverse-output\assets\assetstudio-cli-data-all-raw\MonoBehaviour\Table_Block.dat
1202205,Chapter01,WoodenBox,Plywood,0,5,2,159,BlockName_WoodPlate,WoodenBox2_5,0000000000000000000000000000000000000000000000000000000000000000000000000000000000000000000000000000000000000000e8030000ade2610546000000050000000000a84100000000000000000000000001000000cdcc4c3d000020400000004202000000200000000100000001000000,120,23196,reverse-output\assets\assetstudio-cli-data-all-raw\MonoBehaviour\Table_Block.dat
1202206,Chapter01,WoodenBox,Plywood,0,6,2,253,BlockName_CuttingBoard,WoodenBox2_6,0000000000000000000000000000000000000000000000000000000000000000000000000000000000000000000000000000000000000000e8030000ade26105140000000200000000000c4200000000000000000000000001000000cdcc4c3d0000204000004c4202000000330000000100000001000000,120,23420,reverse-output\assets\assetstudio-cli-data-all-raw\MonoBehaviour\Table_Block.dat
1202207,Chapter01,WoodenBox,Plywood,0,7,2,377,BlockName_PremiumWoodenFlowerpot,WoodenBox2_7,0000000000000000000000000000000000000000000000000000000000000000000000000000000000000000000000000000000000000000e8030000ade261050a000000020000000000584200000000000000000000000001000000cdcc4c3d0000204000009842020000004c0000000100000001000000,120,23648,reverse-output\assets\assetstudio-cli-data-all-raw\MonoBehaviour\Table_Block.dat
1202208,Chapter01,WoodenBox,Plywood,0,8,2,535,BlockName_WoodenZernerBust,WoodenBox2_8,0000000000000000000000000000000000000000000000000000000000000000000000000000000000000000000000000000000000000000e8030000ade261050a000000020000000000a04200000000000000000000000001000000cdcc4c3d000020400000d842020000006c0000000100000001000000,120,23884,reverse-output\assets\assetstudio-cli-data-all-raw\MonoBehaviour\Table_Block.dat
1202209,Chapter01,WoodenBox,Plywood,0,9,2,729,BlockName_ForestWardenTotem,WoodenBox2_9,0000000000000000000000000000000000000000000000000000000000000000000000000000000000000000000000000000000000000000e8030000ade2610500000000000000000000000000000000000000000000000001000000cdcc4c3d000020400000124302000000920000000100000001000000,120,24116,reverse-output\assets\assetstudio-cli-data-all-raw\MonoBehaviour\Table_Block.dat
1103101,Chapter01,Coffeepot,Coffeepot,1,1,1,117,BlockName_Dispenser,Production_Teapot1_1,000000000000000000000000000000000000000000000000000000000000000000000000000000000000000000000000000000000000000000000000000000000000000000000000000000000000000000000000000000000000000000000000000000000000000000000000000000000100000001000000,120,24348,reverse-output\assets\assetstudio-cli-data-all-raw\MonoBehaviour\Table_Block.dat
1103102,Chapter01,Coffeepot,Coffeepot,1,2,1,260,BlockName_Dispenser,Production_Teapot1_2,000000000000000000000000000000000000000000000000000000000000000000000000000000000000000000000000000000000000000000000000000000000000000000000000000000000000000000000000000000000000000000000000000000000000000000000000000000000100000001000000,120,24584,reverse-output\assets\assetstudio-cli-data-all-raw\MonoBehaviour\Table_Block.dat
1103103,Chapter01,Coffeepot,Coffeepot,1,3,1,559,BlockName_Dispenser,Production_Teapot1_3,000000000000000000000000000000000000000000000000000000000000000000000000000000000000000000000000000000000000000000000000000000000000000000000000000000000000000000000000000000000000000000000000000000000000000000000000000000000100000001000000,120,24820,reverse-output\assets\assetstudio-cli-data-all-raw\MonoBehaviour\Table_Block.dat
1103104,Chapter01,Coffeepot,Coffeepot,1,4,1,1053,BlockName_Dispenser,Production_Teapot1_4,000000000000000000000000e70300000d000000320000000a0000000100000003000000010000000000000000000000000000000000000000000000000000000000000000000000000000000000000000000000000000000000000000000000000000000000000000000000000000000100000001000000,120,25056,reverse-output\assets\assetstudio-cli-data-all-raw\MonoBehaviour\Table_Block.dat
1103105,Chapter01,Coffeepot,Coffeepot,1,5,1,1820,BlockName_Dispenser,Production_Teapot1_5,0000000000000000000000002a00000017000000320000000a0000000100000003000000010000000000000000000000000000000000000000000000000000000000000000000000000000000000000000000000000000000000000000000000000000000000000000000000000000000100000001000000,120,25292,reverse-output\assets\assetstudio-cli-data-all-raw\MonoBehaviour\Table_Block.dat
1103106,Chapter01,Coffeepot,Coffeepot,1,6,1,2886,BlockName_Dispenser,Production_Teapot1_6,000000000000000000000000230000001d000000320000000a0000000100000003000000010000000000000000000000000000000000000000000000000000000000000000000000000000000000000000000000000000000000000000000000000000000000000000000000000000000100000001000000,120,25528,reverse-output\assets\assetstudio-cli-data-all-raw\MonoBehaviour\Table_Block.dat
1103107,Chapter01,Coffeepot,Coffeepot,1,7,1,4303,BlockName_Dispenser,Production_Teapot1_7,0000000000000000000000002a0000003100000032000000140000000100000003000000010000000000000000000000000000000000000000000000000000000000000000000000000000000000000000000000000000000000000000000000000000000000000000000000000000000100000001000000,120,25764,reverse-output\assets\assetstudio-cli-data-all-raw\MonoBehaviour\Table_Block.dat
1103108,Chapter01,Coffeepot,Coffeepot,1,8,1,6110,BlockName_Dispenser,Production_Teapot1_8,000000000000000000000000350000007000000032000000140000000100000003000000010000000000000000000000000000000000000000000000000000000000000000000000000000000000000000000000000000000000000000000000000000000000000000000000000000000100000001000000,120,26000,reverse-output\assets\assetstudio-cli-data-all-raw\MonoBehaviour\Table_Block.dat
1203101,Chapter01,Coffeepot,Coffee,0,1,1,9,BlockName_CoffeeCup,Teapot1_1,0000000000000000000000000000000000000000000000000000000000000000000000000000000000000000000000000000000000000000000000000000000000000000000000000000000000000000000000000000000001000000cdcc4c3d000020400000004002000000020000000100000001000000,120,26236,reverse-output\assets\assetstudio-cli-data-all-raw\MonoBehaviour\Table_Block.dat
1203102,Chapter01,Coffeepot,Coffee,0,2,1,20,BlockName_Espresso,Teapot1_2,0000000000000000000000000000000000000000000000000000000000000000000000000000000000000000000000000000000000000000000000000000000000000000000000000000000000000000000000000000000001000000cdcc4c3d000020400000404002000000030000000100000001000000,120,26460,reverse-output\assets\assetstudio-cli-data-all-raw\MonoBehaviour\Table_Block.dat
1203103,Chapter01,Coffeepot,Coffee,0,3,1,43,BlockName_Americano,Teapot1_3,0000000000000000000000000000000000000000000000000000000000000000000000000000000000000000000000000000000000000000000000000000000000000000000000000000000000000000000000000000000001000000cdcc4c3d000020400000a04002000000050000000100000001000000,120,26684,reverse-output\assets\assetstudio-cli-data-all-raw\MonoBehaviour\Table_Block.dat
1203104,Chapter01,Coffeepot,Coffee,0,4,1,81,BlockName_IceAmericano,Teapot1_4,0000000000000000000000000000000000000000000000000000000000000000000000000000000000000000000000000000000000000000000000000000000032000000050000000000a04000000000000000000000000001000000cdcc4c3d000020400000104102000000090000000100000001000000,120,26908,reverse-output\assets\assetstudio-cli-data-all-raw\MonoBehaviour\Table_Block.dat
1203105,Chapter01,Coffeepot,Coffee,0,5,1,140,BlockName_Cappuccino,Teapot1_5,0000000000000000000000000000000000000000000000000000000000000000000000000000000000000000000000000000000000000000000000000000000046000000050000000000104100000000000000000000000001000000cdcc4c3d0000204000007041020000000f0000000100000001000000,120,27136,reverse-output\assets\assetstudio-cli-data-all-raw\MonoBehaviour\Table_Block.dat
1203106,Chapter01,Coffeepot,Coffee,0,6,1,222,BlockName_CafeLatte,Teapot1_6,0000000000000000000000000000000000000000000000000000000000000000000000000000000000000000000000000000000000000000000000000000000032000000050000000000604100000000000000000000000001000000cdcc4c3d000020400000b84102000000170000000100000001000000,120,27360,reverse-output\assets\assetstudio-cli-data-all-raw\MonoBehaviour\Table_Block.dat
1203107,Chapter01,Coffeepot,Coffee,0,7,1,331,BlockName_EspressoConPanna,Teapot1_7,000000000000000000000000000000000000000000000000000000000000000000000000000000000000000000000000000000000000000000000000000000003c000000050000000000b04100000000000000000000000001000000cdcc4c3d000020400000084202000000220000000100000001000000,120,27584,reverse-output\assets\assetstudio-cli-data-all-raw\MonoBehaviour\Table_Block.dat
1203108,Chapter01,Coffeepot,Coffee,0,8,1,470,BlockName_ChocolateLatte,Teapot1_8,0000000000000000000000000000000000000000000000000000000000000000000000000000000000000000000000000000000000000000e8030000ade2610532000000050000000000004200000000000000000000000001000000cdcc4c3d000020400000404202000000300000000100000001000000,120,27816,reverse-output\assets\assetstudio-cli-data-all-raw\MonoBehaviour\Table_Block.dat
1203109,Chapter01,Coffeepot,Coffee,0,9,1,640,BlockName_IceChocolateLatte,Teapot1_9,0000000000000000000000000000000000000000000000000000000000000000000000000000000000000000000000000000000000000000e8030000ade2610532000000020000000000384200000000000000000000000001000000cdcc4c3d000020400000824202000000410000000100000001000000,120,28044,reverse-output\assets\assetstudio-cli-data-all-raw\MonoBehaviour\Table_Block.dat
1203110,Chapter01,Coffeepot,Coffee,0,10,1,845,BlockName_CaramelLatte,Teapot1_10,0000000000000000000000000000000000000000000000000000000000000000000000000000000000000000000000000000000000000000e8030000ade261050a000000020000000000744200000000000000000000000001000000cdcc4c3d000020400000aa4202000000550000000100000001000000,120,28276,reverse-output\assets\assetstudio-cli-data-all-raw\MonoBehaviour\Table_Block.dat
1203111,Chapter01,Coffeepot,Coffee,0,11,1,1087,BlockName_Einspanner,Teapot1_11,0000000000000000000000000000000000000000000000000000000000000000000000000000000000000000000000000000000000000000e8030000ade261050a000000020000000000a24200000000000000000000000001000000cdcc4c3d000020400000da42020000006d0000000100000001000000,120,28504,reverse-output\assets\assetstudio-cli-data-all-raw\MonoBehaviour\Table_Block.dat
1203112,Chapter01,Coffeepot,Coffee,0,12,1,1368,BlockName_Affogato,Teapot1_12,0000000000000000000000000000000000000000000000000000000000000000000000000000000000000000000000000000000000000000e8030000ade261050a000000020000000000d04200000000000000000000000001000000cdcc4c3d000020400000094302000000890000000100000001000000,120,28728,reverse-output\assets\assetstudio-cli-data-all-raw\MonoBehaviour\Table_Block.dat
1203113,Chapter01,Coffeepot,Coffee,0,13,1,1691,BlockName_OrangeBianco,Teapot1_13,0000000000000000000000000000000000000000000000000000000000000000000000000000000000000000000000000000000000000000e8030000ade261050a000000020000000000044300000000000000000000000001000000cdcc4c3d0000204000002a4302000000aa0000000100000001000000,120,28952,reverse-output\assets\assetstudio-cli-data-all-raw\MonoBehaviour\Table_Block.dat
1203114,Chapter01,Coffeepot,Coffee,0,14,1,2056,BlockName_ChocolateMintLatte,Teapot1_14,0000000000000000000000000000000000000000000000000000000000000000000000000000000000000000000000000000000000000000e8030000ade2610500000000000000000000000000000000000000000000000001000000cdcc4c3d0000204000004e4302000000ce0000000100000001000000,120,29180,reverse-output\assets\assetstudio-cli-data-all-raw\MonoBehaviour\Table_Block.dat
1203201,Chapter01,Coffeepot,Soda,0,1,2,10,BlockName_CupOfGlass,Teapot2_1,0000000000000000000000000000000000000000000000000000000000000000000000000000000000000000000000000000000000000000000000000000000000000000000000000000000000000000000000000000000001000000cdcc4c3d000020400000404002000000030000000100000001000000,120,29412,reverse-output\assets\assetstudio-cli-data-all-raw\MonoBehaviour\Table_Block.dat
1203202,Chapter01,Coffeepot,Soda,0,2,2,22,BlockName_LemonSoda,Teapot2_2,0000000000000000000000000000000000000000000000000000000000000000000000000000000000000000000000000000000000000000000000000000000032000000050000000000004000000000000000000000000001000000cdcc4c3d000020400000a04002000000050000000100000001000000,120,29632,reverse-output\assets\assetstudio-cli-data-all-raw\MonoBehaviour\Table_Block.dat
1203203,Chapter01,Coffeepot,Soda,0,3,2,49,BlockName_DreamberryCocktail,Teapot2_3,0000000000000000000000000000000000000000000000000000000000000000000000000000000000000000000000000000000000000000e8030000ade261053c000000050000000000a04000000000000000000000000001000000cdcc4c3d0000204000002041020000000a0000000100000001000000,120,29852,reverse-output\assets\assetstudio-cli-data-all-raw\MonoBehaviour\Table_Block.dat
1203204,Chapter01,Coffeepot,Soda,0,4,2,92,BlockName_FrostCocktail,Teapot2_4,0000000000000000000000000000000000000000000000000000000000000000000000000000000000000000000000000000000000000000e8030000ade2610532000000020000000000304100000000000000000000000001000000cdcc4c3d000020400000984102000000130000000100000001000000,120,30080,reverse-output\assets\assetstudio-cli-data-all-raw\MonoBehaviour\Table_Block.dat
1203205,Chapter01,Coffeepot,Soda,0,5,2,159,BlockName_CitriusCocktail,Teapot2_5,0000000000000000000000000000000000000000000000000000000000000000000000000000000000000000000000000000000000000000e8030000ade261050a000000020000000000a84100000000000000000000000001000000cdcc4c3d000020400000004202000000200000000100000001000000,120,30304,reverse-output\assets\assetstudio-cli-data-all-raw\MonoBehaviour\Table_Block.dat
1203206,Chapter01,Coffeepot,Soda,0,6,2,253,BlockName_TwinberryCocktail,Teapot2_6,0000000000000000000000000000000000000000000000000000000000000000000000000000000000000000000000000000000000000000e8030000ade261050a0000000200000000000c4200000000000000000000000001000000cdcc4c3d0000204000004c4202000000330000000100000001000000,120,30532,reverse-output\assets\assetstudio-cli-data-all-raw\MonoBehaviour\Table_Block.dat
1103207,Chapter01,Coffeepot,Soda,23,7,2,3822,BlockName_TeaLeaves,Production_TeaLeaves_From_Teapot2_1,0000000004d51000000000000600000000000000000000000000000001000000030000000100000001000000655c1200000000000000000000000000000000000000000000000000000000000000000000000000000000000100000000000000000000000000000000000000000000000100000001000000,120,30760,reverse-output\assets\assetstudio-cli-data-all-raw\MonoBehaviour\Table_Block.dat
1203301,Chapter01,Coffeepot,Tea,0,1,3,39,BlockName_Teabag,TeaLeaves1_1,0000000067d51000000000000000000000000000000000000000000000000000000000000000000000000000000000000000000000000000000000000000000000000000000000000000000000000000000000000000000001000000cdcc4c3d0000204000004041020000000c0000000100000001000000,120,31004,reverse-output\assets\assetstudio-cli-data-all-raw\MonoBehaviour\Table_Block.dat
1203302,Chapter01,Coffeepot,Tea,0,2,3,88,BlockName_Teabox,TeaLeaves1_2,0000000067d51000000000000000000000000000000000000000000000000000000000000000000000000000000000000000000000000000e8030000ade261053c000000050000000000884100000000000000000000000001000000cdcc4c3d000020400000d841020000001b0000000100000001000000,120,31220,reverse-output\assets\assetstudio-cli-data-all-raw\MonoBehaviour\Table_Block.dat
1203303,Chapter01,Coffeepot,Tea,0,3,3,189,BlockName_GreenTea,TeaLeaves1_3,0000000067d51000000000000000000000000000000000000000000000000000000000000000000000000000000000000000000000000000e8030000ade26105320000000200000000001c4200000000000000000000000001000000cdcc4c3d000020400000644202000000390000000100000001000000,120,31436,reverse-output\assets\assetstudio-cli-data-all-raw\MonoBehaviour\Table_Block.dat
1203304,Chapter01,Coffeepot,Tea,0,4,3,356,BlockName_BlackTea,TeaLeaves1_4,0000000067d51000000000000000000000000000000000000000000000000000000000000000000000000000000000000000000000000000e8030000ade26105140000000200000000009e4200000000000000000000000001000000cdcc4c3d000020400000d642020000006b0000000100000001000000,120,31656,reverse-output\assets\assetstudio-cli-data-all-raw\MonoBehaviour\Table_Block.dat
1203305,Chapter01,Coffeepot,Tea,0,5,3,616,BlockName_MilkTea,TeaLeaves1_5,0000000067d51000000000000000000000000000000000000000000000000000000000000000000000000000000000000000000000000000e8030000ade261050a000000020000000000114300000000000000000000000001000000cdcc4c3d000020400000394302000000b90000000100000001000000,120,31876,reverse-output\assets\assetstudio-cli-data-all-raw\MonoBehaviour\Table_Block.dat
1203306,Chapter01,Coffeepot,Tea,0,6,3,977,BlockName_VinChaud,TeaLeaves1_6,0000000067d51000000000000000000000000000000000000000000000000000000000000000000000000000000000000000000000000000e8030000ade261050a000000020000000000724300000000000000000000000001000000cdcc4c3d000020400000934302000000260100000100000001000000,120,32096,reverse-output\assets\assetstudio-cli-data-all-raw\MonoBehaviour\Table_Block.dat
1203307,Chapter01,Coffeepot,Tea,0,7,3,1458,BlockName_CloudTea,TeaLeaves1_7,0000000067d51000000000000000000000000000000000000000000000000000000000000000000000000000000000000000000000000000e8030000ade2610500000000000000000000000000000000000000000000000001000000cdcc4c3d000020400000db4302000000b60100000100000001000000,120,32316,reverse-output\assets\assetstudio-cli-data-all-raw\MonoBehaviour\Table_Block.dat
1104101,Chapter01,DessertBasket,DessertBasket,1,1,1,117,BlockName_SnackBasket,Production_SnackBasket1_1,000000000000000000000000000000000000000000000000000000000000000000000000000000000000000000000000000000000000000000000000000000000000000000000000000000000000000000000000000000000000000000000000000000000000000000000000000000000100000001000000,120,32536,reverse-output\assets\assetstudio-cli-data-all-raw\MonoBehaviour\Table_Block.dat
1104102,Chapter01,DessertBasket,DessertBasket,1,2,1,260,BlockName_SnackBasket,Production_SnackBasket1_2,000000000000000000000000000000000000000000000000000000000000000000000000000000000000000000000000000000000000000000000000000000000000000000000000000000000000000000000000000000000000000000000000000000000000000000000000000000000100000001000000,120,32792,reverse-output\assets\assetstudio-cli-data-all-raw\MonoBehaviour\Table_Block.dat
1104103,Chapter01,DessertBasket,DessertBasket,1,3,1,559,BlockName_SnackBasket,Production_SnackBasket1_3,000000000000000000000000000000000000000000000000000000000000000000000000000000000000000000000000000000000000000000000000000000000000000000000000000000000000000000000000000000000000000000000000000000000000000000000000000000000100000001000000,120,33048,reverse-output\assets\assetstudio-cli-data-all-raw\MonoBehaviour\Table_Block.dat
1104104,Chapter01,DessertBasket,DessertBasket,1,4,1,1053,BlockName_SnackBasket,Production_SnackBasket1_4,0000000000000000000000001e0000001e000000320000000a0000000100000003000000010000000000000000000000000000000000000000000000000000000000000000000000000000000000000000000000000000000000000000000000000000000000000000000000000000000100000001000000,120,33304,reverse-output\assets\assetstudio-cli-data-all-raw\MonoBehaviour\Table_Block.dat
1104105,Chapter01,DessertBasket,DessertBasket,1,5,1,1820,BlockName_SnackBasket,Production_SnackBasket1_5,0000000000000000000000002100000032000000320000000a0000000100000003000000010000000000000000000000000000000000000000000000000000000000000000000000000000000000000000000000000000000000000000000000000000000000000000000000000000000100000001000000,120,33560,reverse-output\assets\assetstudio-cli-data-all-raw\MonoBehaviour\Table_Block.dat
1104106,Chapter01,DessertBasket,DessertBasket,1,6,1,2886,BlockName_SnackBasket,Production_SnackBasket1_6,000000000000000000000000240000003b000000320000000a0000000100000003000000010000000000000000000000000000000000000000000000000000000000000000000000000000000000000000000000000000000000000000000000000000000000000000000000000000000100000001000000,120,33816,reverse-output\assets\assetstudio-cli-data-all-raw\MonoBehaviour\Table_Block.dat
1104107,Chapter01,DessertBasket,DessertBasket,1,7,1,4303,BlockName_SnackBasket,Production_SnackBasket1_7,000000000000000000000000250000005300000032000000140000000100000003000000010000000000000000000000000000000000000000000000000000000000000000000000000000000000000000000000000000000000000000000000000000000000000000000000000000000100000001000000,120,34072,reverse-output\assets\assetstudio-cli-data-all-raw\MonoBehaviour\Table_Block.dat
1104108,Chapter01,DessertBasket,DessertBasket,1,8,1,6110,BlockName_SnackBasket,Production_SnackBasket1_8,000000000000000000000000260000006300000032000000140000000100000003000000010000000000000000000000000000000000000000000000000000000000000000000000000000000000000000000000000000000000000000000000000000000000000000000000000000000100000001000000,120,34328,reverse-output\assets\assetstudio-cli-data-all-raw\MonoBehaviour\Table_Block.dat
1104109,Chapter01,DessertBasket,DessertBasket,1,9,1,8320,BlockName_SnackBasket,Production_SnackBasket1_9,000000000000000000000000250000006a00000032000000140000000100000003000000010000000000000000000000000000000000000000000000000000000000000000000000000000000000000000000000000000000000000000000000000000000000000000000000000000000100000001000000,120,34584,reverse-output\assets\assetstudio-cli-data-all-raw\MonoBehaviour\Table_Block.dat
1104110,Chapter01,DessertBasket,DessertBasket,1,10,1,10985,BlockName_SnackBasket,Production_SnackBasket1_10,000000000000000000000000230000007700000032000000140000000100000003000000010000000000000000000000000000000000000000000000000000000000000000000000000000000000000000000000000000000000000000000000000000000000000000000000000000000100000001000000,120,34840,reverse-output\assets\assetstudio-cli-data-all-raw\MonoBehaviour\Table_Block.dat
1204101,Chapter01,DessertBasket,Dessert,0,1,1,9,BlockName_Chocolate,SnackBasket1_1,0000000000000000000000000000000000000000000000000000000000000000000000000000000000000000000000000000000000000000000000000000000000000000000000000000000000000000000000000000000001000000cdcc4c3d000020400000004002000000020000000100000001000000,120,35096,reverse-output\assets\assetstudio-cli-data-all-raw\MonoBehaviour\Table_Block.dat
1204102,Chapter01,DessertBasket,Dessert,0,2,1,20,BlockName_Madeleine,SnackBasket1_2,0000000000000000000000000000000000000000000000000000000000000000000000000000000000000000000000000000000000000000000000000000000000000000000000000000000000000000000000000000000001000000cdcc4c3d000020400000404002000000030000000100000001000000,120,35328,reverse-output\assets\assetstudio-cli-data-all-raw\MonoBehaviour\Table_Block.dat
1204103,Chapter01,DessertBasket,Dessert,0,3,1,43,BlockName_Canele,SnackBasket1_3,0000000000000000000000000000000000000000000000000000000000000000000000000000000000000000000000000000000000000000000000000000000000000000000000000000000000000000000000000000000001000000cdcc4c3d000020400000a04002000000050000000100000001000000,120,35560,reverse-output\assets\assetstudio-cli-data-all-raw\MonoBehaviour\Table_Block.dat
1204104,Chapter01,DessertBasket,Dessert,0,4,1,81,BlockName_Financier,SnackBasket1_4,0000000000000000000000000000000000000000000000000000000000000000000000000000000000000000000000000000000000000000000000000000000050000000050000000000a04000000000000000000000000001000000cdcc4c3d000020400000104102000000090000000100000001000000,120,35788,reverse-output\assets\assetstudio-cli-data-all-raw\MonoBehaviour\Table_Block.dat
1204105,Chapter01,DessertBasket,Dessert,0,5,1,140,BlockName_SweetRoll,SnackBasket1_5,0000000000000000000000000000000000000000000000000000000000000000000000000000000000000000000000000000000000000000000000000000000032000000050000000000104100000000000000000000000001000000cdcc4c3d0000204000007041020000000f0000000100000001000000,120,36020,reverse-output\assets\assetstudio-cli-data-all-raw\MonoBehaviour\Table_Block.dat
1204106,Chapter01,DessertBasket,Dessert,0,6,1,222,BlockName_Dacquoise,SnackBasket1_6,0000000000000000000000000000000000000000000000000000000000000000000000000000000000000000000000000000000000000000000000000000000050000000050000000000604100000000000000000000000001000000cdcc4c3d000020400000b84102000000170000000100000001000000,120,36252,reverse-output\assets\assetstudio-cli-data-all-raw\MonoBehaviour\Table_Block.dat
1204107,Chapter01,DessertBasket,Dessert,0,7,1,331,BlockName_Waffle,SnackBasket1_7,0000000000000000000000000000000000000000000000000000000000000000000000000000000000000000000000000000000000000000e8030000ade2610514000000050000000000b04100000000000000000000000001000000cdcc4c3d000020400000084202000000220000000100000001000000,120,36484,reverse-output\assets\assetstudio-cli-data-all-raw\MonoBehaviour\Table_Block.dat
1204108,Chapter01,DessertBasket,Dessert,0,8,1,470,BlockName_Pancake,SnackBasket1_8,0000000000000000000000000000000000000000000000000000000000000000000000000000000000000000000000000000000000000000e8030000ade261050a000000020000000000004200000000000000000000000001000000cdcc4c3d000020400000404202000000300000000100000001000000,120,36712,reverse-output\assets\assetstudio-cli-data-all-raw\MonoBehaviour\Table_Block.dat
1204109,Chapter01,DessertBasket,Dessert,0,9,1,640,BlockName_SoufflePancake,SnackBasket1_9,0000000000000000000000000000000000000000000000000000000000000000000000000000000000000000000000000000000000000000e8030000ade261050a000000020000000000384200000000000000000000000001000000cdcc4c3d000020400000824202000000410000000100000001000000,120,36944,reverse-output\assets\assetstudio-cli-data-all-raw\MonoBehaviour\Table_Block.dat
1204110,Chapter01,DessertBasket,Dessert,0,10,1,845,BlockName_Pudding,SnackBasket1_10,0000000000000000000000000000000000000000000000000000000000000000000000000000000000000000000000000000000000000000e8030000ade261050a000000020000000000744200000000000000000000000001000000cdcc4c3d000020400000aa4202000000550000000100000001000000,120,37180,reverse-output\assets\assetstudio-cli-data-all-raw\MonoBehaviour\Table_Block.dat
1204111,Chapter01,DessertBasket,Dessert,0,11,1,1087,BlockName_Crepe,SnackBasket1_11,0000000000000000000000000000000000000000000000000000000000000000000000000000000000000000000000000000000000000000e8030000ade261050a000000020000000000a24200000000000000000000000001000000cdcc4c3d000020400000da42020000006d0000000100000001000000,120,37412,reverse-output\assets\assetstudio-cli-data-all-raw\MonoBehaviour\Table_Block.dat
1204112,Chapter01,DessertBasket,Dessert,0,12,1,1368,BlockName_CreamRoll,SnackBasket1_12,0000000000000000000000000000000000000000000000000000000000000000000000000000000000000000000000000000000000000000e8030000ade261050a000000020000000000d04200000000000000000000000001000000cdcc4c3d000020400000094302000000890000000100000001000000,120,37640,reverse-output\assets\assetstudio-cli-data-all-raw\MonoBehaviour\Table_Block.dat
1204113,Chapter01,DessertBasket,Dessert,0,13,1,1691,BlockName_Macaron,SnackBasket1_13,0000000000000000000000000000000000000000000000000000000000000000000000000000000000000000000000000000000000000000e8030000ade261050a000000020000000000044300000000000000000000000001000000cdcc4c3d0000204000002a4302000000aa0000000100000001000000,120,37872,reverse-output\assets\assetstudio-cli-data-all-raw\MonoBehaviour\Table_Block.dat
1204114,Chapter01,DessertBasket,Dessert,0,14,1,2056,BlockName_FruitCreampuff,SnackBasket1_14,0000000000000000000000000000000000000000000000000000000000000000000000000000000000000000000000000000000000000000e8030000ade2610500000000000000000000000000000000000000000000000001000000cdcc4c3d0000204000004e4302000000ce0000000100000001000000,120,38104,reverse-output\assets\assetstudio-cli-data-all-raw\MonoBehaviour\Table_Block.dat
1204201,Chapter01,DessertBasket,Cake,0,1,2,10,BlockName_SquareCake,SnackBasket2_1,0000000000000000000000000000000000000000000000000000000000000000000000000000000000000000000000000000000000000000000000000000000000000000000000000000000000000000000000000000000001000000cdcc4c3d000020400000404002000000030000000100000001000000,120,38340,reverse-output\assets\assetstudio-cli-data-all-raw\MonoBehaviour\Table_Block.dat
1204202,Chapter01,DessertBasket,Cake,0,2,2,22,BlockName_MureplumMousseCake,SnackBasket2_2,0000000000000000000000000000000000000000000000000000000000000000000000000000000000000000000000000000000000000000000000000000000046000000050000000000004000000000000000000000000001000000cdcc4c3d000020400000a04002000000050000000100000001000000,120,38568,reverse-output\assets\assetstudio-cli-data-all-raw\MonoBehaviour\Table_Block.dat
1204203,Chapter01,DessertBasket,Cake,0,3,2,49,BlockName_FruitTart,SnackBasket2_3,0000000000000000000000000000000000000000000000000000000000000000000000000000000000000000000000000000000000000000e8030000ade2610532000000050000000000a04000000000000000000000000001000000cdcc4c3d0000204000002041020000000a0000000100000001000000,120,38804,reverse-output\assets\assetstudio-cli-data-all-raw\MonoBehaviour\Table_Block.dat
1204204,Chapter01,DessertBasket,Cake,0,4,2,92,BlockName_FruitCake,SnackBasket2_4,0000000000000000000000000000000000000000000000000000000000000000000000000000000000000000000000000000000000000000e8030000ade261053c000000050000000000304100000000000000000000000001000000cdcc4c3d000020400000984102000000130000000100000001000000,120,39032,reverse-output\assets\assetstudio-cli-data-all-raw\MonoBehaviour\Table_Block.dat
1204205,Chapter01,DessertBasket,Cake,0,5,2,159,BlockName_WhispersOfTheForest,SnackBasket2_5,0000000000000000000000000000000000000000000000000000000000000000000000000000000000000000000000000000000000000000e8030000ade2610514000000020000000000a84100000000000000000000000001000000cdcc4c3d000020400000004202000000200000000100000001000000,120,39260,reverse-output\assets\assetstudio-cli-data-all-raw\MonoBehaviour\Table_Block.dat
1204206,Chapter01,DessertBasket,Cake,0,6,2,253,BlockName_GoldenSilkPath,SnackBasket2_6,0000000000000000000000000000000000000000000000000000000000000000000000000000000000000000000000000000000000000000e8030000ade261050a0000000200000000000c4200000000000000000000000001000000cdcc4c3d0000204000004c4202000000330000000100000001000000,120,39500,reverse-output\assets\assetstudio-cli-data-all-raw\MonoBehaviour\Table_Block.dat
1204207,Chapter01,DessertBasket,Cake,0,7,2,377,BlockName_DreamOfTheTwilightButterfly,SnackBasket2_7,0000000000000000000000000000000000000000000000000000000000000000000000000000000000000000000000000000000000000000e8030000ade261050a000000020000000000584200000000000000000000000001000000cdcc4c3d0000204000009842020000004c0000000100000001000000,120,39732,reverse-output\assets\assetstudio-cli-data-all-raw\MonoBehaviour\Table_Block.dat
1204208,Chapter01,DessertBasket,Cake,0,8,2,535,BlockName_BreathOfTheDragon,SnackBasket2_8,0000000000000000000000000000000000000000000000000000000000000000000000000000000000000000000000000000000000000000e8030000ade2610500000000000000000000000000000000000000000000000001000000cdcc4c3d000020400000d842020000006c0000000100000001000000,120,39980,reverse-output\assets\assetstudio-cli-data-all-raw\MonoBehaviour\Table_Block.dat
1105101,Chapter02,Pan,Pen,1,1,1,117,BlockName_Pan,Production_Pan1_1,000000000000000000000000000000000000000000000000000000000000000000000000000000000000000000000000000000000000000000000000000000000000000000000000000000000000000000000000000000000000000000000000000000000000000000000000000000000100000001000000,120,40216,reverse-output\assets\assetstudio-cli-data-all-raw\MonoBehaviour\Table_Block.dat
1105102,Chapter02,Pan,Pen,1,2,1,260,BlockName_Pan,Production_Pan1_2,000000000000000000000000000000000000000000000000000000000000000000000000000000000000000000000000000000000000000000000000000000000000000000000000000000000000000000000000000000000000000000000000000000000000000000000000000000000100000001000000,120,40432,reverse-output\assets\assetstudio-cli-data-all-raw\MonoBehaviour\Table_Block.dat
1105103,Chapter02,Pan,Pen,1,3,1,559,BlockName_Pan,Production_Pan1_3,000000000000000000000000000000000000000000000000000000000000000000000000000000000000000000000000000000000000000000000000000000000000000000000000000000000000000000000000000000000000000000000000000000000000000000000000000000000100000001000000,120,40648,reverse-output\assets\assetstudio-cli-data-all-raw\MonoBehaviour\Table_Block.dat
1105104,Chapter02,Pan,Pen,1,4,1,1053,BlockName_Pan,Production_Pan1_4,000000000000000000000000170000000d000000320000000a0000000100000003000000010000000000000000000000000000000000000000000000000000000000000000000000000000000000000000000000000000000000000000000000000000000000000000000000000000000100000001000000,120,40864,reverse-output\assets\assetstudio-cli-data-all-raw\MonoBehaviour\Table_Block.dat
1105105,Chapter02,Pan,Pen,1,5,1,1820,BlockName_Pan,Production_Pan1_5,0000000000000000000000001b0000000e00000032000000140000000100000003000000010000000000000000000000000000000000000000000000000000000000000000000000000000000000000000000000000000000000000000000000000000000000000000000000000000000100000001000000,120,41080,reverse-output\assets\assetstudio-cli-data-all-raw\MonoBehaviour\Table_Block.dat
1105106,Chapter02,Pan,Pen,1,6,1,2886,BlockName_Pan,Production_Pan1_6,0000000000000000000000001d00000013000000320000001e0000000100000003000000010000000000000000000000000000000000000000000000000000000000000000000000000000000000000000000000000000000000000000000000000000000000000000000000000000000100000001000000,120,41296,reverse-output\assets\assetstudio-cli-data-all-raw\MonoBehaviour\Table_Block.dat
1105107,Chapter02,Pan,Pen,1,7,1,4303,BlockName_Pan,Production_Pan1_7,0000000000000000000000001f00000018000000320000001e0000000100000003000000010000000000000000000000000000000000000000000000000000000000000000000000000000000000000000000000000000000000000000000000000000000000000000000000000000000100000001000000,120,41512,reverse-output\assets\assetstudio-cli-data-all-raw\MonoBehaviour\Table_Block.dat
1105108,Chapter02,Pan,Pen,1,8,1,6110,BlockName_Pan,Production_Pan1_8,0000000000000000000000002000000024000000320000001e0000000100000003000000010000000000000000000000000000000000000000000000000000000000000000000000000000000000000000000000000000000000000000000000000000000000000000000000000000000100000001000000,120,41728,reverse-output\assets\assetstudio-cli-data-all-raw\MonoBehaviour\Table_Block.dat
1105109,Chapter02,Pan,Pen,1,9,1,8320,BlockName_Pan,Production_Pan1_9,0000000000000000000000002200000031000000320000001e0000000100000003000000010000000000000000000000000000000000000000000000000000000000000000000000000000000000000000000000000000000000000000000000000000000000000000000000000000000100000001000000,120,41944,reverse-output\assets\assetstudio-cli-data-all-raw\MonoBehaviour\Table_Block.dat
1205101,Chapter02,Pan,Egg,0,1,1,9,BlockName_Egg,Pan1_1,0000000000000000000000000000000000000000000000000000000000000000000000000000000000000000000000000000000000000000000000000000000000000000000000000000000000000000000000000000000001000000cdcc4c3d000020400000004002000000020000000100000001000000,120,42160,reverse-output\assets\assetstudio-cli-data-all-raw\MonoBehaviour\Table_Block.dat
1205102,Chapter02,Pan,Egg,0,2,1,20,BlockName_TwinEggs,Pan1_2,0000000000000000000000000000000000000000000000000000000000000000000000000000000000000000000000000000000000000000000000000000000000000000000000000000000000000000000000000000000001000000cdcc4c3d000020400000404002000000030000000100000001000000,120,42364,reverse-output\assets\assetstudio-cli-data-all-raw\MonoBehaviour\Table_Block.dat
1205103,Chapter02,Pan,Egg,0,3,1,43,BlockName_FriedEgg,Pan1_3,0000000000000000000000000000000000000000000000000000000000000000000000000000000000000000000000000000000000000000000000000000000000000000000000000000000000000000000000000000000001000000cdcc4c3d000020400000a04002000000050000000100000001000000,120,42572,reverse-output\assets\assetstudio-cli-data-all-raw\MonoBehaviour\Table_Block.dat
1205104,Chapter02,Pan,Egg,0,4,1,81,BlockName_EggToast,Pan1_4,0000000000000000000000000000000000000000000000000000000000000000000000000000000000000000000000000000000000000000000000000000000050000000050000000000a04000000000000000000000000001000000cdcc4c3d000020400000104102000000090000000100000001000000,120,42780,reverse-output\assets\assetstudio-cli-data-all-raw\MonoBehaviour\Table_Block.dat
1205105,Chapter02,Pan,Egg,0,5,1,140,BlockName_ScrambledEggs,Pan1_5,0000000000000000000000000000000000000000000000000000000000000000000000000000000000000000000000000000000000000000000000000000000032000000050000000000104100000000000000000000000001000000cdcc4c3d0000204000007041020000000f0000000100000001000000,120,42988,reverse-output\assets\assetstudio-cli-data-all-raw\MonoBehaviour\Table_Block.dat
1205106,Chapter02,Pan,Egg,0,6,1,222,BlockName_RolledEgg,Pan1_6,0000000000000000000000000000000000000000000000000000000000000000000000000000000000000000000000000000000000000000000000000000000050000000050000000000604100000000000000000000000001000000cdcc4c3d000020400000b84102000000170000000100000001000000,120,43200,reverse-output\assets\assetstudio-cli-data-all-raw\MonoBehaviour\Table_Block.dat
1205107,Chapter02,Pan,Egg,0,7,1,331,BlockName_Omelet,Pan1_7,0000000000000000000000000000000000000000000000000000000000000000000000000000000000000000000000000000000000000000e8030000ade2610514000000050000000000b04100000000000000000000000001000000cdcc4c3d000020400000084202000000220000000100000001000000,120,43408,reverse-output\assets\assetstudio-cli-data-all-raw\MonoBehaviour\Table_Block.dat
1205108,Chapter02,Pan,Egg,0,8,1,470,BlockName_CurryOmurice,Pan1_8,0000000000000000000000000000000000000000000000000000000000000000000000000000000000000000000000000000000000000000e8030000ade261050a000000020000000000004200000000000000000000000001000000cdcc4c3d000020400000404202000000300000000100000001000000,120,43612,reverse-output\assets\assetstudio-cli-data-all-raw\MonoBehaviour\Table_Block.dat
1205109,Chapter02,Pan,Egg,0,9,1,640,BlockName_EggsInHell,Pan1_9,0000000000000000000000000000000000000000000000000000000000000000000000000000000000000000000000000000000000000000e8030000ade261050a000000020000000000384200000000000000000000000001000000cdcc4c3d000020400000824202000000410000000100000001000000,120,43824,reverse-output\assets\assetstudio-cli-data-all-raw\MonoBehaviour\Table_Block.dat
1205110,Chapter02,Pan,Egg,0,10,1,845,BlockName_EggBurger,Pan1_10,0000000000000000000000000000000000000000000000000000000000000000000000000000000000000000000000000000000000000000e8030000ade261050a000000020000000000744200000000000000000000000001000000cdcc4c3d000020400000aa4202000000550000000100000001000000,120,44032,reverse-output\assets\assetstudio-cli-data-all-raw\MonoBehaviour\Table_Block.dat
1205111,Chapter02,Pan,Egg,0,11,1,1087,BlockName_PicnicDeviledEgg,Pan1_11,0000000000000000000000000000000000000000000000000000000000000000000000000000000000000000000000000000000000000000e8030000ade261050a000000020000000000a24200000000000000000000000001000000cdcc4c3d000020400000da42020000006d0000000100000001000000,120,44240,reverse-output\assets\assetstudio-cli-data-all-raw\MonoBehaviour\Table_Block.dat
1205112,Chapter02,Pan,Egg,0,12,1,1368,BlockName_SunsetBlossomChawanmushi,Pan1_12,0000000000000000000000000000000000000000000000000000000000000000000000000000000000000000000000000000000000000000e8030000ade261050a000000020000000000d04200000000000000000000000001000000cdcc4c3d000020400000094302000000890000000100000001000000,120,44456,reverse-output\assets\assetstudio-cli-data-all-raw\MonoBehaviour\Table_Block.dat
1205113,Chapter02,Pan,Egg,0,13,1,1691,BlockName_OmeletteMousseTower,Pan1_13,0000000000000000000000000000000000000000000000000000000000000000000000000000000000000000000000000000000000000000e8030000ade261050a000000020000000000044300000000000000000000000001000000cdcc4c3d0000204000002a4302000000aa0000000100000001000000,120,44680,reverse-output\assets\assetstudio-cli-data-all-raw\MonoBehaviour\Table_Block.dat
1205114,Chapter02,Pan,Egg,0,14,1,2056,BlockName_GoldenPeacock,Pan1_14,0000000000000000000000000000000000000000000000000000000000000000000000000000000000000000000000000000000000000000e8030000ade2610500000000000000000000000000000000000000000000000001000000cdcc4c3d0000204000004e4302000000ce0000000100000001000000,120,44900,reverse-output\assets\assetstudio-cli-data-all-raw\MonoBehaviour\Table_Block.dat
1205201,Chapter02,Pan,Brunch,0,1,2,10,BlockName_Cabbage,Pan2_1,0000000000000000000000000000000000000000000000000000000000000000000000000000000000000000000000000000000000000000000000000000000000000000000000000000000000000000000000000000000001000000cdcc4c3d000020400000404002000000030000000100000001000000,120,45112,reverse-output\assets\assetstudio-cli-data-all-raw\MonoBehaviour\Table_Block.dat
1205202,Chapter02,Pan,Brunch,0,2,2,22,BlockName_PreppedCabbage,Pan2_2,0000000000000000000000000000000000000000000000000000000000000000000000000000000000000000000000000000000000000000000000000000000032000000050000000000004000000000000000000000000001000000cdcc4c3d000020400000a04002000000050000000100000001000000,120,45324,reverse-output\assets\assetstudio-cli-data-all-raw\MonoBehaviour\Table_Block.dat
1205203,Chapter02,Pan,Brunch,0,3,2,49,BlockName_VegetableSalad,Pan2_3,0000000000000000000000000000000000000000000000000000000000000000000000000000000000000000000000000000000000000000000000000000000050000000050000000000a04000000000000000000000000001000000cdcc4c3d0000204000002041020000000a0000000100000001000000,120,45540,reverse-output\assets\assetstudio-cli-data-all-raw\MonoBehaviour\Table_Block.dat
1205204,Chapter02,Pan,Brunch,0,4,2,92,BlockName_Caprese,Pan2_4,0000000000000000000000000000000000000000000000000000000000000000000000000000000000000000000000000000000000000000000000000000000032000000050000000000304100000000000000000000000001000000cdcc4c3d000020400000984102000000130000000100000001000000,120,45756,reverse-output\assets\assetstudio-cli-data-all-raw\MonoBehaviour\Table_Block.dat
1205205,Chapter02,Pan,Brunch,0,5,2,159,BlockName_EnglishMuffin,Pan2_5,0000000000000000000000000000000000000000000000000000000000000000000000000000000000000000000000000000000000000000e8030000ade2610546000000050000000000a84100000000000000000000000001000000cdcc4c3d000020400000004202000000200000000100000001000000,120,45968,reverse-output\assets\assetstudio-cli-data-all-raw\MonoBehaviour\Table_Block.dat
1205206,Chapter02,Pan,Brunch,0,6,2,253,BlockName_Sandwich,Pan2_6,0000000000000000000000000000000000000000000000000000000000000000000000000000000000000000000000000000000000000000e8030000ade26105140000000200000000000c4200000000000000000000000001000000cdcc4c3d0000204000004c4202000000330000000100000001000000,120,46184,reverse-output\assets\assetstudio-cli-data-all-raw\MonoBehaviour\Table_Block.dat
1205207,Chapter02,Pan,Brunch,0,7,2,377,BlockName_Taco,Pan2_7,0000000000000000000000000000000000000000000000000000000000000000000000000000000000000000000000000000000000000000e8030000ade261050a000000020000000000584200000000000000000000000001000000cdcc4c3d0000204000009842020000004c0000000100000001000000,120,46396,reverse-output\assets\assetstudio-cli-data-all-raw\MonoBehaviour\Table_Block.dat
1205208,Chapter02,Pan,Brunch,0,8,2,535,BlockName_Burrito,Pan2_8,0000000000000000000000000000000000000000000000000000000000000000000000000000000000000000000000000000000000000000e8030000ade261050a000000020000000000a04200000000000000000000000001000000cdcc4c3d000020400000d842020000006c0000000100000001000000,120,46604,reverse-output\assets\assetstudio-cli-data-all-raw\MonoBehaviour\Table_Block.dat
1205209,Chapter02,Pan,Brunch,0,9,2,729,BlockName_Panini,Pan2_9,0000000000000000000000000000000000000000000000000000000000000000000000000000000000000000000000000000000000000000e8030000ade261050a000000020000000000e04200000000000000000000000001000000cdcc4c3d000020400000124302000000920000000100000001000000,120,46816,reverse-output\assets\assetstudio-cli-data-all-raw\MonoBehaviour\Table_Block.dat
1205210,Chapter02,Pan,Brunch,0,10,2,963,BlockName_BrunchSet,Pan2_10,0000000000000000000000000000000000000000000000000000000000000000000000000000000000000000000000000000000000000000e8030000ade2610505000000020000000000184300000000000000000000000001000000cdcc4c3d000020400000414302000000c10000000100000001000000,120,47024,reverse-output\assets\assetstudio-cli-data-all-raw\MonoBehaviour\Table_Block.dat
1205211,Chapter02,Pan,Brunch,0,11,2,1239,BlockName_OceanJewelPoke,Pan2_11,0000000000000000000000000000000000000000000000000000000000000000000000000000000000000000000000000000000000000000e8030000ade2610505000000020000000000484300000000000000000000000001000000cdcc4c3d000020400000784302000000f80000000100000001000000,120,47236,reverse-output\assets\assetstudio-cli-data-all-raw\MonoBehaviour\Table_Block.dat
1205212,Chapter02,Pan,Brunch,0,12,2,1559,BlockName_SweetMeadow,Pan2_12,0000000000000000000000000000000000000000000000000000000000000000000000000000000000000000000000000000000000000000e8030000ade2610500000000000000000000000000000000000000000000000001000000cdcc4c3d0000204000009c4302000000380100000100000001000000,120,47452,reverse-output\assets\assetstudio-cli-data-all-raw\MonoBehaviour\Table_Block.dat
1106101,Chapter02,PastaPot,PastaPot,1,1,1,97,BlockName_Plate,Production_PastaPot1_1,000000000000000000000000000000000000000000000000000000000000000000000000000000000000000000000000000000000000000000000000000000000000000000000000000000000000000000000000000000000000000000000000000000000000000000000000000000000100000001000000,120,47668,reverse-output\assets\assetstudio-cli-data-all-raw\MonoBehaviour\Table_Block.dat
1106102,Chapter02,PastaPot,PastaPot,1,2,1,216,BlockName_Plates,Production_PastaPot1_2,000000000000000000000000000000000000000000000000000000000000000000000000000000000000000000000000000000000000000000000000000000000000000000000000000000000000000000000000000000000000000000000000000000000000000000000000000000000100000001000000,120,47896,reverse-output\assets\assetstudio-cli-data-all-raw\MonoBehaviour\Table_Block.dat
1106103,Chapter02,PastaPot,PastaPot,2,3,1,466,BlockName_PastaPot,Production_PastaPot1_3,0000000000000000000000000a0000006500000032000000140000000000000000000000000000000000000000000000000000000000000000000000000000000000000000000000000000000000000000000000000000000000000000000000000000000000000000000000000000000100000001000000,120,48124,reverse-output\assets\assetstudio-cli-data-all-raw\MonoBehaviour\Table_Block.dat
1106104,Chapter02,PastaPot,PastaPot,2,4,1,878,BlockName_PastaPot,Production_PastaPot1_4,0000000000000000000000000f00000098000000320000001e0000000000000000000000000000000000000000000000000000000000000000000000000000000000000000000000000000000000000000000000000000000000000000000000000000000000000000000000000000000100000001000000,120,48356,reverse-output\assets\assetstudio-cli-data-all-raw\MonoBehaviour\Table_Block.dat
1106105,Chapter02,PastaPot,PastaPot,2,5,1,1518,BlockName_PastaPot,Production_PastaPot1_5,0000000000000000000000001500000009010000320000001e0000000000000000000000000000000000000000000000000000000000000000000000000000000000000000000000000000000000000000000000000000000000000000000000000000000000000000000000000000000100000001000000,120,48588,reverse-output\assets\assetstudio-cli-data-all-raw\MonoBehaviour\Table_Block.dat
1206101,Chapter02,PastaPot,Pasta,0,1,1,9,BlockName_Penne,Pasta1_1,0000000000000000000000000000000000000000000000000000000000000000000000000000000000000000000000000000000000000000000000000000000000000000000000000000000000000000000000000000000001000000cdcc4c3d000020400000004002000000020000000100000001000000,120,48820,reverse-output\assets\assetstudio-cli-data-all-raw\MonoBehaviour\Table_Block.dat
1206102,Chapter02,PastaPot,Pasta,0,2,1,20,BlockName_Ravioli,Pasta1_2,0000000000000000000000000000000000000000000000000000000000000000000000000000000000000000000000000000000000000000000000000000000000000000000000000000000000000000000000000000000001000000cdcc4c3d000020400000404002000000030000000100000001000000,120,49032,reverse-output\assets\assetstudio-cli-data-all-raw\MonoBehaviour\Table_Block.dat
1206103,Chapter02,PastaPot,Pasta,0,3,1,43,BlockName_AglioeOlio,Pasta1_3,0000000000000000000000000000000000000000000000000000000000000000000000000000000000000000000000000000000000000000000000000000000050000000050000000000004000000000000000000000000001000000cdcc4c3d000020400000a04002000000050000000100000001000000,120,49248,reverse-output\assets\assetstudio-cli-data-all-raw\MonoBehaviour\Table_Block.dat
1206104,Chapter02,PastaPot,Pasta,0,4,1,81,BlockName_VongolePasta,Pasta1_4,0000000000000000000000000000000000000000000000000000000000000000000000000000000000000000000000000000000000000000000000000000000032000000050000000000a04000000000000000000000000001000000cdcc4c3d000020400000104102000000090000000100000001000000,120,49464,reverse-output\assets\assetstudio-cli-data-all-raw\MonoBehaviour\Table_Block.dat
1206105,Chapter02,PastaPot,Pasta,0,5,1,140,BlockName_ShrimpAglioeOlio,Pasta1_5,0000000000000000000000000000000000000000000000000000000000000000000000000000000000000000000000000000000000000000000000000000000046000000050000000000104100000000000000000000000001000000cdcc4c3d0000204000007041020000000f0000000100000001000000,120,49684,reverse-output\assets\assetstudio-cli-data-all-raw\MonoBehaviour\Table_Block.dat
1206106,Chapter02,PastaPot,Pasta,0,6,1,222,BlockName_CreamPasta,Pasta1_6,0000000000000000000000000000000000000000000000000000000000000000000000000000000000000000000000000000000000000000e8030000ade2610514000000050000000000604100000000000000000000000001000000cdcc4c3d000020400000b84102000000170000000100000001000000,120,49908,reverse-output\assets\assetstudio-cli-data-all-raw\MonoBehaviour\Table_Block.dat
1206107,Chapter02,PastaPot,Pasta,0,7,1,331,BlockName_PaneCreamPasta,Pasta1_7,0000000000000000000000000000000000000000000000000000000000000000000000000000000000000000000000000000000000000000e8030000ade261053c000000050000000000b04100000000000000000000000001000000cdcc4c3d000020400000084202000000220000000100000001000000,120,50124,reverse-output\assets\assetstudio-cli-data-all-raw\MonoBehaviour\Table_Block.dat
1206108,Chapter02,PastaPot,Pasta,0,8,1,470,BlockName_TomatoPasta,Pasta1_8,0000000000000000000000000000000000000000000000000000000000000000000000000000000000000000000000000000000000000000e8030000ade261050a000000020000000000004200000000000000000000000001000000cdcc4c3d000020400000404202000000300000000100000001000000,120,50344,reverse-output\assets\assetstudio-cli-data-all-raw\MonoBehaviour\Table_Block.dat
1206109,Chapter02,PastaPot,Pasta,0,9,1,640,BlockName_MeatballRaguPasta,Pasta1_9,0000000000000000000000000000000000000000000000000000000000000000000000000000000000000000000000000000000000000000e8030000ade261050a000000020000000000384200000000000000000000000001000000cdcc4c3d000020400000824202000000410000000100000001000000,120,50564,reverse-output\assets\assetstudio-cli-data-all-raw\MonoBehaviour\Table_Block.dat
1206110,Chapter02,PastaPot,Pasta,0,10,1,845,BlockName_SacredTreePasta,Pasta1_10,0000000000000000000000000000000000000000000000000000000000000000000000000000000000000000000000000000000000000000e8030000ade261050a000000020000000000744200000000000000000000000001000000cdcc4c3d000020400000aa4202000000550000000100000001000000,120,50788,reverse-output\assets\assetstudio-cli-data-all-raw\MonoBehaviour\Table_Block.dat
1206111,Chapter02,PastaPot,Pasta,0,11,1,1087,BlockName_CrangPasta,Pasta1_11,0000000000000000000000000000000000000000000000000000000000000000000000000000000000000000000000000000000000000000e8030000ade261050a000000020000000000a24200000000000000000000000001000000cdcc4c3d000020400000da42020000006d0000000100000001000000,120,51016,reverse-output\assets\assetstudio-cli-data-all-raw\MonoBehaviour\Table_Block.dat
1206112,Chapter02,PastaPot,Pasta,0,12,1,1368,BlockName_GardenofNight,Pasta1_12,0000000000000000000000000000000000000000000000000000000000000000000000000000000000000000000000000000000000000000e8030000ade261050a000000020000000000d04200000000000000000000000001000000cdcc4c3d000020400000094302000000890000000100000001000000,120,51236,reverse-output\assets\assetstudio-cli-data-all-raw\MonoBehaviour\Table_Block.dat
1206113,Chapter02,PastaPot,Pasta,0,13,1,1691,BlockName_HeartoftheSea,Pasta1_13,0000000000000000000000000000000000000000000000000000000000000000000000000000000000000000000000000000000000000000e8030000ade261050a000000020000000000044300000000000000000000000001000000cdcc4c3d0000204000002a4302000000aa0000000100000001000000,120,51460,reverse-output\assets\assetstudio-cli-data-all-raw\MonoBehaviour\Table_Block.dat
1206114,Chapter02,PastaPot,Pasta,0,14,1,2056,BlockName_Lunaverde,Pasta1_14,0000000000000000000000000000000000000000000000000000000000000000000000000000000000000000000000000000000000000000e8030000ade261050a000000020000000000234300000000000000000000000001000000cdcc4c3d0000204000004e4302000000ce0000000100000001000000,120,51684,reverse-output\assets\assetstudio-cli-data-all-raw\MonoBehaviour\Table_Block.dat
1206115,Chapter02,PastaPot,Pasta,0,15,1,2467,BlockName_VioletMoonlight,Pasta1_15,0000000000000000000000000000000000000000000000000000000000000000000000000000000000000000000000000000000000000000e8030000ade2610500000000000000000000000000000000000000000000000001000000cdcc4c3d000020400000774302000000f70000000100000001000000,120,51904,reverse-output\assets\assetstudio-cli-data-all-raw\MonoBehaviour\Table_Block.dat
1107101,Chapter02,FishingRod,FishingRod,1,1,1,117,BlockName_FishingRod,Production_FishingRod1_1,000000000000000000000000000000000000000000000000000000000000000000000000000000000000000000000000000000000000000000000000000000000000000000000000000000000000000000000000000000000000000000000000000000000000000000000000000000000100000001000000,120,52132,reverse-output\assets\assetstudio-cli-data-all-raw\MonoBehaviour\Table_Block.dat
1107102,Chapter02,FishingRod,FishingRod,1,2,1,260,BlockName_FishingRod,Production_FishingRod1_2,000000000000000000000000000000000000000000000000000000000000000000000000000000000000000000000000000000000000000000000000000000000000000000000000000000000000000000000000000000000000000000000000000000000000000000000000000000000100000001000000,120,52372,reverse-output\assets\assetstudio-cli-data-all-raw\MonoBehaviour\Table_Block.dat
1107103,Chapter02,FishingRod,FishingRod,1,3,1,559,BlockName_FishingRod,Production_FishingRod1_3,0000000000000000000000001c0000005300000032000000140000000100000003000000010000000000000000000000000000000000000000000000000000000000000000000000000000000000000000000000000000000000000000000000000000000000000000000000000000000100000001000000,120,52612,reverse-output\assets\assetstudio-cli-data-all-raw\MonoBehaviour\Table_Block.dat
1107104,Chapter02,FishingRod,FishingRod,1,4,1,1053,BlockName_FishingRod,Production_FishingRod1_4,0000000000000000000000001f0000006300000032000000140000000100000003000000010000000000000000000000000000000000000000000000000000000000000000000000000000000000000000000000000000000000000000000000000000000000000000000000000000000100000001000000,120,52852,reverse-output\assets\assetstudio-cli-data-all-raw\MonoBehaviour\Table_Block.dat
1107105,Chapter02,FishingRod,FishingRod,1,5,1,1820,BlockName_FishingRod,Production_FishingRod1_5,000000000000000000000000200000006a00000032000000140000000100000003000000010000000000000000000000000000000000000000000000000000000000000000000000000000000000000000000000000000000000000000000000000000000000000000000000000000000100000001000000,120,53092,reverse-output\assets\assetstudio-cli-data-all-raw\MonoBehaviour\Table_Block.dat
1107106,Chapter02,FishingRod,FishingRod,1,6,1,2886,BlockName_FishingRod,Production_FishingRod1_6,000000000000000000000000210000007700000032000000140000000100000003000000010000000000000000000000000000000000000000000000000000000000000000000000000000000000000000000000000000000000000000000000000000000000000000000000000000000100000001000000,120,53332,reverse-output\assets\assetstudio-cli-data-all-raw\MonoBehaviour\Table_Block.dat
1207101,Chapter02,FishingRod,FishCook,0,1,1,9,BlockName_Sardine,FishingRod1_1,0000000000000000000000000000000000000000000000000000000000000000000000000000000000000000000000000000000000000000000000000000000000000000000000000000000000000000000000000000000001000000cdcc4c3d000020400000004002000000020000000100000001000000,120,53572,reverse-output\assets\assetstudio-cli-data-all-raw\MonoBehaviour\Table_Block.dat
1207102,Chapter02,FishingRod,FishCook,0,2,1,20,BlockName_Tardine,FishingRod1_2,0000000000000000000000000000000000000000000000000000000000000000000000000000000000000000000000000000000000000000000000000000000000000000000000000000000000000000000000000000000001000000cdcc4c3d000020400000404002000000030000000100000001000000,120,53800,reverse-output\assets\assetstudio-cli-data-all-raw\MonoBehaviour\Table_Block.dat
1207103,Chapter02,FishingRod,FishCook,0,3,1,43,BlockName_Diniushi,FishingRod1_3,0000000000000000000000000000000000000000000000000000000000000000000000000000000000000000000000000000000000000000000000000000000050000000050000000000004000000000000000000000000001000000cdcc4c3d000020400000a04002000000050000000100000001000000,120,54028,reverse-output\assets\assetstudio-cli-data-all-raw\MonoBehaviour\Table_Block.dat
1207104,Chapter02,FishingRod,FishCook,0,4,1,81,BlockName_GrilledDiniushi,FishingRod1_4,0000000000000000000000000000000000000000000000000000000000000000000000000000000000000000000000000000000000000000000000000000000032000000050000000000a04000000000000000000000000001000000cdcc4c3d000020400000104102000000090000000100000001000000,120,54256,reverse-output\assets\assetstudio-cli-data-all-raw\MonoBehaviour\Table_Block.dat
1207105,Chapter02,FishingRod,FishCook,0,5,1,140,BlockName_FishandChips,FishingRod1_5,0000000000000000000000000000000000000000000000000000000000000000000000000000000000000000000000000000000000000000000000000000000046000000050000000000104100000000000000000000000001000000cdcc4c3d0000204000007041020000000f0000000100000001000000,120,54492,reverse-output\assets\assetstudio-cli-data-all-raw\MonoBehaviour\Table_Block.dat
1207106,Chapter02,FishingRod,FishCook,0,6,1,222,BlockName_FishSteak,FishingRod1_6,0000000000000000000000000000000000000000000000000000000000000000000000000000000000000000000000000000000000000000e8030000ade2610514000000050000000000604100000000000000000000000001000000cdcc4c3d000020400000b84102000000170000000100000001000000,120,54724,reverse-output\assets\assetstudio-cli-data-all-raw\MonoBehaviour\Table_Block.dat
1207107,Chapter02,FishingRod,FishCook,0,7,1,331,BlockName_FishRiceBowl,FishingRod1_7,0000000000000000000000000000000000000000000000000000000000000000000000000000000000000000000000000000000000000000e8030000ade261053c000000050000000000b04100000000000000000000000001000000cdcc4c3d000020400000084202000000220000000100000001000000,120,54952,reverse-output\assets\assetstudio-cli-data-all-raw\MonoBehaviour\Table_Block.dat
1207108,Chapter02,FishingRod,FishCook,0,8,1,470,BlockName_TardineHotPot,FishingRod1_8,0000000000000000000000000000000000000000000000000000000000000000000000000000000000000000000000000000000000000000e8030000ade261050a000000020000000000004200000000000000000000000001000000cdcc4c3d000020400000404202000000300000000100000001000000,120,55184,reverse-output\assets\assetstudio-cli-data-all-raw\MonoBehaviour\Table_Block.dat
1207109,Chapter02,FishingRod,FishCook,0,9,1,640,BlockName_FriedSardine,FishingRod1_9,0000000000000000000000000000000000000000000000000000000000000000000000000000000000000000000000000000000000000000e8030000ade261050a000000020000000000384200000000000000000000000001000000cdcc4c3d000020400000824202000000410000000100000001000000,120,55416,reverse-output\assets\assetstudio-cli-data-all-raw\MonoBehaviour\Table_Block.dat
1207110,Chapter02,FishingRod,FishCook,0,10,1,845,BlockName_SilverBowlOfDragonPalace,FishingRod1_10,0000000000000000000000000000000000000000000000000000000000000000000000000000000000000000000000000000000000000000e8030000ade261050a000000020000000000744200000000000000000000000001000000cdcc4c3d000020400000aa4202000000550000000100000001000000,120,55648,reverse-output\assets\assetstudio-cli-data-all-raw\MonoBehaviour\Table_Block.dat
1207111,Chapter02,FishingRod,FishCook,0,11,1,1087,BlockName_GrilledFishofSeasBlessing,FishingRod1_11,0000000000000000000000000000000000000000000000000000000000000000000000000000000000000000000000000000000000000000e8030000ade261050a000000020000000000a24200000000000000000000000001000000cdcc4c3d000020400000da42020000006d0000000100000001000000,120,55892,reverse-output\assets\assetstudio-cli-data-all-raw\MonoBehaviour\Table_Block.dat
1207112,Chapter02,FishingRod,FishCook,0,12,1,1368,BlockName_SunstrandSeaRoast,FishingRod1_12,0000000000000000000000000000000000000000000000000000000000000000000000000000000000000000000000000000000000000000e8030000ade2610505000000020000000000d04200000000000000000000000001000000cdcc4c3d000020400000094302000000890000000100000001000000,120,56136,reverse-output\assets\assetstudio-cli-data-all-raw\MonoBehaviour\Table_Block.dat
1207113,Chapter02,FishingRod,FishCook,0,13,1,1691,BlockName_LotusHallSeaStew,FishingRod1_13,0000000000000000000000000000000000000000000000000000000000000000000000000000000000000000000000000000000000000000e8030000ade2610505000000020000000000044300000000000000000000000001000000cdcc4c3d0000204000002a4302000000aa0000000100000001000000,120,56372,reverse-output\assets\assetstudio-cli-data-all-raw\MonoBehaviour\Table_Block.dat
1207114,Chapter02,FishingRod,FishCook,0,14,1,2056,BlockName_SunsetWave,FishingRod1_14,0000000000000000000000000000000000000000000000000000000000000000000000000000000000000000000000000000000000000000e8030000ade2610500000000000000000000000000000000000000000000000001000000cdcc4c3d0000204000004e4302000000ce0000000100000001000000,120,56608,reverse-output\assets\assetstudio-cli-data-all-raw\MonoBehaviour\Table_Block.dat
1207201,Chapter02,FishingRod,SlimeCook,0,1,2,10,BlockName_Slime,FishingRod2_1,0000000000000000000000000000000000000000000000000000000000000000000000000000000000000000000000000000000000000000000000000000000000000000000000000000000000000000000000000000000001000000cdcc4c3d000020400000404002000000030000000100000001000000,120,56836,reverse-output\assets\assetstudio-cli-data-all-raw\MonoBehaviour\Table_Block.dat
1207202,Chapter02,FishingRod,SlimeCook,0,2,2,22,BlockName_PurSlime,FishingRod2_2,0000000000000000000000000000000000000000000000000000000000000000000000000000000000000000000000000000000000000000000000000000000050000000050000000000004000000000000000000000000001000000cdcc4c3d000020400000a04002000000050000000100000001000000,120,57064,reverse-output\assets\assetstudio-cli-data-all-raw\MonoBehaviour\Table_Block.dat
1207203,Chapter02,FishingRod,SlimeCook,0,3,2,49,BlockName_Kumilime,FishingRod2_3,0000000000000000000000000000000000000000000000000000000000000000000000000000000000000000000000000000000000000000e8030000ade2610532000000050000000000a04000000000000000000000000001000000cdcc4c3d0000204000002041020000000a0000000100000001000000,120,57296,reverse-output\assets\assetstudio-cli-data-all-raw\MonoBehaviour\Table_Block.dat
1207204,Chapter02,FishingRod,SlimeCook,0,4,2,92,BlockName_SlimeCandy,FishingRod2_4,0000000000000000000000000000000000000000000000000000000000000000000000000000000000000000000000000000000000000000e8030000ade261053c000000050000000000304100000000000000000000000001000000cdcc4c3d000020400000984102000000130000000100000001000000,120,57528,reverse-output\assets\assetstudio-cli-data-all-raw\MonoBehaviour\Table_Block.dat
1207205,Chapter02,FishingRod,SlimeCook,0,5,2,159,BlockName_SlimeSoda,FishingRod2_5,0000000000000000000000000000000000000000000000000000000000000000000000000000000000000000000000000000000000000000e8030000ade2610532000000050000000000a84100000000000000000000000001000000cdcc4c3d000020400000004202000000200000000100000001000000,120,57760,reverse-output\assets\assetstudio-cli-data-all-raw\MonoBehaviour\Table_Block.dat
1207206,Chapter02,FishingRod,SlimeCook,0,6,2,253,BlockName_PurSlimeJelly,FishingRod2_6,0000000000000000000000000000000000000000000000000000000000000000000000000000000000000000000000000000000000000000e8030000ade261051e0000000500000000000c4200000000000000000000000001000000cdcc4c3d0000204000004c4202000000330000000100000001000000,120,57992,reverse-output\assets\assetstudio-cli-data-all-raw\MonoBehaviour\Table_Block.dat
1207207,Chapter02,FishingRod,SlimeCook,0,7,2,377,BlockName_KumilimePie,FishingRod2_7,0000000000000000000000000000000000000000000000000000000000000000000000000000000000000000000000000000000000000000e8030000ade2610514000000020000000000584200000000000000000000000001000000cdcc4c3d0000204000009842020000004c0000000100000001000000,120,58228,reverse-output\assets\assetstudio-cli-data-all-raw\MonoBehaviour\Table_Block.dat
1207208,Chapter02,FishingRod,SlimeCook,0,8,2,535,BlockName_KumilimePudding,FishingRod2_8,0000000000000000000000000000000000000000000000000000000000000000000000000000000000000000000000000000000000000000e8030000ade261050a000000020000000000a04200000000000000000000000001000000cdcc4c3d000020400000d842020000006c0000000100000001000000,120,58464,reverse-output\assets\assetstudio-cli-data-all-raw\MonoBehaviour\Table_Block.dat
1207209,Chapter02,FishingRod,SlimeCook,0,9,2,729,BlockName_FloraSlimeRoll,FishingRod2_9,0000000000000000000000000000000000000000000000000000000000000000000000000000000000000000000000000000000000000000e8030000ade2610505000000020000000000e04200000000000000000000000001000000cdcc4c3d000020400000124302000000920000000100000001000000,120,58704,reverse-output\assets\assetstudio-cli-data-all-raw\MonoBehaviour\Table_Block.dat
1207210,Chapter02,FishingRod,SlimeCook,0,10,2,963,BlockName_SlimeTart,FishingRod2_10,0000000000000000000000000000000000000000000000000000000000000000000000000000000000000000000000000000000000000000e8030000ade2610505000000020000000000184300000000000000000000000001000000cdcc4c3d000020400000414302000000c10000000100000001000000,120,58940,reverse-output\assets\assetstudio-cli-data-all-raw\MonoBehaviour\Table_Block.dat
1207211,Chapter02,FishingRod,SlimeCook,0,11,2,1239,BlockName_GiantSlimePudding,FishingRod2_11,0000000000000000000000000000000000000000000000000000000000000000000000000000000000000000000000000000000000000000e8030000ade2610500000000000000000000000000000000000000000000000001000000cdcc4c3d000020400000784302000000f80000000100000001000000,120,59172,reverse-output\assets\assetstudio-cli-data-all-raw\MonoBehaviour\Table_Block.dat
1108101,Chapter02,FruitTree,FruitTree,1,1,1,117,BlockName_IllusionVines,Production_FruitTree1_1,0000000000000000000000000c00000031000000320000000a0000000100000003000000010000000000000000000000000000000000000000000000000000000000000000000000000000000000000000000000000000000000000000000000000000000000000000000000000000000100000001000000,120,59412,reverse-output\assets\assetstudio-cli-data-all-raw\MonoBehaviour\Table_Block.dat
1108102,Chapter02,FruitTree,FruitTree,1,2,1,260,BlockName_IllusionVines,Production_FruitTree1_2,0000000000000000000000001100000053000000320000000f0000000100000003000000010000000000000000000000000000000000000000000000000000000000000000000000000000000000000000000000000000000000000000000000000000000000000000000000000000000100000001000000,120,59656,reverse-output\assets\assetstudio-cli-data-all-raw\MonoBehaviour\Table_Block.dat
1108103,Chapter02,FruitTree,FruitTree,1,3,1,559,BlockName_IllusionVines,Production_FruitTree1_3,0000000000000000000000001600000063000000320000000f0000000100000003000000010000000000000000000000000000000000000000000000000000000000000000000000000000000000000000000000000000000000000000000000000000000000000000000000000000000100000001000000,120,59900,reverse-output\assets\assetstudio-cli-data-all-raw\MonoBehaviour\Table_Block.dat
1108104,Chapter02,FruitTree,FruitTree,1,4,1,1053,BlockName_IllusionVines,Production_FruitTree1_4,000000000000000000000000170000006a00000032000000120000000100000003000000010000000000000000000000000000000000000000000000000000000000000000000000000000000000000000000000000000000000000000000000000000000000000000000000000000000100000001000000,120,60144,reverse-output\assets\assetstudio-cli-data-all-raw\MonoBehaviour\Table_Block.dat
1108105,Chapter02,FruitTree,FruitTree,1,5,1,1820,BlockName_IllusionTree,Production_FruitTree1_5,000000000000000000000000180000007700000032000000140000000100000003000000010000000000000000000000000000000000000000000000000000000000000000000000000000000000000000000000000000000000000000000000000000000000000000000000000000000100000001000000,120,60388,reverse-output\assets\assetstudio-cli-data-all-raw\MonoBehaviour\Table_Block.dat
1208101,Chapter02,FruitTree,Fruit,0,1,1,9,BlockName_UnripeAkebia,FruitTree1_1,0000000000000000000000000000000000000000000000000000000000000000000000000000000000000000000000000000000000000000000000000000000000000000000000000000000000000000000000000000000001000000cdcc4c3d000020400000004002000000020000000100000001000000,120,60632,reverse-output\assets\assetstudio-cli-data-all-raw\MonoBehaviour\Table_Block.dat
1208102,Chapter02,FruitTree,Fruit,0,2,1,20,BlockName_Akebia,FruitTree1_2,0000000000000000000000000000000000000000000000000000000000000000000000000000000000000000000000000000000000000000000000000000000000000000000000000000000000000000000000000000000001000000cdcc4c3d000020400000404002000000030000000100000001000000,120,60860,reverse-output\assets\assetstudio-cli-data-all-raw\MonoBehaviour\Table_Block.dat
1208103,Chapter02,FruitTree,Fruit,0,3,1,43,BlockName_Plum,FruitTree1_3,0000000000000000000000000000000000000000000000000000000000000000000000000000000000000000000000000000000000000000000000000000000032000000050000000000004000000000000000000000000001000000cdcc4c3d000020400000a04002000000050000000100000001000000,120,61080,reverse-output\assets\assetstudio-cli-data-all-raw\MonoBehaviour\Table_Block.dat
1208104,Chapter02,FruitTree,Fruit,0,4,1,81,BlockName_Apple,FruitTree1_4,000000000000000000000000000000000000000000000000000000000000000000000000000000000000000000000000000000000000000000000000000000003c000000050000000000a04000000000000000000000000001000000cdcc4c3d000020400000104102000000090000000100000001000000,120,61300,reverse-output\assets\assetstudio-cli-data-all-raw\MonoBehaviour\Table_Block.dat
1208105,Chapter02,FruitTree,Fruit,0,5,1,140,BlockName_Ignisberry,FruitTree1_5,0000000000000000000000000000000000000000000000000000000000000000000000000000000000000000000000000000000000000000000000000000000032000000050000000000104100000000000000000000000001000000cdcc4c3d0000204000007041020000000f0000000100000001000000,120,61520,reverse-output\assets\assetstudio-cli-data-all-raw\MonoBehaviour\Table_Block.dat
1208106,Chapter02,FruitTree,Fruit,0,6,1,222,BlockName_PaleTyphoon,FruitTree1_6,0000000000000000000000000000000000000000000000000000000000000000000000000000000000000000000000000000000000000000e8030000ade2610514000000020000000000604100000000000000000000000001000000cdcc4c3d000020400000b84102000000170000000100000001000000,120,61744,reverse-output\assets\assetstudio-cli-data-all-raw\MonoBehaviour\Table_Block.dat
1208107,Chapter02,FruitTree,Fruit,0,7,1,331,BlockName_Solarbloom,FruitTree1_7,0000000000000000000000000000000000000000000000000000000000000000000000000000000000000000000000000000000000000000e8030000ade261050a000000020000000000b04100000000000000000000000001000000cdcc4c3d000020400000084202000000220000000100000001000000,120,61972,reverse-output\assets\assetstudio-cli-data-all-raw\MonoBehaviour\Table_Block.dat
1208108,Chapter02,FruitTree,Fruit,0,8,1,470,BlockName_Aquaple,FruitTree1_8,0000000000000000000000000000000000000000000000000000000000000000000000000000000000000000000000000000000000000000e8030000ade261050a000000020000000000004200000000000000000000000001000000cdcc4c3d000020400000404202000000300000000100000001000000,120,62196,reverse-output\assets\assetstudio-cli-data-all-raw\MonoBehaviour\Table_Block.dat
1208109,Chapter02,FruitTree,Fruit,0,9,1,640,BlockName_Dreamberry,FruitTree1_9,0000000000000000000000000000000000000000000000000000000000000000000000000000000000000000000000000000000000000000e8030000ade261050a000000020000000000384200000000000000000000000001000000cdcc4c3d000020400000824202000000410000000100000001000000,120,62420,reverse-output\assets\assetstudio-cli-data-all-raw\MonoBehaviour\Table_Block.dat
1208110,Chapter02,FruitTree,Fruit,0,10,1,845,BlockName_Violiner,FruitTree1_10,0000000000000000000000000000000000000000000000000000000000000000000000000000000000000000000000000000000000000000e8030000ade2610500000000000000000000000000000000000000000000000001000000cdcc4c3d000020400000aa4202000000550000000100000001000000,120,62644,reverse-output\assets\assetstudio-cli-data-all-raw\MonoBehaviour\Table_Block.dat
1109101,Chapter02,CleaningToolCart,CleaningToolCart,1,1,1,117,BlockName_CleaningTool,Production_CleaningToolCart1_1,000000000000000000000000150000001d000000320000000a0000000100000003000000010000000000000000000000000000000000000000000000000000000000000000000000000000000000000000000000000000000000000000000000000000000000000000000000000000000100000001000000,120,62872,reverse-output\assets\assetstudio-cli-data-all-raw\MonoBehaviour\Table_Block.dat
1109102,Chapter02,CleaningToolCart,CleaningToolCart,1,2,1,260,BlockName_CleaningTool,Production_CleaningToolCart1_2,0000000000000000000000001600000031000000320000000a0000000100000003000000010000000000000000000000000000000000000000000000000000000000000000000000000000000000000000000000000000000000000000000000000000000000000000000000000000000100000001000000,120,63132,reverse-output\assets\assetstudio-cli-data-all-raw\MonoBehaviour\Table_Block.dat
1109103,Chapter02,CleaningToolCart,CleaningToolCart,1,3,1,559,BlockName_CleaningToolBox,Production_CleaningToolCart1_3,000000000000000000000000180000003b00000032000000140000000100000003000000010000000000000000000000000000000000000000000000000000000000000000000000000000000000000000000000000000000000000000000000000000000000000000000000000000000100000001000000,120,63392,reverse-output\assets\assetstudio-cli-data-all-raw\MonoBehaviour\Table_Block.dat
1109104,Chapter02,CleaningToolCart,CleaningToolCart,1,4,1,1053,BlockName_CleaningToolBox,Production_CleaningToolCart1_4,000000000000000000000000190000005300000032000000140000000100000003000000010000000000000000000000000000000000000000000000000000000000000000000000000000000000000000000000000000000000000000000000000000000000000000000000000000000100000001000000,120,63656,reverse-output\assets\assetstudio-cli-data-all-raw\MonoBehaviour\Table_Block.dat
1109105,Chapter02,CleaningToolCart,CleaningToolCart,1,5,1,1820,BlockName_CleaningToolBox,Production_CleaningToolCart1_5,0000000000000000000000001b0000006300000032000000140000000100000003000000010000000000000000000000000000000000000000000000000000000000000000000000000000000000000000000000000000000000000000000000000000000000000000000000000000000100000001000000,120,63920,reverse-output\assets\assetstudio-cli-data-all-raw\MonoBehaviour\Table_Block.dat
1109106,Chapter02,CleaningToolCart,CleaningToolCart,1,6,1,2886,BlockName_CleaningToolCart,Production_CleaningToolCart1_6,0000000000000000000000001c0000006a00000032000000140000000100000003000000010000000000000000000000000000000000000000000000000000000000000000000000000000000000000000000000000000000000000000000000000000000000000000000000000000000100000001000000,120,64184,reverse-output\assets\assetstudio-cli-data-all-raw\MonoBehaviour\Table_Block.dat
1109107,Chapter02,CleaningToolCart,CleaningToolCart,1,7,1,4303,BlockName_CleaningToolCart,Production_CleaningToolCart1_7,0000000000000000000000001d0000007a00000032000000140000000100000003000000010000000000000000000000000000000000000000000000000000000000000000000000000000000000000000000000000000000000000000000000000000000000000000000000000000000100000001000000,120,64448,reverse-output\assets\assetstudio-cli-data-all-raw\MonoBehaviour\Table_Block.dat
1209101,Chapter02,CleaningToolCart,CleaningTool,0,1,1,9,BlockName_Dishcloth,CleaningToolCart1_1,0000000000000000000000000000000000000000000000000000000000000000000000000000000000000000000000000000000000000000000000000000000000000000000000000000000000000000000000000000000001000000cdcc4c3d000020400000004002000000020000000100000001000000,120,64712,reverse-output\assets\assetstudio-cli-data-all-raw\MonoBehaviour\Table_Block.dat
1209102,Chapter02,CleaningToolCart,CleaningTool,0,2,1,20,BlockName_Sponge,CleaningToolCart1_2,0000000000000000000000000000000000000000000000000000000000000000000000000000000000000000000000000000000000000000000000000000000000000000000000000000000000000000000000000000000001000000cdcc4c3d000020400000404002000000030000000100000001000000,120,64952,reverse-output\assets\assetstudio-cli-data-all-raw\MonoBehaviour\Table_Block.dat
1209103,Chapter02,CleaningToolCart,CleaningTool,0,3,1,43,BlockName_CleaningBrush,CleaningToolCart1_3,0000000000000000000000000000000000000000000000000000000000000000000000000000000000000000000000000000000000000000000000000000000050000000050000000000004000000000000000000000000001000000cdcc4c3d000020400000a04002000000050000000100000001000000,120,65188,reverse-output\assets\assetstudio-cli-data-all-raw\MonoBehaviour\Table_Block.dat
1209104,Chapter02,CleaningToolCart,CleaningTool,0,4,1,81,BlockName_LintRoller,CleaningToolCart1_4,0000000000000000000000000000000000000000000000000000000000000000000000000000000000000000000000000000000000000000000000000000000032000000050000000000a04000000000000000000000000001000000cdcc4c3d000020400000104102000000090000000100000001000000,120,65432,reverse-output\assets\assetstudio-cli-data-all-raw\MonoBehaviour\Table_Block.dat
1209105,Chapter02,CleaningToolCart,CleaningTool,0,5,1,140,BlockName_Broomstick,CleaningToolCart1_5,0000000000000000000000000000000000000000000000000000000000000000000000000000000000000000000000000000000000000000000000000000000046000000050000000000104100000000000000000000000001000000cdcc4c3d0000204000007041020000000f0000000100000001000000,120,65672,reverse-output\assets\assetstudio-cli-data-all-raw\MonoBehaviour\Table_Block.dat
1209106,Chapter02,CleaningToolCart,CleaningTool,0,6,1,222,BlockName_FeatherDuster,CleaningToolCart1_6,0000000000000000000000000000000000000000000000000000000000000000000000000000000000000000000000000000000000000000e8030000ade2610514000000050000000000604100000000000000000000000001000000cdcc4c3d000020400000b84102000000170000000100000001000000,120,65912,reverse-output\assets\assetstudio-cli-data-all-raw\MonoBehaviour\Table_Block.dat
1209107,Chapter02,CleaningToolCart,CleaningTool,0,7,1,331,BlockName_FeatherDusters,CleaningToolCart1_7,0000000000000000000000000000000000000000000000000000000000000000000000000000000000000000000000000000000000000000e8030000ade261053c000000050000000000b04100000000000000000000000001000000cdcc4c3d000020400000084202000000220000000100000001000000,120,66156,reverse-output\assets\assetstudio-cli-data-all-raw\MonoBehaviour\Table_Block.dat
1209108,Chapter02,CleaningToolCart,CleaningTool,0,8,1,470,BlockName_Mop,CleaningToolCart1_8,0000000000000000000000000000000000000000000000000000000000000000000000000000000000000000000000000000000000000000e8030000ade261050a000000020000000000004200000000000000000000000001000000cdcc4c3d000020400000404202000000300000000100000001000000,120,66400,reverse-output\assets\assetstudio-cli-data-all-raw\MonoBehaviour\Table_Block.dat
1209109,Chapter02,CleaningToolCart,CleaningTool,0,9,1,640,BlockName_AdvanceMop,CleaningToolCart1_9,0000000000000000000000000000000000000000000000000000000000000000000000000000000000000000000000000000000000000000e8030000ade261050a000000020000000000384200000000000000000000000001000000cdcc4c3d000020400000824202000000410000000100000001000000,120,66636,reverse-output\assets\assetstudio-cli-data-all-raw\MonoBehaviour\Table_Block.dat
1209110,Chapter02,CleaningToolCart,CleaningTool,0,10,1,845,BlockName_PortableVacuumCleaner,CleaningToolCart1_10,0000000000000000000000000000000000000000000000000000000000000000000000000000000000000000000000000000000000000000e8030000ade261050a000000020000000000744200000000000000000000000001000000cdcc4c3d000020400000aa4202000000550000000100000001000000,120,66876,reverse-output\assets\assetstudio-cli-data-all-raw\MonoBehaviour\Table_Block.dat
1209111,Chapter02,CleaningToolCart,CleaningTool,0,11,1,1087,BlockName_VacuumCleaner,CleaningToolCart1_11,0000000000000000000000000000000000000000000000000000000000000000000000000000000000000000000000000000000000000000e8030000ade261050a000000020000000000a24200000000000000000000000001000000cdcc4c3d000020400000da42020000006d0000000100000001000000,120,67128,reverse-output\assets\assetstudio-cli-data-all-raw\MonoBehaviour\Table_Block.dat
1209112,Chapter02,CleaningToolCart,CleaningTool,0,12,1,1368,BlockName_PowerVacuumCleaner,CleaningToolCart1_12,0000000000000000000000000000000000000000000000000000000000000000000000000000000000000000000000000000000000000000000000000000000000000000000000000000000000000000000000000000000001000000cdcc4c3d000020400000094302000000890000000100000001000000,120,67372,reverse-output\assets\assetstudio-cli-data-all-raw\MonoBehaviour\Table_Block.dat
1209201,Chapter02,CleaningToolCart,Detergent,0,1,2,10,BlockName_MoldRemover,CleaningToolCart2_1,0000000000000000000000000000000000000000000000000000000000000000000000000000000000000000000000000000000000000000000000000000000000000000000000000000000000000000000000000000000001000000cdcc4c3d000020400000404002000000030000000100000001000000,120,67620,reverse-output\assets\assetstudio-cli-data-all-raw\MonoBehaviour\Table_Block.dat
1209202,Chapter02,CleaningToolCart,Detergent,0,2,2,22,BlockName_DishDetergent,CleaningToolCart2_2,0000000000000000000000000000000000000000000000000000000000000000000000000000000000000000000000000000000000000000000000000000000032000000050000000000004000000000000000000000000001000000cdcc4c3d000020400000a04002000000050000000100000001000000,120,67864,reverse-output\assets\assetstudio-cli-data-all-raw\MonoBehaviour\Table_Block.dat
1209203,Chapter02,CleaningToolCart,Detergent,0,3,2,49,BlockName_Soap,CleaningToolCart2_3,0000000000000000000000000000000000000000000000000000000000000000000000000000000000000000000000000000000000000000000000000000000050000000050000000000a04000000000000000000000000001000000cdcc4c3d0000204000002041020000000a0000000100000001000000,120,68108,reverse-output\assets\assetstudio-cli-data-all-raw\MonoBehaviour\Table_Block.dat
1209204,Chapter02,CleaningToolCart,Detergent,0,4,2,92,BlockName_LiquidDetergent,CleaningToolCart2_4,0000000000000000000000000000000000000000000000000000000000000000000000000000000000000000000000000000000000000000e8030000ade2610532000000050000000000304100000000000000000000000001000000cdcc4c3d000020400000984102000000130000000100000001000000,120,68344,reverse-output\assets\assetstudio-cli-data-all-raw\MonoBehaviour\Table_Block.dat
1209205,Chapter02,CleaningToolCart,Detergent,0,5,2,159,BlockName_PowderCleaner,CleaningToolCart2_5,0000000000000000000000000000000000000000000000000000000000000000000000000000000000000000000000000000000000000000e8030000ade2610514000000020000000000a84100000000000000000000000001000000cdcc4c3d000020400000004202000000200000000100000001000000,120,68592,reverse-output\assets\assetstudio-cli-data-all-raw\MonoBehaviour\Table_Block.dat
1209206,Chapter02,CleaningToolCart,Detergent,0,6,2,253,BlockName_LaundryDetergent,CleaningToolCart2_6,0000000000000000000000000000000000000000000000000000000000000000000000000000000000000000000000000000000000000000e8030000ade261050a0000000200000000000c4200000000000000000000000001000000cdcc4c3d0000204000004c4202000000330000000100000001000000,120,68836,reverse-output\assets\assetstudio-cli-data-all-raw\MonoBehaviour\Table_Block.dat
1209207,Chapter02,CleaningToolCart,Detergent,0,7,2,377,BlockName_LaundryCapsule,CleaningToolCart2_7,0000000000000000000000000000000000000000000000000000000000000000000000000000000000000000000000000000000000000000e8030000ade261050a000000020000000000584200000000000000000000000001000000cdcc4c3d0000204000009842020000004c0000000100000001000000,120,69084,reverse-output\assets\assetstudio-cli-data-all-raw\MonoBehaviour\Table_Block.dat
1209208,Chapter02,CleaningToolCart,Detergent,0,8,2,535,BlockName_RefillDishSoap,CleaningToolCart2_8,0000000000000000000000000000000000000000000000000000000000000000000000000000000000000000000000000000000000000000e8030000ade261050a000000020000000000a04200000000000000000000000001000000cdcc4c3d000020400000d842020000006c0000000100000001000000,120,69328,reverse-output\assets\assetstudio-cli-data-all-raw\MonoBehaviour\Table_Block.dat
1209209,Chapter02,CleaningToolCart,Detergent,0,9,2,729,BlockName_AntibacterialCleaner,CleaningToolCart2_9,0000000000000000000000000000000000000000000000000000000000000000000000000000000000000000000000000000000000000000e8030000ade2610500000000000000000000000000000000000000000000000001000000cdcc4c3d000020400000124302000000920000000100000001000000,120,69572,reverse-output\assets\assetstudio-cli-data-all-raw\MonoBehaviour\Table_Block.dat
1110101,Chapter02,Bag,Bag,1,1,1,117,BlockName_Bag,Production_Bag1_1,0000000000000000000000001a0000003b000000320000000a0000000100000003000000010000000000000000000000000000000000000000000000000000000000000000000000000000000000000000000000000000000000000000000000000000000000000000000000000000000100000001000000,120,69824,reverse-output\assets\assetstudio-cli-data-all-raw\MonoBehaviour\Table_Block.dat
1110102,Chapter02,Bag,Bag,1,2,1,260,BlockName_Bag,Production_Bag1_2,0000000000000000000000001c00000053000000320000000a0000000100000003000000010000000000000000000000000000000000000000000000000000000000000000000000000000000000000000000000000000000000000000000000000000000000000000000000000000000100000001000000,120,70040,reverse-output\assets\assetstudio-cli-data-all-raw\MonoBehaviour\Table_Block.dat
1110103,Chapter02,Bag,Bag,1,3,1,559,BlockName_Bag,Production_Bag1_3,0000000000000000000000001f0000006300000032000000140000000100000003000000010000000000000000000000000000000000000000000000000000000000000000000000000000000000000000000000000000000000000000000000000000000000000000000000000000000100000001000000,120,70256,reverse-output\assets\assetstudio-cli-data-all-raw\MonoBehaviour\Table_Block.dat
1110104,Chapter02,Bag,Bag,1,4,1,1053,BlockName_Bag,Production_Bag1_4,000000000000000000000000220000007400000032000000140000000100000003000000010000000000000000000000000000000000000000000000000000000000000000000000000000000000000000000000000000000000000000000000000000000000000000000000000000000100000001000000,120,70472,reverse-output\assets\assetstudio-cli-data-all-raw\MonoBehaviour\Table_Block.dat
1110105,Chapter02,Bag,Bag,1,5,1,1820,BlockName_Bag,Production_Bag1_5,000000000000000000000000240000007700000032000000140000000100000003000000010000000000000000000000000000000000000000000000000000000000000000000000000000000000000000000000000000000000000000000000000000000000000000000000000000000100000001000000,120,70688,reverse-output\assets\assetstudio-cli-data-all-raw\MonoBehaviour\Table_Block.dat
1110106,Chapter02,Bag,Bag,1,6,1,2886,BlockName_Carrier,Production_Bag1_6,000000000000000000000000280000008400000032000000140000000100000003000000010000000000000000000000000000000000000000000000000000000000000000000000000000000000000000000000000000000000000000000000000000000000000000000000000000000100000001000000,120,70904,reverse-output\assets\assetstudio-cli-data-all-raw\MonoBehaviour\Table_Block.dat
1110107,Chapter02,Bag,Bag,1,7,1,4303,BlockName_Carrier,Production_Bag1_7,00000000000000000000000029000000ac00000032000000140000000100000003000000010000000000000000000000000000000000000000000000000000000000000000000000000000000000000000000000000000000000000000000000000000000000000000000000000000000100000001000000,120,71124,reverse-output\assets\assetstudio-cli-data-all-raw\MonoBehaviour\Table_Block.dat
1210101,Chapter02,Bag,Goods,0,1,1,9,BlockName_Coupon,Bag1_1,0000000000000000000000000000000000000000000000000000000000000000000000000000000000000000000000000000000000000000000000000000000000000000000000000000000000000000000000000000000001000000cdcc4c3d000020400000004002000000020000000100000001000000,120,71344,reverse-output\assets\assetstudio-cli-data-all-raw\MonoBehaviour\Table_Block.dat
1210102,Chapter02,Bag,Goods,0,2,1,20,BlockName_Cheeringstick,Bag1_2,0000000000000000000000000000000000000000000000000000000000000000000000000000000000000000000000000000000000000000000000000000000000000000000000000000000000000000000000000000000001000000cdcc4c3d000020400000404002000000030000000100000001000000,120,71552,reverse-output\assets\assetstudio-cli-data-all-raw\MonoBehaviour\Table_Block.dat
1210103,Chapter02,Bag,Goods,0,3,1,43,BlockName_PhotoCard,Bag1_3,0000000000000000000000000000000000000000000000000000000000000000000000000000000000000000000000000000000000000000000000000000000050000000050000000000004000000000000000000000000001000000cdcc4c3d000020400000a04002000000050000000100000001000000,120,71768,reverse-output\assets\assetstudio-cli-data-all-raw\MonoBehaviour\Table_Block.dat
1210104,Chapter02,Bag,Goods,0,4,1,81,BlockName_BookMark,Bag1_4,0000000000000000000000000000000000000000000000000000000000000000000000000000000000000000000000000000000000000000000000000000000032000000050000000000a04000000000000000000000000001000000cdcc4c3d000020400000104102000000090000000100000001000000,120,71980,reverse-output\assets\assetstudio-cli-data-all-raw\MonoBehaviour\Table_Block.dat
1210105,Chapter02,Bag,Goods,0,5,1,140,BlockName_HandMirror,Bag1_5,0000000000000000000000000000000000000000000000000000000000000000000000000000000000000000000000000000000000000000000000000000000046000000050000000000104100000000000000000000000001000000cdcc4c3d0000204000007041020000000f0000000100000001000000,120,72192,reverse-output\assets\assetstudio-cli-data-all-raw\MonoBehaviour\Table_Block.dat
1210106,Chapter02,Bag,Goods,0,6,1,222,BlockName_CocoKeychain,Bag1_6,0000000000000000000000000000000000000000000000000000000000000000000000000000000000000000000000000000000000000000e8030000ade2610514000000050000000000604100000000000000000000000001000000cdcc4c3d000020400000b84102000000170000000100000001000000,120,72404,reverse-output\assets\assetstudio-cli-data-all-raw\MonoBehaviour\Table_Block.dat
1210107,Chapter02,Bag,Goods,0,7,1,331,BlockName_StressBall,Bag1_7,0000000000000000000000000000000000000000000000000000000000000000000000000000000000000000000000000000000000000000e8030000ade261053c000000050000000000b04100000000000000000000000001000000cdcc4c3d000020400000084202000000220000000100000001000000,120,72620,reverse-output\assets\assetstudio-cli-data-all-raw\MonoBehaviour\Table_Block.dat
1210108,Chapter02,Bag,Goods,0,8,1,470,BlockName_MixingStick,Bag1_8,0000000000000000000000000000000000000000000000000000000000000000000000000000000000000000000000000000000000000000e8030000ade261050a000000020000000000004200000000000000000000000001000000cdcc4c3d000020400000404202000000300000000100000001000000,120,72832,reverse-output\assets\assetstudio-cli-data-all-raw\MonoBehaviour\Table_Block.dat
1210109,Chapter02,Bag,Goods,0,9,1,640,BlockName_CanBadge,Bag1_9,0000000000000000000000000000000000000000000000000000000000000000000000000000000000000000000000000000000000000000e8030000ade261050a000000020000000000384200000000000000000000000001000000cdcc4c3d000020400000824202000000410000000100000001000000,120,73048,reverse-output\assets\assetstudio-cli-data-all-raw\MonoBehaviour\Table_Block.dat
1210110,Chapter02,Bag,Goods,0,10,1,845,BlockName_MerchUmbrella,Bag1_10,0000000000000000000000000000000000000000000000000000000000000000000000000000000000000000000000000000000000000000e8030000ade261050a000000020000000000744200000000000000000000000001000000cdcc4c3d000020400000aa4202000000550000000100000001000000,120,73260,reverse-output\assets\assetstudio-cli-data-all-raw\MonoBehaviour\Table_Block.dat
1210111,Chapter02,Bag,Goods,0,11,1,1087,BlockName_AkuGoods,Bag1_11,0000000000000000000000000000000000000000000000000000000000000000000000000000000000000000000000000000000000000000e8030000ade261050a000000020000000000a24200000000000000000000000001000000cdcc4c3d000020400000da42020000006d0000000100000001000000,120,73476,reverse-output\assets\assetstudio-cli-data-all-raw\MonoBehaviour\Table_Block.dat
1210112,Chapter02,Bag,Goods,0,12,1,1368,BlockName_YukimiDoll,Bag1_12,000000000000000000000000000000000000000000000000000000000000000000000000000000000000000000000000000000000000000000000000000000000a000000020000000000d04200000000000000000000000001000000cdcc4c3d000020400000094302000000890000000100000001000000,120,73688,reverse-output\assets\assetstudio-cli-data-all-raw\MonoBehaviour\Table_Block.dat
1210113,Chapter02,Bag,Goods,0,13,1,1691,BlockName_MaidExperienceSocks,Bag1_13,0000000000000000000000000000000000000000000000000000000000000000000000000000000000000000000000000000000000000000e8030000ade261050a000000020000000000044300000000000000000000000001000000cdcc4c3d0000204000002a4302000000aa0000000100000001000000,120,73900,reverse-output\assets\assetstudio-cli-data-all-raw\MonoBehaviour\Table_Block.dat
1210114,Chapter02,Bag,Goods,0,14,1,2056,BlockName_MaidExperienceHeadband,Bag1_14,000000000000000000000000000000000000000000000000000000000000000000000000000000000000000000000000000000000000000000000000000000000a000000020000000000234300000000000000000000000001000000cdcc4c3d0000204000004e4302000000ce0000000100000001000000,120,74124,reverse-output\assets\assetstudio-cli-data-all-raw\MonoBehaviour\Table_Block.dat
1210115,Chapter02,Bag,Goods,0,15,1,2467,BlockName_MaidExperienceCostume,Bag1_15,0000000000000000000000000000000000000000000000000000000000000000000000000000000000000000000000000000000000000000e8030000ade2610500000000000000000000000000000000000000000000000001000000cdcc4c3d000020400000774302000000f70000000100000001000000,120,74348,reverse-output\assets\assetstudio-cli-data-all-raw\MonoBehaviour\Table_Block.dat
1110201,Chapter02,Bag,RiceBag,1,1,2,222,BlockName_RIceBag,Production_RiceBag_From_Bag2_1,000000005bf0100000000000000000000000000000000000000000000000000000000000000000000000000000000000000000000000000000000000000000000000000000000000000000000000000000000000000000000100000000000000000000000000000000000000000000000100000001000000,120,74572,reverse-output\assets\assetstudio-cli-data-all-raw\MonoBehaviour\Table_Block.dat
1110202,Chapter02,Bag,RiceBag,1,2,2,489,BlockName_RIceBag,Production_RiceBag_From_Bag2_2,000000005bf0100000000000000000000000000000000000000000000000000000000000000000000000000000000000000000000000000000000000000000000000000000000000000000000000000000000000000000000100000000000000000000000000000000000000000000000100000001000000,120,74808,reverse-output\assets\assetstudio-cli-data-all-raw\MonoBehaviour\Table_Block.dat
1110203,Chapter02,Bag,RiceBag,1,3,2,1090,BlockName_RIceBag,Production_RiceBag_From_Bag2_3,000000005bf0100000000000000000000000000000000000000000000000000000000000000000000000000000000000000000000000000000000000000000000000000000000000000000000000000000000000000000000100000000000000000000000000000000000000000000000100000001000000,120,75044,reverse-output\assets\assetstudio-cli-data-all-raw\MonoBehaviour\Table_Block.dat
1110204,Chapter02,Bag,RiceBag,1,4,2,2047,BlockName_RIceBag,Production_RiceBag_From_Bag2_4,000000005bf0100000000000000000000000000000000000000000000000000000000000000000000000000000000000000000000000000000000000000000000000000000000000000000000000000000000000000000000100000000000000000000000000000000000000000000000100000001000000,120,75280,reverse-output\assets\assetstudio-cli-data-all-raw\MonoBehaviour\Table_Block.dat
1110205,Chapter02,Bag,RiceBag,2,5,2,3537,BlockName_RIceBag,Production_RiceBag_From_Bag2_5,000000005bf0100000000000150000000000000000000000000000000000000000000000000000000100000003e51000000000000000000000000000000000000000000000000000000000000000000000000000000000000000000000000000000000000000000000000000000000000100000001000000,120,75516,reverse-output\assets\assetstudio-cli-data-all-raw\MonoBehaviour\Table_Block.dat
1210201,Chapter02,Bag,Rice,0,1,2,17,BlockName_Rice,RiceBag3_1,00000000bdf01000000000000000000000000000000000000000000000000000000000000000000000000000000000000000000000000000000000000000000000000000000000000000000000000000000000000000000001000000cdcc4c3d000020400000804002000000040000000100000001000000,120,75752,reverse-output\assets\assetstudio-cli-data-all-raw\MonoBehaviour\Table_Block.dat
1210202,Chapter02,Bag,Rice,0,2,2,37,BlockName_SaltRiceBall,RiceBag3_2,00000000bdf01000000000000000000000000000000000000000000000000000000000000000000000000000000000000000000000000000000000000000000000000000000000000000000000000000000000000000000001000000cdcc4c3d000020400000004102000000080000000100000001000000,120,75960,reverse-output\assets\assetstudio-cli-data-all-raw\MonoBehaviour\Table_Block.dat
1210203,Chapter02,Bag,Rice,0,3,2,83,BlockName_GrilledRiceBall,RiceBag3_3,00000000bdf01000000000000000000000000000000000000000000000000000000000000000000000000000000000000000000000000000000000000000000032000000050000000000204100000000000000000000000001000000cdcc4c3d000020400000884102000000110000000100000001000000,120,76176,reverse-output\assets\assetstudio-cli-data-all-raw\MonoBehaviour\Table_Block.dat
1210204,Chapter02,Bag,Rice,0,4,2,157,BlockName_PlumRiceBall,RiceBag3_4,00000000bdf0100000000000000000000000000000000000000000000000000000000000000000000000000000000000000000000000000000000000000000003c000000050000000000a84100000000000000000000000001000000cdcc4c3d000020400000004202000000200000000100000001000000,120,76396,reverse-output\assets\assetstudio-cli-data-all-raw\MonoBehaviour\Table_Block.dat
1210205,Chapter02,Bag,Rice,0,5,2,272,BlockName_Musubi,RiceBag3_5,00000000bdf01000000000000000000000000000000000000000000000000000000000000000000000000000000000000000000000000000000000000000000014000000020000000000184200000000000000000000000001000000cdcc4c3d0000204000005c4202000000370000000100000001000000,120,76612,reverse-output\assets\assetstudio-cli-data-all-raw\MonoBehaviour\Table_Block.dat
1210206,Chapter02,Bag,Rice,0,6,2,433,BlockName_TunaKimbap,RiceBag3_6,00000000bdf01000000000000000000000000000000000000000000000000000000000000000000000000000000000000000000000000000e8030000ade261050a0000000200000000007c4200000000000000000000000001000000cdcc4c3d000020400000ae4202000000570000000100000001000000,120,76820,reverse-output\assets\assetstudio-cli-data-all-raw\MonoBehaviour\Table_Block.dat
1210207,Chapter02,Bag,Rice,0,7,2,645,BlockName_CaliforniaRoll,RiceBag3_7,00000000bdf01000000000000000000000000000000000000000000000000000000000000000000000000000000000000000000000000000e8030000ade261050a000000020000000000c44200000000000000000000000001000000cdcc4c3d000020400000024302000000820000000100000001000000,120,77032,reverse-output\assets\assetstudio-cli-data-all-raw\MonoBehaviour\Table_Block.dat
1210208,Chapter02,Bag,Rice,0,8,2,915,BlockName_InariRoll,RiceBag3_8,00000000bdf01000000000000000000000000000000000000000000000000000000000000000000000000000000000000000000000000000e8030000ade261050a000000020000000000104300000000000000000000000001000000cdcc4c3d000020400000384302000000b80000000100000001000000,120,77248,reverse-output\assets\assetstudio-cli-data-all-raw\MonoBehaviour\Table_Block.dat
1210209,Chapter02,Bag,Rice,0,9,2,1247,BlockName_OcxChuckRiceBall,RiceBag3_9,00000000bdf01000000000000000000000000000000000000000000000000000000000000000000000000000000000000000000000000000e8030000ade261050a0000000200000000004a4300000000000000000000000001000000cdcc4c3d0000204000007a4302000000fa0000000100000001000000,120,77460,reverse-output\assets\assetstudio-cli-data-all-raw\MonoBehaviour\Table_Block.dat
1210210,Chapter02,Bag,Rice,0,10,2,1648,BlockName_OcpuxGunkanMaki,RiceBag3_10,00000000bdf01000000000000000000000000000000000000000000000000000000000000000000000000000000000000000000000000000e8030000ade2610500000000000000000000000000000000000000000000000001000000cdcc4c3d000020400000a543020000004a0100000100000001000000,120,77680,reverse-output\assets\assetstudio-cli-data-all-raw\MonoBehaviour\Table_Block.dat
1210301,Chapter02,Bag,RiceCook,0,1,3,18,BlockName_VegetablePorridge,RiceBag4_1,00000000bdf01000000000000000000000000000000000000000000000000000000000000000000000000000000000000000000000000000000000000000000000000000000000000000000000000000000000000000000001000000cdcc4c3d000020400000c04002000000060000000100000001000000,120,77900,reverse-output\assets\assetstudio-cli-data-all-raw\MonoBehaviour\Table_Block.dat
1210302,Chapter02,Bag,RiceCook,0,2,3,42,BlockName_Risotto,RiceBag4_2,00000000bdf01000000000000000000000000000000000000000000000000000000000000000000000000000000000000000000000000000000000000000000032000000050000000000e04000000000000000000000000001000000cdcc4c3d0000204000005041020000000d0000000100000001000000,120,78124,reverse-output\assets\assetstudio-cli-data-all-raw\MonoBehaviour\Table_Block.dat
1210303,Chapter02,Bag,RiceCook,0,3,3,94,BlockName_FriedRice,RiceBag4_3,00000000bdf0100000000000000000000000000000000000000000000000000000000000000000000000000000000000000000000000000000000000000000003c000000050000000000904100000000000000000000000001000000cdcc4c3d000020400000e841020000001d0000000100000001000000,120,78340,reverse-output\assets\assetstudio-cli-data-all-raw\MonoBehaviour\Table_Block.dat
1210304,Chapter02,Bag,RiceCook,0,4,3,176,BlockName_BentoBox,RiceBag4_4,00000000bdf01000000000000000000000000000000000000000000000000000000000000000000000000000000000000000000000000000000000000000000014000000020000000000104200000000000000000000000001000000cdcc4c3d000020400000544202000000350000000100000001000000,120,78556,reverse-output\assets\assetstudio-cli-data-all-raw\MonoBehaviour\Table_Block.dat
1210305,Chapter02,Bag,RiceCook,0,5,3,306,BlockName_Paella,RiceBag4_5,00000000bdf0100000000000000000000000000000000000000000000000000000000000000000000000000000000000000000000000000000000000000000000a000000020000000000864200000000000000000000000001000000cdcc4c3d000020400000b842020000005c0000000100000001000000,120,78772,reverse-output\assets\assetstudio-cli-data-all-raw\MonoBehaviour\Table_Block.dat
1210306,Chapter02,Bag,RiceCook,0,6,3,486,BlockName_StonePotBibimbap,RiceBag4_6,00000000bdf01000000000000000000000000000000000000000000000000000000000000000000000000000000000000000000000000000e8030000ade261050a000000020000000000e04200000000000000000000000001000000cdcc4c3d000020400000124302000000920000000100000001000000,120,78984,reverse-output\assets\assetstudio-cli-data-all-raw\MonoBehaviour\Table_Block.dat
1210307,Chapter02,Bag,RiceCook,0,7,3,724,BlockName_MalpinusFriedRice,RiceBag4_7,00000000bdf01000000000000000000000000000000000000000000000000000000000000000000000000000000000000000000000000000e8030000ade2610500000000000000000000000000000000000000000000000001000000cdcc4c3d0000204000005a4302000000da0000000100000001000000,120,79208,reverse-output\assets\assetstudio-cli-data-all-raw\MonoBehaviour\Table_Block.dat
1115101,Chapter03,BathBag,BathBag,1,1,1,117,BlockName_WaterDipper,Production_BathBag1_1,0000000000000000000000000c0000003b000000320000000a00000001000000030000000100000000000000000000000000000000000000000000000000000000000000000000000000000000000000000000000000000000000000000000000000000000004041000000000c0000000100000001000000,120,79432,reverse-output\assets\assetstudio-cli-data-all-raw\MonoBehaviour\Table_Block.dat
1115102,Chapter03,BathBag,BathBag,1,2,1,260,BlockName_WaterDipper,Production_BathBag1_2,0000000000000000000000000f00000063000000320000000a0000000100000003000000010000000000000000000000000000000000000000000000000000000000000000000000000000000000000000000000000000000000000000000000000000000000d841000000001b0000000100000001000000,120,79668,reverse-output\assets\assetstudio-cli-data-all-raw\MonoBehaviour\Table_Block.dat
1115103,Chapter03,BathBag,BathBag,1,3,1,559,BlockName_WaterDipper,Production_BathBag1_3,0000000000000000000000001100000074000000320000000a0000000100000003000000010000000000000000000000000000000000000000000000000000000000000000000000000000000000000000000000000000000000000000000000000000000000604200000000380000000100000001000000,120,79904,reverse-output\assets\assetstudio-cli-data-all-raw\MonoBehaviour\Table_Block.dat
1115104,Chapter03,BathBag,BathBag,1,4,1,1053,BlockName_BathBag,Production_BathBag1_4,000000000000000000000000160000007700000032000000140000000100000003000000010000000000000000000000000000000000000000000000000000000000000000000000000000000000000000000000000000000000000000000000000000000000d442000000006a0000000100000001000000,120,80140,reverse-output\assets\assetstudio-cli-data-all-raw\MonoBehaviour\Table_Block.dat
1115105,Chapter03,BathBag,BathBag,1,5,1,1820,BlockName_BathBag,Production_BathBag1_5,000000000000000000000000170000008400000032000000140000000100000003000000010000000000000000000000000000000000000000000000000000000000000000000000000000000000000000000000000000000000000000000000000000000000374300000000b70000000100000001000000,120,80372,reverse-output\assets\assetstudio-cli-data-all-raw\MonoBehaviour\Table_Block.dat
1115106,Chapter03,BathBag,BathBag,1,6,1,2886,BlockName_BathBag,Production_BathBag1_6,00000000000000000000000018000000ac00000032000000140000000100000003000000010000000000000000000000000000000000000000000000000000000000000000000000000000000000000000000000000000000000000000000000000000000080904300000000210100000100000001000000,120,80604,reverse-output\assets\assetstudio-cli-data-all-raw\MonoBehaviour\Table_Block.dat
1215101,Chapter03,BathBag,BathToiletries,0,1,1,9,BlockName_Toothbrush,BathBag1_1,0000000000000000000000000000000000000000000000000000000000000000000000000000000000000000000000000000000000000000000000000000000000000000000000000000000000000000000000000000000001000000cdcc4c3d000020400000004002000000020000000100000001000000,120,80836,reverse-output\assets\assetstudio-cli-data-all-raw\MonoBehaviour\Table_Block.dat
1215102,Chapter03,BathBag,BathToiletries,0,2,1,20,BlockName_AdvancedToothbrush,BathBag1_2,0000000000000000000000000000000000000000000000000000000000000000000000000000000000000000000000000000000000000000000000000000000000000000000000000000000000000000000000000000000001000000cdcc4c3d000020400000404002000000030000000100000001000000,120,81064,reverse-output\assets\assetstudio-cli-data-all-raw\MonoBehaviour\Table_Block.dat
1215103,Chapter03,BathBag,BathToiletries,0,3,1,43,BlockName_WoodComb,BathBag1_3,0000000000000000000000000000000000000000000000000000000000000000000000000000000000000000000000000000000000000000000000000000000032000000050000000000803f00000000000000000000000001000000cdcc4c3d000020400000a04002000000050000000100000001000000,120,81300,reverse-output\assets\assetstudio-cli-data-all-raw\MonoBehaviour\Table_Block.dat
1215104,Chapter03,BathBag,BathToiletries,0,4,1,81,BlockName_BambooComb,BathBag1_4,0000000000000000000000000000000000000000000000000000000000000000000000000000000000000000000000000000000000000000000000000000000028000000050000000000004000000000000000000000000001000000cdcc4c3d000020400000104102000000090000000100000001000000,120,81528,reverse-output\assets\assetstudio-cli-data-all-raw\MonoBehaviour\Table_Block.dat
1215105,Chapter03,BathBag,BathToiletries,0,5,1,140,BlockName_BraidedShowerScrubber,BathBag1_5,000000000000000000000000000000000000000000000000000000000000000000000000000000000000000000000000000000000000000000000000000000001e000000050000000000a04000000000000000000000000001000000cdcc4c3d0000204000007041020000000f0000000100000001000000,120,81756,reverse-output\assets\assetstudio-cli-data-all-raw\MonoBehaviour\Table_Block.dat
1215106,Chapter03,BathBag,BathToiletries,0,6,1,222,BlockName_WoodRollBrush,BathBag1_6,0000000000000000000000000000000000000000000000000000000000000000000000000000000000000000000000000000000000000000e8030000ade261050a000000050000000000604100000000000000000000000001000000cdcc4c3d000020400000b84102000000170000000100000001000000,120,81996,reverse-output\assets\assetstudio-cli-data-all-raw\MonoBehaviour\Table_Block.dat
1215107,Chapter03,BathBag,BathToiletries,0,7,1,331,BlockName_DetanglerBrush,BathBag1_7,0000000000000000000000000000000000000000000000000000000000000000000000000000000000000000000000000000000000000000e8030000ade261050a000000050000000000b04100000000000000000000000001000000cdcc4c3d000020400000084202000000220000000100000001000000,120,82228,reverse-output\assets\assetstudio-cli-data-all-raw\MonoBehaviour\Table_Block.dat
1215108,Chapter03,BathBag,BathToiletries,0,8,1,470,BlockName_ShowerLoofah,BathBag1_8,0000000000000000000000000000000000000000000000000000000000000000000000000000000000000000000000000000000000000000e8030000ade261050a000000020000000000004200000000000000000000000001000000cdcc4c3d000020400000404202000000300000000100000001000000,120,82460,reverse-output\assets\assetstudio-cli-data-all-raw\MonoBehaviour\Table_Block.dat
1215109,Chapter03,BathBag,BathToiletries,0,9,1,640,BlockName_ElectricToothbrush,BathBag1_9,0000000000000000000000000000000000000000000000000000000000000000000000000000000000000000000000000000000000000000e8030000ade261050a000000020000000000384200000000000000000000000001000000cdcc4c3d000020400000824202000000410000000100000001000000,120,82692,reverse-output\assets\assetstudio-cli-data-all-raw\MonoBehaviour\Table_Block.dat
1215110,Chapter03,BathBag,BathToiletries,0,10,1,845,BlockName_FaceWash,BathBag1_10,000000000000000000000000000000000000000000000000000000000000000000000000000000000000000000000000000000000000000000000000000000000a000000020000000000744200000000000000000000000001000000cdcc4c3d000020400000aa4202000000550000000100000001000000,120,82928,reverse-output\assets\assetstudio-cli-data-all-raw\MonoBehaviour\Table_Block.dat
1215111,Chapter03,BathBag,BathToiletries,0,11,1,1087,BlockName_BodyWash,BathBag1_11,0000000000000000000000000000000000000000000000000000000000000000000000000000000000000000000000000000000000000000e8030000ade261050a000000020000000000a24200000000000000000000000001000000cdcc4c3d000020400000da42020000006d0000000100000001000000,120,83156,reverse-output\assets\assetstudio-cli-data-all-raw\MonoBehaviour\Table_Block.dat
1215112,Chapter03,BathBag,BathToiletries,0,12,1,1368,BlockName_Shampoo,BathBag1_12,000000000000000000000000000000000000000000000000000000000000000000000000000000000000000000000000000000000000000000000000000000000a000000000000000000000000000000000000000000000001000000cdcc4c3d000020400000094302000000890000000100000001000000,120,83384,reverse-output\assets\assetstudio-cli-data-all-raw\MonoBehaviour\Table_Block.dat
1215113,Chapter03,BathBag,BathToiletries,0,13,1,1691,BlockName_Elia'sComb,BathBag1_13,0000000000000000000000000000000000000000000000000000000000000000000000000000000000000000000000000000000000000000e8030000ade2610500000000000000000000000000000000000000000000000001000000cdcc4c3d0000204000002a4302000000aa0000000100000001000000,120,83612,reverse-output\assets\assetstudio-cli-data-all-raw\MonoBehaviour\Table_Block.dat
1315201,Chapter03,BathBag,BathBomb,23,1,1,281,BlockName_Bathbamb,Production_BathBomb_a_From_BathBag2_1,000000000000000000000000010000004038000000000000000000000100000003000000010000000100000000000000000000000000000000000000000000000000000000000000000000000000000000000000000000000100000000000000000000000000e841000000001d0000000100000000000000,120,83840,reverse-output\assets\assetstudio-cli-data-all-raw\MonoBehaviour\Table_Block.dat
1215201,Chapter03,BathBag,BathBombToy,0,1,1,21,BlockName_ShelloundBeads ,BathBomb1_1,0000000000000000000000000000000000000000000000000000000000000000000000000000000000000000000000000000000000000000000000000000000000000000000000000000000000000000000000000000000001000000cdcc4c3d000020400000404002000000030000000100000001000000,120,84088,reverse-output\assets\assetstudio-cli-data-all-raw\MonoBehaviour\Table_Block.dat
1215202,Chapter03,BathBag,BathBombToy,0,2,1,47,BlockName_ApricotSeaStarBeads ,BathBomb1_2,0000000000000000000000000000000000000000000000000000000000000000000000000000000000000000000000000000000000000000000000000000000032000000050000000000004000000000000000000000000001000000cdcc4c3d000020400000a04002000000050000000100000001000000,120,84320,reverse-output\assets\assetstudio-cli-data-all-raw\MonoBehaviour\Table_Block.dat
1215203,Chapter03,BathBag,BathBombToy,0,3,1,106,BlockName_CarolBeads ,BathBomb1_3,0000000000000000000000000000000000000000000000000000000000000000000000000000000000000000000000000000000000000000000000000000000028000000050000000000c04000000000000000000000000001000000cdcc4c3d0000204000003041020000000b0000000100000001000000,120,84556,reverse-output\assets\assetstudio-cli-data-all-raw\MonoBehaviour\Table_Block.dat
1215204,Chapter03,BathBag,BathBombToy,0,4,1,199,BlockName_NeonShelloundBeads ,BathBomb1_4,000000000000000000000000000000000000000000000000000000000000000000000000000000000000000000000000000000000000000000000000000000001e000000050000000000404100000000000000000000000001000000cdcc4c3d000020400000a04102000000140000000100000001000000,120,84784,reverse-output\assets\assetstudio-cli-data-all-raw\MonoBehaviour\Table_Block.dat
1215205,Chapter03,BathBag,BathBombToy,0,5,1,344,BlockName_CrimsonCarolBeads ,BathBomb1_5,0000000000000000000000000000000000000000000000000000000000000000000000000000000000000000000000000000000000000000e8030000ade261050a000000020000000000b84100000000000000000000000001000000cdcc4c3d0000204000000c4202000000230000000100000001000000,120,85020,reverse-output\assets\assetstudio-cli-data-all-raw\MonoBehaviour\Table_Block.dat
1215206,Chapter03,BathBag,BathBombToy,0,6,1,548,BlockName_GuhdunBeads ,BathBomb1_6,0000000000000000000000000000000000000000000000000000000000000000000000000000000000000000000000000000000000000000e8030000ade261050a000000020000000000184200000000000000000000000001000000cdcc4c3d0000204000005c4202000000370000000100000001000000,120,85256,reverse-output\assets\assetstudio-cli-data-all-raw\MonoBehaviour\Table_Block.dat
1215207,Chapter03,BathBag,BathBombToy,0,7,1,817,BlockName_JellyfishBeads ,BathBomb1_7,0000000000000000000000000000000000000000000000000000000000000000000000000000000000000000000000000000000000000000e8030000ade261050a0000000200000000006c4200000000000000000000000001000000cdcc4c3d000020400000a44202000000520000000100000001000000,120,85484,reverse-output\assets\assetstudio-cli-data-all-raw\MonoBehaviour\Table_Block.dat
1215208,Chapter03,BathBag,BathBombToy,0,8,1,1159,BlockName_HornGuhdunBeads ,BathBomb1_8,0000000000000000000000000000000000000000000000000000000000000000000000000000000000000000000000000000000000000000e8030000ade261050a000000000000000000000000000000000000000000000001000000cdcc4c3d000020400000e84202000000740000000100000001000000,120,85716,reverse-output\assets\assetstudio-cli-data-all-raw\MonoBehaviour\Table_Block.dat
1215209,Chapter03,BathBag,BathBombToy,0,9,1,1580,BlockName_NeonJellyfishBeads ,BathBomb1_9,0000000000000000000000000000000000000000000000000000000000000000000000000000000000000000000000000000000000000000e8030000ade261050a000000000000000000000000000000000000000000000001000000cdcc4c3d0000204000001f43020000009f0000000100000001000000,120,85948,reverse-output\assets\assetstudio-cli-data-all-raw\MonoBehaviour\Table_Block.dat
1116101,Chapter03,Well,Well,1,1,1,117,BlockName_WaterBottle,Production_Well1_1,0000000000000000000000001a0000003b000000320000000a0000000100000003000000010000000000000000000000000000000000000000000000000000000000000000000000000000000000000000000000000000000000000000000000000000000000000000000000000000000100000001000000,120,86184,reverse-output\assets\assetstudio-cli-data-all-raw\MonoBehaviour\Table_Block.dat
1116102,Chapter03,Well,Well,1,2,1,260,BlockName_WaterBottle,Production_Well1_2,0000000000000000000000001c00000053000000320000000a0000000100000003000000010000000000000000000000000000000000000000000000000000000000000000000000000000000000000000000000000000000000000000000000000000000000000000000000000000000100000001000000,120,86408,reverse-output\assets\assetstudio-cli-data-all-raw\MonoBehaviour\Table_Block.dat
1116103,Chapter03,Well,Well,1,3,1,559,BlockName_WaterBottle,Production_Well1_3,0000000000000000000000001f00000063000000320000000a0000000100000003000000010000000000000000000000000000000000000000000000000000000000000000000000000000000000000000000000000000000000000000000000000000000000000000000000000000000100000001000000,120,86632,reverse-output\assets\assetstudio-cli-data-all-raw\MonoBehaviour\Table_Block.dat
1116104,Chapter03,Well,Well,1,4,1,1053,BlockName_WaterBottle,Production_Well1_4,0000000000000000000000002200000074000000320000000a0000000100000003000000010000000000000000000000000000000000000000000000000000000000000000000000000000000000000000000000000000000000000000000000000000000000000000000000000000000100000001000000,120,86856,reverse-output\assets\assetstudio-cli-data-all-raw\MonoBehaviour\Table_Block.dat
1116105,Chapter03,Well,Well,1,5,1,1820,BlockName_WaterBottle,Production_Well1_5,0000000000000000000000002400000077000000320000000a0000000100000003000000010000000000000000000000000000000000000000000000000000000000000000000000000000000000000000000000000000000000000000000000000000000000000000000000000000000100000001000000,120,87080,reverse-output\assets\assetstudio-cli-data-all-raw\MonoBehaviour\Table_Block.dat
1116106,Chapter03,Well,Well,1,6,1,2886,BlockName_Well,Production_Well1_6,0000000000000000000000002800000084000000320000000a0000000100000003000000010000000000000000000000000000000000000000000000000000000000000000000000000000000000000000000000000000000000000000000000000000000000000000000000000000000100000001000000,120,87304,reverse-output\assets\assetstudio-cli-data-all-raw\MonoBehaviour\Table_Block.dat
1216101,Chapter03,Well,Water,0,1,1,9,blockName_ContaminatedWater,Well1_1,0000000000000000000000000000000000000000000000000000000000000000000000000000000000000000000000000000000000000000000000000000000000000000000000000000000000000000000000000000000001000000cdcc4c3d000020400000004002000000020000000100000001000000,120,87520,reverse-output\assets\assetstudio-cli-data-all-raw\MonoBehaviour\Table_Block.dat
1216102,Chapter03,Well,Water,0,2,1,20,blockName_ClearWaterDrop,Well1_2,0000000000000000000000000000000000000000000000000000000000000000000000000000000000000000000000000000000000000000000000000000000032000000050000000000803f00000000000000000000000001000000cdcc4c3d000020400000404002000000030000000100000001000000,120,87740,reverse-output\assets\assetstudio-cli-data-all-raw\MonoBehaviour\Table_Block.dat
1216103,Chapter03,Well,Water,0,3,1,43,blockName_ClearWater,Well1_3,0000000000000000000000000000000000000000000000000000000000000000000000000000000000000000000000000000000000000000000000000000000028000000050000000000004000000000000000000000000001000000cdcc4c3d000020400000a04002000000050000000100000001000000,120,87956,reverse-output\assets\assetstudio-cli-data-all-raw\MonoBehaviour\Table_Block.dat
1216104,Chapter03,Well,Water,0,4,1,81,blockName_SparklingWater,Well1_4,000000000000000000000000000000000000000000000000000000000000000000000000000000000000000000000000000000000000000000000000000000001e000000050000000000a04000000000000000000000000001000000cdcc4c3d000020400000104102000000090000000100000001000000,120,88168,reverse-output\assets\assetstudio-cli-data-all-raw\MonoBehaviour\Table_Block.dat
1216105,Chapter03,Well,Water,0,5,1,140,blockName_IcePowder,Well1_5,0000000000000000000000000000000000000000000000000000000000000000000000000000000000000000000000000000000000000000e8030000ade261050a000000020000000000104100000000000000000000000001000000cdcc4c3d0000204000007041020000000f0000000100000001000000,120,88384,reverse-output\assets\assetstudio-cli-data-all-raw\MonoBehaviour\Table_Block.dat
1216106,Chapter03,Well,Water,0,6,1,222,BlockName_IceLump,Well1_6,0000000000000000000000000000000000000000000000000000000000000000000000000000000000000000000000000000000000000000e8030000ade261050a000000020000000000604100000000000000000000000001000000cdcc4c3d000020400000b84102000000170000000100000001000000,120,88596,reverse-output\assets\assetstudio-cli-data-all-raw\MonoBehaviour\Table_Block.dat
1216107,Chapter03,Well,Water,0,7,1,331,BlockName_LowWaterCrystal,Well1_7,0000000000000000000000000000000000000000000000000000000000000000000000000000000000000000000000000000000000000000e8030000ade261050a000000020000000000b04100000000000000000000000001000000cdcc4c3d000020400000084202000000220000000100000001000000,120,88808,reverse-output\assets\assetstudio-cli-data-all-raw\MonoBehaviour\Table_Block.dat
1216108,Chapter03,Well,Water,0,8,1,470,BlockName_MiddleWaterCrystal,Well1_8,0000000000000000000000000000000000000000000000000000000000000000000000000000000000000000000000000000000000000000e8030000ade261050a000000000000000000000000000000000000000000000001000000cdcc4c3d000020400000404202000000300000000100000001000000,120,89028,reverse-output\assets\assetstudio-cli-data-all-raw\MonoBehaviour\Table_Block.dat
1216109,Chapter03,Well,Water,0,9,1,640,blockName_HighWaterCrystal,Well1_9,0000000000000000000000000000000000000000000000000000000000000000000000000000000000000000000000000000000000000000e8030000ade261050a000000000000000000000000000000000000000000000001000000cdcc4c3d000020400000824202000000410000000100000001000000,120,89248,reverse-output\assets\assetstudio-cli-data-all-raw\MonoBehaviour\Table_Block.dat
1216110,Chapter03,Well,Water,0,10,1,845,blockName_VeryHighWaterCrystal,Well1_10,0000000000000000000000000000000000000000000000000000000000000000000000000000000000000000000000000000000000000000e8030000ade261050a000000000000000000000000000000000000000000000001000000cdcc4c3d000020400000aa4202000000550000000100000001000000,120,89468,reverse-output\assets\assetstudio-cli-data-all-raw\MonoBehaviour\Table_Block.dat
1216201,Chapter03,Well,Milk,0,1,1,10,BlockName_Milk,Well2_1,0000000000000000000000000000000000000000000000000000000000000000000000000000000000000000000000000000000000000000000000000000000000000000000000000000000000000000000000000000000001000000cdcc4c3d000020400000004002000000020000000100000001000000,120,89692,reverse-output\assets\assetstudio-cli-data-all-raw\MonoBehaviour\Table_Block.dat
1216202,Chapter03,Well,Milk,0,2,1,22,BlockName_Yogurt,Well2_2,0000000000000000000000000000000000000000000000000000000000000000000000000000000000000000000000000000000000000000000000000000000032000000050000000000803f00000000000000000000000001000000cdcc4c3d000020400000404002000000030000000100000001000000,120,89896,reverse-output\assets\assetstudio-cli-data-all-raw\MonoBehaviour\Table_Block.dat
1216203,Chapter03,Well,Milk,0,3,1,49,BlockName_GreekYogurt,Well2_3,0000000000000000000000000000000000000000000000000000000000000000000000000000000000000000000000000000000000000000000000000000000028000000050000000000004000000000000000000000000001000000cdcc4c3d000020400000a04002000000050000000100000001000000,120,90100,reverse-output\assets\assetstudio-cli-data-all-raw\MonoBehaviour\Table_Block.dat
1216204,Chapter03,Well,Milk,0,4,1,92,BlockName_WhippedCream,Well2_4,000000000000000000000000000000000000000000000000000000000000000000000000000000000000000000000000000000000000000000000000000000001e000000050000000000a04000000000000000000000000001000000cdcc4c3d0000204000002041020000000a0000000100000001000000,120,90312,reverse-output\assets\assetstudio-cli-data-all-raw\MonoBehaviour\Table_Block.dat
1216205,Chapter03,Well,Milk,0,5,1,159,BlockName_SliceCheese,Well2_5,0000000000000000000000000000000000000000000000000000000000000000000000000000000000000000000000000000000000000000e8030000ade261050a000000020000000000104100000000000000000000000001000000cdcc4c3d000020400000804102000000100000000100000001000000,120,90524,reverse-output\assets\assetstudio-cli-data-all-raw\MonoBehaviour\Table_Block.dat
1216206,Chapter03,Well,Milk,0,6,1,253,BlockName_MozzarellaCheese,Well2_6,0000000000000000000000000000000000000000000000000000000000000000000000000000000000000000000000000000000000000000e8030000ade261050a000000020000000000804100000000000000000000000001000000cdcc4c3d000020400000d041020000001a0000000100000001000000,120,90736,reverse-output\assets\assetstudio-cli-data-all-raw\MonoBehaviour\Table_Block.dat
1216207,Chapter03,Well,Milk,0,7,1,377,BlockName_GorgonzolaCheese,Well2_7,0000000000000000000000000000000000000000000000000000000000000000000000000000000000000000000000000000000000000000e8030000ade261050a000000020000000000c84100000000000000000000000001000000cdcc4c3d000020400000184202000000260000000100000001000000,120,90952,reverse-output\assets\assetstudio-cli-data-all-raw\MonoBehaviour\Table_Block.dat
1216208,Chapter03,Well,Milk,0,8,1,535,BlockName_EmmentalCheese,Well2_8,0000000000000000000000000000000000000000000000000000000000000000000000000000000000000000000000000000000000000000e8030000ade261050a000000000000000000000000000000000000000000000001000000cdcc4c3d000020400000584202000000360000000100000001000000,120,91168,reverse-output\assets\assetstudio-cli-data-all-raw\MonoBehaviour\Table_Block.dat
1420101,Chapter03,Fabricate,Blender,24,1,1,117,BlockName_Blender,Production_Blender1_1,010000000000000000000000010000000000000000000000000000000000000000000000000000000000000000000000000000000000000000000000000000000000000000000000000000000000000000000000000000000000000000000000000000000000000000000000000000000000000000000000,120,91380,reverse-output\assets\assetstudio-cli-data-all-raw\MonoBehaviour\Table_Block.dat
2517101,Chapter03,Blender,Juice,26,1,1,10,BlockName_AkebiaJuice,Blender1_1,0000000000000000000000000000000000000000000000000000000000000000000000000000000000000000000000000000000000000000000000000000000000000000000000000000000000000000000000000000000001000000cdcc4c3d000020400000004002000000020000000100000000000000,120,91616,reverse-output\assets\assetstudio-cli-data-all-raw\MonoBehaviour\Table_Block.dat
2517102,Chapter03,Blender,Juice,26,2,1,22,BlockName_PlumJuice,Blender1_2,0000000000000000000000000000000000000000000000000000000000000000000000000000000000000000000000000000000000000000000000000000000000000000000000000000000000000000000000000000000001000000cdcc4c3d000020400000404002000000030000000100000000000000,120,91840,reverse-output\assets\assetstudio-cli-data-all-raw\MonoBehaviour\Table_Block.dat
2517103,Chapter03,Blender,Juice,26,3,1,49,BlockName_AppleJuice,Blender1_3,0000000000000000000000000000000000000000000000000000000000000000000000000000000000000000000000000000000000000000000000000000000000000000000000000000000000000000000000000000000001000000cdcc4c3d000020400000a04002000000050000000100000000000000,120,92060,reverse-output\assets\assetstudio-cli-data-all-raw\MonoBehaviour\Table_Block.dat
2517104,Chapter03,Blender,Juice,26,4,1,92,BlockName_IgnisberryJuice,Blender1_4,0000000000000000000000000000000000000000000000000000000000000000000000000000000000000000000000000000000000000000000000000000000000000000000000000000000000000000000000000000000001000000cdcc4c3d0000204000002041020000000a0000000100000000000000,120,92280,reverse-output\assets\assetstudio-cli-data-all-raw\MonoBehaviour\Table_Block.dat
2517105,Chapter03,Blender,Juice,26,5,1,159,BlockName_PaleTyphoonJuice,Blender1_5,0000000000000000000000000000000000000000000000000000000000000000000000000000000000000000000000000000000000000000000000000000000000000000000000000000000000000000000000000000000001000000cdcc4c3d000020400000804102000000100000000100000000000000,120,92508,reverse-output\assets\assetstudio-cli-data-all-raw\MonoBehaviour\Table_Block.dat
2517106,Chapter03,Blender,Juice,26,6,1,253,BlockName_SolarbloomJuice,Blender1_6,0000000000000000000000000000000000000000000000000000000000000000000000000000000000000000000000000000000000000000000000000000000000000000000000000000000000000000000000000000000001000000cdcc4c3d000020400000d041020000001a0000000100000000000000,120,92736,reverse-output\assets\assetstudio-cli-data-all-raw\MonoBehaviour\Table_Block.dat
2517107,Chapter03,Blender,Juice,26,7,1,377,BlockName_AquapleJuice,Blender1_7,0000000000000000000000000000000000000000000000000000000000000000000000000000000000000000000000000000000000000000000000000000000000000000000000000000000000000000000000000000000001000000cdcc4c3d000020400000184202000000260000000100000000000000,120,92964,reverse-output\assets\assetstudio-cli-data-all-raw\MonoBehaviour\Table_Block.dat
2517108,Chapter03,Blender,Juice,26,8,1,536,BlockName_DreamberryJuice,Blender1_8,0000000000000000000000000000000000000000000000000000000000000000000000000000000000000000000000000000000000000000000000000000000000000000000000000000000000000000000000000000000001000000cdcc4c3d000020400000584202000000360000000100000000000000,120,93188,reverse-output\assets\assetstudio-cli-data-all-raw\MonoBehaviour\Table_Block.dat
2517109,Chapter03,Blender,Juice,26,9,1,730,BlockName_ViolinerJuice,Blender1_9,0000000000000000000000000000000000000000000000000000000000000000000000000000000000000000000000000000000000000000000000000000000000000000000000000000000000000000000000000000000001000000cdcc4c3d0000204000009442020000004a0000000100000000000000,120,93416,reverse-output\assets\assetstudio-cli-data-all-raw\MonoBehaviour\Table_Block.dat
2517201,Chapter03,Blender,Smoothie,26,1,2,11,BlockName_AkebiaSmoothie,Blender2_1,0000000000000000000000000000000000000000000000000000000000000000000000000000000000000000000000000000000000000000000000000000000000000000000000000000000000000000000000000000000001000000cdcc4c3d000020400000404002000000030000000100000000000000,120,93640,reverse-output\assets\assetstudio-cli-data-all-raw\MonoBehaviour\Table_Block.dat
2517202,Chapter03,Blender,Smoothie,26,2,2,26,BlockName_PlumSmoothie,Blender2_2,0000000000000000000000000000000000000000000000000000000000000000000000000000000000000000000000000000000000000000000000000000000000000000000000000000000000000000000000000000000001000000cdcc4c3d000020400000c04002000000060000000100000000000000,120,93864,reverse-output\assets\assetstudio-cli-data-all-raw\MonoBehaviour\Table_Block.dat
2517203,Chapter03,Blender,Smoothie,26,3,2,55,BlockName_AppleSmoothie,Blender2_3,0000000000000000000000000000000000000000000000000000000000000000000000000000000000000000000000000000000000000000000000000000000000000000000000000000000000000000000000000000000001000000cdcc4c3d0000204000004041020000000c0000000100000000000000,120,94088,reverse-output\assets\assetstudio-cli-data-all-raw\MonoBehaviour\Table_Block.dat
2517204,Chapter03,Blender,Smoothie,26,4,2,105,BlockName_IgnisberrySmoothie,Blender2_4,0000000000000000000000000000000000000000000000000000000000000000000000000000000000000000000000000000000000000000000000000000000000000000000000000000000000000000000000000000000001000000cdcc4c3d000020400000b04102000000160000000100000000000000,120,94312,reverse-output\assets\assetstudio-cli-data-all-raw\MonoBehaviour\Table_Block.dat
2517205,Chapter03,Blender,Smoothie,26,5,2,182,BlockName_PaleTyphoonSmoothie,Blender2_5,0000000000000000000000000000000000000000000000000000000000000000000000000000000000000000000000000000000000000000000000000000000000000000000000000000000000000000000000000000000001000000cdcc4c3d000020400000144202000000250000000100000000000000,120,94540,reverse-output\assets\assetstudio-cli-data-all-raw\MonoBehaviour\Table_Block.dat
2517206,Chapter03,Blender,Smoothie,26,6,2,288,BlockName_SolarbloomSmoothie,Blender2_6,0000000000000000000000000000000000000000000000000000000000000000000000000000000000000000000000000000000000000000000000000000000000000000000000000000000000000000000000000000000001000000cdcc4c3d0000204000006842020000003a0000000100000000000000,120,94772,reverse-output\assets\assetstudio-cli-data-all-raw\MonoBehaviour\Table_Block.dat
2517207,Chapter03,Blender,Smoothie,26,7,2,430,BlockName_AquapleSmoothie,Blender2_7,0000000000000000000000000000000000000000000000000000000000000000000000000000000000000000000000000000000000000000000000000000000000000000000000000000000000000000000000000000000001000000cdcc4c3d000020400000ae4202000000570000000100000000000000,120,95000,reverse-output\assets\assetstudio-cli-data-all-raw\MonoBehaviour\Table_Block.dat
2517208,Chapter03,Blender,Smoothie,26,8,2,611,BlockName_DreamberrySmoothie,Blender2_8,0000000000000000000000000000000000000000000000000000000000000000000000000000000000000000000000000000000000000000000000000000000000000000000000000000000000000000000000000000000001000000cdcc4c3d000020400000f642020000007b0000000100000000000000,120,95228,reverse-output\assets\assetstudio-cli-data-all-raw\MonoBehaviour\Table_Block.dat
2517209,Chapter03,Blender,Smoothie,26,9,2,832,BlockName_ViolinerSmoothie,Blender2_9,0000000000000000000000000000000000000000000000000000000000000000000000000000000000000000000000000000000000000000000000000000000000000000000000000000000000000000000000000000000001000000cdcc4c3d000020400000274302000000a70000000100000000000000,120,95456,reverse-output\assets\assetstudio-cli-data-all-raw\MonoBehaviour\Table_Block.dat
2517301,Chapter03,Blender,Ade,26,1,3,13,BlockName_AkebiaAde,Blender3_1,0000000000000000000000000000000000000000000000000000000000000000000000000000000000000000000000000000000000000000000000000000000000000000000000000000000000000000000000000000000001000000cdcc4c3d000020400000804002000000040000000100000000000000,120,95684,reverse-output\assets\assetstudio-cli-data-all-raw\MonoBehaviour\Table_Block.dat
2517302,Chapter03,Blender,Ade,26,2,3,29,BlockName_PlumAde,Blender3_2,0000000000000000000000000000000000000000000000000000000000000000000000000000000000000000000000000000000000000000000000000000000000000000000000000000000000000000000000000000000001000000cdcc4c3d000020400000104102000000090000000100000000000000,120,95900,reverse-output\assets\assetstudio-cli-data-all-raw\MonoBehaviour\Table_Block.dat
2517303,Chapter03,Blender,Ade,26,3,3,62,BlockName_AppleAde,Blender3_3,0000000000000000000000000000000000000000000000000000000000000000000000000000000000000000000000000000000000000000000000000000000000000000000000000000000000000000000000000000000001000000cdcc4c3d000020400000984102000000130000000100000000000000,120,96116,reverse-output\assets\assetstudio-cli-data-all-raw\MonoBehaviour\Table_Block.dat
2517304,Chapter03,Blender,Ade,26,4,3,118,BlockName_IgnisberryAde,Blender3_4,0000000000000000000000000000000000000000000000000000000000000000000000000000000000000000000000000000000000000000000000000000000000000000000000000000000000000000000000000000000001000000cdcc4c3d000020400000104202000000240000000100000000000000,120,96332,reverse-output\assets\assetstudio-cli-data-all-raw\MonoBehaviour\Table_Block.dat
2517305,Chapter03,Blender,Ade,26,5,3,204,BlockName_PaleTyphoonAde,Blender3_5,0000000000000000000000000000000000000000000000000000000000000000000000000000000000000000000000000000000000000000000000000000000000000000000000000000000000000000000000000000000001000000cdcc4c3d0000204000007842020000003e0000000100000000000000,120,96552,reverse-output\assets\assetstudio-cli-data-all-raw\MonoBehaviour\Table_Block.dat
2517306,Chapter03,Blender,Ade,26,6,3,324,BlockName_SolarbloomAde,Blender3_6,0000000000000000000000000000000000000000000000000000000000000000000000000000000000000000000000000000000000000000000000000000000000000000000000000000000000000000000000000000000001000000cdcc4c3d000020400000c44202000000620000000100000000000000,120,96772,reverse-output\assets\assetstudio-cli-data-all-raw\MonoBehaviour\Table_Block.dat
2517307,Chapter03,Blender,Ade,26,7,3,483,BlockName_AquapleAde,Blender3_7,0000000000000000000000000000000000000000000000000000000000000000000000000000000000000000000000000000000000000000000000000000000000000000000000000000000000000000000000000000000001000000cdcc4c3d000020400000114302000000910000000100000000000000,120,96992,reverse-output\assets\assetstudio-cli-data-all-raw\MonoBehaviour\Table_Block.dat
2517308,Chapter03,Blender,Ade,26,8,3,686,BlockName_DreamberryAde,Blender3_8,0000000000000000000000000000000000000000000000000000000000000000000000000000000000000000000000000000000000000000000000000000000000000000000000000000000000000000000000000000000001000000cdcc4c3d0000204000004e4302000000ce0000000100000000000000,120,97208,reverse-output\assets\assetstudio-cli-data-all-raw\MonoBehaviour\Table_Block.dat
2517309,Chapter03,Blender,Ade,26,9,3,934,BlockName_ViolinerAde,Blender3_9,0000000000000000000000000000000000000000000000000000000000000000000000000000000000000000000000000000000000000000000000000000000000000000000000000000000000000000000000000000000001000000cdcc4c3d0000204000808c4302000000190100000100000000000000,120,97428,reverse-output\assets\assetstudio-cli-data-all-raw\MonoBehaviour\Table_Block.dat
201301101,SubStory_kurone,SubStory_kurone,BindingMachine,29,1,1,117,BlockName_BindingMachine,SubStory_BindingMachine1_1,010000000000000000000000010000000000000000000000000000000000000000000000000000000000000000000000000000000000000000000000000000000000000000000000000000000000000000000000000000000000000000000000000000000000000000000000000000000000000000000000,120,97648,reverse-output\assets\assetstudio-cli-data-all-raw\MonoBehaviour\Table_Block.dat
201401101,SubStory_kurone,SubStory_kurone,Book_Kurone,30,1,1,117,BlockName_KuroneBook1,SubStory_Book_Kurone1,000000000000000000000000010000000000000000000000000000000000000000000000000000000000000000000000000000000000000000000000000000000000000000000000000000000000000000000000000000000000000000000000000000000000000000000000000000000000000000000000,120,97908,reverse-output\assets\assetstudio-cli-data-all-raw\MonoBehaviour\Table_Block.dat
201401102,SubStory_kurone,SubStory_kurone,Book_Kurone,30,2,1,260,BlockName_KuroneBook2,SubStory_Book_Kurone2,000000000000000000000000010000000000000000000000000000000000000000000000000000000000000000000000000000000000000000000000000000000000000000000000000000000000000000000000000000000000000000000000000000000000000000000000000000000000000000000000,120,98160,reverse-output\assets\assetstudio-cli-data-all-raw\MonoBehaviour\Table_Block.dat
201401103,SubStory_kurone,SubStory_kurone,Book_Kurone,30,3,1,559,BlockName_KuroneBook3,SubStory_Book_Kurone3,000000000000000000000000010000000000000000000000000000000000000000000000000000000000000000000000000000000000000000000000000000000000000000000000000000000000000000000000000000000000000000000000000000000000000000000000000000000000000000000000,120,98412,reverse-output\assets\assetstudio-cli-data-all-raw\MonoBehaviour\Table_Block.dat
201401104,SubStory_kurone,SubStory_kurone,Book_Kurone,30,4,1,1053,BlockName_KuroneBook4,SubStory_Book_Kurone4,000000000000000000000000010000000000000000000000000000000000000000000000000000000000000000000000000000000000000000000000000000000000000000000000000000000000000000000000000000000000000000000000000000000000000000000000000000000000000000000000,120,98664,reverse-output\assets\assetstudio-cli-data-all-raw\MonoBehaviour\Table_Block.dat
201401105,SubStory_kurone,SubStory_kurone,Book_Kurone,30,5,1,1820,BlockName_KuroneBook5,SubStory_Book_Kurone5,000000000000000000000000010000000000000000000000000000000000000000000000000000000000000000000000000000000000000000000000000000000000000000000000000000000000000000000000000000000000000000000000000000000000000000000000000000000000000000000000,120,98916,reverse-output\assets\assetstudio-cli-data-all-raw\MonoBehaviour\Table_Block.dat
201201101,SubStory_kurone,SubStory_kurone,Bundlepaper_Kurone,28,1,1,117,BlockName_BundlePaper,SubStory_BundlePaper,00000000000000000000000018000000100e000000000000000000000100000003000000010000000000000000000000000000000000000000000000000000000000000000000000000000000000000000000000000000000000000000000000000000000000000000000000000000000000000000000000,120,99168,reverse-output\assets\assetstudio-cli-data-all-raw\MonoBehaviour\Table_Block.dat
201101101,SubStory_kurone,SubStory_kurone,Scene_Kurone,27,1,1,9,BlockName_FirstMeeting,SubStory_Kurone1_1,00000000000000000000000000000000000000000000000000000000000000000000000000000000000000000000000000000000000000000000000000000000000000000000000000000000000000000000000000000000010000000ad7a33b000020400000000000000000000000000000000001000000,120,99424,reverse-output\assets\assetstudio-cli-data-all-raw\MonoBehaviour\Table_Block.dat
201101102,SubStory_kurone,SubStory_kurone,Scene_Kurone,27,2,1,20,BlockName_Conflict,SubStory_Kurone1_2,00000000000000000000000000000000000000000000000000000000000000000000000000000000000000000000000000000000000000000000000000000000000000000000000000000000000000000000000000000000010000000ad7a33b000020400000000000000000000000000000000001000000,120,99672,reverse-output\assets\assetstudio-cli-data-all-raw\MonoBehaviour\Table_Block.dat
201101103,SubStory_kurone,SubStory_kurone,Scene_Kurone,27,3,1,43,BlockName_Fight,SubStory_Kurone1_3,00000000000000000000000000000000000000000000000000000000000000000000000000000000000000000000000000000000000000000000000000000000000000000000000000000000000000000000000000000000010000000ad7a33b000020400000000000000000000000000000000001000000,120,99916,reverse-output\assets\assetstudio-cli-data-all-raw\MonoBehaviour\Table_Block.dat
201101104,SubStory_kurone,SubStory_kurone,Scene_Kurone,27,4,1,81,BlockName_Flirting,SubStory_Kurone1_4,00000000000000000000000000000000000000000000000000000000000000000000000000000000000000000000000000000000000000000000000000000000000000000000000000000000000000000000000000000000010000000ad7a33b000020400000000000000000000000000000000001000000,120,100156,reverse-output\assets\assetstudio-cli-data-all-raw\MonoBehaviour\Table_Block.dat
201101105,SubStory_kurone,SubStory_kurone,Scene_Kurone,27,5,1,140,BlockName_Confession,SubStory_Kurone1_5,00000000000000000000000000000000000000000000000000000000000000000000000000000000000000000000000000000000000000000000000000000000000000000000000000000000000000000000000000000000010000000ad7a33b000020400000000000000000000000000000000001000000,120,100400,reverse-output\assets\assetstudio-cli-data-all-raw\MonoBehaviour\Table_Block.dat
201101106,SubStory_kurone,SubStory_kurone,Scene_Kurone,27,6,1,222,BlockName_HoldingHands,SubStory_Kurone1_6,00000000000000000000000000000000000000000000000000000000000000000000000000000000000000000000000000000000000000000000000000000000000000000000000000000000000000000000000000000000010000000ad7a33b000020400000000000000000000000000000000001000000,120,100644,reverse-output\assets\assetstudio-cli-data-all-raw\MonoBehaviour\Table_Block.dat
201101107,SubStory_kurone,SubStory_kurone,Scene_Kurone,27,7,1,331,BlockName_Fireworks,SubStory_Kurone1_7,00000000000000000000000000000000000000000000000000000000000000000000000000000000000000000000000000000000000000000000000000000000000000000000000000000000000000000000000000000000010000000ad7a33b000020400000000000000000000000000000000001000000,120,100892,reverse-output\assets\assetstudio-cli-data-all-raw\MonoBehaviour\Table_Block.dat
201101108,SubStory_kurone,SubStory_kurone,Scene_Kurone,27,8,1,470,BlockName_Date,SubStory_Kurone1_8,00000000000000000000000000000000000000000000000000000000000000000000000000000000000000000000000000000000000000000000000000000000000000000000000000000000000000000000000000000000010000000ad7a33b000020400000000000000000000000000000000001000000,120,101136,reverse-output\assets\assetstudio-cli-data-all-raw\MonoBehaviour\Table_Block.dat
201101109,SubStory_kurone,SubStory_kurone,Scene_Kurone,27,9,1,640,BlockName_Kiss,SubStory_Kurone1_9,00000000000000000000000000000000000000000000000000000000000000000000000000000000000000000000000000000000000000000000000000000000000000000000000000000000000000000000000000000000010000000ad7a33b000020400000000000000000000000000000000001000000,120,101376,reverse-output\assets\assetstudio-cli-data-all-raw\MonoBehaviour\Table_Block.dat
201101110,SubStory_kurone,SubStory_kurone,Scene_Kurone,27,10,1,845,BlockName_Proposal,SubStory_Kurone1_10,00000000000000000000000000000000000000000000000000000000000000000000000000000000000000000000000000000000000000000000000000000000000000000000000000000000000000000000000000000000010000000ad7a33b000020400000000000000000000000000000000001000000,120,101616,reverse-output\assets\assetstudio-cli-data-all-raw\MonoBehaviour\Table_Block.dat
201101111,SubStory_kurone,SubStory_kurone,Scene_Kurone,27,11,1,1087,BlockName_Wedding,SubStory_Kurone1_11,00000000000000000000000000000000000000000000000000000000000000000000000000000000000000000000000000000000000000000000000000000000000000000000000000000000000000000000000000000000010000000ad7a33b000020400000000000000000000000000000000001000000,120,101860,reverse-output\assets\assetstudio-cli-data-all-raw\MonoBehaviour\Table_Block.dat
201101201,SubStory_kurone,SubStory_kurone,Card_Kurone,27,1,2,10,BlockName_TornOldCard,SubStory2_1,00000000000000000000000000000000000000000000000000000000000000000000000000000000000000000000000000000000000000000000000000000000000000000000000000000000000000000000000000000000010000000ad7a33b000020400000000000000000000000000000000001000000,120,102104,reverse-output\assets\assetstudio-cli-data-all-raw\MonoBehaviour\Table_Block.dat
201101202,SubStory_kurone,SubStory_kurone,Card_Kurone,27,2,2,22,BlockName_OldCard,SubStory2_2,00000000000000000000000000000000000000000000000000000000000000000000000000000000000000000000000000000000000000000000000000000000000000000000000000000000000000000000000000000000010000000ad7a33b000020400000000000000000000000000000000001000000,120,102344,reverse-output\assets\assetstudio-cli-data-all-raw\MonoBehaviour\Table_Block.dat
201101203,SubStory_kurone,SubStory_kurone,Card_Kurone,27,3,2,49,BlockName_UnregisteredBookCard,SubStory2_3,00000000000000000000000000000000000000000000000000000000000000000000000000000000000000000000000000000000000000000000000000000000000000000000000000000000000000000000000000000000010000000ad7a33b000020400000000000000000000000000000000001000000,120,102580,reverse-output\assets\assetstudio-cli-data-all-raw\MonoBehaviour\Table_Block.dat
201101204,SubStory_kurone,SubStory_kurone,Card_Kurone,27,4,2,92,BlockName_StandardBookCard,SubStory2_4,00000000000000000000000000000000000000000000000000000000000000000000000000000000000000000000000000000000000000000000000000000000000000000000000000000000000000000000000000000000010000000ad7a33b000020400000000000000000000000000000000001000000,120,102828,reverse-output\assets\assetstudio-cli-data-all-raw\MonoBehaviour\Table_Block.dat
201101205,SubStory_kurone,SubStory_kurone,Card_Kurone,27,5,2,159,BlockName_VIPBookCard,SubStory2_5,00000000000000000000000000000000000000000000000000000000000000000000000000000000000000000000000000000000000000000000000000000000000000000000000000000000000000000000000000000000010000000ad7a33b000020400000000000000000000000000000000001000000,120,103072,reverse-output\assets\assetstudio-cli-data-all-raw\MonoBehaviour\Table_Block.dat
201101206,SubStory_kurone,SubStory_kurone,Card_Kurone,27,6,2,253,BlockName_LibrarianCard,SubStory2_6,00000000000000000000000000000000000000000000000000000000000000000000000000000000000000000000000000000000000000000000000000000000000000000000000000000000000000000000000000000000010000000ad7a33b000020400000000000000000000000000000000001000000,120,103312,reverse-output\assets\assetstudio-cli-data-all-raw\MonoBehaviour\Table_Block.dat
201101207,SubStory_kurone,SubStory_kurone,Card_Kurone,27,7,2,377,BlockName_LibraryMasterCard,SubStory2_7,00000000000000000000000000000000000000000000000000000000000000000000000000000000000000000000000000000000000000000000000000000000000000000000000000000000000000000000000000000000010000000ad7a33b000020400000000000000000000000000000000001000000,120,103552,reverse-output\assets\assetstudio-cli-data-all-raw\MonoBehaviour\Table_Block.dat
202302101,SubStory_Aiko,SubStory_Aiko,BindingMachine,29,1,1,117,BlockName_BindingMachine,SubStory_BindingMachine1_1,010000000000000000000000010000000000000000000000000000000000000000000000000000000000000000000000000000000000000000000000000000000000000000000000000000000000000000000000000000000000000000000000000000000000000000000000000000000000000000000000,120,103796,reverse-output\assets\assetstudio-cli-data-all-raw\MonoBehaviour\Table_Block.dat
202402101,SubStory_Aiko,SubStory_Aiko,Book_Aiko,30,1,1,117,BlockName_AikoBook1,SubStory_Book_Aiko1,000000000000000000000000010000000000000000000000000000000000000000000000000000000000000000000000000000000000000000000000000000000000000000000000000000000000000000000000000000000000000000000000000000000000000000000000000000000000000000000000,120,104056,reverse-output\assets\assetstudio-cli-data-all-raw\MonoBehaviour\Table_Block.dat
202402102,SubStory_Aiko,SubStory_Aiko,Book_Aiko,30,2,1,260,BlockName_AikoBook2,SubStory_Book_Aiko2,000000000000000000000000010000000000000000000000000000000000000000000000000000000000000000000000000000000000000000000000000000000000000000000000000000000000000000000000000000000000000000000000000000000000000000000000000000000000000000000000,120,104300,reverse-output\assets\assetstudio-cli-data-all-raw\MonoBehaviour\Table_Block.dat
202402103,SubStory_Aiko,SubStory_Aiko,Book_Aiko,30,3,1,559,BlockName_AikoBook3,SubStory_Book_Aiko3,000000000000000000000000010000000000000000000000000000000000000000000000000000000000000000000000000000000000000000000000000000000000000000000000000000000000000000000000000000000000000000000000000000000000000000000000000000000000000000000000,120,104544,reverse-output\assets\assetstudio-cli-data-all-raw\MonoBehaviour\Table_Block.dat
202402104,SubStory_Aiko,SubStory_Aiko,Book_Aiko,30,4,1,1053,BlockName_AikoBook4,SubStory_Book_Aiko4,000000000000000000000000010000000000000000000000000000000000000000000000000000000000000000000000000000000000000000000000000000000000000000000000000000000000000000000000000000000000000000000000000000000000000000000000000000000000000000000000,120,104788,reverse-output\assets\assetstudio-cli-data-all-raw\MonoBehaviour\Table_Block.dat
202402105,SubStory_Aiko,SubStory_Aiko,Book_Aiko,30,5,1,1820,BlockName_AikoBook5,SubStory_Book_Aiko5,000000000000000000000000010000000000000000000000000000000000000000000000000000000000000000000000000000000000000000000000000000000000000000000000000000000000000000000000000000000000000000000000000000000000000000000000000000000000000000000000,120,105032,reverse-output\assets\assetstudio-cli-data-all-raw\MonoBehaviour\Table_Block.dat
202202101,SubStory_Aiko,SubStory_Aiko,Bundlepaper_Aiko,28,1,1,117,BlockName_BundlePaper,SubStory_BundlePaper,00000000000000000000000018000000100e000000000000000000000100000003000000010000000000000000000000000000000000000000000000000000000000000000000000000000000000000000000000000000000000000000000000000000000000000000000000000000000000000000000000,120,105276,reverse-output\assets\assetstudio-cli-data-all-raw\MonoBehaviour\Table_Block.dat
202102101,SubStory_Aiko,SubStory_Aiko,Scene_Aiko,27,1,1,9,BlockName_FirstEncounter,SubStory_Aiko1_1,00000000000000000000000000000000000000000000000000000000000000000000000000000000000000000000000000000000000000000000000000000000000000000000000000000000000000000000000000000000010000000ad7a33b000020400000000000000000000000000000000001000000,120,105528,reverse-output\assets\assetstudio-cli-data-all-raw\MonoBehaviour\Table_Block.dat
202102102,SubStory_Aiko,SubStory_Aiko,Scene_Aiko,27,2,1,20,BlockName_Argument,SubStory_Aiko1_2,00000000000000000000000000000000000000000000000000000000000000000000000000000000000000000000000000000000000000000000000000000000000000000000000000000000000000000000000000000000010000000ad7a33b000020400000000000000000000000000000000001000000,120,105772,reverse-output\assets\assetstudio-cli-data-all-raw\MonoBehaviour\Table_Block.dat
202102103,SubStory_Aiko,SubStory_Aiko,Scene_Aiko,27,3,1,43,BlockName_Reconciliation,SubStory_Aiko1_3,00000000000000000000000000000000000000000000000000000000000000000000000000000000000000000000000000000000000000000000000000000000000000000000000000000000000000000000000000000000010000000ad7a33b000020400000000000000000000000000000000001000000,120,106012,reverse-output\assets\assetstudio-cli-data-all-raw\MonoBehaviour\Table_Block.dat
202102104,SubStory_Aiko,SubStory_Aiko,Scene_Aiko,27,4,1,81,BlockName_ParkBenchChat,SubStory_Aiko1_4,00000000000000000000000000000000000000000000000000000000000000000000000000000000000000000000000000000000000000000000000000000000000000000000000000000000000000000000000000000000010000000ad7a33b000020400000000000000000000000000000000001000000,120,106256,reverse-output\assets\assetstudio-cli-data-all-raw\MonoBehaviour\Table_Block.dat
202102105,SubStory_Aiko,SubStory_Aiko,Scene_Aiko,27,5,1,140,BlockName_PlayfulWalk,SubStory_Aiko1_5,00000000000000000000000000000000000000000000000000000000000000000000000000000000000000000000000000000000000000000000000000000000000000000000000000000000000000000000000000000000010000000ad7a33b000020400000000000000000000000000000000001000000,120,106500,reverse-output\assets\assetstudio-cli-data-all-raw\MonoBehaviour\Table_Block.dat
202102106,SubStory_Aiko,SubStory_Aiko,Scene_Aiko,27,6,1,222,BlockName_DeepConversation,SubStory_Aiko1_6,00000000000000000000000000000000000000000000000000000000000000000000000000000000000000000000000000000000000000000000000000000000000000000000000000000000000000000000000000000000010000000ad7a33b000020400000000000000000000000000000000001000000,120,106744,reverse-output\assets\assetstudio-cli-data-all-raw\MonoBehaviour\Table_Block.dat
202102107,SubStory_Aiko,SubStory_Aiko,Scene_Aiko,27,7,1,331,BlockName_HighFive,SubStory_Aiko1_7,00000000000000000000000000000000000000000000000000000000000000000000000000000000000000000000000000000000000000000000000000000000000000000000000000000000000000000000000000000000010000000ad7a33b000020400000000000000000000000000000000001000000,120,106992,reverse-output\assets\assetstudio-cli-data-all-raw\MonoBehaviour\Table_Block.dat
202102108,SubStory_Aiko,SubStory_Aiko,Scene_Aiko,27,8,1,470,BlockName_FestivalFireworksFun,SubStory_Aiko1_8,00000000000000000000000000000000000000000000000000000000000000000000000000000000000000000000000000000000000000000000000000000000000000000000000000000000000000000000000000000000010000000ad7a33b000020400000000000000000000000000000000001000000,120,107232,reverse-output\assets\assetstudio-cli-data-all-raw\MonoBehaviour\Table_Block.dat
202102109,SubStory_Aiko,SubStory_Aiko,Scene_Aiko,27,9,1,640,BlockName_CafeDessert,SubStory_Aiko1_9,00000000000000000000000000000000000000000000000000000000000000000000000000000000000000000000000000000000000000000000000000000000000000000000000000000000000000000000000000000000010000000ad7a33b000020400000000000000000000000000000000001000000,120,107484,reverse-output\assets\assetstudio-cli-data-all-raw\MonoBehaviour\Table_Block.dat
202102110,SubStory_Aiko,SubStory_Aiko,Scene_Aiko,27,10,1,845,BlockName_LightHug,SubStory_Aiko1_10,00000000000000000000000000000000000000000000000000000000000000000000000000000000000000000000000000000000000000000000000000000000000000000000000000000000000000000000000000000000010000000ad7a33b000020400000000000000000000000000000000001000000,120,107728,reverse-output\assets\assetstudio-cli-data-all-raw\MonoBehaviour\Table_Block.dat
202102111,SubStory_Aiko,SubStory_Aiko,Scene_Aiko,27,11,1,1087,BlockName_TakePhoto,SubStory_Aiko1_11,00000000000000000000000000000000000000000000000000000000000000000000000000000000000000000000000000000000000000000000000000000000000000000000000000000000000000000000000000000000010000000ad7a33b000020400000000000000000000000000000000001000000,120,107972,reverse-output\assets\assetstudio-cli-data-all-raw\MonoBehaviour\Table_Block.dat
202102201,SubStory_Aiko,SubStory_Aiko,Card_Aiko,27,1,2,10,BlockName_TornOldCard,SubStory2_1,00000000000000000000000000000000000000000000000000000000000000000000000000000000000000000000000000000000000000000000000000000000000000000000000000000000000000000000000000000000010000000ad7a33b000020400000000000000000000000000000000001000000,120,108216,reverse-output\assets\assetstudio-cli-data-all-raw\MonoBehaviour\Table_Block.dat
202102202,SubStory_Aiko,SubStory_Aiko,Card_Aiko,27,2,2,22,BlockName_OldCard,SubStory2_2,00000000000000000000000000000000000000000000000000000000000000000000000000000000000000000000000000000000000000000000000000000000000000000000000000000000000000000000000000000000010000000ad7a33b000020400000000000000000000000000000000001000000,120,108456,reverse-output\assets\assetstudio-cli-data-all-raw\MonoBehaviour\Table_Block.dat
202102203,SubStory_Aiko,SubStory_Aiko,Card_Aiko,27,3,2,49,BlockName_UnregisteredBookCard,SubStory2_3,00000000000000000000000000000000000000000000000000000000000000000000000000000000000000000000000000000000000000000000000000000000000000000000000000000000000000000000000000000000010000000ad7a33b000020400000000000000000000000000000000001000000,120,108692,reverse-output\assets\assetstudio-cli-data-all-raw\MonoBehaviour\Table_Block.dat
202102204,SubStory_Aiko,SubStory_Aiko,Card_Aiko,27,4,2,92,BlockName_StandardBookCard,SubStory2_4,00000000000000000000000000000000000000000000000000000000000000000000000000000000000000000000000000000000000000000000000000000000000000000000000000000000000000000000000000000000010000000ad7a33b000020400000000000000000000000000000000001000000,120,108940,reverse-output\assets\assetstudio-cli-data-all-raw\MonoBehaviour\Table_Block.dat
202102205,SubStory_Aiko,SubStory_Aiko,Card_Aiko,27,5,2,159,BlockName_VIPBookCard,SubStory2_5,00000000000000000000000000000000000000000000000000000000000000000000000000000000000000000000000000000000000000000000000000000000000000000000000000000000000000000000000000000000010000000ad7a33b000020400000000000000000000000000000000001000000,120,109184,reverse-output\assets\assetstudio-cli-data-all-raw\MonoBehaviour\Table_Block.dat
202102206,SubStory_Aiko,SubStory_Aiko,Card_Aiko,27,6,2,253,BlockName_LibrarianCard,SubStory2_6,00000000000000000000000000000000000000000000000000000000000000000000000000000000000000000000000000000000000000000000000000000000000000000000000000000000000000000000000000000000010000000ad7a33b000020400000000000000000000000000000000001000000,120,109424,reverse-output\assets\assetstudio-cli-data-all-raw\MonoBehaviour\Table_Block.dat
202102207,SubStory_Aiko,SubStory_Aiko,Card_Aiko,27,7,2,377,BlockName_LibraryMasterCard,SubStory2_7,00000000000000000000000000000000000000000000000000000000000000000000000000000000000000000000000000000000000000000000000000000000000000000000000000000000000000000000000000000000010000000ad7a33b000020400000000000000000000000000000000001000000,120,109664,reverse-output\assets\assetstudio-cli-data-all-raw\MonoBehaviour\Table_Block.dat
203203101,SubStory_School,SubStory_School,Bundlepaper_School,28,1,1,117,BlockName_MemoryBox,SubStory_MemoryBox,000000000000000000000000010000000000000000000000000000000400000019c4000001000000000000000000000000000000000000000000000000000000000000000000000000000000000000000000000000000000000000000ad7a33b000020400000000000000000000000000000000000000000,120,109908,reverse-output\assets\assetstudio-cli-data-all-raw\MonoBehaviour\Table_Block.dat
203103101,SubStory_School,SubStory_School,Main_School,27,1,1,9,BlockName_StrawberryCandy,SubStory_School1_1,00000000000000000000000000000000000000000000000000000000000000000000000000000000000000000000000000000000000000000000000000000000000000000000000000000000000000000000000000000000010000000ad7a33b000020400000000000000000000000000000000001000000,120,110160,reverse-output\assets\assetstudio-cli-data-all-raw\MonoBehaviour\Table_Block.dat
203103102,SubStory_School,SubStory_School,Main_School,27,2,1,20,BlockName_SyrupCapsule,SubStory_School1_2,00000000000000000000000000000000000000000000000000000000000000000000000000000000000000000000000000000000000000000000000000000000000000000000000000000000000000000000000000000000010000000ad7a33b000020400000000000000000000000000000000001000000,120,110412,reverse-output\assets\assetstudio-cli-data-all-raw\MonoBehaviour\Table_Block.dat
203103103,SubStory_School,SubStory_School,Main_School,27,3,1,43,BlockName_SyrupPump,SubStory_School1_3,00000000000000000000000000000000000000000000000000000000000000000000000000000000000000000000000000000000000000000000000000000000000000000000000000000000000000000000000000000000010000000ad7a33b000020400000000000000000000000000000000001000000,120,110660,reverse-output\assets\assetstudio-cli-data-all-raw\MonoBehaviour\Table_Block.dat
203103104,SubStory_School,SubStory_School,Main_School,27,4,1,81,BlockName_KaraokeMicrophone,SubStory_School1_4,00000000000000000000000000000000000000000000000000000000000000000000000000000000000000000000000000000000000000000000000000000000000000000000000000000000000000000000000000000000010000000ad7a33b000020400000000000000000000000000000000001000000,120,110904,reverse-output\assets\assetstudio-cli-data-all-raw\MonoBehaviour\Table_Block.dat
203103105,SubStory_School,SubStory_School,Main_School,27,5,1,140,BlockName_KaedeThermos,SubStory_School1_5,00000000000000000000000000000000000000000000000000000000000000000000000000000000000000000000000000000000000000000000000000000000000000000000000000000000000000000000000000000000010000000ad7a33b000020400000000000000000000000000000000001000000,120,111156,reverse-output\assets\assetstudio-cli-data-all-raw\MonoBehaviour\Table_Block.dat
203103106,SubStory_School,SubStory_School,Main_School,27,6,1,222,BlockName_ExamPaper,SubStory_School1_6,00000000000000000000000000000000000000000000000000000000000000000000000000000000000000000000000000000000000000000000000000000000000000000000000000000000000000000000000000000000010000000ad7a33b000020400000000000000000000000000000000001000000,120,111404,reverse-output\assets\assetstudio-cli-data-all-raw\MonoBehaviour\Table_Block.dat
203103107,SubStory_School,SubStory_School,Main_School,27,7,1,331,BlockName_ThickExamWorkbook,SubStory_School1_7,00000000000000000000000000000000000000000000000000000000000000000000000000000000000000000000000000000000000000000000000000000000000000000000000000000000000000000000000000000000010000000ad7a33b000020400000000000000000000000000000000001000000,120,111648,reverse-output\assets\assetstudio-cli-data-all-raw\MonoBehaviour\Table_Block.dat
203103108,SubStory_School,SubStory_School,Main_School,27,8,1,470,BlockName_HighlightStudyNotes,SubStory_School1_8,00000000000000000000000000000000000000000000000000000000000000000000000000000000000000000000000000000000000000000000000000000000000000000000000000000000000000000000000000000000010000000ad7a33b000020400000000000000000000000000000000001000000,120,111900,reverse-output\assets\assetstudio-cli-data-all-raw\MonoBehaviour\Table_Block.dat
203103109,SubStory_School,SubStory_School,Main_School,27,9,1,640,BlockName_SnackSetWithFriends,SubStory_School1_9,00000000000000000000000000000000000000000000000000000000000000000000000000000000000000000000000000000000000000000000000000000000000000000000000000000000000000000000000000000000010000000ad7a33b000020400000000000000000000000000000000001000000,120,112156,reverse-output\assets\assetstudio-cli-data-all-raw\MonoBehaviour\Table_Block.dat
203103110,SubStory_School,SubStory_School,Main_School,27,10,1,845,BlockName_ElegantTeacup,SubStory_School1_10,00000000000000000000000000000000000000000000000000000000000000000000000000000000000000000000000000000000000000000000000000000000000000000000000000000000000000000000000000000000010000000ad7a33b000020400000000000000000000000000000000001000000,120,112412,reverse-output\assets\assetstudio-cli-data-all-raw\MonoBehaviour\Table_Block.dat
203103111,SubStory_School,SubStory_School,Main_School,27,11,1,1087,BlockName_ClassicTeapotSet,SubStory_School1_11,00000000000000000000000000000000000000000000000000000000000000000000000000000000000000000000000000000000000000000000000000000000000000000000000000000000000000000000000000000000010000000ad7a33b000020400000000000000000000000000000000001000000,120,112660,reverse-output\assets\assetstudio-cli-data-all-raw\MonoBehaviour\Table_Block.dat
203103112,SubStory_School,SubStory_School,Main_School,27,12,1,1368,BlockName_ManualCoffeeGrinder,SubStory_School1_12,00000000000000000000000000000000000000000000000000000000000000000000000000000000000000000000000000000000000000000000000000000000000000000000000000000000000000000000000000000000010000000ad7a33b000020400000000000000000000000000000000001000000,120,112912,reverse-output\assets\assetstudio-cli-data-all-raw\MonoBehaviour\Table_Block.dat
203103113,SubStory_School,SubStory_School,Main_School,27,13,1,1691,BlockName_ProfessionalEspressoMachine,SubStory_School1_13,00000000000000000000000000000000000000000000000000000000000000000000000000000000000000000000000000000000000000000000000000000000000000000000000000000000000000000000000000000000010000000ad7a33b000020400000000000000000000000000000000001000000,120,113168,reverse-output\assets\assetstudio-cli-data-all-raw\MonoBehaviour\Table_Block.dat
203103114,SubStory_School,SubStory_School,Main_School,27,14,1,2056,BlockName_GoldFramedCertificate,SubStory_School1_14,00000000000000000000000000000000000000000000000000000000000000000000000000000000000000000000000000000000000000000000000000000000000000000000000000000000000000000000000000000000010000000ad7a33b000020400000000000000000000000000000000001000000,120,113432,reverse-output\assets\assetstudio-cli-data-all-raw\MonoBehaviour\Table_Block.dat
203103115,SubStory_School,SubStory_School,Main_School,27,15,1,2467,BlockName_GraduationPhoto,SubStory_School1_15,00000000000000000000000000000000000000000000000000000000000000000000000000000000000000000000000000000000000000000000000000000000000000000000000000000000000000000000000000000000010000000ad7a33b000020400000000000000000000000000000000001000000,120,113688,reverse-output\assets\assetstudio-cli-data-all-raw\MonoBehaviour\Table_Block.dat
203103201,SubStory_School,SubStory_School,Bonus_School,27,1,2,10,BlockName_TeaSpoon,SubStory_School2_1,00000000000000000000000000000000000000000000000000000000000000000000000000000000000000000000000000000000000000000000000000000000000000000000000000000000000000000000000000000000010000000ad7a33b000020400000000000000000000000000000000001000000,120,113940,reverse-output\assets\assetstudio-cli-data-all-raw\MonoBehaviour\Table_Block.dat
203103202,SubStory_School,SubStory_School,Bonus_School,27,2,2,22,BlockName_EmptyGlass,SubStory_School2_2,00000000000000000000000000000000000000000000000000000000000000000000000000000000000000000000000000000000000000000000000000000000000000000000000000000000000000000000000000000000010000000ad7a33b000020400000000000000000000000000000000001000000,120,114184,reverse-output\assets\assetstudio-cli-data-all-raw\MonoBehaviour\Table_Block.dat
203103203,SubStory_School,SubStory_School,Bonus_School,27,3,2,49,BlockName_GlassWithCoffee,SubStory_School2_3,00000000000000000000000000000000000000000000000000000000000000000000000000000000000000000000000000000000000000000000000000000000000000000000000000000000000000000000000000000000010000000ad7a33b000020400000000000000000000000000000000001000000,120,114428,reverse-output\assets\assetstudio-cli-data-all-raw\MonoBehaviour\Table_Block.dat
203103204,SubStory_School,SubStory_School,Bonus_School,27,4,2,92,BlockName_CoffeeGlassWithSyrupCapsule,SubStory_School2_4,00000000000000000000000000000000000000000000000000000000000000000000000000000000000000000000000000000000000000000000000000000000000000000000000000000000000000000000000000000000010000000ad7a33b000020400000000000000000000000000000000001000000,120,114680,reverse-output\assets\assetstudio-cli-data-all-raw\MonoBehaviour\Table_Block.dat
203103205,SubStory_School,SubStory_School,Bonus_School,1,5,2,159,BlockName_CookieSetAndCoffeeGlass,SubStory_School2_5,00000000000000000000000001000000000000000000000000000000000000000000000000000000010000000000000000000000000000000000000000000000000000000000000000000000000000000000000000000000010000000ad7a33b000020400000000000000000000000000000000001000000,120,114944,reverse-output\assets\assetstudio-cli-data-all-raw\MonoBehaviour\Table_Block.dat
100801101,Event,Event,Event,14,1,0,17,BlockName_Spoon,Event_Block_Spoon_01,000000000000000000000000000000000000000000000000000000000000000000000000000000000100000000000000000000000000000000000000000000000000000000000000000000000400000003000000010000000000000000000000000000000000000000000000000000000000000001000000,120,115204,reverse-output\assets\assetstudio-cli-data-all-raw\MonoBehaviour\Table_Block.dat
100801102,Event,Event,Event,14,2,0,35,BlockName_Spoon,Event_Block_Spoon_02,000000000000000000000000000000000000000000000000000000000000000000000000000000000100000000000000000000000000000000000000000000000000000000000000000000000400000003000000030000000000000000000000000000000000000000000000000000000000000001000000,120,115424,reverse-output\assets\assetstudio-cli-data-all-raw\MonoBehaviour\Table_Block.dat
100801103,Event,Event,Event,14,3,0,52,BlockName_Spoon,Event_Block_Spoon_03,000000000000000000000000000000000000000000000000000000000000000000000000000000000100000000000000000000000000000000000000000000000000000000000000000000000400000003000000070000000000000000000000000000000000000000000000000000000000000001000000,120,115644,reverse-output\assets\assetstudio-cli-data-all-raw\MonoBehaviour\Table_Block.dat
100801104,Event,Event,Event,14,4,0,70,BlockName_Spoon,Event_Block_Spoon_04,0000000000000000000000000000000000000000000000000000000000000000000000000000000001000000000000000000000000000000000000000000000000000000000000000000000004000000030000000f0000000000000000000000000000000000000000000000000000000000000001000000,120,115864,reverse-output\assets\assetstudio-cli-data-all-raw\MonoBehaviour\Table_Block.dat
100801105,Event,Event,Event,14,5,0,87,BlockName_Spoon,Event_Block_Spoon_05,000000000000000000000000000000000000000000000000000000000000000000000000000000000100000000000000000000000000000000000000000000000000000000000000000000000400000003000000200000000000000000000000000000000000000000000000000000000000000001000000,120,116084,reverse-output\assets\assetstudio-cli-data-all-raw\MonoBehaviour\Table_Block.dat
100210101,Event,HalloweenBasket,HalloweenBasket,1,1,1,0,BlockName_Halloween_Basket,Event_Halloween_Basket_Produce_1,000000000000000000000000100000000807000000000000000000000000000000000000000000000000000000000000000000000000000000000000000000000000000000000000000000000000000000000000000000000000000000000000000000000000004000000000020000000000000001000000,120,116304,reverse-output\assets\assetstudio-cli-data-all-raw\MonoBehaviour\Table_Block.dat
100210102,Event,HalloweenBasket,HalloweenBasket,1,2,1,0,BlockName_Halloween_Basket,Event_Halloween_Basket_Produce_2,000000000000000000000000180000000807000000000000000000000000000000000000000000000000000000000000000000000000000000000000000000000000000000000000000000000000000000000000000000000000000000000000000000000000004000000000020000000000000001000000,120,116564,reverse-output\assets\assetstudio-cli-data-all-raw\MonoBehaviour\Table_Block.dat
100910101,Event,HalloweenBasket,HalloweenCandy,14,1,0,17,BlockName_Halloween_Candy,Event_Halloween_Candy1_1,0000000000000000000000000000000000000000000000000000000000000000000000000000000001000000000000000000000000000000000000000000000000000000000000000000000004000000070000000100000000000000cdcc4c3d000000000000000000000000000000000000000001000000,120,116824,reverse-output\assets\assetstudio-cli-data-all-raw\MonoBehaviour\Table_Block.dat
100910102,Event,HalloweenBasket,HalloweenCandy,14,2,0,35,BlockName_Halloween_Candy,Event_Halloween_Candy1_2,0000000000000000000000000000000000000000000000000000000000000000000000000000000001000000000000000000000000000000000000000000000000000000000000000000000004000000070000000700000000000000cdcc4c3d000000000000000000000000000000000000000001000000,120,117076,reverse-output\assets\assetstudio-cli-data-all-raw\MonoBehaviour\Table_Block.dat
100910103,Event,HalloweenBasket,HalloweenCandy,14,3,0,52,BlockName_Halloween_Candy,Event_Halloween_Candy1_3,0000000000000000000000000000000000000000000000000000000000000000000000000000000001000000000000000000000000000000000000000000000000000000000000000000000004000000070000002500000000000000cdcc4c3d000000000000000000000000000000000000000001000000,120,117328,reverse-output\assets\assetstudio-cli-data-all-raw\MonoBehaviour\Table_Block.dat
100910104,Event,HalloweenBasket,HalloweenCandy,14,4,0,70,BlockName_Halloween_Candy,Event_Halloween_Candy1_4,0000000000000000000000000000000000000000000000000000000000000000000000000000000001000000000000000000000000000000000000000000000000000000000000000000000004000000070000004b00000000000000cdcc4c3d000000000000000000000000000000000000000001000000,120,117580,reverse-output\assets\assetstudio-cli-data-all-raw\MonoBehaviour\Table_Block.dat
100910105,Event,HalloweenBasket,HalloweenCandy,14,5,0,87,BlockName_Halloween_Candy,Event_Halloween_Candy1_5,0000000000000000000000000000000000000000000000000000000000000000000000000000000001000000000000000000000000000000000000000000000000000000000000000000000004000000070000009600000000000000cdcc4c3d000000000000000000000000000000000000000001000000,120,117832,reverse-output\assets\assetstudio-cli-data-all-raw\MonoBehaviour\Table_Block.dat
100113101,Event,MarkerPenSetB,MarkerPenSetB,1,1,1,0,BlockName_MarkerPenSet,Event_Webtoon_Produce_01,0000000000000000000000000c0000000807000000000000000000000000000000000000000000000000000000000000000000000000000000000000000000000000000000000000000000000000000000000000000000000000000000000000000000000000004000000000020000000000000000000000,120,118084,reverse-output\assets\assetstudio-cli-data-all-raw\MonoBehaviour\Table_Block.dat
100213101,Event,MarkerPenSetB,MarkerPen,0,1,1,18,BlockName_MarkerWPenRed,Event_Webtoon_01,0000000000000000000000000000000000000000000000000000000000000000000000000000000000000000000000000000000000000000000000000000000000000000000000000000000000000000000000000000000001000000cdcc4c3d000000000000000000000000000000000000000001000000,120,118332,reverse-output\assets\assetstudio-cli-data-all-raw\MonoBehaviour\Table_Block.dat
100213102,Event,MarkerPenSetB,MarkerPen,0,2,1,42,BlockName_MarkerWPenYellow,Event_Webtoon_02,0000000000000000000000000000000000000000000000000000000000000000000000000000000000000000000000000000000000000000000000000000000000000000000000000000000000000000000000000000000001000000cdcc4c3d000000000000000000000000000000000000000001000000,120,118568,reverse-output\assets\assetstudio-cli-data-all-raw\MonoBehaviour\Table_Block.dat
100213103,Event,MarkerPenSetB,MarkerPen,0,3,1,94,BlockName_MarkerWPenGreen,Event_Webtoon_03,0000000000000000000000000000000000000000000000000000000000000000000000000000000000000000000000000000000000000000000000000000000000000000000000000000000000000000000000000000000001000000cdcc4c3d000000000000000000000000000000000000000001000000,120,118808,reverse-output\assets\assetstudio-cli-data-all-raw\MonoBehaviour\Table_Block.dat
100213104,Event,MarkerPenSetB,MarkerPen,0,4,1,176,BlockName_MarkerWPenBlue,Event_Webtoon_04,0000000000000000000000000000000000000000000000000000000000000000000000000000000000000000000000000000000000000000000000000000000000000000000000000000000000000000000000000000000001000000cdcc4c3d000000000000000000000000000000000000000001000000,120,119048,reverse-output\assets\assetstudio-cli-data-all-raw\MonoBehaviour\Table_Block.dat
100213105,Event,MarkerPenSetB,MarkerPen,0,5,1,306,BlockName_MarkerWPenPurple,Event_Webtoon_05,0000000000000000000000000000000000000000000000000000000000000000000000000000000000000000000000000000000000000000000000000000000000000000000000000000000000000000000000000000000001000000cdcc4c3d000000000000000000000000000000000000000001000000,120,119284,reverse-output\assets\assetstudio-cli-data-all-raw\MonoBehaviour\Table_Block.dat
100213106,Event,MarkerPenSetB,MarkerPen,0,6,1,18,BlockName_MarkerBPenRed,Event_Webtoon_06,0000000000000000000000000000000000000000000000000000000000000000000000000000000000000000000000000000000000000000000000000000000000000000000000000000000000000000000000000000000001000000cdcc4c3d000000000000000000000000000000000000000001000000,120,119524,reverse-output\assets\assetstudio-cli-data-all-raw\MonoBehaviour\Table_Block.dat
100213107,Event,MarkerPenSetB,MarkerPen,0,7,1,42,BlockName_MarkerBPenYellow,Event_Webtoon_07,0000000000000000000000000000000000000000000000000000000000000000000000000000000000000000000000000000000000000000000000000000000000000000000000000000000000000000000000000000000001000000cdcc4c3d000000000000000000000000000000000000000001000000,120,119760,reverse-output\assets\assetstudio-cli-data-all-raw\MonoBehaviour\Table_Block.dat
100213108,Event,MarkerPenSetB,MarkerPen,0,8,1,94,BlockName_MarkerBPenGreen,Event_Webtoon_08,0000000000000000000000000000000000000000000000000000000000000000000000000000000000000000000000000000000000000000000000000000000000000000000000000000000000000000000000000000000001000000cdcc4c3d000000000000000000000000000000000000000001000000,120,120000,reverse-output\assets\assetstudio-cli-data-all-raw\MonoBehaviour\Table_Block.dat
100213109,Event,MarkerPenSetB,MarkerPen,0,9,1,176,BlockName_MarkerBPenBlue,Event_Webtoon_09,0000000000000000000000000000000000000000000000000000000000000000000000000000000000000000000000000000000000000000000000000000000000000000000000000000000000000000000000000000000001000000cdcc4c3d000000000000000000000000000000000000000001000000,120,120240,reverse-output\assets\assetstudio-cli-data-all-raw\MonoBehaviour\Table_Block.dat
100213110,Event,MarkerPenSetB,MarkerPen,0,10,1,306,BlockName_MarkerBPenPurple,Event_Webtoon_10,0000000000000000000000000000000000000000000000000000000000000000000000000000000000000000000000000000000000000000000000000000000000000000000000000000000000000000000000000000000001000000cdcc4c3d000000000000000000000000000000000000000001000000,120,120476,reverse-output\assets\assetstudio-cli-data-all-raw\MonoBehaviour\Table_Block.dat
100114101,Event,PaintPaletteB,PaintPaletteB,1,1,1,0,BlockName_PaintPalette,Event_Webtoon2_Produce_02,000000000000000000000000110000000807000000000000000000000000000000000000000000000000000000000000000000000000000000000000000000000000000000000000000000000000000000000000000000000000000000000000000000000000000000000000000000000000000000000000,120,120716,reverse-output\assets\assetstudio-cli-data-all-raw\MonoBehaviour\Table_Block.dat
100214101,Event,PaintPaletteB,PaintB,0,1,1,18,BlockName_PaintRed,Event_Webtoon2_01,0000000000000000000000000000000000000000000000000000000000000000000000000000000000000000000000000000000000000000000000000000000000000000000000000000000000000000000000000000000001000000cdcc4c3d000000000000000000000000000000000000000001000000,120,120968,reverse-output\assets\assetstudio-cli-data-all-raw\MonoBehaviour\Table_Block.dat
100214102,Event,PaintPaletteB,PaintB,0,2,1,42,BlockName_PaintYellow,Event_Webtoon2_02,0000000000000000000000000000000000000000000000000000000000000000000000000000000000000000000000000000000000000000000000000000000000000000000000000000000000000000000000000000000001000000cdcc4c3d000000000000000000000000000000000000000001000000,120,121200,reverse-output\assets\assetstudio-cli-data-all-raw\MonoBehaviour\Table_Block.dat
100214103,Event,PaintPaletteB,PaintB,0,3,1,94,BlockName_PaintGreen,Event_Webtoon2_03,0000000000000000000000000000000000000000000000000000000000000000000000000000000000000000000000000000000000000000000000000000000000000000000000000000000000000000000000000000000001000000cdcc4c3d000000000000000000000000000000000000000001000000,120,121436,reverse-output\assets\assetstudio-cli-data-all-raw\MonoBehaviour\Table_Block.dat
100214104,Event,PaintPaletteB,PaintB,0,4,1,176,BlockName_PaintBlue,Event_Webtoon2_04,0000000000000000000000000000000000000000000000000000000000000000000000000000000000000000000000000000000000000000000000000000000000000000000000000000000000000000000000000000000001000000cdcc4c3d000000000000000000000000000000000000000001000000,120,121668,reverse-output\assets\assetstudio-cli-data-all-raw\MonoBehaviour\Table_Block.dat
100214105,Event,PaintPaletteB,PaintB,0,5,1,306,BlockName_PaintPurple,Event_Webtoon2_05,0000000000000000000000000000000000000000000000000000000000000000000000000000000000000000000000000000000000000000000000000000000000000000000000000000000000000000000000000000000001000000cdcc4c3d000000000000000000000000000000000000000001000000,120,121900,reverse-output\assets\assetstudio-cli-data-all-raw\MonoBehaviour\Table_Block.dat
100214106,Event,PaintPaletteB,PaintB,0,6,1,18,BlockName_PaintTubeRed,Event_Webtoon2_06,0000000000000000000000000000000000000000000000000000000000000000000000000000000000000000000000000000000000000000000000000000000000000000000000000000000000000000000000000000000001000000cdcc4c3d000000000000000000000000000000000000000001000000,120,122136,reverse-output\assets\assetstudio-cli-data-all-raw\MonoBehaviour\Table_Block.dat
100214107,Event,PaintPaletteB,PaintB,0,7,1,42,BlockName_PaintTubeYellow,Event_Webtoon2_07,0000000000000000000000000000000000000000000000000000000000000000000000000000000000000000000000000000000000000000000000000000000000000000000000000000000000000000000000000000000001000000cdcc4c3d000000000000000000000000000000000000000001000000,120,122372,reverse-output\assets\assetstudio-cli-data-all-raw\MonoBehaviour\Table_Block.dat
100214108,Event,PaintPaletteB,PaintB,0,8,1,94,BlockName_PaintTubeGreen,Event_Webtoon2_08,0000000000000000000000000000000000000000000000000000000000000000000000000000000000000000000000000000000000000000000000000000000000000000000000000000000000000000000000000000000001000000cdcc4c3d000000000000000000000000000000000000000001000000,120,122612,reverse-output\assets\assetstudio-cli-data-all-raw\MonoBehaviour\Table_Block.dat
100214109,Event,PaintPaletteB,PaintB,0,9,1,176,BlockName_PaintTubeBlue,Event_Webtoon2_09,0000000000000000000000000000000000000000000000000000000000000000000000000000000000000000000000000000000000000000000000000000000000000000000000000000000000000000000000000000000001000000cdcc4c3d000000000000000000000000000000000000000001000000,120,122848,reverse-output\assets\assetstudio-cli-data-all-raw\MonoBehaviour\Table_Block.dat
100214110,Event,PaintPaletteB,PaintB,0,10,1,306,BlockName_PaintTubePurple,Event_Webtoon2_10,0000000000000000000000000000000000000000000000000000000000000000000000000000000000000000000000000000000000000000000000000000000000000000000000000000000000000000000000000000000001000000cdcc4c3d000000000000000000000000000000000000000001000000,120,123084,reverse-output\assets\assetstudio-cli-data-all-raw\MonoBehaviour\Table_Block.dat
100214201,Event,PaintPaletteB,PaintPotB,0,1,2,18,BlockName_PaintPotRed,Event_Webtoon2_11,0000000000000000000000000000000000000000000000000000000000000000000000000000000000000000000000000000000000000000000000000000000000000000000000000000000000000000000000000000000001000000cdcc4c3d000000000000000000000000000000000000000001000000,120,123324,reverse-output\assets\assetstudio-cli-data-all-raw\MonoBehaviour\Table_Block.dat
100214202,Event,PaintPaletteB,PaintPotB,0,2,2,42,BlockName_PaintPotYellow,Event_Webtoon2_12,0000000000000000000000000000000000000000000000000000000000000000000000000000000000000000000000000000000000000000000000000000000000000000000000000000000000000000000000000000000001000000cdcc4c3d000000000000000000000000000000000000000001000000,120,123564,reverse-output\assets\assetstudio-cli-data-all-raw\MonoBehaviour\Table_Block.dat
100214203,Event,PaintPaletteB,PaintPotB,0,3,2,94,BlockName_PaintPotGreen,Event_Webtoon2_13,0000000000000000000000000000000000000000000000000000000000000000000000000000000000000000000000000000000000000000000000000000000000000000000000000000000000000000000000000000000001000000cdcc4c3d000000000000000000000000000000000000000001000000,120,123804,reverse-output\assets\assetstudio-cli-data-all-raw\MonoBehaviour\Table_Block.dat
100214204,Event,PaintPaletteB,PaintPotB,0,4,2,176,BlockName_PaintPotBlue,Event_Webtoon2_14,0000000000000000000000000000000000000000000000000000000000000000000000000000000000000000000000000000000000000000000000000000000000000000000000000000000000000000000000000000000001000000cdcc4c3d000000000000000000000000000000000000000001000000,120,124044,reverse-output\assets\assetstudio-cli-data-all-raw\MonoBehaviour\Table_Block.dat
100214205,Event,PaintPaletteB,PaintPotB,0,5,2,306,BlockName_PaintPotPurple,Event_Webtoon2_15,0000000000000000000000000000000000000000000000000000000000000000000000000000000000000000000000000000000000000000000000000000000000000000000000000000000000000000000000000000000001000000cdcc4c3d000000000000000000000000000000000000000001000000,120,124284,reverse-output\assets\assetstudio-cli-data-all-raw\MonoBehaviour\Table_Block.dat
100111101,Event,MarkerPenSet,MarkerPenSet,1,1,1,10,BlockName_MarkerPenSet,Event_Webtoon_Produce_01,0000000000000000000000000500000040380000000000000000000000000000000000000000000000000000000000000000000000000000000000000000000000000000000000000000000000000000000000000000000001000000cdcc4c3d000000000000004000000000020000000000000000000000,120,124524,reverse-output\assets\assetstudio-cli-data-all-raw\MonoBehaviour\Table_Block.dat
100211101,Event,MarkerPenSet,MarkerPenW,0,1,1,18,BlockName_MarkerWPenRed,Event_Webtoon_01,0000000000000000000000000000000000000000000000000000000000000000000000000000000000000000000000000000000000000000000000000000000000000000000000000000000000000000000000000000000001000000cdcc4c3d000000000000000000000000000000000000000001000000,120,124764,reverse-output\assets\assetstudio-cli-data-all-raw\MonoBehaviour\Table_Block.dat
100211102,Event,MarkerPenSet,MarkerPenW,0,2,1,42,BlockName_MarkerWPenYellow,Event_Webtoon_02,0000000000000000000000000000000000000000000000000000000000000000000000000000000000000000000000000000000000000000000000000000000000000000000000000000000000000000000000000000000001000000cdcc4c3d000000000000000000000000000000000000000001000000,120,124996,reverse-output\assets\assetstudio-cli-data-all-raw\MonoBehaviour\Table_Block.dat
100211103,Event,MarkerPenSet,MarkerPenW,0,3,1,94,BlockName_MarkerWPenGreen,Event_Webtoon_03,0000000000000000000000000000000000000000000000000000000000000000000000000000000000000000000000000000000000000000000000000000000000000000000000000000000000000000000000000000000001000000cdcc4c3d000000000000000000000000000000000000000001000000,120,125232,reverse-output\assets\assetstudio-cli-data-all-raw\MonoBehaviour\Table_Block.dat
100211104,Event,MarkerPenSet,MarkerPenW,0,4,1,176,BlockName_MarkerWPenBlue,Event_Webtoon_04,0000000000000000000000000000000000000000000000000000000000000000000000000000000000000000000000000000000000000000000000000000000000000000000000000000000000000000000000000000000001000000cdcc4c3d000000000000000000000000000000000000000001000000,120,125468,reverse-output\assets\assetstudio-cli-data-all-raw\MonoBehaviour\Table_Block.dat
100211105,Event,MarkerPenSet,MarkerPenW,0,5,1,306,BlockName_MarkerWPenPurple,Event_Webtoon_05,0000000000000000000000000000000000000000000000000000000000000000000000000000000000000000000000000000000000000000000000000000000000000000000000000000000000000000000000000000000001000000cdcc4c3d000000000000000000000000000000000000000001000000,120,125700,reverse-output\assets\assetstudio-cli-data-all-raw\MonoBehaviour\Table_Block.dat
100211201,Event,MarkerPenSet,MarkerPenB,0,1,2,18,BlockName_MarkerBPenRed,Event_Webtoon_06,0000000000000000000000000000000000000000000000000000000000000000000000000000000000000000000000000000000000000000000000000000000000000000000000000000000000000000000000000000000001000000cdcc4c3d000000000000000000000000000000000000000001000000,120,125936,reverse-output\assets\assetstudio-cli-data-all-raw\MonoBehaviour\Table_Block.dat
100211202,Event,MarkerPenSet,MarkerPenB,0,2,2,42,BlockName_MarkerBPenYellow,Event_Webtoon_07,0000000000000000000000000000000000000000000000000000000000000000000000000000000000000000000000000000000000000000000000000000000000000000000000000000000000000000000000000000000001000000cdcc4c3d000000000000000000000000000000000000000001000000,120,126168,reverse-output\assets\assetstudio-cli-data-all-raw\MonoBehaviour\Table_Block.dat
100211203,Event,MarkerPenSet,MarkerPenB,0,3,2,94,BlockName_MarkerBPenGreen,Event_Webtoon_08,0000000000000000000000000000000000000000000000000000000000000000000000000000000000000000000000000000000000000000000000000000000000000000000000000000000000000000000000000000000001000000cdcc4c3d000000000000000000000000000000000000000001000000,120,126404,reverse-output\assets\assetstudio-cli-data-all-raw\MonoBehaviour\Table_Block.dat
100211204,Event,MarkerPenSet,MarkerPenB,0,4,2,176,BlockName_MarkerBPenBlue,Event_Webtoon_09,0000000000000000000000000000000000000000000000000000000000000000000000000000000000000000000000000000000000000000000000000000000000000000000000000000000000000000000000000000000001000000cdcc4c3d000000000000000000000000000000000000000001000000,120,126640,reverse-output\assets\assetstudio-cli-data-all-raw\MonoBehaviour\Table_Block.dat
100211205,Event,MarkerPenSet,MarkerPenB,0,5,2,306,BlockName_MarkerBPenPurple,Event_Webtoon_10,0000000000000000000000000000000000000000000000000000000000000000000000000000000000000000000000000000000000000000000000000000000000000000000000000000000000000000000000000000000001000000cdcc4c3d000000000000000000000000000000000000000001000000,120,126872,reverse-output\assets\assetstudio-cli-data-all-raw\MonoBehaviour\Table_Block.dat
100112101,Event,PaintPalette,PaintPalette,1,1,1,10,BlockName_PaintPalette,Event_Webtoon2_Produce_02,0000000000000000000000000700000050460000000000000000000000000000000000000000000000000000000000000000000000000000000000000000000000000000000000000000000000000000000000000000000001000000cdcc4c3d000000000000000000000000000000000000000000000000,120,127108,reverse-output\assets\assetstudio-cli-data-all-raw\MonoBehaviour\Table_Block.dat
100212101,Event,PaintPalette,Paint,0,1,1,18,BlockName_PaintRed,Event_Webtoon2_01,0000000000000000000000000000000000000000000000000000000000000000000000000000000000000000000000000000000000000000000000000000000000000000000000000000000000000000000000000000000001000000cdcc4c3d000000000000000000000000000000000000000001000000,120,127352,reverse-output\assets\assetstudio-cli-data-all-raw\MonoBehaviour\Table_Block.dat
100212102,Event,PaintPalette,Paint,0,2,1,42,BlockName_PaintYellow,Event_Webtoon2_02,0000000000000000000000000000000000000000000000000000000000000000000000000000000000000000000000000000000000000000000000000000000000000000000000000000000000000000000000000000000001000000cdcc4c3d000000000000000000000000000000000000000001000000,120,127580,reverse-output\assets\assetstudio-cli-data-all-raw\MonoBehaviour\Table_Block.dat
100212103,Event,PaintPalette,Paint,0,3,1,94,BlockName_PaintGreen,Event_Webtoon2_03,0000000000000000000000000000000000000000000000000000000000000000000000000000000000000000000000000000000000000000000000000000000000000000000000000000000000000000000000000000000001000000cdcc4c3d000000000000000000000000000000000000000001000000,120,127812,reverse-output\assets\assetstudio-cli-data-all-raw\MonoBehaviour\Table_Block.dat
100212104,Event,PaintPalette,Paint,0,4,1,176,BlockName_PaintBlue,Event_Webtoon2_04,0000000000000000000000000000000000000000000000000000000000000000000000000000000000000000000000000000000000000000000000000000000000000000000000000000000000000000000000000000000001000000cdcc4c3d000000000000000000000000000000000000000001000000,120,128040,reverse-output\assets\assetstudio-cli-data-all-raw\MonoBehaviour\Table_Block.dat
100212105,Event,PaintPalette,Paint,0,5,1,306,BlockName_PaintPurple,Event_Webtoon2_05,0000000000000000000000000000000000000000000000000000000000000000000000000000000000000000000000000000000000000000000000000000000000000000000000000000000000000000000000000000000001000000cdcc4c3d000000000000000000000000000000000000000001000000,120,128268,reverse-output\assets\assetstudio-cli-data-all-raw\MonoBehaviour\Table_Block.dat
100212201,Event,PaintPalette,PaintTube,0,1,2,18,BlockName_PaintTubeRed,Event_Webtoon2_06,0000000000000000000000000000000000000000000000000000000000000000000000000000000000000000000000000000000000000000000000000000000000000000000000000000000000000000000000000000000001000000cdcc4c3d000000000000000000000000000000000000000001000000,120,128500,reverse-output\assets\assetstudio-cli-data-all-raw\MonoBehaviour\Table_Block.dat
100212202,Event,PaintPalette,PaintTube,0,2,2,42,BlockName_PaintTubeYellow,Event_Webtoon2_07,0000000000000000000000000000000000000000000000000000000000000000000000000000000000000000000000000000000000000000000000000000000000000000000000000000000000000000000000000000000001000000cdcc4c3d000000000000000000000000000000000000000001000000,120,128736,reverse-output\assets\assetstudio-cli-data-all-raw\MonoBehaviour\Table_Block.dat
100212203,Event,PaintPalette,PaintTube,0,3,2,94,BlockName_PaintTubeGreen,Event_Webtoon2_08,0000000000000000000000000000000000000000000000000000000000000000000000000000000000000000000000000000000000000000000000000000000000000000000000000000000000000000000000000000000001000000cdcc4c3d000000000000000000000000000000000000000001000000,120,128976,reverse-output\assets\assetstudio-cli-data-all-raw\MonoBehaviour\Table_Block.dat
100212204,Event,PaintPalette,PaintTube,0,4,2,176,BlockName_PaintTubeBlue,Event_Webtoon2_09,0000000000000000000000000000000000000000000000000000000000000000000000000000000000000000000000000000000000000000000000000000000000000000000000000000000000000000000000000000000001000000cdcc4c3d000000000000000000000000000000000000000001000000,120,129212,reverse-output\assets\assetstudio-cli-data-all-raw\MonoBehaviour\Table_Block.dat
100212205,Event,PaintPalette,PaintTube,0,5,2,306,BlockName_PaintTubePurple,Event_Webtoon2_10,0000000000000000000000000000000000000000000000000000000000000000000000000000000000000000000000000000000000000000000000000000000000000000000000000000000000000000000000000000000001000000cdcc4c3d000000000000000000000000000000000000000001000000,120,129448,reverse-output\assets\assetstudio-cli-data-all-raw\MonoBehaviour\Table_Block.dat
100212301,Event,PaintPalette,PaintPot,0,1,3,18,BlockName_PaintPotRed,Event_Webtoon2_11,0000000000000000000000000000000000000000000000000000000000000000000000000000000000000000000000000000000000000000000000000000000000000000000000000000000000000000000000000000000001000000cdcc4c3d000000000000000000000000000000000000000001000000,120,129688,reverse-output\assets\assetstudio-cli-data-all-raw\MonoBehaviour\Table_Block.dat
100212302,Event,PaintPalette,PaintPot,0,2,3,42,BlockName_PaintPotYellow,Event_Webtoon2_12,0000000000000000000000000000000000000000000000000000000000000000000000000000000000000000000000000000000000000000000000000000000000000000000000000000000000000000000000000000000001000000cdcc4c3d000000000000000000000000000000000000000001000000,120,129920,reverse-output\assets\assetstudio-cli-data-all-raw\MonoBehaviour\Table_Block.dat
100212303,Event,PaintPalette,PaintPot,0,3,3,94,BlockName_PaintPotGreen,Event_Webtoon2_13,0000000000000000000000000000000000000000000000000000000000000000000000000000000000000000000000000000000000000000000000000000000000000000000000000000000000000000000000000000000001000000cdcc4c3d000000000000000000000000000000000000000001000000,120,130152,reverse-output\assets\assetstudio-cli-data-all-raw\MonoBehaviour\Table_Block.dat
100212304,Event,PaintPalette,PaintPot,0,4,3,176,BlockName_PaintPotBlue,Event_Webtoon2_14,0000000000000000000000000000000000000000000000000000000000000000000000000000000000000000000000000000000000000000000000000000000000000000000000000000000000000000000000000000000001000000cdcc4c3d000000000000000000000000000000000000000001000000,120,130384,reverse-output\assets\assetstudio-cli-data-all-raw\MonoBehaviour\Table_Block.dat
100212305,Event,PaintPalette,PaintPot,0,5,3,306,BlockName_PaintPotPurple,Event_Webtoon2_15,0000000000000000000000000000000000000000000000000000000000000000000000000000000000000000000000000000000000000000000000000000000000000000000000000000000000000000000000000000000001000000cdcc4c3d000000000000000000000000000000000000000001000000,120,130616,reverse-output\assets\assetstudio-cli-data-all-raw\MonoBehaviour\Table_Block.dat
