id,address,assetPath,bundleID,bundleName,hashFileName,fileSize,physicalPath,physicalExists,physicalSizeMatches,dependBundleIDs
1342,Assets/Game/RawAssets/Prefabs/Effect3d/Fx_HeroRecruit1.prefab,,1297,assets_game_rawassets_prefabs_effect3d_fx_herorecruit1.bundle,7dc07826f216a8714aae0f723860c3ce.bundle,33360,files\yoo\Default\BundleFiles\7d\7dc07826f216a8714aae0f723860c3ce\__data,True,True,
1888,Assets/Game/RawAssets/Prefabs/UI/Activity/PrayerReCharge/PrayerReChargePanel.prefab,,1840,assets_game_rawassets_prefabs_ui_activity_prayerrecharge_prayerrechargepanel.bundle,8a13aa50dbdd7795f7aa288263ff74b4.bundle,36760,files\yoo\Default\BundleFiles\8a\8a13aa50dbdd7795f7aa288263ff74b4\__data,True,True,
1889,Assets/Game/RawAssets/Prefabs/UI/Activity/PrayerReCharge/PrayerReChargeTypeGrid.prefab,,1841,assets_game_rawassets_prefabs_ui_activity_prayerrecharge_prayerrechargetypegrid.bundle,68dee49e94c907517b5abb67f362c72f.bundle,6267,files\yoo\Default\BundleFiles\68\68dee49e94c907517b5abb67f362c72f\__data,True,True,
1931,Assets/Game/RawAssets/Prefabs/UI/Activity/WeaponLottery/WeaponLotteryDrawPanel.prefab,,1883,assets_game_rawassets_prefabs_ui_activity_weaponlottery_weaponlotterydrawpanel.bundle,a28481268aaa01e15396f929d02351c4.bundle,13611,files\yoo\Default\BundleFiles\a2\a28481268aaa01e15396f929d02351c4\__data,True,True,
2442,Assets/Game/RawAssets/Prefabs/UI/LotteryDraw/HeroRecruitView.prefab,,2393,assets_game_rawassets_prefabs_ui_lotterydraw_herorecruitview.bundle,7f985e1dae908dae92d5f38cbc8a5b82.bundle,76049,files\yoo\Default\BundleFiles\7f\7f985e1dae908dae92d5f38cbc8a5b82\__data,True,True,
2443,Assets/Game/RawAssets/Prefabs/UI/LotteryDraw/LotteryDrawEpicWishView.prefab,,2394,assets_game_rawassets_prefabs_ui_lotterydraw_lotterydrawepicwishview.bundle,fc776f1deb8b836fffcd103b8db089b7.bundle,10940,files\yoo\Default\BundleFiles\fc\fc776f1deb8b836fffcd103b8db089b7\__data,True,True,
2444,Assets/Game/RawAssets/Prefabs/UI/LotteryDraw/LotteryDrawFinishView.prefab,,2395,assets_game_rawassets_prefabs_ui_lotterydraw_lotterydrawfinishview.bundle,86c05702d8a8a6410d5a48ddc7449de4.bundle,114728,files\yoo\Default\UnpackBundleFiles\86\86c05702d8a8a6410d5a48ddc7449de4\__data,True,True,
2445,Assets/Game/RawAssets/Prefabs/UI/LotteryDraw/LotteryDrawIntegralGrid.prefab,,2396,assets_game_rawassets_prefabs_ui_lotterydraw_lotterydrawintegralgrid.bundle,cd1b4832e9db94d082bcb53356e933f6.bundle,6828,files\yoo\Default\BundleFiles\cd\cd1b4832e9db94d082bcb53356e933f6\__data,True,True,
2446,Assets/Game/RawAssets/Prefabs/UI/LotteryDraw/LotteryDrawIntegralRewardPreGrid.prefab,,2397,assets_game_rawassets_prefabs_ui_lotterydraw_lotterydrawintegralrewardpregrid.bundle,f68e02613f26ee34baa6eaa2d2edd6f4.bundle,5282,files\yoo\Default\BundleFiles\f6\f68e02613f26ee34baa6eaa2d2edd6f4\__data,True,True,
2447,Assets/Game/RawAssets/Prefabs/UI/LotteryDraw/LotteryDrawIntegralRewardPreView.prefab,,2398,assets_game_rawassets_prefabs_ui_lotterydraw_lotterydrawintegralrewardpreview.bundle,19556cfa112aa04075452b5c57b10fd2.bundle,8219,files\yoo\Default\BundleFiles\19\19556cfa112aa04075452b5c57b10fd2\__data,True,True,
2448,Assets/Game/RawAssets/Prefabs/UI/LotteryDraw/LotteryDrawIntegralView.prefab,,2399,assets_game_rawassets_prefabs_ui_lotterydraw_lotterydrawintegralview.bundle,218c2807c954374cd876bf40e20f3077.bundle,11661,files\yoo\Default\BundleFiles\21\218c2807c954374cd876bf40e20f3077\__data,True,True,
2449,Assets/Game/RawAssets/Prefabs/UI/LotteryDraw/LotteryDrawMainView.prefab,,2400,assets_game_rawassets_prefabs_ui_lotterydraw_lotterydrawmainview.bundle,1918525995d5a5ed05fce5506c55ca0d.bundle,60657,resources\assets\yoo\Default\1918525995d5a5ed05fce5506c55ca0d.bundle,True,True,
2450,Assets/Game/RawAssets/Prefabs/UI/LotteryDraw/LotteryDrawNewStageView.prefab,,2401,assets_game_rawassets_prefabs_ui_lotterydraw_lotterydrawnewstageview.bundle,eb29a3f2afe63586af98537addc6cb12.bundle,40925,resources\assets\yoo\Default\eb29a3f2afe63586af98537addc6cb12.bundle,True,True,
2451,Assets/Game/RawAssets/Prefabs/UI/LotteryDraw/LotteryDrawPanel.prefab,,2402,assets_game_rawassets_prefabs_ui_lotterydraw_lotterydrawpanel.bundle,531addbb386175036da2f491cb4d1742.bundle,38641,,False,False,
2452,Assets/Game/RawAssets/Prefabs/UI/LotteryDraw/LotteryDrawRateGrid.prefab,,2403,assets_game_rawassets_prefabs_ui_lotterydraw_lotterydrawrategrid.bundle,8c64543ccc6484330adbe82921b761f9.bundle,49950,,False,False,
2453,Assets/Game/RawAssets/Prefabs/UI/LotteryDraw/LotteryDrawRateView.prefab,,2404,assets_game_rawassets_prefabs_ui_lotterydraw_lotterydrawrateview.bundle,6299625cabe69c8e110c217b354806a0.bundle,9707,files\yoo\Default\BundleFiles\62\6299625cabe69c8e110c217b354806a0\__data,True,True,
2454,Assets/Game/RawAssets/Prefabs/UI/LotteryDraw/LotteryDrawStageView.prefab,,2405,assets_game_rawassets_prefabs_ui_lotterydraw_lotterydrawstageview.bundle,b86a0d80160c66da3399ffacdd1e6441.bundle,39900,files\yoo\Default\BundleFiles\b8\b86a0d80160c66da3399ffacdd1e6441\__data,True,True,
2455,Assets/Game/RawAssets/Prefabs/UI/LotteryDraw/LotteryDrawWishGrid.prefab,,2406,assets_game_rawassets_prefabs_ui_lotterydraw_lotterydrawwishgrid.bundle,e069a294b2aa5c07f6e38a7282b577d7.bundle,8051,files\yoo\Default\BundleFiles\e0\e069a294b2aa5c07f6e38a7282b577d7\__data,True,True,
2456,Assets/Game/RawAssets/Prefabs/UI/LotteryDraw/LotteryDrawWishTabGrid.prefab,,2407,assets_game_rawassets_prefabs_ui_lotterydraw_lotterydrawwishtabgrid.bundle,6bea0c3759aff78a210eae789be3b051.bundle,6185,files\yoo\Default\BundleFiles\6b\6bea0c3759aff78a210eae789be3b051\__data,True,True,
2457,Assets/Game/RawAssets/Prefabs/UI/LotteryDraw/LotteryDrawWishView.prefab,,2408,assets_game_rawassets_prefabs_ui_lotterydraw_lotterydrawwishview.bundle,a236b592fe1bd8baf4cdcc9704f76ba6.bundle,11949,files\yoo\Default\BundleFiles\a2\a236b592fe1bd8baf4cdcc9704f76ba6\__data,True,True,
2458,Assets/Game/RawAssets/Prefabs/UI/LotteryDraw/LotteryRewardShowGrid.prefab,,2409,assets_game_rawassets_prefabs_ui_lotterydraw_lotteryrewardshowgrid.bundle,7504164fe87e15229368b51e8b99c9a3.bundle,6217,,False,False,
2459,Assets/Game/RawAssets/Prefabs/UI/LotteryDraw/LotteryRewardShowView.prefab,,2410,assets_game_rawassets_prefabs_ui_lotterydraw_lotteryrewardshowview.bundle,a9321033285bb8e6f0a638a5eb0fba98.bundle,9943,,False,False,
2460,Assets/Game/RawAssets/Prefabs/UI/LotteryDraw/UI_53_05.prefab,,2411,assets_game_rawassets_prefabs_ui_lotterydraw_ui_53_05.bundle,f337f03aeeb7e27f58d724a1f00c3f53.bundle,4722,files\yoo\Default\BundleFiles\f3\f337f03aeeb7e27f58d724a1f00c3f53\__data,True,True,
2518,Assets/Game/RawAssets/Prefabs/UI/Prayer/PrayerHolyRelicPanel.prefab,,2467,assets_game_rawassets_prefabs_ui_prayer_prayerholyrelicpanel.bundle,e3d3e717016b34809f6b290d4ff3fdd0.bundle,17132,files\yoo\Default\BundleFiles\e3\e3d3e717016b34809f6b290d4ff3fdd0\__data,True,True,
2519,Assets/Game/RawAssets/Prefabs/UI/Prayer/PrayerIntegralRewardTaskGrid.prefab,,2468,assets_game_rawassets_prefabs_ui_prayer_prayerintegralrewardtaskgrid.bundle,552020a9e427ddf9924bdd5aa6770fe3.bundle,50764,,False,False,
2520,Assets/Game/RawAssets/Prefabs/UI/Prayer/PrayerIntegralRewardView.prefab,,2469,assets_game_rawassets_prefabs_ui_prayer_prayerintegralrewardview.bundle,89d473879566783447e35a91059cc8e2.bundle,8368,,False,False,
2521,Assets/Game/RawAssets/Prefabs/UI/Prayer/PrayerRemnantPanel.prefab,,2470,assets_game_rawassets_prefabs_ui_prayer_prayerremnantpanel.bundle,85aa7da0d2518d48410ae18ebf4d992e.bundle,80258,,False,False,
2522,Assets/Game/RawAssets/Prefabs/UI/Prayer/PrayerRewardGrid.prefab,,2471,assets_game_rawassets_prefabs_ui_prayer_prayerrewardgrid.bundle,04162a10b5ceba249660e06902905088.bundle,6674,files\yoo\Default\BundleFiles\04\04162a10b5ceba249660e06902905088\__data,True,True,
2523,Assets/Game/RawAssets/Prefabs/UI/Prayer/PrayerRewardView.prefab,,2472,assets_game_rawassets_prefabs_ui_prayer_prayerrewardview.bundle,715dfdfca01468071d780e27352de68d.bundle,22306,,False,False,
2524,Assets/Game/RawAssets/Prefabs/UI/Prayer/PrayerSlugPanel.prefab,,2473,assets_game_rawassets_prefabs_ui_prayer_prayerslugpanel.bundle,2e3d4bbb4b96dc11b1b2c6bc0f170ce1.bundle,80087,,False,False,
2525,Assets/Game/RawAssets/Prefabs/UI/Prayer/PrayerView.prefab,,2474,assets_game_rawassets_prefabs_ui_prayer_prayerview.bundle,933564e0036934b0e071db546bebb5be.bundle,5409,files\yoo\Default\BundleFiles\93\933564e0036934b0e071db546bebb5be\__data,True,True,
2526,Assets/Game/RawAssets/Prefabs/UI/Prayer/PrayerWishSelectGrid.prefab,,2475,assets_game_rawassets_prefabs_ui_prayer_prayerwishselectgrid.bundle,7b41c4f2134e2cad8b65f7d1aabdd2c9.bundle,6672,files\yoo\Default\BundleFiles\7b\7b41c4f2134e2cad8b65f7d1aabdd2c9\__data,True,True,
2527,Assets/Game/RawAssets/Prefabs/UI/Prayer/PrayerWishSelectView.prefab,,2476,assets_game_rawassets_prefabs_ui_prayer_prayerwishselectview.bundle,cb48530f420b1a98095ddb580c16a8ba.bundle,9099,files\yoo\Default\BundleFiles\cb\cb48530f420b1a98095ddb580c16a8ba\__data,True,True,
4173,Assets/Game/RawAssets/Spine/Hero/hero_001/hero_001.atlas.txt,,4101,assets_game_rawassets_spine_hero_hero_001.bundle,0e5210f0383683827d134d7c0bdb10d7.bundle,2621402,files\yoo\Default\BundleFiles\0e\0e5210f0383683827d134d7c0bdb10d7\__data,True,True,
4174,Assets/Game/RawAssets/Spine/Hero/hero_001/hero_001.png,,4101,assets_game_rawassets_spine_hero_hero_001.bundle,0e5210f0383683827d134d7c0bdb10d7.bundle,2621402,files\yoo\Default\BundleFiles\0e\0e5210f0383683827d134d7c0bdb10d7\__data,True,True,
4175,Assets/Game/RawAssets/Spine/Hero/hero_001/hero_001.skel.bytes,,4101,assets_game_rawassets_spine_hero_hero_001.bundle,0e5210f0383683827d134d7c0bdb10d7.bundle,2621402,files\yoo\Default\BundleFiles\0e\0e5210f0383683827d134d7c0bdb10d7\__data,True,True,
4176,Assets/Game/RawAssets/Spine/Hero/hero_001/hero_001_Atlas.asset,,4101,assets_game_rawassets_spine_hero_hero_001.bundle,0e5210f0383683827d134d7c0bdb10d7.bundle,2621402,files\yoo\Default\BundleFiles\0e\0e5210f0383683827d134d7c0bdb10d7\__data,True,True,
4177,Assets/Game/RawAssets/Spine/Hero/hero_001/hero_001_Material.mat,,4101,assets_game_rawassets_spine_hero_hero_001.bundle,0e5210f0383683827d134d7c0bdb10d7.bundle,2621402,files\yoo\Default\BundleFiles\0e\0e5210f0383683827d134d7c0bdb10d7\__data,True,True,
4178,Assets/Game/RawAssets/Spine/Hero/hero_001/hero_001_Material-Additive.mat,,4101,assets_game_rawassets_spine_hero_hero_001.bundle,0e5210f0383683827d134d7c0bdb10d7.bundle,2621402,files\yoo\Default\BundleFiles\0e\0e5210f0383683827d134d7c0bdb10d7\__data,True,True,
4179,Assets/Game/RawAssets/Spine/Hero/hero_001/hero_001_silhouette.atlas.txt,,4101,assets_game_rawassets_spine_hero_hero_001.bundle,0e5210f0383683827d134d7c0bdb10d7.bundle,2621402,files\yoo\Default\BundleFiles\0e\0e5210f0383683827d134d7c0bdb10d7\__data,True,True,
4180,Assets/Game/RawAssets/Spine/Hero/hero_001/hero_001_silhouette.png,,4101,assets_game_rawassets_spine_hero_hero_001.bundle,0e5210f0383683827d134d7c0bdb10d7.bundle,2621402,files\yoo\Default\BundleFiles\0e\0e5210f0383683827d134d7c0bdb10d7\__data,True,True,
4181,Assets/Game/RawAssets/Spine/Hero/hero_001/hero_001_silhouette.skel.bytes,,4101,assets_game_rawassets_spine_hero_hero_001.bundle,0e5210f0383683827d134d7c0bdb10d7.bundle,2621402,files\yoo\Default\BundleFiles\0e\0e5210f0383683827d134d7c0bdb10d7\__data,True,True,
4182,Assets/Game/RawAssets/Spine/Hero/hero_001/hero_001_silhouette_Atlas.asset,,4101,assets_game_rawassets_spine_hero_hero_001.bundle,0e5210f0383683827d134d7c0bdb10d7.bundle,2621402,files\yoo\Default\BundleFiles\0e\0e5210f0383683827d134d7c0bdb10d7\__data,True,True,
4183,Assets/Game/RawAssets/Spine/Hero/hero_001/hero_001_silhouette_Material.mat,,4101,assets_game_rawassets_spine_hero_hero_001.bundle,0e5210f0383683827d134d7c0bdb10d7.bundle,2621402,files\yoo\Default\BundleFiles\0e\0e5210f0383683827d134d7c0bdb10d7\__data,True,True,
4184,Assets/Game/RawAssets/Spine/Hero/hero_001/hero_001_silhouette_SkeletonData.asset,,4101,assets_game_rawassets_spine_hero_hero_001.bundle,0e5210f0383683827d134d7c0bdb10d7.bundle,2621402,files\yoo\Default\BundleFiles\0e\0e5210f0383683827d134d7c0bdb10d7\__data,True,True,
4185,Assets/Game/RawAssets/Spine/Hero/hero_001/hero_001_SkeletonData.asset,,4101,assets_game_rawassets_spine_hero_hero_001.bundle,0e5210f0383683827d134d7c0bdb10d7.bundle,2621402,files\yoo\Default\BundleFiles\0e\0e5210f0383683827d134d7c0bdb10d7\__data,True,True,
4186,Assets/Game/RawAssets/Spine/Hero/hero_001h/hero_001h.atlas.txt,,4102,assets_game_rawassets_spine_hero_hero_001h.bundle,2a42770f7275e7016a83b4178b268911.bundle,664748,files\yoo\Default\BundleFiles\2a\2a42770f7275e7016a83b4178b268911\__data,True,True,
4187,Assets/Game/RawAssets/Spine/Hero/hero_001h/hero_001h.png,,4102,assets_game_rawassets_spine_hero_hero_001h.bundle,2a42770f7275e7016a83b4178b268911.bundle,664748,files\yoo\Default\BundleFiles\2a\2a42770f7275e7016a83b4178b268911\__data,True,True,
4188,Assets/Game/RawAssets/Spine/Hero/hero_001h/hero_001h.skel.bytes,,4102,assets_game_rawassets_spine_hero_hero_001h.bundle,2a42770f7275e7016a83b4178b268911.bundle,664748,files\yoo\Default\BundleFiles\2a\2a42770f7275e7016a83b4178b268911\__data,True,True,
4189,Assets/Game/RawAssets/Spine/Hero/hero_001h/hero_001h_Atlas.asset,,4102,assets_game_rawassets_spine_hero_hero_001h.bundle,2a42770f7275e7016a83b4178b268911.bundle,664748,files\yoo\Default\BundleFiles\2a\2a42770f7275e7016a83b4178b268911\__data,True,True,
4190,Assets/Game/RawAssets/Spine/Hero/hero_001h/hero_001h_Material.mat,,4102,assets_game_rawassets_spine_hero_hero_001h.bundle,2a42770f7275e7016a83b4178b268911.bundle,664748,files\yoo\Default\BundleFiles\2a\2a42770f7275e7016a83b4178b268911\__data,True,True,
4191,Assets/Game/RawAssets/Spine/Hero/hero_001h/hero_001h_SkeletonData.asset,,4102,assets_game_rawassets_spine_hero_hero_001h.bundle,2a42770f7275e7016a83b4178b268911.bundle,664748,files\yoo\Default\BundleFiles\2a\2a42770f7275e7016a83b4178b268911\__data,True,True,
4205,Assets/Game/RawAssets/Spine/Hero/hero_003/hero_003.atlas.txt,,4104,assets_game_rawassets_spine_hero_hero_003.bundle,915e6fe4a91eadf65d4c6407227f4168.bundle,6412635,files\yoo\Default\BundleFiles\91\915e6fe4a91eadf65d4c6407227f4168\__data,True,True,
4206,Assets/Game/RawAssets/Spine/Hero/hero_003/hero_003.png,,4104,assets_game_rawassets_spine_hero_hero_003.bundle,915e6fe4a91eadf65d4c6407227f4168.bundle,6412635,files\yoo\Default\BundleFiles\91\915e6fe4a91eadf65d4c6407227f4168\__data,True,True,
4207,Assets/Game/RawAssets/Spine/Hero/hero_003/hero_003.skel.bytes,,4104,assets_game_rawassets_spine_hero_hero_003.bundle,915e6fe4a91eadf65d4c6407227f4168.bundle,6412635,files\yoo\Default\BundleFiles\91\915e6fe4a91eadf65d4c6407227f4168\__data,True,True,
4208,Assets/Game/RawAssets/Spine/Hero/hero_003/hero_003_2.png,,4104,assets_game_rawassets_spine_hero_hero_003.bundle,915e6fe4a91eadf65d4c6407227f4168.bundle,6412635,files\yoo\Default\BundleFiles\91\915e6fe4a91eadf65d4c6407227f4168\__data,True,True,
4209,Assets/Game/RawAssets/Spine/Hero/hero_003/hero_003_Atlas.asset,,4104,assets_game_rawassets_spine_hero_hero_003.bundle,915e6fe4a91eadf65d4c6407227f4168.bundle,6412635,files\yoo\Default\BundleFiles\91\915e6fe4a91eadf65d4c6407227f4168\__data,True,True,
4210,Assets/Game/RawAssets/Spine/Hero/hero_003/hero_003_bg.atlas.txt,,4104,assets_game_rawassets_spine_hero_hero_003.bundle,915e6fe4a91eadf65d4c6407227f4168.bundle,6412635,files\yoo\Default\BundleFiles\91\915e6fe4a91eadf65d4c6407227f4168\__data,True,True,
4211,Assets/Game/RawAssets/Spine/Hero/hero_003/hero_003_bg.png,,4104,assets_game_rawassets_spine_hero_hero_003.bundle,915e6fe4a91eadf65d4c6407227f4168.bundle,6412635,files\yoo\Default\BundleFiles\91\915e6fe4a91eadf65d4c6407227f4168\__data,True,True,
4212,Assets/Game/RawAssets/Spine/Hero/hero_003/hero_003_bg.skel.bytes,,4104,assets_game_rawassets_spine_hero_hero_003.bundle,915e6fe4a91eadf65d4c6407227f4168.bundle,6412635,files\yoo\Default\BundleFiles\91\915e6fe4a91eadf65d4c6407227f4168\__data,True,True,
4213,Assets/Game/RawAssets/Spine/Hero/hero_003/hero_003_bg_Atlas.asset,,4104,assets_game_rawassets_spine_hero_hero_003.bundle,915e6fe4a91eadf65d4c6407227f4168.bundle,6412635,files\yoo\Default\BundleFiles\91\915e6fe4a91eadf65d4c6407227f4168\__data,True,True,
4214,Assets/Game/RawAssets/Spine/Hero/hero_003/hero_003_bg_Material.mat,,4104,assets_game_rawassets_spine_hero_hero_003.bundle,915e6fe4a91eadf65d4c6407227f4168.bundle,6412635,files\yoo\Default\BundleFiles\91\915e6fe4a91eadf65d4c6407227f4168\__data,True,True,
4215,Assets/Game/RawAssets/Spine/Hero/hero_003/hero_003_bg_SkeletonData.asset,,4104,assets_game_rawassets_spine_hero_hero_003.bundle,915e6fe4a91eadf65d4c6407227f4168.bundle,6412635,files\yoo\Default\BundleFiles\91\915e6fe4a91eadf65d4c6407227f4168\__data,True,True,
4216,Assets/Game/RawAssets/Spine/Hero/hero_003/hero_003_hero_003.mat,,4104,assets_game_rawassets_spine_hero_hero_003.bundle,915e6fe4a91eadf65d4c6407227f4168.bundle,6412635,files\yoo\Default\BundleFiles\91\915e6fe4a91eadf65d4c6407227f4168\__data,True,True,
4217,Assets/Game/RawAssets/Spine/Hero/hero_003/hero_003_hero_003_2.mat,,4104,assets_game_rawassets_spine_hero_hero_003.bundle,915e6fe4a91eadf65d4c6407227f4168.bundle,6412635,files\yoo\Default\BundleFiles\91\915e6fe4a91eadf65d4c6407227f4168\__data,True,True,
4218,Assets/Game/RawAssets/Spine/Hero/hero_003/hero_003_Material-Additive.mat,,4104,assets_game_rawassets_spine_hero_hero_003.bundle,915e6fe4a91eadf65d4c6407227f4168.bundle,6412635,files\yoo\Default\BundleFiles\91\915e6fe4a91eadf65d4c6407227f4168\__data,True,True,
4219,Assets/Game/RawAssets/Spine/Hero/hero_003/hero_003_silhouette.atlas.txt,,4104,assets_game_rawassets_spine_hero_hero_003.bundle,915e6fe4a91eadf65d4c6407227f4168.bundle,6412635,files\yoo\Default\BundleFiles\91\915e6fe4a91eadf65d4c6407227f4168\__data,True,True,
4220,Assets/Game/RawAssets/Spine/Hero/hero_003/hero_003_silhouette.png,,4104,assets_game_rawassets_spine_hero_hero_003.bundle,915e6fe4a91eadf65d4c6407227f4168.bundle,6412635,files\yoo\Default\BundleFiles\91\915e6fe4a91eadf65d4c6407227f4168\__data,True,True,
4221,Assets/Game/RawAssets/Spine/Hero/hero_003/hero_003_silhouette.skel.bytes,,4104,assets_game_rawassets_spine_hero_hero_003.bundle,915e6fe4a91eadf65d4c6407227f4168.bundle,6412635,files\yoo\Default\BundleFiles\91\915e6fe4a91eadf65d4c6407227f4168\__data,True,True,
4222,Assets/Game/RawAssets/Spine/Hero/hero_003/hero_003_silhouette_Atlas.asset,,4104,assets_game_rawassets_spine_hero_hero_003.bundle,915e6fe4a91eadf65d4c6407227f4168.bundle,6412635,files\yoo\Default\BundleFiles\91\915e6fe4a91eadf65d4c6407227f4168\__data,True,True,
4223,Assets/Game/RawAssets/Spine/Hero/hero_003/hero_003_silhouette_Material.mat,,4104,assets_game_rawassets_spine_hero_hero_003.bundle,915e6fe4a91eadf65d4c6407227f4168.bundle,6412635,files\yoo\Default\BundleFiles\91\915e6fe4a91eadf65d4c6407227f4168\__data,True,True,
4224,Assets/Game/RawAssets/Spine/Hero/hero_003/hero_003_silhouette_SkeletonData.asset,,4104,assets_game_rawassets_spine_hero_hero_003.bundle,915e6fe4a91eadf65d4c6407227f4168.bundle,6412635,files\yoo\Default\BundleFiles\91\915e6fe4a91eadf65d4c6407227f4168\__data,True,True,
4225,Assets/Game/RawAssets/Spine/Hero/hero_003/hero_003_SkeletonData.asset,,4104,assets_game_rawassets_spine_hero_hero_003.bundle,915e6fe4a91eadf65d4c6407227f4168.bundle,6412635,files\yoo\Default\BundleFiles\91\915e6fe4a91eadf65d4c6407227f4168\__data,True,True,
4226,Assets/Game/RawAssets/Spine/Hero/hero_003_s01/hero_003_s01.atlas.txt,,4105,assets_game_rawassets_spine_hero_hero_003_s01.bundle,f36b1d4d8d9bfd5b5a5f6dcfb8b7d87c.bundle,6052361,files\yoo\Default\BundleFiles\f3\f36b1d4d8d9bfd5b5a5f6dcfb8b7d87c\__data,True,True,
4227,Assets/Game/RawAssets/Spine/Hero/hero_003_s01/hero_003_s01.png,,4105,assets_game_rawassets_spine_hero_hero_003_s01.bundle,f36b1d4d8d9bfd5b5a5f6dcfb8b7d87c.bundle,6052361,files\yoo\Default\BundleFiles\f3\f36b1d4d8d9bfd5b5a5f6dcfb8b7d87c\__data,True,True,
4228,Assets/Game/RawAssets/Spine/Hero/hero_003_s01/hero_003_s01.skel.bytes,,4105,assets_game_rawassets_spine_hero_hero_003_s01.bundle,f36b1d4d8d9bfd5b5a5f6dcfb8b7d87c.bundle,6052361,files\yoo\Default\BundleFiles\f3\f36b1d4d8d9bfd5b5a5f6dcfb8b7d87c\__data,True,True,
4229,Assets/Game/RawAssets/Spine/Hero/hero_003_s01/hero_003_s01_Atlas.asset,,4105,assets_game_rawassets_spine_hero_hero_003_s01.bundle,f36b1d4d8d9bfd5b5a5f6dcfb8b7d87c.bundle,6052361,files\yoo\Default\BundleFiles\f3\f36b1d4d8d9bfd5b5a5f6dcfb8b7d87c\__data,True,True,
4230,Assets/Game/RawAssets/Spine/Hero/hero_003_s01/hero_003_s01_bg.atlas.txt,,4105,assets_game_rawassets_spine_hero_hero_003_s01.bundle,f36b1d4d8d9bfd5b5a5f6dcfb8b7d87c.bundle,6052361,files\yoo\Default\BundleFiles\f3\f36b1d4d8d9bfd5b5a5f6dcfb8b7d87c\__data,True,True,
4231,Assets/Game/RawAssets/Spine/Hero/hero_003_s01/hero_003_s01_bg.png,,4105,assets_game_rawassets_spine_hero_hero_003_s01.bundle,f36b1d4d8d9bfd5b5a5f6dcfb8b7d87c.bundle,6052361,files\yoo\Default\BundleFiles\f3\f36b1d4d8d9bfd5b5a5f6dcfb8b7d87c\__data,True,True,
4232,Assets/Game/RawAssets/Spine/Hero/hero_003_s01/hero_003_s01_bg.skel.bytes,,4105,assets_game_rawassets_spine_hero_hero_003_s01.bundle,f36b1d4d8d9bfd5b5a5f6dcfb8b7d87c.bundle,6052361,files\yoo\Default\BundleFiles\f3\f36b1d4d8d9bfd5b5a5f6dcfb8b7d87c\__data,True,True,
4233,Assets/Game/RawAssets/Spine/Hero/hero_003_s01/hero_003_s01_bg_Atlas.asset,,4105,assets_game_rawassets_spine_hero_hero_003_s01.bundle,f36b1d4d8d9bfd5b5a5f6dcfb8b7d87c.bundle,6052361,files\yoo\Default\BundleFiles\f3\f36b1d4d8d9bfd5b5a5f6dcfb8b7d87c\__data,True,True,
4234,Assets/Game/RawAssets/Spine/Hero/hero_003_s01/hero_003_s01_bg_Material.mat,,4105,assets_game_rawassets_spine_hero_hero_003_s01.bundle,f36b1d4d8d9bfd5b5a5f6dcfb8b7d87c.bundle,6052361,files\yoo\Default\BundleFiles\f3\f36b1d4d8d9bfd5b5a5f6dcfb8b7d87c\__data,True,True,
4235,Assets/Game/RawAssets/Spine/Hero/hero_003_s01/hero_003_s01_bg_Material-Additive.mat,,4105,assets_game_rawassets_spine_hero_hero_003_s01.bundle,f36b1d4d8d9bfd5b5a5f6dcfb8b7d87c.bundle,6052361,files\yoo\Default\BundleFiles\f3\f36b1d4d8d9bfd5b5a5f6dcfb8b7d87c\__data,True,True,
4236,Assets/Game/RawAssets/Spine/Hero/hero_003_s01/hero_003_s01_bg_SkeletonData.asset,,4105,assets_game_rawassets_spine_hero_hero_003_s01.bundle,f36b1d4d8d9bfd5b5a5f6dcfb8b7d87c.bundle,6052361,files\yoo\Default\BundleFiles\f3\f36b1d4d8d9bfd5b5a5f6dcfb8b7d87c\__data,True,True,
4237,Assets/Game/RawAssets/Spine/Hero/hero_003_s01/hero_003_s01_fg.atlas.txt,,4105,assets_game_rawassets_spine_hero_hero_003_s01.bundle,f36b1d4d8d9bfd5b5a5f6dcfb8b7d87c.bundle,6052361,files\yoo\Default\BundleFiles\f3\f36b1d4d8d9bfd5b5a5f6dcfb8b7d87c\__data,True,True,
4238,Assets/Game/RawAssets/Spine/Hero/hero_003_s01/hero_003_s01_fg.png,,4105,assets_game_rawassets_spine_hero_hero_003_s01.bundle,f36b1d4d8d9bfd5b5a5f6dcfb8b7d87c.bundle,6052361,files\yoo\Default\BundleFiles\f3\f36b1d4d8d9bfd5b5a5f6dcfb8b7d87c\__data,True,True,
4239,Assets/Game/RawAssets/Spine/Hero/hero_003_s01/hero_003_s01_fg.skel.bytes,,4105,assets_game_rawassets_spine_hero_hero_003_s01.bundle,f36b1d4d8d9bfd5b5a5f6dcfb8b7d87c.bundle,6052361,files\yoo\Default\BundleFiles\f3\f36b1d4d8d9bfd5b5a5f6dcfb8b7d87c\__data,True,True,
4240,Assets/Game/RawAssets/Spine/Hero/hero_003_s01/hero_003_s01_fg_Atlas.asset,,4105,assets_game_rawassets_spine_hero_hero_003_s01.bundle,f36b1d4d8d9bfd5b5a5f6dcfb8b7d87c.bundle,6052361,files\yoo\Default\BundleFiles\f3\f36b1d4d8d9bfd5b5a5f6dcfb8b7d87c\__data,True,True,
4241,Assets/Game/RawAssets/Spine/Hero/hero_003_s01/hero_003_s01_fg_Material.mat,,4105,assets_game_rawassets_spine_hero_hero_003_s01.bundle,f36b1d4d8d9bfd5b5a5f6dcfb8b7d87c.bundle,6052361,files\yoo\Default\BundleFiles\f3\f36b1d4d8d9bfd5b5a5f6dcfb8b7d87c\__data,True,True,
4242,Assets/Game/RawAssets/Spine/Hero/hero_003_s01/hero_003_s01_fg_SkeletonData.asset,,4105,assets_game_rawassets_spine_hero_hero_003_s01.bundle,f36b1d4d8d9bfd5b5a5f6dcfb8b7d87c.bundle,6052361,files\yoo\Default\BundleFiles\f3\f36b1d4d8d9bfd5b5a5f6dcfb8b7d87c\__data,True,True,
4243,Assets/Game/RawAssets/Spine/Hero/hero_003_s01/hero_003_s01_Material.mat,,4105,assets_game_rawassets_spine_hero_hero_003_s01.bundle,f36b1d4d8d9bfd5b5a5f6dcfb8b7d87c.bundle,6052361,files\yoo\Default\BundleFiles\f3\f36b1d4d8d9bfd5b5a5f6dcfb8b7d87c\__data,True,True,
4244,Assets/Game/RawAssets/Spine/Hero/hero_003_s01/hero_003_s01_Material-Additive.mat,,4105,assets_game_rawassets_spine_hero_hero_003_s01.bundle,f36b1d4d8d9bfd5b5a5f6dcfb8b7d87c.bundle,6052361,files\yoo\Default\BundleFiles\f3\f36b1d4d8d9bfd5b5a5f6dcfb8b7d87c\__data,True,True,
4245,Assets/Game/RawAssets/Spine/Hero/hero_003_s01/hero_003_s01_SkeletonData.asset,,4105,assets_game_rawassets_spine_hero_hero_003_s01.bundle,f36b1d4d8d9bfd5b5a5f6dcfb8b7d87c.bundle,6052361,files\yoo\Default\BundleFiles\f3\f36b1d4d8d9bfd5b5a5f6dcfb8b7d87c\__data,True,True,
4246,Assets/Game/RawAssets/Spine/Hero/hero_003_s01h/hero_003_s01h.atlas.txt,,4106,assets_game_rawassets_spine_hero_hero_003_s01h.bundle,abbd8135d99dac22a7746a530526c623.bundle,1695503,files\yoo\Default\BundleFiles\ab\abbd8135d99dac22a7746a530526c623\__data,True,True,
4247,Assets/Game/RawAssets/Spine/Hero/hero_003_s01h/hero_003_s01h.png,,4106,assets_game_rawassets_spine_hero_hero_003_s01h.bundle,abbd8135d99dac22a7746a530526c623.bundle,1695503,files\yoo\Default\BundleFiles\ab\abbd8135d99dac22a7746a530526c623\__data,True,True,
4248,Assets/Game/RawAssets/Spine/Hero/hero_003_s01h/hero_003_s01h.skel.bytes,,4106,assets_game_rawassets_spine_hero_hero_003_s01h.bundle,abbd8135d99dac22a7746a530526c623.bundle,1695503,files\yoo\Default\BundleFiles\ab\abbd8135d99dac22a7746a530526c623\__data,True,True,
4249,Assets/Game/RawAssets/Spine/Hero/hero_003_s01h/hero_003_s01h_Atlas.asset,,4106,assets_game_rawassets_spine_hero_hero_003_s01h.bundle,abbd8135d99dac22a7746a530526c623.bundle,1695503,files\yoo\Default\BundleFiles\ab\abbd8135d99dac22a7746a530526c623\__data,True,True,
4250,Assets/Game/RawAssets/Spine/Hero/hero_003_s01h/hero_003_s01h_bg.atlas.txt,,4106,assets_game_rawassets_spine_hero_hero_003_s01h.bundle,abbd8135d99dac22a7746a530526c623.bundle,1695503,files\yoo\Default\BundleFiles\ab\abbd8135d99dac22a7746a530526c623\__data,True,True,
4251,Assets/Game/RawAssets/Spine/Hero/hero_003_s01h/hero_003_s01h_bg.png,,4106,assets_game_rawassets_spine_hero_hero_003_s01h.bundle,abbd8135d99dac22a7746a530526c623.bundle,1695503,files\yoo\Default\BundleFiles\ab\abbd8135d99dac22a7746a530526c623\__data,True,True,
4252,Assets/Game/RawAssets/Spine/Hero/hero_003_s01h/hero_003_s01h_bg.skel.bytes,,4106,assets_game_rawassets_spine_hero_hero_003_s01h.bundle,abbd8135d99dac22a7746a530526c623.bundle,1695503,files\yoo\Default\BundleFiles\ab\abbd8135d99dac22a7746a530526c623\__data,True,True,
4253,Assets/Game/RawAssets/Spine/Hero/hero_003_s01h/hero_003_s01h_bg_Atlas.asset,,4106,assets_game_rawassets_spine_hero_hero_003_s01h.bundle,abbd8135d99dac22a7746a530526c623.bundle,1695503,files\yoo\Default\BundleFiles\ab\abbd8135d99dac22a7746a530526c623\__data,True,True,
4254,Assets/Game/RawAssets/Spine/Hero/hero_003_s01h/hero_003_s01h_bg_Material.mat,,4106,assets_game_rawassets_spine_hero_hero_003_s01h.bundle,abbd8135d99dac22a7746a530526c623.bundle,1695503,files\yoo\Default\BundleFiles\ab\abbd8135d99dac22a7746a530526c623\__data,True,True,
4255,Assets/Game/RawAssets/Spine/Hero/hero_003_s01h/hero_003_s01h_bg_Material-Additive.mat,,4106,assets_game_rawassets_spine_hero_hero_003_s01h.bundle,abbd8135d99dac22a7746a530526c623.bundle,1695503,files\yoo\Default\BundleFiles\ab\abbd8135d99dac22a7746a530526c623\__data,True,True,
4256,Assets/Game/RawAssets/Spine/Hero/hero_003_s01h/hero_003_s01h_bg_SkeletonData.asset,,4106,assets_game_rawassets_spine_hero_hero_003_s01h.bundle,abbd8135d99dac22a7746a530526c623.bundle,1695503,files\yoo\Default\BundleFiles\ab\abbd8135d99dac22a7746a530526c623\__data,True,True,
4257,Assets/Game/RawAssets/Spine/Hero/hero_003_s01h/hero_003_s01h_fg.atlas.txt,,4106,assets_game_rawassets_spine_hero_hero_003_s01h.bundle,abbd8135d99dac22a7746a530526c623.bundle,1695503,files\yoo\Default\BundleFiles\ab\abbd8135d99dac22a7746a530526c623\__data,True,True,
4258,Assets/Game/RawAssets/Spine/Hero/hero_003_s01h/hero_003_s01h_fg.png,,4106,assets_game_rawassets_spine_hero_hero_003_s01h.bundle,abbd8135d99dac22a7746a530526c623.bundle,1695503,files\yoo\Default\BundleFiles\ab\abbd8135d99dac22a7746a530526c623\__data,True,True,
4259,Assets/Game/RawAssets/Spine/Hero/hero_003_s01h/hero_003_s01h_fg.skel.bytes,,4106,assets_game_rawassets_spine_hero_hero_003_s01h.bundle,abbd8135d99dac22a7746a530526c623.bundle,1695503,files\yoo\Default\BundleFiles\ab\abbd8135d99dac22a7746a530526c623\__data,True,True,
4260,Assets/Game/RawAssets/Spine/Hero/hero_003_s01h/hero_003_s01h_fg_Atlas.asset,,4106,assets_game_rawassets_spine_hero_hero_003_s01h.bundle,abbd8135d99dac22a7746a530526c623.bundle,1695503,files\yoo\Default\BundleFiles\ab\abbd8135d99dac22a7746a530526c623\__data,True,True,
4261,Assets/Game/RawAssets/Spine/Hero/hero_003_s01h/hero_003_s01h_fg_Material.mat,,4106,assets_game_rawassets_spine_hero_hero_003_s01h.bundle,abbd8135d99dac22a7746a530526c623.bundle,1695503,files\yoo\Default\BundleFiles\ab\abbd8135d99dac22a7746a530526c623\__data,True,True,
4262,Assets/Game/RawAssets/Spine/Hero/hero_003_s01h/hero_003_s01h_fg_SkeletonData.asset,,4106,assets_game_rawassets_spine_hero_hero_003_s01h.bundle,abbd8135d99dac22a7746a530526c623.bundle,1695503,files\yoo\Default\BundleFiles\ab\abbd8135d99dac22a7746a530526c623\__data,True,True,
4263,Assets/Game/RawAssets/Spine/Hero/hero_003_s01h/hero_003_s01h_Material.mat,,4106,assets_game_rawassets_spine_hero_hero_003_s01h.bundle,abbd8135d99dac22a7746a530526c623.bundle,1695503,files\yoo\Default\BundleFiles\ab\abbd8135d99dac22a7746a530526c623\__data,True,True,
4264,Assets/Game/RawAssets/Spine/Hero/hero_003_s01h/hero_003_s01h_Material-Additive.mat,,4106,assets_game_rawassets_spine_hero_hero_003_s01h.bundle,abbd8135d99dac22a7746a530526c623.bundle,1695503,files\yoo\Default\BundleFiles\ab\abbd8135d99dac22a7746a530526c623\__data,True,True,
4265,Assets/Game/RawAssets/Spine/Hero/hero_003_s01h/hero_003_s01h_SkeletonData.asset,,4106,assets_game_rawassets_spine_hero_hero_003_s01h.bundle,abbd8135d99dac22a7746a530526c623.bundle,1695503,files\yoo\Default\BundleFiles\ab\abbd8135d99dac22a7746a530526c623\__data,True,True,
4266,Assets/Game/RawAssets/Spine/Hero/hero_003_s02/hero_003_s02.atlas.txt,,4107,assets_game_rawassets_spine_hero_hero_003_s02.bundle,c5daee45b1e504d1c2730d7d9ab4c9f8.bundle,5595767,files\yoo\Default\BundleFiles\c5\c5daee45b1e504d1c2730d7d9ab4c9f8\__data,True,True,
4267,Assets/Game/RawAssets/Spine/Hero/hero_003_s02/hero_003_s02.png,,4107,assets_game_rawassets_spine_hero_hero_003_s02.bundle,c5daee45b1e504d1c2730d7d9ab4c9f8.bundle,5595767,files\yoo\Default\BundleFiles\c5\c5daee45b1e504d1c2730d7d9ab4c9f8\__data,True,True,
4268,Assets/Game/RawAssets/Spine/Hero/hero_003_s02/hero_003_s02.skel.bytes,,4107,assets_game_rawassets_spine_hero_hero_003_s02.bundle,c5daee45b1e504d1c2730d7d9ab4c9f8.bundle,5595767,files\yoo\Default\BundleFiles\c5\c5daee45b1e504d1c2730d7d9ab4c9f8\__data,True,True,
4269,Assets/Game/RawAssets/Spine/Hero/hero_003_s02/hero_003_s02_Atlas.asset,,4107,assets_game_rawassets_spine_hero_hero_003_s02.bundle,c5daee45b1e504d1c2730d7d9ab4c9f8.bundle,5595767,files\yoo\Default\BundleFiles\c5\c5daee45b1e504d1c2730d7d9ab4c9f8\__data,True,True,
4270,Assets/Game/RawAssets/Spine/Hero/hero_003_s02/hero_003_s02_Material.mat,,4107,assets_game_rawassets_spine_hero_hero_003_s02.bundle,c5daee45b1e504d1c2730d7d9ab4c9f8.bundle,5595767,files\yoo\Default\BundleFiles\c5\c5daee45b1e504d1c2730d7d9ab4c9f8\__data,True,True,
4271,Assets/Game/RawAssets/Spine/Hero/hero_003_s02/hero_003_s02_silhouette.atlas.txt,,4107,assets_game_rawassets_spine_hero_hero_003_s02.bundle,c5daee45b1e504d1c2730d7d9ab4c9f8.bundle,5595767,files\yoo\Default\BundleFiles\c5\c5daee45b1e504d1c2730d7d9ab4c9f8\__data,True,True,
4272,Assets/Game/RawAssets/Spine/Hero/hero_003_s02/hero_003_s02_silhouette.png,,4107,assets_game_rawassets_spine_hero_hero_003_s02.bundle,c5daee45b1e504d1c2730d7d9ab4c9f8.bundle,5595767,files\yoo\Default\BundleFiles\c5\c5daee45b1e504d1c2730d7d9ab4c9f8\__data,True,True,
4273,Assets/Game/RawAssets/Spine/Hero/hero_003_s02/hero_003_s02_silhouette.skel.bytes,,4107,assets_game_rawassets_spine_hero_hero_003_s02.bundle,c5daee45b1e504d1c2730d7d9ab4c9f8.bundle,5595767,files\yoo\Default\BundleFiles\c5\c5daee45b1e504d1c2730d7d9ab4c9f8\__data,True,True,
4274,Assets/Game/RawAssets/Spine/Hero/hero_003_s02/hero_003_s02_silhouette_Atlas.asset,,4107,assets_game_rawassets_spine_hero_hero_003_s02.bundle,c5daee45b1e504d1c2730d7d9ab4c9f8.bundle,5595767,files\yoo\Default\BundleFiles\c5\c5daee45b1e504d1c2730d7d9ab4c9f8\__data,True,True,
4275,Assets/Game/RawAssets/Spine/Hero/hero_003_s02/hero_003_s02_silhouette_Material.mat,,4107,assets_game_rawassets_spine_hero_hero_003_s02.bundle,c5daee45b1e504d1c2730d7d9ab4c9f8.bundle,5595767,files\yoo\Default\BundleFiles\c5\c5daee45b1e504d1c2730d7d9ab4c9f8\__data,True,True,
4276,Assets/Game/RawAssets/Spine/Hero/hero_003_s02/hero_003_s02_silhouette_SkeletonData.asset,,4107,assets_game_rawassets_spine_hero_hero_003_s02.bundle,c5daee45b1e504d1c2730d7d9ab4c9f8.bundle,5595767,files\yoo\Default\BundleFiles\c5\c5daee45b1e504d1c2730d7d9ab4c9f8\__data,True,True,
4277,Assets/Game/RawAssets/Spine/Hero/hero_003_s02/hero_003_s02_SkeletonData.asset,,4107,assets_game_rawassets_spine_hero_hero_003_s02.bundle,c5daee45b1e504d1c2730d7d9ab4c9f8.bundle,5595767,files\yoo\Default\BundleFiles\c5\c5daee45b1e504d1c2730d7d9ab4c9f8\__data,True,True,
4278,Assets/Game/RawAssets/Spine/Hero/hero_003D/hero_003D.atlas.txt,,4108,assets_game_rawassets_spine_hero_hero_003d.bundle,cdde1d71ee9bb2af0b7a2a9d161e6286.bundle,786827,files\yoo\Default\BundleFiles\cd\cdde1d71ee9bb2af0b7a2a9d161e6286\__data,True,True,
4279,Assets/Game/RawAssets/Spine/Hero/hero_003D/hero_003D.png,,4108,assets_game_rawassets_spine_hero_hero_003d.bundle,cdde1d71ee9bb2af0b7a2a9d161e6286.bundle,786827,files\yoo\Default\BundleFiles\cd\cdde1d71ee9bb2af0b7a2a9d161e6286\__data,True,True,
4280,Assets/Game/RawAssets/Spine/Hero/hero_003D/hero_003D.skel.bytes,,4108,assets_game_rawassets_spine_hero_hero_003d.bundle,cdde1d71ee9bb2af0b7a2a9d161e6286.bundle,786827,files\yoo\Default\BundleFiles\cd\cdde1d71ee9bb2af0b7a2a9d161e6286\__data,True,True,
4281,Assets/Game/RawAssets/Spine/Hero/hero_003D/hero_003D_Atlas.asset,,4108,assets_game_rawassets_spine_hero_hero_003d.bundle,cdde1d71ee9bb2af0b7a2a9d161e6286.bundle,786827,files\yoo\Default\BundleFiles\cd\cdde1d71ee9bb2af0b7a2a9d161e6286\__data,True,True,
4282,Assets/Game/RawAssets/Spine/Hero/hero_003D/hero_003D_Material.mat,,4108,assets_game_rawassets_spine_hero_hero_003d.bundle,cdde1d71ee9bb2af0b7a2a9d161e6286.bundle,786827,files\yoo\Default\BundleFiles\cd\cdde1d71ee9bb2af0b7a2a9d161e6286\__data,True,True,
4283,Assets/Game/RawAssets/Spine/Hero/hero_003D/hero_003D_Material-Additive.mat,,4108,assets_game_rawassets_spine_hero_hero_003d.bundle,cdde1d71ee9bb2af0b7a2a9d161e6286.bundle,786827,files\yoo\Default\BundleFiles\cd\cdde1d71ee9bb2af0b7a2a9d161e6286\__data,True,True,
4284,Assets/Game/RawAssets/Spine/Hero/hero_003D/hero_003D_SkeletonData.asset,,4108,assets_game_rawassets_spine_hero_hero_003d.bundle,cdde1d71ee9bb2af0b7a2a9d161e6286.bundle,786827,files\yoo\Default\BundleFiles\cd\cdde1d71ee9bb2af0b7a2a9d161e6286\__data,True,True,
4285,Assets/Game/RawAssets/Spine/Hero/hero_003Dh/hero_003Dh.atlas.txt,,4109,assets_game_rawassets_spine_hero_hero_003dh.bundle,b61d633c6f7beec5301d9f48ffb87909.bundle,827386,files\yoo\Default\UnpackBundleFiles\b6\b61d633c6f7beec5301d9f48ffb87909\__data,True,True,
4286,Assets/Game/RawAssets/Spine/Hero/hero_003Dh/hero_003Dh.png,,4109,assets_game_rawassets_spine_hero_hero_003dh.bundle,b61d633c6f7beec5301d9f48ffb87909.bundle,827386,files\yoo\Default\UnpackBundleFiles\b6\b61d633c6f7beec5301d9f48ffb87909\__data,True,True,
4287,Assets/Game/RawAssets/Spine/Hero/hero_003Dh/hero_003Dh.skel.bytes,,4109,assets_game_rawassets_spine_hero_hero_003dh.bundle,b61d633c6f7beec5301d9f48ffb87909.bundle,827386,files\yoo\Default\UnpackBundleFiles\b6\b61d633c6f7beec5301d9f48ffb87909\__data,True,True,
4288,Assets/Game/RawAssets/Spine/Hero/hero_003Dh/hero_003Dh_Atlas.asset,,4109,assets_game_rawassets_spine_hero_hero_003dh.bundle,b61d633c6f7beec5301d9f48ffb87909.bundle,827386,files\yoo\Default\UnpackBundleFiles\b6\b61d633c6f7beec5301d9f48ffb87909\__data,True,True,
4289,Assets/Game/RawAssets/Spine/Hero/hero_003Dh/hero_003Dh_Material.mat,,4109,assets_game_rawassets_spine_hero_hero_003dh.bundle,b61d633c6f7beec5301d9f48ffb87909.bundle,827386,files\yoo\Default\UnpackBundleFiles\b6\b61d633c6f7beec5301d9f48ffb87909\__data,True,True,
4290,Assets/Game/RawAssets/Spine/Hero/hero_003Dh/hero_003Dh_Material-Additive.mat,,4109,assets_game_rawassets_spine_hero_hero_003dh.bundle,b61d633c6f7beec5301d9f48ffb87909.bundle,827386,files\yoo\Default\UnpackBundleFiles\b6\b61d633c6f7beec5301d9f48ffb87909\__data,True,True,
4291,Assets/Game/RawAssets/Spine/Hero/hero_003Dh/hero_003Dh_SkeletonData.asset,,4109,assets_game_rawassets_spine_hero_hero_003dh.bundle,b61d633c6f7beec5301d9f48ffb87909.bundle,827386,files\yoo\Default\UnpackBundleFiles\b6\b61d633c6f7beec5301d9f48ffb87909\__data,True,True,
4292,Assets/Game/RawAssets/Spine/Hero/hero_003h/hero_003h.atlas.txt,,4110,assets_game_rawassets_spine_hero_hero_003h.bundle,c95473b02719b18caad042d65631f9f4.bundle,1807097,files\yoo\Default\BundleFiles\c9\c95473b02719b18caad042d65631f9f4\__data,True,True,
4293,Assets/Game/RawAssets/Spine/Hero/hero_003h/hero_003h.png,,4110,assets_game_rawassets_spine_hero_hero_003h.bundle,c95473b02719b18caad042d65631f9f4.bundle,1807097,files\yoo\Default\BundleFiles\c9\c95473b02719b18caad042d65631f9f4\__data,True,True,
4294,Assets/Game/RawAssets/Spine/Hero/hero_003h/hero_003h.skel.bytes,,4110,assets_game_rawassets_spine_hero_hero_003h.bundle,c95473b02719b18caad042d65631f9f4.bundle,1807097,files\yoo\Default\BundleFiles\c9\c95473b02719b18caad042d65631f9f4\__data,True,True,
4295,Assets/Game/RawAssets/Spine/Hero/hero_003h/hero_003h_Atlas.asset,,4110,assets_game_rawassets_spine_hero_hero_003h.bundle,c95473b02719b18caad042d65631f9f4.bundle,1807097,files\yoo\Default\BundleFiles\c9\c95473b02719b18caad042d65631f9f4\__data,True,True,
4296,Assets/Game/RawAssets/Spine/Hero/hero_003h/hero_003h_bg.atlas.txt,,4110,assets_game_rawassets_spine_hero_hero_003h.bundle,c95473b02719b18caad042d65631f9f4.bundle,1807097,files\yoo\Default\BundleFiles\c9\c95473b02719b18caad042d65631f9f4\__data,True,True,
4297,Assets/Game/RawAssets/Spine/Hero/hero_003h/hero_003h_bg.png,,4110,assets_game_rawassets_spine_hero_hero_003h.bundle,c95473b02719b18caad042d65631f9f4.bundle,1807097,files\yoo\Default\BundleFiles\c9\c95473b02719b18caad042d65631f9f4\__data,True,True,
4298,Assets/Game/RawAssets/Spine/Hero/hero_003h/hero_003h_bg.skel.bytes,,4110,assets_game_rawassets_spine_hero_hero_003h.bundle,c95473b02719b18caad042d65631f9f4.bundle,1807097,files\yoo\Default\BundleFiles\c9\c95473b02719b18caad042d65631f9f4\__data,True,True,
4299,Assets/Game/RawAssets/Spine/Hero/hero_003h/hero_003h_bg_Atlas.asset,,4110,assets_game_rawassets_spine_hero_hero_003h.bundle,c95473b02719b18caad042d65631f9f4.bundle,1807097,files\yoo\Default\BundleFiles\c9\c95473b02719b18caad042d65631f9f4\__data,True,True,
4300,Assets/Game/RawAssets/Spine/Hero/hero_003h/hero_003h_bg_Material.mat,,4110,assets_game_rawassets_spine_hero_hero_003h.bundle,c95473b02719b18caad042d65631f9f4.bundle,1807097,files\yoo\Default\BundleFiles\c9\c95473b02719b18caad042d65631f9f4\__data,True,True,
4301,Assets/Game/RawAssets/Spine/Hero/hero_003h/hero_003h_bg_SkeletonData.asset,,4110,assets_game_rawassets_spine_hero_hero_003h.bundle,c95473b02719b18caad042d65631f9f4.bundle,1807097,files\yoo\Default\BundleFiles\c9\c95473b02719b18caad042d65631f9f4\__data,True,True,
4302,Assets/Game/RawAssets/Spine/Hero/hero_003h/hero_003h_Material.mat,,4110,assets_game_rawassets_spine_hero_hero_003h.bundle,c95473b02719b18caad042d65631f9f4.bundle,1807097,files\yoo\Default\BundleFiles\c9\c95473b02719b18caad042d65631f9f4\__data,True,True,
4303,Assets/Game/RawAssets/Spine/Hero/hero_003h/hero_003h_Material-Additive.mat,,4110,assets_game_rawassets_spine_hero_hero_003h.bundle,c95473b02719b18caad042d65631f9f4.bundle,1807097,files\yoo\Default\BundleFiles\c9\c95473b02719b18caad042d65631f9f4\__data,True,True,
4304,Assets/Game/RawAssets/Spine/Hero/hero_003h/hero_003h_SkeletonData.asset,,4110,assets_game_rawassets_spine_hero_hero_003h.bundle,c95473b02719b18caad042d65631f9f4.bundle,1807097,files\yoo\Default\BundleFiles\c9\c95473b02719b18caad042d65631f9f4\__data,True,True,
4305,Assets/Game/RawAssets/Spine/Hero/hero_003r/hero_003r.atlas.txt,,4111,assets_game_rawassets_spine_hero_hero_003r.bundle,da79af703d04c3b2569596e23acc4ec3.bundle,1976460,,False,False,
4306,Assets/Game/RawAssets/Spine/Hero/hero_003r/hero_003r.png,,4111,assets_game_rawassets_spine_hero_hero_003r.bundle,da79af703d04c3b2569596e23acc4ec3.bundle,1976460,,False,False,
4307,Assets/Game/RawAssets/Spine/Hero/hero_003r/hero_003r.skel.bytes,,4111,assets_game_rawassets_spine_hero_hero_003r.bundle,da79af703d04c3b2569596e23acc4ec3.bundle,1976460,,False,False,
4308,Assets/Game/RawAssets/Spine/Hero/hero_003r/hero_003r_Atlas.asset,,4111,assets_game_rawassets_spine_hero_hero_003r.bundle,da79af703d04c3b2569596e23acc4ec3.bundle,1976460,,False,False,
4309,Assets/Game/RawAssets/Spine/Hero/hero_003r/hero_003r_Material.mat,,4111,assets_game_rawassets_spine_hero_hero_003r.bundle,da79af703d04c3b2569596e23acc4ec3.bundle,1976460,,False,False,
4310,Assets/Game/RawAssets/Spine/Hero/hero_003r/hero_003r_SkeletonData.asset,,4111,assets_game_rawassets_spine_hero_hero_003r.bundle,da79af703d04c3b2569596e23acc4ec3.bundle,1976460,,False,False,
4311,Assets/Game/RawAssets/Spine/Hero/hero_003r_s01/hero_003r_s01.atlas.txt,,4112,assets_game_rawassets_spine_hero_hero_003r_s01.bundle,615d61b298ae37c307b8fff244693542.bundle,2824393,,False,False,
4312,Assets/Game/RawAssets/Spine/Hero/hero_003r_s01/hero_003r_s01.png,,4112,assets_game_rawassets_spine_hero_hero_003r_s01.bundle,615d61b298ae37c307b8fff244693542.bundle,2824393,,False,False,
4313,Assets/Game/RawAssets/Spine/Hero/hero_003r_s01/hero_003r_s01.skel.bytes,,4112,assets_game_rawassets_spine_hero_hero_003r_s01.bundle,615d61b298ae37c307b8fff244693542.bundle,2824393,,False,False,
4314,Assets/Game/RawAssets/Spine/Hero/hero_003r_s01/hero_003r_s01_Atlas.asset,,4112,assets_game_rawassets_spine_hero_hero_003r_s01.bundle,615d61b298ae37c307b8fff244693542.bundle,2824393,,False,False,
4315,Assets/Game/RawAssets/Spine/Hero/hero_003r_s01/hero_003r_s01_Material.mat,,4112,assets_game_rawassets_spine_hero_hero_003r_s01.bundle,615d61b298ae37c307b8fff244693542.bundle,2824393,,False,False,
4316,Assets/Game/RawAssets/Spine/Hero/hero_003r_s01/hero_003r_s01_SkeletonData.asset,,4112,assets_game_rawassets_spine_hero_hero_003r_s01.bundle,615d61b298ae37c307b8fff244693542.bundle,2824393,,False,False,
4317,Assets/Game/RawAssets/Spine/Hero/hero_003r_s01h/hero_003r_s01h.atlas.txt,,4113,assets_game_rawassets_spine_hero_hero_003r_s01h.bundle,686ffe24ad26c49a038bba9edbfb0b2a.bundle,2826911,,False,False,
4318,Assets/Game/RawAssets/Spine/Hero/hero_003r_s01h/hero_003r_s01h.png,,4113,assets_game_rawassets_spine_hero_hero_003r_s01h.bundle,686ffe24ad26c49a038bba9edbfb0b2a.bundle,2826911,,False,False,
4319,Assets/Game/RawAssets/Spine/Hero/hero_003r_s01h/hero_003r_s01h.skel.bytes,,4113,assets_game_rawassets_spine_hero_hero_003r_s01h.bundle,686ffe24ad26c49a038bba9edbfb0b2a.bundle,2826911,,False,False,
4320,Assets/Game/RawAssets/Spine/Hero/hero_003r_s01h/hero_003r_s01h_Atlas.asset,,4113,assets_game_rawassets_spine_hero_hero_003r_s01h.bundle,686ffe24ad26c49a038bba9edbfb0b2a.bundle,2826911,,False,False,
4321,Assets/Game/RawAssets/Spine/Hero/hero_003r_s01h/hero_003r_s01h_Material.mat,,4113,assets_game_rawassets_spine_hero_hero_003r_s01h.bundle,686ffe24ad26c49a038bba9edbfb0b2a.bundle,2826911,,False,False,
4322,Assets/Game/RawAssets/Spine/Hero/hero_003r_s01h/hero_003r_s01h_SkeletonData.asset,,4113,assets_game_rawassets_spine_hero_hero_003r_s01h.bundle,686ffe24ad26c49a038bba9edbfb0b2a.bundle,2826911,,False,False,
4353,Assets/Game/RawAssets/Spine/Hero/hero_005/hero_005.atlas.txt,,4117,assets_game_rawassets_spine_hero_hero_005.bundle,e142aefe30d7727b58a79e487c52e19b.bundle,1303658,files\yoo\Default\BundleFiles\e1\e142aefe30d7727b58a79e487c52e19b\__data,True,True,
4354,Assets/Game/RawAssets/Spine/Hero/hero_005/hero_005.png,,4117,assets_game_rawassets_spine_hero_hero_005.bundle,e142aefe30d7727b58a79e487c52e19b.bundle,1303658,files\yoo\Default\BundleFiles\e1\e142aefe30d7727b58a79e487c52e19b\__data,True,True,
4355,Assets/Game/RawAssets/Spine/Hero/hero_005/hero_005.skel.bytes,,4117,assets_game_rawassets_spine_hero_hero_005.bundle,e142aefe30d7727b58a79e487c52e19b.bundle,1303658,files\yoo\Default\BundleFiles\e1\e142aefe30d7727b58a79e487c52e19b\__data,True,True,
4356,Assets/Game/RawAssets/Spine/Hero/hero_005/hero_005_Atlas.asset,,4117,assets_game_rawassets_spine_hero_hero_005.bundle,e142aefe30d7727b58a79e487c52e19b.bundle,1303658,files\yoo\Default\BundleFiles\e1\e142aefe30d7727b58a79e487c52e19b\__data,True,True,
4357,Assets/Game/RawAssets/Spine/Hero/hero_005/hero_005_bg.atlas.txt,,4117,assets_game_rawassets_spine_hero_hero_005.bundle,e142aefe30d7727b58a79e487c52e19b.bundle,1303658,files\yoo\Default\BundleFiles\e1\e142aefe30d7727b58a79e487c52e19b\__data,True,True,
4358,Assets/Game/RawAssets/Spine/Hero/hero_005/hero_005_bg.png,,4117,assets_game_rawassets_spine_hero_hero_005.bundle,e142aefe30d7727b58a79e487c52e19b.bundle,1303658,files\yoo\Default\BundleFiles\e1\e142aefe30d7727b58a79e487c52e19b\__data,True,True,
4359,Assets/Game/RawAssets/Spine/Hero/hero_005/hero_005_bg.skel.bytes,,4117,assets_game_rawassets_spine_hero_hero_005.bundle,e142aefe30d7727b58a79e487c52e19b.bundle,1303658,files\yoo\Default\BundleFiles\e1\e142aefe30d7727b58a79e487c52e19b\__data,True,True,
4360,Assets/Game/RawAssets/Spine/Hero/hero_005/hero_005_bg_Atlas.asset,,4117,assets_game_rawassets_spine_hero_hero_005.bundle,e142aefe30d7727b58a79e487c52e19b.bundle,1303658,files\yoo\Default\BundleFiles\e1\e142aefe30d7727b58a79e487c52e19b\__data,True,True,
4361,Assets/Game/RawAssets/Spine/Hero/hero_005/hero_005_bg_Material.mat,,4117,assets_game_rawassets_spine_hero_hero_005.bundle,e142aefe30d7727b58a79e487c52e19b.bundle,1303658,files\yoo\Default\BundleFiles\e1\e142aefe30d7727b58a79e487c52e19b\__data,True,True,
4362,Assets/Game/RawAssets/Spine/Hero/hero_005/hero_005_bg_SkeletonData.asset,,4117,assets_game_rawassets_spine_hero_hero_005.bundle,e142aefe30d7727b58a79e487c52e19b.bundle,1303658,files\yoo\Default\BundleFiles\e1\e142aefe30d7727b58a79e487c52e19b\__data,True,True,
4363,Assets/Game/RawAssets/Spine/Hero/hero_005/hero_005_fg.atlas.txt,,4117,assets_game_rawassets_spine_hero_hero_005.bundle,e142aefe30d7727b58a79e487c52e19b.bundle,1303658,files\yoo\Default\BundleFiles\e1\e142aefe30d7727b58a79e487c52e19b\__data,True,True,
4364,Assets/Game/RawAssets/Spine/Hero/hero_005/hero_005_fg.png,,4117,assets_game_rawassets_spine_hero_hero_005.bundle,e142aefe30d7727b58a79e487c52e19b.bundle,1303658,files\yoo\Default\BundleFiles\e1\e142aefe30d7727b58a79e487c52e19b\__data,True,True,
4365,Assets/Game/RawAssets/Spine/Hero/hero_005/hero_005_fg.skel.bytes,,4117,assets_game_rawassets_spine_hero_hero_005.bundle,e142aefe30d7727b58a79e487c52e19b.bundle,1303658,files\yoo\Default\BundleFiles\e1\e142aefe30d7727b58a79e487c52e19b\__data,True,True,
4366,Assets/Game/RawAssets/Spine/Hero/hero_005/hero_005_fg_Atlas.asset,,4117,assets_game_rawassets_spine_hero_hero_005.bundle,e142aefe30d7727b58a79e487c52e19b.bundle,1303658,files\yoo\Default\BundleFiles\e1\e142aefe30d7727b58a79e487c52e19b\__data,True,True,
4367,Assets/Game/RawAssets/Spine/Hero/hero_005/hero_005_fg_Material.mat,,4117,assets_game_rawassets_spine_hero_hero_005.bundle,e142aefe30d7727b58a79e487c52e19b.bundle,1303658,files\yoo\Default\BundleFiles\e1\e142aefe30d7727b58a79e487c52e19b\__data,True,True,
4368,Assets/Game/RawAssets/Spine/Hero/hero_005/hero_005_fg_SkeletonData.asset,,4117,assets_game_rawassets_spine_hero_hero_005.bundle,e142aefe30d7727b58a79e487c52e19b.bundle,1303658,files\yoo\Default\BundleFiles\e1\e142aefe30d7727b58a79e487c52e19b\__data,True,True,
4369,Assets/Game/RawAssets/Spine/Hero/hero_005/hero_005_Material.mat,,4117,assets_game_rawassets_spine_hero_hero_005.bundle,e142aefe30d7727b58a79e487c52e19b.bundle,1303658,files\yoo\Default\BundleFiles\e1\e142aefe30d7727b58a79e487c52e19b\__data,True,True,
4370,Assets/Game/RawAssets/Spine/Hero/hero_005/hero_005_Material-Additive.mat,,4117,assets_game_rawassets_spine_hero_hero_005.bundle,e142aefe30d7727b58a79e487c52e19b.bundle,1303658,files\yoo\Default\BundleFiles\e1\e142aefe30d7727b58a79e487c52e19b\__data,True,True,
4371,Assets/Game/RawAssets/Spine/Hero/hero_005/hero_005_silhouette.atlas.txt,,4117,assets_game_rawassets_spine_hero_hero_005.bundle,e142aefe30d7727b58a79e487c52e19b.bundle,1303658,files\yoo\Default\BundleFiles\e1\e142aefe30d7727b58a79e487c52e19b\__data,True,True,
4372,Assets/Game/RawAssets/Spine/Hero/hero_005/hero_005_silhouette.png,,4117,assets_game_rawassets_spine_hero_hero_005.bundle,e142aefe30d7727b58a79e487c52e19b.bundle,1303658,files\yoo\Default\BundleFiles\e1\e142aefe30d7727b58a79e487c52e19b\__data,True,True,
4373,Assets/Game/RawAssets/Spine/Hero/hero_005/hero_005_silhouette.skel.bytes,,4117,assets_game_rawassets_spine_hero_hero_005.bundle,e142aefe30d7727b58a79e487c52e19b.bundle,1303658,files\yoo\Default\BundleFiles\e1\e142aefe30d7727b58a79e487c52e19b\__data,True,True,
4374,Assets/Game/RawAssets/Spine/Hero/hero_005/hero_005_silhouette_Atlas.asset,,4117,assets_game_rawassets_spine_hero_hero_005.bundle,e142aefe30d7727b58a79e487c52e19b.bundle,1303658,files\yoo\Default\BundleFiles\e1\e142aefe30d7727b58a79e487c52e19b\__data,True,True,
4375,Assets/Game/RawAssets/Spine/Hero/hero_005/hero_005_silhouette_Material.mat,,4117,assets_game_rawassets_spine_hero_hero_005.bundle,e142aefe30d7727b58a79e487c52e19b.bundle,1303658,files\yoo\Default\BundleFiles\e1\e142aefe30d7727b58a79e487c52e19b\__data,True,True,
4376,Assets/Game/RawAssets/Spine/Hero/hero_005/hero_005_silhouette_SkeletonData.asset,,4117,assets_game_rawassets_spine_hero_hero_005.bundle,e142aefe30d7727b58a79e487c52e19b.bundle,1303658,files\yoo\Default\BundleFiles\e1\e142aefe30d7727b58a79e487c52e19b\__data,True,True,
4377,Assets/Game/RawAssets/Spine/Hero/hero_005/hero_005_SkeletonData.asset,,4117,assets_game_rawassets_spine_hero_hero_005.bundle,e142aefe30d7727b58a79e487c52e19b.bundle,1303658,files\yoo\Default\BundleFiles\e1\e142aefe30d7727b58a79e487c52e19b\__data,True,True,
4378,Assets/Game/RawAssets/Spine/Hero/hero_005h/hero_005h.atlas.txt,,4118,assets_game_rawassets_spine_hero_hero_005h.bundle,df23233aa92e54ff1a8f92210f379330.bundle,1302659,files\yoo\Default\BundleFiles\df\df23233aa92e54ff1a8f92210f379330\__data,True,True,
4379,Assets/Game/RawAssets/Spine/Hero/hero_005h/hero_005h.png,,4118,assets_game_rawassets_spine_hero_hero_005h.bundle,df23233aa92e54ff1a8f92210f379330.bundle,1302659,files\yoo\Default\BundleFiles\df\df23233aa92e54ff1a8f92210f379330\__data,True,True,
4380,Assets/Game/RawAssets/Spine/Hero/hero_005h/hero_005h.skel.bytes,,4118,assets_game_rawassets_spine_hero_hero_005h.bundle,df23233aa92e54ff1a8f92210f379330.bundle,1302659,files\yoo\Default\BundleFiles\df\df23233aa92e54ff1a8f92210f379330\__data,True,True,
4381,Assets/Game/RawAssets/Spine/Hero/hero_005h/hero_005h_Atlas.asset,,4118,assets_game_rawassets_spine_hero_hero_005h.bundle,df23233aa92e54ff1a8f92210f379330.bundle,1302659,files\yoo\Default\BundleFiles\df\df23233aa92e54ff1a8f92210f379330\__data,True,True,
4382,Assets/Game/RawAssets/Spine/Hero/hero_005h/hero_005h_bg.atlas.txt,,4118,assets_game_rawassets_spine_hero_hero_005h.bundle,df23233aa92e54ff1a8f92210f379330.bundle,1302659,files\yoo\Default\BundleFiles\df\df23233aa92e54ff1a8f92210f379330\__data,True,True,
4383,Assets/Game/RawAssets/Spine/Hero/hero_005h/hero_005h_bg.png,,4118,assets_game_rawassets_spine_hero_hero_005h.bundle,df23233aa92e54ff1a8f92210f379330.bundle,1302659,files\yoo\Default\BundleFiles\df\df23233aa92e54ff1a8f92210f379330\__data,True,True,
4384,Assets/Game/RawAssets/Spine/Hero/hero_005h/hero_005h_bg.skel.bytes,,4118,assets_game_rawassets_spine_hero_hero_005h.bundle,df23233aa92e54ff1a8f92210f379330.bundle,1302659,files\yoo\Default\BundleFiles\df\df23233aa92e54ff1a8f92210f379330\__data,True,True,
4385,Assets/Game/RawAssets/Spine/Hero/hero_005h/hero_005h_bg_Atlas.asset,,4118,assets_game_rawassets_spine_hero_hero_005h.bundle,df23233aa92e54ff1a8f92210f379330.bundle,1302659,files\yoo\Default\BundleFiles\df\df23233aa92e54ff1a8f92210f379330\__data,True,True,
4386,Assets/Game/RawAssets/Spine/Hero/hero_005h/hero_005h_bg_Material.mat,,4118,assets_game_rawassets_spine_hero_hero_005h.bundle,df23233aa92e54ff1a8f92210f379330.bundle,1302659,files\yoo\Default\BundleFiles\df\df23233aa92e54ff1a8f92210f379330\__data,True,True,
4387,Assets/Game/RawAssets/Spine/Hero/hero_005h/hero_005h_bg_SkeletonData.asset,,4118,assets_game_rawassets_spine_hero_hero_005h.bundle,df23233aa92e54ff1a8f92210f379330.bundle,1302659,files\yoo\Default\BundleFiles\df\df23233aa92e54ff1a8f92210f379330\__data,True,True,
4388,Assets/Game/RawAssets/Spine/Hero/hero_005h/hero_005h_fg.atlas.txt,,4118,assets_game_rawassets_spine_hero_hero_005h.bundle,df23233aa92e54ff1a8f92210f379330.bundle,1302659,files\yoo\Default\BundleFiles\df\df23233aa92e54ff1a8f92210f379330\__data,True,True,
4389,Assets/Game/RawAssets/Spine/Hero/hero_005h/hero_005h_fg.png,,4118,assets_game_rawassets_spine_hero_hero_005h.bundle,df23233aa92e54ff1a8f92210f379330.bundle,1302659,files\yoo\Default\BundleFiles\df\df23233aa92e54ff1a8f92210f379330\__data,True,True,
4390,Assets/Game/RawAssets/Spine/Hero/hero_005h/hero_005h_fg.skel.bytes,,4118,assets_game_rawassets_spine_hero_hero_005h.bundle,df23233aa92e54ff1a8f92210f379330.bundle,1302659,files\yoo\Default\BundleFiles\df\df23233aa92e54ff1a8f92210f379330\__data,True,True,
4391,Assets/Game/RawAssets/Spine/Hero/hero_005h/hero_005h_fg_Atlas.asset,,4118,assets_game_rawassets_spine_hero_hero_005h.bundle,df23233aa92e54ff1a8f92210f379330.bundle,1302659,files\yoo\Default\BundleFiles\df\df23233aa92e54ff1a8f92210f379330\__data,True,True,
4392,Assets/Game/RawAssets/Spine/Hero/hero_005h/hero_005h_fg_Material.mat,,4118,assets_game_rawassets_spine_hero_hero_005h.bundle,df23233aa92e54ff1a8f92210f379330.bundle,1302659,files\yoo\Default\BundleFiles\df\df23233aa92e54ff1a8f92210f379330\__data,True,True,
4393,Assets/Game/RawAssets/Spine/Hero/hero_005h/hero_005h_fg_SkeletonData.asset,,4118,assets_game_rawassets_spine_hero_hero_005h.bundle,df23233aa92e54ff1a8f92210f379330.bundle,1302659,files\yoo\Default\BundleFiles\df\df23233aa92e54ff1a8f92210f379330\__data,True,True,
4394,Assets/Game/RawAssets/Spine/Hero/hero_005h/hero_005h_Material.mat,,4118,assets_game_rawassets_spine_hero_hero_005h.bundle,df23233aa92e54ff1a8f92210f379330.bundle,1302659,files\yoo\Default\BundleFiles\df\df23233aa92e54ff1a8f92210f379330\__data,True,True,
4395,Assets/Game/RawAssets/Spine/Hero/hero_005h/hero_005h_Material-Additive.mat,,4118,assets_game_rawassets_spine_hero_hero_005h.bundle,df23233aa92e54ff1a8f92210f379330.bundle,1302659,files\yoo\Default\BundleFiles\df\df23233aa92e54ff1a8f92210f379330\__data,True,True,
4396,Assets/Game/RawAssets/Spine/Hero/hero_005h/hero_005h_SkeletonData.asset,,4118,assets_game_rawassets_spine_hero_hero_005h.bundle,df23233aa92e54ff1a8f92210f379330.bundle,1302659,files\yoo\Default\BundleFiles\df\df23233aa92e54ff1a8f92210f379330\__data,True,True,
4888,Assets/Game/RawAssets/Spine/Hero/hero_016/hero_016.atlas.txt,,4153,assets_game_rawassets_spine_hero_hero_016.bundle,f110b832f2beea558234c8a70a3b82d2.bundle,8472711,files\yoo\Default\BundleFiles\f1\f110b832f2beea558234c8a70a3b82d2\__data,True,True,
4889,Assets/Game/RawAssets/Spine/Hero/hero_016/hero_016.png,,4153,assets_game_rawassets_spine_hero_hero_016.bundle,f110b832f2beea558234c8a70a3b82d2.bundle,8472711,files\yoo\Default\BundleFiles\f1\f110b832f2beea558234c8a70a3b82d2\__data,True,True,
4890,Assets/Game/RawAssets/Spine/Hero/hero_016/hero_016.skel.bytes,,4153,assets_game_rawassets_spine_hero_hero_016.bundle,f110b832f2beea558234c8a70a3b82d2.bundle,8472711,files\yoo\Default\BundleFiles\f1\f110b832f2beea558234c8a70a3b82d2\__data,True,True,
4891,Assets/Game/RawAssets/Spine/Hero/hero_016/hero_016.spriteatlas,,4153,assets_game_rawassets_spine_hero_hero_016.bundle,f110b832f2beea558234c8a70a3b82d2.bundle,8472711,files\yoo\Default\BundleFiles\f1\f110b832f2beea558234c8a70a3b82d2\__data,True,True,
4892,Assets/Game/RawAssets/Spine/Hero/hero_016/hero_016_Atlas.asset,,4153,assets_game_rawassets_spine_hero_hero_016.bundle,f110b832f2beea558234c8a70a3b82d2.bundle,8472711,files\yoo\Default\BundleFiles\f1\f110b832f2beea558234c8a70a3b82d2\__data,True,True,
4893,Assets/Game/RawAssets/Spine/Hero/hero_016/hero_016_bg.atlas.txt,,4153,assets_game_rawassets_spine_hero_hero_016.bundle,f110b832f2beea558234c8a70a3b82d2.bundle,8472711,files\yoo\Default\BundleFiles\f1\f110b832f2beea558234c8a70a3b82d2\__data,True,True,
4894,Assets/Game/RawAssets/Spine/Hero/hero_016/hero_016_bg.png,,4153,assets_game_rawassets_spine_hero_hero_016.bundle,f110b832f2beea558234c8a70a3b82d2.bundle,8472711,files\yoo\Default\BundleFiles\f1\f110b832f2beea558234c8a70a3b82d2\__data,True,True,
4895,Assets/Game/RawAssets/Spine/Hero/hero_016/hero_016_bg.skel.bytes,,4153,assets_game_rawassets_spine_hero_hero_016.bundle,f110b832f2beea558234c8a70a3b82d2.bundle,8472711,files\yoo\Default\BundleFiles\f1\f110b832f2beea558234c8a70a3b82d2\__data,True,True,
4896,Assets/Game/RawAssets/Spine/Hero/hero_016/hero_016_bg_2.png,,4153,assets_game_rawassets_spine_hero_hero_016.bundle,f110b832f2beea558234c8a70a3b82d2.bundle,8472711,files\yoo\Default\BundleFiles\f1\f110b832f2beea558234c8a70a3b82d2\__data,True,True,
4897,Assets/Game/RawAssets/Spine/Hero/hero_016/hero_016_bg_Atlas.asset,,4153,assets_game_rawassets_spine_hero_hero_016.bundle,f110b832f2beea558234c8a70a3b82d2.bundle,8472711,files\yoo\Default\BundleFiles\f1\f110b832f2beea558234c8a70a3b82d2\__data,True,True,
4898,Assets/Game/RawAssets/Spine/Hero/hero_016/hero_016_bg_hero_016_bg.mat,,4153,assets_game_rawassets_spine_hero_hero_016.bundle,f110b832f2beea558234c8a70a3b82d2.bundle,8472711,files\yoo\Default\BundleFiles\f1\f110b832f2beea558234c8a70a3b82d2\__data,True,True,
4899,Assets/Game/RawAssets/Spine/Hero/hero_016/hero_016_bg_hero_016_bg_2.mat,,4153,assets_game_rawassets_spine_hero_hero_016.bundle,f110b832f2beea558234c8a70a3b82d2.bundle,8472711,files\yoo\Default\BundleFiles\f1\f110b832f2beea558234c8a70a3b82d2\__data,True,True,
4900,Assets/Game/RawAssets/Spine/Hero/hero_016/hero_016_bg_Material.mat,,4153,assets_game_rawassets_spine_hero_hero_016.bundle,f110b832f2beea558234c8a70a3b82d2.bundle,8472711,files\yoo\Default\BundleFiles\f1\f110b832f2beea558234c8a70a3b82d2\__data,True,True,
4901,Assets/Game/RawAssets/Spine/Hero/hero_016/hero_016_bg_SkeletonData.asset,,4153,assets_game_rawassets_spine_hero_hero_016.bundle,f110b832f2beea558234c8a70a3b82d2.bundle,8472711,files\yoo\Default\BundleFiles\f1\f110b832f2beea558234c8a70a3b82d2\__data,True,True,
4902,Assets/Game/RawAssets/Spine/Hero/hero_016/hero_016_fg.atlas.txt,,4153,assets_game_rawassets_spine_hero_hero_016.bundle,f110b832f2beea558234c8a70a3b82d2.bundle,8472711,files\yoo\Default\BundleFiles\f1\f110b832f2beea558234c8a70a3b82d2\__data,True,True,
4903,Assets/Game/RawAssets/Spine/Hero/hero_016/hero_016_fg.png,,4153,assets_game_rawassets_spine_hero_hero_016.bundle,f110b832f2beea558234c8a70a3b82d2.bundle,8472711,files\yoo\Default\BundleFiles\f1\f110b832f2beea558234c8a70a3b82d2\__data,True,True,
4904,Assets/Game/RawAssets/Spine/Hero/hero_016/hero_016_fg.skel.bytes,,4153,assets_game_rawassets_spine_hero_hero_016.bundle,f110b832f2beea558234c8a70a3b82d2.bundle,8472711,files\yoo\Default\BundleFiles\f1\f110b832f2beea558234c8a70a3b82d2\__data,True,True,
4905,Assets/Game/RawAssets/Spine/Hero/hero_016/hero_016_fg_Atlas.asset,,4153,assets_game_rawassets_spine_hero_hero_016.bundle,f110b832f2beea558234c8a70a3b82d2.bundle,8472711,files\yoo\Default\BundleFiles\f1\f110b832f2beea558234c8a70a3b82d2\__data,True,True,
4906,Assets/Game/RawAssets/Spine/Hero/hero_016/hero_016_fg_Material.mat,,4153,assets_game_rawassets_spine_hero_hero_016.bundle,f110b832f2beea558234c8a70a3b82d2.bundle,8472711,files\yoo\Default\BundleFiles\f1\f110b832f2beea558234c8a70a3b82d2\__data,True,True,
4907,Assets/Game/RawAssets/Spine/Hero/hero_016/hero_016_fg_SkeletonData.asset,,4153,assets_game_rawassets_spine_hero_hero_016.bundle,f110b832f2beea558234c8a70a3b82d2.bundle,8472711,files\yoo\Default\BundleFiles\f1\f110b832f2beea558234c8a70a3b82d2\__data,True,True,
4908,Assets/Game/RawAssets/Spine/Hero/hero_016/hero_016_Material.mat,,4153,assets_game_rawassets_spine_hero_hero_016.bundle,f110b832f2beea558234c8a70a3b82d2.bundle,8472711,files\yoo\Default\BundleFiles\f1\f110b832f2beea558234c8a70a3b82d2\__data,True,True,
4909,Assets/Game/RawAssets/Spine/Hero/hero_016/hero_016_silhouette.atlas.txt,,4153,assets_game_rawassets_spine_hero_hero_016.bundle,f110b832f2beea558234c8a70a3b82d2.bundle,8472711,files\yoo\Default\BundleFiles\f1\f110b832f2beea558234c8a70a3b82d2\__data,True,True,
4910,Assets/Game/RawAssets/Spine/Hero/hero_016/hero_016_silhouette.png,,4153,assets_game_rawassets_spine_hero_hero_016.bundle,f110b832f2beea558234c8a70a3b82d2.bundle,8472711,files\yoo\Default\BundleFiles\f1\f110b832f2beea558234c8a70a3b82d2\__data,True,True,
4911,Assets/Game/RawAssets/Spine/Hero/hero_016/hero_016_silhouette.skel.bytes,,4153,assets_game_rawassets_spine_hero_hero_016.bundle,f110b832f2beea558234c8a70a3b82d2.bundle,8472711,files\yoo\Default\BundleFiles\f1\f110b832f2beea558234c8a70a3b82d2\__data,True,True,
4912,Assets/Game/RawAssets/Spine/Hero/hero_016/hero_016_silhouette_Atlas.asset,,4153,assets_game_rawassets_spine_hero_hero_016.bundle,f110b832f2beea558234c8a70a3b82d2.bundle,8472711,files\yoo\Default\BundleFiles\f1\f110b832f2beea558234c8a70a3b82d2\__data,True,True,
4913,Assets/Game/RawAssets/Spine/Hero/hero_016/hero_016_silhouette_Material.mat,,4153,assets_game_rawassets_spine_hero_hero_016.bundle,f110b832f2beea558234c8a70a3b82d2.bundle,8472711,files\yoo\Default\BundleFiles\f1\f110b832f2beea558234c8a70a3b82d2\__data,True,True,
4914,Assets/Game/RawAssets/Spine/Hero/hero_016/hero_016_silhouette_SkeletonData.asset,,4153,assets_game_rawassets_spine_hero_hero_016.bundle,f110b832f2beea558234c8a70a3b82d2.bundle,8472711,files\yoo\Default\BundleFiles\f1\f110b832f2beea558234c8a70a3b82d2\__data,True,True,
4915,Assets/Game/RawAssets/Spine/Hero/hero_016/hero_016_SkeletonData.asset,,4153,assets_game_rawassets_spine_hero_hero_016.bundle,f110b832f2beea558234c8a70a3b82d2.bundle,8472711,files\yoo\Default\BundleFiles\f1\f110b832f2beea558234c8a70a3b82d2\__data,True,True,
4916,Assets/Game/RawAssets/Spine/Hero/hero_016_s01/hero_016_s01.atlas.txt,,4154,assets_game_rawassets_spine_hero_hero_016_s01.bundle,76e58bffcaab5c86813502d79626fad5.bundle,1792741,files\yoo\Default\BundleFiles\76\76e58bffcaab5c86813502d79626fad5\__data,True,True,
4917,Assets/Game/RawAssets/Spine/Hero/hero_016_s01/hero_016_s01.png,,4154,assets_game_rawassets_spine_hero_hero_016_s01.bundle,76e58bffcaab5c86813502d79626fad5.bundle,1792741,files\yoo\Default\BundleFiles\76\76e58bffcaab5c86813502d79626fad5\__data,True,True,
4918,Assets/Game/RawAssets/Spine/Hero/hero_016_s01/hero_016_s01.skel.bytes,,4154,assets_game_rawassets_spine_hero_hero_016_s01.bundle,76e58bffcaab5c86813502d79626fad5.bundle,1792741,files\yoo\Default\BundleFiles\76\76e58bffcaab5c86813502d79626fad5\__data,True,True,
4919,Assets/Game/RawAssets/Spine/Hero/hero_016_s01/hero_016_s01_2.png,,4154,assets_game_rawassets_spine_hero_hero_016_s01.bundle,76e58bffcaab5c86813502d79626fad5.bundle,1792741,files\yoo\Default\BundleFiles\76\76e58bffcaab5c86813502d79626fad5\__data,True,True,
4920,Assets/Game/RawAssets/Spine/Hero/hero_016_s01/hero_016_s01_Atlas.asset,,4154,assets_game_rawassets_spine_hero_hero_016_s01.bundle,76e58bffcaab5c86813502d79626fad5.bundle,1792741,files\yoo\Default\BundleFiles\76\76e58bffcaab5c86813502d79626fad5\__data,True,True,
4921,Assets/Game/RawAssets/Spine/Hero/hero_016_s01/hero_016_s01_fg.atlas.txt,,4154,assets_game_rawassets_spine_hero_hero_016_s01.bundle,76e58bffcaab5c86813502d79626fad5.bundle,1792741,files\yoo\Default\BundleFiles\76\76e58bffcaab5c86813502d79626fad5\__data,True,True,
4922,Assets/Game/RawAssets/Spine/Hero/hero_016_s01/hero_016_s01_fg.png,,4154,assets_game_rawassets_spine_hero_hero_016_s01.bundle,76e58bffcaab5c86813502d79626fad5.bundle,1792741,files\yoo\Default\BundleFiles\76\76e58bffcaab5c86813502d79626fad5\__data,True,True,
4923,Assets/Game/RawAssets/Spine/Hero/hero_016_s01/hero_016_s01_fg.skel.bytes,,4154,assets_game_rawassets_spine_hero_hero_016_s01.bundle,76e58bffcaab5c86813502d79626fad5.bundle,1792741,files\yoo\Default\BundleFiles\76\76e58bffcaab5c86813502d79626fad5\__data,True,True,
4924,Assets/Game/RawAssets/Spine/Hero/hero_016_s01/hero_016_s01_fg_Atlas.asset,,4154,assets_game_rawassets_spine_hero_hero_016_s01.bundle,76e58bffcaab5c86813502d79626fad5.bundle,1792741,files\yoo\Default\BundleFiles\76\76e58bffcaab5c86813502d79626fad5\__data,True,True,
4925,Assets/Game/RawAssets/Spine/Hero/hero_016_s01/hero_016_s01_fg_Material.mat,,4154,assets_game_rawassets_spine_hero_hero_016_s01.bundle,76e58bffcaab5c86813502d79626fad5.bundle,1792741,files\yoo\Default\BundleFiles\76\76e58bffcaab5c86813502d79626fad5\__data,True,True,
4926,Assets/Game/RawAssets/Spine/Hero/hero_016_s01/hero_016_s01_fg_Material-Additive.mat,,4154,assets_game_rawassets_spine_hero_hero_016_s01.bundle,76e58bffcaab5c86813502d79626fad5.bundle,1792741,files\yoo\Default\BundleFiles\76\76e58bffcaab5c86813502d79626fad5\__data,True,True,
4927,Assets/Game/RawAssets/Spine/Hero/hero_016_s01/hero_016_s01_fg_SkeletonData.asset,,4154,assets_game_rawassets_spine_hero_hero_016_s01.bundle,76e58bffcaab5c86813502d79626fad5.bundle,1792741,files\yoo\Default\BundleFiles\76\76e58bffcaab5c86813502d79626fad5\__data,True,True,
4928,Assets/Game/RawAssets/Spine/Hero/hero_016_s01/hero_016_s01_hero_016_s01.mat,,4154,assets_game_rawassets_spine_hero_hero_016_s01.bundle,76e58bffcaab5c86813502d79626fad5.bundle,1792741,files\yoo\Default\BundleFiles\76\76e58bffcaab5c86813502d79626fad5\__data,True,True,
4929,Assets/Game/RawAssets/Spine/Hero/hero_016_s01/hero_016_s01_hero_016_s01_2.mat,,4154,assets_game_rawassets_spine_hero_hero_016_s01.bundle,76e58bffcaab5c86813502d79626fad5.bundle,1792741,files\yoo\Default\BundleFiles\76\76e58bffcaab5c86813502d79626fad5\__data,True,True,
4930,Assets/Game/RawAssets/Spine/Hero/hero_016_s01/hero_016_s01_Material.mat,,4154,assets_game_rawassets_spine_hero_hero_016_s01.bundle,76e58bffcaab5c86813502d79626fad5.bundle,1792741,files\yoo\Default\BundleFiles\76\76e58bffcaab5c86813502d79626fad5\__data,True,True,
4931,Assets/Game/RawAssets/Spine/Hero/hero_016_s01/hero_016_s01_SkeletonData.asset,,4154,assets_game_rawassets_spine_hero_hero_016_s01.bundle,76e58bffcaab5c86813502d79626fad5.bundle,1792741,files\yoo\Default\BundleFiles\76\76e58bffcaab5c86813502d79626fad5\__data,True,True,
4932,Assets/Game/RawAssets/Spine/Hero/hero_016_s01h/hero_016_s01h.atlas.txt,,4155,assets_game_rawassets_spine_hero_hero_016_s01h.bundle,d96f72db652411a9b32337e81cc5668c.bundle,1497723,files\yoo\Default\BundleFiles\d9\d96f72db652411a9b32337e81cc5668c\__data,True,True,
4933,Assets/Game/RawAssets/Spine/Hero/hero_016_s01h/hero_016_s01h.png,,4155,assets_game_rawassets_spine_hero_hero_016_s01h.bundle,d96f72db652411a9b32337e81cc5668c.bundle,1497723,files\yoo\Default\BundleFiles\d9\d96f72db652411a9b32337e81cc5668c\__data,True,True,
4934,Assets/Game/RawAssets/Spine/Hero/hero_016_s01h/hero_016_s01h.skel.bytes,,4155,assets_game_rawassets_spine_hero_hero_016_s01h.bundle,d96f72db652411a9b32337e81cc5668c.bundle,1497723,files\yoo\Default\BundleFiles\d9\d96f72db652411a9b32337e81cc5668c\__data,True,True,
4935,Assets/Game/RawAssets/Spine/Hero/hero_016_s01h/hero_016_s01h_Atlas.asset,,4155,assets_game_rawassets_spine_hero_hero_016_s01h.bundle,d96f72db652411a9b32337e81cc5668c.bundle,1497723,files\yoo\Default\BundleFiles\d9\d96f72db652411a9b32337e81cc5668c\__data,True,True,
4936,Assets/Game/RawAssets/Spine/Hero/hero_016_s01h/hero_016_s01h_fg.atlas.txt,,4155,assets_game_rawassets_spine_hero_hero_016_s01h.bundle,d96f72db652411a9b32337e81cc5668c.bundle,1497723,files\yoo\Default\BundleFiles\d9\d96f72db652411a9b32337e81cc5668c\__data,True,True,
4937,Assets/Game/RawAssets/Spine/Hero/hero_016_s01h/hero_016_s01h_fg.png,,4155,assets_game_rawassets_spine_hero_hero_016_s01h.bundle,d96f72db652411a9b32337e81cc5668c.bundle,1497723,files\yoo\Default\BundleFiles\d9\d96f72db652411a9b32337e81cc5668c\__data,True,True,
4938,Assets/Game/RawAssets/Spine/Hero/hero_016_s01h/hero_016_s01h_fg.skel.bytes,,4155,assets_game_rawassets_spine_hero_hero_016_s01h.bundle,d96f72db652411a9b32337e81cc5668c.bundle,1497723,files\yoo\Default\BundleFiles\d9\d96f72db652411a9b32337e81cc5668c\__data,True,True,
4939,Assets/Game/RawAssets/Spine/Hero/hero_016_s01h/hero_016_s01h_fg_Atlas.asset,,4155,assets_game_rawassets_spine_hero_hero_016_s01h.bundle,d96f72db652411a9b32337e81cc5668c.bundle,1497723,files\yoo\Default\BundleFiles\d9\d96f72db652411a9b32337e81cc5668c\__data,True,True,
4940,Assets/Game/RawAssets/Spine/Hero/hero_016_s01h/hero_016_s01h_fg_Material.mat,,4155,assets_game_rawassets_spine_hero_hero_016_s01h.bundle,d96f72db652411a9b32337e81cc5668c.bundle,1497723,files\yoo\Default\BundleFiles\d9\d96f72db652411a9b32337e81cc5668c\__data,True,True,
4941,Assets/Game/RawAssets/Spine/Hero/hero_016_s01h/hero_016_s01h_fg_Material-Additive.mat,,4155,assets_game_rawassets_spine_hero_hero_016_s01h.bundle,d96f72db652411a9b32337e81cc5668c.bundle,1497723,files\yoo\Default\BundleFiles\d9\d96f72db652411a9b32337e81cc5668c\__data,True,True,
4942,Assets/Game/RawAssets/Spine/Hero/hero_016_s01h/hero_016_s01h_fg_SkeletonData.asset,,4155,assets_game_rawassets_spine_hero_hero_016_s01h.bundle,d96f72db652411a9b32337e81cc5668c.bundle,1497723,files\yoo\Default\BundleFiles\d9\d96f72db652411a9b32337e81cc5668c\__data,True,True,
4943,Assets/Game/RawAssets/Spine/Hero/hero_016_s01h/hero_016_s01h_Material.mat,,4155,assets_game_rawassets_spine_hero_hero_016_s01h.bundle,d96f72db652411a9b32337e81cc5668c.bundle,1497723,files\yoo\Default\BundleFiles\d9\d96f72db652411a9b32337e81cc5668c\__data,True,True,
4944,Assets/Game/RawAssets/Spine/Hero/hero_016_s01h/hero_016_s01h_SkeletonData.asset,,4155,assets_game_rawassets_spine_hero_hero_016_s01h.bundle,d96f72db652411a9b32337e81cc5668c.bundle,1497723,files\yoo\Default\BundleFiles\d9\d96f72db652411a9b32337e81cc5668c\__data,True,True,
4945,Assets/Game/RawAssets/Spine/Hero/hero_016h/hero_016h.atlas.txt,,4156,assets_game_rawassets_spine_hero_hero_016h.bundle,0ab9b45054620a0c420bc71a1f9c51a3.bundle,2398799,files\yoo\Default\BundleFiles\0a\0ab9b45054620a0c420bc71a1f9c51a3\__data,True,True,
4946,Assets/Game/RawAssets/Spine/Hero/hero_016h/hero_016h.png,,4156,assets_game_rawassets_spine_hero_hero_016h.bundle,0ab9b45054620a0c420bc71a1f9c51a3.bundle,2398799,files\yoo\Default\BundleFiles\0a\0ab9b45054620a0c420bc71a1f9c51a3\__data,True,True,
4947,Assets/Game/RawAssets/Spine/Hero/hero_016h/hero_016h.skel.bytes,,4156,assets_game_rawassets_spine_hero_hero_016h.bundle,0ab9b45054620a0c420bc71a1f9c51a3.bundle,2398799,files\yoo\Default\BundleFiles\0a\0ab9b45054620a0c420bc71a1f9c51a3\__data,True,True,
4948,Assets/Game/RawAssets/Spine/Hero/hero_016h/hero_016h_Atlas.asset,,4156,assets_game_rawassets_spine_hero_hero_016h.bundle,0ab9b45054620a0c420bc71a1f9c51a3.bundle,2398799,files\yoo\Default\BundleFiles\0a\0ab9b45054620a0c420bc71a1f9c51a3\__data,True,True,
4949,Assets/Game/RawAssets/Spine/Hero/hero_016h/hero_016h_bg.atlas.txt,,4156,assets_game_rawassets_spine_hero_hero_016h.bundle,0ab9b45054620a0c420bc71a1f9c51a3.bundle,2398799,files\yoo\Default\BundleFiles\0a\0ab9b45054620a0c420bc71a1f9c51a3\__data,True,True,
4950,Assets/Game/RawAssets/Spine/Hero/hero_016h/hero_016h_bg.png,,4156,assets_game_rawassets_spine_hero_hero_016h.bundle,0ab9b45054620a0c420bc71a1f9c51a3.bundle,2398799,files\yoo\Default\BundleFiles\0a\0ab9b45054620a0c420bc71a1f9c51a3\__data,True,True,
4951,Assets/Game/RawAssets/Spine/Hero/hero_016h/hero_016h_bg.skel.bytes,,4156,assets_game_rawassets_spine_hero_hero_016h.bundle,0ab9b45054620a0c420bc71a1f9c51a3.bundle,2398799,files\yoo\Default\BundleFiles\0a\0ab9b45054620a0c420bc71a1f9c51a3\__data,True,True,
4952,Assets/Game/RawAssets/Spine/Hero/hero_016h/hero_016h_bg_Atlas.asset,,4156,assets_game_rawassets_spine_hero_hero_016h.bundle,0ab9b45054620a0c420bc71a1f9c51a3.bundle,2398799,files\yoo\Default\BundleFiles\0a\0ab9b45054620a0c420bc71a1f9c51a3\__data,True,True,
4953,Assets/Game/RawAssets/Spine/Hero/hero_016h/hero_016h_bg_Material.mat,,4156,assets_game_rawassets_spine_hero_hero_016h.bundle,0ab9b45054620a0c420bc71a1f9c51a3.bundle,2398799,files\yoo\Default\BundleFiles\0a\0ab9b45054620a0c420bc71a1f9c51a3\__data,True,True,
4954,Assets/Game/RawAssets/Spine/Hero/hero_016h/hero_016h_bg_SkeletonData.asset,,4156,assets_game_rawassets_spine_hero_hero_016h.bundle,0ab9b45054620a0c420bc71a1f9c51a3.bundle,2398799,files\yoo\Default\BundleFiles\0a\0ab9b45054620a0c420bc71a1f9c51a3\__data,True,True,
4955,Assets/Game/RawAssets/Spine/Hero/hero_016h/hero_016h_fg.atlas.txt,,4156,assets_game_rawassets_spine_hero_hero_016h.bundle,0ab9b45054620a0c420bc71a1f9c51a3.bundle,2398799,files\yoo\Default\BundleFiles\0a\0ab9b45054620a0c420bc71a1f9c51a3\__data,True,True,
4956,Assets/Game/RawAssets/Spine/Hero/hero_016h/hero_016h_fg.png,,4156,assets_game_rawassets_spine_hero_hero_016h.bundle,0ab9b45054620a0c420bc71a1f9c51a3.bundle,2398799,files\yoo\Default\BundleFiles\0a\0ab9b45054620a0c420bc71a1f9c51a3\__data,True,True,
4957,Assets/Game/RawAssets/Spine/Hero/hero_016h/hero_016h_fg.skel.bytes,,4156,assets_game_rawassets_spine_hero_hero_016h.bundle,0ab9b45054620a0c420bc71a1f9c51a3.bundle,2398799,files\yoo\Default\BundleFiles\0a\0ab9b45054620a0c420bc71a1f9c51a3\__data,True,True,
4958,Assets/Game/RawAssets/Spine/Hero/hero_016h/hero_016h_fg_Atlas.asset,,4156,assets_game_rawassets_spine_hero_hero_016h.bundle,0ab9b45054620a0c420bc71a1f9c51a3.bundle,2398799,files\yoo\Default\BundleFiles\0a\0ab9b45054620a0c420bc71a1f9c51a3\__data,True,True,
4959,Assets/Game/RawAssets/Spine/Hero/hero_016h/hero_016h_fg_Material.mat,,4156,assets_game_rawassets_spine_hero_hero_016h.bundle,0ab9b45054620a0c420bc71a1f9c51a3.bundle,2398799,files\yoo\Default\BundleFiles\0a\0ab9b45054620a0c420bc71a1f9c51a3\__data,True,True,
4960,Assets/Game/RawAssets/Spine/Hero/hero_016h/hero_016h_fg_SkeletonData.asset,,4156,assets_game_rawassets_spine_hero_hero_016h.bundle,0ab9b45054620a0c420bc71a1f9c51a3.bundle,2398799,files\yoo\Default\BundleFiles\0a\0ab9b45054620a0c420bc71a1f9c51a3\__data,True,True,
4961,Assets/Game/RawAssets/Spine/Hero/hero_016h/hero_016h_Material.mat,,4156,assets_game_rawassets_spine_hero_hero_016h.bundle,0ab9b45054620a0c420bc71a1f9c51a3.bundle,2398799,files\yoo\Default\BundleFiles\0a\0ab9b45054620a0c420bc71a1f9c51a3\__data,True,True,
4962,Assets/Game/RawAssets/Spine/Hero/hero_016h/hero_016h_SkeletonData.asset,,4156,assets_game_rawassets_spine_hero_hero_016h.bundle,0ab9b45054620a0c420bc71a1f9c51a3.bundle,2398799,files\yoo\Default\BundleFiles\0a\0ab9b45054620a0c420bc71a1f9c51a3\__data,True,True,
4963,Assets/Game/RawAssets/Spine/Hero/hero_017/hero_017.atlas.txt,,4157,assets_game_rawassets_spine_hero_hero_017.bundle,d0feba660f4456452e29d9252b2fbd69.bundle,3530734,files\yoo\Default\BundleFiles\d0\d0feba660f4456452e29d9252b2fbd69\__data,True,True,
4964,Assets/Game/RawAssets/Spine/Hero/hero_017/hero_017.png,,4157,assets_game_rawassets_spine_hero_hero_017.bundle,d0feba660f4456452e29d9252b2fbd69.bundle,3530734,files\yoo\Default\BundleFiles\d0\d0feba660f4456452e29d9252b2fbd69\__data,True,True,
4965,Assets/Game/RawAssets/Spine/Hero/hero_017/hero_017.skel.bytes,,4157,assets_game_rawassets_spine_hero_hero_017.bundle,d0feba660f4456452e29d9252b2fbd69.bundle,3530734,files\yoo\Default\BundleFiles\d0\d0feba660f4456452e29d9252b2fbd69\__data,True,True,
4966,Assets/Game/RawAssets/Spine/Hero/hero_017/hero_017.spriteatlas,,4157,assets_game_rawassets_spine_hero_hero_017.bundle,d0feba660f4456452e29d9252b2fbd69.bundle,3530734,files\yoo\Default\BundleFiles\d0\d0feba660f4456452e29d9252b2fbd69\__data,True,True,
4967,Assets/Game/RawAssets/Spine/Hero/hero_017/hero_017_2.png,,4157,assets_game_rawassets_spine_hero_hero_017.bundle,d0feba660f4456452e29d9252b2fbd69.bundle,3530734,files\yoo\Default\BundleFiles\d0\d0feba660f4456452e29d9252b2fbd69\__data,True,True,
4968,Assets/Game/RawAssets/Spine/Hero/hero_017/hero_017_Atlas.asset,,4157,assets_game_rawassets_spine_hero_hero_017.bundle,d0feba660f4456452e29d9252b2fbd69.bundle,3530734,files\yoo\Default\BundleFiles\d0\d0feba660f4456452e29d9252b2fbd69\__data,True,True,
4969,Assets/Game/RawAssets/Spine/Hero/hero_017/hero_017_bg.atlas.txt,,4157,assets_game_rawassets_spine_hero_hero_017.bundle,d0feba660f4456452e29d9252b2fbd69.bundle,3530734,files\yoo\Default\BundleFiles\d0\d0feba660f4456452e29d9252b2fbd69\__data,True,True,
4970,Assets/Game/RawAssets/Spine/Hero/hero_017/hero_017_bg.png,,4157,assets_game_rawassets_spine_hero_hero_017.bundle,d0feba660f4456452e29d9252b2fbd69.bundle,3530734,files\yoo\Default\BundleFiles\d0\d0feba660f4456452e29d9252b2fbd69\__data,True,True,
4971,Assets/Game/RawAssets/Spine/Hero/hero_017/hero_017_bg.skel.bytes,,4157,assets_game_rawassets_spine_hero_hero_017.bundle,d0feba660f4456452e29d9252b2fbd69.bundle,3530734,files\yoo\Default\BundleFiles\d0\d0feba660f4456452e29d9252b2fbd69\__data,True,True,
4972,Assets/Game/RawAssets/Spine/Hero/hero_017/hero_017_bg_Atlas.asset,,4157,assets_game_rawassets_spine_hero_hero_017.bundle,d0feba660f4456452e29d9252b2fbd69.bundle,3530734,files\yoo\Default\BundleFiles\d0\d0feba660f4456452e29d9252b2fbd69\__data,True,True,
4973,Assets/Game/RawAssets/Spine/Hero/hero_017/hero_017_bg_Material.mat,,4157,assets_game_rawassets_spine_hero_hero_017.bundle,d0feba660f4456452e29d9252b2fbd69.bundle,3530734,files\yoo\Default\BundleFiles\d0\d0feba660f4456452e29d9252b2fbd69\__data,True,True,
4974,Assets/Game/RawAssets/Spine/Hero/hero_017/hero_017_bg_SkeletonData.asset,,4157,assets_game_rawassets_spine_hero_hero_017.bundle,d0feba660f4456452e29d9252b2fbd69.bundle,3530734,files\yoo\Default\BundleFiles\d0\d0feba660f4456452e29d9252b2fbd69\__data,True,True,
4975,Assets/Game/RawAssets/Spine/Hero/hero_017/hero_017_hero_017.mat,,4157,assets_game_rawassets_spine_hero_hero_017.bundle,d0feba660f4456452e29d9252b2fbd69.bundle,3530734,files\yoo\Default\BundleFiles\d0\d0feba660f4456452e29d9252b2fbd69\__data,True,True,
4976,Assets/Game/RawAssets/Spine/Hero/hero_017/hero_017_hero_017_2.mat,,4157,assets_game_rawassets_spine_hero_hero_017.bundle,d0feba660f4456452e29d9252b2fbd69.bundle,3530734,files\yoo\Default\BundleFiles\d0\d0feba660f4456452e29d9252b2fbd69\__data,True,True,
4977,Assets/Game/RawAssets/Spine/Hero/hero_017/hero_017_Material.mat,,4157,assets_game_rawassets_spine_hero_hero_017.bundle,d0feba660f4456452e29d9252b2fbd69.bundle,3530734,files\yoo\Default\BundleFiles\d0\d0feba660f4456452e29d9252b2fbd69\__data,True,True,
4978,Assets/Game/RawAssets/Spine/Hero/hero_017/hero_017_qi/hero_017_qi.atlas.txt,,4158,assets_game_rawassets_spine_hero_hero_017_hero_017_qi.bundle,d2c81b26c0a29cf83a93520811b4fa68.bundle,34606,files\yoo\Default\BundleFiles\d2\d2c81b26c0a29cf83a93520811b4fa68\__data,True,True,
4979,Assets/Game/RawAssets/Spine/Hero/hero_017/hero_017_qi/hero_017_qi.png,,4158,assets_game_rawassets_spine_hero_hero_017_hero_017_qi.bundle,d2c81b26c0a29cf83a93520811b4fa68.bundle,34606,files\yoo\Default\BundleFiles\d2\d2c81b26c0a29cf83a93520811b4fa68\__data,True,True,
4980,Assets/Game/RawAssets/Spine/Hero/hero_017/hero_017_qi/hero_017_qi.skel.bytes,,4158,assets_game_rawassets_spine_hero_hero_017_hero_017_qi.bundle,d2c81b26c0a29cf83a93520811b4fa68.bundle,34606,files\yoo\Default\BundleFiles\d2\d2c81b26c0a29cf83a93520811b4fa68\__data,True,True,
4981,Assets/Game/RawAssets/Spine/Hero/hero_017/hero_017_qi/hero_017_qi_Atlas.asset,,4158,assets_game_rawassets_spine_hero_hero_017_hero_017_qi.bundle,d2c81b26c0a29cf83a93520811b4fa68.bundle,34606,files\yoo\Default\BundleFiles\d2\d2c81b26c0a29cf83a93520811b4fa68\__data,True,True,
4982,Assets/Game/RawAssets/Spine/Hero/hero_017/hero_017_qi/hero_017_qi_Material.mat,,4158,assets_game_rawassets_spine_hero_hero_017_hero_017_qi.bundle,d2c81b26c0a29cf83a93520811b4fa68.bundle,34606,files\yoo\Default\BundleFiles\d2\d2c81b26c0a29cf83a93520811b4fa68\__data,True,True,
4983,Assets/Game/RawAssets/Spine/Hero/hero_017/hero_017_qi/hero_017_qi_SkeletonData.asset,,4158,assets_game_rawassets_spine_hero_hero_017_hero_017_qi.bundle,d2c81b26c0a29cf83a93520811b4fa68.bundle,34606,files\yoo\Default\BundleFiles\d2\d2c81b26c0a29cf83a93520811b4fa68\__data,True,True,
4984,Assets/Game/RawAssets/Spine/Hero/hero_017/hero_017_silhouette.atlas.txt,,4157,assets_game_rawassets_spine_hero_hero_017.bundle,d0feba660f4456452e29d9252b2fbd69.bundle,3530734,files\yoo\Default\BundleFiles\d0\d0feba660f4456452e29d9252b2fbd69\__data,True,True,
4985,Assets/Game/RawAssets/Spine/Hero/hero_017/hero_017_silhouette.png,,4157,assets_game_rawassets_spine_hero_hero_017.bundle,d0feba660f4456452e29d9252b2fbd69.bundle,3530734,files\yoo\Default\BundleFiles\d0\d0feba660f4456452e29d9252b2fbd69\__data,True,True,
4986,Assets/Game/RawAssets/Spine/Hero/hero_017/hero_017_silhouette.skel.bytes,,4157,assets_game_rawassets_spine_hero_hero_017.bundle,d0feba660f4456452e29d9252b2fbd69.bundle,3530734,files\yoo\Default\BundleFiles\d0\d0feba660f4456452e29d9252b2fbd69\__data,True,True,
4987,Assets/Game/RawAssets/Spine/Hero/hero_017/hero_017_silhouette_Atlas.asset,,4157,assets_game_rawassets_spine_hero_hero_017.bundle,d0feba660f4456452e29d9252b2fbd69.bundle,3530734,files\yoo\Default\BundleFiles\d0\d0feba660f4456452e29d9252b2fbd69\__data,True,True,
4988,Assets/Game/RawAssets/Spine/Hero/hero_017/hero_017_silhouette_Material.mat,,4157,assets_game_rawassets_spine_hero_hero_017.bundle,d0feba660f4456452e29d9252b2fbd69.bundle,3530734,files\yoo\Default\BundleFiles\d0\d0feba660f4456452e29d9252b2fbd69\__data,True,True,
4989,Assets/Game/RawAssets/Spine/Hero/hero_017/hero_017_silhouette_SkeletonData.asset,,4157,assets_game_rawassets_spine_hero_hero_017.bundle,d0feba660f4456452e29d9252b2fbd69.bundle,3530734,files\yoo\Default\BundleFiles\d0\d0feba660f4456452e29d9252b2fbd69\__data,True,True,
4990,Assets/Game/RawAssets/Spine/Hero/hero_017/hero_017_SkeletonData.asset,,4157,assets_game_rawassets_spine_hero_hero_017.bundle,d0feba660f4456452e29d9252b2fbd69.bundle,3530734,files\yoo\Default\BundleFiles\d0\d0feba660f4456452e29d9252b2fbd69\__data,True,True,
4991,Assets/Game/RawAssets/Spine/Hero/hero_017/qi.png,,4157,assets_game_rawassets_spine_hero_hero_017.bundle,d0feba660f4456452e29d9252b2fbd69.bundle,3530734,files\yoo\Default\BundleFiles\d0\d0feba660f4456452e29d9252b2fbd69\__data,True,True,
4992,Assets/Game/RawAssets/Spine/Hero/hero_017h/hero_017h.atlas.txt,,4159,assets_game_rawassets_spine_hero_hero_017h.bundle,17cdc86d05e56161e20594e6648001a9.bundle,2118040,files\yoo\Default\BundleFiles\17\17cdc86d05e56161e20594e6648001a9\__data,True,True,
4993,Assets/Game/RawAssets/Spine/Hero/hero_017h/hero_017h.png,,4159,assets_game_rawassets_spine_hero_hero_017h.bundle,17cdc86d05e56161e20594e6648001a9.bundle,2118040,files\yoo\Default\BundleFiles\17\17cdc86d05e56161e20594e6648001a9\__data,True,True,
4994,Assets/Game/RawAssets/Spine/Hero/hero_017h/hero_017h.skel.bytes,,4159,assets_game_rawassets_spine_hero_hero_017h.bundle,17cdc86d05e56161e20594e6648001a9.bundle,2118040,files\yoo\Default\BundleFiles\17\17cdc86d05e56161e20594e6648001a9\__data,True,True,
4995,Assets/Game/RawAssets/Spine/Hero/hero_017h/hero_017h_Atlas.asset,,4159,assets_game_rawassets_spine_hero_hero_017h.bundle,17cdc86d05e56161e20594e6648001a9.bundle,2118040,files\yoo\Default\BundleFiles\17\17cdc86d05e56161e20594e6648001a9\__data,True,True,
4996,Assets/Game/RawAssets/Spine/Hero/hero_017h/hero_017h_bg.atlas.txt,,4159,assets_game_rawassets_spine_hero_hero_017h.bundle,17cdc86d05e56161e20594e6648001a9.bundle,2118040,files\yoo\Default\BundleFiles\17\17cdc86d05e56161e20594e6648001a9\__data,True,True,
4997,Assets/Game/RawAssets/Spine/Hero/hero_017h/hero_017h_bg.png,,4159,assets_game_rawassets_spine_hero_hero_017h.bundle,17cdc86d05e56161e20594e6648001a9.bundle,2118040,files\yoo\Default\BundleFiles\17\17cdc86d05e56161e20594e6648001a9\__data,True,True,
4998,Assets/Game/RawAssets/Spine/Hero/hero_017h/hero_017h_bg.skel.bytes,,4159,assets_game_rawassets_spine_hero_hero_017h.bundle,17cdc86d05e56161e20594e6648001a9.bundle,2118040,files\yoo\Default\BundleFiles\17\17cdc86d05e56161e20594e6648001a9\__data,True,True,
4999,Assets/Game/RawAssets/Spine/Hero/hero_017h/hero_017h_bg_Atlas.asset,,4159,assets_game_rawassets_spine_hero_hero_017h.bundle,17cdc86d05e56161e20594e6648001a9.bundle,2118040,files\yoo\Default\BundleFiles\17\17cdc86d05e56161e20594e6648001a9\__data,True,True,
5000,Assets/Game/RawAssets/Spine/Hero/hero_017h/hero_017h_bg_Material.mat,,4159,assets_game_rawassets_spine_hero_hero_017h.bundle,17cdc86d05e56161e20594e6648001a9.bundle,2118040,files\yoo\Default\BundleFiles\17\17cdc86d05e56161e20594e6648001a9\__data,True,True,
5001,Assets/Game/RawAssets/Spine/Hero/hero_017h/hero_017h_bg_SkeletonData.asset,,4159,assets_game_rawassets_spine_hero_hero_017h.bundle,17cdc86d05e56161e20594e6648001a9.bundle,2118040,files\yoo\Default\BundleFiles\17\17cdc86d05e56161e20594e6648001a9\__data,True,True,
5002,Assets/Game/RawAssets/Spine/Hero/hero_017h/hero_017h_Material.mat,,4159,assets_game_rawassets_spine_hero_hero_017h.bundle,17cdc86d05e56161e20594e6648001a9.bundle,2118040,files\yoo\Default\BundleFiles\17\17cdc86d05e56161e20594e6648001a9\__data,True,True,
5003,Assets/Game/RawAssets/Spine/Hero/hero_017h/hero_017h_SkeletonData.asset,,4159,assets_game_rawassets_spine_hero_hero_017h.bundle,17cdc86d05e56161e20594e6648001a9.bundle,2118040,files\yoo\Default\BundleFiles\17\17cdc86d05e56161e20594e6648001a9\__data,True,True,
15430,Assets/Game/RawAssets/Sprite/LotteryDraw/fx_lottery_img_60_l.png,,5998,assets_game_rawassets_sprite_lotterydraw_fx_lottery_img_60_l.bundle,73e151a9ac3bd3bd61616847403112ff.bundle,68943,files\yoo\Default\BundleFiles\73\73e151a9ac3bd3bd61616847403112ff\__data,True,True,
15431,Assets/Game/RawAssets/Sprite/LotteryDraw/fx_lottery_img_60_r.png,,5999,assets_game_rawassets_sprite_lotterydraw_fx_lottery_img_60_r.bundle,1e2da9d0c55e3f493928ef8903ab64f6.bundle,65066,files\yoo\Default\BundleFiles\1e\1e2da9d0c55e3f493928ef8903ab64f6\__data,True,True,
15432,Assets/Game/RawAssets/Sprite/LotteryDraw/lottery_btn_01.png,,5997,assets_game_rawassets_sprite_lotterydraw.bundle,6c8ca2312693e27b46729a868236cce3.bundle,1513814,,False,False,
15433,Assets/Game/RawAssets/Sprite/LotteryDraw/lottery_btn_02.png,,5997,assets_game_rawassets_sprite_lotterydraw.bundle,6c8ca2312693e27b46729a868236cce3.bundle,1513814,,False,False,
15434,Assets/Game/RawAssets/Sprite/LotteryDraw/lottery_btn_03.png,,5997,assets_game_rawassets_sprite_lotterydraw.bundle,6c8ca2312693e27b46729a868236cce3.bundle,1513814,,False,False,
15435,Assets/Game/RawAssets/Sprite/LotteryDraw/lottery_btn_03a.png,,5997,assets_game_rawassets_sprite_lotterydraw.bundle,6c8ca2312693e27b46729a868236cce3.bundle,1513814,,False,False,
15436,Assets/Game/RawAssets/Sprite/LotteryDraw/lottery_btn_04.png,,5997,assets_game_rawassets_sprite_lotterydraw.bundle,6c8ca2312693e27b46729a868236cce3.bundle,1513814,,False,False,
15437,Assets/Game/RawAssets/Sprite/LotteryDraw/lottery_btn_05.png,,5997,assets_game_rawassets_sprite_lotterydraw.bundle,6c8ca2312693e27b46729a868236cce3.bundle,1513814,,False,False,
15438,Assets/Game/RawAssets/Sprite/LotteryDraw/lottery_btn_06.png,,5997,assets_game_rawassets_sprite_lotterydraw.bundle,6c8ca2312693e27b46729a868236cce3.bundle,1513814,,False,False,
15439,Assets/Game/RawAssets/Sprite/LotteryDraw/lottery_btn_07.png,,5997,assets_game_rawassets_sprite_lotterydraw.bundle,6c8ca2312693e27b46729a868236cce3.bundle,1513814,,False,False,
15440,Assets/Game/RawAssets/Sprite/LotteryDraw/lottery_btn_08.png,,5997,assets_game_rawassets_sprite_lotterydraw.bundle,6c8ca2312693e27b46729a868236cce3.bundle,1513814,,False,False,
15441,Assets/Game/RawAssets/Sprite/LotteryDraw/lottery_btn_09.png,,5997,assets_game_rawassets_sprite_lotterydraw.bundle,6c8ca2312693e27b46729a868236cce3.bundle,1513814,,False,False,
15442,Assets/Game/RawAssets/Sprite/LotteryDraw/lottery_btn_10.png,,5997,assets_game_rawassets_sprite_lotterydraw.bundle,6c8ca2312693e27b46729a868236cce3.bundle,1513814,,False,False,
15443,Assets/Game/RawAssets/Sprite/LotteryDraw/lottery_btn_11.png,,5997,assets_game_rawassets_sprite_lotterydraw.bundle,6c8ca2312693e27b46729a868236cce3.bundle,1513814,,False,False,
15444,Assets/Game/RawAssets/Sprite/LotteryDraw/lottery_btn_12.png,,5997,assets_game_rawassets_sprite_lotterydraw.bundle,6c8ca2312693e27b46729a868236cce3.bundle,1513814,,False,False,
15445,Assets/Game/RawAssets/Sprite/LotteryDraw/lottery_btn_13.png,,5997,assets_game_rawassets_sprite_lotterydraw.bundle,6c8ca2312693e27b46729a868236cce3.bundle,1513814,,False,False,
15446,Assets/Game/RawAssets/Sprite/LotteryDraw/lottery_btn_14.png,,5997,assets_game_rawassets_sprite_lotterydraw.bundle,6c8ca2312693e27b46729a868236cce3.bundle,1513814,,False,False,
15447,Assets/Game/RawAssets/Sprite/LotteryDraw/lottery_btn_15.png,,5997,assets_game_rawassets_sprite_lotterydraw.bundle,6c8ca2312693e27b46729a868236cce3.bundle,1513814,,False,False,
15448,Assets/Game/RawAssets/Sprite/LotteryDraw/lottery_btn_16.png,,5997,assets_game_rawassets_sprite_lotterydraw.bundle,6c8ca2312693e27b46729a868236cce3.bundle,1513814,,False,False,
15449,Assets/Game/RawAssets/Sprite/LotteryDraw/lottery_btn_17.png,,5997,assets_game_rawassets_sprite_lotterydraw.bundle,6c8ca2312693e27b46729a868236cce3.bundle,1513814,,False,False,
15450,Assets/Game/RawAssets/Sprite/LotteryDraw/lottery_btn_18.png,,5997,assets_game_rawassets_sprite_lotterydraw.bundle,6c8ca2312693e27b46729a868236cce3.bundle,1513814,,False,False,
15451,Assets/Game/RawAssets/Sprite/LotteryDraw/lottery_btn_19.png,,5997,assets_game_rawassets_sprite_lotterydraw.bundle,6c8ca2312693e27b46729a868236cce3.bundle,1513814,,False,False,
15452,Assets/Game/RawAssets/Sprite/LotteryDraw/lottery_btn_20.png,,5997,assets_game_rawassets_sprite_lotterydraw.bundle,6c8ca2312693e27b46729a868236cce3.bundle,1513814,,False,False,
15453,Assets/Game/RawAssets/Sprite/LotteryDraw/lottery_btn_21.png,,5997,assets_game_rawassets_sprite_lotterydraw.bundle,6c8ca2312693e27b46729a868236cce3.bundle,1513814,,False,False,
15454,Assets/Game/RawAssets/Sprite/LotteryDraw/lottery_btn_22.png,,5997,assets_game_rawassets_sprite_lotterydraw.bundle,6c8ca2312693e27b46729a868236cce3.bundle,1513814,,False,False,
15455,Assets/Game/RawAssets/Sprite/LotteryDraw/lottery_btn_23.png,,5997,assets_game_rawassets_sprite_lotterydraw.bundle,6c8ca2312693e27b46729a868236cce3.bundle,1513814,,False,False,
15456,Assets/Game/RawAssets/Sprite/LotteryDraw/lottery_btn_24.png,,5997,assets_game_rawassets_sprite_lotterydraw.bundle,6c8ca2312693e27b46729a868236cce3.bundle,1513814,,False,False,
15457,Assets/Game/RawAssets/Sprite/LotteryDraw/lottery_btn_25.png,,5997,assets_game_rawassets_sprite_lotterydraw.bundle,6c8ca2312693e27b46729a868236cce3.bundle,1513814,,False,False,
15458,Assets/Game/RawAssets/Sprite/LotteryDraw/lottery_btn_26.png,,5997,assets_game_rawassets_sprite_lotterydraw.bundle,6c8ca2312693e27b46729a868236cce3.bundle,1513814,,False,False,
15459,Assets/Game/RawAssets/Sprite/LotteryDraw/lottery_btn_27.png,,5997,assets_game_rawassets_sprite_lotterydraw.bundle,6c8ca2312693e27b46729a868236cce3.bundle,1513814,,False,False,
15460,Assets/Game/RawAssets/Sprite/LotteryDraw/lottery_btn_28.png,,5997,assets_game_rawassets_sprite_lotterydraw.bundle,6c8ca2312693e27b46729a868236cce3.bundle,1513814,,False,False,
15461,Assets/Game/RawAssets/Sprite/LotteryDraw/lottery_btn_29.png,,5997,assets_game_rawassets_sprite_lotterydraw.bundle,6c8ca2312693e27b46729a868236cce3.bundle,1513814,,False,False,
15462,Assets/Game/RawAssets/Sprite/LotteryDraw/lottery_btn_30.png,,5997,assets_game_rawassets_sprite_lotterydraw.bundle,6c8ca2312693e27b46729a868236cce3.bundle,1513814,,False,False,
15463,Assets/Game/RawAssets/Sprite/LotteryDraw/lottery_btn_31.png,,5997,assets_game_rawassets_sprite_lotterydraw.bundle,6c8ca2312693e27b46729a868236cce3.bundle,1513814,,False,False,
15464,Assets/Game/RawAssets/Sprite/LotteryDraw/lottery_btn_32.png,,5997,assets_game_rawassets_sprite_lotterydraw.bundle,6c8ca2312693e27b46729a868236cce3.bundle,1513814,,False,False,
15465,Assets/Game/RawAssets/Sprite/LotteryDraw/lottery_btn_33.png,,5997,assets_game_rawassets_sprite_lotterydraw.bundle,6c8ca2312693e27b46729a868236cce3.bundle,1513814,,False,False,
15466,Assets/Game/RawAssets/Sprite/LotteryDraw/lottery_btn_34.png,,5997,assets_game_rawassets_sprite_lotterydraw.bundle,6c8ca2312693e27b46729a868236cce3.bundle,1513814,,False,False,
15467,Assets/Game/RawAssets/Sprite/LotteryDraw/lottery_btn_35.png,,5997,assets_game_rawassets_sprite_lotterydraw.bundle,6c8ca2312693e27b46729a868236cce3.bundle,1513814,,False,False,
15468,Assets/Game/RawAssets/Sprite/LotteryDraw/lottery_btn_36.png,,5997,assets_game_rawassets_sprite_lotterydraw.bundle,6c8ca2312693e27b46729a868236cce3.bundle,1513814,,False,False,
15469,Assets/Game/RawAssets/Sprite/LotteryDraw/lottery_btn_37.png,,5997,assets_game_rawassets_sprite_lotterydraw.bundle,6c8ca2312693e27b46729a868236cce3.bundle,1513814,,False,False,
15470,Assets/Game/RawAssets/Sprite/LotteryDraw/lottery_btn_38.png,,5997,assets_game_rawassets_sprite_lotterydraw.bundle,6c8ca2312693e27b46729a868236cce3.bundle,1513814,,False,False,
15471,Assets/Game/RawAssets/Sprite/LotteryDraw/lottery_img_01.png,,6000,assets_game_rawassets_sprite_lotterydraw_lottery_img_01.bundle,cb842e65b448fd2ec0239d59ac06ec4e.bundle,271665,files\yoo\Default\BundleFiles\cb\cb842e65b448fd2ec0239d59ac06ec4e\__data,True,True,
15472,Assets/Game/RawAssets/Sprite/LotteryDraw/lottery_img_02.png,,6001,assets_game_rawassets_sprite_lotterydraw_lottery_img_02.bundle,3fb8d337e5290d004dfcdc4c872256fc.bundle,145554,files\yoo\Default\BundleFiles\3f\3fb8d337e5290d004dfcdc4c872256fc\__data,True,True,
15473,Assets/Game/RawAssets/Sprite/LotteryDraw/lottery_img_03.png,,6002,assets_game_rawassets_sprite_lotterydraw_lottery_img_03.bundle,7de8ba46e51c2abba9fa50942acc9cc5.bundle,5055,files\yoo\Default\BundleFiles\7d\7de8ba46e51c2abba9fa50942acc9cc5\__data,True,True,
15474,Assets/Game/RawAssets/Sprite/LotteryDraw/lottery_img_04.png,,6003,assets_game_rawassets_sprite_lotterydraw_lottery_img_04.bundle,dea303e9d66eab234f3c1e6430a20980.bundle,4431,files\yoo\Default\BundleFiles\de\dea303e9d66eab234f3c1e6430a20980\__data,True,True,
15475,Assets/Game/RawAssets/Sprite/LotteryDraw/lottery_img_05.png,,5997,assets_game_rawassets_sprite_lotterydraw.bundle,6c8ca2312693e27b46729a868236cce3.bundle,1513814,,False,False,
15476,Assets/Game/RawAssets/Sprite/LotteryDraw/lottery_img_06.png,,5997,assets_game_rawassets_sprite_lotterydraw.bundle,6c8ca2312693e27b46729a868236cce3.bundle,1513814,,False,False,
15477,Assets/Game/RawAssets/Sprite/LotteryDraw/lottery_img_07.png,,5997,assets_game_rawassets_sprite_lotterydraw.bundle,6c8ca2312693e27b46729a868236cce3.bundle,1513814,,False,False,
15478,Assets/Game/RawAssets/Sprite/LotteryDraw/lottery_img_08.png,,5997,assets_game_rawassets_sprite_lotterydraw.bundle,6c8ca2312693e27b46729a868236cce3.bundle,1513814,,False,False,
15479,Assets/Game/RawAssets/Sprite/LotteryDraw/lottery_img_09.png,,5997,assets_game_rawassets_sprite_lotterydraw.bundle,6c8ca2312693e27b46729a868236cce3.bundle,1513814,,False,False,
15480,Assets/Game/RawAssets/Sprite/LotteryDraw/lottery_img_10.png,,5997,assets_game_rawassets_sprite_lotterydraw.bundle,6c8ca2312693e27b46729a868236cce3.bundle,1513814,,False,False,
15481,Assets/Game/RawAssets/Sprite/LotteryDraw/lottery_img_101.png,,6004,assets_game_rawassets_sprite_lotterydraw_lottery_img_101.bundle,167087fd17c2113eadcdb57040df42fd.bundle,1112043,files\yoo\Default\BundleFiles\16\167087fd17c2113eadcdb57040df42fd\__data,True,True,
15482,Assets/Game/RawAssets/Sprite/LotteryDraw/lottery_img_102.png,,5997,assets_game_rawassets_sprite_lotterydraw.bundle,6c8ca2312693e27b46729a868236cce3.bundle,1513814,,False,False,
15483,Assets/Game/RawAssets/Sprite/LotteryDraw/lottery_img_103.png,,5997,assets_game_rawassets_sprite_lotterydraw.bundle,6c8ca2312693e27b46729a868236cce3.bundle,1513814,,False,False,
15484,Assets/Game/RawAssets/Sprite/LotteryDraw/lottery_img_104.png,,5997,assets_game_rawassets_sprite_lotterydraw.bundle,6c8ca2312693e27b46729a868236cce3.bundle,1513814,,False,False,
15485,Assets/Game/RawAssets/Sprite/LotteryDraw/lottery_img_105.png,,5997,assets_game_rawassets_sprite_lotterydraw.bundle,6c8ca2312693e27b46729a868236cce3.bundle,1513814,,False,False,
15486,Assets/Game/RawAssets/Sprite/LotteryDraw/lottery_img_106.png,,5997,assets_game_rawassets_sprite_lotterydraw.bundle,6c8ca2312693e27b46729a868236cce3.bundle,1513814,,False,False,
15487,Assets/Game/RawAssets/Sprite/LotteryDraw/lottery_img_107.png,,5997,assets_game_rawassets_sprite_lotterydraw.bundle,6c8ca2312693e27b46729a868236cce3.bundle,1513814,,False,False,
15488,Assets/Game/RawAssets/Sprite/LotteryDraw/lottery_img_108.png,,5997,assets_game_rawassets_sprite_lotterydraw.bundle,6c8ca2312693e27b46729a868236cce3.bundle,1513814,,False,False,
15489,Assets/Game/RawAssets/Sprite/LotteryDraw/lottery_img_11.png,,6005,assets_game_rawassets_sprite_lotterydraw_lottery_img_11.bundle,8cb6560b7cc0d584d6dc027da579ef87.bundle,5138,files\yoo\Default\BundleFiles\8c\8cb6560b7cc0d584d6dc027da579ef87\__data,True,True,
15490,Assets/Game/RawAssets/Sprite/LotteryDraw/lottery_img_110.png,,5997,assets_game_rawassets_sprite_lotterydraw.bundle,6c8ca2312693e27b46729a868236cce3.bundle,1513814,,False,False,
15491,Assets/Game/RawAssets/Sprite/LotteryDraw/lottery_img_111.png,,6006,assets_game_rawassets_sprite_lotterydraw_lottery_img_111.bundle,12ab1b6e156627760d0b281c43e29059.bundle,70159,files\yoo\Default\BundleFiles\12\12ab1b6e156627760d0b281c43e29059\__data,True,True,
15492,Assets/Game/RawAssets/Sprite/LotteryDraw/lottery_img_112.png,,5997,assets_game_rawassets_sprite_lotterydraw.bundle,6c8ca2312693e27b46729a868236cce3.bundle,1513814,,False,False,
15493,Assets/Game/RawAssets/Sprite/LotteryDraw/lottery_img_113.png,,5997,assets_game_rawassets_sprite_lotterydraw.bundle,6c8ca2312693e27b46729a868236cce3.bundle,1513814,,False,False,
15494,Assets/Game/RawAssets/Sprite/LotteryDraw/lottery_img_114.png,,6007,assets_game_rawassets_sprite_lotterydraw_lottery_img_114.bundle,f40defe0123989616716c9519d6e49ec.bundle,4745,files\yoo\Default\BundleFiles\f4\f40defe0123989616716c9519d6e49ec\__data,True,True,
15495,Assets/Game/RawAssets/Sprite/LotteryDraw/lottery_img_115.png,,5997,assets_game_rawassets_sprite_lotterydraw.bundle,6c8ca2312693e27b46729a868236cce3.bundle,1513814,,False,False,
15496,Assets/Game/RawAssets/Sprite/LotteryDraw/lottery_img_12.png,,6008,assets_game_rawassets_sprite_lotterydraw_lottery_img_12.bundle,209107981941c48720ea2cf0cb75625f.bundle,5022,files\yoo\Default\BundleFiles\20\209107981941c48720ea2cf0cb75625f\__data,True,True,
15497,Assets/Game/RawAssets/Sprite/LotteryDraw/lottery_img_13.png,,6009,assets_game_rawassets_sprite_lotterydraw_lottery_img_13.bundle,1708dc2f554e8dfeee84cfd491ea8db8.bundle,5318,files\yoo\Default\BundleFiles\17\1708dc2f554e8dfeee84cfd491ea8db8\__data,True,True,
15498,Assets/Game/RawAssets/Sprite/LotteryDraw/lottery_img_13_02.png,,6010,assets_game_rawassets_sprite_lotterydraw_lottery_img_13_02.bundle,f152a37e65777c0d8bb14be09592f259.bundle,5311,files\yoo\Default\BundleFiles\f1\f152a37e65777c0d8bb14be09592f259\__data,True,True,
15499,Assets/Game/RawAssets/Sprite/LotteryDraw/lottery_img_14.png,,6011,assets_game_rawassets_sprite_lotterydraw_lottery_img_14.bundle,6817b4d5f80d0d2538f7f443f5914a39.bundle,5389,files\yoo\Default\BundleFiles\68\6817b4d5f80d0d2538f7f443f5914a39\__data,True,True,
15500,Assets/Game/RawAssets/Sprite/LotteryDraw/lottery_img_15.png,,5997,assets_game_rawassets_sprite_lotterydraw.bundle,6c8ca2312693e27b46729a868236cce3.bundle,1513814,,False,False,
15501,Assets/Game/RawAssets/Sprite/LotteryDraw/lottery_img_16.png,,5997,assets_game_rawassets_sprite_lotterydraw.bundle,6c8ca2312693e27b46729a868236cce3.bundle,1513814,,False,False,
15502,Assets/Game/RawAssets/Sprite/LotteryDraw/lottery_img_17.png,,5997,assets_game_rawassets_sprite_lotterydraw.bundle,6c8ca2312693e27b46729a868236cce3.bundle,1513814,,False,False,
15503,Assets/Game/RawAssets/Sprite/LotteryDraw/lottery_img_18.png,,5997,assets_game_rawassets_sprite_lotterydraw.bundle,6c8ca2312693e27b46729a868236cce3.bundle,1513814,,False,False,
15504,Assets/Game/RawAssets/Sprite/LotteryDraw/lottery_img_19.png,,5997,assets_game_rawassets_sprite_lotterydraw.bundle,6c8ca2312693e27b46729a868236cce3.bundle,1513814,,False,False,
15505,Assets/Game/RawAssets/Sprite/LotteryDraw/lottery_img_20.png,,6012,assets_game_rawassets_sprite_lotterydraw_lottery_img_20.bundle,8243954441b817d38b0c408b7dee1cd0.bundle,27583,files\yoo\Default\BundleFiles\82\8243954441b817d38b0c408b7dee1cd0\__data,True,True,
15506,Assets/Game/RawAssets/Sprite/LotteryDraw/lottery_img_21.png,,6013,assets_game_rawassets_sprite_lotterydraw_lottery_img_21.bundle,8f0e940fadd5219368c8d21bbf8f5078.bundle,27132,files\yoo\Default\BundleFiles\8f\8f0e940fadd5219368c8d21bbf8f5078\__data,True,True,
15507,Assets/Game/RawAssets/Sprite/LotteryDraw/lottery_img_22.png,,6014,assets_game_rawassets_sprite_lotterydraw_lottery_img_22.bundle,f8f66f2c8a808bedb8ba76993e3406be.bundle,28220,files\yoo\Default\BundleFiles\f8\f8f66f2c8a808bedb8ba76993e3406be\__data,True,True,
15508,Assets/Game/RawAssets/Sprite/LotteryDraw/lottery_img_23.png,,6015,assets_game_rawassets_sprite_lotterydraw_lottery_img_23.bundle,d296efbec8019ca332c5c6196be5ae50.bundle,31217,files\yoo\Default\BundleFiles\d2\d296efbec8019ca332c5c6196be5ae50\__data,True,True,
15509,Assets/Game/RawAssets/Sprite/LotteryDraw/lottery_img_24.png,,5997,assets_game_rawassets_sprite_lotterydraw.bundle,6c8ca2312693e27b46729a868236cce3.bundle,1513814,,False,False,
15510,Assets/Game/RawAssets/Sprite/LotteryDraw/lottery_img_25.png,,5997,assets_game_rawassets_sprite_lotterydraw.bundle,6c8ca2312693e27b46729a868236cce3.bundle,1513814,,False,False,
15511,Assets/Game/RawAssets/Sprite/LotteryDraw/lottery_img_26.png,,5997,assets_game_rawassets_sprite_lotterydraw.bundle,6c8ca2312693e27b46729a868236cce3.bundle,1513814,,False,False,
15512,Assets/Game/RawAssets/Sprite/LotteryDraw/lottery_img_27.png,,5997,assets_game_rawassets_sprite_lotterydraw.bundle,6c8ca2312693e27b46729a868236cce3.bundle,1513814,,False,False,
15513,Assets/Game/RawAssets/Sprite/LotteryDraw/lottery_img_28.png,,5997,assets_game_rawassets_sprite_lotterydraw.bundle,6c8ca2312693e27b46729a868236cce3.bundle,1513814,,False,False,
15514,Assets/Game/RawAssets/Sprite/LotteryDraw/lottery_img_29.png,,5997,assets_game_rawassets_sprite_lotterydraw.bundle,6c8ca2312693e27b46729a868236cce3.bundle,1513814,,False,False,
15515,Assets/Game/RawAssets/Sprite/LotteryDraw/lottery_img_30.png,,5997,assets_game_rawassets_sprite_lotterydraw.bundle,6c8ca2312693e27b46729a868236cce3.bundle,1513814,,False,False,
15516,Assets/Game/RawAssets/Sprite/LotteryDraw/lottery_img_31.png,,5997,assets_game_rawassets_sprite_lotterydraw.bundle,6c8ca2312693e27b46729a868236cce3.bundle,1513814,,False,False,
15517,Assets/Game/RawAssets/Sprite/LotteryDraw/lottery_img_32.png,,5997,assets_game_rawassets_sprite_lotterydraw.bundle,6c8ca2312693e27b46729a868236cce3.bundle,1513814,,False,False,
15518,Assets/Game/RawAssets/Sprite/LotteryDraw/lottery_img_33d.png,,5997,assets_game_rawassets_sprite_lotterydraw.bundle,6c8ca2312693e27b46729a868236cce3.bundle,1513814,,False,False,
15519,Assets/Game/RawAssets/Sprite/LotteryDraw/lottery_img_34d.png,,5997,assets_game_rawassets_sprite_lotterydraw.bundle,6c8ca2312693e27b46729a868236cce3.bundle,1513814,,False,False,
15520,Assets/Game/RawAssets/Sprite/LotteryDraw/lottery_img_35d.png,,5997,assets_game_rawassets_sprite_lotterydraw.bundle,6c8ca2312693e27b46729a868236cce3.bundle,1513814,,False,False,
15521,Assets/Game/RawAssets/Sprite/LotteryDraw/lottery_img_36d.png,,5997,assets_game_rawassets_sprite_lotterydraw.bundle,6c8ca2312693e27b46729a868236cce3.bundle,1513814,,False,False,
15522,Assets/Game/RawAssets/Sprite/LotteryDraw/lottery_img_37d.png,,5997,assets_game_rawassets_sprite_lotterydraw.bundle,6c8ca2312693e27b46729a868236cce3.bundle,1513814,,False,False,
15523,Assets/Game/RawAssets/Sprite/LotteryDraw/lottery_img_38.png,,6016,assets_game_rawassets_sprite_lotterydraw_lottery_img_38.bundle,7b99d382eb33e2221700a7ece2ae429c.bundle,158973,files\yoo\Default\BundleFiles\7b\7b99d382eb33e2221700a7ece2ae429c\__data,True,True,
15524,Assets/Game/RawAssets/Sprite/LotteryDraw/lottery_img_39.png,,5997,assets_game_rawassets_sprite_lotterydraw.bundle,6c8ca2312693e27b46729a868236cce3.bundle,1513814,,False,False,
15525,Assets/Game/RawAssets/Sprite/LotteryDraw/lottery_img_40.png,,5997,assets_game_rawassets_sprite_lotterydraw.bundle,6c8ca2312693e27b46729a868236cce3.bundle,1513814,,False,False,
15526,Assets/Game/RawAssets/Sprite/LotteryDraw/lottery_img_41.png,,5997,assets_game_rawassets_sprite_lotterydraw.bundle,6c8ca2312693e27b46729a868236cce3.bundle,1513814,,False,False,
15527,Assets/Game/RawAssets/Sprite/LotteryDraw/lottery_img_42.png,,5997,assets_game_rawassets_sprite_lotterydraw.bundle,6c8ca2312693e27b46729a868236cce3.bundle,1513814,,False,False,
15528,Assets/Game/RawAssets/Sprite/LotteryDraw/lottery_img_43.png,,6017,assets_game_rawassets_sprite_lotterydraw_lottery_img_43.bundle,0b1fbeb9c8f206c4c5163134b9b2f96d.bundle,269604,files\yoo\Default\BundleFiles\0b\0b1fbeb9c8f206c4c5163134b9b2f96d\__data,True,True,
15529,Assets/Game/RawAssets/Sprite/LotteryDraw/lottery_img_44.png,,5997,assets_game_rawassets_sprite_lotterydraw.bundle,6c8ca2312693e27b46729a868236cce3.bundle,1513814,,False,False,
15530,Assets/Game/RawAssets/Sprite/LotteryDraw/lottery_img_44a.png,,5997,assets_game_rawassets_sprite_lotterydraw.bundle,6c8ca2312693e27b46729a868236cce3.bundle,1513814,,False,False,
15531,Assets/Game/RawAssets/Sprite/LotteryDraw/lottery_img_44b.png,,5997,assets_game_rawassets_sprite_lotterydraw.bundle,6c8ca2312693e27b46729a868236cce3.bundle,1513814,,False,False,
15532,Assets/Game/RawAssets/Sprite/LotteryDraw/lottery_img_44c.png,,5997,assets_game_rawassets_sprite_lotterydraw.bundle,6c8ca2312693e27b46729a868236cce3.bundle,1513814,,False,False,
15533,Assets/Game/RawAssets/Sprite/LotteryDraw/lottery_img_45.png,,5997,assets_game_rawassets_sprite_lotterydraw.bundle,6c8ca2312693e27b46729a868236cce3.bundle,1513814,,False,False,
15534,Assets/Game/RawAssets/Sprite/LotteryDraw/lottery_img_45a.png,,5997,assets_game_rawassets_sprite_lotterydraw.bundle,6c8ca2312693e27b46729a868236cce3.bundle,1513814,,False,False,
15535,Assets/Game/RawAssets/Sprite/LotteryDraw/lottery_img_45b.png,,5997,assets_game_rawassets_sprite_lotterydraw.bundle,6c8ca2312693e27b46729a868236cce3.bundle,1513814,,False,False,
15536,Assets/Game/RawAssets/Sprite/LotteryDraw/lottery_img_45c.png,,5997,assets_game_rawassets_sprite_lotterydraw.bundle,6c8ca2312693e27b46729a868236cce3.bundle,1513814,,False,False,
15537,Assets/Game/RawAssets/Sprite/LotteryDraw/lottery_img_46.png,,5997,assets_game_rawassets_sprite_lotterydraw.bundle,6c8ca2312693e27b46729a868236cce3.bundle,1513814,,False,False,
15538,Assets/Game/RawAssets/Sprite/LotteryDraw/lottery_img_46a.png,,5997,assets_game_rawassets_sprite_lotterydraw.bundle,6c8ca2312693e27b46729a868236cce3.bundle,1513814,,False,False,
15539,Assets/Game/RawAssets/Sprite/LotteryDraw/lottery_img_46b.png,,5997,assets_game_rawassets_sprite_lotterydraw.bundle,6c8ca2312693e27b46729a868236cce3.bundle,1513814,,False,False,
15540,Assets/Game/RawAssets/Sprite/LotteryDraw/lottery_img_46c.png,,5997,assets_game_rawassets_sprite_lotterydraw.bundle,6c8ca2312693e27b46729a868236cce3.bundle,1513814,,False,False,
15541,Assets/Game/RawAssets/Sprite/LotteryDraw/lottery_img_47.png,,5997,assets_game_rawassets_sprite_lotterydraw.bundle,6c8ca2312693e27b46729a868236cce3.bundle,1513814,,False,False,
15542,Assets/Game/RawAssets/Sprite/LotteryDraw/lottery_img_47a.png,,5997,assets_game_rawassets_sprite_lotterydraw.bundle,6c8ca2312693e27b46729a868236cce3.bundle,1513814,,False,False,
15543,Assets/Game/RawAssets/Sprite/LotteryDraw/lottery_img_47b.png,,5997,assets_game_rawassets_sprite_lotterydraw.bundle,6c8ca2312693e27b46729a868236cce3.bundle,1513814,,False,False,
15544,Assets/Game/RawAssets/Sprite/LotteryDraw/lottery_img_47c.png,,5997,assets_game_rawassets_sprite_lotterydraw.bundle,6c8ca2312693e27b46729a868236cce3.bundle,1513814,,False,False,
15545,Assets/Game/RawAssets/Sprite/LotteryDraw/lottery_img_48.png,,5997,assets_game_rawassets_sprite_lotterydraw.bundle,6c8ca2312693e27b46729a868236cce3.bundle,1513814,,False,False,
15546,Assets/Game/RawAssets/Sprite/LotteryDraw/lottery_img_48a.png,,5997,assets_game_rawassets_sprite_lotterydraw.bundle,6c8ca2312693e27b46729a868236cce3.bundle,1513814,,False,False,
15547,Assets/Game/RawAssets/Sprite/LotteryDraw/lottery_img_48b.png,,5997,assets_game_rawassets_sprite_lotterydraw.bundle,6c8ca2312693e27b46729a868236cce3.bundle,1513814,,False,False,
15548,Assets/Game/RawAssets/Sprite/LotteryDraw/lottery_img_48c.png,,5997,assets_game_rawassets_sprite_lotterydraw.bundle,6c8ca2312693e27b46729a868236cce3.bundle,1513814,,False,False,
15549,Assets/Game/RawAssets/Sprite/LotteryDraw/lottery_img_49.png,,5997,assets_game_rawassets_sprite_lotterydraw.bundle,6c8ca2312693e27b46729a868236cce3.bundle,1513814,,False,False,
15550,Assets/Game/RawAssets/Sprite/LotteryDraw/lottery_img_50.png,,5997,assets_game_rawassets_sprite_lotterydraw.bundle,6c8ca2312693e27b46729a868236cce3.bundle,1513814,,False,False,
15551,Assets/Game/RawAssets/Sprite/LotteryDraw/lottery_img_51.png,,5997,assets_game_rawassets_sprite_lotterydraw.bundle,6c8ca2312693e27b46729a868236cce3.bundle,1513814,,False,False,
15552,Assets/Game/RawAssets/Sprite/LotteryDraw/lottery_img_52.png,,5997,assets_game_rawassets_sprite_lotterydraw.bundle,6c8ca2312693e27b46729a868236cce3.bundle,1513814,,False,False,
15553,Assets/Game/RawAssets/Sprite/LotteryDraw/lottery_img_53.png,,5997,assets_game_rawassets_sprite_lotterydraw.bundle,6c8ca2312693e27b46729a868236cce3.bundle,1513814,,False,False,
15554,Assets/Game/RawAssets/Sprite/LotteryDraw/lottery_img_54.png,,5997,assets_game_rawassets_sprite_lotterydraw.bundle,6c8ca2312693e27b46729a868236cce3.bundle,1513814,,False,False,
15555,Assets/Game/RawAssets/Sprite/LotteryDraw/lottery_img_55.png,,6018,assets_game_rawassets_sprite_lotterydraw_lottery_img_55.bundle,19d7834601c9b8d9a8c320fa7a851d8e.bundle,23610,files\yoo\Default\BundleFiles\19\19d7834601c9b8d9a8c320fa7a851d8e\__data,True,True,
15556,Assets/Game/RawAssets/Sprite/LotteryDraw/lottery_img_56.png,,6019,assets_game_rawassets_sprite_lotterydraw_lottery_img_56.bundle,611c83725fd26060848ab292238dd1d6.bundle,23730,files\yoo\Default\BundleFiles\61\611c83725fd26060848ab292238dd1d6\__data,True,True,
15557,Assets/Game/RawAssets/Sprite/LotteryDraw/lottery_img_57.png,,6020,assets_game_rawassets_sprite_lotterydraw_lottery_img_57.bundle,d9af3ab69e207934eb3f3dd7cb454938.bundle,22537,files\yoo\Default\BundleFiles\d9\d9af3ab69e207934eb3f3dd7cb454938\__data,True,True,
15558,Assets/Game/RawAssets/Sprite/LotteryDraw/lottery_img_58.png,,6021,assets_game_rawassets_sprite_lotterydraw_lottery_img_58.bundle,e1f8088ce5daf02234d75da59f17ef34.bundle,23379,files\yoo\Default\BundleFiles\e1\e1f8088ce5daf02234d75da59f17ef34\__data,True,True,
15559,Assets/Game/RawAssets/Sprite/LotteryDraw/lottery_img_59.png,,5997,assets_game_rawassets_sprite_lotterydraw.bundle,6c8ca2312693e27b46729a868236cce3.bundle,1513814,,False,False,
15560,Assets/Game/RawAssets/Sprite/LotteryDraw/lottery_img_60.png,,6022,assets_game_rawassets_sprite_lotterydraw_lottery_img_60.bundle,6f3e9fad14c7d3f7a80030bce905ca31.bundle,147817,files\yoo\Default\BundleFiles\6f\6f3e9fad14c7d3f7a80030bce905ca31\__data,True,True,
15561,Assets/Game/RawAssets/Sprite/LotteryDraw/lottery_img_60_l.png,,6023,assets_game_rawassets_sprite_lotterydraw_lottery_img_60_l.bundle,347e79afc81c357688dd4e227245cf40.bundle,62005,files\yoo\Default\BundleFiles\34\347e79afc81c357688dd4e227245cf40\__data,True,True,
15562,Assets/Game/RawAssets/Sprite/LotteryDraw/lottery_img_60_r.png,,6024,assets_game_rawassets_sprite_lotterydraw_lottery_img_60_r.bundle,fd3599bc4553b4b7038540e13ef1b276.bundle,61056,files\yoo\Default\BundleFiles\fd\fd3599bc4553b4b7038540e13ef1b276\__data,True,True,
15563,Assets/Game/RawAssets/Sprite/LotteryDraw/lottery_img_61.png,,6025,assets_game_rawassets_sprite_lotterydraw_lottery_img_61.bundle,4eecf32f9d002999c63f2bec81aff1b1.bundle,26838,files\yoo\Default\BundleFiles\4e\4eecf32f9d002999c63f2bec81aff1b1\__data,True,True,
15564,Assets/Game/RawAssets/Sprite/LotteryDraw/lottery_img_62.png,,6026,assets_game_rawassets_sprite_lotterydraw_lottery_img_62.bundle,017d51df56bfea8cb25021c39a27c761.bundle,128114,files\yoo\Default\BundleFiles\01\017d51df56bfea8cb25021c39a27c761\__data,True,True,
15565,Assets/Game/RawAssets/Sprite/LotteryDraw/lottery_img_62a.png,,5997,assets_game_rawassets_sprite_lotterydraw.bundle,6c8ca2312693e27b46729a868236cce3.bundle,1513814,,False,False,
15566,Assets/Game/RawAssets/Sprite/LotteryDraw/lottery_img_62b.png,,5997,assets_game_rawassets_sprite_lotterydraw.bundle,6c8ca2312693e27b46729a868236cce3.bundle,1513814,,False,False,
15567,Assets/Game/RawAssets/Sprite/LotteryDraw/lottery_img_62c.png,,5997,assets_game_rawassets_sprite_lotterydraw.bundle,6c8ca2312693e27b46729a868236cce3.bundle,1513814,,False,False,
15568,Assets/Game/RawAssets/Sprite/LotteryDraw/lottery_img_62d.png,,6027,assets_game_rawassets_sprite_lotterydraw_lottery_img_62d.bundle,b0e5bf27a84f696e11fec2be16717f11.bundle,87761,files\yoo\Default\BundleFiles\b0\b0e5bf27a84f696e11fec2be16717f11\__data,True,True,
15569,Assets/Game/RawAssets/Sprite/LotteryDraw/lottery_img_62e.png,,6028,assets_game_rawassets_sprite_lotterydraw_lottery_img_62e.bundle,578f14fe123880d0fa251624dbe919f7.bundle,53663,files\yoo\Default\BundleFiles\57\578f14fe123880d0fa251624dbe919f7\__data,True,True,
15570,Assets/Game/RawAssets/Sprite/LotteryDraw/lottery_img_62f.png,,5997,assets_game_rawassets_sprite_lotterydraw.bundle,6c8ca2312693e27b46729a868236cce3.bundle,1513814,,False,False,
15571,Assets/Game/RawAssets/Sprite/LotteryDraw/lottery_img_62g.png,,6029,assets_game_rawassets_sprite_lotterydraw_lottery_img_62g.bundle,0878c12c534ece894ccd742f1be0162d.bundle,94694,files\yoo\Default\BundleFiles\08\0878c12c534ece894ccd742f1be0162d\__data,True,True,
15572,Assets/Game/RawAssets/Sprite/LotteryDraw/lottery_img_62h.png,,6030,assets_game_rawassets_sprite_lotterydraw_lottery_img_62h.bundle,2b4123c4f027343324b6ae9a950fe626.bundle,66129,files\yoo\Default\BundleFiles\2b\2b4123c4f027343324b6ae9a950fe626\__data,True,True,
15573,Assets/Game/RawAssets/Sprite/LotteryDraw/lottery_img_62i.png,,5997,assets_game_rawassets_sprite_lotterydraw.bundle,6c8ca2312693e27b46729a868236cce3.bundle,1513814,,False,False,
15574,Assets/Game/RawAssets/Sprite/LotteryDraw/lottery_img_63.png,,5997,assets_game_rawassets_sprite_lotterydraw.bundle,6c8ca2312693e27b46729a868236cce3.bundle,1513814,,False,False,
15575,Assets/Game/RawAssets/Sprite/LotteryDraw/lottery_img_63a.png,,5997,assets_game_rawassets_sprite_lotterydraw.bundle,6c8ca2312693e27b46729a868236cce3.bundle,1513814,,False,False,
15576,Assets/Game/RawAssets/Sprite/LotteryDraw/lottery_img_63b.png,,5997,assets_game_rawassets_sprite_lotterydraw.bundle,6c8ca2312693e27b46729a868236cce3.bundle,1513814,,False,False,
15577,Assets/Game/RawAssets/Sprite/LotteryDraw/lottery_img_63c.png,,5997,assets_game_rawassets_sprite_lotterydraw.bundle,6c8ca2312693e27b46729a868236cce3.bundle,1513814,,False,False,
15578,Assets/Game/RawAssets/Sprite/LotteryDraw/lottery_img_63d.png,,5997,assets_game_rawassets_sprite_lotterydraw.bundle,6c8ca2312693e27b46729a868236cce3.bundle,1513814,,False,False,
15579,Assets/Game/RawAssets/Sprite/LotteryDraw/lottery_img_63e.png,,5997,assets_game_rawassets_sprite_lotterydraw.bundle,6c8ca2312693e27b46729a868236cce3.bundle,1513814,,False,False,
15580,Assets/Game/RawAssets/Sprite/LotteryDraw/lottery_img_64.png,,5997,assets_game_rawassets_sprite_lotterydraw.bundle,6c8ca2312693e27b46729a868236cce3.bundle,1513814,,False,False,
15581,Assets/Game/RawAssets/Sprite/LotteryDraw/lottery_img_64a.png,,5997,assets_game_rawassets_sprite_lotterydraw.bundle,6c8ca2312693e27b46729a868236cce3.bundle,1513814,,False,False,
15582,Assets/Game/RawAssets/Sprite/LotteryDraw/lottery_img_64b.png,,5997,assets_game_rawassets_sprite_lotterydraw.bundle,6c8ca2312693e27b46729a868236cce3.bundle,1513814,,False,False,
15583,Assets/Game/RawAssets/Sprite/LotteryDraw/lottery_img_64c.png,,5997,assets_game_rawassets_sprite_lotterydraw.bundle,6c8ca2312693e27b46729a868236cce3.bundle,1513814,,False,False,
15584,Assets/Game/RawAssets/Sprite/LotteryDraw/lottery_img_65.png,,5997,assets_game_rawassets_sprite_lotterydraw.bundle,6c8ca2312693e27b46729a868236cce3.bundle,1513814,,False,False,
15585,Assets/Game/RawAssets/Sprite/LotteryDraw/lottery_img_65a.png,,5997,assets_game_rawassets_sprite_lotterydraw.bundle,6c8ca2312693e27b46729a868236cce3.bundle,1513814,,False,False,
15586,Assets/Game/RawAssets/Sprite/LotteryDraw/lottery_img_65b.png,,5997,assets_game_rawassets_sprite_lotterydraw.bundle,6c8ca2312693e27b46729a868236cce3.bundle,1513814,,False,False,
15587,Assets/Game/RawAssets/Sprite/LotteryDraw/lottery_img_65c.png,,5997,assets_game_rawassets_sprite_lotterydraw.bundle,6c8ca2312693e27b46729a868236cce3.bundle,1513814,,False,False,
15588,Assets/Game/RawAssets/Sprite/LotteryDraw/lottery_img_66.png,,5997,assets_game_rawassets_sprite_lotterydraw.bundle,6c8ca2312693e27b46729a868236cce3.bundle,1513814,,False,False,
15589,Assets/Game/RawAssets/Sprite/LotteryDraw/lottery_img_66a.png,,5997,assets_game_rawassets_sprite_lotterydraw.bundle,6c8ca2312693e27b46729a868236cce3.bundle,1513814,,False,False,
15590,Assets/Game/RawAssets/Sprite/LotteryDraw/lottery_img_66b.png,,5997,assets_game_rawassets_sprite_lotterydraw.bundle,6c8ca2312693e27b46729a868236cce3.bundle,1513814,,False,False,
15591,Assets/Game/RawAssets/Sprite/LotteryDraw/lottery_img_66c.png,,5997,assets_game_rawassets_sprite_lotterydraw.bundle,6c8ca2312693e27b46729a868236cce3.bundle,1513814,,False,False,
15592,Assets/Game/RawAssets/Sprite/LotteryDraw/lottery_img_66d.png,,5997,assets_game_rawassets_sprite_lotterydraw.bundle,6c8ca2312693e27b46729a868236cce3.bundle,1513814,,False,False,
15593,Assets/Game/RawAssets/Sprite/LotteryDraw/lottery_img_66de.png,,5997,assets_game_rawassets_sprite_lotterydraw.bundle,6c8ca2312693e27b46729a868236cce3.bundle,1513814,,False,False,
15594,Assets/Game/RawAssets/Sprite/LotteryDraw/lottery_img_66e.png,,5997,assets_game_rawassets_sprite_lotterydraw.bundle,6c8ca2312693e27b46729a868236cce3.bundle,1513814,,False,False,
15595,Assets/Game/RawAssets/Sprite/LotteryDraw/lottery_img_67.png,,5997,assets_game_rawassets_sprite_lotterydraw.bundle,6c8ca2312693e27b46729a868236cce3.bundle,1513814,,False,False,
15596,Assets/Game/RawAssets/Sprite/LotteryDraw/lottery_img_67a.png,,5997,assets_game_rawassets_sprite_lotterydraw.bundle,6c8ca2312693e27b46729a868236cce3.bundle,1513814,,False,False,
15597,Assets/Game/RawAssets/Sprite/LotteryDraw/lottery_img_67b.png,,5997,assets_game_rawassets_sprite_lotterydraw.bundle,6c8ca2312693e27b46729a868236cce3.bundle,1513814,,False,False,
15598,Assets/Game/RawAssets/Sprite/LotteryDraw/lottery_img_67c.png,,5997,assets_game_rawassets_sprite_lotterydraw.bundle,6c8ca2312693e27b46729a868236cce3.bundle,1513814,,False,False,
15599,Assets/Game/RawAssets/Sprite/LotteryDraw/lottery_img_67d.png,,5997,assets_game_rawassets_sprite_lotterydraw.bundle,6c8ca2312693e27b46729a868236cce3.bundle,1513814,,False,False,
15600,Assets/Game/RawAssets/Sprite/LotteryDraw/lottery_img_68.png,,5997,assets_game_rawassets_sprite_lotterydraw.bundle,6c8ca2312693e27b46729a868236cce3.bundle,1513814,,False,False,
15601,Assets/Game/RawAssets/Sprite/LotteryDraw/lottery_img_68a.png,,5997,assets_game_rawassets_sprite_lotterydraw.bundle,6c8ca2312693e27b46729a868236cce3.bundle,1513814,,False,False,
15602,Assets/Game/RawAssets/Sprite/LotteryDraw/lottery_img_68b.png,,5997,assets_game_rawassets_sprite_lotterydraw.bundle,6c8ca2312693e27b46729a868236cce3.bundle,1513814,,False,False,
15603,Assets/Game/RawAssets/Sprite/LotteryDraw/lottery_img_68c.png,,5997,assets_game_rawassets_sprite_lotterydraw.bundle,6c8ca2312693e27b46729a868236cce3.bundle,1513814,,False,False,
15604,Assets/Game/RawAssets/Sprite/LotteryDraw/lottery_img_68d.png,,5997,assets_game_rawassets_sprite_lotterydraw.bundle,6c8ca2312693e27b46729a868236cce3.bundle,1513814,,False,False,
15605,Assets/Game/RawAssets/Sprite/LotteryDraw/lottery_img_68e.png,,5997,assets_game_rawassets_sprite_lotterydraw.bundle,6c8ca2312693e27b46729a868236cce3.bundle,1513814,,False,False,
15606,Assets/Game/RawAssets/Sprite/LotteryDraw/lottery_img_68f.png,,5997,assets_game_rawassets_sprite_lotterydraw.bundle,6c8ca2312693e27b46729a868236cce3.bundle,1513814,,False,False,
15607,Assets/Game/RawAssets/Sprite/LotteryDraw/lottery_img_69.png,,6031,assets_game_rawassets_sprite_lotterydraw_lottery_img_69.bundle,ee5ff2c506685365d219d67f27f7cf4f.bundle,212423,files\yoo\Default\BundleFiles\ee\ee5ff2c506685365d219d67f27f7cf4f\__data,True,True,
15608,Assets/Game/RawAssets/Sprite/LotteryDraw/lottery_img_70.png,,5997,assets_game_rawassets_sprite_lotterydraw.bundle,6c8ca2312693e27b46729a868236cce3.bundle,1513814,,False,False,
15609,Assets/Game/RawAssets/Sprite/LotteryDraw/lottery_img_71.png,,5997,assets_game_rawassets_sprite_lotterydraw.bundle,6c8ca2312693e27b46729a868236cce3.bundle,1513814,,False,False,
15610,Assets/Game/RawAssets/Sprite/LotteryDraw/lottery_img_72.png,,5997,assets_game_rawassets_sprite_lotterydraw.bundle,6c8ca2312693e27b46729a868236cce3.bundle,1513814,,False,False,
15611,Assets/Game/RawAssets/Sprite/LotteryDraw/lottery_img_73.png,,5997,assets_game_rawassets_sprite_lotterydraw.bundle,6c8ca2312693e27b46729a868236cce3.bundle,1513814,,False,False,
15612,Assets/Game/RawAssets/Sprite/LotteryDraw/lottery_img_74.png,,5997,assets_game_rawassets_sprite_lotterydraw.bundle,6c8ca2312693e27b46729a868236cce3.bundle,1513814,,False,False,
15613,Assets/Game/RawAssets/Sprite/LotteryDraw/lottery_img_75.png,,5997,assets_game_rawassets_sprite_lotterydraw.bundle,6c8ca2312693e27b46729a868236cce3.bundle,1513814,,False,False,
15614,Assets/Game/RawAssets/Sprite/LotteryDraw/lottery_img_76.png,,6032,assets_game_rawassets_sprite_lotterydraw_lottery_img_76.bundle,d18da8991abf543c31a1fd4d689ea7df.bundle,13316,files\yoo\Default\BundleFiles\d1\d18da8991abf543c31a1fd4d689ea7df\__data,True,True,
15615,Assets/Game/RawAssets/Sprite/LotteryDraw/lottery_img_77.png,,5997,assets_game_rawassets_sprite_lotterydraw.bundle,6c8ca2312693e27b46729a868236cce3.bundle,1513814,,False,False,
15616,Assets/Game/RawAssets/Sprite/LotteryDraw/lottery_img_78.png,,5997,assets_game_rawassets_sprite_lotterydraw.bundle,6c8ca2312693e27b46729a868236cce3.bundle,1513814,,False,False,
15617,Assets/Game/RawAssets/Sprite/LotteryDraw/lottery_img_79.png,,5997,assets_game_rawassets_sprite_lotterydraw.bundle,6c8ca2312693e27b46729a868236cce3.bundle,1513814,,False,False,
15618,Assets/Game/RawAssets/Sprite/LotteryDraw/lottery_img_80.png,,5997,assets_game_rawassets_sprite_lotterydraw.bundle,6c8ca2312693e27b46729a868236cce3.bundle,1513814,,False,False,
15619,Assets/Game/RawAssets/Sprite/LotteryDraw/lottery_img_81.png,,5997,assets_game_rawassets_sprite_lotterydraw.bundle,6c8ca2312693e27b46729a868236cce3.bundle,1513814,,False,False,
15620,Assets/Game/RawAssets/Sprite/LotteryDraw/lottery_img_82.png,,5997,assets_game_rawassets_sprite_lotterydraw.bundle,6c8ca2312693e27b46729a868236cce3.bundle,1513814,,False,False,
15621,Assets/Game/RawAssets/Sprite/LotteryDraw/lottery_img_83.png,,5997,assets_game_rawassets_sprite_lotterydraw.bundle,6c8ca2312693e27b46729a868236cce3.bundle,1513814,,False,False,
15622,Assets/Game/RawAssets/Sprite/LotteryDraw/lottery_img_84.png,,5997,assets_game_rawassets_sprite_lotterydraw.bundle,6c8ca2312693e27b46729a868236cce3.bundle,1513814,,False,False,
15623,Assets/Game/RawAssets/Sprite/LotteryDraw/lottery_img_85.png,,5997,assets_game_rawassets_sprite_lotterydraw.bundle,6c8ca2312693e27b46729a868236cce3.bundle,1513814,,False,False,
15624,Assets/Game/RawAssets/Sprite/LotteryDraw/lottery_img_86.png,,5997,assets_game_rawassets_sprite_lotterydraw.bundle,6c8ca2312693e27b46729a868236cce3.bundle,1513814,,False,False,
15625,Assets/Game/RawAssets/Sprite/LotteryDraw/lottery_img_87.png,,5997,assets_game_rawassets_sprite_lotterydraw.bundle,6c8ca2312693e27b46729a868236cce3.bundle,1513814,,False,False,
15626,Assets/Game/RawAssets/Sprite/LotteryDraw/lottery_img_88.png,,5997,assets_game_rawassets_sprite_lotterydraw.bundle,6c8ca2312693e27b46729a868236cce3.bundle,1513814,,False,False,
15627,Assets/Game/RawAssets/Sprite/LotteryDraw/lottery_img_89.png,,5997,assets_game_rawassets_sprite_lotterydraw.bundle,6c8ca2312693e27b46729a868236cce3.bundle,1513814,,False,False,
15628,Assets/Game/RawAssets/Sprite/LotteryDraw/lottery_img_90.png,,5997,assets_game_rawassets_sprite_lotterydraw.bundle,6c8ca2312693e27b46729a868236cce3.bundle,1513814,,False,False,
15629,Assets/Game/RawAssets/Sprite/LotteryDraw/lottery_img_91.png,,5997,assets_game_rawassets_sprite_lotterydraw.bundle,6c8ca2312693e27b46729a868236cce3.bundle,1513814,,False,False,
15630,Assets/Game/RawAssets/Sprite/LotteryDraw/lottery_img_92.png,,5997,assets_game_rawassets_sprite_lotterydraw.bundle,6c8ca2312693e27b46729a868236cce3.bundle,1513814,,False,False,
15631,Assets/Game/RawAssets/Sprite/LotteryDraw/lottery_img_93.png,,5997,assets_game_rawassets_sprite_lotterydraw.bundle,6c8ca2312693e27b46729a868236cce3.bundle,1513814,,False,False,
15632,Assets/Game/RawAssets/Sprite/LotteryDraw/lottery_img_94.png,,5997,assets_game_rawassets_sprite_lotterydraw.bundle,6c8ca2312693e27b46729a868236cce3.bundle,1513814,,False,False,
15633,Assets/Game/RawAssets/Sprite/LotteryDraw/lottery_img_95.png,,5997,assets_game_rawassets_sprite_lotterydraw.bundle,6c8ca2312693e27b46729a868236cce3.bundle,1513814,,False,False,
15634,Assets/Game/RawAssets/Sprite/LotteryDraw/lottery_img_96.png,,5997,assets_game_rawassets_sprite_lotterydraw.bundle,6c8ca2312693e27b46729a868236cce3.bundle,1513814,,False,False,
15635,Assets/Game/RawAssets/Sprite/LotteryDraw/lottery_img_97.png,,5997,assets_game_rawassets_sprite_lotterydraw.bundle,6c8ca2312693e27b46729a868236cce3.bundle,1513814,,False,False,
15636,Assets/Game/RawAssets/Sprite/LotteryDraw/lottery_img_98.png,,6033,assets_game_rawassets_sprite_lotterydraw_lottery_img_98.bundle,fbd409e45332fc7e4f16413a59bdc89f.bundle,11609,files\yoo\Default\BundleFiles\fb\fbd409e45332fc7e4f16413a59bdc89f\__data,True,True,
15637,Assets/Game/RawAssets/Sprite/LotteryDraw/lottery_img_984.png,,5997,assets_game_rawassets_sprite_lotterydraw.bundle,6c8ca2312693e27b46729a868236cce3.bundle,1513814,,False,False,
15638,Assets/Game/RawAssets/Sprite/LotteryDraw/lottery_img_985.png,,5997,assets_game_rawassets_sprite_lotterydraw.bundle,6c8ca2312693e27b46729a868236cce3.bundle,1513814,,False,False,
15639,Assets/Game/RawAssets/Sprite/LotteryDraw/lottery_img_986.png,,5997,assets_game_rawassets_sprite_lotterydraw.bundle,6c8ca2312693e27b46729a868236cce3.bundle,1513814,,False,False,
15640,Assets/Game/RawAssets/Sprite/LotteryDraw/lottery_img_987.png,,5997,assets_game_rawassets_sprite_lotterydraw.bundle,6c8ca2312693e27b46729a868236cce3.bundle,1513814,,False,False,
15641,Assets/Game/RawAssets/Sprite/LotteryDraw/lottery_img_99.png,,6034,assets_game_rawassets_sprite_lotterydraw_lottery_img_99.bundle,4b1496867c2bf2f903ec4b3a5102522f.bundle,27040,files\yoo\Default\BundleFiles\4b\4b1496867c2bf2f903ec4b3a5102522f\__data,True,True,
15642,Assets/Game/RawAssets/Sprite/LotteryDraw/lottery_img_998.png,,5997,assets_game_rawassets_sprite_lotterydraw.bundle,6c8ca2312693e27b46729a868236cce3.bundle,1513814,,False,False,
15643,Assets/Game/RawAssets/Sprite/LotteryDraw/lottery_img_999.png,,5997,assets_game_rawassets_sprite_lotterydraw.bundle,6c8ca2312693e27b46729a868236cce3.bundle,1513814,,False,False,
15644,Assets/Game/RawAssets/Sprite/LotteryDraw/lottery_img_alpha_l.png,,6035,assets_game_rawassets_sprite_lotterydraw_lottery_img_alpha_l.bundle,e6883b47610377ea2569656d24e93dd3.bundle,52582,files\yoo\Default\BundleFiles\e6\e6883b47610377ea2569656d24e93dd3\__data,True,True,
15645,Assets/Game/RawAssets/Sprite/LotteryDraw/lottery_img_alpha_r.png,,6036,assets_game_rawassets_sprite_lotterydraw_lottery_img_alpha_r.bundle,8dc442e5b977e42220a8af07e1940cfc.bundle,40234,files\yoo\Default\BundleFiles\8d\8dc442e5b977e42220a8af07e1940cfc\__data,True,True,
15646,Assets/Game/RawAssets/Sprite/LotteryDraw/lottery_img_ring.png,,5997,assets_game_rawassets_sprite_lotterydraw.bundle,6c8ca2312693e27b46729a868236cce3.bundle,1513814,,False,False,
15647,Assets/Game/RawAssets/Sprite/LotteryDraw/LotteryDraw.spriteatlas,,5997,assets_game_rawassets_sprite_lotterydraw.bundle,6c8ca2312693e27b46729a868236cce3.bundle,1513814,,False,False,
15648,Assets/Game/RawAssets/Sprite/LotteryDraw/Mask/lottery_bg_mask01.png,,6037,assets_game_rawassets_sprite_lotterydraw_mask.bundle,384a30da195ed1a57e1eb95eb7063bf4.bundle,553238,,False,False,
15649,Assets/Game/RawAssets/Sprite/LotteryDraw/Mask/lottery_bg_mask01_blue.png,,6037,assets_game_rawassets_sprite_lotterydraw_mask.bundle,384a30da195ed1a57e1eb95eb7063bf4.bundle,553238,,False,False,
15650,Assets/Game/RawAssets/Sprite/LotteryDraw/Mask/lottery_bg_mask01_purple.png,,6037,assets_game_rawassets_sprite_lotterydraw_mask.bundle,384a30da195ed1a57e1eb95eb7063bf4.bundle,553238,,False,False,
15651,Assets/Game/RawAssets/Sprite/LotteryDraw/Mask/lottery_bg_mask01_red.png,,6037,assets_game_rawassets_sprite_lotterydraw_mask.bundle,384a30da195ed1a57e1eb95eb7063bf4.bundle,553238,,False,False,
15652,Assets/Game/RawAssets/Sprite/LotteryDraw/Mask/lottery_bg_mask01_yellow.png,,6037,assets_game_rawassets_sprite_lotterydraw_mask.bundle,384a30da195ed1a57e1eb95eb7063bf4.bundle,553238,,False,False,
15653,Assets/Game/RawAssets/Sprite/LotteryDraw/Mask/lottery_bg_mask02_blue.png,,6037,assets_game_rawassets_sprite_lotterydraw_mask.bundle,384a30da195ed1a57e1eb95eb7063bf4.bundle,553238,,False,False,
15654,Assets/Game/RawAssets/Sprite/LotteryDraw/Mask/lottery_bg_mask02_purple.png,,6037,assets_game_rawassets_sprite_lotterydraw_mask.bundle,384a30da195ed1a57e1eb95eb7063bf4.bundle,553238,,False,False,
15655,Assets/Game/RawAssets/Sprite/LotteryDraw/Mask/lottery_bg_mask02_red.png,,6037,assets_game_rawassets_sprite_lotterydraw_mask.bundle,384a30da195ed1a57e1eb95eb7063bf4.bundle,553238,,False,False,
15656,Assets/Game/RawAssets/Sprite/LotteryDraw/Mask/lottery_bg_mask02_yellow.png,,6037,assets_game_rawassets_sprite_lotterydraw_mask.bundle,384a30da195ed1a57e1eb95eb7063bf4.bundle,553238,,False,False,
15657,Assets/Game/RawAssets/Sprite/LotteryDraw/Mask/lottery_bg_mask03_blue.png,,6037,assets_game_rawassets_sprite_lotterydraw_mask.bundle,384a30da195ed1a57e1eb95eb7063bf4.bundle,553238,,False,False,
15658,Assets/Game/RawAssets/Sprite/LotteryDraw/Mask/lottery_bg_mask03_purple.png,,6037,assets_game_rawassets_sprite_lotterydraw_mask.bundle,384a30da195ed1a57e1eb95eb7063bf4.bundle,553238,,False,False,
15659,Assets/Game/RawAssets/Sprite/LotteryDraw/Mask/lottery_bg_mask03_red.png,,6037,assets_game_rawassets_sprite_lotterydraw_mask.bundle,384a30da195ed1a57e1eb95eb7063bf4.bundle,553238,,False,False,
15660,Assets/Game/RawAssets/Sprite/LotteryDraw/Mask/lottery_bg_mask03_yellow.png,,6037,assets_game_rawassets_sprite_lotterydraw_mask.bundle,384a30da195ed1a57e1eb95eb7063bf4.bundle,553238,,False,False,
15661,Assets/Game/RawAssets/Sprite/LotteryDraw/Mask/lottery_bg_mask04.png,,6037,assets_game_rawassets_sprite_lotterydraw_mask.bundle,384a30da195ed1a57e1eb95eb7063bf4.bundle,553238,,False,False,
15662,Assets/Game/RawAssets/Sprite/LotteryDraw/Mask/lottery_bg_mask04_blue.png,,6037,assets_game_rawassets_sprite_lotterydraw_mask.bundle,384a30da195ed1a57e1eb95eb7063bf4.bundle,553238,,False,False,
15663,Assets/Game/RawAssets/Sprite/LotteryDraw/Mask/lottery_bg_mask04_purple.png,,6037,assets_game_rawassets_sprite_lotterydraw_mask.bundle,384a30da195ed1a57e1eb95eb7063bf4.bundle,553238,,False,False,
15664,Assets/Game/RawAssets/Sprite/LotteryDraw/Mask/lottery_bg_mask04_red.png,,6037,assets_game_rawassets_sprite_lotterydraw_mask.bundle,384a30da195ed1a57e1eb95eb7063bf4.bundle,553238,,False,False,
15665,Assets/Game/RawAssets/Sprite/LotteryDraw/Mask/lottery_bg_mask04_yellow.png,,6037,assets_game_rawassets_sprite_lotterydraw_mask.bundle,384a30da195ed1a57e1eb95eb7063bf4.bundle,553238,,False,False,
15666,Assets/Game/RawAssets/Sprite/LotteryDraw/Mask/lottery_bg_mask05.png,,6037,assets_game_rawassets_sprite_lotterydraw_mask.bundle,384a30da195ed1a57e1eb95eb7063bf4.bundle,553238,,False,False,
15667,Assets/Game/RawAssets/Sprite/LotteryDraw/Mask/lottery_bg_mask06.png,,6037,assets_game_rawassets_sprite_lotterydraw_mask.bundle,384a30da195ed1a57e1eb95eb7063bf4.bundle,553238,,False,False,
15668,Assets/Game/RawAssets/Sprite/LotteryDraw/Mask/lottery_bg_mask07.png,,6037,assets_game_rawassets_sprite_lotterydraw_mask.bundle,384a30da195ed1a57e1eb95eb7063bf4.bundle,553238,,False,False,
15669,Assets/Game/RawAssets/Sprite/LotteryDraw/Mask/lottery_bg_mask08.png,,6037,assets_game_rawassets_sprite_lotterydraw_mask.bundle,384a30da195ed1a57e1eb95eb7063bf4.bundle,553238,,False,False,
15670,Assets/Game/RawAssets/Sprite/LotteryDraw/Mask/lottery_bg_mask09.png,,6037,assets_game_rawassets_sprite_lotterydraw_mask.bundle,384a30da195ed1a57e1eb95eb7063bf4.bundle,553238,,False,False,
15671,Assets/Game/RawAssets/Sprite/LotteryDraw/Mask/lottery_bg_mask10.png,,6037,assets_game_rawassets_sprite_lotterydraw_mask.bundle,384a30da195ed1a57e1eb95eb7063bf4.bundle,553238,,False,False,
15672,Assets/Game/RawAssets/Sprite/LotteryDraw/Mask/Mask.spriteatlas,,6037,assets_game_rawassets_sprite_lotterydraw_mask.bundle,384a30da195ed1a57e1eb95eb7063bf4.bundle,553238,,False,False,
18062,Assets/Game/Static/RedDotTree/LotteryDraw.json,,6572,assets_game_static_reddottree.bundle,d4f0f4146eea1dcc1a3bc2c221446b91.bundle,12291,resources\assets\yoo\Default\d4f0f4146eea1dcc1a3bc2c221446b91.bundle,True,True,
