id,address,assetPath,bundleID,bundleName,hashFileName,fileSize,physicalPath,physicalExists,physicalSizeMatches,dependBundleIDs
300,Assets/Game/RawAssets/Prefabs/3d/hero_021q_attack.prefab,,255,assets_game_rawassets_prefabs_3d_hero_021q_attack.bundle,afcd3e03f927234d5a3936558b967d6d.bundle,31209,resources\assets\yoo\Default\afcd3e03f927234d5a3936558b967d6d.bundle,True,True,
301,Assets/Game/RawAssets/Prefabs/3d/hero_021q_attack1_dandao.prefab,,256,assets_game_rawassets_prefabs_3d_hero_021q_attack1_dandao.bundle,0838feda2593634c31b9c5822310182d.bundle,32029,resources\assets\yoo\Default\0838feda2593634c31b9c5822310182d.bundle,True,True,
302,Assets/Game/RawAssets/Prefabs/3d/hero_021q_attack1_hit.prefab,,257,assets_game_rawassets_prefabs_3d_hero_021q_attack1_hit.bundle,e4c383a0330240607f0419cd998c8d45.bundle,30992,resources\assets\yoo\Default\e4c383a0330240607f0419cd998c8d45.bundle,True,True,
303,Assets/Game/RawAssets/Prefabs/3d/hero_021q_attack1_hit_afk.prefab,,258,assets_game_rawassets_prefabs_3d_hero_021q_attack1_hit_afk.bundle,30b4fb6d48048e4264ad5647a7f3e60c.bundle,30920,resources\assets\yoo\Default\30b4fb6d48048e4264ad5647a7f3e60c.bundle,True,True,
304,Assets/Game/RawAssets/Prefabs/3d/hero_021q_attack1_shifa.prefab,,259,assets_game_rawassets_prefabs_3d_hero_021q_attack1_shifa.bundle,9f73735282763135c6a10da2f93b8f6e.bundle,29660,resources\assets\yoo\Default\9f73735282763135c6a10da2f93b8f6e.bundle,True,True,
305,Assets/Game/RawAssets/Prefabs/3d/hero_021q_skill_1.prefab,,260,assets_game_rawassets_prefabs_3d_hero_021q_skill_1.bundle,1f3c7dda0b3020dd9cb025f4882b856e.bundle,54854,resources\assets\yoo\Default\1f3c7dda0b3020dd9cb025f4882b856e.bundle,True,True,
306,Assets/Game/RawAssets/Prefabs/3d/hero_021q_skill_2.prefab,,261,assets_game_rawassets_prefabs_3d_hero_021q_skill_2.bundle,6364c4a32665547c37644cab154a0055.bundle,42555,resources\assets\yoo\Default\6364c4a32665547c37644cab154a0055.bundle,True,True,
333,Assets/Game/RawAssets/Prefabs/3d/hero_026q_attack.prefab,,288,assets_game_rawassets_prefabs_3d_hero_026q_attack.bundle,546dbfbeac69219bcb278793478ca74d.bundle,31276,resources\assets\yoo\Default\546dbfbeac69219bcb278793478ca74d.bundle,True,True,
334,Assets/Game/RawAssets/Prefabs/3d/hero_026q_attack1_dandao.prefab,,289,assets_game_rawassets_prefabs_3d_hero_026q_attack1_dandao.bundle,420f0e1e9bb0cab1acc68781746363de.bundle,29850,resources\assets\yoo\Default\420f0e1e9bb0cab1acc68781746363de.bundle,True,True,
335,Assets/Game/RawAssets/Prefabs/3d/hero_026q_attack1_hit.prefab,,290,assets_game_rawassets_prefabs_3d_hero_026q_attack1_hit.bundle,ac9994c21d804a8e96185530b92a3f51.bundle,29584,resources\assets\yoo\Default\ac9994c21d804a8e96185530b92a3f51.bundle,True,True,
336,Assets/Game/RawAssets/Prefabs/3d/hero_026q_attack1_hit_afk.prefab,,291,assets_game_rawassets_prefabs_3d_hero_026q_attack1_hit_afk.bundle,a625b90385b7a1db4ebde19b40dac003.bundle,29541,resources\assets\yoo\Default\a625b90385b7a1db4ebde19b40dac003.bundle,True,True,
337,Assets/Game/RawAssets/Prefabs/3d/hero_026q_attack1_shifa.prefab,,292,assets_game_rawassets_prefabs_3d_hero_026q_attack1_shifa.bundle,bc46502ac596a284a6fea6944c4ad8c7.bundle,29928,resources\assets\yoo\Default\bc46502ac596a284a6fea6944c4ad8c7.bundle,True,True,
338,Assets/Game/RawAssets/Prefabs/3d/hero_026q_skill_1.prefab,,293,assets_game_rawassets_prefabs_3d_hero_026q_skill_1.bundle,945a0dfa7cdb2310d154e0c8372673af.bundle,33038,resources\assets\yoo\Default\945a0dfa7cdb2310d154e0c8372673af.bundle,True,True,
339,Assets/Game/RawAssets/Prefabs/3d/hero_026q_skill_1_start.prefab,,294,assets_game_rawassets_prefabs_3d_hero_026q_skill_1_start.bundle,cd1c6cafc71dcd649cb4323f1935c3c5.bundle,29326,resources\assets\yoo\Default\cd1c6cafc71dcd649cb4323f1935c3c5.bundle,True,True,
340,Assets/Game/RawAssets/Prefabs/3d/hero_026q_skill_2.prefab,,295,assets_game_rawassets_prefabs_3d_hero_026q_skill_2.bundle,66a5b7b9e7753705cf7085f8a6363038.bundle,43303,resources\assets\yoo\Default\66a5b7b9e7753705cf7085f8a6363038.bundle,True,True,
412,Assets/Game/RawAssets/Prefabs/3d/hero_037q_attack.prefab,,367,assets_game_rawassets_prefabs_3d_hero_037q_attack.bundle,8aae24f06db4f935e894b6b1c4cfb092.bundle,42768,resources\assets\yoo\Default\8aae24f06db4f935e894b6b1c4cfb092.bundle,True,True,
413,Assets/Game/RawAssets/Prefabs/3d/hero_037q_attack1_dandao.prefab,,368,assets_game_rawassets_prefabs_3d_hero_037q_attack1_dandao.bundle,08e88c60981a9d69ed93bdd051c23f26.bundle,39350,resources\assets\yoo\Default\08e88c60981a9d69ed93bdd051c23f26.bundle,True,True,
414,Assets/Game/RawAssets/Prefabs/3d/hero_037q_attack1_hit.prefab,,369,assets_game_rawassets_prefabs_3d_hero_037q_attack1_hit.bundle,01ee617ab47029034a2f99d01e68de4c.bundle,39556,resources\assets\yoo\Default\01ee617ab47029034a2f99d01e68de4c.bundle,True,True,
415,Assets/Game/RawAssets/Prefabs/3d/hero_037q_attack1_hit_afk.prefab,,370,assets_game_rawassets_prefabs_3d_hero_037q_attack1_hit_afk.bundle,93f504fae6a586a67821fa48cef6d899.bundle,39560,resources\assets\yoo\Default\93f504fae6a586a67821fa48cef6d899.bundle,True,True,
416,Assets/Game/RawAssets/Prefabs/3d/hero_037q_attack1_shifa.prefab,,371,assets_game_rawassets_prefabs_3d_hero_037q_attack1_shifa.bundle,2f7cac1e638778a83e0f250cc35e2917.bundle,37759,resources\assets\yoo\Default\2f7cac1e638778a83e0f250cc35e2917.bundle,True,True,
417,Assets/Game/RawAssets/Prefabs/3d/hero_037q_skill_1.prefab,,372,assets_game_rawassets_prefabs_3d_hero_037q_skill_1.bundle,042962e18c656a1cf929c22cbbf50fad.bundle,74257,resources\assets\yoo\Default\042962e18c656a1cf929c22cbbf50fad.bundle,True,True,
418,Assets/Game/RawAssets/Prefabs/3d/hero_037q_skill_2.prefab,,373,assets_game_rawassets_prefabs_3d_hero_037q_skill_2.bundle,4153e8a7d1067462341f8ddf0f5e6aac.bundle,61938,resources\assets\yoo\Default\4153e8a7d1067462341f8ddf0f5e6aac.bundle,True,True,
773,Assets/Game/RawAssets/Prefabs/3d/monster_021q_attack.prefab,,728,assets_game_rawassets_prefabs_3d_monster_021q_attack.bundle,20b181b38de2e8cac2f4f68f5d053bd7.bundle,38532,resources\assets\yoo\Default\20b181b38de2e8cac2f4f68f5d053bd7.bundle,True,True,
774,Assets/Game/RawAssets/Prefabs/3d/monster_021q_attack1_dandao.prefab,,729,assets_game_rawassets_prefabs_3d_monster_021q_attack1_dandao.bundle,0a855107ff78371e7d1fa5fce7cc1026.bundle,33219,resources\assets\yoo\Default\0a855107ff78371e7d1fa5fce7cc1026.bundle,True,True,
775,Assets/Game/RawAssets/Prefabs/3d/monster_021q_attack1_hit.prefab,,730,assets_game_rawassets_prefabs_3d_monster_021q_attack1_hit.bundle,90fe579f3504a3bf23a939da74da8e35.bundle,32466,resources\assets\yoo\Default\90fe579f3504a3bf23a939da74da8e35.bundle,True,True,
776,Assets/Game/RawAssets/Prefabs/3d/monster_021q_attack1_shifa.prefab,,731,assets_game_rawassets_prefabs_3d_monster_021q_attack1_shifa.bundle,35c887b117ecae4b7e5ccc6d665ee1e5.bundle,32365,resources\assets\yoo\Default\35c887b117ecae4b7e5ccc6d665ee1e5.bundle,True,True,
777,Assets/Game/RawAssets/Prefabs/3d/monster_021q_skill_1.prefab,,732,assets_game_rawassets_prefabs_3d_monster_021q_skill_1.bundle,8dd67208cad4afea7e3802918e329171.bundle,63061,resources\assets\yoo\Default\8dd67208cad4afea7e3802918e329171.bundle,True,True,
778,Assets/Game/RawAssets/Prefabs/3d/monster_021q_skill_2.prefab,,733,assets_game_rawassets_prefabs_3d_monster_021q_skill_2.bundle,799673edfa1ab9ad94aacd9e18cb5393.bundle,65454,resources\assets\yoo\Default\799673edfa1ab9ad94aacd9e18cb5393.bundle,True,True,
858,Assets/Game/RawAssets/Prefabs/3d/slug_026q_skill1.prefab,,813,assets_game_rawassets_prefabs_3d_slug_026q_skill1.bundle,5c20191e20b83a82752dfdc7d0c983ce.bundle,38022,resources\assets\yoo\Default\5c20191e20b83a82752dfdc7d0c983ce.bundle,True,True,
859,Assets/Game/RawAssets/Prefabs/3d/slug_026q_skill1_dandao.prefab,,814,assets_game_rawassets_prefabs_3d_slug_026q_skill1_dandao.bundle,61fd84d3b235a2b1049a11f3d4c50a24.bundle,32891,resources\assets\yoo\Default\61fd84d3b235a2b1049a11f3d4c50a24.bundle,True,True,
860,Assets/Game/RawAssets/Prefabs/3d/slug_026q_skill1_hit.prefab,,815,assets_game_rawassets_prefabs_3d_slug_026q_skill1_hit.bundle,5479f73ae1dc76080c321a6e0271ea01.bundle,35001,resources\assets\yoo\Default\5479f73ae1dc76080c321a6e0271ea01.bundle,True,True,
863,Assets/Game/RawAssets/Prefabs/3d/slug_037q_skill1_dandao.prefab,,818,assets_game_rawassets_prefabs_3d_slug_037q_skill1_dandao.bundle,f20db46b1d5bf4f667c285770cf0619a.bundle,32157,resources\assets\yoo\Default\f20db46b1d5bf4f667c285770cf0619a.bundle,True,True,
864,Assets/Game/RawAssets/Prefabs/3d/slug_037q_skill1_hit.prefab,,819,assets_game_rawassets_prefabs_3d_slug_037q_skill1_hit.bundle,b7c7d77e07f3e7b27c71fa25acc299bd.bundle,33780,resources\assets\yoo\Default\b7c7d77e07f3e7b27c71fa25acc299bd.bundle,True,True,
910,Assets/Game/RawAssets/Prefabs/3d/slug_chuansong_01.prefab,,865,assets_game_rawassets_prefabs_3d_slug_chuansong_01.bundle,6393fe31eb4b6c8fdcf69a76ccb98934.bundle,31516,resources\assets\yoo\Default\6393fe31eb4b6c8fdcf69a76ccb98934.bundle,True,True,
912,Assets/Game/RawAssets/Prefabs/AFKMap/Prefabs/BattleTip.prefab,,867,assets_game_rawassets_prefabs_afkmap_prefabs_battletip.bundle,589f2e8b2f977dbe2394da686743778a.bundle,7218,resources\assets\yoo\Default\589f2e8b2f977dbe2394da686743778a.bundle,True,True,
915,Assets/Game/RawAssets/Prefabs/AFKMap/Prefabs/Bullet.prefab,,870,assets_game_rawassets_prefabs_afkmap_prefabs_bullet.bundle,670d7091a50b5f0d9c2d6aae56e1c5d4.bundle,3635,resources\assets\yoo\Default\670d7091a50b5f0d9c2d6aae56e1c5d4.bundle,True,True,
923,Assets/Game/RawAssets/Prefabs/AFKMap/Prefabs/MonsterFSM.prefab,,878,assets_game_rawassets_prefabs_afkmap_prefabs_monsterfsm.bundle,6067660e20a44d52066ed16555d715c5.bundle,28078,resources\assets\yoo\Default\6067660e20a44d52066ed16555d715c5.bundle,True,True,
926,Assets/Game/RawAssets/Prefabs/AFKMap/Prefabs/PlayerCamera.prefab,,881,assets_game_rawassets_prefabs_afkmap_prefabs_playercamera.bundle,a76ab3c10594189fe2b88b8252d22dcd.bundle,3908,resources\assets\yoo\Default\a76ab3c10594189fe2b88b8252d22dcd.bundle,True,True,
929,Assets/Game/RawAssets/Prefabs/AFKMap/Prefabs/PlayerFSM.prefab,,884,assets_game_rawassets_prefabs_afkmap_prefabs_playerfsm.bundle,193e83a4fe03f327e4d1684c6603846c.bundle,27900,resources\assets\yoo\Default\193e83a4fe03f327e4d1684c6603846c.bundle,True,True,
934,Assets/Game/RawAssets/Prefabs/AFKMap/Prefabs/Spine.prefab,,889,assets_game_rawassets_prefabs_afkmap_prefabs_spine.bundle,74a3335a482f9b2118064e13542da7d4.bundle,4479,resources\assets\yoo\Default\74a3335a482f9b2118064e13542da7d4.bundle,True,True,
1427,Assets/Game/RawAssets/Prefabs/GameBattle/BattleAttrChangeUnit.prefab,,1382,assets_game_rawassets_prefabs_gamebattle.bundle,866d27f7b5484985a69991c687a36915.bundle,24346,resources\assets\yoo\Default\866d27f7b5484985a69991c687a36915.bundle,True,True,
1428,Assets/Game/RawAssets/Prefabs/GameBattle/BattlePerform.prefab,,1382,assets_game_rawassets_prefabs_gamebattle.bundle,866d27f7b5484985a69991c687a36915.bundle,24346,resources\assets\yoo\Default\866d27f7b5484985a69991c687a36915.bundle,True,True,
1429,Assets/Game/RawAssets/Prefabs/GameBattle/RoleHUD.prefab,,1382,assets_game_rawassets_prefabs_gamebattle.bundle,866d27f7b5484985a69991c687a36915.bundle,24346,resources\assets\yoo\Default\866d27f7b5484985a69991c687a36915.bundle,True,True,
1497,Assets/Game/RawAssets/Prefabs/Skill/guide_finger02.prefab,,1450,assets_game_rawassets_prefabs_skill_guide_finger02.bundle,1c56a30adbde384b8b61d6aa111f4ff8.bundle,5620,resources\assets\yoo\Default\1c56a30adbde384b8b61d6aa111f4ff8.bundle,True,True,
1545,Assets/Game/RawAssets/Prefabs/Skill/Hero_021Q_attack.prefab,,1498,assets_game_rawassets_prefabs_skill_hero_021q_attack.bundle,b39770211801d4aa0d66b5dd440bbe21.bundle,34337,resources\assets\yoo\Default\b39770211801d4aa0d66b5dd440bbe21.bundle,True,True,
1546,Assets/Game/RawAssets/Prefabs/Skill/Hero_021Q_fx.prefab,,1499,assets_game_rawassets_prefabs_skill_hero_021q_fx.bundle,cd99ab05eacc83297dbdd25299066468.bundle,32095,resources\assets\yoo\Default\cd99ab05eacc83297dbdd25299066468.bundle,True,True,
1547,Assets/Game/RawAssets/Prefabs/Skill/Hero_021Q_fx_2.prefab,,1500,assets_game_rawassets_prefabs_skill_hero_021q_fx_2.bundle,b373d70da988e0220c0aa020b6bb8939.bundle,34237,resources\assets\yoo\Default\b373d70da988e0220c0aa020b6bb8939.bundle,True,True,
1556,Assets/Game/RawAssets/Prefabs/Skill/Hero_026Q_fx.prefab,,1509,assets_game_rawassets_prefabs_skill_hero_026q_fx.bundle,843d4204e1d0d9add576806ee6b8bda8.bundle,34741,resources\assets\yoo\Default\843d4204e1d0d9add576806ee6b8bda8.bundle,True,True,
1557,Assets/Game/RawAssets/Prefabs/Skill/Hero_026Q_fx_2.prefab,,1510,assets_game_rawassets_prefabs_skill_hero_026q_fx_2.bundle,1fcce63b85a9a56d2feb21884f3493b5.bundle,35505,resources\assets\yoo\Default\1fcce63b85a9a56d2feb21884f3493b5.bundle,True,True,
1574,Assets/Game/RawAssets/Prefabs/Skill/Hero_037Q_fx.prefab,,1527,assets_game_rawassets_prefabs_skill_hero_037q_fx.bundle,3c8510d58a1d23b61fdca0f042a4161b.bundle,44935,resources\assets\yoo\Default\3c8510d58a1d23b61fdca0f042a4161b.bundle,True,True,
2085,Assets/Game/RawAssets/Prefabs/UI/Battle/BattleMaskView.prefab,,2037,assets_game_rawassets_prefabs_ui_battle_battlemaskview.bundle,7a2757c6e7779b39f9767ec4984ad58f.bundle,37940,resources\assets\yoo\Default\7a2757c6e7779b39f9767ec4984ad58f.bundle,True,True,
2086,Assets/Game/RawAssets/Prefabs/UI/Battle/BattleResultView.prefab,,2038,assets_game_rawassets_prefabs_ui_battle_battleresultview.bundle,b3d7abc5922b809b19c30799a6206e45.bundle,33515,resources\assets\yoo\Default\b3d7abc5922b809b19c30799a6206e45.bundle,True,True,
2090,Assets/Game/RawAssets/Prefabs/UI/Battle/BattleView.prefab,,2042,assets_game_rawassets_prefabs_ui_battle_battleview.bundle,30cf9c9ce2deccf7bda6b89d6c9a1414.bundle,51785,resources\assets\yoo\Default\30cf9c9ce2deccf7bda6b89d6c9a1414.bundle,True,True,
2094,Assets/Game/RawAssets/Prefabs/UI/ChangeToOther/ChangeToOther.prefab,,2046,assets_game_rawassets_prefabs_ui_changetoother_changetoother.bundle,7c1d96b23a858f155a8c615a35784335.bundle,42157,resources\assets\yoo\Default\7c1d96b23a858f155a8c615a35784335.bundle,True,True,
2095,Assets/Game/RawAssets/Prefabs/UI/ChangeToOther/CloundMaskView.prefab,,2047,assets_game_rawassets_prefabs_ui_changetoother_cloundmaskview.bundle,febf07cf9296b4551f34988cbf6b120e.bundle,42166,resources\assets\yoo\Default\febf07cf9296b4551f34988cbf6b120e.bundle,True,True,
2128,Assets/Game/RawAssets/Prefabs/UI/Common/AlterView.prefab,,2080,assets_game_rawassets_prefabs_ui_common_alterview.bundle,cbdc8a721a4351cf1c8a7a7b7b349c9b.bundle,8901,resources\assets\yoo\Default\cbdc8a721a4351cf1c8a7a7b7b349c9b.bundle,True,True,
2135,Assets/Game/RawAssets/Prefabs/UI/Common/ChatEntryPanel.prefab,,2087,assets_game_rawassets_prefabs_ui_common_chatentrypanel.bundle,ddbee7d8dba93cfb2d15fe46a7833872.bundle,7342,resources\assets\yoo\Default\ddbee7d8dba93cfb2d15fe46a7833872.bundle,True,True,
2149,Assets/Game/RawAssets/Prefabs/UI/Common/CommonWebView.prefab,,2101,assets_game_rawassets_prefabs_ui_common_commonwebview.bundle,19ca232d5f27ea357020baf62b6848af.bundle,6458,resources\assets\yoo\Default\19ca232d5f27ea357020baf62b6848af.bundle,True,True,
2152,Assets/Game/RawAssets/Prefabs/UI/Common/ExplainView.prefab,,2104,assets_game_rawassets_prefabs_ui_common_explainview.bundle,25475fba845034b4561eb00f087f0f9f.bundle,11592,resources\assets\yoo\Default\25475fba845034b4561eb00f087f0f9f.bundle,True,True,
2156,Assets/Game/RawAssets/Prefabs/UI/Common/GridScrollerCell.prefab,,2108,assets_game_rawassets_prefabs_ui_common_gridscrollercell.bundle,40d91fd31f069444f1070085dca47641.bundle,2627,resources\assets\yoo\Default\40d91fd31f069444f1070085dca47641.bundle,True,True,
2158,Assets/Game/RawAssets/Prefabs/UI/Common/InteractiveRole.prefab,,2110,assets_game_rawassets_prefabs_ui_common_interactiverole.bundle,95a1b39e27ffd870822c4fd0499f2f1f.bundle,13530,resources\assets\yoo\Default\95a1b39e27ffd870822c4fd0499f2f1f.bundle,True,True,
2162,Assets/Game/RawAssets/Prefabs/UI/Common/ItemGrid.prefab,,2114,assets_game_rawassets_prefabs_ui_common_itemgrid.bundle,c6ecced984112d887b031aaf1cbfbed1.bundle,41930,resources\assets\yoo\Default\c6ecced984112d887b031aaf1cbfbed1.bundle,True,True,
2169,Assets/Game/RawAssets/Prefabs/UI/Common/pnlLeftTop.prefab,,2121,assets_game_rawassets_prefabs_ui_common_pnllefttop.bundle,b24563bc1cedf93005e8e2d8c2778eed.bundle,6033,resources\assets\yoo\Default\b24563bc1cedf93005e8e2d8c2778eed.bundle,True,True,
2177,Assets/Game/RawAssets/Prefabs/UI/Common/ResourceBar.prefab,,2129,assets_game_rawassets_prefabs_ui_common_resourcebar.bundle,2b71267b775c39bc86faee75607192c4.bundle,9613,resources\assets\yoo\Default\2b71267b775c39bc86faee75607192c4.bundle,True,True,
2178,Assets/Game/RawAssets/Prefabs/UI/Common/RewardGrid.prefab,,2130,assets_game_rawassets_prefabs_ui_common_rewardgrid.bundle,70a7db643fc8859f5f35754b2718513b.bundle,49241,resources\assets\yoo\Default\70a7db643fc8859f5f35754b2718513b.bundle,True,True,
2187,Assets/Game/RawAssets/Prefabs/UI/Common/Toggle.prefab,,2139,assets_game_rawassets_prefabs_ui_common_toggle.bundle,bf3a7535764292f0c123f3c9cbb9a897.bundle,5298,resources\assets\yoo\Default\bf3a7535764292f0c123f3c9cbb9a897.bundle,True,True,
2188,Assets/Game/RawAssets/Prefabs/UI/Common/TopBar.prefab,,2140,assets_game_rawassets_prefabs_ui_common_topbar.bundle,06e4c9977f98680cb99ff47108d249e5.bundle,13483,resources\assets\yoo\Default\06e4c9977f98680cb99ff47108d249e5.bundle,True,True,
2189,Assets/Game/RawAssets/Prefabs/UI/Common/TopResGrid.prefab,,2141,assets_game_rawassets_prefabs_ui_common_topresgrid.bundle,b23b6d9847109cf0f7aa85ad748645e6.bundle,6404,resources\assets\yoo\Default\b23b6d9847109cf0f7aa85ad748645e6.bundle,True,True,
2191,Assets/Game/RawAssets/Prefabs/UI/Common/WaitView.prefab,,2143,assets_game_rawassets_prefabs_ui_common_waitview.bundle,f499ec422a3d5a69abade64804ef0c19.bundle,3941,resources\assets\yoo\Default\f499ec422a3d5a69abade64804ef0c19.bundle,True,True,
2243,Assets/Game/RawAssets/Prefabs/UI/Expedition/ExpeditionMainView.prefab,,2195,assets_game_rawassets_prefabs_ui_expedition_expeditionmainview.bundle,8a5c9682df42110e77b870aaaee97b81.bundle,45142,resources\assets\yoo\Default\8a5c9682df42110e77b870aaaee97b81.bundle,True,True,
2260,Assets/Game/RawAssets/Prefabs/UI/Gal/Components/GalDormitoryPanelTopBtns.prefab,,2212,assets_game_rawassets_prefabs_ui_gal_components_galdormitorypaneltopbtns.bundle,2a874ed00da216228fb290ae4fd0fa41.bundle,6288,resources\assets\yoo\Default\2a874ed00da216228fb290ae4fd0fa41.bundle,True,True,
2314,Assets/Game/RawAssets/Prefabs/UI/Gal/GalSpecialTouchView.prefab,,2265,assets_game_rawassets_prefabs_ui_gal_galspecialtouchview.bundle,c3143120fcff5fee497c40fe6e98537f.bundle,9421,resources\assets\yoo\Default\c3143120fcff5fee497c40fe6e98537f.bundle,True,True,
2319,Assets/Game/RawAssets/Prefabs/UI/Gal/SpineTouch/SpineDragEffect01.prefab,,2270,assets_game_rawassets_prefabs_ui_gal_spinetouch_spinedrageffect01.bundle,6978e72a150ef211b3ce1307d460a9d5.bundle,31767,resources\assets\yoo\Default\6978e72a150ef211b3ce1307d460a9d5.bundle,True,True,
2320,Assets/Game/RawAssets/Prefabs/UI/Gal/SpineTouch/Teach/SpineTouchTeachPanel.prefab,,2271,assets_game_rawassets_prefabs_ui_gal_spinetouch_teach_spinetouchteachpanel.bundle,3d3dd9c2b5fbc97840d5b40b410d2834.bundle,6164,resources\assets\yoo\Default\3d3dd9c2b5fbc97840d5b40b410d2834.bundle,True,True,
2436,Assets/Game/RawAssets/Prefabs/UI/Login/LoadingView.prefab,,2387,assets_game_rawassets_prefabs_ui_login_loadingview.bundle,3eda611616b92cfdb2af7f8c183b1e50.bundle,6988,resources\assets\yoo\Default\3eda611616b92cfdb2af7f8c183b1e50.bundle,True,True,
2437,Assets/Game/RawAssets/Prefabs/UI/Login/LoginView.prefab,,2388,assets_game_rawassets_prefabs_ui_login_loginview.bundle,7996b01a22fa6b87d3cf865ec438316b.bundle,17814,resources\assets\yoo\Default\7996b01a22fa6b87d3cf865ec438316b.bundle,True,True,
2438,Assets/Game/RawAssets/Prefabs/UI/Login/ServerGrid.prefab,,2389,assets_game_rawassets_prefabs_ui_login_servergrid.bundle,264634db9b3787d9c8326b3db9e411fc.bundle,6877,resources\assets\yoo\Default\264634db9b3787d9c8326b3db9e411fc.bundle,True,True,
2439,Assets/Game/RawAssets/Prefabs/UI/Login/ServerNearGrid.prefab,,2390,assets_game_rawassets_prefabs_ui_login_serverneargrid.bundle,e6c8f095f5c40a21196201c57204c604.bundle,11842,resources\assets\yoo\Default\e6c8f095f5c40a21196201c57204c604.bundle,True,True,
2440,Assets/Game/RawAssets/Prefabs/UI/Login/ServerSelectView.prefab,,2391,assets_game_rawassets_prefabs_ui_login_serverselectview.bundle,ca11fba2d03eb0717dcac57dfdc47951.bundle,15148,resources\assets\yoo\Default\ca11fba2d03eb0717dcac57dfdc47951.bundle,True,True,
2441,Assets/Game/RawAssets/Prefabs/UI/Login/ServerTypeGrid.prefab,,2392,assets_game_rawassets_prefabs_ui_login_servertypegrid.bundle,73cab27fc44f062a911f06b8c7c1be87.bundle,6073,resources\assets\yoo\Default\73cab27fc44f062a911f06b8c7c1be87.bundle,True,True,
2444,Assets/Game/RawAssets/Prefabs/UI/LotteryDraw/LotteryDrawFinishView.prefab,,2395,assets_game_rawassets_prefabs_ui_lotterydraw_lotterydrawfinishview.bundle,86c05702d8a8a6410d5a48ddc7449de4.bundle,114728,resources\assets\yoo\Default\86c05702d8a8a6410d5a48ddc7449de4.bundle,True,True,
2449,Assets/Game/RawAssets/Prefabs/UI/LotteryDraw/LotteryDrawMainView.prefab,,2400,assets_game_rawassets_prefabs_ui_lotterydraw_lotterydrawmainview.bundle,1918525995d5a5ed05fce5506c55ca0d.bundle,60657,resources\assets\yoo\Default\1918525995d5a5ed05fce5506c55ca0d.bundle,True,True,
2450,Assets/Game/RawAssets/Prefabs/UI/LotteryDraw/LotteryDrawNewStageView.prefab,,2401,assets_game_rawassets_prefabs_ui_lotterydraw_lotterydrawnewstageview.bundle,eb29a3f2afe63586af98537addc6cb12.bundle,40925,resources\assets\yoo\Default\eb29a3f2afe63586af98537addc6cb12.bundle,True,True,
2463,Assets/Game/RawAssets/Prefabs/UI/MainUI/LimitIconView.prefab,,2414,assets_game_rawassets_prefabs_ui_mainui_limiticonview.bundle,6b8f874902e73eb622fb54a3d1ec03c3.bundle,7020,resources\assets\yoo\Default\6b8f874902e73eb622fb54a3d1ec03c3.bundle,True,True,
2464,Assets/Game/RawAssets/Prefabs/UI/MainUI/MainTestView.prefab,,2415,assets_game_rawassets_prefabs_ui_mainui_maintestview.bundle,1a38c1838a05a5bf38ba07b86622ba44.bundle,11830,resources\assets\yoo\Default\1a38c1838a05a5bf38ba07b86622ba44.bundle,True,True,
2472,Assets/Game/RawAssets/Prefabs/UI/MainUI/MainUIView.prefab,,2422,assets_game_rawassets_prefabs_ui_mainui_mainuiview.bundle,550a7cadacd941b64b750257fc8891d0.bundle,91116,resources\assets\yoo\Default\550a7cadacd941b64b750257fc8891d0.bundle,True,True,
2473,Assets/Game/RawAssets/Prefabs/UI/MainUI/MainUIView01.anim,,2423,assets_game_rawassets_prefabs_ui_mainui_mainuiview01.bundle,42815d91331cd4a839928ff12f3909cd.bundle,9884,resources\assets\yoo\Default\42815d91331cd4a839928ff12f3909cd.bundle,True,True,
2474,Assets/Game/RawAssets/Prefabs/UI/MainUI/MainUIView01.controller,,2423,assets_game_rawassets_prefabs_ui_mainui_mainuiview01.bundle,42815d91331cd4a839928ff12f3909cd.bundle,9884,resources\assets\yoo\Default\42815d91331cd4a839928ff12f3909cd.bundle,True,True,
2544,Assets/Game/RawAssets/Prefabs/UI/RedDot/RedDotBadgeIcon.prefab,,2493,assets_game_rawassets_prefabs_ui_reddot_reddotbadgeicon.bundle,be61f05f132a70ad59dc049f0d99e19f.bundle,3923,resources\assets\yoo\Default\be61f05f132a70ad59dc049f0d99e19f.bundle,True,True,
2718,Assets/Game/RawAssets/Prefabs/UI/Story/GuideChangeNameView.prefab,,2667,assets_game_rawassets_prefabs_ui_story_guidechangenameview.bundle,253ca671fa165333150a35f25f23f348.bundle,8867,resources\assets\yoo\Default\253ca671fa165333150a35f25f23f348.bundle,True,True,
2719,Assets/Game/RawAssets/Prefabs/UI/Story/StoryInsertCartridge.prefab,,2668,assets_game_rawassets_prefabs_ui_story_storyinsertcartridge.bundle,b67641bf7cae40974a31895522db3d2d.bundle,13178,resources\assets\yoo\Default\b67641bf7cae40974a31895522db3d2d.bundle,True,True,
2720,Assets/Game/RawAssets/Prefabs/UI/Story/StoryRoom.prefab,,2669,assets_game_rawassets_prefabs_ui_story_storyroom.bundle,054ead7b4aa8937e25d45c1e3159439a.bundle,38757,resources\assets\yoo\Default\054ead7b4aa8937e25d45c1e3159439a.bundle,True,True,
2763,Assets/Game/RawAssets/Prefabs/UI/Update/SilentUpdateView.prefab,,2712,assets_game_rawassets_prefabs_ui_update_silentupdateview.bundle,4d0cd8653798641cbd83bf0db5a77439.bundle,9088,resources\assets\yoo\Default\4d0cd8653798641cbd83bf0db5a77439.bundle,True,True,
2783,Assets/Game/RawAssets/Prefabs/UI/UserInfo/UserLevelUpdateGrid.prefab,,2732,assets_game_rawassets_prefabs_ui_userinfo_userlevelupdategrid.bundle,babaf29517d1c18458cd4f61ca12f610.bundle,5193,resources\assets\yoo\Default\babaf29517d1c18458cd4f61ca12f610.bundle,True,True,
2784,Assets/Game/RawAssets/Prefabs/UI/UserInfo/UserLevelUpdateView.prefab,,2733,assets_game_rawassets_prefabs_ui_userinfo_userlevelupdateview.bundle,b7e6e47cd6fe406123963f3ba485a048.bundle,8825,resources\assets\yoo\Default\b7e6e47cd6fe406123963f3ba485a048.bundle,True,True,
2793,Assets/Game/RawAssets/Prefabs/UI/Wallpaper/WallpaperPanel.prefab,,2742,assets_game_rawassets_prefabs_ui_wallpaper_wallpaperpanel.bundle,9f4fdc8b20d79619a0befea1dd8f9870.bundle,16165,resources\assets\yoo\Default\9f4fdc8b20d79619a0befea1dd8f9870.bundle,True,True,
2820,Assets/Game/RawAssets/ScriptBytes/Assembly-CSharp.bytes,,2769,assets_game_rawassets_scriptbytes.bundle,82d640fc6bf946d4bac8d265200fa793.bundle,3165150,resources\assets\yoo\Default\82d640fc6bf946d4bac8d265200fa793.bundle,True,True,
2821,Assets/Game/RawAssets/ScriptBytes/patch/DOTween.bytes,,2770,assets_game_rawassets_scriptbytes_patch.bundle,ec57b38f548d8b2c2f6222ee738c4983.bundle,2813729,resources\assets\yoo\Default\ec57b38f548d8b2c2f6222ee738c4983.bundle,True,True,
2822,Assets/Game/RawAssets/ScriptBytes/patch/LitJson.bytes,,2770,assets_game_rawassets_scriptbytes_patch.bundle,ec57b38f548d8b2c2f6222ee738c4983.bundle,2813729,resources\assets\yoo\Default\ec57b38f548d8b2c2f6222ee738c4983.bundle,True,True,
2823,Assets/Game/RawAssets/ScriptBytes/patch/MemoryPack.bytes,,2770,assets_game_rawassets_scriptbytes_patch.bundle,ec57b38f548d8b2c2f6222ee738c4983.bundle,2813729,resources\assets\yoo\Default\ec57b38f548d8b2c2f6222ee738c4983.bundle,True,True,
2824,Assets/Game/RawAssets/ScriptBytes/patch/mscorlib.bytes,,2770,assets_game_rawassets_scriptbytes_patch.bundle,ec57b38f548d8b2c2f6222ee738c4983.bundle,2813729,resources\assets\yoo\Default\ec57b38f548d8b2c2f6222ee738c4983.bundle,True,True,
2825,Assets/Game/RawAssets/ScriptBytes/patch/System.bytes,,2770,assets_game_rawassets_scriptbytes_patch.bundle,ec57b38f548d8b2c2f6222ee738c4983.bundle,2813729,resources\assets\yoo\Default\ec57b38f548d8b2c2f6222ee738c4983.bundle,True,True,
2826,Assets/Game/RawAssets/ScriptBytes/patch/System.Core.bytes,,2770,assets_game_rawassets_scriptbytes_patch.bundle,ec57b38f548d8b2c2f6222ee738c4983.bundle,2813729,resources\assets\yoo\Default\ec57b38f548d8b2c2f6222ee738c4983.bundle,True,True,
2827,Assets/Game/RawAssets/ScriptBytes/patch/UniTask.bytes,,2770,assets_game_rawassets_scriptbytes_patch.bundle,ec57b38f548d8b2c2f6222ee738c4983.bundle,2813729,resources\assets\yoo\Default\ec57b38f548d8b2c2f6222ee738c4983.bundle,True,True,
2828,Assets/Game/RawAssets/ScriptBytes/patch/Unity.Timeline.bytes,,2770,assets_game_rawassets_scriptbytes_patch.bundle,ec57b38f548d8b2c2f6222ee738c4983.bundle,2813729,resources\assets\yoo\Default\ec57b38f548d8b2c2f6222ee738c4983.bundle,True,True,
2829,Assets/Game/RawAssets/ScriptBytes/patch/UnityEngine.AndroidJNIModule.bytes,,2770,assets_game_rawassets_scriptbytes_patch.bundle,ec57b38f548d8b2c2f6222ee738c4983.bundle,2813729,resources\assets\yoo\Default\ec57b38f548d8b2c2f6222ee738c4983.bundle,True,True,
2830,Assets/Game/RawAssets/ScriptBytes/patch/UnityEngine.AnimationModule.bytes,,2770,assets_game_rawassets_scriptbytes_patch.bundle,ec57b38f548d8b2c2f6222ee738c4983.bundle,2813729,resources\assets\yoo\Default\ec57b38f548d8b2c2f6222ee738c4983.bundle,True,True,
2831,Assets/Game/RawAssets/ScriptBytes/patch/UnityEngine.CoreModule.bytes,,2770,assets_game_rawassets_scriptbytes_patch.bundle,ec57b38f548d8b2c2f6222ee738c4983.bundle,2813729,resources\assets\yoo\Default\ec57b38f548d8b2c2f6222ee738c4983.bundle,True,True,
2832,Assets/Game/RawAssets/ScriptBytes/patch/UnityEngine.DirectorModule.bytes,,2770,assets_game_rawassets_scriptbytes_patch.bundle,ec57b38f548d8b2c2f6222ee738c4983.bundle,2813729,resources\assets\yoo\Default\ec57b38f548d8b2c2f6222ee738c4983.bundle,True,True,
2833,Assets/Game/RawAssets/ScriptBytes/patch/UnityEngine.JSONSerializeModule.bytes,,2770,assets_game_rawassets_scriptbytes_patch.bundle,ec57b38f548d8b2c2f6222ee738c4983.bundle,2813729,resources\assets\yoo\Default\ec57b38f548d8b2c2f6222ee738c4983.bundle,True,True,
2834,Assets/Game/RawAssets/ScriptBytes/patch/UnityEngine.SharedInternalsModule.bytes,,2770,assets_game_rawassets_scriptbytes_patch.bundle,ec57b38f548d8b2c2f6222ee738c4983.bundle,2813729,resources\assets\yoo\Default\ec57b38f548d8b2c2f6222ee738c4983.bundle,True,True,
2835,Assets/Game/RawAssets/ScriptBytes/patch/UnityEngine.UI.bytes,,2770,assets_game_rawassets_scriptbytes_patch.bundle,ec57b38f548d8b2c2f6222ee738c4983.bundle,2813729,resources\assets\yoo\Default\ec57b38f548d8b2c2f6222ee738c4983.bundle,True,True,
2836,Assets/Game/RawAssets/ScriptBytes/patch/UniWebView-CSharp.bytes,,2770,assets_game_rawassets_scriptbytes_patch.bundle,ec57b38f548d8b2c2f6222ee738c4983.bundle,2813729,resources\assets\yoo\Default\ec57b38f548d8b2c2f6222ee738c4983.bundle,True,True,
2837,Assets/Game/RawAssets/ScriptBytes/WorldMap.bytes,,2769,assets_game_rawassets_scriptbytes.bundle,82d640fc6bf946d4bac8d265200fa793.bundle,3165150,resources\assets\yoo\Default\82d640fc6bf946d4bac8d265200fa793.bundle,True,True,
3071,Assets/Game/RawAssets/Sound/Battle/hero_021q_attack.wav,,3004,assets_game_rawassets_sound_battle_hero_021q_attack.bundle,aa2bd159cb7490e2646cd726c6f3c94a.bundle,7174,resources\assets\yoo\Default\aa2bd159cb7490e2646cd726c6f3c94a.bundle,True,True,
3072,Assets/Game/RawAssets/Sound/Battle/hero_021q_attack1.wav,,3005,assets_game_rawassets_sound_battle_hero_021q_attack1.bundle,6e20258459b16e6197453f36e53045e7.bundle,7839,resources\assets\yoo\Default\6e20258459b16e6197453f36e53045e7.bundle,True,True,
3073,Assets/Game/RawAssets/Sound/Battle/hero_021q_skill_1.wav,,3006,assets_game_rawassets_sound_battle_hero_021q_skill_1.bundle,c007354291d4fffea60ecfb19ba10a00.bundle,26852,resources\assets\yoo\Default\c007354291d4fffea60ecfb19ba10a00.bundle,True,True,
3074,Assets/Game/RawAssets/Sound/Battle/hero_021q_skill_2.wav,,3007,assets_game_rawassets_sound_battle_hero_021q_skill_2.bundle,0784ed21a39326344cb73ae0005aedb2.bundle,16220,resources\assets\yoo\Default\0784ed21a39326344cb73ae0005aedb2.bundle,True,True,
3091,Assets/Game/RawAssets/Sound/Battle/hero_026q_attack.wav,,3024,assets_game_rawassets_sound_battle_hero_026q_attack.bundle,8677d06fb1c8736bb121dde21e2caba5.bundle,7246,resources\assets\yoo\Default\8677d06fb1c8736bb121dde21e2caba5.bundle,True,True,
3092,Assets/Game/RawAssets/Sound/Battle/hero_026q_attack1.wav,,3025,assets_game_rawassets_sound_battle_hero_026q_attack1.bundle,41ede72e3300e18a1f0fcc04b78b59a3.bundle,7471,resources\assets\yoo\Default\41ede72e3300e18a1f0fcc04b78b59a3.bundle,True,True,
3093,Assets/Game/RawAssets/Sound/Battle/hero_026q_skill_1.wav,,3026,assets_game_rawassets_sound_battle_hero_026q_skill_1.bundle,6bfbe9b2cf43d422505229a5f6818097.bundle,23395,resources\assets\yoo\Default\6bfbe9b2cf43d422505229a5f6818097.bundle,True,True,
3094,Assets/Game/RawAssets/Sound/Battle/hero_026q_skill_2.wav,,3027,assets_game_rawassets_sound_battle_hero_026q_skill_2.bundle,a86bf2fd17ff3edccd91452b952f96c3.bundle,12120,resources\assets\yoo\Default\a86bf2fd17ff3edccd91452b952f96c3.bundle,True,True,
3129,Assets/Game/RawAssets/Sound/Battle/hero_037q_attack.wav,,3062,assets_game_rawassets_sound_battle_hero_037q_attack.bundle,60475b9f04cab36322036b8294e5cb3f.bundle,5564,resources\assets\yoo\Default\60475b9f04cab36322036b8294e5cb3f.bundle,True,True,
3130,Assets/Game/RawAssets/Sound/Battle/hero_037q_attack1.wav,,3063,assets_game_rawassets_sound_battle_hero_037q_attack1.bundle,dde9b2eacf79a811dbdd380f909e961b.bundle,8682,resources\assets\yoo\Default\dde9b2eacf79a811dbdd380f909e961b.bundle,True,True,
3131,Assets/Game/RawAssets/Sound/Battle/hero_037q_skill_1.wav,,3064,assets_game_rawassets_sound_battle_hero_037q_skill_1.bundle,c2303a557434ddec992c99827b138cf4.bundle,11533,resources\assets\yoo\Default\c2303a557434ddec992c99827b138cf4.bundle,True,True,
3132,Assets/Game/RawAssets/Sound/Battle/hero_037q_skill_2.wav,,3065,assets_game_rawassets_sound_battle_hero_037q_skill_2.bundle,544e7d8e2a3d15fdb4adffbd2ae625f8.bundle,9999,resources\assets\yoo\Default\544e7d8e2a3d15fdb4adffbd2ae625f8.bundle,True,True,
3297,Assets/Game/RawAssets/Sound/Battle/monster_021q_attack.wav,,3230,assets_game_rawassets_sound_battle_monster_021q_attack.bundle,01b1a4170f59c29bf30802c54df63a5a.bundle,8364,resources\assets\yoo\Default\01b1a4170f59c29bf30802c54df63a5a.bundle,True,True,
3298,Assets/Game/RawAssets/Sound/Battle/monster_021q_skill_1.wav,,3231,assets_game_rawassets_sound_battle_monster_021q_skill_1.bundle,53ffe7294b9640d4ca4ecfec9009491a.bundle,17463,resources\assets\yoo\Default\53ffe7294b9640d4ca4ecfec9009491a.bundle,True,True,
3299,Assets/Game/RawAssets/Sound/Battle/monster_021q_skill_2.wav,,3232,assets_game_rawassets_sound_battle_monster_021q_skill_2.bundle,89ddbd96f34e1dc8dfef679805354f88.bundle,21787,resources\assets\yoo\Default\89ddbd96f34e1dc8dfef679805354f88.bundle,True,True,
3319,Assets/Game/RawAssets/Sound/Battle/slug_026q_skill1.wav,,3252,assets_game_rawassets_sound_battle_slug_026q_skill1.bundle,6a016d5e45f23816e50fa9d3e211aff4.bundle,9842,resources\assets\yoo\Default\6a016d5e45f23816e50fa9d3e211aff4.bundle,True,True,
3322,Assets/Game/RawAssets/Sound/Battle/slug_037q_skill1.wav,,3255,assets_game_rawassets_sound_battle_slug_037q_skill1.bundle,6959caca3fe75c2420cd802a84f25437.bundle,8751,resources\assets\yoo\Default\6959caca3fe75c2420cd802a84f25437.bundle,True,True,
3351,Assets/Game/RawAssets/Sound/Bg/battle.wav,,3284,assets_game_rawassets_sound_bg_battle.bundle,0a3a9d75103aba8a676be7d9d9dc7b47.bundle,364912,resources\assets\yoo\Default\0a3a9d75103aba8a676be7d9d9dc7b47.bundle,True,True,
3353,Assets/Game/RawAssets/Sound/Bg/bg_1.mp3,,3286,assets_game_rawassets_sound_bg_bg_1.bundle,d2f53cff45cec91f4b2f0c3573e99d27.bundle,264169,resources\assets\yoo\Default\d2f53cff45cec91f4b2f0c3573e99d27.bundle,True,True,
3377,Assets/Game/RawAssets/Sound/Bg/gal_bg_room_3.wav,,3310,assets_game_rawassets_sound_bg_gal_bg_room_3.bundle,e3dddb0cf7fcfb92134c0e82ed17ebee.bundle,483185,resources\assets\yoo\Default\e3dddb0cf7fcfb92134c0e82ed17ebee.bundle,True,True,
3406,Assets/Game/RawAssets/Sound/Bg/login.mp3,,3339,assets_game_rawassets_sound_bg_login.bundle,5d2692588a51c9822a4abc90e2cd265d.bundle,728721,resources\assets\yoo\Default\5d2692588a51c9822a4abc90e2cd265d.bundle,True,True,
3408,Assets/Game/RawAssets/Sound/Bg/main.wav,,3341,assets_game_rawassets_sound_bg_main.bundle,2d896bd453678fe4f0f2f70cd56e2647.bundle,676008,resources\assets\yoo\Default\2d896bd453678fe4f0f2f70cd56e2647.bundle,True,True,
3419,Assets/Game/RawAssets/Sound/Bg/monopoly1.wav,,3352,assets_game_rawassets_sound_bg_monopoly1.bundle,53c68711b81020abc6db72653d5eb40f.bundle,681824,resources\assets\yoo\Default\53c68711b81020abc6db72653d5eb40f.bundle,True,True,
3429,Assets/Game/RawAssets/Sound/Effect/pop_open.wav,,3362,assets_game_rawassets_sound_effect_pop_open.bundle,00f2b1d61a6984047b435d767777d109.bundle,2581,resources\assets\yoo\Default\00f2b1d61a6984047b435d767777d109.bundle,True,True,
3794,Assets/Game/RawAssets/Sound/Hero/hero_037_skill1.wav,,3727,assets_game_rawassets_sound_hero_hero_037_skill1.bundle,c51f42174b1e29c1021a4bd59873a0e8.bundle,11570,resources\assets\yoo\Default\c51f42174b1e29c1021a4bd59873a0e8.bundle,True,True,
3799,Assets/Game/RawAssets/Sound/Hero/hero_037_victory.wav,,3732,assets_game_rawassets_sound_hero_hero_037_victory.bundle,8f1f5ac7c2f03a7421263b69653c5c9f.bundle,13852,resources\assets\yoo\Default\8f1f5ac7c2f03a7421263b69653c5c9f.bundle,True,True,
4080,Assets/Game/RawAssets/Sound/Mixer/AudioMixer.mixer,,4013,assets_game_rawassets_sound_mixer_audiomixer.bundle,af533811efde0c231481d332905c3345.bundle,2939,resources\assets\yoo\Default\af533811efde0c231481d332905c3345.bundle,True,True,
4081,Assets/Game/RawAssets/Sound/Plot/bg_1.mp3,,4014,assets_game_rawassets_sound_plot_bg_1.bundle,0e8d092b78d7a6bd7a140e77a29db41e.bundle,264174,resources\assets\yoo\Default\0e8d092b78d7a6bd7a140e77a29db41e.bundle,True,True,
4082,Assets/Game/RawAssets/Sound/Plot/Bgm01.wav,,4015,assets_game_rawassets_sound_plot_bgm01.bundle,8ab6b02b182e5e079bd9c18c1f9dfb06.bundle,126031,resources\assets\yoo\Default\8ab6b02b182e5e079bd9c18c1f9dfb06.bundle,True,True,
4149,Assets/Game/RawAssets/Sound/UI/ui_battle_victory.wav,,4082,assets_game_rawassets_sound_ui_ui_battle_victory.bundle,25fccadd6bce750cab2781916ab2c03e.bundle,9378,resources\assets\yoo\Default\25fccadd6bce750cab2781916ab2c03e.bundle,True,True,
4152,Assets/Game/RawAssets/Sound/UI/ui_confirm.wav,,4085,assets_game_rawassets_sound_ui_ui_confirm.bundle,d25606f024274e4d870bd8744645c6a7.bundle,2580,resources\assets\yoo\Default\d25606f024274e4d870bd8744645c6a7.bundle,True,True,
4154,Assets/Game/RawAssets/Sound/UI/ui_expedition.wav,,4087,assets_game_rawassets_sound_ui_ui_expedition.bundle,f0775f2f8585c8051e587a32ab9af30f.bundle,17876,resources\assets\yoo\Default\f0775f2f8585c8051e587a32ab9af30f.bundle,True,True,
4167,Assets/Game/RawAssets/Spine/Hero/hero_000/hero_000.atlas.txt,,4100,assets_game_rawassets_spine_hero_hero_000.bundle,c7fdce8dd8e9e2f53dcaaa210954d4cd.bundle,238663,resources\assets\yoo\Default\c7fdce8dd8e9e2f53dcaaa210954d4cd.bundle,True,True,
4168,Assets/Game/RawAssets/Spine/Hero/hero_000/hero_000.png,,4100,assets_game_rawassets_spine_hero_hero_000.bundle,c7fdce8dd8e9e2f53dcaaa210954d4cd.bundle,238663,resources\assets\yoo\Default\c7fdce8dd8e9e2f53dcaaa210954d4cd.bundle,True,True,
4169,Assets/Game/RawAssets/Spine/Hero/hero_000/hero_000.skel.bytes,,4100,assets_game_rawassets_spine_hero_hero_000.bundle,c7fdce8dd8e9e2f53dcaaa210954d4cd.bundle,238663,resources\assets\yoo\Default\c7fdce8dd8e9e2f53dcaaa210954d4cd.bundle,True,True,
4170,Assets/Game/RawAssets/Spine/Hero/hero_000/hero_000_Atlas.asset,,4100,assets_game_rawassets_spine_hero_hero_000.bundle,c7fdce8dd8e9e2f53dcaaa210954d4cd.bundle,238663,resources\assets\yoo\Default\c7fdce8dd8e9e2f53dcaaa210954d4cd.bundle,True,True,
4171,Assets/Game/RawAssets/Spine/Hero/hero_000/hero_000_Material.mat,,4100,assets_game_rawassets_spine_hero_hero_000.bundle,c7fdce8dd8e9e2f53dcaaa210954d4cd.bundle,238663,resources\assets\yoo\Default\c7fdce8dd8e9e2f53dcaaa210954d4cd.bundle,True,True,
4172,Assets/Game/RawAssets/Spine/Hero/hero_000/hero_000_SkeletonData.asset,,4100,assets_game_rawassets_spine_hero_hero_000.bundle,c7fdce8dd8e9e2f53dcaaa210954d4cd.bundle,238663,resources\assets\yoo\Default\c7fdce8dd8e9e2f53dcaaa210954d4cd.bundle,True,True,
4285,Assets/Game/RawAssets/Spine/Hero/hero_003Dh/hero_003Dh.atlas.txt,,4109,assets_game_rawassets_spine_hero_hero_003dh.bundle,b61d633c6f7beec5301d9f48ffb87909.bundle,827386,resources\assets\yoo\Default\b61d633c6f7beec5301d9f48ffb87909.bundle,True,True,
4286,Assets/Game/RawAssets/Spine/Hero/hero_003Dh/hero_003Dh.png,,4109,assets_game_rawassets_spine_hero_hero_003dh.bundle,b61d633c6f7beec5301d9f48ffb87909.bundle,827386,resources\assets\yoo\Default\b61d633c6f7beec5301d9f48ffb87909.bundle,True,True,
4287,Assets/Game/RawAssets/Spine/Hero/hero_003Dh/hero_003Dh.skel.bytes,,4109,assets_game_rawassets_spine_hero_hero_003dh.bundle,b61d633c6f7beec5301d9f48ffb87909.bundle,827386,resources\assets\yoo\Default\b61d633c6f7beec5301d9f48ffb87909.bundle,True,True,
4288,Assets/Game/RawAssets/Spine/Hero/hero_003Dh/hero_003Dh_Atlas.asset,,4109,assets_game_rawassets_spine_hero_hero_003dh.bundle,b61d633c6f7beec5301d9f48ffb87909.bundle,827386,resources\assets\yoo\Default\b61d633c6f7beec5301d9f48ffb87909.bundle,True,True,
4289,Assets/Game/RawAssets/Spine/Hero/hero_003Dh/hero_003Dh_Material.mat,,4109,assets_game_rawassets_spine_hero_hero_003dh.bundle,b61d633c6f7beec5301d9f48ffb87909.bundle,827386,resources\assets\yoo\Default\b61d633c6f7beec5301d9f48ffb87909.bundle,True,True,
4290,Assets/Game/RawAssets/Spine/Hero/hero_003Dh/hero_003Dh_Material-Additive.mat,,4109,assets_game_rawassets_spine_hero_hero_003dh.bundle,b61d633c6f7beec5301d9f48ffb87909.bundle,827386,resources\assets\yoo\Default\b61d633c6f7beec5301d9f48ffb87909.bundle,True,True,
4291,Assets/Game/RawAssets/Spine/Hero/hero_003Dh/hero_003Dh_SkeletonData.asset,,4109,assets_game_rawassets_spine_hero_hero_003dh.bundle,b61d633c6f7beec5301d9f48ffb87909.bundle,827386,resources\assets\yoo\Default\b61d633c6f7beec5301d9f48ffb87909.bundle,True,True,
5160,Assets/Game/RawAssets/Spine/Hero/hero_021h/hero_021h.atlas.txt,,4170,assets_game_rawassets_spine_hero_hero_021h.bundle,d2a9c11bccdc82a28d04a0a9e0f9bfbb.bundle,392133,resources\assets\yoo\Default\d2a9c11bccdc82a28d04a0a9e0f9bfbb.bundle,True,True,
5161,Assets/Game/RawAssets/Spine/Hero/hero_021h/hero_021h.png,,4170,assets_game_rawassets_spine_hero_hero_021h.bundle,d2a9c11bccdc82a28d04a0a9e0f9bfbb.bundle,392133,resources\assets\yoo\Default\d2a9c11bccdc82a28d04a0a9e0f9bfbb.bundle,True,True,
5162,Assets/Game/RawAssets/Spine/Hero/hero_021h/hero_021h.skel.bytes,,4170,assets_game_rawassets_spine_hero_hero_021h.bundle,d2a9c11bccdc82a28d04a0a9e0f9bfbb.bundle,392133,resources\assets\yoo\Default\d2a9c11bccdc82a28d04a0a9e0f9bfbb.bundle,True,True,
5163,Assets/Game/RawAssets/Spine/Hero/hero_021h/hero_021h_Atlas.asset,,4170,assets_game_rawassets_spine_hero_hero_021h.bundle,d2a9c11bccdc82a28d04a0a9e0f9bfbb.bundle,392133,resources\assets\yoo\Default\d2a9c11bccdc82a28d04a0a9e0f9bfbb.bundle,True,True,
5164,Assets/Game/RawAssets/Spine/Hero/hero_021h/hero_021h_Material.mat,,4170,assets_game_rawassets_spine_hero_hero_021h.bundle,d2a9c11bccdc82a28d04a0a9e0f9bfbb.bundle,392133,resources\assets\yoo\Default\d2a9c11bccdc82a28d04a0a9e0f9bfbb.bundle,True,True,
5165,Assets/Game/RawAssets/Spine/Hero/hero_021h/hero_021h_SkeletonData.asset,,4170,assets_game_rawassets_spine_hero_hero_021h.bundle,d2a9c11bccdc82a28d04a0a9e0f9bfbb.bundle,392133,resources\assets\yoo\Default\d2a9c11bccdc82a28d04a0a9e0f9bfbb.bundle,True,True,
5614,Assets/Game/RawAssets/Spine/Hero/hero_037/hero_037.atlas.txt,,4205,assets_game_rawassets_spine_hero_hero_037.bundle,ed9ef197112360ff1817ab167293357b.bundle,467354,resources\assets\yoo\Default\ed9ef197112360ff1817ab167293357b.bundle,True,True,
5615,Assets/Game/RawAssets/Spine/Hero/hero_037/hero_037.png,,4205,assets_game_rawassets_spine_hero_hero_037.bundle,ed9ef197112360ff1817ab167293357b.bundle,467354,resources\assets\yoo\Default\ed9ef197112360ff1817ab167293357b.bundle,True,True,
5616,Assets/Game/RawAssets/Spine/Hero/hero_037/hero_037.skel.bytes,,4205,assets_game_rawassets_spine_hero_hero_037.bundle,ed9ef197112360ff1817ab167293357b.bundle,467354,resources\assets\yoo\Default\ed9ef197112360ff1817ab167293357b.bundle,True,True,
5617,Assets/Game/RawAssets/Spine/Hero/hero_037/hero_037_Atlas.asset,,4205,assets_game_rawassets_spine_hero_hero_037.bundle,ed9ef197112360ff1817ab167293357b.bundle,467354,resources\assets\yoo\Default\ed9ef197112360ff1817ab167293357b.bundle,True,True,
5618,Assets/Game/RawAssets/Spine/Hero/hero_037/hero_037_Material.mat,,4205,assets_game_rawassets_spine_hero_hero_037.bundle,ed9ef197112360ff1817ab167293357b.bundle,467354,resources\assets\yoo\Default\ed9ef197112360ff1817ab167293357b.bundle,True,True,
5619,Assets/Game/RawAssets/Spine/Hero/hero_037/hero_037_silhouette.atlas.txt,,4205,assets_game_rawassets_spine_hero_hero_037.bundle,ed9ef197112360ff1817ab167293357b.bundle,467354,resources\assets\yoo\Default\ed9ef197112360ff1817ab167293357b.bundle,True,True,
5620,Assets/Game/RawAssets/Spine/Hero/hero_037/hero_037_silhouette.png,,4205,assets_game_rawassets_spine_hero_hero_037.bundle,ed9ef197112360ff1817ab167293357b.bundle,467354,resources\assets\yoo\Default\ed9ef197112360ff1817ab167293357b.bundle,True,True,
5621,Assets/Game/RawAssets/Spine/Hero/hero_037/hero_037_silhouette.skel.bytes,,4205,assets_game_rawassets_spine_hero_hero_037.bundle,ed9ef197112360ff1817ab167293357b.bundle,467354,resources\assets\yoo\Default\ed9ef197112360ff1817ab167293357b.bundle,True,True,
5622,Assets/Game/RawAssets/Spine/Hero/hero_037/hero_037_silhouette_Atlas.asset,,4205,assets_game_rawassets_spine_hero_hero_037.bundle,ed9ef197112360ff1817ab167293357b.bundle,467354,resources\assets\yoo\Default\ed9ef197112360ff1817ab167293357b.bundle,True,True,
5623,Assets/Game/RawAssets/Spine/Hero/hero_037/hero_037_silhouette_Material.mat,,4205,assets_game_rawassets_spine_hero_hero_037.bundle,ed9ef197112360ff1817ab167293357b.bundle,467354,resources\assets\yoo\Default\ed9ef197112360ff1817ab167293357b.bundle,True,True,
5624,Assets/Game/RawAssets/Spine/Hero/hero_037/hero_037_silhouette_SkeletonData.asset,,4205,assets_game_rawassets_spine_hero_hero_037.bundle,ed9ef197112360ff1817ab167293357b.bundle,467354,resources\assets\yoo\Default\ed9ef197112360ff1817ab167293357b.bundle,True,True,
5625,Assets/Game/RawAssets/Spine/Hero/hero_037/hero_037_SkeletonData.asset,,4205,assets_game_rawassets_spine_hero_hero_037.bundle,ed9ef197112360ff1817ab167293357b.bundle,467354,resources\assets\yoo\Default\ed9ef197112360ff1817ab167293357b.bundle,True,True,
5638,Assets/Game/RawAssets/Spine/Hero/hero_037_t01/hero_037_t01.atlas.txt,,4208,assets_game_rawassets_spine_hero_hero_037_t01.bundle,3acf176471f9458049d0fc1cfc92de50.bundle,6801766,resources\assets\yoo\Default\3acf176471f9458049d0fc1cfc92de50.bundle,True,True,
5639,Assets/Game/RawAssets/Spine/Hero/hero_037_t01/hero_037_t01.png,,4208,assets_game_rawassets_spine_hero_hero_037_t01.bundle,3acf176471f9458049d0fc1cfc92de50.bundle,6801766,resources\assets\yoo\Default\3acf176471f9458049d0fc1cfc92de50.bundle,True,True,
5640,Assets/Game/RawAssets/Spine/Hero/hero_037_t01/hero_037_t01.skel.bytes,,4208,assets_game_rawassets_spine_hero_hero_037_t01.bundle,3acf176471f9458049d0fc1cfc92de50.bundle,6801766,resources\assets\yoo\Default\3acf176471f9458049d0fc1cfc92de50.bundle,True,True,
5641,Assets/Game/RawAssets/Spine/Hero/hero_037_t01/hero_037_t01_Atlas.asset,,4208,assets_game_rawassets_spine_hero_hero_037_t01.bundle,3acf176471f9458049d0fc1cfc92de50.bundle,6801766,resources\assets\yoo\Default\3acf176471f9458049d0fc1cfc92de50.bundle,True,True,
5642,Assets/Game/RawAssets/Spine/Hero/hero_037_t01/hero_037_t01_bg.atlas.txt,,4208,assets_game_rawassets_spine_hero_hero_037_t01.bundle,3acf176471f9458049d0fc1cfc92de50.bundle,6801766,resources\assets\yoo\Default\3acf176471f9458049d0fc1cfc92de50.bundle,True,True,
5643,Assets/Game/RawAssets/Spine/Hero/hero_037_t01/hero_037_t01_bg.png,,4208,assets_game_rawassets_spine_hero_hero_037_t01.bundle,3acf176471f9458049d0fc1cfc92de50.bundle,6801766,resources\assets\yoo\Default\3acf176471f9458049d0fc1cfc92de50.bundle,True,True,
5644,Assets/Game/RawAssets/Spine/Hero/hero_037_t01/hero_037_t01_bg.skel.bytes,,4208,assets_game_rawassets_spine_hero_hero_037_t01.bundle,3acf176471f9458049d0fc1cfc92de50.bundle,6801766,resources\assets\yoo\Default\3acf176471f9458049d0fc1cfc92de50.bundle,True,True,
5645,Assets/Game/RawAssets/Spine/Hero/hero_037_t01/hero_037_t01_bg_Atlas.asset,,4208,assets_game_rawassets_spine_hero_hero_037_t01.bundle,3acf176471f9458049d0fc1cfc92de50.bundle,6801766,resources\assets\yoo\Default\3acf176471f9458049d0fc1cfc92de50.bundle,True,True,
5646,Assets/Game/RawAssets/Spine/Hero/hero_037_t01/hero_037_t01_bg_Material.mat,,4208,assets_game_rawassets_spine_hero_hero_037_t01.bundle,3acf176471f9458049d0fc1cfc92de50.bundle,6801766,resources\assets\yoo\Default\3acf176471f9458049d0fc1cfc92de50.bundle,True,True,
5647,Assets/Game/RawAssets/Spine/Hero/hero_037_t01/hero_037_t01_bg_SkeletonData.asset,,4208,assets_game_rawassets_spine_hero_hero_037_t01.bundle,3acf176471f9458049d0fc1cfc92de50.bundle,6801766,resources\assets\yoo\Default\3acf176471f9458049d0fc1cfc92de50.bundle,True,True,
5648,Assets/Game/RawAssets/Spine/Hero/hero_037_t01/hero_037_t01_fg.atlas.txt,,4208,assets_game_rawassets_spine_hero_hero_037_t01.bundle,3acf176471f9458049d0fc1cfc92de50.bundle,6801766,resources\assets\yoo\Default\3acf176471f9458049d0fc1cfc92de50.bundle,True,True,
5649,Assets/Game/RawAssets/Spine/Hero/hero_037_t01/hero_037_t01_fg.png,,4208,assets_game_rawassets_spine_hero_hero_037_t01.bundle,3acf176471f9458049d0fc1cfc92de50.bundle,6801766,resources\assets\yoo\Default\3acf176471f9458049d0fc1cfc92de50.bundle,True,True,
5650,Assets/Game/RawAssets/Spine/Hero/hero_037_t01/hero_037_t01_fg.skel.bytes,,4208,assets_game_rawassets_spine_hero_hero_037_t01.bundle,3acf176471f9458049d0fc1cfc92de50.bundle,6801766,resources\assets\yoo\Default\3acf176471f9458049d0fc1cfc92de50.bundle,True,True,
5651,Assets/Game/RawAssets/Spine/Hero/hero_037_t01/hero_037_t01_fg_Atlas.asset,,4208,assets_game_rawassets_spine_hero_hero_037_t01.bundle,3acf176471f9458049d0fc1cfc92de50.bundle,6801766,resources\assets\yoo\Default\3acf176471f9458049d0fc1cfc92de50.bundle,True,True,
5652,Assets/Game/RawAssets/Spine/Hero/hero_037_t01/hero_037_t01_fg_Material.mat,,4208,assets_game_rawassets_spine_hero_hero_037_t01.bundle,3acf176471f9458049d0fc1cfc92de50.bundle,6801766,resources\assets\yoo\Default\3acf176471f9458049d0fc1cfc92de50.bundle,True,True,
5653,Assets/Game/RawAssets/Spine/Hero/hero_037_t01/hero_037_t01_fg_SkeletonData.asset,,4208,assets_game_rawassets_spine_hero_hero_037_t01.bundle,3acf176471f9458049d0fc1cfc92de50.bundle,6801766,resources\assets\yoo\Default\3acf176471f9458049d0fc1cfc92de50.bundle,True,True,
5654,Assets/Game/RawAssets/Spine/Hero/hero_037_t01/hero_037_t01_Material.mat,,4208,assets_game_rawassets_spine_hero_hero_037_t01.bundle,3acf176471f9458049d0fc1cfc92de50.bundle,6801766,resources\assets\yoo\Default\3acf176471f9458049d0fc1cfc92de50.bundle,True,True,
5655,Assets/Game/RawAssets/Spine/Hero/hero_037_t01/hero_037_t01_SkeletonData.asset,,4208,assets_game_rawassets_spine_hero_hero_037_t01.bundle,3acf176471f9458049d0fc1cfc92de50.bundle,6801766,resources\assets\yoo\Default\3acf176471f9458049d0fc1cfc92de50.bundle,True,True,
7363,Assets/Game/RawAssets/Spine/HeroQ/hero_012q/hero_012q.atlas.txt,,4334,assets_game_rawassets_spine_heroq_hero_012q.bundle,e6c5ac53ce4514c81bddb0d9e2a0edd4.bundle,391413,resources\assets\yoo\Default\e6c5ac53ce4514c81bddb0d9e2a0edd4.bundle,True,True,
7364,Assets/Game/RawAssets/Spine/HeroQ/hero_012q/hero_012q.png,,4334,assets_game_rawassets_spine_heroq_hero_012q.bundle,e6c5ac53ce4514c81bddb0d9e2a0edd4.bundle,391413,resources\assets\yoo\Default\e6c5ac53ce4514c81bddb0d9e2a0edd4.bundle,True,True,
7365,Assets/Game/RawAssets/Spine/HeroQ/hero_012q/hero_012q.skel.bytes,,4334,assets_game_rawassets_spine_heroq_hero_012q.bundle,e6c5ac53ce4514c81bddb0d9e2a0edd4.bundle,391413,resources\assets\yoo\Default\e6c5ac53ce4514c81bddb0d9e2a0edd4.bundle,True,True,
7366,Assets/Game/RawAssets/Spine/HeroQ/hero_012q/hero_012q_Atlas.asset,,4334,assets_game_rawassets_spine_heroq_hero_012q.bundle,e6c5ac53ce4514c81bddb0d9e2a0edd4.bundle,391413,resources\assets\yoo\Default\e6c5ac53ce4514c81bddb0d9e2a0edd4.bundle,True,True,
7367,Assets/Game/RawAssets/Spine/HeroQ/hero_012q/hero_012q_Material.mat,,4334,assets_game_rawassets_spine_heroq_hero_012q.bundle,e6c5ac53ce4514c81bddb0d9e2a0edd4.bundle,391413,resources\assets\yoo\Default\e6c5ac53ce4514c81bddb0d9e2a0edd4.bundle,True,True,
7374,Assets/Game/RawAssets/Spine/HeroQ/hero_012q/hero_012q_SkeletonData.asset,,4334,assets_game_rawassets_spine_heroq_hero_012q.bundle,e6c5ac53ce4514c81bddb0d9e2a0edd4.bundle,391413,resources\assets\yoo\Default\e6c5ac53ce4514c81bddb0d9e2a0edd4.bundle,True,True,
7519,Assets/Game/RawAssets/Spine/HeroQ/hero_021q/hero_021q.atlas.txt,,4357,assets_game_rawassets_spine_heroq_hero_021q.bundle,21e53c68ff1e1abc02e95ccb18bc09fe.bundle,219344,resources\assets\yoo\Default\21e53c68ff1e1abc02e95ccb18bc09fe.bundle,True,True,
7520,Assets/Game/RawAssets/Spine/HeroQ/hero_021q/hero_021q.png,,4357,assets_game_rawassets_spine_heroq_hero_021q.bundle,21e53c68ff1e1abc02e95ccb18bc09fe.bundle,219344,resources\assets\yoo\Default\21e53c68ff1e1abc02e95ccb18bc09fe.bundle,True,True,
7521,Assets/Game/RawAssets/Spine/HeroQ/hero_021q/hero_021q.skel.bytes,,4357,assets_game_rawassets_spine_heroq_hero_021q.bundle,21e53c68ff1e1abc02e95ccb18bc09fe.bundle,219344,resources\assets\yoo\Default\21e53c68ff1e1abc02e95ccb18bc09fe.bundle,True,True,
7522,Assets/Game/RawAssets/Spine/HeroQ/hero_021q/hero_021q_Atlas.asset,,4357,assets_game_rawassets_spine_heroq_hero_021q.bundle,21e53c68ff1e1abc02e95ccb18bc09fe.bundle,219344,resources\assets\yoo\Default\21e53c68ff1e1abc02e95ccb18bc09fe.bundle,True,True,
7523,Assets/Game/RawAssets/Spine/HeroQ/hero_021q/hero_021q_Material.mat,,4357,assets_game_rawassets_spine_heroq_hero_021q.bundle,21e53c68ff1e1abc02e95ccb18bc09fe.bundle,219344,resources\assets\yoo\Default\21e53c68ff1e1abc02e95ccb18bc09fe.bundle,True,True,
7524,Assets/Game/RawAssets/Spine/HeroQ/hero_021q/hero_021q_shadow/hero_021q_shadow.atlas.txt,,4358,assets_game_rawassets_spine_heroq_hero_021q_hero_021q_shadow.bundle,ba1281e0d50b660c5908eccf1fceb21b.bundle,152468,resources\assets\yoo\Default\ba1281e0d50b660c5908eccf1fceb21b.bundle,True,True,
7525,Assets/Game/RawAssets/Spine/HeroQ/hero_021q/hero_021q_shadow/hero_021q_shadow.png,,4358,assets_game_rawassets_spine_heroq_hero_021q_hero_021q_shadow.bundle,ba1281e0d50b660c5908eccf1fceb21b.bundle,152468,resources\assets\yoo\Default\ba1281e0d50b660c5908eccf1fceb21b.bundle,True,True,
7526,Assets/Game/RawAssets/Spine/HeroQ/hero_021q/hero_021q_shadow/hero_021q_shadow.skel.bytes,,4358,assets_game_rawassets_spine_heroq_hero_021q_hero_021q_shadow.bundle,ba1281e0d50b660c5908eccf1fceb21b.bundle,152468,resources\assets\yoo\Default\ba1281e0d50b660c5908eccf1fceb21b.bundle,True,True,
7527,Assets/Game/RawAssets/Spine/HeroQ/hero_021q/hero_021q_shadow/hero_021q_shadow_Atlas.asset,,4358,assets_game_rawassets_spine_heroq_hero_021q_hero_021q_shadow.bundle,ba1281e0d50b660c5908eccf1fceb21b.bundle,152468,resources\assets\yoo\Default\ba1281e0d50b660c5908eccf1fceb21b.bundle,True,True,
7528,Assets/Game/RawAssets/Spine/HeroQ/hero_021q/hero_021q_shadow/hero_021q_shadow_Material.mat,,4358,assets_game_rawassets_spine_heroq_hero_021q_hero_021q_shadow.bundle,ba1281e0d50b660c5908eccf1fceb21b.bundle,152468,resources\assets\yoo\Default\ba1281e0d50b660c5908eccf1fceb21b.bundle,True,True,
7529,Assets/Game/RawAssets/Spine/HeroQ/hero_021q/hero_021q_shadow/hero_021q_shadow_SkeletonData.asset,,4358,assets_game_rawassets_spine_heroq_hero_021q_hero_021q_shadow.bundle,ba1281e0d50b660c5908eccf1fceb21b.bundle,152468,resources\assets\yoo\Default\ba1281e0d50b660c5908eccf1fceb21b.bundle,True,True,
7530,Assets/Game/RawAssets/Spine/HeroQ/hero_021q/hero_021q_SkeletonData.asset,,4357,assets_game_rawassets_spine_heroq_hero_021q.bundle,21e53c68ff1e1abc02e95ccb18bc09fe.bundle,219344,resources\assets\yoo\Default\21e53c68ff1e1abc02e95ccb18bc09fe.bundle,True,True,
7581,Assets/Game/RawAssets/Spine/HeroQ/hero_026q/hero_026q.atlas.txt,,4367,assets_game_rawassets_spine_heroq_hero_026q.bundle,10820497425fdd49aeecc19c67541eb8.bundle,201537,resources\assets\yoo\Default\10820497425fdd49aeecc19c67541eb8.bundle,True,True,
7582,Assets/Game/RawAssets/Spine/HeroQ/hero_026q/hero_026q.png,,4367,assets_game_rawassets_spine_heroq_hero_026q.bundle,10820497425fdd49aeecc19c67541eb8.bundle,201537,resources\assets\yoo\Default\10820497425fdd49aeecc19c67541eb8.bundle,True,True,
7583,Assets/Game/RawAssets/Spine/HeroQ/hero_026q/hero_026q.skel.bytes,,4367,assets_game_rawassets_spine_heroq_hero_026q.bundle,10820497425fdd49aeecc19c67541eb8.bundle,201537,resources\assets\yoo\Default\10820497425fdd49aeecc19c67541eb8.bundle,True,True,
7584,Assets/Game/RawAssets/Spine/HeroQ/hero_026q/hero_026q_Atlas.asset,,4367,assets_game_rawassets_spine_heroq_hero_026q.bundle,10820497425fdd49aeecc19c67541eb8.bundle,201537,resources\assets\yoo\Default\10820497425fdd49aeecc19c67541eb8.bundle,True,True,
7585,Assets/Game/RawAssets/Spine/HeroQ/hero_026q/hero_026q_Material.mat,,4367,assets_game_rawassets_spine_heroq_hero_026q.bundle,10820497425fdd49aeecc19c67541eb8.bundle,201537,resources\assets\yoo\Default\10820497425fdd49aeecc19c67541eb8.bundle,True,True,
7586,Assets/Game/RawAssets/Spine/HeroQ/hero_026q/hero_026q_Material-Additive.mat,,4367,assets_game_rawassets_spine_heroq_hero_026q.bundle,10820497425fdd49aeecc19c67541eb8.bundle,201537,resources\assets\yoo\Default\10820497425fdd49aeecc19c67541eb8.bundle,True,True,
7587,Assets/Game/RawAssets/Spine/HeroQ/hero_026q/hero_026q_shadow/hero_026q_shadow.atlas.txt,,4368,assets_game_rawassets_spine_heroq_hero_026q_hero_026q_shadow.bundle,a36f8cac39d96661c2638bb2746ec970.bundle,161701,resources\assets\yoo\Default\a36f8cac39d96661c2638bb2746ec970.bundle,True,True,
7588,Assets/Game/RawAssets/Spine/HeroQ/hero_026q/hero_026q_shadow/hero_026q_shadow.png,,4368,assets_game_rawassets_spine_heroq_hero_026q_hero_026q_shadow.bundle,a36f8cac39d96661c2638bb2746ec970.bundle,161701,resources\assets\yoo\Default\a36f8cac39d96661c2638bb2746ec970.bundle,True,True,
7589,Assets/Game/RawAssets/Spine/HeroQ/hero_026q/hero_026q_shadow/hero_026q_shadow.skel.bytes,,4368,assets_game_rawassets_spine_heroq_hero_026q_hero_026q_shadow.bundle,a36f8cac39d96661c2638bb2746ec970.bundle,161701,resources\assets\yoo\Default\a36f8cac39d96661c2638bb2746ec970.bundle,True,True,
7590,Assets/Game/RawAssets/Spine/HeroQ/hero_026q/hero_026q_shadow/hero_026q_shadow_Atlas.asset,,4368,assets_game_rawassets_spine_heroq_hero_026q_hero_026q_shadow.bundle,a36f8cac39d96661c2638bb2746ec970.bundle,161701,resources\assets\yoo\Default\a36f8cac39d96661c2638bb2746ec970.bundle,True,True,
7591,Assets/Game/RawAssets/Spine/HeroQ/hero_026q/hero_026q_shadow/hero_026q_shadow_Material.mat,,4368,assets_game_rawassets_spine_heroq_hero_026q_hero_026q_shadow.bundle,a36f8cac39d96661c2638bb2746ec970.bundle,161701,resources\assets\yoo\Default\a36f8cac39d96661c2638bb2746ec970.bundle,True,True,
7592,Assets/Game/RawAssets/Spine/HeroQ/hero_026q/hero_026q_shadow/hero_026q_shadow_SkeletonData.asset,,4368,assets_game_rawassets_spine_heroq_hero_026q_hero_026q_shadow.bundle,a36f8cac39d96661c2638bb2746ec970.bundle,161701,resources\assets\yoo\Default\a36f8cac39d96661c2638bb2746ec970.bundle,True,True,
7593,Assets/Game/RawAssets/Spine/HeroQ/hero_026q/hero_026q_SkeletonData.asset,,4367,assets_game_rawassets_spine_heroq_hero_026q.bundle,10820497425fdd49aeecc19c67541eb8.bundle,201537,resources\assets\yoo\Default\10820497425fdd49aeecc19c67541eb8.bundle,True,True,
7712,Assets/Game/RawAssets/Spine/HeroQ/hero_037q/hero_037q.atlas.txt,,4388,assets_game_rawassets_spine_heroq_hero_037q.bundle,fd30bae6aca1a49b90ddb78af8e840d6.bundle,203492,resources\assets\yoo\Default\fd30bae6aca1a49b90ddb78af8e840d6.bundle,True,True,
7713,Assets/Game/RawAssets/Spine/HeroQ/hero_037q/hero_037q.png,,4388,assets_game_rawassets_spine_heroq_hero_037q.bundle,fd30bae6aca1a49b90ddb78af8e840d6.bundle,203492,resources\assets\yoo\Default\fd30bae6aca1a49b90ddb78af8e840d6.bundle,True,True,
7714,Assets/Game/RawAssets/Spine/HeroQ/hero_037q/hero_037q.skel.bytes,,4388,assets_game_rawassets_spine_heroq_hero_037q.bundle,fd30bae6aca1a49b90ddb78af8e840d6.bundle,203492,resources\assets\yoo\Default\fd30bae6aca1a49b90ddb78af8e840d6.bundle,True,True,
7715,Assets/Game/RawAssets/Spine/HeroQ/hero_037q/hero_037q_Atlas.asset,,4388,assets_game_rawassets_spine_heroq_hero_037q.bundle,fd30bae6aca1a49b90ddb78af8e840d6.bundle,203492,resources\assets\yoo\Default\fd30bae6aca1a49b90ddb78af8e840d6.bundle,True,True,
7716,Assets/Game/RawAssets/Spine/HeroQ/hero_037q/hero_037q_Material.mat,,4388,assets_game_rawassets_spine_heroq_hero_037q.bundle,fd30bae6aca1a49b90ddb78af8e840d6.bundle,203492,resources\assets\yoo\Default\fd30bae6aca1a49b90ddb78af8e840d6.bundle,True,True,
7717,Assets/Game/RawAssets/Spine/HeroQ/hero_037q/hero_037q_shadow/hero_037q_shadow.atlas.txt,,4389,assets_game_rawassets_spine_heroq_hero_037q_hero_037q_shadow.bundle,e02cbf5cb7d4c2a86236e30a00a9f292.bundle,195842,resources\assets\yoo\Default\e02cbf5cb7d4c2a86236e30a00a9f292.bundle,True,True,
7718,Assets/Game/RawAssets/Spine/HeroQ/hero_037q/hero_037q_shadow/hero_037q_shadow.png,,4389,assets_game_rawassets_spine_heroq_hero_037q_hero_037q_shadow.bundle,e02cbf5cb7d4c2a86236e30a00a9f292.bundle,195842,resources\assets\yoo\Default\e02cbf5cb7d4c2a86236e30a00a9f292.bundle,True,True,
7719,Assets/Game/RawAssets/Spine/HeroQ/hero_037q/hero_037q_shadow/hero_037q_shadow.skel.bytes,,4389,assets_game_rawassets_spine_heroq_hero_037q_hero_037q_shadow.bundle,e02cbf5cb7d4c2a86236e30a00a9f292.bundle,195842,resources\assets\yoo\Default\e02cbf5cb7d4c2a86236e30a00a9f292.bundle,True,True,
7720,Assets/Game/RawAssets/Spine/HeroQ/hero_037q/hero_037q_shadow/hero_037q_shadow_Atlas.asset,,4389,assets_game_rawassets_spine_heroq_hero_037q_hero_037q_shadow.bundle,e02cbf5cb7d4c2a86236e30a00a9f292.bundle,195842,resources\assets\yoo\Default\e02cbf5cb7d4c2a86236e30a00a9f292.bundle,True,True,
7721,Assets/Game/RawAssets/Spine/HeroQ/hero_037q/hero_037q_shadow/hero_037q_shadow_Material.mat,,4389,assets_game_rawassets_spine_heroq_hero_037q_hero_037q_shadow.bundle,e02cbf5cb7d4c2a86236e30a00a9f292.bundle,195842,resources\assets\yoo\Default\e02cbf5cb7d4c2a86236e30a00a9f292.bundle,True,True,
7722,Assets/Game/RawAssets/Spine/HeroQ/hero_037q/hero_037q_shadow/hero_037q_shadow_SkeletonData.asset,,4389,assets_game_rawassets_spine_heroq_hero_037q_hero_037q_shadow.bundle,e02cbf5cb7d4c2a86236e30a00a9f292.bundle,195842,resources\assets\yoo\Default\e02cbf5cb7d4c2a86236e30a00a9f292.bundle,True,True,
7723,Assets/Game/RawAssets/Spine/HeroQ/hero_037q/hero_037q_SkeletonData.asset,,4388,assets_game_rawassets_spine_heroq_hero_037q.bundle,fd30bae6aca1a49b90ddb78af8e840d6.bundle,203492,resources\assets\yoo\Default\fd30bae6aca1a49b90ddb78af8e840d6.bundle,True,True,
8161,Assets/Game/RawAssets/Spine/MonsterQ/monster_001q/monster_001q.atlas.txt,,4457,assets_game_rawassets_spine_monsterq_monster_001q.bundle,0c552c7c0c1eb480149466e789630acb.bundle,58691,resources\assets\yoo\Default\0c552c7c0c1eb480149466e789630acb.bundle,True,True,
8162,Assets/Game/RawAssets/Spine/MonsterQ/monster_001q/monster_001q.png,,4457,assets_game_rawassets_spine_monsterq_monster_001q.bundle,0c552c7c0c1eb480149466e789630acb.bundle,58691,resources\assets\yoo\Default\0c552c7c0c1eb480149466e789630acb.bundle,True,True,
8163,Assets/Game/RawAssets/Spine/MonsterQ/monster_001q/monster_001q.skel.bytes,,4457,assets_game_rawassets_spine_monsterq_monster_001q.bundle,0c552c7c0c1eb480149466e789630acb.bundle,58691,resources\assets\yoo\Default\0c552c7c0c1eb480149466e789630acb.bundle,True,True,
8164,Assets/Game/RawAssets/Spine/MonsterQ/monster_001q/monster_001q_Atlas.asset,,4457,assets_game_rawassets_spine_monsterq_monster_001q.bundle,0c552c7c0c1eb480149466e789630acb.bundle,58691,resources\assets\yoo\Default\0c552c7c0c1eb480149466e789630acb.bundle,True,True,
8165,Assets/Game/RawAssets/Spine/MonsterQ/monster_001q/monster_001q_Material.mat,,4457,assets_game_rawassets_spine_monsterq_monster_001q.bundle,0c552c7c0c1eb480149466e789630acb.bundle,58691,resources\assets\yoo\Default\0c552c7c0c1eb480149466e789630acb.bundle,True,True,
8166,Assets/Game/RawAssets/Spine/MonsterQ/monster_001q/monster_001q_Material-Additive.mat,,4457,assets_game_rawassets_spine_monsterq_monster_001q.bundle,0c552c7c0c1eb480149466e789630acb.bundle,58691,resources\assets\yoo\Default\0c552c7c0c1eb480149466e789630acb.bundle,True,True,
8167,Assets/Game/RawAssets/Spine/MonsterQ/monster_001q/monster_001q_shadow/monster_001q_shadow.atlas.txt,,4458,assets_game_rawassets_spine_monsterq_monster_001q_monster_001q_shadow.bundle,6062a59a7c6c7f1c7dafa4c4ec361432.bundle,179642,resources\assets\yoo\Default\6062a59a7c6c7f1c7dafa4c4ec361432.bundle,True,True,
8168,Assets/Game/RawAssets/Spine/MonsterQ/monster_001q/monster_001q_shadow/monster_001q_shadow.png,,4458,assets_game_rawassets_spine_monsterq_monster_001q_monster_001q_shadow.bundle,6062a59a7c6c7f1c7dafa4c4ec361432.bundle,179642,resources\assets\yoo\Default\6062a59a7c6c7f1c7dafa4c4ec361432.bundle,True,True,
8169,Assets/Game/RawAssets/Spine/MonsterQ/monster_001q/monster_001q_shadow/monster_001q_shadow.skel.bytes,,4458,assets_game_rawassets_spine_monsterq_monster_001q_monster_001q_shadow.bundle,6062a59a7c6c7f1c7dafa4c4ec361432.bundle,179642,resources\assets\yoo\Default\6062a59a7c6c7f1c7dafa4c4ec361432.bundle,True,True,
8170,Assets/Game/RawAssets/Spine/MonsterQ/monster_001q/monster_001q_shadow/monster_001q_shadow_Atlas.asset,,4458,assets_game_rawassets_spine_monsterq_monster_001q_monster_001q_shadow.bundle,6062a59a7c6c7f1c7dafa4c4ec361432.bundle,179642,resources\assets\yoo\Default\6062a59a7c6c7f1c7dafa4c4ec361432.bundle,True,True,
8171,Assets/Game/RawAssets/Spine/MonsterQ/monster_001q/monster_001q_shadow/monster_001q_shadow_Material.mat,,4458,assets_game_rawassets_spine_monsterq_monster_001q_monster_001q_shadow.bundle,6062a59a7c6c7f1c7dafa4c4ec361432.bundle,179642,resources\assets\yoo\Default\6062a59a7c6c7f1c7dafa4c4ec361432.bundle,True,True,
8172,Assets/Game/RawAssets/Spine/MonsterQ/monster_001q/monster_001q_shadow/monster_001q_shadow_SkeletonData.asset,,4458,assets_game_rawassets_spine_monsterq_monster_001q_monster_001q_shadow.bundle,6062a59a7c6c7f1c7dafa4c4ec361432.bundle,179642,resources\assets\yoo\Default\6062a59a7c6c7f1c7dafa4c4ec361432.bundle,True,True,
8173,Assets/Game/RawAssets/Spine/MonsterQ/monster_001q/monster_001q_SkeletonData.asset,,4457,assets_game_rawassets_spine_monsterq_monster_001q.bundle,0c552c7c0c1eb480149466e789630acb.bundle,58691,resources\assets\yoo\Default\0c552c7c0c1eb480149466e789630acb.bundle,True,True,
8174,Assets/Game/RawAssets/Spine/MonsterQ/monster_002q/monster_002q.atlas.txt,,4459,assets_game_rawassets_spine_monsterq_monster_002q.bundle,66b085b814353273ff493c27c65555e3.bundle,285553,resources\assets\yoo\Default\66b085b814353273ff493c27c65555e3.bundle,True,True,
8175,Assets/Game/RawAssets/Spine/MonsterQ/monster_002q/monster_002q.png,,4459,assets_game_rawassets_spine_monsterq_monster_002q.bundle,66b085b814353273ff493c27c65555e3.bundle,285553,resources\assets\yoo\Default\66b085b814353273ff493c27c65555e3.bundle,True,True,
8176,Assets/Game/RawAssets/Spine/MonsterQ/monster_002q/monster_002q.skel.bytes,,4459,assets_game_rawassets_spine_monsterq_monster_002q.bundle,66b085b814353273ff493c27c65555e3.bundle,285553,resources\assets\yoo\Default\66b085b814353273ff493c27c65555e3.bundle,True,True,
8177,Assets/Game/RawAssets/Spine/MonsterQ/monster_002q/monster_002q_Atlas.asset,,4459,assets_game_rawassets_spine_monsterq_monster_002q.bundle,66b085b814353273ff493c27c65555e3.bundle,285553,resources\assets\yoo\Default\66b085b814353273ff493c27c65555e3.bundle,True,True,
8178,Assets/Game/RawAssets/Spine/MonsterQ/monster_002q/monster_002q_Material.mat,,4459,assets_game_rawassets_spine_monsterq_monster_002q.bundle,66b085b814353273ff493c27c65555e3.bundle,285553,resources\assets\yoo\Default\66b085b814353273ff493c27c65555e3.bundle,True,True,
8179,Assets/Game/RawAssets/Spine/MonsterQ/monster_002q/monster_002q_Material-Additive.mat,,4459,assets_game_rawassets_spine_monsterq_monster_002q.bundle,66b085b814353273ff493c27c65555e3.bundle,285553,resources\assets\yoo\Default\66b085b814353273ff493c27c65555e3.bundle,True,True,
8180,Assets/Game/RawAssets/Spine/MonsterQ/monster_002q/monster_002q_shadow/monster_002q_shadow.atlas.txt,,4460,assets_game_rawassets_spine_monsterq_monster_002q_monster_002q_shadow.bundle,0e17667d9fe32b4d7e5089b9e88ccc94.bundle,182097,resources\assets\yoo\Default\0e17667d9fe32b4d7e5089b9e88ccc94.bundle,True,True,
8181,Assets/Game/RawAssets/Spine/MonsterQ/monster_002q/monster_002q_shadow/monster_002q_shadow.png,,4460,assets_game_rawassets_spine_monsterq_monster_002q_monster_002q_shadow.bundle,0e17667d9fe32b4d7e5089b9e88ccc94.bundle,182097,resources\assets\yoo\Default\0e17667d9fe32b4d7e5089b9e88ccc94.bundle,True,True,
8182,Assets/Game/RawAssets/Spine/MonsterQ/monster_002q/monster_002q_shadow/monster_002q_shadow.skel.bytes,,4460,assets_game_rawassets_spine_monsterq_monster_002q_monster_002q_shadow.bundle,0e17667d9fe32b4d7e5089b9e88ccc94.bundle,182097,resources\assets\yoo\Default\0e17667d9fe32b4d7e5089b9e88ccc94.bundle,True,True,
8183,Assets/Game/RawAssets/Spine/MonsterQ/monster_002q/monster_002q_shadow/monster_002q_shadow_Atlas.asset,,4460,assets_game_rawassets_spine_monsterq_monster_002q_monster_002q_shadow.bundle,0e17667d9fe32b4d7e5089b9e88ccc94.bundle,182097,resources\assets\yoo\Default\0e17667d9fe32b4d7e5089b9e88ccc94.bundle,True,True,
8184,Assets/Game/RawAssets/Spine/MonsterQ/monster_002q/monster_002q_shadow/monster_002q_shadow_Material.mat,,4460,assets_game_rawassets_spine_monsterq_monster_002q_monster_002q_shadow.bundle,0e17667d9fe32b4d7e5089b9e88ccc94.bundle,182097,resources\assets\yoo\Default\0e17667d9fe32b4d7e5089b9e88ccc94.bundle,True,True,
8185,Assets/Game/RawAssets/Spine/MonsterQ/monster_002q/monster_002q_shadow/monster_002q_shadow_SkeletonData.asset,,4460,assets_game_rawassets_spine_monsterq_monster_002q_monster_002q_shadow.bundle,0e17667d9fe32b4d7e5089b9e88ccc94.bundle,182097,resources\assets\yoo\Default\0e17667d9fe32b4d7e5089b9e88ccc94.bundle,True,True,
8186,Assets/Game/RawAssets/Spine/MonsterQ/monster_002q/monster_002q_SkeletonData.asset,,4459,assets_game_rawassets_spine_monsterq_monster_002q.bundle,66b085b814353273ff493c27c65555e3.bundle,285553,resources\assets\yoo\Default\66b085b814353273ff493c27c65555e3.bundle,True,True,
8187,Assets/Game/RawAssets/Spine/MonsterQ/monster_003q/monster_003q.atlas.txt,,4461,assets_game_rawassets_spine_monsterq_monster_003q.bundle,b0494f0c84094d5a4c42904e2a7c0eaf.bundle,73953,resources\assets\yoo\Default\b0494f0c84094d5a4c42904e2a7c0eaf.bundle,True,True,
8188,Assets/Game/RawAssets/Spine/MonsterQ/monster_003q/monster_003q.png,,4461,assets_game_rawassets_spine_monsterq_monster_003q.bundle,b0494f0c84094d5a4c42904e2a7c0eaf.bundle,73953,resources\assets\yoo\Default\b0494f0c84094d5a4c42904e2a7c0eaf.bundle,True,True,
8189,Assets/Game/RawAssets/Spine/MonsterQ/monster_003q/monster_003q.skel.bytes,,4461,assets_game_rawassets_spine_monsterq_monster_003q.bundle,b0494f0c84094d5a4c42904e2a7c0eaf.bundle,73953,resources\assets\yoo\Default\b0494f0c84094d5a4c42904e2a7c0eaf.bundle,True,True,
8190,Assets/Game/RawAssets/Spine/MonsterQ/monster_003q/monster_003q_Atlas.asset,,4461,assets_game_rawassets_spine_monsterq_monster_003q.bundle,b0494f0c84094d5a4c42904e2a7c0eaf.bundle,73953,resources\assets\yoo\Default\b0494f0c84094d5a4c42904e2a7c0eaf.bundle,True,True,
8191,Assets/Game/RawAssets/Spine/MonsterQ/monster_003q/monster_003q_Material.mat,,4461,assets_game_rawassets_spine_monsterq_monster_003q.bundle,b0494f0c84094d5a4c42904e2a7c0eaf.bundle,73953,resources\assets\yoo\Default\b0494f0c84094d5a4c42904e2a7c0eaf.bundle,True,True,
8192,Assets/Game/RawAssets/Spine/MonsterQ/monster_003q/monster_003q_shadow/monster_003q_shadow.atlas.txt,,4462,assets_game_rawassets_spine_monsterq_monster_003q_monster_003q_shadow.bundle,0bcc4da62515a79e1155dcc2ffadc493.bundle,139513,resources\assets\yoo\Default\0bcc4da62515a79e1155dcc2ffadc493.bundle,True,True,
8193,Assets/Game/RawAssets/Spine/MonsterQ/monster_003q/monster_003q_shadow/monster_003q_shadow.png,,4462,assets_game_rawassets_spine_monsterq_monster_003q_monster_003q_shadow.bundle,0bcc4da62515a79e1155dcc2ffadc493.bundle,139513,resources\assets\yoo\Default\0bcc4da62515a79e1155dcc2ffadc493.bundle,True,True,
8194,Assets/Game/RawAssets/Spine/MonsterQ/monster_003q/monster_003q_shadow/monster_003q_shadow.skel.bytes,,4462,assets_game_rawassets_spine_monsterq_monster_003q_monster_003q_shadow.bundle,0bcc4da62515a79e1155dcc2ffadc493.bundle,139513,resources\assets\yoo\Default\0bcc4da62515a79e1155dcc2ffadc493.bundle,True,True,
8195,Assets/Game/RawAssets/Spine/MonsterQ/monster_003q/monster_003q_shadow/monster_003q_shadow_Atlas.asset,,4462,assets_game_rawassets_spine_monsterq_monster_003q_monster_003q_shadow.bundle,0bcc4da62515a79e1155dcc2ffadc493.bundle,139513,resources\assets\yoo\Default\0bcc4da62515a79e1155dcc2ffadc493.bundle,True,True,
8196,Assets/Game/RawAssets/Spine/MonsterQ/monster_003q/monster_003q_shadow/monster_003q_shadow_Material.mat,,4462,assets_game_rawassets_spine_monsterq_monster_003q_monster_003q_shadow.bundle,0bcc4da62515a79e1155dcc2ffadc493.bundle,139513,resources\assets\yoo\Default\0bcc4da62515a79e1155dcc2ffadc493.bundle,True,True,
8197,Assets/Game/RawAssets/Spine/MonsterQ/monster_003q/monster_003q_shadow/monster_003q_shadow_SkeletonData.asset,,4462,assets_game_rawassets_spine_monsterq_monster_003q_monster_003q_shadow.bundle,0bcc4da62515a79e1155dcc2ffadc493.bundle,139513,resources\assets\yoo\Default\0bcc4da62515a79e1155dcc2ffadc493.bundle,True,True,
8198,Assets/Game/RawAssets/Spine/MonsterQ/monster_003q/monster_003q_SkeletonData.asset,,4461,assets_game_rawassets_spine_monsterq_monster_003q.bundle,b0494f0c84094d5a4c42904e2a7c0eaf.bundle,73953,resources\assets\yoo\Default\b0494f0c84094d5a4c42904e2a7c0eaf.bundle,True,True,
8327,Assets/Game/RawAssets/Spine/MonsterQ/monster_015q/monster_015q.atlas.txt,,4483,assets_game_rawassets_spine_monsterq_monster_015q.bundle,ea2c266fbcf64753595663c75fe96845.bundle,151761,resources\assets\yoo\Default\ea2c266fbcf64753595663c75fe96845.bundle,True,True,
8328,Assets/Game/RawAssets/Spine/MonsterQ/monster_015q/monster_015q.png,,4483,assets_game_rawassets_spine_monsterq_monster_015q.bundle,ea2c266fbcf64753595663c75fe96845.bundle,151761,resources\assets\yoo\Default\ea2c266fbcf64753595663c75fe96845.bundle,True,True,
8329,Assets/Game/RawAssets/Spine/MonsterQ/monster_015q/monster_015q.skel.bytes,,4483,assets_game_rawassets_spine_monsterq_monster_015q.bundle,ea2c266fbcf64753595663c75fe96845.bundle,151761,resources\assets\yoo\Default\ea2c266fbcf64753595663c75fe96845.bundle,True,True,
8330,Assets/Game/RawAssets/Spine/MonsterQ/monster_015q/monster_015q_Atlas.asset,,4483,assets_game_rawassets_spine_monsterq_monster_015q.bundle,ea2c266fbcf64753595663c75fe96845.bundle,151761,resources\assets\yoo\Default\ea2c266fbcf64753595663c75fe96845.bundle,True,True,
8331,Assets/Game/RawAssets/Spine/MonsterQ/monster_015q/monster_015q_Material.mat,,4483,assets_game_rawassets_spine_monsterq_monster_015q.bundle,ea2c266fbcf64753595663c75fe96845.bundle,151761,resources\assets\yoo\Default\ea2c266fbcf64753595663c75fe96845.bundle,True,True,
8338,Assets/Game/RawAssets/Spine/MonsterQ/monster_015q/monster_015q_SkeletonData.asset,,4483,assets_game_rawassets_spine_monsterq_monster_015q.bundle,ea2c266fbcf64753595663c75fe96845.bundle,151761,resources\assets\yoo\Default\ea2c266fbcf64753595663c75fe96845.bundle,True,True,
8378,Assets/Game/RawAssets/Spine/MonsterQ/monster_021q/monster_021q.atlas.txt,,4491,assets_game_rawassets_spine_monsterq_monster_021q.bundle,10a996a3e776fd5aae56db475e049e42.bundle,367454,resources\assets\yoo\Default\10a996a3e776fd5aae56db475e049e42.bundle,True,True,
8379,Assets/Game/RawAssets/Spine/MonsterQ/monster_021q/monster_021q.png,,4491,assets_game_rawassets_spine_monsterq_monster_021q.bundle,10a996a3e776fd5aae56db475e049e42.bundle,367454,resources\assets\yoo\Default\10a996a3e776fd5aae56db475e049e42.bundle,True,True,
8380,Assets/Game/RawAssets/Spine/MonsterQ/monster_021q/monster_021q.skel.bytes,,4491,assets_game_rawassets_spine_monsterq_monster_021q.bundle,10a996a3e776fd5aae56db475e049e42.bundle,367454,resources\assets\yoo\Default\10a996a3e776fd5aae56db475e049e42.bundle,True,True,
8381,Assets/Game/RawAssets/Spine/MonsterQ/monster_021q/monster_021q_Atlas.asset,,4491,assets_game_rawassets_spine_monsterq_monster_021q.bundle,10a996a3e776fd5aae56db475e049e42.bundle,367454,resources\assets\yoo\Default\10a996a3e776fd5aae56db475e049e42.bundle,True,True,
8382,Assets/Game/RawAssets/Spine/MonsterQ/monster_021q/monster_021q_Material.mat,,4491,assets_game_rawassets_spine_monsterq_monster_021q.bundle,10a996a3e776fd5aae56db475e049e42.bundle,367454,resources\assets\yoo\Default\10a996a3e776fd5aae56db475e049e42.bundle,True,True,
8383,Assets/Game/RawAssets/Spine/MonsterQ/monster_021q/monster_021q_Material-Additive.mat,,4491,assets_game_rawassets_spine_monsterq_monster_021q.bundle,10a996a3e776fd5aae56db475e049e42.bundle,367454,resources\assets\yoo\Default\10a996a3e776fd5aae56db475e049e42.bundle,True,True,
8384,Assets/Game/RawAssets/Spine/MonsterQ/monster_021q/monster_021q_SkeletonData.asset,,4491,assets_game_rawassets_spine_monsterq_monster_021q.bundle,10a996a3e776fd5aae56db475e049e42.bundle,367454,resources\assets\yoo\Default\10a996a3e776fd5aae56db475e049e42.bundle,True,True,
8446,Assets/Game/RawAssets/Spine/Other/hero_037q/hero_037q.atlas.txt,,4501,assets_game_rawassets_spine_other_hero_037q.bundle,a1cbfa58b860bad4c45b8fba455dee6a.bundle,203535,resources\assets\yoo\Default\a1cbfa58b860bad4c45b8fba455dee6a.bundle,True,True,
8447,Assets/Game/RawAssets/Spine/Other/hero_037q/hero_037q.png,,4501,assets_game_rawassets_spine_other_hero_037q.bundle,a1cbfa58b860bad4c45b8fba455dee6a.bundle,203535,resources\assets\yoo\Default\a1cbfa58b860bad4c45b8fba455dee6a.bundle,True,True,
8448,Assets/Game/RawAssets/Spine/Other/hero_037q/hero_037q.skel.bytes,,4501,assets_game_rawassets_spine_other_hero_037q.bundle,a1cbfa58b860bad4c45b8fba455dee6a.bundle,203535,resources\assets\yoo\Default\a1cbfa58b860bad4c45b8fba455dee6a.bundle,True,True,
8449,Assets/Game/RawAssets/Spine/Other/hero_037q/hero_037q_Atlas.asset,,4501,assets_game_rawassets_spine_other_hero_037q.bundle,a1cbfa58b860bad4c45b8fba455dee6a.bundle,203535,resources\assets\yoo\Default\a1cbfa58b860bad4c45b8fba455dee6a.bundle,True,True,
8450,Assets/Game/RawAssets/Spine/Other/hero_037q/hero_037q_Material.mat,,4501,assets_game_rawassets_spine_other_hero_037q.bundle,a1cbfa58b860bad4c45b8fba455dee6a.bundle,203535,resources\assets\yoo\Default\a1cbfa58b860bad4c45b8fba455dee6a.bundle,True,True,
8451,Assets/Game/RawAssets/Spine/Other/hero_037q/hero_037q_SkeletonData.asset,,4501,assets_game_rawassets_spine_other_hero_037q.bundle,a1cbfa58b860bad4c45b8fba455dee6a.bundle,203535,resources\assets\yoo\Default\a1cbfa58b860bad4c45b8fba455dee6a.bundle,True,True,
8452,Assets/Game/RawAssets/Spine/Other/jiantou_01/jiantou_01.atlas.txt,,4502,assets_game_rawassets_spine_other_jiantou_01.bundle,2e3df696605d5fa957ef65281beb54aa.bundle,7655,resources\assets\yoo\Default\2e3df696605d5fa957ef65281beb54aa.bundle,True,True,
8453,Assets/Game/RawAssets/Spine/Other/jiantou_01/jiantou_01.png,,4502,assets_game_rawassets_spine_other_jiantou_01.bundle,2e3df696605d5fa957ef65281beb54aa.bundle,7655,resources\assets\yoo\Default\2e3df696605d5fa957ef65281beb54aa.bundle,True,True,
8454,Assets/Game/RawAssets/Spine/Other/jiantou_01/jiantou_01.skel.bytes,,4502,assets_game_rawassets_spine_other_jiantou_01.bundle,2e3df696605d5fa957ef65281beb54aa.bundle,7655,resources\assets\yoo\Default\2e3df696605d5fa957ef65281beb54aa.bundle,True,True,
8455,Assets/Game/RawAssets/Spine/Other/jiantou_01/jiantou_01.spriteatlas,,4502,assets_game_rawassets_spine_other_jiantou_01.bundle,2e3df696605d5fa957ef65281beb54aa.bundle,7655,resources\assets\yoo\Default\2e3df696605d5fa957ef65281beb54aa.bundle,True,True,
8456,Assets/Game/RawAssets/Spine/Other/jiantou_01/jiantou_01_Atlas.asset,,4502,assets_game_rawassets_spine_other_jiantou_01.bundle,2e3df696605d5fa957ef65281beb54aa.bundle,7655,resources\assets\yoo\Default\2e3df696605d5fa957ef65281beb54aa.bundle,True,True,
8457,Assets/Game/RawAssets/Spine/Other/jiantou_01/jiantou_01_Material.mat,,4502,assets_game_rawassets_spine_other_jiantou_01.bundle,2e3df696605d5fa957ef65281beb54aa.bundle,7655,resources\assets\yoo\Default\2e3df696605d5fa957ef65281beb54aa.bundle,True,True,
8458,Assets/Game/RawAssets/Spine/Other/jiantou_01/jiantou_01_SkeletonData.asset,,4502,assets_game_rawassets_spine_other_jiantou_01.bundle,2e3df696605d5fa957ef65281beb54aa.bundle,7655,resources\assets\yoo\Default\2e3df696605d5fa957ef65281beb54aa.bundle,True,True,
8799,Assets/Game/RawAssets/Spine/Slug/slug_026q/slug_026q.atlas.txt,,4548,assets_game_rawassets_spine_slug_slug_026q.bundle,35bb195678e6173c8d3dd94bce51461c.bundle,131965,resources\assets\yoo\Default\35bb195678e6173c8d3dd94bce51461c.bundle,True,True,
8800,Assets/Game/RawAssets/Spine/Slug/slug_026q/slug_026q.png,,4548,assets_game_rawassets_spine_slug_slug_026q.bundle,35bb195678e6173c8d3dd94bce51461c.bundle,131965,resources\assets\yoo\Default\35bb195678e6173c8d3dd94bce51461c.bundle,True,True,
8801,Assets/Game/RawAssets/Spine/Slug/slug_026q/slug_026q.skel.bytes,,4548,assets_game_rawassets_spine_slug_slug_026q.bundle,35bb195678e6173c8d3dd94bce51461c.bundle,131965,resources\assets\yoo\Default\35bb195678e6173c8d3dd94bce51461c.bundle,True,True,
8802,Assets/Game/RawAssets/Spine/Slug/slug_026q/slug_026q_Atlas.asset,,4548,assets_game_rawassets_spine_slug_slug_026q.bundle,35bb195678e6173c8d3dd94bce51461c.bundle,131965,resources\assets\yoo\Default\35bb195678e6173c8d3dd94bce51461c.bundle,True,True,
8803,Assets/Game/RawAssets/Spine/Slug/slug_026q/slug_026q_Material.mat,,4548,assets_game_rawassets_spine_slug_slug_026q.bundle,35bb195678e6173c8d3dd94bce51461c.bundle,131965,resources\assets\yoo\Default\35bb195678e6173c8d3dd94bce51461c.bundle,True,True,
8804,Assets/Game/RawAssets/Spine/Slug/slug_026q/slug_026q_SkeletonData.asset,,4548,assets_game_rawassets_spine_slug_slug_026q.bundle,35bb195678e6173c8d3dd94bce51461c.bundle,131965,resources\assets\yoo\Default\35bb195678e6173c8d3dd94bce51461c.bundle,True,True,
8817,Assets/Game/RawAssets/Spine/Slug/slug_037q/slug_037q.atlas.txt,,4551,assets_game_rawassets_spine_slug_slug_037q.bundle,ab8227019a57e4d76e3988ed485683e2.bundle,41143,resources\assets\yoo\Default\ab8227019a57e4d76e3988ed485683e2.bundle,True,True,
8818,Assets/Game/RawAssets/Spine/Slug/slug_037q/slug_037q.png,,4551,assets_game_rawassets_spine_slug_slug_037q.bundle,ab8227019a57e4d76e3988ed485683e2.bundle,41143,resources\assets\yoo\Default\ab8227019a57e4d76e3988ed485683e2.bundle,True,True,
8819,Assets/Game/RawAssets/Spine/Slug/slug_037q/slug_037q.skel.bytes,,4551,assets_game_rawassets_spine_slug_slug_037q.bundle,ab8227019a57e4d76e3988ed485683e2.bundle,41143,resources\assets\yoo\Default\ab8227019a57e4d76e3988ed485683e2.bundle,True,True,
8820,Assets/Game/RawAssets/Spine/Slug/slug_037q/slug_037q_Atlas.asset,,4551,assets_game_rawassets_spine_slug_slug_037q.bundle,ab8227019a57e4d76e3988ed485683e2.bundle,41143,resources\assets\yoo\Default\ab8227019a57e4d76e3988ed485683e2.bundle,True,True,
8821,Assets/Game/RawAssets/Spine/Slug/slug_037q/slug_037q_Material.mat,,4551,assets_game_rawassets_spine_slug_slug_037q.bundle,ab8227019a57e4d76e3988ed485683e2.bundle,41143,resources\assets\yoo\Default\ab8227019a57e4d76e3988ed485683e2.bundle,True,True,
8822,Assets/Game/RawAssets/Spine/Slug/slug_037q/slug_037q_SkeletonData.asset,,4551,assets_game_rawassets_spine_slug_slug_037q.bundle,ab8227019a57e4d76e3988ed485683e2.bundle,41143,resources\assets\yoo\Default\ab8227019a57e4d76e3988ed485683e2.bundle,True,True,
8985,Assets/Game/RawAssets/SpineTouchCfg/hero_037_t01.asset,,4578,assets_game_rawassets_spinetouchcfg_hero_037_t01.bundle,07bdf537aac3b34916a1527c94f455d2.bundle,5483,resources\assets\yoo\Default\07bdf537aac3b34916a1527c94f455d2.bundle,True,True,
8986,Assets/Game/RawAssets/SpineTouchCfg/hero_037_t01_Teach.asset,,4579,assets_game_rawassets_spinetouchcfg_hero_037_t01_teach.bundle,e8c7c543cc96bd06138f6176c49c8685.bundle,2823,resources\assets\yoo\Default\e8c7c543cc96bd06138f6176c49c8685.bundle,True,True,
9714,Assets/Game/RawAssets/Sprite/Activity/Icon/activities001.png,,4823,assets_game_rawassets_sprite_activity_icon.bundle,1466fced391afbb3e59d908e52cee9e0.bundle,200591,resources\assets\yoo\Default\1466fced391afbb3e59d908e52cee9e0.bundle,True,True,
9715,Assets/Game/RawAssets/Sprite/Activity/Icon/activities24.png,,4823,assets_game_rawassets_sprite_activity_icon.bundle,1466fced391afbb3e59d908e52cee9e0.bundle,200591,resources\assets\yoo\Default\1466fced391afbb3e59d908e52cee9e0.bundle,True,True,
9716,Assets/Game/RawAssets/Sprite/Activity/Icon/activities27.png,,4823,assets_game_rawassets_sprite_activity_icon.bundle,1466fced391afbb3e59d908e52cee9e0.bundle,200591,resources\assets\yoo\Default\1466fced391afbb3e59d908e52cee9e0.bundle,True,True,
9717,Assets/Game/RawAssets/Sprite/Activity/Icon/activities28.png,,4823,assets_game_rawassets_sprite_activity_icon.bundle,1466fced391afbb3e59d908e52cee9e0.bundle,200591,resources\assets\yoo\Default\1466fced391afbb3e59d908e52cee9e0.bundle,True,True,
9718,Assets/Game/RawAssets/Sprite/Activity/Icon/activities29.png,,4823,assets_game_rawassets_sprite_activity_icon.bundle,1466fced391afbb3e59d908e52cee9e0.bundle,200591,resources\assets\yoo\Default\1466fced391afbb3e59d908e52cee9e0.bundle,True,True,
9719,Assets/Game/RawAssets/Sprite/Activity/Icon/activities31.png,,4823,assets_game_rawassets_sprite_activity_icon.bundle,1466fced391afbb3e59d908e52cee9e0.bundle,200591,resources\assets\yoo\Default\1466fced391afbb3e59d908e52cee9e0.bundle,True,True,
9720,Assets/Game/RawAssets/Sprite/Activity/Icon/activities34.png,,4823,assets_game_rawassets_sprite_activity_icon.bundle,1466fced391afbb3e59d908e52cee9e0.bundle,200591,resources\assets\yoo\Default\1466fced391afbb3e59d908e52cee9e0.bundle,True,True,
9721,Assets/Game/RawAssets/Sprite/Activity/Icon/activities36.png,,4823,assets_game_rawassets_sprite_activity_icon.bundle,1466fced391afbb3e59d908e52cee9e0.bundle,200591,resources\assets\yoo\Default\1466fced391afbb3e59d908e52cee9e0.bundle,True,True,
9722,Assets/Game/RawAssets/Sprite/Activity/Icon/activities44.png,,4823,assets_game_rawassets_sprite_activity_icon.bundle,1466fced391afbb3e59d908e52cee9e0.bundle,200591,resources\assets\yoo\Default\1466fced391afbb3e59d908e52cee9e0.bundle,True,True,
9723,Assets/Game/RawAssets/Sprite/Activity/Icon/activities44_2.png,,4823,assets_game_rawassets_sprite_activity_icon.bundle,1466fced391afbb3e59d908e52cee9e0.bundle,200591,resources\assets\yoo\Default\1466fced391afbb3e59d908e52cee9e0.bundle,True,True,
9724,Assets/Game/RawAssets/Sprite/Activity/Icon/activities44_3.png,,4823,assets_game_rawassets_sprite_activity_icon.bundle,1466fced391afbb3e59d908e52cee9e0.bundle,200591,resources\assets\yoo\Default\1466fced391afbb3e59d908e52cee9e0.bundle,True,True,
9725,Assets/Game/RawAssets/Sprite/Activity/Icon/activities44_4.png,,4823,assets_game_rawassets_sprite_activity_icon.bundle,1466fced391afbb3e59d908e52cee9e0.bundle,200591,resources\assets\yoo\Default\1466fced391afbb3e59d908e52cee9e0.bundle,True,True,
9726,Assets/Game/RawAssets/Sprite/Activity/Icon/activities44_5.png,,4823,assets_game_rawassets_sprite_activity_icon.bundle,1466fced391afbb3e59d908e52cee9e0.bundle,200591,resources\assets\yoo\Default\1466fced391afbb3e59d908e52cee9e0.bundle,True,True,
9727,Assets/Game/RawAssets/Sprite/Activity/Icon/activities45.png,,4823,assets_game_rawassets_sprite_activity_icon.bundle,1466fced391afbb3e59d908e52cee9e0.bundle,200591,resources\assets\yoo\Default\1466fced391afbb3e59d908e52cee9e0.bundle,True,True,
9728,Assets/Game/RawAssets/Sprite/Activity/Icon/activities45_2.png,,4823,assets_game_rawassets_sprite_activity_icon.bundle,1466fced391afbb3e59d908e52cee9e0.bundle,200591,resources\assets\yoo\Default\1466fced391afbb3e59d908e52cee9e0.bundle,True,True,
9729,Assets/Game/RawAssets/Sprite/Activity/Icon/activities45_3.png,,4823,assets_game_rawassets_sprite_activity_icon.bundle,1466fced391afbb3e59d908e52cee9e0.bundle,200591,resources\assets\yoo\Default\1466fced391afbb3e59d908e52cee9e0.bundle,True,True,
9730,Assets/Game/RawAssets/Sprite/Activity/Icon/activities46.png,,4823,assets_game_rawassets_sprite_activity_icon.bundle,1466fced391afbb3e59d908e52cee9e0.bundle,200591,resources\assets\yoo\Default\1466fced391afbb3e59d908e52cee9e0.bundle,True,True,
9731,Assets/Game/RawAssets/Sprite/Activity/Icon/activities47.png,,4823,assets_game_rawassets_sprite_activity_icon.bundle,1466fced391afbb3e59d908e52cee9e0.bundle,200591,resources\assets\yoo\Default\1466fced391afbb3e59d908e52cee9e0.bundle,True,True,
9732,Assets/Game/RawAssets/Sprite/Activity/Icon/activities55.png,,4823,assets_game_rawassets_sprite_activity_icon.bundle,1466fced391afbb3e59d908e52cee9e0.bundle,200591,resources\assets\yoo\Default\1466fced391afbb3e59d908e52cee9e0.bundle,True,True,
9733,Assets/Game/RawAssets/Sprite/Activity/Icon/activities58.png,,4823,assets_game_rawassets_sprite_activity_icon.bundle,1466fced391afbb3e59d908e52cee9e0.bundle,200591,resources\assets\yoo\Default\1466fced391afbb3e59d908e52cee9e0.bundle,True,True,
9734,Assets/Game/RawAssets/Sprite/Activity/Icon/activities59.png,,4823,assets_game_rawassets_sprite_activity_icon.bundle,1466fced391afbb3e59d908e52cee9e0.bundle,200591,resources\assets\yoo\Default\1466fced391afbb3e59d908e52cee9e0.bundle,True,True,
9735,Assets/Game/RawAssets/Sprite/Activity/Icon/activities60.png,,4823,assets_game_rawassets_sprite_activity_icon.bundle,1466fced391afbb3e59d908e52cee9e0.bundle,200591,resources\assets\yoo\Default\1466fced391afbb3e59d908e52cee9e0.bundle,True,True,
9736,Assets/Game/RawAssets/Sprite/Activity/Icon/activities65.png,,4823,assets_game_rawassets_sprite_activity_icon.bundle,1466fced391afbb3e59d908e52cee9e0.bundle,200591,resources\assets\yoo\Default\1466fced391afbb3e59d908e52cee9e0.bundle,True,True,
9737,Assets/Game/RawAssets/Sprite/Activity/Icon/activities66.png,,4823,assets_game_rawassets_sprite_activity_icon.bundle,1466fced391afbb3e59d908e52cee9e0.bundle,200591,resources\assets\yoo\Default\1466fced391afbb3e59d908e52cee9e0.bundle,True,True,
9738,Assets/Game/RawAssets/Sprite/Activity/Icon/activities68.png,,4823,assets_game_rawassets_sprite_activity_icon.bundle,1466fced391afbb3e59d908e52cee9e0.bundle,200591,resources\assets\yoo\Default\1466fced391afbb3e59d908e52cee9e0.bundle,True,True,
9739,Assets/Game/RawAssets/Sprite/Activity/Icon/activities70.png,,4823,assets_game_rawassets_sprite_activity_icon.bundle,1466fced391afbb3e59d908e52cee9e0.bundle,200591,resources\assets\yoo\Default\1466fced391afbb3e59d908e52cee9e0.bundle,True,True,
9740,Assets/Game/RawAssets/Sprite/Activity/Icon/activities71.png,,4823,assets_game_rawassets_sprite_activity_icon.bundle,1466fced391afbb3e59d908e52cee9e0.bundle,200591,resources\assets\yoo\Default\1466fced391afbb3e59d908e52cee9e0.bundle,True,True,
9741,Assets/Game/RawAssets/Sprite/Activity/Icon/activities74.png,,4823,assets_game_rawassets_sprite_activity_icon.bundle,1466fced391afbb3e59d908e52cee9e0.bundle,200591,resources\assets\yoo\Default\1466fced391afbb3e59d908e52cee9e0.bundle,True,True,
9742,Assets/Game/RawAssets/Sprite/Activity/Icon/activities75.png,,4823,assets_game_rawassets_sprite_activity_icon.bundle,1466fced391afbb3e59d908e52cee9e0.bundle,200591,resources\assets\yoo\Default\1466fced391afbb3e59d908e52cee9e0.bundle,True,True,
9743,Assets/Game/RawAssets/Sprite/Activity/Icon/activities78.png,,4823,assets_game_rawassets_sprite_activity_icon.bundle,1466fced391afbb3e59d908e52cee9e0.bundle,200591,resources\assets\yoo\Default\1466fced391afbb3e59d908e52cee9e0.bundle,True,True,
9744,Assets/Game/RawAssets/Sprite/Activity/Icon/activities79.png,,4823,assets_game_rawassets_sprite_activity_icon.bundle,1466fced391afbb3e59d908e52cee9e0.bundle,200591,resources\assets\yoo\Default\1466fced391afbb3e59d908e52cee9e0.bundle,True,True,
9745,Assets/Game/RawAssets/Sprite/Activity/Icon/activities80.png,,4823,assets_game_rawassets_sprite_activity_icon.bundle,1466fced391afbb3e59d908e52cee9e0.bundle,200591,resources\assets\yoo\Default\1466fced391afbb3e59d908e52cee9e0.bundle,True,True,
9746,Assets/Game/RawAssets/Sprite/Activity/Icon/activities80_1.png,,4823,assets_game_rawassets_sprite_activity_icon.bundle,1466fced391afbb3e59d908e52cee9e0.bundle,200591,resources\assets\yoo\Default\1466fced391afbb3e59d908e52cee9e0.bundle,True,True,
9747,Assets/Game/RawAssets/Sprite/Activity/Icon/activities81.png,,4823,assets_game_rawassets_sprite_activity_icon.bundle,1466fced391afbb3e59d908e52cee9e0.bundle,200591,resources\assets\yoo\Default\1466fced391afbb3e59d908e52cee9e0.bundle,True,True,
9748,Assets/Game/RawAssets/Sprite/Activity/Icon/activities85.png,,4823,assets_game_rawassets_sprite_activity_icon.bundle,1466fced391afbb3e59d908e52cee9e0.bundle,200591,resources\assets\yoo\Default\1466fced391afbb3e59d908e52cee9e0.bundle,True,True,
9749,Assets/Game/RawAssets/Sprite/Activity/Icon/calendar_1001.png,,4823,assets_game_rawassets_sprite_activity_icon.bundle,1466fced391afbb3e59d908e52cee9e0.bundle,200591,resources\assets\yoo\Default\1466fced391afbb3e59d908e52cee9e0.bundle,True,True,
9750,Assets/Game/RawAssets/Sprite/Activity/Icon/calendar_1002.png,,4823,assets_game_rawassets_sprite_activity_icon.bundle,1466fced391afbb3e59d908e52cee9e0.bundle,200591,resources\assets\yoo\Default\1466fced391afbb3e59d908e52cee9e0.bundle,True,True,
9751,Assets/Game/RawAssets/Sprite/Activity/Icon/calendar_1004.png,,4823,assets_game_rawassets_sprite_activity_icon.bundle,1466fced391afbb3e59d908e52cee9e0.bundle,200591,resources\assets\yoo\Default\1466fced391afbb3e59d908e52cee9e0.bundle,True,True,
9752,Assets/Game/RawAssets/Sprite/Activity/Icon/calendar_2001.png,,4823,assets_game_rawassets_sprite_activity_icon.bundle,1466fced391afbb3e59d908e52cee9e0.bundle,200591,resources\assets\yoo\Default\1466fced391afbb3e59d908e52cee9e0.bundle,True,True,
9753,Assets/Game/RawAssets/Sprite/Activity/Icon/calendar_2002.png,,4823,assets_game_rawassets_sprite_activity_icon.bundle,1466fced391afbb3e59d908e52cee9e0.bundle,200591,resources\assets\yoo\Default\1466fced391afbb3e59d908e52cee9e0.bundle,True,True,
9754,Assets/Game/RawAssets/Sprite/Activity/Icon/Icon.spriteatlas,,4823,assets_game_rawassets_sprite_activity_icon.bundle,1466fced391afbb3e59d908e52cee9e0.bundle,200591,resources\assets\yoo\Default\1466fced391afbb3e59d908e52cee9e0.bundle,True,True,
9755,Assets/Game/RawAssets/Sprite/Activity/Icon/icon_19.png,,4823,assets_game_rawassets_sprite_activity_icon.bundle,1466fced391afbb3e59d908e52cee9e0.bundle,200591,resources\assets\yoo\Default\1466fced391afbb3e59d908e52cee9e0.bundle,True,True,
9756,Assets/Game/RawAssets/Sprite/Activity/Icon/icon_20.png,,4823,assets_game_rawassets_sprite_activity_icon.bundle,1466fced391afbb3e59d908e52cee9e0.bundle,200591,resources\assets\yoo\Default\1466fced391afbb3e59d908e52cee9e0.bundle,True,True,
9757,Assets/Game/RawAssets/Sprite/Activity/Icon/icon_21.png,,4823,assets_game_rawassets_sprite_activity_icon.bundle,1466fced391afbb3e59d908e52cee9e0.bundle,200591,resources\assets\yoo\Default\1466fced391afbb3e59d908e52cee9e0.bundle,True,True,
9758,Assets/Game/RawAssets/Sprite/Activity/Icon/icon_22.png,,4823,assets_game_rawassets_sprite_activity_icon.bundle,1466fced391afbb3e59d908e52cee9e0.bundle,200591,resources\assets\yoo\Default\1466fced391afbb3e59d908e52cee9e0.bundle,True,True,
9759,Assets/Game/RawAssets/Sprite/Activity/Icon/icon_23.png,,4823,assets_game_rawassets_sprite_activity_icon.bundle,1466fced391afbb3e59d908e52cee9e0.bundle,200591,resources\assets\yoo\Default\1466fced391afbb3e59d908e52cee9e0.bundle,True,True,
9760,Assets/Game/RawAssets/Sprite/Activity/Icon/icon_24.png,,4823,assets_game_rawassets_sprite_activity_icon.bundle,1466fced391afbb3e59d908e52cee9e0.bundle,200591,resources\assets\yoo\Default\1466fced391afbb3e59d908e52cee9e0.bundle,True,True,
9761,Assets/Game/RawAssets/Sprite/Activity/Icon/icon_25.png,,4823,assets_game_rawassets_sprite_activity_icon.bundle,1466fced391afbb3e59d908e52cee9e0.bundle,200591,resources\assets\yoo\Default\1466fced391afbb3e59d908e52cee9e0.bundle,True,True,
9762,Assets/Game/RawAssets/Sprite/Activity/Icon/icon_26.png,,4823,assets_game_rawassets_sprite_activity_icon.bundle,1466fced391afbb3e59d908e52cee9e0.bundle,200591,resources\assets\yoo\Default\1466fced391afbb3e59d908e52cee9e0.bundle,True,True,
9763,Assets/Game/RawAssets/Sprite/Activity/Icon/icon_27.png,,4823,assets_game_rawassets_sprite_activity_icon.bundle,1466fced391afbb3e59d908e52cee9e0.bundle,200591,resources\assets\yoo\Default\1466fced391afbb3e59d908e52cee9e0.bundle,True,True,
9764,Assets/Game/RawAssets/Sprite/Activity/Icon/icon_28.png,,4823,assets_game_rawassets_sprite_activity_icon.bundle,1466fced391afbb3e59d908e52cee9e0.bundle,200591,resources\assets\yoo\Default\1466fced391afbb3e59d908e52cee9e0.bundle,True,True,
9765,Assets/Game/RawAssets/Sprite/Activity/Icon/icon_29.png,,4823,assets_game_rawassets_sprite_activity_icon.bundle,1466fced391afbb3e59d908e52cee9e0.bundle,200591,resources\assets\yoo\Default\1466fced391afbb3e59d908e52cee9e0.bundle,True,True,
9766,Assets/Game/RawAssets/Sprite/Activity/Icon/icon_30.png,,4823,assets_game_rawassets_sprite_activity_icon.bundle,1466fced391afbb3e59d908e52cee9e0.bundle,200591,resources\assets\yoo\Default\1466fced391afbb3e59d908e52cee9e0.bundle,True,True,
9767,Assets/Game/RawAssets/Sprite/Activity/Icon/icon_31.png,,4823,assets_game_rawassets_sprite_activity_icon.bundle,1466fced391afbb3e59d908e52cee9e0.bundle,200591,resources\assets\yoo\Default\1466fced391afbb3e59d908e52cee9e0.bundle,True,True,
9768,Assets/Game/RawAssets/Sprite/Activity/Icon/icon_32.png,,4823,assets_game_rawassets_sprite_activity_icon.bundle,1466fced391afbb3e59d908e52cee9e0.bundle,200591,resources\assets\yoo\Default\1466fced391afbb3e59d908e52cee9e0.bundle,True,True,
9769,Assets/Game/RawAssets/Sprite/Activity/Icon/icon_33.png,,4823,assets_game_rawassets_sprite_activity_icon.bundle,1466fced391afbb3e59d908e52cee9e0.bundle,200591,resources\assets\yoo\Default\1466fced391afbb3e59d908e52cee9e0.bundle,True,True,
9770,Assets/Game/RawAssets/Sprite/Activity/Icon/icon_34.png,,4823,assets_game_rawassets_sprite_activity_icon.bundle,1466fced391afbb3e59d908e52cee9e0.bundle,200591,resources\assets\yoo\Default\1466fced391afbb3e59d908e52cee9e0.bundle,True,True,
9771,Assets/Game/RawAssets/Sprite/Activity/Icon/icon_35.png,,4823,assets_game_rawassets_sprite_activity_icon.bundle,1466fced391afbb3e59d908e52cee9e0.bundle,200591,resources\assets\yoo\Default\1466fced391afbb3e59d908e52cee9e0.bundle,True,True,
9772,Assets/Game/RawAssets/Sprite/Activity/Icon/icon_36.png,,4823,assets_game_rawassets_sprite_activity_icon.bundle,1466fced391afbb3e59d908e52cee9e0.bundle,200591,resources\assets\yoo\Default\1466fced391afbb3e59d908e52cee9e0.bundle,True,True,
9773,Assets/Game/RawAssets/Sprite/Activity/Icon/icon_37.png,,4823,assets_game_rawassets_sprite_activity_icon.bundle,1466fced391afbb3e59d908e52cee9e0.bundle,200591,resources\assets\yoo\Default\1466fced391afbb3e59d908e52cee9e0.bundle,True,True,
9774,Assets/Game/RawAssets/Sprite/Activity/Icon/icon_38.png,,4823,assets_game_rawassets_sprite_activity_icon.bundle,1466fced391afbb3e59d908e52cee9e0.bundle,200591,resources\assets\yoo\Default\1466fced391afbb3e59d908e52cee9e0.bundle,True,True,
9775,Assets/Game/RawAssets/Sprite/Activity/Icon/icon_39.png,,4823,assets_game_rawassets_sprite_activity_icon.bundle,1466fced391afbb3e59d908e52cee9e0.bundle,200591,resources\assets\yoo\Default\1466fced391afbb3e59d908e52cee9e0.bundle,True,True,
9776,Assets/Game/RawAssets/Sprite/Activity/Icon/icon_40.png,,4823,assets_game_rawassets_sprite_activity_icon.bundle,1466fced391afbb3e59d908e52cee9e0.bundle,200591,resources\assets\yoo\Default\1466fced391afbb3e59d908e52cee9e0.bundle,True,True,
9777,Assets/Game/RawAssets/Sprite/Activity/Icon/icon_41.png,,4823,assets_game_rawassets_sprite_activity_icon.bundle,1466fced391afbb3e59d908e52cee9e0.bundle,200591,resources\assets\yoo\Default\1466fced391afbb3e59d908e52cee9e0.bundle,True,True,
10550,Assets/Game/RawAssets/Sprite/BackGround/activity_a17_bg_01.png,,5027,assets_game_rawassets_sprite_background_activity_a17_bg_01.bundle,9f59495a5e4845bf66b3daf5fa03f3c7.bundle,445981,resources\assets\yoo\Default\9f59495a5e4845bf66b3daf5fa03f3c7.bundle,True,True,
10605,Assets/Game/RawAssets/Sprite/BackGround/announcement_bg_02.png,,5080,assets_game_rawassets_sprite_background_announcement_bg_02.bundle,125d1c352254556c8e24518c86749f9e.bundle,38999,resources\assets\yoo\Default\125d1c352254556c8e24518c86749f9e.bundle,True,True,
10686,Assets/Game/RawAssets/Sprite/BackGround/Comic/101.png,,5160,assets_game_rawassets_sprite_background_comic_101.bundle,489e078a9985e6cabf6bb10af474c736.bundle,2378983,resources\assets\yoo\Default\489e078a9985e6cabf6bb10af474c736.bundle,True,True,
10687,Assets/Game/RawAssets/Sprite/BackGround/Comic/102.png,,5161,assets_game_rawassets_sprite_background_comic_102.bundle,b3e8fe7a262bacb53c03feffa35ae331.bundle,2354737,resources\assets\yoo\Default\b3e8fe7a262bacb53c03feffa35ae331.bundle,True,True,
10688,Assets/Game/RawAssets/Sprite/BackGround/Comic/103.png,,5162,assets_game_rawassets_sprite_background_comic_103.bundle,12d688f190e439af2110ad1f5bc8cce4.bundle,3494160,resources\assets\yoo\Default\12d688f190e439af2110ad1f5bc8cce4.bundle,True,True,
10689,Assets/Game/RawAssets/Sprite/BackGround/Comic/104.png,,5163,assets_game_rawassets_sprite_background_comic_104.bundle,8d121947e6b91edafa9205d52d810041.bundle,3234717,resources\assets\yoo\Default\8d121947e6b91edafa9205d52d810041.bundle,True,True,
10690,Assets/Game/RawAssets/Sprite/BackGround/Comic/105.png,,5164,assets_game_rawassets_sprite_background_comic_105.bundle,c5ca03783fe33e43c9b85f61ab8a41c9.bundle,3026861,resources\assets\yoo\Default\c5ca03783fe33e43c9b85f61ab8a41c9.bundle,True,True,
10691,Assets/Game/RawAssets/Sprite/BackGround/Comic/106.png,,5165,assets_game_rawassets_sprite_background_comic_106.bundle,5884dd449829d1d62a200d66aa3d8077.bundle,2556198,resources\assets\yoo\Default\5884dd449829d1d62a200d66aa3d8077.bundle,True,True,
10692,Assets/Game/RawAssets/Sprite/BackGround/Comic/107.png,,5166,assets_game_rawassets_sprite_background_comic_107.bundle,9a6e7b84c835ff62049bb65a662c859f.bundle,2067342,resources\assets\yoo\Default\9a6e7b84c835ff62049bb65a662c859f.bundle,True,True,
10693,Assets/Game/RawAssets/Sprite/BackGround/Comic/108.png,,5167,assets_game_rawassets_sprite_background_comic_108.bundle,80269d0e157e00029053d7ba115b9b57.bundle,3061040,resources\assets\yoo\Default\80269d0e157e00029053d7ba115b9b57.bundle,True,True,
10694,Assets/Game/RawAssets/Sprite/BackGround/Comic/left.png,,5168,assets_game_rawassets_sprite_background_comic_left.bundle,4e222bd958930baa696fd64823803560.bundle,16396,resources\assets\yoo\Default\4e222bd958930baa696fd64823803560.bundle,True,True,
10695,Assets/Game/RawAssets/Sprite/BackGround/Comic/right.png,,5169,assets_game_rawassets_sprite_background_comic_right.bundle,7e0eabae8c4892ba86d2199030c830fe.bundle,17591,resources\assets\yoo\Default\7e0eabae8c4892ba86d2199030c830fe.bundle,True,True,
10699,Assets/Game/RawAssets/Sprite/BackGround/common_bg_02.png,,5173,assets_game_rawassets_sprite_background_common_bg_02.bundle,c7bc9aee6ed15ec3abe9b7000809c1ad.bundle,11718,resources\assets\yoo\Default\c7bc9aee6ed15ec3abe9b7000809c1ad.bundle,True,True,
10700,Assets/Game/RawAssets/Sprite/BackGround/common_bg_03.png,,5174,assets_game_rawassets_sprite_background_common_bg_03.bundle,bb11902dbcc9ffec46423a368d36a6f5.bundle,11890,resources\assets\yoo\Default\bb11902dbcc9ffec46423a368d36a6f5.bundle,True,True,
10704,Assets/Game/RawAssets/Sprite/BackGround/common_bg_07.png,,5178,assets_game_rawassets_sprite_background_common_bg_07.bundle,134c6b09a037418ea9b7807ca337929e.bundle,15267,resources\assets\yoo\Default\134c6b09a037418ea9b7807ca337929e.bundle,True,True,
10809,Assets/Game/RawAssets/Sprite/BackGround/hero_img_138.png,,5281,assets_game_rawassets_sprite_background_hero_img_138.bundle,9e771a053d670154a04b940828cd1ed5.bundle,46399,resources\assets\yoo\Default\9e771a053d670154a04b940828cd1ed5.bundle,True,True,
10815,Assets/Game/RawAssets/Sprite/BackGround/illustration_bg_2.png,,5287,assets_game_rawassets_sprite_background_illustration_bg_2.bundle,3044e169d2d31219bd8c93069b5c8b6a.bundle,471113,resources\assets\yoo\Default\3044e169d2d31219bd8c93069b5c8b6a.bundle,True,True,
10824,Assets/Game/RawAssets/Sprite/BackGround/loading_bg_01.png,,5296,assets_game_rawassets_sprite_background_loading_bg_01.bundle,8a5fac502f72842c7f473e5d601f5ad4.bundle,505197,resources\assets\yoo\Default\8a5fac502f72842c7f473e5d601f5ad4.bundle,True,True,
10825,Assets/Game/RawAssets/Sprite/BackGround/loading_bg_01h.png,,5297,assets_game_rawassets_sprite_background_loading_bg_01h.bundle,4173d54e070db7f05264a571ed669340.bundle,505208,resources\assets\yoo\Default\4173d54e070db7f05264a571ed669340.bundle,True,True,
10826,Assets/Game/RawAssets/Sprite/BackGround/login_bg_01.png,,5298,assets_game_rawassets_sprite_background_login_bg_01.bundle,647bb3f8d07da0f5cd3a427cfe667d46.bundle,545806,resources\assets\yoo\Default\647bb3f8d07da0f5cd3a427cfe667d46.bundle,True,True,
10840,Assets/Game/RawAssets/Sprite/BackGround/mainui_bg_01.png,,5312,assets_game_rawassets_sprite_background_mainui_bg_01.bundle,49b67212a5ba7c5e4687eac6a8a4be81.bundle,531434,resources\assets\yoo\Default\49b67212a5ba7c5e4687eac6a8a4be81.bundle,True,True,
10935,Assets/Game/RawAssets/Sprite/BackGround/story_bg_01.png,,5398,assets_game_rawassets_sprite_background_story_bg_01.bundle,5e68b72b0ae4ab87561200b5c2cd3fe4.bundle,1150334,resources\assets\yoo\Default\5e68b72b0ae4ab87561200b5c2cd3fe4.bundle,True,True,
10936,Assets/Game/RawAssets/Sprite/BackGround/story_bg_02.png,,5399,assets_game_rawassets_sprite_background_story_bg_02.bundle,bf4701484fbdf1717e917471966815ce.bundle,533394,resources\assets\yoo\Default\bf4701484fbdf1717e917471966815ce.bundle,True,True,
10944,Assets/Game/RawAssets/Sprite/BackGround/story_bg_10.png,,5407,assets_game_rawassets_sprite_background_story_bg_10.bundle,5f4ef493345cd7f582cfa02e04ac7f4f.bundle,3455918,resources\assets\yoo\Default\5f4ef493345cd7f582cfa02e04ac7f4f.bundle,True,True,
10945,Assets/Game/RawAssets/Sprite/BackGround/story_bg_11.png,,5408,assets_game_rawassets_sprite_background_story_bg_11.bundle,4bcf599c0469d0dd8f91c412be02edfb.bundle,3225171,resources\assets\yoo\Default\4bcf599c0469d0dd8f91c412be02edfb.bundle,True,True,
10946,Assets/Game/RawAssets/Sprite/BackGround/story_bg_12.png,,5409,assets_game_rawassets_sprite_background_story_bg_12.bundle,fb7f3634544d2997329d5864df1047cd.bundle,2601489,resources\assets\yoo\Default\fb7f3634544d2997329d5864df1047cd.bundle,True,True,
10947,Assets/Game/RawAssets/Sprite/BackGround/story_bg_13.png,,5410,assets_game_rawassets_sprite_background_story_bg_13.bundle,1c35015de38ac5cc1ed2dc01705585df.bundle,1891873,resources\assets\yoo\Default\1c35015de38ac5cc1ed2dc01705585df.bundle,True,True,
10949,Assets/Game/RawAssets/Sprite/BackGround/story_bg_14.png,,5412,assets_game_rawassets_sprite_background_story_bg_14.bundle,10727911c66d30b67bf5b43dcf6db09f.bundle,2668074,resources\assets\yoo\Default\10727911c66d30b67bf5b43dcf6db09f.bundle,True,True,
10987,Assets/Game/RawAssets/Sprite/Battle/Battle.spriteatlas,,5434,assets_game_rawassets_sprite_battle.bundle,e44f90bfa61131bce038b38345cfe380.bundle,413959,resources\assets\yoo\Default\e44f90bfa61131bce038b38345cfe380.bundle,True,True,
10988,Assets/Game/RawAssets/Sprite/Battle/battle_btn_01.png,,5434,assets_game_rawassets_sprite_battle.bundle,e44f90bfa61131bce038b38345cfe380.bundle,413959,resources\assets\yoo\Default\e44f90bfa61131bce038b38345cfe380.bundle,True,True,
10989,Assets/Game/RawAssets/Sprite/Battle/battle_btn_02.png,,5434,assets_game_rawassets_sprite_battle.bundle,e44f90bfa61131bce038b38345cfe380.bundle,413959,resources\assets\yoo\Default\e44f90bfa61131bce038b38345cfe380.bundle,True,True,
10990,Assets/Game/RawAssets/Sprite/Battle/battle_btn_03.png,,5434,assets_game_rawassets_sprite_battle.bundle,e44f90bfa61131bce038b38345cfe380.bundle,413959,resources\assets\yoo\Default\e44f90bfa61131bce038b38345cfe380.bundle,True,True,
10991,Assets/Game/RawAssets/Sprite/Battle/battle_btn_04.png,,5434,assets_game_rawassets_sprite_battle.bundle,e44f90bfa61131bce038b38345cfe380.bundle,413959,resources\assets\yoo\Default\e44f90bfa61131bce038b38345cfe380.bundle,True,True,
10992,Assets/Game/RawAssets/Sprite/Battle/battle_btn_05.png,,5434,assets_game_rawassets_sprite_battle.bundle,e44f90bfa61131bce038b38345cfe380.bundle,413959,resources\assets\yoo\Default\e44f90bfa61131bce038b38345cfe380.bundle,True,True,
10993,Assets/Game/RawAssets/Sprite/Battle/battle_btn_06.png,,5434,assets_game_rawassets_sprite_battle.bundle,e44f90bfa61131bce038b38345cfe380.bundle,413959,resources\assets\yoo\Default\e44f90bfa61131bce038b38345cfe380.bundle,True,True,
10994,Assets/Game/RawAssets/Sprite/Battle/battle_btn_07.png,,5434,assets_game_rawassets_sprite_battle.bundle,e44f90bfa61131bce038b38345cfe380.bundle,413959,resources\assets\yoo\Default\e44f90bfa61131bce038b38345cfe380.bundle,True,True,
10995,Assets/Game/RawAssets/Sprite/Battle/battle_btn_08.png,,5434,assets_game_rawassets_sprite_battle.bundle,e44f90bfa61131bce038b38345cfe380.bundle,413959,resources\assets\yoo\Default\e44f90bfa61131bce038b38345cfe380.bundle,True,True,
10996,Assets/Game/RawAssets/Sprite/Battle/battle_btn_09.png,,5434,assets_game_rawassets_sprite_battle.bundle,e44f90bfa61131bce038b38345cfe380.bundle,413959,resources\assets\yoo\Default\e44f90bfa61131bce038b38345cfe380.bundle,True,True,
10997,Assets/Game/RawAssets/Sprite/Battle/battle_img_08.png,,5434,assets_game_rawassets_sprite_battle.bundle,e44f90bfa61131bce038b38345cfe380.bundle,413959,resources\assets\yoo\Default\e44f90bfa61131bce038b38345cfe380.bundle,True,True,
10998,Assets/Game/RawAssets/Sprite/Battle/battle_img_09.png,,5434,assets_game_rawassets_sprite_battle.bundle,e44f90bfa61131bce038b38345cfe380.bundle,413959,resources\assets\yoo\Default\e44f90bfa61131bce038b38345cfe380.bundle,True,True,
10999,Assets/Game/RawAssets/Sprite/Battle/battle_img_10.png,,5434,assets_game_rawassets_sprite_battle.bundle,e44f90bfa61131bce038b38345cfe380.bundle,413959,resources\assets\yoo\Default\e44f90bfa61131bce038b38345cfe380.bundle,True,True,
11000,Assets/Game/RawAssets/Sprite/Battle/battle_img_11.png,,5434,assets_game_rawassets_sprite_battle.bundle,e44f90bfa61131bce038b38345cfe380.bundle,413959,resources\assets\yoo\Default\e44f90bfa61131bce038b38345cfe380.bundle,True,True,
11001,Assets/Game/RawAssets/Sprite/Battle/battle_img_12.png,,5434,assets_game_rawassets_sprite_battle.bundle,e44f90bfa61131bce038b38345cfe380.bundle,413959,resources\assets\yoo\Default\e44f90bfa61131bce038b38345cfe380.bundle,True,True,
11002,Assets/Game/RawAssets/Sprite/Battle/battle_img_14.png,,5435,assets_game_rawassets_sprite_battle_battle_img_14.bundle,43e219a4913d87734ec9c651bd6632d8.bundle,8151,resources\assets\yoo\Default\43e219a4913d87734ec9c651bd6632d8.bundle,True,True,
11003,Assets/Game/RawAssets/Sprite/Battle/battle_img_15.png,,5434,assets_game_rawassets_sprite_battle.bundle,e44f90bfa61131bce038b38345cfe380.bundle,413959,resources\assets\yoo\Default\e44f90bfa61131bce038b38345cfe380.bundle,True,True,
11004,Assets/Game/RawAssets/Sprite/Battle/battle_img_16.png,,5434,assets_game_rawassets_sprite_battle.bundle,e44f90bfa61131bce038b38345cfe380.bundle,413959,resources\assets\yoo\Default\e44f90bfa61131bce038b38345cfe380.bundle,True,True,
11005,Assets/Game/RawAssets/Sprite/Battle/battle_img_17.png,,5434,assets_game_rawassets_sprite_battle.bundle,e44f90bfa61131bce038b38345cfe380.bundle,413959,resources\assets\yoo\Default\e44f90bfa61131bce038b38345cfe380.bundle,True,True,
11006,Assets/Game/RawAssets/Sprite/Battle/battle_img_18.png,,5434,assets_game_rawassets_sprite_battle.bundle,e44f90bfa61131bce038b38345cfe380.bundle,413959,resources\assets\yoo\Default\e44f90bfa61131bce038b38345cfe380.bundle,True,True,
11007,Assets/Game/RawAssets/Sprite/Battle/battle_img_19.png,,5434,assets_game_rawassets_sprite_battle.bundle,e44f90bfa61131bce038b38345cfe380.bundle,413959,resources\assets\yoo\Default\e44f90bfa61131bce038b38345cfe380.bundle,True,True,
11008,Assets/Game/RawAssets/Sprite/Battle/battle_img_20.png,,5436,assets_game_rawassets_sprite_battle_battle_img_20.bundle,15de087d33c772517b487b8dff3c5982.bundle,310127,resources\assets\yoo\Default\15de087d33c772517b487b8dff3c5982.bundle,True,True,
11009,Assets/Game/RawAssets/Sprite/Battle/battle_img_20a.png,,5437,assets_game_rawassets_sprite_battle_battle_img_20a.bundle,102ab00e34bc7dd8d47fe99e698b272a.bundle,227743,resources\assets\yoo\Default\102ab00e34bc7dd8d47fe99e698b272a.bundle,True,True,
11010,Assets/Game/RawAssets/Sprite/Battle/battle_img_20b.png,,5434,assets_game_rawassets_sprite_battle.bundle,e44f90bfa61131bce038b38345cfe380.bundle,413959,resources\assets\yoo\Default\e44f90bfa61131bce038b38345cfe380.bundle,True,True,
11011,Assets/Game/RawAssets/Sprite/Battle/battle_img_20c.png,,5434,assets_game_rawassets_sprite_battle.bundle,e44f90bfa61131bce038b38345cfe380.bundle,413959,resources\assets\yoo\Default\e44f90bfa61131bce038b38345cfe380.bundle,True,True,
11012,Assets/Game/RawAssets/Sprite/Battle/battle_img_20d.png,,5438,assets_game_rawassets_sprite_battle_battle_img_20d.bundle,f87cc7e56deb535a05e530eb519d82c6.bundle,160991,resources\assets\yoo\Default\f87cc7e56deb535a05e530eb519d82c6.bundle,True,True,
11013,Assets/Game/RawAssets/Sprite/Battle/battle_img_20e.png,,5439,assets_game_rawassets_sprite_battle_battle_img_20e.bundle,7ac7aa340572a2a1e05ac7e1da444093.bundle,215143,resources\assets\yoo\Default\7ac7aa340572a2a1e05ac7e1da444093.bundle,True,True,
11014,Assets/Game/RawAssets/Sprite/Battle/battle_img_20f.png,,5434,assets_game_rawassets_sprite_battle.bundle,e44f90bfa61131bce038b38345cfe380.bundle,413959,resources\assets\yoo\Default\e44f90bfa61131bce038b38345cfe380.bundle,True,True,
11015,Assets/Game/RawAssets/Sprite/Battle/battle_img_20g.png,,5434,assets_game_rawassets_sprite_battle.bundle,e44f90bfa61131bce038b38345cfe380.bundle,413959,resources\assets\yoo\Default\e44f90bfa61131bce038b38345cfe380.bundle,True,True,
11016,Assets/Game/RawAssets/Sprite/Battle/battle_img_20h.png,,5434,assets_game_rawassets_sprite_battle.bundle,e44f90bfa61131bce038b38345cfe380.bundle,413959,resources\assets\yoo\Default\e44f90bfa61131bce038b38345cfe380.bundle,True,True,
11017,Assets/Game/RawAssets/Sprite/Battle/battle_img_20i.png,,5434,assets_game_rawassets_sprite_battle.bundle,e44f90bfa61131bce038b38345cfe380.bundle,413959,resources\assets\yoo\Default\e44f90bfa61131bce038b38345cfe380.bundle,True,True,
11018,Assets/Game/RawAssets/Sprite/Battle/battle_img_20j.png,,5434,assets_game_rawassets_sprite_battle.bundle,e44f90bfa61131bce038b38345cfe380.bundle,413959,resources\assets\yoo\Default\e44f90bfa61131bce038b38345cfe380.bundle,True,True,
11019,Assets/Game/RawAssets/Sprite/Battle/battle_img_20k.png,,5434,assets_game_rawassets_sprite_battle.bundle,e44f90bfa61131bce038b38345cfe380.bundle,413959,resources\assets\yoo\Default\e44f90bfa61131bce038b38345cfe380.bundle,True,True,
11020,Assets/Game/RawAssets/Sprite/Battle/battle_img_20l.png,,5434,assets_game_rawassets_sprite_battle.bundle,e44f90bfa61131bce038b38345cfe380.bundle,413959,resources\assets\yoo\Default\e44f90bfa61131bce038b38345cfe380.bundle,True,True,
11023,Assets/Game/RawAssets/Sprite/Battle/battle_img_23.png,,5442,assets_game_rawassets_sprite_battle_battle_img_23.bundle,bc790ddb28323fdd869eccb58555e89f.bundle,4629,resources\assets\yoo\Default\bc790ddb28323fdd869eccb58555e89f.bundle,True,True,
11024,Assets/Game/RawAssets/Sprite/Battle/battle_img_24.png,,5443,assets_game_rawassets_sprite_battle_battle_img_24.bundle,ad8a260421d5b09b9db25a6bc7b82c73.bundle,4475,resources\assets\yoo\Default\ad8a260421d5b09b9db25a6bc7b82c73.bundle,True,True,
11025,Assets/Game/RawAssets/Sprite/Battle/battle_img_25.png,,5434,assets_game_rawassets_sprite_battle.bundle,e44f90bfa61131bce038b38345cfe380.bundle,413959,resources\assets\yoo\Default\e44f90bfa61131bce038b38345cfe380.bundle,True,True,
11026,Assets/Game/RawAssets/Sprite/Battle/battle_img_26.png,,5434,assets_game_rawassets_sprite_battle.bundle,e44f90bfa61131bce038b38345cfe380.bundle,413959,resources\assets\yoo\Default\e44f90bfa61131bce038b38345cfe380.bundle,True,True,
11027,Assets/Game/RawAssets/Sprite/Battle/battle_img_27.png,,5434,assets_game_rawassets_sprite_battle.bundle,e44f90bfa61131bce038b38345cfe380.bundle,413959,resources\assets\yoo\Default\e44f90bfa61131bce038b38345cfe380.bundle,True,True,
11029,Assets/Game/RawAssets/Sprite/Battle/battle_img_29.png,,5434,assets_game_rawassets_sprite_battle.bundle,e44f90bfa61131bce038b38345cfe380.bundle,413959,resources\assets\yoo\Default\e44f90bfa61131bce038b38345cfe380.bundle,True,True,
11030,Assets/Game/RawAssets/Sprite/Battle/battle_img_30.png,,5434,assets_game_rawassets_sprite_battle.bundle,e44f90bfa61131bce038b38345cfe380.bundle,413959,resources\assets\yoo\Default\e44f90bfa61131bce038b38345cfe380.bundle,True,True,
11031,Assets/Game/RawAssets/Sprite/Battle/battle_img_31.png,,5434,assets_game_rawassets_sprite_battle.bundle,e44f90bfa61131bce038b38345cfe380.bundle,413959,resources\assets\yoo\Default\e44f90bfa61131bce038b38345cfe380.bundle,True,True,
11032,Assets/Game/RawAssets/Sprite/Battle/battle_img_32.png,,5434,assets_game_rawassets_sprite_battle.bundle,e44f90bfa61131bce038b38345cfe380.bundle,413959,resources\assets\yoo\Default\e44f90bfa61131bce038b38345cfe380.bundle,True,True,
11033,Assets/Game/RawAssets/Sprite/Battle/battle_img_33.png,,5434,assets_game_rawassets_sprite_battle.bundle,e44f90bfa61131bce038b38345cfe380.bundle,413959,resources\assets\yoo\Default\e44f90bfa61131bce038b38345cfe380.bundle,True,True,
11034,Assets/Game/RawAssets/Sprite/Battle/battle_img_34.png,,5434,assets_game_rawassets_sprite_battle.bundle,e44f90bfa61131bce038b38345cfe380.bundle,413959,resources\assets\yoo\Default\e44f90bfa61131bce038b38345cfe380.bundle,True,True,
11035,Assets/Game/RawAssets/Sprite/Battle/battle_img_35.png,,5434,assets_game_rawassets_sprite_battle.bundle,e44f90bfa61131bce038b38345cfe380.bundle,413959,resources\assets\yoo\Default\e44f90bfa61131bce038b38345cfe380.bundle,True,True,
11036,Assets/Game/RawAssets/Sprite/Battle/battle_img_36.png,,5434,assets_game_rawassets_sprite_battle.bundle,e44f90bfa61131bce038b38345cfe380.bundle,413959,resources\assets\yoo\Default\e44f90bfa61131bce038b38345cfe380.bundle,True,True,
11037,Assets/Game/RawAssets/Sprite/Battle/battle_img_37.png,,5434,assets_game_rawassets_sprite_battle.bundle,e44f90bfa61131bce038b38345cfe380.bundle,413959,resources\assets\yoo\Default\e44f90bfa61131bce038b38345cfe380.bundle,True,True,
11038,Assets/Game/RawAssets/Sprite/Battle/battle_img_38.png,,5434,assets_game_rawassets_sprite_battle.bundle,e44f90bfa61131bce038b38345cfe380.bundle,413959,resources\assets\yoo\Default\e44f90bfa61131bce038b38345cfe380.bundle,True,True,
11039,Assets/Game/RawAssets/Sprite/Battle/battle_img_39.png,,5434,assets_game_rawassets_sprite_battle.bundle,e44f90bfa61131bce038b38345cfe380.bundle,413959,resources\assets\yoo\Default\e44f90bfa61131bce038b38345cfe380.bundle,True,True,
11040,Assets/Game/RawAssets/Sprite/Battle/battle_img_40.png,,5445,assets_game_rawassets_sprite_battle_battle_img_40.bundle,1c7d4ea0d6f0ef0d74fec0d96af521bd.bundle,4468,resources\assets\yoo\Default\1c7d4ea0d6f0ef0d74fec0d96af521bd.bundle,True,True,
11042,Assets/Game/RawAssets/Sprite/Battle/battle_img_43.png,,5434,assets_game_rawassets_sprite_battle.bundle,e44f90bfa61131bce038b38345cfe380.bundle,413959,resources\assets\yoo\Default\e44f90bfa61131bce038b38345cfe380.bundle,True,True,
11043,Assets/Game/RawAssets/Sprite/Battle/battle_img_44.png,,5434,assets_game_rawassets_sprite_battle.bundle,e44f90bfa61131bce038b38345cfe380.bundle,413959,resources\assets\yoo\Default\e44f90bfa61131bce038b38345cfe380.bundle,True,True,
11044,Assets/Game/RawAssets/Sprite/Battle/battle_img_45.png,,5434,assets_game_rawassets_sprite_battle.bundle,e44f90bfa61131bce038b38345cfe380.bundle,413959,resources\assets\yoo\Default\e44f90bfa61131bce038b38345cfe380.bundle,True,True,
11045,Assets/Game/RawAssets/Sprite/Battle/battle_img_46.png,,5434,assets_game_rawassets_sprite_battle.bundle,e44f90bfa61131bce038b38345cfe380.bundle,413959,resources\assets\yoo\Default\e44f90bfa61131bce038b38345cfe380.bundle,True,True,
11046,Assets/Game/RawAssets/Sprite/Battle/battle_img_47.png,,5434,assets_game_rawassets_sprite_battle.bundle,e44f90bfa61131bce038b38345cfe380.bundle,413959,resources\assets\yoo\Default\e44f90bfa61131bce038b38345cfe380.bundle,True,True,
11047,Assets/Game/RawAssets/Sprite/Battle/battle_imgLose_01.png,,5434,assets_game_rawassets_sprite_battle.bundle,e44f90bfa61131bce038b38345cfe380.bundle,413959,resources\assets\yoo\Default\e44f90bfa61131bce038b38345cfe380.bundle,True,True,
11048,Assets/Game/RawAssets/Sprite/Battle/battle_imgLose_02_1.png,,5434,assets_game_rawassets_sprite_battle.bundle,e44f90bfa61131bce038b38345cfe380.bundle,413959,resources\assets\yoo\Default\e44f90bfa61131bce038b38345cfe380.bundle,True,True,
11049,Assets/Game/RawAssets/Sprite/Battle/battle_imgLose_02_2.png,,5434,assets_game_rawassets_sprite_battle.bundle,e44f90bfa61131bce038b38345cfe380.bundle,413959,resources\assets\yoo\Default\e44f90bfa61131bce038b38345cfe380.bundle,True,True,
11050,Assets/Game/RawAssets/Sprite/Battle/battle_imgLose_02_3.png,,5434,assets_game_rawassets_sprite_battle.bundle,e44f90bfa61131bce038b38345cfe380.bundle,413959,resources\assets\yoo\Default\e44f90bfa61131bce038b38345cfe380.bundle,True,True,
11051,Assets/Game/RawAssets/Sprite/Battle/battle_imgLose_03_1.png,,5434,assets_game_rawassets_sprite_battle.bundle,e44f90bfa61131bce038b38345cfe380.bundle,413959,resources\assets\yoo\Default\e44f90bfa61131bce038b38345cfe380.bundle,True,True,
11052,Assets/Game/RawAssets/Sprite/Battle/battle_imgLose_03_2.png,,5434,assets_game_rawassets_sprite_battle.bundle,e44f90bfa61131bce038b38345cfe380.bundle,413959,resources\assets\yoo\Default\e44f90bfa61131bce038b38345cfe380.bundle,True,True,
11053,Assets/Game/RawAssets/Sprite/Battle/battle_imgLose_03_3.png,,5447,assets_game_rawassets_sprite_battle_battle_imglose_03_3.bundle,4a439e70c0efaa9e82e544a7edb317b2.bundle,46045,resources\assets\yoo\Default\4a439e70c0efaa9e82e544a7edb317b2.bundle,True,True,
11054,Assets/Game/RawAssets/Sprite/Battle/battle_imgLose_03_4.png,,5434,assets_game_rawassets_sprite_battle.bundle,e44f90bfa61131bce038b38345cfe380.bundle,413959,resources\assets\yoo\Default\e44f90bfa61131bce038b38345cfe380.bundle,True,True,
11055,Assets/Game/RawAssets/Sprite/Battle/battle_imgLose_03_5.png,,5434,assets_game_rawassets_sprite_battle.bundle,e44f90bfa61131bce038b38345cfe380.bundle,413959,resources\assets\yoo\Default\e44f90bfa61131bce038b38345cfe380.bundle,True,True,
11056,Assets/Game/RawAssets/Sprite/Battle/battle_imgLose_03_6.png,,5434,assets_game_rawassets_sprite_battle.bundle,e44f90bfa61131bce038b38345cfe380.bundle,413959,resources\assets\yoo\Default\e44f90bfa61131bce038b38345cfe380.bundle,True,True,
11057,Assets/Game/RawAssets/Sprite/Battle/battle_imgLose_03_7.png,,5434,assets_game_rawassets_sprite_battle.bundle,e44f90bfa61131bce038b38345cfe380.bundle,413959,resources\assets\yoo\Default\e44f90bfa61131bce038b38345cfe380.bundle,True,True,
11058,Assets/Game/RawAssets/Sprite/Battle/battle_imgLose_04.png,,5434,assets_game_rawassets_sprite_battle.bundle,e44f90bfa61131bce038b38345cfe380.bundle,413959,resources\assets\yoo\Default\e44f90bfa61131bce038b38345cfe380.bundle,True,True,
11059,Assets/Game/RawAssets/Sprite/Battle/battle_imgLose_05.png,,5448,assets_game_rawassets_sprite_battle_battle_imglose_05.bundle,4e1654b8b5a2f999897c846dff4eaef8.bundle,29953,resources\assets\yoo\Default\4e1654b8b5a2f999897c846dff4eaef8.bundle,True,True,
11060,Assets/Game/RawAssets/Sprite/Battle/battle_imgLose_06.png,,5449,assets_game_rawassets_sprite_battle_battle_imglose_06.bundle,e09b122e36e4cb6b70d7a935e892428a.bundle,97809,resources\assets\yoo\Default\e09b122e36e4cb6b70d7a935e892428a.bundle,True,True,
11061,Assets/Game/RawAssets/Sprite/Battle/battle_imgWin_01.png,,5434,assets_game_rawassets_sprite_battle.bundle,e44f90bfa61131bce038b38345cfe380.bundle,413959,resources\assets\yoo\Default\e44f90bfa61131bce038b38345cfe380.bundle,True,True,
11062,Assets/Game/RawAssets/Sprite/Battle/battle_imgWin_02_1.png,,5434,assets_game_rawassets_sprite_battle.bundle,e44f90bfa61131bce038b38345cfe380.bundle,413959,resources\assets\yoo\Default\e44f90bfa61131bce038b38345cfe380.bundle,True,True,
11063,Assets/Game/RawAssets/Sprite/Battle/battle_imgWin_02_2.png,,5434,assets_game_rawassets_sprite_battle.bundle,e44f90bfa61131bce038b38345cfe380.bundle,413959,resources\assets\yoo\Default\e44f90bfa61131bce038b38345cfe380.bundle,True,True,
11064,Assets/Game/RawAssets/Sprite/Battle/battle_imgWin_02_3.png,,5434,assets_game_rawassets_sprite_battle.bundle,e44f90bfa61131bce038b38345cfe380.bundle,413959,resources\assets\yoo\Default\e44f90bfa61131bce038b38345cfe380.bundle,True,True,
11065,Assets/Game/RawAssets/Sprite/Battle/battle_imgWin_03_1.png,,5434,assets_game_rawassets_sprite_battle.bundle,e44f90bfa61131bce038b38345cfe380.bundle,413959,resources\assets\yoo\Default\e44f90bfa61131bce038b38345cfe380.bundle,True,True,
11066,Assets/Game/RawAssets/Sprite/Battle/battle_imgWin_03_2.png,,5434,assets_game_rawassets_sprite_battle.bundle,e44f90bfa61131bce038b38345cfe380.bundle,413959,resources\assets\yoo\Default\e44f90bfa61131bce038b38345cfe380.bundle,True,True,
11067,Assets/Game/RawAssets/Sprite/Battle/battle_imgWin_03_3.png,,5450,assets_game_rawassets_sprite_battle_battle_imgwin_03_3.bundle,9d71a3343dd5b1f6813dce08ba805154.bundle,32577,resources\assets\yoo\Default\9d71a3343dd5b1f6813dce08ba805154.bundle,True,True,
11068,Assets/Game/RawAssets/Sprite/Battle/battle_imgWin_03_4.png,,5434,assets_game_rawassets_sprite_battle.bundle,e44f90bfa61131bce038b38345cfe380.bundle,413959,resources\assets\yoo\Default\e44f90bfa61131bce038b38345cfe380.bundle,True,True,
11069,Assets/Game/RawAssets/Sprite/Battle/battle_imgWin_03_5.png,,5434,assets_game_rawassets_sprite_battle.bundle,e44f90bfa61131bce038b38345cfe380.bundle,413959,resources\assets\yoo\Default\e44f90bfa61131bce038b38345cfe380.bundle,True,True,
11070,Assets/Game/RawAssets/Sprite/Battle/battle_imgWin_03_6.png,,5434,assets_game_rawassets_sprite_battle.bundle,e44f90bfa61131bce038b38345cfe380.bundle,413959,resources\assets\yoo\Default\e44f90bfa61131bce038b38345cfe380.bundle,True,True,
11071,Assets/Game/RawAssets/Sprite/Battle/battle_imgWin_03_7.png,,5434,assets_game_rawassets_sprite_battle.bundle,e44f90bfa61131bce038b38345cfe380.bundle,413959,resources\assets\yoo\Default\e44f90bfa61131bce038b38345cfe380.bundle,True,True,
11072,Assets/Game/RawAssets/Sprite/Battle/battle_imgWin_04.png,,5434,assets_game_rawassets_sprite_battle.bundle,e44f90bfa61131bce038b38345cfe380.bundle,413959,resources\assets\yoo\Default\e44f90bfa61131bce038b38345cfe380.bundle,True,True,
11073,Assets/Game/RawAssets/Sprite/Battle/battle_imgWin_05.png,,5451,assets_game_rawassets_sprite_battle_battle_imgwin_05.bundle,75dffd7a845b383316c3af5525f43d8c.bundle,25450,resources\assets\yoo\Default\75dffd7a845b383316c3af5525f43d8c.bundle,True,True,
11074,Assets/Game/RawAssets/Sprite/Battle/battle_imgWin_06.png,,5452,assets_game_rawassets_sprite_battle_battle_imgwin_06.bundle,51bddfb2981994bfd47cafd7dc443c2c.bundle,63868,resources\assets\yoo\Default\51bddfb2981994bfd47cafd7dc443c2c.bundle,True,True,
11075,Assets/Game/RawAssets/Sprite/Battle/battle_imgWin_07.png,,5434,assets_game_rawassets_sprite_battle.bundle,e44f90bfa61131bce038b38345cfe380.bundle,413959,resources\assets\yoo\Default\e44f90bfa61131bce038b38345cfe380.bundle,True,True,
11076,Assets/Game/RawAssets/Sprite/Battle/battle_imgWin_line.png,,5434,assets_game_rawassets_sprite_battle.bundle,e44f90bfa61131bce038b38345cfe380.bundle,413959,resources\assets\yoo\Default\e44f90bfa61131bce038b38345cfe380.bundle,True,True,
11077,Assets/Game/RawAssets/Sprite/Battle/battle_txt_01.png,,5434,assets_game_rawassets_sprite_battle.bundle,e44f90bfa61131bce038b38345cfe380.bundle,413959,resources\assets\yoo\Default\e44f90bfa61131bce038b38345cfe380.bundle,True,True,
11078,Assets/Game/RawAssets/Sprite/Battle/battle_txt_02.png,,5434,assets_game_rawassets_sprite_battle.bundle,e44f90bfa61131bce038b38345cfe380.bundle,413959,resources\assets\yoo\Default\e44f90bfa61131bce038b38345cfe380.bundle,True,True,
11079,Assets/Game/RawAssets/Sprite/Battle/battle_txt_03a.png,,5434,assets_game_rawassets_sprite_battle.bundle,e44f90bfa61131bce038b38345cfe380.bundle,413959,resources\assets\yoo\Default\e44f90bfa61131bce038b38345cfe380.bundle,True,True,
11080,Assets/Game/RawAssets/Sprite/Battle/battle_txt_03b.png,,5434,assets_game_rawassets_sprite_battle.bundle,e44f90bfa61131bce038b38345cfe380.bundle,413959,resources\assets\yoo\Default\e44f90bfa61131bce038b38345cfe380.bundle,True,True,
11081,Assets/Game/RawAssets/Sprite/Battle/BattleUI/BattleUI.spriteatlas,,5453,assets_game_rawassets_sprite_battle_battleui.bundle,3f0c8fa750adc3466d6217e09fbceb8a.bundle,26571,resources\assets\yoo\Default\3f0c8fa750adc3466d6217e09fbceb8a.bundle,True,True,
11083,Assets/Game/RawAssets/Sprite/Battle/BattleUI/Fighting_btn_01.png,,5453,assets_game_rawassets_sprite_battle_battleui.bundle,3f0c8fa750adc3466d6217e09fbceb8a.bundle,26571,resources\assets\yoo\Default\3f0c8fa750adc3466d6217e09fbceb8a.bundle,True,True,
11084,Assets/Game/RawAssets/Sprite/Battle/BattleUI/Fighting_btn_03.png,,5453,assets_game_rawassets_sprite_battle_battleui.bundle,3f0c8fa750adc3466d6217e09fbceb8a.bundle,26571,resources\assets\yoo\Default\3f0c8fa750adc3466d6217e09fbceb8a.bundle,True,True,
11085,Assets/Game/RawAssets/Sprite/Battle/BattleUI/Fighting_btn_04.png,,5453,assets_game_rawassets_sprite_battle_battleui.bundle,3f0c8fa750adc3466d6217e09fbceb8a.bundle,26571,resources\assets\yoo\Default\3f0c8fa750adc3466d6217e09fbceb8a.bundle,True,True,
11086,Assets/Game/RawAssets/Sprite/Battle/BattleUI/Fighting_btn_05.png,,5453,assets_game_rawassets_sprite_battle_battleui.bundle,3f0c8fa750adc3466d6217e09fbceb8a.bundle,26571,resources\assets\yoo\Default\3f0c8fa750adc3466d6217e09fbceb8a.bundle,True,True,
11087,Assets/Game/RawAssets/Sprite/Battle/BattleUI/Fighting_btn_06.png,,5453,assets_game_rawassets_sprite_battle_battleui.bundle,3f0c8fa750adc3466d6217e09fbceb8a.bundle,26571,resources\assets\yoo\Default\3f0c8fa750adc3466d6217e09fbceb8a.bundle,True,True,
11088,Assets/Game/RawAssets/Sprite/Battle/BattleUI/Fighting_btn_07.png,,5453,assets_game_rawassets_sprite_battle_battleui.bundle,3f0c8fa750adc3466d6217e09fbceb8a.bundle,26571,resources\assets\yoo\Default\3f0c8fa750adc3466d6217e09fbceb8a.bundle,True,True,
11089,Assets/Game/RawAssets/Sprite/Battle/BattleUI/Fighting_btn_08.png,,5453,assets_game_rawassets_sprite_battle_battleui.bundle,3f0c8fa750adc3466d6217e09fbceb8a.bundle,26571,resources\assets\yoo\Default\3f0c8fa750adc3466d6217e09fbceb8a.bundle,True,True,
11090,Assets/Game/RawAssets/Sprite/Battle/BattleUI/Fighting_btn_09.png,,5453,assets_game_rawassets_sprite_battle_battleui.bundle,3f0c8fa750adc3466d6217e09fbceb8a.bundle,26571,resources\assets\yoo\Default\3f0c8fa750adc3466d6217e09fbceb8a.bundle,True,True,
11091,Assets/Game/RawAssets/Sprite/Battle/BattleUI/Fighting_btn_10.png,,5453,assets_game_rawassets_sprite_battle_battleui.bundle,3f0c8fa750adc3466d6217e09fbceb8a.bundle,26571,resources\assets\yoo\Default\3f0c8fa750adc3466d6217e09fbceb8a.bundle,True,True,
11092,Assets/Game/RawAssets/Sprite/Battle/BattleUI/Fighting_btn_11.png,,5453,assets_game_rawassets_sprite_battle_battleui.bundle,3f0c8fa750adc3466d6217e09fbceb8a.bundle,26571,resources\assets\yoo\Default\3f0c8fa750adc3466d6217e09fbceb8a.bundle,True,True,
11093,Assets/Game/RawAssets/Sprite/Battle/BattleUI/guidance_btn_01.png,,5453,assets_game_rawassets_sprite_battle_battleui.bundle,3f0c8fa750adc3466d6217e09fbceb8a.bundle,26571,resources\assets\yoo\Default\3f0c8fa750adc3466d6217e09fbceb8a.bundle,True,True,
11094,Assets/Game/RawAssets/Sprite/Battle/BattleUI/guidance_btn_02.png,,5453,assets_game_rawassets_sprite_battle_battleui.bundle,3f0c8fa750adc3466d6217e09fbceb8a.bundle,26571,resources\assets\yoo\Default\3f0c8fa750adc3466d6217e09fbceb8a.bundle,True,True,
11095,Assets/Game/RawAssets/Sprite/Battle/BuffIcon/armor_down.png,,5455,assets_game_rawassets_sprite_battle_bufficon.bundle,16370f00a5e02709a75ee1ad63ae8dee.bundle,199625,resources\assets\yoo\Default\16370f00a5e02709a75ee1ad63ae8dee.bundle,True,True,
11096,Assets/Game/RawAssets/Sprite/Battle/BuffIcon/armor_up.png,,5455,assets_game_rawassets_sprite_battle_bufficon.bundle,16370f00a5e02709a75ee1ad63ae8dee.bundle,199625,resources\assets\yoo\Default\16370f00a5e02709a75ee1ad63ae8dee.bundle,True,True,
11097,Assets/Game/RawAssets/Sprite/Battle/BuffIcon/atk_down.png,,5455,assets_game_rawassets_sprite_battle_bufficon.bundle,16370f00a5e02709a75ee1ad63ae8dee.bundle,199625,resources\assets\yoo\Default\16370f00a5e02709a75ee1ad63ae8dee.bundle,True,True,
11098,Assets/Game/RawAssets/Sprite/Battle/BuffIcon/atk_up.png,,5455,assets_game_rawassets_sprite_battle_bufficon.bundle,16370f00a5e02709a75ee1ad63ae8dee.bundle,199625,resources\assets\yoo\Default\16370f00a5e02709a75ee1ad63ae8dee.bundle,True,True,
11099,Assets/Game/RawAssets/Sprite/Battle/BuffIcon/battle_img_09.png,,5455,assets_game_rawassets_sprite_battle_bufficon.bundle,16370f00a5e02709a75ee1ad63ae8dee.bundle,199625,resources\assets\yoo\Default\16370f00a5e02709a75ee1ad63ae8dee.bundle,True,True,
11100,Assets/Game/RawAssets/Sprite/Battle/BuffIcon/battle_img_10.png,,5455,assets_game_rawassets_sprite_battle_bufficon.bundle,16370f00a5e02709a75ee1ad63ae8dee.bundle,199625,resources\assets\yoo\Default\16370f00a5e02709a75ee1ad63ae8dee.bundle,True,True,
11101,Assets/Game/RawAssets/Sprite/Battle/BuffIcon/battle_img_11.png,,5455,assets_game_rawassets_sprite_battle_bufficon.bundle,16370f00a5e02709a75ee1ad63ae8dee.bundle,199625,resources\assets\yoo\Default\16370f00a5e02709a75ee1ad63ae8dee.bundle,True,True,
11102,Assets/Game/RawAssets/Sprite/Battle/BuffIcon/battle_img_12.png,,5455,assets_game_rawassets_sprite_battle_bufficon.bundle,16370f00a5e02709a75ee1ad63ae8dee.bundle,199625,resources\assets\yoo\Default\16370f00a5e02709a75ee1ad63ae8dee.bundle,True,True,
11103,Assets/Game/RawAssets/Sprite/Battle/BuffIcon/blind.png,,5455,assets_game_rawassets_sprite_battle_bufficon.bundle,16370f00a5e02709a75ee1ad63ae8dee.bundle,199625,resources\assets\yoo\Default\16370f00a5e02709a75ee1ad63ae8dee.bundle,True,True,
11104,Assets/Game/RawAssets/Sprite/Battle/BuffIcon/blood.png,,5455,assets_game_rawassets_sprite_battle_bufficon.bundle,16370f00a5e02709a75ee1ad63ae8dee.bundle,199625,resources\assets\yoo\Default\16370f00a5e02709a75ee1ad63ae8dee.bundle,True,True,
11105,Assets/Game/RawAssets/Sprite/Battle/BuffIcon/BuffIcon.spriteatlas,,5455,assets_game_rawassets_sprite_battle_bufficon.bundle,16370f00a5e02709a75ee1ad63ae8dee.bundle,199625,resources\assets\yoo\Default\16370f00a5e02709a75ee1ad63ae8dee.bundle,True,True,
11106,Assets/Game/RawAssets/Sprite/Battle/BuffIcon/burn.png,,5455,assets_game_rawassets_sprite_battle_bufficon.bundle,16370f00a5e02709a75ee1ad63ae8dee.bundle,199625,resources\assets\yoo\Default\16370f00a5e02709a75ee1ad63ae8dee.bundle,True,True,
11107,Assets/Game/RawAssets/Sprite/Battle/BuffIcon/chain.png,,5455,assets_game_rawassets_sprite_battle_bufficon.bundle,16370f00a5e02709a75ee1ad63ae8dee.bundle,199625,resources\assets\yoo\Default\16370f00a5e02709a75ee1ad63ae8dee.bundle,True,True,
11108,Assets/Game/RawAssets/Sprite/Battle/BuffIcon/charm.png,,5455,assets_game_rawassets_sprite_battle_bufficon.bundle,16370f00a5e02709a75ee1ad63ae8dee.bundle,199625,resources\assets\yoo\Default\16370f00a5e02709a75ee1ad63ae8dee.bundle,True,True,
11109,Assets/Game/RawAssets/Sprite/Battle/BuffIcon/cri_down.png,,5455,assets_game_rawassets_sprite_battle_bufficon.bundle,16370f00a5e02709a75ee1ad63ae8dee.bundle,199625,resources\assets\yoo\Default\16370f00a5e02709a75ee1ad63ae8dee.bundle,True,True,
11110,Assets/Game/RawAssets/Sprite/Battle/BuffIcon/cri_up.png,,5455,assets_game_rawassets_sprite_battle_bufficon.bundle,16370f00a5e02709a75ee1ad63ae8dee.bundle,199625,resources\assets\yoo\Default\16370f00a5e02709a75ee1ad63ae8dee.bundle,True,True,
11111,Assets/Game/RawAssets/Sprite/Battle/BuffIcon/damage_down.png,,5455,assets_game_rawassets_sprite_battle_bufficon.bundle,16370f00a5e02709a75ee1ad63ae8dee.bundle,199625,resources\assets\yoo\Default\16370f00a5e02709a75ee1ad63ae8dee.bundle,True,True,
11112,Assets/Game/RawAssets/Sprite/Battle/BuffIcon/damage_up.png,,5455,assets_game_rawassets_sprite_battle_bufficon.bundle,16370f00a5e02709a75ee1ad63ae8dee.bundle,199625,resources\assets\yoo\Default\16370f00a5e02709a75ee1ad63ae8dee.bundle,True,True,
11113,Assets/Game/RawAssets/Sprite/Battle/BuffIcon/defense_down.png,,5455,assets_game_rawassets_sprite_battle_bufficon.bundle,16370f00a5e02709a75ee1ad63ae8dee.bundle,199625,resources\assets\yoo\Default\16370f00a5e02709a75ee1ad63ae8dee.bundle,True,True,
11114,Assets/Game/RawAssets/Sprite/Battle/BuffIcon/defense_up.png,,5455,assets_game_rawassets_sprite_battle_bufficon.bundle,16370f00a5e02709a75ee1ad63ae8dee.bundle,199625,resources\assets\yoo\Default\16370f00a5e02709a75ee1ad63ae8dee.bundle,True,True,
11115,Assets/Game/RawAssets/Sprite/Battle/BuffIcon/dodge_up.png,,5455,assets_game_rawassets_sprite_battle_bufficon.bundle,16370f00a5e02709a75ee1ad63ae8dee.bundle,199625,resources\assets\yoo\Default\16370f00a5e02709a75ee1ad63ae8dee.bundle,True,True,
11116,Assets/Game/RawAssets/Sprite/Battle/BuffIcon/fear.png,,5455,assets_game_rawassets_sprite_battle_bufficon.bundle,16370f00a5e02709a75ee1ad63ae8dee.bundle,199625,resources\assets\yoo\Default\16370f00a5e02709a75ee1ad63ae8dee.bundle,True,True,
11117,Assets/Game/RawAssets/Sprite/Battle/BuffIcon/guide.png,,5455,assets_game_rawassets_sprite_battle_bufficon.bundle,16370f00a5e02709a75ee1ad63ae8dee.bundle,199625,resources\assets\yoo\Default\16370f00a5e02709a75ee1ad63ae8dee.bundle,True,True,
11118,Assets/Game/RawAssets/Sprite/Battle/BuffIcon/heal_down.png,,5455,assets_game_rawassets_sprite_battle_bufficon.bundle,16370f00a5e02709a75ee1ad63ae8dee.bundle,199625,resources\assets\yoo\Default\16370f00a5e02709a75ee1ad63ae8dee.bundle,True,True,
11119,Assets/Game/RawAssets/Sprite/Battle/BuffIcon/hero_240037_1.png,,5455,assets_game_rawassets_sprite_battle_bufficon.bundle,16370f00a5e02709a75ee1ad63ae8dee.bundle,199625,resources\assets\yoo\Default\16370f00a5e02709a75ee1ad63ae8dee.bundle,True,True,
11120,Assets/Game/RawAssets/Sprite/Battle/BuffIcon/hero_240037_2.png,,5455,assets_game_rawassets_sprite_battle_bufficon.bundle,16370f00a5e02709a75ee1ad63ae8dee.bundle,199625,resources\assets\yoo\Default\16370f00a5e02709a75ee1ad63ae8dee.bundle,True,True,
11121,Assets/Game/RawAssets/Sprite/Battle/BuffIcon/hero_240038_1.png,,5455,assets_game_rawassets_sprite_battle_bufficon.bundle,16370f00a5e02709a75ee1ad63ae8dee.bundle,199625,resources\assets\yoo\Default\16370f00a5e02709a75ee1ad63ae8dee.bundle,True,True,
11122,Assets/Game/RawAssets/Sprite/Battle/BuffIcon/hero_240047_1.png,,5455,assets_game_rawassets_sprite_battle_bufficon.bundle,16370f00a5e02709a75ee1ad63ae8dee.bundle,199625,resources\assets\yoo\Default\16370f00a5e02709a75ee1ad63ae8dee.bundle,True,True,
11123,Assets/Game/RawAssets/Sprite/Battle/BuffIcon/hero_240049_1.png,,5455,assets_game_rawassets_sprite_battle_bufficon.bundle,16370f00a5e02709a75ee1ad63ae8dee.bundle,199625,resources\assets\yoo\Default\16370f00a5e02709a75ee1ad63ae8dee.bundle,True,True,
11124,Assets/Game/RawAssets/Sprite/Battle/BuffIcon/hero_240049_2.png,,5455,assets_game_rawassets_sprite_battle_bufficon.bundle,16370f00a5e02709a75ee1ad63ae8dee.bundle,199625,resources\assets\yoo\Default\16370f00a5e02709a75ee1ad63ae8dee.bundle,True,True,
11125,Assets/Game/RawAssets/Sprite/Battle/BuffIcon/hero_240053_1.png,,5455,assets_game_rawassets_sprite_battle_bufficon.bundle,16370f00a5e02709a75ee1ad63ae8dee.bundle,199625,resources\assets\yoo\Default\16370f00a5e02709a75ee1ad63ae8dee.bundle,True,True,
11126,Assets/Game/RawAssets/Sprite/Battle/BuffIcon/hero_240055_1.png,,5455,assets_game_rawassets_sprite_battle_bufficon.bundle,16370f00a5e02709a75ee1ad63ae8dee.bundle,199625,resources\assets\yoo\Default\16370f00a5e02709a75ee1ad63ae8dee.bundle,True,True,
11127,Assets/Game/RawAssets/Sprite/Battle/BuffIcon/hero_240055_2.png,,5455,assets_game_rawassets_sprite_battle_bufficon.bundle,16370f00a5e02709a75ee1ad63ae8dee.bundle,199625,resources\assets\yoo\Default\16370f00a5e02709a75ee1ad63ae8dee.bundle,True,True,
11128,Assets/Game/RawAssets/Sprite/Battle/BuffIcon/hero_240057_1.png,,5455,assets_game_rawassets_sprite_battle_bufficon.bundle,16370f00a5e02709a75ee1ad63ae8dee.bundle,199625,resources\assets\yoo\Default\16370f00a5e02709a75ee1ad63ae8dee.bundle,True,True,
11129,Assets/Game/RawAssets/Sprite/Battle/BuffIcon/hero_240061_1.png,,5455,assets_game_rawassets_sprite_battle_bufficon.bundle,16370f00a5e02709a75ee1ad63ae8dee.bundle,199625,resources\assets\yoo\Default\16370f00a5e02709a75ee1ad63ae8dee.bundle,True,True,
11130,Assets/Game/RawAssets/Sprite/Battle/BuffIcon/hero_240061_2.png,,5455,assets_game_rawassets_sprite_battle_bufficon.bundle,16370f00a5e02709a75ee1ad63ae8dee.bundle,199625,resources\assets\yoo\Default\16370f00a5e02709a75ee1ad63ae8dee.bundle,True,True,
11131,Assets/Game/RawAssets/Sprite/Battle/BuffIcon/hero_240065_1.png,,5455,assets_game_rawassets_sprite_battle_bufficon.bundle,16370f00a5e02709a75ee1ad63ae8dee.bundle,199625,resources\assets\yoo\Default\16370f00a5e02709a75ee1ad63ae8dee.bundle,True,True,
11132,Assets/Game/RawAssets/Sprite/Battle/BuffIcon/hero_240067_1.png,,5455,assets_game_rawassets_sprite_battle_bufficon.bundle,16370f00a5e02709a75ee1ad63ae8dee.bundle,199625,resources\assets\yoo\Default\16370f00a5e02709a75ee1ad63ae8dee.bundle,True,True,
11133,Assets/Game/RawAssets/Sprite/Battle/BuffIcon/hero_240068_1.png,,5455,assets_game_rawassets_sprite_battle_bufficon.bundle,16370f00a5e02709a75ee1ad63ae8dee.bundle,199625,resources\assets\yoo\Default\16370f00a5e02709a75ee1ad63ae8dee.bundle,True,True,
11134,Assets/Game/RawAssets/Sprite/Battle/BuffIcon/hero_240069_1.png,,5455,assets_game_rawassets_sprite_battle_bufficon.bundle,16370f00a5e02709a75ee1ad63ae8dee.bundle,199625,resources\assets\yoo\Default\16370f00a5e02709a75ee1ad63ae8dee.bundle,True,True,
11135,Assets/Game/RawAssets/Sprite/Battle/BuffIcon/hero_240069_2.png,,5455,assets_game_rawassets_sprite_battle_bufficon.bundle,16370f00a5e02709a75ee1ad63ae8dee.bundle,199625,resources\assets\yoo\Default\16370f00a5e02709a75ee1ad63ae8dee.bundle,True,True,
11136,Assets/Game/RawAssets/Sprite/Battle/BuffIcon/hero_240071_1.png,,5455,assets_game_rawassets_sprite_battle_bufficon.bundle,16370f00a5e02709a75ee1ad63ae8dee.bundle,199625,resources\assets\yoo\Default\16370f00a5e02709a75ee1ad63ae8dee.bundle,True,True,
11137,Assets/Game/RawAssets/Sprite/Battle/BuffIcon/hero_240076_1.png,,5455,assets_game_rawassets_sprite_battle_bufficon.bundle,16370f00a5e02709a75ee1ad63ae8dee.bundle,199625,resources\assets\yoo\Default\16370f00a5e02709a75ee1ad63ae8dee.bundle,True,True,
11138,Assets/Game/RawAssets/Sprite/Battle/BuffIcon/hero_240076_2.png,,5455,assets_game_rawassets_sprite_battle_bufficon.bundle,16370f00a5e02709a75ee1ad63ae8dee.bundle,199625,resources\assets\yoo\Default\16370f00a5e02709a75ee1ad63ae8dee.bundle,True,True,
11139,Assets/Game/RawAssets/Sprite/Battle/BuffIcon/hero_240076_3.png,,5455,assets_game_rawassets_sprite_battle_bufficon.bundle,16370f00a5e02709a75ee1ad63ae8dee.bundle,199625,resources\assets\yoo\Default\16370f00a5e02709a75ee1ad63ae8dee.bundle,True,True,
11140,Assets/Game/RawAssets/Sprite/Battle/BuffIcon/hero_240077_1.png,,5455,assets_game_rawassets_sprite_battle_bufficon.bundle,16370f00a5e02709a75ee1ad63ae8dee.bundle,199625,resources\assets\yoo\Default\16370f00a5e02709a75ee1ad63ae8dee.bundle,True,True,
11141,Assets/Game/RawAssets/Sprite/Battle/BuffIcon/hero_240081_1.png,,5455,assets_game_rawassets_sprite_battle_bufficon.bundle,16370f00a5e02709a75ee1ad63ae8dee.bundle,199625,resources\assets\yoo\Default\16370f00a5e02709a75ee1ad63ae8dee.bundle,True,True,
11142,Assets/Game/RawAssets/Sprite/Battle/BuffIcon/hero_240082_1.png,,5455,assets_game_rawassets_sprite_battle_bufficon.bundle,16370f00a5e02709a75ee1ad63ae8dee.bundle,199625,resources\assets\yoo\Default\16370f00a5e02709a75ee1ad63ae8dee.bundle,True,True,
11143,Assets/Game/RawAssets/Sprite/Battle/BuffIcon/hero_240082_2.png,,5455,assets_game_rawassets_sprite_battle_bufficon.bundle,16370f00a5e02709a75ee1ad63ae8dee.bundle,199625,resources\assets\yoo\Default\16370f00a5e02709a75ee1ad63ae8dee.bundle,True,True,
11144,Assets/Game/RawAssets/Sprite/Battle/BuffIcon/hero_240083_1.png,,5455,assets_game_rawassets_sprite_battle_bufficon.bundle,16370f00a5e02709a75ee1ad63ae8dee.bundle,199625,resources\assets\yoo\Default\16370f00a5e02709a75ee1ad63ae8dee.bundle,True,True,
11145,Assets/Game/RawAssets/Sprite/Battle/BuffIcon/hero_240085_1.png,,5455,assets_game_rawassets_sprite_battle_bufficon.bundle,16370f00a5e02709a75ee1ad63ae8dee.bundle,199625,resources\assets\yoo\Default\16370f00a5e02709a75ee1ad63ae8dee.bundle,True,True,
11146,Assets/Game/RawAssets/Sprite/Battle/BuffIcon/hero_240086_1.png,,5455,assets_game_rawassets_sprite_battle_bufficon.bundle,16370f00a5e02709a75ee1ad63ae8dee.bundle,199625,resources\assets\yoo\Default\16370f00a5e02709a75ee1ad63ae8dee.bundle,True,True,
11147,Assets/Game/RawAssets/Sprite/Battle/BuffIcon/hero_240086_2.png,,5455,assets_game_rawassets_sprite_battle_bufficon.bundle,16370f00a5e02709a75ee1ad63ae8dee.bundle,199625,resources\assets\yoo\Default\16370f00a5e02709a75ee1ad63ae8dee.bundle,True,True,
11148,Assets/Game/RawAssets/Sprite/Battle/BuffIcon/hero_240087_1.png,,5455,assets_game_rawassets_sprite_battle_bufficon.bundle,16370f00a5e02709a75ee1ad63ae8dee.bundle,199625,resources\assets\yoo\Default\16370f00a5e02709a75ee1ad63ae8dee.bundle,True,True,
11149,Assets/Game/RawAssets/Sprite/Battle/BuffIcon/hero_240088_1.png,,5455,assets_game_rawassets_sprite_battle_bufficon.bundle,16370f00a5e02709a75ee1ad63ae8dee.bundle,199625,resources\assets\yoo\Default\16370f00a5e02709a75ee1ad63ae8dee.bundle,True,True,
11150,Assets/Game/RawAssets/Sprite/Battle/BuffIcon/hero_240091_1.png,,5455,assets_game_rawassets_sprite_battle_bufficon.bundle,16370f00a5e02709a75ee1ad63ae8dee.bundle,199625,resources\assets\yoo\Default\16370f00a5e02709a75ee1ad63ae8dee.bundle,True,True,
11151,Assets/Game/RawAssets/Sprite/Battle/BuffIcon/hero_240092_1.png,,5455,assets_game_rawassets_sprite_battle_bufficon.bundle,16370f00a5e02709a75ee1ad63ae8dee.bundle,199625,resources\assets\yoo\Default\16370f00a5e02709a75ee1ad63ae8dee.bundle,True,True,
11152,Assets/Game/RawAssets/Sprite/Battle/BuffIcon/hero_240093_1.png,,5455,assets_game_rawassets_sprite_battle_bufficon.bundle,16370f00a5e02709a75ee1ad63ae8dee.bundle,199625,resources\assets\yoo\Default\16370f00a5e02709a75ee1ad63ae8dee.bundle,True,True,
11153,Assets/Game/RawAssets/Sprite/Battle/BuffIcon/hero_240094_1.png,,5455,assets_game_rawassets_sprite_battle_bufficon.bundle,16370f00a5e02709a75ee1ad63ae8dee.bundle,199625,resources\assets\yoo\Default\16370f00a5e02709a75ee1ad63ae8dee.bundle,True,True,
11154,Assets/Game/RawAssets/Sprite/Battle/BuffIcon/hero_240096_1.png,,5455,assets_game_rawassets_sprite_battle_bufficon.bundle,16370f00a5e02709a75ee1ad63ae8dee.bundle,199625,resources\assets\yoo\Default\16370f00a5e02709a75ee1ad63ae8dee.bundle,True,True,
11155,Assets/Game/RawAssets/Sprite/Battle/BuffIcon/hero_240096_2.png,,5455,assets_game_rawassets_sprite_battle_bufficon.bundle,16370f00a5e02709a75ee1ad63ae8dee.bundle,199625,resources\assets\yoo\Default\16370f00a5e02709a75ee1ad63ae8dee.bundle,True,True,
11156,Assets/Game/RawAssets/Sprite/Battle/BuffIcon/hero_240097_1.png,,5455,assets_game_rawassets_sprite_battle_bufficon.bundle,16370f00a5e02709a75ee1ad63ae8dee.bundle,199625,resources\assets\yoo\Default\16370f00a5e02709a75ee1ad63ae8dee.bundle,True,True,
11157,Assets/Game/RawAssets/Sprite/Battle/BuffIcon/hero_240097_2.png,,5455,assets_game_rawassets_sprite_battle_bufficon.bundle,16370f00a5e02709a75ee1ad63ae8dee.bundle,199625,resources\assets\yoo\Default\16370f00a5e02709a75ee1ad63ae8dee.bundle,True,True,
11158,Assets/Game/RawAssets/Sprite/Battle/BuffIcon/hero_240098_1.png,,5455,assets_game_rawassets_sprite_battle_bufficon.bundle,16370f00a5e02709a75ee1ad63ae8dee.bundle,199625,resources\assets\yoo\Default\16370f00a5e02709a75ee1ad63ae8dee.bundle,True,True,
11159,Assets/Game/RawAssets/Sprite/Battle/BuffIcon/hero_240098_2.png,,5455,assets_game_rawassets_sprite_battle_bufficon.bundle,16370f00a5e02709a75ee1ad63ae8dee.bundle,199625,resources\assets\yoo\Default\16370f00a5e02709a75ee1ad63ae8dee.bundle,True,True,
11160,Assets/Game/RawAssets/Sprite/Battle/BuffIcon/hero_240099_1.png,,5455,assets_game_rawassets_sprite_battle_bufficon.bundle,16370f00a5e02709a75ee1ad63ae8dee.bundle,199625,resources\assets\yoo\Default\16370f00a5e02709a75ee1ad63ae8dee.bundle,True,True,
11161,Assets/Game/RawAssets/Sprite/Battle/BuffIcon/hero_240099_2.png,,5455,assets_game_rawassets_sprite_battle_bufficon.bundle,16370f00a5e02709a75ee1ad63ae8dee.bundle,199625,resources\assets\yoo\Default\16370f00a5e02709a75ee1ad63ae8dee.bundle,True,True,
11162,Assets/Game/RawAssets/Sprite/Battle/BuffIcon/hero_240100_1.png,,5455,assets_game_rawassets_sprite_battle_bufficon.bundle,16370f00a5e02709a75ee1ad63ae8dee.bundle,199625,resources\assets\yoo\Default\16370f00a5e02709a75ee1ad63ae8dee.bundle,True,True,
11163,Assets/Game/RawAssets/Sprite/Battle/BuffIcon/hero_240101_1.png,,5455,assets_game_rawassets_sprite_battle_bufficon.bundle,16370f00a5e02709a75ee1ad63ae8dee.bundle,199625,resources\assets\yoo\Default\16370f00a5e02709a75ee1ad63ae8dee.bundle,True,True,
11164,Assets/Game/RawAssets/Sprite/Battle/BuffIcon/hero_240101_2.png,,5455,assets_game_rawassets_sprite_battle_bufficon.bundle,16370f00a5e02709a75ee1ad63ae8dee.bundle,199625,resources\assets\yoo\Default\16370f00a5e02709a75ee1ad63ae8dee.bundle,True,True,
11165,Assets/Game/RawAssets/Sprite/Battle/BuffIcon/hero_240102_1.png,,5455,assets_game_rawassets_sprite_battle_bufficon.bundle,16370f00a5e02709a75ee1ad63ae8dee.bundle,199625,resources\assets\yoo\Default\16370f00a5e02709a75ee1ad63ae8dee.bundle,True,True,
11166,Assets/Game/RawAssets/Sprite/Battle/BuffIcon/hero_240102_2.png,,5455,assets_game_rawassets_sprite_battle_bufficon.bundle,16370f00a5e02709a75ee1ad63ae8dee.bundle,199625,resources\assets\yoo\Default\16370f00a5e02709a75ee1ad63ae8dee.bundle,True,True,
11167,Assets/Game/RawAssets/Sprite/Battle/BuffIcon/hero_240103_1.png,,5455,assets_game_rawassets_sprite_battle_bufficon.bundle,16370f00a5e02709a75ee1ad63ae8dee.bundle,199625,resources\assets\yoo\Default\16370f00a5e02709a75ee1ad63ae8dee.bundle,True,True,
11168,Assets/Game/RawAssets/Sprite/Battle/BuffIcon/hero_240104_1.png,,5455,assets_game_rawassets_sprite_battle_bufficon.bundle,16370f00a5e02709a75ee1ad63ae8dee.bundle,199625,resources\assets\yoo\Default\16370f00a5e02709a75ee1ad63ae8dee.bundle,True,True,
11169,Assets/Game/RawAssets/Sprite/Battle/BuffIcon/hero_240104_2.png,,5455,assets_game_rawassets_sprite_battle_bufficon.bundle,16370f00a5e02709a75ee1ad63ae8dee.bundle,199625,resources\assets\yoo\Default\16370f00a5e02709a75ee1ad63ae8dee.bundle,True,True,
11170,Assets/Game/RawAssets/Sprite/Battle/BuffIcon/hero_240104_3.png,,5455,assets_game_rawassets_sprite_battle_bufficon.bundle,16370f00a5e02709a75ee1ad63ae8dee.bundle,199625,resources\assets\yoo\Default\16370f00a5e02709a75ee1ad63ae8dee.bundle,True,True,
11171,Assets/Game/RawAssets/Sprite/Battle/BuffIcon/hot.png,,5455,assets_game_rawassets_sprite_battle_bufficon.bundle,16370f00a5e02709a75ee1ad63ae8dee.bundle,199625,resources\assets\yoo\Default\16370f00a5e02709a75ee1ad63ae8dee.bundle,True,True,
11172,Assets/Game/RawAssets/Sprite/Battle/BuffIcon/immune.png,,5455,assets_game_rawassets_sprite_battle_bufficon.bundle,16370f00a5e02709a75ee1ad63ae8dee.bundle,199625,resources\assets\yoo\Default\16370f00a5e02709a75ee1ad63ae8dee.bundle,True,True,
11173,Assets/Game/RawAssets/Sprite/Battle/BuffIcon/parry.png,,5455,assets_game_rawassets_sprite_battle_bufficon.bundle,16370f00a5e02709a75ee1ad63ae8dee.bundle,199625,resources\assets\yoo\Default\16370f00a5e02709a75ee1ad63ae8dee.bundle,True,True,
11174,Assets/Game/RawAssets/Sprite/Battle/BuffIcon/parry2.png,,5455,assets_game_rawassets_sprite_battle_bufficon.bundle,16370f00a5e02709a75ee1ad63ae8dee.bundle,199625,resources\assets\yoo\Default\16370f00a5e02709a75ee1ad63ae8dee.bundle,True,True,
11175,Assets/Game/RawAssets/Sprite/Battle/BuffIcon/parry3.png,,5455,assets_game_rawassets_sprite_battle_bufficon.bundle,16370f00a5e02709a75ee1ad63ae8dee.bundle,199625,resources\assets\yoo\Default\16370f00a5e02709a75ee1ad63ae8dee.bundle,True,True,
11176,Assets/Game/RawAssets/Sprite/Battle/BuffIcon/pierce_up.png,,5455,assets_game_rawassets_sprite_battle_bufficon.bundle,16370f00a5e02709a75ee1ad63ae8dee.bundle,199625,resources\assets\yoo\Default\16370f00a5e02709a75ee1ad63ae8dee.bundle,True,True,
11177,Assets/Game/RawAssets/Sprite/Battle/BuffIcon/poison.png,,5455,assets_game_rawassets_sprite_battle_bufficon.bundle,16370f00a5e02709a75ee1ad63ae8dee.bundle,199625,resources\assets\yoo\Default\16370f00a5e02709a75ee1ad63ae8dee.bundle,True,True,
11178,Assets/Game/RawAssets/Sprite/Battle/BuffIcon/repel.png,,5455,assets_game_rawassets_sprite_battle_bufficon.bundle,16370f00a5e02709a75ee1ad63ae8dee.bundle,199625,resources\assets\yoo\Default\16370f00a5e02709a75ee1ad63ae8dee.bundle,True,True,
11179,Assets/Game/RawAssets/Sprite/Battle/BuffIcon/sand_binding.png,,5455,assets_game_rawassets_sprite_battle_bufficon.bundle,16370f00a5e02709a75ee1ad63ae8dee.bundle,199625,resources\assets\yoo\Default\16370f00a5e02709a75ee1ad63ae8dee.bundle,True,True,
11180,Assets/Game/RawAssets/Sprite/Battle/BuffIcon/senior_burn.png,,5455,assets_game_rawassets_sprite_battle_bufficon.bundle,16370f00a5e02709a75ee1ad63ae8dee.bundle,199625,resources\assets\yoo\Default\16370f00a5e02709a75ee1ad63ae8dee.bundle,True,True,
11181,Assets/Game/RawAssets/Sprite/Battle/BuffIcon/shield.png,,5455,assets_game_rawassets_sprite_battle_bufficon.bundle,16370f00a5e02709a75ee1ad63ae8dee.bundle,199625,resources\assets\yoo\Default\16370f00a5e02709a75ee1ad63ae8dee.bundle,True,True,
11182,Assets/Game/RawAssets/Sprite/Battle/BuffIcon/sign.png,,5455,assets_game_rawassets_sprite_battle_bufficon.bundle,16370f00a5e02709a75ee1ad63ae8dee.bundle,199625,resources\assets\yoo\Default\16370f00a5e02709a75ee1ad63ae8dee.bundle,True,True,
11183,Assets/Game/RawAssets/Sprite/Battle/BuffIcon/silent.png,,5455,assets_game_rawassets_sprite_battle_bufficon.bundle,16370f00a5e02709a75ee1ad63ae8dee.bundle,199625,resources\assets\yoo\Default\16370f00a5e02709a75ee1ad63ae8dee.bundle,True,True,
11184,Assets/Game/RawAssets/Sprite/Battle/BuffIcon/sleep.png,,5455,assets_game_rawassets_sprite_battle_bufficon.bundle,16370f00a5e02709a75ee1ad63ae8dee.bundle,199625,resources\assets\yoo\Default\16370f00a5e02709a75ee1ad63ae8dee.bundle,True,True,
11185,Assets/Game/RawAssets/Sprite/Battle/BuffIcon/str_ban.png,,5455,assets_game_rawassets_sprite_battle_bufficon.bundle,16370f00a5e02709a75ee1ad63ae8dee.bundle,199625,resources\assets\yoo\Default\16370f00a5e02709a75ee1ad63ae8dee.bundle,True,True,
11186,Assets/Game/RawAssets/Sprite/Battle/BuffIcon/suck_blood.png,,5455,assets_game_rawassets_sprite_battle_bufficon.bundle,16370f00a5e02709a75ee1ad63ae8dee.bundle,199625,resources\assets\yoo\Default\16370f00a5e02709a75ee1ad63ae8dee.bundle,True,True,
11187,Assets/Game/RawAssets/Sprite/Battle/BuffIcon/vertigo.png,,5455,assets_game_rawassets_sprite_battle_bufficon.bundle,16370f00a5e02709a75ee1ad63ae8dee.bundle,199625,resources\assets\yoo\Default\16370f00a5e02709a75ee1ad63ae8dee.bundle,True,True,
11188,Assets/Game/RawAssets/Sprite/Battle/BuffIcon/water_burial.png,,5455,assets_game_rawassets_sprite_battle_bufficon.bundle,16370f00a5e02709a75ee1ad63ae8dee.bundle,199625,resources\assets\yoo\Default\16370f00a5e02709a75ee1ad63ae8dee.bundle,True,True,
11189,Assets/Game/RawAssets/Sprite/Battle/BuffIcon/withered.png,,5455,assets_game_rawassets_sprite_battle_bufficon.bundle,16370f00a5e02709a75ee1ad63ae8dee.bundle,199625,resources\assets\yoo\Default\16370f00a5e02709a75ee1ad63ae8dee.bundle,True,True,
11247,Assets/Game/RawAssets/Sprite/ChangeToOther/ChangeToOther.spriteatlas,,5475,assets_game_rawassets_sprite_changetoother.bundle,579be1c921f7704804687d93b5bf6ceb.bundle,191290,resources\assets\yoo\Default\579be1c921f7704804687d93b5bf6ceb.bundle,True,True,
11248,Assets/Game/RawAssets/Sprite/ChangeToOther/img_cto_clock01.png,,5475,assets_game_rawassets_sprite_changetoother.bundle,579be1c921f7704804687d93b5bf6ceb.bundle,191290,resources\assets\yoo\Default\579be1c921f7704804687d93b5bf6ceb.bundle,True,True,
11249,Assets/Game/RawAssets/Sprite/ChangeToOther/img_cto_clock02.png,,5475,assets_game_rawassets_sprite_changetoother.bundle,579be1c921f7704804687d93b5bf6ceb.bundle,191290,resources\assets\yoo\Default\579be1c921f7704804687d93b5bf6ceb.bundle,True,True,
11250,Assets/Game/RawAssets/Sprite/ChangeToOther/img_cto_clock03.png,,5475,assets_game_rawassets_sprite_changetoother.bundle,579be1c921f7704804687d93b5bf6ceb.bundle,191290,resources\assets\yoo\Default\579be1c921f7704804687d93b5bf6ceb.bundle,True,True,
11251,Assets/Game/RawAssets/Sprite/ChangeToOther/img_cto_clock04.png,,5475,assets_game_rawassets_sprite_changetoother.bundle,579be1c921f7704804687d93b5bf6ceb.bundle,191290,resources\assets\yoo\Default\579be1c921f7704804687d93b5bf6ceb.bundle,True,True,
11252,Assets/Game/RawAssets/Sprite/ChangeToOther/img_cto_clock05.png,,5475,assets_game_rawassets_sprite_changetoother.bundle,579be1c921f7704804687d93b5bf6ceb.bundle,191290,resources\assets\yoo\Default\579be1c921f7704804687d93b5bf6ceb.bundle,True,True,
11253,Assets/Game/RawAssets/Sprite/ChangeToOther/img_cto_clock06.png,,5475,assets_game_rawassets_sprite_changetoother.bundle,579be1c921f7704804687d93b5bf6ceb.bundle,191290,resources\assets\yoo\Default\579be1c921f7704804687d93b5bf6ceb.bundle,True,True,
11254,Assets/Game/RawAssets/Sprite/ChangeToOther/img_cto_clock06a.png,,5475,assets_game_rawassets_sprite_changetoother.bundle,579be1c921f7704804687d93b5bf6ceb.bundle,191290,resources\assets\yoo\Default\579be1c921f7704804687d93b5bf6ceb.bundle,True,True,
11255,Assets/Game/RawAssets/Sprite/ChangeToOther/img_cto_clock07.png,,5476,assets_game_rawassets_sprite_changetoother_img_cto_clock07.bundle,d4d40906376ced0a553775fa259b1068.bundle,32636,resources\assets\yoo\Default\d4d40906376ced0a553775fa259b1068.bundle,True,True,
11257,Assets/Game/RawAssets/Sprite/ChangeToOther/img_cto_clock07b.png,,5478,assets_game_rawassets_sprite_changetoother_img_cto_clock07b.bundle,d09d6917cad7d8cd8cffc2716302697f.bundle,38129,resources\assets\yoo\Default\d09d6917cad7d8cd8cffc2716302697f.bundle,True,True,
11258,Assets/Game/RawAssets/Sprite/ChangeToOther/img_cto_clock07c.png,,5479,assets_game_rawassets_sprite_changetoother_img_cto_clock07c.bundle,e8445e7d9839d459774f70b3001f5d2f.bundle,19826,resources\assets\yoo\Default\e8445e7d9839d459774f70b3001f5d2f.bundle,True,True,
11259,Assets/Game/RawAssets/Sprite/ChangeToOther/img_cto_clock08.png,,5480,assets_game_rawassets_sprite_changetoother_img_cto_clock08.bundle,75b8d96e1a21fec468f26afb2a94b7c8.bundle,105241,resources\assets\yoo\Default\75b8d96e1a21fec468f26afb2a94b7c8.bundle,True,True,
11260,Assets/Game/RawAssets/Sprite/ChangeToOther/img_cto_clock09.png,,5481,assets_game_rawassets_sprite_changetoother_img_cto_clock09.bundle,a0cb00756e1d4651fae2b77a3801b23b.bundle,85297,resources\assets\yoo\Default\a0cb00756e1d4651fae2b77a3801b23b.bundle,True,True,
11261,Assets/Game/RawAssets/Sprite/ChangeToOther/img_cto_clock10.png,,5482,assets_game_rawassets_sprite_changetoother_img_cto_clock10.bundle,73310531778bafcde0ba4b4630e51c41.bundle,53553,resources\assets\yoo\Default\73310531778bafcde0ba4b4630e51c41.bundle,True,True,
11262,Assets/Game/RawAssets/Sprite/ChangeToOther/img_cto_clock11.png,,5483,assets_game_rawassets_sprite_changetoother_img_cto_clock11.bundle,943349f85567ee49c24f532d06c654eb.bundle,48058,resources\assets\yoo\Default\943349f85567ee49c24f532d06c654eb.bundle,True,True,
11263,Assets/Game/RawAssets/Sprite/ChangeToOther/img_cto_clock12.png,,5475,assets_game_rawassets_sprite_changetoother.bundle,579be1c921f7704804687d93b5bf6ceb.bundle,191290,resources\assets\yoo\Default\579be1c921f7704804687d93b5bf6ceb.bundle,True,True,
11264,Assets/Game/RawAssets/Sprite/ChangeToOther/img_cto_clock13.png,,5484,assets_game_rawassets_sprite_changetoother_img_cto_clock13.bundle,381adbc6e664a94b69021ea88fb0e7aa.bundle,63738,resources\assets\yoo\Default\381adbc6e664a94b69021ea88fb0e7aa.bundle,True,True,
11265,Assets/Game/RawAssets/Sprite/ChangeToOther/img_cto_clock14.png,,5485,assets_game_rawassets_sprite_changetoother_img_cto_clock14.bundle,5c4aa547f7e0d325196c1445224edf7f.bundle,49211,resources\assets\yoo\Default\5c4aa547f7e0d325196c1445224edf7f.bundle,True,True,
11266,Assets/Game/RawAssets/Sprite/ChangeToOther/img_cto_dark.png,,5486,assets_game_rawassets_sprite_changetoother_img_cto_dark.bundle,e46b084e20e7fe516cb44bb100fe9a5c.bundle,216074,resources\assets\yoo\Default\e46b084e20e7fe516cb44bb100fe9a5c.bundle,True,True,
11267,Assets/Game/RawAssets/Sprite/ChangeToOther/img_cto_di.png,,5487,assets_game_rawassets_sprite_changetoother_img_cto_di.bundle,144ef73aa43f0e0531726dd68e92a446.bundle,103071,resources\assets\yoo\Default\144ef73aa43f0e0531726dd68e92a446.bundle,True,True,
11270,Assets/Game/RawAssets/Sprite/ChangeToOther/img_cto_light1.png,,5490,assets_game_rawassets_sprite_changetoother_img_cto_light1.bundle,0567d5a4db425595ffef71ee4852cc36.bundle,178131,resources\assets\yoo\Default\0567d5a4db425595ffef71ee4852cc36.bundle,True,True,
11271,Assets/Game/RawAssets/Sprite/ChangeToOther/img_cto_light2.png,,5491,assets_game_rawassets_sprite_changetoother_img_cto_light2.bundle,5371b30d38d5f2a4f069e56df678dc0a.bundle,33583,resources\assets\yoo\Default\5371b30d38d5f2a4f069e56df678dc0a.bundle,True,True,
11325,Assets/Game/RawAssets/Sprite/Common/bag_bg_01.png,,5500,assets_game_rawassets_sprite_common.bundle,a06093a283eeef9c3a67926e932b542b.bundle,1245583,resources\assets\yoo\Default\a06093a283eeef9c3a67926e932b542b.bundle,True,True,
11326,Assets/Game/RawAssets/Sprite/Common/bag_btn_01.png,,5500,assets_game_rawassets_sprite_common.bundle,a06093a283eeef9c3a67926e932b542b.bundle,1245583,resources\assets\yoo\Default\a06093a283eeef9c3a67926e932b542b.bundle,True,True,
11327,Assets/Game/RawAssets/Sprite/Common/build_btn_01.png,,5500,assets_game_rawassets_sprite_common.bundle,a06093a283eeef9c3a67926e932b542b.bundle,1245583,resources\assets\yoo\Default\a06093a283eeef9c3a67926e932b542b.bundle,True,True,
11328,Assets/Game/RawAssets/Sprite/Common/chat_headk_08.png,,5500,assets_game_rawassets_sprite_common.bundle,a06093a283eeef9c3a67926e932b542b.bundle,1245583,resources\assets\yoo\Default\a06093a283eeef9c3a67926e932b542b.bundle,True,True,
11329,Assets/Game/RawAssets/Sprite/Common/chat_headk_11.png,,5500,assets_game_rawassets_sprite_common.bundle,a06093a283eeef9c3a67926e932b542b.bundle,1245583,resources\assets\yoo\Default\a06093a283eeef9c3a67926e932b542b.bundle,True,True,
11330,Assets/Game/RawAssets/Sprite/Common/chat_headk_12.png,,5500,assets_game_rawassets_sprite_common.bundle,a06093a283eeef9c3a67926e932b542b.bundle,1245583,resources\assets\yoo\Default\a06093a283eeef9c3a67926e932b542b.bundle,True,True,
11331,Assets/Game/RawAssets/Sprite/Common/chat_headk_13.png,,5500,assets_game_rawassets_sprite_common.bundle,a06093a283eeef9c3a67926e932b542b.bundle,1245583,resources\assets\yoo\Default\a06093a283eeef9c3a67926e932b542b.bundle,True,True,
11332,Assets/Game/RawAssets/Sprite/Common/chat_headk_3001.png,,5500,assets_game_rawassets_sprite_common.bundle,a06093a283eeef9c3a67926e932b542b.bundle,1245583,resources\assets\yoo\Default\a06093a283eeef9c3a67926e932b542b.bundle,True,True,
11333,Assets/Game/RawAssets/Sprite/Common/chat_headk_3002.png,,5500,assets_game_rawassets_sprite_common.bundle,a06093a283eeef9c3a67926e932b542b.bundle,1245583,resources\assets\yoo\Default\a06093a283eeef9c3a67926e932b542b.bundle,True,True,
11334,Assets/Game/RawAssets/Sprite/Common/chat_headk_3003.png,,5500,assets_game_rawassets_sprite_common.bundle,a06093a283eeef9c3a67926e932b542b.bundle,1245583,resources\assets\yoo\Default\a06093a283eeef9c3a67926e932b542b.bundle,True,True,
11335,Assets/Game/RawAssets/Sprite/Common/chat_headk_3004.png,,5500,assets_game_rawassets_sprite_common.bundle,a06093a283eeef9c3a67926e932b542b.bundle,1245583,resources\assets\yoo\Default\a06093a283eeef9c3a67926e932b542b.bundle,True,True,
11336,Assets/Game/RawAssets/Sprite/Common/chat_headk_3005.png,,5500,assets_game_rawassets_sprite_common.bundle,a06093a283eeef9c3a67926e932b542b.bundle,1245583,resources\assets\yoo\Default\a06093a283eeef9c3a67926e932b542b.bundle,True,True,
11337,Assets/Game/RawAssets/Sprite/Common/chat_headk_3006.png,,5500,assets_game_rawassets_sprite_common.bundle,a06093a283eeef9c3a67926e932b542b.bundle,1245583,resources\assets\yoo\Default\a06093a283eeef9c3a67926e932b542b.bundle,True,True,
11338,Assets/Game/RawAssets/Sprite/Common/chat_headk_3007.png,,5500,assets_game_rawassets_sprite_common.bundle,a06093a283eeef9c3a67926e932b542b.bundle,1245583,resources\assets\yoo\Default\a06093a283eeef9c3a67926e932b542b.bundle,True,True,
11339,Assets/Game/RawAssets/Sprite/Common/chat_headk_3008.png,,5500,assets_game_rawassets_sprite_common.bundle,a06093a283eeef9c3a67926e932b542b.bundle,1245583,resources\assets\yoo\Default\a06093a283eeef9c3a67926e932b542b.bundle,True,True,
11340,Assets/Game/RawAssets/Sprite/Common/chat_headk_3009.png,,5500,assets_game_rawassets_sprite_common.bundle,a06093a283eeef9c3a67926e932b542b.bundle,1245583,resources\assets\yoo\Default\a06093a283eeef9c3a67926e932b542b.bundle,True,True,
11341,Assets/Game/RawAssets/Sprite/Common/chat_headk_3010.png,,5500,assets_game_rawassets_sprite_common.bundle,a06093a283eeef9c3a67926e932b542b.bundle,1245583,resources\assets\yoo\Default\a06093a283eeef9c3a67926e932b542b.bundle,True,True,
11342,Assets/Game/RawAssets/Sprite/Common/chat_headk_3011.png,,5500,assets_game_rawassets_sprite_common.bundle,a06093a283eeef9c3a67926e932b542b.bundle,1245583,resources\assets\yoo\Default\a06093a283eeef9c3a67926e932b542b.bundle,True,True,
11343,Assets/Game/RawAssets/Sprite/Common/chat_headk_3012.png,,5500,assets_game_rawassets_sprite_common.bundle,a06093a283eeef9c3a67926e932b542b.bundle,1245583,resources\assets\yoo\Default\a06093a283eeef9c3a67926e932b542b.bundle,True,True,
11344,Assets/Game/RawAssets/Sprite/Common/chat_headk_3013.png,,5500,assets_game_rawassets_sprite_common.bundle,a06093a283eeef9c3a67926e932b542b.bundle,1245583,resources\assets\yoo\Default\a06093a283eeef9c3a67926e932b542b.bundle,True,True,
11345,Assets/Game/RawAssets/Sprite/Common/chat_headk_3014.png,,5500,assets_game_rawassets_sprite_common.bundle,a06093a283eeef9c3a67926e932b542b.bundle,1245583,resources\assets\yoo\Default\a06093a283eeef9c3a67926e932b542b.bundle,True,True,
11346,Assets/Game/RawAssets/Sprite/Common/chat_headk_3015.png,,5500,assets_game_rawassets_sprite_common.bundle,a06093a283eeef9c3a67926e932b542b.bundle,1245583,resources\assets\yoo\Default\a06093a283eeef9c3a67926e932b542b.bundle,True,True,
11347,Assets/Game/RawAssets/Sprite/Common/comicBg.png,,5500,assets_game_rawassets_sprite_common.bundle,a06093a283eeef9c3a67926e932b542b.bundle,1245583,resources\assets\yoo\Default\a06093a283eeef9c3a67926e932b542b.bundle,True,True,
11348,Assets/Game/RawAssets/Sprite/Common/Common.spriteatlas,,5500,assets_game_rawassets_sprite_common.bundle,a06093a283eeef9c3a67926e932b542b.bundle,1245583,resources\assets\yoo\Default\a06093a283eeef9c3a67926e932b542b.bundle,True,True,
11349,Assets/Game/RawAssets/Sprite/Common/common_btn_01.png,,5500,assets_game_rawassets_sprite_common.bundle,a06093a283eeef9c3a67926e932b542b.bundle,1245583,resources\assets\yoo\Default\a06093a283eeef9c3a67926e932b542b.bundle,True,True,
11350,Assets/Game/RawAssets/Sprite/Common/common_btn_02.png,,5500,assets_game_rawassets_sprite_common.bundle,a06093a283eeef9c3a67926e932b542b.bundle,1245583,resources\assets\yoo\Default\a06093a283eeef9c3a67926e932b542b.bundle,True,True,
11351,Assets/Game/RawAssets/Sprite/Common/common_btn_03.png,,5500,assets_game_rawassets_sprite_common.bundle,a06093a283eeef9c3a67926e932b542b.bundle,1245583,resources\assets\yoo\Default\a06093a283eeef9c3a67926e932b542b.bundle,True,True,
11352,Assets/Game/RawAssets/Sprite/Common/common_btn_04.png,,5500,assets_game_rawassets_sprite_common.bundle,a06093a283eeef9c3a67926e932b542b.bundle,1245583,resources\assets\yoo\Default\a06093a283eeef9c3a67926e932b542b.bundle,True,True,
11353,Assets/Game/RawAssets/Sprite/Common/common_btn_05.png,,5500,assets_game_rawassets_sprite_common.bundle,a06093a283eeef9c3a67926e932b542b.bundle,1245583,resources\assets\yoo\Default\a06093a283eeef9c3a67926e932b542b.bundle,True,True,
11355,Assets/Game/RawAssets/Sprite/Common/common_btn_07.png,,5500,assets_game_rawassets_sprite_common.bundle,a06093a283eeef9c3a67926e932b542b.bundle,1245583,resources\assets\yoo\Default\a06093a283eeef9c3a67926e932b542b.bundle,True,True,
11356,Assets/Game/RawAssets/Sprite/Common/common_btn_08.png,,5500,assets_game_rawassets_sprite_common.bundle,a06093a283eeef9c3a67926e932b542b.bundle,1245583,resources\assets\yoo\Default\a06093a283eeef9c3a67926e932b542b.bundle,True,True,
11357,Assets/Game/RawAssets/Sprite/Common/common_btn_09.png,,5500,assets_game_rawassets_sprite_common.bundle,a06093a283eeef9c3a67926e932b542b.bundle,1245583,resources\assets\yoo\Default\a06093a283eeef9c3a67926e932b542b.bundle,True,True,
11358,Assets/Game/RawAssets/Sprite/Common/common_btn_10.png,,5500,assets_game_rawassets_sprite_common.bundle,a06093a283eeef9c3a67926e932b542b.bundle,1245583,resources\assets\yoo\Default\a06093a283eeef9c3a67926e932b542b.bundle,True,True,
11359,Assets/Game/RawAssets/Sprite/Common/common_btn_11.png,,5500,assets_game_rawassets_sprite_common.bundle,a06093a283eeef9c3a67926e932b542b.bundle,1245583,resources\assets\yoo\Default\a06093a283eeef9c3a67926e932b542b.bundle,True,True,
11360,Assets/Game/RawAssets/Sprite/Common/common_btn_12.png,,5500,assets_game_rawassets_sprite_common.bundle,a06093a283eeef9c3a67926e932b542b.bundle,1245583,resources\assets\yoo\Default\a06093a283eeef9c3a67926e932b542b.bundle,True,True,
11361,Assets/Game/RawAssets/Sprite/Common/common_btn_13.png,,5500,assets_game_rawassets_sprite_common.bundle,a06093a283eeef9c3a67926e932b542b.bundle,1245583,resources\assets\yoo\Default\a06093a283eeef9c3a67926e932b542b.bundle,True,True,
11362,Assets/Game/RawAssets/Sprite/Common/common_btn_14.png,,5500,assets_game_rawassets_sprite_common.bundle,a06093a283eeef9c3a67926e932b542b.bundle,1245583,resources\assets\yoo\Default\a06093a283eeef9c3a67926e932b542b.bundle,True,True,
11363,Assets/Game/RawAssets/Sprite/Common/common_btn_15.png,,5500,assets_game_rawassets_sprite_common.bundle,a06093a283eeef9c3a67926e932b542b.bundle,1245583,resources\assets\yoo\Default\a06093a283eeef9c3a67926e932b542b.bundle,True,True,
11364,Assets/Game/RawAssets/Sprite/Common/common_btn_16.png,,5500,assets_game_rawassets_sprite_common.bundle,a06093a283eeef9c3a67926e932b542b.bundle,1245583,resources\assets\yoo\Default\a06093a283eeef9c3a67926e932b542b.bundle,True,True,
11365,Assets/Game/RawAssets/Sprite/Common/common_btn_17.png,,5500,assets_game_rawassets_sprite_common.bundle,a06093a283eeef9c3a67926e932b542b.bundle,1245583,resources\assets\yoo\Default\a06093a283eeef9c3a67926e932b542b.bundle,True,True,
11366,Assets/Game/RawAssets/Sprite/Common/common_btn_18.png,,5500,assets_game_rawassets_sprite_common.bundle,a06093a283eeef9c3a67926e932b542b.bundle,1245583,resources\assets\yoo\Default\a06093a283eeef9c3a67926e932b542b.bundle,True,True,
11367,Assets/Game/RawAssets/Sprite/Common/common_btn_19.png,,5500,assets_game_rawassets_sprite_common.bundle,a06093a283eeef9c3a67926e932b542b.bundle,1245583,resources\assets\yoo\Default\a06093a283eeef9c3a67926e932b542b.bundle,True,True,
11368,Assets/Game/RawAssets/Sprite/Common/common_btn_20.png,,5500,assets_game_rawassets_sprite_common.bundle,a06093a283eeef9c3a67926e932b542b.bundle,1245583,resources\assets\yoo\Default\a06093a283eeef9c3a67926e932b542b.bundle,True,True,
11369,Assets/Game/RawAssets/Sprite/Common/common_btn_21.png,,5500,assets_game_rawassets_sprite_common.bundle,a06093a283eeef9c3a67926e932b542b.bundle,1245583,resources\assets\yoo\Default\a06093a283eeef9c3a67926e932b542b.bundle,True,True,
11370,Assets/Game/RawAssets/Sprite/Common/common_btn_22.png,,5500,assets_game_rawassets_sprite_common.bundle,a06093a283eeef9c3a67926e932b542b.bundle,1245583,resources\assets\yoo\Default\a06093a283eeef9c3a67926e932b542b.bundle,True,True,
11371,Assets/Game/RawAssets/Sprite/Common/common_btn_23.png,,5500,assets_game_rawassets_sprite_common.bundle,a06093a283eeef9c3a67926e932b542b.bundle,1245583,resources\assets\yoo\Default\a06093a283eeef9c3a67926e932b542b.bundle,True,True,
11372,Assets/Game/RawAssets/Sprite/Common/common_btn_24.png,,5500,assets_game_rawassets_sprite_common.bundle,a06093a283eeef9c3a67926e932b542b.bundle,1245583,resources\assets\yoo\Default\a06093a283eeef9c3a67926e932b542b.bundle,True,True,
11373,Assets/Game/RawAssets/Sprite/Common/common_btn_25.png,,5500,assets_game_rawassets_sprite_common.bundle,a06093a283eeef9c3a67926e932b542b.bundle,1245583,resources\assets\yoo\Default\a06093a283eeef9c3a67926e932b542b.bundle,True,True,
11374,Assets/Game/RawAssets/Sprite/Common/common_btn_26.png,,5500,assets_game_rawassets_sprite_common.bundle,a06093a283eeef9c3a67926e932b542b.bundle,1245583,resources\assets\yoo\Default\a06093a283eeef9c3a67926e932b542b.bundle,True,True,
11375,Assets/Game/RawAssets/Sprite/Common/common_btn_27.png,,5500,assets_game_rawassets_sprite_common.bundle,a06093a283eeef9c3a67926e932b542b.bundle,1245583,resources\assets\yoo\Default\a06093a283eeef9c3a67926e932b542b.bundle,True,True,
11376,Assets/Game/RawAssets/Sprite/Common/common_btn_28.png,,5500,assets_game_rawassets_sprite_common.bundle,a06093a283eeef9c3a67926e932b542b.bundle,1245583,resources\assets\yoo\Default\a06093a283eeef9c3a67926e932b542b.bundle,True,True,
11377,Assets/Game/RawAssets/Sprite/Common/common_btn_29.png,,5500,assets_game_rawassets_sprite_common.bundle,a06093a283eeef9c3a67926e932b542b.bundle,1245583,resources\assets\yoo\Default\a06093a283eeef9c3a67926e932b542b.bundle,True,True,
11378,Assets/Game/RawAssets/Sprite/Common/common_btn_30.png,,5500,assets_game_rawassets_sprite_common.bundle,a06093a283eeef9c3a67926e932b542b.bundle,1245583,resources\assets\yoo\Default\a06093a283eeef9c3a67926e932b542b.bundle,True,True,
11379,Assets/Game/RawAssets/Sprite/Common/common_btn_31.png,,5500,assets_game_rawassets_sprite_common.bundle,a06093a283eeef9c3a67926e932b542b.bundle,1245583,resources\assets\yoo\Default\a06093a283eeef9c3a67926e932b542b.bundle,True,True,
11380,Assets/Game/RawAssets/Sprite/Common/common_btn_32.png,,5500,assets_game_rawassets_sprite_common.bundle,a06093a283eeef9c3a67926e932b542b.bundle,1245583,resources\assets\yoo\Default\a06093a283eeef9c3a67926e932b542b.bundle,True,True,
11381,Assets/Game/RawAssets/Sprite/Common/common_btn_34.png,,5500,assets_game_rawassets_sprite_common.bundle,a06093a283eeef9c3a67926e932b542b.bundle,1245583,resources\assets\yoo\Default\a06093a283eeef9c3a67926e932b542b.bundle,True,True,
11382,Assets/Game/RawAssets/Sprite/Common/common_btn_35.png,,5500,assets_game_rawassets_sprite_common.bundle,a06093a283eeef9c3a67926e932b542b.bundle,1245583,resources\assets\yoo\Default\a06093a283eeef9c3a67926e932b542b.bundle,True,True,
11383,Assets/Game/RawAssets/Sprite/Common/common_btn_36.png,,5500,assets_game_rawassets_sprite_common.bundle,a06093a283eeef9c3a67926e932b542b.bundle,1245583,resources\assets\yoo\Default\a06093a283eeef9c3a67926e932b542b.bundle,True,True,
11384,Assets/Game/RawAssets/Sprite/Common/common_btn_37.png,,5500,assets_game_rawassets_sprite_common.bundle,a06093a283eeef9c3a67926e932b542b.bundle,1245583,resources\assets\yoo\Default\a06093a283eeef9c3a67926e932b542b.bundle,True,True,
11385,Assets/Game/RawAssets/Sprite/Common/common_btn_38.png,,5500,assets_game_rawassets_sprite_common.bundle,a06093a283eeef9c3a67926e932b542b.bundle,1245583,resources\assets\yoo\Default\a06093a283eeef9c3a67926e932b542b.bundle,True,True,
11386,Assets/Game/RawAssets/Sprite/Common/common_btn_40.png,,5500,assets_game_rawassets_sprite_common.bundle,a06093a283eeef9c3a67926e932b542b.bundle,1245583,resources\assets\yoo\Default\a06093a283eeef9c3a67926e932b542b.bundle,True,True,
11387,Assets/Game/RawAssets/Sprite/Common/common_btn_41.png,,5500,assets_game_rawassets_sprite_common.bundle,a06093a283eeef9c3a67926e932b542b.bundle,1245583,resources\assets\yoo\Default\a06093a283eeef9c3a67926e932b542b.bundle,True,True,
11388,Assets/Game/RawAssets/Sprite/Common/common_btn_42.png,,5500,assets_game_rawassets_sprite_common.bundle,a06093a283eeef9c3a67926e932b542b.bundle,1245583,resources\assets\yoo\Default\a06093a283eeef9c3a67926e932b542b.bundle,True,True,
11389,Assets/Game/RawAssets/Sprite/Common/common_btn_43.png,,5500,assets_game_rawassets_sprite_common.bundle,a06093a283eeef9c3a67926e932b542b.bundle,1245583,resources\assets\yoo\Default\a06093a283eeef9c3a67926e932b542b.bundle,True,True,
11390,Assets/Game/RawAssets/Sprite/Common/common_btn_44.png,,5500,assets_game_rawassets_sprite_common.bundle,a06093a283eeef9c3a67926e932b542b.bundle,1245583,resources\assets\yoo\Default\a06093a283eeef9c3a67926e932b542b.bundle,True,True,
11391,Assets/Game/RawAssets/Sprite/Common/common_btn_45.png,,5500,assets_game_rawassets_sprite_common.bundle,a06093a283eeef9c3a67926e932b542b.bundle,1245583,resources\assets\yoo\Default\a06093a283eeef9c3a67926e932b542b.bundle,True,True,
11392,Assets/Game/RawAssets/Sprite/Common/common_btn_46.png,,5500,assets_game_rawassets_sprite_common.bundle,a06093a283eeef9c3a67926e932b542b.bundle,1245583,resources\assets\yoo\Default\a06093a283eeef9c3a67926e932b542b.bundle,True,True,
11393,Assets/Game/RawAssets/Sprite/Common/common_btn_47.png,,5500,assets_game_rawassets_sprite_common.bundle,a06093a283eeef9c3a67926e932b542b.bundle,1245583,resources\assets\yoo\Default\a06093a283eeef9c3a67926e932b542b.bundle,True,True,
11394,Assets/Game/RawAssets/Sprite/Common/common_btn_48.png,,5500,assets_game_rawassets_sprite_common.bundle,a06093a283eeef9c3a67926e932b542b.bundle,1245583,resources\assets\yoo\Default\a06093a283eeef9c3a67926e932b542b.bundle,True,True,
11395,Assets/Game/RawAssets/Sprite/Common/common_btn_49.png,,5500,assets_game_rawassets_sprite_common.bundle,a06093a283eeef9c3a67926e932b542b.bundle,1245583,resources\assets\yoo\Default\a06093a283eeef9c3a67926e932b542b.bundle,True,True,
11396,Assets/Game/RawAssets/Sprite/Common/common_btn_50.png,,5500,assets_game_rawassets_sprite_common.bundle,a06093a283eeef9c3a67926e932b542b.bundle,1245583,resources\assets\yoo\Default\a06093a283eeef9c3a67926e932b542b.bundle,True,True,
11397,Assets/Game/RawAssets/Sprite/Common/common_btn_51.png,,5500,assets_game_rawassets_sprite_common.bundle,a06093a283eeef9c3a67926e932b542b.bundle,1245583,resources\assets\yoo\Default\a06093a283eeef9c3a67926e932b542b.bundle,True,True,
11398,Assets/Game/RawAssets/Sprite/Common/common_btn_52.png,,5500,assets_game_rawassets_sprite_common.bundle,a06093a283eeef9c3a67926e932b542b.bundle,1245583,resources\assets\yoo\Default\a06093a283eeef9c3a67926e932b542b.bundle,True,True,
11399,Assets/Game/RawAssets/Sprite/Common/common_btn_53.png,,5500,assets_game_rawassets_sprite_common.bundle,a06093a283eeef9c3a67926e932b542b.bundle,1245583,resources\assets\yoo\Default\a06093a283eeef9c3a67926e932b542b.bundle,True,True,
11400,Assets/Game/RawAssets/Sprite/Common/common_btn_54.png,,5500,assets_game_rawassets_sprite_common.bundle,a06093a283eeef9c3a67926e932b542b.bundle,1245583,resources\assets\yoo\Default\a06093a283eeef9c3a67926e932b542b.bundle,True,True,
11401,Assets/Game/RawAssets/Sprite/Common/common_btn_55.png,,5500,assets_game_rawassets_sprite_common.bundle,a06093a283eeef9c3a67926e932b542b.bundle,1245583,resources\assets\yoo\Default\a06093a283eeef9c3a67926e932b542b.bundle,True,True,
11402,Assets/Game/RawAssets/Sprite/Common/common_btn_56.png,,5500,assets_game_rawassets_sprite_common.bundle,a06093a283eeef9c3a67926e932b542b.bundle,1245583,resources\assets\yoo\Default\a06093a283eeef9c3a67926e932b542b.bundle,True,True,
11403,Assets/Game/RawAssets/Sprite/Common/common_btn_57.png,,5500,assets_game_rawassets_sprite_common.bundle,a06093a283eeef9c3a67926e932b542b.bundle,1245583,resources\assets\yoo\Default\a06093a283eeef9c3a67926e932b542b.bundle,True,True,
11404,Assets/Game/RawAssets/Sprite/Common/common_btn_58.png,,5500,assets_game_rawassets_sprite_common.bundle,a06093a283eeef9c3a67926e932b542b.bundle,1245583,resources\assets\yoo\Default\a06093a283eeef9c3a67926e932b542b.bundle,True,True,
11405,Assets/Game/RawAssets/Sprite/Common/common_btn_59.png,,5500,assets_game_rawassets_sprite_common.bundle,a06093a283eeef9c3a67926e932b542b.bundle,1245583,resources\assets\yoo\Default\a06093a283eeef9c3a67926e932b542b.bundle,True,True,
11406,Assets/Game/RawAssets/Sprite/Common/common_btn_60.png,,5500,assets_game_rawassets_sprite_common.bundle,a06093a283eeef9c3a67926e932b542b.bundle,1245583,resources\assets\yoo\Default\a06093a283eeef9c3a67926e932b542b.bundle,True,True,
11407,Assets/Game/RawAssets/Sprite/Common/common_btn_61.png,,5500,assets_game_rawassets_sprite_common.bundle,a06093a283eeef9c3a67926e932b542b.bundle,1245583,resources\assets\yoo\Default\a06093a283eeef9c3a67926e932b542b.bundle,True,True,
11408,Assets/Game/RawAssets/Sprite/Common/common_img_01.png,,5500,assets_game_rawassets_sprite_common.bundle,a06093a283eeef9c3a67926e932b542b.bundle,1245583,resources\assets\yoo\Default\a06093a283eeef9c3a67926e932b542b.bundle,True,True,
11409,Assets/Game/RawAssets/Sprite/Common/common_img_02.png,,5500,assets_game_rawassets_sprite_common.bundle,a06093a283eeef9c3a67926e932b542b.bundle,1245583,resources\assets\yoo\Default\a06093a283eeef9c3a67926e932b542b.bundle,True,True,
11410,Assets/Game/RawAssets/Sprite/Common/common_img_03.png,,5500,assets_game_rawassets_sprite_common.bundle,a06093a283eeef9c3a67926e932b542b.bundle,1245583,resources\assets\yoo\Default\a06093a283eeef9c3a67926e932b542b.bundle,True,True,
11411,Assets/Game/RawAssets/Sprite/Common/common_img_04.png,,5500,assets_game_rawassets_sprite_common.bundle,a06093a283eeef9c3a67926e932b542b.bundle,1245583,resources\assets\yoo\Default\a06093a283eeef9c3a67926e932b542b.bundle,True,True,
11412,Assets/Game/RawAssets/Sprite/Common/common_img_05.png,,5500,assets_game_rawassets_sprite_common.bundle,a06093a283eeef9c3a67926e932b542b.bundle,1245583,resources\assets\yoo\Default\a06093a283eeef9c3a67926e932b542b.bundle,True,True,
11413,Assets/Game/RawAssets/Sprite/Common/common_img_06.png,,5500,assets_game_rawassets_sprite_common.bundle,a06093a283eeef9c3a67926e932b542b.bundle,1245583,resources\assets\yoo\Default\a06093a283eeef9c3a67926e932b542b.bundle,True,True,
11414,Assets/Game/RawAssets/Sprite/Common/common_img_07.png,,5500,assets_game_rawassets_sprite_common.bundle,a06093a283eeef9c3a67926e932b542b.bundle,1245583,resources\assets\yoo\Default\a06093a283eeef9c3a67926e932b542b.bundle,True,True,
11415,Assets/Game/RawAssets/Sprite/Common/common_img_08.png,,5500,assets_game_rawassets_sprite_common.bundle,a06093a283eeef9c3a67926e932b542b.bundle,1245583,resources\assets\yoo\Default\a06093a283eeef9c3a67926e932b542b.bundle,True,True,
11416,Assets/Game/RawAssets/Sprite/Common/common_img_09.png,,5500,assets_game_rawassets_sprite_common.bundle,a06093a283eeef9c3a67926e932b542b.bundle,1245583,resources\assets\yoo\Default\a06093a283eeef9c3a67926e932b542b.bundle,True,True,
11417,Assets/Game/RawAssets/Sprite/Common/common_img_10.png,,5500,assets_game_rawassets_sprite_common.bundle,a06093a283eeef9c3a67926e932b542b.bundle,1245583,resources\assets\yoo\Default\a06093a283eeef9c3a67926e932b542b.bundle,True,True,
11418,Assets/Game/RawAssets/Sprite/Common/common_img_100.png,,5500,assets_game_rawassets_sprite_common.bundle,a06093a283eeef9c3a67926e932b542b.bundle,1245583,resources\assets\yoo\Default\a06093a283eeef9c3a67926e932b542b.bundle,True,True,
11419,Assets/Game/RawAssets/Sprite/Common/common_img_101.png,,5500,assets_game_rawassets_sprite_common.bundle,a06093a283eeef9c3a67926e932b542b.bundle,1245583,resources\assets\yoo\Default\a06093a283eeef9c3a67926e932b542b.bundle,True,True,
11420,Assets/Game/RawAssets/Sprite/Common/common_img_102.png,,5500,assets_game_rawassets_sprite_common.bundle,a06093a283eeef9c3a67926e932b542b.bundle,1245583,resources\assets\yoo\Default\a06093a283eeef9c3a67926e932b542b.bundle,True,True,
11421,Assets/Game/RawAssets/Sprite/Common/common_img_103.png,,5500,assets_game_rawassets_sprite_common.bundle,a06093a283eeef9c3a67926e932b542b.bundle,1245583,resources\assets\yoo\Default\a06093a283eeef9c3a67926e932b542b.bundle,True,True,
11422,Assets/Game/RawAssets/Sprite/Common/common_img_104.png,,5500,assets_game_rawassets_sprite_common.bundle,a06093a283eeef9c3a67926e932b542b.bundle,1245583,resources\assets\yoo\Default\a06093a283eeef9c3a67926e932b542b.bundle,True,True,
11423,Assets/Game/RawAssets/Sprite/Common/common_img_105.png,,5500,assets_game_rawassets_sprite_common.bundle,a06093a283eeef9c3a67926e932b542b.bundle,1245583,resources\assets\yoo\Default\a06093a283eeef9c3a67926e932b542b.bundle,True,True,
11424,Assets/Game/RawAssets/Sprite/Common/common_img_106.png,,5500,assets_game_rawassets_sprite_common.bundle,a06093a283eeef9c3a67926e932b542b.bundle,1245583,resources\assets\yoo\Default\a06093a283eeef9c3a67926e932b542b.bundle,True,True,
11425,Assets/Game/RawAssets/Sprite/Common/common_img_107.png,,5500,assets_game_rawassets_sprite_common.bundle,a06093a283eeef9c3a67926e932b542b.bundle,1245583,resources\assets\yoo\Default\a06093a283eeef9c3a67926e932b542b.bundle,True,True,
11426,Assets/Game/RawAssets/Sprite/Common/common_img_108.png,,5500,assets_game_rawassets_sprite_common.bundle,a06093a283eeef9c3a67926e932b542b.bundle,1245583,resources\assets\yoo\Default\a06093a283eeef9c3a67926e932b542b.bundle,True,True,
11427,Assets/Game/RawAssets/Sprite/Common/common_img_109.png,,5500,assets_game_rawassets_sprite_common.bundle,a06093a283eeef9c3a67926e932b542b.bundle,1245583,resources\assets\yoo\Default\a06093a283eeef9c3a67926e932b542b.bundle,True,True,
11428,Assets/Game/RawAssets/Sprite/Common/common_img_11.png,,5500,assets_game_rawassets_sprite_common.bundle,a06093a283eeef9c3a67926e932b542b.bundle,1245583,resources\assets\yoo\Default\a06093a283eeef9c3a67926e932b542b.bundle,True,True,
11429,Assets/Game/RawAssets/Sprite/Common/common_img_110.png,,5500,assets_game_rawassets_sprite_common.bundle,a06093a283eeef9c3a67926e932b542b.bundle,1245583,resources\assets\yoo\Default\a06093a283eeef9c3a67926e932b542b.bundle,True,True,
11430,Assets/Game/RawAssets/Sprite/Common/common_img_111.png,,5500,assets_game_rawassets_sprite_common.bundle,a06093a283eeef9c3a67926e932b542b.bundle,1245583,resources\assets\yoo\Default\a06093a283eeef9c3a67926e932b542b.bundle,True,True,
11431,Assets/Game/RawAssets/Sprite/Common/common_img_112.png,,5500,assets_game_rawassets_sprite_common.bundle,a06093a283eeef9c3a67926e932b542b.bundle,1245583,resources\assets\yoo\Default\a06093a283eeef9c3a67926e932b542b.bundle,True,True,
11432,Assets/Game/RawAssets/Sprite/Common/common_img_113.png,,5500,assets_game_rawassets_sprite_common.bundle,a06093a283eeef9c3a67926e932b542b.bundle,1245583,resources\assets\yoo\Default\a06093a283eeef9c3a67926e932b542b.bundle,True,True,
11434,Assets/Game/RawAssets/Sprite/Common/common_img_115.png,,5500,assets_game_rawassets_sprite_common.bundle,a06093a283eeef9c3a67926e932b542b.bundle,1245583,resources\assets\yoo\Default\a06093a283eeef9c3a67926e932b542b.bundle,True,True,
11436,Assets/Game/RawAssets/Sprite/Common/common_img_12.png,,5500,assets_game_rawassets_sprite_common.bundle,a06093a283eeef9c3a67926e932b542b.bundle,1245583,resources\assets\yoo\Default\a06093a283eeef9c3a67926e932b542b.bundle,True,True,
11438,Assets/Game/RawAssets/Sprite/Common/common_img_124.png,,5500,assets_game_rawassets_sprite_common.bundle,a06093a283eeef9c3a67926e932b542b.bundle,1245583,resources\assets\yoo\Default\a06093a283eeef9c3a67926e932b542b.bundle,True,True,
11439,Assets/Game/RawAssets/Sprite/Common/common_img_125.png,,5500,assets_game_rawassets_sprite_common.bundle,a06093a283eeef9c3a67926e932b542b.bundle,1245583,resources\assets\yoo\Default\a06093a283eeef9c3a67926e932b542b.bundle,True,True,
11440,Assets/Game/RawAssets/Sprite/Common/common_img_126.png,,5500,assets_game_rawassets_sprite_common.bundle,a06093a283eeef9c3a67926e932b542b.bundle,1245583,resources\assets\yoo\Default\a06093a283eeef9c3a67926e932b542b.bundle,True,True,
11441,Assets/Game/RawAssets/Sprite/Common/common_img_127.png,,5500,assets_game_rawassets_sprite_common.bundle,a06093a283eeef9c3a67926e932b542b.bundle,1245583,resources\assets\yoo\Default\a06093a283eeef9c3a67926e932b542b.bundle,True,True,
11442,Assets/Game/RawAssets/Sprite/Common/common_img_128.png,,5500,assets_game_rawassets_sprite_common.bundle,a06093a283eeef9c3a67926e932b542b.bundle,1245583,resources\assets\yoo\Default\a06093a283eeef9c3a67926e932b542b.bundle,True,True,
11443,Assets/Game/RawAssets/Sprite/Common/common_img_129.png,,5500,assets_game_rawassets_sprite_common.bundle,a06093a283eeef9c3a67926e932b542b.bundle,1245583,resources\assets\yoo\Default\a06093a283eeef9c3a67926e932b542b.bundle,True,True,
11444,Assets/Game/RawAssets/Sprite/Common/common_img_13.png,,5500,assets_game_rawassets_sprite_common.bundle,a06093a283eeef9c3a67926e932b542b.bundle,1245583,resources\assets\yoo\Default\a06093a283eeef9c3a67926e932b542b.bundle,True,True,
11445,Assets/Game/RawAssets/Sprite/Common/common_img_130.png,,5500,assets_game_rawassets_sprite_common.bundle,a06093a283eeef9c3a67926e932b542b.bundle,1245583,resources\assets\yoo\Default\a06093a283eeef9c3a67926e932b542b.bundle,True,True,
11447,Assets/Game/RawAssets/Sprite/Common/common_img_132.png,,5500,assets_game_rawassets_sprite_common.bundle,a06093a283eeef9c3a67926e932b542b.bundle,1245583,resources\assets\yoo\Default\a06093a283eeef9c3a67926e932b542b.bundle,True,True,
11448,Assets/Game/RawAssets/Sprite/Common/common_img_134.png,,5500,assets_game_rawassets_sprite_common.bundle,a06093a283eeef9c3a67926e932b542b.bundle,1245583,resources\assets\yoo\Default\a06093a283eeef9c3a67926e932b542b.bundle,True,True,
11449,Assets/Game/RawAssets/Sprite/Common/common_img_135.png,,5500,assets_game_rawassets_sprite_common.bundle,a06093a283eeef9c3a67926e932b542b.bundle,1245583,resources\assets\yoo\Default\a06093a283eeef9c3a67926e932b542b.bundle,True,True,
11451,Assets/Game/RawAssets/Sprite/Common/common_img_138.png,,5500,assets_game_rawassets_sprite_common.bundle,a06093a283eeef9c3a67926e932b542b.bundle,1245583,resources\assets\yoo\Default\a06093a283eeef9c3a67926e932b542b.bundle,True,True,
11452,Assets/Game/RawAssets/Sprite/Common/common_img_139.png,,5500,assets_game_rawassets_sprite_common.bundle,a06093a283eeef9c3a67926e932b542b.bundle,1245583,resources\assets\yoo\Default\a06093a283eeef9c3a67926e932b542b.bundle,True,True,
11453,Assets/Game/RawAssets/Sprite/Common/common_img_14.png,,5500,assets_game_rawassets_sprite_common.bundle,a06093a283eeef9c3a67926e932b542b.bundle,1245583,resources\assets\yoo\Default\a06093a283eeef9c3a67926e932b542b.bundle,True,True,
11454,Assets/Game/RawAssets/Sprite/Common/common_img_140.png,,5500,assets_game_rawassets_sprite_common.bundle,a06093a283eeef9c3a67926e932b542b.bundle,1245583,resources\assets\yoo\Default\a06093a283eeef9c3a67926e932b542b.bundle,True,True,
11455,Assets/Game/RawAssets/Sprite/Common/common_img_141.png,,5500,assets_game_rawassets_sprite_common.bundle,a06093a283eeef9c3a67926e932b542b.bundle,1245583,resources\assets\yoo\Default\a06093a283eeef9c3a67926e932b542b.bundle,True,True,
11456,Assets/Game/RawAssets/Sprite/Common/common_img_142.png,,5500,assets_game_rawassets_sprite_common.bundle,a06093a283eeef9c3a67926e932b542b.bundle,1245583,resources\assets\yoo\Default\a06093a283eeef9c3a67926e932b542b.bundle,True,True,
11457,Assets/Game/RawAssets/Sprite/Common/common_img_143.png,,5500,assets_game_rawassets_sprite_common.bundle,a06093a283eeef9c3a67926e932b542b.bundle,1245583,resources\assets\yoo\Default\a06093a283eeef9c3a67926e932b542b.bundle,True,True,
11458,Assets/Game/RawAssets/Sprite/Common/common_img_144.png,,5500,assets_game_rawassets_sprite_common.bundle,a06093a283eeef9c3a67926e932b542b.bundle,1245583,resources\assets\yoo\Default\a06093a283eeef9c3a67926e932b542b.bundle,True,True,
11459,Assets/Game/RawAssets/Sprite/Common/common_img_145.png,,5500,assets_game_rawassets_sprite_common.bundle,a06093a283eeef9c3a67926e932b542b.bundle,1245583,resources\assets\yoo\Default\a06093a283eeef9c3a67926e932b542b.bundle,True,True,
11460,Assets/Game/RawAssets/Sprite/Common/common_img_146.png,,5500,assets_game_rawassets_sprite_common.bundle,a06093a283eeef9c3a67926e932b542b.bundle,1245583,resources\assets\yoo\Default\a06093a283eeef9c3a67926e932b542b.bundle,True,True,
11461,Assets/Game/RawAssets/Sprite/Common/common_img_147.png,,5500,assets_game_rawassets_sprite_common.bundle,a06093a283eeef9c3a67926e932b542b.bundle,1245583,resources\assets\yoo\Default\a06093a283eeef9c3a67926e932b542b.bundle,True,True,
11462,Assets/Game/RawAssets/Sprite/Common/common_img_148.png,,5500,assets_game_rawassets_sprite_common.bundle,a06093a283eeef9c3a67926e932b542b.bundle,1245583,resources\assets\yoo\Default\a06093a283eeef9c3a67926e932b542b.bundle,True,True,
11464,Assets/Game/RawAssets/Sprite/Common/common_img_15.png,,5500,assets_game_rawassets_sprite_common.bundle,a06093a283eeef9c3a67926e932b542b.bundle,1245583,resources\assets\yoo\Default\a06093a283eeef9c3a67926e932b542b.bundle,True,True,
11465,Assets/Game/RawAssets/Sprite/Common/common_img_150.png,,5500,assets_game_rawassets_sprite_common.bundle,a06093a283eeef9c3a67926e932b542b.bundle,1245583,resources\assets\yoo\Default\a06093a283eeef9c3a67926e932b542b.bundle,True,True,
11466,Assets/Game/RawAssets/Sprite/Common/common_img_151.png,,5500,assets_game_rawassets_sprite_common.bundle,a06093a283eeef9c3a67926e932b542b.bundle,1245583,resources\assets\yoo\Default\a06093a283eeef9c3a67926e932b542b.bundle,True,True,
11468,Assets/Game/RawAssets/Sprite/Common/common_img_153.png,,5500,assets_game_rawassets_sprite_common.bundle,a06093a283eeef9c3a67926e932b542b.bundle,1245583,resources\assets\yoo\Default\a06093a283eeef9c3a67926e932b542b.bundle,True,True,
11475,Assets/Game/RawAssets/Sprite/Common/common_img_16.png,,5500,assets_game_rawassets_sprite_common.bundle,a06093a283eeef9c3a67926e932b542b.bundle,1245583,resources\assets\yoo\Default\a06093a283eeef9c3a67926e932b542b.bundle,True,True,
11478,Assets/Game/RawAssets/Sprite/Common/common_img_162.png,,5500,assets_game_rawassets_sprite_common.bundle,a06093a283eeef9c3a67926e932b542b.bundle,1245583,resources\assets\yoo\Default\a06093a283eeef9c3a67926e932b542b.bundle,True,True,
11479,Assets/Game/RawAssets/Sprite/Common/common_img_163.png,,5500,assets_game_rawassets_sprite_common.bundle,a06093a283eeef9c3a67926e932b542b.bundle,1245583,resources\assets\yoo\Default\a06093a283eeef9c3a67926e932b542b.bundle,True,True,
11480,Assets/Game/RawAssets/Sprite/Common/common_img_164.png,,5500,assets_game_rawassets_sprite_common.bundle,a06093a283eeef9c3a67926e932b542b.bundle,1245583,resources\assets\yoo\Default\a06093a283eeef9c3a67926e932b542b.bundle,True,True,
11481,Assets/Game/RawAssets/Sprite/Common/common_img_165.png,,5500,assets_game_rawassets_sprite_common.bundle,a06093a283eeef9c3a67926e932b542b.bundle,1245583,resources\assets\yoo\Default\a06093a283eeef9c3a67926e932b542b.bundle,True,True,
11482,Assets/Game/RawAssets/Sprite/Common/common_img_166.png,,5500,assets_game_rawassets_sprite_common.bundle,a06093a283eeef9c3a67926e932b542b.bundle,1245583,resources\assets\yoo\Default\a06093a283eeef9c3a67926e932b542b.bundle,True,True,
11483,Assets/Game/RawAssets/Sprite/Common/common_img_167.png,,5500,assets_game_rawassets_sprite_common.bundle,a06093a283eeef9c3a67926e932b542b.bundle,1245583,resources\assets\yoo\Default\a06093a283eeef9c3a67926e932b542b.bundle,True,True,
11484,Assets/Game/RawAssets/Sprite/Common/common_img_168.png,,5500,assets_game_rawassets_sprite_common.bundle,a06093a283eeef9c3a67926e932b542b.bundle,1245583,resources\assets\yoo\Default\a06093a283eeef9c3a67926e932b542b.bundle,True,True,
11485,Assets/Game/RawAssets/Sprite/Common/common_img_169.png,,5500,assets_game_rawassets_sprite_common.bundle,a06093a283eeef9c3a67926e932b542b.bundle,1245583,resources\assets\yoo\Default\a06093a283eeef9c3a67926e932b542b.bundle,True,True,
11486,Assets/Game/RawAssets/Sprite/Common/common_img_17.png,,5500,assets_game_rawassets_sprite_common.bundle,a06093a283eeef9c3a67926e932b542b.bundle,1245583,resources\assets\yoo\Default\a06093a283eeef9c3a67926e932b542b.bundle,True,True,
11487,Assets/Game/RawAssets/Sprite/Common/common_img_170.png,,5500,assets_game_rawassets_sprite_common.bundle,a06093a283eeef9c3a67926e932b542b.bundle,1245583,resources\assets\yoo\Default\a06093a283eeef9c3a67926e932b542b.bundle,True,True,
11488,Assets/Game/RawAssets/Sprite/Common/common_img_171.png,,5500,assets_game_rawassets_sprite_common.bundle,a06093a283eeef9c3a67926e932b542b.bundle,1245583,resources\assets\yoo\Default\a06093a283eeef9c3a67926e932b542b.bundle,True,True,
11490,Assets/Game/RawAssets/Sprite/Common/common_img_173.png,,5500,assets_game_rawassets_sprite_common.bundle,a06093a283eeef9c3a67926e932b542b.bundle,1245583,resources\assets\yoo\Default\a06093a283eeef9c3a67926e932b542b.bundle,True,True,
11491,Assets/Game/RawAssets/Sprite/Common/common_img_174.png,,5500,assets_game_rawassets_sprite_common.bundle,a06093a283eeef9c3a67926e932b542b.bundle,1245583,resources\assets\yoo\Default\a06093a283eeef9c3a67926e932b542b.bundle,True,True,
11492,Assets/Game/RawAssets/Sprite/Common/common_img_175.png,,5500,assets_game_rawassets_sprite_common.bundle,a06093a283eeef9c3a67926e932b542b.bundle,1245583,resources\assets\yoo\Default\a06093a283eeef9c3a67926e932b542b.bundle,True,True,
11493,Assets/Game/RawAssets/Sprite/Common/common_img_176.png,,5500,assets_game_rawassets_sprite_common.bundle,a06093a283eeef9c3a67926e932b542b.bundle,1245583,resources\assets\yoo\Default\a06093a283eeef9c3a67926e932b542b.bundle,True,True,
11494,Assets/Game/RawAssets/Sprite/Common/common_img_177.png,,5500,assets_game_rawassets_sprite_common.bundle,a06093a283eeef9c3a67926e932b542b.bundle,1245583,resources\assets\yoo\Default\a06093a283eeef9c3a67926e932b542b.bundle,True,True,
11495,Assets/Game/RawAssets/Sprite/Common/common_img_178.png,,5500,assets_game_rawassets_sprite_common.bundle,a06093a283eeef9c3a67926e932b542b.bundle,1245583,resources\assets\yoo\Default\a06093a283eeef9c3a67926e932b542b.bundle,True,True,
11496,Assets/Game/RawAssets/Sprite/Common/common_img_179.png,,5500,assets_game_rawassets_sprite_common.bundle,a06093a283eeef9c3a67926e932b542b.bundle,1245583,resources\assets\yoo\Default\a06093a283eeef9c3a67926e932b542b.bundle,True,True,
11497,Assets/Game/RawAssets/Sprite/Common/common_img_18.png,,5500,assets_game_rawassets_sprite_common.bundle,a06093a283eeef9c3a67926e932b542b.bundle,1245583,resources\assets\yoo\Default\a06093a283eeef9c3a67926e932b542b.bundle,True,True,
11499,Assets/Game/RawAssets/Sprite/Common/common_img_183.png,,5500,assets_game_rawassets_sprite_common.bundle,a06093a283eeef9c3a67926e932b542b.bundle,1245583,resources\assets\yoo\Default\a06093a283eeef9c3a67926e932b542b.bundle,True,True,
11500,Assets/Game/RawAssets/Sprite/Common/common_img_185.png,,5500,assets_game_rawassets_sprite_common.bundle,a06093a283eeef9c3a67926e932b542b.bundle,1245583,resources\assets\yoo\Default\a06093a283eeef9c3a67926e932b542b.bundle,True,True,
11501,Assets/Game/RawAssets/Sprite/Common/common_img_186.png,,5500,assets_game_rawassets_sprite_common.bundle,a06093a283eeef9c3a67926e932b542b.bundle,1245583,resources\assets\yoo\Default\a06093a283eeef9c3a67926e932b542b.bundle,True,True,
11502,Assets/Game/RawAssets/Sprite/Common/common_img_187.png,,5500,assets_game_rawassets_sprite_common.bundle,a06093a283eeef9c3a67926e932b542b.bundle,1245583,resources\assets\yoo\Default\a06093a283eeef9c3a67926e932b542b.bundle,True,True,
11503,Assets/Game/RawAssets/Sprite/Common/common_img_188.png,,5500,assets_game_rawassets_sprite_common.bundle,a06093a283eeef9c3a67926e932b542b.bundle,1245583,resources\assets\yoo\Default\a06093a283eeef9c3a67926e932b542b.bundle,True,True,
11504,Assets/Game/RawAssets/Sprite/Common/common_img_189.png,,5500,assets_game_rawassets_sprite_common.bundle,a06093a283eeef9c3a67926e932b542b.bundle,1245583,resources\assets\yoo\Default\a06093a283eeef9c3a67926e932b542b.bundle,True,True,
11505,Assets/Game/RawAssets/Sprite/Common/common_img_19.png,,5500,assets_game_rawassets_sprite_common.bundle,a06093a283eeef9c3a67926e932b542b.bundle,1245583,resources\assets\yoo\Default\a06093a283eeef9c3a67926e932b542b.bundle,True,True,
11506,Assets/Game/RawAssets/Sprite/Common/common_img_190.png,,5500,assets_game_rawassets_sprite_common.bundle,a06093a283eeef9c3a67926e932b542b.bundle,1245583,resources\assets\yoo\Default\a06093a283eeef9c3a67926e932b542b.bundle,True,True,
11507,Assets/Game/RawAssets/Sprite/Common/common_img_191.png,,5500,assets_game_rawassets_sprite_common.bundle,a06093a283eeef9c3a67926e932b542b.bundle,1245583,resources\assets\yoo\Default\a06093a283eeef9c3a67926e932b542b.bundle,True,True,
11508,Assets/Game/RawAssets/Sprite/Common/common_img_192.png,,5500,assets_game_rawassets_sprite_common.bundle,a06093a283eeef9c3a67926e932b542b.bundle,1245583,resources\assets\yoo\Default\a06093a283eeef9c3a67926e932b542b.bundle,True,True,
11509,Assets/Game/RawAssets/Sprite/Common/common_img_193.png,,5500,assets_game_rawassets_sprite_common.bundle,a06093a283eeef9c3a67926e932b542b.bundle,1245583,resources\assets\yoo\Default\a06093a283eeef9c3a67926e932b542b.bundle,True,True,
11510,Assets/Game/RawAssets/Sprite/Common/common_img_194.png,,5500,assets_game_rawassets_sprite_common.bundle,a06093a283eeef9c3a67926e932b542b.bundle,1245583,resources\assets\yoo\Default\a06093a283eeef9c3a67926e932b542b.bundle,True,True,
11511,Assets/Game/RawAssets/Sprite/Common/common_img_195.png,,5500,assets_game_rawassets_sprite_common.bundle,a06093a283eeef9c3a67926e932b542b.bundle,1245583,resources\assets\yoo\Default\a06093a283eeef9c3a67926e932b542b.bundle,True,True,
11512,Assets/Game/RawAssets/Sprite/Common/common_img_196.png,,5500,assets_game_rawassets_sprite_common.bundle,a06093a283eeef9c3a67926e932b542b.bundle,1245583,resources\assets\yoo\Default\a06093a283eeef9c3a67926e932b542b.bundle,True,True,
11513,Assets/Game/RawAssets/Sprite/Common/common_img_197.png,,5500,assets_game_rawassets_sprite_common.bundle,a06093a283eeef9c3a67926e932b542b.bundle,1245583,resources\assets\yoo\Default\a06093a283eeef9c3a67926e932b542b.bundle,True,True,
11514,Assets/Game/RawAssets/Sprite/Common/common_img_198.png,,5500,assets_game_rawassets_sprite_common.bundle,a06093a283eeef9c3a67926e932b542b.bundle,1245583,resources\assets\yoo\Default\a06093a283eeef9c3a67926e932b542b.bundle,True,True,
11515,Assets/Game/RawAssets/Sprite/Common/common_img_199.png,,5500,assets_game_rawassets_sprite_common.bundle,a06093a283eeef9c3a67926e932b542b.bundle,1245583,resources\assets\yoo\Default\a06093a283eeef9c3a67926e932b542b.bundle,True,True,
11516,Assets/Game/RawAssets/Sprite/Common/common_img_20.png,,5500,assets_game_rawassets_sprite_common.bundle,a06093a283eeef9c3a67926e932b542b.bundle,1245583,resources\assets\yoo\Default\a06093a283eeef9c3a67926e932b542b.bundle,True,True,
11517,Assets/Game/RawAssets/Sprite/Common/common_img_200.png,,5500,assets_game_rawassets_sprite_common.bundle,a06093a283eeef9c3a67926e932b542b.bundle,1245583,resources\assets\yoo\Default\a06093a283eeef9c3a67926e932b542b.bundle,True,True,
11518,Assets/Game/RawAssets/Sprite/Common/common_img_201.png,,5500,assets_game_rawassets_sprite_common.bundle,a06093a283eeef9c3a67926e932b542b.bundle,1245583,resources\assets\yoo\Default\a06093a283eeef9c3a67926e932b542b.bundle,True,True,
11519,Assets/Game/RawAssets/Sprite/Common/common_img_202.png,,5500,assets_game_rawassets_sprite_common.bundle,a06093a283eeef9c3a67926e932b542b.bundle,1245583,resources\assets\yoo\Default\a06093a283eeef9c3a67926e932b542b.bundle,True,True,
11520,Assets/Game/RawAssets/Sprite/Common/common_img_203.png,,5500,assets_game_rawassets_sprite_common.bundle,a06093a283eeef9c3a67926e932b542b.bundle,1245583,resources\assets\yoo\Default\a06093a283eeef9c3a67926e932b542b.bundle,True,True,
11521,Assets/Game/RawAssets/Sprite/Common/common_img_204.png,,5500,assets_game_rawassets_sprite_common.bundle,a06093a283eeef9c3a67926e932b542b.bundle,1245583,resources\assets\yoo\Default\a06093a283eeef9c3a67926e932b542b.bundle,True,True,
11522,Assets/Game/RawAssets/Sprite/Common/common_img_205.png,,5500,assets_game_rawassets_sprite_common.bundle,a06093a283eeef9c3a67926e932b542b.bundle,1245583,resources\assets\yoo\Default\a06093a283eeef9c3a67926e932b542b.bundle,True,True,
11523,Assets/Game/RawAssets/Sprite/Common/common_img_207.png,,5500,assets_game_rawassets_sprite_common.bundle,a06093a283eeef9c3a67926e932b542b.bundle,1245583,resources\assets\yoo\Default\a06093a283eeef9c3a67926e932b542b.bundle,True,True,
11524,Assets/Game/RawAssets/Sprite/Common/common_img_208.png,,5500,assets_game_rawassets_sprite_common.bundle,a06093a283eeef9c3a67926e932b542b.bundle,1245583,resources\assets\yoo\Default\a06093a283eeef9c3a67926e932b542b.bundle,True,True,
11525,Assets/Game/RawAssets/Sprite/Common/common_img_21.png,,5500,assets_game_rawassets_sprite_common.bundle,a06093a283eeef9c3a67926e932b542b.bundle,1245583,resources\assets\yoo\Default\a06093a283eeef9c3a67926e932b542b.bundle,True,True,
11526,Assets/Game/RawAssets/Sprite/Common/common_img_22.png,,5500,assets_game_rawassets_sprite_common.bundle,a06093a283eeef9c3a67926e932b542b.bundle,1245583,resources\assets\yoo\Default\a06093a283eeef9c3a67926e932b542b.bundle,True,True,
11527,Assets/Game/RawAssets/Sprite/Common/common_img_23.png,,5500,assets_game_rawassets_sprite_common.bundle,a06093a283eeef9c3a67926e932b542b.bundle,1245583,resources\assets\yoo\Default\a06093a283eeef9c3a67926e932b542b.bundle,True,True,
11528,Assets/Game/RawAssets/Sprite/Common/common_img_24.png,,5500,assets_game_rawassets_sprite_common.bundle,a06093a283eeef9c3a67926e932b542b.bundle,1245583,resources\assets\yoo\Default\a06093a283eeef9c3a67926e932b542b.bundle,True,True,
11529,Assets/Game/RawAssets/Sprite/Common/common_img_25.png,,5500,assets_game_rawassets_sprite_common.bundle,a06093a283eeef9c3a67926e932b542b.bundle,1245583,resources\assets\yoo\Default\a06093a283eeef9c3a67926e932b542b.bundle,True,True,
11530,Assets/Game/RawAssets/Sprite/Common/common_img_26.png,,5500,assets_game_rawassets_sprite_common.bundle,a06093a283eeef9c3a67926e932b542b.bundle,1245583,resources\assets\yoo\Default\a06093a283eeef9c3a67926e932b542b.bundle,True,True,
11531,Assets/Game/RawAssets/Sprite/Common/common_img_27.png,,5500,assets_game_rawassets_sprite_common.bundle,a06093a283eeef9c3a67926e932b542b.bundle,1245583,resources\assets\yoo\Default\a06093a283eeef9c3a67926e932b542b.bundle,True,True,
11532,Assets/Game/RawAssets/Sprite/Common/common_img_28.png,,5500,assets_game_rawassets_sprite_common.bundle,a06093a283eeef9c3a67926e932b542b.bundle,1245583,resources\assets\yoo\Default\a06093a283eeef9c3a67926e932b542b.bundle,True,True,
11534,Assets/Game/RawAssets/Sprite/Common/common_img_30.png,,5500,assets_game_rawassets_sprite_common.bundle,a06093a283eeef9c3a67926e932b542b.bundle,1245583,resources\assets\yoo\Default\a06093a283eeef9c3a67926e932b542b.bundle,True,True,
11535,Assets/Game/RawAssets/Sprite/Common/common_img_31.png,,5500,assets_game_rawassets_sprite_common.bundle,a06093a283eeef9c3a67926e932b542b.bundle,1245583,resources\assets\yoo\Default\a06093a283eeef9c3a67926e932b542b.bundle,True,True,
11536,Assets/Game/RawAssets/Sprite/Common/common_img_32.png,,5500,assets_game_rawassets_sprite_common.bundle,a06093a283eeef9c3a67926e932b542b.bundle,1245583,resources\assets\yoo\Default\a06093a283eeef9c3a67926e932b542b.bundle,True,True,
11537,Assets/Game/RawAssets/Sprite/Common/common_img_33.png,,5500,assets_game_rawassets_sprite_common.bundle,a06093a283eeef9c3a67926e932b542b.bundle,1245583,resources\assets\yoo\Default\a06093a283eeef9c3a67926e932b542b.bundle,True,True,
11538,Assets/Game/RawAssets/Sprite/Common/common_img_34.png,,5500,assets_game_rawassets_sprite_common.bundle,a06093a283eeef9c3a67926e932b542b.bundle,1245583,resources\assets\yoo\Default\a06093a283eeef9c3a67926e932b542b.bundle,True,True,
11539,Assets/Game/RawAssets/Sprite/Common/common_img_35.png,,5500,assets_game_rawassets_sprite_common.bundle,a06093a283eeef9c3a67926e932b542b.bundle,1245583,resources\assets\yoo\Default\a06093a283eeef9c3a67926e932b542b.bundle,True,True,
11540,Assets/Game/RawAssets/Sprite/Common/common_img_36.png,,5500,assets_game_rawassets_sprite_common.bundle,a06093a283eeef9c3a67926e932b542b.bundle,1245583,resources\assets\yoo\Default\a06093a283eeef9c3a67926e932b542b.bundle,True,True,
11548,Assets/Game/RawAssets/Sprite/Common/common_img_44.png,,5500,assets_game_rawassets_sprite_common.bundle,a06093a283eeef9c3a67926e932b542b.bundle,1245583,resources\assets\yoo\Default\a06093a283eeef9c3a67926e932b542b.bundle,True,True,
11549,Assets/Game/RawAssets/Sprite/Common/common_img_45.png,,5500,assets_game_rawassets_sprite_common.bundle,a06093a283eeef9c3a67926e932b542b.bundle,1245583,resources\assets\yoo\Default\a06093a283eeef9c3a67926e932b542b.bundle,True,True,
11550,Assets/Game/RawAssets/Sprite/Common/common_img_46.png,,5500,assets_game_rawassets_sprite_common.bundle,a06093a283eeef9c3a67926e932b542b.bundle,1245583,resources\assets\yoo\Default\a06093a283eeef9c3a67926e932b542b.bundle,True,True,
11555,Assets/Game/RawAssets/Sprite/Common/common_img_51.png,,5500,assets_game_rawassets_sprite_common.bundle,a06093a283eeef9c3a67926e932b542b.bundle,1245583,resources\assets\yoo\Default\a06093a283eeef9c3a67926e932b542b.bundle,True,True,
11556,Assets/Game/RawAssets/Sprite/Common/common_img_52.png,,5500,assets_game_rawassets_sprite_common.bundle,a06093a283eeef9c3a67926e932b542b.bundle,1245583,resources\assets\yoo\Default\a06093a283eeef9c3a67926e932b542b.bundle,True,True,
11557,Assets/Game/RawAssets/Sprite/Common/common_img_53.png,,5500,assets_game_rawassets_sprite_common.bundle,a06093a283eeef9c3a67926e932b542b.bundle,1245583,resources\assets\yoo\Default\a06093a283eeef9c3a67926e932b542b.bundle,True,True,
11558,Assets/Game/RawAssets/Sprite/Common/common_img_54.png,,5500,assets_game_rawassets_sprite_common.bundle,a06093a283eeef9c3a67926e932b542b.bundle,1245583,resources\assets\yoo\Default\a06093a283eeef9c3a67926e932b542b.bundle,True,True,
11559,Assets/Game/RawAssets/Sprite/Common/common_img_55.png,,5500,assets_game_rawassets_sprite_common.bundle,a06093a283eeef9c3a67926e932b542b.bundle,1245583,resources\assets\yoo\Default\a06093a283eeef9c3a67926e932b542b.bundle,True,True,
11560,Assets/Game/RawAssets/Sprite/Common/common_img_56.png,,5500,assets_game_rawassets_sprite_common.bundle,a06093a283eeef9c3a67926e932b542b.bundle,1245583,resources\assets\yoo\Default\a06093a283eeef9c3a67926e932b542b.bundle,True,True,
11561,Assets/Game/RawAssets/Sprite/Common/common_img_57.png,,5500,assets_game_rawassets_sprite_common.bundle,a06093a283eeef9c3a67926e932b542b.bundle,1245583,resources\assets\yoo\Default\a06093a283eeef9c3a67926e932b542b.bundle,True,True,
11562,Assets/Game/RawAssets/Sprite/Common/common_img_58.png,,5500,assets_game_rawassets_sprite_common.bundle,a06093a283eeef9c3a67926e932b542b.bundle,1245583,resources\assets\yoo\Default\a06093a283eeef9c3a67926e932b542b.bundle,True,True,
11563,Assets/Game/RawAssets/Sprite/Common/common_img_59.png,,5500,assets_game_rawassets_sprite_common.bundle,a06093a283eeef9c3a67926e932b542b.bundle,1245583,resources\assets\yoo\Default\a06093a283eeef9c3a67926e932b542b.bundle,True,True,
11564,Assets/Game/RawAssets/Sprite/Common/common_img_60.png,,5500,assets_game_rawassets_sprite_common.bundle,a06093a283eeef9c3a67926e932b542b.bundle,1245583,resources\assets\yoo\Default\a06093a283eeef9c3a67926e932b542b.bundle,True,True,
11565,Assets/Game/RawAssets/Sprite/Common/common_img_61.png,,5500,assets_game_rawassets_sprite_common.bundle,a06093a283eeef9c3a67926e932b542b.bundle,1245583,resources\assets\yoo\Default\a06093a283eeef9c3a67926e932b542b.bundle,True,True,
11566,Assets/Game/RawAssets/Sprite/Common/common_img_62.png,,5500,assets_game_rawassets_sprite_common.bundle,a06093a283eeef9c3a67926e932b542b.bundle,1245583,resources\assets\yoo\Default\a06093a283eeef9c3a67926e932b542b.bundle,True,True,
11567,Assets/Game/RawAssets/Sprite/Common/common_img_63.png,,5500,assets_game_rawassets_sprite_common.bundle,a06093a283eeef9c3a67926e932b542b.bundle,1245583,resources\assets\yoo\Default\a06093a283eeef9c3a67926e932b542b.bundle,True,True,
11568,Assets/Game/RawAssets/Sprite/Common/common_img_64.png,,5500,assets_game_rawassets_sprite_common.bundle,a06093a283eeef9c3a67926e932b542b.bundle,1245583,resources\assets\yoo\Default\a06093a283eeef9c3a67926e932b542b.bundle,True,True,
11569,Assets/Game/RawAssets/Sprite/Common/common_img_65.png,,5500,assets_game_rawassets_sprite_common.bundle,a06093a283eeef9c3a67926e932b542b.bundle,1245583,resources\assets\yoo\Default\a06093a283eeef9c3a67926e932b542b.bundle,True,True,
11570,Assets/Game/RawAssets/Sprite/Common/common_img_66.png,,5500,assets_game_rawassets_sprite_common.bundle,a06093a283eeef9c3a67926e932b542b.bundle,1245583,resources\assets\yoo\Default\a06093a283eeef9c3a67926e932b542b.bundle,True,True,
11571,Assets/Game/RawAssets/Sprite/Common/common_img_67.png,,5500,assets_game_rawassets_sprite_common.bundle,a06093a283eeef9c3a67926e932b542b.bundle,1245583,resources\assets\yoo\Default\a06093a283eeef9c3a67926e932b542b.bundle,True,True,
11572,Assets/Game/RawAssets/Sprite/Common/common_img_68.png,,5500,assets_game_rawassets_sprite_common.bundle,a06093a283eeef9c3a67926e932b542b.bundle,1245583,resources\assets\yoo\Default\a06093a283eeef9c3a67926e932b542b.bundle,True,True,
11573,Assets/Game/RawAssets/Sprite/Common/common_img_69.png,,5500,assets_game_rawassets_sprite_common.bundle,a06093a283eeef9c3a67926e932b542b.bundle,1245583,resources\assets\yoo\Default\a06093a283eeef9c3a67926e932b542b.bundle,True,True,
11574,Assets/Game/RawAssets/Sprite/Common/common_img_70.png,,5500,assets_game_rawassets_sprite_common.bundle,a06093a283eeef9c3a67926e932b542b.bundle,1245583,resources\assets\yoo\Default\a06093a283eeef9c3a67926e932b542b.bundle,True,True,
11575,Assets/Game/RawAssets/Sprite/Common/common_img_71.png,,5500,assets_game_rawassets_sprite_common.bundle,a06093a283eeef9c3a67926e932b542b.bundle,1245583,resources\assets\yoo\Default\a06093a283eeef9c3a67926e932b542b.bundle,True,True,
11576,Assets/Game/RawAssets/Sprite/Common/common_img_72.png,,5500,assets_game_rawassets_sprite_common.bundle,a06093a283eeef9c3a67926e932b542b.bundle,1245583,resources\assets\yoo\Default\a06093a283eeef9c3a67926e932b542b.bundle,True,True,
11577,Assets/Game/RawAssets/Sprite/Common/common_img_73.png,,5500,assets_game_rawassets_sprite_common.bundle,a06093a283eeef9c3a67926e932b542b.bundle,1245583,resources\assets\yoo\Default\a06093a283eeef9c3a67926e932b542b.bundle,True,True,
11578,Assets/Game/RawAssets/Sprite/Common/common_img_74.png,,5500,assets_game_rawassets_sprite_common.bundle,a06093a283eeef9c3a67926e932b542b.bundle,1245583,resources\assets\yoo\Default\a06093a283eeef9c3a67926e932b542b.bundle,True,True,
11579,Assets/Game/RawAssets/Sprite/Common/common_img_75.png,,5500,assets_game_rawassets_sprite_common.bundle,a06093a283eeef9c3a67926e932b542b.bundle,1245583,resources\assets\yoo\Default\a06093a283eeef9c3a67926e932b542b.bundle,True,True,
11580,Assets/Game/RawAssets/Sprite/Common/common_img_76.png,,5500,assets_game_rawassets_sprite_common.bundle,a06093a283eeef9c3a67926e932b542b.bundle,1245583,resources\assets\yoo\Default\a06093a283eeef9c3a67926e932b542b.bundle,True,True,
11581,Assets/Game/RawAssets/Sprite/Common/common_img_77.png,,5500,assets_game_rawassets_sprite_common.bundle,a06093a283eeef9c3a67926e932b542b.bundle,1245583,resources\assets\yoo\Default\a06093a283eeef9c3a67926e932b542b.bundle,True,True,
11582,Assets/Game/RawAssets/Sprite/Common/common_img_78.png,,5500,assets_game_rawassets_sprite_common.bundle,a06093a283eeef9c3a67926e932b542b.bundle,1245583,resources\assets\yoo\Default\a06093a283eeef9c3a67926e932b542b.bundle,True,True,
11583,Assets/Game/RawAssets/Sprite/Common/common_img_79.png,,5500,assets_game_rawassets_sprite_common.bundle,a06093a283eeef9c3a67926e932b542b.bundle,1245583,resources\assets\yoo\Default\a06093a283eeef9c3a67926e932b542b.bundle,True,True,
11584,Assets/Game/RawAssets/Sprite/Common/common_img_80.png,,5500,assets_game_rawassets_sprite_common.bundle,a06093a283eeef9c3a67926e932b542b.bundle,1245583,resources\assets\yoo\Default\a06093a283eeef9c3a67926e932b542b.bundle,True,True,
11585,Assets/Game/RawAssets/Sprite/Common/common_img_81.png,,5500,assets_game_rawassets_sprite_common.bundle,a06093a283eeef9c3a67926e932b542b.bundle,1245583,resources\assets\yoo\Default\a06093a283eeef9c3a67926e932b542b.bundle,True,True,
11586,Assets/Game/RawAssets/Sprite/Common/common_img_82.png,,5500,assets_game_rawassets_sprite_common.bundle,a06093a283eeef9c3a67926e932b542b.bundle,1245583,resources\assets\yoo\Default\a06093a283eeef9c3a67926e932b542b.bundle,True,True,
11587,Assets/Game/RawAssets/Sprite/Common/common_img_83.png,,5500,assets_game_rawassets_sprite_common.bundle,a06093a283eeef9c3a67926e932b542b.bundle,1245583,resources\assets\yoo\Default\a06093a283eeef9c3a67926e932b542b.bundle,True,True,
11588,Assets/Game/RawAssets/Sprite/Common/common_img_84.png,,5500,assets_game_rawassets_sprite_common.bundle,a06093a283eeef9c3a67926e932b542b.bundle,1245583,resources\assets\yoo\Default\a06093a283eeef9c3a67926e932b542b.bundle,True,True,
11589,Assets/Game/RawAssets/Sprite/Common/common_img_85.png,,5500,assets_game_rawassets_sprite_common.bundle,a06093a283eeef9c3a67926e932b542b.bundle,1245583,resources\assets\yoo\Default\a06093a283eeef9c3a67926e932b542b.bundle,True,True,
11590,Assets/Game/RawAssets/Sprite/Common/common_img_86.png,,5500,assets_game_rawassets_sprite_common.bundle,a06093a283eeef9c3a67926e932b542b.bundle,1245583,resources\assets\yoo\Default\a06093a283eeef9c3a67926e932b542b.bundle,True,True,
11591,Assets/Game/RawAssets/Sprite/Common/common_img_87.png,,5500,assets_game_rawassets_sprite_common.bundle,a06093a283eeef9c3a67926e932b542b.bundle,1245583,resources\assets\yoo\Default\a06093a283eeef9c3a67926e932b542b.bundle,True,True,
11592,Assets/Game/RawAssets/Sprite/Common/common_img_88.png,,5500,assets_game_rawassets_sprite_common.bundle,a06093a283eeef9c3a67926e932b542b.bundle,1245583,resources\assets\yoo\Default\a06093a283eeef9c3a67926e932b542b.bundle,True,True,
11593,Assets/Game/RawAssets/Sprite/Common/common_img_89.png,,5500,assets_game_rawassets_sprite_common.bundle,a06093a283eeef9c3a67926e932b542b.bundle,1245583,resources\assets\yoo\Default\a06093a283eeef9c3a67926e932b542b.bundle,True,True,
11594,Assets/Game/RawAssets/Sprite/Common/common_img_90.png,,5500,assets_game_rawassets_sprite_common.bundle,a06093a283eeef9c3a67926e932b542b.bundle,1245583,resources\assets\yoo\Default\a06093a283eeef9c3a67926e932b542b.bundle,True,True,
11595,Assets/Game/RawAssets/Sprite/Common/common_img_91.png,,5500,assets_game_rawassets_sprite_common.bundle,a06093a283eeef9c3a67926e932b542b.bundle,1245583,resources\assets\yoo\Default\a06093a283eeef9c3a67926e932b542b.bundle,True,True,
11596,Assets/Game/RawAssets/Sprite/Common/common_img_92.png,,5500,assets_game_rawassets_sprite_common.bundle,a06093a283eeef9c3a67926e932b542b.bundle,1245583,resources\assets\yoo\Default\a06093a283eeef9c3a67926e932b542b.bundle,True,True,
11597,Assets/Game/RawAssets/Sprite/Common/common_img_93.png,,5500,assets_game_rawassets_sprite_common.bundle,a06093a283eeef9c3a67926e932b542b.bundle,1245583,resources\assets\yoo\Default\a06093a283eeef9c3a67926e932b542b.bundle,True,True,
11598,Assets/Game/RawAssets/Sprite/Common/common_img_94.png,,5500,assets_game_rawassets_sprite_common.bundle,a06093a283eeef9c3a67926e932b542b.bundle,1245583,resources\assets\yoo\Default\a06093a283eeef9c3a67926e932b542b.bundle,True,True,
11599,Assets/Game/RawAssets/Sprite/Common/common_img_95.png,,5500,assets_game_rawassets_sprite_common.bundle,a06093a283eeef9c3a67926e932b542b.bundle,1245583,resources\assets\yoo\Default\a06093a283eeef9c3a67926e932b542b.bundle,True,True,
11600,Assets/Game/RawAssets/Sprite/Common/common_img_96.png,,5500,assets_game_rawassets_sprite_common.bundle,a06093a283eeef9c3a67926e932b542b.bundle,1245583,resources\assets\yoo\Default\a06093a283eeef9c3a67926e932b542b.bundle,True,True,
11603,Assets/Game/RawAssets/Sprite/Common/common_img_99.png,,5500,assets_game_rawassets_sprite_common.bundle,a06093a283eeef9c3a67926e932b542b.bundle,1245583,resources\assets\yoo\Default\a06093a283eeef9c3a67926e932b542b.bundle,True,True,
11604,Assets/Game/RawAssets/Sprite/Common/common_txt_01.png,,5500,assets_game_rawassets_sprite_common.bundle,a06093a283eeef9c3a67926e932b542b.bundle,1245583,resources\assets\yoo\Default\a06093a283eeef9c3a67926e932b542b.bundle,True,True,
11605,Assets/Game/RawAssets/Sprite/Common/common_txt_02.png,,5500,assets_game_rawassets_sprite_common.bundle,a06093a283eeef9c3a67926e932b542b.bundle,1245583,resources\assets\yoo\Default\a06093a283eeef9c3a67926e932b542b.bundle,True,True,
11606,Assets/Game/RawAssets/Sprite/Common/common_txt_03.png,,5500,assets_game_rawassets_sprite_common.bundle,a06093a283eeef9c3a67926e932b542b.bundle,1245583,resources\assets\yoo\Default\a06093a283eeef9c3a67926e932b542b.bundle,True,True,
11607,Assets/Game/RawAssets/Sprite/Common/common_txt_04.png,,5500,assets_game_rawassets_sprite_common.bundle,a06093a283eeef9c3a67926e932b542b.bundle,1245583,resources\assets\yoo\Default\a06093a283eeef9c3a67926e932b542b.bundle,True,True,
11608,Assets/Game/RawAssets/Sprite/Common/common_txt_05.png,,5500,assets_game_rawassets_sprite_common.bundle,a06093a283eeef9c3a67926e932b542b.bundle,1245583,resources\assets\yoo\Default\a06093a283eeef9c3a67926e932b542b.bundle,True,True,
11609,Assets/Game/RawAssets/Sprite/Common/common_txt_06.png,,5500,assets_game_rawassets_sprite_common.bundle,a06093a283eeef9c3a67926e932b542b.bundle,1245583,resources\assets\yoo\Default\a06093a283eeef9c3a67926e932b542b.bundle,True,True,
11610,Assets/Game/RawAssets/Sprite/Common/common_txt_07.png,,5500,assets_game_rawassets_sprite_common.bundle,a06093a283eeef9c3a67926e932b542b.bundle,1245583,resources\assets\yoo\Default\a06093a283eeef9c3a67926e932b542b.bundle,True,True,
11611,Assets/Game/RawAssets/Sprite/Common/infomation_btn_07.png,,5500,assets_game_rawassets_sprite_common.bundle,a06093a283eeef9c3a67926e932b542b.bundle,1245583,resources\assets\yoo\Default\a06093a283eeef9c3a67926e932b542b.bundle,True,True,
11612,Assets/Game/RawAssets/Sprite/Common/infomation_btn_08.png,,5500,assets_game_rawassets_sprite_common.bundle,a06093a283eeef9c3a67926e932b542b.bundle,1245583,resources\assets\yoo\Default\a06093a283eeef9c3a67926e932b542b.bundle,True,True,
11613,Assets/Game/RawAssets/Sprite/Common/juhua.png,,5500,assets_game_rawassets_sprite_common.bundle,a06093a283eeef9c3a67926e932b542b.bundle,1245583,resources\assets\yoo\Default\a06093a283eeef9c3a67926e932b542b.bundle,True,True,
11614,Assets/Game/RawAssets/Sprite/Common/lottery_btn_05.png,,5500,assets_game_rawassets_sprite_common.bundle,a06093a283eeef9c3a67926e932b542b.bundle,1245583,resources\assets\yoo\Default\a06093a283eeef9c3a67926e932b542b.bundle,True,True,
11615,Assets/Game/RawAssets/Sprite/Common/lottery_btn_06.png,,5500,assets_game_rawassets_sprite_common.bundle,a06093a283eeef9c3a67926e932b542b.bundle,1245583,resources\assets\yoo\Default\a06093a283eeef9c3a67926e932b542b.bundle,True,True,
11616,Assets/Game/RawAssets/Sprite/Common/meteorites_bg_03.png,,5500,assets_game_rawassets_sprite_common.bundle,a06093a283eeef9c3a67926e932b542b.bundle,1245583,resources\assets\yoo\Default\a06093a283eeef9c3a67926e932b542b.bundle,True,True,
11617,Assets/Game/RawAssets/Sprite/Common/Resources_btn_01.png,,5500,assets_game_rawassets_sprite_common.bundle,a06093a283eeef9c3a67926e932b542b.bundle,1245583,resources\assets\yoo\Default\a06093a283eeef9c3a67926e932b542b.bundle,True,True,
11618,Assets/Game/RawAssets/Sprite/Common/Resources_gouxuan_01.png,,5500,assets_game_rawassets_sprite_common.bundle,a06093a283eeef9c3a67926e932b542b.bundle,1245583,resources\assets\yoo\Default\a06093a283eeef9c3a67926e932b542b.bundle,True,True,
11619,Assets/Game/RawAssets/Sprite/Common/Resources_gouxuan_02.png,,5500,assets_game_rawassets_sprite_common.bundle,a06093a283eeef9c3a67926e932b542b.bundle,1245583,resources\assets\yoo\Default\a06093a283eeef9c3a67926e932b542b.bundle,True,True,
11620,Assets/Game/RawAssets/Sprite/Common/share_btn_01.png,,5500,assets_game_rawassets_sprite_common.bundle,a06093a283eeef9c3a67926e932b542b.bundle,1245583,resources\assets\yoo\Default\a06093a283eeef9c3a67926e932b542b.bundle,True,True,
11621,Assets/Game/RawAssets/Sprite/Common/skin_btn_05.png,,5500,assets_game_rawassets_sprite_common.bundle,a06093a283eeef9c3a67926e932b542b.bundle,1245583,resources\assets\yoo\Default\a06093a283eeef9c3a67926e932b542b.bundle,True,True,
11622,Assets/Game/RawAssets/Sprite/Common/skin_btn_06.png,,5500,assets_game_rawassets_sprite_common.bundle,a06093a283eeef9c3a67926e932b542b.bundle,1245583,resources\assets\yoo\Default\a06093a283eeef9c3a67926e932b542b.bundle,True,True,
11623,Assets/Game/RawAssets/Sprite/Common/skin_t_8001.png,,5500,assets_game_rawassets_sprite_common.bundle,a06093a283eeef9c3a67926e932b542b.bundle,1245583,resources\assets\yoo\Default\a06093a283eeef9c3a67926e932b542b.bundle,True,True,
11624,Assets/Game/RawAssets/Sprite/Common/skin_t_8002.png,,5500,assets_game_rawassets_sprite_common.bundle,a06093a283eeef9c3a67926e932b542b.bundle,1245583,resources\assets\yoo\Default\a06093a283eeef9c3a67926e932b542b.bundle,True,True,
11625,Assets/Game/RawAssets/Sprite/Common/skin_t_8003.png,,5500,assets_game_rawassets_sprite_common.bundle,a06093a283eeef9c3a67926e932b542b.bundle,1245583,resources\assets\yoo\Default\a06093a283eeef9c3a67926e932b542b.bundle,True,True,
11626,Assets/Game/RawAssets/Sprite/Common/skin_t_8004.png,,5500,assets_game_rawassets_sprite_common.bundle,a06093a283eeef9c3a67926e932b542b.bundle,1245583,resources\assets\yoo\Default\a06093a283eeef9c3a67926e932b542b.bundle,True,True,
11627,Assets/Game/RawAssets/Sprite/Common/skin_t_8005.png,,5500,assets_game_rawassets_sprite_common.bundle,a06093a283eeef9c3a67926e932b542b.bundle,1245583,resources\assets\yoo\Default\a06093a283eeef9c3a67926e932b542b.bundle,True,True,
11628,Assets/Game/RawAssets/Sprite/Common/skin_t_8006.png,,5500,assets_game_rawassets_sprite_common.bundle,a06093a283eeef9c3a67926e932b542b.bundle,1245583,resources\assets\yoo\Default\a06093a283eeef9c3a67926e932b542b.bundle,True,True,
11629,Assets/Game/RawAssets/Sprite/Common/skin_t_8007.png,,5500,assets_game_rawassets_sprite_common.bundle,a06093a283eeef9c3a67926e932b542b.bundle,1245583,resources\assets\yoo\Default\a06093a283eeef9c3a67926e932b542b.bundle,True,True,
11630,Assets/Game/RawAssets/Sprite/Common/skin_t_8008.png,,5500,assets_game_rawassets_sprite_common.bundle,a06093a283eeef9c3a67926e932b542b.bundle,1245583,resources\assets\yoo\Default\a06093a283eeef9c3a67926e932b542b.bundle,True,True,
11631,Assets/Game/RawAssets/Sprite/Common/skin_t_8009.png,,5500,assets_game_rawassets_sprite_common.bundle,a06093a283eeef9c3a67926e932b542b.bundle,1245583,resources\assets\yoo\Default\a06093a283eeef9c3a67926e932b542b.bundle,True,True,
11632,Assets/Game/RawAssets/Sprite/Common/skin_t_8010.png,,5500,assets_game_rawassets_sprite_common.bundle,a06093a283eeef9c3a67926e932b542b.bundle,1245583,resources\assets\yoo\Default\a06093a283eeef9c3a67926e932b542b.bundle,True,True,
11633,Assets/Game/RawAssets/Sprite/Common/skin_t_8011.png,,5500,assets_game_rawassets_sprite_common.bundle,a06093a283eeef9c3a67926e932b542b.bundle,1245583,resources\assets\yoo\Default\a06093a283eeef9c3a67926e932b542b.bundle,True,True,
11634,Assets/Game/RawAssets/Sprite/Common/skin_t_8012.png,,5500,assets_game_rawassets_sprite_common.bundle,a06093a283eeef9c3a67926e932b542b.bundle,1245583,resources\assets\yoo\Default\a06093a283eeef9c3a67926e932b542b.bundle,True,True,
11635,Assets/Game/RawAssets/Sprite/Common/tongyong_btn_01.png,,5500,assets_game_rawassets_sprite_common.bundle,a06093a283eeef9c3a67926e932b542b.bundle,1245583,resources\assets\yoo\Default\a06093a283eeef9c3a67926e932b542b.bundle,True,True,
11636,Assets/Game/RawAssets/Sprite/Common/tongyong_btn_011.png,,5500,assets_game_rawassets_sprite_common.bundle,a06093a283eeef9c3a67926e932b542b.bundle,1245583,resources\assets\yoo\Default\a06093a283eeef9c3a67926e932b542b.bundle,True,True,
11637,Assets/Game/RawAssets/Sprite/Common/tongyong_btn_017.png,,5500,assets_game_rawassets_sprite_common.bundle,a06093a283eeef9c3a67926e932b542b.bundle,1245583,resources\assets\yoo\Default\a06093a283eeef9c3a67926e932b542b.bundle,True,True,
11638,Assets/Game/RawAssets/Sprite/Common/tongyong_btn_02.png,,5500,assets_game_rawassets_sprite_common.bundle,a06093a283eeef9c3a67926e932b542b.bundle,1245583,resources\assets\yoo\Default\a06093a283eeef9c3a67926e932b542b.bundle,True,True,
11639,Assets/Game/RawAssets/Sprite/Common/tongyong_btn_020.png,,5500,assets_game_rawassets_sprite_common.bundle,a06093a283eeef9c3a67926e932b542b.bundle,1245583,resources\assets\yoo\Default\a06093a283eeef9c3a67926e932b542b.bundle,True,True,
11640,Assets/Game/RawAssets/Sprite/Common/tongyong_btn_021.png,,5500,assets_game_rawassets_sprite_common.bundle,a06093a283eeef9c3a67926e932b542b.bundle,1245583,resources\assets\yoo\Default\a06093a283eeef9c3a67926e932b542b.bundle,True,True,
11641,Assets/Game/RawAssets/Sprite/Common/tongyong_btn_022.png,,5500,assets_game_rawassets_sprite_common.bundle,a06093a283eeef9c3a67926e932b542b.bundle,1245583,resources\assets\yoo\Default\a06093a283eeef9c3a67926e932b542b.bundle,True,True,
11642,Assets/Game/RawAssets/Sprite/Common/tongyong_btn_023.png,,5500,assets_game_rawassets_sprite_common.bundle,a06093a283eeef9c3a67926e932b542b.bundle,1245583,resources\assets\yoo\Default\a06093a283eeef9c3a67926e932b542b.bundle,True,True,
11643,Assets/Game/RawAssets/Sprite/Common/tongyong_btn_024.png,,5500,assets_game_rawassets_sprite_common.bundle,a06093a283eeef9c3a67926e932b542b.bundle,1245583,resources\assets\yoo\Default\a06093a283eeef9c3a67926e932b542b.bundle,True,True,
11644,Assets/Game/RawAssets/Sprite/Common/tongyong_btn_025.png,,5500,assets_game_rawassets_sprite_common.bundle,a06093a283eeef9c3a67926e932b542b.bundle,1245583,resources\assets\yoo\Default\a06093a283eeef9c3a67926e932b542b.bundle,True,True,
11646,Assets/Game/RawAssets/Sprite/Common/tongyong_btn_027.png,,5500,assets_game_rawassets_sprite_common.bundle,a06093a283eeef9c3a67926e932b542b.bundle,1245583,resources\assets\yoo\Default\a06093a283eeef9c3a67926e932b542b.bundle,True,True,
11647,Assets/Game/RawAssets/Sprite/Common/tongyong_btn_03.png,,5500,assets_game_rawassets_sprite_common.bundle,a06093a283eeef9c3a67926e932b542b.bundle,1245583,resources\assets\yoo\Default\a06093a283eeef9c3a67926e932b542b.bundle,True,True,
11649,Assets/Game/RawAssets/Sprite/Common/tongyong_btn_032.png,,5500,assets_game_rawassets_sprite_common.bundle,a06093a283eeef9c3a67926e932b542b.bundle,1245583,resources\assets\yoo\Default\a06093a283eeef9c3a67926e932b542b.bundle,True,True,
11650,Assets/Game/RawAssets/Sprite/Common/tongyong_btn_033.png,,5500,assets_game_rawassets_sprite_common.bundle,a06093a283eeef9c3a67926e932b542b.bundle,1245583,resources\assets\yoo\Default\a06093a283eeef9c3a67926e932b542b.bundle,True,True,
11651,Assets/Game/RawAssets/Sprite/Common/tongyong_btn_04.png,,5500,assets_game_rawassets_sprite_common.bundle,a06093a283eeef9c3a67926e932b542b.bundle,1245583,resources\assets\yoo\Default\a06093a283eeef9c3a67926e932b542b.bundle,True,True,
11652,Assets/Game/RawAssets/Sprite/Common/tongyong_btn_06.png,,5500,assets_game_rawassets_sprite_common.bundle,a06093a283eeef9c3a67926e932b542b.bundle,1245583,resources\assets\yoo\Default\a06093a283eeef9c3a67926e932b542b.bundle,True,True,
11653,Assets/Game/RawAssets/Sprite/Common/tongyong_btn_08.png,,5500,assets_game_rawassets_sprite_common.bundle,a06093a283eeef9c3a67926e932b542b.bundle,1245583,resources\assets\yoo\Default\a06093a283eeef9c3a67926e932b542b.bundle,True,True,
11655,Assets/Game/RawAssets/Sprite/Common/tongyong_tip_01.png,,5500,assets_game_rawassets_sprite_common.bundle,a06093a283eeef9c3a67926e932b542b.bundle,1245583,resources\assets\yoo\Default\a06093a283eeef9c3a67926e932b542b.bundle,True,True,
11656,Assets/Game/RawAssets/Sprite/Common/tongyong_xx_01.png,,5500,assets_game_rawassets_sprite_common.bundle,a06093a283eeef9c3a67926e932b542b.bundle,1245583,resources\assets\yoo\Default\a06093a283eeef9c3a67926e932b542b.bundle,True,True,
12095,Assets/Game/RawAssets/Sprite/Expedition/Expedition.spriteatlas,,5622,assets_game_rawassets_sprite_expedition.bundle,4f27a81fa17a9b104a9f70086663109d.bundle,154529,resources\assets\yoo\Default\4f27a81fa17a9b104a9f70086663109d.bundle,True,True,
12096,Assets/Game/RawAssets/Sprite/Expedition/expedition_btn_01.png,,5622,assets_game_rawassets_sprite_expedition.bundle,4f27a81fa17a9b104a9f70086663109d.bundle,154529,resources\assets\yoo\Default\4f27a81fa17a9b104a9f70086663109d.bundle,True,True,
12097,Assets/Game/RawAssets/Sprite/Expedition/expedition_btn_02.png,,5622,assets_game_rawassets_sprite_expedition.bundle,4f27a81fa17a9b104a9f70086663109d.bundle,154529,resources\assets\yoo\Default\4f27a81fa17a9b104a9f70086663109d.bundle,True,True,
12098,Assets/Game/RawAssets/Sprite/Expedition/expedition_btn_03.png,,5622,assets_game_rawassets_sprite_expedition.bundle,4f27a81fa17a9b104a9f70086663109d.bundle,154529,resources\assets\yoo\Default\4f27a81fa17a9b104a9f70086663109d.bundle,True,True,
12099,Assets/Game/RawAssets/Sprite/Expedition/expedition_btn_04.png,,5622,assets_game_rawassets_sprite_expedition.bundle,4f27a81fa17a9b104a9f70086663109d.bundle,154529,resources\assets\yoo\Default\4f27a81fa17a9b104a9f70086663109d.bundle,True,True,
12100,Assets/Game/RawAssets/Sprite/Expedition/expedition_btn_05.png,,5622,assets_game_rawassets_sprite_expedition.bundle,4f27a81fa17a9b104a9f70086663109d.bundle,154529,resources\assets\yoo\Default\4f27a81fa17a9b104a9f70086663109d.bundle,True,True,
12101,Assets/Game/RawAssets/Sprite/Expedition/expedition_btn_06.png,,5622,assets_game_rawassets_sprite_expedition.bundle,4f27a81fa17a9b104a9f70086663109d.bundle,154529,resources\assets\yoo\Default\4f27a81fa17a9b104a9f70086663109d.bundle,True,True,
12102,Assets/Game/RawAssets/Sprite/Expedition/expedition_btn_07.png,,5622,assets_game_rawassets_sprite_expedition.bundle,4f27a81fa17a9b104a9f70086663109d.bundle,154529,resources\assets\yoo\Default\4f27a81fa17a9b104a9f70086663109d.bundle,True,True,
12103,Assets/Game/RawAssets/Sprite/Expedition/expedition_btn_08.png,,5622,assets_game_rawassets_sprite_expedition.bundle,4f27a81fa17a9b104a9f70086663109d.bundle,154529,resources\assets\yoo\Default\4f27a81fa17a9b104a9f70086663109d.bundle,True,True,
12104,Assets/Game/RawAssets/Sprite/Expedition/expedition_img_01.png,,5622,assets_game_rawassets_sprite_expedition.bundle,4f27a81fa17a9b104a9f70086663109d.bundle,154529,resources\assets\yoo\Default\4f27a81fa17a9b104a9f70086663109d.bundle,True,True,
12105,Assets/Game/RawAssets/Sprite/Expedition/expedition_img_02.png,,5622,assets_game_rawassets_sprite_expedition.bundle,4f27a81fa17a9b104a9f70086663109d.bundle,154529,resources\assets\yoo\Default\4f27a81fa17a9b104a9f70086663109d.bundle,True,True,
12106,Assets/Game/RawAssets/Sprite/Expedition/expedition_img_03.png,,5622,assets_game_rawassets_sprite_expedition.bundle,4f27a81fa17a9b104a9f70086663109d.bundle,154529,resources\assets\yoo\Default\4f27a81fa17a9b104a9f70086663109d.bundle,True,True,
12107,Assets/Game/RawAssets/Sprite/Expedition/expedition_img_04.png,,5622,assets_game_rawassets_sprite_expedition.bundle,4f27a81fa17a9b104a9f70086663109d.bundle,154529,resources\assets\yoo\Default\4f27a81fa17a9b104a9f70086663109d.bundle,True,True,
12108,Assets/Game/RawAssets/Sprite/Expedition/expedition_img_05.png,,5622,assets_game_rawassets_sprite_expedition.bundle,4f27a81fa17a9b104a9f70086663109d.bundle,154529,resources\assets\yoo\Default\4f27a81fa17a9b104a9f70086663109d.bundle,True,True,
12109,Assets/Game/RawAssets/Sprite/Expedition/expedition_img_06.png,,5622,assets_game_rawassets_sprite_expedition.bundle,4f27a81fa17a9b104a9f70086663109d.bundle,154529,resources\assets\yoo\Default\4f27a81fa17a9b104a9f70086663109d.bundle,True,True,
12110,Assets/Game/RawAssets/Sprite/Expedition/expedition_img_07.png,,5622,assets_game_rawassets_sprite_expedition.bundle,4f27a81fa17a9b104a9f70086663109d.bundle,154529,resources\assets\yoo\Default\4f27a81fa17a9b104a9f70086663109d.bundle,True,True,
12114,Assets/Game/RawAssets/Sprite/Expedition/expedition_img_12.png,,5622,assets_game_rawassets_sprite_expedition.bundle,4f27a81fa17a9b104a9f70086663109d.bundle,154529,resources\assets\yoo\Default\4f27a81fa17a9b104a9f70086663109d.bundle,True,True,
12115,Assets/Game/RawAssets/Sprite/Expedition/expedition_img_13.png,,5622,assets_game_rawassets_sprite_expedition.bundle,4f27a81fa17a9b104a9f70086663109d.bundle,154529,resources\assets\yoo\Default\4f27a81fa17a9b104a9f70086663109d.bundle,True,True,
12116,Assets/Game/RawAssets/Sprite/Expedition/expedition_img_14.png,,5622,assets_game_rawassets_sprite_expedition.bundle,4f27a81fa17a9b104a9f70086663109d.bundle,154529,resources\assets\yoo\Default\4f27a81fa17a9b104a9f70086663109d.bundle,True,True,
12117,Assets/Game/RawAssets/Sprite/Expedition/expedition_img_15.png,,5622,assets_game_rawassets_sprite_expedition.bundle,4f27a81fa17a9b104a9f70086663109d.bundle,154529,resources\assets\yoo\Default\4f27a81fa17a9b104a9f70086663109d.bundle,True,True,
12118,Assets/Game/RawAssets/Sprite/Expedition/expedition_img_16.png,,5622,assets_game_rawassets_sprite_expedition.bundle,4f27a81fa17a9b104a9f70086663109d.bundle,154529,resources\assets\yoo\Default\4f27a81fa17a9b104a9f70086663109d.bundle,True,True,
12119,Assets/Game/RawAssets/Sprite/Expedition/expedition_img_17.png,,5622,assets_game_rawassets_sprite_expedition.bundle,4f27a81fa17a9b104a9f70086663109d.bundle,154529,resources\assets\yoo\Default\4f27a81fa17a9b104a9f70086663109d.bundle,True,True,
12120,Assets/Game/RawAssets/Sprite/Expedition/expedition_img_18.png,,5622,assets_game_rawassets_sprite_expedition.bundle,4f27a81fa17a9b104a9f70086663109d.bundle,154529,resources\assets\yoo\Default\4f27a81fa17a9b104a9f70086663109d.bundle,True,True,
12121,Assets/Game/RawAssets/Sprite/Expedition/expedition_img_19.png,,5622,assets_game_rawassets_sprite_expedition.bundle,4f27a81fa17a9b104a9f70086663109d.bundle,154529,resources\assets\yoo\Default\4f27a81fa17a9b104a9f70086663109d.bundle,True,True,
12123,Assets/Game/RawAssets/Sprite/Expedition/expedition_img_21.png,,5622,assets_game_rawassets_sprite_expedition.bundle,4f27a81fa17a9b104a9f70086663109d.bundle,154529,resources\assets\yoo\Default\4f27a81fa17a9b104a9f70086663109d.bundle,True,True,
12124,Assets/Game/RawAssets/Sprite/Expedition/expedition_img_22.png,,5622,assets_game_rawassets_sprite_expedition.bundle,4f27a81fa17a9b104a9f70086663109d.bundle,154529,resources\assets\yoo\Default\4f27a81fa17a9b104a9f70086663109d.bundle,True,True,
12125,Assets/Game/RawAssets/Sprite/Expedition/expedition_img_23.png,,5622,assets_game_rawassets_sprite_expedition.bundle,4f27a81fa17a9b104a9f70086663109d.bundle,154529,resources\assets\yoo\Default\4f27a81fa17a9b104a9f70086663109d.bundle,True,True,
12126,Assets/Game/RawAssets/Sprite/Expedition/expedition_img_24.png,,5622,assets_game_rawassets_sprite_expedition.bundle,4f27a81fa17a9b104a9f70086663109d.bundle,154529,resources\assets\yoo\Default\4f27a81fa17a9b104a9f70086663109d.bundle,True,True,
12127,Assets/Game/RawAssets/Sprite/Expedition/expedition_img_25.png,,5622,assets_game_rawassets_sprite_expedition.bundle,4f27a81fa17a9b104a9f70086663109d.bundle,154529,resources\assets\yoo\Default\4f27a81fa17a9b104a9f70086663109d.bundle,True,True,
12128,Assets/Game/RawAssets/Sprite/Expedition/expedition_img_26.png,,5622,assets_game_rawassets_sprite_expedition.bundle,4f27a81fa17a9b104a9f70086663109d.bundle,154529,resources\assets\yoo\Default\4f27a81fa17a9b104a9f70086663109d.bundle,True,True,
12129,Assets/Game/RawAssets/Sprite/Expedition/expedition_img_27.png,,5622,assets_game_rawassets_sprite_expedition.bundle,4f27a81fa17a9b104a9f70086663109d.bundle,154529,resources\assets\yoo\Default\4f27a81fa17a9b104a9f70086663109d.bundle,True,True,
12130,Assets/Game/RawAssets/Sprite/Expedition/expedition_img_28.png,,5622,assets_game_rawassets_sprite_expedition.bundle,4f27a81fa17a9b104a9f70086663109d.bundle,154529,resources\assets\yoo\Default\4f27a81fa17a9b104a9f70086663109d.bundle,True,True,
12131,Assets/Game/RawAssets/Sprite/Expedition/expedition_img_29.png,,5622,assets_game_rawassets_sprite_expedition.bundle,4f27a81fa17a9b104a9f70086663109d.bundle,154529,resources\assets\yoo\Default\4f27a81fa17a9b104a9f70086663109d.bundle,True,True,
12133,Assets/Game/RawAssets/Sprite/Expedition/expedition_txt_01.png,,5622,assets_game_rawassets_sprite_expedition.bundle,4f27a81fa17a9b104a9f70086663109d.bundle,154529,resources\assets\yoo\Default\4f27a81fa17a9b104a9f70086663109d.bundle,True,True,
12225,Assets/Game/RawAssets/Sprite/Gal/activity_a10_txt_01.png,,5695,assets_game_rawassets_sprite_gal.bundle,9b3005c642f23a035f900e91974d2f1f.bundle,868292,resources\assets\yoo\Default\9b3005c642f23a035f900e91974d2f1f.bundle,True,True,
12245,Assets/Game/RawAssets/Sprite/Gal/Gal.spriteatlas,,5695,assets_game_rawassets_sprite_gal.bundle,9b3005c642f23a035f900e91974d2f1f.bundle,868292,resources\assets\yoo\Default\9b3005c642f23a035f900e91974d2f1f.bundle,True,True,
12246,Assets/Game/RawAssets/Sprite/Gal/gal_btn_01.png,,5695,assets_game_rawassets_sprite_gal.bundle,9b3005c642f23a035f900e91974d2f1f.bundle,868292,resources\assets\yoo\Default\9b3005c642f23a035f900e91974d2f1f.bundle,True,True,
12247,Assets/Game/RawAssets/Sprite/Gal/gal_btn_02.png,,5695,assets_game_rawassets_sprite_gal.bundle,9b3005c642f23a035f900e91974d2f1f.bundle,868292,resources\assets\yoo\Default\9b3005c642f23a035f900e91974d2f1f.bundle,True,True,
12248,Assets/Game/RawAssets/Sprite/Gal/gal_btn_03.png,,5695,assets_game_rawassets_sprite_gal.bundle,9b3005c642f23a035f900e91974d2f1f.bundle,868292,resources\assets\yoo\Default\9b3005c642f23a035f900e91974d2f1f.bundle,True,True,
12249,Assets/Game/RawAssets/Sprite/Gal/gal_btn_04.png,,5695,assets_game_rawassets_sprite_gal.bundle,9b3005c642f23a035f900e91974d2f1f.bundle,868292,resources\assets\yoo\Default\9b3005c642f23a035f900e91974d2f1f.bundle,True,True,
12250,Assets/Game/RawAssets/Sprite/Gal/gal_btn_05.png,,5695,assets_game_rawassets_sprite_gal.bundle,9b3005c642f23a035f900e91974d2f1f.bundle,868292,resources\assets\yoo\Default\9b3005c642f23a035f900e91974d2f1f.bundle,True,True,
12251,Assets/Game/RawAssets/Sprite/Gal/gal_btn_06.png,,5695,assets_game_rawassets_sprite_gal.bundle,9b3005c642f23a035f900e91974d2f1f.bundle,868292,resources\assets\yoo\Default\9b3005c642f23a035f900e91974d2f1f.bundle,True,True,
12252,Assets/Game/RawAssets/Sprite/Gal/gal_btn_07.png,,5695,assets_game_rawassets_sprite_gal.bundle,9b3005c642f23a035f900e91974d2f1f.bundle,868292,resources\assets\yoo\Default\9b3005c642f23a035f900e91974d2f1f.bundle,True,True,
12253,Assets/Game/RawAssets/Sprite/Gal/gal_btn_08.png,,5695,assets_game_rawassets_sprite_gal.bundle,9b3005c642f23a035f900e91974d2f1f.bundle,868292,resources\assets\yoo\Default\9b3005c642f23a035f900e91974d2f1f.bundle,True,True,
12254,Assets/Game/RawAssets/Sprite/Gal/gal_btn_09.png,,5695,assets_game_rawassets_sprite_gal.bundle,9b3005c642f23a035f900e91974d2f1f.bundle,868292,resources\assets\yoo\Default\9b3005c642f23a035f900e91974d2f1f.bundle,True,True,
12255,Assets/Game/RawAssets/Sprite/Gal/gal_btn_10.png,,5695,assets_game_rawassets_sprite_gal.bundle,9b3005c642f23a035f900e91974d2f1f.bundle,868292,resources\assets\yoo\Default\9b3005c642f23a035f900e91974d2f1f.bundle,True,True,
12256,Assets/Game/RawAssets/Sprite/Gal/gal_btn_11.png,,5695,assets_game_rawassets_sprite_gal.bundle,9b3005c642f23a035f900e91974d2f1f.bundle,868292,resources\assets\yoo\Default\9b3005c642f23a035f900e91974d2f1f.bundle,True,True,
12257,Assets/Game/RawAssets/Sprite/Gal/gal_btn_12.png,,5695,assets_game_rawassets_sprite_gal.bundle,9b3005c642f23a035f900e91974d2f1f.bundle,868292,resources\assets\yoo\Default\9b3005c642f23a035f900e91974d2f1f.bundle,True,True,
12258,Assets/Game/RawAssets/Sprite/Gal/gal_btn_13.png,,5695,assets_game_rawassets_sprite_gal.bundle,9b3005c642f23a035f900e91974d2f1f.bundle,868292,resources\assets\yoo\Default\9b3005c642f23a035f900e91974d2f1f.bundle,True,True,
12259,Assets/Game/RawAssets/Sprite/Gal/gal_btn_14.png,,5695,assets_game_rawassets_sprite_gal.bundle,9b3005c642f23a035f900e91974d2f1f.bundle,868292,resources\assets\yoo\Default\9b3005c642f23a035f900e91974d2f1f.bundle,True,True,
12260,Assets/Game/RawAssets/Sprite/Gal/gal_btn_15.png,,5695,assets_game_rawassets_sprite_gal.bundle,9b3005c642f23a035f900e91974d2f1f.bundle,868292,resources\assets\yoo\Default\9b3005c642f23a035f900e91974d2f1f.bundle,True,True,
12261,Assets/Game/RawAssets/Sprite/Gal/gal_btn_16.png,,5695,assets_game_rawassets_sprite_gal.bundle,9b3005c642f23a035f900e91974d2f1f.bundle,868292,resources\assets\yoo\Default\9b3005c642f23a035f900e91974d2f1f.bundle,True,True,
12262,Assets/Game/RawAssets/Sprite/Gal/gal_btn_17.png,,5695,assets_game_rawassets_sprite_gal.bundle,9b3005c642f23a035f900e91974d2f1f.bundle,868292,resources\assets\yoo\Default\9b3005c642f23a035f900e91974d2f1f.bundle,True,True,
12263,Assets/Game/RawAssets/Sprite/Gal/gal_btn_18.png,,5695,assets_game_rawassets_sprite_gal.bundle,9b3005c642f23a035f900e91974d2f1f.bundle,868292,resources\assets\yoo\Default\9b3005c642f23a035f900e91974d2f1f.bundle,True,True,
12264,Assets/Game/RawAssets/Sprite/Gal/gal_btn_19.png,,5695,assets_game_rawassets_sprite_gal.bundle,9b3005c642f23a035f900e91974d2f1f.bundle,868292,resources\assets\yoo\Default\9b3005c642f23a035f900e91974d2f1f.bundle,True,True,
12265,Assets/Game/RawAssets/Sprite/Gal/gal_btn_20.png,,5695,assets_game_rawassets_sprite_gal.bundle,9b3005c642f23a035f900e91974d2f1f.bundle,868292,resources\assets\yoo\Default\9b3005c642f23a035f900e91974d2f1f.bundle,True,True,
12266,Assets/Game/RawAssets/Sprite/Gal/gal_btn_21.png,,5695,assets_game_rawassets_sprite_gal.bundle,9b3005c642f23a035f900e91974d2f1f.bundle,868292,resources\assets\yoo\Default\9b3005c642f23a035f900e91974d2f1f.bundle,True,True,
12267,Assets/Game/RawAssets/Sprite/Gal/gal_btn_22.png,,5695,assets_game_rawassets_sprite_gal.bundle,9b3005c642f23a035f900e91974d2f1f.bundle,868292,resources\assets\yoo\Default\9b3005c642f23a035f900e91974d2f1f.bundle,True,True,
12268,Assets/Game/RawAssets/Sprite/Gal/gal_btn_23.png,,5695,assets_game_rawassets_sprite_gal.bundle,9b3005c642f23a035f900e91974d2f1f.bundle,868292,resources\assets\yoo\Default\9b3005c642f23a035f900e91974d2f1f.bundle,True,True,
12269,Assets/Game/RawAssets/Sprite/Gal/gal_btn_24.png,,5695,assets_game_rawassets_sprite_gal.bundle,9b3005c642f23a035f900e91974d2f1f.bundle,868292,resources\assets\yoo\Default\9b3005c642f23a035f900e91974d2f1f.bundle,True,True,
12270,Assets/Game/RawAssets/Sprite/Gal/gal_btn_25.png,,5695,assets_game_rawassets_sprite_gal.bundle,9b3005c642f23a035f900e91974d2f1f.bundle,868292,resources\assets\yoo\Default\9b3005c642f23a035f900e91974d2f1f.bundle,True,True,
12271,Assets/Game/RawAssets/Sprite/Gal/gal_btn_26.png,,5695,assets_game_rawassets_sprite_gal.bundle,9b3005c642f23a035f900e91974d2f1f.bundle,868292,resources\assets\yoo\Default\9b3005c642f23a035f900e91974d2f1f.bundle,True,True,
12272,Assets/Game/RawAssets/Sprite/Gal/gal_btn_27.png,,5695,assets_game_rawassets_sprite_gal.bundle,9b3005c642f23a035f900e91974d2f1f.bundle,868292,resources\assets\yoo\Default\9b3005c642f23a035f900e91974d2f1f.bundle,True,True,
12273,Assets/Game/RawAssets/Sprite/Gal/gal_btn_28.png,,5695,assets_game_rawassets_sprite_gal.bundle,9b3005c642f23a035f900e91974d2f1f.bundle,868292,resources\assets\yoo\Default\9b3005c642f23a035f900e91974d2f1f.bundle,True,True,
12274,Assets/Game/RawAssets/Sprite/Gal/gal_btn_29.png,,5695,assets_game_rawassets_sprite_gal.bundle,9b3005c642f23a035f900e91974d2f1f.bundle,868292,resources\assets\yoo\Default\9b3005c642f23a035f900e91974d2f1f.bundle,True,True,
12275,Assets/Game/RawAssets/Sprite/Gal/gal_btn_30.png,,5695,assets_game_rawassets_sprite_gal.bundle,9b3005c642f23a035f900e91974d2f1f.bundle,868292,resources\assets\yoo\Default\9b3005c642f23a035f900e91974d2f1f.bundle,True,True,
12276,Assets/Game/RawAssets/Sprite/Gal/gal_btn_31.png,,5695,assets_game_rawassets_sprite_gal.bundle,9b3005c642f23a035f900e91974d2f1f.bundle,868292,resources\assets\yoo\Default\9b3005c642f23a035f900e91974d2f1f.bundle,True,True,
12277,Assets/Game/RawAssets/Sprite/Gal/gal_btn_32.png,,5695,assets_game_rawassets_sprite_gal.bundle,9b3005c642f23a035f900e91974d2f1f.bundle,868292,resources\assets\yoo\Default\9b3005c642f23a035f900e91974d2f1f.bundle,True,True,
12278,Assets/Game/RawAssets/Sprite/Gal/gal_btn_33.png,,5695,assets_game_rawassets_sprite_gal.bundle,9b3005c642f23a035f900e91974d2f1f.bundle,868292,resources\assets\yoo\Default\9b3005c642f23a035f900e91974d2f1f.bundle,True,True,
12279,Assets/Game/RawAssets/Sprite/Gal/gal_btn_34.png,,5695,assets_game_rawassets_sprite_gal.bundle,9b3005c642f23a035f900e91974d2f1f.bundle,868292,resources\assets\yoo\Default\9b3005c642f23a035f900e91974d2f1f.bundle,True,True,
12280,Assets/Game/RawAssets/Sprite/Gal/gal_btn_35.png,,5695,assets_game_rawassets_sprite_gal.bundle,9b3005c642f23a035f900e91974d2f1f.bundle,868292,resources\assets\yoo\Default\9b3005c642f23a035f900e91974d2f1f.bundle,True,True,
12281,Assets/Game/RawAssets/Sprite/Gal/gal_btn_36.png,,5695,assets_game_rawassets_sprite_gal.bundle,9b3005c642f23a035f900e91974d2f1f.bundle,868292,resources\assets\yoo\Default\9b3005c642f23a035f900e91974d2f1f.bundle,True,True,
12282,Assets/Game/RawAssets/Sprite/Gal/gal_btn_37.png,,5695,assets_game_rawassets_sprite_gal.bundle,9b3005c642f23a035f900e91974d2f1f.bundle,868292,resources\assets\yoo\Default\9b3005c642f23a035f900e91974d2f1f.bundle,True,True,
12283,Assets/Game/RawAssets/Sprite/Gal/gal_btn_38.png,,5695,assets_game_rawassets_sprite_gal.bundle,9b3005c642f23a035f900e91974d2f1f.bundle,868292,resources\assets\yoo\Default\9b3005c642f23a035f900e91974d2f1f.bundle,True,True,
12284,Assets/Game/RawAssets/Sprite/Gal/gal_btn_39.png,,5695,assets_game_rawassets_sprite_gal.bundle,9b3005c642f23a035f900e91974d2f1f.bundle,868292,resources\assets\yoo\Default\9b3005c642f23a035f900e91974d2f1f.bundle,True,True,
12285,Assets/Game/RawAssets/Sprite/Gal/gal_btn_40.png,,5695,assets_game_rawassets_sprite_gal.bundle,9b3005c642f23a035f900e91974d2f1f.bundle,868292,resources\assets\yoo\Default\9b3005c642f23a035f900e91974d2f1f.bundle,True,True,
12286,Assets/Game/RawAssets/Sprite/Gal/gal_btn_41.png,,5695,assets_game_rawassets_sprite_gal.bundle,9b3005c642f23a035f900e91974d2f1f.bundle,868292,resources\assets\yoo\Default\9b3005c642f23a035f900e91974d2f1f.bundle,True,True,
12288,Assets/Game/RawAssets/Sprite/Gal/gal_btn_43.png,,5695,assets_game_rawassets_sprite_gal.bundle,9b3005c642f23a035f900e91974d2f1f.bundle,868292,resources\assets\yoo\Default\9b3005c642f23a035f900e91974d2f1f.bundle,True,True,
12289,Assets/Game/RawAssets/Sprite/Gal/gal_btn_44.png,,5695,assets_game_rawassets_sprite_gal.bundle,9b3005c642f23a035f900e91974d2f1f.bundle,868292,resources\assets\yoo\Default\9b3005c642f23a035f900e91974d2f1f.bundle,True,True,
12290,Assets/Game/RawAssets/Sprite/Gal/gal_btn_45.png,,5695,assets_game_rawassets_sprite_gal.bundle,9b3005c642f23a035f900e91974d2f1f.bundle,868292,resources\assets\yoo\Default\9b3005c642f23a035f900e91974d2f1f.bundle,True,True,
12291,Assets/Game/RawAssets/Sprite/Gal/gal_btn_46.png,,5695,assets_game_rawassets_sprite_gal.bundle,9b3005c642f23a035f900e91974d2f1f.bundle,868292,resources\assets\yoo\Default\9b3005c642f23a035f900e91974d2f1f.bundle,True,True,
12292,Assets/Game/RawAssets/Sprite/Gal/gal_btn_47.png,,5695,assets_game_rawassets_sprite_gal.bundle,9b3005c642f23a035f900e91974d2f1f.bundle,868292,resources\assets\yoo\Default\9b3005c642f23a035f900e91974d2f1f.bundle,True,True,
12293,Assets/Game/RawAssets/Sprite/Gal/gal_btn_48.png,,5695,assets_game_rawassets_sprite_gal.bundle,9b3005c642f23a035f900e91974d2f1f.bundle,868292,resources\assets\yoo\Default\9b3005c642f23a035f900e91974d2f1f.bundle,True,True,
12297,Assets/Game/RawAssets/Sprite/Gal/gal_img_04.png,,5695,assets_game_rawassets_sprite_gal.bundle,9b3005c642f23a035f900e91974d2f1f.bundle,868292,resources\assets\yoo\Default\9b3005c642f23a035f900e91974d2f1f.bundle,True,True,
12298,Assets/Game/RawAssets/Sprite/Gal/gal_img_05.png,,5695,assets_game_rawassets_sprite_gal.bundle,9b3005c642f23a035f900e91974d2f1f.bundle,868292,resources\assets\yoo\Default\9b3005c642f23a035f900e91974d2f1f.bundle,True,True,
12299,Assets/Game/RawAssets/Sprite/Gal/gal_img_06.png,,5695,assets_game_rawassets_sprite_gal.bundle,9b3005c642f23a035f900e91974d2f1f.bundle,868292,resources\assets\yoo\Default\9b3005c642f23a035f900e91974d2f1f.bundle,True,True,
12300,Assets/Game/RawAssets/Sprite/Gal/gal_img_07.png,,5695,assets_game_rawassets_sprite_gal.bundle,9b3005c642f23a035f900e91974d2f1f.bundle,868292,resources\assets\yoo\Default\9b3005c642f23a035f900e91974d2f1f.bundle,True,True,
12301,Assets/Game/RawAssets/Sprite/Gal/gal_img_08.png,,5695,assets_game_rawassets_sprite_gal.bundle,9b3005c642f23a035f900e91974d2f1f.bundle,868292,resources\assets\yoo\Default\9b3005c642f23a035f900e91974d2f1f.bundle,True,True,
12302,Assets/Game/RawAssets/Sprite/Gal/gal_img_09.png,,5695,assets_game_rawassets_sprite_gal.bundle,9b3005c642f23a035f900e91974d2f1f.bundle,868292,resources\assets\yoo\Default\9b3005c642f23a035f900e91974d2f1f.bundle,True,True,
12303,Assets/Game/RawAssets/Sprite/Gal/gal_img_10.png,,5695,assets_game_rawassets_sprite_gal.bundle,9b3005c642f23a035f900e91974d2f1f.bundle,868292,resources\assets\yoo\Default\9b3005c642f23a035f900e91974d2f1f.bundle,True,True,
12304,Assets/Game/RawAssets/Sprite/Gal/gal_img_100.png,,5695,assets_game_rawassets_sprite_gal.bundle,9b3005c642f23a035f900e91974d2f1f.bundle,868292,resources\assets\yoo\Default\9b3005c642f23a035f900e91974d2f1f.bundle,True,True,
12305,Assets/Game/RawAssets/Sprite/Gal/gal_img_101.png,,5695,assets_game_rawassets_sprite_gal.bundle,9b3005c642f23a035f900e91974d2f1f.bundle,868292,resources\assets\yoo\Default\9b3005c642f23a035f900e91974d2f1f.bundle,True,True,
12306,Assets/Game/RawAssets/Sprite/Gal/gal_img_102.png,,5695,assets_game_rawassets_sprite_gal.bundle,9b3005c642f23a035f900e91974d2f1f.bundle,868292,resources\assets\yoo\Default\9b3005c642f23a035f900e91974d2f1f.bundle,True,True,
12307,Assets/Game/RawAssets/Sprite/Gal/gal_img_103.png,,5695,assets_game_rawassets_sprite_gal.bundle,9b3005c642f23a035f900e91974d2f1f.bundle,868292,resources\assets\yoo\Default\9b3005c642f23a035f900e91974d2f1f.bundle,True,True,
12308,Assets/Game/RawAssets/Sprite/Gal/gal_img_104.png,,5695,assets_game_rawassets_sprite_gal.bundle,9b3005c642f23a035f900e91974d2f1f.bundle,868292,resources\assets\yoo\Default\9b3005c642f23a035f900e91974d2f1f.bundle,True,True,
12309,Assets/Game/RawAssets/Sprite/Gal/gal_img_105.png,,5695,assets_game_rawassets_sprite_gal.bundle,9b3005c642f23a035f900e91974d2f1f.bundle,868292,resources\assets\yoo\Default\9b3005c642f23a035f900e91974d2f1f.bundle,True,True,
12310,Assets/Game/RawAssets/Sprite/Gal/gal_img_106.png,,5695,assets_game_rawassets_sprite_gal.bundle,9b3005c642f23a035f900e91974d2f1f.bundle,868292,resources\assets\yoo\Default\9b3005c642f23a035f900e91974d2f1f.bundle,True,True,
12311,Assets/Game/RawAssets/Sprite/Gal/gal_img_107.png,,5695,assets_game_rawassets_sprite_gal.bundle,9b3005c642f23a035f900e91974d2f1f.bundle,868292,resources\assets\yoo\Default\9b3005c642f23a035f900e91974d2f1f.bundle,True,True,
12312,Assets/Game/RawAssets/Sprite/Gal/gal_img_108.png,,5695,assets_game_rawassets_sprite_gal.bundle,9b3005c642f23a035f900e91974d2f1f.bundle,868292,resources\assets\yoo\Default\9b3005c642f23a035f900e91974d2f1f.bundle,True,True,
12313,Assets/Game/RawAssets/Sprite/Gal/gal_img_109.png,,5695,assets_game_rawassets_sprite_gal.bundle,9b3005c642f23a035f900e91974d2f1f.bundle,868292,resources\assets\yoo\Default\9b3005c642f23a035f900e91974d2f1f.bundle,True,True,
12314,Assets/Game/RawAssets/Sprite/Gal/gal_img_11.png,,5695,assets_game_rawassets_sprite_gal.bundle,9b3005c642f23a035f900e91974d2f1f.bundle,868292,resources\assets\yoo\Default\9b3005c642f23a035f900e91974d2f1f.bundle,True,True,
12315,Assets/Game/RawAssets/Sprite/Gal/gal_img_110.png,,5695,assets_game_rawassets_sprite_gal.bundle,9b3005c642f23a035f900e91974d2f1f.bundle,868292,resources\assets\yoo\Default\9b3005c642f23a035f900e91974d2f1f.bundle,True,True,
12316,Assets/Game/RawAssets/Sprite/Gal/gal_img_111.png,,5695,assets_game_rawassets_sprite_gal.bundle,9b3005c642f23a035f900e91974d2f1f.bundle,868292,resources\assets\yoo\Default\9b3005c642f23a035f900e91974d2f1f.bundle,True,True,
12317,Assets/Game/RawAssets/Sprite/Gal/gal_img_112.png,,5695,assets_game_rawassets_sprite_gal.bundle,9b3005c642f23a035f900e91974d2f1f.bundle,868292,resources\assets\yoo\Default\9b3005c642f23a035f900e91974d2f1f.bundle,True,True,
12318,Assets/Game/RawAssets/Sprite/Gal/gal_img_113.png,,5695,assets_game_rawassets_sprite_gal.bundle,9b3005c642f23a035f900e91974d2f1f.bundle,868292,resources\assets\yoo\Default\9b3005c642f23a035f900e91974d2f1f.bundle,True,True,
12319,Assets/Game/RawAssets/Sprite/Gal/gal_img_114.png,,5695,assets_game_rawassets_sprite_gal.bundle,9b3005c642f23a035f900e91974d2f1f.bundle,868292,resources\assets\yoo\Default\9b3005c642f23a035f900e91974d2f1f.bundle,True,True,
12320,Assets/Game/RawAssets/Sprite/Gal/gal_img_115.png,,5695,assets_game_rawassets_sprite_gal.bundle,9b3005c642f23a035f900e91974d2f1f.bundle,868292,resources\assets\yoo\Default\9b3005c642f23a035f900e91974d2f1f.bundle,True,True,
12321,Assets/Game/RawAssets/Sprite/Gal/gal_img_116.png,,5695,assets_game_rawassets_sprite_gal.bundle,9b3005c642f23a035f900e91974d2f1f.bundle,868292,resources\assets\yoo\Default\9b3005c642f23a035f900e91974d2f1f.bundle,True,True,
12322,Assets/Game/RawAssets/Sprite/Gal/gal_img_117.png,,5695,assets_game_rawassets_sprite_gal.bundle,9b3005c642f23a035f900e91974d2f1f.bundle,868292,resources\assets\yoo\Default\9b3005c642f23a035f900e91974d2f1f.bundle,True,True,
12323,Assets/Game/RawAssets/Sprite/Gal/gal_img_118.png,,5695,assets_game_rawassets_sprite_gal.bundle,9b3005c642f23a035f900e91974d2f1f.bundle,868292,resources\assets\yoo\Default\9b3005c642f23a035f900e91974d2f1f.bundle,True,True,
12325,Assets/Game/RawAssets/Sprite/Gal/gal_img_12.png,,5695,assets_game_rawassets_sprite_gal.bundle,9b3005c642f23a035f900e91974d2f1f.bundle,868292,resources\assets\yoo\Default\9b3005c642f23a035f900e91974d2f1f.bundle,True,True,
12326,Assets/Game/RawAssets/Sprite/Gal/gal_img_120.png,,5695,assets_game_rawassets_sprite_gal.bundle,9b3005c642f23a035f900e91974d2f1f.bundle,868292,resources\assets\yoo\Default\9b3005c642f23a035f900e91974d2f1f.bundle,True,True,
12330,Assets/Game/RawAssets/Sprite/Gal/gal_img_125.png,,5695,assets_game_rawassets_sprite_gal.bundle,9b3005c642f23a035f900e91974d2f1f.bundle,868292,resources\assets\yoo\Default\9b3005c642f23a035f900e91974d2f1f.bundle,True,True,
12331,Assets/Game/RawAssets/Sprite/Gal/gal_img_126.png,,5695,assets_game_rawassets_sprite_gal.bundle,9b3005c642f23a035f900e91974d2f1f.bundle,868292,resources\assets\yoo\Default\9b3005c642f23a035f900e91974d2f1f.bundle,True,True,
12332,Assets/Game/RawAssets/Sprite/Gal/gal_img_13.png,,5695,assets_game_rawassets_sprite_gal.bundle,9b3005c642f23a035f900e91974d2f1f.bundle,868292,resources\assets\yoo\Default\9b3005c642f23a035f900e91974d2f1f.bundle,True,True,
12333,Assets/Game/RawAssets/Sprite/Gal/gal_img_14.png,,5695,assets_game_rawassets_sprite_gal.bundle,9b3005c642f23a035f900e91974d2f1f.bundle,868292,resources\assets\yoo\Default\9b3005c642f23a035f900e91974d2f1f.bundle,True,True,
12334,Assets/Game/RawAssets/Sprite/Gal/gal_img_15.png,,5695,assets_game_rawassets_sprite_gal.bundle,9b3005c642f23a035f900e91974d2f1f.bundle,868292,resources\assets\yoo\Default\9b3005c642f23a035f900e91974d2f1f.bundle,True,True,
12335,Assets/Game/RawAssets/Sprite/Gal/gal_img_16.png,,5695,assets_game_rawassets_sprite_gal.bundle,9b3005c642f23a035f900e91974d2f1f.bundle,868292,resources\assets\yoo\Default\9b3005c642f23a035f900e91974d2f1f.bundle,True,True,
12337,Assets/Game/RawAssets/Sprite/Gal/gal_img_18.png,,5695,assets_game_rawassets_sprite_gal.bundle,9b3005c642f23a035f900e91974d2f1f.bundle,868292,resources\assets\yoo\Default\9b3005c642f23a035f900e91974d2f1f.bundle,True,True,
12338,Assets/Game/RawAssets/Sprite/Gal/gal_img_19.png,,5695,assets_game_rawassets_sprite_gal.bundle,9b3005c642f23a035f900e91974d2f1f.bundle,868292,resources\assets\yoo\Default\9b3005c642f23a035f900e91974d2f1f.bundle,True,True,
12339,Assets/Game/RawAssets/Sprite/Gal/gal_img_20.png,,5695,assets_game_rawassets_sprite_gal.bundle,9b3005c642f23a035f900e91974d2f1f.bundle,868292,resources\assets\yoo\Default\9b3005c642f23a035f900e91974d2f1f.bundle,True,True,
12340,Assets/Game/RawAssets/Sprite/Gal/gal_img_21.png,,5695,assets_game_rawassets_sprite_gal.bundle,9b3005c642f23a035f900e91974d2f1f.bundle,868292,resources\assets\yoo\Default\9b3005c642f23a035f900e91974d2f1f.bundle,True,True,
12341,Assets/Game/RawAssets/Sprite/Gal/gal_img_22.png,,5695,assets_game_rawassets_sprite_gal.bundle,9b3005c642f23a035f900e91974d2f1f.bundle,868292,resources\assets\yoo\Default\9b3005c642f23a035f900e91974d2f1f.bundle,True,True,
12342,Assets/Game/RawAssets/Sprite/Gal/gal_img_23.png,,5695,assets_game_rawassets_sprite_gal.bundle,9b3005c642f23a035f900e91974d2f1f.bundle,868292,resources\assets\yoo\Default\9b3005c642f23a035f900e91974d2f1f.bundle,True,True,
12343,Assets/Game/RawAssets/Sprite/Gal/gal_img_24.png,,5695,assets_game_rawassets_sprite_gal.bundle,9b3005c642f23a035f900e91974d2f1f.bundle,868292,resources\assets\yoo\Default\9b3005c642f23a035f900e91974d2f1f.bundle,True,True,
12344,Assets/Game/RawAssets/Sprite/Gal/gal_img_25.png,,5695,assets_game_rawassets_sprite_gal.bundle,9b3005c642f23a035f900e91974d2f1f.bundle,868292,resources\assets\yoo\Default\9b3005c642f23a035f900e91974d2f1f.bundle,True,True,
12345,Assets/Game/RawAssets/Sprite/Gal/gal_img_26.png,,5695,assets_game_rawassets_sprite_gal.bundle,9b3005c642f23a035f900e91974d2f1f.bundle,868292,resources\assets\yoo\Default\9b3005c642f23a035f900e91974d2f1f.bundle,True,True,
12346,Assets/Game/RawAssets/Sprite/Gal/gal_img_27.png,,5695,assets_game_rawassets_sprite_gal.bundle,9b3005c642f23a035f900e91974d2f1f.bundle,868292,resources\assets\yoo\Default\9b3005c642f23a035f900e91974d2f1f.bundle,True,True,
12347,Assets/Game/RawAssets/Sprite/Gal/gal_img_28.png,,5695,assets_game_rawassets_sprite_gal.bundle,9b3005c642f23a035f900e91974d2f1f.bundle,868292,resources\assets\yoo\Default\9b3005c642f23a035f900e91974d2f1f.bundle,True,True,
12348,Assets/Game/RawAssets/Sprite/Gal/gal_img_29.png,,5695,assets_game_rawassets_sprite_gal.bundle,9b3005c642f23a035f900e91974d2f1f.bundle,868292,resources\assets\yoo\Default\9b3005c642f23a035f900e91974d2f1f.bundle,True,True,
12350,Assets/Game/RawAssets/Sprite/Gal/gal_img_31.png,,5695,assets_game_rawassets_sprite_gal.bundle,9b3005c642f23a035f900e91974d2f1f.bundle,868292,resources\assets\yoo\Default\9b3005c642f23a035f900e91974d2f1f.bundle,True,True,
12351,Assets/Game/RawAssets/Sprite/Gal/gal_img_32.png,,5695,assets_game_rawassets_sprite_gal.bundle,9b3005c642f23a035f900e91974d2f1f.bundle,868292,resources\assets\yoo\Default\9b3005c642f23a035f900e91974d2f1f.bundle,True,True,
12352,Assets/Game/RawAssets/Sprite/Gal/gal_img_33.png,,5695,assets_game_rawassets_sprite_gal.bundle,9b3005c642f23a035f900e91974d2f1f.bundle,868292,resources\assets\yoo\Default\9b3005c642f23a035f900e91974d2f1f.bundle,True,True,
12353,Assets/Game/RawAssets/Sprite/Gal/gal_img_34.png,,5695,assets_game_rawassets_sprite_gal.bundle,9b3005c642f23a035f900e91974d2f1f.bundle,868292,resources\assets\yoo\Default\9b3005c642f23a035f900e91974d2f1f.bundle,True,True,
12354,Assets/Game/RawAssets/Sprite/Gal/gal_img_35.png,,5695,assets_game_rawassets_sprite_gal.bundle,9b3005c642f23a035f900e91974d2f1f.bundle,868292,resources\assets\yoo\Default\9b3005c642f23a035f900e91974d2f1f.bundle,True,True,
12355,Assets/Game/RawAssets/Sprite/Gal/gal_img_36.png,,5695,assets_game_rawassets_sprite_gal.bundle,9b3005c642f23a035f900e91974d2f1f.bundle,868292,resources\assets\yoo\Default\9b3005c642f23a035f900e91974d2f1f.bundle,True,True,
12356,Assets/Game/RawAssets/Sprite/Gal/gal_img_37.png,,5695,assets_game_rawassets_sprite_gal.bundle,9b3005c642f23a035f900e91974d2f1f.bundle,868292,resources\assets\yoo\Default\9b3005c642f23a035f900e91974d2f1f.bundle,True,True,
12357,Assets/Game/RawAssets/Sprite/Gal/gal_img_38.png,,5695,assets_game_rawassets_sprite_gal.bundle,9b3005c642f23a035f900e91974d2f1f.bundle,868292,resources\assets\yoo\Default\9b3005c642f23a035f900e91974d2f1f.bundle,True,True,
12358,Assets/Game/RawAssets/Sprite/Gal/gal_img_39.png,,5695,assets_game_rawassets_sprite_gal.bundle,9b3005c642f23a035f900e91974d2f1f.bundle,868292,resources\assets\yoo\Default\9b3005c642f23a035f900e91974d2f1f.bundle,True,True,
12359,Assets/Game/RawAssets/Sprite/Gal/gal_img_40.png,,5695,assets_game_rawassets_sprite_gal.bundle,9b3005c642f23a035f900e91974d2f1f.bundle,868292,resources\assets\yoo\Default\9b3005c642f23a035f900e91974d2f1f.bundle,True,True,
12360,Assets/Game/RawAssets/Sprite/Gal/gal_img_41.png,,5695,assets_game_rawassets_sprite_gal.bundle,9b3005c642f23a035f900e91974d2f1f.bundle,868292,resources\assets\yoo\Default\9b3005c642f23a035f900e91974d2f1f.bundle,True,True,
12361,Assets/Game/RawAssets/Sprite/Gal/gal_img_42.png,,5695,assets_game_rawassets_sprite_gal.bundle,9b3005c642f23a035f900e91974d2f1f.bundle,868292,resources\assets\yoo\Default\9b3005c642f23a035f900e91974d2f1f.bundle,True,True,
12362,Assets/Game/RawAssets/Sprite/Gal/gal_img_43.png,,5695,assets_game_rawassets_sprite_gal.bundle,9b3005c642f23a035f900e91974d2f1f.bundle,868292,resources\assets\yoo\Default\9b3005c642f23a035f900e91974d2f1f.bundle,True,True,
12363,Assets/Game/RawAssets/Sprite/Gal/gal_img_44.png,,5695,assets_game_rawassets_sprite_gal.bundle,9b3005c642f23a035f900e91974d2f1f.bundle,868292,resources\assets\yoo\Default\9b3005c642f23a035f900e91974d2f1f.bundle,True,True,
12364,Assets/Game/RawAssets/Sprite/Gal/gal_img_45.png,,5695,assets_game_rawassets_sprite_gal.bundle,9b3005c642f23a035f900e91974d2f1f.bundle,868292,resources\assets\yoo\Default\9b3005c642f23a035f900e91974d2f1f.bundle,True,True,
12365,Assets/Game/RawAssets/Sprite/Gal/gal_img_46.png,,5695,assets_game_rawassets_sprite_gal.bundle,9b3005c642f23a035f900e91974d2f1f.bundle,868292,resources\assets\yoo\Default\9b3005c642f23a035f900e91974d2f1f.bundle,True,True,
12366,Assets/Game/RawAssets/Sprite/Gal/gal_img_47.png,,5695,assets_game_rawassets_sprite_gal.bundle,9b3005c642f23a035f900e91974d2f1f.bundle,868292,resources\assets\yoo\Default\9b3005c642f23a035f900e91974d2f1f.bundle,True,True,
12367,Assets/Game/RawAssets/Sprite/Gal/gal_img_48.png,,5695,assets_game_rawassets_sprite_gal.bundle,9b3005c642f23a035f900e91974d2f1f.bundle,868292,resources\assets\yoo\Default\9b3005c642f23a035f900e91974d2f1f.bundle,True,True,
12368,Assets/Game/RawAssets/Sprite/Gal/gal_img_49.png,,5695,assets_game_rawassets_sprite_gal.bundle,9b3005c642f23a035f900e91974d2f1f.bundle,868292,resources\assets\yoo\Default\9b3005c642f23a035f900e91974d2f1f.bundle,True,True,
12370,Assets/Game/RawAssets/Sprite/Gal/gal_img_51.png,,5695,assets_game_rawassets_sprite_gal.bundle,9b3005c642f23a035f900e91974d2f1f.bundle,868292,resources\assets\yoo\Default\9b3005c642f23a035f900e91974d2f1f.bundle,True,True,
12371,Assets/Game/RawAssets/Sprite/Gal/gal_img_52.png,,5695,assets_game_rawassets_sprite_gal.bundle,9b3005c642f23a035f900e91974d2f1f.bundle,868292,resources\assets\yoo\Default\9b3005c642f23a035f900e91974d2f1f.bundle,True,True,
12372,Assets/Game/RawAssets/Sprite/Gal/gal_img_53.png,,5695,assets_game_rawassets_sprite_gal.bundle,9b3005c642f23a035f900e91974d2f1f.bundle,868292,resources\assets\yoo\Default\9b3005c642f23a035f900e91974d2f1f.bundle,True,True,
12373,Assets/Game/RawAssets/Sprite/Gal/gal_img_54.png,,5695,assets_game_rawassets_sprite_gal.bundle,9b3005c642f23a035f900e91974d2f1f.bundle,868292,resources\assets\yoo\Default\9b3005c642f23a035f900e91974d2f1f.bundle,True,True,
12376,Assets/Game/RawAssets/Sprite/Gal/gal_img_57.png,,5695,assets_game_rawassets_sprite_gal.bundle,9b3005c642f23a035f900e91974d2f1f.bundle,868292,resources\assets\yoo\Default\9b3005c642f23a035f900e91974d2f1f.bundle,True,True,
12380,Assets/Game/RawAssets/Sprite/Gal/gal_img_61.png,,5695,assets_game_rawassets_sprite_gal.bundle,9b3005c642f23a035f900e91974d2f1f.bundle,868292,resources\assets\yoo\Default\9b3005c642f23a035f900e91974d2f1f.bundle,True,True,
12381,Assets/Game/RawAssets/Sprite/Gal/gal_img_62.png,,5695,assets_game_rawassets_sprite_gal.bundle,9b3005c642f23a035f900e91974d2f1f.bundle,868292,resources\assets\yoo\Default\9b3005c642f23a035f900e91974d2f1f.bundle,True,True,
12382,Assets/Game/RawAssets/Sprite/Gal/gal_img_63.png,,5695,assets_game_rawassets_sprite_gal.bundle,9b3005c642f23a035f900e91974d2f1f.bundle,868292,resources\assets\yoo\Default\9b3005c642f23a035f900e91974d2f1f.bundle,True,True,
12383,Assets/Game/RawAssets/Sprite/Gal/gal_img_64.png,,5695,assets_game_rawassets_sprite_gal.bundle,9b3005c642f23a035f900e91974d2f1f.bundle,868292,resources\assets\yoo\Default\9b3005c642f23a035f900e91974d2f1f.bundle,True,True,
12384,Assets/Game/RawAssets/Sprite/Gal/gal_img_65.png,,5695,assets_game_rawassets_sprite_gal.bundle,9b3005c642f23a035f900e91974d2f1f.bundle,868292,resources\assets\yoo\Default\9b3005c642f23a035f900e91974d2f1f.bundle,True,True,
12385,Assets/Game/RawAssets/Sprite/Gal/gal_img_66.png,,5695,assets_game_rawassets_sprite_gal.bundle,9b3005c642f23a035f900e91974d2f1f.bundle,868292,resources\assets\yoo\Default\9b3005c642f23a035f900e91974d2f1f.bundle,True,True,
12386,Assets/Game/RawAssets/Sprite/Gal/gal_img_67.png,,5695,assets_game_rawassets_sprite_gal.bundle,9b3005c642f23a035f900e91974d2f1f.bundle,868292,resources\assets\yoo\Default\9b3005c642f23a035f900e91974d2f1f.bundle,True,True,
12387,Assets/Game/RawAssets/Sprite/Gal/gal_img_68.png,,5695,assets_game_rawassets_sprite_gal.bundle,9b3005c642f23a035f900e91974d2f1f.bundle,868292,resources\assets\yoo\Default\9b3005c642f23a035f900e91974d2f1f.bundle,True,True,
12388,Assets/Game/RawAssets/Sprite/Gal/gal_img_69.png,,5695,assets_game_rawassets_sprite_gal.bundle,9b3005c642f23a035f900e91974d2f1f.bundle,868292,resources\assets\yoo\Default\9b3005c642f23a035f900e91974d2f1f.bundle,True,True,
12390,Assets/Game/RawAssets/Sprite/Gal/gal_img_71.png,,5695,assets_game_rawassets_sprite_gal.bundle,9b3005c642f23a035f900e91974d2f1f.bundle,868292,resources\assets\yoo\Default\9b3005c642f23a035f900e91974d2f1f.bundle,True,True,
12391,Assets/Game/RawAssets/Sprite/Gal/gal_img_72.png,,5695,assets_game_rawassets_sprite_gal.bundle,9b3005c642f23a035f900e91974d2f1f.bundle,868292,resources\assets\yoo\Default\9b3005c642f23a035f900e91974d2f1f.bundle,True,True,
12392,Assets/Game/RawAssets/Sprite/Gal/gal_img_73.png,,5695,assets_game_rawassets_sprite_gal.bundle,9b3005c642f23a035f900e91974d2f1f.bundle,868292,resources\assets\yoo\Default\9b3005c642f23a035f900e91974d2f1f.bundle,True,True,
12393,Assets/Game/RawAssets/Sprite/Gal/gal_img_74.png,,5695,assets_game_rawassets_sprite_gal.bundle,9b3005c642f23a035f900e91974d2f1f.bundle,868292,resources\assets\yoo\Default\9b3005c642f23a035f900e91974d2f1f.bundle,True,True,
12394,Assets/Game/RawAssets/Sprite/Gal/gal_img_75.png,,5695,assets_game_rawassets_sprite_gal.bundle,9b3005c642f23a035f900e91974d2f1f.bundle,868292,resources\assets\yoo\Default\9b3005c642f23a035f900e91974d2f1f.bundle,True,True,
12396,Assets/Game/RawAssets/Sprite/Gal/gal_img_77.png,,5695,assets_game_rawassets_sprite_gal.bundle,9b3005c642f23a035f900e91974d2f1f.bundle,868292,resources\assets\yoo\Default\9b3005c642f23a035f900e91974d2f1f.bundle,True,True,
12397,Assets/Game/RawAssets/Sprite/Gal/gal_img_78.png,,5695,assets_game_rawassets_sprite_gal.bundle,9b3005c642f23a035f900e91974d2f1f.bundle,868292,resources\assets\yoo\Default\9b3005c642f23a035f900e91974d2f1f.bundle,True,True,
12398,Assets/Game/RawAssets/Sprite/Gal/gal_img_79.png,,5695,assets_game_rawassets_sprite_gal.bundle,9b3005c642f23a035f900e91974d2f1f.bundle,868292,resources\assets\yoo\Default\9b3005c642f23a035f900e91974d2f1f.bundle,True,True,
12399,Assets/Game/RawAssets/Sprite/Gal/gal_img_80.png,,5695,assets_game_rawassets_sprite_gal.bundle,9b3005c642f23a035f900e91974d2f1f.bundle,868292,resources\assets\yoo\Default\9b3005c642f23a035f900e91974d2f1f.bundle,True,True,
12401,Assets/Game/RawAssets/Sprite/Gal/gal_img_82.png,,5695,assets_game_rawassets_sprite_gal.bundle,9b3005c642f23a035f900e91974d2f1f.bundle,868292,resources\assets\yoo\Default\9b3005c642f23a035f900e91974d2f1f.bundle,True,True,
12402,Assets/Game/RawAssets/Sprite/Gal/gal_img_83.png,,5695,assets_game_rawassets_sprite_gal.bundle,9b3005c642f23a035f900e91974d2f1f.bundle,868292,resources\assets\yoo\Default\9b3005c642f23a035f900e91974d2f1f.bundle,True,True,
12403,Assets/Game/RawAssets/Sprite/Gal/gal_img_84.png,,5695,assets_game_rawassets_sprite_gal.bundle,9b3005c642f23a035f900e91974d2f1f.bundle,868292,resources\assets\yoo\Default\9b3005c642f23a035f900e91974d2f1f.bundle,True,True,
12404,Assets/Game/RawAssets/Sprite/Gal/gal_img_85.png,,5695,assets_game_rawassets_sprite_gal.bundle,9b3005c642f23a035f900e91974d2f1f.bundle,868292,resources\assets\yoo\Default\9b3005c642f23a035f900e91974d2f1f.bundle,True,True,
12405,Assets/Game/RawAssets/Sprite/Gal/gal_img_86.png,,5695,assets_game_rawassets_sprite_gal.bundle,9b3005c642f23a035f900e91974d2f1f.bundle,868292,resources\assets\yoo\Default\9b3005c642f23a035f900e91974d2f1f.bundle,True,True,
12406,Assets/Game/RawAssets/Sprite/Gal/gal_img_87.png,,5695,assets_game_rawassets_sprite_gal.bundle,9b3005c642f23a035f900e91974d2f1f.bundle,868292,resources\assets\yoo\Default\9b3005c642f23a035f900e91974d2f1f.bundle,True,True,
12407,Assets/Game/RawAssets/Sprite/Gal/gal_img_88.png,,5695,assets_game_rawassets_sprite_gal.bundle,9b3005c642f23a035f900e91974d2f1f.bundle,868292,resources\assets\yoo\Default\9b3005c642f23a035f900e91974d2f1f.bundle,True,True,
12408,Assets/Game/RawAssets/Sprite/Gal/gal_img_89.png,,5695,assets_game_rawassets_sprite_gal.bundle,9b3005c642f23a035f900e91974d2f1f.bundle,868292,resources\assets\yoo\Default\9b3005c642f23a035f900e91974d2f1f.bundle,True,True,
12409,Assets/Game/RawAssets/Sprite/Gal/gal_img_90.png,,5695,assets_game_rawassets_sprite_gal.bundle,9b3005c642f23a035f900e91974d2f1f.bundle,868292,resources\assets\yoo\Default\9b3005c642f23a035f900e91974d2f1f.bundle,True,True,
12410,Assets/Game/RawAssets/Sprite/Gal/gal_img_91.png,,5695,assets_game_rawassets_sprite_gal.bundle,9b3005c642f23a035f900e91974d2f1f.bundle,868292,resources\assets\yoo\Default\9b3005c642f23a035f900e91974d2f1f.bundle,True,True,
12411,Assets/Game/RawAssets/Sprite/Gal/gal_img_92.png,,5695,assets_game_rawassets_sprite_gal.bundle,9b3005c642f23a035f900e91974d2f1f.bundle,868292,resources\assets\yoo\Default\9b3005c642f23a035f900e91974d2f1f.bundle,True,True,
12412,Assets/Game/RawAssets/Sprite/Gal/gal_img_93.png,,5695,assets_game_rawassets_sprite_gal.bundle,9b3005c642f23a035f900e91974d2f1f.bundle,868292,resources\assets\yoo\Default\9b3005c642f23a035f900e91974d2f1f.bundle,True,True,
12413,Assets/Game/RawAssets/Sprite/Gal/gal_img_94.png,,5695,assets_game_rawassets_sprite_gal.bundle,9b3005c642f23a035f900e91974d2f1f.bundle,868292,resources\assets\yoo\Default\9b3005c642f23a035f900e91974d2f1f.bundle,True,True,
12418,Assets/Game/RawAssets/Sprite/Gal/gal_img_99.png,,5695,assets_game_rawassets_sprite_gal.bundle,9b3005c642f23a035f900e91974d2f1f.bundle,868292,resources\assets\yoo\Default\9b3005c642f23a035f900e91974d2f1f.bundle,True,True,
12419,Assets/Game/RawAssets/Sprite/Gal/gal_img_999.png,,5695,assets_game_rawassets_sprite_gal.bundle,9b3005c642f23a035f900e91974d2f1f.bundle,868292,resources\assets\yoo\Default\9b3005c642f23a035f900e91974d2f1f.bundle,True,True,
12421,Assets/Game/RawAssets/Sprite/Gal/gal_txt_02.png,,5695,assets_game_rawassets_sprite_gal.bundle,9b3005c642f23a035f900e91974d2f1f.bundle,868292,resources\assets\yoo\Default\9b3005c642f23a035f900e91974d2f1f.bundle,True,True,
12422,Assets/Game/RawAssets/Sprite/Gal/gal_txt_03.png,,5695,assets_game_rawassets_sprite_gal.bundle,9b3005c642f23a035f900e91974d2f1f.bundle,868292,resources\assets\yoo\Default\9b3005c642f23a035f900e91974d2f1f.bundle,True,True,
12423,Assets/Game/RawAssets/Sprite/Gal/gal_txt_04.png,,5695,assets_game_rawassets_sprite_gal.bundle,9b3005c642f23a035f900e91974d2f1f.bundle,868292,resources\assets\yoo\Default\9b3005c642f23a035f900e91974d2f1f.bundle,True,True,
13492,Assets/Game/RawAssets/Sprite/Head/Round/pet_head_003.png,,5891,assets_game_rawassets_sprite_head_round.bundle,ed83c7f6493927f7eb32770282eb16b5.bundle,1403845,resources\assets\yoo\Default\ed83c7f6493927f7eb32770282eb16b5.bundle,True,True,
13493,Assets/Game/RawAssets/Sprite/Head/Round/pet_head_004.png,,5891,assets_game_rawassets_sprite_head_round.bundle,ed83c7f6493927f7eb32770282eb16b5.bundle,1403845,resources\assets\yoo\Default\ed83c7f6493927f7eb32770282eb16b5.bundle,True,True,
13494,Assets/Game/RawAssets/Sprite/Head/Round/pet_head_006.png,,5891,assets_game_rawassets_sprite_head_round.bundle,ed83c7f6493927f7eb32770282eb16b5.bundle,1403845,resources\assets\yoo\Default\ed83c7f6493927f7eb32770282eb16b5.bundle,True,True,
13495,Assets/Game/RawAssets/Sprite/Head/Round/pet_head_007.png,,5891,assets_game_rawassets_sprite_head_round.bundle,ed83c7f6493927f7eb32770282eb16b5.bundle,1403845,resources\assets\yoo\Default\ed83c7f6493927f7eb32770282eb16b5.bundle,True,True,
13496,Assets/Game/RawAssets/Sprite/Head/Round/pet_head_008.png,,5891,assets_game_rawassets_sprite_head_round.bundle,ed83c7f6493927f7eb32770282eb16b5.bundle,1403845,resources\assets\yoo\Default\ed83c7f6493927f7eb32770282eb16b5.bundle,True,True,
13497,Assets/Game/RawAssets/Sprite/Head/Round/pet_head_009.png,,5891,assets_game_rawassets_sprite_head_round.bundle,ed83c7f6493927f7eb32770282eb16b5.bundle,1403845,resources\assets\yoo\Default\ed83c7f6493927f7eb32770282eb16b5.bundle,True,True,
13498,Assets/Game/RawAssets/Sprite/Head/Round/pet_head_010.png,,5891,assets_game_rawassets_sprite_head_round.bundle,ed83c7f6493927f7eb32770282eb16b5.bundle,1403845,resources\assets\yoo\Default\ed83c7f6493927f7eb32770282eb16b5.bundle,True,True,
13499,Assets/Game/RawAssets/Sprite/Head/Round/pet_round_001.png,,5891,assets_game_rawassets_sprite_head_round.bundle,ed83c7f6493927f7eb32770282eb16b5.bundle,1403845,resources\assets\yoo\Default\ed83c7f6493927f7eb32770282eb16b5.bundle,True,True,
13500,Assets/Game/RawAssets/Sprite/Head/Round/pet_round_002.png,,5891,assets_game_rawassets_sprite_head_round.bundle,ed83c7f6493927f7eb32770282eb16b5.bundle,1403845,resources\assets\yoo\Default\ed83c7f6493927f7eb32770282eb16b5.bundle,True,True,
13501,Assets/Game/RawAssets/Sprite/Head/Round/pet_round_005.png,,5891,assets_game_rawassets_sprite_head_round.bundle,ed83c7f6493927f7eb32770282eb16b5.bundle,1403845,resources\assets\yoo\Default\ed83c7f6493927f7eb32770282eb16b5.bundle,True,True,
13502,Assets/Game/RawAssets/Sprite/Head/Round/remnants_img_79.png,,5891,assets_game_rawassets_sprite_head_round.bundle,ed83c7f6493927f7eb32770282eb16b5.bundle,1403845,resources\assets\yoo\Default\ed83c7f6493927f7eb32770282eb16b5.bundle,True,True,
13503,Assets/Game/RawAssets/Sprite/Head/Round/Round.spriteatlas,,5891,assets_game_rawassets_sprite_head_round.bundle,ed83c7f6493927f7eb32770282eb16b5.bundle,1403845,resources\assets\yoo\Default\ed83c7f6493927f7eb32770282eb16b5.bundle,True,True,
13504,Assets/Game/RawAssets/Sprite/Head/Round/yboss_001.png,,5891,assets_game_rawassets_sprite_head_round.bundle,ed83c7f6493927f7eb32770282eb16b5.bundle,1403845,resources\assets\yoo\Default\ed83c7f6493927f7eb32770282eb16b5.bundle,True,True,
13505,Assets/Game/RawAssets/Sprite/Head/Round/yboss_002.png,,5891,assets_game_rawassets_sprite_head_round.bundle,ed83c7f6493927f7eb32770282eb16b5.bundle,1403845,resources\assets\yoo\Default\ed83c7f6493927f7eb32770282eb16b5.bundle,True,True,
13506,Assets/Game/RawAssets/Sprite/Head/Round/yboss_003.png,,5891,assets_game_rawassets_sprite_head_round.bundle,ed83c7f6493927f7eb32770282eb16b5.bundle,1403845,resources\assets\yoo\Default\ed83c7f6493927f7eb32770282eb16b5.bundle,True,True,
13507,Assets/Game/RawAssets/Sprite/Head/Round/yboss_004.png,,5891,assets_game_rawassets_sprite_head_round.bundle,ed83c7f6493927f7eb32770282eb16b5.bundle,1403845,resources\assets\yoo\Default\ed83c7f6493927f7eb32770282eb16b5.bundle,True,True,
13508,Assets/Game/RawAssets/Sprite/Head/Round/yboss_005.png,,5891,assets_game_rawassets_sprite_head_round.bundle,ed83c7f6493927f7eb32770282eb16b5.bundle,1403845,resources\assets\yoo\Default\ed83c7f6493927f7eb32770282eb16b5.bundle,True,True,
13509,Assets/Game/RawAssets/Sprite/Head/Round/yboss_006.png,,5891,assets_game_rawassets_sprite_head_round.bundle,ed83c7f6493927f7eb32770282eb16b5.bundle,1403845,resources\assets\yoo\Default\ed83c7f6493927f7eb32770282eb16b5.bundle,True,True,
13510,Assets/Game/RawAssets/Sprite/Head/Round/yboss_007.png,,5891,assets_game_rawassets_sprite_head_round.bundle,ed83c7f6493927f7eb32770282eb16b5.bundle,1403845,resources\assets\yoo\Default\ed83c7f6493927f7eb32770282eb16b5.bundle,True,True,
13511,Assets/Game/RawAssets/Sprite/Head/Round/yboss_008.png,,5891,assets_game_rawassets_sprite_head_round.bundle,ed83c7f6493927f7eb32770282eb16b5.bundle,1403845,resources\assets\yoo\Default\ed83c7f6493927f7eb32770282eb16b5.bundle,True,True,
13512,Assets/Game/RawAssets/Sprite/Head/Round/yboss_009.png,,5891,assets_game_rawassets_sprite_head_round.bundle,ed83c7f6493927f7eb32770282eb16b5.bundle,1403845,resources\assets\yoo\Default\ed83c7f6493927f7eb32770282eb16b5.bundle,True,True,
13513,Assets/Game/RawAssets/Sprite/Head/Round/yboss_010.png,,5891,assets_game_rawassets_sprite_head_round.bundle,ed83c7f6493927f7eb32770282eb16b5.bundle,1403845,resources\assets\yoo\Default\ed83c7f6493927f7eb32770282eb16b5.bundle,True,True,
13514,Assets/Game/RawAssets/Sprite/Head/Round/yhero_000.png,,5891,assets_game_rawassets_sprite_head_round.bundle,ed83c7f6493927f7eb32770282eb16b5.bundle,1403845,resources\assets\yoo\Default\ed83c7f6493927f7eb32770282eb16b5.bundle,True,True,
13515,Assets/Game/RawAssets/Sprite/Head/Round/yhero_001.png,,5891,assets_game_rawassets_sprite_head_round.bundle,ed83c7f6493927f7eb32770282eb16b5.bundle,1403845,resources\assets\yoo\Default\ed83c7f6493927f7eb32770282eb16b5.bundle,True,True,
13516,Assets/Game/RawAssets/Sprite/Head/Round/yhero_001h.png,,5891,assets_game_rawassets_sprite_head_round.bundle,ed83c7f6493927f7eb32770282eb16b5.bundle,1403845,resources\assets\yoo\Default\ed83c7f6493927f7eb32770282eb16b5.bundle,True,True,
13517,Assets/Game/RawAssets/Sprite/Head/Round/yhero_002.png,,5891,assets_game_rawassets_sprite_head_round.bundle,ed83c7f6493927f7eb32770282eb16b5.bundle,1403845,resources\assets\yoo\Default\ed83c7f6493927f7eb32770282eb16b5.bundle,True,True,
13518,Assets/Game/RawAssets/Sprite/Head/Round/yhero_003.png,,5891,assets_game_rawassets_sprite_head_round.bundle,ed83c7f6493927f7eb32770282eb16b5.bundle,1403845,resources\assets\yoo\Default\ed83c7f6493927f7eb32770282eb16b5.bundle,True,True,
13519,Assets/Game/RawAssets/Sprite/Head/Round/yhero_003_s01.png,,5891,assets_game_rawassets_sprite_head_round.bundle,ed83c7f6493927f7eb32770282eb16b5.bundle,1403845,resources\assets\yoo\Default\ed83c7f6493927f7eb32770282eb16b5.bundle,True,True,
13520,Assets/Game/RawAssets/Sprite/Head/Round/yhero_003_s01h.png,,5891,assets_game_rawassets_sprite_head_round.bundle,ed83c7f6493927f7eb32770282eb16b5.bundle,1403845,resources\assets\yoo\Default\ed83c7f6493927f7eb32770282eb16b5.bundle,True,True,
13521,Assets/Game/RawAssets/Sprite/Head/Round/yhero_003_s02.png,,5891,assets_game_rawassets_sprite_head_round.bundle,ed83c7f6493927f7eb32770282eb16b5.bundle,1403845,resources\assets\yoo\Default\ed83c7f6493927f7eb32770282eb16b5.bundle,True,True,
13522,Assets/Game/RawAssets/Sprite/Head/Round/yhero_003r.png,,5891,assets_game_rawassets_sprite_head_round.bundle,ed83c7f6493927f7eb32770282eb16b5.bundle,1403845,resources\assets\yoo\Default\ed83c7f6493927f7eb32770282eb16b5.bundle,True,True,
13523,Assets/Game/RawAssets/Sprite/Head/Round/yhero_003r_s01.png,,5891,assets_game_rawassets_sprite_head_round.bundle,ed83c7f6493927f7eb32770282eb16b5.bundle,1403845,resources\assets\yoo\Default\ed83c7f6493927f7eb32770282eb16b5.bundle,True,True,
13524,Assets/Game/RawAssets/Sprite/Head/Round/yhero_004.png,,5891,assets_game_rawassets_sprite_head_round.bundle,ed83c7f6493927f7eb32770282eb16b5.bundle,1403845,resources\assets\yoo\Default\ed83c7f6493927f7eb32770282eb16b5.bundle,True,True,
13525,Assets/Game/RawAssets/Sprite/Head/Round/yhero_005.png,,5891,assets_game_rawassets_sprite_head_round.bundle,ed83c7f6493927f7eb32770282eb16b5.bundle,1403845,resources\assets\yoo\Default\ed83c7f6493927f7eb32770282eb16b5.bundle,True,True,
13526,Assets/Game/RawAssets/Sprite/Head/Round/yhero_006.png,,5891,assets_game_rawassets_sprite_head_round.bundle,ed83c7f6493927f7eb32770282eb16b5.bundle,1403845,resources\assets\yoo\Default\ed83c7f6493927f7eb32770282eb16b5.bundle,True,True,
13527,Assets/Game/RawAssets/Sprite/Head/Round/yhero_007.png,,5891,assets_game_rawassets_sprite_head_round.bundle,ed83c7f6493927f7eb32770282eb16b5.bundle,1403845,resources\assets\yoo\Default\ed83c7f6493927f7eb32770282eb16b5.bundle,True,True,
13528,Assets/Game/RawAssets/Sprite/Head/Round/yhero_007_s01.png,,5891,assets_game_rawassets_sprite_head_round.bundle,ed83c7f6493927f7eb32770282eb16b5.bundle,1403845,resources\assets\yoo\Default\ed83c7f6493927f7eb32770282eb16b5.bundle,True,True,
13529,Assets/Game/RawAssets/Sprite/Head/Round/yhero_007_s01h.png,,5891,assets_game_rawassets_sprite_head_round.bundle,ed83c7f6493927f7eb32770282eb16b5.bundle,1403845,resources\assets\yoo\Default\ed83c7f6493927f7eb32770282eb16b5.bundle,True,True,
13530,Assets/Game/RawAssets/Sprite/Head/Round/yhero_008.png,,5891,assets_game_rawassets_sprite_head_round.bundle,ed83c7f6493927f7eb32770282eb16b5.bundle,1403845,resources\assets\yoo\Default\ed83c7f6493927f7eb32770282eb16b5.bundle,True,True,
13531,Assets/Game/RawAssets/Sprite/Head/Round/yhero_009.png,,5891,assets_game_rawassets_sprite_head_round.bundle,ed83c7f6493927f7eb32770282eb16b5.bundle,1403845,resources\assets\yoo\Default\ed83c7f6493927f7eb32770282eb16b5.bundle,True,True,
13532,Assets/Game/RawAssets/Sprite/Head/Round/yhero_009_s01.png,,5891,assets_game_rawassets_sprite_head_round.bundle,ed83c7f6493927f7eb32770282eb16b5.bundle,1403845,resources\assets\yoo\Default\ed83c7f6493927f7eb32770282eb16b5.bundle,True,True,
13533,Assets/Game/RawAssets/Sprite/Head/Round/yhero_009_s01h.png,,5891,assets_game_rawassets_sprite_head_round.bundle,ed83c7f6493927f7eb32770282eb16b5.bundle,1403845,resources\assets\yoo\Default\ed83c7f6493927f7eb32770282eb16b5.bundle,True,True,
13534,Assets/Game/RawAssets/Sprite/Head/Round/yhero_010.png,,5891,assets_game_rawassets_sprite_head_round.bundle,ed83c7f6493927f7eb32770282eb16b5.bundle,1403845,resources\assets\yoo\Default\ed83c7f6493927f7eb32770282eb16b5.bundle,True,True,
13535,Assets/Game/RawAssets/Sprite/Head/Round/yhero_010_s01.png,,5891,assets_game_rawassets_sprite_head_round.bundle,ed83c7f6493927f7eb32770282eb16b5.bundle,1403845,resources\assets\yoo\Default\ed83c7f6493927f7eb32770282eb16b5.bundle,True,True,
13536,Assets/Game/RawAssets/Sprite/Head/Round/yhero_010_s01h.png,,5891,assets_game_rawassets_sprite_head_round.bundle,ed83c7f6493927f7eb32770282eb16b5.bundle,1403845,resources\assets\yoo\Default\ed83c7f6493927f7eb32770282eb16b5.bundle,True,True,
13537,Assets/Game/RawAssets/Sprite/Head/Round/yhero_011.png,,5891,assets_game_rawassets_sprite_head_round.bundle,ed83c7f6493927f7eb32770282eb16b5.bundle,1403845,resources\assets\yoo\Default\ed83c7f6493927f7eb32770282eb16b5.bundle,True,True,
13538,Assets/Game/RawAssets/Sprite/Head/Round/yhero_011h.png,,5891,assets_game_rawassets_sprite_head_round.bundle,ed83c7f6493927f7eb32770282eb16b5.bundle,1403845,resources\assets\yoo\Default\ed83c7f6493927f7eb32770282eb16b5.bundle,True,True,
13539,Assets/Game/RawAssets/Sprite/Head/Round/yhero_012.png,,5891,assets_game_rawassets_sprite_head_round.bundle,ed83c7f6493927f7eb32770282eb16b5.bundle,1403845,resources\assets\yoo\Default\ed83c7f6493927f7eb32770282eb16b5.bundle,True,True,
13540,Assets/Game/RawAssets/Sprite/Head/Round/yhero_012_s01.png,,5891,assets_game_rawassets_sprite_head_round.bundle,ed83c7f6493927f7eb32770282eb16b5.bundle,1403845,resources\assets\yoo\Default\ed83c7f6493927f7eb32770282eb16b5.bundle,True,True,
13541,Assets/Game/RawAssets/Sprite/Head/Round/yhero_012_s01h.png,,5891,assets_game_rawassets_sprite_head_round.bundle,ed83c7f6493927f7eb32770282eb16b5.bundle,1403845,resources\assets\yoo\Default\ed83c7f6493927f7eb32770282eb16b5.bundle,True,True,
13542,Assets/Game/RawAssets/Sprite/Head/Round/yhero_013.png,,5891,assets_game_rawassets_sprite_head_round.bundle,ed83c7f6493927f7eb32770282eb16b5.bundle,1403845,resources\assets\yoo\Default\ed83c7f6493927f7eb32770282eb16b5.bundle,True,True,
13543,Assets/Game/RawAssets/Sprite/Head/Round/yhero_013_s01.png,,5891,assets_game_rawassets_sprite_head_round.bundle,ed83c7f6493927f7eb32770282eb16b5.bundle,1403845,resources\assets\yoo\Default\ed83c7f6493927f7eb32770282eb16b5.bundle,True,True,
13544,Assets/Game/RawAssets/Sprite/Head/Round/yhero_013_s01h.png,,5891,assets_game_rawassets_sprite_head_round.bundle,ed83c7f6493927f7eb32770282eb16b5.bundle,1403845,resources\assets\yoo\Default\ed83c7f6493927f7eb32770282eb16b5.bundle,True,True,
13545,Assets/Game/RawAssets/Sprite/Head/Round/yhero_014.png,,5891,assets_game_rawassets_sprite_head_round.bundle,ed83c7f6493927f7eb32770282eb16b5.bundle,1403845,resources\assets\yoo\Default\ed83c7f6493927f7eb32770282eb16b5.bundle,True,True,
13546,Assets/Game/RawAssets/Sprite/Head/Round/yhero_014_s01.png,,5891,assets_game_rawassets_sprite_head_round.bundle,ed83c7f6493927f7eb32770282eb16b5.bundle,1403845,resources\assets\yoo\Default\ed83c7f6493927f7eb32770282eb16b5.bundle,True,True,
13547,Assets/Game/RawAssets/Sprite/Head/Round/yhero_014_s01h.png,,5891,assets_game_rawassets_sprite_head_round.bundle,ed83c7f6493927f7eb32770282eb16b5.bundle,1403845,resources\assets\yoo\Default\ed83c7f6493927f7eb32770282eb16b5.bundle,True,True,
13548,Assets/Game/RawAssets/Sprite/Head/Round/yhero_015.png,,5891,assets_game_rawassets_sprite_head_round.bundle,ed83c7f6493927f7eb32770282eb16b5.bundle,1403845,resources\assets\yoo\Default\ed83c7f6493927f7eb32770282eb16b5.bundle,True,True,
13549,Assets/Game/RawAssets/Sprite/Head/Round/yhero_016.png,,5891,assets_game_rawassets_sprite_head_round.bundle,ed83c7f6493927f7eb32770282eb16b5.bundle,1403845,resources\assets\yoo\Default\ed83c7f6493927f7eb32770282eb16b5.bundle,True,True,
13550,Assets/Game/RawAssets/Sprite/Head/Round/yhero_016_s01.png,,5891,assets_game_rawassets_sprite_head_round.bundle,ed83c7f6493927f7eb32770282eb16b5.bundle,1403845,resources\assets\yoo\Default\ed83c7f6493927f7eb32770282eb16b5.bundle,True,True,
13551,Assets/Game/RawAssets/Sprite/Head/Round/yhero_016_s01h.png,,5891,assets_game_rawassets_sprite_head_round.bundle,ed83c7f6493927f7eb32770282eb16b5.bundle,1403845,resources\assets\yoo\Default\ed83c7f6493927f7eb32770282eb16b5.bundle,True,True,
13552,Assets/Game/RawAssets/Sprite/Head/Round/yhero_017.png,,5891,assets_game_rawassets_sprite_head_round.bundle,ed83c7f6493927f7eb32770282eb16b5.bundle,1403845,resources\assets\yoo\Default\ed83c7f6493927f7eb32770282eb16b5.bundle,True,True,
13553,Assets/Game/RawAssets/Sprite/Head/Round/yhero_018.png,,5891,assets_game_rawassets_sprite_head_round.bundle,ed83c7f6493927f7eb32770282eb16b5.bundle,1403845,resources\assets\yoo\Default\ed83c7f6493927f7eb32770282eb16b5.bundle,True,True,
13554,Assets/Game/RawAssets/Sprite/Head/Round/yhero_018_s01.png,,5891,assets_game_rawassets_sprite_head_round.bundle,ed83c7f6493927f7eb32770282eb16b5.bundle,1403845,resources\assets\yoo\Default\ed83c7f6493927f7eb32770282eb16b5.bundle,True,True,
13555,Assets/Game/RawAssets/Sprite/Head/Round/yhero_018_s01h.png,,5891,assets_game_rawassets_sprite_head_round.bundle,ed83c7f6493927f7eb32770282eb16b5.bundle,1403845,resources\assets\yoo\Default\ed83c7f6493927f7eb32770282eb16b5.bundle,True,True,
13556,Assets/Game/RawAssets/Sprite/Head/Round/yhero_019.png,,5891,assets_game_rawassets_sprite_head_round.bundle,ed83c7f6493927f7eb32770282eb16b5.bundle,1403845,resources\assets\yoo\Default\ed83c7f6493927f7eb32770282eb16b5.bundle,True,True,
13557,Assets/Game/RawAssets/Sprite/Head/Round/yhero_020.png,,5891,assets_game_rawassets_sprite_head_round.bundle,ed83c7f6493927f7eb32770282eb16b5.bundle,1403845,resources\assets\yoo\Default\ed83c7f6493927f7eb32770282eb16b5.bundle,True,True,
13558,Assets/Game/RawAssets/Sprite/Head/Round/yhero_021.png,,5891,assets_game_rawassets_sprite_head_round.bundle,ed83c7f6493927f7eb32770282eb16b5.bundle,1403845,resources\assets\yoo\Default\ed83c7f6493927f7eb32770282eb16b5.bundle,True,True,
13559,Assets/Game/RawAssets/Sprite/Head/Round/yhero_021_s01.png,,5891,assets_game_rawassets_sprite_head_round.bundle,ed83c7f6493927f7eb32770282eb16b5.bundle,1403845,resources\assets\yoo\Default\ed83c7f6493927f7eb32770282eb16b5.bundle,True,True,
13560,Assets/Game/RawAssets/Sprite/Head/Round/yhero_021_s01h.png,,5891,assets_game_rawassets_sprite_head_round.bundle,ed83c7f6493927f7eb32770282eb16b5.bundle,1403845,resources\assets\yoo\Default\ed83c7f6493927f7eb32770282eb16b5.bundle,True,True,
13561,Assets/Game/RawAssets/Sprite/Head/Round/yhero_021r.png,,5891,assets_game_rawassets_sprite_head_round.bundle,ed83c7f6493927f7eb32770282eb16b5.bundle,1403845,resources\assets\yoo\Default\ed83c7f6493927f7eb32770282eb16b5.bundle,True,True,
13562,Assets/Game/RawAssets/Sprite/Head/Round/yhero_021r_s01.png,,5891,assets_game_rawassets_sprite_head_round.bundle,ed83c7f6493927f7eb32770282eb16b5.bundle,1403845,resources\assets\yoo\Default\ed83c7f6493927f7eb32770282eb16b5.bundle,True,True,
13563,Assets/Game/RawAssets/Sprite/Head/Round/yhero_022.png,,5891,assets_game_rawassets_sprite_head_round.bundle,ed83c7f6493927f7eb32770282eb16b5.bundle,1403845,resources\assets\yoo\Default\ed83c7f6493927f7eb32770282eb16b5.bundle,True,True,
13564,Assets/Game/RawAssets/Sprite/Head/Round/yhero_023.png,,5891,assets_game_rawassets_sprite_head_round.bundle,ed83c7f6493927f7eb32770282eb16b5.bundle,1403845,resources\assets\yoo\Default\ed83c7f6493927f7eb32770282eb16b5.bundle,True,True,
13565,Assets/Game/RawAssets/Sprite/Head/Round/yhero_024.png,,5891,assets_game_rawassets_sprite_head_round.bundle,ed83c7f6493927f7eb32770282eb16b5.bundle,1403845,resources\assets\yoo\Default\ed83c7f6493927f7eb32770282eb16b5.bundle,True,True,
13566,Assets/Game/RawAssets/Sprite/Head/Round/yhero_025.png,,5891,assets_game_rawassets_sprite_head_round.bundle,ed83c7f6493927f7eb32770282eb16b5.bundle,1403845,resources\assets\yoo\Default\ed83c7f6493927f7eb32770282eb16b5.bundle,True,True,
13567,Assets/Game/RawAssets/Sprite/Head/Round/yhero_025h.png,,5891,assets_game_rawassets_sprite_head_round.bundle,ed83c7f6493927f7eb32770282eb16b5.bundle,1403845,resources\assets\yoo\Default\ed83c7f6493927f7eb32770282eb16b5.bundle,True,True,
13568,Assets/Game/RawAssets/Sprite/Head/Round/yhero_026.png,,5891,assets_game_rawassets_sprite_head_round.bundle,ed83c7f6493927f7eb32770282eb16b5.bundle,1403845,resources\assets\yoo\Default\ed83c7f6493927f7eb32770282eb16b5.bundle,True,True,
13569,Assets/Game/RawAssets/Sprite/Head/Round/yhero_026h.png,,5891,assets_game_rawassets_sprite_head_round.bundle,ed83c7f6493927f7eb32770282eb16b5.bundle,1403845,resources\assets\yoo\Default\ed83c7f6493927f7eb32770282eb16b5.bundle,True,True,
13570,Assets/Game/RawAssets/Sprite/Head/Round/yhero_027.png,,5891,assets_game_rawassets_sprite_head_round.bundle,ed83c7f6493927f7eb32770282eb16b5.bundle,1403845,resources\assets\yoo\Default\ed83c7f6493927f7eb32770282eb16b5.bundle,True,True,
13571,Assets/Game/RawAssets/Sprite/Head/Round/yhero_027_s01.png,,5891,assets_game_rawassets_sprite_head_round.bundle,ed83c7f6493927f7eb32770282eb16b5.bundle,1403845,resources\assets\yoo\Default\ed83c7f6493927f7eb32770282eb16b5.bundle,True,True,
13572,Assets/Game/RawAssets/Sprite/Head/Round/yhero_027_s01h.png,,5891,assets_game_rawassets_sprite_head_round.bundle,ed83c7f6493927f7eb32770282eb16b5.bundle,1403845,resources\assets\yoo\Default\ed83c7f6493927f7eb32770282eb16b5.bundle,True,True,
13573,Assets/Game/RawAssets/Sprite/Head/Round/yhero_028.png,,5891,assets_game_rawassets_sprite_head_round.bundle,ed83c7f6493927f7eb32770282eb16b5.bundle,1403845,resources\assets\yoo\Default\ed83c7f6493927f7eb32770282eb16b5.bundle,True,True,
13574,Assets/Game/RawAssets/Sprite/Head/Round/yhero_029.png,,5891,assets_game_rawassets_sprite_head_round.bundle,ed83c7f6493927f7eb32770282eb16b5.bundle,1403845,resources\assets\yoo\Default\ed83c7f6493927f7eb32770282eb16b5.bundle,True,True,
13575,Assets/Game/RawAssets/Sprite/Head/Round/yhero_030.png,,5891,assets_game_rawassets_sprite_head_round.bundle,ed83c7f6493927f7eb32770282eb16b5.bundle,1403845,resources\assets\yoo\Default\ed83c7f6493927f7eb32770282eb16b5.bundle,True,True,
13576,Assets/Game/RawAssets/Sprite/Head/Round/yhero_031.png,,5891,assets_game_rawassets_sprite_head_round.bundle,ed83c7f6493927f7eb32770282eb16b5.bundle,1403845,resources\assets\yoo\Default\ed83c7f6493927f7eb32770282eb16b5.bundle,True,True,
13577,Assets/Game/RawAssets/Sprite/Head/Round/yhero_032.png,,5891,assets_game_rawassets_sprite_head_round.bundle,ed83c7f6493927f7eb32770282eb16b5.bundle,1403845,resources\assets\yoo\Default\ed83c7f6493927f7eb32770282eb16b5.bundle,True,True,
13578,Assets/Game/RawAssets/Sprite/Head/Round/yhero_033.png,,5891,assets_game_rawassets_sprite_head_round.bundle,ed83c7f6493927f7eb32770282eb16b5.bundle,1403845,resources\assets\yoo\Default\ed83c7f6493927f7eb32770282eb16b5.bundle,True,True,
13579,Assets/Game/RawAssets/Sprite/Head/Round/yhero_034.png,,5891,assets_game_rawassets_sprite_head_round.bundle,ed83c7f6493927f7eb32770282eb16b5.bundle,1403845,resources\assets\yoo\Default\ed83c7f6493927f7eb32770282eb16b5.bundle,True,True,
13580,Assets/Game/RawAssets/Sprite/Head/Round/yhero_035.png,,5891,assets_game_rawassets_sprite_head_round.bundle,ed83c7f6493927f7eb32770282eb16b5.bundle,1403845,resources\assets\yoo\Default\ed83c7f6493927f7eb32770282eb16b5.bundle,True,True,
13581,Assets/Game/RawAssets/Sprite/Head/Round/yhero_036.png,,5891,assets_game_rawassets_sprite_head_round.bundle,ed83c7f6493927f7eb32770282eb16b5.bundle,1403845,resources\assets\yoo\Default\ed83c7f6493927f7eb32770282eb16b5.bundle,True,True,
13582,Assets/Game/RawAssets/Sprite/Head/Round/yhero_036h.png,,5891,assets_game_rawassets_sprite_head_round.bundle,ed83c7f6493927f7eb32770282eb16b5.bundle,1403845,resources\assets\yoo\Default\ed83c7f6493927f7eb32770282eb16b5.bundle,True,True,
13583,Assets/Game/RawAssets/Sprite/Head/Round/yhero_037.png,,5891,assets_game_rawassets_sprite_head_round.bundle,ed83c7f6493927f7eb32770282eb16b5.bundle,1403845,resources\assets\yoo\Default\ed83c7f6493927f7eb32770282eb16b5.bundle,True,True,
13584,Assets/Game/RawAssets/Sprite/Head/Round/yhero_037_s01.png,,5891,assets_game_rawassets_sprite_head_round.bundle,ed83c7f6493927f7eb32770282eb16b5.bundle,1403845,resources\assets\yoo\Default\ed83c7f6493927f7eb32770282eb16b5.bundle,True,True,
13585,Assets/Game/RawAssets/Sprite/Head/Round/yhero_037_s01h.png,,5891,assets_game_rawassets_sprite_head_round.bundle,ed83c7f6493927f7eb32770282eb16b5.bundle,1403845,resources\assets\yoo\Default\ed83c7f6493927f7eb32770282eb16b5.bundle,True,True,
13586,Assets/Game/RawAssets/Sprite/Head/Round/yhero_037h.png,,5891,assets_game_rawassets_sprite_head_round.bundle,ed83c7f6493927f7eb32770282eb16b5.bundle,1403845,resources\assets\yoo\Default\ed83c7f6493927f7eb32770282eb16b5.bundle,True,True,
13587,Assets/Game/RawAssets/Sprite/Head/Round/yhero_037r.png,,5891,assets_game_rawassets_sprite_head_round.bundle,ed83c7f6493927f7eb32770282eb16b5.bundle,1403845,resources\assets\yoo\Default\ed83c7f6493927f7eb32770282eb16b5.bundle,True,True,
13588,Assets/Game/RawAssets/Sprite/Head/Round/yhero_037r_s01.png,,5891,assets_game_rawassets_sprite_head_round.bundle,ed83c7f6493927f7eb32770282eb16b5.bundle,1403845,resources\assets\yoo\Default\ed83c7f6493927f7eb32770282eb16b5.bundle,True,True,
13589,Assets/Game/RawAssets/Sprite/Head/Round/yhero_038.png,,5891,assets_game_rawassets_sprite_head_round.bundle,ed83c7f6493927f7eb32770282eb16b5.bundle,1403845,resources\assets\yoo\Default\ed83c7f6493927f7eb32770282eb16b5.bundle,True,True,
13590,Assets/Game/RawAssets/Sprite/Head/Round/yhero_039.png,,5891,assets_game_rawassets_sprite_head_round.bundle,ed83c7f6493927f7eb32770282eb16b5.bundle,1403845,resources\assets\yoo\Default\ed83c7f6493927f7eb32770282eb16b5.bundle,True,True,
13591,Assets/Game/RawAssets/Sprite/Head/Round/yhero_040.png,,5891,assets_game_rawassets_sprite_head_round.bundle,ed83c7f6493927f7eb32770282eb16b5.bundle,1403845,resources\assets\yoo\Default\ed83c7f6493927f7eb32770282eb16b5.bundle,True,True,
13592,Assets/Game/RawAssets/Sprite/Head/Round/yhero_040h.png,,5891,assets_game_rawassets_sprite_head_round.bundle,ed83c7f6493927f7eb32770282eb16b5.bundle,1403845,resources\assets\yoo\Default\ed83c7f6493927f7eb32770282eb16b5.bundle,True,True,
13593,Assets/Game/RawAssets/Sprite/Head/Round/yhero_041.png,,5891,assets_game_rawassets_sprite_head_round.bundle,ed83c7f6493927f7eb32770282eb16b5.bundle,1403845,resources\assets\yoo\Default\ed83c7f6493927f7eb32770282eb16b5.bundle,True,True,
13594,Assets/Game/RawAssets/Sprite/Head/Round/yhero_042.png,,5891,assets_game_rawassets_sprite_head_round.bundle,ed83c7f6493927f7eb32770282eb16b5.bundle,1403845,resources\assets\yoo\Default\ed83c7f6493927f7eb32770282eb16b5.bundle,True,True,
13595,Assets/Game/RawAssets/Sprite/Head/Round/yhero_043.png,,5891,assets_game_rawassets_sprite_head_round.bundle,ed83c7f6493927f7eb32770282eb16b5.bundle,1403845,resources\assets\yoo\Default\ed83c7f6493927f7eb32770282eb16b5.bundle,True,True,
13596,Assets/Game/RawAssets/Sprite/Head/Round/yhero_044.png,,5891,assets_game_rawassets_sprite_head_round.bundle,ed83c7f6493927f7eb32770282eb16b5.bundle,1403845,resources\assets\yoo\Default\ed83c7f6493927f7eb32770282eb16b5.bundle,True,True,
13597,Assets/Game/RawAssets/Sprite/Head/Round/yhero_045.png,,5891,assets_game_rawassets_sprite_head_round.bundle,ed83c7f6493927f7eb32770282eb16b5.bundle,1403845,resources\assets\yoo\Default\ed83c7f6493927f7eb32770282eb16b5.bundle,True,True,
13598,Assets/Game/RawAssets/Sprite/Head/Round/yhero_046.png,,5891,assets_game_rawassets_sprite_head_round.bundle,ed83c7f6493927f7eb32770282eb16b5.bundle,1403845,resources\assets\yoo\Default\ed83c7f6493927f7eb32770282eb16b5.bundle,True,True,
13599,Assets/Game/RawAssets/Sprite/Head/Round/yhero_046_s01.png,,5891,assets_game_rawassets_sprite_head_round.bundle,ed83c7f6493927f7eb32770282eb16b5.bundle,1403845,resources\assets\yoo\Default\ed83c7f6493927f7eb32770282eb16b5.bundle,True,True,
13600,Assets/Game/RawAssets/Sprite/Head/Round/yhero_046_s01h.png,,5891,assets_game_rawassets_sprite_head_round.bundle,ed83c7f6493927f7eb32770282eb16b5.bundle,1403845,resources\assets\yoo\Default\ed83c7f6493927f7eb32770282eb16b5.bundle,True,True,
13601,Assets/Game/RawAssets/Sprite/Head/Round/yhero_047.png,,5891,assets_game_rawassets_sprite_head_round.bundle,ed83c7f6493927f7eb32770282eb16b5.bundle,1403845,resources\assets\yoo\Default\ed83c7f6493927f7eb32770282eb16b5.bundle,True,True,
13602,Assets/Game/RawAssets/Sprite/Head/Round/yhero_049.png,,5891,assets_game_rawassets_sprite_head_round.bundle,ed83c7f6493927f7eb32770282eb16b5.bundle,1403845,resources\assets\yoo\Default\ed83c7f6493927f7eb32770282eb16b5.bundle,True,True,
13603,Assets/Game/RawAssets/Sprite/Head/Round/yhero_050.png,,5891,assets_game_rawassets_sprite_head_round.bundle,ed83c7f6493927f7eb32770282eb16b5.bundle,1403845,resources\assets\yoo\Default\ed83c7f6493927f7eb32770282eb16b5.bundle,True,True,
13604,Assets/Game/RawAssets/Sprite/Head/Round/yhero_050_s01.png,,5891,assets_game_rawassets_sprite_head_round.bundle,ed83c7f6493927f7eb32770282eb16b5.bundle,1403845,resources\assets\yoo\Default\ed83c7f6493927f7eb32770282eb16b5.bundle,True,True,
13605,Assets/Game/RawAssets/Sprite/Head/Round/yhero_050_s01h.png,,5891,assets_game_rawassets_sprite_head_round.bundle,ed83c7f6493927f7eb32770282eb16b5.bundle,1403845,resources\assets\yoo\Default\ed83c7f6493927f7eb32770282eb16b5.bundle,True,True,
13606,Assets/Game/RawAssets/Sprite/Head/Round/yhero_050_s02.png,,5891,assets_game_rawassets_sprite_head_round.bundle,ed83c7f6493927f7eb32770282eb16b5.bundle,1403845,resources\assets\yoo\Default\ed83c7f6493927f7eb32770282eb16b5.bundle,True,True,
13607,Assets/Game/RawAssets/Sprite/Head/Round/yhero_050r.png,,5891,assets_game_rawassets_sprite_head_round.bundle,ed83c7f6493927f7eb32770282eb16b5.bundle,1403845,resources\assets\yoo\Default\ed83c7f6493927f7eb32770282eb16b5.bundle,True,True,
13608,Assets/Game/RawAssets/Sprite/Head/Round/yhero_050r_s01.png,,5891,assets_game_rawassets_sprite_head_round.bundle,ed83c7f6493927f7eb32770282eb16b5.bundle,1403845,resources\assets\yoo\Default\ed83c7f6493927f7eb32770282eb16b5.bundle,True,True,
13609,Assets/Game/RawAssets/Sprite/Head/Round/yhero_051.png,,5891,assets_game_rawassets_sprite_head_round.bundle,ed83c7f6493927f7eb32770282eb16b5.bundle,1403845,resources\assets\yoo\Default\ed83c7f6493927f7eb32770282eb16b5.bundle,True,True,
13610,Assets/Game/RawAssets/Sprite/Head/Round/yhero_051_s01.png,,5891,assets_game_rawassets_sprite_head_round.bundle,ed83c7f6493927f7eb32770282eb16b5.bundle,1403845,resources\assets\yoo\Default\ed83c7f6493927f7eb32770282eb16b5.bundle,True,True,
13611,Assets/Game/RawAssets/Sprite/Head/Round/yhero_051_s01h.png,,5891,assets_game_rawassets_sprite_head_round.bundle,ed83c7f6493927f7eb32770282eb16b5.bundle,1403845,resources\assets\yoo\Default\ed83c7f6493927f7eb32770282eb16b5.bundle,True,True,
13612,Assets/Game/RawAssets/Sprite/Head/Round/yhero_051_s02.png,,5891,assets_game_rawassets_sprite_head_round.bundle,ed83c7f6493927f7eb32770282eb16b5.bundle,1403845,resources\assets\yoo\Default\ed83c7f6493927f7eb32770282eb16b5.bundle,True,True,
13613,Assets/Game/RawAssets/Sprite/Head/Round/yhero_051r.png,,5891,assets_game_rawassets_sprite_head_round.bundle,ed83c7f6493927f7eb32770282eb16b5.bundle,1403845,resources\assets\yoo\Default\ed83c7f6493927f7eb32770282eb16b5.bundle,True,True,
13614,Assets/Game/RawAssets/Sprite/Head/Round/yhero_051r_s01.png,,5891,assets_game_rawassets_sprite_head_round.bundle,ed83c7f6493927f7eb32770282eb16b5.bundle,1403845,resources\assets\yoo\Default\ed83c7f6493927f7eb32770282eb16b5.bundle,True,True,
13615,Assets/Game/RawAssets/Sprite/Head/Round/yhero_052.png,,5891,assets_game_rawassets_sprite_head_round.bundle,ed83c7f6493927f7eb32770282eb16b5.bundle,1403845,resources\assets\yoo\Default\ed83c7f6493927f7eb32770282eb16b5.bundle,True,True,
13616,Assets/Game/RawAssets/Sprite/Head/Round/yhero_052_s01.png,,5891,assets_game_rawassets_sprite_head_round.bundle,ed83c7f6493927f7eb32770282eb16b5.bundle,1403845,resources\assets\yoo\Default\ed83c7f6493927f7eb32770282eb16b5.bundle,True,True,
13617,Assets/Game/RawAssets/Sprite/Head/Round/yhero_052_s01h.png,,5891,assets_game_rawassets_sprite_head_round.bundle,ed83c7f6493927f7eb32770282eb16b5.bundle,1403845,resources\assets\yoo\Default\ed83c7f6493927f7eb32770282eb16b5.bundle,True,True,
13618,Assets/Game/RawAssets/Sprite/Head/Round/yhero_052_s02.png,,5891,assets_game_rawassets_sprite_head_round.bundle,ed83c7f6493927f7eb32770282eb16b5.bundle,1403845,resources\assets\yoo\Default\ed83c7f6493927f7eb32770282eb16b5.bundle,True,True,
13619,Assets/Game/RawAssets/Sprite/Head/Round/yhero_052r.png,,5891,assets_game_rawassets_sprite_head_round.bundle,ed83c7f6493927f7eb32770282eb16b5.bundle,1403845,resources\assets\yoo\Default\ed83c7f6493927f7eb32770282eb16b5.bundle,True,True,
13620,Assets/Game/RawAssets/Sprite/Head/Round/yhero_052r_s01.png,,5891,assets_game_rawassets_sprite_head_round.bundle,ed83c7f6493927f7eb32770282eb16b5.bundle,1403845,resources\assets\yoo\Default\ed83c7f6493927f7eb32770282eb16b5.bundle,True,True,
13621,Assets/Game/RawAssets/Sprite/Head/Round/yhero_053.png,,5891,assets_game_rawassets_sprite_head_round.bundle,ed83c7f6493927f7eb32770282eb16b5.bundle,1403845,resources\assets\yoo\Default\ed83c7f6493927f7eb32770282eb16b5.bundle,True,True,
13622,Assets/Game/RawAssets/Sprite/Head/Round/yhero_053_s01.png,,5891,assets_game_rawassets_sprite_head_round.bundle,ed83c7f6493927f7eb32770282eb16b5.bundle,1403845,resources\assets\yoo\Default\ed83c7f6493927f7eb32770282eb16b5.bundle,True,True,
13623,Assets/Game/RawAssets/Sprite/Head/Round/yhero_053_s01h.png,,5891,assets_game_rawassets_sprite_head_round.bundle,ed83c7f6493927f7eb32770282eb16b5.bundle,1403845,resources\assets\yoo\Default\ed83c7f6493927f7eb32770282eb16b5.bundle,True,True,
13624,Assets/Game/RawAssets/Sprite/Head/Round/yhero_053_s02.png,,5891,assets_game_rawassets_sprite_head_round.bundle,ed83c7f6493927f7eb32770282eb16b5.bundle,1403845,resources\assets\yoo\Default\ed83c7f6493927f7eb32770282eb16b5.bundle,True,True,
13625,Assets/Game/RawAssets/Sprite/Head/Round/yhero_053r.png,,5891,assets_game_rawassets_sprite_head_round.bundle,ed83c7f6493927f7eb32770282eb16b5.bundle,1403845,resources\assets\yoo\Default\ed83c7f6493927f7eb32770282eb16b5.bundle,True,True,
13626,Assets/Game/RawAssets/Sprite/Head/Round/yhero_053r_s01.png,,5891,assets_game_rawassets_sprite_head_round.bundle,ed83c7f6493927f7eb32770282eb16b5.bundle,1403845,resources\assets\yoo\Default\ed83c7f6493927f7eb32770282eb16b5.bundle,True,True,
13627,Assets/Game/RawAssets/Sprite/Head/Round/yhero_054.png,,5891,assets_game_rawassets_sprite_head_round.bundle,ed83c7f6493927f7eb32770282eb16b5.bundle,1403845,resources\assets\yoo\Default\ed83c7f6493927f7eb32770282eb16b5.bundle,True,True,
13628,Assets/Game/RawAssets/Sprite/Head/Round/yhero_054_s01.png,,5891,assets_game_rawassets_sprite_head_round.bundle,ed83c7f6493927f7eb32770282eb16b5.bundle,1403845,resources\assets\yoo\Default\ed83c7f6493927f7eb32770282eb16b5.bundle,True,True,
13629,Assets/Game/RawAssets/Sprite/Head/Round/yhero_054_s01h.png,,5891,assets_game_rawassets_sprite_head_round.bundle,ed83c7f6493927f7eb32770282eb16b5.bundle,1403845,resources\assets\yoo\Default\ed83c7f6493927f7eb32770282eb16b5.bundle,True,True,
13630,Assets/Game/RawAssets/Sprite/Head/Round/yhero_054h.png,,5891,assets_game_rawassets_sprite_head_round.bundle,ed83c7f6493927f7eb32770282eb16b5.bundle,1403845,resources\assets\yoo\Default\ed83c7f6493927f7eb32770282eb16b5.bundle,True,True,
13631,Assets/Game/RawAssets/Sprite/Head/Round/yhero_055.png,,5891,assets_game_rawassets_sprite_head_round.bundle,ed83c7f6493927f7eb32770282eb16b5.bundle,1403845,resources\assets\yoo\Default\ed83c7f6493927f7eb32770282eb16b5.bundle,True,True,
13632,Assets/Game/RawAssets/Sprite/Head/Round/yhero_056.png,,5891,assets_game_rawassets_sprite_head_round.bundle,ed83c7f6493927f7eb32770282eb16b5.bundle,1403845,resources\assets\yoo\Default\ed83c7f6493927f7eb32770282eb16b5.bundle,True,True,
13633,Assets/Game/RawAssets/Sprite/Head/Round/yhero_056_s01.png,,5891,assets_game_rawassets_sprite_head_round.bundle,ed83c7f6493927f7eb32770282eb16b5.bundle,1403845,resources\assets\yoo\Default\ed83c7f6493927f7eb32770282eb16b5.bundle,True,True,
13634,Assets/Game/RawAssets/Sprite/Head/Round/yhero_056_s01h.png,,5891,assets_game_rawassets_sprite_head_round.bundle,ed83c7f6493927f7eb32770282eb16b5.bundle,1403845,resources\assets\yoo\Default\ed83c7f6493927f7eb32770282eb16b5.bundle,True,True,
13635,Assets/Game/RawAssets/Sprite/Head/Round/yhero_057.png,,5891,assets_game_rawassets_sprite_head_round.bundle,ed83c7f6493927f7eb32770282eb16b5.bundle,1403845,resources\assets\yoo\Default\ed83c7f6493927f7eb32770282eb16b5.bundle,True,True,
13636,Assets/Game/RawAssets/Sprite/Head/Round/yhero_058.png,,5891,assets_game_rawassets_sprite_head_round.bundle,ed83c7f6493927f7eb32770282eb16b5.bundle,1403845,resources\assets\yoo\Default\ed83c7f6493927f7eb32770282eb16b5.bundle,True,True,
13637,Assets/Game/RawAssets/Sprite/Head/Round/yhero_058h.png,,5891,assets_game_rawassets_sprite_head_round.bundle,ed83c7f6493927f7eb32770282eb16b5.bundle,1403845,resources\assets\yoo\Default\ed83c7f6493927f7eb32770282eb16b5.bundle,True,True,
13638,Assets/Game/RawAssets/Sprite/Head/Round/yhero_059.png,,5891,assets_game_rawassets_sprite_head_round.bundle,ed83c7f6493927f7eb32770282eb16b5.bundle,1403845,resources\assets\yoo\Default\ed83c7f6493927f7eb32770282eb16b5.bundle,True,True,
13639,Assets/Game/RawAssets/Sprite/Head/Round/yhero_060.png,,5891,assets_game_rawassets_sprite_head_round.bundle,ed83c7f6493927f7eb32770282eb16b5.bundle,1403845,resources\assets\yoo\Default\ed83c7f6493927f7eb32770282eb16b5.bundle,True,True,
13640,Assets/Game/RawAssets/Sprite/Head/Round/yhero_061.png,,5891,assets_game_rawassets_sprite_head_round.bundle,ed83c7f6493927f7eb32770282eb16b5.bundle,1403845,resources\assets\yoo\Default\ed83c7f6493927f7eb32770282eb16b5.bundle,True,True,
13641,Assets/Game/RawAssets/Sprite/Head/Round/yhero_061_s01.png,,5891,assets_game_rawassets_sprite_head_round.bundle,ed83c7f6493927f7eb32770282eb16b5.bundle,1403845,resources\assets\yoo\Default\ed83c7f6493927f7eb32770282eb16b5.bundle,True,True,
13642,Assets/Game/RawAssets/Sprite/Head/Round/yhero_061_s01h.png,,5891,assets_game_rawassets_sprite_head_round.bundle,ed83c7f6493927f7eb32770282eb16b5.bundle,1403845,resources\assets\yoo\Default\ed83c7f6493927f7eb32770282eb16b5.bundle,True,True,
13643,Assets/Game/RawAssets/Sprite/Head/Round/yhero_062.png,,5891,assets_game_rawassets_sprite_head_round.bundle,ed83c7f6493927f7eb32770282eb16b5.bundle,1403845,resources\assets\yoo\Default\ed83c7f6493927f7eb32770282eb16b5.bundle,True,True,
13644,Assets/Game/RawAssets/Sprite/Head/Round/yhero_062_s01.png,,5891,assets_game_rawassets_sprite_head_round.bundle,ed83c7f6493927f7eb32770282eb16b5.bundle,1403845,resources\assets\yoo\Default\ed83c7f6493927f7eb32770282eb16b5.bundle,True,True,
13645,Assets/Game/RawAssets/Sprite/Head/Round/yhero_062_s01h.png,,5891,assets_game_rawassets_sprite_head_round.bundle,ed83c7f6493927f7eb32770282eb16b5.bundle,1403845,resources\assets\yoo\Default\ed83c7f6493927f7eb32770282eb16b5.bundle,True,True,
13646,Assets/Game/RawAssets/Sprite/Head/Round/yhero_062h.png,,5891,assets_game_rawassets_sprite_head_round.bundle,ed83c7f6493927f7eb32770282eb16b5.bundle,1403845,resources\assets\yoo\Default\ed83c7f6493927f7eb32770282eb16b5.bundle,True,True,
13647,Assets/Game/RawAssets/Sprite/Head/Round/yhero_064.png,,5891,assets_game_rawassets_sprite_head_round.bundle,ed83c7f6493927f7eb32770282eb16b5.bundle,1403845,resources\assets\yoo\Default\ed83c7f6493927f7eb32770282eb16b5.bundle,True,True,
13648,Assets/Game/RawAssets/Sprite/Head/Round/yhero_064_s01.png,,5891,assets_game_rawassets_sprite_head_round.bundle,ed83c7f6493927f7eb32770282eb16b5.bundle,1403845,resources\assets\yoo\Default\ed83c7f6493927f7eb32770282eb16b5.bundle,True,True,
13649,Assets/Game/RawAssets/Sprite/Head/Round/yhero_064_s01h.png,,5891,assets_game_rawassets_sprite_head_round.bundle,ed83c7f6493927f7eb32770282eb16b5.bundle,1403845,resources\assets\yoo\Default\ed83c7f6493927f7eb32770282eb16b5.bundle,True,True,
13650,Assets/Game/RawAssets/Sprite/Head/Round/yhero_065.png,,5891,assets_game_rawassets_sprite_head_round.bundle,ed83c7f6493927f7eb32770282eb16b5.bundle,1403845,resources\assets\yoo\Default\ed83c7f6493927f7eb32770282eb16b5.bundle,True,True,
13651,Assets/Game/RawAssets/Sprite/Head/Round/yhero_065_s01.png,,5891,assets_game_rawassets_sprite_head_round.bundle,ed83c7f6493927f7eb32770282eb16b5.bundle,1403845,resources\assets\yoo\Default\ed83c7f6493927f7eb32770282eb16b5.bundle,True,True,
13652,Assets/Game/RawAssets/Sprite/Head/Round/yhero_065_s01h.png,,5891,assets_game_rawassets_sprite_head_round.bundle,ed83c7f6493927f7eb32770282eb16b5.bundle,1403845,resources\assets\yoo\Default\ed83c7f6493927f7eb32770282eb16b5.bundle,True,True,
13653,Assets/Game/RawAssets/Sprite/Head/Round/yhero_066.png,,5891,assets_game_rawassets_sprite_head_round.bundle,ed83c7f6493927f7eb32770282eb16b5.bundle,1403845,resources\assets\yoo\Default\ed83c7f6493927f7eb32770282eb16b5.bundle,True,True,
13654,Assets/Game/RawAssets/Sprite/Head/Round/yhero_066h.png,,5891,assets_game_rawassets_sprite_head_round.bundle,ed83c7f6493927f7eb32770282eb16b5.bundle,1403845,resources\assets\yoo\Default\ed83c7f6493927f7eb32770282eb16b5.bundle,True,True,
13655,Assets/Game/RawAssets/Sprite/Head/Round/ymonster_001.png,,5891,assets_game_rawassets_sprite_head_round.bundle,ed83c7f6493927f7eb32770282eb16b5.bundle,1403845,resources\assets\yoo\Default\ed83c7f6493927f7eb32770282eb16b5.bundle,True,True,
13656,Assets/Game/RawAssets/Sprite/Head/Round/ymonster_002.png,,5891,assets_game_rawassets_sprite_head_round.bundle,ed83c7f6493927f7eb32770282eb16b5.bundle,1403845,resources\assets\yoo\Default\ed83c7f6493927f7eb32770282eb16b5.bundle,True,True,
13657,Assets/Game/RawAssets/Sprite/Head/Round/ymonster_003.png,,5891,assets_game_rawassets_sprite_head_round.bundle,ed83c7f6493927f7eb32770282eb16b5.bundle,1403845,resources\assets\yoo\Default\ed83c7f6493927f7eb32770282eb16b5.bundle,True,True,
13658,Assets/Game/RawAssets/Sprite/Head/Round/ymonster_004.png,,5891,assets_game_rawassets_sprite_head_round.bundle,ed83c7f6493927f7eb32770282eb16b5.bundle,1403845,resources\assets\yoo\Default\ed83c7f6493927f7eb32770282eb16b5.bundle,True,True,
13659,Assets/Game/RawAssets/Sprite/Head/Round/ymonster_005.png,,5891,assets_game_rawassets_sprite_head_round.bundle,ed83c7f6493927f7eb32770282eb16b5.bundle,1403845,resources\assets\yoo\Default\ed83c7f6493927f7eb32770282eb16b5.bundle,True,True,
13660,Assets/Game/RawAssets/Sprite/Head/Round/ymonster_006.png,,5891,assets_game_rawassets_sprite_head_round.bundle,ed83c7f6493927f7eb32770282eb16b5.bundle,1403845,resources\assets\yoo\Default\ed83c7f6493927f7eb32770282eb16b5.bundle,True,True,
13661,Assets/Game/RawAssets/Sprite/Head/Round/ymonster_007.png,,5891,assets_game_rawassets_sprite_head_round.bundle,ed83c7f6493927f7eb32770282eb16b5.bundle,1403845,resources\assets\yoo\Default\ed83c7f6493927f7eb32770282eb16b5.bundle,True,True,
13662,Assets/Game/RawAssets/Sprite/Head/Round/ymonster_008.png,,5891,assets_game_rawassets_sprite_head_round.bundle,ed83c7f6493927f7eb32770282eb16b5.bundle,1403845,resources\assets\yoo\Default\ed83c7f6493927f7eb32770282eb16b5.bundle,True,True,
13663,Assets/Game/RawAssets/Sprite/Head/Round/ymonster_009.png,,5891,assets_game_rawassets_sprite_head_round.bundle,ed83c7f6493927f7eb32770282eb16b5.bundle,1403845,resources\assets\yoo\Default\ed83c7f6493927f7eb32770282eb16b5.bundle,True,True,
13664,Assets/Game/RawAssets/Sprite/Head/Round/ymonster_010.png,,5891,assets_game_rawassets_sprite_head_round.bundle,ed83c7f6493927f7eb32770282eb16b5.bundle,1403845,resources\assets\yoo\Default\ed83c7f6493927f7eb32770282eb16b5.bundle,True,True,
13665,Assets/Game/RawAssets/Sprite/Head/Round/ymonster_011.png,,5891,assets_game_rawassets_sprite_head_round.bundle,ed83c7f6493927f7eb32770282eb16b5.bundle,1403845,resources\assets\yoo\Default\ed83c7f6493927f7eb32770282eb16b5.bundle,True,True,
13666,Assets/Game/RawAssets/Sprite/Head/Round/ymonster_012.png,,5891,assets_game_rawassets_sprite_head_round.bundle,ed83c7f6493927f7eb32770282eb16b5.bundle,1403845,resources\assets\yoo\Default\ed83c7f6493927f7eb32770282eb16b5.bundle,True,True,
13667,Assets/Game/RawAssets/Sprite/Head/Round/ymonster_013.png,,5891,assets_game_rawassets_sprite_head_round.bundle,ed83c7f6493927f7eb32770282eb16b5.bundle,1403845,resources\assets\yoo\Default\ed83c7f6493927f7eb32770282eb16b5.bundle,True,True,
13668,Assets/Game/RawAssets/Sprite/Head/Round/ymonster_014.png,,5891,assets_game_rawassets_sprite_head_round.bundle,ed83c7f6493927f7eb32770282eb16b5.bundle,1403845,resources\assets\yoo\Default\ed83c7f6493927f7eb32770282eb16b5.bundle,True,True,
13669,Assets/Game/RawAssets/Sprite/Head/Round/ymonster_015.png,,5891,assets_game_rawassets_sprite_head_round.bundle,ed83c7f6493927f7eb32770282eb16b5.bundle,1403845,resources\assets\yoo\Default\ed83c7f6493927f7eb32770282eb16b5.bundle,True,True,
13670,Assets/Game/RawAssets/Sprite/Head/Round/ymonster_016.png,,5891,assets_game_rawassets_sprite_head_round.bundle,ed83c7f6493927f7eb32770282eb16b5.bundle,1403845,resources\assets\yoo\Default\ed83c7f6493927f7eb32770282eb16b5.bundle,True,True,
13671,Assets/Game/RawAssets/Sprite/Head/Round/ymonster_017.png,,5891,assets_game_rawassets_sprite_head_round.bundle,ed83c7f6493927f7eb32770282eb16b5.bundle,1403845,resources\assets\yoo\Default\ed83c7f6493927f7eb32770282eb16b5.bundle,True,True,
13672,Assets/Game/RawAssets/Sprite/Head/Round/ypet_001.png,,5891,assets_game_rawassets_sprite_head_round.bundle,ed83c7f6493927f7eb32770282eb16b5.bundle,1403845,resources\assets\yoo\Default\ed83c7f6493927f7eb32770282eb16b5.bundle,True,True,
13673,Assets/Game/RawAssets/Sprite/Head/Round/ypet_002.png,,5891,assets_game_rawassets_sprite_head_round.bundle,ed83c7f6493927f7eb32770282eb16b5.bundle,1403845,resources\assets\yoo\Default\ed83c7f6493927f7eb32770282eb16b5.bundle,True,True,
13674,Assets/Game/RawAssets/Sprite/Head/Round/ypet_003.png,,5891,assets_game_rawassets_sprite_head_round.bundle,ed83c7f6493927f7eb32770282eb16b5.bundle,1403845,resources\assets\yoo\Default\ed83c7f6493927f7eb32770282eb16b5.bundle,True,True,
13675,Assets/Game/RawAssets/Sprite/Head/Round/ypet_004.png,,5891,assets_game_rawassets_sprite_head_round.bundle,ed83c7f6493927f7eb32770282eb16b5.bundle,1403845,resources\assets\yoo\Default\ed83c7f6493927f7eb32770282eb16b5.bundle,True,True,
13676,Assets/Game/RawAssets/Sprite/Head/Round/ypet_005.png,,5891,assets_game_rawassets_sprite_head_round.bundle,ed83c7f6493927f7eb32770282eb16b5.bundle,1403845,resources\assets\yoo\Default\ed83c7f6493927f7eb32770282eb16b5.bundle,True,True,
13677,Assets/Game/RawAssets/Sprite/Head/Round/ypet_006.png,,5891,assets_game_rawassets_sprite_head_round.bundle,ed83c7f6493927f7eb32770282eb16b5.bundle,1403845,resources\assets\yoo\Default\ed83c7f6493927f7eb32770282eb16b5.bundle,True,True,
13678,Assets/Game/RawAssets/Sprite/Head/Round/ypet_007.png,,5891,assets_game_rawassets_sprite_head_round.bundle,ed83c7f6493927f7eb32770282eb16b5.bundle,1403845,resources\assets\yoo\Default\ed83c7f6493927f7eb32770282eb16b5.bundle,True,True,
13679,Assets/Game/RawAssets/Sprite/Head/Round/ypet_008.png,,5891,assets_game_rawassets_sprite_head_round.bundle,ed83c7f6493927f7eb32770282eb16b5.bundle,1403845,resources\assets\yoo\Default\ed83c7f6493927f7eb32770282eb16b5.bundle,True,True,
13680,Assets/Game/RawAssets/Sprite/Head/Round/ypet_009.png,,5891,assets_game_rawassets_sprite_head_round.bundle,ed83c7f6493927f7eb32770282eb16b5.bundle,1403845,resources\assets\yoo\Default\ed83c7f6493927f7eb32770282eb16b5.bundle,True,True,
13681,Assets/Game/RawAssets/Sprite/Head/Round/ypet_010.png,,5891,assets_game_rawassets_sprite_head_round.bundle,ed83c7f6493927f7eb32770282eb16b5.bundle,1403845,resources\assets\yoo\Default\ed83c7f6493927f7eb32770282eb16b5.bundle,True,True,
13682,Assets/Game/RawAssets/Sprite/Head/Round/yslug_1_1.png,,5891,assets_game_rawassets_sprite_head_round.bundle,ed83c7f6493927f7eb32770282eb16b5.bundle,1403845,resources\assets\yoo\Default\ed83c7f6493927f7eb32770282eb16b5.bundle,True,True,
13683,Assets/Game/RawAssets/Sprite/Head/Round/yslug_10_1.png,,5891,assets_game_rawassets_sprite_head_round.bundle,ed83c7f6493927f7eb32770282eb16b5.bundle,1403845,resources\assets\yoo\Default\ed83c7f6493927f7eb32770282eb16b5.bundle,True,True,
13684,Assets/Game/RawAssets/Sprite/Head/Round/yslug_11_1.png,,5891,assets_game_rawassets_sprite_head_round.bundle,ed83c7f6493927f7eb32770282eb16b5.bundle,1403845,resources\assets\yoo\Default\ed83c7f6493927f7eb32770282eb16b5.bundle,True,True,
13685,Assets/Game/RawAssets/Sprite/Head/Round/yslug_11_2.png,,5891,assets_game_rawassets_sprite_head_round.bundle,ed83c7f6493927f7eb32770282eb16b5.bundle,1403845,resources\assets\yoo\Default\ed83c7f6493927f7eb32770282eb16b5.bundle,True,True,
13686,Assets/Game/RawAssets/Sprite/Head/Round/yslug_12_1.png,,5891,assets_game_rawassets_sprite_head_round.bundle,ed83c7f6493927f7eb32770282eb16b5.bundle,1403845,resources\assets\yoo\Default\ed83c7f6493927f7eb32770282eb16b5.bundle,True,True,
13687,Assets/Game/RawAssets/Sprite/Head/Round/yslug_12_2.png,,5891,assets_game_rawassets_sprite_head_round.bundle,ed83c7f6493927f7eb32770282eb16b5.bundle,1403845,resources\assets\yoo\Default\ed83c7f6493927f7eb32770282eb16b5.bundle,True,True,
13688,Assets/Game/RawAssets/Sprite/Head/Round/yslug_13_1.png,,5891,assets_game_rawassets_sprite_head_round.bundle,ed83c7f6493927f7eb32770282eb16b5.bundle,1403845,resources\assets\yoo\Default\ed83c7f6493927f7eb32770282eb16b5.bundle,True,True,
13689,Assets/Game/RawAssets/Sprite/Head/Round/yslug_13_2.png,,5891,assets_game_rawassets_sprite_head_round.bundle,ed83c7f6493927f7eb32770282eb16b5.bundle,1403845,resources\assets\yoo\Default\ed83c7f6493927f7eb32770282eb16b5.bundle,True,True,
13690,Assets/Game/RawAssets/Sprite/Head/Round/yslug_14_1.png,,5891,assets_game_rawassets_sprite_head_round.bundle,ed83c7f6493927f7eb32770282eb16b5.bundle,1403845,resources\assets\yoo\Default\ed83c7f6493927f7eb32770282eb16b5.bundle,True,True,
13691,Assets/Game/RawAssets/Sprite/Head/Round/yslug_14_2.png,,5891,assets_game_rawassets_sprite_head_round.bundle,ed83c7f6493927f7eb32770282eb16b5.bundle,1403845,resources\assets\yoo\Default\ed83c7f6493927f7eb32770282eb16b5.bundle,True,True,
13692,Assets/Game/RawAssets/Sprite/Head/Round/yslug_15_1.png,,5891,assets_game_rawassets_sprite_head_round.bundle,ed83c7f6493927f7eb32770282eb16b5.bundle,1403845,resources\assets\yoo\Default\ed83c7f6493927f7eb32770282eb16b5.bundle,True,True,
13693,Assets/Game/RawAssets/Sprite/Head/Round/yslug_15_2.png,,5891,assets_game_rawassets_sprite_head_round.bundle,ed83c7f6493927f7eb32770282eb16b5.bundle,1403845,resources\assets\yoo\Default\ed83c7f6493927f7eb32770282eb16b5.bundle,True,True,
13694,Assets/Game/RawAssets/Sprite/Head/Round/yslug_16_1.png,,5891,assets_game_rawassets_sprite_head_round.bundle,ed83c7f6493927f7eb32770282eb16b5.bundle,1403845,resources\assets\yoo\Default\ed83c7f6493927f7eb32770282eb16b5.bundle,True,True,
13695,Assets/Game/RawAssets/Sprite/Head/Round/yslug_16_2.png,,5891,assets_game_rawassets_sprite_head_round.bundle,ed83c7f6493927f7eb32770282eb16b5.bundle,1403845,resources\assets\yoo\Default\ed83c7f6493927f7eb32770282eb16b5.bundle,True,True,
13696,Assets/Game/RawAssets/Sprite/Head/Round/yslug_17_1.png,,5891,assets_game_rawassets_sprite_head_round.bundle,ed83c7f6493927f7eb32770282eb16b5.bundle,1403845,resources\assets\yoo\Default\ed83c7f6493927f7eb32770282eb16b5.bundle,True,True,
13697,Assets/Game/RawAssets/Sprite/Head/Round/yslug_17_2.png,,5891,assets_game_rawassets_sprite_head_round.bundle,ed83c7f6493927f7eb32770282eb16b5.bundle,1403845,resources\assets\yoo\Default\ed83c7f6493927f7eb32770282eb16b5.bundle,True,True,
13698,Assets/Game/RawAssets/Sprite/Head/Round/yslug_18_1.png,,5891,assets_game_rawassets_sprite_head_round.bundle,ed83c7f6493927f7eb32770282eb16b5.bundle,1403845,resources\assets\yoo\Default\ed83c7f6493927f7eb32770282eb16b5.bundle,True,True,
13699,Assets/Game/RawAssets/Sprite/Head/Round/yslug_18_2.png,,5891,assets_game_rawassets_sprite_head_round.bundle,ed83c7f6493927f7eb32770282eb16b5.bundle,1403845,resources\assets\yoo\Default\ed83c7f6493927f7eb32770282eb16b5.bundle,True,True,
13700,Assets/Game/RawAssets/Sprite/Head/Round/yslug_19_1.png,,5891,assets_game_rawassets_sprite_head_round.bundle,ed83c7f6493927f7eb32770282eb16b5.bundle,1403845,resources\assets\yoo\Default\ed83c7f6493927f7eb32770282eb16b5.bundle,True,True,
13701,Assets/Game/RawAssets/Sprite/Head/Round/yslug_19_2.png,,5891,assets_game_rawassets_sprite_head_round.bundle,ed83c7f6493927f7eb32770282eb16b5.bundle,1403845,resources\assets\yoo\Default\ed83c7f6493927f7eb32770282eb16b5.bundle,True,True,
13702,Assets/Game/RawAssets/Sprite/Head/Round/yslug_2_1.png,,5891,assets_game_rawassets_sprite_head_round.bundle,ed83c7f6493927f7eb32770282eb16b5.bundle,1403845,resources\assets\yoo\Default\ed83c7f6493927f7eb32770282eb16b5.bundle,True,True,
13703,Assets/Game/RawAssets/Sprite/Head/Round/yslug_20_1.png,,5891,assets_game_rawassets_sprite_head_round.bundle,ed83c7f6493927f7eb32770282eb16b5.bundle,1403845,resources\assets\yoo\Default\ed83c7f6493927f7eb32770282eb16b5.bundle,True,True,
13704,Assets/Game/RawAssets/Sprite/Head/Round/yslug_20_2.png,,5891,assets_game_rawassets_sprite_head_round.bundle,ed83c7f6493927f7eb32770282eb16b5.bundle,1403845,resources\assets\yoo\Default\ed83c7f6493927f7eb32770282eb16b5.bundle,True,True,
13705,Assets/Game/RawAssets/Sprite/Head/Round/yslug_21_1.png,,5891,assets_game_rawassets_sprite_head_round.bundle,ed83c7f6493927f7eb32770282eb16b5.bundle,1403845,resources\assets\yoo\Default\ed83c7f6493927f7eb32770282eb16b5.bundle,True,True,
13706,Assets/Game/RawAssets/Sprite/Head/Round/yslug_21_2.png,,5891,assets_game_rawassets_sprite_head_round.bundle,ed83c7f6493927f7eb32770282eb16b5.bundle,1403845,resources\assets\yoo\Default\ed83c7f6493927f7eb32770282eb16b5.bundle,True,True,
13707,Assets/Game/RawAssets/Sprite/Head/Round/yslug_22_1.png,,5891,assets_game_rawassets_sprite_head_round.bundle,ed83c7f6493927f7eb32770282eb16b5.bundle,1403845,resources\assets\yoo\Default\ed83c7f6493927f7eb32770282eb16b5.bundle,True,True,
13708,Assets/Game/RawAssets/Sprite/Head/Round/yslug_22_2.png,,5891,assets_game_rawassets_sprite_head_round.bundle,ed83c7f6493927f7eb32770282eb16b5.bundle,1403845,resources\assets\yoo\Default\ed83c7f6493927f7eb32770282eb16b5.bundle,True,True,
13709,Assets/Game/RawAssets/Sprite/Head/Round/yslug_23_1.png,,5891,assets_game_rawassets_sprite_head_round.bundle,ed83c7f6493927f7eb32770282eb16b5.bundle,1403845,resources\assets\yoo\Default\ed83c7f6493927f7eb32770282eb16b5.bundle,True,True,
13710,Assets/Game/RawAssets/Sprite/Head/Round/yslug_23_2.png,,5891,assets_game_rawassets_sprite_head_round.bundle,ed83c7f6493927f7eb32770282eb16b5.bundle,1403845,resources\assets\yoo\Default\ed83c7f6493927f7eb32770282eb16b5.bundle,True,True,
13711,Assets/Game/RawAssets/Sprite/Head/Round/yslug_24_1.png,,5891,assets_game_rawassets_sprite_head_round.bundle,ed83c7f6493927f7eb32770282eb16b5.bundle,1403845,resources\assets\yoo\Default\ed83c7f6493927f7eb32770282eb16b5.bundle,True,True,
13712,Assets/Game/RawAssets/Sprite/Head/Round/yslug_24_2.png,,5891,assets_game_rawassets_sprite_head_round.bundle,ed83c7f6493927f7eb32770282eb16b5.bundle,1403845,resources\assets\yoo\Default\ed83c7f6493927f7eb32770282eb16b5.bundle,True,True,
13713,Assets/Game/RawAssets/Sprite/Head/Round/yslug_24_3.png,,5891,assets_game_rawassets_sprite_head_round.bundle,ed83c7f6493927f7eb32770282eb16b5.bundle,1403845,resources\assets\yoo\Default\ed83c7f6493927f7eb32770282eb16b5.bundle,True,True,
13714,Assets/Game/RawAssets/Sprite/Head/Round/yslug_25_1.png,,5891,assets_game_rawassets_sprite_head_round.bundle,ed83c7f6493927f7eb32770282eb16b5.bundle,1403845,resources\assets\yoo\Default\ed83c7f6493927f7eb32770282eb16b5.bundle,True,True,
13715,Assets/Game/RawAssets/Sprite/Head/Round/yslug_25_2.png,,5891,assets_game_rawassets_sprite_head_round.bundle,ed83c7f6493927f7eb32770282eb16b5.bundle,1403845,resources\assets\yoo\Default\ed83c7f6493927f7eb32770282eb16b5.bundle,True,True,
13716,Assets/Game/RawAssets/Sprite/Head/Round/yslug_25_3.png,,5891,assets_game_rawassets_sprite_head_round.bundle,ed83c7f6493927f7eb32770282eb16b5.bundle,1403845,resources\assets\yoo\Default\ed83c7f6493927f7eb32770282eb16b5.bundle,True,True,
13717,Assets/Game/RawAssets/Sprite/Head/Round/yslug_26_1.png,,5891,assets_game_rawassets_sprite_head_round.bundle,ed83c7f6493927f7eb32770282eb16b5.bundle,1403845,resources\assets\yoo\Default\ed83c7f6493927f7eb32770282eb16b5.bundle,True,True,
13718,Assets/Game/RawAssets/Sprite/Head/Round/yslug_26_2.png,,5891,assets_game_rawassets_sprite_head_round.bundle,ed83c7f6493927f7eb32770282eb16b5.bundle,1403845,resources\assets\yoo\Default\ed83c7f6493927f7eb32770282eb16b5.bundle,True,True,
13719,Assets/Game/RawAssets/Sprite/Head/Round/yslug_26_3.png,,5891,assets_game_rawassets_sprite_head_round.bundle,ed83c7f6493927f7eb32770282eb16b5.bundle,1403845,resources\assets\yoo\Default\ed83c7f6493927f7eb32770282eb16b5.bundle,True,True,
13720,Assets/Game/RawAssets/Sprite/Head/Round/yslug_27_1.png,,5891,assets_game_rawassets_sprite_head_round.bundle,ed83c7f6493927f7eb32770282eb16b5.bundle,1403845,resources\assets\yoo\Default\ed83c7f6493927f7eb32770282eb16b5.bundle,True,True,
13721,Assets/Game/RawAssets/Sprite/Head/Round/yslug_27_2.png,,5891,assets_game_rawassets_sprite_head_round.bundle,ed83c7f6493927f7eb32770282eb16b5.bundle,1403845,resources\assets\yoo\Default\ed83c7f6493927f7eb32770282eb16b5.bundle,True,True,
13722,Assets/Game/RawAssets/Sprite/Head/Round/yslug_27_3.png,,5891,assets_game_rawassets_sprite_head_round.bundle,ed83c7f6493927f7eb32770282eb16b5.bundle,1403845,resources\assets\yoo\Default\ed83c7f6493927f7eb32770282eb16b5.bundle,True,True,
13723,Assets/Game/RawAssets/Sprite/Head/Round/yslug_28_1.png,,5891,assets_game_rawassets_sprite_head_round.bundle,ed83c7f6493927f7eb32770282eb16b5.bundle,1403845,resources\assets\yoo\Default\ed83c7f6493927f7eb32770282eb16b5.bundle,True,True,
13724,Assets/Game/RawAssets/Sprite/Head/Round/yslug_28_2.png,,5891,assets_game_rawassets_sprite_head_round.bundle,ed83c7f6493927f7eb32770282eb16b5.bundle,1403845,resources\assets\yoo\Default\ed83c7f6493927f7eb32770282eb16b5.bundle,True,True,
13725,Assets/Game/RawAssets/Sprite/Head/Round/yslug_28_3.png,,5891,assets_game_rawassets_sprite_head_round.bundle,ed83c7f6493927f7eb32770282eb16b5.bundle,1403845,resources\assets\yoo\Default\ed83c7f6493927f7eb32770282eb16b5.bundle,True,True,
13726,Assets/Game/RawAssets/Sprite/Head/Round/yslug_29_1.png,,5891,assets_game_rawassets_sprite_head_round.bundle,ed83c7f6493927f7eb32770282eb16b5.bundle,1403845,resources\assets\yoo\Default\ed83c7f6493927f7eb32770282eb16b5.bundle,True,True,
13727,Assets/Game/RawAssets/Sprite/Head/Round/yslug_29_2.png,,5891,assets_game_rawassets_sprite_head_round.bundle,ed83c7f6493927f7eb32770282eb16b5.bundle,1403845,resources\assets\yoo\Default\ed83c7f6493927f7eb32770282eb16b5.bundle,True,True,
13728,Assets/Game/RawAssets/Sprite/Head/Round/yslug_29_3.png,,5891,assets_game_rawassets_sprite_head_round.bundle,ed83c7f6493927f7eb32770282eb16b5.bundle,1403845,resources\assets\yoo\Default\ed83c7f6493927f7eb32770282eb16b5.bundle,True,True,
13729,Assets/Game/RawAssets/Sprite/Head/Round/yslug_3_1.png,,5891,assets_game_rawassets_sprite_head_round.bundle,ed83c7f6493927f7eb32770282eb16b5.bundle,1403845,resources\assets\yoo\Default\ed83c7f6493927f7eb32770282eb16b5.bundle,True,True,
13730,Assets/Game/RawAssets/Sprite/Head/Round/yslug_30_1.png,,5891,assets_game_rawassets_sprite_head_round.bundle,ed83c7f6493927f7eb32770282eb16b5.bundle,1403845,resources\assets\yoo\Default\ed83c7f6493927f7eb32770282eb16b5.bundle,True,True,
13731,Assets/Game/RawAssets/Sprite/Head/Round/yslug_30_2.png,,5891,assets_game_rawassets_sprite_head_round.bundle,ed83c7f6493927f7eb32770282eb16b5.bundle,1403845,resources\assets\yoo\Default\ed83c7f6493927f7eb32770282eb16b5.bundle,True,True,
13732,Assets/Game/RawAssets/Sprite/Head/Round/yslug_30_3.png,,5891,assets_game_rawassets_sprite_head_round.bundle,ed83c7f6493927f7eb32770282eb16b5.bundle,1403845,resources\assets\yoo\Default\ed83c7f6493927f7eb32770282eb16b5.bundle,True,True,
13733,Assets/Game/RawAssets/Sprite/Head/Round/yslug_31_1.png,,5891,assets_game_rawassets_sprite_head_round.bundle,ed83c7f6493927f7eb32770282eb16b5.bundle,1403845,resources\assets\yoo\Default\ed83c7f6493927f7eb32770282eb16b5.bundle,True,True,
13734,Assets/Game/RawAssets/Sprite/Head/Round/yslug_31_2.png,,5891,assets_game_rawassets_sprite_head_round.bundle,ed83c7f6493927f7eb32770282eb16b5.bundle,1403845,resources\assets\yoo\Default\ed83c7f6493927f7eb32770282eb16b5.bundle,True,True,
13735,Assets/Game/RawAssets/Sprite/Head/Round/yslug_31_3.png,,5891,assets_game_rawassets_sprite_head_round.bundle,ed83c7f6493927f7eb32770282eb16b5.bundle,1403845,resources\assets\yoo\Default\ed83c7f6493927f7eb32770282eb16b5.bundle,True,True,
13736,Assets/Game/RawAssets/Sprite/Head/Round/yslug_32_1.png,,5891,assets_game_rawassets_sprite_head_round.bundle,ed83c7f6493927f7eb32770282eb16b5.bundle,1403845,resources\assets\yoo\Default\ed83c7f6493927f7eb32770282eb16b5.bundle,True,True,
13737,Assets/Game/RawAssets/Sprite/Head/Round/yslug_32_2.png,,5891,assets_game_rawassets_sprite_head_round.bundle,ed83c7f6493927f7eb32770282eb16b5.bundle,1403845,resources\assets\yoo\Default\ed83c7f6493927f7eb32770282eb16b5.bundle,True,True,
13738,Assets/Game/RawAssets/Sprite/Head/Round/yslug_32_3.png,,5891,assets_game_rawassets_sprite_head_round.bundle,ed83c7f6493927f7eb32770282eb16b5.bundle,1403845,resources\assets\yoo\Default\ed83c7f6493927f7eb32770282eb16b5.bundle,True,True,
13739,Assets/Game/RawAssets/Sprite/Head/Round/yslug_33_1.png,,5891,assets_game_rawassets_sprite_head_round.bundle,ed83c7f6493927f7eb32770282eb16b5.bundle,1403845,resources\assets\yoo\Default\ed83c7f6493927f7eb32770282eb16b5.bundle,True,True,
13740,Assets/Game/RawAssets/Sprite/Head/Round/yslug_33_2.png,,5891,assets_game_rawassets_sprite_head_round.bundle,ed83c7f6493927f7eb32770282eb16b5.bundle,1403845,resources\assets\yoo\Default\ed83c7f6493927f7eb32770282eb16b5.bundle,True,True,
13741,Assets/Game/RawAssets/Sprite/Head/Round/yslug_33_3.png,,5891,assets_game_rawassets_sprite_head_round.bundle,ed83c7f6493927f7eb32770282eb16b5.bundle,1403845,resources\assets\yoo\Default\ed83c7f6493927f7eb32770282eb16b5.bundle,True,True,
13742,Assets/Game/RawAssets/Sprite/Head/Round/yslug_34_1.png,,5891,assets_game_rawassets_sprite_head_round.bundle,ed83c7f6493927f7eb32770282eb16b5.bundle,1403845,resources\assets\yoo\Default\ed83c7f6493927f7eb32770282eb16b5.bundle,True,True,
13743,Assets/Game/RawAssets/Sprite/Head/Round/yslug_34_2.png,,5891,assets_game_rawassets_sprite_head_round.bundle,ed83c7f6493927f7eb32770282eb16b5.bundle,1403845,resources\assets\yoo\Default\ed83c7f6493927f7eb32770282eb16b5.bundle,True,True,
13744,Assets/Game/RawAssets/Sprite/Head/Round/yslug_34_3.png,,5891,assets_game_rawassets_sprite_head_round.bundle,ed83c7f6493927f7eb32770282eb16b5.bundle,1403845,resources\assets\yoo\Default\ed83c7f6493927f7eb32770282eb16b5.bundle,True,True,
13745,Assets/Game/RawAssets/Sprite/Head/Round/yslug_35_1.png,,5891,assets_game_rawassets_sprite_head_round.bundle,ed83c7f6493927f7eb32770282eb16b5.bundle,1403845,resources\assets\yoo\Default\ed83c7f6493927f7eb32770282eb16b5.bundle,True,True,
13746,Assets/Game/RawAssets/Sprite/Head/Round/yslug_35_2.png,,5891,assets_game_rawassets_sprite_head_round.bundle,ed83c7f6493927f7eb32770282eb16b5.bundle,1403845,resources\assets\yoo\Default\ed83c7f6493927f7eb32770282eb16b5.bundle,True,True,
13747,Assets/Game/RawAssets/Sprite/Head/Round/yslug_35_3.png,,5891,assets_game_rawassets_sprite_head_round.bundle,ed83c7f6493927f7eb32770282eb16b5.bundle,1403845,resources\assets\yoo\Default\ed83c7f6493927f7eb32770282eb16b5.bundle,True,True,
13748,Assets/Game/RawAssets/Sprite/Head/Round/yslug_36_1.png,,5891,assets_game_rawassets_sprite_head_round.bundle,ed83c7f6493927f7eb32770282eb16b5.bundle,1403845,resources\assets\yoo\Default\ed83c7f6493927f7eb32770282eb16b5.bundle,True,True,
13749,Assets/Game/RawAssets/Sprite/Head/Round/yslug_36_2.png,,5891,assets_game_rawassets_sprite_head_round.bundle,ed83c7f6493927f7eb32770282eb16b5.bundle,1403845,resources\assets\yoo\Default\ed83c7f6493927f7eb32770282eb16b5.bundle,True,True,
13750,Assets/Game/RawAssets/Sprite/Head/Round/yslug_36_3.png,,5891,assets_game_rawassets_sprite_head_round.bundle,ed83c7f6493927f7eb32770282eb16b5.bundle,1403845,resources\assets\yoo\Default\ed83c7f6493927f7eb32770282eb16b5.bundle,True,True,
13751,Assets/Game/RawAssets/Sprite/Head/Round/yslug_37_1.png,,5891,assets_game_rawassets_sprite_head_round.bundle,ed83c7f6493927f7eb32770282eb16b5.bundle,1403845,resources\assets\yoo\Default\ed83c7f6493927f7eb32770282eb16b5.bundle,True,True,
13752,Assets/Game/RawAssets/Sprite/Head/Round/yslug_37_2.png,,5891,assets_game_rawassets_sprite_head_round.bundle,ed83c7f6493927f7eb32770282eb16b5.bundle,1403845,resources\assets\yoo\Default\ed83c7f6493927f7eb32770282eb16b5.bundle,True,True,
13753,Assets/Game/RawAssets/Sprite/Head/Round/yslug_37_3.png,,5891,assets_game_rawassets_sprite_head_round.bundle,ed83c7f6493927f7eb32770282eb16b5.bundle,1403845,resources\assets\yoo\Default\ed83c7f6493927f7eb32770282eb16b5.bundle,True,True,
13754,Assets/Game/RawAssets/Sprite/Head/Round/yslug_38_1.png,,5891,assets_game_rawassets_sprite_head_round.bundle,ed83c7f6493927f7eb32770282eb16b5.bundle,1403845,resources\assets\yoo\Default\ed83c7f6493927f7eb32770282eb16b5.bundle,True,True,
13755,Assets/Game/RawAssets/Sprite/Head/Round/yslug_38_2.png,,5891,assets_game_rawassets_sprite_head_round.bundle,ed83c7f6493927f7eb32770282eb16b5.bundle,1403845,resources\assets\yoo\Default\ed83c7f6493927f7eb32770282eb16b5.bundle,True,True,
13756,Assets/Game/RawAssets/Sprite/Head/Round/yslug_38_3.png,,5891,assets_game_rawassets_sprite_head_round.bundle,ed83c7f6493927f7eb32770282eb16b5.bundle,1403845,resources\assets\yoo\Default\ed83c7f6493927f7eb32770282eb16b5.bundle,True,True,
13757,Assets/Game/RawAssets/Sprite/Head/Round/yslug_39_1.png,,5891,assets_game_rawassets_sprite_head_round.bundle,ed83c7f6493927f7eb32770282eb16b5.bundle,1403845,resources\assets\yoo\Default\ed83c7f6493927f7eb32770282eb16b5.bundle,True,True,
13758,Assets/Game/RawAssets/Sprite/Head/Round/yslug_39_2.png,,5891,assets_game_rawassets_sprite_head_round.bundle,ed83c7f6493927f7eb32770282eb16b5.bundle,1403845,resources\assets\yoo\Default\ed83c7f6493927f7eb32770282eb16b5.bundle,True,True,
13759,Assets/Game/RawAssets/Sprite/Head/Round/yslug_39_3.png,,5891,assets_game_rawassets_sprite_head_round.bundle,ed83c7f6493927f7eb32770282eb16b5.bundle,1403845,resources\assets\yoo\Default\ed83c7f6493927f7eb32770282eb16b5.bundle,True,True,
13760,Assets/Game/RawAssets/Sprite/Head/Round/yslug_4_1.png,,5891,assets_game_rawassets_sprite_head_round.bundle,ed83c7f6493927f7eb32770282eb16b5.bundle,1403845,resources\assets\yoo\Default\ed83c7f6493927f7eb32770282eb16b5.bundle,True,True,
13761,Assets/Game/RawAssets/Sprite/Head/Round/yslug_40_1.png,,5891,assets_game_rawassets_sprite_head_round.bundle,ed83c7f6493927f7eb32770282eb16b5.bundle,1403845,resources\assets\yoo\Default\ed83c7f6493927f7eb32770282eb16b5.bundle,True,True,
13762,Assets/Game/RawAssets/Sprite/Head/Round/yslug_40_2.png,,5891,assets_game_rawassets_sprite_head_round.bundle,ed83c7f6493927f7eb32770282eb16b5.bundle,1403845,resources\assets\yoo\Default\ed83c7f6493927f7eb32770282eb16b5.bundle,True,True,
13763,Assets/Game/RawAssets/Sprite/Head/Round/yslug_40_3.png,,5891,assets_game_rawassets_sprite_head_round.bundle,ed83c7f6493927f7eb32770282eb16b5.bundle,1403845,resources\assets\yoo\Default\ed83c7f6493927f7eb32770282eb16b5.bundle,True,True,
13764,Assets/Game/RawAssets/Sprite/Head/Round/yslug_41_1.png,,5891,assets_game_rawassets_sprite_head_round.bundle,ed83c7f6493927f7eb32770282eb16b5.bundle,1403845,resources\assets\yoo\Default\ed83c7f6493927f7eb32770282eb16b5.bundle,True,True,
13765,Assets/Game/RawAssets/Sprite/Head/Round/yslug_41_2.png,,5891,assets_game_rawassets_sprite_head_round.bundle,ed83c7f6493927f7eb32770282eb16b5.bundle,1403845,resources\assets\yoo\Default\ed83c7f6493927f7eb32770282eb16b5.bundle,True,True,
13766,Assets/Game/RawAssets/Sprite/Head/Round/yslug_41_3.png,,5891,assets_game_rawassets_sprite_head_round.bundle,ed83c7f6493927f7eb32770282eb16b5.bundle,1403845,resources\assets\yoo\Default\ed83c7f6493927f7eb32770282eb16b5.bundle,True,True,
13767,Assets/Game/RawAssets/Sprite/Head/Round/yslug_42_1.png,,5891,assets_game_rawassets_sprite_head_round.bundle,ed83c7f6493927f7eb32770282eb16b5.bundle,1403845,resources\assets\yoo\Default\ed83c7f6493927f7eb32770282eb16b5.bundle,True,True,
13768,Assets/Game/RawAssets/Sprite/Head/Round/yslug_42_2.png,,5891,assets_game_rawassets_sprite_head_round.bundle,ed83c7f6493927f7eb32770282eb16b5.bundle,1403845,resources\assets\yoo\Default\ed83c7f6493927f7eb32770282eb16b5.bundle,True,True,
13769,Assets/Game/RawAssets/Sprite/Head/Round/yslug_42_3.png,,5891,assets_game_rawassets_sprite_head_round.bundle,ed83c7f6493927f7eb32770282eb16b5.bundle,1403845,resources\assets\yoo\Default\ed83c7f6493927f7eb32770282eb16b5.bundle,True,True,
13770,Assets/Game/RawAssets/Sprite/Head/Round/yslug_43_1.png,,5891,assets_game_rawassets_sprite_head_round.bundle,ed83c7f6493927f7eb32770282eb16b5.bundle,1403845,resources\assets\yoo\Default\ed83c7f6493927f7eb32770282eb16b5.bundle,True,True,
13771,Assets/Game/RawAssets/Sprite/Head/Round/yslug_43_2.png,,5891,assets_game_rawassets_sprite_head_round.bundle,ed83c7f6493927f7eb32770282eb16b5.bundle,1403845,resources\assets\yoo\Default\ed83c7f6493927f7eb32770282eb16b5.bundle,True,True,
13772,Assets/Game/RawAssets/Sprite/Head/Round/yslug_43_3.png,,5891,assets_game_rawassets_sprite_head_round.bundle,ed83c7f6493927f7eb32770282eb16b5.bundle,1403845,resources\assets\yoo\Default\ed83c7f6493927f7eb32770282eb16b5.bundle,True,True,
13773,Assets/Game/RawAssets/Sprite/Head/Round/yslug_5_1.png,,5891,assets_game_rawassets_sprite_head_round.bundle,ed83c7f6493927f7eb32770282eb16b5.bundle,1403845,resources\assets\yoo\Default\ed83c7f6493927f7eb32770282eb16b5.bundle,True,True,
13774,Assets/Game/RawAssets/Sprite/Head/Round/yslug_6_1.png,,5891,assets_game_rawassets_sprite_head_round.bundle,ed83c7f6493927f7eb32770282eb16b5.bundle,1403845,resources\assets\yoo\Default\ed83c7f6493927f7eb32770282eb16b5.bundle,True,True,
13775,Assets/Game/RawAssets/Sprite/Head/Round/yslug_7_1.png,,5891,assets_game_rawassets_sprite_head_round.bundle,ed83c7f6493927f7eb32770282eb16b5.bundle,1403845,resources\assets\yoo\Default\ed83c7f6493927f7eb32770282eb16b5.bundle,True,True,
13776,Assets/Game/RawAssets/Sprite/Head/Round/yslug_8_1.png,,5891,assets_game_rawassets_sprite_head_round.bundle,ed83c7f6493927f7eb32770282eb16b5.bundle,1403845,resources\assets\yoo\Default\ed83c7f6493927f7eb32770282eb16b5.bundle,True,True,
13777,Assets/Game/RawAssets/Sprite/Head/Round/yslug_9_1.png,,5891,assets_game_rawassets_sprite_head_round.bundle,ed83c7f6493927f7eb32770282eb16b5.bundle,1403845,resources\assets\yoo\Default\ed83c7f6493927f7eb32770282eb16b5.bundle,True,True,
13778,Assets/Game/RawAssets/Sprite/Head/Square/fboss_001.png,,5892,assets_game_rawassets_sprite_head_square.bundle,c891ba87e85bf4a5fb50f9a6b4a17ec4.bundle,1421011,resources\assets\yoo\Default\c891ba87e85bf4a5fb50f9a6b4a17ec4.bundle,True,True,
13779,Assets/Game/RawAssets/Sprite/Head/Square/fboss_002.png,,5892,assets_game_rawassets_sprite_head_square.bundle,c891ba87e85bf4a5fb50f9a6b4a17ec4.bundle,1421011,resources\assets\yoo\Default\c891ba87e85bf4a5fb50f9a6b4a17ec4.bundle,True,True,
13780,Assets/Game/RawAssets/Sprite/Head/Square/fboss_003.png,,5892,assets_game_rawassets_sprite_head_square.bundle,c891ba87e85bf4a5fb50f9a6b4a17ec4.bundle,1421011,resources\assets\yoo\Default\c891ba87e85bf4a5fb50f9a6b4a17ec4.bundle,True,True,
13781,Assets/Game/RawAssets/Sprite/Head/Square/fboss_004.png,,5892,assets_game_rawassets_sprite_head_square.bundle,c891ba87e85bf4a5fb50f9a6b4a17ec4.bundle,1421011,resources\assets\yoo\Default\c891ba87e85bf4a5fb50f9a6b4a17ec4.bundle,True,True,
13782,Assets/Game/RawAssets/Sprite/Head/Square/fboss_005.png,,5892,assets_game_rawassets_sprite_head_square.bundle,c891ba87e85bf4a5fb50f9a6b4a17ec4.bundle,1421011,resources\assets\yoo\Default\c891ba87e85bf4a5fb50f9a6b4a17ec4.bundle,True,True,
13783,Assets/Game/RawAssets/Sprite/Head/Square/fboss_006.png,,5892,assets_game_rawassets_sprite_head_square.bundle,c891ba87e85bf4a5fb50f9a6b4a17ec4.bundle,1421011,resources\assets\yoo\Default\c891ba87e85bf4a5fb50f9a6b4a17ec4.bundle,True,True,
13784,Assets/Game/RawAssets/Sprite/Head/Square/fboss_007.png,,5892,assets_game_rawassets_sprite_head_square.bundle,c891ba87e85bf4a5fb50f9a6b4a17ec4.bundle,1421011,resources\assets\yoo\Default\c891ba87e85bf4a5fb50f9a6b4a17ec4.bundle,True,True,
13785,Assets/Game/RawAssets/Sprite/Head/Square/fboss_008.png,,5892,assets_game_rawassets_sprite_head_square.bundle,c891ba87e85bf4a5fb50f9a6b4a17ec4.bundle,1421011,resources\assets\yoo\Default\c891ba87e85bf4a5fb50f9a6b4a17ec4.bundle,True,True,
13786,Assets/Game/RawAssets/Sprite/Head/Square/fboss_009.png,,5892,assets_game_rawassets_sprite_head_square.bundle,c891ba87e85bf4a5fb50f9a6b4a17ec4.bundle,1421011,resources\assets\yoo\Default\c891ba87e85bf4a5fb50f9a6b4a17ec4.bundle,True,True,
13787,Assets/Game/RawAssets/Sprite/Head/Square/fboss_010.png,,5892,assets_game_rawassets_sprite_head_square.bundle,c891ba87e85bf4a5fb50f9a6b4a17ec4.bundle,1421011,resources\assets\yoo\Default\c891ba87e85bf4a5fb50f9a6b4a17ec4.bundle,True,True,
13788,Assets/Game/RawAssets/Sprite/Head/Square/fmonster_001.png,,5892,assets_game_rawassets_sprite_head_square.bundle,c891ba87e85bf4a5fb50f9a6b4a17ec4.bundle,1421011,resources\assets\yoo\Default\c891ba87e85bf4a5fb50f9a6b4a17ec4.bundle,True,True,
13789,Assets/Game/RawAssets/Sprite/Head/Square/fmonster_002.png,,5892,assets_game_rawassets_sprite_head_square.bundle,c891ba87e85bf4a5fb50f9a6b4a17ec4.bundle,1421011,resources\assets\yoo\Default\c891ba87e85bf4a5fb50f9a6b4a17ec4.bundle,True,True,
13790,Assets/Game/RawAssets/Sprite/Head/Square/fmonster_003.png,,5892,assets_game_rawassets_sprite_head_square.bundle,c891ba87e85bf4a5fb50f9a6b4a17ec4.bundle,1421011,resources\assets\yoo\Default\c891ba87e85bf4a5fb50f9a6b4a17ec4.bundle,True,True,
13791,Assets/Game/RawAssets/Sprite/Head/Square/fmonster_004.png,,5892,assets_game_rawassets_sprite_head_square.bundle,c891ba87e85bf4a5fb50f9a6b4a17ec4.bundle,1421011,resources\assets\yoo\Default\c891ba87e85bf4a5fb50f9a6b4a17ec4.bundle,True,True,
13792,Assets/Game/RawAssets/Sprite/Head/Square/fmonster_005.png,,5892,assets_game_rawassets_sprite_head_square.bundle,c891ba87e85bf4a5fb50f9a6b4a17ec4.bundle,1421011,resources\assets\yoo\Default\c891ba87e85bf4a5fb50f9a6b4a17ec4.bundle,True,True,
13793,Assets/Game/RawAssets/Sprite/Head/Square/fmonster_006.png,,5892,assets_game_rawassets_sprite_head_square.bundle,c891ba87e85bf4a5fb50f9a6b4a17ec4.bundle,1421011,resources\assets\yoo\Default\c891ba87e85bf4a5fb50f9a6b4a17ec4.bundle,True,True,
13794,Assets/Game/RawAssets/Sprite/Head/Square/fmonster_007.png,,5892,assets_game_rawassets_sprite_head_square.bundle,c891ba87e85bf4a5fb50f9a6b4a17ec4.bundle,1421011,resources\assets\yoo\Default\c891ba87e85bf4a5fb50f9a6b4a17ec4.bundle,True,True,
13795,Assets/Game/RawAssets/Sprite/Head/Square/fmonster_008.png,,5892,assets_game_rawassets_sprite_head_square.bundle,c891ba87e85bf4a5fb50f9a6b4a17ec4.bundle,1421011,resources\assets\yoo\Default\c891ba87e85bf4a5fb50f9a6b4a17ec4.bundle,True,True,
13796,Assets/Game/RawAssets/Sprite/Head/Square/fmonster_009.png,,5892,assets_game_rawassets_sprite_head_square.bundle,c891ba87e85bf4a5fb50f9a6b4a17ec4.bundle,1421011,resources\assets\yoo\Default\c891ba87e85bf4a5fb50f9a6b4a17ec4.bundle,True,True,
13797,Assets/Game/RawAssets/Sprite/Head/Square/fmonster_010.png,,5892,assets_game_rawassets_sprite_head_square.bundle,c891ba87e85bf4a5fb50f9a6b4a17ec4.bundle,1421011,resources\assets\yoo\Default\c891ba87e85bf4a5fb50f9a6b4a17ec4.bundle,True,True,
13798,Assets/Game/RawAssets/Sprite/Head/Square/fmonster_011.png,,5892,assets_game_rawassets_sprite_head_square.bundle,c891ba87e85bf4a5fb50f9a6b4a17ec4.bundle,1421011,resources\assets\yoo\Default\c891ba87e85bf4a5fb50f9a6b4a17ec4.bundle,True,True,
13799,Assets/Game/RawAssets/Sprite/Head/Square/fmonster_012.png,,5892,assets_game_rawassets_sprite_head_square.bundle,c891ba87e85bf4a5fb50f9a6b4a17ec4.bundle,1421011,resources\assets\yoo\Default\c891ba87e85bf4a5fb50f9a6b4a17ec4.bundle,True,True,
13800,Assets/Game/RawAssets/Sprite/Head/Square/fmonster_013.png,,5892,assets_game_rawassets_sprite_head_square.bundle,c891ba87e85bf4a5fb50f9a6b4a17ec4.bundle,1421011,resources\assets\yoo\Default\c891ba87e85bf4a5fb50f9a6b4a17ec4.bundle,True,True,
13801,Assets/Game/RawAssets/Sprite/Head/Square/fmonster_014.png,,5892,assets_game_rawassets_sprite_head_square.bundle,c891ba87e85bf4a5fb50f9a6b4a17ec4.bundle,1421011,resources\assets\yoo\Default\c891ba87e85bf4a5fb50f9a6b4a17ec4.bundle,True,True,
13802,Assets/Game/RawAssets/Sprite/Head/Square/fmonster_015.png,,5892,assets_game_rawassets_sprite_head_square.bundle,c891ba87e85bf4a5fb50f9a6b4a17ec4.bundle,1421011,resources\assets\yoo\Default\c891ba87e85bf4a5fb50f9a6b4a17ec4.bundle,True,True,
13803,Assets/Game/RawAssets/Sprite/Head/Square/fmonster_016.png,,5892,assets_game_rawassets_sprite_head_square.bundle,c891ba87e85bf4a5fb50f9a6b4a17ec4.bundle,1421011,resources\assets\yoo\Default\c891ba87e85bf4a5fb50f9a6b4a17ec4.bundle,True,True,
13804,Assets/Game/RawAssets/Sprite/Head/Square/fmonster_017.png,,5892,assets_game_rawassets_sprite_head_square.bundle,c891ba87e85bf4a5fb50f9a6b4a17ec4.bundle,1421011,resources\assets\yoo\Default\c891ba87e85bf4a5fb50f9a6b4a17ec4.bundle,True,True,
13805,Assets/Game/RawAssets/Sprite/Head/Square/fpet_001.png,,5892,assets_game_rawassets_sprite_head_square.bundle,c891ba87e85bf4a5fb50f9a6b4a17ec4.bundle,1421011,resources\assets\yoo\Default\c891ba87e85bf4a5fb50f9a6b4a17ec4.bundle,True,True,
13806,Assets/Game/RawAssets/Sprite/Head/Square/fpet_002.png,,5892,assets_game_rawassets_sprite_head_square.bundle,c891ba87e85bf4a5fb50f9a6b4a17ec4.bundle,1421011,resources\assets\yoo\Default\c891ba87e85bf4a5fb50f9a6b4a17ec4.bundle,True,True,
13807,Assets/Game/RawAssets/Sprite/Head/Square/fpet_003.png,,5892,assets_game_rawassets_sprite_head_square.bundle,c891ba87e85bf4a5fb50f9a6b4a17ec4.bundle,1421011,resources\assets\yoo\Default\c891ba87e85bf4a5fb50f9a6b4a17ec4.bundle,True,True,
13808,Assets/Game/RawAssets/Sprite/Head/Square/fpet_004.png,,5892,assets_game_rawassets_sprite_head_square.bundle,c891ba87e85bf4a5fb50f9a6b4a17ec4.bundle,1421011,resources\assets\yoo\Default\c891ba87e85bf4a5fb50f9a6b4a17ec4.bundle,True,True,
13809,Assets/Game/RawAssets/Sprite/Head/Square/fpet_005.png,,5892,assets_game_rawassets_sprite_head_square.bundle,c891ba87e85bf4a5fb50f9a6b4a17ec4.bundle,1421011,resources\assets\yoo\Default\c891ba87e85bf4a5fb50f9a6b4a17ec4.bundle,True,True,
13810,Assets/Game/RawAssets/Sprite/Head/Square/fpet_006.png,,5892,assets_game_rawassets_sprite_head_square.bundle,c891ba87e85bf4a5fb50f9a6b4a17ec4.bundle,1421011,resources\assets\yoo\Default\c891ba87e85bf4a5fb50f9a6b4a17ec4.bundle,True,True,
13811,Assets/Game/RawAssets/Sprite/Head/Square/fpet_007.png,,5892,assets_game_rawassets_sprite_head_square.bundle,c891ba87e85bf4a5fb50f9a6b4a17ec4.bundle,1421011,resources\assets\yoo\Default\c891ba87e85bf4a5fb50f9a6b4a17ec4.bundle,True,True,
13812,Assets/Game/RawAssets/Sprite/Head/Square/fpet_008.png,,5892,assets_game_rawassets_sprite_head_square.bundle,c891ba87e85bf4a5fb50f9a6b4a17ec4.bundle,1421011,resources\assets\yoo\Default\c891ba87e85bf4a5fb50f9a6b4a17ec4.bundle,True,True,
13813,Assets/Game/RawAssets/Sprite/Head/Square/fpet_009.png,,5892,assets_game_rawassets_sprite_head_square.bundle,c891ba87e85bf4a5fb50f9a6b4a17ec4.bundle,1421011,resources\assets\yoo\Default\c891ba87e85bf4a5fb50f9a6b4a17ec4.bundle,True,True,
13814,Assets/Game/RawAssets/Sprite/Head/Square/fpet_010.png,,5892,assets_game_rawassets_sprite_head_square.bundle,c891ba87e85bf4a5fb50f9a6b4a17ec4.bundle,1421011,resources\assets\yoo\Default\c891ba87e85bf4a5fb50f9a6b4a17ec4.bundle,True,True,
13815,Assets/Game/RawAssets/Sprite/Head/Square/monster_001q.png,,5892,assets_game_rawassets_sprite_head_square.bundle,c891ba87e85bf4a5fb50f9a6b4a17ec4.bundle,1421011,resources\assets\yoo\Default\c891ba87e85bf4a5fb50f9a6b4a17ec4.bundle,True,True,
13816,Assets/Game/RawAssets/Sprite/Head/Square/monster_002q.png,,5892,assets_game_rawassets_sprite_head_square.bundle,c891ba87e85bf4a5fb50f9a6b4a17ec4.bundle,1421011,resources\assets\yoo\Default\c891ba87e85bf4a5fb50f9a6b4a17ec4.bundle,True,True,
13817,Assets/Game/RawAssets/Sprite/Head/Square/monster_003q.png,,5892,assets_game_rawassets_sprite_head_square.bundle,c891ba87e85bf4a5fb50f9a6b4a17ec4.bundle,1421011,resources\assets\yoo\Default\c891ba87e85bf4a5fb50f9a6b4a17ec4.bundle,True,True,
13818,Assets/Game/RawAssets/Sprite/Head/Square/monster_004q.png,,5892,assets_game_rawassets_sprite_head_square.bundle,c891ba87e85bf4a5fb50f9a6b4a17ec4.bundle,1421011,resources\assets\yoo\Default\c891ba87e85bf4a5fb50f9a6b4a17ec4.bundle,True,True,
13819,Assets/Game/RawAssets/Sprite/Head/Square/monster_005q.png,,5892,assets_game_rawassets_sprite_head_square.bundle,c891ba87e85bf4a5fb50f9a6b4a17ec4.bundle,1421011,resources\assets\yoo\Default\c891ba87e85bf4a5fb50f9a6b4a17ec4.bundle,True,True,
13820,Assets/Game/RawAssets/Sprite/Head/Square/monster_006q.png,,5892,assets_game_rawassets_sprite_head_square.bundle,c891ba87e85bf4a5fb50f9a6b4a17ec4.bundle,1421011,resources\assets\yoo\Default\c891ba87e85bf4a5fb50f9a6b4a17ec4.bundle,True,True,
13821,Assets/Game/RawAssets/Sprite/Head/Square/monster_007q.png,,5892,assets_game_rawassets_sprite_head_square.bundle,c891ba87e85bf4a5fb50f9a6b4a17ec4.bundle,1421011,resources\assets\yoo\Default\c891ba87e85bf4a5fb50f9a6b4a17ec4.bundle,True,True,
13822,Assets/Game/RawAssets/Sprite/Head/Square/monster_008q.png,,5892,assets_game_rawassets_sprite_head_square.bundle,c891ba87e85bf4a5fb50f9a6b4a17ec4.bundle,1421011,resources\assets\yoo\Default\c891ba87e85bf4a5fb50f9a6b4a17ec4.bundle,True,True,
13823,Assets/Game/RawAssets/Sprite/Head/Square/monster_009q.png,,5892,assets_game_rawassets_sprite_head_square.bundle,c891ba87e85bf4a5fb50f9a6b4a17ec4.bundle,1421011,resources\assets\yoo\Default\c891ba87e85bf4a5fb50f9a6b4a17ec4.bundle,True,True,
13824,Assets/Game/RawAssets/Sprite/Head/Square/monster_010q.png,,5892,assets_game_rawassets_sprite_head_square.bundle,c891ba87e85bf4a5fb50f9a6b4a17ec4.bundle,1421011,resources\assets\yoo\Default\c891ba87e85bf4a5fb50f9a6b4a17ec4.bundle,True,True,
13825,Assets/Game/RawAssets/Sprite/Head/Square/monster_011q.png,,5892,assets_game_rawassets_sprite_head_square.bundle,c891ba87e85bf4a5fb50f9a6b4a17ec4.bundle,1421011,resources\assets\yoo\Default\c891ba87e85bf4a5fb50f9a6b4a17ec4.bundle,True,True,
13826,Assets/Game/RawAssets/Sprite/Head/Square/monster_012q.png,,5892,assets_game_rawassets_sprite_head_square.bundle,c891ba87e85bf4a5fb50f9a6b4a17ec4.bundle,1421011,resources\assets\yoo\Default\c891ba87e85bf4a5fb50f9a6b4a17ec4.bundle,True,True,
13827,Assets/Game/RawAssets/Sprite/Head/Square/monster_013q.png,,5892,assets_game_rawassets_sprite_head_square.bundle,c891ba87e85bf4a5fb50f9a6b4a17ec4.bundle,1421011,resources\assets\yoo\Default\c891ba87e85bf4a5fb50f9a6b4a17ec4.bundle,True,True,
13828,Assets/Game/RawAssets/Sprite/Head/Square/monster_014q.png,,5892,assets_game_rawassets_sprite_head_square.bundle,c891ba87e85bf4a5fb50f9a6b4a17ec4.bundle,1421011,resources\assets\yoo\Default\c891ba87e85bf4a5fb50f9a6b4a17ec4.bundle,True,True,
13829,Assets/Game/RawAssets/Sprite/Head/Square/monster_015q.png,,5892,assets_game_rawassets_sprite_head_square.bundle,c891ba87e85bf4a5fb50f9a6b4a17ec4.bundle,1421011,resources\assets\yoo\Default\c891ba87e85bf4a5fb50f9a6b4a17ec4.bundle,True,True,
13830,Assets/Game/RawAssets/Sprite/Head/Square/Square.spriteatlas,,5892,assets_game_rawassets_sprite_head_square.bundle,c891ba87e85bf4a5fb50f9a6b4a17ec4.bundle,1421011,resources\assets\yoo\Default\c891ba87e85bf4a5fb50f9a6b4a17ec4.bundle,True,True,
13831,Assets/Game/RawAssets/Sprite/Head/Square/thero_000.png,,5892,assets_game_rawassets_sprite_head_square.bundle,c891ba87e85bf4a5fb50f9a6b4a17ec4.bundle,1421011,resources\assets\yoo\Default\c891ba87e85bf4a5fb50f9a6b4a17ec4.bundle,True,True,
13832,Assets/Game/RawAssets/Sprite/Head/Square/thero_001.png,,5892,assets_game_rawassets_sprite_head_square.bundle,c891ba87e85bf4a5fb50f9a6b4a17ec4.bundle,1421011,resources\assets\yoo\Default\c891ba87e85bf4a5fb50f9a6b4a17ec4.bundle,True,True,
13833,Assets/Game/RawAssets/Sprite/Head/Square/thero_001h.png,,5892,assets_game_rawassets_sprite_head_square.bundle,c891ba87e85bf4a5fb50f9a6b4a17ec4.bundle,1421011,resources\assets\yoo\Default\c891ba87e85bf4a5fb50f9a6b4a17ec4.bundle,True,True,
13834,Assets/Game/RawAssets/Sprite/Head/Square/thero_002.png,,5892,assets_game_rawassets_sprite_head_square.bundle,c891ba87e85bf4a5fb50f9a6b4a17ec4.bundle,1421011,resources\assets\yoo\Default\c891ba87e85bf4a5fb50f9a6b4a17ec4.bundle,True,True,
13835,Assets/Game/RawAssets/Sprite/Head/Square/thero_003.png,,5892,assets_game_rawassets_sprite_head_square.bundle,c891ba87e85bf4a5fb50f9a6b4a17ec4.bundle,1421011,resources\assets\yoo\Default\c891ba87e85bf4a5fb50f9a6b4a17ec4.bundle,True,True,
13836,Assets/Game/RawAssets/Sprite/Head/Square/thero_003_s01.png,,5892,assets_game_rawassets_sprite_head_square.bundle,c891ba87e85bf4a5fb50f9a6b4a17ec4.bundle,1421011,resources\assets\yoo\Default\c891ba87e85bf4a5fb50f9a6b4a17ec4.bundle,True,True,
13837,Assets/Game/RawAssets/Sprite/Head/Square/thero_003_s01h.png,,5892,assets_game_rawassets_sprite_head_square.bundle,c891ba87e85bf4a5fb50f9a6b4a17ec4.bundle,1421011,resources\assets\yoo\Default\c891ba87e85bf4a5fb50f9a6b4a17ec4.bundle,True,True,
13838,Assets/Game/RawAssets/Sprite/Head/Square/thero_003_s02.png,,5892,assets_game_rawassets_sprite_head_square.bundle,c891ba87e85bf4a5fb50f9a6b4a17ec4.bundle,1421011,resources\assets\yoo\Default\c891ba87e85bf4a5fb50f9a6b4a17ec4.bundle,True,True,
13839,Assets/Game/RawAssets/Sprite/Head/Square/thero_003r.png,,5892,assets_game_rawassets_sprite_head_square.bundle,c891ba87e85bf4a5fb50f9a6b4a17ec4.bundle,1421011,resources\assets\yoo\Default\c891ba87e85bf4a5fb50f9a6b4a17ec4.bundle,True,True,
13840,Assets/Game/RawAssets/Sprite/Head/Square/thero_003r_s01.png,,5892,assets_game_rawassets_sprite_head_square.bundle,c891ba87e85bf4a5fb50f9a6b4a17ec4.bundle,1421011,resources\assets\yoo\Default\c891ba87e85bf4a5fb50f9a6b4a17ec4.bundle,True,True,
13841,Assets/Game/RawAssets/Sprite/Head/Square/thero_004.png,,5892,assets_game_rawassets_sprite_head_square.bundle,c891ba87e85bf4a5fb50f9a6b4a17ec4.bundle,1421011,resources\assets\yoo\Default\c891ba87e85bf4a5fb50f9a6b4a17ec4.bundle,True,True,
13842,Assets/Game/RawAssets/Sprite/Head/Square/thero_005.png,,5892,assets_game_rawassets_sprite_head_square.bundle,c891ba87e85bf4a5fb50f9a6b4a17ec4.bundle,1421011,resources\assets\yoo\Default\c891ba87e85bf4a5fb50f9a6b4a17ec4.bundle,True,True,
13843,Assets/Game/RawAssets/Sprite/Head/Square/thero_006.png,,5892,assets_game_rawassets_sprite_head_square.bundle,c891ba87e85bf4a5fb50f9a6b4a17ec4.bundle,1421011,resources\assets\yoo\Default\c891ba87e85bf4a5fb50f9a6b4a17ec4.bundle,True,True,
13844,Assets/Game/RawAssets/Sprite/Head/Square/thero_007.png,,5892,assets_game_rawassets_sprite_head_square.bundle,c891ba87e85bf4a5fb50f9a6b4a17ec4.bundle,1421011,resources\assets\yoo\Default\c891ba87e85bf4a5fb50f9a6b4a17ec4.bundle,True,True,
13845,Assets/Game/RawAssets/Sprite/Head/Square/thero_007_s01.png,,5892,assets_game_rawassets_sprite_head_square.bundle,c891ba87e85bf4a5fb50f9a6b4a17ec4.bundle,1421011,resources\assets\yoo\Default\c891ba87e85bf4a5fb50f9a6b4a17ec4.bundle,True,True,
13846,Assets/Game/RawAssets/Sprite/Head/Square/thero_007_s01h.png,,5892,assets_game_rawassets_sprite_head_square.bundle,c891ba87e85bf4a5fb50f9a6b4a17ec4.bundle,1421011,resources\assets\yoo\Default\c891ba87e85bf4a5fb50f9a6b4a17ec4.bundle,True,True,
13847,Assets/Game/RawAssets/Sprite/Head/Square/thero_008.png,,5892,assets_game_rawassets_sprite_head_square.bundle,c891ba87e85bf4a5fb50f9a6b4a17ec4.bundle,1421011,resources\assets\yoo\Default\c891ba87e85bf4a5fb50f9a6b4a17ec4.bundle,True,True,
13848,Assets/Game/RawAssets/Sprite/Head/Square/thero_009.png,,5892,assets_game_rawassets_sprite_head_square.bundle,c891ba87e85bf4a5fb50f9a6b4a17ec4.bundle,1421011,resources\assets\yoo\Default\c891ba87e85bf4a5fb50f9a6b4a17ec4.bundle,True,True,
13849,Assets/Game/RawAssets/Sprite/Head/Square/thero_009_s01.png,,5892,assets_game_rawassets_sprite_head_square.bundle,c891ba87e85bf4a5fb50f9a6b4a17ec4.bundle,1421011,resources\assets\yoo\Default\c891ba87e85bf4a5fb50f9a6b4a17ec4.bundle,True,True,
13850,Assets/Game/RawAssets/Sprite/Head/Square/thero_009_s01h.png,,5892,assets_game_rawassets_sprite_head_square.bundle,c891ba87e85bf4a5fb50f9a6b4a17ec4.bundle,1421011,resources\assets\yoo\Default\c891ba87e85bf4a5fb50f9a6b4a17ec4.bundle,True,True,
13851,Assets/Game/RawAssets/Sprite/Head/Square/thero_010.png,,5892,assets_game_rawassets_sprite_head_square.bundle,c891ba87e85bf4a5fb50f9a6b4a17ec4.bundle,1421011,resources\assets\yoo\Default\c891ba87e85bf4a5fb50f9a6b4a17ec4.bundle,True,True,
13852,Assets/Game/RawAssets/Sprite/Head/Square/thero_010_s01.png,,5892,assets_game_rawassets_sprite_head_square.bundle,c891ba87e85bf4a5fb50f9a6b4a17ec4.bundle,1421011,resources\assets\yoo\Default\c891ba87e85bf4a5fb50f9a6b4a17ec4.bundle,True,True,
13853,Assets/Game/RawAssets/Sprite/Head/Square/thero_010_s01h.png,,5892,assets_game_rawassets_sprite_head_square.bundle,c891ba87e85bf4a5fb50f9a6b4a17ec4.bundle,1421011,resources\assets\yoo\Default\c891ba87e85bf4a5fb50f9a6b4a17ec4.bundle,True,True,
13854,Assets/Game/RawAssets/Sprite/Head/Square/thero_011.png,,5892,assets_game_rawassets_sprite_head_square.bundle,c891ba87e85bf4a5fb50f9a6b4a17ec4.bundle,1421011,resources\assets\yoo\Default\c891ba87e85bf4a5fb50f9a6b4a17ec4.bundle,True,True,
13855,Assets/Game/RawAssets/Sprite/Head/Square/thero_011h.png,,5892,assets_game_rawassets_sprite_head_square.bundle,c891ba87e85bf4a5fb50f9a6b4a17ec4.bundle,1421011,resources\assets\yoo\Default\c891ba87e85bf4a5fb50f9a6b4a17ec4.bundle,True,True,
13856,Assets/Game/RawAssets/Sprite/Head/Square/thero_012.png,,5892,assets_game_rawassets_sprite_head_square.bundle,c891ba87e85bf4a5fb50f9a6b4a17ec4.bundle,1421011,resources\assets\yoo\Default\c891ba87e85bf4a5fb50f9a6b4a17ec4.bundle,True,True,
13857,Assets/Game/RawAssets/Sprite/Head/Square/thero_012_s01.png,,5892,assets_game_rawassets_sprite_head_square.bundle,c891ba87e85bf4a5fb50f9a6b4a17ec4.bundle,1421011,resources\assets\yoo\Default\c891ba87e85bf4a5fb50f9a6b4a17ec4.bundle,True,True,
13858,Assets/Game/RawAssets/Sprite/Head/Square/thero_012_s01h.png,,5892,assets_game_rawassets_sprite_head_square.bundle,c891ba87e85bf4a5fb50f9a6b4a17ec4.bundle,1421011,resources\assets\yoo\Default\c891ba87e85bf4a5fb50f9a6b4a17ec4.bundle,True,True,
13859,Assets/Game/RawAssets/Sprite/Head/Square/thero_013.png,,5892,assets_game_rawassets_sprite_head_square.bundle,c891ba87e85bf4a5fb50f9a6b4a17ec4.bundle,1421011,resources\assets\yoo\Default\c891ba87e85bf4a5fb50f9a6b4a17ec4.bundle,True,True,
13860,Assets/Game/RawAssets/Sprite/Head/Square/thero_013_s01.png,,5892,assets_game_rawassets_sprite_head_square.bundle,c891ba87e85bf4a5fb50f9a6b4a17ec4.bundle,1421011,resources\assets\yoo\Default\c891ba87e85bf4a5fb50f9a6b4a17ec4.bundle,True,True,
13861,Assets/Game/RawAssets/Sprite/Head/Square/thero_013_s01h.png,,5892,assets_game_rawassets_sprite_head_square.bundle,c891ba87e85bf4a5fb50f9a6b4a17ec4.bundle,1421011,resources\assets\yoo\Default\c891ba87e85bf4a5fb50f9a6b4a17ec4.bundle,True,True,
13862,Assets/Game/RawAssets/Sprite/Head/Square/thero_014.png,,5892,assets_game_rawassets_sprite_head_square.bundle,c891ba87e85bf4a5fb50f9a6b4a17ec4.bundle,1421011,resources\assets\yoo\Default\c891ba87e85bf4a5fb50f9a6b4a17ec4.bundle,True,True,
13863,Assets/Game/RawAssets/Sprite/Head/Square/thero_014_s01.png,,5892,assets_game_rawassets_sprite_head_square.bundle,c891ba87e85bf4a5fb50f9a6b4a17ec4.bundle,1421011,resources\assets\yoo\Default\c891ba87e85bf4a5fb50f9a6b4a17ec4.bundle,True,True,
13864,Assets/Game/RawAssets/Sprite/Head/Square/thero_014_s01h.png,,5892,assets_game_rawassets_sprite_head_square.bundle,c891ba87e85bf4a5fb50f9a6b4a17ec4.bundle,1421011,resources\assets\yoo\Default\c891ba87e85bf4a5fb50f9a6b4a17ec4.bundle,True,True,
13865,Assets/Game/RawAssets/Sprite/Head/Square/thero_015.png,,5892,assets_game_rawassets_sprite_head_square.bundle,c891ba87e85bf4a5fb50f9a6b4a17ec4.bundle,1421011,resources\assets\yoo\Default\c891ba87e85bf4a5fb50f9a6b4a17ec4.bundle,True,True,
13866,Assets/Game/RawAssets/Sprite/Head/Square/thero_016.png,,5892,assets_game_rawassets_sprite_head_square.bundle,c891ba87e85bf4a5fb50f9a6b4a17ec4.bundle,1421011,resources\assets\yoo\Default\c891ba87e85bf4a5fb50f9a6b4a17ec4.bundle,True,True,
13867,Assets/Game/RawAssets/Sprite/Head/Square/thero_016_s01.png,,5892,assets_game_rawassets_sprite_head_square.bundle,c891ba87e85bf4a5fb50f9a6b4a17ec4.bundle,1421011,resources\assets\yoo\Default\c891ba87e85bf4a5fb50f9a6b4a17ec4.bundle,True,True,
13868,Assets/Game/RawAssets/Sprite/Head/Square/thero_016_s01h.png,,5892,assets_game_rawassets_sprite_head_square.bundle,c891ba87e85bf4a5fb50f9a6b4a17ec4.bundle,1421011,resources\assets\yoo\Default\c891ba87e85bf4a5fb50f9a6b4a17ec4.bundle,True,True,
13869,Assets/Game/RawAssets/Sprite/Head/Square/thero_017.png,,5892,assets_game_rawassets_sprite_head_square.bundle,c891ba87e85bf4a5fb50f9a6b4a17ec4.bundle,1421011,resources\assets\yoo\Default\c891ba87e85bf4a5fb50f9a6b4a17ec4.bundle,True,True,
13870,Assets/Game/RawAssets/Sprite/Head/Square/thero_018.png,,5892,assets_game_rawassets_sprite_head_square.bundle,c891ba87e85bf4a5fb50f9a6b4a17ec4.bundle,1421011,resources\assets\yoo\Default\c891ba87e85bf4a5fb50f9a6b4a17ec4.bundle,True,True,
13871,Assets/Game/RawAssets/Sprite/Head/Square/thero_018_s01.png,,5892,assets_game_rawassets_sprite_head_square.bundle,c891ba87e85bf4a5fb50f9a6b4a17ec4.bundle,1421011,resources\assets\yoo\Default\c891ba87e85bf4a5fb50f9a6b4a17ec4.bundle,True,True,
13872,Assets/Game/RawAssets/Sprite/Head/Square/thero_018_s01h.png,,5892,assets_game_rawassets_sprite_head_square.bundle,c891ba87e85bf4a5fb50f9a6b4a17ec4.bundle,1421011,resources\assets\yoo\Default\c891ba87e85bf4a5fb50f9a6b4a17ec4.bundle,True,True,
13873,Assets/Game/RawAssets/Sprite/Head/Square/thero_019.png,,5892,assets_game_rawassets_sprite_head_square.bundle,c891ba87e85bf4a5fb50f9a6b4a17ec4.bundle,1421011,resources\assets\yoo\Default\c891ba87e85bf4a5fb50f9a6b4a17ec4.bundle,True,True,
13874,Assets/Game/RawAssets/Sprite/Head/Square/thero_020.png,,5892,assets_game_rawassets_sprite_head_square.bundle,c891ba87e85bf4a5fb50f9a6b4a17ec4.bundle,1421011,resources\assets\yoo\Default\c891ba87e85bf4a5fb50f9a6b4a17ec4.bundle,True,True,
13875,Assets/Game/RawAssets/Sprite/Head/Square/thero_021.png,,5892,assets_game_rawassets_sprite_head_square.bundle,c891ba87e85bf4a5fb50f9a6b4a17ec4.bundle,1421011,resources\assets\yoo\Default\c891ba87e85bf4a5fb50f9a6b4a17ec4.bundle,True,True,
13876,Assets/Game/RawAssets/Sprite/Head/Square/thero_021_s01.png,,5892,assets_game_rawassets_sprite_head_square.bundle,c891ba87e85bf4a5fb50f9a6b4a17ec4.bundle,1421011,resources\assets\yoo\Default\c891ba87e85bf4a5fb50f9a6b4a17ec4.bundle,True,True,
13877,Assets/Game/RawAssets/Sprite/Head/Square/thero_021_s01h.png,,5892,assets_game_rawassets_sprite_head_square.bundle,c891ba87e85bf4a5fb50f9a6b4a17ec4.bundle,1421011,resources\assets\yoo\Default\c891ba87e85bf4a5fb50f9a6b4a17ec4.bundle,True,True,
13878,Assets/Game/RawAssets/Sprite/Head/Square/thero_021r.png,,5892,assets_game_rawassets_sprite_head_square.bundle,c891ba87e85bf4a5fb50f9a6b4a17ec4.bundle,1421011,resources\assets\yoo\Default\c891ba87e85bf4a5fb50f9a6b4a17ec4.bundle,True,True,
13879,Assets/Game/RawAssets/Sprite/Head/Square/thero_021r_s01.png,,5892,assets_game_rawassets_sprite_head_square.bundle,c891ba87e85bf4a5fb50f9a6b4a17ec4.bundle,1421011,resources\assets\yoo\Default\c891ba87e85bf4a5fb50f9a6b4a17ec4.bundle,True,True,
13880,Assets/Game/RawAssets/Sprite/Head/Square/thero_022.png,,5892,assets_game_rawassets_sprite_head_square.bundle,c891ba87e85bf4a5fb50f9a6b4a17ec4.bundle,1421011,resources\assets\yoo\Default\c891ba87e85bf4a5fb50f9a6b4a17ec4.bundle,True,True,
13881,Assets/Game/RawAssets/Sprite/Head/Square/thero_023.png,,5892,assets_game_rawassets_sprite_head_square.bundle,c891ba87e85bf4a5fb50f9a6b4a17ec4.bundle,1421011,resources\assets\yoo\Default\c891ba87e85bf4a5fb50f9a6b4a17ec4.bundle,True,True,
13882,Assets/Game/RawAssets/Sprite/Head/Square/thero_024.png,,5892,assets_game_rawassets_sprite_head_square.bundle,c891ba87e85bf4a5fb50f9a6b4a17ec4.bundle,1421011,resources\assets\yoo\Default\c891ba87e85bf4a5fb50f9a6b4a17ec4.bundle,True,True,
13883,Assets/Game/RawAssets/Sprite/Head/Square/thero_025.png,,5892,assets_game_rawassets_sprite_head_square.bundle,c891ba87e85bf4a5fb50f9a6b4a17ec4.bundle,1421011,resources\assets\yoo\Default\c891ba87e85bf4a5fb50f9a6b4a17ec4.bundle,True,True,
13884,Assets/Game/RawAssets/Sprite/Head/Square/thero_025h.png,,5892,assets_game_rawassets_sprite_head_square.bundle,c891ba87e85bf4a5fb50f9a6b4a17ec4.bundle,1421011,resources\assets\yoo\Default\c891ba87e85bf4a5fb50f9a6b4a17ec4.bundle,True,True,
13885,Assets/Game/RawAssets/Sprite/Head/Square/thero_026.png,,5892,assets_game_rawassets_sprite_head_square.bundle,c891ba87e85bf4a5fb50f9a6b4a17ec4.bundle,1421011,resources\assets\yoo\Default\c891ba87e85bf4a5fb50f9a6b4a17ec4.bundle,True,True,
13886,Assets/Game/RawAssets/Sprite/Head/Square/thero_026h.png,,5892,assets_game_rawassets_sprite_head_square.bundle,c891ba87e85bf4a5fb50f9a6b4a17ec4.bundle,1421011,resources\assets\yoo\Default\c891ba87e85bf4a5fb50f9a6b4a17ec4.bundle,True,True,
13887,Assets/Game/RawAssets/Sprite/Head/Square/thero_027.png,,5892,assets_game_rawassets_sprite_head_square.bundle,c891ba87e85bf4a5fb50f9a6b4a17ec4.bundle,1421011,resources\assets\yoo\Default\c891ba87e85bf4a5fb50f9a6b4a17ec4.bundle,True,True,
13888,Assets/Game/RawAssets/Sprite/Head/Square/thero_027_s01.png,,5892,assets_game_rawassets_sprite_head_square.bundle,c891ba87e85bf4a5fb50f9a6b4a17ec4.bundle,1421011,resources\assets\yoo\Default\c891ba87e85bf4a5fb50f9a6b4a17ec4.bundle,True,True,
13889,Assets/Game/RawAssets/Sprite/Head/Square/thero_027_s01h.png,,5892,assets_game_rawassets_sprite_head_square.bundle,c891ba87e85bf4a5fb50f9a6b4a17ec4.bundle,1421011,resources\assets\yoo\Default\c891ba87e85bf4a5fb50f9a6b4a17ec4.bundle,True,True,
13890,Assets/Game/RawAssets/Sprite/Head/Square/thero_028.png,,5892,assets_game_rawassets_sprite_head_square.bundle,c891ba87e85bf4a5fb50f9a6b4a17ec4.bundle,1421011,resources\assets\yoo\Default\c891ba87e85bf4a5fb50f9a6b4a17ec4.bundle,True,True,
13891,Assets/Game/RawAssets/Sprite/Head/Square/thero_029.png,,5892,assets_game_rawassets_sprite_head_square.bundle,c891ba87e85bf4a5fb50f9a6b4a17ec4.bundle,1421011,resources\assets\yoo\Default\c891ba87e85bf4a5fb50f9a6b4a17ec4.bundle,True,True,
13892,Assets/Game/RawAssets/Sprite/Head/Square/thero_030.png,,5892,assets_game_rawassets_sprite_head_square.bundle,c891ba87e85bf4a5fb50f9a6b4a17ec4.bundle,1421011,resources\assets\yoo\Default\c891ba87e85bf4a5fb50f9a6b4a17ec4.bundle,True,True,
13893,Assets/Game/RawAssets/Sprite/Head/Square/thero_031.png,,5892,assets_game_rawassets_sprite_head_square.bundle,c891ba87e85bf4a5fb50f9a6b4a17ec4.bundle,1421011,resources\assets\yoo\Default\c891ba87e85bf4a5fb50f9a6b4a17ec4.bundle,True,True,
13894,Assets/Game/RawAssets/Sprite/Head/Square/thero_032.png,,5892,assets_game_rawassets_sprite_head_square.bundle,c891ba87e85bf4a5fb50f9a6b4a17ec4.bundle,1421011,resources\assets\yoo\Default\c891ba87e85bf4a5fb50f9a6b4a17ec4.bundle,True,True,
13895,Assets/Game/RawAssets/Sprite/Head/Square/thero_033.png,,5892,assets_game_rawassets_sprite_head_square.bundle,c891ba87e85bf4a5fb50f9a6b4a17ec4.bundle,1421011,resources\assets\yoo\Default\c891ba87e85bf4a5fb50f9a6b4a17ec4.bundle,True,True,
13896,Assets/Game/RawAssets/Sprite/Head/Square/thero_034.png,,5892,assets_game_rawassets_sprite_head_square.bundle,c891ba87e85bf4a5fb50f9a6b4a17ec4.bundle,1421011,resources\assets\yoo\Default\c891ba87e85bf4a5fb50f9a6b4a17ec4.bundle,True,True,
13897,Assets/Game/RawAssets/Sprite/Head/Square/thero_035.png,,5892,assets_game_rawassets_sprite_head_square.bundle,c891ba87e85bf4a5fb50f9a6b4a17ec4.bundle,1421011,resources\assets\yoo\Default\c891ba87e85bf4a5fb50f9a6b4a17ec4.bundle,True,True,
13898,Assets/Game/RawAssets/Sprite/Head/Square/thero_036.png,,5892,assets_game_rawassets_sprite_head_square.bundle,c891ba87e85bf4a5fb50f9a6b4a17ec4.bundle,1421011,resources\assets\yoo\Default\c891ba87e85bf4a5fb50f9a6b4a17ec4.bundle,True,True,
13899,Assets/Game/RawAssets/Sprite/Head/Square/thero_036h.png,,5892,assets_game_rawassets_sprite_head_square.bundle,c891ba87e85bf4a5fb50f9a6b4a17ec4.bundle,1421011,resources\assets\yoo\Default\c891ba87e85bf4a5fb50f9a6b4a17ec4.bundle,True,True,
13900,Assets/Game/RawAssets/Sprite/Head/Square/thero_037.png,,5892,assets_game_rawassets_sprite_head_square.bundle,c891ba87e85bf4a5fb50f9a6b4a17ec4.bundle,1421011,resources\assets\yoo\Default\c891ba87e85bf4a5fb50f9a6b4a17ec4.bundle,True,True,
13901,Assets/Game/RawAssets/Sprite/Head/Square/thero_037_s01.png,,5892,assets_game_rawassets_sprite_head_square.bundle,c891ba87e85bf4a5fb50f9a6b4a17ec4.bundle,1421011,resources\assets\yoo\Default\c891ba87e85bf4a5fb50f9a6b4a17ec4.bundle,True,True,
13902,Assets/Game/RawAssets/Sprite/Head/Square/thero_037_s01h.png,,5892,assets_game_rawassets_sprite_head_square.bundle,c891ba87e85bf4a5fb50f9a6b4a17ec4.bundle,1421011,resources\assets\yoo\Default\c891ba87e85bf4a5fb50f9a6b4a17ec4.bundle,True,True,
13903,Assets/Game/RawAssets/Sprite/Head/Square/thero_037h.png,,5892,assets_game_rawassets_sprite_head_square.bundle,c891ba87e85bf4a5fb50f9a6b4a17ec4.bundle,1421011,resources\assets\yoo\Default\c891ba87e85bf4a5fb50f9a6b4a17ec4.bundle,True,True,
13904,Assets/Game/RawAssets/Sprite/Head/Square/thero_037r.png,,5892,assets_game_rawassets_sprite_head_square.bundle,c891ba87e85bf4a5fb50f9a6b4a17ec4.bundle,1421011,resources\assets\yoo\Default\c891ba87e85bf4a5fb50f9a6b4a17ec4.bundle,True,True,
13905,Assets/Game/RawAssets/Sprite/Head/Square/thero_037r_s01.png,,5892,assets_game_rawassets_sprite_head_square.bundle,c891ba87e85bf4a5fb50f9a6b4a17ec4.bundle,1421011,resources\assets\yoo\Default\c891ba87e85bf4a5fb50f9a6b4a17ec4.bundle,True,True,
13906,Assets/Game/RawAssets/Sprite/Head/Square/thero_038.png,,5892,assets_game_rawassets_sprite_head_square.bundle,c891ba87e85bf4a5fb50f9a6b4a17ec4.bundle,1421011,resources\assets\yoo\Default\c891ba87e85bf4a5fb50f9a6b4a17ec4.bundle,True,True,
13907,Assets/Game/RawAssets/Sprite/Head/Square/thero_039.png,,5892,assets_game_rawassets_sprite_head_square.bundle,c891ba87e85bf4a5fb50f9a6b4a17ec4.bundle,1421011,resources\assets\yoo\Default\c891ba87e85bf4a5fb50f9a6b4a17ec4.bundle,True,True,
13908,Assets/Game/RawAssets/Sprite/Head/Square/thero_040.png,,5892,assets_game_rawassets_sprite_head_square.bundle,c891ba87e85bf4a5fb50f9a6b4a17ec4.bundle,1421011,resources\assets\yoo\Default\c891ba87e85bf4a5fb50f9a6b4a17ec4.bundle,True,True,
13909,Assets/Game/RawAssets/Sprite/Head/Square/thero_040h.png,,5892,assets_game_rawassets_sprite_head_square.bundle,c891ba87e85bf4a5fb50f9a6b4a17ec4.bundle,1421011,resources\assets\yoo\Default\c891ba87e85bf4a5fb50f9a6b4a17ec4.bundle,True,True,
13910,Assets/Game/RawAssets/Sprite/Head/Square/thero_041.png,,5892,assets_game_rawassets_sprite_head_square.bundle,c891ba87e85bf4a5fb50f9a6b4a17ec4.bundle,1421011,resources\assets\yoo\Default\c891ba87e85bf4a5fb50f9a6b4a17ec4.bundle,True,True,
13911,Assets/Game/RawAssets/Sprite/Head/Square/thero_042.png,,5892,assets_game_rawassets_sprite_head_square.bundle,c891ba87e85bf4a5fb50f9a6b4a17ec4.bundle,1421011,resources\assets\yoo\Default\c891ba87e85bf4a5fb50f9a6b4a17ec4.bundle,True,True,
13912,Assets/Game/RawAssets/Sprite/Head/Square/thero_043.png,,5892,assets_game_rawassets_sprite_head_square.bundle,c891ba87e85bf4a5fb50f9a6b4a17ec4.bundle,1421011,resources\assets\yoo\Default\c891ba87e85bf4a5fb50f9a6b4a17ec4.bundle,True,True,
13913,Assets/Game/RawAssets/Sprite/Head/Square/thero_044.png,,5892,assets_game_rawassets_sprite_head_square.bundle,c891ba87e85bf4a5fb50f9a6b4a17ec4.bundle,1421011,resources\assets\yoo\Default\c891ba87e85bf4a5fb50f9a6b4a17ec4.bundle,True,True,
13914,Assets/Game/RawAssets/Sprite/Head/Square/thero_045.png,,5892,assets_game_rawassets_sprite_head_square.bundle,c891ba87e85bf4a5fb50f9a6b4a17ec4.bundle,1421011,resources\assets\yoo\Default\c891ba87e85bf4a5fb50f9a6b4a17ec4.bundle,True,True,
13915,Assets/Game/RawAssets/Sprite/Head/Square/thero_046.png,,5892,assets_game_rawassets_sprite_head_square.bundle,c891ba87e85bf4a5fb50f9a6b4a17ec4.bundle,1421011,resources\assets\yoo\Default\c891ba87e85bf4a5fb50f9a6b4a17ec4.bundle,True,True,
13916,Assets/Game/RawAssets/Sprite/Head/Square/thero_046_s01.png,,5892,assets_game_rawassets_sprite_head_square.bundle,c891ba87e85bf4a5fb50f9a6b4a17ec4.bundle,1421011,resources\assets\yoo\Default\c891ba87e85bf4a5fb50f9a6b4a17ec4.bundle,True,True,
13917,Assets/Game/RawAssets/Sprite/Head/Square/thero_046_s01h.png,,5892,assets_game_rawassets_sprite_head_square.bundle,c891ba87e85bf4a5fb50f9a6b4a17ec4.bundle,1421011,resources\assets\yoo\Default\c891ba87e85bf4a5fb50f9a6b4a17ec4.bundle,True,True,
13918,Assets/Game/RawAssets/Sprite/Head/Square/thero_047.png,,5892,assets_game_rawassets_sprite_head_square.bundle,c891ba87e85bf4a5fb50f9a6b4a17ec4.bundle,1421011,resources\assets\yoo\Default\c891ba87e85bf4a5fb50f9a6b4a17ec4.bundle,True,True,
13919,Assets/Game/RawAssets/Sprite/Head/Square/thero_049.png,,5892,assets_game_rawassets_sprite_head_square.bundle,c891ba87e85bf4a5fb50f9a6b4a17ec4.bundle,1421011,resources\assets\yoo\Default\c891ba87e85bf4a5fb50f9a6b4a17ec4.bundle,True,True,
13920,Assets/Game/RawAssets/Sprite/Head/Square/thero_050.png,,5892,assets_game_rawassets_sprite_head_square.bundle,c891ba87e85bf4a5fb50f9a6b4a17ec4.bundle,1421011,resources\assets\yoo\Default\c891ba87e85bf4a5fb50f9a6b4a17ec4.bundle,True,True,
13921,Assets/Game/RawAssets/Sprite/Head/Square/thero_050_s01.png,,5892,assets_game_rawassets_sprite_head_square.bundle,c891ba87e85bf4a5fb50f9a6b4a17ec4.bundle,1421011,resources\assets\yoo\Default\c891ba87e85bf4a5fb50f9a6b4a17ec4.bundle,True,True,
13922,Assets/Game/RawAssets/Sprite/Head/Square/thero_050_s01h.png,,5892,assets_game_rawassets_sprite_head_square.bundle,c891ba87e85bf4a5fb50f9a6b4a17ec4.bundle,1421011,resources\assets\yoo\Default\c891ba87e85bf4a5fb50f9a6b4a17ec4.bundle,True,True,
13923,Assets/Game/RawAssets/Sprite/Head/Square/thero_050_s02.png,,5892,assets_game_rawassets_sprite_head_square.bundle,c891ba87e85bf4a5fb50f9a6b4a17ec4.bundle,1421011,resources\assets\yoo\Default\c891ba87e85bf4a5fb50f9a6b4a17ec4.bundle,True,True,
13924,Assets/Game/RawAssets/Sprite/Head/Square/thero_050r.png,,5892,assets_game_rawassets_sprite_head_square.bundle,c891ba87e85bf4a5fb50f9a6b4a17ec4.bundle,1421011,resources\assets\yoo\Default\c891ba87e85bf4a5fb50f9a6b4a17ec4.bundle,True,True,
13925,Assets/Game/RawAssets/Sprite/Head/Square/thero_050r_s01.png,,5892,assets_game_rawassets_sprite_head_square.bundle,c891ba87e85bf4a5fb50f9a6b4a17ec4.bundle,1421011,resources\assets\yoo\Default\c891ba87e85bf4a5fb50f9a6b4a17ec4.bundle,True,True,
13926,Assets/Game/RawAssets/Sprite/Head/Square/thero_051.png,,5892,assets_game_rawassets_sprite_head_square.bundle,c891ba87e85bf4a5fb50f9a6b4a17ec4.bundle,1421011,resources\assets\yoo\Default\c891ba87e85bf4a5fb50f9a6b4a17ec4.bundle,True,True,
13927,Assets/Game/RawAssets/Sprite/Head/Square/thero_051_s01.png,,5892,assets_game_rawassets_sprite_head_square.bundle,c891ba87e85bf4a5fb50f9a6b4a17ec4.bundle,1421011,resources\assets\yoo\Default\c891ba87e85bf4a5fb50f9a6b4a17ec4.bundle,True,True,
13928,Assets/Game/RawAssets/Sprite/Head/Square/thero_051_s01h.png,,5892,assets_game_rawassets_sprite_head_square.bundle,c891ba87e85bf4a5fb50f9a6b4a17ec4.bundle,1421011,resources\assets\yoo\Default\c891ba87e85bf4a5fb50f9a6b4a17ec4.bundle,True,True,
13929,Assets/Game/RawAssets/Sprite/Head/Square/thero_051_s02.png,,5892,assets_game_rawassets_sprite_head_square.bundle,c891ba87e85bf4a5fb50f9a6b4a17ec4.bundle,1421011,resources\assets\yoo\Default\c891ba87e85bf4a5fb50f9a6b4a17ec4.bundle,True,True,
13930,Assets/Game/RawAssets/Sprite/Head/Square/thero_051r.png,,5892,assets_game_rawassets_sprite_head_square.bundle,c891ba87e85bf4a5fb50f9a6b4a17ec4.bundle,1421011,resources\assets\yoo\Default\c891ba87e85bf4a5fb50f9a6b4a17ec4.bundle,True,True,
13931,Assets/Game/RawAssets/Sprite/Head/Square/thero_051r_s01.png,,5892,assets_game_rawassets_sprite_head_square.bundle,c891ba87e85bf4a5fb50f9a6b4a17ec4.bundle,1421011,resources\assets\yoo\Default\c891ba87e85bf4a5fb50f9a6b4a17ec4.bundle,True,True,
13932,Assets/Game/RawAssets/Sprite/Head/Square/thero_052.png,,5892,assets_game_rawassets_sprite_head_square.bundle,c891ba87e85bf4a5fb50f9a6b4a17ec4.bundle,1421011,resources\assets\yoo\Default\c891ba87e85bf4a5fb50f9a6b4a17ec4.bundle,True,True,
13933,Assets/Game/RawAssets/Sprite/Head/Square/thero_052_s01.png,,5892,assets_game_rawassets_sprite_head_square.bundle,c891ba87e85bf4a5fb50f9a6b4a17ec4.bundle,1421011,resources\assets\yoo\Default\c891ba87e85bf4a5fb50f9a6b4a17ec4.bundle,True,True,
13934,Assets/Game/RawAssets/Sprite/Head/Square/thero_052_s01h.png,,5892,assets_game_rawassets_sprite_head_square.bundle,c891ba87e85bf4a5fb50f9a6b4a17ec4.bundle,1421011,resources\assets\yoo\Default\c891ba87e85bf4a5fb50f9a6b4a17ec4.bundle,True,True,
13935,Assets/Game/RawAssets/Sprite/Head/Square/thero_052_s02.png,,5892,assets_game_rawassets_sprite_head_square.bundle,c891ba87e85bf4a5fb50f9a6b4a17ec4.bundle,1421011,resources\assets\yoo\Default\c891ba87e85bf4a5fb50f9a6b4a17ec4.bundle,True,True,
13936,Assets/Game/RawAssets/Sprite/Head/Square/thero_052r.png,,5892,assets_game_rawassets_sprite_head_square.bundle,c891ba87e85bf4a5fb50f9a6b4a17ec4.bundle,1421011,resources\assets\yoo\Default\c891ba87e85bf4a5fb50f9a6b4a17ec4.bundle,True,True,
13937,Assets/Game/RawAssets/Sprite/Head/Square/thero_052r_s01.png,,5892,assets_game_rawassets_sprite_head_square.bundle,c891ba87e85bf4a5fb50f9a6b4a17ec4.bundle,1421011,resources\assets\yoo\Default\c891ba87e85bf4a5fb50f9a6b4a17ec4.bundle,True,True,
13938,Assets/Game/RawAssets/Sprite/Head/Square/thero_053.png,,5892,assets_game_rawassets_sprite_head_square.bundle,c891ba87e85bf4a5fb50f9a6b4a17ec4.bundle,1421011,resources\assets\yoo\Default\c891ba87e85bf4a5fb50f9a6b4a17ec4.bundle,True,True,
13939,Assets/Game/RawAssets/Sprite/Head/Square/thero_053_s01.png,,5892,assets_game_rawassets_sprite_head_square.bundle,c891ba87e85bf4a5fb50f9a6b4a17ec4.bundle,1421011,resources\assets\yoo\Default\c891ba87e85bf4a5fb50f9a6b4a17ec4.bundle,True,True,
13940,Assets/Game/RawAssets/Sprite/Head/Square/thero_053_s01h.png,,5892,assets_game_rawassets_sprite_head_square.bundle,c891ba87e85bf4a5fb50f9a6b4a17ec4.bundle,1421011,resources\assets\yoo\Default\c891ba87e85bf4a5fb50f9a6b4a17ec4.bundle,True,True,
13941,Assets/Game/RawAssets/Sprite/Head/Square/thero_053_s02.png,,5892,assets_game_rawassets_sprite_head_square.bundle,c891ba87e85bf4a5fb50f9a6b4a17ec4.bundle,1421011,resources\assets\yoo\Default\c891ba87e85bf4a5fb50f9a6b4a17ec4.bundle,True,True,
13942,Assets/Game/RawAssets/Sprite/Head/Square/thero_053r.png,,5892,assets_game_rawassets_sprite_head_square.bundle,c891ba87e85bf4a5fb50f9a6b4a17ec4.bundle,1421011,resources\assets\yoo\Default\c891ba87e85bf4a5fb50f9a6b4a17ec4.bundle,True,True,
13943,Assets/Game/RawAssets/Sprite/Head/Square/thero_053r_s01.png,,5892,assets_game_rawassets_sprite_head_square.bundle,c891ba87e85bf4a5fb50f9a6b4a17ec4.bundle,1421011,resources\assets\yoo\Default\c891ba87e85bf4a5fb50f9a6b4a17ec4.bundle,True,True,
13944,Assets/Game/RawAssets/Sprite/Head/Square/thero_054.png,,5892,assets_game_rawassets_sprite_head_square.bundle,c891ba87e85bf4a5fb50f9a6b4a17ec4.bundle,1421011,resources\assets\yoo\Default\c891ba87e85bf4a5fb50f9a6b4a17ec4.bundle,True,True,
13945,Assets/Game/RawAssets/Sprite/Head/Square/thero_054_s01.png,,5892,assets_game_rawassets_sprite_head_square.bundle,c891ba87e85bf4a5fb50f9a6b4a17ec4.bundle,1421011,resources\assets\yoo\Default\c891ba87e85bf4a5fb50f9a6b4a17ec4.bundle,True,True,
13946,Assets/Game/RawAssets/Sprite/Head/Square/thero_054_s01h.png,,5892,assets_game_rawassets_sprite_head_square.bundle,c891ba87e85bf4a5fb50f9a6b4a17ec4.bundle,1421011,resources\assets\yoo\Default\c891ba87e85bf4a5fb50f9a6b4a17ec4.bundle,True,True,
13947,Assets/Game/RawAssets/Sprite/Head/Square/thero_054h.png,,5892,assets_game_rawassets_sprite_head_square.bundle,c891ba87e85bf4a5fb50f9a6b4a17ec4.bundle,1421011,resources\assets\yoo\Default\c891ba87e85bf4a5fb50f9a6b4a17ec4.bundle,True,True,
13948,Assets/Game/RawAssets/Sprite/Head/Square/thero_055.png,,5892,assets_game_rawassets_sprite_head_square.bundle,c891ba87e85bf4a5fb50f9a6b4a17ec4.bundle,1421011,resources\assets\yoo\Default\c891ba87e85bf4a5fb50f9a6b4a17ec4.bundle,True,True,
13949,Assets/Game/RawAssets/Sprite/Head/Square/thero_056.png,,5892,assets_game_rawassets_sprite_head_square.bundle,c891ba87e85bf4a5fb50f9a6b4a17ec4.bundle,1421011,resources\assets\yoo\Default\c891ba87e85bf4a5fb50f9a6b4a17ec4.bundle,True,True,
13950,Assets/Game/RawAssets/Sprite/Head/Square/thero_056_s01.png,,5892,assets_game_rawassets_sprite_head_square.bundle,c891ba87e85bf4a5fb50f9a6b4a17ec4.bundle,1421011,resources\assets\yoo\Default\c891ba87e85bf4a5fb50f9a6b4a17ec4.bundle,True,True,
13951,Assets/Game/RawAssets/Sprite/Head/Square/thero_056_s01h.png,,5892,assets_game_rawassets_sprite_head_square.bundle,c891ba87e85bf4a5fb50f9a6b4a17ec4.bundle,1421011,resources\assets\yoo\Default\c891ba87e85bf4a5fb50f9a6b4a17ec4.bundle,True,True,
13952,Assets/Game/RawAssets/Sprite/Head/Square/thero_057.png,,5892,assets_game_rawassets_sprite_head_square.bundle,c891ba87e85bf4a5fb50f9a6b4a17ec4.bundle,1421011,resources\assets\yoo\Default\c891ba87e85bf4a5fb50f9a6b4a17ec4.bundle,True,True,
13953,Assets/Game/RawAssets/Sprite/Head/Square/thero_058.png,,5892,assets_game_rawassets_sprite_head_square.bundle,c891ba87e85bf4a5fb50f9a6b4a17ec4.bundle,1421011,resources\assets\yoo\Default\c891ba87e85bf4a5fb50f9a6b4a17ec4.bundle,True,True,
13954,Assets/Game/RawAssets/Sprite/Head/Square/thero_058h.png,,5892,assets_game_rawassets_sprite_head_square.bundle,c891ba87e85bf4a5fb50f9a6b4a17ec4.bundle,1421011,resources\assets\yoo\Default\c891ba87e85bf4a5fb50f9a6b4a17ec4.bundle,True,True,
13955,Assets/Game/RawAssets/Sprite/Head/Square/thero_059.png,,5892,assets_game_rawassets_sprite_head_square.bundle,c891ba87e85bf4a5fb50f9a6b4a17ec4.bundle,1421011,resources\assets\yoo\Default\c891ba87e85bf4a5fb50f9a6b4a17ec4.bundle,True,True,
13956,Assets/Game/RawAssets/Sprite/Head/Square/thero_060.png,,5892,assets_game_rawassets_sprite_head_square.bundle,c891ba87e85bf4a5fb50f9a6b4a17ec4.bundle,1421011,resources\assets\yoo\Default\c891ba87e85bf4a5fb50f9a6b4a17ec4.bundle,True,True,
13957,Assets/Game/RawAssets/Sprite/Head/Square/thero_061.png,,5892,assets_game_rawassets_sprite_head_square.bundle,c891ba87e85bf4a5fb50f9a6b4a17ec4.bundle,1421011,resources\assets\yoo\Default\c891ba87e85bf4a5fb50f9a6b4a17ec4.bundle,True,True,
13958,Assets/Game/RawAssets/Sprite/Head/Square/thero_061_s01.png,,5892,assets_game_rawassets_sprite_head_square.bundle,c891ba87e85bf4a5fb50f9a6b4a17ec4.bundle,1421011,resources\assets\yoo\Default\c891ba87e85bf4a5fb50f9a6b4a17ec4.bundle,True,True,
13959,Assets/Game/RawAssets/Sprite/Head/Square/thero_061_s01h.png,,5892,assets_game_rawassets_sprite_head_square.bundle,c891ba87e85bf4a5fb50f9a6b4a17ec4.bundle,1421011,resources\assets\yoo\Default\c891ba87e85bf4a5fb50f9a6b4a17ec4.bundle,True,True,
13960,Assets/Game/RawAssets/Sprite/Head/Square/thero_062.png,,5892,assets_game_rawassets_sprite_head_square.bundle,c891ba87e85bf4a5fb50f9a6b4a17ec4.bundle,1421011,resources\assets\yoo\Default\c891ba87e85bf4a5fb50f9a6b4a17ec4.bundle,True,True,
13961,Assets/Game/RawAssets/Sprite/Head/Square/thero_062_s01.png,,5892,assets_game_rawassets_sprite_head_square.bundle,c891ba87e85bf4a5fb50f9a6b4a17ec4.bundle,1421011,resources\assets\yoo\Default\c891ba87e85bf4a5fb50f9a6b4a17ec4.bundle,True,True,
13962,Assets/Game/RawAssets/Sprite/Head/Square/thero_062_s01h.png,,5892,assets_game_rawassets_sprite_head_square.bundle,c891ba87e85bf4a5fb50f9a6b4a17ec4.bundle,1421011,resources\assets\yoo\Default\c891ba87e85bf4a5fb50f9a6b4a17ec4.bundle,True,True,
13963,Assets/Game/RawAssets/Sprite/Head/Square/thero_062h.png,,5892,assets_game_rawassets_sprite_head_square.bundle,c891ba87e85bf4a5fb50f9a6b4a17ec4.bundle,1421011,resources\assets\yoo\Default\c891ba87e85bf4a5fb50f9a6b4a17ec4.bundle,True,True,
13964,Assets/Game/RawAssets/Sprite/Head/Square/thero_064.png,,5892,assets_game_rawassets_sprite_head_square.bundle,c891ba87e85bf4a5fb50f9a6b4a17ec4.bundle,1421011,resources\assets\yoo\Default\c891ba87e85bf4a5fb50f9a6b4a17ec4.bundle,True,True,
13965,Assets/Game/RawAssets/Sprite/Head/Square/thero_064_s01.png,,5892,assets_game_rawassets_sprite_head_square.bundle,c891ba87e85bf4a5fb50f9a6b4a17ec4.bundle,1421011,resources\assets\yoo\Default\c891ba87e85bf4a5fb50f9a6b4a17ec4.bundle,True,True,
13966,Assets/Game/RawAssets/Sprite/Head/Square/thero_064_s01h.png,,5892,assets_game_rawassets_sprite_head_square.bundle,c891ba87e85bf4a5fb50f9a6b4a17ec4.bundle,1421011,resources\assets\yoo\Default\c891ba87e85bf4a5fb50f9a6b4a17ec4.bundle,True,True,
13967,Assets/Game/RawAssets/Sprite/Head/Square/thero_065.png,,5892,assets_game_rawassets_sprite_head_square.bundle,c891ba87e85bf4a5fb50f9a6b4a17ec4.bundle,1421011,resources\assets\yoo\Default\c891ba87e85bf4a5fb50f9a6b4a17ec4.bundle,True,True,
13968,Assets/Game/RawAssets/Sprite/Head/Square/thero_065_s01.png,,5892,assets_game_rawassets_sprite_head_square.bundle,c891ba87e85bf4a5fb50f9a6b4a17ec4.bundle,1421011,resources\assets\yoo\Default\c891ba87e85bf4a5fb50f9a6b4a17ec4.bundle,True,True,
13969,Assets/Game/RawAssets/Sprite/Head/Square/thero_065_s01h.png,,5892,assets_game_rawassets_sprite_head_square.bundle,c891ba87e85bf4a5fb50f9a6b4a17ec4.bundle,1421011,resources\assets\yoo\Default\c891ba87e85bf4a5fb50f9a6b4a17ec4.bundle,True,True,
13970,Assets/Game/RawAssets/Sprite/Head/Square/thero_066.png,,5892,assets_game_rawassets_sprite_head_square.bundle,c891ba87e85bf4a5fb50f9a6b4a17ec4.bundle,1421011,resources\assets\yoo\Default\c891ba87e85bf4a5fb50f9a6b4a17ec4.bundle,True,True,
13971,Assets/Game/RawAssets/Sprite/Head/Square/thero_066h.png,,5892,assets_game_rawassets_sprite_head_square.bundle,c891ba87e85bf4a5fb50f9a6b4a17ec4.bundle,1421011,resources\assets\yoo\Default\c891ba87e85bf4a5fb50f9a6b4a17ec4.bundle,True,True,
13996,Assets/Game/RawAssets/Sprite/Hero/Cultivate/Cultivate.spriteatlas,,5902,assets_game_rawassets_sprite_hero_cultivate.bundle,1b1c1c8ae975905d020572b444a62209.bundle,360562,resources\assets\yoo\Default\1b1c1c8ae975905d020572b444a62209.bundle,True,True,
13998,Assets/Game/RawAssets/Sprite/Hero/Cultivate/hero_btn_08.png,,5902,assets_game_rawassets_sprite_hero_cultivate.bundle,1b1c1c8ae975905d020572b444a62209.bundle,360562,resources\assets\yoo\Default\1b1c1c8ae975905d020572b444a62209.bundle,True,True,
13999,Assets/Game/RawAssets/Sprite/Hero/Cultivate/hero_btn_09.png,,5902,assets_game_rawassets_sprite_hero_cultivate.bundle,1b1c1c8ae975905d020572b444a62209.bundle,360562,resources\assets\yoo\Default\1b1c1c8ae975905d020572b444a62209.bundle,True,True,
14000,Assets/Game/RawAssets/Sprite/Hero/Cultivate/hero_btn_10.png,,5902,assets_game_rawassets_sprite_hero_cultivate.bundle,1b1c1c8ae975905d020572b444a62209.bundle,360562,resources\assets\yoo\Default\1b1c1c8ae975905d020572b444a62209.bundle,True,True,
14001,Assets/Game/RawAssets/Sprite/Hero/Cultivate/hero_btn_11.png,,5902,assets_game_rawassets_sprite_hero_cultivate.bundle,1b1c1c8ae975905d020572b444a62209.bundle,360562,resources\assets\yoo\Default\1b1c1c8ae975905d020572b444a62209.bundle,True,True,
14002,Assets/Game/RawAssets/Sprite/Hero/Cultivate/hero_btn_12.png,,5902,assets_game_rawassets_sprite_hero_cultivate.bundle,1b1c1c8ae975905d020572b444a62209.bundle,360562,resources\assets\yoo\Default\1b1c1c8ae975905d020572b444a62209.bundle,True,True,
14003,Assets/Game/RawAssets/Sprite/Hero/Cultivate/hero_btn_13.png,,5902,assets_game_rawassets_sprite_hero_cultivate.bundle,1b1c1c8ae975905d020572b444a62209.bundle,360562,resources\assets\yoo\Default\1b1c1c8ae975905d020572b444a62209.bundle,True,True,
14004,Assets/Game/RawAssets/Sprite/Hero/Cultivate/hero_img_100.png,,5902,assets_game_rawassets_sprite_hero_cultivate.bundle,1b1c1c8ae975905d020572b444a62209.bundle,360562,resources\assets\yoo\Default\1b1c1c8ae975905d020572b444a62209.bundle,True,True,
14007,Assets/Game/RawAssets/Sprite/Hero/Cultivate/hero_img_120.png,,5902,assets_game_rawassets_sprite_hero_cultivate.bundle,1b1c1c8ae975905d020572b444a62209.bundle,360562,resources\assets\yoo\Default\1b1c1c8ae975905d020572b444a62209.bundle,True,True,
14008,Assets/Game/RawAssets/Sprite/Hero/Cultivate/hero_img_206.png,,5902,assets_game_rawassets_sprite_hero_cultivate.bundle,1b1c1c8ae975905d020572b444a62209.bundle,360562,resources\assets\yoo\Default\1b1c1c8ae975905d020572b444a62209.bundle,True,True,
14009,Assets/Game/RawAssets/Sprite/Hero/Cultivate/hero_img_207.png,,5902,assets_game_rawassets_sprite_hero_cultivate.bundle,1b1c1c8ae975905d020572b444a62209.bundle,360562,resources\assets\yoo\Default\1b1c1c8ae975905d020572b444a62209.bundle,True,True,
14010,Assets/Game/RawAssets/Sprite/Hero/Cultivate/hero_img_208.png,,5902,assets_game_rawassets_sprite_hero_cultivate.bundle,1b1c1c8ae975905d020572b444a62209.bundle,360562,resources\assets\yoo\Default\1b1c1c8ae975905d020572b444a62209.bundle,True,True,
14011,Assets/Game/RawAssets/Sprite/Hero/Cultivate/hero_img_209.png,,5902,assets_game_rawassets_sprite_hero_cultivate.bundle,1b1c1c8ae975905d020572b444a62209.bundle,360562,resources\assets\yoo\Default\1b1c1c8ae975905d020572b444a62209.bundle,True,True,
14012,Assets/Game/RawAssets/Sprite/Hero/Cultivate/hero_img_210.png,,5902,assets_game_rawassets_sprite_hero_cultivate.bundle,1b1c1c8ae975905d020572b444a62209.bundle,360562,resources\assets\yoo\Default\1b1c1c8ae975905d020572b444a62209.bundle,True,True,
14013,Assets/Game/RawAssets/Sprite/Hero/Cultivate/hero_img_211.png,,5902,assets_game_rawassets_sprite_hero_cultivate.bundle,1b1c1c8ae975905d020572b444a62209.bundle,360562,resources\assets\yoo\Default\1b1c1c8ae975905d020572b444a62209.bundle,True,True,
14014,Assets/Game/RawAssets/Sprite/Hero/Cultivate/hero_img_212.png,,5902,assets_game_rawassets_sprite_hero_cultivate.bundle,1b1c1c8ae975905d020572b444a62209.bundle,360562,resources\assets\yoo\Default\1b1c1c8ae975905d020572b444a62209.bundle,True,True,
14015,Assets/Game/RawAssets/Sprite/Hero/Cultivate/hero_img_213.png,,5902,assets_game_rawassets_sprite_hero_cultivate.bundle,1b1c1c8ae975905d020572b444a62209.bundle,360562,resources\assets\yoo\Default\1b1c1c8ae975905d020572b444a62209.bundle,True,True,
14016,Assets/Game/RawAssets/Sprite/Hero/Cultivate/hero_img_214.png,,5902,assets_game_rawassets_sprite_hero_cultivate.bundle,1b1c1c8ae975905d020572b444a62209.bundle,360562,resources\assets\yoo\Default\1b1c1c8ae975905d020572b444a62209.bundle,True,True,
14017,Assets/Game/RawAssets/Sprite/Hero/Cultivate/hero_img_215.png,,5902,assets_game_rawassets_sprite_hero_cultivate.bundle,1b1c1c8ae975905d020572b444a62209.bundle,360562,resources\assets\yoo\Default\1b1c1c8ae975905d020572b444a62209.bundle,True,True,
14018,Assets/Game/RawAssets/Sprite/Hero/Cultivate/hero_img_80.png,,5902,assets_game_rawassets_sprite_hero_cultivate.bundle,1b1c1c8ae975905d020572b444a62209.bundle,360562,resources\assets\yoo\Default\1b1c1c8ae975905d020572b444a62209.bundle,True,True,
14019,Assets/Game/RawAssets/Sprite/Hero/Cultivate/hero_img_81.png,,5902,assets_game_rawassets_sprite_hero_cultivate.bundle,1b1c1c8ae975905d020572b444a62209.bundle,360562,resources\assets\yoo\Default\1b1c1c8ae975905d020572b444a62209.bundle,True,True,
14020,Assets/Game/RawAssets/Sprite/Hero/Cultivate/hero_img_82.png,,5902,assets_game_rawassets_sprite_hero_cultivate.bundle,1b1c1c8ae975905d020572b444a62209.bundle,360562,resources\assets\yoo\Default\1b1c1c8ae975905d020572b444a62209.bundle,True,True,
14021,Assets/Game/RawAssets/Sprite/Hero/Cultivate/hero_img_83.png,,5902,assets_game_rawassets_sprite_hero_cultivate.bundle,1b1c1c8ae975905d020572b444a62209.bundle,360562,resources\assets\yoo\Default\1b1c1c8ae975905d020572b444a62209.bundle,True,True,
14022,Assets/Game/RawAssets/Sprite/Hero/Cultivate/hero_img_84.png,,5902,assets_game_rawassets_sprite_hero_cultivate.bundle,1b1c1c8ae975905d020572b444a62209.bundle,360562,resources\assets\yoo\Default\1b1c1c8ae975905d020572b444a62209.bundle,True,True,
14023,Assets/Game/RawAssets/Sprite/Hero/Cultivate/hero_img_86.png,,5902,assets_game_rawassets_sprite_hero_cultivate.bundle,1b1c1c8ae975905d020572b444a62209.bundle,360562,resources\assets\yoo\Default\1b1c1c8ae975905d020572b444a62209.bundle,True,True,
14024,Assets/Game/RawAssets/Sprite/Hero/Cultivate/hero_img_87.png,,5902,assets_game_rawassets_sprite_hero_cultivate.bundle,1b1c1c8ae975905d020572b444a62209.bundle,360562,resources\assets\yoo\Default\1b1c1c8ae975905d020572b444a62209.bundle,True,True,
14025,Assets/Game/RawAssets/Sprite/Hero/Cultivate/hero_img_88.png,,5902,assets_game_rawassets_sprite_hero_cultivate.bundle,1b1c1c8ae975905d020572b444a62209.bundle,360562,resources\assets\yoo\Default\1b1c1c8ae975905d020572b444a62209.bundle,True,True,
14026,Assets/Game/RawAssets/Sprite/Hero/Cultivate/hero_img_89.png,,5902,assets_game_rawassets_sprite_hero_cultivate.bundle,1b1c1c8ae975905d020572b444a62209.bundle,360562,resources\assets\yoo\Default\1b1c1c8ae975905d020572b444a62209.bundle,True,True,
14027,Assets/Game/RawAssets/Sprite/Hero/Cultivate/hero_img_89a.png,,5902,assets_game_rawassets_sprite_hero_cultivate.bundle,1b1c1c8ae975905d020572b444a62209.bundle,360562,resources\assets\yoo\Default\1b1c1c8ae975905d020572b444a62209.bundle,True,True,
14028,Assets/Game/RawAssets/Sprite/Hero/Cultivate/hero_img_89b.png,,5902,assets_game_rawassets_sprite_hero_cultivate.bundle,1b1c1c8ae975905d020572b444a62209.bundle,360562,resources\assets\yoo\Default\1b1c1c8ae975905d020572b444a62209.bundle,True,True,
14029,Assets/Game/RawAssets/Sprite/Hero/Cultivate/hero_img_90.png,,5902,assets_game_rawassets_sprite_hero_cultivate.bundle,1b1c1c8ae975905d020572b444a62209.bundle,360562,resources\assets\yoo\Default\1b1c1c8ae975905d020572b444a62209.bundle,True,True,
14030,Assets/Game/RawAssets/Sprite/Hero/Cultivate/hero_img_91.png,,5902,assets_game_rawassets_sprite_hero_cultivate.bundle,1b1c1c8ae975905d020572b444a62209.bundle,360562,resources\assets\yoo\Default\1b1c1c8ae975905d020572b444a62209.bundle,True,True,
14031,Assets/Game/RawAssets/Sprite/Hero/Cultivate/hero_img_92.png,,5902,assets_game_rawassets_sprite_hero_cultivate.bundle,1b1c1c8ae975905d020572b444a62209.bundle,360562,resources\assets\yoo\Default\1b1c1c8ae975905d020572b444a62209.bundle,True,True,
14032,Assets/Game/RawAssets/Sprite/Hero/Cultivate/hero_img_93.png,,5902,assets_game_rawassets_sprite_hero_cultivate.bundle,1b1c1c8ae975905d020572b444a62209.bundle,360562,resources\assets\yoo\Default\1b1c1c8ae975905d020572b444a62209.bundle,True,True,
14033,Assets/Game/RawAssets/Sprite/Hero/Cultivate/hero_img_93a.png,,5902,assets_game_rawassets_sprite_hero_cultivate.bundle,1b1c1c8ae975905d020572b444a62209.bundle,360562,resources\assets\yoo\Default\1b1c1c8ae975905d020572b444a62209.bundle,True,True,
14034,Assets/Game/RawAssets/Sprite/Hero/Cultivate/hero_img_94.png,,5902,assets_game_rawassets_sprite_hero_cultivate.bundle,1b1c1c8ae975905d020572b444a62209.bundle,360562,resources\assets\yoo\Default\1b1c1c8ae975905d020572b444a62209.bundle,True,True,
14035,Assets/Game/RawAssets/Sprite/Hero/Cultivate/hero_img_95.png,,5902,assets_game_rawassets_sprite_hero_cultivate.bundle,1b1c1c8ae975905d020572b444a62209.bundle,360562,resources\assets\yoo\Default\1b1c1c8ae975905d020572b444a62209.bundle,True,True,
14036,Assets/Game/RawAssets/Sprite/Hero/Cultivate/hero_img_96.png,,5902,assets_game_rawassets_sprite_hero_cultivate.bundle,1b1c1c8ae975905d020572b444a62209.bundle,360562,resources\assets\yoo\Default\1b1c1c8ae975905d020572b444a62209.bundle,True,True,
14037,Assets/Game/RawAssets/Sprite/Hero/Cultivate/hero_img_97.png,,5902,assets_game_rawassets_sprite_hero_cultivate.bundle,1b1c1c8ae975905d020572b444a62209.bundle,360562,resources\assets\yoo\Default\1b1c1c8ae975905d020572b444a62209.bundle,True,True,
14038,Assets/Game/RawAssets/Sprite/Hero/Cultivate/hero_img_98.png,,5902,assets_game_rawassets_sprite_hero_cultivate.bundle,1b1c1c8ae975905d020572b444a62209.bundle,360562,resources\assets\yoo\Default\1b1c1c8ae975905d020572b444a62209.bundle,True,True,
14039,Assets/Game/RawAssets/Sprite/Hero/Cultivate/hero_img_99.png,,5902,assets_game_rawassets_sprite_hero_cultivate.bundle,1b1c1c8ae975905d020572b444a62209.bundle,360562,resources\assets\yoo\Default\1b1c1c8ae975905d020572b444a62209.bundle,True,True,
14041,Assets/Game/RawAssets/Sprite/Hero/Cultivate/imgBg2.png,,5902,assets_game_rawassets_sprite_hero_cultivate.bundle,1b1c1c8ae975905d020572b444a62209.bundle,360562,resources\assets\yoo\Default\1b1c1c8ae975905d020572b444a62209.bundle,True,True,
14042,Assets/Game/RawAssets/Sprite/Hero/Cultivate/imgBg3.png,,5902,assets_game_rawassets_sprite_hero_cultivate.bundle,1b1c1c8ae975905d020572b444a62209.bundle,360562,resources\assets\yoo\Default\1b1c1c8ae975905d020572b444a62209.bundle,True,True,
14043,Assets/Game/RawAssets/Sprite/Hero/Cultivate/imgBg3_fx.png,,5902,assets_game_rawassets_sprite_hero_cultivate.bundle,1b1c1c8ae975905d020572b444a62209.bundle,360562,resources\assets\yoo\Default\1b1c1c8ae975905d020572b444a62209.bundle,True,True,
14049,Assets/Game/RawAssets/Sprite/Hero/Cultivate/imgBigSar1.png,,5902,assets_game_rawassets_sprite_hero_cultivate.bundle,1b1c1c8ae975905d020572b444a62209.bundle,360562,resources\assets\yoo\Default\1b1c1c8ae975905d020572b444a62209.bundle,True,True,
14050,Assets/Game/RawAssets/Sprite/Hero/Cultivate/imgBigSar1_red.png,,5902,assets_game_rawassets_sprite_hero_cultivate.bundle,1b1c1c8ae975905d020572b444a62209.bundle,360562,resources\assets\yoo\Default\1b1c1c8ae975905d020572b444a62209.bundle,True,True,
14051,Assets/Game/RawAssets/Sprite/Hero/Cultivate/imgBigSar2.png,,5902,assets_game_rawassets_sprite_hero_cultivate.bundle,1b1c1c8ae975905d020572b444a62209.bundle,360562,resources\assets\yoo\Default\1b1c1c8ae975905d020572b444a62209.bundle,True,True,
14052,Assets/Game/RawAssets/Sprite/Hero/Cultivate/imgBigSar2_1.png,,5902,assets_game_rawassets_sprite_hero_cultivate.bundle,1b1c1c8ae975905d020572b444a62209.bundle,360562,resources\assets\yoo\Default\1b1c1c8ae975905d020572b444a62209.bundle,True,True,
14053,Assets/Game/RawAssets/Sprite/Hero/Cultivate/imgBigSar2_2.png,,5902,assets_game_rawassets_sprite_hero_cultivate.bundle,1b1c1c8ae975905d020572b444a62209.bundle,360562,resources\assets\yoo\Default\1b1c1c8ae975905d020572b444a62209.bundle,True,True,
14054,Assets/Game/RawAssets/Sprite/Hero/Cultivate/imgBigSar2_red.png,,5902,assets_game_rawassets_sprite_hero_cultivate.bundle,1b1c1c8ae975905d020572b444a62209.bundle,360562,resources\assets\yoo\Default\1b1c1c8ae975905d020572b444a62209.bundle,True,True,
14055,Assets/Game/RawAssets/Sprite/Hero/Cultivate/imgBigSar3.png,,5902,assets_game_rawassets_sprite_hero_cultivate.bundle,1b1c1c8ae975905d020572b444a62209.bundle,360562,resources\assets\yoo\Default\1b1c1c8ae975905d020572b444a62209.bundle,True,True,
14056,Assets/Game/RawAssets/Sprite/Hero/Cultivate/imgBigSar3_red.png,,5902,assets_game_rawassets_sprite_hero_cultivate.bundle,1b1c1c8ae975905d020572b444a62209.bundle,360562,resources\assets\yoo\Default\1b1c1c8ae975905d020572b444a62209.bundle,True,True,
14057,Assets/Game/RawAssets/Sprite/Hero/Cultivate/imgBigSar4.png,,5902,assets_game_rawassets_sprite_hero_cultivate.bundle,1b1c1c8ae975905d020572b444a62209.bundle,360562,resources\assets\yoo\Default\1b1c1c8ae975905d020572b444a62209.bundle,True,True,
14058,Assets/Game/RawAssets/Sprite/Hero/Cultivate/imgBigSar4_color.png,,5902,assets_game_rawassets_sprite_hero_cultivate.bundle,1b1c1c8ae975905d020572b444a62209.bundle,360562,resources\assets\yoo\Default\1b1c1c8ae975905d020572b444a62209.bundle,True,True,
14059,Assets/Game/RawAssets/Sprite/Hero/Cultivate/imgBigSar4_red.png,,5902,assets_game_rawassets_sprite_hero_cultivate.bundle,1b1c1c8ae975905d020572b444a62209.bundle,360562,resources\assets\yoo\Default\1b1c1c8ae975905d020572b444a62209.bundle,True,True,
14084,Assets/Game/RawAssets/Sprite/Hero/Hero.spriteatlas,,5893,assets_game_rawassets_sprite_hero.bundle,dd47df4c8590a3b4328f7738890d7a8b.bundle,910985,resources\assets\yoo\Default\dd47df4c8590a3b4328f7738890d7a8b.bundle,True,True,
14085,Assets/Game/RawAssets/Sprite/Hero/hero_btn_01.png,,5893,assets_game_rawassets_sprite_hero.bundle,dd47df4c8590a3b4328f7738890d7a8b.bundle,910985,resources\assets\yoo\Default\dd47df4c8590a3b4328f7738890d7a8b.bundle,True,True,
14086,Assets/Game/RawAssets/Sprite/Hero/hero_btn_02.png,,5893,assets_game_rawassets_sprite_hero.bundle,dd47df4c8590a3b4328f7738890d7a8b.bundle,910985,resources\assets\yoo\Default\dd47df4c8590a3b4328f7738890d7a8b.bundle,True,True,
14087,Assets/Game/RawAssets/Sprite/Hero/hero_btn_03.png,,5893,assets_game_rawassets_sprite_hero.bundle,dd47df4c8590a3b4328f7738890d7a8b.bundle,910985,resources\assets\yoo\Default\dd47df4c8590a3b4328f7738890d7a8b.bundle,True,True,
14088,Assets/Game/RawAssets/Sprite/Hero/hero_btn_04.png,,5893,assets_game_rawassets_sprite_hero.bundle,dd47df4c8590a3b4328f7738890d7a8b.bundle,910985,resources\assets\yoo\Default\dd47df4c8590a3b4328f7738890d7a8b.bundle,True,True,
14089,Assets/Game/RawAssets/Sprite/Hero/hero_btn_05.png,,5893,assets_game_rawassets_sprite_hero.bundle,dd47df4c8590a3b4328f7738890d7a8b.bundle,910985,resources\assets\yoo\Default\dd47df4c8590a3b4328f7738890d7a8b.bundle,True,True,
14090,Assets/Game/RawAssets/Sprite/Hero/hero_btn_06.png,,5893,assets_game_rawassets_sprite_hero.bundle,dd47df4c8590a3b4328f7738890d7a8b.bundle,910985,resources\assets\yoo\Default\dd47df4c8590a3b4328f7738890d7a8b.bundle,True,True,
14091,Assets/Game/RawAssets/Sprite/Hero/hero_btn_07.png,,5893,assets_game_rawassets_sprite_hero.bundle,dd47df4c8590a3b4328f7738890d7a8b.bundle,910985,resources\assets\yoo\Default\dd47df4c8590a3b4328f7738890d7a8b.bundle,True,True,
14092,Assets/Game/RawAssets/Sprite/Hero/hero_btn_08.png,,5893,assets_game_rawassets_sprite_hero.bundle,dd47df4c8590a3b4328f7738890d7a8b.bundle,910985,resources\assets\yoo\Default\dd47df4c8590a3b4328f7738890d7a8b.bundle,True,True,
14093,Assets/Game/RawAssets/Sprite/Hero/hero_btn_09.png,,5893,assets_game_rawassets_sprite_hero.bundle,dd47df4c8590a3b4328f7738890d7a8b.bundle,910985,resources\assets\yoo\Default\dd47df4c8590a3b4328f7738890d7a8b.bundle,True,True,
14094,Assets/Game/RawAssets/Sprite/Hero/hero_btn_10.png,,5893,assets_game_rawassets_sprite_hero.bundle,dd47df4c8590a3b4328f7738890d7a8b.bundle,910985,resources\assets\yoo\Default\dd47df4c8590a3b4328f7738890d7a8b.bundle,True,True,
14095,Assets/Game/RawAssets/Sprite/Hero/hero_btn_11.png,,5893,assets_game_rawassets_sprite_hero.bundle,dd47df4c8590a3b4328f7738890d7a8b.bundle,910985,resources\assets\yoo\Default\dd47df4c8590a3b4328f7738890d7a8b.bundle,True,True,
14096,Assets/Game/RawAssets/Sprite/Hero/hero_btn_12.png,,5893,assets_game_rawassets_sprite_hero.bundle,dd47df4c8590a3b4328f7738890d7a8b.bundle,910985,resources\assets\yoo\Default\dd47df4c8590a3b4328f7738890d7a8b.bundle,True,True,
14097,Assets/Game/RawAssets/Sprite/Hero/hero_btn_13.png,,5893,assets_game_rawassets_sprite_hero.bundle,dd47df4c8590a3b4328f7738890d7a8b.bundle,910985,resources\assets\yoo\Default\dd47df4c8590a3b4328f7738890d7a8b.bundle,True,True,
14098,Assets/Game/RawAssets/Sprite/Hero/hero_btn_14.png,,5893,assets_game_rawassets_sprite_hero.bundle,dd47df4c8590a3b4328f7738890d7a8b.bundle,910985,resources\assets\yoo\Default\dd47df4c8590a3b4328f7738890d7a8b.bundle,True,True,
14099,Assets/Game/RawAssets/Sprite/Hero/hero_btn_15.png,,5893,assets_game_rawassets_sprite_hero.bundle,dd47df4c8590a3b4328f7738890d7a8b.bundle,910985,resources\assets\yoo\Default\dd47df4c8590a3b4328f7738890d7a8b.bundle,True,True,
14100,Assets/Game/RawAssets/Sprite/Hero/hero_btn_16.png,,5893,assets_game_rawassets_sprite_hero.bundle,dd47df4c8590a3b4328f7738890d7a8b.bundle,910985,resources\assets\yoo\Default\dd47df4c8590a3b4328f7738890d7a8b.bundle,True,True,
14101,Assets/Game/RawAssets/Sprite/Hero/hero_btn_17.png,,5893,assets_game_rawassets_sprite_hero.bundle,dd47df4c8590a3b4328f7738890d7a8b.bundle,910985,resources\assets\yoo\Default\dd47df4c8590a3b4328f7738890d7a8b.bundle,True,True,
14102,Assets/Game/RawAssets/Sprite/Hero/hero_btn_18.png,,5893,assets_game_rawassets_sprite_hero.bundle,dd47df4c8590a3b4328f7738890d7a8b.bundle,910985,resources\assets\yoo\Default\dd47df4c8590a3b4328f7738890d7a8b.bundle,True,True,
14103,Assets/Game/RawAssets/Sprite/Hero/hero_btn_19.png,,5893,assets_game_rawassets_sprite_hero.bundle,dd47df4c8590a3b4328f7738890d7a8b.bundle,910985,resources\assets\yoo\Default\dd47df4c8590a3b4328f7738890d7a8b.bundle,True,True,
14104,Assets/Game/RawAssets/Sprite/Hero/hero_btn_20.png,,5893,assets_game_rawassets_sprite_hero.bundle,dd47df4c8590a3b4328f7738890d7a8b.bundle,910985,resources\assets\yoo\Default\dd47df4c8590a3b4328f7738890d7a8b.bundle,True,True,
14105,Assets/Game/RawAssets/Sprite/Hero/hero_btn_21.png,,5893,assets_game_rawassets_sprite_hero.bundle,dd47df4c8590a3b4328f7738890d7a8b.bundle,910985,resources\assets\yoo\Default\dd47df4c8590a3b4328f7738890d7a8b.bundle,True,True,
14106,Assets/Game/RawAssets/Sprite/Hero/hero_btn_22.png,,5893,assets_game_rawassets_sprite_hero.bundle,dd47df4c8590a3b4328f7738890d7a8b.bundle,910985,resources\assets\yoo\Default\dd47df4c8590a3b4328f7738890d7a8b.bundle,True,True,
14107,Assets/Game/RawAssets/Sprite/Hero/hero_btn_23.png,,5893,assets_game_rawassets_sprite_hero.bundle,dd47df4c8590a3b4328f7738890d7a8b.bundle,910985,resources\assets\yoo\Default\dd47df4c8590a3b4328f7738890d7a8b.bundle,True,True,
14108,Assets/Game/RawAssets/Sprite/Hero/hero_btn_24.png,,5893,assets_game_rawassets_sprite_hero.bundle,dd47df4c8590a3b4328f7738890d7a8b.bundle,910985,resources\assets\yoo\Default\dd47df4c8590a3b4328f7738890d7a8b.bundle,True,True,
14109,Assets/Game/RawAssets/Sprite/Hero/hero_btn_25.png,,5893,assets_game_rawassets_sprite_hero.bundle,dd47df4c8590a3b4328f7738890d7a8b.bundle,910985,resources\assets\yoo\Default\dd47df4c8590a3b4328f7738890d7a8b.bundle,True,True,
14110,Assets/Game/RawAssets/Sprite/Hero/hero_btn_41.png,,5893,assets_game_rawassets_sprite_hero.bundle,dd47df4c8590a3b4328f7738890d7a8b.bundle,910985,resources\assets\yoo\Default\dd47df4c8590a3b4328f7738890d7a8b.bundle,True,True,
14111,Assets/Game/RawAssets/Sprite/Hero/hero_btn_42.png,,5893,assets_game_rawassets_sprite_hero.bundle,dd47df4c8590a3b4328f7738890d7a8b.bundle,910985,resources\assets\yoo\Default\dd47df4c8590a3b4328f7738890d7a8b.bundle,True,True,
14112,Assets/Game/RawAssets/Sprite/Hero/hero_img_01.png,,5893,assets_game_rawassets_sprite_hero.bundle,dd47df4c8590a3b4328f7738890d7a8b.bundle,910985,resources\assets\yoo\Default\dd47df4c8590a3b4328f7738890d7a8b.bundle,True,True,
14113,Assets/Game/RawAssets/Sprite/Hero/hero_img_02.png,,5893,assets_game_rawassets_sprite_hero.bundle,dd47df4c8590a3b4328f7738890d7a8b.bundle,910985,resources\assets\yoo\Default\dd47df4c8590a3b4328f7738890d7a8b.bundle,True,True,
14114,Assets/Game/RawAssets/Sprite/Hero/hero_img_03.png,,5893,assets_game_rawassets_sprite_hero.bundle,dd47df4c8590a3b4328f7738890d7a8b.bundle,910985,resources\assets\yoo\Default\dd47df4c8590a3b4328f7738890d7a8b.bundle,True,True,
14115,Assets/Game/RawAssets/Sprite/Hero/hero_img_04.png,,5893,assets_game_rawassets_sprite_hero.bundle,dd47df4c8590a3b4328f7738890d7a8b.bundle,910985,resources\assets\yoo\Default\dd47df4c8590a3b4328f7738890d7a8b.bundle,True,True,
14116,Assets/Game/RawAssets/Sprite/Hero/hero_img_05.png,,5893,assets_game_rawassets_sprite_hero.bundle,dd47df4c8590a3b4328f7738890d7a8b.bundle,910985,resources\assets\yoo\Default\dd47df4c8590a3b4328f7738890d7a8b.bundle,True,True,
14117,Assets/Game/RawAssets/Sprite/Hero/hero_img_06.png,,5893,assets_game_rawassets_sprite_hero.bundle,dd47df4c8590a3b4328f7738890d7a8b.bundle,910985,resources\assets\yoo\Default\dd47df4c8590a3b4328f7738890d7a8b.bundle,True,True,
14118,Assets/Game/RawAssets/Sprite/Hero/hero_img_100.png,,5893,assets_game_rawassets_sprite_hero.bundle,dd47df4c8590a3b4328f7738890d7a8b.bundle,910985,resources\assets\yoo\Default\dd47df4c8590a3b4328f7738890d7a8b.bundle,True,True,
14119,Assets/Game/RawAssets/Sprite/Hero/hero_img_101.png,,5893,assets_game_rawassets_sprite_hero.bundle,dd47df4c8590a3b4328f7738890d7a8b.bundle,910985,resources\assets\yoo\Default\dd47df4c8590a3b4328f7738890d7a8b.bundle,True,True,
14120,Assets/Game/RawAssets/Sprite/Hero/hero_img_102.png,,5893,assets_game_rawassets_sprite_hero.bundle,dd47df4c8590a3b4328f7738890d7a8b.bundle,910985,resources\assets\yoo\Default\dd47df4c8590a3b4328f7738890d7a8b.bundle,True,True,
14121,Assets/Game/RawAssets/Sprite/Hero/hero_img_103.png,,5893,assets_game_rawassets_sprite_hero.bundle,dd47df4c8590a3b4328f7738890d7a8b.bundle,910985,resources\assets\yoo\Default\dd47df4c8590a3b4328f7738890d7a8b.bundle,True,True,
14122,Assets/Game/RawAssets/Sprite/Hero/hero_img_104.png,,5893,assets_game_rawassets_sprite_hero.bundle,dd47df4c8590a3b4328f7738890d7a8b.bundle,910985,resources\assets\yoo\Default\dd47df4c8590a3b4328f7738890d7a8b.bundle,True,True,
14126,Assets/Game/RawAssets/Sprite/Hero/hero_img_108.png,,5893,assets_game_rawassets_sprite_hero.bundle,dd47df4c8590a3b4328f7738890d7a8b.bundle,910985,resources\assets\yoo\Default\dd47df4c8590a3b4328f7738890d7a8b.bundle,True,True,
14127,Assets/Game/RawAssets/Sprite/Hero/hero_img_109.png,,5893,assets_game_rawassets_sprite_hero.bundle,dd47df4c8590a3b4328f7738890d7a8b.bundle,910985,resources\assets\yoo\Default\dd47df4c8590a3b4328f7738890d7a8b.bundle,True,True,
14128,Assets/Game/RawAssets/Sprite/Hero/hero_img_110.png,,5893,assets_game_rawassets_sprite_hero.bundle,dd47df4c8590a3b4328f7738890d7a8b.bundle,910985,resources\assets\yoo\Default\dd47df4c8590a3b4328f7738890d7a8b.bundle,True,True,
14129,Assets/Game/RawAssets/Sprite/Hero/hero_img_111.png,,5893,assets_game_rawassets_sprite_hero.bundle,dd47df4c8590a3b4328f7738890d7a8b.bundle,910985,resources\assets\yoo\Default\dd47df4c8590a3b4328f7738890d7a8b.bundle,True,True,
14130,Assets/Game/RawAssets/Sprite/Hero/hero_img_112.png,,5893,assets_game_rawassets_sprite_hero.bundle,dd47df4c8590a3b4328f7738890d7a8b.bundle,910985,resources\assets\yoo\Default\dd47df4c8590a3b4328f7738890d7a8b.bundle,True,True,
14131,Assets/Game/RawAssets/Sprite/Hero/hero_img_113.png,,5893,assets_game_rawassets_sprite_hero.bundle,dd47df4c8590a3b4328f7738890d7a8b.bundle,910985,resources\assets\yoo\Default\dd47df4c8590a3b4328f7738890d7a8b.bundle,True,True,
14132,Assets/Game/RawAssets/Sprite/Hero/hero_img_114.png,,5893,assets_game_rawassets_sprite_hero.bundle,dd47df4c8590a3b4328f7738890d7a8b.bundle,910985,resources\assets\yoo\Default\dd47df4c8590a3b4328f7738890d7a8b.bundle,True,True,
14133,Assets/Game/RawAssets/Sprite/Hero/hero_img_115.png,,5893,assets_game_rawassets_sprite_hero.bundle,dd47df4c8590a3b4328f7738890d7a8b.bundle,910985,resources\assets\yoo\Default\dd47df4c8590a3b4328f7738890d7a8b.bundle,True,True,
14134,Assets/Game/RawAssets/Sprite/Hero/hero_img_116.png,,5893,assets_game_rawassets_sprite_hero.bundle,dd47df4c8590a3b4328f7738890d7a8b.bundle,910985,resources\assets\yoo\Default\dd47df4c8590a3b4328f7738890d7a8b.bundle,True,True,
14135,Assets/Game/RawAssets/Sprite/Hero/hero_img_117.png,,5893,assets_game_rawassets_sprite_hero.bundle,dd47df4c8590a3b4328f7738890d7a8b.bundle,910985,resources\assets\yoo\Default\dd47df4c8590a3b4328f7738890d7a8b.bundle,True,True,
14136,Assets/Game/RawAssets/Sprite/Hero/hero_img_118.png,,5893,assets_game_rawassets_sprite_hero.bundle,dd47df4c8590a3b4328f7738890d7a8b.bundle,910985,resources\assets\yoo\Default\dd47df4c8590a3b4328f7738890d7a8b.bundle,True,True,
14137,Assets/Game/RawAssets/Sprite/Hero/hero_img_119.png,,5893,assets_game_rawassets_sprite_hero.bundle,dd47df4c8590a3b4328f7738890d7a8b.bundle,910985,resources\assets\yoo\Default\dd47df4c8590a3b4328f7738890d7a8b.bundle,True,True,
14138,Assets/Game/RawAssets/Sprite/Hero/hero_img_12.png,,5893,assets_game_rawassets_sprite_hero.bundle,dd47df4c8590a3b4328f7738890d7a8b.bundle,910985,resources\assets\yoo\Default\dd47df4c8590a3b4328f7738890d7a8b.bundle,True,True,
14139,Assets/Game/RawAssets/Sprite/Hero/hero_img_120.png,,5893,assets_game_rawassets_sprite_hero.bundle,dd47df4c8590a3b4328f7738890d7a8b.bundle,910985,resources\assets\yoo\Default\dd47df4c8590a3b4328f7738890d7a8b.bundle,True,True,
14140,Assets/Game/RawAssets/Sprite/Hero/hero_img_121.png,,5893,assets_game_rawassets_sprite_hero.bundle,dd47df4c8590a3b4328f7738890d7a8b.bundle,910985,resources\assets\yoo\Default\dd47df4c8590a3b4328f7738890d7a8b.bundle,True,True,
14141,Assets/Game/RawAssets/Sprite/Hero/hero_img_122.png,,5893,assets_game_rawassets_sprite_hero.bundle,dd47df4c8590a3b4328f7738890d7a8b.bundle,910985,resources\assets\yoo\Default\dd47df4c8590a3b4328f7738890d7a8b.bundle,True,True,
14142,Assets/Game/RawAssets/Sprite/Hero/hero_img_123.png,,5893,assets_game_rawassets_sprite_hero.bundle,dd47df4c8590a3b4328f7738890d7a8b.bundle,910985,resources\assets\yoo\Default\dd47df4c8590a3b4328f7738890d7a8b.bundle,True,True,
14143,Assets/Game/RawAssets/Sprite/Hero/hero_img_124.png,,5893,assets_game_rawassets_sprite_hero.bundle,dd47df4c8590a3b4328f7738890d7a8b.bundle,910985,resources\assets\yoo\Default\dd47df4c8590a3b4328f7738890d7a8b.bundle,True,True,
14144,Assets/Game/RawAssets/Sprite/Hero/hero_img_125.png,,5893,assets_game_rawassets_sprite_hero.bundle,dd47df4c8590a3b4328f7738890d7a8b.bundle,910985,resources\assets\yoo\Default\dd47df4c8590a3b4328f7738890d7a8b.bundle,True,True,
14145,Assets/Game/RawAssets/Sprite/Hero/hero_img_126.png,,5893,assets_game_rawassets_sprite_hero.bundle,dd47df4c8590a3b4328f7738890d7a8b.bundle,910985,resources\assets\yoo\Default\dd47df4c8590a3b4328f7738890d7a8b.bundle,True,True,
14146,Assets/Game/RawAssets/Sprite/Hero/hero_img_127.png,,5893,assets_game_rawassets_sprite_hero.bundle,dd47df4c8590a3b4328f7738890d7a8b.bundle,910985,resources\assets\yoo\Default\dd47df4c8590a3b4328f7738890d7a8b.bundle,True,True,
14147,Assets/Game/RawAssets/Sprite/Hero/hero_img_128.png,,5893,assets_game_rawassets_sprite_hero.bundle,dd47df4c8590a3b4328f7738890d7a8b.bundle,910985,resources\assets\yoo\Default\dd47df4c8590a3b4328f7738890d7a8b.bundle,True,True,
14148,Assets/Game/RawAssets/Sprite/Hero/hero_img_129.png,,5893,assets_game_rawassets_sprite_hero.bundle,dd47df4c8590a3b4328f7738890d7a8b.bundle,910985,resources\assets\yoo\Default\dd47df4c8590a3b4328f7738890d7a8b.bundle,True,True,
14149,Assets/Game/RawAssets/Sprite/Hero/hero_img_13.png,,5893,assets_game_rawassets_sprite_hero.bundle,dd47df4c8590a3b4328f7738890d7a8b.bundle,910985,resources\assets\yoo\Default\dd47df4c8590a3b4328f7738890d7a8b.bundle,True,True,
14150,Assets/Game/RawAssets/Sprite/Hero/hero_img_130.png,,5893,assets_game_rawassets_sprite_hero.bundle,dd47df4c8590a3b4328f7738890d7a8b.bundle,910985,resources\assets\yoo\Default\dd47df4c8590a3b4328f7738890d7a8b.bundle,True,True,
14151,Assets/Game/RawAssets/Sprite/Hero/hero_img_131.png,,5893,assets_game_rawassets_sprite_hero.bundle,dd47df4c8590a3b4328f7738890d7a8b.bundle,910985,resources\assets\yoo\Default\dd47df4c8590a3b4328f7738890d7a8b.bundle,True,True,
14153,Assets/Game/RawAssets/Sprite/Hero/hero_img_133.png,,5893,assets_game_rawassets_sprite_hero.bundle,dd47df4c8590a3b4328f7738890d7a8b.bundle,910985,resources\assets\yoo\Default\dd47df4c8590a3b4328f7738890d7a8b.bundle,True,True,
14154,Assets/Game/RawAssets/Sprite/Hero/hero_img_134.png,,5893,assets_game_rawassets_sprite_hero.bundle,dd47df4c8590a3b4328f7738890d7a8b.bundle,910985,resources\assets\yoo\Default\dd47df4c8590a3b4328f7738890d7a8b.bundle,True,True,
14155,Assets/Game/RawAssets/Sprite/Hero/hero_img_135.png,,5893,assets_game_rawassets_sprite_hero.bundle,dd47df4c8590a3b4328f7738890d7a8b.bundle,910985,resources\assets\yoo\Default\dd47df4c8590a3b4328f7738890d7a8b.bundle,True,True,
14156,Assets/Game/RawAssets/Sprite/Hero/hero_img_136.png,,5893,assets_game_rawassets_sprite_hero.bundle,dd47df4c8590a3b4328f7738890d7a8b.bundle,910985,resources\assets\yoo\Default\dd47df4c8590a3b4328f7738890d7a8b.bundle,True,True,
14157,Assets/Game/RawAssets/Sprite/Hero/hero_img_137.png,,5893,assets_game_rawassets_sprite_hero.bundle,dd47df4c8590a3b4328f7738890d7a8b.bundle,910985,resources\assets\yoo\Default\dd47df4c8590a3b4328f7738890d7a8b.bundle,True,True,
14159,Assets/Game/RawAssets/Sprite/Hero/hero_img_139.png,,5893,assets_game_rawassets_sprite_hero.bundle,dd47df4c8590a3b4328f7738890d7a8b.bundle,910985,resources\assets\yoo\Default\dd47df4c8590a3b4328f7738890d7a8b.bundle,True,True,
14160,Assets/Game/RawAssets/Sprite/Hero/hero_img_14.png,,5893,assets_game_rawassets_sprite_hero.bundle,dd47df4c8590a3b4328f7738890d7a8b.bundle,910985,resources\assets\yoo\Default\dd47df4c8590a3b4328f7738890d7a8b.bundle,True,True,
14161,Assets/Game/RawAssets/Sprite/Hero/hero_img_140.png,,5923,assets_game_rawassets_sprite_hero_hero_img_140.bundle,c358ab206805e7d20dad92d4bf076239.bundle,4580,resources\assets\yoo\Default\c358ab206805e7d20dad92d4bf076239.bundle,True,True,
14162,Assets/Game/RawAssets/Sprite/Hero/hero_img_141.png,,5893,assets_game_rawassets_sprite_hero.bundle,dd47df4c8590a3b4328f7738890d7a8b.bundle,910985,resources\assets\yoo\Default\dd47df4c8590a3b4328f7738890d7a8b.bundle,True,True,
14165,Assets/Game/RawAssets/Sprite/Hero/hero_img_144.png,,5893,assets_game_rawassets_sprite_hero.bundle,dd47df4c8590a3b4328f7738890d7a8b.bundle,910985,resources\assets\yoo\Default\dd47df4c8590a3b4328f7738890d7a8b.bundle,True,True,
14166,Assets/Game/RawAssets/Sprite/Hero/hero_img_145.png,,5893,assets_game_rawassets_sprite_hero.bundle,dd47df4c8590a3b4328f7738890d7a8b.bundle,910985,resources\assets\yoo\Default\dd47df4c8590a3b4328f7738890d7a8b.bundle,True,True,
14167,Assets/Game/RawAssets/Sprite/Hero/hero_img_146.png,,5893,assets_game_rawassets_sprite_hero.bundle,dd47df4c8590a3b4328f7738890d7a8b.bundle,910985,resources\assets\yoo\Default\dd47df4c8590a3b4328f7738890d7a8b.bundle,True,True,
14168,Assets/Game/RawAssets/Sprite/Hero/hero_img_147.png,,5893,assets_game_rawassets_sprite_hero.bundle,dd47df4c8590a3b4328f7738890d7a8b.bundle,910985,resources\assets\yoo\Default\dd47df4c8590a3b4328f7738890d7a8b.bundle,True,True,
14169,Assets/Game/RawAssets/Sprite/Hero/hero_img_148.png,,5893,assets_game_rawassets_sprite_hero.bundle,dd47df4c8590a3b4328f7738890d7a8b.bundle,910985,resources\assets\yoo\Default\dd47df4c8590a3b4328f7738890d7a8b.bundle,True,True,
14170,Assets/Game/RawAssets/Sprite/Hero/hero_img_149.png,,5893,assets_game_rawassets_sprite_hero.bundle,dd47df4c8590a3b4328f7738890d7a8b.bundle,910985,resources\assets\yoo\Default\dd47df4c8590a3b4328f7738890d7a8b.bundle,True,True,
14171,Assets/Game/RawAssets/Sprite/Hero/hero_img_15.png,,5893,assets_game_rawassets_sprite_hero.bundle,dd47df4c8590a3b4328f7738890d7a8b.bundle,910985,resources\assets\yoo\Default\dd47df4c8590a3b4328f7738890d7a8b.bundle,True,True,
14172,Assets/Game/RawAssets/Sprite/Hero/hero_img_150.png,,5893,assets_game_rawassets_sprite_hero.bundle,dd47df4c8590a3b4328f7738890d7a8b.bundle,910985,resources\assets\yoo\Default\dd47df4c8590a3b4328f7738890d7a8b.bundle,True,True,
14173,Assets/Game/RawAssets/Sprite/Hero/hero_img_151.png,,5893,assets_game_rawassets_sprite_hero.bundle,dd47df4c8590a3b4328f7738890d7a8b.bundle,910985,resources\assets\yoo\Default\dd47df4c8590a3b4328f7738890d7a8b.bundle,True,True,
14174,Assets/Game/RawAssets/Sprite/Hero/hero_img_152.png,,5893,assets_game_rawassets_sprite_hero.bundle,dd47df4c8590a3b4328f7738890d7a8b.bundle,910985,resources\assets\yoo\Default\dd47df4c8590a3b4328f7738890d7a8b.bundle,True,True,
14175,Assets/Game/RawAssets/Sprite/Hero/hero_img_153.png,,5893,assets_game_rawassets_sprite_hero.bundle,dd47df4c8590a3b4328f7738890d7a8b.bundle,910985,resources\assets\yoo\Default\dd47df4c8590a3b4328f7738890d7a8b.bundle,True,True,
14176,Assets/Game/RawAssets/Sprite/Hero/hero_img_154.png,,5893,assets_game_rawassets_sprite_hero.bundle,dd47df4c8590a3b4328f7738890d7a8b.bundle,910985,resources\assets\yoo\Default\dd47df4c8590a3b4328f7738890d7a8b.bundle,True,True,
14177,Assets/Game/RawAssets/Sprite/Hero/hero_img_155.png,,5893,assets_game_rawassets_sprite_hero.bundle,dd47df4c8590a3b4328f7738890d7a8b.bundle,910985,resources\assets\yoo\Default\dd47df4c8590a3b4328f7738890d7a8b.bundle,True,True,
14178,Assets/Game/RawAssets/Sprite/Hero/hero_img_156.png,,5893,assets_game_rawassets_sprite_hero.bundle,dd47df4c8590a3b4328f7738890d7a8b.bundle,910985,resources\assets\yoo\Default\dd47df4c8590a3b4328f7738890d7a8b.bundle,True,True,
14179,Assets/Game/RawAssets/Sprite/Hero/hero_img_157.png,,5893,assets_game_rawassets_sprite_hero.bundle,dd47df4c8590a3b4328f7738890d7a8b.bundle,910985,resources\assets\yoo\Default\dd47df4c8590a3b4328f7738890d7a8b.bundle,True,True,
14180,Assets/Game/RawAssets/Sprite/Hero/hero_img_158.png,,5893,assets_game_rawassets_sprite_hero.bundle,dd47df4c8590a3b4328f7738890d7a8b.bundle,910985,resources\assets\yoo\Default\dd47df4c8590a3b4328f7738890d7a8b.bundle,True,True,
14181,Assets/Game/RawAssets/Sprite/Hero/hero_img_159.png,,5893,assets_game_rawassets_sprite_hero.bundle,dd47df4c8590a3b4328f7738890d7a8b.bundle,910985,resources\assets\yoo\Default\dd47df4c8590a3b4328f7738890d7a8b.bundle,True,True,
14182,Assets/Game/RawAssets/Sprite/Hero/hero_img_160.png,,5893,assets_game_rawassets_sprite_hero.bundle,dd47df4c8590a3b4328f7738890d7a8b.bundle,910985,resources\assets\yoo\Default\dd47df4c8590a3b4328f7738890d7a8b.bundle,True,True,
14183,Assets/Game/RawAssets/Sprite/Hero/hero_img_161.png,,5893,assets_game_rawassets_sprite_hero.bundle,dd47df4c8590a3b4328f7738890d7a8b.bundle,910985,resources\assets\yoo\Default\dd47df4c8590a3b4328f7738890d7a8b.bundle,True,True,
14185,Assets/Game/RawAssets/Sprite/Hero/hero_img_163.png,,5893,assets_game_rawassets_sprite_hero.bundle,dd47df4c8590a3b4328f7738890d7a8b.bundle,910985,resources\assets\yoo\Default\dd47df4c8590a3b4328f7738890d7a8b.bundle,True,True,
14186,Assets/Game/RawAssets/Sprite/Hero/hero_img_164.png,,5893,assets_game_rawassets_sprite_hero.bundle,dd47df4c8590a3b4328f7738890d7a8b.bundle,910985,resources\assets\yoo\Default\dd47df4c8590a3b4328f7738890d7a8b.bundle,True,True,
14187,Assets/Game/RawAssets/Sprite/Hero/hero_img_165.png,,5893,assets_game_rawassets_sprite_hero.bundle,dd47df4c8590a3b4328f7738890d7a8b.bundle,910985,resources\assets\yoo\Default\dd47df4c8590a3b4328f7738890d7a8b.bundle,True,True,
14188,Assets/Game/RawAssets/Sprite/Hero/hero_img_166.png,,5893,assets_game_rawassets_sprite_hero.bundle,dd47df4c8590a3b4328f7738890d7a8b.bundle,910985,resources\assets\yoo\Default\dd47df4c8590a3b4328f7738890d7a8b.bundle,True,True,
14189,Assets/Game/RawAssets/Sprite/Hero/hero_img_167.png,,5893,assets_game_rawassets_sprite_hero.bundle,dd47df4c8590a3b4328f7738890d7a8b.bundle,910985,resources\assets\yoo\Default\dd47df4c8590a3b4328f7738890d7a8b.bundle,True,True,
14190,Assets/Game/RawAssets/Sprite/Hero/hero_img_168.png,,5893,assets_game_rawassets_sprite_hero.bundle,dd47df4c8590a3b4328f7738890d7a8b.bundle,910985,resources\assets\yoo\Default\dd47df4c8590a3b4328f7738890d7a8b.bundle,True,True,
14191,Assets/Game/RawAssets/Sprite/Hero/hero_img_169.png,,5893,assets_game_rawassets_sprite_hero.bundle,dd47df4c8590a3b4328f7738890d7a8b.bundle,910985,resources\assets\yoo\Default\dd47df4c8590a3b4328f7738890d7a8b.bundle,True,True,
14193,Assets/Game/RawAssets/Sprite/Hero/hero_img_171.png,,5893,assets_game_rawassets_sprite_hero.bundle,dd47df4c8590a3b4328f7738890d7a8b.bundle,910985,resources\assets\yoo\Default\dd47df4c8590a3b4328f7738890d7a8b.bundle,True,True,
14194,Assets/Game/RawAssets/Sprite/Hero/hero_img_172.png,,5893,assets_game_rawassets_sprite_hero.bundle,dd47df4c8590a3b4328f7738890d7a8b.bundle,910985,resources\assets\yoo\Default\dd47df4c8590a3b4328f7738890d7a8b.bundle,True,True,
14195,Assets/Game/RawAssets/Sprite/Hero/hero_img_178.png,,5893,assets_game_rawassets_sprite_hero.bundle,dd47df4c8590a3b4328f7738890d7a8b.bundle,910985,resources\assets\yoo\Default\dd47df4c8590a3b4328f7738890d7a8b.bundle,True,True,
14196,Assets/Game/RawAssets/Sprite/Hero/hero_img_179.png,,5893,assets_game_rawassets_sprite_hero.bundle,dd47df4c8590a3b4328f7738890d7a8b.bundle,910985,resources\assets\yoo\Default\dd47df4c8590a3b4328f7738890d7a8b.bundle,True,True,
14197,Assets/Game/RawAssets/Sprite/Hero/hero_img_18.png,,5893,assets_game_rawassets_sprite_hero.bundle,dd47df4c8590a3b4328f7738890d7a8b.bundle,910985,resources\assets\yoo\Default\dd47df4c8590a3b4328f7738890d7a8b.bundle,True,True,
14198,Assets/Game/RawAssets/Sprite/Hero/hero_img_180.png,,5893,assets_game_rawassets_sprite_hero.bundle,dd47df4c8590a3b4328f7738890d7a8b.bundle,910985,resources\assets\yoo\Default\dd47df4c8590a3b4328f7738890d7a8b.bundle,True,True,
14199,Assets/Game/RawAssets/Sprite/Hero/hero_img_181.png,,5893,assets_game_rawassets_sprite_hero.bundle,dd47df4c8590a3b4328f7738890d7a8b.bundle,910985,resources\assets\yoo\Default\dd47df4c8590a3b4328f7738890d7a8b.bundle,True,True,
14200,Assets/Game/RawAssets/Sprite/Hero/hero_img_19.png,,5893,assets_game_rawassets_sprite_hero.bundle,dd47df4c8590a3b4328f7738890d7a8b.bundle,910985,resources\assets\yoo\Default\dd47df4c8590a3b4328f7738890d7a8b.bundle,True,True,
14201,Assets/Game/RawAssets/Sprite/Hero/hero_img_198.png,,5893,assets_game_rawassets_sprite_hero.bundle,dd47df4c8590a3b4328f7738890d7a8b.bundle,910985,resources\assets\yoo\Default\dd47df4c8590a3b4328f7738890d7a8b.bundle,True,True,
14202,Assets/Game/RawAssets/Sprite/Hero/hero_img_199.png,,5893,assets_game_rawassets_sprite_hero.bundle,dd47df4c8590a3b4328f7738890d7a8b.bundle,910985,resources\assets\yoo\Default\dd47df4c8590a3b4328f7738890d7a8b.bundle,True,True,
14203,Assets/Game/RawAssets/Sprite/Hero/hero_img_20.png,,5893,assets_game_rawassets_sprite_hero.bundle,dd47df4c8590a3b4328f7738890d7a8b.bundle,910985,resources\assets\yoo\Default\dd47df4c8590a3b4328f7738890d7a8b.bundle,True,True,
14207,Assets/Game/RawAssets/Sprite/Hero/hero_img_206.png,,5893,assets_game_rawassets_sprite_hero.bundle,dd47df4c8590a3b4328f7738890d7a8b.bundle,910985,resources\assets\yoo\Default\dd47df4c8590a3b4328f7738890d7a8b.bundle,True,True,
14208,Assets/Game/RawAssets/Sprite/Hero/hero_img_207.png,,5893,assets_game_rawassets_sprite_hero.bundle,dd47df4c8590a3b4328f7738890d7a8b.bundle,910985,resources\assets\yoo\Default\dd47df4c8590a3b4328f7738890d7a8b.bundle,True,True,
14209,Assets/Game/RawAssets/Sprite/Hero/hero_img_208.png,,5893,assets_game_rawassets_sprite_hero.bundle,dd47df4c8590a3b4328f7738890d7a8b.bundle,910985,resources\assets\yoo\Default\dd47df4c8590a3b4328f7738890d7a8b.bundle,True,True,
14210,Assets/Game/RawAssets/Sprite/Hero/hero_img_209.png,,5893,assets_game_rawassets_sprite_hero.bundle,dd47df4c8590a3b4328f7738890d7a8b.bundle,910985,resources\assets\yoo\Default\dd47df4c8590a3b4328f7738890d7a8b.bundle,True,True,
14211,Assets/Game/RawAssets/Sprite/Hero/hero_img_21.png,,5893,assets_game_rawassets_sprite_hero.bundle,dd47df4c8590a3b4328f7738890d7a8b.bundle,910985,resources\assets\yoo\Default\dd47df4c8590a3b4328f7738890d7a8b.bundle,True,True,
14212,Assets/Game/RawAssets/Sprite/Hero/hero_img_210.png,,5893,assets_game_rawassets_sprite_hero.bundle,dd47df4c8590a3b4328f7738890d7a8b.bundle,910985,resources\assets\yoo\Default\dd47df4c8590a3b4328f7738890d7a8b.bundle,True,True,
14213,Assets/Game/RawAssets/Sprite/Hero/hero_img_211.png,,5893,assets_game_rawassets_sprite_hero.bundle,dd47df4c8590a3b4328f7738890d7a8b.bundle,910985,resources\assets\yoo\Default\dd47df4c8590a3b4328f7738890d7a8b.bundle,True,True,
14214,Assets/Game/RawAssets/Sprite/Hero/hero_img_212.png,,5893,assets_game_rawassets_sprite_hero.bundle,dd47df4c8590a3b4328f7738890d7a8b.bundle,910985,resources\assets\yoo\Default\dd47df4c8590a3b4328f7738890d7a8b.bundle,True,True,
14215,Assets/Game/RawAssets/Sprite/Hero/hero_img_213.png,,5893,assets_game_rawassets_sprite_hero.bundle,dd47df4c8590a3b4328f7738890d7a8b.bundle,910985,resources\assets\yoo\Default\dd47df4c8590a3b4328f7738890d7a8b.bundle,True,True,
14216,Assets/Game/RawAssets/Sprite/Hero/hero_img_214.png,,5893,assets_game_rawassets_sprite_hero.bundle,dd47df4c8590a3b4328f7738890d7a8b.bundle,910985,resources\assets\yoo\Default\dd47df4c8590a3b4328f7738890d7a8b.bundle,True,True,
14217,Assets/Game/RawAssets/Sprite/Hero/hero_img_215.png,,5893,assets_game_rawassets_sprite_hero.bundle,dd47df4c8590a3b4328f7738890d7a8b.bundle,910985,resources\assets\yoo\Default\dd47df4c8590a3b4328f7738890d7a8b.bundle,True,True,
14218,Assets/Game/RawAssets/Sprite/Hero/hero_img_216.png,,5893,assets_game_rawassets_sprite_hero.bundle,dd47df4c8590a3b4328f7738890d7a8b.bundle,910985,resources\assets\yoo\Default\dd47df4c8590a3b4328f7738890d7a8b.bundle,True,True,
14219,Assets/Game/RawAssets/Sprite/Hero/hero_img_219.png,,5931,assets_game_rawassets_sprite_hero_hero_img_219.bundle,cdac970332fe473a649ddf65ae6b4bda.bundle,7449,resources\assets\yoo\Default\cdac970332fe473a649ddf65ae6b4bda.bundle,True,True,
14220,Assets/Game/RawAssets/Sprite/Hero/hero_img_22.png,,5893,assets_game_rawassets_sprite_hero.bundle,dd47df4c8590a3b4328f7738890d7a8b.bundle,910985,resources\assets\yoo\Default\dd47df4c8590a3b4328f7738890d7a8b.bundle,True,True,
14221,Assets/Game/RawAssets/Sprite/Hero/hero_img_228.png,,5893,assets_game_rawassets_sprite_hero.bundle,dd47df4c8590a3b4328f7738890d7a8b.bundle,910985,resources\assets\yoo\Default\dd47df4c8590a3b4328f7738890d7a8b.bundle,True,True,
14222,Assets/Game/RawAssets/Sprite/Hero/hero_img_229.png,,5893,assets_game_rawassets_sprite_hero.bundle,dd47df4c8590a3b4328f7738890d7a8b.bundle,910985,resources\assets\yoo\Default\dd47df4c8590a3b4328f7738890d7a8b.bundle,True,True,
14223,Assets/Game/RawAssets/Sprite/Hero/hero_img_23.png,,5893,assets_game_rawassets_sprite_hero.bundle,dd47df4c8590a3b4328f7738890d7a8b.bundle,910985,resources\assets\yoo\Default\dd47df4c8590a3b4328f7738890d7a8b.bundle,True,True,
14225,Assets/Game/RawAssets/Sprite/Hero/hero_img_231.png,,5893,assets_game_rawassets_sprite_hero.bundle,dd47df4c8590a3b4328f7738890d7a8b.bundle,910985,resources\assets\yoo\Default\dd47df4c8590a3b4328f7738890d7a8b.bundle,True,True,
14226,Assets/Game/RawAssets/Sprite/Hero/hero_img_232.png,,5893,assets_game_rawassets_sprite_hero.bundle,dd47df4c8590a3b4328f7738890d7a8b.bundle,910985,resources\assets\yoo\Default\dd47df4c8590a3b4328f7738890d7a8b.bundle,True,True,
14227,Assets/Game/RawAssets/Sprite/Hero/hero_img_233.png,,5893,assets_game_rawassets_sprite_hero.bundle,dd47df4c8590a3b4328f7738890d7a8b.bundle,910985,resources\assets\yoo\Default\dd47df4c8590a3b4328f7738890d7a8b.bundle,True,True,
14228,Assets/Game/RawAssets/Sprite/Hero/hero_img_234.png,,5893,assets_game_rawassets_sprite_hero.bundle,dd47df4c8590a3b4328f7738890d7a8b.bundle,910985,resources\assets\yoo\Default\dd47df4c8590a3b4328f7738890d7a8b.bundle,True,True,
14229,Assets/Game/RawAssets/Sprite/Hero/hero_img_235.png,,5893,assets_game_rawassets_sprite_hero.bundle,dd47df4c8590a3b4328f7738890d7a8b.bundle,910985,resources\assets\yoo\Default\dd47df4c8590a3b4328f7738890d7a8b.bundle,True,True,
14230,Assets/Game/RawAssets/Sprite/Hero/hero_img_236.png,,5893,assets_game_rawassets_sprite_hero.bundle,dd47df4c8590a3b4328f7738890d7a8b.bundle,910985,resources\assets\yoo\Default\dd47df4c8590a3b4328f7738890d7a8b.bundle,True,True,
14231,Assets/Game/RawAssets/Sprite/Hero/hero_img_237.png,,5893,assets_game_rawassets_sprite_hero.bundle,dd47df4c8590a3b4328f7738890d7a8b.bundle,910985,resources\assets\yoo\Default\dd47df4c8590a3b4328f7738890d7a8b.bundle,True,True,
14232,Assets/Game/RawAssets/Sprite/Hero/hero_img_238.png,,5893,assets_game_rawassets_sprite_hero.bundle,dd47df4c8590a3b4328f7738890d7a8b.bundle,910985,resources\assets\yoo\Default\dd47df4c8590a3b4328f7738890d7a8b.bundle,True,True,
14233,Assets/Game/RawAssets/Sprite/Hero/hero_img_239.png,,5893,assets_game_rawassets_sprite_hero.bundle,dd47df4c8590a3b4328f7738890d7a8b.bundle,910985,resources\assets\yoo\Default\dd47df4c8590a3b4328f7738890d7a8b.bundle,True,True,
14234,Assets/Game/RawAssets/Sprite/Hero/hero_img_24.png,,5893,assets_game_rawassets_sprite_hero.bundle,dd47df4c8590a3b4328f7738890d7a8b.bundle,910985,resources\assets\yoo\Default\dd47df4c8590a3b4328f7738890d7a8b.bundle,True,True,
14235,Assets/Game/RawAssets/Sprite/Hero/hero_img_240.png,,5893,assets_game_rawassets_sprite_hero.bundle,dd47df4c8590a3b4328f7738890d7a8b.bundle,910985,resources\assets\yoo\Default\dd47df4c8590a3b4328f7738890d7a8b.bundle,True,True,
14236,Assets/Game/RawAssets/Sprite/Hero/hero_img_25.png,,5893,assets_game_rawassets_sprite_hero.bundle,dd47df4c8590a3b4328f7738890d7a8b.bundle,910985,resources\assets\yoo\Default\dd47df4c8590a3b4328f7738890d7a8b.bundle,True,True,
14237,Assets/Game/RawAssets/Sprite/Hero/hero_img_253.png,,5893,assets_game_rawassets_sprite_hero.bundle,dd47df4c8590a3b4328f7738890d7a8b.bundle,910985,resources\assets\yoo\Default\dd47df4c8590a3b4328f7738890d7a8b.bundle,True,True,
14238,Assets/Game/RawAssets/Sprite/Hero/hero_img_255.png,,5893,assets_game_rawassets_sprite_hero.bundle,dd47df4c8590a3b4328f7738890d7a8b.bundle,910985,resources\assets\yoo\Default\dd47df4c8590a3b4328f7738890d7a8b.bundle,True,True,
14239,Assets/Game/RawAssets/Sprite/Hero/hero_img_256.png,,5893,assets_game_rawassets_sprite_hero.bundle,dd47df4c8590a3b4328f7738890d7a8b.bundle,910985,resources\assets\yoo\Default\dd47df4c8590a3b4328f7738890d7a8b.bundle,True,True,
14241,Assets/Game/RawAssets/Sprite/Hero/hero_img_258.png,,5893,assets_game_rawassets_sprite_hero.bundle,dd47df4c8590a3b4328f7738890d7a8b.bundle,910985,resources\assets\yoo\Default\dd47df4c8590a3b4328f7738890d7a8b.bundle,True,True,
14242,Assets/Game/RawAssets/Sprite/Hero/hero_img_259.png,,5893,assets_game_rawassets_sprite_hero.bundle,dd47df4c8590a3b4328f7738890d7a8b.bundle,910985,resources\assets\yoo\Default\dd47df4c8590a3b4328f7738890d7a8b.bundle,True,True,
14243,Assets/Game/RawAssets/Sprite/Hero/hero_img_26.png,,5893,assets_game_rawassets_sprite_hero.bundle,dd47df4c8590a3b4328f7738890d7a8b.bundle,910985,resources\assets\yoo\Default\dd47df4c8590a3b4328f7738890d7a8b.bundle,True,True,
14244,Assets/Game/RawAssets/Sprite/Hero/hero_img_260.png,,5893,assets_game_rawassets_sprite_hero.bundle,dd47df4c8590a3b4328f7738890d7a8b.bundle,910985,resources\assets\yoo\Default\dd47df4c8590a3b4328f7738890d7a8b.bundle,True,True,
14245,Assets/Game/RawAssets/Sprite/Hero/hero_img_261.png,,5893,assets_game_rawassets_sprite_hero.bundle,dd47df4c8590a3b4328f7738890d7a8b.bundle,910985,resources\assets\yoo\Default\dd47df4c8590a3b4328f7738890d7a8b.bundle,True,True,
14246,Assets/Game/RawAssets/Sprite/Hero/hero_img_27.png,,5893,assets_game_rawassets_sprite_hero.bundle,dd47df4c8590a3b4328f7738890d7a8b.bundle,910985,resources\assets\yoo\Default\dd47df4c8590a3b4328f7738890d7a8b.bundle,True,True,
14247,Assets/Game/RawAssets/Sprite/Hero/hero_img_28.png,,5893,assets_game_rawassets_sprite_hero.bundle,dd47df4c8590a3b4328f7738890d7a8b.bundle,910985,resources\assets\yoo\Default\dd47df4c8590a3b4328f7738890d7a8b.bundle,True,True,
14248,Assets/Game/RawAssets/Sprite/Hero/hero_img_281.png,,5893,assets_game_rawassets_sprite_hero.bundle,dd47df4c8590a3b4328f7738890d7a8b.bundle,910985,resources\assets\yoo\Default\dd47df4c8590a3b4328f7738890d7a8b.bundle,True,True,
14249,Assets/Game/RawAssets/Sprite/Hero/hero_img_286.png,,5893,assets_game_rawassets_sprite_hero.bundle,dd47df4c8590a3b4328f7738890d7a8b.bundle,910985,resources\assets\yoo\Default\dd47df4c8590a3b4328f7738890d7a8b.bundle,True,True,
14250,Assets/Game/RawAssets/Sprite/Hero/hero_img_287.png,,5893,assets_game_rawassets_sprite_hero.bundle,dd47df4c8590a3b4328f7738890d7a8b.bundle,910985,resources\assets\yoo\Default\dd47df4c8590a3b4328f7738890d7a8b.bundle,True,True,
14251,Assets/Game/RawAssets/Sprite/Hero/hero_img_29.png,,5893,assets_game_rawassets_sprite_hero.bundle,dd47df4c8590a3b4328f7738890d7a8b.bundle,910985,resources\assets\yoo\Default\dd47df4c8590a3b4328f7738890d7a8b.bundle,True,True,
14252,Assets/Game/RawAssets/Sprite/Hero/hero_img_291.png,,5893,assets_game_rawassets_sprite_hero.bundle,dd47df4c8590a3b4328f7738890d7a8b.bundle,910985,resources\assets\yoo\Default\dd47df4c8590a3b4328f7738890d7a8b.bundle,True,True,
14253,Assets/Game/RawAssets/Sprite/Hero/hero_img_292.png,,5893,assets_game_rawassets_sprite_hero.bundle,dd47df4c8590a3b4328f7738890d7a8b.bundle,910985,resources\assets\yoo\Default\dd47df4c8590a3b4328f7738890d7a8b.bundle,True,True,
14254,Assets/Game/RawAssets/Sprite/Hero/hero_img_293.png,,5893,assets_game_rawassets_sprite_hero.bundle,dd47df4c8590a3b4328f7738890d7a8b.bundle,910985,resources\assets\yoo\Default\dd47df4c8590a3b4328f7738890d7a8b.bundle,True,True,
14256,Assets/Game/RawAssets/Sprite/Hero/hero_img_296.png,,5893,assets_game_rawassets_sprite_hero.bundle,dd47df4c8590a3b4328f7738890d7a8b.bundle,910985,resources\assets\yoo\Default\dd47df4c8590a3b4328f7738890d7a8b.bundle,True,True,
14257,Assets/Game/RawAssets/Sprite/Hero/hero_img_297.png,,5893,assets_game_rawassets_sprite_hero.bundle,dd47df4c8590a3b4328f7738890d7a8b.bundle,910985,resources\assets\yoo\Default\dd47df4c8590a3b4328f7738890d7a8b.bundle,True,True,
14258,Assets/Game/RawAssets/Sprite/Hero/hero_img_299.png,,5893,assets_game_rawassets_sprite_hero.bundle,dd47df4c8590a3b4328f7738890d7a8b.bundle,910985,resources\assets\yoo\Default\dd47df4c8590a3b4328f7738890d7a8b.bundle,True,True,
14259,Assets/Game/RawAssets/Sprite/Hero/hero_img_30.png,,5893,assets_game_rawassets_sprite_hero.bundle,dd47df4c8590a3b4328f7738890d7a8b.bundle,910985,resources\assets\yoo\Default\dd47df4c8590a3b4328f7738890d7a8b.bundle,True,True,
14260,Assets/Game/RawAssets/Sprite/Hero/hero_img_31.png,,5893,assets_game_rawassets_sprite_hero.bundle,dd47df4c8590a3b4328f7738890d7a8b.bundle,910985,resources\assets\yoo\Default\dd47df4c8590a3b4328f7738890d7a8b.bundle,True,True,
14261,Assets/Game/RawAssets/Sprite/Hero/hero_img_32.png,,5893,assets_game_rawassets_sprite_hero.bundle,dd47df4c8590a3b4328f7738890d7a8b.bundle,910985,resources\assets\yoo\Default\dd47df4c8590a3b4328f7738890d7a8b.bundle,True,True,
14262,Assets/Game/RawAssets/Sprite/Hero/hero_img_322.png,,5893,assets_game_rawassets_sprite_hero.bundle,dd47df4c8590a3b4328f7738890d7a8b.bundle,910985,resources\assets\yoo\Default\dd47df4c8590a3b4328f7738890d7a8b.bundle,True,True,
14263,Assets/Game/RawAssets/Sprite/Hero/hero_img_323.png,,5893,assets_game_rawassets_sprite_hero.bundle,dd47df4c8590a3b4328f7738890d7a8b.bundle,910985,resources\assets\yoo\Default\dd47df4c8590a3b4328f7738890d7a8b.bundle,True,True,
14264,Assets/Game/RawAssets/Sprite/Hero/hero_img_324.png,,5893,assets_game_rawassets_sprite_hero.bundle,dd47df4c8590a3b4328f7738890d7a8b.bundle,910985,resources\assets\yoo\Default\dd47df4c8590a3b4328f7738890d7a8b.bundle,True,True,
14265,Assets/Game/RawAssets/Sprite/Hero/hero_img_325.png,,5893,assets_game_rawassets_sprite_hero.bundle,dd47df4c8590a3b4328f7738890d7a8b.bundle,910985,resources\assets\yoo\Default\dd47df4c8590a3b4328f7738890d7a8b.bundle,True,True,
14266,Assets/Game/RawAssets/Sprite/Hero/hero_img_326.png,,5893,assets_game_rawassets_sprite_hero.bundle,dd47df4c8590a3b4328f7738890d7a8b.bundle,910985,resources\assets\yoo\Default\dd47df4c8590a3b4328f7738890d7a8b.bundle,True,True,
14267,Assets/Game/RawAssets/Sprite/Hero/hero_img_327.png,,5893,assets_game_rawassets_sprite_hero.bundle,dd47df4c8590a3b4328f7738890d7a8b.bundle,910985,resources\assets\yoo\Default\dd47df4c8590a3b4328f7738890d7a8b.bundle,True,True,
14268,Assets/Game/RawAssets/Sprite/Hero/hero_img_33.png,,5893,assets_game_rawassets_sprite_hero.bundle,dd47df4c8590a3b4328f7738890d7a8b.bundle,910985,resources\assets\yoo\Default\dd47df4c8590a3b4328f7738890d7a8b.bundle,True,True,
14269,Assets/Game/RawAssets/Sprite/Hero/hero_img_34.png,,5893,assets_game_rawassets_sprite_hero.bundle,dd47df4c8590a3b4328f7738890d7a8b.bundle,910985,resources\assets\yoo\Default\dd47df4c8590a3b4328f7738890d7a8b.bundle,True,True,
14270,Assets/Game/RawAssets/Sprite/Hero/hero_img_35.png,,5893,assets_game_rawassets_sprite_hero.bundle,dd47df4c8590a3b4328f7738890d7a8b.bundle,910985,resources\assets\yoo\Default\dd47df4c8590a3b4328f7738890d7a8b.bundle,True,True,
14272,Assets/Game/RawAssets/Sprite/Hero/hero_img_36a.png,,5893,assets_game_rawassets_sprite_hero.bundle,dd47df4c8590a3b4328f7738890d7a8b.bundle,910985,resources\assets\yoo\Default\dd47df4c8590a3b4328f7738890d7a8b.bundle,True,True,
14273,Assets/Game/RawAssets/Sprite/Hero/hero_img_37.png,,5893,assets_game_rawassets_sprite_hero.bundle,dd47df4c8590a3b4328f7738890d7a8b.bundle,910985,resources\assets\yoo\Default\dd47df4c8590a3b4328f7738890d7a8b.bundle,True,True,
14274,Assets/Game/RawAssets/Sprite/Hero/hero_img_38.png,,5893,assets_game_rawassets_sprite_hero.bundle,dd47df4c8590a3b4328f7738890d7a8b.bundle,910985,resources\assets\yoo\Default\dd47df4c8590a3b4328f7738890d7a8b.bundle,True,True,
14275,Assets/Game/RawAssets/Sprite/Hero/hero_img_39.png,,5893,assets_game_rawassets_sprite_hero.bundle,dd47df4c8590a3b4328f7738890d7a8b.bundle,910985,resources\assets\yoo\Default\dd47df4c8590a3b4328f7738890d7a8b.bundle,True,True,
14276,Assets/Game/RawAssets/Sprite/Hero/hero_img_40.png,,5893,assets_game_rawassets_sprite_hero.bundle,dd47df4c8590a3b4328f7738890d7a8b.bundle,910985,resources\assets\yoo\Default\dd47df4c8590a3b4328f7738890d7a8b.bundle,True,True,
14277,Assets/Game/RawAssets/Sprite/Hero/hero_img_41.png,,5893,assets_game_rawassets_sprite_hero.bundle,dd47df4c8590a3b4328f7738890d7a8b.bundle,910985,resources\assets\yoo\Default\dd47df4c8590a3b4328f7738890d7a8b.bundle,True,True,
14278,Assets/Game/RawAssets/Sprite/Hero/hero_img_42.png,,5893,assets_game_rawassets_sprite_hero.bundle,dd47df4c8590a3b4328f7738890d7a8b.bundle,910985,resources\assets\yoo\Default\dd47df4c8590a3b4328f7738890d7a8b.bundle,True,True,
14279,Assets/Game/RawAssets/Sprite/Hero/hero_img_43.png,,5893,assets_game_rawassets_sprite_hero.bundle,dd47df4c8590a3b4328f7738890d7a8b.bundle,910985,resources\assets\yoo\Default\dd47df4c8590a3b4328f7738890d7a8b.bundle,True,True,
14280,Assets/Game/RawAssets/Sprite/Hero/hero_img_44.png,,5893,assets_game_rawassets_sprite_hero.bundle,dd47df4c8590a3b4328f7738890d7a8b.bundle,910985,resources\assets\yoo\Default\dd47df4c8590a3b4328f7738890d7a8b.bundle,True,True,
14281,Assets/Game/RawAssets/Sprite/Hero/hero_img_45.png,,5893,assets_game_rawassets_sprite_hero.bundle,dd47df4c8590a3b4328f7738890d7a8b.bundle,910985,resources\assets\yoo\Default\dd47df4c8590a3b4328f7738890d7a8b.bundle,True,True,
14282,Assets/Game/RawAssets/Sprite/Hero/hero_img_46.png,,5893,assets_game_rawassets_sprite_hero.bundle,dd47df4c8590a3b4328f7738890d7a8b.bundle,910985,resources\assets\yoo\Default\dd47df4c8590a3b4328f7738890d7a8b.bundle,True,True,
14283,Assets/Game/RawAssets/Sprite/Hero/hero_img_47.png,,5893,assets_game_rawassets_sprite_hero.bundle,dd47df4c8590a3b4328f7738890d7a8b.bundle,910985,resources\assets\yoo\Default\dd47df4c8590a3b4328f7738890d7a8b.bundle,True,True,
14284,Assets/Game/RawAssets/Sprite/Hero/hero_img_48.png,,5893,assets_game_rawassets_sprite_hero.bundle,dd47df4c8590a3b4328f7738890d7a8b.bundle,910985,resources\assets\yoo\Default\dd47df4c8590a3b4328f7738890d7a8b.bundle,True,True,
14285,Assets/Game/RawAssets/Sprite/Hero/hero_img_49.png,,5893,assets_game_rawassets_sprite_hero.bundle,dd47df4c8590a3b4328f7738890d7a8b.bundle,910985,resources\assets\yoo\Default\dd47df4c8590a3b4328f7738890d7a8b.bundle,True,True,
14286,Assets/Game/RawAssets/Sprite/Hero/hero_img_50.png,,5893,assets_game_rawassets_sprite_hero.bundle,dd47df4c8590a3b4328f7738890d7a8b.bundle,910985,resources\assets\yoo\Default\dd47df4c8590a3b4328f7738890d7a8b.bundle,True,True,
14287,Assets/Game/RawAssets/Sprite/Hero/hero_img_51.png,,5893,assets_game_rawassets_sprite_hero.bundle,dd47df4c8590a3b4328f7738890d7a8b.bundle,910985,resources\assets\yoo\Default\dd47df4c8590a3b4328f7738890d7a8b.bundle,True,True,
14288,Assets/Game/RawAssets/Sprite/Hero/hero_img_52.png,,5893,assets_game_rawassets_sprite_hero.bundle,dd47df4c8590a3b4328f7738890d7a8b.bundle,910985,resources\assets\yoo\Default\dd47df4c8590a3b4328f7738890d7a8b.bundle,True,True,
14289,Assets/Game/RawAssets/Sprite/Hero/hero_img_53.png,,5893,assets_game_rawassets_sprite_hero.bundle,dd47df4c8590a3b4328f7738890d7a8b.bundle,910985,resources\assets\yoo\Default\dd47df4c8590a3b4328f7738890d7a8b.bundle,True,True,
14290,Assets/Game/RawAssets/Sprite/Hero/hero_img_54.png,,5893,assets_game_rawassets_sprite_hero.bundle,dd47df4c8590a3b4328f7738890d7a8b.bundle,910985,resources\assets\yoo\Default\dd47df4c8590a3b4328f7738890d7a8b.bundle,True,True,
14291,Assets/Game/RawAssets/Sprite/Hero/hero_img_55.png,,5893,assets_game_rawassets_sprite_hero.bundle,dd47df4c8590a3b4328f7738890d7a8b.bundle,910985,resources\assets\yoo\Default\dd47df4c8590a3b4328f7738890d7a8b.bundle,True,True,
14292,Assets/Game/RawAssets/Sprite/Hero/hero_img_56.png,,5893,assets_game_rawassets_sprite_hero.bundle,dd47df4c8590a3b4328f7738890d7a8b.bundle,910985,resources\assets\yoo\Default\dd47df4c8590a3b4328f7738890d7a8b.bundle,True,True,
14293,Assets/Game/RawAssets/Sprite/Hero/hero_img_57.png,,5893,assets_game_rawassets_sprite_hero.bundle,dd47df4c8590a3b4328f7738890d7a8b.bundle,910985,resources\assets\yoo\Default\dd47df4c8590a3b4328f7738890d7a8b.bundle,True,True,
14294,Assets/Game/RawAssets/Sprite/Hero/hero_img_58.png,,5893,assets_game_rawassets_sprite_hero.bundle,dd47df4c8590a3b4328f7738890d7a8b.bundle,910985,resources\assets\yoo\Default\dd47df4c8590a3b4328f7738890d7a8b.bundle,True,True,
14295,Assets/Game/RawAssets/Sprite/Hero/hero_img_59.png,,5893,assets_game_rawassets_sprite_hero.bundle,dd47df4c8590a3b4328f7738890d7a8b.bundle,910985,resources\assets\yoo\Default\dd47df4c8590a3b4328f7738890d7a8b.bundle,True,True,
14296,Assets/Game/RawAssets/Sprite/Hero/hero_img_60.png,,5893,assets_game_rawassets_sprite_hero.bundle,dd47df4c8590a3b4328f7738890d7a8b.bundle,910985,resources\assets\yoo\Default\dd47df4c8590a3b4328f7738890d7a8b.bundle,True,True,
14297,Assets/Game/RawAssets/Sprite/Hero/hero_img_61.png,,5893,assets_game_rawassets_sprite_hero.bundle,dd47df4c8590a3b4328f7738890d7a8b.bundle,910985,resources\assets\yoo\Default\dd47df4c8590a3b4328f7738890d7a8b.bundle,True,True,
14298,Assets/Game/RawAssets/Sprite/Hero/hero_img_62.png,,5893,assets_game_rawassets_sprite_hero.bundle,dd47df4c8590a3b4328f7738890d7a8b.bundle,910985,resources\assets\yoo\Default\dd47df4c8590a3b4328f7738890d7a8b.bundle,True,True,
14299,Assets/Game/RawAssets/Sprite/Hero/hero_img_63.png,,5893,assets_game_rawassets_sprite_hero.bundle,dd47df4c8590a3b4328f7738890d7a8b.bundle,910985,resources\assets\yoo\Default\dd47df4c8590a3b4328f7738890d7a8b.bundle,True,True,
14300,Assets/Game/RawAssets/Sprite/Hero/hero_img_64.png,,5893,assets_game_rawassets_sprite_hero.bundle,dd47df4c8590a3b4328f7738890d7a8b.bundle,910985,resources\assets\yoo\Default\dd47df4c8590a3b4328f7738890d7a8b.bundle,True,True,
14301,Assets/Game/RawAssets/Sprite/Hero/hero_img_65.png,,5893,assets_game_rawassets_sprite_hero.bundle,dd47df4c8590a3b4328f7738890d7a8b.bundle,910985,resources\assets\yoo\Default\dd47df4c8590a3b4328f7738890d7a8b.bundle,True,True,
14302,Assets/Game/RawAssets/Sprite/Hero/hero_img_66.png,,5893,assets_game_rawassets_sprite_hero.bundle,dd47df4c8590a3b4328f7738890d7a8b.bundle,910985,resources\assets\yoo\Default\dd47df4c8590a3b4328f7738890d7a8b.bundle,True,True,
14303,Assets/Game/RawAssets/Sprite/Hero/hero_img_67.png,,5893,assets_game_rawassets_sprite_hero.bundle,dd47df4c8590a3b4328f7738890d7a8b.bundle,910985,resources\assets\yoo\Default\dd47df4c8590a3b4328f7738890d7a8b.bundle,True,True,
14304,Assets/Game/RawAssets/Sprite/Hero/hero_img_68.png,,5893,assets_game_rawassets_sprite_hero.bundle,dd47df4c8590a3b4328f7738890d7a8b.bundle,910985,resources\assets\yoo\Default\dd47df4c8590a3b4328f7738890d7a8b.bundle,True,True,
14305,Assets/Game/RawAssets/Sprite/Hero/hero_img_69.png,,5893,assets_game_rawassets_sprite_hero.bundle,dd47df4c8590a3b4328f7738890d7a8b.bundle,910985,resources\assets\yoo\Default\dd47df4c8590a3b4328f7738890d7a8b.bundle,True,True,
14306,Assets/Game/RawAssets/Sprite/Hero/hero_img_70.png,,5893,assets_game_rawassets_sprite_hero.bundle,dd47df4c8590a3b4328f7738890d7a8b.bundle,910985,resources\assets\yoo\Default\dd47df4c8590a3b4328f7738890d7a8b.bundle,True,True,
14307,Assets/Game/RawAssets/Sprite/Hero/hero_img_71.png,,5893,assets_game_rawassets_sprite_hero.bundle,dd47df4c8590a3b4328f7738890d7a8b.bundle,910985,resources\assets\yoo\Default\dd47df4c8590a3b4328f7738890d7a8b.bundle,True,True,
14308,Assets/Game/RawAssets/Sprite/Hero/hero_img_72.png,,5893,assets_game_rawassets_sprite_hero.bundle,dd47df4c8590a3b4328f7738890d7a8b.bundle,910985,resources\assets\yoo\Default\dd47df4c8590a3b4328f7738890d7a8b.bundle,True,True,
14309,Assets/Game/RawAssets/Sprite/Hero/hero_img_73.png,,5893,assets_game_rawassets_sprite_hero.bundle,dd47df4c8590a3b4328f7738890d7a8b.bundle,910985,resources\assets\yoo\Default\dd47df4c8590a3b4328f7738890d7a8b.bundle,True,True,
14310,Assets/Game/RawAssets/Sprite/Hero/hero_img_74.png,,5893,assets_game_rawassets_sprite_hero.bundle,dd47df4c8590a3b4328f7738890d7a8b.bundle,910985,resources\assets\yoo\Default\dd47df4c8590a3b4328f7738890d7a8b.bundle,True,True,
14311,Assets/Game/RawAssets/Sprite/Hero/hero_img_75.png,,5893,assets_game_rawassets_sprite_hero.bundle,dd47df4c8590a3b4328f7738890d7a8b.bundle,910985,resources\assets\yoo\Default\dd47df4c8590a3b4328f7738890d7a8b.bundle,True,True,
14312,Assets/Game/RawAssets/Sprite/Hero/hero_img_76.png,,5893,assets_game_rawassets_sprite_hero.bundle,dd47df4c8590a3b4328f7738890d7a8b.bundle,910985,resources\assets\yoo\Default\dd47df4c8590a3b4328f7738890d7a8b.bundle,True,True,
14313,Assets/Game/RawAssets/Sprite/Hero/hero_img_77.png,,5893,assets_game_rawassets_sprite_hero.bundle,dd47df4c8590a3b4328f7738890d7a8b.bundle,910985,resources\assets\yoo\Default\dd47df4c8590a3b4328f7738890d7a8b.bundle,True,True,
14314,Assets/Game/RawAssets/Sprite/Hero/hero_img_78.png,,5893,assets_game_rawassets_sprite_hero.bundle,dd47df4c8590a3b4328f7738890d7a8b.bundle,910985,resources\assets\yoo\Default\dd47df4c8590a3b4328f7738890d7a8b.bundle,True,True,
14315,Assets/Game/RawAssets/Sprite/Hero/hero_img_79.png,,5893,assets_game_rawassets_sprite_hero.bundle,dd47df4c8590a3b4328f7738890d7a8b.bundle,910985,resources\assets\yoo\Default\dd47df4c8590a3b4328f7738890d7a8b.bundle,True,True,
14316,Assets/Game/RawAssets/Sprite/Hero/hero_img_80.png,,5893,assets_game_rawassets_sprite_hero.bundle,dd47df4c8590a3b4328f7738890d7a8b.bundle,910985,resources\assets\yoo\Default\dd47df4c8590a3b4328f7738890d7a8b.bundle,True,True,
14317,Assets/Game/RawAssets/Sprite/Hero/hero_img_81.png,,5893,assets_game_rawassets_sprite_hero.bundle,dd47df4c8590a3b4328f7738890d7a8b.bundle,910985,resources\assets\yoo\Default\dd47df4c8590a3b4328f7738890d7a8b.bundle,True,True,
14318,Assets/Game/RawAssets/Sprite/Hero/hero_img_82 1.png,,5893,assets_game_rawassets_sprite_hero.bundle,dd47df4c8590a3b4328f7738890d7a8b.bundle,910985,resources\assets\yoo\Default\dd47df4c8590a3b4328f7738890d7a8b.bundle,True,True,
14319,Assets/Game/RawAssets/Sprite/Hero/hero_img_82.png,,5893,assets_game_rawassets_sprite_hero.bundle,dd47df4c8590a3b4328f7738890d7a8b.bundle,910985,resources\assets\yoo\Default\dd47df4c8590a3b4328f7738890d7a8b.bundle,True,True,
14320,Assets/Game/RawAssets/Sprite/Hero/hero_img_83 1.png,,5893,assets_game_rawassets_sprite_hero.bundle,dd47df4c8590a3b4328f7738890d7a8b.bundle,910985,resources\assets\yoo\Default\dd47df4c8590a3b4328f7738890d7a8b.bundle,True,True,
14321,Assets/Game/RawAssets/Sprite/Hero/hero_img_83.png,,5893,assets_game_rawassets_sprite_hero.bundle,dd47df4c8590a3b4328f7738890d7a8b.bundle,910985,resources\assets\yoo\Default\dd47df4c8590a3b4328f7738890d7a8b.bundle,True,True,
14322,Assets/Game/RawAssets/Sprite/Hero/hero_img_84.png,,5893,assets_game_rawassets_sprite_hero.bundle,dd47df4c8590a3b4328f7738890d7a8b.bundle,910985,resources\assets\yoo\Default\dd47df4c8590a3b4328f7738890d7a8b.bundle,True,True,
14323,Assets/Game/RawAssets/Sprite/Hero/hero_img_85.png,,5893,assets_game_rawassets_sprite_hero.bundle,dd47df4c8590a3b4328f7738890d7a8b.bundle,910985,resources\assets\yoo\Default\dd47df4c8590a3b4328f7738890d7a8b.bundle,True,True,
14324,Assets/Game/RawAssets/Sprite/Hero/hero_img_86.png,,5893,assets_game_rawassets_sprite_hero.bundle,dd47df4c8590a3b4328f7738890d7a8b.bundle,910985,resources\assets\yoo\Default\dd47df4c8590a3b4328f7738890d7a8b.bundle,True,True,
14325,Assets/Game/RawAssets/Sprite/Hero/hero_img_87.png,,5893,assets_game_rawassets_sprite_hero.bundle,dd47df4c8590a3b4328f7738890d7a8b.bundle,910985,resources\assets\yoo\Default\dd47df4c8590a3b4328f7738890d7a8b.bundle,True,True,
14326,Assets/Game/RawAssets/Sprite/Hero/hero_img_88.png,,5893,assets_game_rawassets_sprite_hero.bundle,dd47df4c8590a3b4328f7738890d7a8b.bundle,910985,resources\assets\yoo\Default\dd47df4c8590a3b4328f7738890d7a8b.bundle,True,True,
14327,Assets/Game/RawAssets/Sprite/Hero/hero_img_89.png,,5893,assets_game_rawassets_sprite_hero.bundle,dd47df4c8590a3b4328f7738890d7a8b.bundle,910985,resources\assets\yoo\Default\dd47df4c8590a3b4328f7738890d7a8b.bundle,True,True,
14328,Assets/Game/RawAssets/Sprite/Hero/hero_img_90.png,,5893,assets_game_rawassets_sprite_hero.bundle,dd47df4c8590a3b4328f7738890d7a8b.bundle,910985,resources\assets\yoo\Default\dd47df4c8590a3b4328f7738890d7a8b.bundle,True,True,
14329,Assets/Game/RawAssets/Sprite/Hero/hero_img_91.png,,5893,assets_game_rawassets_sprite_hero.bundle,dd47df4c8590a3b4328f7738890d7a8b.bundle,910985,resources\assets\yoo\Default\dd47df4c8590a3b4328f7738890d7a8b.bundle,True,True,
14330,Assets/Game/RawAssets/Sprite/Hero/hero_img_92.png,,5893,assets_game_rawassets_sprite_hero.bundle,dd47df4c8590a3b4328f7738890d7a8b.bundle,910985,resources\assets\yoo\Default\dd47df4c8590a3b4328f7738890d7a8b.bundle,True,True,
14331,Assets/Game/RawAssets/Sprite/Hero/hero_img_93.png,,5893,assets_game_rawassets_sprite_hero.bundle,dd47df4c8590a3b4328f7738890d7a8b.bundle,910985,resources\assets\yoo\Default\dd47df4c8590a3b4328f7738890d7a8b.bundle,True,True,
14332,Assets/Game/RawAssets/Sprite/Hero/hero_img_94.png,,5893,assets_game_rawassets_sprite_hero.bundle,dd47df4c8590a3b4328f7738890d7a8b.bundle,910985,resources\assets\yoo\Default\dd47df4c8590a3b4328f7738890d7a8b.bundle,True,True,
14333,Assets/Game/RawAssets/Sprite/Hero/hero_img_95.png,,5893,assets_game_rawassets_sprite_hero.bundle,dd47df4c8590a3b4328f7738890d7a8b.bundle,910985,resources\assets\yoo\Default\dd47df4c8590a3b4328f7738890d7a8b.bundle,True,True,
14334,Assets/Game/RawAssets/Sprite/Hero/hero_img_96.png,,5893,assets_game_rawassets_sprite_hero.bundle,dd47df4c8590a3b4328f7738890d7a8b.bundle,910985,resources\assets\yoo\Default\dd47df4c8590a3b4328f7738890d7a8b.bundle,True,True,
14335,Assets/Game/RawAssets/Sprite/Hero/hero_img_97.png,,5893,assets_game_rawassets_sprite_hero.bundle,dd47df4c8590a3b4328f7738890d7a8b.bundle,910985,resources\assets\yoo\Default\dd47df4c8590a3b4328f7738890d7a8b.bundle,True,True,
14336,Assets/Game/RawAssets/Sprite/Hero/hero_img_98.png,,5893,assets_game_rawassets_sprite_hero.bundle,dd47df4c8590a3b4328f7738890d7a8b.bundle,910985,resources\assets\yoo\Default\dd47df4c8590a3b4328f7738890d7a8b.bundle,True,True,
14337,Assets/Game/RawAssets/Sprite/Hero/hero_img_99.png,,5893,assets_game_rawassets_sprite_hero.bundle,dd47df4c8590a3b4328f7738890d7a8b.bundle,910985,resources\assets\yoo\Default\dd47df4c8590a3b4328f7738890d7a8b.bundle,True,True,
14338,Assets/Game/RawAssets/Sprite/Hero/hero_txt_01.png,,5893,assets_game_rawassets_sprite_hero.bundle,dd47df4c8590a3b4328f7738890d7a8b.bundle,910985,resources\assets\yoo\Default\dd47df4c8590a3b4328f7738890d7a8b.bundle,True,True,
14339,Assets/Game/RawAssets/Sprite/Hero/hero_txt_02.png,,5893,assets_game_rawassets_sprite_hero.bundle,dd47df4c8590a3b4328f7738890d7a8b.bundle,910985,resources\assets\yoo\Default\dd47df4c8590a3b4328f7738890d7a8b.bundle,True,True,
14340,Assets/Game/RawAssets/Sprite/Hero/hero_txt_03.png,,5893,assets_game_rawassets_sprite_hero.bundle,dd47df4c8590a3b4328f7738890d7a8b.bundle,910985,resources\assets\yoo\Default\dd47df4c8590a3b4328f7738890d7a8b.bundle,True,True,
14341,Assets/Game/RawAssets/Sprite/Hero/hero_txt_35.png,,5893,assets_game_rawassets_sprite_hero.bundle,dd47df4c8590a3b4328f7738890d7a8b.bundle,910985,resources\assets\yoo\Default\dd47df4c8590a3b4328f7738890d7a8b.bundle,True,True,
14586,Assets/Game/RawAssets/Sprite/Item/ItemResources/arena_coin.png,,5984,assets_game_rawassets_sprite_item_itemresources.bundle,aa342d1a31f0f689a337b82f29796699.bundle,8172207,resources\assets\yoo\Default\aa342d1a31f0f689a337b82f29796699.bundle,True,True,
14587,Assets/Game/RawAssets/Sprite/Item/ItemResources/core_random.png,,5984,assets_game_rawassets_sprite_item_itemresources.bundle,aa342d1a31f0f689a337b82f29796699.bundle,8172207,resources\assets\yoo\Default\aa342d1a31f0f689a337b82f29796699.bundle,True,True,
14588,Assets/Game/RawAssets/Sprite/Item/ItemResources/core_select_1.png,,5984,assets_game_rawassets_sprite_item_itemresources.bundle,aa342d1a31f0f689a337b82f29796699.bundle,8172207,resources\assets\yoo\Default\aa342d1a31f0f689a337b82f29796699.bundle,True,True,
14589,Assets/Game/RawAssets/Sprite/Item/ItemResources/core_select_2.png,,5984,assets_game_rawassets_sprite_item_itemresources.bundle,aa342d1a31f0f689a337b82f29796699.bundle,8172207,resources\assets\yoo\Default\aa342d1a31f0f689a337b82f29796699.bundle,True,True,
14590,Assets/Game/RawAssets/Sprite/Item/ItemResources/core_select_3.png,,5984,assets_game_rawassets_sprite_item_itemresources.bundle,aa342d1a31f0f689a337b82f29796699.bundle,8172207,resources\assets\yoo\Default\aa342d1a31f0f689a337b82f29796699.bundle,True,True,
14591,Assets/Game/RawAssets/Sprite/Item/ItemResources/core_select_4.png,,5984,assets_game_rawassets_sprite_item_itemresources.bundle,aa342d1a31f0f689a337b82f29796699.bundle,8172207,resources\assets\yoo\Default\aa342d1a31f0f689a337b82f29796699.bundle,True,True,
14592,Assets/Game/RawAssets/Sprite/Item/ItemResources/core_select_all.png,,5984,assets_game_rawassets_sprite_item_itemresources.bundle,aa342d1a31f0f689a337b82f29796699.bundle,8172207,resources\assets\yoo\Default\aa342d1a31f0f689a337b82f29796699.bundle,True,True,
14593,Assets/Game/RawAssets/Sprite/Item/ItemResources/core_suit_1.png,,5984,assets_game_rawassets_sprite_item_itemresources.bundle,aa342d1a31f0f689a337b82f29796699.bundle,8172207,resources\assets\yoo\Default\aa342d1a31f0f689a337b82f29796699.bundle,True,True,
14594,Assets/Game/RawAssets/Sprite/Item/ItemResources/core_suit_10.png,,5984,assets_game_rawassets_sprite_item_itemresources.bundle,aa342d1a31f0f689a337b82f29796699.bundle,8172207,resources\assets\yoo\Default\aa342d1a31f0f689a337b82f29796699.bundle,True,True,
14595,Assets/Game/RawAssets/Sprite/Item/ItemResources/core_suit_11.png,,5984,assets_game_rawassets_sprite_item_itemresources.bundle,aa342d1a31f0f689a337b82f29796699.bundle,8172207,resources\assets\yoo\Default\aa342d1a31f0f689a337b82f29796699.bundle,True,True,
14596,Assets/Game/RawAssets/Sprite/Item/ItemResources/core_suit_12.png,,5984,assets_game_rawassets_sprite_item_itemresources.bundle,aa342d1a31f0f689a337b82f29796699.bundle,8172207,resources\assets\yoo\Default\aa342d1a31f0f689a337b82f29796699.bundle,True,True,
14597,Assets/Game/RawAssets/Sprite/Item/ItemResources/core_suit_2.png,,5984,assets_game_rawassets_sprite_item_itemresources.bundle,aa342d1a31f0f689a337b82f29796699.bundle,8172207,resources\assets\yoo\Default\aa342d1a31f0f689a337b82f29796699.bundle,True,True,
14598,Assets/Game/RawAssets/Sprite/Item/ItemResources/core_suit_3.png,,5984,assets_game_rawassets_sprite_item_itemresources.bundle,aa342d1a31f0f689a337b82f29796699.bundle,8172207,resources\assets\yoo\Default\aa342d1a31f0f689a337b82f29796699.bundle,True,True,
14599,Assets/Game/RawAssets/Sprite/Item/ItemResources/core_suit_4.png,,5984,assets_game_rawassets_sprite_item_itemresources.bundle,aa342d1a31f0f689a337b82f29796699.bundle,8172207,resources\assets\yoo\Default\aa342d1a31f0f689a337b82f29796699.bundle,True,True,
14600,Assets/Game/RawAssets/Sprite/Item/ItemResources/core_suit_5.png,,5984,assets_game_rawassets_sprite_item_itemresources.bundle,aa342d1a31f0f689a337b82f29796699.bundle,8172207,resources\assets\yoo\Default\aa342d1a31f0f689a337b82f29796699.bundle,True,True,
14601,Assets/Game/RawAssets/Sprite/Item/ItemResources/core_suit_6.png,,5984,assets_game_rawassets_sprite_item_itemresources.bundle,aa342d1a31f0f689a337b82f29796699.bundle,8172207,resources\assets\yoo\Default\aa342d1a31f0f689a337b82f29796699.bundle,True,True,
14602,Assets/Game/RawAssets/Sprite/Item/ItemResources/core_suit_7.png,,5984,assets_game_rawassets_sprite_item_itemresources.bundle,aa342d1a31f0f689a337b82f29796699.bundle,8172207,resources\assets\yoo\Default\aa342d1a31f0f689a337b82f29796699.bundle,True,True,
14603,Assets/Game/RawAssets/Sprite/Item/ItemResources/core_suit_8.png,,5984,assets_game_rawassets_sprite_item_itemresources.bundle,aa342d1a31f0f689a337b82f29796699.bundle,8172207,resources\assets\yoo\Default\aa342d1a31f0f689a337b82f29796699.bundle,True,True,
14604,Assets/Game/RawAssets/Sprite/Item/ItemResources/core_suit_9.png,,5984,assets_game_rawassets_sprite_item_itemresources.bundle,aa342d1a31f0f689a337b82f29796699.bundle,8172207,resources\assets\yoo\Default\aa342d1a31f0f689a337b82f29796699.bundle,True,True,
14605,Assets/Game/RawAssets/Sprite/Item/ItemResources/core_suit_all.png,,5984,assets_game_rawassets_sprite_item_itemresources.bundle,aa342d1a31f0f689a337b82f29796699.bundle,8172207,resources\assets\yoo\Default\aa342d1a31f0f689a337b82f29796699.bundle,True,True,
14606,Assets/Game/RawAssets/Sprite/Item/ItemResources/draw_01.png,,5984,assets_game_rawassets_sprite_item_itemresources.bundle,aa342d1a31f0f689a337b82f29796699.bundle,8172207,resources\assets\yoo\Default\aa342d1a31f0f689a337b82f29796699.bundle,True,True,
14607,Assets/Game/RawAssets/Sprite/Item/ItemResources/draw_02.png,,5984,assets_game_rawassets_sprite_item_itemresources.bundle,aa342d1a31f0f689a337b82f29796699.bundle,8172207,resources\assets\yoo\Default\aa342d1a31f0f689a337b82f29796699.bundle,True,True,
14608,Assets/Game/RawAssets/Sprite/Item/ItemResources/draw_03.png,,5984,assets_game_rawassets_sprite_item_itemresources.bundle,aa342d1a31f0f689a337b82f29796699.bundle,8172207,resources\assets\yoo\Default\aa342d1a31f0f689a337b82f29796699.bundle,True,True,
14609,Assets/Game/RawAssets/Sprite/Item/ItemResources/draw_04.png,,5984,assets_game_rawassets_sprite_item_itemresources.bundle,aa342d1a31f0f689a337b82f29796699.bundle,8172207,resources\assets\yoo\Default\aa342d1a31f0f689a337b82f29796699.bundle,True,True,
14610,Assets/Game/RawAssets/Sprite/Item/ItemResources/draw_05.png,,5984,assets_game_rawassets_sprite_item_itemresources.bundle,aa342d1a31f0f689a337b82f29796699.bundle,8172207,resources\assets\yoo\Default\aa342d1a31f0f689a337b82f29796699.bundle,True,True,
14611,Assets/Game/RawAssets/Sprite/Item/ItemResources/draw_06.png,,5984,assets_game_rawassets_sprite_item_itemresources.bundle,aa342d1a31f0f689a337b82f29796699.bundle,8172207,resources\assets\yoo\Default\aa342d1a31f0f689a337b82f29796699.bundle,True,True,
14612,Assets/Game/RawAssets/Sprite/Item/ItemResources/draw_07.png,,5984,assets_game_rawassets_sprite_item_itemresources.bundle,aa342d1a31f0f689a337b82f29796699.bundle,8172207,resources\assets\yoo\Default\aa342d1a31f0f689a337b82f29796699.bundle,True,True,
14613,Assets/Game/RawAssets/Sprite/Item/ItemResources/equip_framgent_101.png,,5984,assets_game_rawassets_sprite_item_itemresources.bundle,aa342d1a31f0f689a337b82f29796699.bundle,8172207,resources\assets\yoo\Default\aa342d1a31f0f689a337b82f29796699.bundle,True,True,
14614,Assets/Game/RawAssets/Sprite/Item/ItemResources/equip_framgent_102.png,,5984,assets_game_rawassets_sprite_item_itemresources.bundle,aa342d1a31f0f689a337b82f29796699.bundle,8172207,resources\assets\yoo\Default\aa342d1a31f0f689a337b82f29796699.bundle,True,True,
14615,Assets/Game/RawAssets/Sprite/Item/ItemResources/equip_framgent_201.png,,5984,assets_game_rawassets_sprite_item_itemresources.bundle,aa342d1a31f0f689a337b82f29796699.bundle,8172207,resources\assets\yoo\Default\aa342d1a31f0f689a337b82f29796699.bundle,True,True,
14616,Assets/Game/RawAssets/Sprite/Item/ItemResources/equip_framgent_202.png,,5984,assets_game_rawassets_sprite_item_itemresources.bundle,aa342d1a31f0f689a337b82f29796699.bundle,8172207,resources\assets\yoo\Default\aa342d1a31f0f689a337b82f29796699.bundle,True,True,
14617,Assets/Game/RawAssets/Sprite/Item/ItemResources/equip_framgent_301.png,,5984,assets_game_rawassets_sprite_item_itemresources.bundle,aa342d1a31f0f689a337b82f29796699.bundle,8172207,resources\assets\yoo\Default\aa342d1a31f0f689a337b82f29796699.bundle,True,True,
14618,Assets/Game/RawAssets/Sprite/Item/ItemResources/equip_framgent_302.png,,5984,assets_game_rawassets_sprite_item_itemresources.bundle,aa342d1a31f0f689a337b82f29796699.bundle,8172207,resources\assets\yoo\Default\aa342d1a31f0f689a337b82f29796699.bundle,True,True,
14619,Assets/Game/RawAssets/Sprite/Item/ItemResources/equip_framgent_401.png,,5984,assets_game_rawassets_sprite_item_itemresources.bundle,aa342d1a31f0f689a337b82f29796699.bundle,8172207,resources\assets\yoo\Default\aa342d1a31f0f689a337b82f29796699.bundle,True,True,
14620,Assets/Game/RawAssets/Sprite/Item/ItemResources/equip_framgent_402.png,,5984,assets_game_rawassets_sprite_item_itemresources.bundle,aa342d1a31f0f689a337b82f29796699.bundle,8172207,resources\assets\yoo\Default\aa342d1a31f0f689a337b82f29796699.bundle,True,True,
14621,Assets/Game/RawAssets/Sprite/Item/ItemResources/equip_icon_101.png,,5984,assets_game_rawassets_sprite_item_itemresources.bundle,aa342d1a31f0f689a337b82f29796699.bundle,8172207,resources\assets\yoo\Default\aa342d1a31f0f689a337b82f29796699.bundle,True,True,
14622,Assets/Game/RawAssets/Sprite/Item/ItemResources/equip_icon_102.png,,5984,assets_game_rawassets_sprite_item_itemresources.bundle,aa342d1a31f0f689a337b82f29796699.bundle,8172207,resources\assets\yoo\Default\aa342d1a31f0f689a337b82f29796699.bundle,True,True,
14623,Assets/Game/RawAssets/Sprite/Item/ItemResources/equip_icon_103.png,,5984,assets_game_rawassets_sprite_item_itemresources.bundle,aa342d1a31f0f689a337b82f29796699.bundle,8172207,resources\assets\yoo\Default\aa342d1a31f0f689a337b82f29796699.bundle,True,True,
14624,Assets/Game/RawAssets/Sprite/Item/ItemResources/equip_icon_104.png,,5984,assets_game_rawassets_sprite_item_itemresources.bundle,aa342d1a31f0f689a337b82f29796699.bundle,8172207,resources\assets\yoo\Default\aa342d1a31f0f689a337b82f29796699.bundle,True,True,
14625,Assets/Game/RawAssets/Sprite/Item/ItemResources/equip_icon_1061.png,,5984,assets_game_rawassets_sprite_item_itemresources.bundle,aa342d1a31f0f689a337b82f29796699.bundle,8172207,resources\assets\yoo\Default\aa342d1a31f0f689a337b82f29796699.bundle,True,True,
14626,Assets/Game/RawAssets/Sprite/Item/ItemResources/equip_icon_201.png,,5984,assets_game_rawassets_sprite_item_itemresources.bundle,aa342d1a31f0f689a337b82f29796699.bundle,8172207,resources\assets\yoo\Default\aa342d1a31f0f689a337b82f29796699.bundle,True,True,
14627,Assets/Game/RawAssets/Sprite/Item/ItemResources/equip_icon_202.png,,5984,assets_game_rawassets_sprite_item_itemresources.bundle,aa342d1a31f0f689a337b82f29796699.bundle,8172207,resources\assets\yoo\Default\aa342d1a31f0f689a337b82f29796699.bundle,True,True,
14628,Assets/Game/RawAssets/Sprite/Item/ItemResources/equip_icon_203.png,,5984,assets_game_rawassets_sprite_item_itemresources.bundle,aa342d1a31f0f689a337b82f29796699.bundle,8172207,resources\assets\yoo\Default\aa342d1a31f0f689a337b82f29796699.bundle,True,True,
14629,Assets/Game/RawAssets/Sprite/Item/ItemResources/equip_icon_204.png,,5984,assets_game_rawassets_sprite_item_itemresources.bundle,aa342d1a31f0f689a337b82f29796699.bundle,8172207,resources\assets\yoo\Default\aa342d1a31f0f689a337b82f29796699.bundle,True,True,
14630,Assets/Game/RawAssets/Sprite/Item/ItemResources/equip_icon_2061.png,,5984,assets_game_rawassets_sprite_item_itemresources.bundle,aa342d1a31f0f689a337b82f29796699.bundle,8172207,resources\assets\yoo\Default\aa342d1a31f0f689a337b82f29796699.bundle,True,True,
14631,Assets/Game/RawAssets/Sprite/Item/ItemResources/equip_icon_301.png,,5984,assets_game_rawassets_sprite_item_itemresources.bundle,aa342d1a31f0f689a337b82f29796699.bundle,8172207,resources\assets\yoo\Default\aa342d1a31f0f689a337b82f29796699.bundle,True,True,
14632,Assets/Game/RawAssets/Sprite/Item/ItemResources/equip_icon_302.png,,5984,assets_game_rawassets_sprite_item_itemresources.bundle,aa342d1a31f0f689a337b82f29796699.bundle,8172207,resources\assets\yoo\Default\aa342d1a31f0f689a337b82f29796699.bundle,True,True,
14633,Assets/Game/RawAssets/Sprite/Item/ItemResources/equip_icon_303.png,,5984,assets_game_rawassets_sprite_item_itemresources.bundle,aa342d1a31f0f689a337b82f29796699.bundle,8172207,resources\assets\yoo\Default\aa342d1a31f0f689a337b82f29796699.bundle,True,True,
14634,Assets/Game/RawAssets/Sprite/Item/ItemResources/equip_icon_304.png,,5984,assets_game_rawassets_sprite_item_itemresources.bundle,aa342d1a31f0f689a337b82f29796699.bundle,8172207,resources\assets\yoo\Default\aa342d1a31f0f689a337b82f29796699.bundle,True,True,
14635,Assets/Game/RawAssets/Sprite/Item/ItemResources/equip_icon_3061.png,,5984,assets_game_rawassets_sprite_item_itemresources.bundle,aa342d1a31f0f689a337b82f29796699.bundle,8172207,resources\assets\yoo\Default\aa342d1a31f0f689a337b82f29796699.bundle,True,True,
14636,Assets/Game/RawAssets/Sprite/Item/ItemResources/equip_icon_401.png,,5984,assets_game_rawassets_sprite_item_itemresources.bundle,aa342d1a31f0f689a337b82f29796699.bundle,8172207,resources\assets\yoo\Default\aa342d1a31f0f689a337b82f29796699.bundle,True,True,
14637,Assets/Game/RawAssets/Sprite/Item/ItemResources/equip_icon_402.png,,5984,assets_game_rawassets_sprite_item_itemresources.bundle,aa342d1a31f0f689a337b82f29796699.bundle,8172207,resources\assets\yoo\Default\aa342d1a31f0f689a337b82f29796699.bundle,True,True,
14638,Assets/Game/RawAssets/Sprite/Item/ItemResources/equip_icon_403.png,,5984,assets_game_rawassets_sprite_item_itemresources.bundle,aa342d1a31f0f689a337b82f29796699.bundle,8172207,resources\assets\yoo\Default\aa342d1a31f0f689a337b82f29796699.bundle,True,True,
14639,Assets/Game/RawAssets/Sprite/Item/ItemResources/equip_icon_404.png,,5984,assets_game_rawassets_sprite_item_itemresources.bundle,aa342d1a31f0f689a337b82f29796699.bundle,8172207,resources\assets\yoo\Default\aa342d1a31f0f689a337b82f29796699.bundle,True,True,
14640,Assets/Game/RawAssets/Sprite/Item/ItemResources/equip_icon_4061.png,,5984,assets_game_rawassets_sprite_item_itemresources.bundle,aa342d1a31f0f689a337b82f29796699.bundle,8172207,resources\assets\yoo\Default\aa342d1a31f0f689a337b82f29796699.bundle,True,True,
14641,Assets/Game/RawAssets/Sprite/Item/ItemResources/equip_icon_501.png,,5984,assets_game_rawassets_sprite_item_itemresources.bundle,aa342d1a31f0f689a337b82f29796699.bundle,8172207,resources\assets\yoo\Default\aa342d1a31f0f689a337b82f29796699.bundle,True,True,
14642,Assets/Game/RawAssets/Sprite/Item/ItemResources/equip_icon_502.png,,5984,assets_game_rawassets_sprite_item_itemresources.bundle,aa342d1a31f0f689a337b82f29796699.bundle,8172207,resources\assets\yoo\Default\aa342d1a31f0f689a337b82f29796699.bundle,True,True,
14643,Assets/Game/RawAssets/Sprite/Item/ItemResources/equip_icon_503.png,,5984,assets_game_rawassets_sprite_item_itemresources.bundle,aa342d1a31f0f689a337b82f29796699.bundle,8172207,resources\assets\yoo\Default\aa342d1a31f0f689a337b82f29796699.bundle,True,True,
14644,Assets/Game/RawAssets/Sprite/Item/ItemResources/equip_icon_504.png,,5984,assets_game_rawassets_sprite_item_itemresources.bundle,aa342d1a31f0f689a337b82f29796699.bundle,8172207,resources\assets\yoo\Default\aa342d1a31f0f689a337b82f29796699.bundle,True,True,
14645,Assets/Game/RawAssets/Sprite/Item/ItemResources/equip_icon_601.png,,5984,assets_game_rawassets_sprite_item_itemresources.bundle,aa342d1a31f0f689a337b82f29796699.bundle,8172207,resources\assets\yoo\Default\aa342d1a31f0f689a337b82f29796699.bundle,True,True,
14646,Assets/Game/RawAssets/Sprite/Item/ItemResources/equip_icon_602.png,,5984,assets_game_rawassets_sprite_item_itemresources.bundle,aa342d1a31f0f689a337b82f29796699.bundle,8172207,resources\assets\yoo\Default\aa342d1a31f0f689a337b82f29796699.bundle,True,True,
14647,Assets/Game/RawAssets/Sprite/Item/ItemResources/equip_icon_603.png,,5984,assets_game_rawassets_sprite_item_itemresources.bundle,aa342d1a31f0f689a337b82f29796699.bundle,8172207,resources\assets\yoo\Default\aa342d1a31f0f689a337b82f29796699.bundle,True,True,
14648,Assets/Game/RawAssets/Sprite/Item/ItemResources/equip_icon_604.png,,5984,assets_game_rawassets_sprite_item_itemresources.bundle,aa342d1a31f0f689a337b82f29796699.bundle,8172207,resources\assets\yoo\Default\aa342d1a31f0f689a337b82f29796699.bundle,True,True,
14649,Assets/Game/RawAssets/Sprite/Item/ItemResources/gal_room01.png,,5984,assets_game_rawassets_sprite_item_itemresources.bundle,aa342d1a31f0f689a337b82f29796699.bundle,8172207,resources\assets\yoo\Default\aa342d1a31f0f689a337b82f29796699.bundle,True,True,
14650,Assets/Game/RawAssets/Sprite/Item/ItemResources/gal_room02.png,,5984,assets_game_rawassets_sprite_item_itemresources.bundle,aa342d1a31f0f689a337b82f29796699.bundle,8172207,resources\assets\yoo\Default\aa342d1a31f0f689a337b82f29796699.bundle,True,True,
14651,Assets/Game/RawAssets/Sprite/Item/ItemResources/gal_room03.png,,5984,assets_game_rawassets_sprite_item_itemresources.bundle,aa342d1a31f0f689a337b82f29796699.bundle,8172207,resources\assets\yoo\Default\aa342d1a31f0f689a337b82f29796699.bundle,True,True,
14652,Assets/Game/RawAssets/Sprite/Item/ItemResources/gal_room04.png,,5984,assets_game_rawassets_sprite_item_itemresources.bundle,aa342d1a31f0f689a337b82f29796699.bundle,8172207,resources\assets\yoo\Default\aa342d1a31f0f689a337b82f29796699.bundle,True,True,
14653,Assets/Game/RawAssets/Sprite/Item/ItemResources/gal_skin01_003.png,,5984,assets_game_rawassets_sprite_item_itemresources.bundle,aa342d1a31f0f689a337b82f29796699.bundle,8172207,resources\assets\yoo\Default\aa342d1a31f0f689a337b82f29796699.bundle,True,True,
14654,Assets/Game/RawAssets/Sprite/Item/ItemResources/gal_skin01_021.png,,5984,assets_game_rawassets_sprite_item_itemresources.bundle,aa342d1a31f0f689a337b82f29796699.bundle,8172207,resources\assets\yoo\Default\aa342d1a31f0f689a337b82f29796699.bundle,True,True,
14655,Assets/Game/RawAssets/Sprite/Item/ItemResources/gal_skin01_037.png,,5984,assets_game_rawassets_sprite_item_itemresources.bundle,aa342d1a31f0f689a337b82f29796699.bundle,8172207,resources\assets\yoo\Default\aa342d1a31f0f689a337b82f29796699.bundle,True,True,
14656,Assets/Game/RawAssets/Sprite/Item/ItemResources/gal_skin01_050.png,,5984,assets_game_rawassets_sprite_item_itemresources.bundle,aa342d1a31f0f689a337b82f29796699.bundle,8172207,resources\assets\yoo\Default\aa342d1a31f0f689a337b82f29796699.bundle,True,True,
14657,Assets/Game/RawAssets/Sprite/Item/ItemResources/gal_skin01_051.png,,5984,assets_game_rawassets_sprite_item_itemresources.bundle,aa342d1a31f0f689a337b82f29796699.bundle,8172207,resources\assets\yoo\Default\aa342d1a31f0f689a337b82f29796699.bundle,True,True,
14658,Assets/Game/RawAssets/Sprite/Item/ItemResources/gal_skin01_052.png,,5984,assets_game_rawassets_sprite_item_itemresources.bundle,aa342d1a31f0f689a337b82f29796699.bundle,8172207,resources\assets\yoo\Default\aa342d1a31f0f689a337b82f29796699.bundle,True,True,
14659,Assets/Game/RawAssets/Sprite/Item/ItemResources/gal_skin01_053.png,,5984,assets_game_rawassets_sprite_item_itemresources.bundle,aa342d1a31f0f689a337b82f29796699.bundle,8172207,resources\assets\yoo\Default\aa342d1a31f0f689a337b82f29796699.bundle,True,True,
14660,Assets/Game/RawAssets/Sprite/Item/ItemResources/godds_200630.png,,5984,assets_game_rawassets_sprite_item_itemresources.bundle,aa342d1a31f0f689a337b82f29796699.bundle,8172207,resources\assets\yoo\Default\aa342d1a31f0f689a337b82f29796699.bundle,True,True,
14661,Assets/Game/RawAssets/Sprite/Item/ItemResources/goods_1000000.png,,5984,assets_game_rawassets_sprite_item_itemresources.bundle,aa342d1a31f0f689a337b82f29796699.bundle,8172207,resources\assets\yoo\Default\aa342d1a31f0f689a337b82f29796699.bundle,True,True,
14662,Assets/Game/RawAssets/Sprite/Item/ItemResources/goods_1000001.png,,5984,assets_game_rawassets_sprite_item_itemresources.bundle,aa342d1a31f0f689a337b82f29796699.bundle,8172207,resources\assets\yoo\Default\aa342d1a31f0f689a337b82f29796699.bundle,True,True,
14663,Assets/Game/RawAssets/Sprite/Item/ItemResources/goods_1000028.png,,5984,assets_game_rawassets_sprite_item_itemresources.bundle,aa342d1a31f0f689a337b82f29796699.bundle,8172207,resources\assets\yoo\Default\aa342d1a31f0f689a337b82f29796699.bundle,True,True,
14664,Assets/Game/RawAssets/Sprite/Item/ItemResources/goods_1241104.png,,5984,assets_game_rawassets_sprite_item_itemresources.bundle,aa342d1a31f0f689a337b82f29796699.bundle,8172207,resources\assets\yoo\Default\aa342d1a31f0f689a337b82f29796699.bundle,True,True,
14665,Assets/Game/RawAssets/Sprite/Item/ItemResources/goods_200021.png,,5984,assets_game_rawassets_sprite_item_itemresources.bundle,aa342d1a31f0f689a337b82f29796699.bundle,8172207,resources\assets\yoo\Default\aa342d1a31f0f689a337b82f29796699.bundle,True,True,
14666,Assets/Game/RawAssets/Sprite/Item/ItemResources/goods_200026.png,,5984,assets_game_rawassets_sprite_item_itemresources.bundle,aa342d1a31f0f689a337b82f29796699.bundle,8172207,resources\assets\yoo\Default\aa342d1a31f0f689a337b82f29796699.bundle,True,True,
14667,Assets/Game/RawAssets/Sprite/Item/ItemResources/goods_200030.png,,5984,assets_game_rawassets_sprite_item_itemresources.bundle,aa342d1a31f0f689a337b82f29796699.bundle,8172207,resources\assets\yoo\Default\aa342d1a31f0f689a337b82f29796699.bundle,True,True,
14668,Assets/Game/RawAssets/Sprite/Item/ItemResources/goods_200031.png,,5984,assets_game_rawassets_sprite_item_itemresources.bundle,aa342d1a31f0f689a337b82f29796699.bundle,8172207,resources\assets\yoo\Default\aa342d1a31f0f689a337b82f29796699.bundle,True,True,
14669,Assets/Game/RawAssets/Sprite/Item/ItemResources/goods_200033.png,,5984,assets_game_rawassets_sprite_item_itemresources.bundle,aa342d1a31f0f689a337b82f29796699.bundle,8172207,resources\assets\yoo\Default\aa342d1a31f0f689a337b82f29796699.bundle,True,True,
14670,Assets/Game/RawAssets/Sprite/Item/ItemResources/goods_200034.png,,5984,assets_game_rawassets_sprite_item_itemresources.bundle,aa342d1a31f0f689a337b82f29796699.bundle,8172207,resources\assets\yoo\Default\aa342d1a31f0f689a337b82f29796699.bundle,True,True,
14671,Assets/Game/RawAssets/Sprite/Item/ItemResources/goods_200035.png,,5984,assets_game_rawassets_sprite_item_itemresources.bundle,aa342d1a31f0f689a337b82f29796699.bundle,8172207,resources\assets\yoo\Default\aa342d1a31f0f689a337b82f29796699.bundle,True,True,
14672,Assets/Game/RawAssets/Sprite/Item/ItemResources/goods_200601.png,,5984,assets_game_rawassets_sprite_item_itemresources.bundle,aa342d1a31f0f689a337b82f29796699.bundle,8172207,resources\assets\yoo\Default\aa342d1a31f0f689a337b82f29796699.bundle,True,True,
14673,Assets/Game/RawAssets/Sprite/Item/ItemResources/goods_200602.png,,5984,assets_game_rawassets_sprite_item_itemresources.bundle,aa342d1a31f0f689a337b82f29796699.bundle,8172207,resources\assets\yoo\Default\aa342d1a31f0f689a337b82f29796699.bundle,True,True,
14674,Assets/Game/RawAssets/Sprite/Item/ItemResources/goods_200629.png,,5984,assets_game_rawassets_sprite_item_itemresources.bundle,aa342d1a31f0f689a337b82f29796699.bundle,8172207,resources\assets\yoo\Default\aa342d1a31f0f689a337b82f29796699.bundle,True,True,
14675,Assets/Game/RawAssets/Sprite/Item/ItemResources/goods_200632.png,,5984,assets_game_rawassets_sprite_item_itemresources.bundle,aa342d1a31f0f689a337b82f29796699.bundle,8172207,resources\assets\yoo\Default\aa342d1a31f0f689a337b82f29796699.bundle,True,True,
14676,Assets/Game/RawAssets/Sprite/Item/ItemResources/goods_200633.png,,5984,assets_game_rawassets_sprite_item_itemresources.bundle,aa342d1a31f0f689a337b82f29796699.bundle,8172207,resources\assets\yoo\Default\aa342d1a31f0f689a337b82f29796699.bundle,True,True,
14677,Assets/Game/RawAssets/Sprite/Item/ItemResources/goods_209001.png,,5984,assets_game_rawassets_sprite_item_itemresources.bundle,aa342d1a31f0f689a337b82f29796699.bundle,8172207,resources\assets\yoo\Default\aa342d1a31f0f689a337b82f29796699.bundle,True,True,
14678,Assets/Game/RawAssets/Sprite/Item/ItemResources/goods_209460.png,,5984,assets_game_rawassets_sprite_item_itemresources.bundle,aa342d1a31f0f689a337b82f29796699.bundle,8172207,resources\assets\yoo\Default\aa342d1a31f0f689a337b82f29796699.bundle,True,True,
14679,Assets/Game/RawAssets/Sprite/Item/ItemResources/goods_209493.png,,5984,assets_game_rawassets_sprite_item_itemresources.bundle,aa342d1a31f0f689a337b82f29796699.bundle,8172207,resources\assets\yoo\Default\aa342d1a31f0f689a337b82f29796699.bundle,True,True,
14680,Assets/Game/RawAssets/Sprite/Item/ItemResources/goods_209494.png,,5984,assets_game_rawassets_sprite_item_itemresources.bundle,aa342d1a31f0f689a337b82f29796699.bundle,8172207,resources\assets\yoo\Default\aa342d1a31f0f689a337b82f29796699.bundle,True,True,
14681,Assets/Game/RawAssets/Sprite/Item/ItemResources/goods_209901.png,,5984,assets_game_rawassets_sprite_item_itemresources.bundle,aa342d1a31f0f689a337b82f29796699.bundle,8172207,resources\assets\yoo\Default\aa342d1a31f0f689a337b82f29796699.bundle,True,True,
14682,Assets/Game/RawAssets/Sprite/Item/ItemResources/goods_209943.png,,5984,assets_game_rawassets_sprite_item_itemresources.bundle,aa342d1a31f0f689a337b82f29796699.bundle,8172207,resources\assets\yoo\Default\aa342d1a31f0f689a337b82f29796699.bundle,True,True,
14683,Assets/Game/RawAssets/Sprite/Item/ItemResources/goods_209944.png,,5984,assets_game_rawassets_sprite_item_itemresources.bundle,aa342d1a31f0f689a337b82f29796699.bundle,8172207,resources\assets\yoo\Default\aa342d1a31f0f689a337b82f29796699.bundle,True,True,
14684,Assets/Game/RawAssets/Sprite/Item/ItemResources/goods_209945.png,,5984,assets_game_rawassets_sprite_item_itemresources.bundle,aa342d1a31f0f689a337b82f29796699.bundle,8172207,resources\assets\yoo\Default\aa342d1a31f0f689a337b82f29796699.bundle,True,True,
14685,Assets/Game/RawAssets/Sprite/Item/ItemResources/goods_209947.png,,5984,assets_game_rawassets_sprite_item_itemresources.bundle,aa342d1a31f0f689a337b82f29796699.bundle,8172207,resources\assets\yoo\Default\aa342d1a31f0f689a337b82f29796699.bundle,True,True,
14686,Assets/Game/RawAssets/Sprite/Item/ItemResources/goods_209948.png,,5984,assets_game_rawassets_sprite_item_itemresources.bundle,aa342d1a31f0f689a337b82f29796699.bundle,8172207,resources\assets\yoo\Default\aa342d1a31f0f689a337b82f29796699.bundle,True,True,
14687,Assets/Game/RawAssets/Sprite/Item/ItemResources/goods_209949.png,,5984,assets_game_rawassets_sprite_item_itemresources.bundle,aa342d1a31f0f689a337b82f29796699.bundle,8172207,resources\assets\yoo\Default\aa342d1a31f0f689a337b82f29796699.bundle,True,True,
14688,Assets/Game/RawAssets/Sprite/Item/ItemResources/goods_209950.png,,5984,assets_game_rawassets_sprite_item_itemresources.bundle,aa342d1a31f0f689a337b82f29796699.bundle,8172207,resources\assets\yoo\Default\aa342d1a31f0f689a337b82f29796699.bundle,True,True,
14689,Assets/Game/RawAssets/Sprite/Item/ItemResources/goods_209952.png,,5984,assets_game_rawassets_sprite_item_itemresources.bundle,aa342d1a31f0f689a337b82f29796699.bundle,8172207,resources\assets\yoo\Default\aa342d1a31f0f689a337b82f29796699.bundle,True,True,
14690,Assets/Game/RawAssets/Sprite/Item/ItemResources/goods_209955.png,,5984,assets_game_rawassets_sprite_item_itemresources.bundle,aa342d1a31f0f689a337b82f29796699.bundle,8172207,resources\assets\yoo\Default\aa342d1a31f0f689a337b82f29796699.bundle,True,True,
14691,Assets/Game/RawAssets/Sprite/Item/ItemResources/goods_209956.png,,5984,assets_game_rawassets_sprite_item_itemresources.bundle,aa342d1a31f0f689a337b82f29796699.bundle,8172207,resources\assets\yoo\Default\aa342d1a31f0f689a337b82f29796699.bundle,True,True,
14692,Assets/Game/RawAssets/Sprite/Item/ItemResources/goods_209957.png,,5984,assets_game_rawassets_sprite_item_itemresources.bundle,aa342d1a31f0f689a337b82f29796699.bundle,8172207,resources\assets\yoo\Default\aa342d1a31f0f689a337b82f29796699.bundle,True,True,
14693,Assets/Game/RawAssets/Sprite/Item/ItemResources/goods_209960.png,,5984,assets_game_rawassets_sprite_item_itemresources.bundle,aa342d1a31f0f689a337b82f29796699.bundle,8172207,resources\assets\yoo\Default\aa342d1a31f0f689a337b82f29796699.bundle,True,True,
14694,Assets/Game/RawAssets/Sprite/Item/ItemResources/goods_209962.png,,5984,assets_game_rawassets_sprite_item_itemresources.bundle,aa342d1a31f0f689a337b82f29796699.bundle,8172207,resources\assets\yoo\Default\aa342d1a31f0f689a337b82f29796699.bundle,True,True,
14695,Assets/Game/RawAssets/Sprite/Item/ItemResources/goods_209963.png,,5984,assets_game_rawassets_sprite_item_itemresources.bundle,aa342d1a31f0f689a337b82f29796699.bundle,8172207,resources\assets\yoo\Default\aa342d1a31f0f689a337b82f29796699.bundle,True,True,
14696,Assets/Game/RawAssets/Sprite/Item/ItemResources/goods_209964.png,,5984,assets_game_rawassets_sprite_item_itemresources.bundle,aa342d1a31f0f689a337b82f29796699.bundle,8172207,resources\assets\yoo\Default\aa342d1a31f0f689a337b82f29796699.bundle,True,True,
14697,Assets/Game/RawAssets/Sprite/Item/ItemResources/goods_209965.png,,5984,assets_game_rawassets_sprite_item_itemresources.bundle,aa342d1a31f0f689a337b82f29796699.bundle,8172207,resources\assets\yoo\Default\aa342d1a31f0f689a337b82f29796699.bundle,True,True,
14698,Assets/Game/RawAssets/Sprite/Item/ItemResources/goods_209966.png,,5984,assets_game_rawassets_sprite_item_itemresources.bundle,aa342d1a31f0f689a337b82f29796699.bundle,8172207,resources\assets\yoo\Default\aa342d1a31f0f689a337b82f29796699.bundle,True,True,
14699,Assets/Game/RawAssets/Sprite/Item/ItemResources/goods_209967.png,,5984,assets_game_rawassets_sprite_item_itemresources.bundle,aa342d1a31f0f689a337b82f29796699.bundle,8172207,resources\assets\yoo\Default\aa342d1a31f0f689a337b82f29796699.bundle,True,True,
14700,Assets/Game/RawAssets/Sprite/Item/ItemResources/goods_209968.png,,5984,assets_game_rawassets_sprite_item_itemresources.bundle,aa342d1a31f0f689a337b82f29796699.bundle,8172207,resources\assets\yoo\Default\aa342d1a31f0f689a337b82f29796699.bundle,True,True,
14701,Assets/Game/RawAssets/Sprite/Item/ItemResources/goods_209969.png,,5984,assets_game_rawassets_sprite_item_itemresources.bundle,aa342d1a31f0f689a337b82f29796699.bundle,8172207,resources\assets\yoo\Default\aa342d1a31f0f689a337b82f29796699.bundle,True,True,
14702,Assets/Game/RawAssets/Sprite/Item/ItemResources/goods_209970.png,,5984,assets_game_rawassets_sprite_item_itemresources.bundle,aa342d1a31f0f689a337b82f29796699.bundle,8172207,resources\assets\yoo\Default\aa342d1a31f0f689a337b82f29796699.bundle,True,True,
14703,Assets/Game/RawAssets/Sprite/Item/ItemResources/goods_209971.png,,5984,assets_game_rawassets_sprite_item_itemresources.bundle,aa342d1a31f0f689a337b82f29796699.bundle,8172207,resources\assets\yoo\Default\aa342d1a31f0f689a337b82f29796699.bundle,True,True,
14704,Assets/Game/RawAssets/Sprite/Item/ItemResources/goods_209972.png,,5984,assets_game_rawassets_sprite_item_itemresources.bundle,aa342d1a31f0f689a337b82f29796699.bundle,8172207,resources\assets\yoo\Default\aa342d1a31f0f689a337b82f29796699.bundle,True,True,
14705,Assets/Game/RawAssets/Sprite/Item/ItemResources/goods_209973.png,,5984,assets_game_rawassets_sprite_item_itemresources.bundle,aa342d1a31f0f689a337b82f29796699.bundle,8172207,resources\assets\yoo\Default\aa342d1a31f0f689a337b82f29796699.bundle,True,True,
14706,Assets/Game/RawAssets/Sprite/Item/ItemResources/goods_209975.png,,5984,assets_game_rawassets_sprite_item_itemresources.bundle,aa342d1a31f0f689a337b82f29796699.bundle,8172207,resources\assets\yoo\Default\aa342d1a31f0f689a337b82f29796699.bundle,True,True,
14707,Assets/Game/RawAssets/Sprite/Item/ItemResources/goods_209976.png,,5984,assets_game_rawassets_sprite_item_itemresources.bundle,aa342d1a31f0f689a337b82f29796699.bundle,8172207,resources\assets\yoo\Default\aa342d1a31f0f689a337b82f29796699.bundle,True,True,
14708,Assets/Game/RawAssets/Sprite/Item/ItemResources/goods_209977.png,,5984,assets_game_rawassets_sprite_item_itemresources.bundle,aa342d1a31f0f689a337b82f29796699.bundle,8172207,resources\assets\yoo\Default\aa342d1a31f0f689a337b82f29796699.bundle,True,True,
14709,Assets/Game/RawAssets/Sprite/Item/ItemResources/goods_209978.png,,5984,assets_game_rawassets_sprite_item_itemresources.bundle,aa342d1a31f0f689a337b82f29796699.bundle,8172207,resources\assets\yoo\Default\aa342d1a31f0f689a337b82f29796699.bundle,True,True,
14710,Assets/Game/RawAssets/Sprite/Item/ItemResources/goods_209980.png,,5984,assets_game_rawassets_sprite_item_itemresources.bundle,aa342d1a31f0f689a337b82f29796699.bundle,8172207,resources\assets\yoo\Default\aa342d1a31f0f689a337b82f29796699.bundle,True,True,
14711,Assets/Game/RawAssets/Sprite/Item/ItemResources/goods_209983.png,,5984,assets_game_rawassets_sprite_item_itemresources.bundle,aa342d1a31f0f689a337b82f29796699.bundle,8172207,resources\assets\yoo\Default\aa342d1a31f0f689a337b82f29796699.bundle,True,True,
14712,Assets/Game/RawAssets/Sprite/Item/ItemResources/goods_209984.png,,5984,assets_game_rawassets_sprite_item_itemresources.bundle,aa342d1a31f0f689a337b82f29796699.bundle,8172207,resources\assets\yoo\Default\aa342d1a31f0f689a337b82f29796699.bundle,True,True,
14713,Assets/Game/RawAssets/Sprite/Item/ItemResources/goods_209985.png,,5984,assets_game_rawassets_sprite_item_itemresources.bundle,aa342d1a31f0f689a337b82f29796699.bundle,8172207,resources\assets\yoo\Default\aa342d1a31f0f689a337b82f29796699.bundle,True,True,
14714,Assets/Game/RawAssets/Sprite/Item/ItemResources/goods_209986.png,,5984,assets_game_rawassets_sprite_item_itemresources.bundle,aa342d1a31f0f689a337b82f29796699.bundle,8172207,resources\assets\yoo\Default\aa342d1a31f0f689a337b82f29796699.bundle,True,True,
14715,Assets/Game/RawAssets/Sprite/Item/ItemResources/goods_209987.png,,5984,assets_game_rawassets_sprite_item_itemresources.bundle,aa342d1a31f0f689a337b82f29796699.bundle,8172207,resources\assets\yoo\Default\aa342d1a31f0f689a337b82f29796699.bundle,True,True,
14716,Assets/Game/RawAssets/Sprite/Item/ItemResources/goods_209988.png,,5984,assets_game_rawassets_sprite_item_itemresources.bundle,aa342d1a31f0f689a337b82f29796699.bundle,8172207,resources\assets\yoo\Default\aa342d1a31f0f689a337b82f29796699.bundle,True,True,
14717,Assets/Game/RawAssets/Sprite/Item/ItemResources/goods_209989.png,,5984,assets_game_rawassets_sprite_item_itemresources.bundle,aa342d1a31f0f689a337b82f29796699.bundle,8172207,resources\assets\yoo\Default\aa342d1a31f0f689a337b82f29796699.bundle,True,True,
14718,Assets/Game/RawAssets/Sprite/Item/ItemResources/goods_209990.png,,5984,assets_game_rawassets_sprite_item_itemresources.bundle,aa342d1a31f0f689a337b82f29796699.bundle,8172207,resources\assets\yoo\Default\aa342d1a31f0f689a337b82f29796699.bundle,True,True,
14719,Assets/Game/RawAssets/Sprite/Item/ItemResources/goods_209991.png,,5984,assets_game_rawassets_sprite_item_itemresources.bundle,aa342d1a31f0f689a337b82f29796699.bundle,8172207,resources\assets\yoo\Default\aa342d1a31f0f689a337b82f29796699.bundle,True,True,
14720,Assets/Game/RawAssets/Sprite/Item/ItemResources/goods_209992.png,,5984,assets_game_rawassets_sprite_item_itemresources.bundle,aa342d1a31f0f689a337b82f29796699.bundle,8172207,resources\assets\yoo\Default\aa342d1a31f0f689a337b82f29796699.bundle,True,True,
14721,Assets/Game/RawAssets/Sprite/Item/ItemResources/goods_209993.png,,5984,assets_game_rawassets_sprite_item_itemresources.bundle,aa342d1a31f0f689a337b82f29796699.bundle,8172207,resources\assets\yoo\Default\aa342d1a31f0f689a337b82f29796699.bundle,True,True,
14722,Assets/Game/RawAssets/Sprite/Item/ItemResources/goods_209994.png,,5984,assets_game_rawassets_sprite_item_itemresources.bundle,aa342d1a31f0f689a337b82f29796699.bundle,8172207,resources\assets\yoo\Default\aa342d1a31f0f689a337b82f29796699.bundle,True,True,
14723,Assets/Game/RawAssets/Sprite/Item/ItemResources/goods_209995.png,,5984,assets_game_rawassets_sprite_item_itemresources.bundle,aa342d1a31f0f689a337b82f29796699.bundle,8172207,resources\assets\yoo\Default\aa342d1a31f0f689a337b82f29796699.bundle,True,True,
14724,Assets/Game/RawAssets/Sprite/Item/ItemResources/goods_209996.png,,5984,assets_game_rawassets_sprite_item_itemresources.bundle,aa342d1a31f0f689a337b82f29796699.bundle,8172207,resources\assets\yoo\Default\aa342d1a31f0f689a337b82f29796699.bundle,True,True,
14725,Assets/Game/RawAssets/Sprite/Item/ItemResources/goods_209997.png,,5984,assets_game_rawassets_sprite_item_itemresources.bundle,aa342d1a31f0f689a337b82f29796699.bundle,8172207,resources\assets\yoo\Default\aa342d1a31f0f689a337b82f29796699.bundle,True,True,
14726,Assets/Game/RawAssets/Sprite/Item/ItemResources/goods_209998.png,,5984,assets_game_rawassets_sprite_item_itemresources.bundle,aa342d1a31f0f689a337b82f29796699.bundle,8172207,resources\assets\yoo\Default\aa342d1a31f0f689a337b82f29796699.bundle,True,True,
14727,Assets/Game/RawAssets/Sprite/Item/ItemResources/goods_209999.png,,5984,assets_game_rawassets_sprite_item_itemresources.bundle,aa342d1a31f0f689a337b82f29796699.bundle,8172207,resources\assets\yoo\Default\aa342d1a31f0f689a337b82f29796699.bundle,True,True,
14728,Assets/Game/RawAssets/Sprite/Item/ItemResources/goods_210000.png,,5984,assets_game_rawassets_sprite_item_itemresources.bundle,aa342d1a31f0f689a337b82f29796699.bundle,8172207,resources\assets\yoo\Default\aa342d1a31f0f689a337b82f29796699.bundle,True,True,
14729,Assets/Game/RawAssets/Sprite/Item/ItemResources/goods_210001.png,,5984,assets_game_rawassets_sprite_item_itemresources.bundle,aa342d1a31f0f689a337b82f29796699.bundle,8172207,resources\assets\yoo\Default\aa342d1a31f0f689a337b82f29796699.bundle,True,True,
14730,Assets/Game/RawAssets/Sprite/Item/ItemResources/goods_210002.png,,5984,assets_game_rawassets_sprite_item_itemresources.bundle,aa342d1a31f0f689a337b82f29796699.bundle,8172207,resources\assets\yoo\Default\aa342d1a31f0f689a337b82f29796699.bundle,True,True,
14731,Assets/Game/RawAssets/Sprite/Item/ItemResources/goods_210009.png,,5984,assets_game_rawassets_sprite_item_itemresources.bundle,aa342d1a31f0f689a337b82f29796699.bundle,8172207,resources\assets\yoo\Default\aa342d1a31f0f689a337b82f29796699.bundle,True,True,
14732,Assets/Game/RawAssets/Sprite/Item/ItemResources/goods_210010.png,,5984,assets_game_rawassets_sprite_item_itemresources.bundle,aa342d1a31f0f689a337b82f29796699.bundle,8172207,resources\assets\yoo\Default\aa342d1a31f0f689a337b82f29796699.bundle,True,True,
14733,Assets/Game/RawAssets/Sprite/Item/ItemResources/goods_210088.png,,5984,assets_game_rawassets_sprite_item_itemresources.bundle,aa342d1a31f0f689a337b82f29796699.bundle,8172207,resources\assets\yoo\Default\aa342d1a31f0f689a337b82f29796699.bundle,True,True,
14734,Assets/Game/RawAssets/Sprite/Item/ItemResources/goods_210112.png,,5984,assets_game_rawassets_sprite_item_itemresources.bundle,aa342d1a31f0f689a337b82f29796699.bundle,8172207,resources\assets\yoo\Default\aa342d1a31f0f689a337b82f29796699.bundle,True,True,
14735,Assets/Game/RawAssets/Sprite/Item/ItemResources/goods_210114.png,,5984,assets_game_rawassets_sprite_item_itemresources.bundle,aa342d1a31f0f689a337b82f29796699.bundle,8172207,resources\assets\yoo\Default\aa342d1a31f0f689a337b82f29796699.bundle,True,True,
14736,Assets/Game/RawAssets/Sprite/Item/ItemResources/goods_211001.png,,5984,assets_game_rawassets_sprite_item_itemresources.bundle,aa342d1a31f0f689a337b82f29796699.bundle,8172207,resources\assets\yoo\Default\aa342d1a31f0f689a337b82f29796699.bundle,True,True,
14737,Assets/Game/RawAssets/Sprite/Item/ItemResources/goods_211002.png,,5984,assets_game_rawassets_sprite_item_itemresources.bundle,aa342d1a31f0f689a337b82f29796699.bundle,8172207,resources\assets\yoo\Default\aa342d1a31f0f689a337b82f29796699.bundle,True,True,
14738,Assets/Game/RawAssets/Sprite/Item/ItemResources/goods_211003.png,,5984,assets_game_rawassets_sprite_item_itemresources.bundle,aa342d1a31f0f689a337b82f29796699.bundle,8172207,resources\assets\yoo\Default\aa342d1a31f0f689a337b82f29796699.bundle,True,True,
14739,Assets/Game/RawAssets/Sprite/Item/ItemResources/goods_211004.png,,5984,assets_game_rawassets_sprite_item_itemresources.bundle,aa342d1a31f0f689a337b82f29796699.bundle,8172207,resources\assets\yoo\Default\aa342d1a31f0f689a337b82f29796699.bundle,True,True,
14740,Assets/Game/RawAssets/Sprite/Item/ItemResources/goods_212000.png,,5984,assets_game_rawassets_sprite_item_itemresources.bundle,aa342d1a31f0f689a337b82f29796699.bundle,8172207,resources\assets\yoo\Default\aa342d1a31f0f689a337b82f29796699.bundle,True,True,
14741,Assets/Game/RawAssets/Sprite/Item/ItemResources/goods_212013.png,,5984,assets_game_rawassets_sprite_item_itemresources.bundle,aa342d1a31f0f689a337b82f29796699.bundle,8172207,resources\assets\yoo\Default\aa342d1a31f0f689a337b82f29796699.bundle,True,True,
14742,Assets/Game/RawAssets/Sprite/Item/ItemResources/goods_212014.png,,5984,assets_game_rawassets_sprite_item_itemresources.bundle,aa342d1a31f0f689a337b82f29796699.bundle,8172207,resources\assets\yoo\Default\aa342d1a31f0f689a337b82f29796699.bundle,True,True,
14743,Assets/Game/RawAssets/Sprite/Item/ItemResources/goods_212015.png,,5984,assets_game_rawassets_sprite_item_itemresources.bundle,aa342d1a31f0f689a337b82f29796699.bundle,8172207,resources\assets\yoo\Default\aa342d1a31f0f689a337b82f29796699.bundle,True,True,
14744,Assets/Game/RawAssets/Sprite/Item/ItemResources/goods_212016.png,,5984,assets_game_rawassets_sprite_item_itemresources.bundle,aa342d1a31f0f689a337b82f29796699.bundle,8172207,resources\assets\yoo\Default\aa342d1a31f0f689a337b82f29796699.bundle,True,True,
14745,Assets/Game/RawAssets/Sprite/Item/ItemResources/goods_212017.png,,5984,assets_game_rawassets_sprite_item_itemresources.bundle,aa342d1a31f0f689a337b82f29796699.bundle,8172207,resources\assets\yoo\Default\aa342d1a31f0f689a337b82f29796699.bundle,True,True,
14746,Assets/Game/RawAssets/Sprite/Item/ItemResources/goods_212018.png,,5984,assets_game_rawassets_sprite_item_itemresources.bundle,aa342d1a31f0f689a337b82f29796699.bundle,8172207,resources\assets\yoo\Default\aa342d1a31f0f689a337b82f29796699.bundle,True,True,
14747,Assets/Game/RawAssets/Sprite/Item/ItemResources/goods_212019.png,,5984,assets_game_rawassets_sprite_item_itemresources.bundle,aa342d1a31f0f689a337b82f29796699.bundle,8172207,resources\assets\yoo\Default\aa342d1a31f0f689a337b82f29796699.bundle,True,True,
14748,Assets/Game/RawAssets/Sprite/Item/ItemResources/goods_212101.png,,5984,assets_game_rawassets_sprite_item_itemresources.bundle,aa342d1a31f0f689a337b82f29796699.bundle,8172207,resources\assets\yoo\Default\aa342d1a31f0f689a337b82f29796699.bundle,True,True,
14749,Assets/Game/RawAssets/Sprite/Item/ItemResources/goods_212102.png,,5984,assets_game_rawassets_sprite_item_itemresources.bundle,aa342d1a31f0f689a337b82f29796699.bundle,8172207,resources\assets\yoo\Default\aa342d1a31f0f689a337b82f29796699.bundle,True,True,
14750,Assets/Game/RawAssets/Sprite/Item/ItemResources/goods_212103.png,,5984,assets_game_rawassets_sprite_item_itemresources.bundle,aa342d1a31f0f689a337b82f29796699.bundle,8172207,resources\assets\yoo\Default\aa342d1a31f0f689a337b82f29796699.bundle,True,True,
14751,Assets/Game/RawAssets/Sprite/Item/ItemResources/goods_213000.png,,5984,assets_game_rawassets_sprite_item_itemresources.bundle,aa342d1a31f0f689a337b82f29796699.bundle,8172207,resources\assets\yoo\Default\aa342d1a31f0f689a337b82f29796699.bundle,True,True,
14752,Assets/Game/RawAssets/Sprite/Item/ItemResources/goods_213001.png,,5984,assets_game_rawassets_sprite_item_itemresources.bundle,aa342d1a31f0f689a337b82f29796699.bundle,8172207,resources\assets\yoo\Default\aa342d1a31f0f689a337b82f29796699.bundle,True,True,
14753,Assets/Game/RawAssets/Sprite/Item/ItemResources/goods_213002.png,,5984,assets_game_rawassets_sprite_item_itemresources.bundle,aa342d1a31f0f689a337b82f29796699.bundle,8172207,resources\assets\yoo\Default\aa342d1a31f0f689a337b82f29796699.bundle,True,True,
14754,Assets/Game/RawAssets/Sprite/Item/ItemResources/goods_213003.png,,5984,assets_game_rawassets_sprite_item_itemresources.bundle,aa342d1a31f0f689a337b82f29796699.bundle,8172207,resources\assets\yoo\Default\aa342d1a31f0f689a337b82f29796699.bundle,True,True,
14755,Assets/Game/RawAssets/Sprite/Item/ItemResources/goods_213004.png,,5984,assets_game_rawassets_sprite_item_itemresources.bundle,aa342d1a31f0f689a337b82f29796699.bundle,8172207,resources\assets\yoo\Default\aa342d1a31f0f689a337b82f29796699.bundle,True,True,
14756,Assets/Game/RawAssets/Sprite/Item/ItemResources/goods_213005.png,,5984,assets_game_rawassets_sprite_item_itemresources.bundle,aa342d1a31f0f689a337b82f29796699.bundle,8172207,resources\assets\yoo\Default\aa342d1a31f0f689a337b82f29796699.bundle,True,True,
14757,Assets/Game/RawAssets/Sprite/Item/ItemResources/goods_213006.png,,5984,assets_game_rawassets_sprite_item_itemresources.bundle,aa342d1a31f0f689a337b82f29796699.bundle,8172207,resources\assets\yoo\Default\aa342d1a31f0f689a337b82f29796699.bundle,True,True,
14758,Assets/Game/RawAssets/Sprite/Item/ItemResources/goods_213007.png,,5984,assets_game_rawassets_sprite_item_itemresources.bundle,aa342d1a31f0f689a337b82f29796699.bundle,8172207,resources\assets\yoo\Default\aa342d1a31f0f689a337b82f29796699.bundle,True,True,
14759,Assets/Game/RawAssets/Sprite/Item/ItemResources/goods_213008.png,,5984,assets_game_rawassets_sprite_item_itemresources.bundle,aa342d1a31f0f689a337b82f29796699.bundle,8172207,resources\assets\yoo\Default\aa342d1a31f0f689a337b82f29796699.bundle,True,True,
14760,Assets/Game/RawAssets/Sprite/Item/ItemResources/goods_213009.png,,5984,assets_game_rawassets_sprite_item_itemresources.bundle,aa342d1a31f0f689a337b82f29796699.bundle,8172207,resources\assets\yoo\Default\aa342d1a31f0f689a337b82f29796699.bundle,True,True,
14761,Assets/Game/RawAssets/Sprite/Item/ItemResources/goods_214000.png,,5984,assets_game_rawassets_sprite_item_itemresources.bundle,aa342d1a31f0f689a337b82f29796699.bundle,8172207,resources\assets\yoo\Default\aa342d1a31f0f689a337b82f29796699.bundle,True,True,
14762,Assets/Game/RawAssets/Sprite/Item/ItemResources/goods_214001.png,,5984,assets_game_rawassets_sprite_item_itemresources.bundle,aa342d1a31f0f689a337b82f29796699.bundle,8172207,resources\assets\yoo\Default\aa342d1a31f0f689a337b82f29796699.bundle,True,True,
14763,Assets/Game/RawAssets/Sprite/Item/ItemResources/goods_214002.png,,5984,assets_game_rawassets_sprite_item_itemresources.bundle,aa342d1a31f0f689a337b82f29796699.bundle,8172207,resources\assets\yoo\Default\aa342d1a31f0f689a337b82f29796699.bundle,True,True,
14764,Assets/Game/RawAssets/Sprite/Item/ItemResources/goods_214003.png,,5984,assets_game_rawassets_sprite_item_itemresources.bundle,aa342d1a31f0f689a337b82f29796699.bundle,8172207,resources\assets\yoo\Default\aa342d1a31f0f689a337b82f29796699.bundle,True,True,
14765,Assets/Game/RawAssets/Sprite/Item/ItemResources/goods_214004.png,,5984,assets_game_rawassets_sprite_item_itemresources.bundle,aa342d1a31f0f689a337b82f29796699.bundle,8172207,resources\assets\yoo\Default\aa342d1a31f0f689a337b82f29796699.bundle,True,True,
14766,Assets/Game/RawAssets/Sprite/Item/ItemResources/goods_214005.png,,5984,assets_game_rawassets_sprite_item_itemresources.bundle,aa342d1a31f0f689a337b82f29796699.bundle,8172207,resources\assets\yoo\Default\aa342d1a31f0f689a337b82f29796699.bundle,True,True,
14767,Assets/Game/RawAssets/Sprite/Item/ItemResources/goods_214006.png,,5984,assets_game_rawassets_sprite_item_itemresources.bundle,aa342d1a31f0f689a337b82f29796699.bundle,8172207,resources\assets\yoo\Default\aa342d1a31f0f689a337b82f29796699.bundle,True,True,
14768,Assets/Game/RawAssets/Sprite/Item/ItemResources/goods_214007.png,,5984,assets_game_rawassets_sprite_item_itemresources.bundle,aa342d1a31f0f689a337b82f29796699.bundle,8172207,resources\assets\yoo\Default\aa342d1a31f0f689a337b82f29796699.bundle,True,True,
14769,Assets/Game/RawAssets/Sprite/Item/ItemResources/goods_214008.png,,5984,assets_game_rawassets_sprite_item_itemresources.bundle,aa342d1a31f0f689a337b82f29796699.bundle,8172207,resources\assets\yoo\Default\aa342d1a31f0f689a337b82f29796699.bundle,True,True,
14770,Assets/Game/RawAssets/Sprite/Item/ItemResources/goods_214009.png,,5984,assets_game_rawassets_sprite_item_itemresources.bundle,aa342d1a31f0f689a337b82f29796699.bundle,8172207,resources\assets\yoo\Default\aa342d1a31f0f689a337b82f29796699.bundle,True,True,
14771,Assets/Game/RawAssets/Sprite/Item/ItemResources/goods_214010.png,,5984,assets_game_rawassets_sprite_item_itemresources.bundle,aa342d1a31f0f689a337b82f29796699.bundle,8172207,resources\assets\yoo\Default\aa342d1a31f0f689a337b82f29796699.bundle,True,True,
14772,Assets/Game/RawAssets/Sprite/Item/ItemResources/goods_220001.png,,5984,assets_game_rawassets_sprite_item_itemresources.bundle,aa342d1a31f0f689a337b82f29796699.bundle,8172207,resources\assets\yoo\Default\aa342d1a31f0f689a337b82f29796699.bundle,True,True,
14773,Assets/Game/RawAssets/Sprite/Item/ItemResources/goods_220002.png,,5984,assets_game_rawassets_sprite_item_itemresources.bundle,aa342d1a31f0f689a337b82f29796699.bundle,8172207,resources\assets\yoo\Default\aa342d1a31f0f689a337b82f29796699.bundle,True,True,
14774,Assets/Game/RawAssets/Sprite/Item/ItemResources/goods_220003.png,,5984,assets_game_rawassets_sprite_item_itemresources.bundle,aa342d1a31f0f689a337b82f29796699.bundle,8172207,resources\assets\yoo\Default\aa342d1a31f0f689a337b82f29796699.bundle,True,True,
14775,Assets/Game/RawAssets/Sprite/Item/ItemResources/goods_220004.png,,5984,assets_game_rawassets_sprite_item_itemresources.bundle,aa342d1a31f0f689a337b82f29796699.bundle,8172207,resources\assets\yoo\Default\aa342d1a31f0f689a337b82f29796699.bundle,True,True,
14776,Assets/Game/RawAssets/Sprite/Item/ItemResources/goods_220005.png,,5984,assets_game_rawassets_sprite_item_itemresources.bundle,aa342d1a31f0f689a337b82f29796699.bundle,8172207,resources\assets\yoo\Default\aa342d1a31f0f689a337b82f29796699.bundle,True,True,
14777,Assets/Game/RawAssets/Sprite/Item/ItemResources/goods_220006.png,,5984,assets_game_rawassets_sprite_item_itemresources.bundle,aa342d1a31f0f689a337b82f29796699.bundle,8172207,resources\assets\yoo\Default\aa342d1a31f0f689a337b82f29796699.bundle,True,True,
14778,Assets/Game/RawAssets/Sprite/Item/ItemResources/goods_220047.png,,5984,assets_game_rawassets_sprite_item_itemresources.bundle,aa342d1a31f0f689a337b82f29796699.bundle,8172207,resources\assets\yoo\Default\aa342d1a31f0f689a337b82f29796699.bundle,True,True,
14779,Assets/Game/RawAssets/Sprite/Item/ItemResources/goods_220048.png,,5984,assets_game_rawassets_sprite_item_itemresources.bundle,aa342d1a31f0f689a337b82f29796699.bundle,8172207,resources\assets\yoo\Default\aa342d1a31f0f689a337b82f29796699.bundle,True,True,
14780,Assets/Game/RawAssets/Sprite/Item/ItemResources/goods_220049.png,,5984,assets_game_rawassets_sprite_item_itemresources.bundle,aa342d1a31f0f689a337b82f29796699.bundle,8172207,resources\assets\yoo\Default\aa342d1a31f0f689a337b82f29796699.bundle,True,True,
14781,Assets/Game/RawAssets/Sprite/Item/ItemResources/goods_220050.png,,5984,assets_game_rawassets_sprite_item_itemresources.bundle,aa342d1a31f0f689a337b82f29796699.bundle,8172207,resources\assets\yoo\Default\aa342d1a31f0f689a337b82f29796699.bundle,True,True,
14782,Assets/Game/RawAssets/Sprite/Item/ItemResources/goods_220051.png,,5984,assets_game_rawassets_sprite_item_itemresources.bundle,aa342d1a31f0f689a337b82f29796699.bundle,8172207,resources\assets\yoo\Default\aa342d1a31f0f689a337b82f29796699.bundle,True,True,
14783,Assets/Game/RawAssets/Sprite/Item/ItemResources/goods_220052.png,,5984,assets_game_rawassets_sprite_item_itemresources.bundle,aa342d1a31f0f689a337b82f29796699.bundle,8172207,resources\assets\yoo\Default\aa342d1a31f0f689a337b82f29796699.bundle,True,True,
14784,Assets/Game/RawAssets/Sprite/Item/ItemResources/goods_220053.png,,5984,assets_game_rawassets_sprite_item_itemresources.bundle,aa342d1a31f0f689a337b82f29796699.bundle,8172207,resources\assets\yoo\Default\aa342d1a31f0f689a337b82f29796699.bundle,True,True,
14785,Assets/Game/RawAssets/Sprite/Item/ItemResources/goods_230001.png,,5984,assets_game_rawassets_sprite_item_itemresources.bundle,aa342d1a31f0f689a337b82f29796699.bundle,8172207,resources\assets\yoo\Default\aa342d1a31f0f689a337b82f29796699.bundle,True,True,
14786,Assets/Game/RawAssets/Sprite/Item/ItemResources/goods_230010.png,,5984,assets_game_rawassets_sprite_item_itemresources.bundle,aa342d1a31f0f689a337b82f29796699.bundle,8172207,resources\assets\yoo\Default\aa342d1a31f0f689a337b82f29796699.bundle,True,True,
14787,Assets/Game/RawAssets/Sprite/Item/ItemResources/goods_230012.png,,5984,assets_game_rawassets_sprite_item_itemresources.bundle,aa342d1a31f0f689a337b82f29796699.bundle,8172207,resources\assets\yoo\Default\aa342d1a31f0f689a337b82f29796699.bundle,True,True,
14788,Assets/Game/RawAssets/Sprite/Item/ItemResources/goods_230013.png,,5984,assets_game_rawassets_sprite_item_itemresources.bundle,aa342d1a31f0f689a337b82f29796699.bundle,8172207,resources\assets\yoo\Default\aa342d1a31f0f689a337b82f29796699.bundle,True,True,
14789,Assets/Game/RawAssets/Sprite/Item/ItemResources/goods_230014.png,,5984,assets_game_rawassets_sprite_item_itemresources.bundle,aa342d1a31f0f689a337b82f29796699.bundle,8172207,resources\assets\yoo\Default\aa342d1a31f0f689a337b82f29796699.bundle,True,True,
14790,Assets/Game/RawAssets/Sprite/Item/ItemResources/goods_230015.png,,5984,assets_game_rawassets_sprite_item_itemresources.bundle,aa342d1a31f0f689a337b82f29796699.bundle,8172207,resources\assets\yoo\Default\aa342d1a31f0f689a337b82f29796699.bundle,True,True,
14791,Assets/Game/RawAssets/Sprite/Item/ItemResources/goods_230101.png,,5984,assets_game_rawassets_sprite_item_itemresources.bundle,aa342d1a31f0f689a337b82f29796699.bundle,8172207,resources\assets\yoo\Default\aa342d1a31f0f689a337b82f29796699.bundle,True,True,
14792,Assets/Game/RawAssets/Sprite/Item/ItemResources/goods_230104.png,,5984,assets_game_rawassets_sprite_item_itemresources.bundle,aa342d1a31f0f689a337b82f29796699.bundle,8172207,resources\assets\yoo\Default\aa342d1a31f0f689a337b82f29796699.bundle,True,True,
14793,Assets/Game/RawAssets/Sprite/Item/ItemResources/goods_230108.png,,5984,assets_game_rawassets_sprite_item_itemresources.bundle,aa342d1a31f0f689a337b82f29796699.bundle,8172207,resources\assets\yoo\Default\aa342d1a31f0f689a337b82f29796699.bundle,True,True,
14794,Assets/Game/RawAssets/Sprite/Item/ItemResources/goods_230109.png,,5984,assets_game_rawassets_sprite_item_itemresources.bundle,aa342d1a31f0f689a337b82f29796699.bundle,8172207,resources\assets\yoo\Default\aa342d1a31f0f689a337b82f29796699.bundle,True,True,
14795,Assets/Game/RawAssets/Sprite/Item/ItemResources/goods_230111.png,,5984,assets_game_rawassets_sprite_item_itemresources.bundle,aa342d1a31f0f689a337b82f29796699.bundle,8172207,resources\assets\yoo\Default\aa342d1a31f0f689a337b82f29796699.bundle,True,True,
14796,Assets/Game/RawAssets/Sprite/Item/ItemResources/goods_230112.png,,5984,assets_game_rawassets_sprite_item_itemresources.bundle,aa342d1a31f0f689a337b82f29796699.bundle,8172207,resources\assets\yoo\Default\aa342d1a31f0f689a337b82f29796699.bundle,True,True,
14797,Assets/Game/RawAssets/Sprite/Item/ItemResources/goods_230113.png,,5984,assets_game_rawassets_sprite_item_itemresources.bundle,aa342d1a31f0f689a337b82f29796699.bundle,8172207,resources\assets\yoo\Default\aa342d1a31f0f689a337b82f29796699.bundle,True,True,
14798,Assets/Game/RawAssets/Sprite/Item/ItemResources/goods_230115.png,,5984,assets_game_rawassets_sprite_item_itemresources.bundle,aa342d1a31f0f689a337b82f29796699.bundle,8172207,resources\assets\yoo\Default\aa342d1a31f0f689a337b82f29796699.bundle,True,True,
14799,Assets/Game/RawAssets/Sprite/Item/ItemResources/goods_230117.png,,5984,assets_game_rawassets_sprite_item_itemresources.bundle,aa342d1a31f0f689a337b82f29796699.bundle,8172207,resources\assets\yoo\Default\aa342d1a31f0f689a337b82f29796699.bundle,True,True,
14800,Assets/Game/RawAssets/Sprite/Item/ItemResources/goods_230120.png,,5984,assets_game_rawassets_sprite_item_itemresources.bundle,aa342d1a31f0f689a337b82f29796699.bundle,8172207,resources\assets\yoo\Default\aa342d1a31f0f689a337b82f29796699.bundle,True,True,
14801,Assets/Game/RawAssets/Sprite/Item/ItemResources/goods_230121.png,,5984,assets_game_rawassets_sprite_item_itemresources.bundle,aa342d1a31f0f689a337b82f29796699.bundle,8172207,resources\assets\yoo\Default\aa342d1a31f0f689a337b82f29796699.bundle,True,True,
14802,Assets/Game/RawAssets/Sprite/Item/ItemResources/goods_230126.png,,5984,assets_game_rawassets_sprite_item_itemresources.bundle,aa342d1a31f0f689a337b82f29796699.bundle,8172207,resources\assets\yoo\Default\aa342d1a31f0f689a337b82f29796699.bundle,True,True,
14803,Assets/Game/RawAssets/Sprite/Item/ItemResources/goods_230127.png,,5984,assets_game_rawassets_sprite_item_itemresources.bundle,aa342d1a31f0f689a337b82f29796699.bundle,8172207,resources\assets\yoo\Default\aa342d1a31f0f689a337b82f29796699.bundle,True,True,
14804,Assets/Game/RawAssets/Sprite/Item/ItemResources/goods_230128.png,,5984,assets_game_rawassets_sprite_item_itemresources.bundle,aa342d1a31f0f689a337b82f29796699.bundle,8172207,resources\assets\yoo\Default\aa342d1a31f0f689a337b82f29796699.bundle,True,True,
14805,Assets/Game/RawAssets/Sprite/Item/ItemResources/goods_230129.png,,5984,assets_game_rawassets_sprite_item_itemresources.bundle,aa342d1a31f0f689a337b82f29796699.bundle,8172207,resources\assets\yoo\Default\aa342d1a31f0f689a337b82f29796699.bundle,True,True,
14806,Assets/Game/RawAssets/Sprite/Item/ItemResources/goods_230130.png,,5984,assets_game_rawassets_sprite_item_itemresources.bundle,aa342d1a31f0f689a337b82f29796699.bundle,8172207,resources\assets\yoo\Default\aa342d1a31f0f689a337b82f29796699.bundle,True,True,
14807,Assets/Game/RawAssets/Sprite/Item/ItemResources/goods_230131.png,,5984,assets_game_rawassets_sprite_item_itemresources.bundle,aa342d1a31f0f689a337b82f29796699.bundle,8172207,resources\assets\yoo\Default\aa342d1a31f0f689a337b82f29796699.bundle,True,True,
14808,Assets/Game/RawAssets/Sprite/Item/ItemResources/goods_230132.png,,5984,assets_game_rawassets_sprite_item_itemresources.bundle,aa342d1a31f0f689a337b82f29796699.bundle,8172207,resources\assets\yoo\Default\aa342d1a31f0f689a337b82f29796699.bundle,True,True,
14809,Assets/Game/RawAssets/Sprite/Item/ItemResources/goods_230133.png,,5984,assets_game_rawassets_sprite_item_itemresources.bundle,aa342d1a31f0f689a337b82f29796699.bundle,8172207,resources\assets\yoo\Default\aa342d1a31f0f689a337b82f29796699.bundle,True,True,
14810,Assets/Game/RawAssets/Sprite/Item/ItemResources/goods_230328.png,,5984,assets_game_rawassets_sprite_item_itemresources.bundle,aa342d1a31f0f689a337b82f29796699.bundle,8172207,resources\assets\yoo\Default\aa342d1a31f0f689a337b82f29796699.bundle,True,True,
14811,Assets/Game/RawAssets/Sprite/Item/ItemResources/goods_230329.png,,5984,assets_game_rawassets_sprite_item_itemresources.bundle,aa342d1a31f0f689a337b82f29796699.bundle,8172207,resources\assets\yoo\Default\aa342d1a31f0f689a337b82f29796699.bundle,True,True,
14812,Assets/Game/RawAssets/Sprite/Item/ItemResources/goods_230330.png,,5984,assets_game_rawassets_sprite_item_itemresources.bundle,aa342d1a31f0f689a337b82f29796699.bundle,8172207,resources\assets\yoo\Default\aa342d1a31f0f689a337b82f29796699.bundle,True,True,
14813,Assets/Game/RawAssets/Sprite/Item/ItemResources/goods_230333.png,,5984,assets_game_rawassets_sprite_item_itemresources.bundle,aa342d1a31f0f689a337b82f29796699.bundle,8172207,resources\assets\yoo\Default\aa342d1a31f0f689a337b82f29796699.bundle,True,True,
14814,Assets/Game/RawAssets/Sprite/Item/ItemResources/goods_230334.png,,5984,assets_game_rawassets_sprite_item_itemresources.bundle,aa342d1a31f0f689a337b82f29796699.bundle,8172207,resources\assets\yoo\Default\aa342d1a31f0f689a337b82f29796699.bundle,True,True,
14815,Assets/Game/RawAssets/Sprite/Item/ItemResources/goods_230336.png,,5984,assets_game_rawassets_sprite_item_itemresources.bundle,aa342d1a31f0f689a337b82f29796699.bundle,8172207,resources\assets\yoo\Default\aa342d1a31f0f689a337b82f29796699.bundle,True,True,
14816,Assets/Game/RawAssets/Sprite/Item/ItemResources/goods_230355.png,,5984,assets_game_rawassets_sprite_item_itemresources.bundle,aa342d1a31f0f689a337b82f29796699.bundle,8172207,resources\assets\yoo\Default\aa342d1a31f0f689a337b82f29796699.bundle,True,True,
14817,Assets/Game/RawAssets/Sprite/Item/ItemResources/goods_230356.png,,5984,assets_game_rawassets_sprite_item_itemresources.bundle,aa342d1a31f0f689a337b82f29796699.bundle,8172207,resources\assets\yoo\Default\aa342d1a31f0f689a337b82f29796699.bundle,True,True,
14818,Assets/Game/RawAssets/Sprite/Item/ItemResources/goods_230359.png,,5984,assets_game_rawassets_sprite_item_itemresources.bundle,aa342d1a31f0f689a337b82f29796699.bundle,8172207,resources\assets\yoo\Default\aa342d1a31f0f689a337b82f29796699.bundle,True,True,
14819,Assets/Game/RawAssets/Sprite/Item/ItemResources/goods_230402.png,,5984,assets_game_rawassets_sprite_item_itemresources.bundle,aa342d1a31f0f689a337b82f29796699.bundle,8172207,resources\assets\yoo\Default\aa342d1a31f0f689a337b82f29796699.bundle,True,True,
14820,Assets/Game/RawAssets/Sprite/Item/ItemResources/goods_230403.png,,5984,assets_game_rawassets_sprite_item_itemresources.bundle,aa342d1a31f0f689a337b82f29796699.bundle,8172207,resources\assets\yoo\Default\aa342d1a31f0f689a337b82f29796699.bundle,True,True,
14821,Assets/Game/RawAssets/Sprite/Item/ItemResources/goods_230411.png,,5984,assets_game_rawassets_sprite_item_itemresources.bundle,aa342d1a31f0f689a337b82f29796699.bundle,8172207,resources\assets\yoo\Default\aa342d1a31f0f689a337b82f29796699.bundle,True,True,
14822,Assets/Game/RawAssets/Sprite/Item/ItemResources/goods_230412.png,,5984,assets_game_rawassets_sprite_item_itemresources.bundle,aa342d1a31f0f689a337b82f29796699.bundle,8172207,resources\assets\yoo\Default\aa342d1a31f0f689a337b82f29796699.bundle,True,True,
14823,Assets/Game/RawAssets/Sprite/Item/ItemResources/goods_230505.png,,5984,assets_game_rawassets_sprite_item_itemresources.bundle,aa342d1a31f0f689a337b82f29796699.bundle,8172207,resources\assets\yoo\Default\aa342d1a31f0f689a337b82f29796699.bundle,True,True,
14824,Assets/Game/RawAssets/Sprite/Item/ItemResources/goods_230507.png,,5984,assets_game_rawassets_sprite_item_itemresources.bundle,aa342d1a31f0f689a337b82f29796699.bundle,8172207,resources\assets\yoo\Default\aa342d1a31f0f689a337b82f29796699.bundle,True,True,
14825,Assets/Game/RawAssets/Sprite/Item/ItemResources/goods_230602.png,,5984,assets_game_rawassets_sprite_item_itemresources.bundle,aa342d1a31f0f689a337b82f29796699.bundle,8172207,resources\assets\yoo\Default\aa342d1a31f0f689a337b82f29796699.bundle,True,True,
14826,Assets/Game/RawAssets/Sprite/Item/ItemResources/goods_230603.png,,5984,assets_game_rawassets_sprite_item_itemresources.bundle,aa342d1a31f0f689a337b82f29796699.bundle,8172207,resources\assets\yoo\Default\aa342d1a31f0f689a337b82f29796699.bundle,True,True,
14827,Assets/Game/RawAssets/Sprite/Item/ItemResources/goods_230604.png,,5984,assets_game_rawassets_sprite_item_itemresources.bundle,aa342d1a31f0f689a337b82f29796699.bundle,8172207,resources\assets\yoo\Default\aa342d1a31f0f689a337b82f29796699.bundle,True,True,
14828,Assets/Game/RawAssets/Sprite/Item/ItemResources/goods_230605.png,,5984,assets_game_rawassets_sprite_item_itemresources.bundle,aa342d1a31f0f689a337b82f29796699.bundle,8172207,resources\assets\yoo\Default\aa342d1a31f0f689a337b82f29796699.bundle,True,True,
14829,Assets/Game/RawAssets/Sprite/Item/ItemResources/goods_230607.png,,5984,assets_game_rawassets_sprite_item_itemresources.bundle,aa342d1a31f0f689a337b82f29796699.bundle,8172207,resources\assets\yoo\Default\aa342d1a31f0f689a337b82f29796699.bundle,True,True,
14830,Assets/Game/RawAssets/Sprite/Item/ItemResources/goods_230608.png,,5984,assets_game_rawassets_sprite_item_itemresources.bundle,aa342d1a31f0f689a337b82f29796699.bundle,8172207,resources\assets\yoo\Default\aa342d1a31f0f689a337b82f29796699.bundle,True,True,
14831,Assets/Game/RawAssets/Sprite/Item/ItemResources/goods_230609.png,,5984,assets_game_rawassets_sprite_item_itemresources.bundle,aa342d1a31f0f689a337b82f29796699.bundle,8172207,resources\assets\yoo\Default\aa342d1a31f0f689a337b82f29796699.bundle,True,True,
14832,Assets/Game/RawAssets/Sprite/Item/ItemResources/goods_230610.png,,5984,assets_game_rawassets_sprite_item_itemresources.bundle,aa342d1a31f0f689a337b82f29796699.bundle,8172207,resources\assets\yoo\Default\aa342d1a31f0f689a337b82f29796699.bundle,True,True,
14833,Assets/Game/RawAssets/Sprite/Item/ItemResources/goods_230612.png,,5984,assets_game_rawassets_sprite_item_itemresources.bundle,aa342d1a31f0f689a337b82f29796699.bundle,8172207,resources\assets\yoo\Default\aa342d1a31f0f689a337b82f29796699.bundle,True,True,
14834,Assets/Game/RawAssets/Sprite/Item/ItemResources/goods_230613.png,,5984,assets_game_rawassets_sprite_item_itemresources.bundle,aa342d1a31f0f689a337b82f29796699.bundle,8172207,resources\assets\yoo\Default\aa342d1a31f0f689a337b82f29796699.bundle,True,True,
14835,Assets/Game/RawAssets/Sprite/Item/ItemResources/goods_230614.png,,5984,assets_game_rawassets_sprite_item_itemresources.bundle,aa342d1a31f0f689a337b82f29796699.bundle,8172207,resources\assets\yoo\Default\aa342d1a31f0f689a337b82f29796699.bundle,True,True,
14836,Assets/Game/RawAssets/Sprite/Item/ItemResources/goods_231001.png,,5984,assets_game_rawassets_sprite_item_itemresources.bundle,aa342d1a31f0f689a337b82f29796699.bundle,8172207,resources\assets\yoo\Default\aa342d1a31f0f689a337b82f29796699.bundle,True,True,
14837,Assets/Game/RawAssets/Sprite/Item/ItemResources/goods_231011.png,,5984,assets_game_rawassets_sprite_item_itemresources.bundle,aa342d1a31f0f689a337b82f29796699.bundle,8172207,resources\assets\yoo\Default\aa342d1a31f0f689a337b82f29796699.bundle,True,True,
14838,Assets/Game/RawAssets/Sprite/Item/ItemResources/goods_231021.png,,5984,assets_game_rawassets_sprite_item_itemresources.bundle,aa342d1a31f0f689a337b82f29796699.bundle,8172207,resources\assets\yoo\Default\aa342d1a31f0f689a337b82f29796699.bundle,True,True,
14839,Assets/Game/RawAssets/Sprite/Item/ItemResources/goods_231031.png,,5984,assets_game_rawassets_sprite_item_itemresources.bundle,aa342d1a31f0f689a337b82f29796699.bundle,8172207,resources\assets\yoo\Default\aa342d1a31f0f689a337b82f29796699.bundle,True,True,
14840,Assets/Game/RawAssets/Sprite/Item/ItemResources/goods_231041.png,,5984,assets_game_rawassets_sprite_item_itemresources.bundle,aa342d1a31f0f689a337b82f29796699.bundle,8172207,resources\assets\yoo\Default\aa342d1a31f0f689a337b82f29796699.bundle,True,True,
14841,Assets/Game/RawAssets/Sprite/Item/ItemResources/goods_231051.png,,5984,assets_game_rawassets_sprite_item_itemresources.bundle,aa342d1a31f0f689a337b82f29796699.bundle,8172207,resources\assets\yoo\Default\aa342d1a31f0f689a337b82f29796699.bundle,True,True,
14842,Assets/Game/RawAssets/Sprite/Item/ItemResources/goods_231061.png,,5984,assets_game_rawassets_sprite_item_itemresources.bundle,aa342d1a31f0f689a337b82f29796699.bundle,8172207,resources\assets\yoo\Default\aa342d1a31f0f689a337b82f29796699.bundle,True,True,
14843,Assets/Game/RawAssets/Sprite/Item/ItemResources/goods_231070.png,,5984,assets_game_rawassets_sprite_item_itemresources.bundle,aa342d1a31f0f689a337b82f29796699.bundle,8172207,resources\assets\yoo\Default\aa342d1a31f0f689a337b82f29796699.bundle,True,True,
14844,Assets/Game/RawAssets/Sprite/Item/ItemResources/goods_235002.png,,5984,assets_game_rawassets_sprite_item_itemresources.bundle,aa342d1a31f0f689a337b82f29796699.bundle,8172207,resources\assets\yoo\Default\aa342d1a31f0f689a337b82f29796699.bundle,True,True,
14845,Assets/Game/RawAssets/Sprite/Item/ItemResources/goods_236002.png,,5984,assets_game_rawassets_sprite_item_itemresources.bundle,aa342d1a31f0f689a337b82f29796699.bundle,8172207,resources\assets\yoo\Default\aa342d1a31f0f689a337b82f29796699.bundle,True,True,
14846,Assets/Game/RawAssets/Sprite/Item/ItemResources/goods_236003.png,,5984,assets_game_rawassets_sprite_item_itemresources.bundle,aa342d1a31f0f689a337b82f29796699.bundle,8172207,resources\assets\yoo\Default\aa342d1a31f0f689a337b82f29796699.bundle,True,True,
14847,Assets/Game/RawAssets/Sprite/Item/ItemResources/goods_236008.png,,5984,assets_game_rawassets_sprite_item_itemresources.bundle,aa342d1a31f0f689a337b82f29796699.bundle,8172207,resources\assets\yoo\Default\aa342d1a31f0f689a337b82f29796699.bundle,True,True,
14848,Assets/Game/RawAssets/Sprite/Item/ItemResources/goods_236009.png,,5984,assets_game_rawassets_sprite_item_itemresources.bundle,aa342d1a31f0f689a337b82f29796699.bundle,8172207,resources\assets\yoo\Default\aa342d1a31f0f689a337b82f29796699.bundle,True,True,
14849,Assets/Game/RawAssets/Sprite/Item/ItemResources/goods_236010.png,,5984,assets_game_rawassets_sprite_item_itemresources.bundle,aa342d1a31f0f689a337b82f29796699.bundle,8172207,resources\assets\yoo\Default\aa342d1a31f0f689a337b82f29796699.bundle,True,True,
14850,Assets/Game/RawAssets/Sprite/Item/ItemResources/goods_236011.png,,5984,assets_game_rawassets_sprite_item_itemresources.bundle,aa342d1a31f0f689a337b82f29796699.bundle,8172207,resources\assets\yoo\Default\aa342d1a31f0f689a337b82f29796699.bundle,True,True,
14851,Assets/Game/RawAssets/Sprite/Item/ItemResources/goods_236013.png,,5984,assets_game_rawassets_sprite_item_itemresources.bundle,aa342d1a31f0f689a337b82f29796699.bundle,8172207,resources\assets\yoo\Default\aa342d1a31f0f689a337b82f29796699.bundle,True,True,
14852,Assets/Game/RawAssets/Sprite/Item/ItemResources/goods_236015.png,,5984,assets_game_rawassets_sprite_item_itemresources.bundle,aa342d1a31f0f689a337b82f29796699.bundle,8172207,resources\assets\yoo\Default\aa342d1a31f0f689a337b82f29796699.bundle,True,True,
14853,Assets/Game/RawAssets/Sprite/Item/ItemResources/goods_236016.png,,5984,assets_game_rawassets_sprite_item_itemresources.bundle,aa342d1a31f0f689a337b82f29796699.bundle,8172207,resources\assets\yoo\Default\aa342d1a31f0f689a337b82f29796699.bundle,True,True,
14854,Assets/Game/RawAssets/Sprite/Item/ItemResources/goods_236017.png,,5984,assets_game_rawassets_sprite_item_itemresources.bundle,aa342d1a31f0f689a337b82f29796699.bundle,8172207,resources\assets\yoo\Default\aa342d1a31f0f689a337b82f29796699.bundle,True,True,
14855,Assets/Game/RawAssets/Sprite/Item/ItemResources/goods_236018.png,,5984,assets_game_rawassets_sprite_item_itemresources.bundle,aa342d1a31f0f689a337b82f29796699.bundle,8172207,resources\assets\yoo\Default\aa342d1a31f0f689a337b82f29796699.bundle,True,True,
14856,Assets/Game/RawAssets/Sprite/Item/ItemResources/goods_236022.png,,5984,assets_game_rawassets_sprite_item_itemresources.bundle,aa342d1a31f0f689a337b82f29796699.bundle,8172207,resources\assets\yoo\Default\aa342d1a31f0f689a337b82f29796699.bundle,True,True,
14857,Assets/Game/RawAssets/Sprite/Item/ItemResources/goods_236024.png,,5984,assets_game_rawassets_sprite_item_itemresources.bundle,aa342d1a31f0f689a337b82f29796699.bundle,8172207,resources\assets\yoo\Default\aa342d1a31f0f689a337b82f29796699.bundle,True,True,
14858,Assets/Game/RawAssets/Sprite/Item/ItemResources/goods_236028.png,,5984,assets_game_rawassets_sprite_item_itemresources.bundle,aa342d1a31f0f689a337b82f29796699.bundle,8172207,resources\assets\yoo\Default\aa342d1a31f0f689a337b82f29796699.bundle,True,True,
14859,Assets/Game/RawAssets/Sprite/Item/ItemResources/goods_236034.png,,5984,assets_game_rawassets_sprite_item_itemresources.bundle,aa342d1a31f0f689a337b82f29796699.bundle,8172207,resources\assets\yoo\Default\aa342d1a31f0f689a337b82f29796699.bundle,True,True,
14860,Assets/Game/RawAssets/Sprite/Item/ItemResources/goods_236103.png,,5984,assets_game_rawassets_sprite_item_itemresources.bundle,aa342d1a31f0f689a337b82f29796699.bundle,8172207,resources\assets\yoo\Default\aa342d1a31f0f689a337b82f29796699.bundle,True,True,
14861,Assets/Game/RawAssets/Sprite/Item/ItemResources/goods_236104.png,,5984,assets_game_rawassets_sprite_item_itemresources.bundle,aa342d1a31f0f689a337b82f29796699.bundle,8172207,resources\assets\yoo\Default\aa342d1a31f0f689a337b82f29796699.bundle,True,True,
14862,Assets/Game/RawAssets/Sprite/Item/ItemResources/goods_236118.png,,5984,assets_game_rawassets_sprite_item_itemresources.bundle,aa342d1a31f0f689a337b82f29796699.bundle,8172207,resources\assets\yoo\Default\aa342d1a31f0f689a337b82f29796699.bundle,True,True,
14863,Assets/Game/RawAssets/Sprite/Item/ItemResources/goods_2401101.png,,5984,assets_game_rawassets_sprite_item_itemresources.bundle,aa342d1a31f0f689a337b82f29796699.bundle,8172207,resources\assets\yoo\Default\aa342d1a31f0f689a337b82f29796699.bundle,True,True,
14864,Assets/Game/RawAssets/Sprite/Item/ItemResources/goods_2402101.png,,5984,assets_game_rawassets_sprite_item_itemresources.bundle,aa342d1a31f0f689a337b82f29796699.bundle,8172207,resources\assets\yoo\Default\aa342d1a31f0f689a337b82f29796699.bundle,True,True,
14865,Assets/Game/RawAssets/Sprite/Item/ItemResources/goods_2403101.png,,5984,assets_game_rawassets_sprite_item_itemresources.bundle,aa342d1a31f0f689a337b82f29796699.bundle,8172207,resources\assets\yoo\Default\aa342d1a31f0f689a337b82f29796699.bundle,True,True,
14866,Assets/Game/RawAssets/Sprite/Item/ItemResources/goods_2404101.png,,5984,assets_game_rawassets_sprite_item_itemresources.bundle,aa342d1a31f0f689a337b82f29796699.bundle,8172207,resources\assets\yoo\Default\aa342d1a31f0f689a337b82f29796699.bundle,True,True,
14867,Assets/Game/RawAssets/Sprite/Item/ItemResources/goods_2405101.png,,5984,assets_game_rawassets_sprite_item_itemresources.bundle,aa342d1a31f0f689a337b82f29796699.bundle,8172207,resources\assets\yoo\Default\aa342d1a31f0f689a337b82f29796699.bundle,True,True,
14868,Assets/Game/RawAssets/Sprite/Item/ItemResources/goods_2406101.png,,5984,assets_game_rawassets_sprite_item_itemresources.bundle,aa342d1a31f0f689a337b82f29796699.bundle,8172207,resources\assets\yoo\Default\aa342d1a31f0f689a337b82f29796699.bundle,True,True,
14869,Assets/Game/RawAssets/Sprite/Item/ItemResources/goods_2407101.png,,5984,assets_game_rawassets_sprite_item_itemresources.bundle,aa342d1a31f0f689a337b82f29796699.bundle,8172207,resources\assets\yoo\Default\aa342d1a31f0f689a337b82f29796699.bundle,True,True,
14870,Assets/Game/RawAssets/Sprite/Item/ItemResources/goods_2408101.png,,5984,assets_game_rawassets_sprite_item_itemresources.bundle,aa342d1a31f0f689a337b82f29796699.bundle,8172207,resources\assets\yoo\Default\aa342d1a31f0f689a337b82f29796699.bundle,True,True,
14871,Assets/Game/RawAssets/Sprite/Item/ItemResources/goods_2409101.png,,5984,assets_game_rawassets_sprite_item_itemresources.bundle,aa342d1a31f0f689a337b82f29796699.bundle,8172207,resources\assets\yoo\Default\aa342d1a31f0f689a337b82f29796699.bundle,True,True,
14872,Assets/Game/RawAssets/Sprite/Item/ItemResources/goods_2410101.png,,5984,assets_game_rawassets_sprite_item_itemresources.bundle,aa342d1a31f0f689a337b82f29796699.bundle,8172207,resources\assets\yoo\Default\aa342d1a31f0f689a337b82f29796699.bundle,True,True,
14873,Assets/Game/RawAssets/Sprite/Item/ItemResources/goods_2411101.png,,5984,assets_game_rawassets_sprite_item_itemresources.bundle,aa342d1a31f0f689a337b82f29796699.bundle,8172207,resources\assets\yoo\Default\aa342d1a31f0f689a337b82f29796699.bundle,True,True,
14874,Assets/Game/RawAssets/Sprite/Item/ItemResources/goods_2412101.png,,5984,assets_game_rawassets_sprite_item_itemresources.bundle,aa342d1a31f0f689a337b82f29796699.bundle,8172207,resources\assets\yoo\Default\aa342d1a31f0f689a337b82f29796699.bundle,True,True,
14875,Assets/Game/RawAssets/Sprite/Item/ItemResources/goods_250000.png,,5984,assets_game_rawassets_sprite_item_itemresources.bundle,aa342d1a31f0f689a337b82f29796699.bundle,8172207,resources\assets\yoo\Default\aa342d1a31f0f689a337b82f29796699.bundle,True,True,
14876,Assets/Game/RawAssets/Sprite/Item/ItemResources/goods_250001.png,,5984,assets_game_rawassets_sprite_item_itemresources.bundle,aa342d1a31f0f689a337b82f29796699.bundle,8172207,resources\assets\yoo\Default\aa342d1a31f0f689a337b82f29796699.bundle,True,True,
14877,Assets/Game/RawAssets/Sprite/Item/ItemResources/goods_251001.png,,5984,assets_game_rawassets_sprite_item_itemresources.bundle,aa342d1a31f0f689a337b82f29796699.bundle,8172207,resources\assets\yoo\Default\aa342d1a31f0f689a337b82f29796699.bundle,True,True,
14878,Assets/Game/RawAssets/Sprite/Item/ItemResources/goods_251002.png,,5984,assets_game_rawassets_sprite_item_itemresources.bundle,aa342d1a31f0f689a337b82f29796699.bundle,8172207,resources\assets\yoo\Default\aa342d1a31f0f689a337b82f29796699.bundle,True,True,
14879,Assets/Game/RawAssets/Sprite/Item/ItemResources/goods_251003.png,,5984,assets_game_rawassets_sprite_item_itemresources.bundle,aa342d1a31f0f689a337b82f29796699.bundle,8172207,resources\assets\yoo\Default\aa342d1a31f0f689a337b82f29796699.bundle,True,True,
14880,Assets/Game/RawAssets/Sprite/Item/ItemResources/goods_251004.png,,5984,assets_game_rawassets_sprite_item_itemresources.bundle,aa342d1a31f0f689a337b82f29796699.bundle,8172207,resources\assets\yoo\Default\aa342d1a31f0f689a337b82f29796699.bundle,True,True,
14881,Assets/Game/RawAssets/Sprite/Item/ItemResources/goods_251005.png,,5984,assets_game_rawassets_sprite_item_itemresources.bundle,aa342d1a31f0f689a337b82f29796699.bundle,8172207,resources\assets\yoo\Default\aa342d1a31f0f689a337b82f29796699.bundle,True,True,
14882,Assets/Game/RawAssets/Sprite/Item/ItemResources/goods_251006.png,,5984,assets_game_rawassets_sprite_item_itemresources.bundle,aa342d1a31f0f689a337b82f29796699.bundle,8172207,resources\assets\yoo\Default\aa342d1a31f0f689a337b82f29796699.bundle,True,True,
14883,Assets/Game/RawAssets/Sprite/Item/ItemResources/goods_251007.png,,5984,assets_game_rawassets_sprite_item_itemresources.bundle,aa342d1a31f0f689a337b82f29796699.bundle,8172207,resources\assets\yoo\Default\aa342d1a31f0f689a337b82f29796699.bundle,True,True,
14884,Assets/Game/RawAssets/Sprite/Item/ItemResources/goods_252001.png,,5984,assets_game_rawassets_sprite_item_itemresources.bundle,aa342d1a31f0f689a337b82f29796699.bundle,8172207,resources\assets\yoo\Default\aa342d1a31f0f689a337b82f29796699.bundle,True,True,
14885,Assets/Game/RawAssets/Sprite/Item/ItemResources/goods_252002.png,,5984,assets_game_rawassets_sprite_item_itemresources.bundle,aa342d1a31f0f689a337b82f29796699.bundle,8172207,resources\assets\yoo\Default\aa342d1a31f0f689a337b82f29796699.bundle,True,True,
14886,Assets/Game/RawAssets/Sprite/Item/ItemResources/goods_252003.png,,5984,assets_game_rawassets_sprite_item_itemresources.bundle,aa342d1a31f0f689a337b82f29796699.bundle,8172207,resources\assets\yoo\Default\aa342d1a31f0f689a337b82f29796699.bundle,True,True,
14887,Assets/Game/RawAssets/Sprite/Item/ItemResources/goods_252004.png,,5984,assets_game_rawassets_sprite_item_itemresources.bundle,aa342d1a31f0f689a337b82f29796699.bundle,8172207,resources\assets\yoo\Default\aa342d1a31f0f689a337b82f29796699.bundle,True,True,
14888,Assets/Game/RawAssets/Sprite/Item/ItemResources/goods_252005.png,,5984,assets_game_rawassets_sprite_item_itemresources.bundle,aa342d1a31f0f689a337b82f29796699.bundle,8172207,resources\assets\yoo\Default\aa342d1a31f0f689a337b82f29796699.bundle,True,True,
14889,Assets/Game/RawAssets/Sprite/Item/ItemResources/goods_253001.png,,5984,assets_game_rawassets_sprite_item_itemresources.bundle,aa342d1a31f0f689a337b82f29796699.bundle,8172207,resources\assets\yoo\Default\aa342d1a31f0f689a337b82f29796699.bundle,True,True,
14890,Assets/Game/RawAssets/Sprite/Item/ItemResources/goods_253101.png,,5984,assets_game_rawassets_sprite_item_itemresources.bundle,aa342d1a31f0f689a337b82f29796699.bundle,8172207,resources\assets\yoo\Default\aa342d1a31f0f689a337b82f29796699.bundle,True,True,
14891,Assets/Game/RawAssets/Sprite/Item/ItemResources/goods_253201.png,,5984,assets_game_rawassets_sprite_item_itemresources.bundle,aa342d1a31f0f689a337b82f29796699.bundle,8172207,resources\assets\yoo\Default\aa342d1a31f0f689a337b82f29796699.bundle,True,True,
14892,Assets/Game/RawAssets/Sprite/Item/ItemResources/goods_253301.png,,5984,assets_game_rawassets_sprite_item_itemresources.bundle,aa342d1a31f0f689a337b82f29796699.bundle,8172207,resources\assets\yoo\Default\aa342d1a31f0f689a337b82f29796699.bundle,True,True,
14893,Assets/Game/RawAssets/Sprite/Item/ItemResources/goods_254002.png,,5984,assets_game_rawassets_sprite_item_itemresources.bundle,aa342d1a31f0f689a337b82f29796699.bundle,8172207,resources\assets\yoo\Default\aa342d1a31f0f689a337b82f29796699.bundle,True,True,
14894,Assets/Game/RawAssets/Sprite/Item/ItemResources/goods_254102.png,,5984,assets_game_rawassets_sprite_item_itemresources.bundle,aa342d1a31f0f689a337b82f29796699.bundle,8172207,resources\assets\yoo\Default\aa342d1a31f0f689a337b82f29796699.bundle,True,True,
14895,Assets/Game/RawAssets/Sprite/Item/ItemResources/goods_254202.png,,5984,assets_game_rawassets_sprite_item_itemresources.bundle,aa342d1a31f0f689a337b82f29796699.bundle,8172207,resources\assets\yoo\Default\aa342d1a31f0f689a337b82f29796699.bundle,True,True,
14896,Assets/Game/RawAssets/Sprite/Item/ItemResources/goods_254302.png,,5984,assets_game_rawassets_sprite_item_itemresources.bundle,aa342d1a31f0f689a337b82f29796699.bundle,8172207,resources\assets\yoo\Default\aa342d1a31f0f689a337b82f29796699.bundle,True,True,
14897,Assets/Game/RawAssets/Sprite/Item/ItemResources/goods_2560028.png,,5984,assets_game_rawassets_sprite_item_itemresources.bundle,aa342d1a31f0f689a337b82f29796699.bundle,8172207,resources\assets\yoo\Default\aa342d1a31f0f689a337b82f29796699.bundle,True,True,
14898,Assets/Game/RawAssets/Sprite/Item/ItemResources/goods_2560067.png,,5984,assets_game_rawassets_sprite_item_itemresources.bundle,aa342d1a31f0f689a337b82f29796699.bundle,8172207,resources\assets\yoo\Default\aa342d1a31f0f689a337b82f29796699.bundle,True,True,
14899,Assets/Game/RawAssets/Sprite/Item/ItemResources/goods_2560070.png,,5984,assets_game_rawassets_sprite_item_itemresources.bundle,aa342d1a31f0f689a337b82f29796699.bundle,8172207,resources\assets\yoo\Default\aa342d1a31f0f689a337b82f29796699.bundle,True,True,
14900,Assets/Game/RawAssets/Sprite/Item/ItemResources/goods_2560071.png,,5984,assets_game_rawassets_sprite_item_itemresources.bundle,aa342d1a31f0f689a337b82f29796699.bundle,8172207,resources\assets\yoo\Default\aa342d1a31f0f689a337b82f29796699.bundle,True,True,
14901,Assets/Game/RawAssets/Sprite/Item/ItemResources/goods_2560072.png,,5984,assets_game_rawassets_sprite_item_itemresources.bundle,aa342d1a31f0f689a337b82f29796699.bundle,8172207,resources\assets\yoo\Default\aa342d1a31f0f689a337b82f29796699.bundle,True,True,
14902,Assets/Game/RawAssets/Sprite/Item/ItemResources/goods_2560073.png,,5984,assets_game_rawassets_sprite_item_itemresources.bundle,aa342d1a31f0f689a337b82f29796699.bundle,8172207,resources\assets\yoo\Default\aa342d1a31f0f689a337b82f29796699.bundle,True,True,
14903,Assets/Game/RawAssets/Sprite/Item/ItemResources/goods_2560074.png,,5984,assets_game_rawassets_sprite_item_itemresources.bundle,aa342d1a31f0f689a337b82f29796699.bundle,8172207,resources\assets\yoo\Default\aa342d1a31f0f689a337b82f29796699.bundle,True,True,
14904,Assets/Game/RawAssets/Sprite/Item/ItemResources/goods_2560075.png,,5984,assets_game_rawassets_sprite_item_itemresources.bundle,aa342d1a31f0f689a337b82f29796699.bundle,8172207,resources\assets\yoo\Default\aa342d1a31f0f689a337b82f29796699.bundle,True,True,
14905,Assets/Game/RawAssets/Sprite/Item/ItemResources/goods_2560076.png,,5984,assets_game_rawassets_sprite_item_itemresources.bundle,aa342d1a31f0f689a337b82f29796699.bundle,8172207,resources\assets\yoo\Default\aa342d1a31f0f689a337b82f29796699.bundle,True,True,
14906,Assets/Game/RawAssets/Sprite/Item/ItemResources/goods_2560077.png,,5984,assets_game_rawassets_sprite_item_itemresources.bundle,aa342d1a31f0f689a337b82f29796699.bundle,8172207,resources\assets\yoo\Default\aa342d1a31f0f689a337b82f29796699.bundle,True,True,
14907,Assets/Game/RawAssets/Sprite/Item/ItemResources/goods_2560078.png,,5984,assets_game_rawassets_sprite_item_itemresources.bundle,aa342d1a31f0f689a337b82f29796699.bundle,8172207,resources\assets\yoo\Default\aa342d1a31f0f689a337b82f29796699.bundle,True,True,
14908,Assets/Game/RawAssets/Sprite/Item/ItemResources/goods_2560079.png,,5984,assets_game_rawassets_sprite_item_itemresources.bundle,aa342d1a31f0f689a337b82f29796699.bundle,8172207,resources\assets\yoo\Default\aa342d1a31f0f689a337b82f29796699.bundle,True,True,
14909,Assets/Game/RawAssets/Sprite/Item/ItemResources/goods_2560080.png,,5984,assets_game_rawassets_sprite_item_itemresources.bundle,aa342d1a31f0f689a337b82f29796699.bundle,8172207,resources\assets\yoo\Default\aa342d1a31f0f689a337b82f29796699.bundle,True,True,
14910,Assets/Game/RawAssets/Sprite/Item/ItemResources/goods_2560081.png,,5984,assets_game_rawassets_sprite_item_itemresources.bundle,aa342d1a31f0f689a337b82f29796699.bundle,8172207,resources\assets\yoo\Default\aa342d1a31f0f689a337b82f29796699.bundle,True,True,
14911,Assets/Game/RawAssets/Sprite/Item/ItemResources/goods_2560082.png,,5984,assets_game_rawassets_sprite_item_itemresources.bundle,aa342d1a31f0f689a337b82f29796699.bundle,8172207,resources\assets\yoo\Default\aa342d1a31f0f689a337b82f29796699.bundle,True,True,
14912,Assets/Game/RawAssets/Sprite/Item/ItemResources/goods_2560083.png,,5984,assets_game_rawassets_sprite_item_itemresources.bundle,aa342d1a31f0f689a337b82f29796699.bundle,8172207,resources\assets\yoo\Default\aa342d1a31f0f689a337b82f29796699.bundle,True,True,
14913,Assets/Game/RawAssets/Sprite/Item/ItemResources/goods_2560084.png,,5984,assets_game_rawassets_sprite_item_itemresources.bundle,aa342d1a31f0f689a337b82f29796699.bundle,8172207,resources\assets\yoo\Default\aa342d1a31f0f689a337b82f29796699.bundle,True,True,
14914,Assets/Game/RawAssets/Sprite/Item/ItemResources/goods_2560085.png,,5984,assets_game_rawassets_sprite_item_itemresources.bundle,aa342d1a31f0f689a337b82f29796699.bundle,8172207,resources\assets\yoo\Default\aa342d1a31f0f689a337b82f29796699.bundle,True,True,
14915,Assets/Game/RawAssets/Sprite/Item/ItemResources/goods_2560086.png,,5984,assets_game_rawassets_sprite_item_itemresources.bundle,aa342d1a31f0f689a337b82f29796699.bundle,8172207,resources\assets\yoo\Default\aa342d1a31f0f689a337b82f29796699.bundle,True,True,
14916,Assets/Game/RawAssets/Sprite/Item/ItemResources/goods_2560087.png,,5984,assets_game_rawassets_sprite_item_itemresources.bundle,aa342d1a31f0f689a337b82f29796699.bundle,8172207,resources\assets\yoo\Default\aa342d1a31f0f689a337b82f29796699.bundle,True,True,
14917,Assets/Game/RawAssets/Sprite/Item/ItemResources/goods_2560088.png,,5984,assets_game_rawassets_sprite_item_itemresources.bundle,aa342d1a31f0f689a337b82f29796699.bundle,8172207,resources\assets\yoo\Default\aa342d1a31f0f689a337b82f29796699.bundle,True,True,
14918,Assets/Game/RawAssets/Sprite/Item/ItemResources/goods_2561000.png,,5984,assets_game_rawassets_sprite_item_itemresources.bundle,aa342d1a31f0f689a337b82f29796699.bundle,8172207,resources\assets\yoo\Default\aa342d1a31f0f689a337b82f29796699.bundle,True,True,
14919,Assets/Game/RawAssets/Sprite/Item/ItemResources/goods_2561001.png,,5984,assets_game_rawassets_sprite_item_itemresources.bundle,aa342d1a31f0f689a337b82f29796699.bundle,8172207,resources\assets\yoo\Default\aa342d1a31f0f689a337b82f29796699.bundle,True,True,
14920,Assets/Game/RawAssets/Sprite/Item/ItemResources/goods_2561002.png,,5984,assets_game_rawassets_sprite_item_itemresources.bundle,aa342d1a31f0f689a337b82f29796699.bundle,8172207,resources\assets\yoo\Default\aa342d1a31f0f689a337b82f29796699.bundle,True,True,
14921,Assets/Game/RawAssets/Sprite/Item/ItemResources/goods_2561003.png,,5984,assets_game_rawassets_sprite_item_itemresources.bundle,aa342d1a31f0f689a337b82f29796699.bundle,8172207,resources\assets\yoo\Default\aa342d1a31f0f689a337b82f29796699.bundle,True,True,
14922,Assets/Game/RawAssets/Sprite/Item/ItemResources/goods_2561004.png,,5984,assets_game_rawassets_sprite_item_itemresources.bundle,aa342d1a31f0f689a337b82f29796699.bundle,8172207,resources\assets\yoo\Default\aa342d1a31f0f689a337b82f29796699.bundle,True,True,
14923,Assets/Game/RawAssets/Sprite/Item/ItemResources/goods_2561005.png,,5984,assets_game_rawassets_sprite_item_itemresources.bundle,aa342d1a31f0f689a337b82f29796699.bundle,8172207,resources\assets\yoo\Default\aa342d1a31f0f689a337b82f29796699.bundle,True,True,
14924,Assets/Game/RawAssets/Sprite/Item/ItemResources/goods_2561006.png,,5984,assets_game_rawassets_sprite_item_itemresources.bundle,aa342d1a31f0f689a337b82f29796699.bundle,8172207,resources\assets\yoo\Default\aa342d1a31f0f689a337b82f29796699.bundle,True,True,
14925,Assets/Game/RawAssets/Sprite/Item/ItemResources/goods_2561007.png,,5984,assets_game_rawassets_sprite_item_itemresources.bundle,aa342d1a31f0f689a337b82f29796699.bundle,8172207,resources\assets\yoo\Default\aa342d1a31f0f689a337b82f29796699.bundle,True,True,
14926,Assets/Game/RawAssets/Sprite/Item/ItemResources/goods_2561008.png,,5984,assets_game_rawassets_sprite_item_itemresources.bundle,aa342d1a31f0f689a337b82f29796699.bundle,8172207,resources\assets\yoo\Default\aa342d1a31f0f689a337b82f29796699.bundle,True,True,
14927,Assets/Game/RawAssets/Sprite/Item/ItemResources/goods_2561009.png,,5984,assets_game_rawassets_sprite_item_itemresources.bundle,aa342d1a31f0f689a337b82f29796699.bundle,8172207,resources\assets\yoo\Default\aa342d1a31f0f689a337b82f29796699.bundle,True,True,
14928,Assets/Game/RawAssets/Sprite/Item/ItemResources/goods_2561010.png,,5984,assets_game_rawassets_sprite_item_itemresources.bundle,aa342d1a31f0f689a337b82f29796699.bundle,8172207,resources\assets\yoo\Default\aa342d1a31f0f689a337b82f29796699.bundle,True,True,
14929,Assets/Game/RawAssets/Sprite/Item/ItemResources/goods_2561011.png,,5984,assets_game_rawassets_sprite_item_itemresources.bundle,aa342d1a31f0f689a337b82f29796699.bundle,8172207,resources\assets\yoo\Default\aa342d1a31f0f689a337b82f29796699.bundle,True,True,
14930,Assets/Game/RawAssets/Sprite/Item/ItemResources/goods_2561012.png,,5984,assets_game_rawassets_sprite_item_itemresources.bundle,aa342d1a31f0f689a337b82f29796699.bundle,8172207,resources\assets\yoo\Default\aa342d1a31f0f689a337b82f29796699.bundle,True,True,
14931,Assets/Game/RawAssets/Sprite/Item/ItemResources/goods_2561013.png,,5984,assets_game_rawassets_sprite_item_itemresources.bundle,aa342d1a31f0f689a337b82f29796699.bundle,8172207,resources\assets\yoo\Default\aa342d1a31f0f689a337b82f29796699.bundle,True,True,
14932,Assets/Game/RawAssets/Sprite/Item/ItemResources/goods_2561014.png,,5984,assets_game_rawassets_sprite_item_itemresources.bundle,aa342d1a31f0f689a337b82f29796699.bundle,8172207,resources\assets\yoo\Default\aa342d1a31f0f689a337b82f29796699.bundle,True,True,
14933,Assets/Game/RawAssets/Sprite/Item/ItemResources/goods_2561015.png,,5984,assets_game_rawassets_sprite_item_itemresources.bundle,aa342d1a31f0f689a337b82f29796699.bundle,8172207,resources\assets\yoo\Default\aa342d1a31f0f689a337b82f29796699.bundle,True,True,
14934,Assets/Game/RawAssets/Sprite/Item/ItemResources/goods_2561016.png,,5984,assets_game_rawassets_sprite_item_itemresources.bundle,aa342d1a31f0f689a337b82f29796699.bundle,8172207,resources\assets\yoo\Default\aa342d1a31f0f689a337b82f29796699.bundle,True,True,
14935,Assets/Game/RawAssets/Sprite/Item/ItemResources/goods_2561017.png,,5984,assets_game_rawassets_sprite_item_itemresources.bundle,aa342d1a31f0f689a337b82f29796699.bundle,8172207,resources\assets\yoo\Default\aa342d1a31f0f689a337b82f29796699.bundle,True,True,
14936,Assets/Game/RawAssets/Sprite/Item/ItemResources/goods_2561019.png,,5984,assets_game_rawassets_sprite_item_itemresources.bundle,aa342d1a31f0f689a337b82f29796699.bundle,8172207,resources\assets\yoo\Default\aa342d1a31f0f689a337b82f29796699.bundle,True,True,
14937,Assets/Game/RawAssets/Sprite/Item/ItemResources/goods_2561020.png,,5984,assets_game_rawassets_sprite_item_itemresources.bundle,aa342d1a31f0f689a337b82f29796699.bundle,8172207,resources\assets\yoo\Default\aa342d1a31f0f689a337b82f29796699.bundle,True,True,
14938,Assets/Game/RawAssets/Sprite/Item/ItemResources/goods_2561021.png,,5984,assets_game_rawassets_sprite_item_itemresources.bundle,aa342d1a31f0f689a337b82f29796699.bundle,8172207,resources\assets\yoo\Default\aa342d1a31f0f689a337b82f29796699.bundle,True,True,
14939,Assets/Game/RawAssets/Sprite/Item/ItemResources/goods_2561022.png,,5984,assets_game_rawassets_sprite_item_itemresources.bundle,aa342d1a31f0f689a337b82f29796699.bundle,8172207,resources\assets\yoo\Default\aa342d1a31f0f689a337b82f29796699.bundle,True,True,
14940,Assets/Game/RawAssets/Sprite/Item/ItemResources/goods_2561023.png,,5984,assets_game_rawassets_sprite_item_itemresources.bundle,aa342d1a31f0f689a337b82f29796699.bundle,8172207,resources\assets\yoo\Default\aa342d1a31f0f689a337b82f29796699.bundle,True,True,
14941,Assets/Game/RawAssets/Sprite/Item/ItemResources/goods_2561024.png,,5984,assets_game_rawassets_sprite_item_itemresources.bundle,aa342d1a31f0f689a337b82f29796699.bundle,8172207,resources\assets\yoo\Default\aa342d1a31f0f689a337b82f29796699.bundle,True,True,
14942,Assets/Game/RawAssets/Sprite/Item/ItemResources/goods_2561025.png,,5984,assets_game_rawassets_sprite_item_itemresources.bundle,aa342d1a31f0f689a337b82f29796699.bundle,8172207,resources\assets\yoo\Default\aa342d1a31f0f689a337b82f29796699.bundle,True,True,
14943,Assets/Game/RawAssets/Sprite/Item/ItemResources/goods_2561026.png,,5984,assets_game_rawassets_sprite_item_itemresources.bundle,aa342d1a31f0f689a337b82f29796699.bundle,8172207,resources\assets\yoo\Default\aa342d1a31f0f689a337b82f29796699.bundle,True,True,
14944,Assets/Game/RawAssets/Sprite/Item/ItemResources/goods_2561027.png,,5984,assets_game_rawassets_sprite_item_itemresources.bundle,aa342d1a31f0f689a337b82f29796699.bundle,8172207,resources\assets\yoo\Default\aa342d1a31f0f689a337b82f29796699.bundle,True,True,
14945,Assets/Game/RawAssets/Sprite/Item/ItemResources/goods_2561029.png,,5984,assets_game_rawassets_sprite_item_itemresources.bundle,aa342d1a31f0f689a337b82f29796699.bundle,8172207,resources\assets\yoo\Default\aa342d1a31f0f689a337b82f29796699.bundle,True,True,
14946,Assets/Game/RawAssets/Sprite/Item/ItemResources/goods_2561030.png,,5984,assets_game_rawassets_sprite_item_itemresources.bundle,aa342d1a31f0f689a337b82f29796699.bundle,8172207,resources\assets\yoo\Default\aa342d1a31f0f689a337b82f29796699.bundle,True,True,
14947,Assets/Game/RawAssets/Sprite/Item/ItemResources/goods_2561031.png,,5984,assets_game_rawassets_sprite_item_itemresources.bundle,aa342d1a31f0f689a337b82f29796699.bundle,8172207,resources\assets\yoo\Default\aa342d1a31f0f689a337b82f29796699.bundle,True,True,
14948,Assets/Game/RawAssets/Sprite/Item/ItemResources/goods_2561032.png,,5984,assets_game_rawassets_sprite_item_itemresources.bundle,aa342d1a31f0f689a337b82f29796699.bundle,8172207,resources\assets\yoo\Default\aa342d1a31f0f689a337b82f29796699.bundle,True,True,
14949,Assets/Game/RawAssets/Sprite/Item/ItemResources/goods_2561033.png,,5984,assets_game_rawassets_sprite_item_itemresources.bundle,aa342d1a31f0f689a337b82f29796699.bundle,8172207,resources\assets\yoo\Default\aa342d1a31f0f689a337b82f29796699.bundle,True,True,
14950,Assets/Game/RawAssets/Sprite/Item/ItemResources/goods_2561034.png,,5984,assets_game_rawassets_sprite_item_itemresources.bundle,aa342d1a31f0f689a337b82f29796699.bundle,8172207,resources\assets\yoo\Default\aa342d1a31f0f689a337b82f29796699.bundle,True,True,
14951,Assets/Game/RawAssets/Sprite/Item/ItemResources/goods_2561035.png,,5984,assets_game_rawassets_sprite_item_itemresources.bundle,aa342d1a31f0f689a337b82f29796699.bundle,8172207,resources\assets\yoo\Default\aa342d1a31f0f689a337b82f29796699.bundle,True,True,
14952,Assets/Game/RawAssets/Sprite/Item/ItemResources/goods_2561036.png,,5984,assets_game_rawassets_sprite_item_itemresources.bundle,aa342d1a31f0f689a337b82f29796699.bundle,8172207,resources\assets\yoo\Default\aa342d1a31f0f689a337b82f29796699.bundle,True,True,
14953,Assets/Game/RawAssets/Sprite/Item/ItemResources/goods_2561037.png,,5984,assets_game_rawassets_sprite_item_itemresources.bundle,aa342d1a31f0f689a337b82f29796699.bundle,8172207,resources\assets\yoo\Default\aa342d1a31f0f689a337b82f29796699.bundle,True,True,
14954,Assets/Game/RawAssets/Sprite/Item/ItemResources/goods_2561038.png,,5984,assets_game_rawassets_sprite_item_itemresources.bundle,aa342d1a31f0f689a337b82f29796699.bundle,8172207,resources\assets\yoo\Default\aa342d1a31f0f689a337b82f29796699.bundle,True,True,
14955,Assets/Game/RawAssets/Sprite/Item/ItemResources/goods_2561039.png,,5984,assets_game_rawassets_sprite_item_itemresources.bundle,aa342d1a31f0f689a337b82f29796699.bundle,8172207,resources\assets\yoo\Default\aa342d1a31f0f689a337b82f29796699.bundle,True,True,
14956,Assets/Game/RawAssets/Sprite/Item/ItemResources/goods_2561040.png,,5984,assets_game_rawassets_sprite_item_itemresources.bundle,aa342d1a31f0f689a337b82f29796699.bundle,8172207,resources\assets\yoo\Default\aa342d1a31f0f689a337b82f29796699.bundle,True,True,
14957,Assets/Game/RawAssets/Sprite/Item/ItemResources/goods_2561041.png,,5984,assets_game_rawassets_sprite_item_itemresources.bundle,aa342d1a31f0f689a337b82f29796699.bundle,8172207,resources\assets\yoo\Default\aa342d1a31f0f689a337b82f29796699.bundle,True,True,
14958,Assets/Game/RawAssets/Sprite/Item/ItemResources/goods_2561042.png,,5984,assets_game_rawassets_sprite_item_itemresources.bundle,aa342d1a31f0f689a337b82f29796699.bundle,8172207,resources\assets\yoo\Default\aa342d1a31f0f689a337b82f29796699.bundle,True,True,
14959,Assets/Game/RawAssets/Sprite/Item/ItemResources/goods_2561043.png,,5984,assets_game_rawassets_sprite_item_itemresources.bundle,aa342d1a31f0f689a337b82f29796699.bundle,8172207,resources\assets\yoo\Default\aa342d1a31f0f689a337b82f29796699.bundle,True,True,
14960,Assets/Game/RawAssets/Sprite/Item/ItemResources/goods_2561044.png,,5984,assets_game_rawassets_sprite_item_itemresources.bundle,aa342d1a31f0f689a337b82f29796699.bundle,8172207,resources\assets\yoo\Default\aa342d1a31f0f689a337b82f29796699.bundle,True,True,
14961,Assets/Game/RawAssets/Sprite/Item/ItemResources/goods_2561045.png,,5984,assets_game_rawassets_sprite_item_itemresources.bundle,aa342d1a31f0f689a337b82f29796699.bundle,8172207,resources\assets\yoo\Default\aa342d1a31f0f689a337b82f29796699.bundle,True,True,
14962,Assets/Game/RawAssets/Sprite/Item/ItemResources/goods_2561046.png,,5984,assets_game_rawassets_sprite_item_itemresources.bundle,aa342d1a31f0f689a337b82f29796699.bundle,8172207,resources\assets\yoo\Default\aa342d1a31f0f689a337b82f29796699.bundle,True,True,
14963,Assets/Game/RawAssets/Sprite/Item/ItemResources/goods_2561047.png,,5984,assets_game_rawassets_sprite_item_itemresources.bundle,aa342d1a31f0f689a337b82f29796699.bundle,8172207,resources\assets\yoo\Default\aa342d1a31f0f689a337b82f29796699.bundle,True,True,
14964,Assets/Game/RawAssets/Sprite/Item/ItemResources/goods_2561048.png,,5984,assets_game_rawassets_sprite_item_itemresources.bundle,aa342d1a31f0f689a337b82f29796699.bundle,8172207,resources\assets\yoo\Default\aa342d1a31f0f689a337b82f29796699.bundle,True,True,
14965,Assets/Game/RawAssets/Sprite/Item/ItemResources/goods_2561049.png,,5984,assets_game_rawassets_sprite_item_itemresources.bundle,aa342d1a31f0f689a337b82f29796699.bundle,8172207,resources\assets\yoo\Default\aa342d1a31f0f689a337b82f29796699.bundle,True,True,
14966,Assets/Game/RawAssets/Sprite/Item/ItemResources/goods_2561100.png,,5984,assets_game_rawassets_sprite_item_itemresources.bundle,aa342d1a31f0f689a337b82f29796699.bundle,8172207,resources\assets\yoo\Default\aa342d1a31f0f689a337b82f29796699.bundle,True,True,
14967,Assets/Game/RawAssets/Sprite/Item/ItemResources/goods_2561101.png,,5984,assets_game_rawassets_sprite_item_itemresources.bundle,aa342d1a31f0f689a337b82f29796699.bundle,8172207,resources\assets\yoo\Default\aa342d1a31f0f689a337b82f29796699.bundle,True,True,
14968,Assets/Game/RawAssets/Sprite/Item/ItemResources/goods_2561102.png,,5984,assets_game_rawassets_sprite_item_itemresources.bundle,aa342d1a31f0f689a337b82f29796699.bundle,8172207,resources\assets\yoo\Default\aa342d1a31f0f689a337b82f29796699.bundle,True,True,
14969,Assets/Game/RawAssets/Sprite/Item/ItemResources/goods_2561103.png,,5984,assets_game_rawassets_sprite_item_itemresources.bundle,aa342d1a31f0f689a337b82f29796699.bundle,8172207,resources\assets\yoo\Default\aa342d1a31f0f689a337b82f29796699.bundle,True,True,
14970,Assets/Game/RawAssets/Sprite/Item/ItemResources/goods_2561301.png,,5984,assets_game_rawassets_sprite_item_itemresources.bundle,aa342d1a31f0f689a337b82f29796699.bundle,8172207,resources\assets\yoo\Default\aa342d1a31f0f689a337b82f29796699.bundle,True,True,
14971,Assets/Game/RawAssets/Sprite/Item/ItemResources/goods_2561302.png,,5984,assets_game_rawassets_sprite_item_itemresources.bundle,aa342d1a31f0f689a337b82f29796699.bundle,8172207,resources\assets\yoo\Default\aa342d1a31f0f689a337b82f29796699.bundle,True,True,
14972,Assets/Game/RawAssets/Sprite/Item/ItemResources/goods_2561303.png,,5984,assets_game_rawassets_sprite_item_itemresources.bundle,aa342d1a31f0f689a337b82f29796699.bundle,8172207,resources\assets\yoo\Default\aa342d1a31f0f689a337b82f29796699.bundle,True,True,
14973,Assets/Game/RawAssets/Sprite/Item/ItemResources/goods_2562001.png,,5984,assets_game_rawassets_sprite_item_itemresources.bundle,aa342d1a31f0f689a337b82f29796699.bundle,8172207,resources\assets\yoo\Default\aa342d1a31f0f689a337b82f29796699.bundle,True,True,
14974,Assets/Game/RawAssets/Sprite/Item/ItemResources/goods_260001.png,,5984,assets_game_rawassets_sprite_item_itemresources.bundle,aa342d1a31f0f689a337b82f29796699.bundle,8172207,resources\assets\yoo\Default\aa342d1a31f0f689a337b82f29796699.bundle,True,True,
14975,Assets/Game/RawAssets/Sprite/Item/ItemResources/goods_260002.png,,5984,assets_game_rawassets_sprite_item_itemresources.bundle,aa342d1a31f0f689a337b82f29796699.bundle,8172207,resources\assets\yoo\Default\aa342d1a31f0f689a337b82f29796699.bundle,True,True,
14976,Assets/Game/RawAssets/Sprite/Item/ItemResources/goods_260003.png,,5984,assets_game_rawassets_sprite_item_itemresources.bundle,aa342d1a31f0f689a337b82f29796699.bundle,8172207,resources\assets\yoo\Default\aa342d1a31f0f689a337b82f29796699.bundle,True,True,
14977,Assets/Game/RawAssets/Sprite/Item/ItemResources/goods_260004.png,,5984,assets_game_rawassets_sprite_item_itemresources.bundle,aa342d1a31f0f689a337b82f29796699.bundle,8172207,resources\assets\yoo\Default\aa342d1a31f0f689a337b82f29796699.bundle,True,True,
14978,Assets/Game/RawAssets/Sprite/Item/ItemResources/goods_260005.png,,5984,assets_game_rawassets_sprite_item_itemresources.bundle,aa342d1a31f0f689a337b82f29796699.bundle,8172207,resources\assets\yoo\Default\aa342d1a31f0f689a337b82f29796699.bundle,True,True,
14979,Assets/Game/RawAssets/Sprite/Item/ItemResources/goods_260006.png,,5984,assets_game_rawassets_sprite_item_itemresources.bundle,aa342d1a31f0f689a337b82f29796699.bundle,8172207,resources\assets\yoo\Default\aa342d1a31f0f689a337b82f29796699.bundle,True,True,
14980,Assets/Game/RawAssets/Sprite/Item/ItemResources/goods_260007.png,,5984,assets_game_rawassets_sprite_item_itemresources.bundle,aa342d1a31f0f689a337b82f29796699.bundle,8172207,resources\assets\yoo\Default\aa342d1a31f0f689a337b82f29796699.bundle,True,True,
14981,Assets/Game/RawAssets/Sprite/Item/ItemResources/goods_260008.png,,5984,assets_game_rawassets_sprite_item_itemresources.bundle,aa342d1a31f0f689a337b82f29796699.bundle,8172207,resources\assets\yoo\Default\aa342d1a31f0f689a337b82f29796699.bundle,True,True,
14982,Assets/Game/RawAssets/Sprite/Item/ItemResources/goods_260009.png,,5984,assets_game_rawassets_sprite_item_itemresources.bundle,aa342d1a31f0f689a337b82f29796699.bundle,8172207,resources\assets\yoo\Default\aa342d1a31f0f689a337b82f29796699.bundle,True,True,
14983,Assets/Game/RawAssets/Sprite/Item/ItemResources/goods_260010.png,,5984,assets_game_rawassets_sprite_item_itemresources.bundle,aa342d1a31f0f689a337b82f29796699.bundle,8172207,resources\assets\yoo\Default\aa342d1a31f0f689a337b82f29796699.bundle,True,True,
14984,Assets/Game/RawAssets/Sprite/Item/ItemResources/goods_260011.png,,5984,assets_game_rawassets_sprite_item_itemresources.bundle,aa342d1a31f0f689a337b82f29796699.bundle,8172207,resources\assets\yoo\Default\aa342d1a31f0f689a337b82f29796699.bundle,True,True,
14985,Assets/Game/RawAssets/Sprite/Item/ItemResources/goods_260012.png,,5984,assets_game_rawassets_sprite_item_itemresources.bundle,aa342d1a31f0f689a337b82f29796699.bundle,8172207,resources\assets\yoo\Default\aa342d1a31f0f689a337b82f29796699.bundle,True,True,
14986,Assets/Game/RawAssets/Sprite/Item/ItemResources/goods_260013.png,,5984,assets_game_rawassets_sprite_item_itemresources.bundle,aa342d1a31f0f689a337b82f29796699.bundle,8172207,resources\assets\yoo\Default\aa342d1a31f0f689a337b82f29796699.bundle,True,True,
14987,Assets/Game/RawAssets/Sprite/Item/ItemResources/goods_260014.png,,5984,assets_game_rawassets_sprite_item_itemresources.bundle,aa342d1a31f0f689a337b82f29796699.bundle,8172207,resources\assets\yoo\Default\aa342d1a31f0f689a337b82f29796699.bundle,True,True,
14988,Assets/Game/RawAssets/Sprite/Item/ItemResources/goods_260015.png,,5984,assets_game_rawassets_sprite_item_itemresources.bundle,aa342d1a31f0f689a337b82f29796699.bundle,8172207,resources\assets\yoo\Default\aa342d1a31f0f689a337b82f29796699.bundle,True,True,
14989,Assets/Game/RawAssets/Sprite/Item/ItemResources/goods_260016.png,,5984,assets_game_rawassets_sprite_item_itemresources.bundle,aa342d1a31f0f689a337b82f29796699.bundle,8172207,resources\assets\yoo\Default\aa342d1a31f0f689a337b82f29796699.bundle,True,True,
14990,Assets/Game/RawAssets/Sprite/Item/ItemResources/goods_260017.png,,5984,assets_game_rawassets_sprite_item_itemresources.bundle,aa342d1a31f0f689a337b82f29796699.bundle,8172207,resources\assets\yoo\Default\aa342d1a31f0f689a337b82f29796699.bundle,True,True,
14991,Assets/Game/RawAssets/Sprite/Item/ItemResources/goods_260018.png,,5984,assets_game_rawassets_sprite_item_itemresources.bundle,aa342d1a31f0f689a337b82f29796699.bundle,8172207,resources\assets\yoo\Default\aa342d1a31f0f689a337b82f29796699.bundle,True,True,
14992,Assets/Game/RawAssets/Sprite/Item/ItemResources/goods_260019.png,,5984,assets_game_rawassets_sprite_item_itemresources.bundle,aa342d1a31f0f689a337b82f29796699.bundle,8172207,resources\assets\yoo\Default\aa342d1a31f0f689a337b82f29796699.bundle,True,True,
14993,Assets/Game/RawAssets/Sprite/Item/ItemResources/goods_260020.png,,5984,assets_game_rawassets_sprite_item_itemresources.bundle,aa342d1a31f0f689a337b82f29796699.bundle,8172207,resources\assets\yoo\Default\aa342d1a31f0f689a337b82f29796699.bundle,True,True,
14994,Assets/Game/RawAssets/Sprite/Item/ItemResources/goods_260021.png,,5984,assets_game_rawassets_sprite_item_itemresources.bundle,aa342d1a31f0f689a337b82f29796699.bundle,8172207,resources\assets\yoo\Default\aa342d1a31f0f689a337b82f29796699.bundle,True,True,
14995,Assets/Game/RawAssets/Sprite/Item/ItemResources/goods_260022.png,,5984,assets_game_rawassets_sprite_item_itemresources.bundle,aa342d1a31f0f689a337b82f29796699.bundle,8172207,resources\assets\yoo\Default\aa342d1a31f0f689a337b82f29796699.bundle,True,True,
14996,Assets/Game/RawAssets/Sprite/Item/ItemResources/goods_260023.png,,5984,assets_game_rawassets_sprite_item_itemresources.bundle,aa342d1a31f0f689a337b82f29796699.bundle,8172207,resources\assets\yoo\Default\aa342d1a31f0f689a337b82f29796699.bundle,True,True,
14997,Assets/Game/RawAssets/Sprite/Item/ItemResources/goods_260024.png,,5984,assets_game_rawassets_sprite_item_itemresources.bundle,aa342d1a31f0f689a337b82f29796699.bundle,8172207,resources\assets\yoo\Default\aa342d1a31f0f689a337b82f29796699.bundle,True,True,
14998,Assets/Game/RawAssets/Sprite/Item/ItemResources/goods_260025.png,,5984,assets_game_rawassets_sprite_item_itemresources.bundle,aa342d1a31f0f689a337b82f29796699.bundle,8172207,resources\assets\yoo\Default\aa342d1a31f0f689a337b82f29796699.bundle,True,True,
14999,Assets/Game/RawAssets/Sprite/Item/ItemResources/goods_260026.png,,5984,assets_game_rawassets_sprite_item_itemresources.bundle,aa342d1a31f0f689a337b82f29796699.bundle,8172207,resources\assets\yoo\Default\aa342d1a31f0f689a337b82f29796699.bundle,True,True,
15000,Assets/Game/RawAssets/Sprite/Item/ItemResources/goods_260027.png,,5984,assets_game_rawassets_sprite_item_itemresources.bundle,aa342d1a31f0f689a337b82f29796699.bundle,8172207,resources\assets\yoo\Default\aa342d1a31f0f689a337b82f29796699.bundle,True,True,
15001,Assets/Game/RawAssets/Sprite/Item/ItemResources/goods_260028.png,,5984,assets_game_rawassets_sprite_item_itemresources.bundle,aa342d1a31f0f689a337b82f29796699.bundle,8172207,resources\assets\yoo\Default\aa342d1a31f0f689a337b82f29796699.bundle,True,True,
15002,Assets/Game/RawAssets/Sprite/Item/ItemResources/goods_260029.png,,5984,assets_game_rawassets_sprite_item_itemresources.bundle,aa342d1a31f0f689a337b82f29796699.bundle,8172207,resources\assets\yoo\Default\aa342d1a31f0f689a337b82f29796699.bundle,True,True,
15003,Assets/Game/RawAssets/Sprite/Item/ItemResources/goods_260030.png,,5984,assets_game_rawassets_sprite_item_itemresources.bundle,aa342d1a31f0f689a337b82f29796699.bundle,8172207,resources\assets\yoo\Default\aa342d1a31f0f689a337b82f29796699.bundle,True,True,
15004,Assets/Game/RawAssets/Sprite/Item/ItemResources/goods_260031.png,,5984,assets_game_rawassets_sprite_item_itemresources.bundle,aa342d1a31f0f689a337b82f29796699.bundle,8172207,resources\assets\yoo\Default\aa342d1a31f0f689a337b82f29796699.bundle,True,True,
15005,Assets/Game/RawAssets/Sprite/Item/ItemResources/goods_260032.png,,5984,assets_game_rawassets_sprite_item_itemresources.bundle,aa342d1a31f0f689a337b82f29796699.bundle,8172207,resources\assets\yoo\Default\aa342d1a31f0f689a337b82f29796699.bundle,True,True,
15006,Assets/Game/RawAssets/Sprite/Item/ItemResources/goods_260033.png,,5984,assets_game_rawassets_sprite_item_itemresources.bundle,aa342d1a31f0f689a337b82f29796699.bundle,8172207,resources\assets\yoo\Default\aa342d1a31f0f689a337b82f29796699.bundle,True,True,
15007,Assets/Game/RawAssets/Sprite/Item/ItemResources/goods_260034.png,,5984,assets_game_rawassets_sprite_item_itemresources.bundle,aa342d1a31f0f689a337b82f29796699.bundle,8172207,resources\assets\yoo\Default\aa342d1a31f0f689a337b82f29796699.bundle,True,True,
15008,Assets/Game/RawAssets/Sprite/Item/ItemResources/goods_260035.png,,5984,assets_game_rawassets_sprite_item_itemresources.bundle,aa342d1a31f0f689a337b82f29796699.bundle,8172207,resources\assets\yoo\Default\aa342d1a31f0f689a337b82f29796699.bundle,True,True,
15009,Assets/Game/RawAssets/Sprite/Item/ItemResources/goods_260036.png,,5984,assets_game_rawassets_sprite_item_itemresources.bundle,aa342d1a31f0f689a337b82f29796699.bundle,8172207,resources\assets\yoo\Default\aa342d1a31f0f689a337b82f29796699.bundle,True,True,
15010,Assets/Game/RawAssets/Sprite/Item/ItemResources/goods_260037.png,,5984,assets_game_rawassets_sprite_item_itemresources.bundle,aa342d1a31f0f689a337b82f29796699.bundle,8172207,resources\assets\yoo\Default\aa342d1a31f0f689a337b82f29796699.bundle,True,True,
15011,Assets/Game/RawAssets/Sprite/Item/ItemResources/goods_260038.png,,5984,assets_game_rawassets_sprite_item_itemresources.bundle,aa342d1a31f0f689a337b82f29796699.bundle,8172207,resources\assets\yoo\Default\aa342d1a31f0f689a337b82f29796699.bundle,True,True,
15012,Assets/Game/RawAssets/Sprite/Item/ItemResources/goods_260039.png,,5984,assets_game_rawassets_sprite_item_itemresources.bundle,aa342d1a31f0f689a337b82f29796699.bundle,8172207,resources\assets\yoo\Default\aa342d1a31f0f689a337b82f29796699.bundle,True,True,
15013,Assets/Game/RawAssets/Sprite/Item/ItemResources/goods_260040.png,,5984,assets_game_rawassets_sprite_item_itemresources.bundle,aa342d1a31f0f689a337b82f29796699.bundle,8172207,resources\assets\yoo\Default\aa342d1a31f0f689a337b82f29796699.bundle,True,True,
15014,Assets/Game/RawAssets/Sprite/Item/ItemResources/goods_260041.png,,5984,assets_game_rawassets_sprite_item_itemresources.bundle,aa342d1a31f0f689a337b82f29796699.bundle,8172207,resources\assets\yoo\Default\aa342d1a31f0f689a337b82f29796699.bundle,True,True,
15015,Assets/Game/RawAssets/Sprite/Item/ItemResources/goods_260042.png,,5984,assets_game_rawassets_sprite_item_itemresources.bundle,aa342d1a31f0f689a337b82f29796699.bundle,8172207,resources\assets\yoo\Default\aa342d1a31f0f689a337b82f29796699.bundle,True,True,
15016,Assets/Game/RawAssets/Sprite/Item/ItemResources/goods_262001.png,,5984,assets_game_rawassets_sprite_item_itemresources.bundle,aa342d1a31f0f689a337b82f29796699.bundle,8172207,resources\assets\yoo\Default\aa342d1a31f0f689a337b82f29796699.bundle,True,True,
15017,Assets/Game/RawAssets/Sprite/Item/ItemResources/goods_262002.png,,5984,assets_game_rawassets_sprite_item_itemresources.bundle,aa342d1a31f0f689a337b82f29796699.bundle,8172207,resources\assets\yoo\Default\aa342d1a31f0f689a337b82f29796699.bundle,True,True,
15018,Assets/Game/RawAssets/Sprite/Item/ItemResources/goods_262003.png,,5984,assets_game_rawassets_sprite_item_itemresources.bundle,aa342d1a31f0f689a337b82f29796699.bundle,8172207,resources\assets\yoo\Default\aa342d1a31f0f689a337b82f29796699.bundle,True,True,
15019,Assets/Game/RawAssets/Sprite/Item/ItemResources/goods_262004.png,,5984,assets_game_rawassets_sprite_item_itemresources.bundle,aa342d1a31f0f689a337b82f29796699.bundle,8172207,resources\assets\yoo\Default\aa342d1a31f0f689a337b82f29796699.bundle,True,True,
15020,Assets/Game/RawAssets/Sprite/Item/ItemResources/goods_262005.png,,5984,assets_game_rawassets_sprite_item_itemresources.bundle,aa342d1a31f0f689a337b82f29796699.bundle,8172207,resources\assets\yoo\Default\aa342d1a31f0f689a337b82f29796699.bundle,True,True,
15021,Assets/Game/RawAssets/Sprite/Item/ItemResources/goods_262006.png,,5984,assets_game_rawassets_sprite_item_itemresources.bundle,aa342d1a31f0f689a337b82f29796699.bundle,8172207,resources\assets\yoo\Default\aa342d1a31f0f689a337b82f29796699.bundle,True,True,
15022,Assets/Game/RawAssets/Sprite/Item/ItemResources/goods_262007.png,,5984,assets_game_rawassets_sprite_item_itemresources.bundle,aa342d1a31f0f689a337b82f29796699.bundle,8172207,resources\assets\yoo\Default\aa342d1a31f0f689a337b82f29796699.bundle,True,True,
15023,Assets/Game/RawAssets/Sprite/Item/ItemResources/goods_262008.png,,5984,assets_game_rawassets_sprite_item_itemresources.bundle,aa342d1a31f0f689a337b82f29796699.bundle,8172207,resources\assets\yoo\Default\aa342d1a31f0f689a337b82f29796699.bundle,True,True,
15024,Assets/Game/RawAssets/Sprite/Item/ItemResources/goods_262009.png,,5984,assets_game_rawassets_sprite_item_itemresources.bundle,aa342d1a31f0f689a337b82f29796699.bundle,8172207,resources\assets\yoo\Default\aa342d1a31f0f689a337b82f29796699.bundle,True,True,
15025,Assets/Game/RawAssets/Sprite/Item/ItemResources/goods_262010.png,,5984,assets_game_rawassets_sprite_item_itemresources.bundle,aa342d1a31f0f689a337b82f29796699.bundle,8172207,resources\assets\yoo\Default\aa342d1a31f0f689a337b82f29796699.bundle,True,True,
15026,Assets/Game/RawAssets/Sprite/Item/ItemResources/goods_262011.png,,5984,assets_game_rawassets_sprite_item_itemresources.bundle,aa342d1a31f0f689a337b82f29796699.bundle,8172207,resources\assets\yoo\Default\aa342d1a31f0f689a337b82f29796699.bundle,True,True,
15027,Assets/Game/RawAssets/Sprite/Item/ItemResources/goods_262012.png,,5984,assets_game_rawassets_sprite_item_itemresources.bundle,aa342d1a31f0f689a337b82f29796699.bundle,8172207,resources\assets\yoo\Default\aa342d1a31f0f689a337b82f29796699.bundle,True,True,
15028,Assets/Game/RawAssets/Sprite/Item/ItemResources/goods_262013.png,,5984,assets_game_rawassets_sprite_item_itemresources.bundle,aa342d1a31f0f689a337b82f29796699.bundle,8172207,resources\assets\yoo\Default\aa342d1a31f0f689a337b82f29796699.bundle,True,True,
15029,Assets/Game/RawAssets/Sprite/Item/ItemResources/goods_262014.png,,5984,assets_game_rawassets_sprite_item_itemresources.bundle,aa342d1a31f0f689a337b82f29796699.bundle,8172207,resources\assets\yoo\Default\aa342d1a31f0f689a337b82f29796699.bundle,True,True,
15030,Assets/Game/RawAssets/Sprite/Item/ItemResources/goods_262015.png,,5984,assets_game_rawassets_sprite_item_itemresources.bundle,aa342d1a31f0f689a337b82f29796699.bundle,8172207,resources\assets\yoo\Default\aa342d1a31f0f689a337b82f29796699.bundle,True,True,
15031,Assets/Game/RawAssets/Sprite/Item/ItemResources/goods_263000.png,,5984,assets_game_rawassets_sprite_item_itemresources.bundle,aa342d1a31f0f689a337b82f29796699.bundle,8172207,resources\assets\yoo\Default\aa342d1a31f0f689a337b82f29796699.bundle,True,True,
15032,Assets/Game/RawAssets/Sprite/Item/ItemResources/goods_263001.png,,5984,assets_game_rawassets_sprite_item_itemresources.bundle,aa342d1a31f0f689a337b82f29796699.bundle,8172207,resources\assets\yoo\Default\aa342d1a31f0f689a337b82f29796699.bundle,True,True,
15033,Assets/Game/RawAssets/Sprite/Item/ItemResources/goods_263002.png,,5984,assets_game_rawassets_sprite_item_itemresources.bundle,aa342d1a31f0f689a337b82f29796699.bundle,8172207,resources\assets\yoo\Default\aa342d1a31f0f689a337b82f29796699.bundle,True,True,
15034,Assets/Game/RawAssets/Sprite/Item/ItemResources/goods_270005.png,,5984,assets_game_rawassets_sprite_item_itemresources.bundle,aa342d1a31f0f689a337b82f29796699.bundle,8172207,resources\assets\yoo\Default\aa342d1a31f0f689a337b82f29796699.bundle,True,True,
15035,Assets/Game/RawAssets/Sprite/Item/ItemResources/goods_271000.png,,5984,assets_game_rawassets_sprite_item_itemresources.bundle,aa342d1a31f0f689a337b82f29796699.bundle,8172207,resources\assets\yoo\Default\aa342d1a31f0f689a337b82f29796699.bundle,True,True,
15036,Assets/Game/RawAssets/Sprite/Item/ItemResources/goods_271001.png,,5984,assets_game_rawassets_sprite_item_itemresources.bundle,aa342d1a31f0f689a337b82f29796699.bundle,8172207,resources\assets\yoo\Default\aa342d1a31f0f689a337b82f29796699.bundle,True,True,
15037,Assets/Game/RawAssets/Sprite/Item/ItemResources/goods_271002.png,,5984,assets_game_rawassets_sprite_item_itemresources.bundle,aa342d1a31f0f689a337b82f29796699.bundle,8172207,resources\assets\yoo\Default\aa342d1a31f0f689a337b82f29796699.bundle,True,True,
15038,Assets/Game/RawAssets/Sprite/Item/ItemResources/goods_271003.png,,5984,assets_game_rawassets_sprite_item_itemresources.bundle,aa342d1a31f0f689a337b82f29796699.bundle,8172207,resources\assets\yoo\Default\aa342d1a31f0f689a337b82f29796699.bundle,True,True,
15039,Assets/Game/RawAssets/Sprite/Item/ItemResources/goods_290001.png,,5984,assets_game_rawassets_sprite_item_itemresources.bundle,aa342d1a31f0f689a337b82f29796699.bundle,8172207,resources\assets\yoo\Default\aa342d1a31f0f689a337b82f29796699.bundle,True,True,
15040,Assets/Game/RawAssets/Sprite/Item/ItemResources/goods_290002.png,,5984,assets_game_rawassets_sprite_item_itemresources.bundle,aa342d1a31f0f689a337b82f29796699.bundle,8172207,resources\assets\yoo\Default\aa342d1a31f0f689a337b82f29796699.bundle,True,True,
15041,Assets/Game/RawAssets/Sprite/Item/ItemResources/goods_290003.png,,5984,assets_game_rawassets_sprite_item_itemresources.bundle,aa342d1a31f0f689a337b82f29796699.bundle,8172207,resources\assets\yoo\Default\aa342d1a31f0f689a337b82f29796699.bundle,True,True,
15042,Assets/Game/RawAssets/Sprite/Item/ItemResources/goods_290004.png,,5984,assets_game_rawassets_sprite_item_itemresources.bundle,aa342d1a31f0f689a337b82f29796699.bundle,8172207,resources\assets\yoo\Default\aa342d1a31f0f689a337b82f29796699.bundle,True,True,
15043,Assets/Game/RawAssets/Sprite/Item/ItemResources/goods_290005.png,,5984,assets_game_rawassets_sprite_item_itemresources.bundle,aa342d1a31f0f689a337b82f29796699.bundle,8172207,resources\assets\yoo\Default\aa342d1a31f0f689a337b82f29796699.bundle,True,True,
15044,Assets/Game/RawAssets/Sprite/Item/ItemResources/goods_290006.png,,5984,assets_game_rawassets_sprite_item_itemresources.bundle,aa342d1a31f0f689a337b82f29796699.bundle,8172207,resources\assets\yoo\Default\aa342d1a31f0f689a337b82f29796699.bundle,True,True,
15045,Assets/Game/RawAssets/Sprite/Item/ItemResources/goods_290007.png,,5984,assets_game_rawassets_sprite_item_itemresources.bundle,aa342d1a31f0f689a337b82f29796699.bundle,8172207,resources\assets\yoo\Default\aa342d1a31f0f689a337b82f29796699.bundle,True,True,
15046,Assets/Game/RawAssets/Sprite/Item/ItemResources/goods_290008.png,,5984,assets_game_rawassets_sprite_item_itemresources.bundle,aa342d1a31f0f689a337b82f29796699.bundle,8172207,resources\assets\yoo\Default\aa342d1a31f0f689a337b82f29796699.bundle,True,True,
15047,Assets/Game/RawAssets/Sprite/Item/ItemResources/goods_290009.png,,5984,assets_game_rawassets_sprite_item_itemresources.bundle,aa342d1a31f0f689a337b82f29796699.bundle,8172207,resources\assets\yoo\Default\aa342d1a31f0f689a337b82f29796699.bundle,True,True,
15048,Assets/Game/RawAssets/Sprite/Item/ItemResources/goods_290010.png,,5984,assets_game_rawassets_sprite_item_itemresources.bundle,aa342d1a31f0f689a337b82f29796699.bundle,8172207,resources\assets\yoo\Default\aa342d1a31f0f689a337b82f29796699.bundle,True,True,
15049,Assets/Game/RawAssets/Sprite/Item/ItemResources/goods_2900101.png,,5984,assets_game_rawassets_sprite_item_itemresources.bundle,aa342d1a31f0f689a337b82f29796699.bundle,8172207,resources\assets\yoo\Default\aa342d1a31f0f689a337b82f29796699.bundle,True,True,
15050,Assets/Game/RawAssets/Sprite/Item/ItemResources/goods_2900105.png,,5984,assets_game_rawassets_sprite_item_itemresources.bundle,aa342d1a31f0f689a337b82f29796699.bundle,8172207,resources\assets\yoo\Default\aa342d1a31f0f689a337b82f29796699.bundle,True,True,
15051,Assets/Game/RawAssets/Sprite/Item/ItemResources/goods_2900106.png,,5984,assets_game_rawassets_sprite_item_itemresources.bundle,aa342d1a31f0f689a337b82f29796699.bundle,8172207,resources\assets\yoo\Default\aa342d1a31f0f689a337b82f29796699.bundle,True,True,
15052,Assets/Game/RawAssets/Sprite/Item/ItemResources/goods_2900107.png,,5984,assets_game_rawassets_sprite_item_itemresources.bundle,aa342d1a31f0f689a337b82f29796699.bundle,8172207,resources\assets\yoo\Default\aa342d1a31f0f689a337b82f29796699.bundle,True,True,
15053,Assets/Game/RawAssets/Sprite/Item/ItemResources/goods_290011.png,,5984,assets_game_rawassets_sprite_item_itemresources.bundle,aa342d1a31f0f689a337b82f29796699.bundle,8172207,resources\assets\yoo\Default\aa342d1a31f0f689a337b82f29796699.bundle,True,True,
15054,Assets/Game/RawAssets/Sprite/Item/ItemResources/goods_290012.png,,5984,assets_game_rawassets_sprite_item_itemresources.bundle,aa342d1a31f0f689a337b82f29796699.bundle,8172207,resources\assets\yoo\Default\aa342d1a31f0f689a337b82f29796699.bundle,True,True,
15055,Assets/Game/RawAssets/Sprite/Item/ItemResources/goods_290013.png,,5984,assets_game_rawassets_sprite_item_itemresources.bundle,aa342d1a31f0f689a337b82f29796699.bundle,8172207,resources\assets\yoo\Default\aa342d1a31f0f689a337b82f29796699.bundle,True,True,
15056,Assets/Game/RawAssets/Sprite/Item/ItemResources/goods_290014.png,,5984,assets_game_rawassets_sprite_item_itemresources.bundle,aa342d1a31f0f689a337b82f29796699.bundle,8172207,resources\assets\yoo\Default\aa342d1a31f0f689a337b82f29796699.bundle,True,True,
15057,Assets/Game/RawAssets/Sprite/Item/ItemResources/goods_290015.png,,5984,assets_game_rawassets_sprite_item_itemresources.bundle,aa342d1a31f0f689a337b82f29796699.bundle,8172207,resources\assets\yoo\Default\aa342d1a31f0f689a337b82f29796699.bundle,True,True,
15058,Assets/Game/RawAssets/Sprite/Item/ItemResources/goods_290016.png,,5984,assets_game_rawassets_sprite_item_itemresources.bundle,aa342d1a31f0f689a337b82f29796699.bundle,8172207,resources\assets\yoo\Default\aa342d1a31f0f689a337b82f29796699.bundle,True,True,
15059,Assets/Game/RawAssets/Sprite/Item/ItemResources/goods_290017.png,,5984,assets_game_rawassets_sprite_item_itemresources.bundle,aa342d1a31f0f689a337b82f29796699.bundle,8172207,resources\assets\yoo\Default\aa342d1a31f0f689a337b82f29796699.bundle,True,True,
15060,Assets/Game/RawAssets/Sprite/Item/ItemResources/goods_290018.png,,5984,assets_game_rawassets_sprite_item_itemresources.bundle,aa342d1a31f0f689a337b82f29796699.bundle,8172207,resources\assets\yoo\Default\aa342d1a31f0f689a337b82f29796699.bundle,True,True,
15061,Assets/Game/RawAssets/Sprite/Item/ItemResources/goods_290019.png,,5984,assets_game_rawassets_sprite_item_itemresources.bundle,aa342d1a31f0f689a337b82f29796699.bundle,8172207,resources\assets\yoo\Default\aa342d1a31f0f689a337b82f29796699.bundle,True,True,
15062,Assets/Game/RawAssets/Sprite/Item/ItemResources/goods_290020.png,,5984,assets_game_rawassets_sprite_item_itemresources.bundle,aa342d1a31f0f689a337b82f29796699.bundle,8172207,resources\assets\yoo\Default\aa342d1a31f0f689a337b82f29796699.bundle,True,True,
15063,Assets/Game/RawAssets/Sprite/Item/ItemResources/goods_290021.png,,5984,assets_game_rawassets_sprite_item_itemresources.bundle,aa342d1a31f0f689a337b82f29796699.bundle,8172207,resources\assets\yoo\Default\aa342d1a31f0f689a337b82f29796699.bundle,True,True,
15064,Assets/Game/RawAssets/Sprite/Item/ItemResources/goods_290022.png,,5984,assets_game_rawassets_sprite_item_itemresources.bundle,aa342d1a31f0f689a337b82f29796699.bundle,8172207,resources\assets\yoo\Default\aa342d1a31f0f689a337b82f29796699.bundle,True,True,
15065,Assets/Game/RawAssets/Sprite/Item/ItemResources/goods_290023.png,,5984,assets_game_rawassets_sprite_item_itemresources.bundle,aa342d1a31f0f689a337b82f29796699.bundle,8172207,resources\assets\yoo\Default\aa342d1a31f0f689a337b82f29796699.bundle,True,True,
15066,Assets/Game/RawAssets/Sprite/Item/ItemResources/goods_290024.png,,5984,assets_game_rawassets_sprite_item_itemresources.bundle,aa342d1a31f0f689a337b82f29796699.bundle,8172207,resources\assets\yoo\Default\aa342d1a31f0f689a337b82f29796699.bundle,True,True,
15067,Assets/Game/RawAssets/Sprite/Item/ItemResources/goods_290025.png,,5984,assets_game_rawassets_sprite_item_itemresources.bundle,aa342d1a31f0f689a337b82f29796699.bundle,8172207,resources\assets\yoo\Default\aa342d1a31f0f689a337b82f29796699.bundle,True,True,
15068,Assets/Game/RawAssets/Sprite/Item/ItemResources/goods_290026.png,,5984,assets_game_rawassets_sprite_item_itemresources.bundle,aa342d1a31f0f689a337b82f29796699.bundle,8172207,resources\assets\yoo\Default\aa342d1a31f0f689a337b82f29796699.bundle,True,True,
15069,Assets/Game/RawAssets/Sprite/Item/ItemResources/goods_290027.png,,5984,assets_game_rawassets_sprite_item_itemresources.bundle,aa342d1a31f0f689a337b82f29796699.bundle,8172207,resources\assets\yoo\Default\aa342d1a31f0f689a337b82f29796699.bundle,True,True,
15070,Assets/Game/RawAssets/Sprite/Item/ItemResources/goods_290028.png,,5984,assets_game_rawassets_sprite_item_itemresources.bundle,aa342d1a31f0f689a337b82f29796699.bundle,8172207,resources\assets\yoo\Default\aa342d1a31f0f689a337b82f29796699.bundle,True,True,
15071,Assets/Game/RawAssets/Sprite/Item/ItemResources/goods_290029.png,,5984,assets_game_rawassets_sprite_item_itemresources.bundle,aa342d1a31f0f689a337b82f29796699.bundle,8172207,resources\assets\yoo\Default\aa342d1a31f0f689a337b82f29796699.bundle,True,True,
15072,Assets/Game/RawAssets/Sprite/Item/ItemResources/goods_290030.png,,5984,assets_game_rawassets_sprite_item_itemresources.bundle,aa342d1a31f0f689a337b82f29796699.bundle,8172207,resources\assets\yoo\Default\aa342d1a31f0f689a337b82f29796699.bundle,True,True,
15073,Assets/Game/RawAssets/Sprite/Item/ItemResources/goods_290031.png,,5984,assets_game_rawassets_sprite_item_itemresources.bundle,aa342d1a31f0f689a337b82f29796699.bundle,8172207,resources\assets\yoo\Default\aa342d1a31f0f689a337b82f29796699.bundle,True,True,
15074,Assets/Game/RawAssets/Sprite/Item/ItemResources/goods_290032.png,,5984,assets_game_rawassets_sprite_item_itemresources.bundle,aa342d1a31f0f689a337b82f29796699.bundle,8172207,resources\assets\yoo\Default\aa342d1a31f0f689a337b82f29796699.bundle,True,True,
15075,Assets/Game/RawAssets/Sprite/Item/ItemResources/goods_290033.png,,5984,assets_game_rawassets_sprite_item_itemresources.bundle,aa342d1a31f0f689a337b82f29796699.bundle,8172207,resources\assets\yoo\Default\aa342d1a31f0f689a337b82f29796699.bundle,True,True,
15076,Assets/Game/RawAssets/Sprite/Item/ItemResources/goods_290034.png,,5984,assets_game_rawassets_sprite_item_itemresources.bundle,aa342d1a31f0f689a337b82f29796699.bundle,8172207,resources\assets\yoo\Default\aa342d1a31f0f689a337b82f29796699.bundle,True,True,
15077,Assets/Game/RawAssets/Sprite/Item/ItemResources/goods_290035.png,,5984,assets_game_rawassets_sprite_item_itemresources.bundle,aa342d1a31f0f689a337b82f29796699.bundle,8172207,resources\assets\yoo\Default\aa342d1a31f0f689a337b82f29796699.bundle,True,True,
15078,Assets/Game/RawAssets/Sprite/Item/ItemResources/goods_290036.png,,5984,assets_game_rawassets_sprite_item_itemresources.bundle,aa342d1a31f0f689a337b82f29796699.bundle,8172207,resources\assets\yoo\Default\aa342d1a31f0f689a337b82f29796699.bundle,True,True,
15079,Assets/Game/RawAssets/Sprite/Item/ItemResources/goods_290037.png,,5984,assets_game_rawassets_sprite_item_itemresources.bundle,aa342d1a31f0f689a337b82f29796699.bundle,8172207,resources\assets\yoo\Default\aa342d1a31f0f689a337b82f29796699.bundle,True,True,
15080,Assets/Game/RawAssets/Sprite/Item/ItemResources/goods_290038.png,,5984,assets_game_rawassets_sprite_item_itemresources.bundle,aa342d1a31f0f689a337b82f29796699.bundle,8172207,resources\assets\yoo\Default\aa342d1a31f0f689a337b82f29796699.bundle,True,True,
15081,Assets/Game/RawAssets/Sprite/Item/ItemResources/goods_290039.png,,5984,assets_game_rawassets_sprite_item_itemresources.bundle,aa342d1a31f0f689a337b82f29796699.bundle,8172207,resources\assets\yoo\Default\aa342d1a31f0f689a337b82f29796699.bundle,True,True,
15082,Assets/Game/RawAssets/Sprite/Item/ItemResources/goods_290040.png,,5984,assets_game_rawassets_sprite_item_itemresources.bundle,aa342d1a31f0f689a337b82f29796699.bundle,8172207,resources\assets\yoo\Default\aa342d1a31f0f689a337b82f29796699.bundle,True,True,
15083,Assets/Game/RawAssets/Sprite/Item/ItemResources/goods_290041.png,,5984,assets_game_rawassets_sprite_item_itemresources.bundle,aa342d1a31f0f689a337b82f29796699.bundle,8172207,resources\assets\yoo\Default\aa342d1a31f0f689a337b82f29796699.bundle,True,True,
15084,Assets/Game/RawAssets/Sprite/Item/ItemResources/goods_290042.png,,5984,assets_game_rawassets_sprite_item_itemresources.bundle,aa342d1a31f0f689a337b82f29796699.bundle,8172207,resources\assets\yoo\Default\aa342d1a31f0f689a337b82f29796699.bundle,True,True,
15085,Assets/Game/RawAssets/Sprite/Item/ItemResources/goods_290043.png,,5984,assets_game_rawassets_sprite_item_itemresources.bundle,aa342d1a31f0f689a337b82f29796699.bundle,8172207,resources\assets\yoo\Default\aa342d1a31f0f689a337b82f29796699.bundle,True,True,
15086,Assets/Game/RawAssets/Sprite/Item/ItemResources/goods_300000.png,,5984,assets_game_rawassets_sprite_item_itemresources.bundle,aa342d1a31f0f689a337b82f29796699.bundle,8172207,resources\assets\yoo\Default\aa342d1a31f0f689a337b82f29796699.bundle,True,True,
15087,Assets/Game/RawAssets/Sprite/Item/ItemResources/goods_300047.png,,5984,assets_game_rawassets_sprite_item_itemresources.bundle,aa342d1a31f0f689a337b82f29796699.bundle,8172207,resources\assets\yoo\Default\aa342d1a31f0f689a337b82f29796699.bundle,True,True,
15088,Assets/Game/RawAssets/Sprite/Item/ItemResources/goods_300048.png,,5984,assets_game_rawassets_sprite_item_itemresources.bundle,aa342d1a31f0f689a337b82f29796699.bundle,8172207,resources\assets\yoo\Default\aa342d1a31f0f689a337b82f29796699.bundle,True,True,
15089,Assets/Game/RawAssets/Sprite/Item/ItemResources/goods_301100.png,,5984,assets_game_rawassets_sprite_item_itemresources.bundle,aa342d1a31f0f689a337b82f29796699.bundle,8172207,resources\assets\yoo\Default\aa342d1a31f0f689a337b82f29796699.bundle,True,True,
15090,Assets/Game/RawAssets/Sprite/Item/ItemResources/goods_301101.png,,5984,assets_game_rawassets_sprite_item_itemresources.bundle,aa342d1a31f0f689a337b82f29796699.bundle,8172207,resources\assets\yoo\Default\aa342d1a31f0f689a337b82f29796699.bundle,True,True,
15091,Assets/Game/RawAssets/Sprite/Item/ItemResources/goods_301102.png,,5984,assets_game_rawassets_sprite_item_itemresources.bundle,aa342d1a31f0f689a337b82f29796699.bundle,8172207,resources\assets\yoo\Default\aa342d1a31f0f689a337b82f29796699.bundle,True,True,
15092,Assets/Game/RawAssets/Sprite/Item/ItemResources/goods_301103.png,,5984,assets_game_rawassets_sprite_item_itemresources.bundle,aa342d1a31f0f689a337b82f29796699.bundle,8172207,resources\assets\yoo\Default\aa342d1a31f0f689a337b82f29796699.bundle,True,True,
15093,Assets/Game/RawAssets/Sprite/Item/ItemResources/goods_301104.png,,5984,assets_game_rawassets_sprite_item_itemresources.bundle,aa342d1a31f0f689a337b82f29796699.bundle,8172207,resources\assets\yoo\Default\aa342d1a31f0f689a337b82f29796699.bundle,True,True,
15094,Assets/Game/RawAssets/Sprite/Item/ItemResources/goods_301105.png,,5984,assets_game_rawassets_sprite_item_itemresources.bundle,aa342d1a31f0f689a337b82f29796699.bundle,8172207,resources\assets\yoo\Default\aa342d1a31f0f689a337b82f29796699.bundle,True,True,
15095,Assets/Game/RawAssets/Sprite/Item/ItemResources/goods_301701.png,,5984,assets_game_rawassets_sprite_item_itemresources.bundle,aa342d1a31f0f689a337b82f29796699.bundle,8172207,resources\assets\yoo\Default\aa342d1a31f0f689a337b82f29796699.bundle,True,True,
15096,Assets/Game/RawAssets/Sprite/Item/ItemResources/goods_301702.png,,5984,assets_game_rawassets_sprite_item_itemresources.bundle,aa342d1a31f0f689a337b82f29796699.bundle,8172207,resources\assets\yoo\Default\aa342d1a31f0f689a337b82f29796699.bundle,True,True,
15097,Assets/Game/RawAssets/Sprite/Item/ItemResources/goods_301703.png,,5984,assets_game_rawassets_sprite_item_itemresources.bundle,aa342d1a31f0f689a337b82f29796699.bundle,8172207,resources\assets\yoo\Default\aa342d1a31f0f689a337b82f29796699.bundle,True,True,
15098,Assets/Game/RawAssets/Sprite/Item/ItemResources/goods_301704.png,,5984,assets_game_rawassets_sprite_item_itemresources.bundle,aa342d1a31f0f689a337b82f29796699.bundle,8172207,resources\assets\yoo\Default\aa342d1a31f0f689a337b82f29796699.bundle,True,True,
15099,Assets/Game/RawAssets/Sprite/Item/ItemResources/goods_301705.png,,5984,assets_game_rawassets_sprite_item_itemresources.bundle,aa342d1a31f0f689a337b82f29796699.bundle,8172207,resources\assets\yoo\Default\aa342d1a31f0f689a337b82f29796699.bundle,True,True,
15100,Assets/Game/RawAssets/Sprite/Item/ItemResources/goods_301706.png,,5984,assets_game_rawassets_sprite_item_itemresources.bundle,aa342d1a31f0f689a337b82f29796699.bundle,8172207,resources\assets\yoo\Default\aa342d1a31f0f689a337b82f29796699.bundle,True,True,
15101,Assets/Game/RawAssets/Sprite/Item/ItemResources/goods_301707.png,,5984,assets_game_rawassets_sprite_item_itemresources.bundle,aa342d1a31f0f689a337b82f29796699.bundle,8172207,resources\assets\yoo\Default\aa342d1a31f0f689a337b82f29796699.bundle,True,True,
15102,Assets/Game/RawAssets/Sprite/Item/ItemResources/goods_301708.png,,5984,assets_game_rawassets_sprite_item_itemresources.bundle,aa342d1a31f0f689a337b82f29796699.bundle,8172207,resources\assets\yoo\Default\aa342d1a31f0f689a337b82f29796699.bundle,True,True,
15103,Assets/Game/RawAssets/Sprite/Item/ItemResources/goods_301709.png,,5984,assets_game_rawassets_sprite_item_itemresources.bundle,aa342d1a31f0f689a337b82f29796699.bundle,8172207,resources\assets\yoo\Default\aa342d1a31f0f689a337b82f29796699.bundle,True,True,
15104,Assets/Game/RawAssets/Sprite/Item/ItemResources/goods_301710.png,,5984,assets_game_rawassets_sprite_item_itemresources.bundle,aa342d1a31f0f689a337b82f29796699.bundle,8172207,resources\assets\yoo\Default\aa342d1a31f0f689a337b82f29796699.bundle,True,True,
15105,Assets/Game/RawAssets/Sprite/Item/ItemResources/goods_301711.png,,5984,assets_game_rawassets_sprite_item_itemresources.bundle,aa342d1a31f0f689a337b82f29796699.bundle,8172207,resources\assets\yoo\Default\aa342d1a31f0f689a337b82f29796699.bundle,True,True,
15106,Assets/Game/RawAssets/Sprite/Item/ItemResources/goods_301712.png,,5984,assets_game_rawassets_sprite_item_itemresources.bundle,aa342d1a31f0f689a337b82f29796699.bundle,8172207,resources\assets\yoo\Default\aa342d1a31f0f689a337b82f29796699.bundle,True,True,
15107,Assets/Game/RawAssets/Sprite/Item/ItemResources/goods_3100081.png,,5984,assets_game_rawassets_sprite_item_itemresources.bundle,aa342d1a31f0f689a337b82f29796699.bundle,8172207,resources\assets\yoo\Default\aa342d1a31f0f689a337b82f29796699.bundle,True,True,
15108,Assets/Game/RawAssets/Sprite/Item/ItemResources/goods_3100082.png,,5984,assets_game_rawassets_sprite_item_itemresources.bundle,aa342d1a31f0f689a337b82f29796699.bundle,8172207,resources\assets\yoo\Default\aa342d1a31f0f689a337b82f29796699.bundle,True,True,
15109,Assets/Game/RawAssets/Sprite/Item/ItemResources/goods_3100083.png,,5984,assets_game_rawassets_sprite_item_itemresources.bundle,aa342d1a31f0f689a337b82f29796699.bundle,8172207,resources\assets\yoo\Default\aa342d1a31f0f689a337b82f29796699.bundle,True,True,
15110,Assets/Game/RawAssets/Sprite/Item/ItemResources/goods_3100084.png,,5984,assets_game_rawassets_sprite_item_itemresources.bundle,aa342d1a31f0f689a337b82f29796699.bundle,8172207,resources\assets\yoo\Default\aa342d1a31f0f689a337b82f29796699.bundle,True,True,
15111,Assets/Game/RawAssets/Sprite/Item/ItemResources/goods_3100085.png,,5984,assets_game_rawassets_sprite_item_itemresources.bundle,aa342d1a31f0f689a337b82f29796699.bundle,8172207,resources\assets\yoo\Default\aa342d1a31f0f689a337b82f29796699.bundle,True,True,
15112,Assets/Game/RawAssets/Sprite/Item/ItemResources/goods_3100086.png,,5984,assets_game_rawassets_sprite_item_itemresources.bundle,aa342d1a31f0f689a337b82f29796699.bundle,8172207,resources\assets\yoo\Default\aa342d1a31f0f689a337b82f29796699.bundle,True,True,
15113,Assets/Game/RawAssets/Sprite/Item/ItemResources/goods_3100087.png,,5984,assets_game_rawassets_sprite_item_itemresources.bundle,aa342d1a31f0f689a337b82f29796699.bundle,8172207,resources\assets\yoo\Default\aa342d1a31f0f689a337b82f29796699.bundle,True,True,
15114,Assets/Game/RawAssets/Sprite/Item/ItemResources/goods_3100088.png,,5984,assets_game_rawassets_sprite_item_itemresources.bundle,aa342d1a31f0f689a337b82f29796699.bundle,8172207,resources\assets\yoo\Default\aa342d1a31f0f689a337b82f29796699.bundle,True,True,
15115,Assets/Game/RawAssets/Sprite/Item/ItemResources/goods_3100089.png,,5984,assets_game_rawassets_sprite_item_itemresources.bundle,aa342d1a31f0f689a337b82f29796699.bundle,8172207,resources\assets\yoo\Default\aa342d1a31f0f689a337b82f29796699.bundle,True,True,
15116,Assets/Game/RawAssets/Sprite/Item/ItemResources/goods_3100090.png,,5984,assets_game_rawassets_sprite_item_itemresources.bundle,aa342d1a31f0f689a337b82f29796699.bundle,8172207,resources\assets\yoo\Default\aa342d1a31f0f689a337b82f29796699.bundle,True,True,
15117,Assets/Game/RawAssets/Sprite/Item/ItemResources/goods_3100091.png,,5984,assets_game_rawassets_sprite_item_itemresources.bundle,aa342d1a31f0f689a337b82f29796699.bundle,8172207,resources\assets\yoo\Default\aa342d1a31f0f689a337b82f29796699.bundle,True,True,
15118,Assets/Game/RawAssets/Sprite/Item/ItemResources/goods_3100092.png,,5984,assets_game_rawassets_sprite_item_itemresources.bundle,aa342d1a31f0f689a337b82f29796699.bundle,8172207,resources\assets\yoo\Default\aa342d1a31f0f689a337b82f29796699.bundle,True,True,
15119,Assets/Game/RawAssets/Sprite/Item/ItemResources/goods_3100093.png,,5984,assets_game_rawassets_sprite_item_itemresources.bundle,aa342d1a31f0f689a337b82f29796699.bundle,8172207,resources\assets\yoo\Default\aa342d1a31f0f689a337b82f29796699.bundle,True,True,
15120,Assets/Game/RawAssets/Sprite/Item/ItemResources/goods_3100094.png,,5984,assets_game_rawassets_sprite_item_itemresources.bundle,aa342d1a31f0f689a337b82f29796699.bundle,8172207,resources\assets\yoo\Default\aa342d1a31f0f689a337b82f29796699.bundle,True,True,
15121,Assets/Game/RawAssets/Sprite/Item/ItemResources/goods_3100095.png,,5984,assets_game_rawassets_sprite_item_itemresources.bundle,aa342d1a31f0f689a337b82f29796699.bundle,8172207,resources\assets\yoo\Default\aa342d1a31f0f689a337b82f29796699.bundle,True,True,
15122,Assets/Game/RawAssets/Sprite/Item/ItemResources/goods_3100096.png,,5984,assets_game_rawassets_sprite_item_itemresources.bundle,aa342d1a31f0f689a337b82f29796699.bundle,8172207,resources\assets\yoo\Default\aa342d1a31f0f689a337b82f29796699.bundle,True,True,
15123,Assets/Game/RawAssets/Sprite/Item/ItemResources/goods_3100097.png,,5984,assets_game_rawassets_sprite_item_itemresources.bundle,aa342d1a31f0f689a337b82f29796699.bundle,8172207,resources\assets\yoo\Default\aa342d1a31f0f689a337b82f29796699.bundle,True,True,
15124,Assets/Game/RawAssets/Sprite/Item/ItemResources/goods_3100098.png,,5984,assets_game_rawassets_sprite_item_itemresources.bundle,aa342d1a31f0f689a337b82f29796699.bundle,8172207,resources\assets\yoo\Default\aa342d1a31f0f689a337b82f29796699.bundle,True,True,
15125,Assets/Game/RawAssets/Sprite/Item/ItemResources/goods_3100099.png,,5984,assets_game_rawassets_sprite_item_itemresources.bundle,aa342d1a31f0f689a337b82f29796699.bundle,8172207,resources\assets\yoo\Default\aa342d1a31f0f689a337b82f29796699.bundle,True,True,
15126,Assets/Game/RawAssets/Sprite/Item/ItemResources/goods_3100100.png,,5984,assets_game_rawassets_sprite_item_itemresources.bundle,aa342d1a31f0f689a337b82f29796699.bundle,8172207,resources\assets\yoo\Default\aa342d1a31f0f689a337b82f29796699.bundle,True,True,
15127,Assets/Game/RawAssets/Sprite/Item/ItemResources/goods_3100101.png,,5984,assets_game_rawassets_sprite_item_itemresources.bundle,aa342d1a31f0f689a337b82f29796699.bundle,8172207,resources\assets\yoo\Default\aa342d1a31f0f689a337b82f29796699.bundle,True,True,
15128,Assets/Game/RawAssets/Sprite/Item/ItemResources/goods_3100102.png,,5984,assets_game_rawassets_sprite_item_itemresources.bundle,aa342d1a31f0f689a337b82f29796699.bundle,8172207,resources\assets\yoo\Default\aa342d1a31f0f689a337b82f29796699.bundle,True,True,
15129,Assets/Game/RawAssets/Sprite/Item/ItemResources/goods_3100103.png,,5984,assets_game_rawassets_sprite_item_itemresources.bundle,aa342d1a31f0f689a337b82f29796699.bundle,8172207,resources\assets\yoo\Default\aa342d1a31f0f689a337b82f29796699.bundle,True,True,
15130,Assets/Game/RawAssets/Sprite/Item/ItemResources/goods_3100104.png,,5984,assets_game_rawassets_sprite_item_itemresources.bundle,aa342d1a31f0f689a337b82f29796699.bundle,8172207,resources\assets\yoo\Default\aa342d1a31f0f689a337b82f29796699.bundle,True,True,
15131,Assets/Game/RawAssets/Sprite/Item/ItemResources/goods_3100105.png,,5984,assets_game_rawassets_sprite_item_itemresources.bundle,aa342d1a31f0f689a337b82f29796699.bundle,8172207,resources\assets\yoo\Default\aa342d1a31f0f689a337b82f29796699.bundle,True,True,
15132,Assets/Game/RawAssets/Sprite/Item/ItemResources/goods_3100106.png,,5984,assets_game_rawassets_sprite_item_itemresources.bundle,aa342d1a31f0f689a337b82f29796699.bundle,8172207,resources\assets\yoo\Default\aa342d1a31f0f689a337b82f29796699.bundle,True,True,
15133,Assets/Game/RawAssets/Sprite/Item/ItemResources/goods_3100107.png,,5984,assets_game_rawassets_sprite_item_itemresources.bundle,aa342d1a31f0f689a337b82f29796699.bundle,8172207,resources\assets\yoo\Default\aa342d1a31f0f689a337b82f29796699.bundle,True,True,
15134,Assets/Game/RawAssets/Sprite/Item/ItemResources/goods_3100108.png,,5984,assets_game_rawassets_sprite_item_itemresources.bundle,aa342d1a31f0f689a337b82f29796699.bundle,8172207,resources\assets\yoo\Default\aa342d1a31f0f689a337b82f29796699.bundle,True,True,
15135,Assets/Game/RawAssets/Sprite/Item/ItemResources/goods_3100109.png,,5984,assets_game_rawassets_sprite_item_itemresources.bundle,aa342d1a31f0f689a337b82f29796699.bundle,8172207,resources\assets\yoo\Default\aa342d1a31f0f689a337b82f29796699.bundle,True,True,
15136,Assets/Game/RawAssets/Sprite/Item/ItemResources/goods_3100110.png,,5984,assets_game_rawassets_sprite_item_itemresources.bundle,aa342d1a31f0f689a337b82f29796699.bundle,8172207,resources\assets\yoo\Default\aa342d1a31f0f689a337b82f29796699.bundle,True,True,
15137,Assets/Game/RawAssets/Sprite/Item/ItemResources/goods_3100111.png,,5984,assets_game_rawassets_sprite_item_itemresources.bundle,aa342d1a31f0f689a337b82f29796699.bundle,8172207,resources\assets\yoo\Default\aa342d1a31f0f689a337b82f29796699.bundle,True,True,
15138,Assets/Game/RawAssets/Sprite/Item/ItemResources/goods_3100112.png,,5984,assets_game_rawassets_sprite_item_itemresources.bundle,aa342d1a31f0f689a337b82f29796699.bundle,8172207,resources\assets\yoo\Default\aa342d1a31f0f689a337b82f29796699.bundle,True,True,
15139,Assets/Game/RawAssets/Sprite/Item/ItemResources/goods_3100113.png,,5984,assets_game_rawassets_sprite_item_itemresources.bundle,aa342d1a31f0f689a337b82f29796699.bundle,8172207,resources\assets\yoo\Default\aa342d1a31f0f689a337b82f29796699.bundle,True,True,
15140,Assets/Game/RawAssets/Sprite/Item/ItemResources/goods_3100114.png,,5984,assets_game_rawassets_sprite_item_itemresources.bundle,aa342d1a31f0f689a337b82f29796699.bundle,8172207,resources\assets\yoo\Default\aa342d1a31f0f689a337b82f29796699.bundle,True,True,
15141,Assets/Game/RawAssets/Sprite/Item/ItemResources/goods_3100115.png,,5984,assets_game_rawassets_sprite_item_itemresources.bundle,aa342d1a31f0f689a337b82f29796699.bundle,8172207,resources\assets\yoo\Default\aa342d1a31f0f689a337b82f29796699.bundle,True,True,
15142,Assets/Game/RawAssets/Sprite/Item/ItemResources/goods_3100116.png,,5984,assets_game_rawassets_sprite_item_itemresources.bundle,aa342d1a31f0f689a337b82f29796699.bundle,8172207,resources\assets\yoo\Default\aa342d1a31f0f689a337b82f29796699.bundle,True,True,
15143,Assets/Game/RawAssets/Sprite/Item/ItemResources/goods_3100117.png,,5984,assets_game_rawassets_sprite_item_itemresources.bundle,aa342d1a31f0f689a337b82f29796699.bundle,8172207,resources\assets\yoo\Default\aa342d1a31f0f689a337b82f29796699.bundle,True,True,
15144,Assets/Game/RawAssets/Sprite/Item/ItemResources/goods_3100118.png,,5984,assets_game_rawassets_sprite_item_itemresources.bundle,aa342d1a31f0f689a337b82f29796699.bundle,8172207,resources\assets\yoo\Default\aa342d1a31f0f689a337b82f29796699.bundle,True,True,
15145,Assets/Game/RawAssets/Sprite/Item/ItemResources/goods_3100119.png,,5984,assets_game_rawassets_sprite_item_itemresources.bundle,aa342d1a31f0f689a337b82f29796699.bundle,8172207,resources\assets\yoo\Default\aa342d1a31f0f689a337b82f29796699.bundle,True,True,
15146,Assets/Game/RawAssets/Sprite/Item/ItemResources/goods_700001.png,,5984,assets_game_rawassets_sprite_item_itemresources.bundle,aa342d1a31f0f689a337b82f29796699.bundle,8172207,resources\assets\yoo\Default\aa342d1a31f0f689a337b82f29796699.bundle,True,True,
15147,Assets/Game/RawAssets/Sprite/Item/ItemResources/goods_700002.png,,5984,assets_game_rawassets_sprite_item_itemresources.bundle,aa342d1a31f0f689a337b82f29796699.bundle,8172207,resources\assets\yoo\Default\aa342d1a31f0f689a337b82f29796699.bundle,True,True,
15148,Assets/Game/RawAssets/Sprite/Item/ItemResources/goods_700003.png,,5984,assets_game_rawassets_sprite_item_itemresources.bundle,aa342d1a31f0f689a337b82f29796699.bundle,8172207,resources\assets\yoo\Default\aa342d1a31f0f689a337b82f29796699.bundle,True,True,
15149,Assets/Game/RawAssets/Sprite/Item/ItemResources/goods_700004.png,,5984,assets_game_rawassets_sprite_item_itemresources.bundle,aa342d1a31f0f689a337b82f29796699.bundle,8172207,resources\assets\yoo\Default\aa342d1a31f0f689a337b82f29796699.bundle,True,True,
15150,Assets/Game/RawAssets/Sprite/Item/ItemResources/goods_700005.png,,5984,assets_game_rawassets_sprite_item_itemresources.bundle,aa342d1a31f0f689a337b82f29796699.bundle,8172207,resources\assets\yoo\Default\aa342d1a31f0f689a337b82f29796699.bundle,True,True,
15151,Assets/Game/RawAssets/Sprite/Item/ItemResources/goods_700006.png,,5984,assets_game_rawassets_sprite_item_itemresources.bundle,aa342d1a31f0f689a337b82f29796699.bundle,8172207,resources\assets\yoo\Default\aa342d1a31f0f689a337b82f29796699.bundle,True,True,
15152,Assets/Game/RawAssets/Sprite/Item/ItemResources/goods_700007.png,,5984,assets_game_rawassets_sprite_item_itemresources.bundle,aa342d1a31f0f689a337b82f29796699.bundle,8172207,resources\assets\yoo\Default\aa342d1a31f0f689a337b82f29796699.bundle,True,True,
15153,Assets/Game/RawAssets/Sprite/Item/ItemResources/goods_700008.png,,5984,assets_game_rawassets_sprite_item_itemresources.bundle,aa342d1a31f0f689a337b82f29796699.bundle,8172207,resources\assets\yoo\Default\aa342d1a31f0f689a337b82f29796699.bundle,True,True,
15154,Assets/Game/RawAssets/Sprite/Item/ItemResources/goods_700009.png,,5984,assets_game_rawassets_sprite_item_itemresources.bundle,aa342d1a31f0f689a337b82f29796699.bundle,8172207,resources\assets\yoo\Default\aa342d1a31f0f689a337b82f29796699.bundle,True,True,
15155,Assets/Game/RawAssets/Sprite/Item/ItemResources/goods_700010.png,,5984,assets_game_rawassets_sprite_item_itemresources.bundle,aa342d1a31f0f689a337b82f29796699.bundle,8172207,resources\assets\yoo\Default\aa342d1a31f0f689a337b82f29796699.bundle,True,True,
15156,Assets/Game/RawAssets/Sprite/Item/ItemResources/goods_700011.png,,5984,assets_game_rawassets_sprite_item_itemresources.bundle,aa342d1a31f0f689a337b82f29796699.bundle,8172207,resources\assets\yoo\Default\aa342d1a31f0f689a337b82f29796699.bundle,True,True,
15157,Assets/Game/RawAssets/Sprite/Item/ItemResources/goods_700012.png,,5984,assets_game_rawassets_sprite_item_itemresources.bundle,aa342d1a31f0f689a337b82f29796699.bundle,8172207,resources\assets\yoo\Default\aa342d1a31f0f689a337b82f29796699.bundle,True,True,
15158,Assets/Game/RawAssets/Sprite/Item/ItemResources/goods_700013.png,,5984,assets_game_rawassets_sprite_item_itemresources.bundle,aa342d1a31f0f689a337b82f29796699.bundle,8172207,resources\assets\yoo\Default\aa342d1a31f0f689a337b82f29796699.bundle,True,True,
15159,Assets/Game/RawAssets/Sprite/Item/ItemResources/goods_700014.png,,5984,assets_game_rawassets_sprite_item_itemresources.bundle,aa342d1a31f0f689a337b82f29796699.bundle,8172207,resources\assets\yoo\Default\aa342d1a31f0f689a337b82f29796699.bundle,True,True,
15160,Assets/Game/RawAssets/Sprite/Item/ItemResources/goods_700015.png,,5984,assets_game_rawassets_sprite_item_itemresources.bundle,aa342d1a31f0f689a337b82f29796699.bundle,8172207,resources\assets\yoo\Default\aa342d1a31f0f689a337b82f29796699.bundle,True,True,
15161,Assets/Game/RawAssets/Sprite/Item/ItemResources/goods_700016.png,,5984,assets_game_rawassets_sprite_item_itemresources.bundle,aa342d1a31f0f689a337b82f29796699.bundle,8172207,resources\assets\yoo\Default\aa342d1a31f0f689a337b82f29796699.bundle,True,True,
15162,Assets/Game/RawAssets/Sprite/Item/ItemResources/goods_700017.png,,5984,assets_game_rawassets_sprite_item_itemresources.bundle,aa342d1a31f0f689a337b82f29796699.bundle,8172207,resources\assets\yoo\Default\aa342d1a31f0f689a337b82f29796699.bundle,True,True,
15163,Assets/Game/RawAssets/Sprite/Item/ItemResources/goods_700018.png,,5984,assets_game_rawassets_sprite_item_itemresources.bundle,aa342d1a31f0f689a337b82f29796699.bundle,8172207,resources\assets\yoo\Default\aa342d1a31f0f689a337b82f29796699.bundle,True,True,
15164,Assets/Game/RawAssets/Sprite/Item/ItemResources/goods_700019.png,,5984,assets_game_rawassets_sprite_item_itemresources.bundle,aa342d1a31f0f689a337b82f29796699.bundle,8172207,resources\assets\yoo\Default\aa342d1a31f0f689a337b82f29796699.bundle,True,True,
15165,Assets/Game/RawAssets/Sprite/Item/ItemResources/goods_700020.png,,5984,assets_game_rawassets_sprite_item_itemresources.bundle,aa342d1a31f0f689a337b82f29796699.bundle,8172207,resources\assets\yoo\Default\aa342d1a31f0f689a337b82f29796699.bundle,True,True,
15166,Assets/Game/RawAssets/Sprite/Item/ItemResources/goods_700021.png,,5984,assets_game_rawassets_sprite_item_itemresources.bundle,aa342d1a31f0f689a337b82f29796699.bundle,8172207,resources\assets\yoo\Default\aa342d1a31f0f689a337b82f29796699.bundle,True,True,
15167,Assets/Game/RawAssets/Sprite/Item/ItemResources/goods_700022.png,,5984,assets_game_rawassets_sprite_item_itemresources.bundle,aa342d1a31f0f689a337b82f29796699.bundle,8172207,resources\assets\yoo\Default\aa342d1a31f0f689a337b82f29796699.bundle,True,True,
15168,Assets/Game/RawAssets/Sprite/Item/ItemResources/goods_700023.png,,5984,assets_game_rawassets_sprite_item_itemresources.bundle,aa342d1a31f0f689a337b82f29796699.bundle,8172207,resources\assets\yoo\Default\aa342d1a31f0f689a337b82f29796699.bundle,True,True,
15169,Assets/Game/RawAssets/Sprite/Item/ItemResources/goods_700024.png,,5984,assets_game_rawassets_sprite_item_itemresources.bundle,aa342d1a31f0f689a337b82f29796699.bundle,8172207,resources\assets\yoo\Default\aa342d1a31f0f689a337b82f29796699.bundle,True,True,
15170,Assets/Game/RawAssets/Sprite/Item/ItemResources/goods_700025.png,,5984,assets_game_rawassets_sprite_item_itemresources.bundle,aa342d1a31f0f689a337b82f29796699.bundle,8172207,resources\assets\yoo\Default\aa342d1a31f0f689a337b82f29796699.bundle,True,True,
15171,Assets/Game/RawAssets/Sprite/Item/ItemResources/goods_700026.png,,5984,assets_game_rawassets_sprite_item_itemresources.bundle,aa342d1a31f0f689a337b82f29796699.bundle,8172207,resources\assets\yoo\Default\aa342d1a31f0f689a337b82f29796699.bundle,True,True,
15172,Assets/Game/RawAssets/Sprite/Item/ItemResources/goods_700027.png,,5984,assets_game_rawassets_sprite_item_itemresources.bundle,aa342d1a31f0f689a337b82f29796699.bundle,8172207,resources\assets\yoo\Default\aa342d1a31f0f689a337b82f29796699.bundle,True,True,
15173,Assets/Game/RawAssets/Sprite/Item/ItemResources/goods_700028.png,,5984,assets_game_rawassets_sprite_item_itemresources.bundle,aa342d1a31f0f689a337b82f29796699.bundle,8172207,resources\assets\yoo\Default\aa342d1a31f0f689a337b82f29796699.bundle,True,True,
15174,Assets/Game/RawAssets/Sprite/Item/ItemResources/goods_700029.png,,5984,assets_game_rawassets_sprite_item_itemresources.bundle,aa342d1a31f0f689a337b82f29796699.bundle,8172207,resources\assets\yoo\Default\aa342d1a31f0f689a337b82f29796699.bundle,True,True,
15175,Assets/Game/RawAssets/Sprite/Item/ItemResources/goods_700030.png,,5984,assets_game_rawassets_sprite_item_itemresources.bundle,aa342d1a31f0f689a337b82f29796699.bundle,8172207,resources\assets\yoo\Default\aa342d1a31f0f689a337b82f29796699.bundle,True,True,
15176,Assets/Game/RawAssets/Sprite/Item/ItemResources/goods_huoyue.png,,5984,assets_game_rawassets_sprite_item_itemresources.bundle,aa342d1a31f0f689a337b82f29796699.bundle,8172207,resources\assets\yoo\Default\aa342d1a31f0f689a337b82f29796699.bundle,True,True,
15177,Assets/Game/RawAssets/Sprite/Item/ItemResources/goods_shuijing.png,,5984,assets_game_rawassets_sprite_item_itemresources.bundle,aa342d1a31f0f689a337b82f29796699.bundle,8172207,resources\assets\yoo\Default\aa342d1a31f0f689a337b82f29796699.bundle,True,True,
15178,Assets/Game/RawAssets/Sprite/Item/ItemResources/goods_zhuanwu.png,,5984,assets_game_rawassets_sprite_item_itemresources.bundle,aa342d1a31f0f689a337b82f29796699.bundle,8172207,resources\assets\yoo\Default\aa342d1a31f0f689a337b82f29796699.bundle,True,True,
15179,Assets/Game/RawAssets/Sprite/Item/ItemResources/hero_fragment_001.png,,5984,assets_game_rawassets_sprite_item_itemresources.bundle,aa342d1a31f0f689a337b82f29796699.bundle,8172207,resources\assets\yoo\Default\aa342d1a31f0f689a337b82f29796699.bundle,True,True,
15180,Assets/Game/RawAssets/Sprite/Item/ItemResources/hero_fragment_002.png,,5984,assets_game_rawassets_sprite_item_itemresources.bundle,aa342d1a31f0f689a337b82f29796699.bundle,8172207,resources\assets\yoo\Default\aa342d1a31f0f689a337b82f29796699.bundle,True,True,
15181,Assets/Game/RawAssets/Sprite/Item/ItemResources/hero_fragment_003.png,,5984,assets_game_rawassets_sprite_item_itemresources.bundle,aa342d1a31f0f689a337b82f29796699.bundle,8172207,resources\assets\yoo\Default\aa342d1a31f0f689a337b82f29796699.bundle,True,True,
15182,Assets/Game/RawAssets/Sprite/Item/ItemResources/hero_fragment_004.png,,5984,assets_game_rawassets_sprite_item_itemresources.bundle,aa342d1a31f0f689a337b82f29796699.bundle,8172207,resources\assets\yoo\Default\aa342d1a31f0f689a337b82f29796699.bundle,True,True,
15183,Assets/Game/RawAssets/Sprite/Item/ItemResources/hero_fragment_005.png,,5984,assets_game_rawassets_sprite_item_itemresources.bundle,aa342d1a31f0f689a337b82f29796699.bundle,8172207,resources\assets\yoo\Default\aa342d1a31f0f689a337b82f29796699.bundle,True,True,
15184,Assets/Game/RawAssets/Sprite/Item/ItemResources/hero_fragment_006.png,,5984,assets_game_rawassets_sprite_item_itemresources.bundle,aa342d1a31f0f689a337b82f29796699.bundle,8172207,resources\assets\yoo\Default\aa342d1a31f0f689a337b82f29796699.bundle,True,True,
15185,Assets/Game/RawAssets/Sprite/Item/ItemResources/hero_fragment_007.png,,5984,assets_game_rawassets_sprite_item_itemresources.bundle,aa342d1a31f0f689a337b82f29796699.bundle,8172207,resources\assets\yoo\Default\aa342d1a31f0f689a337b82f29796699.bundle,True,True,
15186,Assets/Game/RawAssets/Sprite/Item/ItemResources/hero_fragment_008.png,,5984,assets_game_rawassets_sprite_item_itemresources.bundle,aa342d1a31f0f689a337b82f29796699.bundle,8172207,resources\assets\yoo\Default\aa342d1a31f0f689a337b82f29796699.bundle,True,True,
15187,Assets/Game/RawAssets/Sprite/Item/ItemResources/hero_fragment_009.png,,5984,assets_game_rawassets_sprite_item_itemresources.bundle,aa342d1a31f0f689a337b82f29796699.bundle,8172207,resources\assets\yoo\Default\aa342d1a31f0f689a337b82f29796699.bundle,True,True,
15188,Assets/Game/RawAssets/Sprite/Item/ItemResources/hero_fragment_010.png,,5984,assets_game_rawassets_sprite_item_itemresources.bundle,aa342d1a31f0f689a337b82f29796699.bundle,8172207,resources\assets\yoo\Default\aa342d1a31f0f689a337b82f29796699.bundle,True,True,
15189,Assets/Game/RawAssets/Sprite/Item/ItemResources/hero_fragment_011.png,,5984,assets_game_rawassets_sprite_item_itemresources.bundle,aa342d1a31f0f689a337b82f29796699.bundle,8172207,resources\assets\yoo\Default\aa342d1a31f0f689a337b82f29796699.bundle,True,True,
15190,Assets/Game/RawAssets/Sprite/Item/ItemResources/hero_fragment_012.png,,5984,assets_game_rawassets_sprite_item_itemresources.bundle,aa342d1a31f0f689a337b82f29796699.bundle,8172207,resources\assets\yoo\Default\aa342d1a31f0f689a337b82f29796699.bundle,True,True,
15191,Assets/Game/RawAssets/Sprite/Item/ItemResources/hero_fragment_013.png,,5984,assets_game_rawassets_sprite_item_itemresources.bundle,aa342d1a31f0f689a337b82f29796699.bundle,8172207,resources\assets\yoo\Default\aa342d1a31f0f689a337b82f29796699.bundle,True,True,
15192,Assets/Game/RawAssets/Sprite/Item/ItemResources/hero_fragment_014.png,,5984,assets_game_rawassets_sprite_item_itemresources.bundle,aa342d1a31f0f689a337b82f29796699.bundle,8172207,resources\assets\yoo\Default\aa342d1a31f0f689a337b82f29796699.bundle,True,True,
15193,Assets/Game/RawAssets/Sprite/Item/ItemResources/hero_fragment_015.png,,5984,assets_game_rawassets_sprite_item_itemresources.bundle,aa342d1a31f0f689a337b82f29796699.bundle,8172207,resources\assets\yoo\Default\aa342d1a31f0f689a337b82f29796699.bundle,True,True,
15194,Assets/Game/RawAssets/Sprite/Item/ItemResources/hero_fragment_016.png,,5984,assets_game_rawassets_sprite_item_itemresources.bundle,aa342d1a31f0f689a337b82f29796699.bundle,8172207,resources\assets\yoo\Default\aa342d1a31f0f689a337b82f29796699.bundle,True,True,
15195,Assets/Game/RawAssets/Sprite/Item/ItemResources/hero_fragment_017.png,,5984,assets_game_rawassets_sprite_item_itemresources.bundle,aa342d1a31f0f689a337b82f29796699.bundle,8172207,resources\assets\yoo\Default\aa342d1a31f0f689a337b82f29796699.bundle,True,True,
15196,Assets/Game/RawAssets/Sprite/Item/ItemResources/hero_fragment_018.png,,5984,assets_game_rawassets_sprite_item_itemresources.bundle,aa342d1a31f0f689a337b82f29796699.bundle,8172207,resources\assets\yoo\Default\aa342d1a31f0f689a337b82f29796699.bundle,True,True,
15197,Assets/Game/RawAssets/Sprite/Item/ItemResources/hero_fragment_019.png,,5984,assets_game_rawassets_sprite_item_itemresources.bundle,aa342d1a31f0f689a337b82f29796699.bundle,8172207,resources\assets\yoo\Default\aa342d1a31f0f689a337b82f29796699.bundle,True,True,
15198,Assets/Game/RawAssets/Sprite/Item/ItemResources/hero_fragment_020.png,,5984,assets_game_rawassets_sprite_item_itemresources.bundle,aa342d1a31f0f689a337b82f29796699.bundle,8172207,resources\assets\yoo\Default\aa342d1a31f0f689a337b82f29796699.bundle,True,True,
15199,Assets/Game/RawAssets/Sprite/Item/ItemResources/hero_fragment_021.png,,5984,assets_game_rawassets_sprite_item_itemresources.bundle,aa342d1a31f0f689a337b82f29796699.bundle,8172207,resources\assets\yoo\Default\aa342d1a31f0f689a337b82f29796699.bundle,True,True,
15200,Assets/Game/RawAssets/Sprite/Item/ItemResources/hero_fragment_022.png,,5984,assets_game_rawassets_sprite_item_itemresources.bundle,aa342d1a31f0f689a337b82f29796699.bundle,8172207,resources\assets\yoo\Default\aa342d1a31f0f689a337b82f29796699.bundle,True,True,
15201,Assets/Game/RawAssets/Sprite/Item/ItemResources/hero_fragment_023.png,,5984,assets_game_rawassets_sprite_item_itemresources.bundle,aa342d1a31f0f689a337b82f29796699.bundle,8172207,resources\assets\yoo\Default\aa342d1a31f0f689a337b82f29796699.bundle,True,True,
15202,Assets/Game/RawAssets/Sprite/Item/ItemResources/hero_fragment_024.png,,5984,assets_game_rawassets_sprite_item_itemresources.bundle,aa342d1a31f0f689a337b82f29796699.bundle,8172207,resources\assets\yoo\Default\aa342d1a31f0f689a337b82f29796699.bundle,True,True,
15203,Assets/Game/RawAssets/Sprite/Item/ItemResources/hero_fragment_025.png,,5984,assets_game_rawassets_sprite_item_itemresources.bundle,aa342d1a31f0f689a337b82f29796699.bundle,8172207,resources\assets\yoo\Default\aa342d1a31f0f689a337b82f29796699.bundle,True,True,
15204,Assets/Game/RawAssets/Sprite/Item/ItemResources/hero_fragment_026.png,,5984,assets_game_rawassets_sprite_item_itemresources.bundle,aa342d1a31f0f689a337b82f29796699.bundle,8172207,resources\assets\yoo\Default\aa342d1a31f0f689a337b82f29796699.bundle,True,True,
15205,Assets/Game/RawAssets/Sprite/Item/ItemResources/hero_fragment_027.png,,5984,assets_game_rawassets_sprite_item_itemresources.bundle,aa342d1a31f0f689a337b82f29796699.bundle,8172207,resources\assets\yoo\Default\aa342d1a31f0f689a337b82f29796699.bundle,True,True,
15206,Assets/Game/RawAssets/Sprite/Item/ItemResources/hero_fragment_028.png,,5984,assets_game_rawassets_sprite_item_itemresources.bundle,aa342d1a31f0f689a337b82f29796699.bundle,8172207,resources\assets\yoo\Default\aa342d1a31f0f689a337b82f29796699.bundle,True,True,
15207,Assets/Game/RawAssets/Sprite/Item/ItemResources/hero_fragment_029.png,,5984,assets_game_rawassets_sprite_item_itemresources.bundle,aa342d1a31f0f689a337b82f29796699.bundle,8172207,resources\assets\yoo\Default\aa342d1a31f0f689a337b82f29796699.bundle,True,True,
15208,Assets/Game/RawAssets/Sprite/Item/ItemResources/hero_fragment_030.png,,5984,assets_game_rawassets_sprite_item_itemresources.bundle,aa342d1a31f0f689a337b82f29796699.bundle,8172207,resources\assets\yoo\Default\aa342d1a31f0f689a337b82f29796699.bundle,True,True,
15209,Assets/Game/RawAssets/Sprite/Item/ItemResources/hero_fragment_031.png,,5984,assets_game_rawassets_sprite_item_itemresources.bundle,aa342d1a31f0f689a337b82f29796699.bundle,8172207,resources\assets\yoo\Default\aa342d1a31f0f689a337b82f29796699.bundle,True,True,
15210,Assets/Game/RawAssets/Sprite/Item/ItemResources/hero_fragment_032.png,,5984,assets_game_rawassets_sprite_item_itemresources.bundle,aa342d1a31f0f689a337b82f29796699.bundle,8172207,resources\assets\yoo\Default\aa342d1a31f0f689a337b82f29796699.bundle,True,True,
15211,Assets/Game/RawAssets/Sprite/Item/ItemResources/hero_fragment_033.png,,5984,assets_game_rawassets_sprite_item_itemresources.bundle,aa342d1a31f0f689a337b82f29796699.bundle,8172207,resources\assets\yoo\Default\aa342d1a31f0f689a337b82f29796699.bundle,True,True,
15212,Assets/Game/RawAssets/Sprite/Item/ItemResources/hero_fragment_034.png,,5984,assets_game_rawassets_sprite_item_itemresources.bundle,aa342d1a31f0f689a337b82f29796699.bundle,8172207,resources\assets\yoo\Default\aa342d1a31f0f689a337b82f29796699.bundle,True,True,
15213,Assets/Game/RawAssets/Sprite/Item/ItemResources/hero_fragment_035.png,,5984,assets_game_rawassets_sprite_item_itemresources.bundle,aa342d1a31f0f689a337b82f29796699.bundle,8172207,resources\assets\yoo\Default\aa342d1a31f0f689a337b82f29796699.bundle,True,True,
15214,Assets/Game/RawAssets/Sprite/Item/ItemResources/hero_fragment_036.png,,5984,assets_game_rawassets_sprite_item_itemresources.bundle,aa342d1a31f0f689a337b82f29796699.bundle,8172207,resources\assets\yoo\Default\aa342d1a31f0f689a337b82f29796699.bundle,True,True,
15215,Assets/Game/RawAssets/Sprite/Item/ItemResources/hero_fragment_037.png,,5984,assets_game_rawassets_sprite_item_itemresources.bundle,aa342d1a31f0f689a337b82f29796699.bundle,8172207,resources\assets\yoo\Default\aa342d1a31f0f689a337b82f29796699.bundle,True,True,
15216,Assets/Game/RawAssets/Sprite/Item/ItemResources/hero_fragment_038.png,,5984,assets_game_rawassets_sprite_item_itemresources.bundle,aa342d1a31f0f689a337b82f29796699.bundle,8172207,resources\assets\yoo\Default\aa342d1a31f0f689a337b82f29796699.bundle,True,True,
15217,Assets/Game/RawAssets/Sprite/Item/ItemResources/hero_fragment_039.png,,5984,assets_game_rawassets_sprite_item_itemresources.bundle,aa342d1a31f0f689a337b82f29796699.bundle,8172207,resources\assets\yoo\Default\aa342d1a31f0f689a337b82f29796699.bundle,True,True,
15218,Assets/Game/RawAssets/Sprite/Item/ItemResources/hero_fragment_040.png,,5984,assets_game_rawassets_sprite_item_itemresources.bundle,aa342d1a31f0f689a337b82f29796699.bundle,8172207,resources\assets\yoo\Default\aa342d1a31f0f689a337b82f29796699.bundle,True,True,
15219,Assets/Game/RawAssets/Sprite/Item/ItemResources/hero_fragment_041.png,,5984,assets_game_rawassets_sprite_item_itemresources.bundle,aa342d1a31f0f689a337b82f29796699.bundle,8172207,resources\assets\yoo\Default\aa342d1a31f0f689a337b82f29796699.bundle,True,True,
15220,Assets/Game/RawAssets/Sprite/Item/ItemResources/hero_fragment_042.png,,5984,assets_game_rawassets_sprite_item_itemresources.bundle,aa342d1a31f0f689a337b82f29796699.bundle,8172207,resources\assets\yoo\Default\aa342d1a31f0f689a337b82f29796699.bundle,True,True,
15221,Assets/Game/RawAssets/Sprite/Item/ItemResources/hero_fragment_043.png,,5984,assets_game_rawassets_sprite_item_itemresources.bundle,aa342d1a31f0f689a337b82f29796699.bundle,8172207,resources\assets\yoo\Default\aa342d1a31f0f689a337b82f29796699.bundle,True,True,
15222,Assets/Game/RawAssets/Sprite/Item/ItemResources/hero_fragment_044.png,,5984,assets_game_rawassets_sprite_item_itemresources.bundle,aa342d1a31f0f689a337b82f29796699.bundle,8172207,resources\assets\yoo\Default\aa342d1a31f0f689a337b82f29796699.bundle,True,True,
15223,Assets/Game/RawAssets/Sprite/Item/ItemResources/hero_fragment_045.png,,5984,assets_game_rawassets_sprite_item_itemresources.bundle,aa342d1a31f0f689a337b82f29796699.bundle,8172207,resources\assets\yoo\Default\aa342d1a31f0f689a337b82f29796699.bundle,True,True,
15224,Assets/Game/RawAssets/Sprite/Item/ItemResources/hero_fragment_046.png,,5984,assets_game_rawassets_sprite_item_itemresources.bundle,aa342d1a31f0f689a337b82f29796699.bundle,8172207,resources\assets\yoo\Default\aa342d1a31f0f689a337b82f29796699.bundle,True,True,
15225,Assets/Game/RawAssets/Sprite/Item/ItemResources/hero_fragment_047.png,,5984,assets_game_rawassets_sprite_item_itemresources.bundle,aa342d1a31f0f689a337b82f29796699.bundle,8172207,resources\assets\yoo\Default\aa342d1a31f0f689a337b82f29796699.bundle,True,True,
15226,Assets/Game/RawAssets/Sprite/Item/ItemResources/hero_fragment_049.png,,5984,assets_game_rawassets_sprite_item_itemresources.bundle,aa342d1a31f0f689a337b82f29796699.bundle,8172207,resources\assets\yoo\Default\aa342d1a31f0f689a337b82f29796699.bundle,True,True,
15227,Assets/Game/RawAssets/Sprite/Item/ItemResources/hero_fragment_050.png,,5984,assets_game_rawassets_sprite_item_itemresources.bundle,aa342d1a31f0f689a337b82f29796699.bundle,8172207,resources\assets\yoo\Default\aa342d1a31f0f689a337b82f29796699.bundle,True,True,
15228,Assets/Game/RawAssets/Sprite/Item/ItemResources/hero_fragment_051.png,,5984,assets_game_rawassets_sprite_item_itemresources.bundle,aa342d1a31f0f689a337b82f29796699.bundle,8172207,resources\assets\yoo\Default\aa342d1a31f0f689a337b82f29796699.bundle,True,True,
15229,Assets/Game/RawAssets/Sprite/Item/ItemResources/hero_fragment_052.png,,5984,assets_game_rawassets_sprite_item_itemresources.bundle,aa342d1a31f0f689a337b82f29796699.bundle,8172207,resources\assets\yoo\Default\aa342d1a31f0f689a337b82f29796699.bundle,True,True,
15230,Assets/Game/RawAssets/Sprite/Item/ItemResources/hero_fragment_053.png,,5984,assets_game_rawassets_sprite_item_itemresources.bundle,aa342d1a31f0f689a337b82f29796699.bundle,8172207,resources\assets\yoo\Default\aa342d1a31f0f689a337b82f29796699.bundle,True,True,
15231,Assets/Game/RawAssets/Sprite/Item/ItemResources/hero_fragment_054.png,,5984,assets_game_rawassets_sprite_item_itemresources.bundle,aa342d1a31f0f689a337b82f29796699.bundle,8172207,resources\assets\yoo\Default\aa342d1a31f0f689a337b82f29796699.bundle,True,True,
15232,Assets/Game/RawAssets/Sprite/Item/ItemResources/hero_fragment_055.png,,5984,assets_game_rawassets_sprite_item_itemresources.bundle,aa342d1a31f0f689a337b82f29796699.bundle,8172207,resources\assets\yoo\Default\aa342d1a31f0f689a337b82f29796699.bundle,True,True,
15233,Assets/Game/RawAssets/Sprite/Item/ItemResources/hero_fragment_056.png,,5984,assets_game_rawassets_sprite_item_itemresources.bundle,aa342d1a31f0f689a337b82f29796699.bundle,8172207,resources\assets\yoo\Default\aa342d1a31f0f689a337b82f29796699.bundle,True,True,
15234,Assets/Game/RawAssets/Sprite/Item/ItemResources/hero_fragment_057.png,,5984,assets_game_rawassets_sprite_item_itemresources.bundle,aa342d1a31f0f689a337b82f29796699.bundle,8172207,resources\assets\yoo\Default\aa342d1a31f0f689a337b82f29796699.bundle,True,True,
15235,Assets/Game/RawAssets/Sprite/Item/ItemResources/hero_fragment_058.png,,5984,assets_game_rawassets_sprite_item_itemresources.bundle,aa342d1a31f0f689a337b82f29796699.bundle,8172207,resources\assets\yoo\Default\aa342d1a31f0f689a337b82f29796699.bundle,True,True,
15236,Assets/Game/RawAssets/Sprite/Item/ItemResources/hero_fragment_059.png,,5984,assets_game_rawassets_sprite_item_itemresources.bundle,aa342d1a31f0f689a337b82f29796699.bundle,8172207,resources\assets\yoo\Default\aa342d1a31f0f689a337b82f29796699.bundle,True,True,
15237,Assets/Game/RawAssets/Sprite/Item/ItemResources/hero_fragment_060.png,,5984,assets_game_rawassets_sprite_item_itemresources.bundle,aa342d1a31f0f689a337b82f29796699.bundle,8172207,resources\assets\yoo\Default\aa342d1a31f0f689a337b82f29796699.bundle,True,True,
15238,Assets/Game/RawAssets/Sprite/Item/ItemResources/hero_fragment_061.png,,5984,assets_game_rawassets_sprite_item_itemresources.bundle,aa342d1a31f0f689a337b82f29796699.bundle,8172207,resources\assets\yoo\Default\aa342d1a31f0f689a337b82f29796699.bundle,True,True,
15239,Assets/Game/RawAssets/Sprite/Item/ItemResources/hero_fragment_062.png,,5984,assets_game_rawassets_sprite_item_itemresources.bundle,aa342d1a31f0f689a337b82f29796699.bundle,8172207,resources\assets\yoo\Default\aa342d1a31f0f689a337b82f29796699.bundle,True,True,
15240,Assets/Game/RawAssets/Sprite/Item/ItemResources/hero_fragment_064.png,,5984,assets_game_rawassets_sprite_item_itemresources.bundle,aa342d1a31f0f689a337b82f29796699.bundle,8172207,resources\assets\yoo\Default\aa342d1a31f0f689a337b82f29796699.bundle,True,True,
15241,Assets/Game/RawAssets/Sprite/Item/ItemResources/hero_fragment_065.png,,5984,assets_game_rawassets_sprite_item_itemresources.bundle,aa342d1a31f0f689a337b82f29796699.bundle,8172207,resources\assets\yoo\Default\aa342d1a31f0f689a337b82f29796699.bundle,True,True,
15242,Assets/Game/RawAssets/Sprite/Item/ItemResources/hero_fragment_066.png,,5984,assets_game_rawassets_sprite_item_itemresources.bundle,aa342d1a31f0f689a337b82f29796699.bundle,8172207,resources\assets\yoo\Default\aa342d1a31f0f689a337b82f29796699.bundle,True,True,
15243,Assets/Game/RawAssets/Sprite/Item/ItemResources/hero_skin01_001.png,,5984,assets_game_rawassets_sprite_item_itemresources.bundle,aa342d1a31f0f689a337b82f29796699.bundle,8172207,resources\assets\yoo\Default\aa342d1a31f0f689a337b82f29796699.bundle,True,True,
15244,Assets/Game/RawAssets/Sprite/Item/ItemResources/hero_skin01_030.png,,5984,assets_game_rawassets_sprite_item_itemresources.bundle,aa342d1a31f0f689a337b82f29796699.bundle,8172207,resources\assets\yoo\Default\aa342d1a31f0f689a337b82f29796699.bundle,True,True,
15245,Assets/Game/RawAssets/Sprite/Item/ItemResources/hero_skin01_036.png,,5984,assets_game_rawassets_sprite_item_itemresources.bundle,aa342d1a31f0f689a337b82f29796699.bundle,8172207,resources\assets\yoo\Default\aa342d1a31f0f689a337b82f29796699.bundle,True,True,
15246,Assets/Game/RawAssets/Sprite/Item/ItemResources/hero_skin01_037.png,,5984,assets_game_rawassets_sprite_item_itemresources.bundle,aa342d1a31f0f689a337b82f29796699.bundle,8172207,resources\assets\yoo\Default\aa342d1a31f0f689a337b82f29796699.bundle,True,True,
15247,Assets/Game/RawAssets/Sprite/Item/ItemResources/hero_skin01_041.png,,5984,assets_game_rawassets_sprite_item_itemresources.bundle,aa342d1a31f0f689a337b82f29796699.bundle,8172207,resources\assets\yoo\Default\aa342d1a31f0f689a337b82f29796699.bundle,True,True,
15248,Assets/Game/RawAssets/Sprite/Item/ItemResources/hero_skin01_055.png,,5984,assets_game_rawassets_sprite_item_itemresources.bundle,aa342d1a31f0f689a337b82f29796699.bundle,8172207,resources\assets\yoo\Default\aa342d1a31f0f689a337b82f29796699.bundle,True,True,
15249,Assets/Game/RawAssets/Sprite/Item/ItemResources/hero_skin01_061.png,,5984,assets_game_rawassets_sprite_item_itemresources.bundle,aa342d1a31f0f689a337b82f29796699.bundle,8172207,resources\assets\yoo\Default\aa342d1a31f0f689a337b82f29796699.bundle,True,True,
15250,Assets/Game/RawAssets/Sprite/Item/ItemResources/hero_skin01_068.png,,5984,assets_game_rawassets_sprite_item_itemresources.bundle,aa342d1a31f0f689a337b82f29796699.bundle,8172207,resources\assets\yoo\Default\aa342d1a31f0f689a337b82f29796699.bundle,True,True,
15251,Assets/Game/RawAssets/Sprite/Item/ItemResources/hero_skin01_069.png,,5984,assets_game_rawassets_sprite_item_itemresources.bundle,aa342d1a31f0f689a337b82f29796699.bundle,8172207,resources\assets\yoo\Default\aa342d1a31f0f689a337b82f29796699.bundle,True,True,
15252,Assets/Game/RawAssets/Sprite/Item/ItemResources/hero_skin01_076.png,,5984,assets_game_rawassets_sprite_item_itemresources.bundle,aa342d1a31f0f689a337b82f29796699.bundle,8172207,resources\assets\yoo\Default\aa342d1a31f0f689a337b82f29796699.bundle,True,True,
15253,Assets/Game/RawAssets/Sprite/Item/ItemResources/hero_skin01_081.png,,5984,assets_game_rawassets_sprite_item_itemresources.bundle,aa342d1a31f0f689a337b82f29796699.bundle,8172207,resources\assets\yoo\Default\aa342d1a31f0f689a337b82f29796699.bundle,True,True,
15254,Assets/Game/RawAssets/Sprite/Item/ItemResources/hero_skin01_083.png,,5984,assets_game_rawassets_sprite_item_itemresources.bundle,aa342d1a31f0f689a337b82f29796699.bundle,8172207,resources\assets\yoo\Default\aa342d1a31f0f689a337b82f29796699.bundle,True,True,
15255,Assets/Game/RawAssets/Sprite/Item/ItemResources/hero_skin01_085.png,,5984,assets_game_rawassets_sprite_item_itemresources.bundle,aa342d1a31f0f689a337b82f29796699.bundle,8172207,resources\assets\yoo\Default\aa342d1a31f0f689a337b82f29796699.bundle,True,True,
15256,Assets/Game/RawAssets/Sprite/Item/ItemResources/hero_skin01_086.png,,5984,assets_game_rawassets_sprite_item_itemresources.bundle,aa342d1a31f0f689a337b82f29796699.bundle,8172207,resources\assets\yoo\Default\aa342d1a31f0f689a337b82f29796699.bundle,True,True,
15257,Assets/Game/RawAssets/Sprite/Item/ItemResources/hero_skin01_089.png,,5984,assets_game_rawassets_sprite_item_itemresources.bundle,aa342d1a31f0f689a337b82f29796699.bundle,8172207,resources\assets\yoo\Default\aa342d1a31f0f689a337b82f29796699.bundle,True,True,
15258,Assets/Game/RawAssets/Sprite/Item/ItemResources/hero_skin01_091.png,,5984,assets_game_rawassets_sprite_item_itemresources.bundle,aa342d1a31f0f689a337b82f29796699.bundle,8172207,resources\assets\yoo\Default\aa342d1a31f0f689a337b82f29796699.bundle,True,True,
15259,Assets/Game/RawAssets/Sprite/Item/ItemResources/hero_skin01_092.png,,5984,assets_game_rawassets_sprite_item_itemresources.bundle,aa342d1a31f0f689a337b82f29796699.bundle,8172207,resources\assets\yoo\Default\aa342d1a31f0f689a337b82f29796699.bundle,True,True,
15260,Assets/Game/RawAssets/Sprite/Item/ItemResources/hero_skin01_093.png,,5984,assets_game_rawassets_sprite_item_itemresources.bundle,aa342d1a31f0f689a337b82f29796699.bundle,8172207,resources\assets\yoo\Default\aa342d1a31f0f689a337b82f29796699.bundle,True,True,
15261,Assets/Game/RawAssets/Sprite/Item/ItemResources/hero_skin01_094.png,,5984,assets_game_rawassets_sprite_item_itemresources.bundle,aa342d1a31f0f689a337b82f29796699.bundle,8172207,resources\assets\yoo\Default\aa342d1a31f0f689a337b82f29796699.bundle,True,True,
15262,Assets/Game/RawAssets/Sprite/Item/ItemResources/hero_skin01_095.png,,5984,assets_game_rawassets_sprite_item_itemresources.bundle,aa342d1a31f0f689a337b82f29796699.bundle,8172207,resources\assets\yoo\Default\aa342d1a31f0f689a337b82f29796699.bundle,True,True,
15263,Assets/Game/RawAssets/Sprite/Item/ItemResources/hero_skin01_096.png,,5984,assets_game_rawassets_sprite_item_itemresources.bundle,aa342d1a31f0f689a337b82f29796699.bundle,8172207,resources\assets\yoo\Default\aa342d1a31f0f689a337b82f29796699.bundle,True,True,
15264,Assets/Game/RawAssets/Sprite/Item/ItemResources/hero_skin01_097.png,,5984,assets_game_rawassets_sprite_item_itemresources.bundle,aa342d1a31f0f689a337b82f29796699.bundle,8172207,resources\assets\yoo\Default\aa342d1a31f0f689a337b82f29796699.bundle,True,True,
15265,Assets/Game/RawAssets/Sprite/Item/ItemResources/hero_skin01_098.png,,5984,assets_game_rawassets_sprite_item_itemresources.bundle,aa342d1a31f0f689a337b82f29796699.bundle,8172207,resources\assets\yoo\Default\aa342d1a31f0f689a337b82f29796699.bundle,True,True,
15266,Assets/Game/RawAssets/Sprite/Item/ItemResources/hero_skin01_099.png,,5984,assets_game_rawassets_sprite_item_itemresources.bundle,aa342d1a31f0f689a337b82f29796699.bundle,8172207,resources\assets\yoo\Default\aa342d1a31f0f689a337b82f29796699.bundle,True,True,
15267,Assets/Game/RawAssets/Sprite/Item/ItemResources/hero_skin01_100.png,,5984,assets_game_rawassets_sprite_item_itemresources.bundle,aa342d1a31f0f689a337b82f29796699.bundle,8172207,resources\assets\yoo\Default\aa342d1a31f0f689a337b82f29796699.bundle,True,True,
15268,Assets/Game/RawAssets/Sprite/Item/ItemResources/hero_skin01_101.png,,5984,assets_game_rawassets_sprite_item_itemresources.bundle,aa342d1a31f0f689a337b82f29796699.bundle,8172207,resources\assets\yoo\Default\aa342d1a31f0f689a337b82f29796699.bundle,True,True,
15269,Assets/Game/RawAssets/Sprite/Item/ItemResources/hero_skin01_102.png,,5984,assets_game_rawassets_sprite_item_itemresources.bundle,aa342d1a31f0f689a337b82f29796699.bundle,8172207,resources\assets\yoo\Default\aa342d1a31f0f689a337b82f29796699.bundle,True,True,
15270,Assets/Game/RawAssets/Sprite/Item/ItemResources/hero_skin01_103.png,,5984,assets_game_rawassets_sprite_item_itemresources.bundle,aa342d1a31f0f689a337b82f29796699.bundle,8172207,resources\assets\yoo\Default\aa342d1a31f0f689a337b82f29796699.bundle,True,True,
15271,Assets/Game/RawAssets/Sprite/Item/ItemResources/hero_skin02_003.png,,5984,assets_game_rawassets_sprite_item_itemresources.bundle,aa342d1a31f0f689a337b82f29796699.bundle,8172207,resources\assets\yoo\Default\aa342d1a31f0f689a337b82f29796699.bundle,True,True,
15272,Assets/Game/RawAssets/Sprite/Item/ItemResources/hero_skin02_040.png,,5984,assets_game_rawassets_sprite_item_itemresources.bundle,aa342d1a31f0f689a337b82f29796699.bundle,8172207,resources\assets\yoo\Default\aa342d1a31f0f689a337b82f29796699.bundle,True,True,
15273,Assets/Game/RawAssets/Sprite/Item/ItemResources/hero_skin02_076.png,,5984,assets_game_rawassets_sprite_item_itemresources.bundle,aa342d1a31f0f689a337b82f29796699.bundle,8172207,resources\assets\yoo\Default\aa342d1a31f0f689a337b82f29796699.bundle,True,True,
15274,Assets/Game/RawAssets/Sprite/Item/ItemResources/hero_skin02_093.png,,5984,assets_game_rawassets_sprite_item_itemresources.bundle,aa342d1a31f0f689a337b82f29796699.bundle,8172207,resources\assets\yoo\Default\aa342d1a31f0f689a337b82f29796699.bundle,True,True,
15275,Assets/Game/RawAssets/Sprite/Item/ItemResources/hero_skin02_094.png,,5984,assets_game_rawassets_sprite_item_itemresources.bundle,aa342d1a31f0f689a337b82f29796699.bundle,8172207,resources\assets\yoo\Default\aa342d1a31f0f689a337b82f29796699.bundle,True,True,
15276,Assets/Game/RawAssets/Sprite/Item/ItemResources/hero_skin02_096.png,,5984,assets_game_rawassets_sprite_item_itemresources.bundle,aa342d1a31f0f689a337b82f29796699.bundle,8172207,resources\assets\yoo\Default\aa342d1a31f0f689a337b82f29796699.bundle,True,True,
15277,Assets/Game/RawAssets/Sprite/Item/ItemResources/hero_skin02_101.png,,5984,assets_game_rawassets_sprite_item_itemresources.bundle,aa342d1a31f0f689a337b82f29796699.bundle,8172207,resources\assets\yoo\Default\aa342d1a31f0f689a337b82f29796699.bundle,True,True,
15278,Assets/Game/RawAssets/Sprite/Item/ItemResources/hero_skin03_040.png,,5984,assets_game_rawassets_sprite_item_itemresources.bundle,aa342d1a31f0f689a337b82f29796699.bundle,8172207,resources\assets\yoo\Default\aa342d1a31f0f689a337b82f29796699.bundle,True,True,
15279,Assets/Game/RawAssets/Sprite/Item/ItemResources/item405.png,,5984,assets_game_rawassets_sprite_item_itemresources.bundle,aa342d1a31f0f689a337b82f29796699.bundle,8172207,resources\assets\yoo\Default\aa342d1a31f0f689a337b82f29796699.bundle,True,True,
15280,Assets/Game/RawAssets/Sprite/Item/ItemResources/item785.png,,5984,assets_game_rawassets_sprite_item_itemresources.bundle,aa342d1a31f0f689a337b82f29796699.bundle,8172207,resources\assets\yoo\Default\aa342d1a31f0f689a337b82f29796699.bundle,True,True,
15281,Assets/Game/RawAssets/Sprite/Item/ItemResources/ItemResources.spriteatlas,,5984,assets_game_rawassets_sprite_item_itemresources.bundle,aa342d1a31f0f689a337b82f29796699.bundle,8172207,resources\assets\yoo\Default\aa342d1a31f0f689a337b82f29796699.bundle,True,True,
15282,Assets/Game/RawAssets/Sprite/Item/ItemResources/mecha_head_01.png,,5984,assets_game_rawassets_sprite_item_itemresources.bundle,aa342d1a31f0f689a337b82f29796699.bundle,8172207,resources\assets\yoo\Default\aa342d1a31f0f689a337b82f29796699.bundle,True,True,
15283,Assets/Game/RawAssets/Sprite/Item/ItemResources/mecha_head_02.png,,5984,assets_game_rawassets_sprite_item_itemresources.bundle,aa342d1a31f0f689a337b82f29796699.bundle,8172207,resources\assets\yoo\Default\aa342d1a31f0f689a337b82f29796699.bundle,True,True,
15284,Assets/Game/RawAssets/Sprite/Item/ItemResources/mecha_head_03.png,,5984,assets_game_rawassets_sprite_item_itemresources.bundle,aa342d1a31f0f689a337b82f29796699.bundle,8172207,resources\assets\yoo\Default\aa342d1a31f0f689a337b82f29796699.bundle,True,True,
15285,Assets/Game/RawAssets/Sprite/Item/ItemResources/mecha_head_04.png,,5984,assets_game_rawassets_sprite_item_itemresources.bundle,aa342d1a31f0f689a337b82f29796699.bundle,8172207,resources\assets\yoo\Default\aa342d1a31f0f689a337b82f29796699.bundle,True,True,
15286,Assets/Game/RawAssets/Sprite/Item/ItemResources/mecha_head_05.png,,5984,assets_game_rawassets_sprite_item_itemresources.bundle,aa342d1a31f0f689a337b82f29796699.bundle,8172207,resources\assets\yoo\Default\aa342d1a31f0f689a337b82f29796699.bundle,True,True,
15287,Assets/Game/RawAssets/Sprite/Item/ItemResources/pass_exp.png,,5984,assets_game_rawassets_sprite_item_itemresources.bundle,aa342d1a31f0f689a337b82f29796699.bundle,8172207,resources\assets\yoo\Default\aa342d1a31f0f689a337b82f29796699.bundle,True,True,
15288,Assets/Game/RawAssets/Sprite/Item/ItemResources/tactic_unlock_01.png,,5984,assets_game_rawassets_sprite_item_itemresources.bundle,aa342d1a31f0f689a337b82f29796699.bundle,8172207,resources\assets\yoo\Default\aa342d1a31f0f689a337b82f29796699.bundle,True,True,
15289,Assets/Game/RawAssets/Sprite/Item/ItemResources/tactic_unlock_02.png,,5984,assets_game_rawassets_sprite_item_itemresources.bundle,aa342d1a31f0f689a337b82f29796699.bundle,8172207,resources\assets\yoo\Default\aa342d1a31f0f689a337b82f29796699.bundle,True,True,
15290,Assets/Game/RawAssets/Sprite/Item/ItemResources/tactic_unlock_03.png,,5984,assets_game_rawassets_sprite_item_itemresources.bundle,aa342d1a31f0f689a337b82f29796699.bundle,8172207,resources\assets\yoo\Default\aa342d1a31f0f689a337b82f29796699.bundle,True,True,
15291,Assets/Game/RawAssets/Sprite/Item/ItemResources/tactic_unlock_04.png,,5984,assets_game_rawassets_sprite_item_itemresources.bundle,aa342d1a31f0f689a337b82f29796699.bundle,8172207,resources\assets\yoo\Default\aa342d1a31f0f689a337b82f29796699.bundle,True,True,
15292,Assets/Game/RawAssets/Sprite/Item/ItemResources/tactic_unlock_05.png,,5984,assets_game_rawassets_sprite_item_itemresources.bundle,aa342d1a31f0f689a337b82f29796699.bundle,8172207,resources\assets\yoo\Default\aa342d1a31f0f689a337b82f29796699.bundle,True,True,
15293,Assets/Game/RawAssets/Sprite/Item/ItemResources/tactics_box_05.png,,5984,assets_game_rawassets_sprite_item_itemresources.bundle,aa342d1a31f0f689a337b82f29796699.bundle,8172207,resources\assets\yoo\Default\aa342d1a31f0f689a337b82f29796699.bundle,True,True,
15294,Assets/Game/RawAssets/Sprite/Item/ItemResources/test_001.png,,5984,assets_game_rawassets_sprite_item_itemresources.bundle,aa342d1a31f0f689a337b82f29796699.bundle,8172207,resources\assets\yoo\Default\aa342d1a31f0f689a337b82f29796699.bundle,True,True,
15295,Assets/Game/RawAssets/Sprite/Item/ItemResources/thero_001.png,,5984,assets_game_rawassets_sprite_item_itemresources.bundle,aa342d1a31f0f689a337b82f29796699.bundle,8172207,resources\assets\yoo\Default\aa342d1a31f0f689a337b82f29796699.bundle,True,True,
15296,Assets/Game/RawAssets/Sprite/Item/ItemResources/thero_002.png,,5984,assets_game_rawassets_sprite_item_itemresources.bundle,aa342d1a31f0f689a337b82f29796699.bundle,8172207,resources\assets\yoo\Default\aa342d1a31f0f689a337b82f29796699.bundle,True,True,
15297,Assets/Game/RawAssets/Sprite/Item/ItemResources/thero_003.png,,5984,assets_game_rawassets_sprite_item_itemresources.bundle,aa342d1a31f0f689a337b82f29796699.bundle,8172207,resources\assets\yoo\Default\aa342d1a31f0f689a337b82f29796699.bundle,True,True,
15298,Assets/Game/RawAssets/Sprite/Item/ItemResources/thero_005.png,,5984,assets_game_rawassets_sprite_item_itemresources.bundle,aa342d1a31f0f689a337b82f29796699.bundle,8172207,resources\assets\yoo\Default\aa342d1a31f0f689a337b82f29796699.bundle,True,True,
15299,Assets/Game/RawAssets/Sprite/Item/ItemResources/thero_006.png,,5984,assets_game_rawassets_sprite_item_itemresources.bundle,aa342d1a31f0f689a337b82f29796699.bundle,8172207,resources\assets\yoo\Default\aa342d1a31f0f689a337b82f29796699.bundle,True,True,
15300,Assets/Game/RawAssets/Sprite/Item/ItemResources/thero_007.png,,5984,assets_game_rawassets_sprite_item_itemresources.bundle,aa342d1a31f0f689a337b82f29796699.bundle,8172207,resources\assets\yoo\Default\aa342d1a31f0f689a337b82f29796699.bundle,True,True,
15301,Assets/Game/RawAssets/Sprite/Item/ItemResources/thero_008.png,,5984,assets_game_rawassets_sprite_item_itemresources.bundle,aa342d1a31f0f689a337b82f29796699.bundle,8172207,resources\assets\yoo\Default\aa342d1a31f0f689a337b82f29796699.bundle,True,True,
15302,Assets/Game/RawAssets/Sprite/Item/ItemResources/thero_009.png,,5984,assets_game_rawassets_sprite_item_itemresources.bundle,aa342d1a31f0f689a337b82f29796699.bundle,8172207,resources\assets\yoo\Default\aa342d1a31f0f689a337b82f29796699.bundle,True,True,
15303,Assets/Game/RawAssets/Sprite/Item/ItemResources/thero_010.png,,5984,assets_game_rawassets_sprite_item_itemresources.bundle,aa342d1a31f0f689a337b82f29796699.bundle,8172207,resources\assets\yoo\Default\aa342d1a31f0f689a337b82f29796699.bundle,True,True,
15304,Assets/Game/RawAssets/Sprite/Item/ItemResources/thero_011.png,,5984,assets_game_rawassets_sprite_item_itemresources.bundle,aa342d1a31f0f689a337b82f29796699.bundle,8172207,resources\assets\yoo\Default\aa342d1a31f0f689a337b82f29796699.bundle,True,True,
15305,Assets/Game/RawAssets/Sprite/Item/ItemResources/thero_012.png,,5984,assets_game_rawassets_sprite_item_itemresources.bundle,aa342d1a31f0f689a337b82f29796699.bundle,8172207,resources\assets\yoo\Default\aa342d1a31f0f689a337b82f29796699.bundle,True,True,
15306,Assets/Game/RawAssets/Sprite/Item/ItemResources/thero_013.png,,5984,assets_game_rawassets_sprite_item_itemresources.bundle,aa342d1a31f0f689a337b82f29796699.bundle,8172207,resources\assets\yoo\Default\aa342d1a31f0f689a337b82f29796699.bundle,True,True,
15307,Assets/Game/RawAssets/Sprite/Item/ItemResources/thero_014.png,,5984,assets_game_rawassets_sprite_item_itemresources.bundle,aa342d1a31f0f689a337b82f29796699.bundle,8172207,resources\assets\yoo\Default\aa342d1a31f0f689a337b82f29796699.bundle,True,True,
15308,Assets/Game/RawAssets/Sprite/Item/ItemResources/thero_015.png,,5984,assets_game_rawassets_sprite_item_itemresources.bundle,aa342d1a31f0f689a337b82f29796699.bundle,8172207,resources\assets\yoo\Default\aa342d1a31f0f689a337b82f29796699.bundle,True,True,
15309,Assets/Game/RawAssets/Sprite/Item/ItemResources/thero_016.png,,5984,assets_game_rawassets_sprite_item_itemresources.bundle,aa342d1a31f0f689a337b82f29796699.bundle,8172207,resources\assets\yoo\Default\aa342d1a31f0f689a337b82f29796699.bundle,True,True,
15310,Assets/Game/RawAssets/Sprite/Item/ItemResources/thero_017.png,,5984,assets_game_rawassets_sprite_item_itemresources.bundle,aa342d1a31f0f689a337b82f29796699.bundle,8172207,resources\assets\yoo\Default\aa342d1a31f0f689a337b82f29796699.bundle,True,True,
15311,Assets/Game/RawAssets/Sprite/Item/ItemResources/thero_018.png,,5984,assets_game_rawassets_sprite_item_itemresources.bundle,aa342d1a31f0f689a337b82f29796699.bundle,8172207,resources\assets\yoo\Default\aa342d1a31f0f689a337b82f29796699.bundle,True,True,
15312,Assets/Game/RawAssets/Sprite/Item/ItemResources/thero_019.png,,5984,assets_game_rawassets_sprite_item_itemresources.bundle,aa342d1a31f0f689a337b82f29796699.bundle,8172207,resources\assets\yoo\Default\aa342d1a31f0f689a337b82f29796699.bundle,True,True,
15313,Assets/Game/RawAssets/Sprite/Item/ItemResources/thero_020.png,,5984,assets_game_rawassets_sprite_item_itemresources.bundle,aa342d1a31f0f689a337b82f29796699.bundle,8172207,resources\assets\yoo\Default\aa342d1a31f0f689a337b82f29796699.bundle,True,True,
15314,Assets/Game/RawAssets/Sprite/Item/ItemResources/thero_021.png,,5984,assets_game_rawassets_sprite_item_itemresources.bundle,aa342d1a31f0f689a337b82f29796699.bundle,8172207,resources\assets\yoo\Default\aa342d1a31f0f689a337b82f29796699.bundle,True,True,
15315,Assets/Game/RawAssets/Sprite/Item/ItemResources/thero_022.png,,5984,assets_game_rawassets_sprite_item_itemresources.bundle,aa342d1a31f0f689a337b82f29796699.bundle,8172207,resources\assets\yoo\Default\aa342d1a31f0f689a337b82f29796699.bundle,True,True,
15316,Assets/Game/RawAssets/Sprite/Item/ItemResources/thero_023.png,,5984,assets_game_rawassets_sprite_item_itemresources.bundle,aa342d1a31f0f689a337b82f29796699.bundle,8172207,resources\assets\yoo\Default\aa342d1a31f0f689a337b82f29796699.bundle,True,True,
15317,Assets/Game/RawAssets/Sprite/Item/ItemResources/thero_024.png,,5984,assets_game_rawassets_sprite_item_itemresources.bundle,aa342d1a31f0f689a337b82f29796699.bundle,8172207,resources\assets\yoo\Default\aa342d1a31f0f689a337b82f29796699.bundle,True,True,
15318,Assets/Game/RawAssets/Sprite/Item/ItemResources/thero_025.png,,5984,assets_game_rawassets_sprite_item_itemresources.bundle,aa342d1a31f0f689a337b82f29796699.bundle,8172207,resources\assets\yoo\Default\aa342d1a31f0f689a337b82f29796699.bundle,True,True,
15319,Assets/Game/RawAssets/Sprite/Item/ItemResources/thero_026.png,,5984,assets_game_rawassets_sprite_item_itemresources.bundle,aa342d1a31f0f689a337b82f29796699.bundle,8172207,resources\assets\yoo\Default\aa342d1a31f0f689a337b82f29796699.bundle,True,True,
15320,Assets/Game/RawAssets/Sprite/Item/ItemResources/thero_027.png,,5984,assets_game_rawassets_sprite_item_itemresources.bundle,aa342d1a31f0f689a337b82f29796699.bundle,8172207,resources\assets\yoo\Default\aa342d1a31f0f689a337b82f29796699.bundle,True,True,
15321,Assets/Game/RawAssets/Sprite/Item/ItemResources/thero_028.png,,5984,assets_game_rawassets_sprite_item_itemresources.bundle,aa342d1a31f0f689a337b82f29796699.bundle,8172207,resources\assets\yoo\Default\aa342d1a31f0f689a337b82f29796699.bundle,True,True,
15322,Assets/Game/RawAssets/Sprite/Item/ItemResources/thero_029.png,,5984,assets_game_rawassets_sprite_item_itemresources.bundle,aa342d1a31f0f689a337b82f29796699.bundle,8172207,resources\assets\yoo\Default\aa342d1a31f0f689a337b82f29796699.bundle,True,True,
15323,Assets/Game/RawAssets/Sprite/Item/ItemResources/thero_031.png,,5984,assets_game_rawassets_sprite_item_itemresources.bundle,aa342d1a31f0f689a337b82f29796699.bundle,8172207,resources\assets\yoo\Default\aa342d1a31f0f689a337b82f29796699.bundle,True,True,
15324,Assets/Game/RawAssets/Sprite/Item/ItemResources/thero_032.png,,5984,assets_game_rawassets_sprite_item_itemresources.bundle,aa342d1a31f0f689a337b82f29796699.bundle,8172207,resources\assets\yoo\Default\aa342d1a31f0f689a337b82f29796699.bundle,True,True,
15325,Assets/Game/RawAssets/Sprite/Item/ItemResources/thero_033.png,,5984,assets_game_rawassets_sprite_item_itemresources.bundle,aa342d1a31f0f689a337b82f29796699.bundle,8172207,resources\assets\yoo\Default\aa342d1a31f0f689a337b82f29796699.bundle,True,True,
15326,Assets/Game/RawAssets/Sprite/Item/ItemResources/thero_034.png,,5984,assets_game_rawassets_sprite_item_itemresources.bundle,aa342d1a31f0f689a337b82f29796699.bundle,8172207,resources\assets\yoo\Default\aa342d1a31f0f689a337b82f29796699.bundle,True,True,
15327,Assets/Game/RawAssets/Sprite/Item/ItemResources/thero_035.png,,5984,assets_game_rawassets_sprite_item_itemresources.bundle,aa342d1a31f0f689a337b82f29796699.bundle,8172207,resources\assets\yoo\Default\aa342d1a31f0f689a337b82f29796699.bundle,True,True,
15328,Assets/Game/RawAssets/Sprite/Item/ItemResources/thero_036.png,,5984,assets_game_rawassets_sprite_item_itemresources.bundle,aa342d1a31f0f689a337b82f29796699.bundle,8172207,resources\assets\yoo\Default\aa342d1a31f0f689a337b82f29796699.bundle,True,True,
15329,Assets/Game/RawAssets/Sprite/Item/ItemResources/thero_037.png,,5984,assets_game_rawassets_sprite_item_itemresources.bundle,aa342d1a31f0f689a337b82f29796699.bundle,8172207,resources\assets\yoo\Default\aa342d1a31f0f689a337b82f29796699.bundle,True,True,
15330,Assets/Game/RawAssets/Sprite/Item/ItemResources/thero_038.png,,5984,assets_game_rawassets_sprite_item_itemresources.bundle,aa342d1a31f0f689a337b82f29796699.bundle,8172207,resources\assets\yoo\Default\aa342d1a31f0f689a337b82f29796699.bundle,True,True,
15331,Assets/Game/RawAssets/Sprite/Item/ItemResources/thero_039.png,,5984,assets_game_rawassets_sprite_item_itemresources.bundle,aa342d1a31f0f689a337b82f29796699.bundle,8172207,resources\assets\yoo\Default\aa342d1a31f0f689a337b82f29796699.bundle,True,True,
15332,Assets/Game/RawAssets/Sprite/Item/ItemResources/thero_040.png,,5984,assets_game_rawassets_sprite_item_itemresources.bundle,aa342d1a31f0f689a337b82f29796699.bundle,8172207,resources\assets\yoo\Default\aa342d1a31f0f689a337b82f29796699.bundle,True,True,
15333,Assets/Game/RawAssets/Sprite/Item/ItemResources/thero_041.png,,5984,assets_game_rawassets_sprite_item_itemresources.bundle,aa342d1a31f0f689a337b82f29796699.bundle,8172207,resources\assets\yoo\Default\aa342d1a31f0f689a337b82f29796699.bundle,True,True,
15334,Assets/Game/RawAssets/Sprite/Item/ItemResources/thero_042.png,,5984,assets_game_rawassets_sprite_item_itemresources.bundle,aa342d1a31f0f689a337b82f29796699.bundle,8172207,resources\assets\yoo\Default\aa342d1a31f0f689a337b82f29796699.bundle,True,True,
15335,Assets/Game/RawAssets/Sprite/Item/ItemResources/thero_043.png,,5984,assets_game_rawassets_sprite_item_itemresources.bundle,aa342d1a31f0f689a337b82f29796699.bundle,8172207,resources\assets\yoo\Default\aa342d1a31f0f689a337b82f29796699.bundle,True,True,
15336,Assets/Game/RawAssets/Sprite/Item/ItemResources/thero_044.png,,5984,assets_game_rawassets_sprite_item_itemresources.bundle,aa342d1a31f0f689a337b82f29796699.bundle,8172207,resources\assets\yoo\Default\aa342d1a31f0f689a337b82f29796699.bundle,True,True,
15337,Assets/Game/RawAssets/Sprite/Item/ItemResources/thero_045.png,,5984,assets_game_rawassets_sprite_item_itemresources.bundle,aa342d1a31f0f689a337b82f29796699.bundle,8172207,resources\assets\yoo\Default\aa342d1a31f0f689a337b82f29796699.bundle,True,True,
15338,Assets/Game/RawAssets/Sprite/Item/ItemResources/thero_046.png,,5984,assets_game_rawassets_sprite_item_itemresources.bundle,aa342d1a31f0f689a337b82f29796699.bundle,8172207,resources\assets\yoo\Default\aa342d1a31f0f689a337b82f29796699.bundle,True,True,
15339,Assets/Game/RawAssets/Sprite/Item/ItemResources/thero_047.png,,5984,assets_game_rawassets_sprite_item_itemresources.bundle,aa342d1a31f0f689a337b82f29796699.bundle,8172207,resources\assets\yoo\Default\aa342d1a31f0f689a337b82f29796699.bundle,True,True,
15340,Assets/Game/RawAssets/Sprite/Item/ItemResources/thero_049.png,,5984,assets_game_rawassets_sprite_item_itemresources.bundle,aa342d1a31f0f689a337b82f29796699.bundle,8172207,resources\assets\yoo\Default\aa342d1a31f0f689a337b82f29796699.bundle,True,True,
15341,Assets/Game/RawAssets/Sprite/Item/ItemResources/thero_050.png,,5984,assets_game_rawassets_sprite_item_itemresources.bundle,aa342d1a31f0f689a337b82f29796699.bundle,8172207,resources\assets\yoo\Default\aa342d1a31f0f689a337b82f29796699.bundle,True,True,
15342,Assets/Game/RawAssets/Sprite/Item/ItemResources/thero_051.png,,5984,assets_game_rawassets_sprite_item_itemresources.bundle,aa342d1a31f0f689a337b82f29796699.bundle,8172207,resources\assets\yoo\Default\aa342d1a31f0f689a337b82f29796699.bundle,True,True,
15343,Assets/Game/RawAssets/Sprite/Item/ItemResources/thero_052.png,,5984,assets_game_rawassets_sprite_item_itemresources.bundle,aa342d1a31f0f689a337b82f29796699.bundle,8172207,resources\assets\yoo\Default\aa342d1a31f0f689a337b82f29796699.bundle,True,True,
15344,Assets/Game/RawAssets/Sprite/Item/ItemResources/thero_053.png,,5984,assets_game_rawassets_sprite_item_itemresources.bundle,aa342d1a31f0f689a337b82f29796699.bundle,8172207,resources\assets\yoo\Default\aa342d1a31f0f689a337b82f29796699.bundle,True,True,
15345,Assets/Game/RawAssets/Sprite/Item/ItemResources/thero_054.png,,5984,assets_game_rawassets_sprite_item_itemresources.bundle,aa342d1a31f0f689a337b82f29796699.bundle,8172207,resources\assets\yoo\Default\aa342d1a31f0f689a337b82f29796699.bundle,True,True,
15346,Assets/Game/RawAssets/Sprite/Item/ItemResources/thero_055.png,,5984,assets_game_rawassets_sprite_item_itemresources.bundle,aa342d1a31f0f689a337b82f29796699.bundle,8172207,resources\assets\yoo\Default\aa342d1a31f0f689a337b82f29796699.bundle,True,True,
15347,Assets/Game/RawAssets/Sprite/Item/ItemResources/thero_056.png,,5984,assets_game_rawassets_sprite_item_itemresources.bundle,aa342d1a31f0f689a337b82f29796699.bundle,8172207,resources\assets\yoo\Default\aa342d1a31f0f689a337b82f29796699.bundle,True,True,
15348,Assets/Game/RawAssets/Sprite/Item/ItemResources/thero_057.png,,5984,assets_game_rawassets_sprite_item_itemresources.bundle,aa342d1a31f0f689a337b82f29796699.bundle,8172207,resources\assets\yoo\Default\aa342d1a31f0f689a337b82f29796699.bundle,True,True,
15349,Assets/Game/RawAssets/Sprite/Item/ItemResources/thero_058.png,,5984,assets_game_rawassets_sprite_item_itemresources.bundle,aa342d1a31f0f689a337b82f29796699.bundle,8172207,resources\assets\yoo\Default\aa342d1a31f0f689a337b82f29796699.bundle,True,True,
15350,Assets/Game/RawAssets/Sprite/Item/ItemResources/thero_059.png,,5984,assets_game_rawassets_sprite_item_itemresources.bundle,aa342d1a31f0f689a337b82f29796699.bundle,8172207,resources\assets\yoo\Default\aa342d1a31f0f689a337b82f29796699.bundle,True,True,
15351,Assets/Game/RawAssets/Sprite/Item/ItemResources/thero_060.png,,5984,assets_game_rawassets_sprite_item_itemresources.bundle,aa342d1a31f0f689a337b82f29796699.bundle,8172207,resources\assets\yoo\Default\aa342d1a31f0f689a337b82f29796699.bundle,True,True,
15352,Assets/Game/RawAssets/Sprite/Item/ItemResources/thero_061.png,,5984,assets_game_rawassets_sprite_item_itemresources.bundle,aa342d1a31f0f689a337b82f29796699.bundle,8172207,resources\assets\yoo\Default\aa342d1a31f0f689a337b82f29796699.bundle,True,True,
15353,Assets/Game/RawAssets/Sprite/Item/ItemResources/war_order_exp.png,,5984,assets_game_rawassets_sprite_item_itemresources.bundle,aa342d1a31f0f689a337b82f29796699.bundle,8172207,resources\assets\yoo\Default\aa342d1a31f0f689a337b82f29796699.bundle,True,True,
15380,Assets/Game/RawAssets/Sprite/Loading/Loading.spriteatlas,,5989,assets_game_rawassets_sprite_loading.bundle,77ec263894aa7c8dcd892b630e96f0da.bundle,7629,resources\assets\yoo\Default\77ec263894aa7c8dcd892b630e96f0da.bundle,True,True,
15381,Assets/Game/RawAssets/Sprite/Loading/update_img_01.png,,5990,assets_game_rawassets_sprite_loading_update_img_01.bundle,731b76928a71b2fc932c629a8e5dcfd3.bundle,4335,resources\assets\yoo\Default\731b76928a71b2fc932c629a8e5dcfd3.bundle,True,True,
15382,Assets/Game/RawAssets/Sprite/Loading/update_img_02.png,,5991,assets_game_rawassets_sprite_loading_update_img_02.bundle,9b54e8daf0efe98d384e12c1827098db.bundle,5078,resources\assets\yoo\Default\9b54e8daf0efe98d384e12c1827098db.bundle,True,True,
15383,Assets/Game/RawAssets/Sprite/Loading/update_img_03.png,,5989,assets_game_rawassets_sprite_loading.bundle,77ec263894aa7c8dcd892b630e96f0da.bundle,7629,resources\assets\yoo\Default\77ec263894aa7c8dcd892b630e96f0da.bundle,True,True,
15384,Assets/Game/RawAssets/Sprite/Login/kuang2.png,,5992,assets_game_rawassets_sprite_login.bundle,8cfe4e0148670640e919adc92c841d6c.bundle,110432,resources\assets\yoo\Default\8cfe4e0148670640e919adc92c841d6c.bundle,True,True,
15385,Assets/Game/RawAssets/Sprite/Login/Login.spriteatlas,,5992,assets_game_rawassets_sprite_login.bundle,8cfe4e0148670640e919adc92c841d6c.bundle,110432,resources\assets\yoo\Default\8cfe4e0148670640e919adc92c841d6c.bundle,True,True,
15386,Assets/Game/RawAssets/Sprite/Login/login_btn_01.png,,5992,assets_game_rawassets_sprite_login.bundle,8cfe4e0148670640e919adc92c841d6c.bundle,110432,resources\assets\yoo\Default\8cfe4e0148670640e919adc92c841d6c.bundle,True,True,
15387,Assets/Game/RawAssets/Sprite/Login/login_btn_02.png,,5992,assets_game_rawassets_sprite_login.bundle,8cfe4e0148670640e919adc92c841d6c.bundle,110432,resources\assets\yoo\Default\8cfe4e0148670640e919adc92c841d6c.bundle,True,True,
15388,Assets/Game/RawAssets/Sprite/Login/Login_btn_03.png,,5992,assets_game_rawassets_sprite_login.bundle,8cfe4e0148670640e919adc92c841d6c.bundle,110432,resources\assets\yoo\Default\8cfe4e0148670640e919adc92c841d6c.bundle,True,True,
15389,Assets/Game/RawAssets/Sprite/Login/Login_btn_04.png,,5992,assets_game_rawassets_sprite_login.bundle,8cfe4e0148670640e919adc92c841d6c.bundle,110432,resources\assets\yoo\Default\8cfe4e0148670640e919adc92c841d6c.bundle,True,True,
15390,Assets/Game/RawAssets/Sprite/Login/login_btn_05.png,,5992,assets_game_rawassets_sprite_login.bundle,8cfe4e0148670640e919adc92c841d6c.bundle,110432,resources\assets\yoo\Default\8cfe4e0148670640e919adc92c841d6c.bundle,True,True,
15391,Assets/Game/RawAssets/Sprite/Login/login_btn_06.png,,5992,assets_game_rawassets_sprite_login.bundle,8cfe4e0148670640e919adc92c841d6c.bundle,110432,resources\assets\yoo\Default\8cfe4e0148670640e919adc92c841d6c.bundle,True,True,
15392,Assets/Game/RawAssets/Sprite/Login/Login_dian_01.png,,5992,assets_game_rawassets_sprite_login.bundle,8cfe4e0148670640e919adc92c841d6c.bundle,110432,resources\assets\yoo\Default\8cfe4e0148670640e919adc92c841d6c.bundle,True,True,
15393,Assets/Game/RawAssets/Sprite/Login/Login_fuwuqi_01.png,,5992,assets_game_rawassets_sprite_login.bundle,8cfe4e0148670640e919adc92c841d6c.bundle,110432,resources\assets\yoo\Default\8cfe4e0148670640e919adc92c841d6c.bundle,True,True,
15394,Assets/Game/RawAssets/Sprite/Login/Login_fuwuqi_02.png,,5992,assets_game_rawassets_sprite_login.bundle,8cfe4e0148670640e919adc92c841d6c.bundle,110432,resources\assets\yoo\Default\8cfe4e0148670640e919adc92c841d6c.bundle,True,True,
15395,Assets/Game/RawAssets/Sprite/Login/Login_fuwuqi_03.png,,5992,assets_game_rawassets_sprite_login.bundle,8cfe4e0148670640e919adc92c841d6c.bundle,110432,resources\assets\yoo\Default\8cfe4e0148670640e919adc92c841d6c.bundle,True,True,
15396,Assets/Game/RawAssets/Sprite/Login/login_img_01.png,,5992,assets_game_rawassets_sprite_login.bundle,8cfe4e0148670640e919adc92c841d6c.bundle,110432,resources\assets\yoo\Default\8cfe4e0148670640e919adc92c841d6c.bundle,True,True,
15397,Assets/Game/RawAssets/Sprite/Login/login_img_02.png,,5992,assets_game_rawassets_sprite_login.bundle,8cfe4e0148670640e919adc92c841d6c.bundle,110432,resources\assets\yoo\Default\8cfe4e0148670640e919adc92c841d6c.bundle,True,True,
15398,Assets/Game/RawAssets/Sprite/Login/login_img_03.png,,5992,assets_game_rawassets_sprite_login.bundle,8cfe4e0148670640e919adc92c841d6c.bundle,110432,resources\assets\yoo\Default\8cfe4e0148670640e919adc92c841d6c.bundle,True,True,
15399,Assets/Game/RawAssets/Sprite/Login/login_img_04.png,,5992,assets_game_rawassets_sprite_login.bundle,8cfe4e0148670640e919adc92c841d6c.bundle,110432,resources\assets\yoo\Default\8cfe4e0148670640e919adc92c841d6c.bundle,True,True,
15400,Assets/Game/RawAssets/Sprite/Login/login_img_05.png,,5993,assets_game_rawassets_sprite_login_login_img_05.bundle,d0fa9cd18f3d4ebd815a161298be989b.bundle,30347,resources\assets\yoo\Default\d0fa9cd18f3d4ebd815a161298be989b.bundle,True,True,
15401,Assets/Game/RawAssets/Sprite/Login/login_img_06.png,,5992,assets_game_rawassets_sprite_login.bundle,8cfe4e0148670640e919adc92c841d6c.bundle,110432,resources\assets\yoo\Default\8cfe4e0148670640e919adc92c841d6c.bundle,True,True,
15402,Assets/Game/RawAssets/Sprite/Login/login_img_07.png,,5992,assets_game_rawassets_sprite_login.bundle,8cfe4e0148670640e919adc92c841d6c.bundle,110432,resources\assets\yoo\Default\8cfe4e0148670640e919adc92c841d6c.bundle,True,True,
15403,Assets/Game/RawAssets/Sprite/Login/login_img_08.png,,5992,assets_game_rawassets_sprite_login.bundle,8cfe4e0148670640e919adc92c841d6c.bundle,110432,resources\assets\yoo\Default\8cfe4e0148670640e919adc92c841d6c.bundle,True,True,
15404,Assets/Game/RawAssets/Sprite/Login/login_img_09.png,,5992,assets_game_rawassets_sprite_login.bundle,8cfe4e0148670640e919adc92c841d6c.bundle,110432,resources\assets\yoo\Default\8cfe4e0148670640e919adc92c841d6c.bundle,True,True,
15405,Assets/Game/RawAssets/Sprite/Login/login_img_10.png,,5992,assets_game_rawassets_sprite_login.bundle,8cfe4e0148670640e919adc92c841d6c.bundle,110432,resources\assets\yoo\Default\8cfe4e0148670640e919adc92c841d6c.bundle,True,True,
15406,Assets/Game/RawAssets/Sprite/Login/login_img_11.png,,5992,assets_game_rawassets_sprite_login.bundle,8cfe4e0148670640e919adc92c841d6c.bundle,110432,resources\assets\yoo\Default\8cfe4e0148670640e919adc92c841d6c.bundle,True,True,
15407,Assets/Game/RawAssets/Sprite/Login/login_img_12.png,,5992,assets_game_rawassets_sprite_login.bundle,8cfe4e0148670640e919adc92c841d6c.bundle,110432,resources\assets\yoo\Default\8cfe4e0148670640e919adc92c841d6c.bundle,True,True,
15408,Assets/Game/RawAssets/Sprite/Login/login_img_13.png,,5992,assets_game_rawassets_sprite_login.bundle,8cfe4e0148670640e919adc92c841d6c.bundle,110432,resources\assets\yoo\Default\8cfe4e0148670640e919adc92c841d6c.bundle,True,True,
15409,Assets/Game/RawAssets/Sprite/Login/login_txt_01.png,,5994,assets_game_rawassets_sprite_login_login_txt_01.bundle,2be32ca004b4b19562fb94d55b62e2de.bundle,5731,resources\assets\yoo\Default\2be32ca004b4b19562fb94d55b62e2de.bundle,True,True,
15410,Assets/Game/RawAssets/Sprite/Login/login_txt_02.png,,5992,assets_game_rawassets_sprite_login.bundle,8cfe4e0148670640e919adc92c841d6c.bundle,110432,resources\assets\yoo\Default\8cfe4e0148670640e919adc92c841d6c.bundle,True,True,
15411,Assets/Game/RawAssets/Sprite/Login/login_txt_03.png,,5992,assets_game_rawassets_sprite_login.bundle,8cfe4e0148670640e919adc92c841d6c.bundle,110432,resources\assets\yoo\Default\8cfe4e0148670640e919adc92c841d6c.bundle,True,True,
15412,Assets/Game/RawAssets/Sprite/Login/login_xuanfu_01.png,,5992,assets_game_rawassets_sprite_login.bundle,8cfe4e0148670640e919adc92c841d6c.bundle,110432,resources\assets\yoo\Default\8cfe4e0148670640e919adc92c841d6c.bundle,True,True,
15413,Assets/Game/RawAssets/Sprite/Login/login_xuanfu_02.png,,5992,assets_game_rawassets_sprite_login.bundle,8cfe4e0148670640e919adc92c841d6c.bundle,110432,resources\assets\yoo\Default\8cfe4e0148670640e919adc92c841d6c.bundle,True,True,
15414,Assets/Game/RawAssets/Sprite/Login/Loginhg_btn_05.png,,5992,assets_game_rawassets_sprite_login.bundle,8cfe4e0148670640e919adc92c841d6c.bundle,110432,resources\assets\yoo\Default\8cfe4e0148670640e919adc92c841d6c.bundle,True,True,
15416,Assets/Game/RawAssets/Sprite/Login/Resources_btn_01.png,,5992,assets_game_rawassets_sprite_login.bundle,8cfe4e0148670640e919adc92c841d6c.bundle,110432,resources\assets\yoo\Default\8cfe4e0148670640e919adc92c841d6c.bundle,True,True,
15417,Assets/Game/RawAssets/Sprite/Login/Resources_btn_02.png,,5992,assets_game_rawassets_sprite_login.bundle,8cfe4e0148670640e919adc92c841d6c.bundle,110432,resources\assets\yoo\Default\8cfe4e0148670640e919adc92c841d6c.bundle,True,True,
15419,Assets/Game/RawAssets/Sprite/Login/server_bg_03.png,,5992,assets_game_rawassets_sprite_login.bundle,8cfe4e0148670640e919adc92c841d6c.bundle,110432,resources\assets\yoo\Default\8cfe4e0148670640e919adc92c841d6c.bundle,True,True,
15420,Assets/Game/RawAssets/Sprite/Login/server_bg_107.png,,5992,assets_game_rawassets_sprite_login.bundle,8cfe4e0148670640e919adc92c841d6c.bundle,110432,resources\assets\yoo\Default\8cfe4e0148670640e919adc92c841d6c.bundle,True,True,
15421,Assets/Game/RawAssets/Sprite/Login/server_bg_12.png,,5992,assets_game_rawassets_sprite_login.bundle,8cfe4e0148670640e919adc92c841d6c.bundle,110432,resources\assets\yoo\Default\8cfe4e0148670640e919adc92c841d6c.bundle,True,True,
15422,Assets/Game/RawAssets/Sprite/Login/server_btn_01.png,,5992,assets_game_rawassets_sprite_login.bundle,8cfe4e0148670640e919adc92c841d6c.bundle,110432,resources\assets\yoo\Default\8cfe4e0148670640e919adc92c841d6c.bundle,True,True,
15423,Assets/Game/RawAssets/Sprite/Login/server_di_01.png,,5992,assets_game_rawassets_sprite_login.bundle,8cfe4e0148670640e919adc92c841d6c.bundle,110432,resources\assets\yoo\Default\8cfe4e0148670640e919adc92c841d6c.bundle,True,True,
15424,Assets/Game/RawAssets/Sprite/Login/server_head_01.png,,5992,assets_game_rawassets_sprite_login.bundle,8cfe4e0148670640e919adc92c841d6c.bundle,110432,resources\assets\yoo\Default\8cfe4e0148670640e919adc92c841d6c.bundle,True,True,
15425,Assets/Game/RawAssets/Sprite/Login/server_icon_01.png,,5992,assets_game_rawassets_sprite_login.bundle,8cfe4e0148670640e919adc92c841d6c.bundle,110432,resources\assets\yoo\Default\8cfe4e0148670640e919adc92c841d6c.bundle,True,True,
15426,Assets/Game/RawAssets/Sprite/Login/server_icon_02.png,,5992,assets_game_rawassets_sprite_login.bundle,8cfe4e0148670640e919adc92c841d6c.bundle,110432,resources\assets\yoo\Default\8cfe4e0148670640e919adc92c841d6c.bundle,True,True,
15427,Assets/Game/RawAssets/Sprite/Login/server_icon_03.png,,5992,assets_game_rawassets_sprite_login.bundle,8cfe4e0148670640e919adc92c841d6c.bundle,110432,resources\assets\yoo\Default\8cfe4e0148670640e919adc92c841d6c.bundle,True,True,
15428,Assets/Game/RawAssets/Sprite/Login/server_icon_04.png,,5992,assets_game_rawassets_sprite_login.bundle,8cfe4e0148670640e919adc92c841d6c.bundle,110432,resources\assets\yoo\Default\8cfe4e0148670640e919adc92c841d6c.bundle,True,True,
15429,Assets/Game/RawAssets/Sprite/Login/server_level_01.png,,5992,assets_game_rawassets_sprite_login.bundle,8cfe4e0148670640e919adc92c841d6c.bundle,110432,resources\assets\yoo\Default\8cfe4e0148670640e919adc92c841d6c.bundle,True,True,
15690,Assets/Game/RawAssets/Sprite/MainUI/MainUI.spriteatlas,,6040,assets_game_rawassets_sprite_mainui.bundle,ffa3b401f54b74b5ba41f31bb1f03c7b.bundle,261250,resources\assets\yoo\Default\ffa3b401f54b74b5ba41f31bb1f03c7b.bundle,True,True,
15691,Assets/Game/RawAssets/Sprite/MainUI/mainui_btn_01.png,,6040,assets_game_rawassets_sprite_mainui.bundle,ffa3b401f54b74b5ba41f31bb1f03c7b.bundle,261250,resources\assets\yoo\Default\ffa3b401f54b74b5ba41f31bb1f03c7b.bundle,True,True,
15692,Assets/Game/RawAssets/Sprite/MainUI/mainui_btn_02.png,,6040,assets_game_rawassets_sprite_mainui.bundle,ffa3b401f54b74b5ba41f31bb1f03c7b.bundle,261250,resources\assets\yoo\Default\ffa3b401f54b74b5ba41f31bb1f03c7b.bundle,True,True,
15693,Assets/Game/RawAssets/Sprite/MainUI/mainui_btn_03.png,,6040,assets_game_rawassets_sprite_mainui.bundle,ffa3b401f54b74b5ba41f31bb1f03c7b.bundle,261250,resources\assets\yoo\Default\ffa3b401f54b74b5ba41f31bb1f03c7b.bundle,True,True,
15694,Assets/Game/RawAssets/Sprite/MainUI/mainui_btn_04.png,,6040,assets_game_rawassets_sprite_mainui.bundle,ffa3b401f54b74b5ba41f31bb1f03c7b.bundle,261250,resources\assets\yoo\Default\ffa3b401f54b74b5ba41f31bb1f03c7b.bundle,True,True,
15695,Assets/Game/RawAssets/Sprite/MainUI/mainui_btn_05.png,,6040,assets_game_rawassets_sprite_mainui.bundle,ffa3b401f54b74b5ba41f31bb1f03c7b.bundle,261250,resources\assets\yoo\Default\ffa3b401f54b74b5ba41f31bb1f03c7b.bundle,True,True,
15696,Assets/Game/RawAssets/Sprite/MainUI/mainui_btn_06.png,,6040,assets_game_rawassets_sprite_mainui.bundle,ffa3b401f54b74b5ba41f31bb1f03c7b.bundle,261250,resources\assets\yoo\Default\ffa3b401f54b74b5ba41f31bb1f03c7b.bundle,True,True,
15697,Assets/Game/RawAssets/Sprite/MainUI/mainui_btn_07.png,,6040,assets_game_rawassets_sprite_mainui.bundle,ffa3b401f54b74b5ba41f31bb1f03c7b.bundle,261250,resources\assets\yoo\Default\ffa3b401f54b74b5ba41f31bb1f03c7b.bundle,True,True,
15698,Assets/Game/RawAssets/Sprite/MainUI/mainui_btn_08.png,,6040,assets_game_rawassets_sprite_mainui.bundle,ffa3b401f54b74b5ba41f31bb1f03c7b.bundle,261250,resources\assets\yoo\Default\ffa3b401f54b74b5ba41f31bb1f03c7b.bundle,True,True,
15699,Assets/Game/RawAssets/Sprite/MainUI/mainui_btn_09.png,,6040,assets_game_rawassets_sprite_mainui.bundle,ffa3b401f54b74b5ba41f31bb1f03c7b.bundle,261250,resources\assets\yoo\Default\ffa3b401f54b74b5ba41f31bb1f03c7b.bundle,True,True,
15700,Assets/Game/RawAssets/Sprite/MainUI/mainui_btn_10.png,,6040,assets_game_rawassets_sprite_mainui.bundle,ffa3b401f54b74b5ba41f31bb1f03c7b.bundle,261250,resources\assets\yoo\Default\ffa3b401f54b74b5ba41f31bb1f03c7b.bundle,True,True,
15701,Assets/Game/RawAssets/Sprite/MainUI/mainui_btn_11.png,,6040,assets_game_rawassets_sprite_mainui.bundle,ffa3b401f54b74b5ba41f31bb1f03c7b.bundle,261250,resources\assets\yoo\Default\ffa3b401f54b74b5ba41f31bb1f03c7b.bundle,True,True,
15702,Assets/Game/RawAssets/Sprite/MainUI/mainui_btn_12.png,,6040,assets_game_rawassets_sprite_mainui.bundle,ffa3b401f54b74b5ba41f31bb1f03c7b.bundle,261250,resources\assets\yoo\Default\ffa3b401f54b74b5ba41f31bb1f03c7b.bundle,True,True,
15703,Assets/Game/RawAssets/Sprite/MainUI/mainui_btn_13.png,,6040,assets_game_rawassets_sprite_mainui.bundle,ffa3b401f54b74b5ba41f31bb1f03c7b.bundle,261250,resources\assets\yoo\Default\ffa3b401f54b74b5ba41f31bb1f03c7b.bundle,True,True,
15704,Assets/Game/RawAssets/Sprite/MainUI/mainui_btn_14.png,,6040,assets_game_rawassets_sprite_mainui.bundle,ffa3b401f54b74b5ba41f31bb1f03c7b.bundle,261250,resources\assets\yoo\Default\ffa3b401f54b74b5ba41f31bb1f03c7b.bundle,True,True,
15705,Assets/Game/RawAssets/Sprite/MainUI/mainui_btn_15.png,,6040,assets_game_rawassets_sprite_mainui.bundle,ffa3b401f54b74b5ba41f31bb1f03c7b.bundle,261250,resources\assets\yoo\Default\ffa3b401f54b74b5ba41f31bb1f03c7b.bundle,True,True,
15706,Assets/Game/RawAssets/Sprite/MainUI/mainui_btn_16.png,,6040,assets_game_rawassets_sprite_mainui.bundle,ffa3b401f54b74b5ba41f31bb1f03c7b.bundle,261250,resources\assets\yoo\Default\ffa3b401f54b74b5ba41f31bb1f03c7b.bundle,True,True,
15707,Assets/Game/RawAssets/Sprite/MainUI/mainui_btn_17.png,,6040,assets_game_rawassets_sprite_mainui.bundle,ffa3b401f54b74b5ba41f31bb1f03c7b.bundle,261250,resources\assets\yoo\Default\ffa3b401f54b74b5ba41f31bb1f03c7b.bundle,True,True,
15708,Assets/Game/RawAssets/Sprite/MainUI/mainui_btn_18.png,,6040,assets_game_rawassets_sprite_mainui.bundle,ffa3b401f54b74b5ba41f31bb1f03c7b.bundle,261250,resources\assets\yoo\Default\ffa3b401f54b74b5ba41f31bb1f03c7b.bundle,True,True,
15709,Assets/Game/RawAssets/Sprite/MainUI/mainui_btn_19.png,,6040,assets_game_rawassets_sprite_mainui.bundle,ffa3b401f54b74b5ba41f31bb1f03c7b.bundle,261250,resources\assets\yoo\Default\ffa3b401f54b74b5ba41f31bb1f03c7b.bundle,True,True,
15710,Assets/Game/RawAssets/Sprite/MainUI/mainui_btn_20.png,,6040,assets_game_rawassets_sprite_mainui.bundle,ffa3b401f54b74b5ba41f31bb1f03c7b.bundle,261250,resources\assets\yoo\Default\ffa3b401f54b74b5ba41f31bb1f03c7b.bundle,True,True,
15711,Assets/Game/RawAssets/Sprite/MainUI/mainui_btn_21.png,,6040,assets_game_rawassets_sprite_mainui.bundle,ffa3b401f54b74b5ba41f31bb1f03c7b.bundle,261250,resources\assets\yoo\Default\ffa3b401f54b74b5ba41f31bb1f03c7b.bundle,True,True,
15712,Assets/Game/RawAssets/Sprite/MainUI/mainui_btn_22.png,,6040,assets_game_rawassets_sprite_mainui.bundle,ffa3b401f54b74b5ba41f31bb1f03c7b.bundle,261250,resources\assets\yoo\Default\ffa3b401f54b74b5ba41f31bb1f03c7b.bundle,True,True,
15713,Assets/Game/RawAssets/Sprite/MainUI/mainui_btn_23.png,,6040,assets_game_rawassets_sprite_mainui.bundle,ffa3b401f54b74b5ba41f31bb1f03c7b.bundle,261250,resources\assets\yoo\Default\ffa3b401f54b74b5ba41f31bb1f03c7b.bundle,True,True,
15714,Assets/Game/RawAssets/Sprite/MainUI/mainui_btn_24.png,,6040,assets_game_rawassets_sprite_mainui.bundle,ffa3b401f54b74b5ba41f31bb1f03c7b.bundle,261250,resources\assets\yoo\Default\ffa3b401f54b74b5ba41f31bb1f03c7b.bundle,True,True,
15715,Assets/Game/RawAssets/Sprite/MainUI/mainui_btn_25.png,,6040,assets_game_rawassets_sprite_mainui.bundle,ffa3b401f54b74b5ba41f31bb1f03c7b.bundle,261250,resources\assets\yoo\Default\ffa3b401f54b74b5ba41f31bb1f03c7b.bundle,True,True,
15717,Assets/Game/RawAssets/Sprite/MainUI/mainui_img_02.png,,6040,assets_game_rawassets_sprite_mainui.bundle,ffa3b401f54b74b5ba41f31bb1f03c7b.bundle,261250,resources\assets\yoo\Default\ffa3b401f54b74b5ba41f31bb1f03c7b.bundle,True,True,
15718,Assets/Game/RawAssets/Sprite/MainUI/mainui_img_03.png,,6040,assets_game_rawassets_sprite_mainui.bundle,ffa3b401f54b74b5ba41f31bb1f03c7b.bundle,261250,resources\assets\yoo\Default\ffa3b401f54b74b5ba41f31bb1f03c7b.bundle,True,True,
15719,Assets/Game/RawAssets/Sprite/MainUI/mainui_img_04.png,,6040,assets_game_rawassets_sprite_mainui.bundle,ffa3b401f54b74b5ba41f31bb1f03c7b.bundle,261250,resources\assets\yoo\Default\ffa3b401f54b74b5ba41f31bb1f03c7b.bundle,True,True,
15720,Assets/Game/RawAssets/Sprite/MainUI/mainui_img_05.png,,6040,assets_game_rawassets_sprite_mainui.bundle,ffa3b401f54b74b5ba41f31bb1f03c7b.bundle,261250,resources\assets\yoo\Default\ffa3b401f54b74b5ba41f31bb1f03c7b.bundle,True,True,
15721,Assets/Game/RawAssets/Sprite/MainUI/mainui_img_06.png,,6040,assets_game_rawassets_sprite_mainui.bundle,ffa3b401f54b74b5ba41f31bb1f03c7b.bundle,261250,resources\assets\yoo\Default\ffa3b401f54b74b5ba41f31bb1f03c7b.bundle,True,True,
15722,Assets/Game/RawAssets/Sprite/MainUI/mainui_img_07.png,,6040,assets_game_rawassets_sprite_mainui.bundle,ffa3b401f54b74b5ba41f31bb1f03c7b.bundle,261250,resources\assets\yoo\Default\ffa3b401f54b74b5ba41f31bb1f03c7b.bundle,True,True,
15723,Assets/Game/RawAssets/Sprite/MainUI/mainui_img_08.png,,6040,assets_game_rawassets_sprite_mainui.bundle,ffa3b401f54b74b5ba41f31bb1f03c7b.bundle,261250,resources\assets\yoo\Default\ffa3b401f54b74b5ba41f31bb1f03c7b.bundle,True,True,
15724,Assets/Game/RawAssets/Sprite/MainUI/mainui_img_09.png,,6040,assets_game_rawassets_sprite_mainui.bundle,ffa3b401f54b74b5ba41f31bb1f03c7b.bundle,261250,resources\assets\yoo\Default\ffa3b401f54b74b5ba41f31bb1f03c7b.bundle,True,True,
15725,Assets/Game/RawAssets/Sprite/MainUI/mainui_img_10.png,,6042,assets_game_rawassets_sprite_mainui_mainui_img_10.bundle,81efe3519683f820516e21458a06ca24.bundle,4616,resources\assets\yoo\Default\81efe3519683f820516e21458a06ca24.bundle,True,True,
15726,Assets/Game/RawAssets/Sprite/MainUI/mainui_img_11.png,,6040,assets_game_rawassets_sprite_mainui.bundle,ffa3b401f54b74b5ba41f31bb1f03c7b.bundle,261250,resources\assets\yoo\Default\ffa3b401f54b74b5ba41f31bb1f03c7b.bundle,True,True,
15728,Assets/Game/RawAssets/Sprite/MainUI/mainui_img_13.png,,6040,assets_game_rawassets_sprite_mainui.bundle,ffa3b401f54b74b5ba41f31bb1f03c7b.bundle,261250,resources\assets\yoo\Default\ffa3b401f54b74b5ba41f31bb1f03c7b.bundle,True,True,
15729,Assets/Game/RawAssets/Sprite/MainUI/mainui_img_14.png,,6040,assets_game_rawassets_sprite_mainui.bundle,ffa3b401f54b74b5ba41f31bb1f03c7b.bundle,261250,resources\assets\yoo\Default\ffa3b401f54b74b5ba41f31bb1f03c7b.bundle,True,True,
15730,Assets/Game/RawAssets/Sprite/MainUI/mainui_img_15.png,,6040,assets_game_rawassets_sprite_mainui.bundle,ffa3b401f54b74b5ba41f31bb1f03c7b.bundle,261250,resources\assets\yoo\Default\ffa3b401f54b74b5ba41f31bb1f03c7b.bundle,True,True,
15731,Assets/Game/RawAssets/Sprite/MainUI/mainui_img_16.png,,6040,assets_game_rawassets_sprite_mainui.bundle,ffa3b401f54b74b5ba41f31bb1f03c7b.bundle,261250,resources\assets\yoo\Default\ffa3b401f54b74b5ba41f31bb1f03c7b.bundle,True,True,
15732,Assets/Game/RawAssets/Sprite/MainUI/mainui_img_17.png,,6040,assets_game_rawassets_sprite_mainui.bundle,ffa3b401f54b74b5ba41f31bb1f03c7b.bundle,261250,resources\assets\yoo\Default\ffa3b401f54b74b5ba41f31bb1f03c7b.bundle,True,True,
15733,Assets/Game/RawAssets/Sprite/MainUI/mainui_img_18.png,,6040,assets_game_rawassets_sprite_mainui.bundle,ffa3b401f54b74b5ba41f31bb1f03c7b.bundle,261250,resources\assets\yoo\Default\ffa3b401f54b74b5ba41f31bb1f03c7b.bundle,True,True,
15734,Assets/Game/RawAssets/Sprite/MainUI/mainui_img_19.png,,6040,assets_game_rawassets_sprite_mainui.bundle,ffa3b401f54b74b5ba41f31bb1f03c7b.bundle,261250,resources\assets\yoo\Default\ffa3b401f54b74b5ba41f31bb1f03c7b.bundle,True,True,
15735,Assets/Game/RawAssets/Sprite/MainUI/mainui_img_20.png,,6040,assets_game_rawassets_sprite_mainui.bundle,ffa3b401f54b74b5ba41f31bb1f03c7b.bundle,261250,resources\assets\yoo\Default\ffa3b401f54b74b5ba41f31bb1f03c7b.bundle,True,True,
15736,Assets/Game/RawAssets/Sprite/MainUI/mainui_img_21.png,,6040,assets_game_rawassets_sprite_mainui.bundle,ffa3b401f54b74b5ba41f31bb1f03c7b.bundle,261250,resources\assets\yoo\Default\ffa3b401f54b74b5ba41f31bb1f03c7b.bundle,True,True,
15737,Assets/Game/RawAssets/Sprite/MainUI/mainui_img_22.png,,6040,assets_game_rawassets_sprite_mainui.bundle,ffa3b401f54b74b5ba41f31bb1f03c7b.bundle,261250,resources\assets\yoo\Default\ffa3b401f54b74b5ba41f31bb1f03c7b.bundle,True,True,
15738,Assets/Game/RawAssets/Sprite/MainUI/mainui_img_23.png,,6040,assets_game_rawassets_sprite_mainui.bundle,ffa3b401f54b74b5ba41f31bb1f03c7b.bundle,261250,resources\assets\yoo\Default\ffa3b401f54b74b5ba41f31bb1f03c7b.bundle,True,True,
15739,Assets/Game/RawAssets/Sprite/MainUI/mainui_img_24.png,,6040,assets_game_rawassets_sprite_mainui.bundle,ffa3b401f54b74b5ba41f31bb1f03c7b.bundle,261250,resources\assets\yoo\Default\ffa3b401f54b74b5ba41f31bb1f03c7b.bundle,True,True,
15740,Assets/Game/RawAssets/Sprite/MainUI/mainui_img_25.png,,6040,assets_game_rawassets_sprite_mainui.bundle,ffa3b401f54b74b5ba41f31bb1f03c7b.bundle,261250,resources\assets\yoo\Default\ffa3b401f54b74b5ba41f31bb1f03c7b.bundle,True,True,
15741,Assets/Game/RawAssets/Sprite/MainUI/mainui_img_30.png,,6040,assets_game_rawassets_sprite_mainui.bundle,ffa3b401f54b74b5ba41f31bb1f03c7b.bundle,261250,resources\assets\yoo\Default\ffa3b401f54b74b5ba41f31bb1f03c7b.bundle,True,True,
15742,Assets/Game/RawAssets/Sprite/MainUI/mainui_img_31.png,,6040,assets_game_rawassets_sprite_mainui.bundle,ffa3b401f54b74b5ba41f31bb1f03c7b.bundle,261250,resources\assets\yoo\Default\ffa3b401f54b74b5ba41f31bb1f03c7b.bundle,True,True,
15743,Assets/Game/RawAssets/Sprite/MainUI/mainui_img_32.png,,6040,assets_game_rawassets_sprite_mainui.bundle,ffa3b401f54b74b5ba41f31bb1f03c7b.bundle,261250,resources\assets\yoo\Default\ffa3b401f54b74b5ba41f31bb1f03c7b.bundle,True,True,
15744,Assets/Game/RawAssets/Sprite/MainUI/mainui_img_33.png,,6040,assets_game_rawassets_sprite_mainui.bundle,ffa3b401f54b74b5ba41f31bb1f03c7b.bundle,261250,resources\assets\yoo\Default\ffa3b401f54b74b5ba41f31bb1f03c7b.bundle,True,True,
15745,Assets/Game/RawAssets/Sprite/MainUI/mainui_img_34.png,,6040,assets_game_rawassets_sprite_mainui.bundle,ffa3b401f54b74b5ba41f31bb1f03c7b.bundle,261250,resources\assets\yoo\Default\ffa3b401f54b74b5ba41f31bb1f03c7b.bundle,True,True,
15746,Assets/Game/RawAssets/Sprite/MainUI/mainui_img_35.png,,6040,assets_game_rawassets_sprite_mainui.bundle,ffa3b401f54b74b5ba41f31bb1f03c7b.bundle,261250,resources\assets\yoo\Default\ffa3b401f54b74b5ba41f31bb1f03c7b.bundle,True,True,
15747,Assets/Game/RawAssets/Sprite/MainUI/mainui_img_36.png,,6040,assets_game_rawassets_sprite_mainui.bundle,ffa3b401f54b74b5ba41f31bb1f03c7b.bundle,261250,resources\assets\yoo\Default\ffa3b401f54b74b5ba41f31bb1f03c7b.bundle,True,True,
15748,Assets/Game/RawAssets/Sprite/MainUI/mainui_img_37.png,,6040,assets_game_rawassets_sprite_mainui.bundle,ffa3b401f54b74b5ba41f31bb1f03c7b.bundle,261250,resources\assets\yoo\Default\ffa3b401f54b74b5ba41f31bb1f03c7b.bundle,True,True,
15749,Assets/Game/RawAssets/Sprite/MainUI/mainui_img_38.png,,6040,assets_game_rawassets_sprite_mainui.bundle,ffa3b401f54b74b5ba41f31bb1f03c7b.bundle,261250,resources\assets\yoo\Default\ffa3b401f54b74b5ba41f31bb1f03c7b.bundle,True,True,
15750,Assets/Game/RawAssets/Sprite/MainUI/mainui_img_39.png,,6040,assets_game_rawassets_sprite_mainui.bundle,ffa3b401f54b74b5ba41f31bb1f03c7b.bundle,261250,resources\assets\yoo\Default\ffa3b401f54b74b5ba41f31bb1f03c7b.bundle,True,True,
15751,Assets/Game/RawAssets/Sprite/MainUI/mainui_img_40.png,,6040,assets_game_rawassets_sprite_mainui.bundle,ffa3b401f54b74b5ba41f31bb1f03c7b.bundle,261250,resources\assets\yoo\Default\ffa3b401f54b74b5ba41f31bb1f03c7b.bundle,True,True,
15752,Assets/Game/RawAssets/Sprite/MainUI/mainui_img_41.png,,6040,assets_game_rawassets_sprite_mainui.bundle,ffa3b401f54b74b5ba41f31bb1f03c7b.bundle,261250,resources\assets\yoo\Default\ffa3b401f54b74b5ba41f31bb1f03c7b.bundle,True,True,
15753,Assets/Game/RawAssets/Sprite/MainUI/mainui_img_42.png,,6040,assets_game_rawassets_sprite_mainui.bundle,ffa3b401f54b74b5ba41f31bb1f03c7b.bundle,261250,resources\assets\yoo\Default\ffa3b401f54b74b5ba41f31bb1f03c7b.bundle,True,True,
15754,Assets/Game/RawAssets/Sprite/MainUI/mainui_img_43.png,,6040,assets_game_rawassets_sprite_mainui.bundle,ffa3b401f54b74b5ba41f31bb1f03c7b.bundle,261250,resources\assets\yoo\Default\ffa3b401f54b74b5ba41f31bb1f03c7b.bundle,True,True,
15755,Assets/Game/RawAssets/Sprite/MainUI/mainui_img_44.png,,6044,assets_game_rawassets_sprite_mainui_mainui_img_44.bundle,3d78d7226b4da44d3658d0688e3a5006.bundle,201447,resources\assets\yoo\Default\3d78d7226b4da44d3658d0688e3a5006.bundle,True,True,
15756,Assets/Game/RawAssets/Sprite/MainUI/mainui_img_45.png,,6040,assets_game_rawassets_sprite_mainui.bundle,ffa3b401f54b74b5ba41f31bb1f03c7b.bundle,261250,resources\assets\yoo\Default\ffa3b401f54b74b5ba41f31bb1f03c7b.bundle,True,True,
15757,Assets/Game/RawAssets/Sprite/MainUI/mainui_txt_01.png,,6040,assets_game_rawassets_sprite_mainui.bundle,ffa3b401f54b74b5ba41f31bb1f03c7b.bundle,261250,resources\assets\yoo\Default\ffa3b401f54b74b5ba41f31bb1f03c7b.bundle,True,True,
15758,Assets/Game/RawAssets/Sprite/MainUI/mainui_txt_02.png,,6040,assets_game_rawassets_sprite_mainui.bundle,ffa3b401f54b74b5ba41f31bb1f03c7b.bundle,261250,resources\assets\yoo\Default\ffa3b401f54b74b5ba41f31bb1f03c7b.bundle,True,True,
15759,Assets/Game/RawAssets/Sprite/MainUI/mainui_txt_03.png,,6040,assets_game_rawassets_sprite_mainui.bundle,ffa3b401f54b74b5ba41f31bb1f03c7b.bundle,261250,resources\assets\yoo\Default\ffa3b401f54b74b5ba41f31bb1f03c7b.bundle,True,True,
15760,Assets/Game/RawAssets/Sprite/MainUI/mainui_txt_04.png,,6040,assets_game_rawassets_sprite_mainui.bundle,ffa3b401f54b74b5ba41f31bb1f03c7b.bundle,261250,resources\assets\yoo\Default\ffa3b401f54b74b5ba41f31bb1f03c7b.bundle,True,True,
15761,Assets/Game/RawAssets/Sprite/MainUI/mainui_txt_05.png,,6040,assets_game_rawassets_sprite_mainui.bundle,ffa3b401f54b74b5ba41f31bb1f03c7b.bundle,261250,resources\assets\yoo\Default\ffa3b401f54b74b5ba41f31bb1f03c7b.bundle,True,True,
15762,Assets/Game/RawAssets/Sprite/MainUI/mainui_txt_06.png,,6040,assets_game_rawassets_sprite_mainui.bundle,ffa3b401f54b74b5ba41f31bb1f03c7b.bundle,261250,resources\assets\yoo\Default\ffa3b401f54b74b5ba41f31bb1f03c7b.bundle,True,True,
15763,Assets/Game/RawAssets/Sprite/MainUI/mainui_txt_07.png,,6040,assets_game_rawassets_sprite_mainui.bundle,ffa3b401f54b74b5ba41f31bb1f03c7b.bundle,261250,resources\assets\yoo\Default\ffa3b401f54b74b5ba41f31bb1f03c7b.bundle,True,True,
15764,Assets/Game/RawAssets/Sprite/MainUI/mainui_txt_08.png,,6040,assets_game_rawassets_sprite_mainui.bundle,ffa3b401f54b74b5ba41f31bb1f03c7b.bundle,261250,resources\assets\yoo\Default\ffa3b401f54b74b5ba41f31bb1f03c7b.bundle,True,True,
15765,Assets/Game/RawAssets/Sprite/MainUI/mainui_txt_09.png,,6040,assets_game_rawassets_sprite_mainui.bundle,ffa3b401f54b74b5ba41f31bb1f03c7b.bundle,261250,resources\assets\yoo\Default\ffa3b401f54b74b5ba41f31bb1f03c7b.bundle,True,True,
17374,Assets/Game/RawAssets/Sprite/Story/Story.spriteatlas,,6454,assets_game_rawassets_sprite_story.bundle,f06839684c0ad8b06f38acef08c311b5.bundle,82165,resources\assets\yoo\Default\f06839684c0ad8b06f38acef08c311b5.bundle,True,True,
17375,Assets/Game/RawAssets/Sprite/Story/story_btn_01.png,,6454,assets_game_rawassets_sprite_story.bundle,f06839684c0ad8b06f38acef08c311b5.bundle,82165,resources\assets\yoo\Default\f06839684c0ad8b06f38acef08c311b5.bundle,True,True,
17376,Assets/Game/RawAssets/Sprite/Story/story_btn_02.png,,6454,assets_game_rawassets_sprite_story.bundle,f06839684c0ad8b06f38acef08c311b5.bundle,82165,resources\assets\yoo\Default\f06839684c0ad8b06f38acef08c311b5.bundle,True,True,
17380,Assets/Game/RawAssets/Sprite/Story/story_img_04.png,,6454,assets_game_rawassets_sprite_story.bundle,f06839684c0ad8b06f38acef08c311b5.bundle,82165,resources\assets\yoo\Default\f06839684c0ad8b06f38acef08c311b5.bundle,True,True,
17381,Assets/Game/RawAssets/Sprite/Story/story_img_05.png,,6454,assets_game_rawassets_sprite_story.bundle,f06839684c0ad8b06f38acef08c311b5.bundle,82165,resources\assets\yoo\Default\f06839684c0ad8b06f38acef08c311b5.bundle,True,True,
17382,Assets/Game/RawAssets/Sprite/Story/story_img_06.png,,6454,assets_game_rawassets_sprite_story.bundle,f06839684c0ad8b06f38acef08c311b5.bundle,82165,resources\assets\yoo\Default\f06839684c0ad8b06f38acef08c311b5.bundle,True,True,
17383,Assets/Game/RawAssets/Sprite/Story/story_img_07.png,,6454,assets_game_rawassets_sprite_story.bundle,f06839684c0ad8b06f38acef08c311b5.bundle,82165,resources\assets\yoo\Default\f06839684c0ad8b06f38acef08c311b5.bundle,True,True,
17652,Assets/Game/RawAssets/Sprite/Wallpaper/Wallpaper.spriteatlas,,6525,assets_game_rawassets_sprite_wallpaper.bundle,a0f9bdb7f216af91f5eede331f911d17.bundle,138848,resources\assets\yoo\Default\a0f9bdb7f216af91f5eede331f911d17.bundle,True,True,
17653,Assets/Game/RawAssets/Sprite/Wallpaper/wallpaper_btn_01.png,,6525,assets_game_rawassets_sprite_wallpaper.bundle,a0f9bdb7f216af91f5eede331f911d17.bundle,138848,resources\assets\yoo\Default\a0f9bdb7f216af91f5eede331f911d17.bundle,True,True,
17654,Assets/Game/RawAssets/Sprite/Wallpaper/wallpaper_btn_02.png,,6525,assets_game_rawassets_sprite_wallpaper.bundle,a0f9bdb7f216af91f5eede331f911d17.bundle,138848,resources\assets\yoo\Default\a0f9bdb7f216af91f5eede331f911d17.bundle,True,True,
17655,Assets/Game/RawAssets/Sprite/Wallpaper/wallpaper_btn_03.png,,6525,assets_game_rawassets_sprite_wallpaper.bundle,a0f9bdb7f216af91f5eede331f911d17.bundle,138848,resources\assets\yoo\Default\a0f9bdb7f216af91f5eede331f911d17.bundle,True,True,
17656,Assets/Game/RawAssets/Sprite/Wallpaper/wallpaper_btn_04.png,,6525,assets_game_rawassets_sprite_wallpaper.bundle,a0f9bdb7f216af91f5eede331f911d17.bundle,138848,resources\assets\yoo\Default\a0f9bdb7f216af91f5eede331f911d17.bundle,True,True,
17657,Assets/Game/RawAssets/Sprite/Wallpaper/wallpaper_btn_05.png,,6525,assets_game_rawassets_sprite_wallpaper.bundle,a0f9bdb7f216af91f5eede331f911d17.bundle,138848,resources\assets\yoo\Default\a0f9bdb7f216af91f5eede331f911d17.bundle,True,True,
17658,Assets/Game/RawAssets/Sprite/Wallpaper/wallpaper_btn_06.png,,6525,assets_game_rawassets_sprite_wallpaper.bundle,a0f9bdb7f216af91f5eede331f911d17.bundle,138848,resources\assets\yoo\Default\a0f9bdb7f216af91f5eede331f911d17.bundle,True,True,
17659,Assets/Game/RawAssets/Sprite/Wallpaper/wallpaper_btn_07.png,,6525,assets_game_rawassets_sprite_wallpaper.bundle,a0f9bdb7f216af91f5eede331f911d17.bundle,138848,resources\assets\yoo\Default\a0f9bdb7f216af91f5eede331f911d17.bundle,True,True,
17660,Assets/Game/RawAssets/Sprite/Wallpaper/wallpaper_btn_08.png,,6525,assets_game_rawassets_sprite_wallpaper.bundle,a0f9bdb7f216af91f5eede331f911d17.bundle,138848,resources\assets\yoo\Default\a0f9bdb7f216af91f5eede331f911d17.bundle,True,True,
17661,Assets/Game/RawAssets/Sprite/Wallpaper/wallpaper_btn_09.png,,6525,assets_game_rawassets_sprite_wallpaper.bundle,a0f9bdb7f216af91f5eede331f911d17.bundle,138848,resources\assets\yoo\Default\a0f9bdb7f216af91f5eede331f911d17.bundle,True,True,
17662,Assets/Game/RawAssets/Sprite/Wallpaper/wallpaper_btn_10.png,,6525,assets_game_rawassets_sprite_wallpaper.bundle,a0f9bdb7f216af91f5eede331f911d17.bundle,138848,resources\assets\yoo\Default\a0f9bdb7f216af91f5eede331f911d17.bundle,True,True,
17663,Assets/Game/RawAssets/Sprite/Wallpaper/wallpaper_btn_11.png,,6525,assets_game_rawassets_sprite_wallpaper.bundle,a0f9bdb7f216af91f5eede331f911d17.bundle,138848,resources\assets\yoo\Default\a0f9bdb7f216af91f5eede331f911d17.bundle,True,True,
17664,Assets/Game/RawAssets/Sprite/Wallpaper/wallpaper_btn_12.png,,6525,assets_game_rawassets_sprite_wallpaper.bundle,a0f9bdb7f216af91f5eede331f911d17.bundle,138848,resources\assets\yoo\Default\a0f9bdb7f216af91f5eede331f911d17.bundle,True,True,
17665,Assets/Game/RawAssets/Sprite/Wallpaper/wallpaper_btn_13.png,,6525,assets_game_rawassets_sprite_wallpaper.bundle,a0f9bdb7f216af91f5eede331f911d17.bundle,138848,resources\assets\yoo\Default\a0f9bdb7f216af91f5eede331f911d17.bundle,True,True,
17666,Assets/Game/RawAssets/Sprite/Wallpaper/wallpaper_btn_14.png,,6525,assets_game_rawassets_sprite_wallpaper.bundle,a0f9bdb7f216af91f5eede331f911d17.bundle,138848,resources\assets\yoo\Default\a0f9bdb7f216af91f5eede331f911d17.bundle,True,True,
17667,Assets/Game/RawAssets/Sprite/Wallpaper/wallpaper_btn_15.png,,6525,assets_game_rawassets_sprite_wallpaper.bundle,a0f9bdb7f216af91f5eede331f911d17.bundle,138848,resources\assets\yoo\Default\a0f9bdb7f216af91f5eede331f911d17.bundle,True,True,
17668,Assets/Game/RawAssets/Sprite/Wallpaper/wallpaper_btn_16.png,,6525,assets_game_rawassets_sprite_wallpaper.bundle,a0f9bdb7f216af91f5eede331f911d17.bundle,138848,resources\assets\yoo\Default\a0f9bdb7f216af91f5eede331f911d17.bundle,True,True,
17669,Assets/Game/RawAssets/Sprite/Wallpaper/wallpaper_btn_16_1.png,,6525,assets_game_rawassets_sprite_wallpaper.bundle,a0f9bdb7f216af91f5eede331f911d17.bundle,138848,resources\assets\yoo\Default\a0f9bdb7f216af91f5eede331f911d17.bundle,True,True,
17670,Assets/Game/RawAssets/Sprite/Wallpaper/wallpaper_btn_16_2.png,,6525,assets_game_rawassets_sprite_wallpaper.bundle,a0f9bdb7f216af91f5eede331f911d17.bundle,138848,resources\assets\yoo\Default\a0f9bdb7f216af91f5eede331f911d17.bundle,True,True,
17674,Assets/Game/RawAssets/Sprite/Wallpaper/wallpaper_img_04.png,,6525,assets_game_rawassets_sprite_wallpaper.bundle,a0f9bdb7f216af91f5eede331f911d17.bundle,138848,resources\assets\yoo\Default\a0f9bdb7f216af91f5eede331f911d17.bundle,True,True,
17675,Assets/Game/RawAssets/Sprite/Wallpaper/wallpaper_img_05.png,,6525,assets_game_rawassets_sprite_wallpaper.bundle,a0f9bdb7f216af91f5eede331f911d17.bundle,138848,resources\assets\yoo\Default\a0f9bdb7f216af91f5eede331f911d17.bundle,True,True,
17676,Assets/Game/RawAssets/Sprite/Wallpaper/wallpaper_img_05_01.png,,6525,assets_game_rawassets_sprite_wallpaper.bundle,a0f9bdb7f216af91f5eede331f911d17.bundle,138848,resources\assets\yoo\Default\a0f9bdb7f216af91f5eede331f911d17.bundle,True,True,
17677,Assets/Game/RawAssets/Sprite/Wallpaper/wallpaper_img_06.png,,6525,assets_game_rawassets_sprite_wallpaper.bundle,a0f9bdb7f216af91f5eede331f911d17.bundle,138848,resources\assets\yoo\Default\a0f9bdb7f216af91f5eede331f911d17.bundle,True,True,
17678,Assets/Game/RawAssets/Sprite/Wallpaper/wallpaper_img_07.png,,6525,assets_game_rawassets_sprite_wallpaper.bundle,a0f9bdb7f216af91f5eede331f911d17.bundle,138848,resources\assets\yoo\Default\a0f9bdb7f216af91f5eede331f911d17.bundle,True,True,
17679,Assets/Game/RawAssets/Sprite/Wallpaper/wallpaper_img_08.png,,6525,assets_game_rawassets_sprite_wallpaper.bundle,a0f9bdb7f216af91f5eede331f911d17.bundle,138848,resources\assets\yoo\Default\a0f9bdb7f216af91f5eede331f911d17.bundle,True,True,
17680,Assets/Game/RawAssets/Sprite/Wallpaper/wallpaper_img_09.png,,6525,assets_game_rawassets_sprite_wallpaper.bundle,a0f9bdb7f216af91f5eede331f911d17.bundle,138848,resources\assets\yoo\Default\a0f9bdb7f216af91f5eede331f911d17.bundle,True,True,
17681,Assets/Game/RawAssets/Sprite/Wallpaper/wallpaper_img_10.png,,6525,assets_game_rawassets_sprite_wallpaper.bundle,a0f9bdb7f216af91f5eede331f911d17.bundle,138848,resources\assets\yoo\Default\a0f9bdb7f216af91f5eede331f911d17.bundle,True,True,
17682,Assets/Game/RawAssets/Sprite/Wallpaper/wallpaper_img_11.png,,6525,assets_game_rawassets_sprite_wallpaper.bundle,a0f9bdb7f216af91f5eede331f911d17.bundle,138848,resources\assets\yoo\Default\a0f9bdb7f216af91f5eede331f911d17.bundle,True,True,
17683,Assets/Game/RawAssets/Sprite/Wallpaper/wallpaper_img_12.png,,6525,assets_game_rawassets_sprite_wallpaper.bundle,a0f9bdb7f216af91f5eede331f911d17.bundle,138848,resources\assets\yoo\Default\a0f9bdb7f216af91f5eede331f911d17.bundle,True,True,
17684,Assets/Game/RawAssets/Sprite/Wallpaper/wallpaper_img_13.png,,6525,assets_game_rawassets_sprite_wallpaper.bundle,a0f9bdb7f216af91f5eede331f911d17.bundle,138848,resources\assets\yoo\Default\a0f9bdb7f216af91f5eede331f911d17.bundle,True,True,
17685,Assets/Game/RawAssets/Sprite/Wallpaper/wallpaper_img_14.png,,6525,assets_game_rawassets_sprite_wallpaper.bundle,a0f9bdb7f216af91f5eede331f911d17.bundle,138848,resources\assets\yoo\Default\a0f9bdb7f216af91f5eede331f911d17.bundle,True,True,
17687,Assets/Game/RawAssets/Sprite/Wallpaper/wallpaper_img_16.png,,6525,assets_game_rawassets_sprite_wallpaper.bundle,a0f9bdb7f216af91f5eede331f911d17.bundle,138848,resources\assets\yoo\Default\a0f9bdb7f216af91f5eede331f911d17.bundle,True,True,
17688,Assets/Game/RawAssets/Sprite/Wallpaper/wallpaper_img_17.png,,6525,assets_game_rawassets_sprite_wallpaper.bundle,a0f9bdb7f216af91f5eede331f911d17.bundle,138848,resources\assets\yoo\Default\a0f9bdb7f216af91f5eede331f911d17.bundle,True,True,
17689,Assets/Game/RawAssets/Sprite/Wallpaper/wallpaper_img_18.png,,6525,assets_game_rawassets_sprite_wallpaper.bundle,a0f9bdb7f216af91f5eede331f911d17.bundle,138848,resources\assets\yoo\Default\a0f9bdb7f216af91f5eede331f911d17.bundle,True,True,
17690,Assets/Game/RawAssets/Sprite/Wallpaper/wallpaper_img_19.png,,6525,assets_game_rawassets_sprite_wallpaper.bundle,a0f9bdb7f216af91f5eede331f911d17.bundle,138848,resources\assets\yoo\Default\a0f9bdb7f216af91f5eede331f911d17.bundle,True,True,
17691,Assets/Game/RawAssets/Sprite/Wallpaper/wallpaper_img_20.png,,6525,assets_game_rawassets_sprite_wallpaper.bundle,a0f9bdb7f216af91f5eede331f911d17.bundle,138848,resources\assets\yoo\Default\a0f9bdb7f216af91f5eede331f911d17.bundle,True,True,
17692,Assets/Game/RawAssets/Sprite/Wallpaper/wallpaper_img_21.png,,6525,assets_game_rawassets_sprite_wallpaper.bundle,a0f9bdb7f216af91f5eede331f911d17.bundle,138848,resources\assets\yoo\Default\a0f9bdb7f216af91f5eede331f911d17.bundle,True,True,
17693,Assets/Game/RawAssets/Sprite/Wallpaper/wallpaper_img_22.png,,6525,assets_game_rawassets_sprite_wallpaper.bundle,a0f9bdb7f216af91f5eede331f911d17.bundle,138848,resources\assets\yoo\Default\a0f9bdb7f216af91f5eede331f911d17.bundle,True,True,
17694,Assets/Game/RawAssets/Sprite/Wallpaper/wallpaper_img_23.png,,6525,assets_game_rawassets_sprite_wallpaper.bundle,a0f9bdb7f216af91f5eede331f911d17.bundle,138848,resources\assets\yoo\Default\a0f9bdb7f216af91f5eede331f911d17.bundle,True,True,
17695,Assets/Game/RawAssets/Sprite/Wallpaper/wallpaper_img_24.png,,6525,assets_game_rawassets_sprite_wallpaper.bundle,a0f9bdb7f216af91f5eede331f911d17.bundle,138848,resources\assets\yoo\Default\a0f9bdb7f216af91f5eede331f911d17.bundle,True,True,
17696,Assets/Game/RawAssets/Sprite/Wallpaper/wallpaper_img_25.png,,6525,assets_game_rawassets_sprite_wallpaper.bundle,a0f9bdb7f216af91f5eede331f911d17.bundle,138848,resources\assets\yoo\Default\a0f9bdb7f216af91f5eede331f911d17.bundle,True,True,
17697,Assets/Game/RawAssets/Sprite/Wallpaper/wallpaper_img_26.png,,6525,assets_game_rawassets_sprite_wallpaper.bundle,a0f9bdb7f216af91f5eede331f911d17.bundle,138848,resources\assets\yoo\Default\a0f9bdb7f216af91f5eede331f911d17.bundle,True,True,
17698,Assets/Game/RawAssets/Sprite/Wallpaper/wallpaper_img_27.png,,6525,assets_game_rawassets_sprite_wallpaper.bundle,a0f9bdb7f216af91f5eede331f911d17.bundle,138848,resources\assets\yoo\Default\a0f9bdb7f216af91f5eede331f911d17.bundle,True,True,
17700,Assets/Game/RawAssets/Sprite/Wallpaper/wallpaper_img_29.png,,6525,assets_game_rawassets_sprite_wallpaper.bundle,a0f9bdb7f216af91f5eede331f911d17.bundle,138848,resources\assets\yoo\Default\a0f9bdb7f216af91f5eede331f911d17.bundle,True,True,
17701,Assets/Game/RawAssets/Sprite/Wallpaper/wallpaper_img_30.png,,6525,assets_game_rawassets_sprite_wallpaper.bundle,a0f9bdb7f216af91f5eede331f911d17.bundle,138848,resources\assets\yoo\Default\a0f9bdb7f216af91f5eede331f911d17.bundle,True,True,
17720,Assets/Game/RawAssets/Video/game_start.mp4,,6545,assets_game_rawassets_video_game_start.bundle,ebb8050529584672ad314b1fba1f3b9b.bundle,9502058,resources\assets\yoo\Default\ebb8050529584672ad314b1fba1f3b9b.bundle,True,True,
17746,Assets/Game/Static/abyss_challenge.bytes,,6571,assets_game_static.bundle,324fcda729f678d13d6dea7bf868e1bc.bundle,3033259,resources\assets\yoo\Default\324fcda729f678d13d6dea7bf868e1bc.bundle,True,True,
17747,Assets/Game/Static/abyss_challenge_rank.bytes,,6571,assets_game_static.bundle,324fcda729f678d13d6dea7bf868e1bc.bundle,3033259,resources\assets\yoo\Default\324fcda729f678d13d6dea7bf868e1bc.bundle,True,True,
17748,Assets/Game/Static/abyss_treasure_quest.bytes,,6571,assets_game_static.bundle,324fcda729f678d13d6dea7bf868e1bc.bundle,3033259,resources\assets\yoo\Default\324fcda729f678d13d6dea7bf868e1bc.bundle,True,True,
17749,Assets/Game/Static/abyss_treasure_reward.bytes,,6571,assets_game_static.bundle,324fcda729f678d13d6dea7bf868e1bc.bundle,3033259,resources\assets\yoo\Default\324fcda729f678d13d6dea7bf868e1bc.bundle,True,True,
17750,Assets/Game/Static/ac_draw_gift.bytes,,6571,assets_game_static.bundle,324fcda729f678d13d6dea7bf868e1bc.bundle,3033259,resources\assets\yoo\Default\324fcda729f678d13d6dea7bf868e1bc.bundle,True,True,
17751,Assets/Game/Static/ac_limit_draw.bytes,,6571,assets_game_static.bundle,324fcda729f678d13d6dea7bf868e1bc.bundle,3033259,resources\assets\yoo\Default\324fcda729f678d13d6dea7bf868e1bc.bundle,True,True,
17752,Assets/Game/Static/ac_limit_drawconfig.bytes,,6571,assets_game_static.bundle,324fcda729f678d13d6dea7bf868e1bc.bundle,3033259,resources\assets\yoo\Default\324fcda729f678d13d6dea7bf868e1bc.bundle,True,True,
17753,Assets/Game/Static/ac_lucky_player.bytes,,6571,assets_game_static.bundle,324fcda729f678d13d6dea7bf868e1bc.bundle,3033259,resources\assets\yoo\Default\324fcda729f678d13d6dea7bf868e1bc.bundle,True,True,
17754,Assets/Game/Static/ac_weekend_gift_config_1.bytes,,6571,assets_game_static.bundle,324fcda729f678d13d6dea7bf868e1bc.bundle,3033259,resources\assets\yoo\Default\324fcda729f678d13d6dea7bf868e1bc.bundle,True,True,
17755,Assets/Game/Static/acbestcommanderconfig.bytes,,6571,assets_game_static.bundle,324fcda729f678d13d6dea7bf868e1bc.bundle,3033259,resources\assets\yoo\Default\324fcda729f678d13d6dea7bf868e1bc.bundle,True,True,
17756,Assets/Game/Static/acbestcommanderrankingconfig.bytes,,6571,assets_game_static.bundle,324fcda729f678d13d6dea7bf868e1bc.bundle,3033259,resources\assets\yoo\Default\324fcda729f678d13d6dea7bf868e1bc.bundle,True,True,
17757,Assets/Game/Static/acbestcommanderscoreconfig.bytes,,6571,assets_game_static.bundle,324fcda729f678d13d6dea7bf868e1bc.bundle,3033259,resources\assets\yoo\Default\324fcda729f678d13d6dea7bf868e1bc.bundle,True,True,
17758,Assets/Game/Static/accontinuousconfig_1.bytes,,6571,assets_game_static.bundle,324fcda729f678d13d6dea7bf868e1bc.bundle,3033259,resources\assets\yoo\Default\324fcda729f678d13d6dea7bf868e1bc.bundle,True,True,
17759,Assets/Game/Static/accontinuousconfig_2.bytes,,6571,assets_game_static.bundle,324fcda729f678d13d6dea7bf868e1bc.bundle,3033259,resources\assets\yoo\Default\324fcda729f678d13d6dea7bf868e1bc.bundle,True,True,
17760,Assets/Game/Static/accontinuousconfig_3.bytes,,6571,assets_game_static.bundle,324fcda729f678d13d6dea7bf868e1bc.bundle,3033259,resources\assets\yoo\Default\324fcda729f678d13d6dea7bf868e1bc.bundle,True,True,
17761,Assets/Game/Static/accumulativeconsumeconfig_1.bytes,,6571,assets_game_static.bundle,324fcda729f678d13d6dea7bf868e1bc.bundle,3033259,resources\assets\yoo\Default\324fcda729f678d13d6dea7bf868e1bc.bundle,True,True,
17762,Assets/Game/Static/accumulativeconsumeconfig_2.bytes,,6571,assets_game_static.bundle,324fcda729f678d13d6dea7bf868e1bc.bundle,3033259,resources\assets\yoo\Default\324fcda729f678d13d6dea7bf868e1bc.bundle,True,True,
17763,Assets/Game/Static/accumulativeconsumeconfig_3.bytes,,6571,assets_game_static.bundle,324fcda729f678d13d6dea7bf868e1bc.bundle,3033259,resources\assets\yoo\Default\324fcda729f678d13d6dea7bf868e1bc.bundle,True,True,
17764,Assets/Game/Static/acdailycumulativeconfig_1.bytes,,6571,assets_game_static.bundle,324fcda729f678d13d6dea7bf868e1bc.bundle,3033259,resources\assets\yoo\Default\324fcda729f678d13d6dea7bf868e1bc.bundle,True,True,
17765,Assets/Game/Static/acdailydealsconfig_1.bytes,,6571,assets_game_static.bundle,324fcda729f678d13d6dea7bf868e1bc.bundle,3033259,resources\assets\yoo\Default\324fcda729f678d13d6dea7bf868e1bc.bundle,True,True,
17766,Assets/Game/Static/acexchangeconfig_1.bytes,,6571,assets_game_static.bundle,324fcda729f678d13d6dea7bf868e1bc.bundle,3033259,resources\assets\yoo\Default\324fcda729f678d13d6dea7bf868e1bc.bundle,True,True,
17767,Assets/Game/Static/acexchangeconfig_2.bytes,,6571,assets_game_static.bundle,324fcda729f678d13d6dea7bf868e1bc.bundle,3033259,resources\assets\yoo\Default\324fcda729f678d13d6dea7bf868e1bc.bundle,True,True,
17768,Assets/Game/Static/acexchangeconfig_3.bytes,,6571,assets_game_static.bundle,324fcda729f678d13d6dea7bf868e1bc.bundle,3033259,resources\assets\yoo\Default\324fcda729f678d13d6dea7bf868e1bc.bundle,True,True,
17769,Assets/Game/Static/achievement.bytes,,6571,assets_game_static.bundle,324fcda729f678d13d6dea7bf868e1bc.bundle,3033259,resources\assets\yoo\Default\324fcda729f678d13d6dea7bf868e1bc.bundle,True,True,
17770,Assets/Game/Static/achievement_stage.bytes,,6571,assets_game_static.bundle,324fcda729f678d13d6dea7bf868e1bc.bundle,3033259,resources\assets\yoo\Default\324fcda729f678d13d6dea7bf868e1bc.bundle,True,True,
17771,Assets/Game/Static/acstrongestkingdomconfig.bytes,,6571,assets_game_static.bundle,324fcda729f678d13d6dea7bf868e1bc.bundle,3033259,resources\assets\yoo\Default\324fcda729f678d13d6dea7bf868e1bc.bundle,True,True,
17772,Assets/Game/Static/acstrongestkingdomrankingconfig.bytes,,6571,assets_game_static.bundle,324fcda729f678d13d6dea7bf868e1bc.bundle,3033259,resources\assets\yoo\Default\324fcda729f678d13d6dea7bf868e1bc.bundle,True,True,
17773,Assets/Game/Static/acstrongestkingdomscoreconfig.bytes,,6571,assets_game_static.bundle,324fcda729f678d13d6dea7bf868e1bc.bundle,3033259,resources\assets\yoo\Default\324fcda729f678d13d6dea7bf868e1bc.bundle,True,True,
17774,Assets/Game/Static/activities_time_1.bytes,,6571,assets_game_static.bundle,324fcda729f678d13d6dea7bf868e1bc.bundle,3033259,resources\assets\yoo\Default\324fcda729f678d13d6dea7bf868e1bc.bundle,True,True,
17775,Assets/Game/Static/activitiesconfig_1.bytes,,6571,assets_game_static.bundle,324fcda729f678d13d6dea7bf868e1bc.bundle,3033259,resources\assets\yoo\Default\324fcda729f678d13d6dea7bf868e1bc.bundle,True,True,
17776,Assets/Game/Static/activity_cycle.bytes,,6571,assets_game_static.bundle,324fcda729f678d13d6dea7bf868e1bc.bundle,3033259,resources\assets\yoo\Default\324fcda729f678d13d6dea7bf868e1bc.bundle,True,True,
17777,Assets/Game/Static/activity_panel.bytes,,6571,assets_game_static.bundle,324fcda729f678d13d6dea7bf868e1bc.bundle,3033259,resources\assets\yoo\Default\324fcda729f678d13d6dea7bf868e1bc.bundle,True,True,
17778,Assets/Game/Static/activity_starup.bytes,,6571,assets_game_static.bundle,324fcda729f678d13d6dea7bf868e1bc.bundle,3033259,resources\assets\yoo\Default\324fcda729f678d13d6dea7bf868e1bc.bundle,True,True,
17779,Assets/Game/Static/add_up_recharge.bytes,,6571,assets_game_static.bundle,324fcda729f678d13d6dea7bf868e1bc.bundle,3033259,resources\assets\yoo\Default\324fcda729f678d13d6dea7bf868e1bc.bundle,True,True,
17780,Assets/Game/Static/adjust_samsung.bytes,,6571,assets_game_static.bundle,324fcda729f678d13d6dea7bf868e1bc.bundle,3033259,resources\assets\yoo\Default\324fcda729f678d13d6dea7bf868e1bc.bundle,True,True,
17781,Assets/Game/Static/advanced_account.bytes,,6571,assets_game_static.bundle,324fcda729f678d13d6dea7bf868e1bc.bundle,3033259,resources\assets\yoo\Default\324fcda729f678d13d6dea7bf868e1bc.bundle,True,True,
17782,Assets/Game/Static/adwatch.bytes,,6571,assets_game_static.bundle,324fcda729f678d13d6dea7bf868e1bc.bundle,3033259,resources\assets\yoo\Default\324fcda729f678d13d6dea7bf868e1bc.bundle,True,True,
17783,Assets/Game/Static/alliance_flag.bytes,,6571,assets_game_static.bundle,324fcda729f678d13d6dea7bf868e1bc.bundle,3033259,resources\assets\yoo\Default\324fcda729f678d13d6dea7bf868e1bc.bundle,True,True,
17784,Assets/Game/Static/allianceshop.bytes,,6571,assets_game_static.bundle,324fcda729f678d13d6dea7bf868e1bc.bundle,3033259,resources\assets\yoo\Default\324fcda729f678d13d6dea7bf868e1bc.bundle,True,True,
17785,Assets/Game/Static/arena_battle_reward.bytes,,6571,assets_game_static.bundle,324fcda729f678d13d6dea7bf868e1bc.bundle,3033259,resources\assets\yoo\Default\324fcda729f678d13d6dea7bf868e1bc.bundle,True,True,
17786,Assets/Game/Static/arena_career_reward.bytes,,6571,assets_game_static.bundle,324fcda729f678d13d6dea7bf868e1bc.bundle,3033259,resources\assets\yoo\Default\324fcda729f678d13d6dea7bf868e1bc.bundle,True,True,
17787,Assets/Game/Static/arena_daily_reward.bytes,,6571,assets_game_static.bundle,324fcda729f678d13d6dea7bf868e1bc.bundle,3033259,resources\assets\yoo\Default\324fcda729f678d13d6dea7bf868e1bc.bundle,True,True,
17788,Assets/Game/Static/arena_NPC_distribution.bytes,,6571,assets_game_static.bundle,324fcda729f678d13d6dea7bf868e1bc.bundle,3033259,resources\assets\yoo\Default\324fcda729f678d13d6dea7bf868e1bc.bundle,True,True,
17789,Assets/Game/Static/arena_NPC_information.bytes,,6571,assets_game_static.bundle,324fcda729f678d13d6dea7bf868e1bc.bundle,3033259,resources\assets\yoo\Default\324fcda729f678d13d6dea7bf868e1bc.bundle,True,True,
17790,Assets/Game/Static/arena_ranking_matching.bytes,,6571,assets_game_static.bundle,324fcda729f678d13d6dea7bf868e1bc.bundle,3033259,resources\assets\yoo\Default\324fcda729f678d13d6dea7bf868e1bc.bundle,True,True,
17791,Assets/Game/Static/arms.bytes,,6571,assets_game_static.bundle,324fcda729f678d13d6dea7bf868e1bc.bundle,3033259,resources\assets\yoo\Default\324fcda729f678d13d6dea7bf868e1bc.bundle,True,True,
17792,Assets/Game/Static/army.bytes,,6571,assets_game_static.bundle,324fcda729f678d13d6dea7bf868e1bc.bundle,3033259,resources\assets\yoo\Default\324fcda729f678d13d6dea7bf868e1bc.bundle,True,True,
17793,Assets/Game/Static/army_ranks.bytes,,6571,assets_game_static.bundle,324fcda729f678d13d6dea7bf868e1bc.bundle,3033259,resources\assets\yoo\Default\324fcda729f678d13d6dea7bf868e1bc.bundle,True,True,
17794,Assets/Game/Static/attribute_power.bytes,,6571,assets_game_static.bundle,324fcda729f678d13d6dea7bf868e1bc.bundle,3033259,resources\assets\yoo\Default\324fcda729f678d13d6dea7bf868e1bc.bundle,True,True,
17795,Assets/Game/Static/banner_tab.bytes,,6571,assets_game_static.bundle,324fcda729f678d13d6dea7bf868e1bc.bundle,3033259,resources\assets\yoo\Default\324fcda729f678d13d6dea7bf868e1bc.bundle,True,True,
17796,Assets/Game/Static/base_management.bytes,,6571,assets_game_static.bundle,324fcda729f678d13d6dea7bf868e1bc.bundle,3033259,resources\assets\yoo\Default\324fcda729f678d13d6dea7bf868e1bc.bundle,True,True,
17797,Assets/Game/Static/battle_array.bytes,,6571,assets_game_static.bundle,324fcda729f678d13d6dea7bf868e1bc.bundle,3033259,resources\assets\yoo\Default\324fcda729f678d13d6dea7bf868e1bc.bundle,True,True,
17798,Assets/Game/Static/battle_skill.bytes,,6571,assets_game_static.bundle,324fcda729f678d13d6dea7bf868e1bc.bundle,3033259,resources\assets\yoo\Default\324fcda729f678d13d6dea7bf868e1bc.bundle,True,True,
17799,Assets/Game/Static/battle_skill_entry.bytes,,6571,assets_game_static.bundle,324fcda729f678d13d6dea7bf868e1bc.bundle,3033259,resources\assets\yoo\Default\324fcda729f678d13d6dea7bf868e1bc.bundle,True,True,
17800,Assets/Game/Static/battle_state.bytes,,6571,assets_game_static.bundle,324fcda729f678d13d6dea7bf868e1bc.bundle,3033259,resources\assets\yoo\Default\324fcda729f678d13d6dea7bf868e1bc.bundle,True,True,
17801,Assets/Game/Static/bestcommander.bytes,,6571,assets_game_static.bundle,324fcda729f678d13d6dea7bf868e1bc.bundle,3033259,resources\assets\yoo\Default\324fcda729f678d13d6dea7bf868e1bc.bundle,True,True,
17802,Assets/Game/Static/bg_harmonious.bytes,,6571,assets_game_static.bundle,324fcda729f678d13d6dea7bf868e1bc.bundle,3033259,resources\assets\yoo\Default\324fcda729f678d13d6dea7bf868e1bc.bundle,True,True,
17803,Assets/Game/Static/brisk_challenge.bytes,,6571,assets_game_static.bundle,324fcda729f678d13d6dea7bf868e1bc.bundle,3033259,resources\assets\yoo\Default\324fcda729f678d13d6dea7bf868e1bc.bundle,True,True,
17804,Assets/Game/Static/building.bytes,,6571,assets_game_static.bundle,324fcda729f678d13d6dea7bf868e1bc.bundle,3033259,resources\assets\yoo\Default\324fcda729f678d13d6dea7bf868e1bc.bundle,True,True,
17805,Assets/Game/Static/bury_condition.bytes,,6571,assets_game_static.bundle,324fcda729f678d13d6dea7bf868e1bc.bundle,3033259,resources\assets\yoo\Default\324fcda729f678d13d6dea7bf868e1bc.bundle,True,True,
17806,Assets/Game/Static/bury_point_gift.bytes,,6571,assets_game_static.bundle,324fcda729f678d13d6dea7bf868e1bc.bundle,3033259,resources\assets\yoo\Default\324fcda729f678d13d6dea7bf868e1bc.bundle,True,True,
17807,Assets/Game/Static/bury_point_group.bytes,,6571,assets_game_static.bundle,324fcda729f678d13d6dea7bf868e1bc.bundle,3033259,resources\assets\yoo\Default\324fcda729f678d13d6dea7bf868e1bc.bundle,True,True,
17808,Assets/Game/Static/bury_point_group_task.bytes,,6571,assets_game_static.bundle,324fcda729f678d13d6dea7bf868e1bc.bundle,3033259,resources\assets\yoo\Default\324fcda729f678d13d6dea7bf868e1bc.bundle,True,True,
17809,Assets/Game/Static/button_unlock.bytes,,6571,assets_game_static.bundle,324fcda729f678d13d6dea7bf868e1bc.bundle,3033259,resources\assets\yoo\Default\324fcda729f678d13d6dea7bf868e1bc.bundle,True,True,
17810,Assets/Game/Static/calendar.bytes,,6571,assets_game_static.bundle,324fcda729f678d13d6dea7bf868e1bc.bundle,3033259,resources\assets\yoo\Default\324fcda729f678d13d6dea7bf868e1bc.bundle,True,True,
17811,Assets/Game/Static/calendar_extra.bytes,,6571,assets_game_static.bundle,324fcda729f678d13d6dea7bf868e1bc.bundle,3033259,resources\assets\yoo\Default\324fcda729f678d13d6dea7bf868e1bc.bundle,True,True,
17812,Assets/Game/Static/camp_ruins.bytes,,6571,assets_game_static.bundle,324fcda729f678d13d6dea7bf868e1bc.bundle,3033259,resources\assets\yoo\Default\324fcda729f678d13d6dea7bf868e1bc.bundle,True,True,
17813,Assets/Game/Static/camp_ruins_quest.bytes,,6571,assets_game_static.bundle,324fcda729f678d13d6dea7bf868e1bc.bundle,3033259,resources\assets\yoo\Default\324fcda729f678d13d6dea7bf868e1bc.bundle,True,True,
17814,Assets/Game/Static/capsule_toys.bytes,,6571,assets_game_static.bundle,324fcda729f678d13d6dea7bf868e1bc.bundle,3033259,resources\assets\yoo\Default\324fcda729f678d13d6dea7bf868e1bc.bundle,True,True,
17815,Assets/Game/Static/card.bytes,,6571,assets_game_static.bundle,324fcda729f678d13d6dea7bf868e1bc.bundle,3033259,resources\assets\yoo\Default\324fcda729f678d13d6dea7bf868e1bc.bundle,True,True,
17816,Assets/Game/Static/celebration_challenge.bytes,,6571,assets_game_static.bundle,324fcda729f678d13d6dea7bf868e1bc.bundle,3033259,resources\assets\yoo\Default\324fcda729f678d13d6dea7bf868e1bc.bundle,True,True,
17817,Assets/Game/Static/celebration_config.bytes,,6571,assets_game_static.bundle,324fcda729f678d13d6dea7bf868e1bc.bundle,3033259,resources\assets\yoo\Default\324fcda729f678d13d6dea7bf868e1bc.bundle,True,True,
17818,Assets/Game/Static/celebration_hero.bytes,,6571,assets_game_static.bundle,324fcda729f678d13d6dea7bf868e1bc.bundle,3033259,resources\assets\yoo\Default\324fcda729f678d13d6dea7bf868e1bc.bundle,True,True,
17819,Assets/Game/Static/celebration_login.bytes,,6571,assets_game_static.bundle,324fcda729f678d13d6dea7bf868e1bc.bundle,3033259,resources\assets\yoo\Default\324fcda729f678d13d6dea7bf868e1bc.bundle,True,True,
17820,Assets/Game/Static/cg_collection.bytes,,6571,assets_game_static.bundle,324fcda729f678d13d6dea7bf868e1bc.bundle,3033259,resources\assets\yoo\Default\324fcda729f678d13d6dea7bf868e1bc.bundle,True,True,
17821,Assets/Game/Static/change_language.bytes,,6571,assets_game_static.bundle,324fcda729f678d13d6dea7bf868e1bc.bundle,3033259,resources\assets\yoo\Default\324fcda729f678d13d6dea7bf868e1bc.bundle,True,True,
17822,Assets/Game/Static/channel.bytes,,6571,assets_game_static.bundle,324fcda729f678d13d6dea7bf868e1bc.bundle,3033259,resources\assets\yoo\Default\324fcda729f678d13d6dea7bf868e1bc.bundle,True,True,
17823,Assets/Game/Static/channelsetting.bytes,,6571,assets_game_static.bundle,324fcda729f678d13d6dea7bf868e1bc.bundle,3033259,resources\assets\yoo\Default\324fcda729f678d13d6dea7bf868e1bc.bundle,True,True,
17824,Assets/Game/Static/chapter.bytes,,6571,assets_game_static.bundle,324fcda729f678d13d6dea7bf868e1bc.bundle,3033259,resources\assets\yoo\Default\324fcda729f678d13d6dea7bf868e1bc.bundle,True,True,
17825,Assets/Game/Static/characters.bytes,,6571,assets_game_static.bundle,324fcda729f678d13d6dea7bf868e1bc.bundle,3033259,resources\assets\yoo\Default\324fcda729f678d13d6dea7bf868e1bc.bundle,True,True,
17826,Assets/Game/Static/chat_face.bytes,,6571,assets_game_static.bundle,324fcda729f678d13d6dea7bf868e1bc.bundle,3033259,resources\assets\yoo\Default\324fcda729f678d13d6dea7bf868e1bc.bundle,True,True,
17827,Assets/Game/Static/chatskin.bytes,,6571,assets_game_static.bundle,324fcda729f678d13d6dea7bf868e1bc.bundle,3033259,resources\assets\yoo\Default\324fcda729f678d13d6dea7bf868e1bc.bundle,True,True,
17828,Assets/Game/Static/cht.bytes,,6571,assets_game_static.bundle,324fcda729f678d13d6dea7bf868e1bc.bundle,3033259,resources\assets\yoo\Default\324fcda729f678d13d6dea7bf868e1bc.bundle,True,True,
17829,Assets/Game/Static/cn.bytes,,6571,assets_game_static.bundle,324fcda729f678d13d6dea7bf868e1bc.bundle,3033259,resources\assets\yoo\Default\324fcda729f678d13d6dea7bf868e1bc.bundle,True,True,
17830,Assets/Game/Static/condition.bytes,,6571,assets_game_static.bundle,324fcda729f678d13d6dea7bf868e1bc.bundle,3033259,resources\assets\yoo\Default\324fcda729f678d13d6dea7bf868e1bc.bundle,True,True,
17831,Assets/Game/Static/conquer_chapter.bytes,,6571,assets_game_static.bundle,324fcda729f678d13d6dea7bf868e1bc.bundle,3033259,resources\assets\yoo\Default\324fcda729f678d13d6dea7bf868e1bc.bundle,True,True,
17832,Assets/Game/Static/core.bytes,,6571,assets_game_static.bundle,324fcda729f678d13d6dea7bf868e1bc.bundle,3033259,resources\assets\yoo\Default\324fcda729f678d13d6dea7bf868e1bc.bundle,True,True,
17833,Assets/Game/Static/core_attribute.bytes,,6571,assets_game_static.bundle,324fcda729f678d13d6dea7bf868e1bc.bundle,3033259,resources\assets\yoo\Default\324fcda729f678d13d6dea7bf868e1bc.bundle,True,True,
17834,Assets/Game/Static/crazy_draw.bytes,,6571,assets_game_static.bundle,324fcda729f678d13d6dea7bf868e1bc.bundle,3033259,resources\assets\yoo\Default\324fcda729f678d13d6dea7bf868e1bc.bundle,True,True,
17835,Assets/Game/Static/daily_quest.bytes,,6571,assets_game_static.bundle,324fcda729f678d13d6dea7bf868e1bc.bundle,3033259,resources\assets\yoo\Default\324fcda729f678d13d6dea7bf868e1bc.bundle,True,True,
17836,Assets/Game/Static/daily_recharge.bytes,,6571,assets_game_static.bundle,324fcda729f678d13d6dea7bf868e1bc.bundle,3033259,resources\assets\yoo\Default\324fcda729f678d13d6dea7bf868e1bc.bundle,True,True,
17837,Assets/Game/Static/daily_reward.bytes,,6571,assets_game_static.bundle,324fcda729f678d13d6dea7bf868e1bc.bundle,3033259,resources\assets\yoo\Default\324fcda729f678d13d6dea7bf868e1bc.bundle,True,True,
17838,Assets/Game/Static/data_config.bytes,,6571,assets_game_static.bundle,324fcda729f678d13d6dea7bf868e1bc.bundle,3033259,resources\assets\yoo\Default\324fcda729f678d13d6dea7bf868e1bc.bundle,True,True,
17839,Assets/Game/Static/date.bytes,,6571,assets_game_static.bundle,324fcda729f678d13d6dea7bf868e1bc.bundle,3033259,resources\assets\yoo\Default\324fcda729f678d13d6dea7bf868e1bc.bundle,True,True,
17840,Assets/Game/Static/dispatch.bytes,,6571,assets_game_static.bundle,324fcda729f678d13d6dea7bf868e1bc.bundle,3033259,resources\assets\yoo\Default\324fcda729f678d13d6dea7bf868e1bc.bundle,True,True,
17841,Assets/Game/Static/draw_integral_reward.bytes,,6571,assets_game_static.bundle,324fcda729f678d13d6dea7bf868e1bc.bundle,3033259,resources\assets\yoo\Default\324fcda729f678d13d6dea7bf868e1bc.bundle,True,True,
17842,Assets/Game/Static/draw_sound.bytes,,6571,assets_game_static.bundle,324fcda729f678d13d6dea7bf868e1bc.bundle,3033259,resources\assets\yoo\Default\324fcda729f678d13d6dea7bf868e1bc.bundle,True,True,
17843,Assets/Game/Static/drawconfig.bytes,,6571,assets_game_static.bundle,324fcda729f678d13d6dea7bf868e1bc.bundle,3033259,resources\assets\yoo\Default\324fcda729f678d13d6dea7bf868e1bc.bundle,True,True,
17844,Assets/Game/Static/ds.bytes,,6571,assets_game_static.bundle,324fcda729f678d13d6dea7bf868e1bc.bundle,3033259,resources\assets\yoo\Default\324fcda729f678d13d6dea7bf868e1bc.bundle,True,True,
17845,Assets/Game/Static/elite_residents.bytes,,6571,assets_game_static.bundle,324fcda729f678d13d6dea7bf868e1bc.bundle,3033259,resources\assets\yoo\Default\324fcda729f678d13d6dea7bf868e1bc.bundle,True,True,
17846,Assets/Game/Static/en.bytes,,6571,assets_game_static.bundle,324fcda729f678d13d6dea7bf868e1bc.bundle,3033259,resources\assets\yoo\Default\324fcda729f678d13d6dea7bf868e1bc.bundle,True,True,
17847,Assets/Game/Static/equip_attribute.bytes,,6571,assets_game_static.bundle,324fcda729f678d13d6dea7bf868e1bc.bundle,3033259,resources\assets\yoo\Default\324fcda729f678d13d6dea7bf868e1bc.bundle,True,True,
17848,Assets/Game/Static/equip_combination.bytes,,6571,assets_game_static.bundle,324fcda729f678d13d6dea7bf868e1bc.bundle,3033259,resources\assets\yoo\Default\324fcda729f678d13d6dea7bf868e1bc.bundle,True,True,
17849,Assets/Game/Static/equip_create.bytes,,6571,assets_game_static.bundle,324fcda729f678d13d6dea7bf868e1bc.bundle,3033259,resources\assets\yoo\Default\324fcda729f678d13d6dea7bf868e1bc.bundle,True,True,
17850,Assets/Game/Static/equip_pos_level.bytes,,6571,assets_game_static.bundle,324fcda729f678d13d6dea7bf868e1bc.bundle,3033259,resources\assets\yoo\Default\324fcda729f678d13d6dea7bf868e1bc.bundle,True,True,
17851,Assets/Game/Static/equip_skill.bytes,,6571,assets_game_static.bundle,324fcda729f678d13d6dea7bf868e1bc.bundle,3033259,resources\assets\yoo\Default\324fcda729f678d13d6dea7bf868e1bc.bundle,True,True,
17852,Assets/Game/Static/event_login.bytes,,6571,assets_game_static.bundle,324fcda729f678d13d6dea7bf868e1bc.bundle,3033259,resources\assets\yoo\Default\324fcda729f678d13d6dea7bf868e1bc.bundle,True,True,
17853,Assets/Game/Static/ex_effect.bytes,,6571,assets_game_static.bundle,324fcda729f678d13d6dea7bf868e1bc.bundle,3033259,resources\assets\yoo\Default\324fcda729f678d13d6dea7bf868e1bc.bundle,True,True,
17854,Assets/Game/Static/exclusive_weapon.bytes,,6571,assets_game_static.bundle,324fcda729f678d13d6dea7bf868e1bc.bundle,3033259,resources\assets\yoo\Default\324fcda729f678d13d6dea7bf868e1bc.bundle,True,True,
17855,Assets/Game/Static/expedition.bytes,,6571,assets_game_static.bundle,324fcda729f678d13d6dea7bf868e1bc.bundle,3033259,resources\assets\yoo\Default\324fcda729f678d13d6dea7bf868e1bc.bundle,True,True,
17856,Assets/Game/Static/expedition_investment.bytes,,6571,assets_game_static.bundle,324fcda729f678d13d6dea7bf868e1bc.bundle,3033259,resources\assets\yoo\Default\324fcda729f678d13d6dea7bf868e1bc.bundle,True,True,
17857,Assets/Game/Static/expedition_special_reward.bytes,,6571,assets_game_static.bundle,324fcda729f678d13d6dea7bf868e1bc.bundle,3033259,resources\assets\yoo\Default\324fcda729f678d13d6dea7bf868e1bc.bundle,True,True,
17858,Assets/Game/Static/explore_dream.bytes,,6571,assets_game_static.bundle,324fcda729f678d13d6dea7bf868e1bc.bundle,3033259,resources\assets\yoo\Default\324fcda729f678d13d6dea7bf868e1bc.bundle,True,True,
17859,Assets/Game/Static/explore_dream_label.bytes,,6571,assets_game_static.bundle,324fcda729f678d13d6dea7bf868e1bc.bundle,3033259,resources\assets\yoo\Default\324fcda729f678d13d6dea7bf868e1bc.bundle,True,True,
17860,Assets/Game/Static/fail_tips.bytes,,6571,assets_game_static.bundle,324fcda729f678d13d6dea7bf868e1bc.bundle,3033259,resources\assets\yoo\Default\324fcda729f678d13d6dea7bf868e1bc.bundle,True,True,
17861,Assets/Game/Static/faq_tips.bytes,,6571,assets_game_static.bundle,324fcda729f678d13d6dea7bf868e1bc.bundle,3033259,resources\assets\yoo\Default\324fcda729f678d13d6dea7bf868e1bc.bundle,True,True,
17862,Assets/Game/Static/favor_goods.bytes,,6571,assets_game_static.bundle,324fcda729f678d13d6dea7bf868e1bc.bundle,3033259,resources\assets\yoo\Default\324fcda729f678d13d6dea7bf868e1bc.bundle,True,True,
17863,Assets/Game/Static/favor_reward.bytes,,6571,assets_game_static.bundle,324fcda729f678d13d6dea7bf868e1bc.bundle,3033259,resources\assets\yoo\Default\324fcda729f678d13d6dea7bf868e1bc.bundle,True,True,
17864,Assets/Game/Static/favorability_level.bytes,,6571,assets_game_static.bundle,324fcda729f678d13d6dea7bf868e1bc.bundle,3033259,resources\assets\yoo\Default\324fcda729f678d13d6dea7bf868e1bc.bundle,True,True,
17865,Assets/Game/Static/festival_login.bytes,,6571,assets_game_static.bundle,324fcda729f678d13d6dea7bf868e1bc.bundle,3033259,resources\assets\yoo\Default\324fcda729f678d13d6dea7bf868e1bc.bundle,True,True,
17866,Assets/Game/Static/festival_quest.bytes,,6571,assets_game_static.bundle,324fcda729f678d13d6dea7bf868e1bc.bundle,3033259,resources\assets\yoo\Default\324fcda729f678d13d6dea7bf868e1bc.bundle,True,True,
17867,Assets/Game/Static/ff_web_pay.bytes,,6571,assets_game_static.bundle,324fcda729f678d13d6dea7bf868e1bc.bundle,3033259,resources\assets\yoo\Default\324fcda729f678d13d6dea7bf868e1bc.bundle,True,True,
17868,Assets/Game/Static/fictitious_hero.bytes,,6571,assets_game_static.bundle,324fcda729f678d13d6dea7bf868e1bc.bundle,3033259,resources\assets\yoo\Default\324fcda729f678d13d6dea7bf868e1bc.bundle,True,True,
17869,Assets/Game/Static/fight.bytes,,6571,assets_game_static.bundle,324fcda729f678d13d6dea7bf868e1bc.bundle,3033259,resources\assets\yoo\Default\324fcda729f678d13d6dea7bf868e1bc.bundle,True,True,
17870,Assets/Game/Static/first_accumulative_recharge.bytes,,6571,assets_game_static.bundle,324fcda729f678d13d6dea7bf868e1bc.bundle,3033259,resources\assets\yoo\Default\324fcda729f678d13d6dea7bf868e1bc.bundle,True,True,
17871,Assets/Game/Static/first_kill_team.bytes,,6571,assets_game_static.bundle,324fcda729f678d13d6dea7bf868e1bc.bundle,3033259,resources\assets\yoo\Default\324fcda729f678d13d6dea7bf868e1bc.bundle,True,True,
17872,Assets/Game/Static/first_recharge.bytes,,6571,assets_game_static.bundle,324fcda729f678d13d6dea7bf868e1bc.bundle,3033259,resources\assets\yoo\Default\324fcda729f678d13d6dea7bf868e1bc.bundle,True,True,
17873,Assets/Game/Static/flipfun_1.bytes,,6571,assets_game_static.bundle,324fcda729f678d13d6dea7bf868e1bc.bundle,3033259,resources\assets\yoo\Default\324fcda729f678d13d6dea7bf868e1bc.bundle,True,True,
17874,Assets/Game/Static/flipfun_combination.bytes,,6571,assets_game_static.bundle,324fcda729f678d13d6dea7bf868e1bc.bundle,3033259,resources\assets\yoo\Default\324fcda729f678d13d6dea7bf868e1bc.bundle,True,True,
17875,Assets/Game/Static/food_festival.bytes,,6571,assets_game_static.bundle,324fcda729f678d13d6dea7bf868e1bc.bundle,3033259,resources\assets\yoo\Default\324fcda729f678d13d6dea7bf868e1bc.bundle,True,True,
17876,Assets/Game/Static/food_festival_rank_1.bytes,,6571,assets_game_static.bundle,324fcda729f678d13d6dea7bf868e1bc.bundle,3033259,resources\assets\yoo\Default\324fcda729f678d13d6dea7bf868e1bc.bundle,True,True,
17877,Assets/Game/Static/frequently_asked_question.bytes,,6571,assets_game_static.bundle,324fcda729f678d13d6dea7bf868e1bc.bundle,3033259,resources\assets\yoo\Default\324fcda729f678d13d6dea7bf868e1bc.bundle,True,True,
17878,Assets/Game/Static/fun_entrance.bytes,,6571,assets_game_static.bundle,324fcda729f678d13d6dea7bf868e1bc.bundle,3033259,resources\assets\yoo\Default\324fcda729f678d13d6dea7bf868e1bc.bundle,True,True,
17879,Assets/Game/Static/function_manual.bytes,,6571,assets_game_static.bundle,324fcda729f678d13d6dea7bf868e1bc.bundle,3033259,resources\assets\yoo\Default\324fcda729f678d13d6dea7bf868e1bc.bundle,True,True,
17880,Assets/Game/Static/gal_character.bytes,,6571,assets_game_static.bundle,324fcda729f678d13d6dea7bf868e1bc.bundle,3033259,resources\assets\yoo\Default\324fcda729f678d13d6dea7bf868e1bc.bundle,True,True,
17881,Assets/Game/Static/gal_chat.bytes,,6571,assets_game_static.bundle,324fcda729f678d13d6dea7bf868e1bc.bundle,3033259,resources\assets\yoo\Default\324fcda729f678d13d6dea7bf868e1bc.bundle,True,True,
17882,Assets/Game/Static/gal_collect.bytes,,6571,assets_game_static.bundle,324fcda729f678d13d6dea7bf868e1bc.bundle,3033259,resources\assets\yoo\Default\324fcda729f678d13d6dea7bf868e1bc.bundle,True,True,
17883,Assets/Game/Static/gal_favor_goods.bytes,,6571,assets_game_static.bundle,324fcda729f678d13d6dea7bf868e1bc.bundle,3033259,resources\assets\yoo\Default\324fcda729f678d13d6dea7bf868e1bc.bundle,True,True,
17884,Assets/Game/Static/gal_favor_level.bytes,,6571,assets_game_static.bundle,324fcda729f678d13d6dea7bf868e1bc.bundle,3033259,resources\assets\yoo\Default\324fcda729f678d13d6dea7bf868e1bc.bundle,True,True,
17885,Assets/Game/Static/gal_favor_unlock.bytes,,6571,assets_game_static.bundle,324fcda729f678d13d6dea7bf868e1bc.bundle,3033259,resources\assets\yoo\Default\324fcda729f678d13d6dea7bf868e1bc.bundle,True,True,
17886,Assets/Game/Static/gal_gallery.bytes,,6571,assets_game_static.bundle,324fcda729f678d13d6dea7bf868e1bc.bundle,3033259,resources\assets\yoo\Default\324fcda729f678d13d6dea7bf868e1bc.bundle,True,True,
17887,Assets/Game/Static/gal_hero.bytes,,6571,assets_game_static.bundle,324fcda729f678d13d6dea7bf868e1bc.bundle,3033259,resources\assets\yoo\Default\324fcda729f678d13d6dea7bf868e1bc.bundle,True,True,
17888,Assets/Game/Static/gal_hero_action.bytes,,6571,assets_game_static.bundle,324fcda729f678d13d6dea7bf868e1bc.bundle,3033259,resources\assets\yoo\Default\324fcda729f678d13d6dea7bf868e1bc.bundle,True,True,
17889,Assets/Game/Static/gal_hero_bg.bytes,,6571,assets_game_static.bundle,324fcda729f678d13d6dea7bf868e1bc.bundle,3033259,resources\assets\yoo\Default\324fcda729f678d13d6dea7bf868e1bc.bundle,True,True,
17890,Assets/Game/Static/gal_hero_skin.bytes,,6571,assets_game_static.bundle,324fcda729f678d13d6dea7bf868e1bc.bundle,3033259,resources\assets\yoo\Default\324fcda729f678d13d6dea7bf868e1bc.bundle,True,True,
17891,Assets/Game/Static/gal_location.bytes,,6571,assets_game_static.bundle,324fcda729f678d13d6dea7bf868e1bc.bundle,3033259,resources\assets\yoo\Default\324fcda729f678d13d6dea7bf868e1bc.bundle,True,True,
17892,Assets/Game/Static/gal_location_eventline.bytes,,6571,assets_game_static.bundle,324fcda729f678d13d6dea7bf868e1bc.bundle,3033259,resources\assets\yoo\Default\324fcda729f678d13d6dea7bf868e1bc.bundle,True,True,
17893,Assets/Game/Static/gal_map.bytes,,6571,assets_game_static.bundle,324fcda729f678d13d6dea7bf868e1bc.bundle,3033259,resources\assets\yoo\Default\324fcda729f678d13d6dea7bf868e1bc.bundle,True,True,
17894,Assets/Game/Static/gal_map_event.bytes,,6571,assets_game_static.bundle,324fcda729f678d13d6dea7bf868e1bc.bundle,3033259,resources\assets\yoo\Default\324fcda729f678d13d6dea7bf868e1bc.bundle,True,True,
17895,Assets/Game/Static/gal_memory.bytes,,6571,assets_game_static.bundle,324fcda729f678d13d6dea7bf868e1bc.bundle,3033259,resources\assets\yoo\Default\324fcda729f678d13d6dea7bf868e1bc.bundle,True,True,
17896,Assets/Game/Static/gal_plot.bytes,,6571,assets_game_static.bundle,324fcda729f678d13d6dea7bf868e1bc.bundle,3033259,resources\assets\yoo\Default\324fcda729f678d13d6dea7bf868e1bc.bundle,True,True,
17897,Assets/Game/Static/gal_plot_spine.bytes,,6571,assets_game_static.bundle,324fcda729f678d13d6dea7bf868e1bc.bundle,3033259,resources\assets\yoo\Default\324fcda729f678d13d6dea7bf868e1bc.bundle,True,True,
17898,Assets/Game/Static/gal_special.bytes,,6571,assets_game_static.bundle,324fcda729f678d13d6dea7bf868e1bc.bundle,3033259,resources\assets\yoo\Default\324fcda729f678d13d6dea7bf868e1bc.bundle,True,True,
17899,Assets/Game/Static/gal_token.bytes,,6571,assets_game_static.bundle,324fcda729f678d13d6dea7bf868e1bc.bundle,3033259,resources\assets\yoo\Default\324fcda729f678d13d6dea7bf868e1bc.bundle,True,True,
17900,Assets/Game/Static/gal_trait.bytes,,6571,assets_game_static.bundle,324fcda729f678d13d6dea7bf868e1bc.bundle,3033259,resources\assets\yoo\Default\324fcda729f678d13d6dea7bf868e1bc.bundle,True,True,
17901,Assets/Game/Static/gal_trait_label.bytes,,6571,assets_game_static.bundle,324fcda729f678d13d6dea7bf868e1bc.bundle,3033259,resources\assets\yoo\Default\324fcda729f678d13d6dea7bf868e1bc.bundle,True,True,
17902,Assets/Game/Static/game_shop.bytes,,6571,assets_game_static.bundle,324fcda729f678d13d6dea7bf868e1bc.bundle,3033259,resources\assets\yoo\Default\324fcda729f678d13d6dea7bf868e1bc.bundle,True,True,
17903,Assets/Game/Static/game_shop_page.bytes,,6571,assets_game_static.bundle,324fcda729f678d13d6dea7bf868e1bc.bundle,3033259,resources\assets\yoo\Default\324fcda729f678d13d6dea7bf868e1bc.bundle,True,True,
17904,Assets/Game/Static/gameplay.bytes,,6571,assets_game_static.bundle,324fcda729f678d13d6dea7bf868e1bc.bundle,3033259,resources\assets\yoo\Default\324fcda729f678d13d6dea7bf868e1bc.bundle,True,True,
17905,Assets/Game/Static/goods.bytes,,6571,assets_game_static.bundle,324fcda729f678d13d6dea7bf868e1bc.bundle,3033259,resources\assets\yoo\Default\324fcda729f678d13d6dea7bf868e1bc.bundle,True,True,
17906,Assets/Game/Static/goods_use_limit.bytes,,6571,assets_game_static.bundle,324fcda729f678d13d6dea7bf868e1bc.bundle,3033259,resources\assets\yoo\Default\324fcda729f678d13d6dea7bf868e1bc.bundle,True,True,
17907,Assets/Game/Static/graphics.bytes,,6571,assets_game_static.bundle,324fcda729f678d13d6dea7bf868e1bc.bundle,3033259,resources\assets\yoo\Default\324fcda729f678d13d6dea7bf868e1bc.bundle,True,True,
17908,Assets/Game/Static/guide.bytes,,6571,assets_game_static.bundle,324fcda729f678d13d6dea7bf868e1bc.bundle,3033259,resources\assets\yoo\Default\324fcda729f678d13d6dea7bf868e1bc.bundle,True,True,
17909,Assets/Game/Static/guide_mail.bytes,,6571,assets_game_static.bundle,324fcda729f678d13d6dea7bf868e1bc.bundle,3033259,resources\assets\yoo\Default\324fcda729f678d13d6dea7bf868e1bc.bundle,True,True,
17910,Assets/Game/Static/GVE_army.bytes,,6571,assets_game_static.bundle,324fcda729f678d13d6dea7bf868e1bc.bundle,3033259,resources\assets\yoo\Default\324fcda729f678d13d6dea7bf868e1bc.bundle,True,True,
17911,Assets/Game/Static/GVE_auction.bytes,,6571,assets_game_static.bundle,324fcda729f678d13d6dea7bf868e1bc.bundle,3033259,resources\assets\yoo\Default\324fcda729f678d13d6dea7bf868e1bc.bundle,True,True,
17912,Assets/Game/Static/GVE_auctiongroup.bytes,,6571,assets_game_static.bundle,324fcda729f678d13d6dea7bf868e1bc.bundle,3033259,resources\assets\yoo\Default\324fcda729f678d13d6dea7bf868e1bc.bundle,True,True,
17913,Assets/Game/Static/GVE_reward.bytes,,6571,assets_game_static.bundle,324fcda729f678d13d6dea7bf868e1bc.bundle,3033259,resources\assets\yoo\Default\324fcda729f678d13d6dea7bf868e1bc.bundle,True,True,
17914,Assets/Game/Static/GVE_reward_person.bytes,,6571,assets_game_static.bundle,324fcda729f678d13d6dea7bf868e1bc.bundle,3033259,resources\assets\yoo\Default\324fcda729f678d13d6dea7bf868e1bc.bundle,True,True,
17915,Assets/Game/Static/harmonious.bytes,,6571,assets_game_static.bundle,324fcda729f678d13d6dea7bf868e1bc.bundle,3033259,resources\assets\yoo\Default\324fcda729f678d13d6dea7bf868e1bc.bundle,True,True,
17916,Assets/Game/Static/hero.bytes,,6571,assets_game_static.bundle,324fcda729f678d13d6dea7bf868e1bc.bundle,3033259,resources\assets\yoo\Default\324fcda729f678d13d6dea7bf868e1bc.bundle,True,True,
17917,Assets/Game/Static/hero_attribute.bytes,,6571,assets_game_static.bundle,324fcda729f678d13d6dea7bf868e1bc.bundle,3033259,resources\assets\yoo\Default\324fcda729f678d13d6dea7bf868e1bc.bundle,True,True,
17918,Assets/Game/Static/hero_attribute_up.bytes,,6571,assets_game_static.bundle,324fcda729f678d13d6dea7bf868e1bc.bundle,3033259,resources\assets\yoo\Default\324fcda729f678d13d6dea7bf868e1bc.bundle,True,True,
17919,Assets/Game/Static/hero_config.bytes,,6571,assets_game_static.bundle,324fcda729f678d13d6dea7bf868e1bc.bundle,3033259,resources\assets\yoo\Default\324fcda729f678d13d6dea7bf868e1bc.bundle,True,True,
17920,Assets/Game/Static/hero_heart.bytes,,6571,assets_game_static.bundle,324fcda729f678d13d6dea7bf868e1bc.bundle,3033259,resources\assets\yoo\Default\324fcda729f678d13d6dea7bf868e1bc.bundle,True,True,
17921,Assets/Game/Static/hero_level.bytes,,6571,assets_game_static.bundle,324fcda729f678d13d6dea7bf868e1bc.bundle,3033259,resources\assets\yoo\Default\324fcda729f678d13d6dea7bf868e1bc.bundle,True,True,
17922,Assets/Game/Static/hero_level_advance.bytes,,6571,assets_game_static.bundle,324fcda729f678d13d6dea7bf868e1bc.bundle,3033259,resources\assets\yoo\Default\324fcda729f678d13d6dea7bf868e1bc.bundle,True,True,
17923,Assets/Game/Static/hero_level_limit.bytes,,6571,assets_game_static.bundle,324fcda729f678d13d6dea7bf868e1bc.bundle,3033259,resources\assets\yoo\Default\324fcda729f678d13d6dea7bf868e1bc.bundle,True,True,
17924,Assets/Game/Static/hero_login.bytes,,6571,assets_game_static.bundle,324fcda729f678d13d6dea7bf868e1bc.bundle,3033259,resources\assets\yoo\Default\324fcda729f678d13d6dea7bf868e1bc.bundle,True,True,
17925,Assets/Game/Static/hero_login_stage.bytes,,6571,assets_game_static.bundle,324fcda729f678d13d6dea7bf868e1bc.bundle,3033259,resources\assets\yoo\Default\324fcda729f678d13d6dea7bf868e1bc.bundle,True,True,
17926,Assets/Game/Static/hero_skin.bytes,,6571,assets_game_static.bundle,324fcda729f678d13d6dea7bf868e1bc.bundle,3033259,resources\assets\yoo\Default\324fcda729f678d13d6dea7bf868e1bc.bundle,True,True,
17927,Assets/Game/Static/hero_sounds.bytes,,6571,assets_game_static.bundle,324fcda729f678d13d6dea7bf868e1bc.bundle,3033259,resources\assets\yoo\Default\324fcda729f678d13d6dea7bf868e1bc.bundle,True,True,
17928,Assets/Game/Static/hero_turntable.bytes,,6571,assets_game_static.bundle,324fcda729f678d13d6dea7bf868e1bc.bundle,3033259,resources\assets\yoo\Default\324fcda729f678d13d6dea7bf868e1bc.bundle,True,True,
17929,Assets/Game/Static/herotarvenfragmentcount.bytes,,6571,assets_game_static.bundle,324fcda729f678d13d6dea7bf868e1bc.bundle,3033259,resources\assets\yoo\Default\324fcda729f678d13d6dea7bf868e1bc.bundle,True,True,
17930,Assets/Game/Static/hotstore_rate.bytes,,6571,assets_game_static.bundle,324fcda729f678d13d6dea7bf868e1bc.bundle,3033259,resources\assets\yoo\Default\324fcda729f678d13d6dea7bf868e1bc.bundle,True,True,
17931,Assets/Game/Static/illstrate_slug.bytes,,6571,assets_game_static.bundle,324fcda729f678d13d6dea7bf868e1bc.bundle,3033259,resources\assets\yoo\Default\324fcda729f678d13d6dea7bf868e1bc.bundle,True,True,
17932,Assets/Game/Static/illustrate_chipskill.bytes,,6571,assets_game_static.bundle,324fcda729f678d13d6dea7bf868e1bc.bundle,3033259,resources\assets\yoo\Default\324fcda729f678d13d6dea7bf868e1bc.bundle,True,True,
17933,Assets/Game/Static/illustrate_core.bytes,,6571,assets_game_static.bundle,324fcda729f678d13d6dea7bf868e1bc.bundle,3033259,resources\assets\yoo\Default\324fcda729f678d13d6dea7bf868e1bc.bundle,True,True,
17934,Assets/Game/Static/illustrate_enemy.bytes,,6571,assets_game_static.bundle,324fcda729f678d13d6dea7bf868e1bc.bundle,3033259,resources\assets\yoo\Default\324fcda729f678d13d6dea7bf868e1bc.bundle,True,True,
17935,Assets/Game/Static/illustrate_halidom.bytes,,6571,assets_game_static.bundle,324fcda729f678d13d6dea7bf868e1bc.bundle,3033259,resources\assets\yoo\Default\324fcda729f678d13d6dea7bf868e1bc.bundle,True,True,
17936,Assets/Game/Static/illustrate_hero.bytes,,6571,assets_game_static.bundle,324fcda729f678d13d6dea7bf868e1bc.bundle,3033259,resources\assets\yoo\Default\324fcda729f678d13d6dea7bf868e1bc.bundle,True,True,
17937,Assets/Game/Static/illustrate_weapon.bytes,,6571,assets_game_static.bundle,324fcda729f678d13d6dea7bf868e1bc.bundle,3033259,resources\assets\yoo\Default\324fcda729f678d13d6dea7bf868e1bc.bundle,True,True,
17938,Assets/Game/Static/integral_draw.bytes,,6571,assets_game_static.bundle,324fcda729f678d13d6dea7bf868e1bc.bundle,3033259,resources\assets\yoo\Default\324fcda729f678d13d6dea7bf868e1bc.bundle,True,True,
17939,Assets/Game/Static/investment.bytes,,6571,assets_game_static.bundle,324fcda729f678d13d6dea7bf868e1bc.bundle,3033259,resources\assets\yoo\Default\324fcda729f678d13d6dea7bf868e1bc.bundle,True,True,
17940,Assets/Game/Static/investment_reward.bytes,,6571,assets_game_static.bundle,324fcda729f678d13d6dea7bf868e1bc.bundle,3033259,resources\assets\yoo\Default\324fcda729f678d13d6dea7bf868e1bc.bundle,True,True,
17941,Assets/Game/Static/jp.bytes,,6571,assets_game_static.bundle,324fcda729f678d13d6dea7bf868e1bc.bundle,3033259,resources\assets\yoo\Default\324fcda729f678d13d6dea7bf868e1bc.bundle,True,True,
17942,Assets/Game/Static/ko.bytes,,6571,assets_game_static.bundle,324fcda729f678d13d6dea7bf868e1bc.bundle,3033259,resources\assets\yoo\Default\324fcda729f678d13d6dea7bf868e1bc.bundle,True,True,
17943,Assets/Game/Static/legion_gift.bytes,,6571,assets_game_static.bundle,324fcda729f678d13d6dea7bf868e1bc.bundle,3033259,resources\assets\yoo\Default\324fcda729f678d13d6dea7bf868e1bc.bundle,True,True,
17944,Assets/Game/Static/legion_information.bytes,,6571,assets_game_static.bundle,324fcda729f678d13d6dea7bf868e1bc.bundle,3033259,resources\assets\yoo\Default\324fcda729f678d13d6dea7bf868e1bc.bundle,True,True,
17945,Assets/Game/Static/legion_level.bytes,,6571,assets_game_static.bundle,324fcda729f678d13d6dea7bf868e1bc.bundle,3033259,resources\assets\yoo\Default\324fcda729f678d13d6dea7bf868e1bc.bundle,True,True,
17946,Assets/Game/Static/legion_quest.bytes,,6571,assets_game_static.bundle,324fcda729f678d13d6dea7bf868e1bc.bundle,3033259,resources\assets\yoo\Default\324fcda729f678d13d6dea7bf868e1bc.bundle,True,True,
17947,Assets/Game/Static/legion_rank.bytes,,6571,assets_game_static.bundle,324fcda729f678d13d6dea7bf868e1bc.bundle,3033259,resources\assets\yoo\Default\324fcda729f678d13d6dea7bf868e1bc.bundle,True,True,
17948,Assets/Game/Static/legion_weekly_activity.bytes,,6571,assets_game_static.bundle,324fcda729f678d13d6dea7bf868e1bc.bundle,3033259,resources\assets\yoo\Default\324fcda729f678d13d6dea7bf868e1bc.bundle,True,True,
17949,Assets/Game/Static/legionexpedition_level.bytes,,6571,assets_game_static.bundle,324fcda729f678d13d6dea7bf868e1bc.bundle,3033259,resources\assets\yoo\Default\324fcda729f678d13d6dea7bf868e1bc.bundle,True,True,
17950,Assets/Game/Static/legionexpedition_level_damage.bytes,,6571,assets_game_static.bundle,324fcda729f678d13d6dea7bf868e1bc.bundle,3033259,resources\assets\yoo\Default\324fcda729f678d13d6dea7bf868e1bc.bundle,True,True,
17951,Assets/Game/Static/legionexpedition_player_damage.bytes,,6571,assets_game_static.bundle,324fcda729f678d13d6dea7bf868e1bc.bundle,3033259,resources\assets\yoo\Default\324fcda729f678d13d6dea7bf868e1bc.bundle,True,True,
17952,Assets/Game/Static/legionexpedition_rank_reward.bytes,,6571,assets_game_static.bundle,324fcda729f678d13d6dea7bf868e1bc.bundle,3033259,resources\assets\yoo\Default\324fcda729f678d13d6dea7bf868e1bc.bundle,True,True,
17953,Assets/Game/Static/legionexpedition_region.bytes,,6571,assets_game_static.bundle,324fcda729f678d13d6dea7bf868e1bc.bundle,3033259,resources\assets\yoo\Default\324fcda729f678d13d6dea7bf868e1bc.bundle,True,True,
17954,Assets/Game/Static/legionexpedition_reward_person.bytes,,6571,assets_game_static.bundle,324fcda729f678d13d6dea7bf868e1bc.bundle,3033259,resources\assets\yoo\Default\324fcda729f678d13d6dea7bf868e1bc.bundle,True,True,
17955,Assets/Game/Static/LegionGVG_achievement.bytes,,6571,assets_game_static.bundle,324fcda729f678d13d6dea7bf868e1bc.bundle,3033259,resources\assets\yoo\Default\324fcda729f678d13d6dea7bf868e1bc.bundle,True,True,
17956,Assets/Game/Static/LegionGVG_fort.bytes,,6571,assets_game_static.bundle,324fcda729f678d13d6dea7bf868e1bc.bundle,3033259,resources\assets\yoo\Default\324fcda729f678d13d6dea7bf868e1bc.bundle,True,True,
17957,Assets/Game/Static/LegionGVG_help.bytes,,6571,assets_game_static.bundle,324fcda729f678d13d6dea7bf868e1bc.bundle,3033259,resources\assets\yoo\Default\324fcda729f678d13d6dea7bf868e1bc.bundle,True,True,
17958,Assets/Game/Static/LegionGVG_reward.bytes,,6571,assets_game_static.bundle,324fcda729f678d13d6dea7bf868e1bc.bundle,3033259,resources\assets\yoo\Default\324fcda729f678d13d6dea7bf868e1bc.bundle,True,True,
17959,Assets/Game/Static/LegionGVG_reward_person.bytes,,6571,assets_game_static.bundle,324fcda729f678d13d6dea7bf868e1bc.bundle,3033259,resources\assets\yoo\Default\324fcda729f678d13d6dea7bf868e1bc.bundle,True,True,
17960,Assets/Game/Static/LegionGVG_stronghold.bytes,,6571,assets_game_static.bundle,324fcda729f678d13d6dea7bf868e1bc.bundle,3033259,resources\assets\yoo\Default\324fcda729f678d13d6dea7bf868e1bc.bundle,True,True,
17961,Assets/Game/Static/level_up_activity.bytes,,6571,assets_game_static.bundle,324fcda729f678d13d6dea7bf868e1bc.bundle,3033259,resources\assets\yoo\Default\324fcda729f678d13d6dea7bf868e1bc.bundle,True,True,
17962,Assets/Game/Static/limit_growup_gift.bytes,,6571,assets_game_static.bundle,324fcda729f678d13d6dea7bf868e1bc.bundle,3033259,resources\assets\yoo\Default\324fcda729f678d13d6dea7bf868e1bc.bundle,True,True,
17963,Assets/Game/Static/limit_login_level.bytes,,6571,assets_game_static.bundle,324fcda729f678d13d6dea7bf868e1bc.bundle,3033259,resources\assets\yoo\Default\324fcda729f678d13d6dea7bf868e1bc.bundle,True,True,
17964,Assets/Game/Static/limit_login_order.bytes,,6571,assets_game_static.bundle,324fcda729f678d13d6dea7bf868e1bc.bundle,3033259,resources\assets\yoo\Default\324fcda729f678d13d6dea7bf868e1bc.bundle,True,True,
17965,Assets/Game/Static/lineup_buff.bytes,,6571,assets_game_static.bundle,324fcda729f678d13d6dea7bf868e1bc.bundle,3033259,resources\assets\yoo\Default\324fcda729f678d13d6dea7bf868e1bc.bundle,True,True,
17966,Assets/Game/Static/loading_tip.bytes,,6571,assets_game_static.bundle,324fcda729f678d13d6dea7bf868e1bc.bundle,3033259,resources\assets\yoo\Default\324fcda729f678d13d6dea7bf868e1bc.bundle,True,True,
17967,Assets/Game/Static/log_step.bytes,,6571,assets_game_static.bundle,324fcda729f678d13d6dea7bf868e1bc.bundle,3033259,resources\assets\yoo\Default\324fcda729f678d13d6dea7bf868e1bc.bundle,True,True,
17968,Assets/Game/Static/login_investment_config.bytes,,6571,assets_game_static.bundle,324fcda729f678d13d6dea7bf868e1bc.bundle,3033259,resources\assets\yoo\Default\324fcda729f678d13d6dea7bf868e1bc.bundle,True,True,
17969,Assets/Game/Static/login_investment_level.bytes,,6571,assets_game_static.bundle,324fcda729f678d13d6dea7bf868e1bc.bundle,3033259,resources\assets\yoo\Default\324fcda729f678d13d6dea7bf868e1bc.bundle,True,True,
17970,Assets/Game/Static/lucky_turntable_1.bytes,,6571,assets_game_static.bundle,324fcda729f678d13d6dea7bf868e1bc.bundle,3033259,resources\assets\yoo\Default\324fcda729f678d13d6dea7bf868e1bc.bundle,True,True,
17971,Assets/Game/Static/lucky_turntable_rank.bytes,,6571,assets_game_static.bundle,324fcda729f678d13d6dea7bf868e1bc.bundle,3033259,resources\assets\yoo\Default\324fcda729f678d13d6dea7bf868e1bc.bundle,True,True,
17972,Assets/Game/Static/mail.bytes,,6571,assets_game_static.bundle,324fcda729f678d13d6dea7bf868e1bc.bundle,3033259,resources\assets\yoo\Default\324fcda729f678d13d6dea7bf868e1bc.bundle,True,True,
17973,Assets/Game/Static/map_cave.bytes,,6571,assets_game_static.bundle,324fcda729f678d13d6dea7bf868e1bc.bundle,3033259,resources\assets\yoo\Default\324fcda729f678d13d6dea7bf868e1bc.bundle,True,True,
17974,Assets/Game/Static/map_monster.bytes,,6571,assets_game_static.bundle,324fcda729f678d13d6dea7bf868e1bc.bundle,3033259,resources\assets\yoo\Default\324fcda729f678d13d6dea7bf868e1bc.bundle,True,True,
17975,Assets/Game/Static/mastery.bytes,,6571,assets_game_static.bundle,324fcda729f678d13d6dea7bf868e1bc.bundle,3033259,resources\assets\yoo\Default\324fcda729f678d13d6dea7bf868e1bc.bundle,True,True,
17976,Assets/Game/Static/mecha.bytes,,6571,assets_game_static.bundle,324fcda729f678d13d6dea7bf868e1bc.bundle,3033259,resources\assets\yoo\Default\324fcda729f678d13d6dea7bf868e1bc.bundle,True,True,
17977,Assets/Game/Static/mecha_level.bytes,,6571,assets_game_static.bundle,324fcda729f678d13d6dea7bf868e1bc.bundle,3033259,resources\assets\yoo\Default\324fcda729f678d13d6dea7bf868e1bc.bundle,True,True,
17978,Assets/Game/Static/mecha_overload.bytes,,6571,assets_game_static.bundle,324fcda729f678d13d6dea7bf868e1bc.bundle,3033259,resources\assets\yoo\Default\324fcda729f678d13d6dea7bf868e1bc.bundle,True,True,
17979,Assets/Game/Static/mecha_star.bytes,,6571,assets_game_static.bundle,324fcda729f678d13d6dea7bf868e1bc.bundle,3033259,resources\assets\yoo\Default\324fcda729f678d13d6dea7bf868e1bc.bundle,True,True,
17980,Assets/Game/Static/mecha_transform.bytes,,6571,assets_game_static.bundle,324fcda729f678d13d6dea7bf868e1bc.bundle,3033259,resources\assets\yoo\Default\324fcda729f678d13d6dea7bf868e1bc.bundle,True,True,
17981,Assets/Game/Static/medal.bytes,,6571,assets_game_static.bundle,324fcda729f678d13d6dea7bf868e1bc.bundle,3033259,resources\assets\yoo\Default\324fcda729f678d13d6dea7bf868e1bc.bundle,True,True,
17982,Assets/Game/Static/mileage_challenge.bytes,,6571,assets_game_static.bundle,324fcda729f678d13d6dea7bf868e1bc.bundle,3033259,resources\assets\yoo\Default\324fcda729f678d13d6dea7bf868e1bc.bundle,True,True,
17983,Assets/Game/Static/mileage_rank.bytes,,6571,assets_game_static.bundle,324fcda729f678d13d6dea7bf868e1bc.bundle,3033259,resources\assets\yoo\Default\324fcda729f678d13d6dea7bf868e1bc.bundle,True,True,
17984,Assets/Game/Static/military_rank.bytes,,6571,assets_game_static.bundle,324fcda729f678d13d6dea7bf868e1bc.bundle,3033259,resources\assets\yoo\Default\324fcda729f678d13d6dea7bf868e1bc.bundle,True,True,
17985,Assets/Game/Static/mimicry.bytes,,6571,assets_game_static.bundle,324fcda729f678d13d6dea7bf868e1bc.bundle,3033259,resources\assets\yoo\Default\324fcda729f678d13d6dea7bf868e1bc.bundle,True,True,
17986,Assets/Game/Static/mine_base.bytes,,6571,assets_game_static.bundle,324fcda729f678d13d6dea7bf868e1bc.bundle,3033259,resources\assets\yoo\Default\324fcda729f678d13d6dea7bf868e1bc.bundle,True,True,
17987,Assets/Game/Static/mine_contest.bytes,,6571,assets_game_static.bundle,324fcda729f678d13d6dea7bf868e1bc.bundle,3033259,resources\assets\yoo\Default\324fcda729f678d13d6dea7bf868e1bc.bundle,True,True,
17988,Assets/Game/Static/mine_point_level.bytes,,6571,assets_game_static.bundle,324fcda729f678d13d6dea7bf868e1bc.bundle,3033259,resources\assets\yoo\Default\324fcda729f678d13d6dea7bf868e1bc.bundle,True,True,
17989,Assets/Game/Static/monopoly_activity.bytes,,6571,assets_game_static.bundle,324fcda729f678d13d6dea7bf868e1bc.bundle,3033259,resources\assets\yoo\Default\324fcda729f678d13d6dea7bf868e1bc.bundle,True,True,
17990,Assets/Game/Static/monopoly_event.bytes,,6571,assets_game_static.bundle,324fcda729f678d13d6dea7bf868e1bc.bundle,3033259,resources\assets\yoo\Default\324fcda729f678d13d6dea7bf868e1bc.bundle,True,True,
17991,Assets/Game/Static/monopoly_map.bytes,,6571,assets_game_static.bundle,324fcda729f678d13d6dea7bf868e1bc.bundle,3033259,resources\assets\yoo\Default\324fcda729f678d13d6dea7bf868e1bc.bundle,True,True,
17992,Assets/Game/Static/monopoly_massif.bytes,,6571,assets_game_static.bundle,324fcda729f678d13d6dea7bf868e1bc.bundle,3033259,resources\assets\yoo\Default\324fcda729f678d13d6dea7bf868e1bc.bundle,True,True,
17993,Assets/Game/Static/monopoly_rank.bytes,,6571,assets_game_static.bundle,324fcda729f678d13d6dea7bf868e1bc.bundle,3033259,resources\assets\yoo\Default\324fcda729f678d13d6dea7bf868e1bc.bundle,True,True,
17994,Assets/Game/Static/monopoly_status.bytes,,6571,assets_game_static.bundle,324fcda729f678d13d6dea7bf868e1bc.bundle,3033259,resources\assets\yoo\Default\324fcda729f678d13d6dea7bf868e1bc.bundle,True,True,
17995,Assets/Game/Static/monthly_sign_in.bytes,,6571,assets_game_static.bundle,324fcda729f678d13d6dea7bf868e1bc.bundle,3033259,resources\assets\yoo\Default\324fcda729f678d13d6dea7bf868e1bc.bundle,True,True,
17996,Assets/Game/Static/multi_team_arena_coordinates.bytes,,6571,assets_game_static.bundle,324fcda729f678d13d6dea7bf868e1bc.bundle,3033259,resources\assets\yoo\Default\324fcda729f678d13d6dea7bf868e1bc.bundle,True,True,
17997,Assets/Game/Static/multi_team_arena_level.bytes,,6571,assets_game_static.bundle,324fcda729f678d13d6dea7bf868e1bc.bundle,3033259,resources\assets\yoo\Default\324fcda729f678d13d6dea7bf868e1bc.bundle,True,True,
17998,Assets/Game/Static/multi_team_arena_npc.bytes,,6571,assets_game_static.bundle,324fcda729f678d13d6dea7bf868e1bc.bundle,3033259,resources\assets\yoo\Default\324fcda729f678d13d6dea7bf868e1bc.bundle,True,True,
17999,Assets/Game/Static/multi_team_arena_reward.bytes,,6571,assets_game_static.bundle,324fcda729f678d13d6dea7bf868e1bc.bundle,3033259,resources\assets\yoo\Default\324fcda729f678d13d6dea7bf868e1bc.bundle,True,True,
18000,Assets/Game/Static/multi_team_chapter.bytes,,6571,assets_game_static.bundle,324fcda729f678d13d6dea7bf868e1bc.bundle,3033259,resources\assets\yoo\Default\324fcda729f678d13d6dea7bf868e1bc.bundle,True,True,
18001,Assets/Game/Static/multi_team_level.bytes,,6571,assets_game_static.bundle,324fcda729f678d13d6dea7bf868e1bc.bundle,3033259,resources\assets\yoo\Default\324fcda729f678d13d6dea7bf868e1bc.bundle,True,True,
18002,Assets/Game/Static/multi_team_relic.bytes,,6571,assets_game_static.bundle,324fcda729f678d13d6dea7bf868e1bc.bundle,3033259,resources\assets\yoo\Default\324fcda729f678d13d6dea7bf868e1bc.bundle,True,True,
18003,Assets/Game/Static/multi_team_star.bytes,,6571,assets_game_static.bundle,324fcda729f678d13d6dea7bf868e1bc.bundle,3033259,resources\assets\yoo\Default\324fcda729f678d13d6dea7bf868e1bc.bundle,True,True,
18004,Assets/Game/Static/new_shop_page.bytes,,6571,assets_game_static.bundle,324fcda729f678d13d6dea7bf868e1bc.bundle,3033259,resources\assets\yoo\Default\324fcda729f678d13d6dea7bf868e1bc.bundle,True,True,
18005,Assets/Game/Static/normal_monster_group.bytes,,6571,assets_game_static.bundle,324fcda729f678d13d6dea7bf868e1bc.bundle,3033259,resources\assets\yoo\Default\324fcda729f678d13d6dea7bf868e1bc.bundle,True,True,
18006,Assets/Game/Static/novice_limit_draw_activity.bytes,,6571,assets_game_static.bundle,324fcda729f678d13d6dea7bf868e1bc.bundle,3033259,resources\assets\yoo\Default\324fcda729f678d13d6dea7bf868e1bc.bundle,True,True,
18007,Assets/Game/Static/npc_army.bytes,,6571,assets_game_static.bundle,324fcda729f678d13d6dea7bf868e1bc.bundle,3033259,resources\assets\yoo\Default\324fcda729f678d13d6dea7bf868e1bc.bundle,True,True,
18008,Assets/Game/Static/occupation_information.bytes,,6571,assets_game_static.bundle,324fcda729f678d13d6dea7bf868e1bc.bundle,3033259,resources\assets\yoo\Default\324fcda729f678d13d6dea7bf868e1bc.bundle,True,True,
18009,Assets/Game/Static/online_reward.bytes,,6571,assets_game_static.bundle,324fcda729f678d13d6dea7bf868e1bc.bundle,3033259,resources\assets\yoo\Default\324fcda729f678d13d6dea7bf868e1bc.bundle,True,True,
18010,Assets/Game/Static/optional_growup_activity.bytes,,6571,assets_game_static.bundle,324fcda729f678d13d6dea7bf868e1bc.bundle,3033259,resources\assets\yoo\Default\324fcda729f678d13d6dea7bf868e1bc.bundle,True,True,
18011,Assets/Game/Static/optional_growup_hero.bytes,,6571,assets_game_static.bundle,324fcda729f678d13d6dea7bf868e1bc.bundle,3033259,resources\assets\yoo\Default\324fcda729f678d13d6dea7bf868e1bc.bundle,True,True,
18012,Assets/Game/Static/output.bytes,,6571,assets_game_static.bundle,324fcda729f678d13d6dea7bf868e1bc.bundle,3033259,resources\assets\yoo\Default\324fcda729f678d13d6dea7bf868e1bc.bundle,True,True,
18013,Assets/Game/Static/package_shop_page.bytes,,6571,assets_game_static.bundle,324fcda729f678d13d6dea7bf868e1bc.bundle,3033259,resources\assets\yoo\Default\324fcda729f678d13d6dea7bf868e1bc.bundle,True,True,
18014,Assets/Game/Static/pass_exp.bytes,,6571,assets_game_static.bundle,324fcda729f678d13d6dea7bf868e1bc.bundle,3033259,resources\assets\yoo\Default\324fcda729f678d13d6dea7bf868e1bc.bundle,True,True,
18015,Assets/Game/Static/pass_exp_type.bytes,,6571,assets_game_static.bundle,324fcda729f678d13d6dea7bf868e1bc.bundle,3033259,resources\assets\yoo\Default\324fcda729f678d13d6dea7bf868e1bc.bundle,True,True,
18016,Assets/Game/Static/pass_target.bytes,,6571,assets_game_static.bundle,324fcda729f678d13d6dea7bf868e1bc.bundle,3033259,resources\assets\yoo\Default\324fcda729f678d13d6dea7bf868e1bc.bundle,True,True,
18017,Assets/Game/Static/pass_target_type.bytes,,6571,assets_game_static.bundle,324fcda729f678d13d6dea7bf868e1bc.bundle,3033259,resources\assets\yoo\Default\324fcda729f678d13d6dea7bf868e1bc.bundle,True,True,
18018,Assets/Game/Static/personal_rank.bytes,,6571,assets_game_static.bundle,324fcda729f678d13d6dea7bf868e1bc.bundle,3033259,resources\assets\yoo\Default\324fcda729f678d13d6dea7bf868e1bc.bundle,True,True,
18019,Assets/Game/Static/pet.bytes,,6571,assets_game_static.bundle,324fcda729f678d13d6dea7bf868e1bc.bundle,3033259,resources\assets\yoo\Default\324fcda729f678d13d6dea7bf868e1bc.bundle,True,True,
18020,Assets/Game/Static/pet_drawconfig.bytes,,6571,assets_game_static.bundle,324fcda729f678d13d6dea7bf868e1bc.bundle,3033259,resources\assets\yoo\Default\324fcda729f678d13d6dea7bf868e1bc.bundle,True,True,
18021,Assets/Game/Static/pet_equip.bytes,,6571,assets_game_static.bundle,324fcda729f678d13d6dea7bf868e1bc.bundle,3033259,resources\assets\yoo\Default\324fcda729f678d13d6dea7bf868e1bc.bundle,True,True,
18022,Assets/Game/Static/plane_arena_reward.bytes,,6571,assets_game_static.bundle,324fcda729f678d13d6dea7bf868e1bc.bundle,3033259,resources\assets\yoo\Default\324fcda729f678d13d6dea7bf868e1bc.bundle,True,True,
18023,Assets/Game/Static/player_assistant.bytes,,6571,assets_game_static.bundle,324fcda729f678d13d6dea7bf868e1bc.bundle,3033259,resources\assets\yoo\Default\324fcda729f678d13d6dea7bf868e1bc.bundle,True,True,
18024,Assets/Game/Static/player_level.bytes,,6571,assets_game_static.bundle,324fcda729f678d13d6dea7bf868e1bc.bundle,3033259,resources\assets\yoo\Default\324fcda729f678d13d6dea7bf868e1bc.bundle,True,True,
18025,Assets/Game/Static/plot.bytes,,6571,assets_game_static.bundle,324fcda729f678d13d6dea7bf868e1bc.bundle,3033259,resources\assets\yoo\Default\324fcda729f678d13d6dea7bf868e1bc.bundle,True,True,
18026,Assets/Game/Static/pop_ups.bytes,,6571,assets_game_static.bundle,324fcda729f678d13d6dea7bf868e1bc.bundle,3033259,resources\assets\yoo\Default\324fcda729f678d13d6dea7bf868e1bc.bundle,True,True,
18027,Assets/Game/Static/position_level.bytes,,6571,assets_game_static.bundle,324fcda729f678d13d6dea7bf868e1bc.bundle,3033259,resources\assets\yoo\Default\324fcda729f678d13d6dea7bf868e1bc.bundle,True,True,
18028,Assets/Game/Static/power_dash.bytes,,6571,assets_game_static.bundle,324fcda729f678d13d6dea7bf868e1bc.bundle,3033259,resources\assets\yoo\Default\324fcda729f678d13d6dea7bf868e1bc.bundle,True,True,
18029,Assets/Game/Static/power_dash_rank.bytes,,6571,assets_game_static.bundle,324fcda729f678d13d6dea7bf868e1bc.bundle,3033259,resources\assets\yoo\Default\324fcda729f678d13d6dea7bf868e1bc.bundle,True,True,
18030,Assets/Game/Static/power_star.bytes,,6571,assets_game_static.bundle,324fcda729f678d13d6dea7bf868e1bc.bundle,3033259,resources\assets\yoo\Default\324fcda729f678d13d6dea7bf868e1bc.bundle,True,True,
18031,Assets/Game/Static/promotion_code.bytes,,6571,assets_game_static.bundle,324fcda729f678d13d6dea7bf868e1bc.bundle,3033259,resources\assets\yoo\Default\324fcda729f678d13d6dea7bf868e1bc.bundle,True,True,
18032,Assets/Game/Static/q_action.bytes,,6571,assets_game_static.bundle,324fcda729f678d13d6dea7bf868e1bc.bundle,3033259,resources\assets\yoo\Default\324fcda729f678d13d6dea7bf868e1bc.bundle,True,True,
18033,Assets/Game/Static/quest.bytes,,6571,assets_game_static.bundle,324fcda729f678d13d6dea7bf868e1bc.bundle,3033259,resources\assets\yoo\Default\324fcda729f678d13d6dea7bf868e1bc.bundle,True,True,
18034,Assets/Game/Static/quiz.bytes,,6571,assets_game_static.bundle,324fcda729f678d13d6dea7bf868e1bc.bundle,3033259,resources\assets\yoo\Default\324fcda729f678d13d6dea7bf868e1bc.bundle,True,True,
18035,Assets/Game/Static/quiz_param.bytes,,6571,assets_game_static.bundle,324fcda729f678d13d6dea7bf868e1bc.bundle,3033259,resources\assets\yoo\Default\324fcda729f678d13d6dea7bf868e1bc.bundle,True,True,
18036,Assets/Game/Static/quiz_quest.bytes,,6571,assets_game_static.bundle,324fcda729f678d13d6dea7bf868e1bc.bundle,3033259,resources\assets\yoo\Default\324fcda729f678d13d6dea7bf868e1bc.bundle,True,True,
18037,Assets/Game/Static/quiz_rank.bytes,,6571,assets_game_static.bundle,324fcda729f678d13d6dea7bf868e1bc.bundle,3033259,resources\assets\yoo\Default\324fcda729f678d13d6dea7bf868e1bc.bundle,True,True,
18038,Assets/Game/Static/quiz_team.bytes,,6571,assets_game_static.bundle,324fcda729f678d13d6dea7bf868e1bc.bundle,3033259,resources\assets\yoo\Default\324fcda729f678d13d6dea7bf868e1bc.bundle,True,True,
18039,Assets/Game/Static/raffle_config.bytes,,6571,assets_game_static.bundle,324fcda729f678d13d6dea7bf868e1bc.bundle,3033259,resources\assets\yoo\Default\324fcda729f678d13d6dea7bf868e1bc.bundle,True,True,
18040,Assets/Game/Static/rank.bytes,,6571,assets_game_static.bundle,324fcda729f678d13d6dea7bf868e1bc.bundle,3033259,resources\assets\yoo\Default\324fcda729f678d13d6dea7bf868e1bc.bundle,True,True,
18041,Assets/Game/Static/recharge_page.bytes,,6571,assets_game_static.bundle,324fcda729f678d13d6dea7bf868e1bc.bundle,3033259,resources\assets\yoo\Default\324fcda729f678d13d6dea7bf868e1bc.bundle,True,True,
18042,Assets/Game/Static/recharge_turntable.bytes,,6571,assets_game_static.bundle,324fcda729f678d13d6dea7bf868e1bc.bundle,3033259,resources\assets\yoo\Default\324fcda729f678d13d6dea7bf868e1bc.bundle,True,True,
18043,Assets/Game/Static/recommend_gift.bytes,,6571,assets_game_static.bundle,324fcda729f678d13d6dea7bf868e1bc.bundle,3033259,resources\assets\yoo\Default\324fcda729f678d13d6dea7bf868e1bc.bundle,True,True,
18044,Assets/Game/Static/recommend_shop.bytes,,6571,assets_game_static.bundle,324fcda729f678d13d6dea7bf868e1bc.bundle,3033259,resources\assets\yoo\Default\324fcda729f678d13d6dea7bf868e1bc.bundle,True,True,
18045,Assets/Game/Static/RedDotTree/Activities.json,,6572,assets_game_static_reddottree.bundle,d4f0f4146eea1dcc1a3bc2c221446b91.bundle,12291,resources\assets\yoo\Default\d4f0f4146eea1dcc1a3bc2c221446b91.bundle,True,True,
18046,Assets/Game/Static/RedDotTree/Adventure.json,,6572,assets_game_static_reddottree.bundle,d4f0f4146eea1dcc1a3bc2c221446b91.bundle,12291,resources\assets\yoo\Default\d4f0f4146eea1dcc1a3bc2c221446b91.bundle,True,True,
18047,Assets/Game/Static/RedDotTree/Alliance.json,,6572,assets_game_static_reddottree.bundle,d4f0f4146eea1dcc1a3bc2c221446b91.bundle,12291,resources\assets\yoo\Default\d4f0f4146eea1dcc1a3bc2c221446b91.bundle,True,True,
18048,Assets/Game/Static/RedDotTree/Arena.json,,6572,assets_game_static_reddottree.bundle,d4f0f4146eea1dcc1a3bc2c221446b91.bundle,12291,resources\assets\yoo\Default\d4f0f4146eea1dcc1a3bc2c221446b91.bundle,True,True,
18049,Assets/Game/Static/RedDotTree/AshesArea.json,,6572,assets_game_static_reddottree.bundle,d4f0f4146eea1dcc1a3bc2c221446b91.bundle,12291,resources\assets\yoo\Default\d4f0f4146eea1dcc1a3bc2c221446b91.bundle,True,True,
18050,Assets/Game/Static/RedDotTree/Bag.json,,6572,assets_game_static_reddottree.bundle,d4f0f4146eea1dcc1a3bc2c221446b91.bundle,12291,resources\assets\yoo\Default\d4f0f4146eea1dcc1a3bc2c221446b91.bundle,True,True,
18051,Assets/Game/Static/RedDotTree/ChapterTask.json,,6572,assets_game_static_reddottree.bundle,d4f0f4146eea1dcc1a3bc2c221446b91.bundle,12291,resources\assets\yoo\Default\d4f0f4146eea1dcc1a3bc2c221446b91.bundle,True,True,
18052,Assets/Game/Static/RedDotTree/ChatRedDot.json,,6572,assets_game_static_reddottree.bundle,d4f0f4146eea1dcc1a3bc2c221446b91.bundle,12291,resources\assets\yoo\Default\d4f0f4146eea1dcc1a3bc2c221446b91.bundle,True,True,
18053,Assets/Game/Static/RedDotTree/CoreDungeon.json,,6572,assets_game_static_reddottree.bundle,d4f0f4146eea1dcc1a3bc2c221446b91.bundle,12291,resources\assets\yoo\Default\d4f0f4146eea1dcc1a3bc2c221446b91.bundle,True,True,
18054,Assets/Game/Static/RedDotTree/Develop.json,,6572,assets_game_static_reddottree.bundle,d4f0f4146eea1dcc1a3bc2c221446b91.bundle,12291,resources\assets\yoo\Default\d4f0f4146eea1dcc1a3bc2c221446b91.bundle,True,True,
18055,Assets/Game/Static/RedDotTree/DevilHunter.json,,6572,assets_game_static_reddottree.bundle,d4f0f4146eea1dcc1a3bc2c221446b91.bundle,12291,resources\assets\yoo\Default\d4f0f4146eea1dcc1a3bc2c221446b91.bundle,True,True,
18056,Assets/Game/Static/RedDotTree/Expedition.json,,6572,assets_game_static_reddottree.bundle,d4f0f4146eea1dcc1a3bc2c221446b91.bundle,12291,resources\assets\yoo\Default\d4f0f4146eea1dcc1a3bc2c221446b91.bundle,True,True,
18057,Assets/Game/Static/RedDotTree/FunctionalManuals.json,,6572,assets_game_static_reddottree.bundle,d4f0f4146eea1dcc1a3bc2c221446b91.bundle,12291,resources\assets\yoo\Default\d4f0f4146eea1dcc1a3bc2c221446b91.bundle,True,True,
18058,Assets/Game/Static/RedDotTree/Gal.json,,6572,assets_game_static_reddottree.bundle,d4f0f4146eea1dcc1a3bc2c221446b91.bundle,12291,resources\assets\yoo\Default\d4f0f4146eea1dcc1a3bc2c221446b91.bundle,True,True,
18059,Assets/Game/Static/RedDotTree/GameShopCollection.json,,6572,assets_game_static_reddottree.bundle,d4f0f4146eea1dcc1a3bc2c221446b91.bundle,12291,resources\assets\yoo\Default\d4f0f4146eea1dcc1a3bc2c221446b91.bundle,True,True,
18060,Assets/Game/Static/RedDotTree/Hero.json,,6572,assets_game_static_reddottree.bundle,d4f0f4146eea1dcc1a3bc2c221446b91.bundle,12291,resources\assets\yoo\Default\d4f0f4146eea1dcc1a3bc2c221446b91.bundle,True,True,
18061,Assets/Game/Static/RedDotTree/HolyRelic.json,,6572,assets_game_static_reddottree.bundle,d4f0f4146eea1dcc1a3bc2c221446b91.bundle,12291,resources\assets\yoo\Default\d4f0f4146eea1dcc1a3bc2c221446b91.bundle,True,True,
18062,Assets/Game/Static/RedDotTree/LotteryDraw.json,,6572,assets_game_static_reddottree.bundle,d4f0f4146eea1dcc1a3bc2c221446b91.bundle,12291,resources\assets\yoo\Default\d4f0f4146eea1dcc1a3bc2c221446b91.bundle,True,True,
18063,Assets/Game/Static/RedDotTree/MainUIView.json,,6572,assets_game_static_reddottree.bundle,d4f0f4146eea1dcc1a3bc2c221446b91.bundle,12291,resources\assets\yoo\Default\d4f0f4146eea1dcc1a3bc2c221446b91.bundle,True,True,
18064,Assets/Game/Static/RedDotTree/Mastery.json,,6572,assets_game_static_reddottree.bundle,d4f0f4146eea1dcc1a3bc2c221446b91.bundle,12291,resources\assets\yoo\Default\d4f0f4146eea1dcc1a3bc2c221446b91.bundle,True,True,
18065,Assets/Game/Static/RedDotTree/Quest.json,,6572,assets_game_static_reddottree.bundle,d4f0f4146eea1dcc1a3bc2c221446b91.bundle,12291,resources\assets\yoo\Default\d4f0f4146eea1dcc1a3bc2c221446b91.bundle,True,True,
18066,Assets/Game/Static/RedDotTree/RedDotTest.json,,6572,assets_game_static_reddottree.bundle,d4f0f4146eea1dcc1a3bc2c221446b91.bundle,12291,resources\assets\yoo\Default\d4f0f4146eea1dcc1a3bc2c221446b91.bundle,True,True,
18067,Assets/Game/Static/RedDotTree/Refuge.json,,6572,assets_game_static_reddottree.bundle,d4f0f4146eea1dcc1a3bc2c221446b91.bundle,12291,resources\assets\yoo\Default\d4f0f4146eea1dcc1a3bc2c221446b91.bundle,True,True,
18068,Assets/Game/Static/RedDotTree/Remnants.json,,6572,assets_game_static_reddottree.bundle,d4f0f4146eea1dcc1a3bc2c221446b91.bundle,12291,resources\assets\yoo\Default\d4f0f4146eea1dcc1a3bc2c221446b91.bundle,True,True,
18069,Assets/Game/Static/RedDotTree/ResidentAndCoffee.json,,6572,assets_game_static_reddottree.bundle,d4f0f4146eea1dcc1a3bc2c221446b91.bundle,12291,resources\assets\yoo\Default\d4f0f4146eea1dcc1a3bc2c221446b91.bundle,True,True,
18070,Assets/Game/Static/RedDotTree/Roguelike.json,,6572,assets_game_static_reddottree.bundle,d4f0f4146eea1dcc1a3bc2c221446b91.bundle,12291,resources\assets\yoo\Default\d4f0f4146eea1dcc1a3bc2c221446b91.bundle,True,True,
18071,Assets/Game/Static/RedDotTree/Ruins.json,,6572,assets_game_static_reddottree.bundle,d4f0f4146eea1dcc1a3bc2c221446b91.bundle,12291,resources\assets\yoo\Default\d4f0f4146eea1dcc1a3bc2c221446b91.bundle,True,True,
18072,Assets/Game/Static/RedDotTree/Slug.json,,6572,assets_game_static_reddottree.bundle,d4f0f4146eea1dcc1a3bc2c221446b91.bundle,12291,resources\assets\yoo\Default\d4f0f4146eea1dcc1a3bc2c221446b91.bundle,True,True,
18073,Assets/Game/Static/RedDotTree/Smelt.json,,6572,assets_game_static_reddottree.bundle,d4f0f4146eea1dcc1a3bc2c221446b91.bundle,12291,resources\assets\yoo\Default\d4f0f4146eea1dcc1a3bc2c221446b91.bundle,True,True,
18074,Assets/Game/Static/RedDotTree/Stronger.json,,6572,assets_game_static_reddottree.bundle,d4f0f4146eea1dcc1a3bc2c221446b91.bundle,12291,resources\assets\yoo\Default\d4f0f4146eea1dcc1a3bc2c221446b91.bundle,True,True,
18075,Assets/Game/Static/RedDotTree/Tactics.json,,6572,assets_game_static_reddottree.bundle,d4f0f4146eea1dcc1a3bc2c221446b91.bundle,12291,resources\assets\yoo\Default\d4f0f4146eea1dcc1a3bc2c221446b91.bundle,True,True,
18076,Assets/Game/Static/RedDotTree/TeamMyMind.json,,6572,assets_game_static_reddottree.bundle,d4f0f4146eea1dcc1a3bc2c221446b91.bundle,12291,resources\assets\yoo\Default\d4f0f4146eea1dcc1a3bc2c221446b91.bundle,True,True,
18077,Assets/Game/Static/RedDotTree/VipPrivilege.json,,6572,assets_game_static_reddottree.bundle,d4f0f4146eea1dcc1a3bc2c221446b91.bundle,12291,resources\assets\yoo\Default\d4f0f4146eea1dcc1a3bc2c221446b91.bundle,True,True,
18078,Assets/Game/Static/RedDotTree/WorldBossRedDot.json,,6572,assets_game_static_reddottree.bundle,d4f0f4146eea1dcc1a3bc2c221446b91.bundle,12291,resources\assets\yoo\Default\d4f0f4146eea1dcc1a3bc2c221446b91.bundle,True,True,
18079,Assets/Game/Static/relic.bytes,,6571,assets_game_static.bundle,324fcda729f678d13d6dea7bf868e1bc.bundle,3033259,resources\assets\yoo\Default\324fcda729f678d13d6dea7bf868e1bc.bundle,True,True,
18080,Assets/Game/Static/relic_attribute.bytes,,6571,assets_game_static.bundle,324fcda729f678d13d6dea7bf868e1bc.bundle,3033259,resources\assets\yoo\Default\324fcda729f678d13d6dea7bf868e1bc.bundle,True,True,
18081,Assets/Game/Static/relic_bond.bytes,,6571,assets_game_static.bundle,324fcda729f678d13d6dea7bf868e1bc.bundle,3033259,resources\assets\yoo\Default\324fcda729f678d13d6dea7bf868e1bc.bundle,True,True,
18082,Assets/Game/Static/relic_bond_attribute.bytes,,6571,assets_game_static.bundle,324fcda729f678d13d6dea7bf868e1bc.bundle,3033259,resources\assets\yoo\Default\324fcda729f678d13d6dea7bf868e1bc.bundle,True,True,
18083,Assets/Game/Static/relic_special.bytes,,6571,assets_game_static.bundle,324fcda729f678d13d6dea7bf868e1bc.bundle,3033259,resources\assets\yoo\Default\324fcda729f678d13d6dea7bf868e1bc.bundle,True,True,
18084,Assets/Game/Static/reward.bytes,,6571,assets_game_static.bundle,324fcda729f678d13d6dea7bf868e1bc.bundle,3033259,resources\assets\yoo\Default\324fcda729f678d13d6dea7bf868e1bc.bundle,True,True,
18085,Assets/Game/Static/reward_double_activity.bytes,,6571,assets_game_static.bundle,324fcda729f678d13d6dea7bf868e1bc.bundle,3033259,resources\assets\yoo\Default\324fcda729f678d13d6dea7bf868e1bc.bundle,True,True,
18086,Assets/Game/Static/rogue_arms_group.bytes,,6571,assets_game_static.bundle,324fcda729f678d13d6dea7bf868e1bc.bundle,3033259,resources\assets\yoo\Default\324fcda729f678d13d6dea7bf868e1bc.bundle,True,True,
18087,Assets/Game/Static/rogue_buff.bytes,,6571,assets_game_static.bundle,324fcda729f678d13d6dea7bf868e1bc.bundle,3033259,resources\assets\yoo\Default\324fcda729f678d13d6dea7bf868e1bc.bundle,True,True,
18088,Assets/Game/Static/rogue_event.bytes,,6571,assets_game_static.bundle,324fcda729f678d13d6dea7bf868e1bc.bundle,3033259,resources\assets\yoo\Default\324fcda729f678d13d6dea7bf868e1bc.bundle,True,True,
18089,Assets/Game/Static/rogue_eventline.bytes,,6571,assets_game_static.bundle,324fcda729f678d13d6dea7bf868e1bc.bundle,3033259,resources\assets\yoo\Default\324fcda729f678d13d6dea7bf868e1bc.bundle,True,True,
18090,Assets/Game/Static/rogue_goods.bytes,,6571,assets_game_static.bundle,324fcda729f678d13d6dea7bf868e1bc.bundle,3033259,resources\assets\yoo\Default\324fcda729f678d13d6dea7bf868e1bc.bundle,True,True,
18091,Assets/Game/Static/rogue_manual.bytes,,6571,assets_game_static.bundle,324fcda729f678d13d6dea7bf868e1bc.bundle,3033259,resources\assets\yoo\Default\324fcda729f678d13d6dea7bf868e1bc.bundle,True,True,
18092,Assets/Game/Static/rogue_manual_stage.bytes,,6571,assets_game_static.bundle,324fcda729f678d13d6dea7bf868e1bc.bundle,3033259,resources\assets\yoo\Default\324fcda729f678d13d6dea7bf868e1bc.bundle,True,True,
18093,Assets/Game/Static/rogue_map.bytes,,6571,assets_game_static.bundle,324fcda729f678d13d6dea7bf868e1bc.bundle,3033259,resources\assets\yoo\Default\324fcda729f678d13d6dea7bf868e1bc.bundle,True,True,
18094,Assets/Game/Static/rogue_map_create.bytes,,6571,assets_game_static.bundle,324fcda729f678d13d6dea7bf868e1bc.bundle,3033259,resources\assets\yoo\Default\324fcda729f678d13d6dea7bf868e1bc.bundle,True,True,
18095,Assets/Game/Static/rogue_mass.bytes,,6571,assets_game_static.bundle,324fcda729f678d13d6dea7bf868e1bc.bundle,3033259,resources\assets\yoo\Default\324fcda729f678d13d6dea7bf868e1bc.bundle,True,True,
18096,Assets/Game/Static/rogue_mon_group.bytes,,6571,assets_game_static.bundle,324fcda729f678d13d6dea7bf868e1bc.bundle,3033259,resources\assets\yoo\Default\324fcda729f678d13d6dea7bf868e1bc.bundle,True,True,
18097,Assets/Game/Static/rogue_reward.bytes,,6571,assets_game_static.bundle,324fcda729f678d13d6dea7bf868e1bc.bundle,3033259,resources\assets\yoo\Default\324fcda729f678d13d6dea7bf868e1bc.bundle,True,True,
18098,Assets/Game/Static/rogue_special_transition.bytes,,6571,assets_game_static.bundle,324fcda729f678d13d6dea7bf868e1bc.bundle,3033259,resources\assets\yoo\Default\324fcda729f678d13d6dea7bf868e1bc.bundle,True,True,
18099,Assets/Game/Static/rogue_sweep.bytes,,6571,assets_game_static.bundle,324fcda729f678d13d6dea7bf868e1bc.bundle,3033259,resources\assets\yoo\Default\324fcda729f678d13d6dea7bf868e1bc.bundle,True,True,
18100,Assets/Game/Static/rogue_talent.bytes,,6571,assets_game_static.bundle,324fcda729f678d13d6dea7bf868e1bc.bundle,3033259,resources\assets\yoo\Default\324fcda729f678d13d6dea7bf868e1bc.bundle,True,True,
18101,Assets/Game/Static/role_story.bytes,,6571,assets_game_static.bundle,324fcda729f678d13d6dea7bf868e1bc.bundle,3033259,resources\assets\yoo\Default\324fcda729f678d13d6dea7bf868e1bc.bundle,True,True,
18102,Assets/Game/Static/role_story_chapter.bytes,,6571,assets_game_static.bundle,324fcda729f678d13d6dea7bf868e1bc.bundle,3033259,resources\assets\yoo\Default\324fcda729f678d13d6dea7bf868e1bc.bundle,True,True,
18103,Assets/Game/Static/ruins_exploration.bytes,,6571,assets_game_static.bundle,324fcda729f678d13d6dea7bf868e1bc.bundle,3033259,resources\assets\yoo\Default\324fcda729f678d13d6dea7bf868e1bc.bundle,True,True,
18104,Assets/Game/Static/ruins_stage.bytes,,6571,assets_game_static.bundle,324fcda729f678d13d6dea7bf868e1bc.bundle,3033259,resources\assets\yoo\Default\324fcda729f678d13d6dea7bf868e1bc.bundle,True,True,
18105,Assets/Game/Static/rule_lang.bytes,,6571,assets_game_static.bundle,324fcda729f678d13d6dea7bf868e1bc.bundle,3033259,resources\assets\yoo\Default\324fcda729f678d13d6dea7bf868e1bc.bundle,True,True,
18106,Assets/Game/Static/sellitem.bytes,,6571,assets_game_static.bundle,324fcda729f678d13d6dea7bf868e1bc.bundle,3033259,resources\assets\yoo\Default\324fcda729f678d13d6dea7bf868e1bc.bundle,True,True,
18107,Assets/Game/Static/server_arena_army.bytes,,6571,assets_game_static.bundle,324fcda729f678d13d6dea7bf868e1bc.bundle,3033259,resources\assets\yoo\Default\324fcda729f678d13d6dea7bf868e1bc.bundle,True,True,
18108,Assets/Game/Static/server_arena_level.bytes,,6571,assets_game_static.bundle,324fcda729f678d13d6dea7bf868e1bc.bundle,3033259,resources\assets\yoo\Default\324fcda729f678d13d6dea7bf868e1bc.bundle,True,True,
18109,Assets/Game/Static/server_arena_reward.bytes,,6571,assets_game_static.bundle,324fcda729f678d13d6dea7bf868e1bc.bundle,3033259,resources\assets\yoo\Default\324fcda729f678d13d6dea7bf868e1bc.bundle,True,True,
18110,Assets/Game/Static/servers.bytes,,6571,assets_game_static.bundle,324fcda729f678d13d6dea7bf868e1bc.bundle,3033259,resources\assets\yoo\Default\324fcda729f678d13d6dea7bf868e1bc.bundle,True,True,
18111,Assets/Game/Static/seven_quest.bytes,,6571,assets_game_static.bundle,324fcda729f678d13d6dea7bf868e1bc.bundle,3033259,resources\assets\yoo\Default\324fcda729f678d13d6dea7bf868e1bc.bundle,True,True,
18112,Assets/Game/Static/sham_battle.bytes,,6571,assets_game_static.bundle,324fcda729f678d13d6dea7bf868e1bc.bundle,3033259,resources\assets\yoo\Default\324fcda729f678d13d6dea7bf868e1bc.bundle,True,True,
18113,Assets/Game/Static/sham_expedition.bytes,,6571,assets_game_static.bundle,324fcda729f678d13d6dea7bf868e1bc.bundle,3033259,resources\assets\yoo\Default\324fcda729f678d13d6dea7bf868e1bc.bundle,True,True,
18114,Assets/Game/Static/shareconfig.bytes,,6571,assets_game_static.bundle,324fcda729f678d13d6dea7bf868e1bc.bundle,3033259,resources\assets\yoo\Default\324fcda729f678d13d6dea7bf868e1bc.bundle,True,True,
18115,Assets/Game/Static/shelter_room.bytes,,6571,assets_game_static.bundle,324fcda729f678d13d6dea7bf868e1bc.bundle,3033259,resources\assets\yoo\Default\324fcda729f678d13d6dea7bf868e1bc.bundle,True,True,
18116,Assets/Game/Static/single_formation.bytes,,6571,assets_game_static.bundle,324fcda729f678d13d6dea7bf868e1bc.bundle,3033259,resources\assets\yoo\Default\324fcda729f678d13d6dea7bf868e1bc.bundle,True,True,
18117,Assets/Game/Static/skill_level.bytes,,6571,assets_game_static.bundle,324fcda729f678d13d6dea7bf868e1bc.bundle,3033259,resources\assets\yoo\Default\324fcda729f678d13d6dea7bf868e1bc.bundle,True,True,
18118,Assets/Game/Static/skin.bytes,,6571,assets_game_static.bundle,324fcda729f678d13d6dea7bf868e1bc.bundle,3033259,resources\assets\yoo\Default\324fcda729f678d13d6dea7bf868e1bc.bundle,True,True,
18119,Assets/Game/Static/skin_limit_gift.bytes,,6571,assets_game_static.bundle,324fcda729f678d13d6dea7bf868e1bc.bundle,3033259,resources\assets\yoo\Default\324fcda729f678d13d6dea7bf868e1bc.bundle,True,True,
18120,Assets/Game/Static/slug.bytes,,6571,assets_game_static.bundle,324fcda729f678d13d6dea7bf868e1bc.bundle,3033259,resources\assets\yoo\Default\324fcda729f678d13d6dea7bf868e1bc.bundle,True,True,
18121,Assets/Game/Static/slug_attribute.bytes,,6571,assets_game_static.bundle,324fcda729f678d13d6dea7bf868e1bc.bundle,3033259,resources\assets\yoo\Default\324fcda729f678d13d6dea7bf868e1bc.bundle,True,True,
18122,Assets/Game/Static/slug_character.bytes,,6571,assets_game_static.bundle,324fcda729f678d13d6dea7bf868e1bc.bundle,3033259,resources\assets\yoo\Default\324fcda729f678d13d6dea7bf868e1bc.bundle,True,True,
18123,Assets/Game/Static/slug_collect.bytes,,6571,assets_game_static.bundle,324fcda729f678d13d6dea7bf868e1bc.bundle,3033259,resources\assets\yoo\Default\324fcda729f678d13d6dea7bf868e1bc.bundle,True,True,
18124,Assets/Game/Static/slug_compose.bytes,,6571,assets_game_static.bundle,324fcda729f678d13d6dea7bf868e1bc.bundle,3033259,resources\assets\yoo\Default\324fcda729f678d13d6dea7bf868e1bc.bundle,True,True,
18125,Assets/Game/Static/slug_level.bytes,,6571,assets_game_static.bundle,324fcda729f678d13d6dea7bf868e1bc.bundle,3033259,resources\assets\yoo\Default\324fcda729f678d13d6dea7bf868e1bc.bundle,True,True,
18126,Assets/Game/Static/slug_skill.bytes,,6571,assets_game_static.bundle,324fcda729f678d13d6dea7bf868e1bc.bundle,3033259,resources\assets\yoo\Default\324fcda729f678d13d6dea7bf868e1bc.bundle,True,True,
18127,Assets/Game/Static/sound.bytes,,6571,assets_game_static.bundle,324fcda729f678d13d6dea7bf868e1bc.bundle,3033259,resources\assets\yoo\Default\324fcda729f678d13d6dea7bf868e1bc.bundle,True,True,
18128,Assets/Game/Static/step.bytes,,6571,assets_game_static.bundle,324fcda729f678d13d6dea7bf868e1bc.bundle,3033259,resources\assets\yoo\Default\324fcda729f678d13d6dea7bf868e1bc.bundle,True,True,
18129,Assets/Game/Static/strategic_challenge.bytes,,6571,assets_game_static.bundle,324fcda729f678d13d6dea7bf868e1bc.bundle,3033259,resources\assets\yoo\Default\324fcda729f678d13d6dea7bf868e1bc.bundle,True,True,
18130,Assets/Game/Static/strength_compared.bytes,,6571,assets_game_static.bundle,324fcda729f678d13d6dea7bf868e1bc.bundle,3033259,resources\assets\yoo\Default\324fcda729f678d13d6dea7bf868e1bc.bundle,True,True,
18131,Assets/Game/Static/suit_class.bytes,,6571,assets_game_static.bundle,324fcda729f678d13d6dea7bf868e1bc.bundle,3033259,resources\assets\yoo\Default\324fcda729f678d13d6dea7bf868e1bc.bundle,True,True,
18132,Assets/Game/Static/suit_level.bytes,,6571,assets_game_static.bundle,324fcda729f678d13d6dea7bf868e1bc.bundle,3033259,resources\assets\yoo\Default\324fcda729f678d13d6dea7bf868e1bc.bundle,True,True,
18133,Assets/Game/Static/suit_prob.bytes,,6571,assets_game_static.bundle,324fcda729f678d13d6dea7bf868e1bc.bundle,3033259,resources\assets\yoo\Default\324fcda729f678d13d6dea7bf868e1bc.bundle,True,True,
18134,Assets/Game/Static/suit_reward.bytes,,6571,assets_game_static.bundle,324fcda729f678d13d6dea7bf868e1bc.bundle,3033259,resources\assets\yoo\Default\324fcda729f678d13d6dea7bf868e1bc.bundle,True,True,
18135,Assets/Game/Static/suit_week.bytes,,6571,assets_game_static.bundle,324fcda729f678d13d6dea7bf868e1bc.bundle,3033259,resources\assets\yoo\Default\324fcda729f678d13d6dea7bf868e1bc.bundle,True,True,
18136,Assets/Game/Static/system_notice.bytes,,6571,assets_game_static.bundle,324fcda729f678d13d6dea7bf868e1bc.bundle,3033259,resources\assets\yoo\Default\324fcda729f678d13d6dea7bf868e1bc.bundle,True,True,
18137,Assets/Game/Static/tactics.bytes,,6571,assets_game_static.bundle,324fcda729f678d13d6dea7bf868e1bc.bundle,3033259,resources\assets\yoo\Default\324fcda729f678d13d6dea7bf868e1bc.bundle,True,True,
18138,Assets/Game/Static/tactics_effect.bytes,,6571,assets_game_static.bundle,324fcda729f678d13d6dea7bf868e1bc.bundle,3033259,resources\assets\yoo\Default\324fcda729f678d13d6dea7bf868e1bc.bundle,True,True,
18139,Assets/Game/Static/tactics_point.bytes,,6571,assets_game_static.bundle,324fcda729f678d13d6dea7bf868e1bc.bundle,3033259,resources\assets\yoo\Default\324fcda729f678d13d6dea7bf868e1bc.bundle,True,True,
18140,Assets/Game/Static/team_num.bytes,,6571,assets_game_static.bundle,324fcda729f678d13d6dea7bf868e1bc.bundle,3033259,resources\assets\yoo\Default\324fcda729f678d13d6dea7bf868e1bc.bundle,True,True,
18141,Assets/Game/Static/time_login.bytes,,6571,assets_game_static.bundle,324fcda729f678d13d6dea7bf868e1bc.bundle,3033259,resources\assets\yoo\Default\324fcda729f678d13d6dea7bf868e1bc.bundle,True,True,
18142,Assets/Game/Static/top_arena_reward.bytes,,6571,assets_game_static.bundle,324fcda729f678d13d6dea7bf868e1bc.bundle,3033259,resources\assets\yoo\Default\324fcda729f678d13d6dea7bf868e1bc.bundle,True,True,
18143,Assets/Game/Static/top_up.bytes,,6571,assets_game_static.bundle,324fcda729f678d13d6dea7bf868e1bc.bundle,3033259,resources\assets\yoo\Default\324fcda729f678d13d6dea7bf868e1bc.bundle,True,True,
18144,Assets/Game/Static/top_up_cht.bytes,,6571,assets_game_static.bundle,324fcda729f678d13d6dea7bf868e1bc.bundle,3033259,resources\assets\yoo\Default\324fcda729f678d13d6dea7bf868e1bc.bundle,True,True,
18145,Assets/Game/Static/top_up_cn.bytes,,6571,assets_game_static.bundle,324fcda729f678d13d6dea7bf868e1bc.bundle,3033259,resources\assets\yoo\Default\324fcda729f678d13d6dea7bf868e1bc.bundle,True,True,
18146,Assets/Game/Static/top_up_ds.bytes,,6571,assets_game_static.bundle,324fcda729f678d13d6dea7bf868e1bc.bundle,3033259,resources\assets\yoo\Default\324fcda729f678d13d6dea7bf868e1bc.bundle,True,True,
18147,Assets/Game/Static/vip.bytes,,6571,assets_game_static.bundle,324fcda729f678d13d6dea7bf868e1bc.bundle,3033259,resources\assets\yoo\Default\324fcda729f678d13d6dea7bf868e1bc.bundle,True,True,
18148,Assets/Game/Static/weapon_lv.bytes,,6571,assets_game_static.bundle,324fcda729f678d13d6dea7bf868e1bc.bundle,3033259,resources\assets\yoo\Default\324fcda729f678d13d6dea7bf868e1bc.bundle,True,True,
18149,Assets/Game/Static/weekend_adv_config.bytes,,6571,assets_game_static.bundle,324fcda729f678d13d6dea7bf868e1bc.bundle,3033259,resources\assets\yoo\Default\324fcda729f678d13d6dea7bf868e1bc.bundle,True,True,
18150,Assets/Game/Static/weekend_adv_event.bytes,,6571,assets_game_static.bundle,324fcda729f678d13d6dea7bf868e1bc.bundle,3033259,resources\assets\yoo\Default\324fcda729f678d13d6dea7bf868e1bc.bundle,True,True,
18151,Assets/Game/Static/weekend_adv_rank.bytes,,6571,assets_game_static.bundle,324fcda729f678d13d6dea7bf868e1bc.bundle,3033259,resources\assets\yoo\Default\324fcda729f678d13d6dea7bf868e1bc.bundle,True,True,
18152,Assets/Game/Static/weekend_adv_treasure.bytes,,6571,assets_game_static.bundle,324fcda729f678d13d6dea7bf868e1bc.bundle,3033259,resources\assets\yoo\Default\324fcda729f678d13d6dea7bf868e1bc.bundle,True,True,
18153,Assets/Game/Static/weekend_login.bytes,,6571,assets_game_static.bundle,324fcda729f678d13d6dea7bf868e1bc.bundle,3033259,resources\assets\yoo\Default\324fcda729f678d13d6dea7bf868e1bc.bundle,True,True,
18154,Assets/Game/Static/world_boss.bytes,,6571,assets_game_static.bundle,324fcda729f678d13d6dea7bf868e1bc.bundle,3033259,resources\assets\yoo\Default\324fcda729f678d13d6dea7bf868e1bc.bundle,True,True,
18155,Assets/Game/Static/world_boss_activity.bytes,,6571,assets_game_static.bundle,324fcda729f678d13d6dea7bf868e1bc.bundle,3033259,resources\assets\yoo\Default\324fcda729f678d13d6dea7bf868e1bc.bundle,True,True,
18156,Assets/Game/Static/world_boss_level.bytes,,6571,assets_game_static.bundle,324fcda729f678d13d6dea7bf868e1bc.bundle,3033259,resources\assets\yoo\Default\324fcda729f678d13d6dea7bf868e1bc.bundle,True,True,
18157,Assets/Game/Static/world_boss_rank_reward.bytes,,6571,assets_game_static.bundle,324fcda729f678d13d6dea7bf868e1bc.bundle,3033259,resources\assets\yoo\Default\324fcda729f678d13d6dea7bf868e1bc.bundle,True,True,
18158,Assets/Game/Static/world_jc.bytes,,6571,assets_game_static.bundle,324fcda729f678d13d6dea7bf868e1bc.bundle,3033259,resources\assets\yoo\Default\324fcda729f678d13d6dea7bf868e1bc.bundle,True,True,
18159,Assets/Scene/StreamedScenes/AFKMap/AFKMapScene01.unity,,6573,assets_scene_streamedscenes_afkmap_afkmapscene01.bundle,220d1e586d74b57964535ed389629f66.bundle,38469,resources\assets\yoo\Default\220d1e586d74b57964535ed389629f66.bundle,True,True,
18170,Assets/Scene/StreamedScenes/BattleScene_01_GCSB.unity,,6584,assets_scene_streamedscenes_battlescene_01_gcsb.bundle,1282786c01ef41fcb7571d3774da9a8e.bundle,28579,resources\assets\yoo\Default\1282786c01ef41fcb7571d3774da9a8e.bundle,True,True,
18193,Assets/Scene/StreamedScenes/MainScene.unity,,6607,assets_scene_streamedscenes_mainscene.bundle,cd1d5d3094e730481814441a7b47f49d.bundle,4496,resources\assets\yoo\Default\cd1d5d3094e730481814441a7b47f49d.bundle,True,True,
18194,Assets/Scene/StreamedScenes/Root.unity,,6608,assets_scene_streamedscenes_root.bundle,598936f246fd5a6a4d02d59f73dafe50.bundle,26610,resources\assets\yoo\Default\598936f246fd5a6a4d02d59f73dafe50.bundle,True,True,2097152|1702064993|1734308724|1600482657|1735287148|1684103775|1685221239|1969368691|1701602414|-1048108283|1633943584|842413153|943206711|862271796|808924473|943011685|842490418|1714958384|538161|1634099558|929445732|78927|0|100663553|1635013376|6515060|1627397120|1952805747|1634164595|1818191213|1600613985|1735287148|1853186606|-1973064604|545675475|1647928320|1650745913|808924774|1630548279|842609208|1647522101|1634100024|878863462|838862949|946223154|-97504971|5850|16777216|393217|1952543827|25449|1935736866|1937007987|1835099999|1634492261|1818191726|1600613985|1920235621|1969368673|1701602414|-1435813183|808976416|892417894|1631007076|962683697|925972791|895628899|959985464|808871222|549986|962935091|1647588406|160301|0|100663553|1635013376|6515060|1627400448|1952805747|1634164595|1918854509|1935767393|1937007987|1835099999|1936941413|1717793893|1969368679|1701602414|-296938142|858783776|925905970|809056101|962738020|825503798|912667745|876098357|828454502|538468|876099123|909194546|4378|0|1|1627401472|1952805747|1634164595|1918854509|1935767393|1937007987|1769301855|1935762788|1601463667|1885434471|1969368680|1701602414|-1467589572|859308064|875704420|929195321|946169443|1684158264|962683445|912471142|1714631730|549432|1650866228|943022902|67991|0|167772417|1769293568|1933665636|796157299|1280|1536|1792|1064448|1066752|1068544|1187072|1283840|1323008|1323264|1349888|1367552|1380096|1381888|1408000|1510912|1535232|1538560|1573376|1691904|1693184|1693696|1694208|1695744|1696000|1696256|1696512|1697024|1697280|1698048|1698304|1698816|1699072|1699328|1699584|1699840|1701632|1701888|1726208|1727488|1727744|1728512|1737216|1746432|1749248|1751040|1759488|1627403776|1952805747|1634164595|1918854509|1935767393|1937007987|1769301855|1935762788|1601463667|1684632935|1836016485|1701736304|1647211630|1818521205|-992486043|1694507032|943089203|959603811|875900976|1647850338|926115170|1667458359|842085169|137388644|1630941952|943141939|16332598|0|65792|1967587338|1097163881|1952805747|393260|458752|272498688|303890432|328663040|338690048|338755584|345571328|350093312|353304576|353763328|360448000|386793472|393019392|393871360|402784256|433127424|433455104|433586176|433717248|434110464|434176000|434241536|434307072|434438144|434503680|434700288|434765824|434896896|434962432|435027968|435093504|435159040|435617792|435683328|441909248|442236928|442302464|442499072|444727296|447086592|447807488|448266240|450428928|3211264|1702064993|1734308724|1600482657|1635213682|1952805747|1969708915|1634034793|1952805747|1952542047|1634300517|1647211372|1818521205|891144037|889200830|808727605|845426788|912537652|842412082|1698260065|862140721|895824694|140862519|942957056|892744757|1033013|0|65792|1967587338|1097163881|1952805747|458754|450428928|3145728|1702064993|1734308724|1600482657|1635213682|1952805747|1969708915|1634034793|1952805747|2019914847|1701999988|1969368691|1701602414|461879301|1681457184|892494901|1698181222|825308516|1667510580|825450854|909259106|1714841136|550456|1681076537|943153462|70676|0|167772417|1769293568|1933665636|7628147|1627401216|1952805747|1634164595|1918854509|1935767393|1937007987|1701998687|1935827302|1600402271|2019980864|1853186606|-1704629148|542285996|1681220096|808792886|811885878|875705954|1664115509|859399265|1715024996|1664575026|1694500916|1698117474|-1151179422|121|16777216|1310720|7|5015|6010|6146|6616|6625|6626|6629|6630|6636|6637|6647|6648|6743|6748|6752|6786|6833|6840|6873|1935736876|1937007987|1835099999|1634885477|1936941431|1601401957|1717924464|1601397345|1650418739|775054436|1684960610|-1929157268|2120849|1647851105|942815289|1714709346|1698052454|828519779|825833828|1701066593|1697788464|862126088|842490160|1900832356|0|65536|2130707200|-2147483622|-654311398|922746906|1936941312|1601401957|1701667175|2002874975|1702064993|1885303668|1634100594|861893474|1818386276|1600873313|1953065079|1701979749|1969368676|1701602414|504345805|825425952|909718628|962879844|842085988|862205748|960062000|1633824818|1680959073|549989|845504818|858798388|28435|0|335544321|1792|1283840|1538560|1573376|1693696|1696000|1696256|1697024|1697280|1698816|1699072|1701632|1701888|1726208|1727488|1728512|1737216|1749248|1751040|1759488|1627402496|1952805747|1634164595|1918854509|1935767393|1937007987|1701998687|1935827302|1600402271|1717990754|1919510111|1969368677|1701602414|-538918899|912523296|879060065|1717710949|862150965|842491493|1650538341|825713973|1630681444|550455|808858160|925984054|29699|0|318767105|1064448|1187072|1349888|1367552|1380096|1510912|1535232|1695744|1696000|1696256|1697024|1699072|1700096|1701888|1727488|1727744|1737216|1749248|1759488|1627404288|1952805747|1634164595|1918854509|1935767393|1937007987|1701998687|1935827302|1600402271|811563110|1683961136|1633971809|825253743|1853186606|-144348060|541153771|828651008|825451109|809002337|858992995|811937893|845374515|946091317|825570149|1677723703|909588833|-1472842398|121|16777216|2031616|7|4158|4637|5015|5273|5342|5391|5902|5997|6010|6146|6616|6624|6625|6626|6629|6630|6636|6637|6638|6639|6647|6648|6743|6748|6749|6752|6786|6833|6840|6873|1935736885|1937007987|1835099999|1634885477|1936941431|1601401957|1717924464|1601397345|1717527603|808476536|1768447797|825253748|1853186606|-127570844|539963899|1698183424|808530277|942747745|1630550323|878994740|943284789|1697800503|909390178|1660946529|808530740|-597411536|114|16777216|1310720|4158|4637|5273|5342|5391|5902|5997|6624|6625|6626|6629|6637|6638|6639|6648|6748|6749|6786|6833|6873|1935736892|1937007987|1835099999|1634885477|1936941431|1601401957|1717924464|1601397345|1717527603|1667325816|1635150196|1818191220|1952999273|775041119|1684960610|-445356692|2121178|876098608|946234163|1684418867|925970482|909324389|1714709810|859387952|825636661|859373576|909324344|2081962342|0|65536|117445632|-1761607680|2046820371|33554455|-671088616|-520093671|-503316455|-452984807|-436207591|-335544295|-318767079|-150994919|-134217703|1459617817|1543503898|1610612762|-2113929190|-1325400038|-1207959526|-654311398|1006632986|1936941312|1601401957|1701667175|2002874975|1702064993|1885303668|1634100594|861893474|2019975012|1952670047|1952544361|1768709989|1601464423|1647194928|1818521205|-103937947|1694507104|842098229|808464739|808595813|926180709|1664627512|1647588916|808925539|137900344|825767168|909719606|8142643|0|256|458772|328663040|393871360|402784256|433586176|434176000|434241536|434438144|434503680|434896896|434962432|435617792|435683328|441909248|442236928|442499072|444727296|447807488|448266240|450428928|3538944|1702064993|1734308724|1600482657|1635213682|1952805747|1919967091|1650550373|1681088371|1601726047|1969513569|1768710000|779380839|1684960610|705521004|2109984|808597561|1633890617|1698128947|1717986406|1647784247|1698181174|812016953|862337125|1701117960|962750051|1979068514|0|65536|117445632|-1761607680|2046820371|33554455|-671088616|-520093671|-503316455|-452984807|-436207591|-335544295|-318767079|-150994919|-134217703|1459617817|1543503898|1610612762|-2113929190|-1325400038|-1207959526|-654311398|956301338|1936941312|1601401957|1701667175|2002874975|1702064993|1885303668|1634100594|861893474|2019975012|1953784159|1600873313|1650421877|778462837|1684960610|-1376033428|2158256|808804921|942957668|945894192|1698259256|892744241|1650669113|1630888504|1714960486|811991048|962670896|-2066063003|0|65536|117447424|-1761607680|2046820371|33554455|-704643048|-671088615|-637534183|-520093671|-503316455|-486539239|-452984807|-436207591|-385875943|-369098727|-335544295|-318767079|-301989863|-285212647|-150994919|-134217703|1459617817|1543503898|1610612762|-2113929190|-1325400038|-1207959526|-654311398|838860826|1936941312|1601401957|1701667175|2002874975|1702064993|1885303668|1634100594|861893474|2019975012|1634493023|1734503267|1853186606|-245011356|538106775|929117952|929444964|1697997104|942945592|1714446648|1664693093|1717659235|892756323|822085689|845362997|-1842256797|111|16777216|1179648|4158|4637|5273|5342|5391|5902|5997|6624|6625|6626|6629|6637|6648|6748|6749|6786|6833|6873|1935736884|1937007987|1835099999|1634885477|1936941431|1601401957|1717924464|1601397345|1717527603|1969381240|1869642098|779382377|1684960610|-798202516|2138706|962880051|942683440|862008165|1714577720|926442803|1684431205|1631007540|912668464|1630601224|1684300855|1998862438|0|65536|117445632|-1761607680|2046820371|33554455|-671088616|-520093671|-503316455|-452984807|-436207591|-335544295|-318767079|-150994919|-134217703|1459617817|1543503898|1610612762|-2113929190|-1325400038|-1207959526|-654311398|1006632986|1936941312|1601401957|1701667175|2002874975|1702064993|1885303668|1634100594|861893474|2019975012|1885430623|1701606771|1701867359|1818386286|1647207797|1818521205|594522213|956309692|845558118|1647390775|808543074|943076406|1633969459|929314148|1717973601|140917040|1647928832|892351843|7926579|0|256|458772|328663040|393871360|402784256|433586176|434176000|434241536|434438144|434503680|434896896|434962432|435617792|435683328|441909248|442236928|442499072|444727296|447807488|448266240|450428928|4063232|1702064993|1734308724|1600482657|1635213682|1952805747|1919967091|1650550373|1681088371|1601726047|1936744803|1600482421|1852141679|1869182559|779380076|1684960610|1282762092|2098339|1701208934|842610741|875586609|858798132|943076661|1680945209|811819618|825571380|828506120|842229299|2042968164|0|65536|117445632|-1761607680|2046820371|33554455|-671088616|-520093671|-503316455|-452984807|-436207591|-335544295|-318767079|-150994919|-134217703|1459617817|1543503898|1610612762|-2113929190|-1325400038|-1207959526|-654311398|1040187418|1936941312|1601401957|1701667175|2002874975|1702064993|1885303668|1634100594|861893474|2019975012|1885430623|1701606771|1701867359|1702453102|2003790956|1853186606|358968420|547263764|1667458304|942682169|875651385|842163553|842556518|811806817|808924004|808465208|905971764|809067362|459616819|121|16777216|1310720|7|5015|6010|6146|6616|6625|6626|6629|6630|6636|6637|6647|6648|6743|6748|6752|6786|6833|6840|6873|1935736885|1937007987|1835099999|1634885477|1936941431|1601401957|1717924464|1601397345|1717527603|1633902456|1818190962|1952999273|1853186606|-597332892|537921960|909521664|811819315|1631151202|942684469|858992691|1701132084|862139233|1681209136|1677723750|1717711156|23214179|135|16777216|1310720|7|5015|6010|6146|6616|6625|6626|6629|6630|6636|6637|6647|6648|6743|6748|6752|6786|6833|6840|6873|1935736888|1937007987|1835099999|1634885477|1936941431|1601401957|1717924464|1601397345|1717527603|1633902456|1818190962|1952999273|775041119|1684960610|-559454868|2144354|825636409|858862689|842556725|929390896|875902053|946037862|892549476|1681219894|926416904|1634087733|-2066663835|0|65536|117445632|-1761607680|2046820371|33554455|-671088616|-520093671|-503316455|-452984807|-436207591|-335544295|-318767079|-150994919|-134217703|1459617817|1543503898|1610612762|-2113929190|-1325400038|-1207959526|-654311398|922746906|1936941312|1601401957|1701667175|2002874975|1702064993|1885303668|1634100594|861893474|2019975012|1969775455|1869835873|811558766|1969368625|1701602414|-536404864|959774752|1680880739|808925283|1650669872|876111202|929378359|825635120|808989495|537649|909599537|963011632|33023|0|452984833|1792|1283840|1538560|1573376|1691904|1693696|1694208|1696000|1696256|1696512|1697024|1697280|1698048|1698304|1698816|1699072|1699328|1699584|1701632|1701888|1726208|1727488|1728512|1737216|1749248|1751040|1759488|1627403776|1952805747|1634164595|1918854509|1935767393|1937007987|1701998687|1935827302|1600402271|1667201126|1801677164|1734962271|1647211624|1818521205|-1848464283|1694507242|1633890403|845243492|842413107|1664495714|959852642|842215734|825833010|137651298|1698062848|895705913|7836722|0|256|458772|328663040|393871360|402784256|433586176|434176000|434241536|434438144|434503680|434896896|434962432|435617792|435683328|441909248|442236928|442499072|444727296|447807488|448266240|450428928|3670016|1702064993|1734308724|1600482657|1635213682|1952805747|1919967091|1650550373|1681088371|1601726047|1667853411|1768709995|1601464423|1969368626|1701602414|-690005826|1697906720|909259830|1697853495|875706468|1631007329|1698259768|876164658|842229347|537392|943010354|842479668|31424|0|335544321|1792|1283840|1538560|1573376|1693696|1696000|1696256|1697024|1697280|1698816|1699072|1701632|1701888|1726208|1727488|1728512|1737216|1749248|1751040|1759488|1627404800|1952805747|1634164595|1918854509|1935767393|1937007987|1701998687|1935827302|1600402271|1683978342|2037148001|1818322276|1734962271|1647211624|1818521205|67753573|822091971|858940215|845559395|959723828|945907250|862020193|895694437|946169136|137770852|926049792|1664364641|8019256|0|256|458772|328663040|393871360|402784256|433586176|434176000|434241536|434438144|434503680|434896896|434962432|435617792|435683328|441909248|442236928|442499072|444727296|447807488|448266240|450428928|3080192|1702064993|1734308724|1600482657|1635213682|1952805747|1919967091|1650550373|1681088371|1601726047|2003984740|1853186606|-848991132|540370162|1717855488|828520500|946026597|1681339749|892876854|942880611|1714764083|842543974|822085681|828662115|926299187|117|16777216|1310720|7|5015|6010|6146|6616|6625|6626|6629|6630|6636|6637|6647|6648|6743|6748|6752|6786|6833|6840|6873|1935736890|1937007987|1835099999|1634885477|1936941431|1601401957|1717924464|1601397345|1717527603|1701076856|1668179302|1886740325|1718968927|1969368678|1701602414|-2026337402|842596384|1630614833|959852900|1701197624|859071282|825768037|909456695|1633892194|537653|1647785008|892613986|34060|0|452984833|1792|1283840|1538560|1573376|1693184|1693696|1694208|1696000|1696256|1696512|1697024|1697280|1698048|1698304|1698816|1699072|1699328|1699584|1701632|1701888|1726208|1727488|1728512|1737216|1749248|1751040|1759488|1627403008|1952805747|1634164595|1918854509|1935767393|1937007987|1701998687|1935827302|1600402271|1683978342|1601659250|779380080|1684960610|-180001428|2149825|909272164|828649526|1701143857|1630745188|1701143650|909141047|1630888242|825844025|946012168|962999862|-1320012959|0|65536|117445632|-1761607680|2046820371|33554455|-671088616|-520093671|-503316455|-452984807|-436207591|-335544295|-318767079|-150994919|-134217703|1459617817|1543503898|1610612762|-2113929190|-1325400038|-1207959526|-654311398|939524122|1936941312|1601401957|1701667175|2002874975|1702064993|1885303668|1634100594|861893474|2019975012|1634886751|1701863287|1818386292|1647207797|1818521205|-1947032987|905977990|959590968|845308262|959668531|1633772644|1664562994|1664497976|1680880993|137848115|959657472|1681273401|8882790|0|256|458772|328663040|393871360|402784256|433586176|434176000|434241536|434438144|434503680|434896896|434962432|435617792|435683328|441909248|442236928|442499072|444727296|447807488|448266240|450428928|3801088|1702064993|1734308724|1600482657|1635213682|1952805747|1919967091|1650550373|1681088371|1601726047|2002874980|1952804959|1920299103|778398832|1684960610|2096522604|2157971|909730147|892626534|926495792|960062263|875704628|895824483|862216806|862205752|808976392|811885620|-2068499151|0|65536|117445632|-1761607680|2046820371|33554455|-671088616|-520093671|-503316455|-452984807|-436207591|-335544295|-318767079|-150994919|-134217703|1459617817|1543503898|1610612762|-2113929190|-1325400038|-1207959526|-654311398|922746906|1936941312|1601401957|1701667175|2002874975|1702064993|1885303668|1634100594|861893474|2019975012|1634886751|1701863287|1701994356|1969368676|1701602414|537219993|942669856|812005477|828454756|1697866552|909324856|909730096|1667588450|845493859|538931|876110387|1714709347|34151|0|335544321|1792|1283840|1538560|1573376|1693696|1696000|1696256|1697024|1697280|1698816|1699072|1701632|1701888|1726208|1727488|1728512|1737216|1749248|1751040|1759488|1627404800|1952805747|1634164595|1918854509|1935767393|1937007987|1701998687|1935827302|1600402271|1683978342|1601659250|1601463664|1819043193|1647212399|1818521205|1647328613|956309624|929259833|862205747|1630615856|1664103266|878993765|1714566449|1697789281|140783717|825637120|875902515|8849720|0|256|458772|328663040|393871360|402784256|433586176|434176000|434241536|434438144|434503680|434896896|434962432|435617792|435683328|441909248|442236928|442499072|444727296|447807488|448266240|450428928|3407872|1702064993|1734308724|1600482657|1635213682|1952805747|1919967091|1650550373|1681088371|1601726047|2002874980|1970041695|1969368679|1701602414|996022891|1714618400|862270307|1714630706|946168163|926101561|858862436|912417891|845231668|536629|1667641400|1633825382|46361|0|352321537|1792|1283840|1358848|1538560|1573376|1693696|1696000|1696256|1697024|1697280|1698816|1699072|1701632|1701888|1726208|1727488|1728512|1737216|1749248|1751040|1759488|1627404544|1952805747|1634164595|1918854509|1935767393|1937007987|1701998687|1935827302|1600402271|1683978342|1601659250|1735748723|1970037343|1969368677|1701602414|779260190|1664221216|959473250|845560121|895890019|1717842231|1717777971|1647784243|1647652921|550200|1647666488|1647325490|34034|0|352321537|1792|1283840|1358848|1538560|1573376|1693696|1696000|1696256|1697024|1697280|1698816|1699072|1701632|1701888|1726208|1727488|1728512|1737216|1749248|1751040|1759488|1627405056|1952805747|1634164595|1918854509|1935767393|1937007987|1701998687|1935827302|1600402271|1683978342|1601659250|1735748723|1920299103|778398832|1684960610|223896940|2132764|962670640|912601911|1717710946|1681339442|845242681|842414433|929457465|858929200|1634074632|929194850|-2059771290|0|65536|117445888|-1761607680|-1140850669|2046820372|33554455|-671088616|-520093671|-503316455|-452984807|-436207591|-335544295|-318767079|-150994919|-134217703|1459617817|1543503898|1610612762|-2113929190|-1325400038|-1207959526|-654311398|939524122|1936941312|1601401957|1701667175|2002874975|1702064993|1885303668|1634100594|861893474|2019975012|1634886751|1819500407|1918855029|1647207525|1818521205|-122252699|922755108|1650667570|875901537|962750050|859267937|1664574772|912417075|859071797|137651512|811753984|946222689|8900662|0|256|458773|328663040|347865088|393871360|402784256|433586176|434176000|434241536|434438144|434503680|434896896|434962432|435617792|435683328|441909248|442236928|442499072|444727296|447807488|448266240|450428928|3866624|1702064993|1734308724|1600482657|1635213682|1952805747|1919967091|1650550373|1681088371|1601726047|2002874980|1970041695|1702453095|2003790956|1853186606|-1721406364|549031203|1681219840|1717790000|962998329|808860002|1650538041|859060536|895902770|862206052|872417380|862007353|1080309861|134|16777216|1376256|7|5015|5308|6010|6146|6616|6625|6626|6629|6630|6636|6637|6647|6648|6743|6748|6752|6786|6833|6840|6873|1935736884|1937007987|1835099999|1634885477|1936941431|1601401957|1717924464|1601397345|1717527603|1835360120|1601795184|779381096|1684960610|1875535212|2141765|1681471078|1647391845|1647927601|875837030|1684420915|1681338422|845571635|959472690|862060552|1681010739|195781431|0|65536|-704642816|956301337|1936941312|1601401957|1701667175|2002874975|1702064993|1885303668|1634100594|861893474|2019975012|1970365791|1818194025|1818588773|779122015|1684960610|1234462060|2137707|1680893029|845494113|1631072824|929380408|1717920819|1664692833|912340017|892756835|845414408|1701131105|-2047659469|0|65536|117445632|-1761607680|2046820371|33554455|-671088616|-520093671|-503316455|-452984807|-436207591|-335544295|-318767079|-150994919|-134217703|1459617817|1543503898|1610612762|-2113929190|-1325400038|-1207959526|-654311398|1107296282|1936941312|1601401957|1701667175|2002874975|1702064993|1885303668|1634100594|861893474|2019975012|1919510111|1667331187|1970107747|1769234796|1818191222|1952999273|1853186606|-94016412|537554959|1633957376|892757606|858808888|1697931833|1664102705|825833528|926102836|859136569|855640161|1633772593|-13212103|14|16777216|1310720|7|5015|6010|6146|6616|6625|6626|6629|6630|6636|6637|6647|6648|6743|6748|6752|6786|6833|6840|6873|1935736879|1937007987|1835099999|1634885477|1936941431|1601401957|1717924464|1601397345|1717527603|1818713976|1647212399|1818521205|-134918555|822091847|1717712944|1630942821|1647390770|1664115558|878993716|892876593|876163379|137573730|1701078016|892547376|7202405|0|256|458772|328663040|393871360|402784256|433586176|434176000|434241536|434438144|434503680|434896896|434962432|435617792|435683328|441909248|442236928|442499072|444727296|447807488|448266240|450428928|3997696|1702064993|1734308724|1600482657|1635213682|1952805747|1919967091|1650550373|1681088371|1601726047|1685024615|1868783475|1601335148|1851880047|1647207783|1818521205|-590940315|838869178|892678497|878784870|809054820|808988720|1633891169|1714579043|862020409|140796464|842020352|1667523636|7942457|0|256|458772|328663040|393871360|402784256|433586176|434176000|434241536|434438144|434503680|434896896|434962432|435617792|435683328|441909248|442236928|442499072|444727296|447807488|448266240|450428928|3866624|1702064993|1734308724|1600482657|1635213682|1952805747|1919967091|1650550373|1681088371|1601726047|1685024615|1868783475|1601335148|1802398064|1853186606|879062116|540971753|859255040|895891000|1633969208|1717920099|1697658980|926180409|1700869945|929118521|922748981|1630679609|1731343156|124|16777216|1310720|7|5015|6010|6146|6616|6625|6626|6629|6630|6636|6637|6647|6648|6743|6748|6752|6786|6833|6840|6873|1935736890|1937007987|1835099999|1634885477|1936941431|1601401957|1717924464|1601397345|1717527603|1869045624|1601397871|1869377379|1701994354|1969368676|1701602414|-575389583|962723872|828793397|1631074354|825766966|1681208119|1664377697|1684222563|1717646642|538161|876098146|1650733872|31094|0|335544321|1792|1283840|1538560|1573376|1693696|1696000|1696256|1697024|1697280|1698816|1699072|1701632|1701888|1726208|1727488|1728512|1737216|1749248|1751040|1759488|1627405312|1952805747|1634164595|1918854509|1935767393|1937007987|1701998687|1935827302|1600402271|1734309990|1935961967|1819239263|1918857839|842032229|1853186606|-949654428|541913156|878786048|929457249|929390948|859320885|926429281|1664495926|808740405|878994232|872417330|1664508469|-1137428379|130|16777216|1376256|7|4522|5015|6010|6146|6616|6625|6626|6629|6630|6636|6637|6647|6648|6743|6748|6752|6786|6833|6840|6873|1935736887|1937007987|1835099999|1634885477|1936941431|1601401957|1717924464|1601397345|1717527603|1869045624|1601397871|1751607660|1647194484|1818521205|-665495451|805314697|825701986|1647917368|876111412|929249635|808859698|1681155684|862138721|137967666|1630954752|1681339952|8246833|0|256|458772|328663040|393871360|402784256|433586176|434176000|434241536|434438144|434503680|434896896|434962432|435617792|435683328|441909248|442236928|442499072|444727296|447807488|448266240|450428928|3604480|1702064993|1734308724|1600482657|1635213682|1952805747|1919967091|1650550373|1681088371|1601726047|1685024615|1768710003|846489703|1853186606|56978532|547896875|1681154304|1633969714|962815331|1681470262|962868793|1697790000|1701196085|1664573751|872417334|842556472|859136304|125|16777216|1310720|7|5015|6010|6146|6616|6625|6626|6629|6630|6636|6637|6647|6648|6743|6748|6752|6786|6833|6840|6873|1935736886|1937007987|1835099999|1634885477|1936941431|1601401957|1717924464|1601397345|1717527603|1835622264|1868783463|1852796269|1969368625|1701602414|87126227|892403744|809001785|875966562|1717843255|1633761075|878917429|1647325488|1667654962|537442|1697932089|842281016|4047|0|352321537|1792|1283840|1408000|1538560|1573376|1693696|1696000|1696256|1697024|1697280|1698816|1699072|1701632|1701888|1726208|1727488|1728512|1737216|1749248|1751040|1759488|1627403520|1952805747|1634164595|1918854509|1935767393|1937007987|1701998687|1935827302|1600402271|1784641638|1751608937|811557237|1969368625|1701602414|-715461298|875757600|811754596|808465971|1631150903|1698248547|1633957174|828453217|909206066|536624|811754598|1633891379|32848|0|570425345|1792|1064448|1187072|1283840|1349888|1367552|1380096|1510912|1535232|1538560|1573376|1693184|1693696|1695744|1696000|1696256|1697024|1697280|1698048|1698304|1698816|1699072|1699328|1699584|1701632|1701888|1726208|1727488|1727744|1728512|1737216|1749248|1751040|1759488|1627404544|1952805747|1634164595|1918854509|1935767393|1937007987|1701998687|1935827302|1600402271|1818196070|1952802409|1600482665|1751607660|1969368692|1701602414|-1509888348|842137632|811951417|892876133|1667380835|962670690|925917490|828716856|929195572|550452|946234419|1680947505|3833|0|335544321|1792|1283840|1538560|1573376|1693696|1696000|1696256|1697024|1697280|1698816|1699072|1701632|1701888|1726208|1727488|1728512|1737216|1749248|1751040|1759488|1627405824|1952805747|1634164595|1918854509|1935767393|1937007987|1701998687|1935827302|1600402271|1818196070|1953066345|1852793708|2003134838|1734962271|1647211624|1818521205|1031160165|1644175407|878850865|942814051|828782137|1714894384|1681273912|1717909040|892874854|140785254|842151424|875651385|7714916|0|256|458772|328663040|393871360|402784256|433586176|434176000|434241536|434438144|434503680|434896896|434962432|435617792|435683328|441909248|442236928|442499072|444727296|447807488|448266240|450428928|3866624|1702064993|1734308724|1600482657|1635213682|1952805747|1919967091|1650550373|1681088371|1601726047|1801680236|1819303801|1919252833|825241695|1853186606|1483041892|543576957|1697998336|943153765|876045409|959473254|811937846|1633903666|875913573|1701065314|922748983|862140465|-1321782477|128|16777216|1376256|7|5015|5027|6010|6146|6616|6625|6626|6629|6630|6636|6637|6647|6648|6743|6748|6752|6786|6833|6840|6873|1935736889|1937007987|1835099999|1634885477|1936941431|1601401957|1717924464|1601397345|1717527603|1970036600|1601792867|2036427888|808481381|1853186606|1231383652|542528539|1650615040|842020150|1650603315|808530736|1681154615|1667445555|1697735987|858939745|872417332|1630942257|976447076|121|16777216|1310720|7|5015|6010|6146|6616|6625|6626|6629|6630|6636|6637|6647|6648|6743|6748|6752|6786|6833|6840|6873|1935736889|1937007987|1835099999|1634885477|1936941431|1601401957|1717924464|1601397345|1717527603|1970036600|1601792867|2036427888|825258597|1853186606|-1234867100|547040717|1630614272|1714501474|962815538|943075427|842085475|842544438|960051513|925917745|1660946533|1680892215|476327992|123|16777216|1310720|7|5015|6010|6146|6616|6625|6626|6629|6630|6636|6637|6647|6648|6743|6748|6752|6786|6833|6840|6873|1935736889|1937007987|1835099999|1634885477|1936941431|1601401957|1717924464|1601397345|1717527603|1970036600|1601792867|2036427888|842035813|1853186606|2070244452|548984710|1664300032|811807589|808859186|1681405495|942747956|825243234|1684156770|859387491|1677723704|1630550327|876176997|125|16777216|1310720|7|5015|6010|6146|6616|6625|6626|6629|6630|6636|6637|6647|6648|6743|6748|6752|6786|6833|6840|6873|1935736894|1937007987|1835099999|1634885477|1936941431|1601401957|1717924464|1601397345|1717527603|1869438840|1702130542|1597059186|1684955492|811560801|1969368625|1701602414|1228362684|1634074656|1701065782|1630680630|1700999222|912339813|912483896|892822840|909129062|537444|1664377700|929379379|31428|0|520093697|1792|1064448|1187072|1283840|1349888|1367552|1380096|1510912|1535232|1538560|1573376|1693696|1695744|1696000|1696256|1697024|1697280|1698816|1699072|1699328|1699584|1701632|1701888|1726208|1727488|1727744|1728512|1737216|1749248|1751040|1759488|1627405056|1952805747|1634164595|1918854509|1935767393|1937007987|1701998687|1935827302|1600402271|1834973286|1953721967|825258597|1953065055|774975583|1684960610|-1997576852|2153769|959865653|842608948|1684300857|858940005|1681155380|859070770|879060279|942945848|909312008|892612709|1950167393|0|65536|117448448|1040187392|486539280|-1761607662|-1728053229|-570425324|251658260|234881045|1828716567|2046820375|33554455|-671088616|-536870887|-520093671|-503316455|-452984807|-436207591|-335544295|-318767079|-301989863|-285212647|-150994919|-134217703|1459617817|1543503898|1560281114|1610612762|-2113929190|-1325400038|-1207959526|-654311398|855638042|1936941312|1601401957|1701667175|2002874975|1702064993|1885303668|1634100594|861893474|2019975012|1937076575|811560545|1969368625|1701602414|132617132|879099936|895563828|1664496439|1717985636|1700880691|858928432|962803513|959853412|549988|1633903460|825635171|32591|0|570425345|1792|1064448|1187072|1283840|1349888|1367552|1380096|1510912|1535232|1538560|1573376|1693184|1693696|1695744|1696000|1696256|1697024|1697280|1698048|1698304|1698816|1699072|1699328|1699584|1701632|1701888|1726208|1727488|1727744|1728512|1737216|1749248|1751040|1759488|1627405056|1952805747|1634164595|1918854509|1935767393|1937007987|1701998687|1935827302|1600402271|1918859366|1667853413|1734962271|1650422888|778401132|1684960610|-736467604|2124833|892941412|811676258|926038322|1667654963|943088439|909599586|925906230|1684223589|942866440|1664299315|2117887334|0|65536|117445632|-1761607680|2046820371|33554455|-671088616|-520093671|-503316455|-452984807|-436207591|-335544295|-318767079|-150994919|-134217703|1459617817|1543503898|1610612762|-2113929190|-1325400038|-1207959526|-654311398|973078554|1936941312|1601401957|1701667175|2002874975|1702064993|1885303668|1634100594|861893474|2019975012|1818587743|1818190697|1952999273|1684370015|1853186606|459631716|537945139|963012096|926508646|825767988|1715025204|943284788|1714513505|892691249|876045667|1627392102|845297203|1664246073|128|16777216|1310720|7|5015|6010|6146|6616|6625|6626|6629|6630|6636|6637|6647|6648|6743|6748|6752|6786|6833|6840|6873|1935736893|1937007987|1835099999|1634885477|1936941431|1601401957|1717924464|1601397345|1717527603|1701994360|1600350572|1751607660|1769365364|1952803951|1853186606|-1352307612|538044280|1630679040|963010916|943206457|1664234086|912483890|1714774839|912668006|1714960182|889194553|1650669624|1130455859|129|16777216|1310720|7|5015|6010|6146|6616|6625|6626|6629|6630|6636|6637|6647|6648|6743|6748|6752|6786|6833|6840|6873|1935736893|1937007987|1835099999|1634885477|1936941431|1601401957|1717924464|1601397345|1717527603|1701994360|1600350572|1751607660|1702453108|2003790956|1853186606|325413988|547003396|879126016|909336883|1681273442|808740194|1667314788|926429497|943012144|912418352|838862901|1667314229|-1825360077|129|16777216|1310720|7|5015|6010|6146|6616|6625|6626|6629|6630|6636|6637|6647|6648|6743|6748|6752|6786|6833|6840|6873|1935736887|1937007987|1835099999|1634885477|1936941431|1601401957|1717924464|1601397345|1717527603|1701994360|1685217655|1734962271|1647211624|1818521205|-4600475|889200676|1700934963|1714708837|1664692836|825308518|1650538297|909325414|926049889|137847093|1698063360|892429923|8094307|0|256|458772|328663040|393871360|402784256|433586176|434176000|434241536|434438144|434503680|434896896|434962432|435617792|435683328|441909248|442236928|442499072|444727296|447807488|448266240|450428928|4390912|1702064993|1734308724|1600482657|1635213682|1952805747|1919967091|1650550373|1681088371|1601726047|1635214706|1752392818|1769371503|1818195813|1751608937|825253748|1853186606|-1016763292|553233160|1697670144|959460661|842609459|909206627|909391158|912679992|909325107|959604069|838862950|1647521842|1462841653|128|16777216|1310720|7|5015|6010|6146|6616|6625|6626|6629|6630|6636|6637|6647|6648|6743|6748|6752|6786|6833|6840|6873|1935736899|1937007987|1835099999|1634885477|1936941431|1601401957|1717924464|1601397345|1717527603|1701994360|1685217655|2003789939|2003134838|1852402783|1601464423|1647194672|1818521205|-131101851|822091912|1630876771|1680958307|1664561717|1714894433|909337913|1684288825|1664102500|140730725|845504768|926377057|7788345|0|256|458772|328663040|393871360|402784256|433586176|434176000|434241536|434438144|434503680|434896896|434962432|435617792|435683328|441909248|442236928|442499072|444727296|447807488|448266240|450428928|3735552|1702064993|1734308724|1600482657|1635213682|1952805747|1919967091|1650550373|1681088371|1601726047|1868722034|1768710004|1635084149|1647208302|1818521205|-264057499|889200841|1701064805|1633838693|825582179|1697866086|875967285|809067825|895824179|137506917|1667445760|862337333|8046393|0|256|458773|328663040|393871360|402784256|433127424|433586176|434176000|434241536|434438144|434503680|434896896|434962432|435617792|435683328|441909248|442236928|442499072|444727296|447807488|448266240|450428928|3473408|1702064993|1734308724|1600482657|1635213682|1952805747|1919967091|1650550373|1681088371|1601726047|1701995379|1818390117|1647211125|1818521205|400233061|1627398147|895825968|1664561252|959461172|1714434148|1697919030|1681470309|1631008611|137901157|825766912|1647731813|7196215|0|256|272498706|303890432|345571328|350093312|353304576|386793472|393019392|434110464|434176000|434241536|434438144|434962432|435683328|442236928|442302464|444727296|447807488|450428928|3801088|1702064993|1734308724|1600482657|1635213682|1952805747|1919967091|1650550373|1681088371|1601726047|1886349427|1667326559|1869768555|778333813|1684960610|12477804|2134247|828465509|929249635|808858212|859125810|859399216|1664104805|862008887|862009649|859242504|1714566502|2067543091|0|65536|117448704|1040187392|486539280|-1761607662|-1728053229|-570425324|251658260|1862270997|1912602645|1929379861|234881045|1828716567|2046820375|33554455|-671088616|-536870887|-520093671|-503316455|-452984807|-436207591|-335544295|-318767079|-150994919|-134217703|1459617817|1543503898|1560281114|1610612762|-2113929190|-1325400038|-1207959526|-654311398|905969690|1936941312|1601401957|1701667175|2002874975|1702064993|1885303668|1634100594|861893474|2019975012|1869116255|1751342960|1702063983|1853186606|879062116|550589255|909718016|909588533|1681470003|862151732|875575350|945907254|912666933|1717854822|939526193|946157361|-483236510|118|16777216|1310720|7|5015|6010|6146|6616|6625|6626|6629|6630|6636|6637|6647|6648|6743|6748|6752|6786|6833|6840|6873|1935736885|1937007987|1835099999|1634885477|1936941431|1601401957|1717924464|1601397345|1717527603|1752391544|1818194031|1952999273|1853186606|-412783516|542908141|1630954752|842283321|1698051377|909718326|842477872|1664234551|842217008|1697984566|838862904|845297250|-1841929935|118|16777216|1310720|7|5015|6010|6146|6616|6625|6626|6629|6630|6636|6637|6647|6648|6743|6748|6752|6786|6833|6840|6873|1935736888|1937007987|1835099999|1634885477|1936941431|1601401957|1717924464|1601397345|1717527603|1752391544|1919252335|1651860063|778398818|1684960610|-106404500|2131558|929314150|1634087270|845297763|1630692406|1681010999|1667393081|828716641|1650745657|1714683912|808923237|2085369905|0|65536|117445888|-1761607680|1056964627|2046820374|33554455|-671088616|-520093671|-503316455|-452984807|-436207591|-335544295|-318767079|-150994919|-134217703|1459617817|1543503898|1610612762|-2113929190|-1325400038|-1207959526|-654311398|922746906|1936941312|1601401957|1701667175|2002874975|1702064993|1885303668|1634100594|861893474|2019975012|1869116255|1601332599|1702125943|1969368690|1701602414|-1607772058|909639712|1650811705|842281060|808805729|912602721|859255601|926496563|876111415|537956|1633761074|1667512370|30424|0|335544321|1792|1283840|1538560|1573376|1693696|1696000|1696256|1697024|1697280|1698816|1699072|1701632|1701888|1726208|1727488|1728512|1737216|1749248|1751040|1759488|1627403776|1952805747|1634164595|1918854509|1935767393|1937007987|1701998687|1935827302|1600402271|1935636582|1600615788|1633903986|1647211635|1818521205|-1103738267|922755102|946221878|1630560565|1714512689|1700947506|842609458|1714905913|945960761|137376610|1650538240|1633956705|9467193|0|256|458776|328663040|393871360|402784256|433586176|434176000|434241536|434438144|434503680|434700288|434765824|434896896|434962432|435027968|435093504|435617792|435683328|441909248|442236928|442499072|444727296|447807488|448266240|450428928|3473408|1702064993|1734308724|1600482657|1635213682|1952805747|1919967091|1650550373|1681088371|1601726047|1667330163|1818386277|1647207797|1818521205|-1684404379|855646407|1697985379|1701197922|1714894434|1647326049|828727909|858994737|825778785|137377890|1717920256|1698247221|7426610|0|256|458776|328663040|393871360|402784256|433586176|434176000|434241536|434438144|434503680|434700288|434765824|434896896|434962432|435027968|435093504|435617792|435683328|441909248|442236928|442499072|444727296|447807488|448266240|450428928|3604480|1702064993|1734308724|1600482657|1635213682|1952805747|1919967091|1650550373|1681088371|1601726047|1667330163|1970298725|1701605490|1853186606|-278565788|543219554|895705856|895694391|946103606|825713253|825700407|959787619|842084409|862347575|1627392102|1647391077|-2076821197|113|16777216|1572864|7|5015|6010|6146|6616|6625|6626|6629|6630|6633|6634|6636|6637|6638|6639|6647|6648|6743|6748|6752|6786|6833|6840|6873|1935736886|1937007987|1835099999|1634885477|1936941431|1601401957|1717924464|1601397345|1717527603|1886609272|1600480097|1953065079|1969368677|1701602414|-1567934055|1664548896|1667588710|845296227|942760802|892941872|1698050354|962934581|959538276|549222|895891044|875900977|29003|0|402653185|1792|1283840|1538560|1573376|1693696|1696000|1696256|1697024|1697280|1698048|1698304|1698816|1699072|1699328|1699584|1701632|1701888|1726208|1727488|1728512|1737216|1749248|1751040|1759488|1627404032|1952805747|1634164595|1918854509|1935767393|1937007987|1701998687|1935827302|1600402271|1935636582|1701011824|1818589535|779579244|1684960610|-900307604|2117607|942815542|808870712|811885105|825243750|926049587|825320246|1717647206|1647456567|876150792|959852600|1899837233|0|65536|117446656|-1761607680|2046820371|33554455|-671088616|-520093671|-503316455|-452984807|-436207591|-385875943|-369098727|-335544295|-318767079|-301989863|-285212647|-150994919|-134217703|1459617817|1543503898|1610612762|-2113929190|-1325400038|-1207959526|-654311398|956301338|1936941312|1601401957|1701667175|2002874975|1702064993|1885303668|1634100594|861893474|2019975012|1600746847|1851880807|1969781351|774975583|1684960610|1351443820|2155265|825831730|959996469|1697669987|959787573|942694969|1714500451|1664366386|1681339952|1664483336|1714893872|2101884465|0|65536|117445888|-1761607680|2046820371|33554455|-704643048|-671088615|-520093671|-503316455|-452984807|-436207591|-335544295|-318767079|-150994919|-134217703|1459617817|1543503898|1610612762|-2113929190|-1325400038|-1207959526|-654311398|1040187418|1936941312|1601401957|1701667175|2002874975|1702064993|1885303668|1634100594|861893474|2019975012|1701148511|1684956523|1601594465|1751607660|825253748|1853186606|1868917860|547797376|862204928|859333682|909586534|959459376|875902514|1630615909|1633837625|926442853|956303461|892810038|1365522790|126|16777216|1310720|7|5015|6010|6146|6616|6625|6626|6629|6630|6636|6637|6647|6648|6743|6748|6752|6786|6833|6840|6873|1935736894|1937007987|1835099999|1634885477|1936941431|1601401957|1717924464|1601397345|1717527603|1702322040|1852140389|1986290020|1734962271|811562088|1969368626|1701602414|-1671327601|808714272|892887397|875783476|875586401|858809651|1680947001|1664497465|943219504|549986|926311269|845494576|32563|0|335544321|1792|1283840|1538560|1573376|1693696|1696000|1696256|1697024|1697280|1698816|1699072|1701632|1701888|1726208|1727488|1728512|1737216|1749248|1751040|1759488|1627405824|1952805747|1634164595|1918854509|1935767393|1937007987|1701998687|1935827302|1600402271|2002745446|1701537125|1684104302|1768710006|1601464423|1647194928|1818521205|82750309|1711284310|842359089|1700868659|959734072|859256114|1714435641|845505079|862140260|137377078|1630615040|875913785|8168756|0|256|458772|328663040|393871360|402784256|433586176|434176000|434241536|434438144|434503680|434896896|434962432|435617792|435683328|441909248|442236928|442499072|444727296|447807488|448266240|450428928|4063232|1702064993|1734308724|1600482657|1635213682|1952805747|1919967091|1650550373|1681088371|1601726047|1801807223|1633971813|1818195556|1952999273|775172191|1684960610|-1584765588|2106315|842283319|1714577972|895705395|912405092|962749795|1667327543|1630757176|926377008|1647837192|892953698|1968268131|0|65536|117445632|-1761607680|2046820371|33554455|-671088616|-520093671|-503316455|-452984807|-436207591|-335544295|-318767079|-150994919|-134217703|1459617817|1543503898|1610612762|-2113929190|-1325400038|-1207959526|-654311398|1040187418|1936941312|1601401957|1701667175|2002874975|1702064993|1885303668|1634100594|861893474|2019975012|1701148511|1684956523|1601594465|1751607660|892362612|1853186606|-1134203804|551453294|825385728|959657777|1681089633|1700935781|943207782|1684156772|895628595|929183030|1711278179|1684222514|641151794|122|16777216|1310720|7|5015|6010|6146|6616|6625|6626|6629|6630|6636|6637|6647|6648|6743|6748|6752|6786|6833|6840|6873|1935736894|1937007987|1835099999|1634885477|1936941431|1601401957|1717924464|1601397345|1717527603|1702322040|1852140389|1986290020|1734962271|811562088|1969368630|1701602414|1380879759|842465312|878785634|828520546|959722801|926049848|1633838181|1717920817|876110949|549431|1630810465|862020914|37828|0|436207617|1792|1283840|1538560|1573376|1693696|1694208|1696000|1696256|1696512|1697024|1697280|1698048|1698304|1698816|1699072|1699328|1699584|1701632|1701888|1726208|1727488|1728512|1737216|1749248|1751040|1759488|1627403264|1952805747|1634164595|1918854509|1935767393|1937007987|1701998687|1935827302|1600402271|2002745446|1685547130|808476536|1853186606|308636772|551684192|912603392|1684366434|828585569|946155829|845374050|828715875|943022644|1667313762|956303462|892352101|-935893963|123|16777216|1310720|7|5015|6010|6146|6616|6625|6626|6629|6630|6636|6637|6647|6648|6743|6748|6752|6786|6833|6840|6873|1935736884|1937007987|1835099999|1634885477|1936941431|1601401957|1717924464|1601397345|1717527603|2054643576|2019850088|774975583|1684960610|-1716820628|2157843|1650733921|1714828386|912483893|845492321|1650615650|1647927859|825713714|943076400|828506120|1647589430|2067882297|0|65536|117445632|-1761607680|2046820371|33554455|-671088616|-520093671|-503316455|-452984807|-436207591|-335544295|-318767079|-150994919|-134217703|1459617817|1543503898|1610612762|-2113929190|-1325400038|-1207959526|-654311398|872415258|1936941312|1601401957|1701667175|2002874975|1702064993|1885303668|1634100594|861893474|2019975012|1752856415|1601725559|1647194672|1818521205|-115402651|922755222|959526964|912406072|1647720504|825309026|895825971|1714763621|808871479|140719718|1647325184|859333221|8071777|0|256|458772|328663040|393871360|402784256|433586176|434176000|434241536|434438144|434503680|434896896|434962432|435617792|435683328|441909248|442236928|442499072|444727296|447807488|448266240|450428928|3407872|1702064993|1734308724|1600482657|1635213682|1952805747|1919967091|1650550373|1681088371|1601726047|2003335799|811563108|1969368627|1701602414|-26580409|828702752|1698194480|1681077604|1634034225|862271288|1684224312|1634088241|876098357|550245|925918563|875783481|31528|0|335544321|1792|1283840|1538560|1573376|1693696|1696000|1696256|1697024|1697280|1698816|1699072|1701632|1701888|1726208|1727488|1728512|1737216|1749248|1751040|1759488|1627404544|1952805747|1634164595|1918854509|1935767393|1937007987|1701998687|1935827302|1600402271|2053077094|1768712552|1650421601|1600546421|1969368625|1701602414|-2027054487|1717895200|1697735476|862086196|1667655013|1697921126|1698259761|811885410|1664705332|538930|942957921|876110949|32169|0|452984833|1792|1283840|1538560|1573376|1693184|1693696|1695232|1695488|1696000|1696256|1697024|1697280|1698048|1698304|1698816|1699072|1699328|1699584|1701632|1701888|1726208|1727488|1728512|1737216|1749248|1751040|1759488|1627404544|1952805747|1634164595|1918854509|1935767393|1937007987|1701998687|1935827302|1600402271|2053077094|1768712552|1650421601|1600546421|1969368626|1701602414|357419805|892796960|1630561589|1630889316|1684156774|1664443236|892483685|909600052|842085988|550497|892809828|1717790259|33204|0|452984833|1792|1283840|1538560|1573376|1693184|1693696|1694208|1696000|1696256|1696512|1697024|1697280|1698048|1698304|1698816|1699072|1699328|1699584|1701632|1701888|1726208|1727488|1728512|1737216|1749248|1751040|1759488|1627404544|1952805747|1634164595|1918854509|1935767393|1937007987|1701998687|1935827302|1600402271|2053077094|1768712552|1650421601|1600546421|1969368627|1701602414|1609453614|1714552864|845243444|892809570|895760438|1647863344|1681076786|959865910|1634034531|550451|875770724|909534265|32123|0|486539265|1792|1283840|1538560|1573376|1693184|1693696|1694208|1695232|1695488|1696000|1696256|1696512|1697024|1697280|1698048|1698304|1698816|1699072|1699328|1699584|1701632|1701888|1726208|1727488|1728512|1737216|1749248|1751040|1759488|1627403264|1952805747|1634164595|1918854509|1935767393|1937007987|1701998687|1935827302|1600402271|1684632935|1768316773|1919248238|1853186606|73755748|545742828|811874304|1647469106|1664235575|926298677|1667655224|929249381|892745316|845362489|838862949|895758899|1312241765|19|16777216|655361|1684632903|1936933221|160869|7|6609|1935736883|1937007987|1835099999|1634885477|1936941431|1601401957|1717924464|1601397345|1734304819|1701079413|1734962271|1647211624|1818521205|1490279525|1677729921|875573559|1684353123|828465969|892483641|962749236|1667379553|1631073073|140796470|825307136|912471350|7940660|0|65792|1967587338|1097163881|1952805747|458773|328663040|393871360|402784256|433127424|433586176|434176000|434241536|434438144|434503680|434896896|434962432|435617792|435683328|441909248|442236928|442499072|444727296|447807488|448266240|450428928|3538944|1702064993|1734308724|1600482657|1635213682|1952805747|1919967091|1650550373|1681088371|1769301855|1818191204|1952999273|775041119|1684960610|-1856346772|2125324|1714709561|808792677|1650733873|926049125|828530999|1714839859|875638883|895640628|1684144136|942879540|2032821814|0|65536|117445888|-1761607680|2046820371|33554455|-788529128|-671088615|-520093671|-503316455|-452984807|-436207591|-335544295|-318767079|-150994919|-134217703|1459617817|1543503898|1610612762|-2113929190|-1325400038|-1207959526|-654311398|939524122|1936941312|1601401957|1701667175|2002874975|1702064993|1885303668|1634100594|861893474|1701338980|811560818|1601253680|1635021921|1647209315|1818521205|-376629403|855646436|1697790259|912667444|962683959|892483428|1664366136|945905972|895629153|137377843|963012096|878797667|8128561|0|256|458786|272498688|303890432|328663040|345571328|350093312|353304576|386793472|393019392|393871360|402784256|433455104|433586176|434110464|434176000|434241536|434438144|434503680|434700288|434765824|434896896|434962432|435027968|435093504|435617792|435683328|441909248|442236928|442302464|442499072|444727296|447807488|448266240|450428928|4194304|1702064993|1734308724|1600482657|1635213682|1952805747|1919967091|1650550373|1681088371|1919248479|808476527|1633644849|1667331188|1683960171|1633971809|1969368687|1701602414|913894569|942932000|1714632761|1650811188|1684092468|858993252|878994736|811939685|1697997414|549681|959656761|895564129|31968|0|369098753|1064448|1187072|1349888|1367552|1380096|1510912|1535232|1695744|1696000|1696256|1697024|1698048|1698304|1699072|1699328|1699584|1701888|1727488|1727744|1737216|1749248|1759488|1627405568|1952805747|1634164595|1918854509|1935767393|1937007987|1701998687|1935827302|1600402271|1869768040|825241695|1952538481|1801675124|1768447793|1969368692|1701602414|787610777|942800928|962670948|1664233524|1634100792|1647522104|963000625|845232434|895694136|536930|1714501169|1633956662|31048|0|369098753|1064448|1187072|1349888|1367552|1380096|1510912|1535232|1695744|1696000|1696256|1697024|1698048|1698304|1699072|1699328|1699584|1701888|1727488|1727744|1737216|1749248|1759488|1627406592|1952805747|1634164595|1918854509|1935767393|1937007987|1701998687|1935827302|1600402271|1869768040|825241695|1952538481|1801675124|1768447793|1717657460|1969368683|1701602414|-319819257|1664417824|1681405493|1630680113|858940979|1647456610|842019634|1667523425|862204771|536678|825832801|1664626992|31007|0|369098753|1064448|1187072|1349888|1367552|1380096|1510912|1535232|1695744|1696000|1696256|1697024|1698048|1698304|1699072|1699328|1699584|1701888|1727488|1727744|1737216|1749248|1759488|1627406080|1952805747|1634164595|1918854509|1935767393|1937007987|1701998687|1935827302|1600402271|1869768040|825241695|1952538481|1801675124|1752391473|778135145|1684960610|-1980078740|2157811|1664693861|1698116659|842215993|1664378167|1631138917|811873079|929181797|962736692|1647771656|825309537|1939564087|0|65536|1040192512|486539280|-1728053230|-570425324|251658260|234881045|1828716567|-637534185|-536870887|-520093671|-503316455|-486539239|-452984807|-318767079|-134217703|1543503897|1560281114|-2113929190|-1325400038|-654311398|956301338|1936941312|1601401957|1701667175|2002874975|1702064993|1885303668|1634100594|861893474|1701338980|811560818|1601253680|1818848115|774987628|1684960610|1610245484|2099192|812005427|909195318|862140257|875783009|909193827|912483942|1697854262|1647522145|1647509512|1667589687|-822582989|0|65536|1040193792|486539280|-1728053230|-570425324|251658260|234881045|1828716567|-704643049|-570425319|-553648103|-536870887|-520093671|-503316455|-452984807|-385875943|-369098727|-318767079|-301989863|-285212647|-134217703|1543503897|1560281114|-2113929190|-1325400038|-654311398|956301338|1936941312|1601401957|1701667175|2002874975|1702064993|1885303668|1634100594|861893474|1701338980|811560818|1601253680|1818848115|775053164|1684960610|1240098156|2150858|962684467|946091875|862205492|858927713|1715036470|879112248|945906022|1647587640|1714814984|943284531|-594462878|0|65536|1040193792|486539280|-1728053230|-570425324|251658260|234881045|1828716567|-704643049|-570425319|-553648103|-536870887|-520093671|-503316455|-452984807|-385875943|-369098727|-318767079|-301989863|-285212647|-134217703|1543503897|1560281114|-2113929190|-1325400038|-654311398|956301338|1936941312|1601401957|1701667175|2002874975|1702064993|1885303668|1634100594|861893474|1701338980|811560818|1601253680|1851880563|779706980|1684960610|-1532467860|2128295|1714709042|892494136|1700934708|876097845|1650864689|909205814|946223457|892756785|828702728|909141557|2052469809|0|65536|1040193536|486539280|-1728053230|-570425324|251658260|234881045|1828716567|-570425321|-553648103|-536870887|-520093671|-503316455|-452984807|-385875943|-369098727|-318767079|-301989863|-285212647|-134217703|1543503897|1560281114|-2113929190|-1325400038|-654311398|939524122|1936941312|1601401957|1701667175|2002874975|1702064993|1885303668|1634100594|861893474|1701338980|811560818|1601253936|1635021921|1647209315|1818521205|-763741851|922755321|1714827313|929116983|1681208884|1647916598|811885874|1714829154|828651573|137520486|1667643136|892876389|10969445|0|256|458778|328663040|393871360|402784256|433586176|433717248|434176000|434241536|434307072|434438144|434503680|434700288|434765824|434896896|434962432|435027968|435093504|435617792|435683328|441909248|442236928|442499072|444727296|447807488|448266240|450428928|4194304|1702064993|1734308724|1600482657|1635213682|1952805747|1919967091|1650550373|1681088371|1919248479|808476527|1633644850|1667331188|1683960171|1633971809|1969368687|1701602414|-1229637630|1634009120|828585268|1630680369|1697735991|1681417574|942956854|1681089329|1667654454|536930|1664300129|1697985845|31934|0|335544321|1792|1283840|1538560|1573376|1693696|1696000|1696256|1697024|1697280|1698816|1699072|1701632|1701888|1726208|1727488|1728512|1737216|1749248|1751040|1759488|1627405568|1952805747|1634164595|1918854509|1935767393|1937007987|1701998687|1935827302|1600402271|1869768040|842018911|1952538481|1801675124|1768447793|1969368692|1701602414|1000652382|1647509536|842555703|876176437|1717844272|809054309|892756580|808792116|929445731|537399|1664366390|842084913|30360|0|402653185|1792|1283840|1538560|1573376|1693696|1696000|1696256|1697024|1697280|1698048|1698304|1698816|1699072|1699328|1699584|1701632|1701888|1726208|1727488|1728512|1737216|1749248|1751040|1759488|1627406592|1952805747|1634164595|1918854509|1935767393|1937007987|1701998687|1935827302|1600402271|1869768040|842018911|1952538481|1801675124|1768447793|1717657460|1969368683|1701602414|-1479791495|879099936|1667576677|1717723702|825767475|878851382|859059041|943010352|892810038|538931|1684235878|859137378|30540|0|402653185|1792|1283840|1538560|1573376|1693696|1696000|1696256|1697024|1697280|1698048|1698304|1698816|1699072|1699328|1699584|1701632|1701888|1726208|1727488|1728512|1737216|1749248|1751040|1759488|1627406080|1952805747|1634164595|1918854509|1935767393|1937007987|1701998687|1935827302|1600402271|1869768040|842018911|1952538481|1801675124|1752391473|778135145|1684960610|-899652244|2098099|811743031|842217830|875782707|808739377|912537650|875640112|842294374|1650614882|912588808|929315174|1984520549|0|65536|117446656|-1761607680|2046820371|33554455|-671088616|-520093671|-503316455|-452984807|-436207591|-385875943|-369098727|-335544295|-318767079|-301989863|-285212647|-150994919|-134217703|1459617817|1543503898|1610612762|-2113929190|-1325400038|-1207959526|-654311398|956301338|1936941312|1601401957|1701667175|2002874975|1702064993|1885303668|1634100594|861893474|1701338980|811560818|1601253936|1818848115|774987628|1684960610|-1819122324|2146948|1667327585|1681273954|1664246070|1647850039|1714972208|960051505|912472422|808465510|909312008|895693360|-447072667|0|65536|117447936|-1761607680|2046820371|33554455|-704643048|-671088615|-637534183|-570425319|-553648103|-520093671|-503316455|-486539239|-452984807|-436207591|-385875943|-369098727|-335544295|-318767079|-301989863|-285212647|-150994919|-134217703|1459617817|1543503898|1610612762|-2113929190|-1325400038|-1207959526|-654311398|956301338|1936941312|1601401957|1701667175|2002874975|1702064993|1885303668|1634100594|861893474|1701338980|811560818|1601253936|1818848115|775053164|1684960610|1810589036|2140638|1650746934|1633890658|862020451|828455270|892351280|875717177|1681089848|895771700|926154760|845493862|-1276758479|0|65536|117447936|-1761607680|2046820371|33554455|-704643048|-671088615|-637534183|-570425319|-553648103|-520093671|-503316455|-486539239|-452984807|-436207591|-385875943|-369098727|-335544295|-318767079|-301989863|-285212647|-150994919|-134217703|1459617817|1543503898|1610612762|-2113929190|-1325400038|-1207959526|-654311398|939524122|1936941312|1601401957|1701667175|2002874975|1702064993|1885303668|1634100594|861893474|1701338980|811560818|1601254192|1635021921|1647209315|1818521205|-2084233883|922755293|875704882|926366005|895575142|858875187|1680957751|1681089849|1647599926|140797537|808923648|1684419129|8991794|0|256|458775|328663040|393871360|402784256|433455104|433586176|433717248|434176000|434241536|434307072|434438144|434503680|434896896|434962432|435617792|435683328|441909248|442236928|442499072|444727296|447807488|448266240|450428928|4194304|1702064993|1734308724|1600482657|1635213682|1952805747|1919967091|1650550373|1681088371|1919248479|808476527|1633644851|1667331188|1683960171|1633971809|1969368687|1701602414|-246497630|1681063968|1664168804|875966521|926299958|1664170033|875575398|1633891684|942683748|549476|858808626|909324900|30403|0|335544321|1792|1283840|1538560|1573376|1693696|1696000|1696256|1697024|1697280|1698816|1699072|1701632|1701888|1726208|1727488|1728512|1737216|1749248|1751040|1759488|1627405568|1952805747|1634164595|1918854509|1935767393|1937007987|1701998687|1935827302|1600402271|1869768040|858796127|1952538481|1801675124|1768447793|1969368692|1701602414|-1149983637|876150816|929314865|1664706101|1697919542|825505638|825702753|811807283|858809911|538929|1714828848|1684235064|32709|0|369098753|1792|1283840|1538560|1573376|1693696|1694208|1696000|1696256|1696512|1697024|1697280|1698816|1699072|1701632|1701888|1726208|1727488|1728512|1737216|1749248|1751040|1759488|1627406592|1952805747|1634164595|1918854509|1935767393|1937007987|1701998687|1935827302|1600402271|1869768040|858796127|1952538481|1801675124|1768447793|1717657460|1969368683|1701602414|471929438|962789408|926036275|1664640569|808988984|879047736|892744293|845232436|1714829155|549220|942880613|909206629|32739|0|369098753|1792|1283840|1538560|1573376|1693696|1694208|1696000|1696256|1696512|1697024|1697280|1698816|1699072|1701632|1701888|1726208|1727488|1728512|1737216|1749248|1751040|1759488|1627406080|1952805747|1634164595|1918854509|1935767393|1937007987|1701998687|1935827302|1600402271|1869768040|858796127|1952538481|1801675124|1752391473|778135145|1684960610|1432708460|2107640|859268148|1681404513|842216033|943142201|912601954|1714827621|808674353|912339809|946012168|808595811|2135568435|0|65536|117446400|-1761607680|2046820371|33554455|-704643048|-671088615|-637534183|-520093671|-503316455|-486539239|-452984807|-436207591|-335544295|-318767079|-150994919|-134217703|1459617817|1543503898|1610612762|-2113929190|-1325400038|-1207959526|-654311398|956301338|1936941312|1601401957|1701667175|2002874975|1702064993|1885303668|1634100594|861893474|1701338980|811560818|1601254192|1818848115|774987628|1684960610|1482712428|2105989|926298424|1697921379|1680893491|1714829413|895574834|1667589433|912341091|828466745|912326664|943219811|-422091166|0|65536|117449984|1040187392|486539280|-1761607662|-1728053229|-570425324|251658260|234881045|1828716567|2046820375|33554455|-704643048|-671088615|-637534183|-536870887|-520093671|-503316455|-486539239|-469762023|-452984807|-436207591|-385875943|-369098727|-335544295|-318767079|-301989863|-285212647|-150994919|-134217703|1459617817|1543503898|1560281114|1610612762|-2113929190|-1325400038|-1207959526|-654311398|956301338|1936941312|1601401957|1701667175|2002874975|1702064993|1885303668|1634100594|861893474|1701338980|811560818|1601254192|1818848115|775053164|1684960610|565732716|2116224|1680945202|1630627383|858994231|1634022452|960062520|892625252|1700947299|811872308|859373576|959788089|-1011915722|0|65536|117449728|1040187392|486539280|-1761607662|-1728053229|-570425324|251658260|234881045|1828716567|2046820375|33554455|-704643048|-671088615|-637534183|-536870887|-520093671|-503316455|-486539239|-452984807|-436207591|-385875943|-369098727|-335544295|-318767079|-301989863|-285212647|-150994919|-134217703|1459617817|1543503898|1560281114|1610612762|-2113929190|-1325400038|-1207959526|-654311398|1023410202|1936941312|1601401957|1701667175|2002874975|1702064993|1885303668|1634100594|861893474|1701338980|811560818|1601254192|1818848115|1597136748|779381096|1684960610|1446995308|2117109|1631150645|1650735413|1698259513|1684418617|1717985890|943141987|1647404129|825373494|808845320|842543668|-2042154701|0|65536|117449728|1040187392|486539280|-1761607662|-1728053229|-570425324|251658260|234881045|1828716567|2046820375|33554455|-704643048|-671088615|-637534183|-536870887|-520093671|-503316455|-486539239|-452984807|-436207591|-385875943|-369098727|-335544295|-318767079|-301989863|-285212647|-150994919|-134217703|1459617817|1543503898|1560281114|1610612762|-2113929190|-1325400038|-1207959526|-654311398|1056964634|1936941312|1601401957|1701667175|2002874975|1702064993|1885303668|1634100594|861893474|1701338980|811560818|1601254192|1818848115|1597136748|1718184051|1969368673|1701602414|-192633944|808976416|929183588|879047993|912602162|926169137|1664694118|1698259255|912417889|538162|1664246114|909206841|39408|0|402653185|1792|1283840|1538560|1573376|1693184|1693696|1694208|1696000|1696256|1696512|1696768|1697024|1697280|1698816|1699072|1701632|1701888|1726208|1727488|1728512|1737216|1749248|1751040|1759488|1627404544|1952805747|1634164595|1918854509|1935767393|1937007987|1701998687|1935827302|1600402271|1869768040|858796127|1802723185|1600941161|1969368627|1701602414|1693583302|892600352|811754083|1697921074|960049209|942748006|895563062|1684365874|1698194019|549174|842282292|875913529|39985|0|385875969|1792|1283840|1538560|1573376|1693184|1693696|1694208|1696000|1696256|1696512|1697024|1697280|1698816|1699072|1701632|1701888|1726208|1727488|1728512|1737216|1749248|1751040|1759488|1627405568|1952805747|1634164595|1918854509|1935767393|1937007987|1701998687|1935827302|1600402271|1869768040|858796127|1802723185|1600941161|1768447795|1969368692|1701602414|-1261558068|859176992|1717973860|875902003|1647720502|926300006|962867251|1717908793|959800626|537906|859191604|1701066295|30471|0|385875969|1792|1283840|1538560|1573376|1693184|1693696|1694208|1696000|1696256|1696512|1697024|1697280|1698816|1699072|1701632|1701888|1726208|1727488|1728512|1737216|1749248|1751040|1759488|1627404288|1952805747|1634164595|1918854509|1935767393|1937007987|1701998687|1935827302|1600402271|1869768040|875573343|1952538481|1801675124|1853186606|677735524|547831686|808792832|876099683|1647863349|946025057|809002547|1667379813|808464947|943075632|1711278135|1680880697|-986357447|131|16777216|1638400|7|5015|6010|6146|6614|6616|6625|6626|6629|6630|6633|6634|6636|6637|6638|6639|6647|6648|6743|6748|6752|6786|6833|6840|6873|1935736889|1937007987|1835099999|1634885477|1936941431|1601401957|1717924464|1601397345|1751082035|1601139301|1899245616|1953784159|829121377|1853186606|-1939510172|545776801|878850048|875968865|1630614836|842543461|876163128|926103605|845243188|1717843511|1627392099|808477491|-1204733904|139|16777216|2228224|7|4158|4637|5015|5273|5342|5391|5902|5997|6010|6146|6614|6616|6624|6625|6626|6629|6630|6633|6634|6636|6637|6638|6639|6647|6648|6743|6748|6749|6752|6786|6833|6840|6873|1935736896|1937007987|1835099999|1634885477|1936941431|1601401957|1717924464|1601397345|1751082035|1601139301|1899245616|1953784159|829121377|1851876447|779051364|1684960610|1405838700|2142404|1698128944|1647601254|828453731|1647916593|926232930|892875568|963011127|828520033|909639688|862020709|2028483893|0|65536|117447936|1040187392|486539280|-1761607662|-1728053229|-570425324|251658260|234881045|1828716567|2046820375|33554455|-671088616|-536870887|-520093671|-503316455|-452984807|-436207591|-335544295|-318767079|-150994919|-134217703|1459617817|1543503898|1560281114|1610612762|-2113929190|-1325400038|-1207959526|-654311398|1023410202|1936941312|1601401957|1701667175|2002874975|1702064993|1885303668|1634100594|861893474|1701338980|811560818|1601254448|1635021921|1597074275|779381096|1684960610|-1495374484|2138062|859321955|828586032|1634022456|1684222258|1667314788|1714972209|842293557|878982960|809041928|862085680|2043885926|0|65536|117446656|-1761607680|2046820371|33554455|-671088616|-520093671|-503316455|-452984807|-436207591|-385875943|-369098727|-335544295|-318767079|-301989863|-285212647|-150994919|-134217703|1459617817|1543503898|1610612762|-2113929190|-1325400038|-1207959526|-654311398|1090519066|1936941312|1601401957|1701667175|2002874975|1702064993|1885303668|1634100594|861893474|1701338980|811560818|1601254448|1635021921|1597074275|1601464680|778790497|1684960610|851141996|2132363|909588325|825307494|943009843|858863666|1631019574|926376291|842150241|962946616|811925512|1684091440|2041013604|0|65536|117446656|-1761607680|2046820371|33554455|-671088616|-520093671|-503316455|-452984807|-436207591|-385875943|-369098727|-335544295|-318767079|-301989863|-285212647|-150994919|-134217703|1459617817|1543503898|1610612762|-2113929190|-1325400038|-1207959526|-654311398|1056964634|1936941312|1601401957|1701667175|2002874975|1702064993|1885303668|1634100594|861893474|1701338980|811560818|1601254448|1635021921|1597074275|1718184051|1969368673|1701602414|-607678389|858914848|1647927862|960062561|828518456|876033893|1714697059|1633956656|909731427|538676|858797880|892612706|29554|0|402653185|1792|1283840|1538560|1573376|1693696|1696000|1696256|1697024|1697280|1698048|1698304|1698816|1699072|1699328|1699584|1701632|1701888|1726208|1727488|1728512|1737216|1749248|1751040|1759488|1627404544|1952805747|1634164595|1918854509|1935767393|1937007987|1701998687|1935827302|1600402271|1869768040|875573343|1802723185|1600941161|1969368625|1701602414|-348968457|1647312928|808464995|879047222|812005177|876045876|878981986|942958129|912537655|536625|959526194|811741748|53292|0|503316481|1792|1283840|1538560|1573376|1693184|1693696|1694208|1695232|1695488|1696000|1696256|1696512|1696768|1697024|1697280|1698048|1698304|1698816|1699072|1699328|1699584|1701632|1701888|1726208|1727488|1728512|1737216|1749248|1751040|1759488|1627404544|1952805747|1634164595|1918854509|1935767393|1937007987|1701998687|1935827302|1600402271|1869768040|875573343|1802723185|1600941161|1969368626|1701602414|-887844860|842006560|811689016|1714839856|946103906|909719351|945972528|825307491|808542566|549689|1631009074|825517367|42084|0|486539265|1792|1283840|1538560|1573376|1693184|1693696|1694208|1695232|1695488|1696000|1696256|1696512|1697024|1697280|1698048|1698304|1698816|1699072|1699328|1699584|1701632|1701888|1726208|1727488|1728512|1737216|1749248|1751040|1759488|1627405312|1952805747|1634164595|1918854509|1935767393|1937007987|1701998687|1935827302|1600402271|1869768040|892350559|1952538481|1801675124|1953065055|1853186606|1885695076|546221758|926234112|959591525|1700935525|962749494|925918517|825373794|912536372|1633903929|1677723745|959657525|-1120770975|116|16777216|1310720|7|5015|6010|6146|6616|6625|6626|6629|6630|6636|6637
