DialogID,NpcID,SkinID,AnimType,FacialType,DialogType,AudioName,KOR,KOR_LineSpace,KOR_CharSpace,ENG,ENG_LineSpace,ENG_CharSpace,JP,JP_LineSpace,JP_CharSpace,ZH_CHT,ZH_CHT_LineSpace,ZH_CHT_CharSpace,ZH_CHS,ZH_CHS_LineSpace,ZH_CHS_CharSpace,row_index,record_offset
1,1001,0,0,0,16,Customer/Voice_RIN_Complete_1,좋은 상태예요!\n이대로\n보고하겠습니다!,0.0,0.0,It’s in great shape! I’ll report it just like this!,0.0,0.0,よい状態です！このまま報告します！,0.0,0.0,狀態良好！我會如實回報的！,0.0,0.0,状态良好！我会如实回报的！,0.0,0.0,0,24592
2,1001,0,0,0,16,Customer/Voice_RIN_Complete_1,좋은 상태예요!\n이대로\n보고하겠습니다!,0.0,0.0,It’s in great shape! I’ll report it just like this!,0.0,0.0,よい状態です！このまま報告します！,0.0,0.0,狀態良好！我會如實回報的！,0.0,0.0,状态良好！我会如实回报的！,0.0,0.0,1,24956
3,1001,0,0,0,6,,여기가 그분이 있는\n카페가 맞나요?,0.0,0.0,Is this the cafe where that person is?,0.0,0.0,ここが、あの方がいるカフェですか？,0.0,0.0,這裡是那位所在的咖啡廳沒錯吧？,0.0,0.0,这里是那位所在的咖啡厅没错吧？,0.0,0.0,2,25320
4,1001,0,0,0,6,,언제 또 다른 카페를 가지…….,0.0,0.0,When will I have to visit another cafe…,0.0,0.0,いつ他のカフェに行けるかな……。,0.0,0.0,怎麼又換了咖啡廳了……,0.0,0.0,怎么又换了咖啡厅了……,0.0,0.0,3,25644
5,1001,0,0,0,6,,감사팀장도 쉬운 직업이\n아니네요…….,0.0,0.0,Being an audit manager isn’t easy either…,0.0,0.0,秘書も簡単じゃありませんね……。,0.0,0.0,祕書也不好當呢……,0.0,0.0,秘书也不好当呢……,0.0,0.0,4,25940
6,1001,0,0,0,6,,평가 기준은-,0.0,0.0,As for the evaluation criteria—,0.0,0.0,評価の基準はー。,0.0,0.0,評估標準是……,0.0,0.0,评估标准是……,0.0,0.0,5,26236
7,1001,0,0,0,6,,"읏, 무심코\n너무 많이 먹었나?!",0.0,0.0,"Oops, did I eat too much without realizing?!",0.0,0.0,っ、つい食べすぎちゃったかな!?,0.0,0.0,呃，不小心吃太多了嗎？！,0.0,0.0,呃，不小心吃太多了吗？ ！,0.0,0.0,6,26452
8,1001,0,0,0,6,,이 카페는\n냄새부터 다르네요!,0.0,0.0,This cafe smells different from the rest!,0.0,0.0,このカフェは匂いから違いますね！,0.0,0.0,這間咖啡廳光是香氣就不一樣呢！,0.0,0.0,这间咖啡厅光是香气就不一样呢！,0.0,0.0,7,26748
9,1001,0,0,0,6,,여기서 좀\n쉬고 싶네요…….,0.0,0.0,I’d love to rest here for a bit…,0.0,0.0,ここでちょっと休みたいです……。,0.0,0.0,我想在這裡休息一下……,0.0,0.0,我想在这里休息一下……,0.0,0.0,8,27068
10,1001,0,0,0,6,,예상외의 결과를\n보여주네요!,0.0,0.0,This is showing unexpected results!,0.0,0.0,予想外の結果を見せてくれましたね！,0.0,0.0,結果很出乎意料呢！,0.0,0.0,结果很出乎意料呢！,0.0,0.0,9,27352
11,1001,0,0,0,6,,이 정도면\n학원장님도\n만족하시겠어!,0.0,0.0,This should be enough to satisfy the Principal!,0.0,0.0,これなら、学園長も満足するかも！,0.0,0.0,這種結果學園長也會滿意的！,0.0,0.0,这种结果学园长也会满意的！,0.0,0.0,10,27624
12,1001,0,0,0,6,Customer/Voice_RIN_Touch_1,더 이상 머지가\n되지 않는 물품을\n회수하러 왔습니다!,0.0,0.0,I've come to collect items that can no longer be merged!,0.0,0.0,もうマージできない物品を回収しに来ました！,0.0,0.0,我來回收無法再合併的物品！,0.0,0.0,我来回收无法再合并的物品！,0.0,0.0,11,27940
13,1002,0,0,0,5,,마스터-잠시 여기\n좀 봐주세요-!,0.0,0.0,"Master, could you come over here for a second?",0.0,0.0,マスター、ちょっとここを見てください！,0.0,0.0,大師，路上小心！,0.0,0.0,大师，路上小心！,0.0,0.0,12,28332
14,1002,0,0,0,17,Kokomi/Voice_Kokomi_Hello_1,"안녕하세요, 마스터! 오늘도 같이 힘내봐요!",0.0,0.0,"Hello, Master! Let’s do our best today too!",0.0,0.0,こんにちは、マスター！今日も一緒に頑張りましょう！,0.0,0.0,你好啊！大師！今天也一起加油吧！,0.0,0.0,你好啊！大师！今天也一起加油吧！,0.0,0.0,13,28620
15,1002,0,0,0,0,Kokomi/Voice_Kokomi_Effect_4,"다녀오세요, 주인님!",0.0,0.0,"Come back soon, Guest!",0.0,0.0,いってらっしゃいませ、ご主人様！,0.0,0.0,請慢用！,0.0,0.0,请慢用！,0.0,0.0,14,29016
16,1002,0,0,0,16,Kokomi/Voice_KokomiBasic_Complete_1,맛있게 드세요!,0.0,0.0,Enjoy your meal!,0.0,0.0,お召し上がりください！,0.0,0.0,這是我們咖啡廳的特色菜單！,0.0,0.0,这是我们咖啡厅的特色菜单！,0.0,0.0,15,29256
17,1002,0,0,0,16,Kokomi/Voice_KokomiBasic_Complete_2,코코미만의 특별한 메뉴가 나왔어요!,0.0,0.0,Kokomi's very own special menu is out!,0.0,0.0,ココミだけの特別なメニューが出ましたよ！,0.0,0.0,天氣很暖和讓人心情很好呢-,0.0,0.0,天气很暖和让人心情很好呢-,0.0,0.0,16,29532
18,1002,0,0,0,6,Kokomi/Voice_KokomiBasic_In_1,날씨가 따뜻해서\n기분이 좋네요-,0.0,0.0,The weather is warm today. so I'm feeling great!,0.0,0.0,天気がよくて気分がいいですねー。,0.0,0.0,啦啦-♬把咖啡廳-打掃乾淨-♬,0.0,0.0,啦啦-♬把咖啡厅-打扫干净-♬,0.0,0.0,17,29888
19,1002,0,0,0,6,Kokomi/Voice_KokomiBasic_In_2,흠흥-♬\n카페를-깨끗이-♬,0.0,0.0,Hmm-hmm-♬ Cleaning the cafe-♬,0.0,0.0,ふんふんー♬ カフェをーきれいにー♬,0.0,0.0,休息一下再繼續工作吧！,0.0,0.0,休息一下再继续工作吧！,0.0,0.0,18,30228
20,1002,0,0,0,6,Kokomi/Voice_Kokomi_Effect_4,일도 쉬엄쉬엄 해요-,0.0,0.0,Take it easy while you work!,0.0,0.0,お仕事も休みながらしましょうー。,0.0,0.0,又熱……又冰……？,0.0,0.0,又热……又冰……？,0.0,0.0,19,30544
21,1002,0,0,0,6,Kokomi/Voice_Kokomi_Effect_3_2,따뜻한데…아이스…?,0.0,0.0,It's warm… but you're getting iced…?,0.0,0.0,温かいのに…アイス…？,0.0,0.0,請問要點餐了嗎？,0.0,0.0,请问要点餐了吗？,0.0,0.0,20,30820
22,1002,0,0,0,6,Kokomi/Voice_Kokomi_Effect_4,주문받겠습니다!,0.0,0.0,I'll take your order!,0.0,0.0,ご注文を承りますね！,0.0,0.0,這次的菜單……,0.0,0.0,这次的菜单……,0.0,0.0,21,31092
23,1002,0,0,0,6,Kokomi/Voice_Kokomi_Effect_4,이번 메뉴는-,0.0,0.0,Here’s today's special menu!,0.0,0.0,今回のメニューはー,0.0,0.0,要幫您結帳嗎？,0.0,0.0,要帮您结帐吗？,0.0,0.0,22,31336
24,1002,0,0,0,7,Kokomi/Voice_KokomiBasic_In_1,날씨가 따뜻해서\n기분이 좋네요-,0.0,0.0,The weather is warm today. so I'm feeling great!,0.0,0.0,天気がよくて気分がいいですねー。,0.0,0.0,啦啦-♬把咖啡廳-打掃乾淨-♬,0.0,0.0,啦啦-♬把咖啡厅-打扫干净-♬,0.0,0.0,23,31580
25,1002,0,0,0,7,Kokomi/Voice_KokomiBasic_In_2,흠흥-♬\n카페를-깨끗이-♬,0.0,0.0,Hmm-hmm-♬ Cleaning the cafe-♬,0.0,0.0,ふんふんー♬ カフェをーきれいにー♬,0.0,0.0,休息一下再繼續工作吧！,0.0,0.0,休息一下再继续工作吧！,0.0,0.0,24,31920
26,1002,0,0,0,7,Kokomi/Voice_Kokomi_Effect_4,일도 쉬엄쉬엄 해요-,0.0,0.0,Take it easy while you work!,0.0,0.0,お仕事も休みながらしましょうー。,0.0,0.0,又熱……又冰……？,0.0,0.0,又热……又冰……？,0.0,0.0,25,32236
27,1002,0,0,0,7,Kokomi/Voice_Kokomi_Effect_3_2,따뜻한데…아이스…?,0.0,0.0,It's warm… but you're getting iced…?,0.0,0.0,温かいのに…アイス…？,0.0,0.0,請問要點餐了嗎？,0.0,0.0,请问要点餐了吗？,0.0,0.0,26,32512
28,1002,0,0,0,7,Kokomi/Voice_Kokomi_Effect_4,주문받겠습니다!,0.0,0.0,I'll take your order!,0.0,0.0,ご注文を承りますね！,0.0,0.0,這次的菜單……,0.0,0.0,这次的菜单……,0.0,0.0,27,32784
29,1002,0,0,0,7,Kokomi/Voice_Kokomi_Effect_4,이번 메뉴는-,0.0,0.0,Here’s today's special menu!,0.0,0.0,今回のメニューはー,0.0,0.0,要幫您結帳嗎？,0.0,0.0,要帮您结帐吗？,0.0,0.0,28,33028
30,1002,0,0,0,7,Kokomi/Voice_Kokomi_Effect_4,계산해 드릴까요?,0.0,0.0,Shall I get the bill for you?,0.0,0.0,お会計ですか？,0.0,0.0,要幫您結帳嗎？,0.0,0.0,要帮您结帐吗？,0.0,0.0,29,33272
31,1002,0,0,0,7,Kokomi/Voice_KokomiBasic_Out_4,언제나 최고의\n서비스를\n제공하겠어요!,0.0,0.0,We’ll always provide the best service!,0.0,0.0,いつでも最高のサービスを提供します！,0.0,0.0,我會隨時提供最棒的服務！,0.0,0.0,我会随时提供最棒的服务！,0.0,0.0,30,33516
32,1002,0,0,0,7,Kokomi/Voice_KokomiBasic_Out_5,청소 힘들어…힝…….,0.0,0.0,Cleaning is so hard… Hmph…,0.0,0.0,掃除が大変…ううっ……。,0.0,0.0,打掃好累喔……嗚……,0.0,0.0,打扫好累喔……呜……,0.0,0.0,31,33860
33,1002,0,0,0,7,Kokomi/Voice_KokomiBasic_Out_1,메이드는 귀여움이 생명!,0.0,0.0,Being cute is a maid’s lifeline!,0.0,0.0,メイドは可愛さが命！,0.0,0.0,可愛對女僕來說就是生命！,0.0,0.0,可爱对女仆来说就是生命！,0.0,0.0,32,34144
34,1002,0,0,0,7,Kokomi/Voice_KokomiBasic_Out_2,맛있어져라-♪\n맛있어져라-♪,0.0,0.0,Tastes better-♪ Tastes better-♪,0.0,0.0,美味しくなれー♪ 美味しくなれー♪,0.0,0.0,變好吃吧-♪變好吃吧-♪,0.0,0.0,变好吃吧-♪变好吃吧-♪,0.0,0.0,33,34440
35,1002,0,0,0,7,Kokomi/Voice_KokomiBasic_Out_6,언제나 웃는 얼굴로!,0.0,0.0,Always with a smile!,0.0,0.0,いつでも笑顔で！,0.0,0.0,總是面帶微笑！,0.0,0.0,总是面带微笑！,0.0,0.0,34,34752
36,1002,0,0,0,7,Kokomi/Voice_KokomiBasic_Out_3,저도 잘할 수 있어요!,0.0,0.0,I can do it well too!,0.0,0.0,私も上手にできますよ！,0.0,0.0,我也能做得很好！,0.0,0.0,我也能做得很好！,0.0,0.0,35,34992
37,1002,0,0,0,7,Kokomi/Voice_KokomiBasic_Out_7,"후후후, 아쿠는\n내가 없으면\n안 된다니깐?",0.0,0.0,"Hehe, Aku can’t do anything without me!",0.0,0.0,うふふ、アクは私がいないとダメなんだから！,0.0,0.0,呵呵呵，阿久沒有我可不行呢？,0.0,0.0,呵呵呵，阿久没有我可不行呢？,0.0,0.0,36,35248
38,1002,0,0,0,15,,주문을 받아볼까요!,0.0,0.0,Shall we take an order!,0.0,0.0,ご注文を取ってみましょう！,0.0,0.0,來點餐吧！,0.0,0.0,来点餐吧！,0.0,0.0,37,35624
39,1002,0,0,0,15,,오늘은 어떤 걸\n만들까요?,0.0,0.0,What should we make today?,0.0,0.0,今日は何を作ればいいでしょうか？,0.0,0.0,今天要做些什麼好呢？,0.0,0.0,今天要做些什么好呢？,0.0,0.0,38,35836
40,1002,0,0,0,15,,오늘도 힘차게\n일을 해볼까요!,0.0,0.0,Shall we work energetically again today!,0.0,0.0,今日も張り切って働きましょう！,0.0,0.0,今天也充滿幹勁努力工作吧！,0.0,0.0,今天也充满干劲努力工作吧！,0.0,0.0,39,36100
41,1002,0,0,0,15,,카페에 달콤한 냄새가\n가득차도록 만들거예요!,0.0,0.0,We'll make the cafe filled with a sweet aroma!,0.0,0.0,甘いにおいでいっぱいなカフェにします！,0.0,0.0,要讓整間咖啡廳都充滿甜蜜香氣！,0.0,0.0,要让整间咖啡厅都充满甜蜜香气！,0.0,0.0,40,36400
42,1002,0,0,0,15,,오늘은 어떤 주문이\n들어올까요?,0.0,0.0,What kind of order will we receive today?,0.0,0.0,今日はどんな注文があるでしょう。,0.0,0.0,今天客人會點什麼呢？,0.0,0.0,今天客人会点什么呢？,0.0,0.0,41,36756
43,1002,0,7,2,19,Kokomi/Voice_Kokomi_Effect_1,와아-! 제가 이걸 좋아하는 건 어떻게 아시고…평생 간직할게요!,0.0,0.0,Wow–! How did you know I’d love this…? I’ll treasure it forever!,0.0,0.0,わあー！私の好きなものがどうやって分かったんですか…？一生大事にします！,0.0,0.0,哇-！怎麼知道我喜歡這個……我會珍惜一輩子的！,0.0,0.0,哇-！怎么知道我喜欢这个……我会珍惜一辈子的！,0.0,0.0,42,37044
44,1002,0,14,7,8,Kokomi/Voice_Kokomi_Like_1,"그, 그런! 부끄러운 말…하지 마세요…",0.0,0.0,T-That! Don’t say such embarrassing things…,0.0,0.0,そ、そんな！恥ずかしいこと…言わないでください…,0.0,0.0,請、請不要說那種……讓人害羞的話……,0.0,0.0,请、请不要说那种……让人害羞的话……,0.0,0.0,43,37564
45,1002,0,14,2,8,Kokomi/Voice_Kokomi_Like_2,마스터! 우리 맛있는 거 먹으러 갈래요?,0.0,0.0,Master! Shall we go eat something delicious?,0.0,0.0,マスター！一緒に美味しい物食べに行きませんか？,0.0,0.0,大師！我們去吃點好吃的吧？,0.0,0.0,大师！我们去吃点好吃的吧？,0.0,0.0,44,37964
46,1002,0,10,5,8,Kokomi/Voice_Kokomi_Like_3,마스터-놀아주세요-네?,0.0,0.0,"Master, play with me, okay?",0.0,0.0,マスター、遊んでくださいよー,0.0,0.0,大師……陪我玩……好嗎？,0.0,0.0,大师……陪我玩……好吗？,0.0,0.0,45,38328
47,1002,0,1,1,8,Kokomi/Voice_Kokomi_Hello_1,"안녕하세요, 마스터! 오늘도 같이 힘내봐요!",0.0,0.0,"Hello, Master! Let’s do our best today too!",0.0,0.0,こんにちは、マスター！今日も一緒に頑張りましょう！,0.0,0.0,你好啊！大師！今天也一起加油吧！,0.0,0.0,你好啊！大师！今天也一起加油吧！,0.0,0.0,46,38620
48,1002,0,14,8,8,Kokomi/Voice_Kokomi_Hello_2,오늘은 어떤 일이 있을까요?!,0.0,0.0,What kind of things will happen today?!,0.0,0.0,今日はどんなことがあるのでしょうか!?,0.0,0.0,今天會發生什麼事呢？！,0.0,0.0,今天会发生什么事呢？ ！,0.0,0.0,47,39016
49,1002,0,1,1,8,Kokomi/Voice_KokomiBasic_MaidApp_1,뭔가 시키실 게 있나요?,0.0,0.0,Is there anything you need?,0.0,0.0,何かご用命ですか？,0.0,0.0,有什麼想吩咐我的嗎？,0.0,0.0,有什么想吩咐我的吗？,0.0,0.0,48,39340
50,1002,0,14,8,8,Kokomi/Voice_KokomiBasic_MaidApp_2,뭐든 시켜만 주세요!,0.0,0.0,Just ask me for anything!,0.0,0.0,なんでも任せてください！,0.0,0.0,儘管吩咐我吧！,0.0,0.0,尽管吩咐我吧！,0.0,0.0,49,39616
51,1002,0,14,2,8,Kokomi/Voice_KokomiBasic_MaidApp_3,마스터의 손은 기분 좋네요-,0.0,0.0,"Your hands feel nice, Master-",0.0,0.0,マスターの手は、気持ちいいですねー,0.0,0.0,大師的手……好溫暖好舒服喔……,0.0,0.0,大师的手……好温暖好舒服喔……,0.0,0.0,50,39880
52,1002,0,14,7,8,Kokomi/Voice_KokomiBasic_MaidApp_4,계속 만지시면 저도 부끄러워요…!,0.0,0.0,"If you keep touching me, I'll get embarrassed…!",0.0,0.0,ずっと触られると、私も恥ずかしいです…！,0.0,0.0,一直摸的話我會害羞啦……！,0.0,0.0,一直摸的话我会害羞啦……！,0.0,0.0,51,40224
53,1002,0,1,1,8,Kokomi/Voice_KokomiBasic_MaidApp_5,저한테 뭔가 묻었나요?\n마스터가 떼주세요!,0.0,0.0,"Is something on me? Please, Master, get it off!",0.0,0.0,私に何かついてますか？マスターが取ってください！,0.0,0.0,我沾到什麼東西了嗎？大師幫我拿掉！,0.0,0.0,我沾到什么东西了吗？大师帮我拿掉！,0.0,0.0,52,40588
54,1002,0,14,4,8,Kokomi/Voice_KokomiBasic_MaidApp_6,머리카락을\n만져보고 싶다구요?,0.0,0.0,You want to touch my hair?,0.0,0.0,髪の毛を触ってみたいんですか？,0.0,0.0,想摸摸我的頭髮？,0.0,0.0,想摸摸我的头发？,0.0,0.0,53,40996
55,1002,0,14,2,9,Kokomi/Voice_Kokomi_Hello_3,"어서 오세요, 마스터!\n오늘의 보상은 뭘까요?!",0.0,0.0,"Welcome, Master! What’s today’s reward?!",0.0,0.0,いらっしゃいませ、マスター！今日の報酬は何かな!?,0.0,0.0,歡迎光臨，大師！今天的獎勵是什麼呢？！,0.0,0.0,欢迎光临，大师！今天的奖励是什么呢？ ！,0.0,0.0,54,41288
56,1002,0,14,2,18,Kokomi/Voice_Kokomi_Hello_4,연속 출석! 오늘도 카페를 잘 부탁드려요!,0.0,0.0,"Consecutive login! Please take good care of the cafe today, too!",0.0,0.0,連続ログイン！今日もカフェをよろしくお願いいたします！,0.0,0.0,連續簽到！今天咖啡廳也麻煩你了！,0.0,0.0,连续签到！今天咖啡厅也麻烦你了！,0.0,0.0,55,41704
57,1002,0,14,8,10,Kokomi/Voice_Kokomi_Hello_5,근사하네요!\n오늘도 힘내서 가보자구요!,0.0,0.0,"Looks great! Let’s do our best today, too!",0.0,0.0,素敵ですね！今日も頑張っていきましょう！,0.0,0.0,真不錯呢！今天也好好加油！,0.0,0.0,真不错呢！今天也好好加油！,0.0,0.0,56,42120
58,1002,0,14,8,10,Kokomi/Voice_Kokomi_Hello_6,우와-카페 운영에 도움이\n될 것 같아요!,0.0,0.0,Wow–this looks like it’ll really help with running the cafe!,0.0,0.0,わあーカフェの運営の役に立ちそうですね！,0.0,0.0,哇-好像對經營咖啡廳有幫助耶！,0.0,0.0,哇-好像对经营咖啡厅有帮助耶！,0.0,0.0,57,42476
59,1002,0,0,0,11,Kokomi/Voice_Kokomi_Dormitory_1,네? 제가 궁금하다구요?,0.0,0.0,What? I'm curious?,0.0,0.0,え？私のことが気になるんですか？,0.0,0.0,咦？你對我有興趣嗎？,0.0,0.0,咦？你对我有兴趣吗？,0.0,0.0,58,42860
60,1002,0,0,0,12,Kokomi/Voice_Kokomi_Dormitory_2,음…어떻게 할까요-?,0.0,0.0,Hmm…how do we do that -?,0.0,0.0,うん…どうしようかなー？,0.0,0.0,嗯……該怎麼辦呢？,0.0,0.0,嗯……该怎么办呢？,0.0,0.0,59,43144
61,1002,0,0,0,13,Kokomi/Voice_Kokomi_Dormitory_3,좋아요! 마스터한테만 특별히 알려 드릴게요!,0.0,0.0,"Great, we've got something special for masters only!",0.0,0.0,いいですよ！マスターにだけ特別に、教えてあげますね！,0.0,0.0,好！我只告訴大師一個人喔！,0.0,0.0,好！我只告诉大师一个人喔！,0.0,0.0,60,43412
62,1002,0,0,0,14,Kokomi/Voice_Kokomi_DormitoryOpen_1,드디어 「코코미의 러블리 핑크 방」이 생기는 순간이에요!,0.0,0.0,"It’s finally time for "" Kokomi’s Lovely Pink Room ” to be created!",0.0,0.0,いよいよ『ココミのラブリーピンクの部屋』ができる瞬間ですよ！,0.0,0.0,終於「心海的甜美粉紅小屋」要誕生了！,0.0,0.0,终于「心海的甜美粉红小屋」要诞生了！,0.0,0.0,61,43804
63,1002,1002101,0,0,5,,마스터-잠시 여기\n좀 봐주세요-!,0.0,0.0,"Master, could you come over here for a second?",0.0,0.0,マスター、ちょっとここを見てください！,0.0,0.0,大師——請稍微看一下這裡——！,0.0,0.0,大师——请稍微看一下这里——！,0.0,0.0,62,44284
64,1002,1002101,14,0,17,Kokomi/Voice_KokomiCasual_MaidApp_2,아쿠랑 가지 않았던 곳을 가볼까요? 마스터는 특별하니까!,0.0,0.0,"Should we go somewhere I haven’t been with Aku? You’re special, Master!",0.0,0.0,アクと行かなかった場所に行ってみましょうか？マスターは特別ですから！,0.0,0.0,要不要一起去一個我跟阿久沒去過的地方呢？特別招待大師喔！,0.0,0.0,要不要一起去一个我跟阿久没去过的地方呢？特别招待大师喔！,0.0,0.0,63,44620
65,1002,1002101,0,0,0,Kokomi/Voice_Kokomi_Effect_4,"다녀오세요, 주인님!",0.0,0.0,"Come back soon, Guest!",0.0,0.0,いってらっしゃいませ、ご主人様！,0.0,0.0,請慢用！,0.0,0.0,请慢用！,0.0,0.0,64,45172
66,1002,1002101,0,0,16,Kokomi/Voice_KokomiBasic_Complete_1,맛있게 드세요!,0.0,0.0,Enjoy your meal!,0.0,0.0,お召し上がりください！,0.0,0.0,這是我們咖啡廳的特色菜單！,0.0,0.0,这是我们咖啡厅的特色菜单！,0.0,0.0,65,45412
67,1002,1002101,0,0,16,Kokomi/Voice_KokomiBasic_Complete_2,코코미만의 특별한 메뉴가 나왔어요!,0.0,0.0,Kokomi's very own special menu is out!,0.0,0.0,ココミだけの特別なメニューが出ましたよ！,0.0,0.0,天氣很暖和讓人心情很好呢-,0.0,0.0,天气很暖和让人心情很好呢-,0.0,0.0,66,45688
68,1002,1002101,0,0,6,Kokomi/Voice_KokomiBasic_In_1,날씨가 따뜻해서\n기분이 좋네요-,0.0,0.0,The weather is warm today. so I'm feeling great!,0.0,0.0,天気がよくて気分がいいですねー。,0.0,0.0,啦啦-♬把咖啡廳-打掃乾淨-♬,0.0,0.0,啦啦-♬把咖啡厅-打扫干净-♬,0.0,0.0,67,46044
69,1002,1002101,0,0,6,Kokomi/Voice_KokomiBasic_In_2,흠흥-♬\n카페를-깨끗이-♬,0.0,0.0,Hmm-hmm-♬ Cleaning the cafe-♬,0.0,0.0,ふんふんー♬ カフェをーきれいにー♬,0.0,0.0,休息一下再繼續工作吧！,0.0,0.0,休息一下再继续工作吧！,0.0,0.0,68,46384
70,1002,1002101,0,0,6,Kokomi/Voice_Kokomi_Effect_4,일도 쉬엄쉬엄 해요-,0.0,0.0,Take it easy while you work!,0.0,0.0,お仕事も休みながらしましょうー。,0.0,0.0,又熱……又冰……？,0.0,0.0,又热……又冰……？,0.0,0.0,69,46700
71,1002,1002101,0,0,6,Kokomi/Voice_Kokomi_Effect_3_2,따뜻한데…아이스…?,0.0,0.0,It's warm… but you're getting iced…?,0.0,0.0,温かいのに…アイス…？,0.0,0.0,請問要點餐了嗎？,0.0,0.0,请问要点餐了吗？,0.0,0.0,70,46976
72,1002,1002101,0,0,6,Kokomi/Voice_Kokomi_Effect_4,주문받겠습니다!,0.0,0.0,I'll take your order!,0.0,0.0,ご注文を承りますね！,0.0,0.0,這次的菜單……,0.0,0.0,这次的菜单……,0.0,0.0,71,47248
73,1002,1002101,0,0,6,Kokomi/Voice_Kokomi_Effect_4,이번 메뉴는-,0.0,0.0,Here’s today's special menu!,0.0,0.0,今回のメニューはー,0.0,0.0,要幫您結帳嗎？,0.0,0.0,要帮您结帐吗？,0.0,0.0,72,47492
74,1002,1002101,0,0,7,Kokomi/Voice_KokomiBasic_In_1,날씨가 따뜻해서\n기분이 좋네요-,0.0,0.0,The weather is warm today. so I'm feeling great!,0.0,0.0,天気がよくて気分がいいですねー。,0.0,0.0,啦啦-♬把咖啡廳-打掃乾淨-♬,0.0,0.0,啦啦-♬把咖啡厅-打扫干净-♬,0.0,0.0,73,47736
75,1002,1002101,0,0,7,Kokomi/Voice_KokomiBasic_In_2,흠흥-♬\n카페를-깨끗이-♬,0.0,0.0,Hmm-hmm-♬ Cleaning the cafe-♬,0.0,0.0,ふんふんー♬ カフェをーきれいにー♬,0.0,0.0,休息一下再繼續工作吧！,0.0,0.0,休息一下再继续工作吧！,0.0,0.0,74,48076
76,1002,1002101,0,0,7,Kokomi/Voice_Kokomi_Effect_4,일도 쉬엄쉬엄 해요-,0.0,0.0,Take it easy while you work!,0.0,0.0,お仕事も休みながらしましょうー。,0.0,0.0,又熱……又冰……？,0.0,0.0,又热……又冰……？,0.0,0.0,75,48392
77,1002,1002101,0,0,7,Kokomi/Voice_Kokomi_Effect_3_2,따뜻한데…아이스…?,0.0,0.0,It's warm… but you're getting iced…?,0.0,0.0,温かいのに…アイス…？,0.0,0.0,請問要點餐了嗎？,0.0,0.0,请问要点餐了吗？,0.0,0.0,76,48668
78,1002,1002101,0,0,7,Kokomi/Voice_Kokomi_Effect_4,주문받겠습니다!,0.0,0.0,I'll take your order!,0.0,0.0,ご注文を承りますね！,0.0,0.0,這次的菜單……,0.0,0.0,这次的菜单……,0.0,0.0,77,48940
79,1002,1002101,0,0,7,Kokomi/Voice_Kokomi_Effect_4,이번 메뉴는-,0.0,0.0,Here’s today's special menu!,0.0,0.0,今回のメニューはー,0.0,0.0,要幫您結帳嗎？,0.0,0.0,要帮您结帐吗？,0.0,0.0,78,49184
80,1002,1002101,0,0,7,Kokomi/Voice_Kokomi_Effect_4,계산해 드릴까요?,0.0,0.0,Shall I get the bill for you?,0.0,0.0,お会計ですか？,0.0,0.0,要幫您結帳嗎？,0.0,0.0,要帮您结帐吗？,0.0,0.0,79,49428
81,1002,1002101,0,0,7,Kokomi/Voice_KokomiBasic_Out_4,언제나 최고의\n서비스를\n제공하겠어요!,0.0,0.0,We’ll always provide the best service!,0.0,0.0,いつでも最高のサービスを提供します！,0.0,0.0,我會隨時提供最棒的服務！,0.0,0.0,我会随时提供最棒的服务！,0.0,0.0,80,49672
82,1002,1002101,0,0,7,Kokomi/Voice_KokomiBasic_Out_5,청소 힘들어…힝…….,0.0,0.0,Cleaning is so hard… Hmph…,0.0,0.0,掃除が大変…ううっ……。,0.0,0.0,打掃好累喔……嗚……,0.0,0.0,打扫好累喔……呜……,0.0,0.0,81,50016
83,1002,1002101,0,0,7,Kokomi/Voice_KokomiBasic_Out_1,메이드는 귀여움이 생명!,0.0,0.0,Being cute is a maid’s lifeline!,0.0,0.0,メイドは可愛さが命！,0.0,0.0,可愛對女僕來說就是生命！,0.0,0.0,可爱对女仆来说就是生命！,0.0,0.0,82,50300
84,1002,1002101,0,0,7,Kokomi/Voice_KokomiBasic_Out_2,맛있어져라-♪\n맛있어져라-♪,0.0,0.0,Tastes better-♪ Tastes better-♪,0.0,0.0,美味しくなれー♪ 美味しくなれー♪,0.0,0.0,變好吃吧-♪變好吃吧-♪,0.0,0.0,变好吃吧-♪变好吃吧-♪,0.0,0.0,83,50596
85,1002,1002101,0,0,7,Kokomi/Voice_KokomiBasic_Out_6,언제나 웃는 얼굴로!,0.0,0.0,Always with a smile!,0.0,0.0,いつでも笑顔で！,0.0,0.0,總是面帶微笑！,0.0,0.0,总是面带微笑！,0.0,0.0,84,50908
86,1002,1002101,0,0,7,Kokomi/Voice_KokomiBasic_Out_3,저도 잘할 수 있어요!,0.0,0.0,I can do it well too!,0.0,0.0,私も上手にできますよ！,0.0,0.0,我也能做得很好！,0.0,0.0,我也能做得很好！,0.0,0.0,85,51148
87,1002,1002101,0,0,7,Kokomi/Voice_KokomiBasic_Out_7,"후후후, 아쿠는\n내가 없으면\n안 된다니깐?",0.0,0.0,"Hehe, Aku can’t do anything without me!",0.0,0.0,うふふ、アクは私がいないとダメなんだから！,0.0,0.0,呵呵呵，阿久沒有我可不行呢？,0.0,0.0,呵呵呵，阿久没有我可不行呢？,0.0,0.0,86,51404
88,1002,1002101,0,0,15,,오늘은 뭘 먹어볼까요?,0.0,0.0,What should we eat today?,0.0,0.0,今日は何を食べましょうか？,0.0,0.0,今天要吃點什麼呢？,0.0,0.0,今天要吃点什么呢？,0.0,0.0,87,51780
89,1002,1002101,0,0,15,,"행복한 외박데이! 후회없이, 풀코스로!",0.0,0.0,"A happy sleepover day! No regrets, let’s go full course!",0.0,0.0,幸せな外泊デー！後悔しないように、フルコースで！,0.0,0.0,幸福的外宿日！不留遺憾，體驗包套行程！,0.0,0.0,幸福的外宿日！不留遗憾，体验包套行程！,0.0,0.0,88,52024
90,1002,1002101,0,0,15,,전 아직 멀쩡해요! 하루 종일도\n놀 수 있어요!,0.0,0.0,I’m still totally fine! I can play all day!,0.0,0.0,まだ大丈夫です！一日中遊べますよ！,0.0,0.0,我還很有精神！可以玩一整天！,0.0,0.0,我还很有精神！可以玩一整天！,0.0,0.0,89,52416
91,1002,1002101,0,0,15,,저번에 디저트 가게에서 먹었던 게 맛있었어요! 우리 카페 메뉴에도 추가해볼까요?,0.0,0.0,The dessert I had last time was so good! Should we add it to our menu?,0.0,0.0,この前のスイーツ、美味しかったです！うちのカフェのメニューにも追加しませんか？,0.0,0.0,上次在甜點店吃的那個真的很好吃！要不要放進我們咖啡廳的菜單？,0.0,0.0,上次在甜点店吃的那个真的很好吃！要不要放进我们咖啡厅的菜单？,0.0,0.0,90,52756
92,1002,1002101,0,0,15,,어떤 주문이 들어왔을까요?!,0.0,0.0,What kind of order came in?!,0.0,0.0,どんなご注文でしょう!?,0.0,0.0,今天接到什麼單呢？,0.0,0.0,今天接到什么单呢？,0.0,0.0,91,53332
93,1002,1002101,14,0,19,Kokomi/Voice_Kokomi_Effect_1,"와아-! 오늘의 기념품인가요?\n감사합니다, 마스터!",0.0,0.0,"Wow–! A memento for today? Thank you, Master!",0.0,0.0,わあー！今日のお土産ですか？ありがとうございます、マスター！,0.0,0.0,哇-！是今天的紀念品嗎？大師，謝謝你！,0.0,0.0,哇-！是今天的纪念品吗？大师，谢谢你！,0.0,0.0,92,53576
94,1002,1002101,1,1,8,Kokomi/Voice_KokomiCasual_MaidApp_1,놀 때는 언제나 아쿠랑만 놀았었는데! 오늘은 마스터랑 노는 거군요!,0.0,0.0,"I always played with Aku, but today I get to play with you, Master!",0.0,0.0,遊ぶときはいつもアクとだったけど！今日はマスターと遊ぶんですね！,0.0,0.0,平常都只跟阿久玩！今天是和大師一起玩呢！,0.0,0.0,平常都只跟阿久玩！今天是和大师一起玩呢！,0.0,0.0,93,54012
95,1002,1002101,14,0,8,Kokomi/Voice_KokomiCasual_MaidApp_2,아쿠랑 가지 않았던 곳을 가볼까요? 마스터는 특별하니까!,0.0,0.0,"Should we go somewhere I haven’t been with Aku? You’re special, Master!",0.0,0.0,アクと行かなかった場所に行ってみましょうか？マスターは特別ですから！,0.0,0.0,要不要一起去一個我跟阿久沒去過的地方呢？特別招待大師喔！,0.0,0.0,要不要一起去一个我跟阿久没去过的地方呢？特别招待大师喔！,0.0,0.0,94,54512
96,1002,1002101,13,8,8,Kokomi/Voice_KokomiCasual_MaidApp_3,음-밖에서 먹는 음식은 역시 느낌이 다르네요-,0.0,0.0,Mmm—it really feels different eating outside.,0.0,0.0,うーん、外で食べるご飯って、やっぱり特別ですねー,0.0,0.0,嗯-在外面吃東西果然感覺不一樣呢-,0.0,0.0,嗯-在外面吃东西果然感觉不一样呢-,0.0,0.0,95,55064
97,1002,1002101,7,2,8,Kokomi/Voice_KokomiCasual_MaidApp_4,날씨가 맑아서 다행이네요-비라도 왔으면 우울해졌을 거예요!,0.0,0.0,I’m glad the weather’s nice—it would’ve been a downer if it rained!,0.0,0.0,天気が晴れてよかったー雨だったら気分が沈んじゃってたかも！,0.0,0.0,好在天氣很好-要是下雨會變得很憂鬱！,0.0,0.0,好在天气很好-要是下雨会变得很忧郁！,0.0,0.0,96,55468
98,1002,1002101,14,0,8,Kokomi/Voice_KokomiCasual_MaidApp_5,「드림베리·프로스트·캐러멜·라이너·파르페」 드셔 보실래요? 분명 마스터도 좋아할 거예요!,0.0,0.0,Want to try the “Dreamberry·Frost·Caramel·Liner·Parfait”? I bet you’ll love it!,0.0,0.0,『ドリームベリー・フロスト・キャラメル・ライナー・パルフェ』、食べてみます？きっとマスターも気に入りますよ！,0.0,0.0,要不要來一份「夢莓・霜糖・焦糖・流線・聖代」？大師一定會喜歡的。,0.0,0.0,要不要来一份「梦莓・霜糖・焦糖・流线・圣代」？大师一定会喜欢的。,0.0,0.0,97,55944
99,1002,1002101,12,7,8,Kokomi/Voice_KokomiCasual_MaidApp_6,제가 자주 입는 사복인데 어떤가요?!,0.0,0.0,This is my usual casual outfit—how does it look?!,0.0,0.0,私がよく着る私服なんですけど、どうですか!?,0.0,0.0,這是我私下常穿的衣服，感覺怎麼樣呢？,0.0,0.0,这是我私下常穿的衣服，感觉怎么样呢？,0.0,0.0,98,56644
100,1002,1002101,7,2,8,Kokomi/Voice_KokomiCasual_MaidApp_7,여기 이 가방에 달린 거! 제 메이트를 본떠서 만든 거예요! 귀엽죠?!,0.0,0.0,See what’s on my bag? I had it made to look like my mate! Isn’t it cute?!,0.0,0.0,ほら、この鞄についてるやつ！私のメイトをモデルに作ったんですよ！可愛いでしょう!?,0.0,0.0,掛在包包上的這個！是照著我的女僕小夥伴做的喔！很可愛吧？,0.0,0.0,挂在包包上的这个！是照着我的女仆小伙伴做的喔！很可爱吧？,0.0,0.0,99,57044
101,1002,1002101,14,0,8,Kokomi/Voice_KokomiCasual_MaidApp_8,전신이 핑크색! 저의 상징적인 색이죠!,0.0,0.0,All pink! It’s my signature color!,0.0,0.0,全身ピンク！私のシンボルカラーです！,0.0,0.0,全身粉紅！是我的代表色！,0.0,0.0,全身粉红！是我的代表色！,0.0,0.0,100,57628
102,1002,1002101,14,0,8,Kokomi/Voice_KokomiCasual_MaidApp_9,마스터가 가고 싶은 곳은 어딘가요? 전 어디든 좋아요!,0.0,0.0,"Where do you want to go, Master? I’m fine with anywhere!",0.0,0.0,マスターが行きたい場所はどこですか？私はどこでも大歓迎です！,0.0,0.0,大師想去哪裡呢？我都可以喔！,0.0,0.0,大师想去哪里呢？我都可以喔！,0.0,0.0,101,57968
103,1002,1002101,1,1,8,Kokomi/Voice_KokomiCasual_MaidApp_10,"이 옷은 바람이 잘 통해서 여름에도 입기 좋아요! 뭐, 메이드복도 좋지만요-",0.0,0.0,This outfit’s so breathable—it’s great for summer! Though maid outfits are nice too—,0.0,0.0,この服は風通しがよくて、夏でも快適ですよ！まあ、メイド服も好きですけどねー。,0.0,0.0,這件衣服很透氣，夏天穿剛剛好！雖然女僕裝也不錯啦-,0.0,0.0,这件衣服很透气，夏天穿刚刚好！虽然女仆装也不错啦-,0.0,0.0,102,58404
104,1002,1002101,14,0,9,Kokomi/Voice_Kokomi_Hello_3,"어서 오세요, 마스터!\n오늘의 보상은 뭘까요?!",0.0,0.0,"Welcome, Master! What’s today’s reward?!",0.0,0.0,いらっしゃいませ、マスター！今日の報酬は何かな!?,0.0,0.0,歡迎光臨，大師！今天的獎勵是什麼呢？！,0.0,0.0,欢迎光临，大师！今天的奖励是什么呢？ ！,0.0,0.0,103,58988
105,1002,1002101,14,0,18,Kokomi/Voice_Kokomi_Hello_4,연속 출석! 오늘도 카페를 잘 부탁드려요!,0.0,0.0,"Consecutive login! Please take good care of the cafe today, too!",0.0,0.0,連続ログイン！今日もカフェをよろしくお願いいたします！,0.0,0.0,連續簽到！今天咖啡廳也麻煩你了！,0.0,0.0,连续签到！今天咖啡厅也麻烦你了！,0.0,0.0,104,59404
106,1002,1002101,14,0,10,Kokomi/Voice_Kokomi_Hello_5,근사하네요!\n오늘도 힘내서 가보자구요!,0.0,0.0,"Looks great! Let’s do our best today, too!",0.0,0.0,素敵ですね！今日も頑張っていきましょう！,0.0,0.0,真不錯呢！今天也好好加油！,0.0,0.0,真不错呢！今天也好好加油！,0.0,0.0,105,59820
107,1002,1002101,14,0,10,Kokomi/Voice_Kokomi_Hello_6,우와-카페 운영에 도움이\n될 것 같아요!,0.0,0.0,Wow–this looks like it’ll really help with running the cafe!,0.0,0.0,わあーカフェの運営の役に立ちそうですね！,0.0,0.0,哇-好像對經營咖啡廳有幫助耶！,0.0,0.0,哇-好像对经营咖啡厅有帮助耶！,0.0,0.0,106,60176
108,1002,1002101,0,0,11,Kokomi/Voice_Kokomi_Dormitory_1,네? 제가 궁금하다구요?,0.0,0.0,What? I'm curious?,0.0,0.0,え？私のことが気になるんですか？,0.0,0.0,咦？你對我有興趣嗎？,0.0,0.0,咦？你对我有兴趣吗？,0.0,0.0,107,60560
109,1002,1002101,0,0,12,Kokomi/Voice_Kokomi_Dormitory_2,음…어떻게 할까요-?,0.0,0.0,Hmm…how do we do that -?,0.0,0.0,うん…どうしようかなー？,0.0,0.0,嗯……該怎麼辦呢？,0.0,0.0,嗯……该怎么办呢？,0.0,0.0,108,60844
110,1002,1002101,0,0,13,Kokomi/Voice_Kokomi_Dormitory_3,좋아요! 마스터한테만 특별히 알려 드릴게요!,0.0,0.0,"Great, we've got something special for masters only!",0.0,0.0,いいですよ！マスターにだけ特別に、教えてあげますね！,0.0,0.0,好！我只告訴大師一個人喔！,0.0,0.0,好！我只告诉大师一个人喔！,0.0,0.0,109,61112
111,1002,1002101,0,0,14,Kokomi/Voice_Kokomi_DormitoryOpen_1,드디어 「코코미의 러블리 핑크 방」이 생기는 순간이에요!,0.0,0.0,"It’s finally time for "" Kokomi’s Lovely Pink Room ” to be created!",0.0,0.0,いよいよ『ココミのラブリーピンクの部屋』ができる瞬間ですよ！,0.0,0.0,終於「心海的甜美粉紅小屋」要誕生了！,0.0,0.0,终于「心海的甜美粉红小屋」要诞生了！,0.0,0.0,110,61504
112,1002,1002201,0,0,5,,마스터-잠시 여기\n좀 봐주세요-!,0.0,0.0,"Master, could you come over here for a second?",0.0,0.0,マスター、ちょっとここを見てください！,0.0,0.0,大師——請稍微看一下這裡——！,0.0,0.0,大师——请稍微看一下这里——！,0.0,0.0,111,61984
113,1002,1002201,14,0,17,Kokomi/Voice_KokomiSwimSuit_MaidApp_3,"역시, 물놀이할 때는 이 비치볼이죠!",0.0,0.0,"Of course, when it's playtime in the water, this beach ball is a must!",0.0,0.0,やっぱり、水遊びの時はビーチボールですよね！,0.0,0.0,果然玩水不能少了海灘球！,0.0,0.0,果然玩水不能少了海滩球！,0.0,0.0,112,62320
114,1002,1002201,0,0,0,Kokomi/Voice_Kokomi_Effect_4,"다녀오세요, 주인님!",0.0,0.0,"Come back soon, Guest!",0.0,0.0,いってらっしゃいませ、ご主人様！,0.0,0.0,請慢用！,0.0,0.0,请慢用！,0.0,0.0,113,62708
115,1002,1002201,0,0,16,Kokomi/Voice_KokomiBasic_Complete_1,맛있게 드세요!,0.0,0.0,Enjoy your meal!,0.0,0.0,お召し上がりください！,0.0,0.0,這是我們咖啡廳的特色菜單！,0.0,0.0,这是我们咖啡厅的特色菜单！,0.0,0.0,114,62948
116,1002,1002201,0,0,16,Kokomi/Voice_KokomiBasic_Complete_2,코코미만의 특별한 메뉴가 나왔어요!,0.0,0.0,Kokomi's very own special menu is out!,0.0,0.0,ココミだけの特別なメニューが出ましたよ！,0.0,0.0,天氣很暖和讓人心情很好呢-,0.0,0.0,天气很暖和让人心情很好呢-,0.0,0.0,115,63224
117,1002,1002201,0,0,6,Kokomi/Voice_KokomiBasic_In_1,날씨가 따뜻해서\n기분이 좋네요-,0.0,0.0,The weather is warm today. so I'm feeling great!,0.0,0.0,天気がよくて気分がいいですねー。,0.0,0.0,啦啦-♬把咖啡廳-打掃乾淨-♬,0.0,0.0,啦啦-♬把咖啡厅-打扫干净-♬,0.0,0.0,116,63580
118,1002,1002201,0,0,6,Kokomi/Voice_KokomiBasic_In_2,흠흥-♬\n카페를-깨끗이-♬,0.0,0.0,Hmm-hmm-♬ Cleaning the cafe-♬,0.0,0.0,ふんふんー♬ カフェをーきれいにー♬,0.0,0.0,休息一下再繼續工作吧！,0.0,0.0,休息一下再继续工作吧！,0.0,0.0,117,63920
119,1002,1002201,0,0,6,Kokomi/Voice_Kokomi_Effect_4,일도 쉬엄쉬엄 해요-,0.0,0.0,Take it easy while you work!,0.0,0.0,お仕事も休みながらしましょうー。,0.0,0.0,又熱……又冰……？,0.0,0.0,又热……又冰……？,0.0,0.0,118,64236
120,1002,1002201,0,0,6,Kokomi/Voice_Kokomi_Effect_3_2,따뜻한데…아이스…?,0.0,0.0,It's warm… but you're getting iced…?,0.0,0.0,温かいのに…アイス…？,0.0,0.0,請問要點餐了嗎？,0.0,0.0,请问要点餐了吗？,0.0,0.0,119,64512
121,1002,1002201,0,0,6,Kokomi/Voice_Kokomi_Effect_4,주문받겠습니다!,0.0,0.0,I'll take your order!,0.0,0.0,ご注文を承りますね！,0.0,0.0,這次的菜單……,0.0,0.0,这次的菜单……,0.0,0.0,120,64784
122,1002,1002201,0,0,6,Kokomi/Voice_Kokomi_Effect_4,이번 메뉴는-,0.0,0.0,Here’s today's special menu!,0.0,0.0,今回のメニューはー,0.0,0.0,要幫您結帳嗎？,0.0,0.0,要帮您结帐吗？,0.0,0.0,121,65028
123,1002,1002201,0,0,7,Kokomi/Voice_KokomiBasic_In_1,날씨가 따뜻해서\n기분이 좋네요-,0.0,0.0,The weather is warm today. so I'm feeling great!,0.0,0.0,天気がよくて気分がいいですねー。,0.0,0.0,啦啦-♬把咖啡廳-打掃乾淨-♬,0.0,0.0,啦啦-♬把咖啡厅-打扫干净-♬,0.0,0.0,122,65272
124,1002,1002201,0,0,7,Kokomi/Voice_KokomiBasic_In_2,흠흥-♬\n카페를-깨끗이-♬,0.0,0.0,Hmm-hmm-♬ Cleaning the cafe-♬,0.0,0.0,ふんふんー♬ カフェをーきれいにー♬,0.0,0.0,休息一下再繼續工作吧！,0.0,0.0,休息一下再继续工作吧！,0.0,0.0,123,65612
125,1002,1002201,0,0,7,Kokomi/Voice_Kokomi_Effect_4,일도 쉬엄쉬엄 해요-,0.0,0.0,Take it easy while you work!,0.0,0.0,お仕事も休みながらしましょうー。,0.0,0.0,又熱……又冰……？,0.0,0.0,又热……又冰……？,0.0,0.0,124,65928
126,1002,1002201,0,0,7,Kokomi/Voice_Kokomi_Effect_3_2,따뜻한데…아이스…?,0.0,0.0,It's warm… but you're getting iced…?,0.0,0.0,温かいのに…アイス…？,0.0,0.0,請問要點餐了嗎？,0.0,0.0,请问要点餐了吗？,0.0,0.0,125,66204
127,1002,1002201,0,0,7,Kokomi/Voice_Kokomi_Effect_4,주문받겠습니다!,0.0,0.0,I'll take your order!,0.0,0.0,ご注文を承りますね！,0.0,0.0,這次的菜單……,0.0,0.0,这次的菜单……,0.0,0.0,126,66476
128,1002,1002201,0,0,7,Kokomi/Voice_Kokomi_Effect_4,이번 메뉴는-,0.0,0.0,Here’s today's special menu!,0.0,0.0,今回のメニューはー,0.0,0.0,要幫您結帳嗎？,0.0,0.0,要帮您结帐吗？,0.0,0.0,127,66720
129,1002,1002201,0,0,7,Kokomi/Voice_Kokomi_Effect_4,계산해 드릴까요?,0.0,0.0,Shall I get the bill for you?,0.0,0.0,お会計ですか？,0.0,0.0,要幫您結帳嗎？,0.0,0.0,要帮您结帐吗？,0.0,0.0,128,66964
130,1002,1002201,0,0,7,Kokomi/Voice_KokomiBasic_Out_4,언제나 최고의\n서비스를\n제공하겠어요!,0.0,0.0,We’ll always provide the best service!,0.0,0.0,いつでも最高のサービスを提供します！,0.0,0.0,我會隨時提供最棒的服務！,0.0,0.0,我会随时提供最棒的服务！,0.0,0.0,129,67208
131,1002,1002201,0,0,7,Kokomi/Voice_KokomiBasic_Out_5,청소 힘들어…힝…….,0.0,0.0,Cleaning is so hard… Hmph…,0.0,0.0,掃除が大変…ううっ……。,0.0,0.0,打掃好累喔……嗚……,0.0,0.0,打扫好累喔……呜……,0.0,0.0,130,67552
132,1002,1002201,0,0,7,Kokomi/Voice_KokomiBasic_Out_1,메이드는 귀여움이 생명!,0.0,0.0,Being cute is a maid’s lifeline!,0.0,0.0,メイドは可愛さが命！,0.0,0.0,可愛對女僕來說就是生命！,0.0,0.0,可爱对女仆来说就是生命！,0.0,0.0,131,67836
133,1002,1002201,0,0,7,Kokomi/Voice_KokomiBasic_Out_2,맛있어져라-♪\n맛있어져라-♪,0.0,0.0,Tastes better-♪ Tastes better-♪,0.0,0.0,美味しくなれー♪ 美味しくなれー♪,0.0,0.0,變好吃吧-♪變好吃吧-♪,0.0,0.0,变好吃吧-♪变好吃吧-♪,0.0,0.0,132,68132
134,1002,1002201,0,0,7,Kokomi/Voice_KokomiBasic_Out_6,언제나 웃는 얼굴로!,0.0,0.0,Always with a smile!,0.0,0.0,いつでも笑顔で！,0.0,0.0,總是面帶微笑！,0.0,0.0,总是面带微笑！,0.0,0.0,133,68444
135,1002,1002201,0,0,7,Kokomi/Voice_KokomiBasic_Out_3,저도 잘할 수 있어요!,0.0,0.0,I can do it well too!,0.0,0.0,私も上手にできますよ！,0.0,0.0,我也能做得很好！,0.0,0.0,我也能做得很好！,0.0,0.0,134,68684
136,1002,1002201,0,0,7,Kokomi/Voice_KokomiBasic_Out_7,"후후후, 아쿠는\n내가 없으면\n안 된다니깐?",0.0,0.0,"Hehe, Aku can’t do anything without me!",0.0,0.0,うふふ、アクは私がいないとダメなんだから！,0.0,0.0,呵呵呵，阿久沒有我可不行呢？,0.0,0.0,呵呵呵，阿久没有我可不行呢？,0.0,0.0,135,68940
137,1002,1002201,0,0,15,,여름 한정 특별 메뉴는 어떨까요?,0.0,0.0,How about a limited-time summer menu?,0.0,0.0,夏限定の特別メニューはどうでしょう？,0.0,0.0,要來點夏季限定的特別菜單嗎？,0.0,0.0,要来点夏季限定的特别菜单吗？,0.0,0.0,136,69316
138,1002,1002201,0,0,15,,여름에도 시원하게! 주문받겠습니다!,0.0,0.0,"Cool and refreshing, even in summer! Order up!",0.0,0.0,夏にもすっきりと！ご注文を承ります！,0.0,0.0,夏天也要清爽一下！幫您點餐！,0.0,0.0,夏天也要清爽一下！帮您点餐！,0.0,0.0,137,69632
139,1002,1002201,0,0,15,,여름휴가란 거 최고로 좋아요-,0.0,0.0,Summer vacation is the best!,0.0,0.0,夏季休暇って最高ですねー,0.0,0.0,暑假最讚了！,0.0,0.0,暑假最赞了！,0.0,0.0,138,69964
140,1002,1002201,0,0,15,,아카네 님한테 배운 서핑!\n보여 드릴까요?,0.0,0.0,Surfing I learned from Akane! Shall I show you?,0.0,0.0,アカネさんから教わったサーフィン！\n見せてあげましょうか？,0.0,0.0,我跟小茜大人學了衝浪！\n你想看看嗎？,0.0,0.0,我跟小茜大人学了冲浪！ \n你想看看吗？,0.0,0.0,139,70196
141,1002,1002201,0,0,15,,파도 맛 빙수 같은 건 어떨까요? 달면서 짠맛! 괜찮지 않을까요?!,0.0,0.0,"How about wave-flavored shaved ice? Sweet and salty! Sounds good, right?!",0.0,0.0,波味のかき氷とかどうです？甘くてしょっぱい味！いいと思いませんか!?,0.0,0.0,來點海浪味的剉冰如何？又甜又鹹！應該不錯吧？！,0.0,0.0,来点海浪味的剉冰如何？又甜又咸！应该不错吧？ ！,0.0,0.0,140,70588
142,1002,1002201,14,0,19,Kokomi/Voice_Kokomi_Effect_1,"와아-! 더위도 잊을만한 멋진 선물이에요!\n감사합니다, 마스터!",0.0,0.0,"Wow! A wonderful gift that makes me forget the heat! Thank you, Master!",0.0,0.0,わあー！暑さも忘れるくらい素敵なプレゼントです！\nありがとうございます、マスター！,0.0,0.0,哇-！是讓人忘卻炎熱的超棒禮物耶！\n大師，謝謝你！,0.0,0.0,哇-！是让人忘却炎热的超棒礼物耶！ \n大师，谢谢你！,0.0,0.0,141,71084
143,1002,1002201,9,4,8,Kokomi/Voice_KokomiSwimSuit_MaidApp_1,으아아-또 실수할 뻔했어요!,0.0,0.0,Waaah—I almost messed up again!,0.0,0.0,また失敗しちゃったかも！,0.0,0.0,嗚-又差點失誤了！,0.0,0.0,呜-又差点失误了！,0.0,0.0,142,71628
144,1002,1002201,9,4,8,Kokomi/Voice_KokomiSwimSuit_MaidApp_2,"아쿠를 위한 풀장을 만들어 볼까…….\n일단 물을…어, 어어?! 이, 이게 왜 안 멈추지?!",0.0,0.0,"Should I make a pool for Aku… Let's start with the water… Uh, uh?! W-Why isn't it stopping?!",0.0,0.0,アク専用のプールを作ってみようかな……。\nまずは水を…え、ええ!? こ、これ、なんで止まらないんだろう!?,0.0,0.0,要不要幫阿久弄一個泳池呢……？\n先來放水……咦？哦？！怎麼停不下來？！,0.0,0.0,要不要帮阿久弄一个泳池呢……？ \n先来放水……咦？哦？ ！怎么停不下来？ ！,0.0,0.0,143,71924
145,1002,1002201,13,8,8,Kokomi/Voice_KokomiSwimSuit_MaidApp_3,"역시, 물놀이할 때는 이 비치볼이죠!",0.0,0.0,"Of course, when it's playtime in the water, this beach ball is a must!",0.0,0.0,やっぱり、水遊びの時はビーチボールですよね！,0.0,0.0,果然玩水不能少了海灘球！,0.0,0.0,果然玩水不能少了海滩球！,0.0,0.0,144,72624
146,1002,1002201,7,2,8,Kokomi/Voice_KokomiSwimSuit_MaidApp_4,사실은 아쿠가 수영을 정말 못하는 거 알아요?\n자기는 안 들킨 줄 알지만요-,0.0,0.0,Did you know Aku is really bad at swimming? She thinks nobody noticed—,0.0,0.0,アクが泳げないの、知ってますか？\nあの子はバレてないと思ってますけどねー。,0.0,0.0,其實阿久超不會游泳的你知道嗎？\n但她以為不會被發現。,0.0,0.0,其实阿久超不会游泳的你知道吗？ \n但她以为不会被发现。,0.0,0.0,145,73012
147,1002,1002201,14,0,8,Kokomi/Voice_KokomiSwimSuit_MaidApp_5,물놀이를 하기 전엔 선크림을 잘 발라야 해요!\n안 그럼 피부가 타버리니까요!,0.0,0.0,"Be sure to put on sunscreen before playing in the water! Otherwise, your skin will burn!",0.0,0.0,水遊びの前には、ちゃんと日焼け止めをつけなきゃいけないんです！\nそうしないとお肌に悪いですから！,0.0,0.0,玩水前一定要好好擦防曬喔！\n不然皮膚會曬傷的！,0.0,0.0,玩水前一定要好好擦防晒喔！ \n不然皮肤会晒伤的！,0.0,0.0,146,73588
148,1002,1002201,14,0,8,Kokomi/Voice_KokomiSwimSuit_MaidApp_6,여름에는 꼭 한 번쯤은 물놀이를 해줘야\n직성이 풀리죠-,0.0,0.0,You just have to go play in the water at least once during summer or it doesn't feel right.,0.0,0.0,夏には一度くらい水遊びをしないと\n気が済まないんですよねー,0.0,0.0,夏天就是要玩水\n才過癮啊！,0.0,0.0,夏天就是要玩水\n才过瘾啊！,0.0,0.0,147,74192
149,1002,1002201,14,0,9,Kokomi/Voice_Kokomi_Hello_3,"어서 오세요, 마스터!\n오늘의 보상은 뭘까요?!",0.0,0.0,"Welcome, Master! What’s today’s reward?!",0.0,0.0,いらっしゃいませ、マスター！今日の報酬は何かな!?,0.0,0.0,歡迎光臨，大師！今天的獎勵是什麼呢？！,0.0,0.0,欢迎光临，大师！今天的奖励是什么呢？ ！,0.0,0.0,148,74656
150,1002,1002201,14,0,18,Kokomi/Voice_Kokomi_Hello_4,연속 출석! 오늘도 카페를 잘 부탁드려요!,0.0,0.0,"Consecutive login! Please take good care of the cafe today, too!",0.0,0.0,連続ログイン！今日もカフェをよろしくお願いいたします！,0.0,0.0,連續簽到！今天咖啡廳也麻煩你了！,0.0,0.0,连续签到！今天咖啡厅也麻烦你了！,0.0,0.0,149,75072
151,1002,1002201,14,0,10,Kokomi/Voice_Kokomi_Hello_5,근사하네요!\n오늘도 힘내서 가보자구요!,0.0,0.0,"Looks great! Let’s do our best today, too!",0.0,0.0,素敵ですね！今日も頑張っていきましょう！,0.0,0.0,真不錯呢！今天也好好加油！,0.0,0.0,真不错呢！今天也好好加油！,0.0,0.0,150,75488
152,1002,1002201,14,0,10,Kokomi/Voice_Kokomi_Hello_6,우와-카페 운영에 도움이\n될 것 같아요!,0.0,0.0,Wow–this looks like it’ll really help with running the cafe!,0.0,0.0,わあーカフェの運営の役に立ちそうですね！,0.0,0.0,哇-好像對經營咖啡廳有幫助耶！,0.0,0.0,哇-好像对经营咖啡厅有帮助耶！,0.0,0.0,151,75844
153,1002,1002201,0,0,11,Kokomi/Voice_Kokomi_Dormitory_1,네? 제가 궁금하다구요?,0.0,0.0,What? I'm curious?,0.0,0.0,え？私のことが気になるんですか？,0.0,0.0,咦？你對我有興趣嗎？,0.0,0.0,咦？你对我有兴趣吗？,0.0,0.0,152,76228
154,1002,1002201,0,0,12,Kokomi/Voice_Kokomi_Dormitory_2,음…어떻게 할까요-?,0.0,0.0,Hmm…how do we do that -?,0.0,0.0,うん…どうしようかなー？,0.0,0.0,嗯……該怎麼辦呢？,0.0,0.0,嗯……该怎么办呢？,0.0,0.0,153,76512
155,1002,1002201,0,0,13,Kokomi/Voice_Kokomi_Dormitory_3,좋아요! 마스터한테만 특별히 알려 드릴게요!,0.0,0.0,"Great, we've got something special for masters only!",0.0,0.0,いいですよ！マスターにだけ特別に、教えてあげますね！,0.0,0.0,好！我只告訴大師一個人喔！,0.0,0.0,好！我只告诉大师一个人喔！,0.0,0.0,154,76780
156,1002,1002201,0,0,14,Kokomi/Voice_Kokomi_DormitoryOpen_1,드디어 「코코미의 러블리 핑크 방」이 생기는 순간이에요!,0.0,0.0,"It’s finally time for "" Kokomi’s Lovely Pink Room ” to be created!",0.0,0.0,いよいよ『ココミのラブリーピンクの部屋』ができる瞬間ですよ！,0.0,0.0,終於「心海的甜美粉紅小屋」要誕生了！,0.0,0.0,终于「心海的甜美粉红小屋」要诞生了！,0.0,0.0,155,77172
157,1002,1002102,0,0,5,,마스터-잠시 여기\n좀 봐주세요-!,0.0,0.0,"Master, could you come over here for a second?",0.0,0.0,マスター、ちょっとここを見てください！,0.0,0.0,大師——請稍微看一下這裡——！,0.0,0.0,大师——请稍微看一下这里——！,0.0,0.0,156,77652
158,1002,1002102,14,0,17,Kokomi/Voice_Kokomi_Effect_4,「F:rst Chord」! 저희의 첫 곡 제목인데 어때요? 잘 지은 것 같죠?!,0.0,0.0,"「F:rst Chord」! It’s the title of our first song, how is it? Sounds good, right?!",0.0,0.0,「F:rst Chord」！私たちの最初の曲のタイトルですが、どうですか？いい名前でしょ？！,0.0,0.0,「F:rst Chord」！這是我們第一首歌的標題，怎麼樣？起得不錯吧？！,0.0,0.0,「F:rst Chord」！这是我们第一首歌的标题，怎么样？起得不错吧？！,0.0,0.0,157,77988
159,1002,1002102,0,0,0,Kokomi/Voice_Kokomi_Effect_4,"다녀오세요, 주인님!",0.0,0.0,"Come back soon, Guest!",0.0,0.0,いってらっしゃいませ、ご主人様！,0.0,0.0,請慢用！,0.0,0.0,请慢用！,0.0,0.0,158,78576
160,1002,1002102,0,0,16,Kokomi/Voice_KokomiBasic_Complete_1,맛있게 드세요!,0.0,0.0,Enjoy your meal!,0.0,0.0,お召し上がりください！,0.0,0.0,這是我們咖啡廳的特色菜單！,0.0,0.0,这是我们咖啡厅的特色菜单！,0.0,0.0,159,78816
161,1002,1002102,0,0,16,Kokomi/Voice_KokomiBasic_Complete_2,코코미만의 특별한 메뉴가 나왔어요!,0.0,0.0,Kokomi's very own special menu is out!,0.0,0.0,ココミだけの特別なメニューが出ましたよ！,0.0,0.0,天氣很暖和讓人心情很好呢-,0.0,0.0,天气很暖和让人心情很好呢-,0.0,0.0,160,79092
162,1002,1002102,0,0,6,Kokomi/Voice_KokomiBasic_In_1,날씨가 따뜻해서\n기분이 좋네요-,0.0,0.0,The weather is warm today. so I'm feeling great!,0.0,0.0,天気がよくて気分がいいですねー。,0.0,0.0,啦啦-♬把咖啡廳-打掃乾淨-♬,0.0,0.0,啦啦-♬把咖啡厅-打扫干净-♬,0.0,0.0,161,79448
163,1002,1002102,0,0,6,Kokomi/Voice_KokomiBasic_In_2,흠흥-♬\n카페를-깨끗이-♬,0.0,0.0,Hmm-hmm-♬ Cleaning the cafe-♬,0.0,0.0,ふんふんー♬ カフェをーきれいにー♬,0.0,0.0,休息一下再繼續工作吧！,0.0,0.0,休息一下再继续工作吧！,0.0,0.0,162,79788
164,1002,1002102,0,0,6,Kokomi/Voice_Kokomi_Effect_4,일도 쉬엄쉬엄 해요-,0.0,0.0,Take it easy while you work!,0.0,0.0,お仕事も休みながらしましょうー。,0.0,0.0,又熱……又冰……？,0.0,0.0,又热……又冰……？,0.0,0.0,163,80104
165,1002,1002102,0,0,6,Kokomi/Voice_Kokomi_Effect_3_2,따뜻한데…아이스…?,0.0,0.0,It's warm… but you're getting iced…?,0.0,0.0,温かいのに…アイス…？,0.0,0.0,請問要點餐了嗎？,0.0,0.0,请问要点餐了吗？,0.0,0.0,164,80380
166,1002,1002102,0,0,6,Kokomi/Voice_Kokomi_Effect_4,주문받겠습니다!,0.0,0.0,I'll take your order!,0.0,0.0,ご注文を承りますね！,0.0,0.0,這次的菜單……,0.0,0.0,这次的菜单……,0.0,0.0,165,80652
167,1002,1002102,0,0,6,Kokomi/Voice_Kokomi_Effect_4,이번 메뉴는-,0.0,0.0,Here’s today's special menu!,0.0,0.0,今回のメニューはー,0.0,0.0,要幫您結帳嗎？,0.0,0.0,要帮您结帐吗？,0.0,0.0,166,80896
168,1002,1002102,0,0,7,Kokomi/Voice_KokomiBasic_In_1,날씨가 따뜻해서\n기분이 좋네요-,0.0,0.0,The weather is warm today. so I'm feeling great!,0.0,0.0,天気がよくて気分がいいですねー。,0.0,0.0,啦啦-♬把咖啡廳-打掃乾淨-♬,0.0,0.0,啦啦-♬把咖啡厅-打扫干净-♬,0.0,0.0,167,81140
169,1002,1002102,0,0,7,Kokomi/Voice_KokomiBasic_In_2,흠흥-♬\n카페를-깨끗이-♬,0.0,0.0,Hmm-hmm-♬ Cleaning the cafe-♬,0.0,0.0,ふんふんー♬ カフェをーきれいにー♬,0.0,0.0,休息一下再繼續工作吧！,0.0,0.0,休息一下再继续工作吧！,0.0,0.0,168,81480
170,1002,1002102,0,0,7,Kokomi/Voice_Kokomi_Effect_4,일도 쉬엄쉬엄 해요-,0.0,0.0,Take it easy while you work!,0.0,0.0,お仕事も休みながらしましょうー。,0.0,0.0,又熱……又冰……？,0.0,0.0,又热……又冰……？,0.0,0.0,169,81796
171,1002,1002102,0,0,7,Kokomi/Voice_Kokomi_Effect_3_2,따뜻한데…아이스…?,0.0,0.0,It's warm… but you're getting iced…?,0.0,0.0,温かいのに…アイス…？,0.0,0.0,請問要點餐了嗎？,0.0,0.0,请问要点餐了吗？,0.0,0.0,170,82072
172,1002,1002102,0,0,7,Kokomi/Voice_Kokomi_Effect_4,주문받겠습니다!,0.0,0.0,I'll take your order!,0.0,0.0,ご注文を承りますね！,0.0,0.0,這次的菜單……,0.0,0.0,这次的菜单……,0.0,0.0,171,82344
173,1002,1002102,0,0,7,Kokomi/Voice_Kokomi_Effect_4,이번 메뉴는-,0.0,0.0,Here’s today's special menu!,0.0,0.0,今回のメニューはー,0.0,0.0,要幫您結帳嗎？,0.0,0.0,要帮您结帐吗？,0.0,0.0,172,82588
174,1002,1002102,0,0,7,Kokomi/Voice_Kokomi_Effect_4,계산해 드릴까요?,0.0,0.0,Shall I get the bill for you?,0.0,0.0,お会計ですか？,0.0,0.0,要幫您結帳嗎？,0.0,0.0,要帮您结帐吗？,0.0,0.0,173,82832
175,1002,1002102,0,0,7,Kokomi/Voice_KokomiBasic_Out_4,언제나 최고의\n서비스를\n제공하겠어요!,0.0,0.0,We’ll always provide the best service!,0.0,0.0,いつでも最高のサービスを提供します！,0.0,0.0,我會隨時提供最棒的服務！,0.0,0.0,我会随时提供最棒的服务！,0.0,0.0,174,83076
176,1002,1002102,0,0,7,Kokomi/Voice_KokomiBasic_Out_5,청소 힘들어…힝…….,0.0,0.0,Cleaning is so hard… Hmph…,0.0,0.0,掃除が大変…ううっ……。,0.0,0.0,打掃好累喔……嗚……,0.0,0.0,打扫好累喔……呜……,0.0,0.0,175,83420
177,1002,1002102,0,0,7,Kokomi/Voice_KokomiBasic_Out_1,메이드는 귀여움이 생명!,0.0,0.0,Being cute is a maid’s lifeline!,0.0,0.0,メイドは可愛さが命！,0.0,0.0,可愛對女僕來說就是生命！,0.0,0.0,可爱对女仆来说就是生命！,0.0,0.0,176,83704
178,1002,1002102,0,0,7,Kokomi/Voice_KokomiBasic_Out_2,맛있어져라-♪\n맛있어져라-♪,0.0,0.0,Tastes better-♪ Tastes better-♪,0.0,0.0,美味しくなれー♪ 美味しくなれー♪,0.0,0.0,變好吃吧-♪變好吃吧-♪,0.0,0.0,变好吃吧-♪变好吃吧-♪,0.0,0.0,177,84000
179,1002,1002102,0,0,7,Kokomi/Voice_KokomiBasic_Out_6,언제나 웃는 얼굴로!,0.0,0.0,Always with a smile!,0.0,0.0,いつでも笑顔で！,0.0,0.0,總是面帶微笑！,0.0,0.0,总是面带微笑！,0.0,0.0,178,84312
180,1002,1002102,0,0,7,Kokomi/Voice_KokomiBasic_Out_3,저도 잘할 수 있어요!,0.0,0.0,I can do it well too!,0.0,0.0,私も上手にできますよ！,0.0,0.0,我也能做得很好！,0.0,0.0,我也能做得很好！,0.0,0.0,179,84552
181,1002,1002102,0,0,7,Kokomi/Voice_KokomiBasic_Out_7,"후후후, 아쿠는\n내가 없으면\n안 된다니깐?",0.0,0.0,"Hehe, Aku can’t do anything without me!",0.0,0.0,うふふ、アクは私がいないとダメなんだから！,0.0,0.0,呵呵呵，阿久沒有我可不行呢？,0.0,0.0,呵呵呵，阿久没有我可不行呢？,0.0,0.0,180,84808
182,1002,1002102,0,0,15,,카페에서 공연하면 좋지 않을까요?!,0.0,0.0,Wouldn't it be nice to perform at the café?!,0.0,0.0,カフェで公演したらいいんじゃないですか？！,0.0,0.0,在咖啡廳演出不是很好嗎？！,0.0,0.0,在咖啡厅演出不是很好吗？！,0.0,0.0,181,85184
183,1002,1002102,0,0,15,,아름다운 연주만큼 카페 음식도 맛있게 만들 거예요!,0.0,0.0,I’ll make the café food as delicious as the beautiful performance!,0.0,0.0,美しい演奏と同じくらいカフェの料理もおいしく作ります！,0.0,0.0,我會把咖啡廳的食物做得和美麗的演奏一樣美味！,0.0,0.0,我会把咖啡厅的食物做得和美丽的演奏一样美味！,0.0,0.0,182,85512
184,1002,1002102,0,0,15,,주문을 받아볼까요!,0.0,0.0,Shall we take an order!,0.0,0.0,ご注文を取ってみましょう！,0.0,0.0,來點餐吧！,0.0,0.0,来点餐吧！,0.0,0.0,183,85964
185,1002,1002102,0,0,15,,카페에 달콤한 냄새가\n가득차도록 만들거예요!,0.0,0.0,We'll make the cafe filled with a sweet aroma!,0.0,0.0,甘いにおいでいっぱいなカフェにします！,0.0,0.0,要讓整間咖啡廳都充滿甜蜜香氣！,0.0,0.0,要让整间咖啡厅都充满甜蜜香气！,0.0,0.0,184,86176
186,1002,1002102,0,0,15,,오늘은 어떤 주문이\n들어올까요?,0.0,0.0,What kind of order will we receive today?,0.0,0.0,今日はどんな注文があるでしょう。,0.0,0.0,今天客人會點什麼呢？,0.0,0.0,今天客人会点什么呢？,0.0,0.0,185,86532
187,1002,1002102,14,1,19,Kokomi/Voice_Kokomi_Effect_1,"네? 선물이요?! 감사합니다, 선생님! 소중히 간직할게요!",0.0,0.0,"Huh? A present?! Thank you, teacher! I’ll treasure it dearly!",0.0,0.0,えっ？プレゼント？！ありがとうございます、先生！大切にします！,0.0,0.0,誒？禮物嗎？！謝謝您，老師！我會好好珍藏的！,0.0,0.0,诶？礼物吗？！谢谢您，老师！我会好好珍藏的！,0.0,0.0,186,86820
188,1002,1002102,14,8,8,Kokomi/Voice_Kokomi_Effect_4,「F:rev」를 위하여-! 완벽한 밴드 공연을 보여주겠어요!,0.0,0.0,For 「F:rev」-! I’ll show you a perfect band performance!,0.0,0.0,「F:rev」のために-！完璧なバンド公演をお見せします！,0.0,0.0,為了「F:rev」-！我要展現完美的樂隊演出！,0.0,0.0,为了「F:rev」-！我要展现完美的乐队演出！,0.0,0.0,187,87308
189,1002,1002102,14,1,8,Kokomi/Voice_Kokomi_Effect_4,"이번 연주는 제가 들어도 완벽했어요! 그렇죠, 선생님?!",0.0,0.0,"This time, even I think the performance was perfect! Right, teacher?!",0.0,0.0,今回の演奏は私が聴いても完璧でした！そうですよね、先生？！,0.0,0.0,這次的演奏連我聽了都覺得完美！對吧，老師？！,0.0,0.0,这次的演奏连我听了都觉得完美！对吧，老师？！,0.0,0.0,188,87760
190,1002,1002102,11,6,8,Kokomi/Voice_Kokomi_Effect_8_2,으음…방금 코드는 조금 어려웠던 것 같은데…다시 해보자!,0.0,0.0,Hmm… that chord just now seemed a bit difficult… let’s try again!,0.0,0.0,うーん…さっきのコードは少し難しかったみたい…もう一度やってみよう！,0.0,0.0,嗯…剛才那個和弦好像有點難…再試一次吧！,0.0,0.0,嗯…刚才那个和弦好像有点难…再试一次吧！,0.0,0.0,189,88248
191,1002,1002102,14,2,8,Kokomi/Voice_Kokomi_Effect_4,「F:rst Chord」! 저희의 첫 곡 제목인데 어때요? 잘 지은 것 같죠?!,0.0,0.0,"「F:rst Chord」! It’s the title of our first song, how is it? Sounds good, right?!",0.0,0.0,「F:rst Chord」！私たちの最初の曲のタイトルですが、どうですか？いい名前でしょ？！,0.0,0.0,「F:rst Chord」！這是我們第一首歌的標題，怎麼樣？起得不錯吧？！,0.0,0.0,「F:rst Chord」！这是我们第一首歌的标题，怎么样？起得不错吧？！,0.0,0.0,190,88744
192,1002,1002102,14,1,8,Kokomi/Voice_Kokomi_Effect_4,어? 선생님! 마침 잘 오셨어요! 제 연주 들어보실래요?!,0.0,0.0,Oh? Teacher! Perfect timing! Would you like to listen to my performance?!,0.0,0.0,あっ？先生！ちょうどいいところに来ました！私の演奏を聴いてみませんか？！,0.0,0.0,啊？老師！您來得正好！要不要聽聽我的演奏？！,0.0,0.0,啊？老师！您来得正好！要不要听听我的演奏？！,0.0,0.0,191,89332
193,1002,1002102,14,8,8,Kokomi/Voice_Kokomi_Effect_1,학원의 모든 메이드들이 우릴 보고 있어요!,0.0,0.0,All the academy’s maids are watching us!,0.0,0.0,学院のすべてのメイドが私たちを見ています！,0.0,0.0,學院裡的所有女僕都在看著我們！,0.0,0.0,学院里的所有女仆都在看着我们！,0.0,0.0,192,89840
194,1002,1002102,14,0,9,Kokomi/Voice_Kokomi_Hello_3,"어서 오세요, 마스터!\n오늘의 보상은 뭘까요?!",0.0,0.0,"Welcome, Master! What’s today’s reward?!",0.0,0.0,いらっしゃいませ、マスター！今日の報酬は何かな!?,0.0,0.0,歡迎光臨，大師！今天的獎勵是什麼呢？！,0.0,0.0,欢迎光临，大师！今天的奖励是什么呢？ ！,0.0,0.0,193,90220
195,1002,1002102,14,0,18,Kokomi/Voice_Kokomi_Hello_4,연속 출석! 오늘도 카페를 잘 부탁드려요!,0.0,0.0,"Consecutive login! Please take good care of the cafe today, too!",0.0,0.0,連続ログイン！今日もカフェをよろしくお願いいたします！,0.0,0.0,連續簽到！今天咖啡廳也麻煩你了！,0.0,0.0,连续签到！今天咖啡厅也麻烦你了！,0.0,0.0,194,90636
196,1002,1002102,14,0,10,Kokomi/Voice_Kokomi_Hello_5,근사하네요!\n오늘도 힘내서 가보자구요!,0.0,0.0,"Looks great! Let’s do our best today, too!",0.0,0.0,素敵ですね！今日も頑張っていきましょう！,0.0,0.0,真不錯呢！今天也好好加油！,0.0,0.0,真不错呢！今天也好好加油！,0.0,0.0,195,91052
197,1002,1002102,14,0,10,Kokomi/Voice_Kokomi_Hello_6,우와-카페 운영에 도움이\n될 것 같아요!,0.0,0.0,Wow–this looks like it’ll really help with running the cafe!,0.0,0.0,わあーカフェの運営の役に立ちそうですね！,0.0,0.0,哇-好像對經營咖啡廳有幫助耶！,0.0,0.0,哇-好像对经营咖啡厅有帮助耶！,0.0,0.0,196,91408
198,1002,1002102,0,0,11,Kokomi/Voice_Kokomi_Dormitory_1,네? 제가 궁금하다구요?,0.0,0.0,What? I'm curious?,0.0,0.0,え？私のことが気になるんですか？,0.0,0.0,咦？你對我有興趣嗎？,0.0,0.0,咦？你对我有兴趣吗？,0.0,0.0,197,91792
199,1002,1002102,0,0,12,Kokomi/Voice_Kokomi_Dormitory_2,음…어떻게 할까요-?,0.0,0.0,Hmm…how do we do that -?,0.0,0.0,うん…どうしようかなー？,0.0,0.0,嗯……該怎麼辦呢？,0.0,0.0,嗯……该怎么办呢？,0.0,0.0,198,92076
200,1002,1002102,0,0,13,Kokomi/Voice_Kokomi_Dormitory_3,좋아요! 마스터한테만 특별히 알려 드릴게요!,0.0,0.0,"Great, we've got something special for masters only!",0.0,0.0,いいですよ！マスターにだけ特別に、教えてあげますね！,0.0,0.0,好！我只告訴大師一個人喔！,0.0,0.0,好！我只告诉大师一个人喔！,0.0,0.0,199,92344
201,1002,1002102,0,0,14,Kokomi/Voice_Kokomi_DormitoryOpen_1,드디어 「코코미의 러블리 핑크 방」이 생기는 순간이에요!,0.0,0.0,"It’s finally time for "" Kokomi’s Lovely Pink Room ” to be created!",0.0,0.0,いよいよ『ココミのラブリーピンクの部屋』ができる瞬間ですよ！,0.0,0.0,終於「心海的甜美粉紅小屋」要誕生了！,0.0,0.0,终于「心海的甜美粉红小屋」要诞生了！,0.0,0.0,200,92736
202,1002,1002203,0,0,5,,마스터-잠시 여기\n좀 봐주세요-!,0.0,0.0,"Master, could you come over here for a second?",0.0,0.0,マスター、ちょっとここを見てください！,0.0,0.0,大師——請稍微看一下這裡——！,0.0,0.0,大師——请稍微看一下这里——！,0.0,0.0,201,93216
203,1002,1002203,14,0,17,Kokomi/Voice_KokomiChristmas_Out_1,반짝반짝-\n크리스마스\n기분이 물씬 나요!,0.0,0.0,"Twinkle, twinkle, twinkle-it's like Christmas!",0.0,0.0,きらきらきらきら、まるでクリスマス！,0.0,0.0,一閃，一閃，一閃，就像聖誕節一樣,0.0,0.0,一闪，一闪，一闪，就像圣诞节一样,0.0,0.0,202,93552
204,1002,1002203,0,0,16,Kokomi/Voice_KokomiChristmas_Complete_1,옆구리가 따뜻해지는 음식! 맛있게 드세요!,0.0,0.0,Food that warms your belly! Enjoy!,0.0,0.0,お腹を温める食べ物！お楽しみください！,0.0,0.0,溫暖你的食物請慢用,0.0,0.0,温暖你的食物请慢用,0.0,0.0,203,93932
205,1002,1002203,0,0,0,Kokomi/Voice_KokomiChristmas_Complete_2,역시 크리스마스에는 메이드 카페예요!,0.0,0.0,It's a maid cafe on Christmas!,0.0,0.0,クリスマスはメイド喫茶,0.0,0.0,聖誕節的女僕咖啡館！,0.0,0.0,圣诞节的女仆咖啡馆！,0.0,0.0,204,94272
206,1002,1002203,0,0,16,Kokomi/Voice_KokomiChristmas_Complete_3,저희 카페의\n크리스마스\n한정 스페셜 메뉴예요!,0.0,0.0,Our cafe's Christmas limited special menu!,0.0,0.0,クリスマス限定メニューです！,0.0,0.0,我們咖啡廳的聖誕節限量特別菜單！,0.0,0.0,我们咖啡厅的圣诞节限量特别菜单！,0.0,0.0,205,94584
207,1002,1002203,0,0,6,Kokomi/Voice_Kokomi_Effect_8_2,으…춥다…….,0.0,0.0,Ugh...it's cold.......,0.0,0.0,うぅ...寒い......。,0.0,0.0,唉......好冷啊.......,0.0,0.0,唉......好冷啊.......,0.0,0.0,206,94964
208,1002,1002203,0,0,6,Kokomi/Voice_KokomiBasic_In_2,흠흥-♬\n카페를-깨끗이-♬,0.0,0.0,Hmmmm-♬ Cafe-clean-♬,0.0,0.0,う-ん......寒い......。,0.0,0.0,嗯哼-♬咖啡廳-乾淨-♬,0.0,0.0,嗯哼-♬咖啡厅-干净-♬,0.0,0.0,207,95208
209,1002,1002203,0,0,6,Kokomi/Voice_Kokomi_Effect_4,포장지도 귀여워야 진짜 선물이죠!,0.0,0.0,It's a real gift if the wrapping is cute too!,0.0,0.0,ラッピングも可愛いと本当のプレゼントですね！,0.0,0.0,如果包裝也很可愛，那才是真正的禮物！,0.0,0.0,如果包装也很可爱，那才是真正的礼物！,0.0,0.0,208,95480
210,1002,1002203,0,0,6,Kokomi/Voice_Kokomi_Effect_3_2,추운 겨울에……\n아이스…?,0.0,0.0,In the cold winter...ice...?,0.0,0.0,寒い冬に...氷...？,0.0,0.0,在寒冷的冬天...冰...？,0.0,0.0,在寒冷的冬天...冰...？,0.0,0.0,209,95872
211,1002,1002203,0,0,6,Kokomi/Voice_KokomiChristmas_In_1,딸랑딸랑-♬\n주문받겠습니다!,0.0,0.0,Tinkle-♬ I'll take your order!,0.0,0.0,ティンクル-♬ ご注文承ります！,0.0,0.0,叮鈴-♬ 我來為您點餐！,0.0,0.0,叮铃-♬ 我来为您点单！,0.0,0.0,210,96148
212,1002,1002203,0,0,6,Kokomi/Voice_KokomiChristmas_In_2,이건 꼭 트리 위에\n올려야 해요!,0.0,0.0,This must go on the tree!,0.0,0.0,ツリーに飾ってね,0.0,0.0,這個一定要掛在樹上,0.0,0.0,这个一定要挂在树上,0.0,0.0,211,96452
213,1002,1002203,0,0,7,Kokomi/Voice_Kokomi_Effect_8_2,으…춥다…….,0.0,0.0,Ugh...it's cold.......,0.0,0.0,うぅ...寒い......。,0.0,0.0,唉......好冷啊.......,0.0,0.0,唉......好冷啊.......,0.0,0.0,212,96728
214,1002,1002203,0,0,7,Kokomi/Voice_KokomiBasic_In_2,흠흥-♬\n카페를-깨끗이-♬,0.0,0.0,Hmmmm-♬ Cafe-clean-♬,0.0,0.0,う-ん......寒い......。,0.0,0.0,嗯哼-♬咖啡廳-乾淨-♬,0.0,0.0,嗯哼-♬咖啡厅-干净-♬,0.0,0.0,213,96972
215,1002,1002203,0,0,7,Kokomi/Voice_Kokomi_Effect_4,포장지도 귀여워야 진짜 선물이죠!,0.0,0.0,It's a real gift if the wrapping is cute too!,0.0,0.0,ラッピングも可愛いと本当のプレゼントですね！,0.0,0.0,如果包裝也很可愛，那才是真正的禮物！,0.0,0.0,如果包装也很可爱，那才是真正的礼物！,0.0,0.0,214,97244
216,1002,1002203,0,0,7,Kokomi/Voice_Kokomi_Effect_3_2,추운 겨울에……\n아이스…?,0.0,0.0,In the cold winter...ice...?,0.0,0.0,寒い冬に...氷...？,0.0,0.0,在寒冷的冬天...冰...？,0.0,0.0,在寒冷的冬天...冰...？,0.0,0.0,215,97636
217,1002,1002203,0,0,7,Kokomi/Voice_KokomiChristmas_In_1,딸랑딸랑-♬\n주문받겠습니다!,0.0,0.0,Tinkle-♬ I'll take your order!,0.0,0.0,ティンクル-♬ ご注文承ります！,0.0,0.0,叮鈴-♬ 我來為您點餐！,0.0,0.0,叮铃-♬ 我来为您点单！,0.0,0.0,216,97912
218,1002,1002203,0,0,7,Kokomi/Voice_KokomiChristmas_In_2,이건 꼭 트리 위에\n올려야 해요!,0.0,0.0,This must go on the tree!,0.0,0.0,ツリーに飾ってね,0.0,0.0,這個一定要掛在樹上,0.0,0.0,这个一定要挂在树上,0.0,0.0,217,98216
219,1002,1002203,0,0,7,Kokomi/Voice_KokomiChristmas_Out_1,반짝반짝-\n크리스마스\n기분이 물씬 나요!,0.0,0.0,"Twinkle, twinkle, twinkle-it's like Christmas!",0.0,0.0,きらきらきらきら、まるでクリスマス！,0.0,0.0,一閃，一閃，一閃，就像聖誕節一樣,0.0,0.0,一闪，一闪，一闪，就像圣诞节一样,0.0,0.0,218,98492
220,1002,1002203,0,0,7,Kokomi/Voice_KokomiChristmas_Out_2,흰 눈이 내리면\n산타가 오겠죠?\n저도 기다릴래요!,0.0,0.0,"When the white snow falls, Santa will come. I'll wait for him too!",0.0,0.0,白い雪が降ったら、サンタさんが来るよ。僕もサンタさんを待つよ！,0.0,0.0,白雪皚皚的時候 聖誕老公公會來的我也會等他的！,0.0,0.0,白雪皑皑的时候 圣诞老人会来的我也会等他的！,0.0,0.0,219,98872
221,1002,1002203,0,0,7,Kokomi/Voice_KokomiChristmas_Out_3,겨울에도 먼지는\n사라지지\n않네요…….,0.0,0.0,Dust doesn't disappear in winter.......,0.0,0.0,冬でもホコリは消えない......。,0.0,0.0,灰塵不會在冬天消失.......,0.0,0.0,灰尘不会在冬天消失.......,0.0,0.0,220,99360
222,1002,1002203,0,0,7,Kokomi/Voice_KokomiChristmas_Out_4,눈사람이나\n만들까요?!,0.0,0.0,Let's build a snowman!,0.0,0.0,雪だるまを作ろう,0.0,0.0,我們來堆雪人吧,0.0,0.0,我们来堆雪人吧,0.0,0.0,221,99696
223,1002,1002203,0,0,7,Kokomi/Voice_KokomiBasic_Out_2,맛있어져라-♪\n맛있어져라-♪,0.0,0.0,Tastes better-♪ Tastes better-♪,0.0,0.0,美味しくなれ-♪美味しくなれ-♪,0.0,0.0,好吃吧——♪好吃吧——♪,0.0,0.0,好吃吧——♪好吃吧——♪,0.0,0.0,222,99948
224,1002,1002203,0,0,7,Kokomi/Voice_KokomiChristmas_Out_5,선물을 받기 위해서 1년 동안\n안 울었어요!\n……아마도?,0.0,0.0,I haven't cried for a year to get presents!...maybe?,0.0,0.0,プレゼントをもらうために1年間泣いたことはない！......かも？,0.0,0.0,我已經一年沒有哭著要禮物了！ ……也許吧？,0.0,0.0,我已经一年没有哭着要礼物了！......也许吧？,0.0,0.0,223,100260
225,1002,1002203,0,0,7,Kokomi/Voice_KokomiChristmas_Out_6,양말을 걸고 있으면 산타 할아버지가\n올까요?,0.0,0.0,"If I hang my stocking, will Santa come?",0.0,0.0,ストッキング掛けたらサンタさん来るかな？,0.0,0.0,如果我掛上襪子，聖誕老公公會來嗎？,0.0,0.0,如果我挂上袜子，圣诞老人会来吗？,0.0,0.0,224,100724
226,1002,1002203,0,0,15,,딸랑딸랑-♬\n주문받을 준비 완료!,0.0,0.0,Ding-ding-♬ Order-taking ready!,0.0,0.0,チリンチリン-♬ 注文受付準備完了！,0.0,0.0,叮鈴叮鈴-♬ 訂單準備就緒！,0.0,0.0,叮铃叮铃-♬ 订单准备就绪！,0.0,0.0,225,101112
227,1002,1002203,0,0,15,,겨울에 연인이 없다면\n제가 옆에 있어줄게요!,0.0,0.0,"If you don't have a lover in winter, I'll be by your side!",0.0,0.0,冬に恋人がいないなら、私がそばにいてあげる！,0.0,0.0,冬天如果沒有戀人，我會在你身邊！,0.0,0.0,冬天如果没有恋人，我会在你身边！,0.0,0.0,226,101416
228,1002,1002203,0,0,15,,역시 겨울에는 따뜻한 음식 주문이 많을까요?,0.0,0.0,"As expected, will there be many orders for warm food in winter?",0.0,0.0,やっぱり冬には温かい料理の注文が多いでしょうか？,0.0,0.0,果然冬天會有很多溫暖的食物訂單嗎？,0.0,0.0,果然冬天会有很多温暖的食物订单吗？,0.0,0.0,227,101792
229,1002,1002203,0,0,15,,손님이 만족할만한 음식을 만들겠어요!,0.0,0.0,I'll make food that satisfies the customers!,0.0,0.0,お客様が満足する料理を作ります！,0.0,0.0,我要做讓客人滿意的美食！,0.0,0.0,我要做让客人满意的美食！,0.0,0.0,228,102180
230,1002,1002203,0,0,15,,어떤 가구가 필요할까요?,0.0,0.0,What kind of furniture do you need?,0.0,0.0,どんな家具が必要ですか？,0.0,0.0,需要什麼樣的家具？,0.0,0.0,需要什么样的家具？,0.0,0.0,229,102484
231,1002,1002203,14,0,19,Kokomi/Voice_Kokomi_Effect_1,"와아-! 오늘의 기념품인가요? 감사합니다, 마스터!",0.0,0.0,"Wow–! A memento for today? Thank you, Master!",0.0,0.0,わあー！今日のお土産ですか？ありがとうございます、マスター！,0.0,0.0,哇-！是今天的紀念品嗎？大師，謝謝你！,0.0,0.0,哇-！是今天的纪念品吗？大师，谢谢你！,0.0,0.0,230,102736
232,1002,1002203,14,0,8,Kokomi/Voice_KokomiChristmas_MaidApp_1,"메리 크리스마스, 마스터!",0.0,0.0,"Merry Christmas, Master!",0.0,0.0,メリークリスマス、マスター！,0.0,0.0,聖誕快樂，大師！,0.0,0.0,圣诞快乐，大師！,0.0,0.0,231,103172
233,1002,1002203,7,2,8,Kokomi/Voice_KokomiChristmas_MaidApp_2,이번 크리스마스는 제가 함께예요!,0.0,0.0,I'm with you this Christmas!,0.0,0.0,今年のクリスマスは君と一緒だ！,0.0,0.0,這個聖誕節我和你在一起！,0.0,0.0,这个圣诞节我和你在一起！,0.0,0.0,232,103452
234,1002,1002203,14,0,8,Kokomi/Voice_KokomiChristmas_MaidApp_3,추운 겨울엔 제가 손을 잡아드릴게요!,0.0,0.0,I'll hold your hand in the cold winter!,0.0,0.0,寒い冬でも、あなたの手を握ります！,0.0,0.0,在寒冷的冬天，我會牽著你的手！,0.0,0.0,在寒冷的冬天，我会牵着你的手！,0.0,0.0,233,103776
235,1002,1002203,12,7,8,Kokomi/Voice_KokomiChristmas_MaidApp_4,"겨울엔 역시 친구들과 함께가 최고예요! 아, 물론 마스터도 같이!",0.0,0.0,"Winter is best with friends! Oh, and of course, with you, Master!",0.0,0.0,冬は友達と一緒が一番！あ、もちろんご主人様も一緒にね！,0.0,0.0,冬天和朋友在一起最美好當然，還有你，大師,0.0,0.0,冬天和朋友在一起最美好当然，还有你，大師,0.0,0.0,234,104144
236,1002,1002203,14,0,8,Kokomi/Voice_KokomiChristmas_MaidApp_5,눈이 묻었다구요? 아까 눈사람을 만들다가 묻었나봐요!,0.0,0.0,You got snow on you? I must have gotten it on me while making a snowman earlier!,0.0,0.0,雪が積もったか？さっき雪だるま作ってたら、ついちゃったんだ！,0.0,0.0,你身上有雪嗎？一定是剛才堆雪人的時候弄的,0.0,0.0,你身上有雪吗？一定是刚才堆雪人的时候弄的,0.0,0.0,235,104632
237,1002,1002203,13,8,8,Kokomi/Voice_KokomiChristmas_MaidApp_6,코코미의 대변신! 어때요? 어울리나요?!,0.0,0.0,Kokomi's makeover! What do you think? Does it suit you?!,0.0,0.0,ココミのイメチェン！どう？似合ってる？,0.0,0.0,心海改頭換面了！你覺得怎麼樣？適合你嗎？,0.0,0.0,心海改头换面了！你觉得怎么样？适合你吗？,0.0,0.0,236,105128
238,1002,1002203,14,0,9,Kokomi/Voice_KokomiChristmas_MaidApp_1,"메리 크리스마스, 마스터!\n학원에서도 선물이 왔어요!",0.0,0.0,"Merry Christmas, Master! There's a gift from the academy too!",0.0,0.0,メリークリスマス、マスター！アカデミーからもプレゼントが届きましたよ！,0.0,0.0,聖誕快樂，大師！學院也送來了禮物！,0.0,0.0,圣诞快乐，大師！学院也送来了礼物！,0.0,0.0,237,105544
239,1002,1002203,14,0,10,,코코미가\n크리스마스의 축복을\n드릴게요!,0.0,0.0,Kokomi will give you the blessings of Christmas!,0.0,0.0,ココミがクリスマスの祝福をお届けします！,0.0,0.0,心海會送上聖誕的祝福！,0.0,0.0,心海会送上圣诞的祝福！,0.0,0.0,238,106020
240,1002,1002203,0,0,11,Kokomi/Voice_Kokomi_Dormitory_1,네? 제가 궁금하다구요?,0.0,0.0,Huh? You're curious about me?,0.0,0.0,え？私が気になるんですか？,0.0,0.0,啊？你對我感興趣嗎？,0.0,0.0,啊？你对我感兴趣吗？,0.0,0.0,239,106348
241,1002,1002203,0,0,12,Kokomi/Voice_Kokomi_Dormitory_2,음…어떻게 할까요-?,0.0,0.0,Hmm… What should we do?,0.0,0.0,うーん…どうしましょうか？,0.0,0.0,嗯……怎麼辦呢？,0.0,0.0,嗯……怎么办呢？,0.0,0.0,240,106636
242,1002,1002203,0,0,13,Kokomi/Voice_Kokomi_Dormitory_3,좋아요! 마스터한테만 특별히 알려 드릴게요!,0.0,0.0,"Alright! I'll tell you, but just for you, Master!",0.0,0.0,いいですよ！マスターだけに特別に教えてあげますね！,0.0,0.0,好吧！只特別告訴您，大師！,0.0,0.0,好吧！只特别告诉您，大師！,0.0,0.0,241,106900
243,1002,1002203,0,0,14,Kokomi/Voice_Kokomi_DormitoryOpen_1,드디어 「코코미의 러블리 핑크 방」이 생기는 순간이에요!,0.0,0.0,"It’s finally time for "" Kokomi’s Lovely Pink Room ” to be created!",0.0,0.0,いよいよ「ココミのラブリーピンクルーム」の完成です！,0.0,0.0,"心海可愛的粉紅房間 ""終於要誕生了！",0.0,0.0,"心海可爱的粉色房间 ""终于要诞生了！",0.0,0.0,242,107288
244,1003,0,0,0,5,,"……마스터, 저랑 잠시\n볼 수 있을까요?",0.0,0.0,"……Master, could I speak with you for a moment?",0.0,0.0,……マスター、少し私とお話しできますか？,0.0,0.0,……大師，可以和我聊一會兒嗎？,0.0,0.0,……大师，可以和我聊一会儿吗？,0.0,0.0,243,107748
245,1003,0,0,0,17,Aku/Voice_Aku_Hello_1,"……안녕하세요, 마스터. 오늘 할 일은 뭔가요?",0.0,0.0,"……Hello, Master. What’s on the agenda today?",0.0,0.0,……こんにちは、マスター。今日やることはなんですか？,0.0,0.0,……你好，大師。今天要做什麼呢？,0.0,0.0,……你好，大师。今天要做什么呢？,0.0,0.0,244,108100
246,1003,0,0,0,16,Aku/Voice_AkuBasic_Complete_1,"……마, 맛있게\n드십시오.",0.0,0.0,……En-enjoy your meal.,0.0,0.0,……お召し上がりください。,0.0,0.0,……請……請慢用。,0.0,0.0,……请……请慢用。,0.0,0.0,245,108504
247,1003,0,0,0,0,Aku/Voice_AkuBasic_Complete_3,……다녀오세요\n주인님.,0.0,0.0,"……Come back soon, Guest.",0.0,0.0,……いってらっしゃいませ、ご主人様。,0.0,0.0,……大師，路上小心！,0.0,0.0,……大师，路上小心！,0.0,0.0,246,108784
248,1003,0,0,0,16,Aku/Voice_AkuBasic_Complete_2,……맛있어지는\n주문이요?,0.0,0.0,……A special order to make it tastier?,0.0,0.0,……美味しくなるおまじない、ですか？,0.0,0.0,……變好吃的咒語？,0.0,0.0,……变好吃的咒语？,0.0,0.0,247,109088
249,1003,0,0,0,6,Aku/Voice_AkuChristmas_In_1,……맛있어져…라.\n맛있…어져라.,0.0,0.0,……Get…delicious…\nGet…delicious…come on.,0.0,0.0,……美味しくな…れ。美味しくな…れ。,0.0,0.0,……變好吃吧！變……好……吃吧。,0.0,0.0,……变好吃吧！变……好……吃吧。,0.0,0.0,248,109400
250,1003,0,0,0,6,Aku/Voice_Aku_Effect_3,……다음으로 할 일은-,0.0,0.0,……What’s the next task?,0.0,0.0,……次にやることはー。,0.0,0.0,……接下來的工作是-,0.0,0.0,……接下来的工作是-,0.0,0.0,249,109768
251,1003,0,0,0,6,Aku/Voice_AkuBasic_In_1,……식사는\n하신 건가요?,0.0,0.0,……Have you eaten yet?,0.0,0.0,……お食事は済ませましたか？,0.0,0.0,……你吃飯了嗎？,0.0,0.0,……你吃饭了吗？,0.0,0.0,250,110036
252,1003,0,0,0,6,Aku/Voice_AkuBasic_In_2,……아직 쉬는 시간이 아니에요.,0.0,0.0,……It’s not break time yet.,0.0,0.0,……まだ休憩時間ではありません。,0.0,0.0,……現在還不是休息時間。,0.0,0.0,……现在还不是休息时间。,0.0,0.0,251,110304
253,1003,0,0,0,6,Aku/Voice_AkuBasic_In_3,……따뜻한…아이스……네?,0.0,0.0,……Warm… ice… yes?,0.0,0.0,……温かいのに…アイス……ですか？,0.0,0.0,……熱的……冰……咦？,0.0,0.0,……热的……冰……咦？,0.0,0.0,252,110612
254,1003,0,0,0,6,Aku/Voice_AkuBasic_In_4,……어떤 걸로 \n준비해드릴까요?,0.0,0.0,……What would you like me to prepare?,0.0,0.0,……どちらでご用意しますか？,0.0,0.0,……要為您準備什麼呢？,0.0,0.0,……要为您准备什么呢？,0.0,0.0,253,110916
255,1003,0,0,0,7,Aku/Voice_AkuChristmas_In_1,……맛있어져…라.\n맛있…어져라.,0.0,0.0,……Get…delicious…\nGet…delicious…come on.,0.0,0.0,……美味しくな…れ。美味しくな…れ。,0.0,0.0,……變好吃吧！變……好……吃吧。,0.0,0.0,……变好吃吧！变……好……吃吧。,0.0,0.0,254,111228
256,1003,0,0,0,7,Aku/Voice_Aku_Effect_3,……다음으로 할 일은-,0.0,0.0,……What’s the next task?,0.0,0.0,……次にやることはー。,0.0,0.0,……接下來的工作是-,0.0,0.0,……接下来的工作是-,0.0,0.0,255,111596
257,1003,0,0,0,7,Aku/Voice_AkuBasic_In_1,……식사는\n하신 건가요?,0.0,0.0,……Have you eaten yet?,0.0,0.0,……お食事は済ませましたか？,0.0,0.0,……你吃飯了嗎？,0.0,0.0,……你吃饭了吗？,0.0,0.0,256,111864
258,1003,0,0,0,7,Aku/Voice_AkuBasic_In_2,……아직 쉬는 시간이 아니에요.,0.0,0.0,……It’s not break time yet.,0.0,0.0,……まだ休憩時間ではありません。,0.0,0.0,……現在還不是休息時間。,0.0,0.0,……现在还不是休息时间。,0.0,0.0,257,112132
259,1003,0,0,0,7,Aku/Voice_AkuBasic_In_3,……따뜻한…아이스……네?,0.0,0.0,……Warm… ice… yes?,0.0,0.0,……温かいのに…アイス……ですか？,0.0,0.0,……熱的……冰……咦？,0.0,0.0,……热的……冰……咦？,0.0,0.0,258,112440
260,1003,0,0,0,7,Aku/Voice_AkuBasic_In_4,……어떤 걸로 \n준비해드릴까요?,0.0,0.0,……What would you like me to prepare?,0.0,0.0,……どちらでご用意しますか？,0.0,0.0,……要為您準備什麼呢？,0.0,0.0,……要为您准备什么呢？,0.0,0.0,259,112744
261,1003,0,0,0,7,Aku/Voice_AkuBasic_Out_3,……주문하신 음료\n나왔습니다.,0.0,0.0,……Your drink is ready.,0.0,0.0,……ご注文のドリンクができました。,0.0,0.0,……您點的飲料來了。,0.0,0.0,……您点的饮料来了。,0.0,0.0,260,113056
262,1003,0,0,0,7,Aku/Voice_AkuBasic_Out_4,……주문 받았습니다.,0.0,0.0,……Order received.,0.0,0.0,……ご注文を承りました。,0.0,0.0,……收到您的點餐了。,0.0,0.0,……收到您的点餐了。,0.0,0.0,261,113356
263,1003,0,0,0,7,Aku/Voice_AkuBasic_Out_2,……군것질은\n타이밍이\n생명입니다.,0.0,0.0,……Snacking is all about timing.,0.0,0.0,……おやつはタイミングが命です。,0.0,0.0,……吃零食要抓準時機。,0.0,0.0,……吃零食要抓准时机。,0.0,0.0,262,113624
264,1003,0,0,0,7,Aku/Voice_AkuBasic_Out_5,……카페는 언제나 시끌벅적하군요.,0.0,0.0,……The cafe is always bustling.,0.0,0.0,……カフェはいつも賑やかですね。,0.0,0.0,……咖啡廳總是很熱鬧呢。,0.0,0.0,……咖啡厅总是很热闹呢。,0.0,0.0,263,113944
265,1003,0,0,0,7,Aku/Voice_AkuBasic_Out_1,……코코미는\n마스터가\n관리해주세요.,0.0,0.0,"……Please take care of Kokomi, Master.",0.0,0.0,……ココミは、マスターが管理してください。,0.0,0.0,……心海就交給大師管理吧。,0.0,0.0,……心海就交给大师管理吧。,0.0,0.0,264,114260
266,1003,0,0,0,15,,……주문 받았습니다…….,0.0,0.0,……Order received.,0.0,0.0,……ご注文を承りました。,0.0,0.0,……收到您的點餐了。,0.0,0.0,……收到您的点餐了。,0.0,0.0,265,114616
267,1003,0,0,0,15,,"……음료라면, 저도 자신\n있습니다.",0.0,0.0,"……If it's about drinks, I'm confident.",0.0,0.0,……ドリンクなら、私も自信があります。,0.0,0.0,……飲品的話，我也很拿手。,0.0,0.0,……饮品的话，我也很拿手。,0.0,0.0,266,114864
268,1003,0,0,0,15,,……손님들은 어떤 음료를\n좋아할까요?,0.0,0.0,……What kind of drinks do customers like?,0.0,0.0,……お客さんは、どんなドリンクが好きでしょう。,0.0,0.0,……客人喜歡什麼樣的飲品呢？,0.0,0.0,……客人喜欢什么样的饮品呢？,0.0,0.0,267,115184
269,1003,0,0,0,15,,"……오, 오늘도\n활기차게…….\n이건 못하겠군요…….",0.0,0.0,"……Le, let's be energetic again today……. No, I can't do this…….",0.0,0.0,……きょ、今日も張り切って……。これは言えませんよ……。,0.0,0.0,……今、今天也充滿幹勁……我說不出這種話……,0.0,0.0,……今、今天也充满干劲……我说不出这种话……,0.0,0.0,268,115532
270,1003,0,0,0,15,,……어서 오세요.\n이제 일을 하러 가볼까요.,0.0,0.0,……Welcome. Shall we get to work now?,0.0,0.0,……いらっしゃいませ。これから仕事に行きましょうか。,0.0,0.0,……歡迎光臨，該去工作了。,0.0,0.0,……欢迎光临，该去工作了。,0.0,0.0,269,115988
271,1003,0,12,7,19,Aku/Voice_Aku_Effect_2,"……선물…인 건가요? 감사합니다, 마스터.",0.0,0.0,"…A…gift? Thank you, Master.",0.0,0.0,……プレゼント…ですか。ありがとうございます、マスター。,0.0,0.0,……這是……禮物嗎？大師，謝謝你。,0.0,0.0,……这是……礼物吗？大师，谢谢你。,0.0,0.0,270,116336
272,1003,0,1,1,8,Aku/Voice_Aku_Like_1,"……마스터라면, 괜찮습니다.",0.0,0.0,"……If it's you, Master, it's fine.",0.0,0.0,……マスターなら、かまいません。,0.0,0.0,……是大師的話就沒關係。,0.0,0.0,……是大师的话就没关系。,0.0,0.0,271,116728
273,1003,0,1,1,8,Aku/Voice_Aku_Like_2,……마스터와 있으면\n조금은…편안한 것 같습니다.,0.0,0.0,"……Being with you, Master,
feels a little… comforting.",0.0,0.0,……マスターと一緒にいると、少しは…落ち着く気がします。,0.0,0.0,……和大師在一起好像有稍微……放鬆一點了。,0.0,0.0,……和大师在一起好像有稍微……放松一点了。,0.0,0.0,272,117036
274,1003,0,1,1,8,Aku/Voice_Aku_Hello_1,"……안녕하세요, 마스터. 오늘 할 일은 뭔가요?",0.0,0.0,"……Hello, Master. What’s on the agenda today?",0.0,0.0,……こんにちは、マスター。今日やることはなんですか？,0.0,0.0,……你好，大師。今天要做什麼呢？,0.0,0.0,……你好，大师。今天要做什么呢？,0.0,0.0,273,117488
275,1003,0,11,6,8,Aku/Voice_Aku_Hello_2,오늘의 할 일로는…….\n체크리스트를 좀 봐야겠군요.,0.0,0.0,"Today’s tasks……
I should check the checklist.",0.0,0.0,今日のやることは……。チェックリストをちょっと見なければなりませんね。,0.0,0.0,今天的工作內容是……我來看看待辦清單。,0.0,0.0,今天的工作内容是……我来看看待办清单。,0.0,0.0,274,117892
276,1003,0,1,1,8,Aku/Voice_AkuBasic_MaidApp_1,……무슨 일이신가요?,0.0,0.0,……What’s the matter?,0.0,0.0,……何かご用ですか？,0.0,0.0,……有什麼事嗎？,0.0,0.0,……有什么事吗？,0.0,0.0,275,118356
277,1003,0,1,1,8,Aku/Voice_AkuBasic_MaidApp_2,……마스터의 말이라면\n기꺼이.,0.0,0.0,"……If it's Master’s request, I’ll gladly do it.",0.0,0.0,……マスターのお言葉なら、喜んで。,0.0,0.0,……如果是大師的話，我很樂意。,0.0,0.0,……如果是大师的话，我很乐意。,0.0,0.0,276,118612
278,1003,0,1,1,8,,…….,0.0,0.0,……,0.0,0.0,…….,0.0,0.0,……,0.0,0.0,……,0.0,0.0,277,118976
279,1003,0,1,1,8,Aku/Voice_AkuBasic_MaidApp_3,"……커피, 드시겠나요?",0.0,0.0,……Would you like some coffee?,0.0,0.0,……コーヒー、召し上がりますか？,0.0,0.0,……要來杯咖啡嗎？,0.0,0.0,……要来杯咖啡吗？,0.0,0.0,278,119104
280,1003,0,9,4,8,Aku/Voice_AkuBasic_MaidApp_4,……초코요?\n잘못 보신 겁니다.,0.0,0.0,……Chocolate? You must’ve misread.,0.0,0.0,……チョコですか？見間違いですよ。,0.0,0.0,……巧克力？應該是你看錯了。,0.0,0.0,……巧克力？应该是你看错了。,0.0,0.0,279,119392
281,1003,0,1,1,9,Aku/Voice_Aku_Hello_3,"……어서 오세요, 마스터. 이건 학원에서 보낸 물건입니다.",0.0,0.0,"……Welcome, Master. Here’s the item sent from the academy.",0.0,0.0,……いらっしゃいませ、マスター、こちら、学園から送られた物です。,0.0,0.0,……大師，歡迎光臨。這是學園送來的東西。,0.0,0.0,……大师，欢迎光临。这是学园送来的东西。,0.0,0.0,280,119732
282,1003,0,1,1,18,Aku/Voice_Aku_Hello_4,……오늘도 와주셨군요. 마스터…이거 받으세요.,0.0,0.0,"……You came again today, Master… Here, take this.",0.0,0.0,……今日も来てくださったんですね、マスター…これ、受け取ってください。,0.0,0.0,……大師你今天也來啦！……請收下這個。,0.0,0.0,……大师你今天也来啦！ ……请收下这个。,0.0,0.0,281,120204
283,1003,0,13,8,10,Aku/Voice_Aku_Hello_5,……저도 만져봐도 될까요?,0.0,0.0,"……May I touch it, too?",0.0,0.0,……私も、触ってもいいですか？,0.0,0.0,……我也可以摸摸看嗎？,0.0,0.0,……我也可以摸摸看吗？,0.0,0.0,282,120668
284,1003,0,13,8,10,Aku/Voice_Aku_Hello_6,도움이 필요하시면 언제든 불러주세요.,0.0,0.0,"If you need help, just call me anytime.",0.0,0.0,助けが必要なら、いつでも読んでください。,0.0,0.0,需要幫忙的話請隨時叫我。,0.0,0.0,需要帮忙的话请随时叫我。,0.0,0.0,283,120964
285,1003,0,0,0,11,,…….,0.0,0.0,…….,0.0,0.0,…….,0.0,0.0,…….,0.0,0.0,…….,0.0,0.0,284,121300
286,1003,0,0,0,12,Aku/Voice_Aku_Dormitory_1,……전 아직 마음의 준비가 되지 않았습니다.,0.0,0.0,……I'm not quite ready for that yet.,0.0,0.0,……私はまだ、心の準備ができていません。,0.0,0.0,……我還沒有心理準備。,0.0,0.0,……我还没有心理准备。,0.0,0.0,285,121428
287,1003,0,0,0,13,Aku/Voice_Aku_Dormitory_2,"……네, 마스터라면.",0.0,0.0,"……Yes, if you're a master.",0.0,0.0,……はい、マスターなら。,0.0,0.0,……好，如果是大師的話。,0.0,0.0,……好，如果是大师的话。,0.0,0.0,286,121776
288,1003,0,0,0,14,Aku/Voice_Aku_DormitoryOpen_1,……기숙사인가요…저도 기대됩니다.,0.0,0.0,…Is this the dormitory…? I’m looking forward to it.,0.0,0.0,……寮ですか…私も楽しみです。,0.0,0.0,……宿舍嗎……我也很期待呢。,0.0,0.0,……宿舍吗……我也很期待呢。,0.0,0.0,287,122060
289,1003,1003101,0,0,5,,"……마스터, 저랑 잠시\n볼 수 있을까요?",0.0,0.0,"……Master, could I speak with you for a moment?",0.0,0.0,……マスター、少し私とお話しできますか？,0.0,0.0,……大師，可以和我聊一會兒嗎？,0.0,0.0,……大师，可以和我聊一会儿吗？,0.0,0.0,288,122428
290,1003,1003101,14,0,17,Aku/Voice_AkuCasual_MaidApp_1,……오늘은 코코미 몰래 가볼까요?,0.0,0.0,…Shall we sneak off without Kokomi today?,0.0,0.0,……今日はココミに内緒で行きましょうか？,0.0,0.0,……今天瞞著心海去看看吧？,0.0,0.0,……今天瞒着心海去看看吧？,0.0,0.0,289,122780
291,1003,1003101,0,0,16,Aku/Voice_AkuBasic_Complete_1,"……마, 맛있게\n드십시오.",0.0,0.0,……En-enjoy your meal.,0.0,0.0,……お召し上がりください。,0.0,0.0,……請……請慢用。,0.0,0.0,……请……请慢用。,0.0,0.0,290,123132
292,1003,1003101,0,0,0,Aku/Voice_AkuBasic_Complete_3,……다녀오세요\n주인님.,0.0,0.0,"……Come back soon, Guest.",0.0,0.0,……いってらっしゃいませ、ご主人様。,0.0,0.0,……大師，路上小心！,0.0,0.0,……大师，路上小心！,0.0,0.0,291,123412
293,1003,1003101,0,0,16,Aku/Voice_AkuBasic_Complete_2,……맛있어지는\n주문이요?,0.0,0.0,……A special order to make it tastier?,0.0,0.0,……美味しくなるおまじない、ですか？,0.0,0.0,……變好吃的咒語？,0.0,0.0,……变好吃的咒语？,0.0,0.0,292,123716
294,1003,1003101,0,0,6,Aku/Voice_AkuChristmas_In_1,……맛있어져…라.\n맛있…어져라.,0.0,0.0,……Get…delicious…\nGet…delicious…come on.,0.0,0.0,……美味しくな…れ。美味しくな…れ。,0.0,0.0,……變好吃吧！變……好……吃吧。,0.0,0.0,……变好吃吧！变……好……吃吧。,0.0,0.0,293,124028
295,1003,1003101,0,0,6,Aku/Voice_Aku_Effect_3,……다음으로 할 일은-,0.0,0.0,……What’s the next task?,0.0,0.0,……次にやることはー。,0.0,0.0,……接下來的工作是-,0.0,0.0,……接下来的工作是-,0.0,0.0,294,124396
296,1003,1003101,0,0,6,Aku/Voice_AkuBasic_In_1,……식사는\n하신 건가요?,0.0,0.0,……Have you eaten yet?,0.0,0.0,……お食事は済ませましたか？,0.0,0.0,……你吃飯了嗎？,0.0,0.0,……你吃饭了吗？,0.0,0.0,295,124664
297,1003,1003101,0,0,6,Aku/Voice_AkuBasic_In_2,……아직 쉬는 시간이 아니에요.,0.0,0.0,……It’s not break time yet.,0.0,0.0,……まだ休憩時間ではありません。,0.0,0.0,……現在還不是休息時間。,0.0,0.0,……现在还不是休息时间。,0.0,0.0,296,124932
298,1003,1003101,0,0,6,Aku/Voice_AkuBasic_In_3,……따뜻한…아이스……네?,0.0,0.0,……Warm… ice… yes?,0.0,0.0,……温かいのに…アイス……ですか？,0.0,0.0,……熱的……冰……咦？,0.0,0.0,……热的……冰……咦？,0.0,0.0,297,125240
299,1003,1003101,0,0,6,Aku/Voice_AkuBasic_In_4,……어떤 걸로 \n준비해드릴까요?,0.0,0.0,……What would you like me to prepare?,0.0,0.0,……どちらでご用意しますか？,0.0,0.0,……要為您準備什麼呢？,0.0,0.0,……要为您准备什么呢？,0.0,0.0,298,125544
300,1003,1003101,0,0,7,Aku/Voice_AkuChristmas_In_1,……맛있어져…라.\n맛있…어져라.,0.0,0.0,……Get…delicious…\nGet…delicious…come on.,0.0,0.0,……美味しくな…れ。美味しくな…れ。,0.0,0.0,……變好吃吧！變……好……吃吧。,0.0,0.0,……变好吃吧！变……好……吃吧。,0.0,0.0,299,125856
301,1003,1003101,0,0,7,Aku/Voice_Aku_Effect_3,……다음으로 할 일은-,0.0,0.0,……What’s the next task?,0.0,0.0,……次にやることはー。,0.0,0.0,……接下來的工作是-,0.0,0.0,……接下来的工作是-,0.0,0.0,300,126224
302,1003,1003101,0,0,7,Aku/Voice_AkuBasic_In_1,……식사는\n하신 건가요?,0.0,0.0,……Have you eaten yet?,0.0,0.0,……お食事は済ませましたか？,0.0,0.0,……你吃飯了嗎？,0.0,0.0,……你吃饭了吗？,0.0,0.0,301,126492
303,1003,1003101,0,0,7,Aku/Voice_AkuBasic_In_2,……아직 쉬는 시간이 아니에요.,0.0,0.0,……It’s not break time yet.,0.0,0.0,……まだ休憩時間ではありません。,0.0,0.0,……現在還不是休息時間。,0.0,0.0,……现在还不是休息时间。,0.0,0.0,302,126760
304,1003,1003101,0,0,7,Aku/Voice_AkuBasic_In_3,……따뜻한…아이스……네?,0.0,0.0,……Warm… ice… yes?,0.0,0.0,……温かいのに…アイス……ですか？,0.0,0.0,……熱的……冰……咦？,0.0,0.0,……热的……冰……咦？,0.0,0.0,303,127068
305,1003,1003101,0,0,7,Aku/Voice_AkuBasic_In_4,……어떤 걸로 \n준비해드릴까요?,0.0,0.0,……What would you like me to prepare?,0.0,0.0,……どちらでご用意しますか？,0.0,0.0,……要為您準備什麼呢？,0.0,0.0,……要为您准备什么呢？,0.0,0.0,304,127372
306,1003,1003101,0,0,7,Aku/Voice_AkuBasic_Out_3,……주문하신 음료\n나왔습니다.,0.0,0.0,……Your drink is ready.,0.0,0.0,……ご注文のドリンクができました。,0.0,0.0,……您點的飲料來了。,0.0,0.0,……您点的饮料来了。,0.0,0.0,305,127684
307,1003,1003101,0,0,7,Aku/Voice_AkuBasic_Out_4,……주문 받았습니다.,0.0,0.0,……Order received.,0.0,0.0,……ご注文を承りました。,0.0,0.0,……收到您的點餐了。,0.0,0.0,……收到您的点餐了。,0.0,0.0,306,127984
308,1003,1003101,0,0,7,Aku/Voice_AkuBasic_Out_2,……군것질은\n타이밍이\n생명입니다.,0.0,0.0,……Snacking is all about timing.,0.0,0.0,……おやつはタイミングが命です。,0.0,0.0,……吃零食要抓準時機。,0.0,0.0,……吃零食要抓准时机。,0.0,0.0,307,128252
309,1003,1003101,0,0,7,Aku/Voice_AkuBasic_Out_5,……카페는 언제나 시끌벅적하군요.,0.0,0.0,……The cafe is always bustling.,0.0,0.0,……カフェはいつも賑やかですね。,0.0,0.0,……咖啡廳總是很熱鬧呢。,0.0,0.0,……咖啡厅总是很热闹呢。,0.0,0.0,308,128572
310,1003,1003101,0,0,7,Aku/Voice_AkuBasic_Out_1,……코코미는\n마스터가\n관리해주세요.,0.0,0.0,"……Please take care of Kokomi, Master.",0.0,0.0,……ココミは、マスターが管理してください。,0.0,0.0,……心海就交給大師管理吧。,0.0,0.0,……心海就交给大师管理吧。,0.0,0.0,309,128888
311,1003,1003101,0,0,15,,"……오늘 하루를 즐기고 싶은 마음은 있지만, 풀코스는 싫네요.",0.0,0.0,"…I want to enjoy the day, but a full course sounds like too much.",0.0,0.0,……今日一日を楽しみたいとは思いますが、フルコースは嫌です。,0.0,0.0,……雖然想好好享受今天，但不想玩一整套。,0.0,0.0,……虽然想好好享受今天，但不想玩一整套。,0.0,0.0,310,129244
312,1003,1003101,0,0,15,,……오늘은 새로운 음료를 만들어볼까요?,0.0,0.0,…Shall we make a new drink today?,0.0,0.0,……今日は新しいドリンクを作ってみましょうか。,0.0,0.0,……今天來試做新的飲品吧？,0.0,0.0,……今天来试做新的饮品吧？,0.0,0.0,311,129696
313,1003,1003101,0,0,15,,……마스터는 어떤 음료를 좋아하나요?,0.0,0.0,"…Master, what kind of drinks do you like?",0.0,0.0,……マスターはどんなドリンクが好きですか？,0.0,0.0,……大師喜歡什麼樣的飲品呢？,0.0,0.0,……大师喜欢什么样的饮品呢？,0.0,0.0,312,130028
314,1003,1003101,0,0,15,,"……오, 오늘도\n활기차게…이번엔 조금 성공했습니다.",0.0,0.0,"…Oh, today too, full of energy… I managed a small success this time.",0.0,0.0,……きょ、今日も張り切って…今のは、成功かも。,0.0,0.0,……今、今天也充滿幹勁地……這次有點成功了。,0.0,0.0,……今、今天也充满干劲地……这次有点成功了。,0.0,0.0,313,130364
315,1003,1003101,0,0,15,,……주문이 들어오는군요.,0.0,0.0,…An order is coming in.,0.0,0.0,……ご注文が入ってきますね。,0.0,0.0,……有人點餐了。,0.0,0.0,……有人点餐了。,0.0,0.0,314,130808
316,1003,1003101,14,0,19,Aku/Voice_Aku_Effect_2,"……이런 건 코코미도 주지 않았던 것인데…감사합니다, 마스터.",0.0,0.0,"…Even Kokomi didn’t give me something like this… Thank you, Master.",0.0,0.0,……こんなの、ココミからももらったことがありません…ありがとうございます、マスター。,0.0,0.0,……這種東西心海都沒給過我呢……大師，謝謝你。,0.0,0.0,……这种东西心海都没给过我呢……大师，谢谢你。,0.0,0.0,315,131052
317,1003,1003101,14,0,8,Aku/Voice_AkuCasual_MaidApp_1,……오늘은 코코미 몰래 가볼까요?,0.0,0.0,…Shall we sneak off without Kokomi today?,0.0,0.0,……今日はココミに内緒で行きましょうか？,0.0,0.0,……今天瞞著心海去看看吧？,0.0,0.0,……今天瞒着心海去看看吧？,0.0,0.0,316,131600
318,1003,1003101,12,7,8,Aku/Voice_AkuCasual_MaidApp_2,"사복으로 자주 입는 옷입니다만, 괜찮나요?",0.0,0.0,I wear this casually often—do you like it?,0.0,0.0,私服でよく着る服ですが、どう見えますか。,0.0,0.0,這是我私下常穿的衣服，你覺得怎麼樣？,0.0,0.0,这是我私下常穿的衣服，你觉得怎么样？,0.0,0.0,317,131952
319,1003,1003101,1,1,8,Aku/Voice_AkuCasual_MaidApp_3,"……사복이 편하긴 하지만, 메이드복도 불편하지 않습니다. 평상시에 입기 위해 만들어진 거니까요.",0.0,0.0,"…Casual clothes are comfy, but the maid uniform isn’t bad either. It’s made for daily wear, after all.",0.0,0.0,……私服は楽ですが、メイド服も別に不便ではありません。普段から着るためのものですから。,0.0,0.0,……雖然便服很舒服，但女僕裝也不麻煩，畢竟是為日常穿著設計的。,0.0,0.0,……虽然便服很舒服，但女仆装也不麻烦，毕竟是为日常穿着设计的。,0.0,0.0,318,132348
320,1003,1003101,12,7,8,Aku/Voice_AkuCasual_MaidApp_4,……노출이요? 이 정도는 괜찮습니다.,0.0,0.0,…Exposure? This level is acceptable.,0.0,0.0,……露出ですか。このくらいなら問題ありません。,0.0,0.0,……太暴露？這種程度還好啦。,0.0,0.0,……太暴露？这种程度还好啦。,0.0,0.0,319,133036
321,1003,1003101,1,1,8,Aku/Voice_AkuCasual_MaidApp_5,"오늘 같은 날, 마스터는 무엇을 하나요?",0.0,0.0,"On a day like this, what does Master usually do?",0.0,0.0,こんな日は、マスターは何をするんですか。,0.0,0.0,像今天這種日子，大師會做什麼呢？,0.0,0.0,像今天这种日子，大师会做什么呢？,0.0,0.0,320,133408
322,1003,1003101,14,0,8,Aku/Voice_AkuCasual_MaidApp_6,"이런 옷을 입으면, 가끔 평범한 여고생이었으면 어땠을까…하는 생각이 드는군요. 이미 성인이지만.",0.0,0.0,"Wearing clothes like this, I sometimes wonder what it would’ve been like to be an ordinary high school girl… Even though I’m an adult now.",0.0,0.0,こういう服を着ると、たまに普通の女子高生だったらどうだったかな…って思いますね。もう大人ですが。,0.0,0.0,穿這種衣服的時候，偶爾也會想說如果我是一般女高中生的話會是怎麼樣呢……雖然我已經是大人了。,0.0,0.0,穿这种衣服的时候，偶尔也会想说如果我是一般女高中生的话会是怎么样呢……虽然我已经是大人了。,0.0,0.0,321,133784
323,1003,1003101,12,7,8,Aku/Voice_AkuCasual_MaidApp_7,……이건 「아쿠 자유이용권」입니다. 마음 가는 대로 써주시길.,0.0,0.0,…This is the “Aku Free Pass.” Use it however you like.,0.0,0.0,……これは「アク自由利用券」です。好きに使ってください。,0.0,0.0,……這是「阿久自由使用券」，請隨心所欲使用吧。,0.0,0.0,……这是「阿久自由使用券」，请随心所欲使用吧。,0.0,0.0,322,134600
324,1003,1003101,13,8,8,Aku/Voice_AkuCasual_MaidApp_8,이번에 코코미와 놀러 간 곳에서 인형을 뽑았습니다. 칭찬해주세요.,0.0,0.0,"I won a plushie at the place I went with Kokomi. Praise me, please.",0.0,0.0,今回、ココミと遊びに行った場所でぬいぐるみを取ってきました。褒めてください。,0.0,0.0,這次和心海出去玩我夾到了娃娃，快點誇獎我吧！,0.0,0.0,这次和心海出去玩我夹到了娃娃，快点夸奖我吧！,0.0,0.0,323,135096
325,1003,1003101,11,6,8,Aku/Voice_AkuCasual_MaidApp_9,……논다는 것도 상당한 체력을 소모하죠. 코코미와 놀 때는 더더욱.,0.0,0.0,…Playing takes a lot of stamina. Especially with Kokomi.,0.0,0.0,……遊ぶのも意外と体力を使いますね。ココミと遊ぶ時は特に。,0.0,0.0,……玩樂也很消耗體力，尤其是跟心海玩的時候！,0.0,0.0,……玩乐也很消耗体力，尤其是跟心海玩的时候！,0.0,0.0,324,135628
326,1003,1003101,7,2,8,Aku/Voice_AkuCasual_MaidApp_10,……마스터가 가고 싶은 곳은 없나요?,0.0,0.0,"…Is there anywhere you want to go, Master?",0.0,0.0,……マスターが行きたい場所はありませんか？,0.0,0.0,……大師有想去的地方嗎？,0.0,0.0,……大师有想去的地方吗？,0.0,0.0,325,136124
327,1003,1003101,1,1,9,Aku/Voice_Aku_Hello_3,"……어서 오세요, 마스터. 이건 학원에서 보낸 물건입니다.",0.0,0.0,"……Welcome, Master. Here’s the item sent from the academy.",0.0,0.0,……いらっしゃいませ、マスター、こちら、学園から送られた物です。,0.0,0.0,……大師，歡迎光臨。這是學園送來的東西。,0.0,0.0,……大师，欢迎光临。这是学园送来的东西。,0.0,0.0,326,136476
328,1003,1003101,1,1,18,Aku/Voice_Aku_Hello_4,……오늘도 와주셨군요. 마스터…이거 받으세요.,0.0,0.0,"……You came again today, Master… Here, take this.",0.0,0.0,……今日も来てくださったんですね、マスター…これ、受け取ってください。,0.0,0.0,……大師你今天也來啦！……請收下這個。,0.0,0.0,……大师你今天也来啦！ ……请收下这个。,0.0,0.0,327,136948
329,1003,1003101,13,8,10,Aku/Voice_Aku_Hello_5,……저도 만져봐도 될까요?,0.0,0.0,"……May I touch it, too?",0.0,0.0,……私も、触ってもいいですか？,0.0,0.0,……我也可以摸摸看嗎？,0.0,0.0,……我也可以摸摸看吗？,0.0,0.0,328,137412
330,1003,1003101,13,8,10,Aku/Voice_Aku_Hello_6,도움이 필요하시면 언제든 불러주세요.,0.0,0.0,"If you need help, just call me anytime.",0.0,0.0,助けが必要なら、いつでも読んでください。,0.0,0.0,需要幫忙的話請隨時叫我。,0.0,0.0,需要帮忙的话请随时叫我。,0.0,0.0,329,137708
331,1003,1003101,0,0,11,,…….,0.0,0.0,…….,0.0,0.0,…….,0.0,0.0,…….,0.0,0.0,…….,0.0,0.0,330,138044
332,1003,1003101,0,0,12,Aku/Voice_Aku_Dormitory_1,……전 아직 마음의 준비가 되지 않았습니다.,0.0,0.0,……I'm not quite ready for that yet.,0.0,0.0,……私はまだ、心の準備ができていません。,0.0,0.0,……我還沒有心理準備。,0.0,0.0,……我还没有心理准备。,0.0,0.0,331,138172
333,1003,1003101,0,0,13,Aku/Voice_Aku_Dormitory_2,"……네, 마스터라면.",0.0,0.0,"……Yes, if you're a master.",0.0,0.0,……はい、マスターなら。,0.0,0.0,……好，如果是大師的話。,0.0,0.0,……好，如果是大师的话。,0.0,0.0,332,138520
334,1003,1003101,0,0,14,Aku/Voice_Aku_DormitoryOpen_1,……기숙사인가요…저도 기대됩니다.,0.0,0.0,…Is this the dormitory…? I’m looking forward to it.,0.0,0.0,……寮ですか…私も楽しみです。,0.0,0.0,……宿舍嗎……我也很期待呢。,0.0,0.0,……宿舍吗……我也很期待呢。,0.0,0.0,333,138804
335,1003,1003201,0,0,5,,"……마스터, 저랑 잠시\n볼 수 있을까요?",0.0,0.0,"……Master, could I speak with you for a moment?",0.0,0.0,……マスター、少し私とお話しできますか？,0.0,0.0,……大師，可以和我聊一會兒嗎？,0.0,0.0,……大师，可以和我聊一会儿吗？,0.0,0.0,334,139172
336,1003,1003201,14,0,17,Aku/Voice_AkuSwimSuit_MaidApp_1,……태양 빛이 조금 강하네요.,0.0,0.0,…The sunlight is a bit strong today.,0.0,0.0,……太陽の光がちょっと強いですね。,0.0,0.0,……陽光有點太熾烈呢。,0.0,0.0,……阳光有点太炽烈呢。,0.0,0.0,335,139524
337,1003,1003201,0,0,16,Aku/Voice_AkuBasic_Complete_1,"……마, 맛있게\n드십시오.",0.0,0.0,……En-enjoy your meal.,0.0,0.0,……お召し上がりください。,0.0,0.0,……請……請慢用。,0.0,0.0,……请……请慢用。,0.0,0.0,336,139848
338,1003,1003201,0,0,0,Aku/Voice_AkuBasic_Complete_3,……다녀오세요\n주인님.,0.0,0.0,"……Come back soon, Guest.",0.0,0.0,……いってらっしゃいませ、ご主人様。,0.0,0.0,……大師，路上小心！,0.0,0.0,……大师，路上小心！,0.0,0.0,337,140128
339,1003,1003201,0,0,16,Aku/Voice_AkuBasic_Complete_2,……맛있어지는\n주문이요?,0.0,0.0,……A special order to make it tastier?,0.0,0.0,……美味しくなるおまじない、ですか？,0.0,0.0,……變好吃的咒語？,0.0,0.0,……变好吃的咒语？,0.0,0.0,338,140432
340,1003,1003201,0,0,6,Aku/Voice_AkuChristmas_In_1,……맛있어져…라.\n맛있…어져라.,0.0,0.0,……Get…delicious…\nGet…delicious…come on.,0.0,0.0,……美味しくな…れ。美味しくな…れ。,0.0,0.0,……變好吃吧！變……好……吃吧。,0.0,0.0,……变好吃吧！变……好……吃吧。,0.0,0.0,339,140744
341,1003,1003201,0,0,6,Aku/Voice_Aku_Effect_3,……다음으로 할 일은-,0.0,0.0,……What’s the next task?,0.0,0.0,……次にやることはー。,0.0,0.0,……接下來的工作是-,0.0,0.0,……接下来的工作是-,0.0,0.0,340,141112
342,1003,1003201,0,0,6,Aku/Voice_AkuBasic_In_1,……식사는\n하신 건가요?,0.0,0.0,……Have you eaten yet?,0.0,0.0,……お食事は済ませましたか？,0.0,0.0,……你吃飯了嗎？,0.0,0.0,……你吃饭了吗？,0.0,0.0,341,141380
343,1003,1003201,0,0,6,Aku/Voice_AkuBasic_In_2,……아직 쉬는 시간이 아니에요.,0.0,0.0,……It’s not break time yet.,0.0,0.0,……まだ休憩時間ではありません。,0.0,0.0,……現在還不是休息時間。,0.0,0.0,……现在还不是休息时间。,0.0,0.0,342,141648
344,1003,1003201,0,0,6,Aku/Voice_AkuBasic_In_3,……따뜻한…아이스……네?,0.0,0.0,……Warm… ice… yes?,0.0,0.0,……温かいのに…アイス……ですか？,0.0,0.0,……熱的……冰……咦？,0.0,0.0,……热的……冰……咦？,0.0,0.0,343,141956
345,1003,1003201,0,0,6,Aku/Voice_AkuBasic_In_4,……어떤 걸로 \n준비해드릴까요?,0.0,0.0,……What would you like me to prepare?,0.0,0.0,……どちらでご用意しますか？,0.0,0.0,……要為您準備什麼呢？,0.0,0.0,……要为您准备什么呢？,0.0,0.0,344,142260
346,1003,1003201,0,0,7,Aku/Voice_AkuChristmas_In_1,……맛있어져…라.\n맛있…어져라.,0.0,0.0,……Get…delicious…\nGet…delicious…come on.,0.0,0.0,……美味しくな…れ。美味しくな…れ。,0.0,0.0,……變好吃吧！變……好……吃吧。,0.0,0.0,……变好吃吧！变……好……吃吧。,0.0,0.0,345,142572
347,1003,1003201,0,0,7,Aku/Voice_Aku_Effect_3,……다음으로 할 일은-,0.0,0.0,……What’s the next task?,0.0,0.0,……次にやることはー。,0.0,0.0,……接下來的工作是-,0.0,0.0,……接下来的工作是-,0.0,0.0,346,142940
348,1003,1003201,0,0,7,Aku/Voice_AkuBasic_In_1,……식사는\n하신 건가요?,0.0,0.0,……Have you eaten yet?,0.0,0.0,……お食事は済ませましたか？,0.0,0.0,……你吃飯了嗎？,0.0,0.0,……你吃饭了吗？,0.0,0.0,347,143208
349,1003,1003201,0,0,7,Aku/Voice_AkuBasic_In_2,……아직 쉬는 시간이 아니에요.,0.0,0.0,……It’s not break time yet.,0.0,0.0,……まだ休憩時間ではありません。,0.0,0.0,……現在還不是休息時間。,0.0,0.0,……现在还不是休息时间。,0.0,0.0,348,143476
350,1003,1003201,0,0,7,Aku/Voice_AkuBasic_In_3,……따뜻한…아이스……네?,0.0,0.0,……Warm… ice… yes?,0.0,0.0,……温かいのに…アイス……ですか？,0.0,0.0,……熱的……冰……咦？,0.0,0.0,……热的……冰……咦？,0.0,0.0,349,143784
351,1003,1003201,0,0,7,Aku/Voice_AkuBasic_In_4,……어떤 걸로 \n준비해드릴까요?,0.0,0.0,……What would you like me to prepare?,0.0,0.0,……どちらでご用意しますか？,0.0,0.0,……要為您準備什麼呢？,0.0,0.0,……要为您准备什么呢？,0.0,0.0,350,144088
352,1003,1003201,0,0,7,Aku/Voice_AkuBasic_Out_3,……주문하신 음료\n나왔습니다.,0.0,0.0,……Your drink is ready.,0.0,0.0,……ご注文のドリンクができました。,0.0,0.0,……您點的飲料來了。,0.0,0.0,……您点的饮料来了。,0.0,0.0,351,144400
353,1003,1003201,0,0,7,Aku/Voice_AkuBasic_Out_4,……주문 받았습니다.,0.0,0.0,……Order received.,0.0,0.0,……ご注文を承りました。,0.0,0.0,……收到您的點餐了。,0.0,0.0,……收到您的点餐了。,0.0,0.0,352,144700
354,1003,1003201,0,0,7,Aku/Voice_AkuBasic_Out_2,……군것질은\n타이밍이\n생명입니다.,0.0,0.0,……Snacking is all about timing.,0.0,0.0,……おやつはタイミングが命です。,0.0,0.0,……吃零食要抓準時機。,0.0,0.0,……吃零食要抓准时机。,0.0,0.0,353,144968
355,1003,1003201,0,0,7,Aku/Voice_AkuBasic_Out_5,……카페는 언제나 시끌벅적하군요.,0.0,0.0,……The cafe is always bustling.,0.0,0.0,……カフェはいつも賑やかですね。,0.0,0.0,……咖啡廳總是很熱鬧呢。,0.0,0.0,……咖啡厅总是很热闹呢。,0.0,0.0,354,145288
356,1003,1003201,0,0,7,Aku/Voice_AkuBasic_Out_1,……코코미는\n마스터가\n관리해주세요.,0.0,0.0,"……Please take care of Kokomi, Master.",0.0,0.0,……ココミは、マスターが管理してください。,0.0,0.0,……心海就交給大師管理吧。,0.0,0.0,……心海就交给大师管理吧。,0.0,0.0,355,145604
357,1003,1003201,0,0,15,,"……오늘도 저 타오르는 태양처럼…음, 그 다음 대사를 까먹었습니다…….",0.0,0.0,"…Like that blazing sun again today… Um, I forgot my next line…",0.0,0.0,……今日もあの燃える太陽のように…えっと、次のセリフを忘れました……。,0.0,0.0,……今天也像那熊熊燃燒的太陽一樣……嗯，後面的台詞忘了……,0.0,0.0,……今天也像那熊熊燃烧的太阳一样……嗯，后面的台词忘了……,0.0,0.0,356,145960
358,1003,1003201,0,0,15,,……코코미가 여름 한정 특별 메뉴에 대해서 생각하고 있던데…저런 게 좋은 걸까요?,0.0,0.0,…Kokomi was thinking about a limited summer menu… Would that be a good idea?,0.0,0.0,……ココミが夏限定の特別メニューを考えてますが…ああいうのがいいんでしょうか。,0.0,0.0,……心海在思考夏季限定的特別菜單……那樣算好事嗎？,0.0,0.0,……心海在思考夏季限定的特别菜单……那样算好事吗？,0.0,0.0,357,146500
359,1003,1003201,0,0,15,,"……속까지 차가워지는 음료수 한 잔, 준비하러 가볼까요?",0.0,0.0,…Shall we prepare an ice-cold drink that cools you to the core?,0.0,0.0,……体中が冷たくなるドリンク、用意しましょうか？,0.0,0.0,……來準備一杯透心涼的飲料吧？,0.0,0.0,……来准备一杯透心凉的饮料吧？,0.0,0.0,358,147056
360,1003,1003201,0,0,15,,"……파도 소리 들으면서 마시는 음료라, 의외로 좋네요.",0.0,0.0,…Drinking something while listening to the waves—it’s surprisingly nice.,0.0,0.0,……波の音を聞きながら飲むドリンクって、案外いいものですね。,0.0,0.0,……聽著海浪聲喝飲料，沒想到滿不錯的呢！,0.0,0.0,……听着海浪声喝饮料，没想到满不错的呢！,0.0,0.0,359,147460
361,1003,1003201,0,0,15,,……마스터는 이런 더운 날\n어떤 걸 마시고 싶나요?,0.0,0.0,"…Master, what would you like to drink on a hot day like this?",0.0,0.0,……マスターは、こんなに暑い日\nどんなものが飲みたいですか？,0.0,0.0,……大師在這種大熱天\n想喝點什麼呢？,0.0,0.0,……大师在这种大热天\n想喝点什么呢？,0.0,0.0,360,147916
362,1003,1003201,7,2,19,Aku/Voice_Aku_Effect_1,"……감사합니다, 마스터.\n소중히 사용하겠습니다.",0.0,0.0,"…Thank you, Master. I’ll treasure it.",0.0,0.0,……ありがとうございます、マスター。\n大切にします。,0.0,0.0,……謝謝你，大師。\n我會好好珍惜的。,0.0,0.0,……谢谢你，大师。 \n我会好好珍惜的。,0.0,0.0,361,148344
363,1003,1003201,14,6,8,Aku/Voice_AkuSwimSuit_MaidApp_1,……태양 빛이 조금 강하네요.,0.0,0.0,…The sunlight is a bit strong today.,0.0,0.0,……太陽の光がちょっと強いですね。,0.0,0.0,……陽光有點太熾烈呢。,0.0,0.0,……阳光有点太炽烈呢。,0.0,0.0,362,148760
364,1003,1003201,13,8,8,Aku/Voice_AkuSwimSuit_MaidApp_2,물의 흐름에 몸을 맡겨 둥둥 떠다니는 것…….\n괜찮은 것 같군요.,0.0,0.0,Letting your body float along with the water… It’s not bad.,0.0,0.0,水の流れに身を任せてぷかぷか浮かんでるのも……。\nいいと思います。,0.0,0.0,任身體在水上漂浮著……\n好像也滿不錯的。,0.0,0.0,任身体在水上漂浮着……\n好像也满不错的。,0.0,0.0,363,149084
365,1003,1003201,7,2,8,Aku/Voice_AkuSwimSuit_MaidApp_3,"예전에 코코미한테 수박씨를 먹으면\n배에서 수박이 자란다고 한 적이 있습니다.\n네, 울더군요.",0.0,0.0,"I once told Kokomi that if she ate watermelon seeds, they’d grow in her belly. Yes, she cried.",0.0,0.0,ココミに、スイカの種を食べたら\nお腹にスイカが生えると言ったことがあります。\nはい、泣かせてしまったんです。,0.0,0.0,以前我跟心海說如果吞掉西瓜籽\n肚子裡就會長出西瓜。\n結果她就哭了。,0.0,0.0,以前我跟心海说如果吞掉西瓜籽\n肚子里就会长出西瓜。 \n结果她就哭了。,0.0,0.0,364,149576
366,1003,1003201,12,7,8,Aku/Voice_AkuSwimSuit_MaidApp_4,"이 수영복은 역시, 조금 부끄럽군요. 코코미에게 추천해달라고 하는 게 아니었는데…….",0.0,0.0,This swimsuit is a bit embarrassing after all. I didn’t mean to ask Kokomi for a recommendation…,0.0,0.0,この水着、やっぱりちょっと恥ずかしいです。ココミに選んでもらうんじゃなかった……。,0.0,0.0,這件泳衣……果然還是讓人有點害羞。不應該叫心海推薦的……,0.0,0.0,这件泳衣……果然还是让人有点害羞。不应该叫心海推荐的……,0.0,0.0,365,150280
367,1003,1003201,14,7,8,Aku/Voice_AkuSwimSuit_MaidApp_5,"……유키 선배가 오일을 줬는데, 이걸 바르면 기분 좋은 걸까요?",0.0,0.0,…Yuki-senpai gave me some oil. Would it feel nice to apply this?,0.0,0.0,……ユキ先輩がオイルをくれましたが、これをつけたら気持ちいいんでしょうか？,0.0,0.0,……由紀學姐給了我助曬油，擦了之後心情會變好嗎？,0.0,0.0,……由纪学姐给了我助晒油，擦了之后心情会变好吗？,0.0,0.0,366,150912
368,1003,1003201,14,7,8,Aku/Voice_AkuSwimSuit_MaidApp_6,"……전 사실 수영 잘 못합니다.\n마스터께만 알려 드리는 거니까, 다른 사람한테는 말하지 마세요…특히 코코미에게는.",0.0,0.0,"…Actually, I’m not good at swimming. I’m only telling you, Master, so don’t tell anyone else… Especially not Kokomi.",0.0,0.0,……実は私、泳ぐのは得意じゃないです。\nマスターにしか教えてないんですから、他の人には言わないでください… 特に、ココミには。,0.0,0.0,……其實我不太會游泳。\n我只告訴大師喔，別跟其他人說……尤其是心海！,0.0,0.0,……其实我不太会游泳。 \n我只告诉大师喔，别跟其他人说……尤其是心海！,0.0,0.0,367,151444
369,1003,1003201,1,1,9,Aku/Voice_Aku_Hello_3,"……어서 오세요, 마스터. 이건 학원에서 보낸 물건입니다.",0.0,0.0,"……Welcome, Master. Here’s the item sent from the academy.",0.0,0.0,……いらっしゃいませ、マスター、こちら、学園から送られた物です。,0.0,0.0,……大師，歡迎光臨。這是學園送來的東西。,0.0,0.0,……大师，欢迎光临。这是学园送来的东西。,0.0,0.0,368,152248
370,1003,1003201,1,1,18,Aku/Voice_Aku_Hello_4,……오늘도 와주셨군요. 마스터…이거 받으세요.,0.0,0.0,"……You came again today, Master… Here, take this.",0.0,0.0,……今日も来てくださったんですね、マスター…これ、受け取ってください。,0.0,0.0,……大師你今天也來啦！……請收下這個。,0.0,0.0,……大师你今天也来啦！ ……请收下这个。,0.0,0.0,369,152720
371,1003,1003201,13,8,10,Aku/Voice_Aku_Hello_5,……저도 만져봐도 될까요?,0.0,0.0,"……May I touch it, too?",0.0,0.0,……私も、触ってもいいですか？,0.0,0.0,……我也可以摸摸看嗎？,0.0,0.0,……我也可以摸摸看吗？,0.0,0.0,370,153184
372,1003,1003201,13,8,10,Aku/Voice_Aku_Hello_6,도움이 필요하시면 언제든 불러주세요.,0.0,0.0,"If you need help, just call me anytime.",0.0,0.0,助けが必要なら、いつでも読んでください。,0.0,0.0,需要幫忙的話請隨時叫我。,0.0,0.0,需要帮忙的话请随时叫我。,0.0,0.0,371,153480
373,1003,1003201,0,0,11,,…….,0.0,0.0,…….,0.0,0.0,…….,0.0,0.0,…….,0.0,0.0,…….,0.0,0.0,372,153816
374,1003,1003201,0,0,12,Aku/Voice_Aku_Dormitory_1,……전 아직 마음의 준비가 되지 않았습니다.,0.0,0.0,……I'm not quite ready for that yet.,0.0,0.0,……私はまだ、心の準備ができていません。,0.0,0.0,……我還沒有心理準備。,0.0,0.0,……我还没有心理准备。,0.0,0.0,373,153944
375,1003,1003201,0,0,13,Aku/Voice_Aku_Dormitory_2,"……네, 마스터라면.",0.0,0.0,"……Yes, if you're a master.",0.0,0.0,……はい、マスターなら。,0.0,0.0,……好，如果是大師的話。,0.0,0.0,……好，如果是大师的话。,0.0,0.0,374,154292
376,1003,1003201,0,0,14,Aku/Voice_Aku_DormitoryOpen_1,……기숙사인가요…저도 기대됩니다.,0.0,0.0,…Is this the dormitory…? I’m looking forward to it.,0.0,0.0,……寮ですか…私も楽しみです。,0.0,0.0,……宿舍嗎……我也很期待呢。,0.0,0.0,……宿舍吗……我也很期待呢。,0.0,0.0,375,154576
377,1003,1003202,0,0,5,,"……마스터, 저랑 잠시\n볼 수 있을까요?",0.0,0.0,"……Master, could I speak with you for a moment?",0.0,0.0,……マスター、少し私とお話しできますか？,0.0,0.0,……大師，可以和我聊一會兒嗎？,0.0,0.0,……大师，可以和我聊一会儿吗？,0.0,0.0,376,154944
378,1003,1003202,14,0,17,Aku/Voice_Aku_Effect_2,"트릭 오어 트릿, 마스터…저에게도 사탕을 주세요. 주지 않는다면, 장난치겠습니다.",0.0,0.0,"Trick or Treat, Master… Please give me candy too. If you don’t, I’ll play a trick.",0.0,0.0,トリック・オア・トリート、マスター……私にもキャンディをください。くださらないなら、いたずらしますよ。,0.0,0.0,Trick or Treat，大師……也請給我糖果吧。不然的話，我就要惡作劇了。,0.0,0.0,Trick or Treat，大师……也请给我糖果吧。不然的话，我就要恶作剧了。,0.0,0.0,377,155296
379,1003,1003202,0,0,16,Aku/Voice_AkuBasic_Complete_1,"……마, 맛있게\n드십시오.",0.0,0.0,……En-enjoy your meal.,0.0,0.0,……お召し上がりください。,0.0,0.0,……請……請慢用。,0.0,0.0,……请……请慢用。,0.0,0.0,378,155948
380,1003,1003202,0,0,0,Aku/Voice_AkuBasic_Complete_3,……다녀오세요\n주인님.,0.0,0.0,"……Come back soon, Guest.",0.0,0.0,……いってらっしゃいませ、ご主人様。,0.0,0.0,……大師，路上小心！,0.0,0.0,……大师，路上小心！,0.0,0.0,379,156228
381,1003,1003202,0,0,16,Aku/Voice_AkuBasic_Complete_2,……맛있어지는\n주문이요?,0.0,0.0,……A special order to make it tastier?,0.0,0.0,……美味しくなるおまじない、ですか？,0.0,0.0,……變好吃的咒語？,0.0,0.0,……变好吃的咒语？,0.0,0.0,380,156532
382,1003,1003202,0,0,6,Aku/Voice_AkuChristmas_In_1,……맛있어져…라.\n맛있…어져라.,0.0,0.0,……Get…delicious…\nGet…delicious…come on.,0.0,0.0,……美味しくな…れ。美味しくな…れ。,0.0,0.0,……變好吃吧！變……好……吃吧。,0.0,0.0,……变好吃吧！变……好……吃吧。,0.0,0.0,381,156844
383,1003,1003202,0,0,6,Aku/Voice_Aku_Effect_3,……다음으로 할 일은-,0.0,0.0,……What’s the next task?,0.0,0.0,……次にやることはー。,0.0,0.0,……接下來的工作是-,0.0,0.0,……接下来的工作是-,0.0,0.0,382,157212
384,1003,1003202,0,0,6,Aku/Voice_AkuBasic_In_1,……식사는\n하신 건가요?,0.0,0.0,……Have you eaten yet?,0.0,0.0,……お食事は済ませましたか？,0.0,0.0,……你吃飯了嗎？,0.0,0.0,……你吃饭了吗？,0.0,0.0,383,157480
385,1003,1003202,0,0,6,Aku/Voice_AkuBasic_In_2,……아직 쉬는 시간이 아니에요.,0.0,0.0,……It’s not break time yet.,0.0,0.0,……まだ休憩時間ではありません。,0.0,0.0,……現在還不是休息時間。,0.0,0.0,……现在还不是休息时间。,0.0,0.0,384,157748
386,1003,1003202,0,0,6,Aku/Voice_AkuBasic_In_3,……따뜻한…아이스……네?,0.0,0.0,……Warm… ice… yes?,0.0,0.0,……温かいのに…アイス……ですか？,0.0,0.0,……熱的……冰……咦？,0.0,0.0,……热的……冰……咦？,0.0,0.0,385,158056
387,1003,1003202,0,0,6,Aku/Voice_AkuBasic_In_4,……어떤 걸로 \n준비해드릴까요?,0.0,0.0,……What would you like me to prepare?,0.0,0.0,……どちらでご用意しますか？,0.0,0.0,……要為您準備什麼呢？,0.0,0.0,……要为您准备什么呢？,0.0,0.0,386,158360
388,1003,1003202,0,0,7,Aku/Voice_AkuChristmas_In_1,……맛있어져…라.\n맛있…어져라.,0.0,0.0,……Get…delicious…\nGet…delicious…come on.,0.0,0.0,……美味しくな…れ。美味しくな…れ。,0.0,0.0,……變好吃吧！變……好……吃吧。,0.0,0.0,……变好吃吧！变……好……吃吧。,0.0,0.0,387,158672
389,1003,1003202,0,0,7,Aku/Voice_Aku_Effect_3,……다음으로 할 일은-,0.0,0.0,……What’s the next task?,0.0,0.0,……次にやることはー。,0.0,0.0,……接下來的工作是-,0.0,0.0,……接下来的工作是-,0.0,0.0,388,159040
390,1003,1003202,0,0,7,Aku/Voice_AkuBasic_In_1,……식사는\n하신 건가요?,0.0,0.0,……Have you eaten yet?,0.0,0.0,……お食事は済ませましたか？,0.0,0.0,……你吃飯了嗎？,0.0,0.0,……你吃饭了吗？,0.0,0.0,389,159308
391,1003,1003202,0,0,7,Aku/Voice_AkuBasic_In_2,……아직 쉬는 시간이 아니에요.,0.0,0.0,……It’s not break time yet.,0.0,0.0,……まだ休憩時間ではありません。,0.0,0.0,……現在還不是休息時間。,0.0,0.0,……现在还不是休息时间。,0.0,0.0,390,159576
392,1003,1003202,0,0,7,Aku/Voice_AkuBasic_In_3,……따뜻한…아이스……네?,0.0,0.0,……Warm… ice… yes?,0.0,0.0,……温かいのに…アイス……ですか？,0.0,0.0,……熱的……冰……咦？,0.0,0.0,……热的……冰……咦？,0.0,0.0,391,159884
393,1003,1003202,0,0,7,Aku/Voice_AkuBasic_In_4,……어떤 걸로 \n준비해드릴까요?,0.0,0.0,……What would you like me to prepare?,0.0,0.0,……どちらでご用意しますか？,0.0,0.0,……要為您準備什麼呢？,0.0,0.0,……要为您准备什么呢？,0.0,0.0,392,160188
394,1003,1003202,0,0,7,Aku/Voice_AkuBasic_Out_3,……주문하신 음료\n나왔습니다.,0.0,0.0,……Your drink is ready.,0.0,0.0,……ご注文のドリンクができました。,0.0,0.0,……您點的飲料來了。,0.0,0.0,……您点的饮料来了。,0.0,0.0,393,160500
395,1003,1003202,0,0,7,Aku/Voice_AkuBasic_Out_4,……주문 받았습니다.,0.0,0.0,……Order received.,0.0,0.0,……ご注文を承りました。,0.0,0.0,……收到您的點餐了。,0.0,0.0,……收到您的点餐了。,0.0,0.0,394,160800
396,1003,1003202,0,0,7,Aku/Voice_AkuBasic_Out_2,……군것질은\n타이밍이\n생명입니다.,0.0,0.0,……Snacking is all about timing.,0.0,0.0,……おやつはタイミングが命です。,0.0,0.0,……吃零食要抓準時機。,0.0,0.0,……吃零食要抓准时机。,0.0,0.0,395,161068
397,1003,1003202,0,0,7,Aku/Voice_AkuBasic_Out_5,……카페는 언제나 시끌벅적하군요.,0.0,0.0,……The cafe is always bustling.,0.0,0.0,……カフェはいつも賑やかですね。,0.0,0.0,……咖啡廳總是很熱鬧呢。,0.0,0.0,……咖啡厅总是很热闹呢。,0.0,0.0,396,161388
398,1003,1003202,0,0,7,Aku/Voice_AkuBasic_Out_1,……코코미는\n마스터가\n관리해주세요.,0.0,0.0,"……Please take care of Kokomi, Master.",0.0,0.0,……ココミは、マスターが管理してください。,0.0,0.0,……心海就交給大師管理吧。,0.0,0.0,……心海就交给大师管理吧。,0.0,0.0,397,161704
399,1003,1003202,0,0,15,,"하아, 이런 옷을 입고 주문을 받으라니…….",0.0,0.0,"Haa, taking orders while wearing these clothes……",0.0,0.0,はあ、こんな服を着て注文を取るなんて……。,0.0,0.0,哈啊，穿著這種衣服來接單……。,0.0,0.0,哈啊，穿着这种衣服来接单……。,0.0,0.0,398,162060
400,1003,1003202,0,0,15,,사탕 서비스? 손님들이 좋아하실까요?,0.0,0.0,Candy service? Will the guests like it?,0.0,0.0,キャンディサービス？お客様は喜ぶのでしょうか？,0.0,0.0,糖果服務？客人們會喜歡嗎？,0.0,0.0,糖果服务？客人们会喜欢吗？,0.0,0.0,399,162420
401,1003,1003202,0,0,15,,오늘만은 제 마음대로 주문을 정해도 되지 않을까요. 가끔 주문이 오래 걸리는 손님들이 계셔서요.,0.0,0.0,"Just for today, may I decide the orders myself? Some customers take too long to order.",0.0,0.0,今日だけは私の好きに注文を決めてもいいでしょうか。時々、注文に時間がかかるお客様がいるので。,0.0,0.0,今天能不能由我來決定點單呢。因為有些客人點單太慢了。,0.0,0.0,今天能不能由我来决定点单呢。因为有些客人点单太慢了。,0.0,0.0,400,162752
402,1003,1003202,0,0,15,,오싹오싹……그다음이 뭐였지.,0.0,0.0,"Spooky, spooky…… what was next again?",0.0,0.0,ゾクゾク……その次はなんだったかな。,0.0,0.0,毛骨悚然……接下來是什麼來著。,0.0,0.0,毛骨悚然……接下来是什么来着。,0.0,0.0,401,163360
403,1003,1003202,0,0,15,,단 걸로는 초코 푸딩이 최곱니다.,0.0,0.0,"For sweets, chocolate pudding is the best.",0.0,0.0,甘いものならチョコプリンが一番です。,0.0,0.0,甜食的話，巧克力布丁是最棒的。,0.0,0.0,甜食的话，巧克力布丁是最棒的。,0.0,0.0,402,163688
404,1003,1003202,1,1,19,Aku/Voice_Aku_Effect_1,"선물인가요? 음…그럼, 트릭 오어 트릿……? 이게 맞나요?",0.0,0.0,"A gift? Hmm… then, Trick or Treat……? Is that right?",0.0,0.0,プレゼントですか？うーん……では、トリック・オア・トリート……？これで合ってますか？,0.0,0.0,禮物嗎？嗯……那就，Trick or Treat……？這樣對嗎？,0.0,0.0,礼物吗？嗯……那就，Trick or Treat……？这样对吗？,0.0,0.0,403,164016
405,1003,1003202,11,6,8,Aku/Voice_Aku_Effect_4,그날은 정말 기묘한 경험이었습니다. 이상한 초코푸딩들이 잔뜩…….,0.0,0.0,That day was truly a bizarre experience. So many strange chocolate puddings……,0.0,0.0,あの日は本当に奇妙な体験でした。おかしなチョコプリンがたくさん……。,0.0,0.0,那天真是奇妙的經歷。奇怪的巧克力布丁一大堆……。,0.0,0.0,那天真是奇妙的经历。奇怪的巧克力布丁一大堆……。,0.0,0.0,404,164528
406,1003,1003202,14,0,8,Aku/Voice_Aku_Effect_4,하아…이 옷은 언제까지 입어야 하는 건가요? 옷이라 하기에도 뭐하지만요.,0.0,0.0,Haa… how long do I have to wear this outfit? Though it barely counts as clothes.,0.0,0.0,はあ……この服はいつまで着なければならないのでしょうか。服と呼ぶのもどうかと思いますが。,0.0,0.0,哈啊……我到底要穿這身衣服到什麼時候呢？雖然說是衣服，但算不上衣服吧。,0.0,0.0,哈啊……我到底要穿这身衣服到什么时候呢？虽然说是衣服，但算不上衣服吧。,0.0,0.0,405,165064
407,1003,1003202,14,0,8,Aku/Voice_Aku_Effect_2,"읏, 이 목걸이는 떼지질 않네요.",0.0,0.0,"Ugh, this necklace won’t come off.",0.0,0.0,うっ、この首飾りは外れませんね。,0.0,0.0,嗚，這條項鍊摘不下來呢。,0.0,0.0,呜，这条项链摘不下来呢。,0.0,0.0,406,165708
408,1003,1003202,14,7,8,Aku/Voice_Aku_Effect_2,"트릭 오어 트릿, 마스터…저에게도 사탕을 주세요. 주지 않는다면, 장난치겠습니다.",0.0,0.0,"Trick or Treat, Master… Please give me candy too. If you don’t, I’ll play a trick.",0.0,0.0,トリック・オア・トリート、マスター……私にもキャンディをください。くださらないなら、いたずらしますよ。,0.0,0.0,Trick or Treat，大師……也請給我糖果吧。不然的話，我就要惡作劇了。,0.0,0.0,Trick or Treat，大师……也请给我糖果吧。不然的话，我就要恶作剧了。,0.0,0.0,407,166020
409,1003,1003202,12,7,8,Aku/Voice_Aku_Effect_2,이 붕대요……? 풀어보고 싶나요?,0.0,0.0,These bandages……? Do you want to unwrap them?,0.0,0.0,この包帯……？解いてみたいですか？,0.0,0.0,這些繃帶嗎……？你想解開看看嗎？,0.0,0.0,这些绷带吗……？你想解开看看吗？,0.0,0.0,408,166672
410,1003,1003202,12,7,8,Aku/Voice_Aku_Effect_2,안에 입은 게 있냐고 물으신다면…상상에 맡기겠습니다.,0.0,0.0,If you ask whether I’m wearing anything underneath… I’ll leave it to your imagination.,0.0,0.0,中に何か着ているのかと聞かれたら……ご想像にお任せします。,0.0,0.0,如果問我裡面有沒有穿……就交給你的想像吧。,0.0,0.0,如果问我里面有没有穿……就交给你的想象吧。,0.0,0.0,409,167028
411,1003,1003202,1,1,9,Aku/Voice_Aku_Hello_3,"……어서 오세요, 마스터. 이건 학원에서 보낸 물건입니다.",0.0,0.0,"……Welcome, Master. Here’s the item sent from the academy.",0.0,0.0,……いらっしゃいませ、マスター、こちら、学園から送られた物です。,0.0,0.0,……大師，歡迎光臨。這是學園送來的東西。,0.0,0.0,……大师，欢迎光临。这是学园送来的东西。,0.0,0.0,410,167524
412,1003,1003202,1,1,18,Aku/Voice_Aku_Hello_4,……오늘도 와주셨군요. 마스터…이거 받으세요.,0.0,0.0,"……You came again today, Master… Here, take this.",0.0,0.0,……今日も来てくださったんですね、マスター…これ、受け取ってください。,0.0,0.0,……大師你今天也來啦！……請收下這個。,0.0,0.0,……大师你今天也来啦！ ……请收下这个。,0.0,0.0,411,167996
413,1003,1003202,13,8,10,Aku/Voice_Aku_Hello_5,……저도 만져봐도 될까요?,0.0,0.0,"……May I touch it, too?",0.0,0.0,……私も、触ってもいいですか？,0.0,0.0,……我也可以摸摸看嗎？,0.0,0.0,……我也可以摸摸看吗？,0.0,0.0,412,168460
414,1003,1003202,13,8,10,Aku/Voice_Aku_Hello_6,도움이 필요하시면 언제든 불러주세요.,0.0,0.0,"If you need help, just call me anytime.",0.0,0.0,助けが必要なら、いつでも読んでください。,0.0,0.0,需要幫忙的話請隨時叫我。,0.0,0.0,需要帮忙的话请随时叫我。,0.0,0.0,413,168756
415,1003,1003202,0,0,11,,…….,0.0,0.0,…….,0.0,0.0,…….,0.0,0.0,…….,0.0,0.0,…….,0.0,0.0,414,169092
416,1003,1003202,0,0,12,Aku/Voice_Aku_Dormitory_1,……전 아직 마음의 준비가 되지 않았습니다.,0.0,0.0,……I'm not quite ready for that yet.,0.0,0.0,……私はまだ、心の準備ができていません。,0.0,0.0,……我還沒有心理準備。,0.0,0.0,……我还没有心理准备。,0.0,0.0,415,169220
417,1003,1003202,0,0,13,Aku/Voice_Aku_Dormitory_2,"……네, 마스터라면.",0.0,0.0,"……Yes, if you're a master.",0.0,0.0,……はい、マスターなら。,0.0,0.0,……好，如果是大師的話。,0.0,0.0,……好，如果是大师的话。,0.0,0.0,416,169568
418,1003,1003202,0,0,14,Aku/Voice_Aku_DormitoryOpen_1,……기숙사인가요…저도 기대됩니다.,0.0,0.0,…Is this the dormitory…? I’m looking forward to it.,0.0,0.0,……寮ですか…私も楽しみです。,0.0,0.0,……宿舍嗎……我也很期待呢。,0.0,0.0,……宿舍吗……我也很期待呢。,0.0,0.0,417,169852
419,1003,1003203,0,0,5,,"……마스터, 저랑 잠시\n볼 수 있을까요?",0.0,0.0,"......Master, could I speak with you for a moment?",0.0,0.0,……マスター、少し私とお話しできますか？,0.0,0.0,......大師，可以和我聊一會兒嗎？,0.0,0.0,......大師，可以和我聊一会儿吗？,0.0,0.0,418,170220
420,1003,1003203,14,0,17,Aku/Voice_AkuChristmas_Out_4,…….크리스마스에는 연인이 많네요.,0.0,0.0,.......Christmas has a lot of lovers.,0.0,0.0,......クリスマスには恋人が多い。,0.0,0.0,....聖誕節有很多情人。,0.0,0.0,.......圣诞节有很多情人。,0.0,0.0,419,170572
421,1003,1003203,0,0,0,Aku/Voice_AkuChristmas_Complete_1,……메리 크리스마스.,0.0,0.0,......Merry Christmas.,0.0,0.0,メリークリスマス。,0.0,0.0,……，聖誕快樂。,0.0,0.0,......，圣诞快乐。,0.0,0.0,420,170896
422,1003,1003203,0,0,0,Aku/Voice_AkuChristmas_Complete_2,……조심히\n돌아가시길.,0.0,0.0,......Have a safe trip home.,0.0,0.0,......気をつけて帰ってね。,0.0,0.0,……，一路順風。,0.0,0.0,......，一路顺风。,0.0,0.0,421,171152
423,1003,1003203,0,0,16,Aku/Voice_Aku_Effect_4,……맛있어지는\n주문이요?,0.0,0.0,......Get delicious\nOrder?,0.0,0.0,おいしい？,0.0,0.0,....來點好吃的\n點菜？,0.0,0.0,......来点好吃的\n点菜？,0.0,0.0,422,171424
424,1003,1003203,0,0,6,Aku/Voice_AkuChristmas_In_1,……맛있어져…라.\n맛있…어져라.,0.0,0.0,......Get...delicious...\nGet...delicious...come on.,0.0,0.0,...おいしく...いただきま-す。,0.0,0.0,....來點...好吃的...\n來點...好吃的...來吧。,0.0,0.0,......来点...好吃的...\n来点...好吃的...来吧。,0.0,0.0,423,171680
425,1003,1003203,0,0,6,Aku/Voice_AkuChristmas_In_2,"……이 주문은, 언제해도 부끄럽군요.",0.0,0.0,"…No matter when, this order is always embarrassing.",0.0,0.0,……このお呪いは、いつやってもお恥ずかしいですね。,0.0,0.0,……這句台詞，不管什麼時候說都很害羞呢。,0.0,0.0,……这句台词，不管什么时候说都很害羞呢。,0.0,0.0,424,172056
426,1003,1003203,0,0,6,Aku/Voice_AkuChristmas_In_3,……오늘을 위해\n정성껏 준비했습니다.,0.0,0.0,......I've prepared something special for you today.,0.0,0.0,...今日は特別に用意したんだ。,0.0,0.0,…… 今天我為你準備了一些特別的東西。,0.0,0.0,...... 今天我为你准备了一些特别的东西。,0.0,0.0,425,172476
427,1003,1003203,0,0,6,Aku/Voice_AkuChristmas_In_4,……날이 추우니\n따뜻한 음료를\n권합니다.,0.0,0.0,"......It's cold out, so we recommend a hot drink.",0.0,0.0,......寒いので、温かい飲み物がおすすめです。,0.0,0.0,....外面很冷，建議您喝杯熱飲。,0.0,0.0,......外面很冷，建议您喝杯热饮。,0.0,0.0,426,172856
428,1003,1003203,0,0,6,Aku/Voice_AkuChristmas_In_5,……크리스마스\n한정 푸딩은\n어떠신가요?,0.0,0.0,......How about some of our specialty Christmas puddings?,0.0,0.0,......当店自慢のクリスマス・プリンはいかがですか？,0.0,0.0,……我們的特色聖誕布丁怎麼樣？,0.0,0.0,......我们的特色圣诞布丁怎么样？,0.0,0.0,427,173240
429,1003,1003203,0,0,7,Aku/Voice_AkuChristmas_In_1,……맛있어져…라.\n맛있…어져라.,0.0,0.0,......Get...delicious...\nGet...delicious...come on.,0.0,0.0,...おいしく...いただきま-す。,0.0,0.0,....來點...好吃的...\n來點...好吃的...來吧。,0.0,0.0,......来点...好吃的...\n来点...好吃的...来吧。,0.0,0.0,428,173644
430,1003,1003203,0,0,7,Aku/Voice_AkuChristmas_In_2,"……이 주문은, 언제해도 부끄럽군요.",0.0,0.0,"…No matter when, this order is always embarrassing.",0.0,0.0,……このお呪いは、いつやってもお恥ずかしいですね。,0.0,0.0,……這句台詞，不管什麼時候說都很害羞呢。,0.0,0.0,……这句台词，不管什么时候说都很害羞呢。,0.0,0.0,429,174020
431,1003,1003203,0,0,7,Aku/Voice_AkuChristmas_In_3,……오늘을 위해\n정성껏 준비했습니다.,0.0,0.0,......I've prepared something special for you today.,0.0,0.0,...今日は特別に用意したんだ。,0.0,0.0,…… 今天我為你準備了一些特別的東西。,0.0,0.0,...... 今天我为你准备了一些特别的东西。,0.0,0.0,430,174440
432,1003,1003203,0,0,7,Aku/Voice_AkuChristmas_In_4,……날이 추우니\n따뜻한 음료를\n권합니다.,0.0,0.0,"......It's cold out, so we recommend a hot drink.",0.0,0.0,......寒いので、温かい飲み物がおすすめです。,0.0,0.0,....外面很冷，建議您喝杯熱飲。,0.0,0.0,......外面很冷，建议您喝杯热饮。,0.0,0.0,431,174820
433,1003,1003203,0,0,7,Aku/Voice_AkuChristmas_In_5,……크리스마스\n한정 푸딩은\n어떠신가요?,0.0,0.0,......How about some of our specialty Christmas puddings?,0.0,0.0,......当店自慢のクリスマス・プリンはいかがですか？,0.0,0.0,……我們的特色聖誕布丁怎麼樣？,0.0,0.0,......我们的特色圣诞布丁怎么样？,0.0,0.0,432,175204
434,1003,1003203,0,0,7,Aku/Voice_AkuChristmas_Out_1,춤…이요?\n농담하지 마세요.,0.0,0.0,Dancing...? You've got to be kidding me.,0.0,0.0,ダンス......？冗談でしょう？,0.0,0.0,跳舞？開什麼玩笑？,0.0,0.0,跳舞？开什么玩笑？,0.0,0.0,433,175608
435,1003,1003203,0,0,7,Aku/Voice_AkuChristmas_Out_2,"……따, 딸랑딸랑-\n주문 받았습니다.",0.0,0.0,"......Ding, ding, ding - we've got your order.",0.0,0.0,......チーン、チーン、チーン......ご注文を承りました。,0.0,0.0,……叮，叮，叮--我們收到您的訂單了。,0.0,0.0,......叮，叮，叮--我们收到您的订单了。,0.0,0.0,434,175900
436,1003,1003203,0,0,7,Aku/Voice_AkuChristmas_Out_3,……추운 겨울\n따뜻한 음식은\n궁합이 좋죠.,0.0,0.0,"......Cold winter, warm food goes hand in hand.",0.0,0.0,......寒い冬には暖かい食べ物が似合う。,0.0,0.0,……寒冷的冬天，溫暖的食物相伴。,0.0,0.0,......寒冷的冬天，温暖的食物相伴。,0.0,0.0,435,176304
437,1003,1003203,0,0,7,Aku/Voice_AkuChristmas_Out_4,…….크리스마스에는 연인이 많네요.,0.0,0.0,.......Christmas has a lot of lovers.,0.0,0.0,......クリスマスには恋人が多い。,0.0,0.0,....聖誕節有很多情人。,0.0,0.0,.......圣诞节有很多情人。,0.0,0.0,436,176680
438,1003,1003203,0,0,7,Aku/Voice_AkuChristmas_Out_5,코코미가\n한정 메뉴를\n만든다고\n난리법석이군요…….,0.0,0.0,"Kokomi's making a limited menu, and they're going crazy.......",0.0,0.0,ココミが限定メニューを作って、みんな熱狂している......。,0.0,0.0,心海製作限量菜單，他們要瘋了！ .......,0.0,0.0,心海制作限量菜单，他们要疯了！.......,0.0,0.0,437,177004
439,1003,1003203,0,0,15,,"……따, 딸랑딸랑-\n주문 받겠습니다…….",0.0,0.0,"……Ah, jingle-jingle- I'll take your order…….",0.0,0.0,……あ、チリンチリンー ご注文を承ります……。,0.0,0.0,……啊，叮鈴叮鈴- 我來接單……。,0.0,0.0,……啊，叮铃叮铃- 我来接单……。,0.0,0.0,438,177452
440,1003,1003203,0,0,15,,겨울에는 따뜻한 음료\n어떠신가요?,0.0,0.0,How about a warm drink in winter?,0.0,0.0,冬には温かい飲み物はいかがですか？,0.0,0.0,冬天來一杯熱飲怎麼樣？,0.0,0.0,冬天来一杯热饮怎么样？,0.0,0.0,439,177812
441,1003,1003203,0,0,15,,금방 준비해드리겠습니다.,0.0,0.0,I'll prepare it right away.,0.0,0.0,すぐにご用意いたします。,0.0,0.0,馬上為您準備。,0.0,0.0,马上为您准备。,0.0,0.0,440,178108
442,1003,1003203,0,0,15,,이번엔 어떤 주문이\n들어왔나요?,0.0,0.0,What kind of order came in this time?,0.0,0.0,今回はどんなご注文でしょうか？,0.0,0.0,這次收到什麼訂單呢？,0.0,0.0,这次收到什么订单呢？,0.0,0.0,441,178344
443,1003,1003203,0,0,15,,……제 힘이 닿는데까지\n도와드리겠습니다.,0.0,0.0,……I will help as much as I can.,0.0,0.0,……私の力の及ぶ限り、お手伝いします。,0.0,0.0,……我會盡我所能幫忙。,0.0,0.0,……我会尽我所能帮忙。,0.0,0.0,442,178628
444,1003,1003203,7,2,19,Aku/Voice_Aku_Effect_1,"……감사합니다, 마스터. 소중히 사용하겠습니다.",0.0,0.0,"…Thank you, Master. I’ll treasure it.",0.0,0.0,……ありがとうございます、マスター。 大切にします。,0.0,0.0,……謝謝你，大師。 我會好好珍惜的。,0.0,0.0,……谢谢你，大师。  我会好好珍惜的。,0.0,0.0,443,178944
445,1003,1003203,1,1,8,Aku/Voice_Aku_Like_3,초코 푸딩을 서로 먹여준다던지…그런 건 역시…….,0.0,0.0,Feeding each other chocolate pudding… that kind of thing is still a bit…,0.0,0.0,チョコプリンを食べさせ合うとか……そういうのはやっぱり……。,0.0,0.0,互相餵巧克力布丁之類的……這種事果然還是有點……。,0.0,0.0,互相喂巧克力布丁之类的……这种事果然还是有点……。,0.0,0.0,444,179352
446,1003,1003203,1,1,8,Aku/Voice_AkuChristmas_MaidApp_1,……메리 크리스마스입니다 마스터.,0.0,0.0,"......Merry Christmas, Master.",0.0,0.0,......メリークリスマス、マスター。,0.0,0.0,……聖誕快樂，大師。,0.0,0.0,......圣诞快乐，大師。,0.0,0.0,445,179852
447,1003,1003203,7,2,8,Aku/Voice_AkuChristmas_MaidApp_2,……밖이 많이 추우니 따뜻하게 입으시길.,0.0,0.0,"......It's cold outside, so dress warm.",0.0,0.0,......外は寒いので、暖かい格好をしてください。,0.0,0.0,……外面很冷，穿暖和點。,0.0,0.0,......外面很冷，穿暖和点。,0.0,0.0,446,180164
448,1003,1003203,14,0,8,Aku/Voice_AkuChristmas_MaidApp_3,……크리스마스는 딱히 좋아하진 않지만 마스터와 함께라면 괜찮습니다.,0.0,0.0,"......I'm not a big fan of Christmas, but with Master, I don't mind.",0.0,0.0,......クリスマスは苦手だけど、マスターと一緒なら気にならない。,0.0,0.0,……我不是很喜歡過聖誕節，但是和大師在一起，我就不介意了。,0.0,0.0,......我不是很喜欢过圣诞节，但是和大師在一起，我就不介意了。,0.0,0.0,447,180520
449,1003,1003203,7,2,8,Aku/Voice_AkuChristmas_MaidApp_4,……겉옷…빌려주지 않으셔도 괜찮지만 빌려주신다면 기꺼이.,0.0,0.0,"......Clothes...I hope you don't mind if I don't lend them, but if you do, I'd be happy to.",0.0,0.0,......服は......貸さなくても構わないけど、貸してくれたら嬉しいな。,0.0,0.0,....衣服......我希望你不介意我不借給你，但如果你介意，我很樂意借給你。,0.0,0.0,......衣服......我希望你不介意我不借给你，但如果你介意，我很乐意借给你。,0.0,0.0,448,181076
450,1003,1003203,14,0,8,Aku/Voice_AkuChristmas_MaidApp_5,"……옷 말인가요? 저도 부끄러우니, 놀리지 말아주세요…….",0.0,0.0,"......You mean clothes? I'm embarrassed too, so please don't tease me.......",0.0,0.0,......服ですか。私も恥ずかしいので、からかわないでください......。,0.0,0.0,……你是說衣服？我也很尷尬，所以請不要取笑我.......。,0.0,0.0,......你是说衣服？我也很尴尬，所以请不要取笑我.......。,0.0,0.0,449,181672
451,1003,1003203,13,8,8,Aku/Voice_AkuChristmas_MaidApp_6,"……아쿠표 크리스마스 한정 커피, 드시겠나요?",0.0,0.0,"......Coupon Christmas coffee, would you like some?",0.0,0.0,......クーポンのクリスマスコーヒー、いかがですか？,0.0,0.0,……優惠券聖誕咖啡，你要來點嗎？,0.0,0.0,......优惠券圣诞咖啡，你要来点吗？,0.0,0.0,450,182196
452,1003,1003203,7,2,9,Aku/Voice_AkuChristmas_MaidApp_1,……메리 크리스마스입니다\n마스터.,0.0,0.0,"……Merry Christmas, Master.",0.0,0.0,......メリークリスマス、マスター。,0.0,0.0,……聖誕快樂，大師。,0.0,0.0,……圣诞快乐，大師。,0.0,0.0,451,182600
453,1003,1003203,14,0,10,,저의 크리스마스 선물은\n저로……아무것도 아닙니다.,0.0,0.0,"My Christmas gift is myself… No, it's nothing.",0.0,0.0,"私のクリスマスプレゼントは私で……何でもありません。
",0.0,0.0,我的聖誕禮物是我……沒什麼。,0.0,0.0,我的圣诞礼物是我……没什么。,0.0,0.0,452,182916
454,1003,1003203,0,0,11,,…….,0.0,0.0,…….,0.0,0.0,…….,0.0,0.0,…….,0.0,0.0,…….,0.0,0.0,453,183292
455,1003,1003203,0,0,12,Aku/Voice_Aku_Dormitory_1,……전 아직 마음의 준비가 되지 않았습니다.,0.0,0.0,......I'm not quite ready for that yet.,0.0,0.0,…… 私はまだ心の準備が出来ていません。,0.0,0.0,…… 我還沒準備好。,0.0,0.0,...... 我还没准备好。,0.0,0.0,454,183420
456,1003,1003203,0,0,13,Aku/Voice_Aku_Dormitory_2,"……네, 마스터라면.",0.0,0.0,"......Yes, if you're a master.",0.0,0.0,…… はい、マスターなら。,0.0,0.0,…… 是的，如果你是大師的話。,0.0,0.0,...... 是的，如果你是大师的话。,0.0,0.0,455,183752
457,1003,1003203,0,0,14,Aku/Voice_Aku_DormitoryOpen_1,……기숙사인가요…저도 기대됩니다.,0.0,0.0,…Is this the dormitory…? I’m looking forward to it.,0.0,0.0,……寮ですか…私も楽しみです。,0.0,0.0,……是宿舍嗎……？我也很期待。,0.0,0.0,……是宿舍吗……？我也很期待。,0.0,0.0,456,184056
458,1004,0,0,0,5,,마스터-잠시\n괜찮을까요-♥,0.0,0.0,"Master, is it okay for a moment-? ♥",0.0,0.0,マスター、少しよろしいですか-♥,0.0,0.0,大師——可以稍微聊一會兒嗎-♥,0.0,0.0,大师——可以稍微聊一会儿吗-♥,0.0,0.0,457,184432
459,1004,0,0,0,17,Yuki/Voice_Yuki_Hello_1,"아-마스터, 안녕하세요-오늘은 뭐부터 할까요?",0.0,0.0,"Ah, Master, hello! What should we do first today?",0.0,0.0,ああーマスター、こんにちはー。今日は何から始めますか？,0.0,0.0,啊-大師，你好。今天要先做什麼？,0.0,0.0,啊-大师，你好。今天要先做什么？,0.0,0.0,458,184736
460,1004,0,0,0,16,Yuki/Voice_YukiBasic_Complete_1,사랑을 담은 음식-\n맛있게 드세요-,0.0,0.0,Food filled with love—enjoy your meal!,0.0,0.0,愛を込めた料理ー。お召し上がりくださいー。,0.0,0.0,請慢慢享用注入愛意的料理-,0.0,0.0,请慢慢享用注入爱意的料理-,0.0,0.0,459,185144
461,1004,0,0,0,0,Yuki/Voice_YukiBasic_Complete_2,다음에도\n찾아주세요-♥,0.0,0.0,I hope to see you again soon-♥,0.0,0.0,また来てくださいねー♥,0.0,0.0,下次請再度光臨-♥,0.0,0.0,下次请再度光临-♥,0.0,0.0,460,185496
462,1004,0,0,0,16,Yuki/Voice_Yuki_Effect_1,맛있어져라-♥,0.0,0.0,Tastier- with a sprinkle of magic-♥,0.0,0.0,美味しくなれー♥,0.0,0.0,變好吃吧-♥,0.0,0.0,变好吃吧-♥,0.0,0.0,461,185776
463,1004,0,0,0,16,Yuki/Voice_Yuki_Effect_1,맛있게 드세요-♥,0.0,0.0,Enjoy your meal-♥,0.0,0.0,美味しくお召し上がりくださいー♥,0.0,0.0,請慢用-♥,0.0,0.0,请慢用-♥,0.0,0.0,462,186004
464,1004,0,0,0,6,Yuki/Voice_YukiBasic_In_2,거긴 만지면\n안 돼요-♥,0.0,0.0,You can’t touch there-♥,0.0,0.0,そこは触っちゃダメですよー♥,0.0,0.0,那裡不可以碰喔-♥,0.0,0.0,那里不可以碰喔-♥,0.0,0.0,463,186240
465,1004,0,0,0,6,Yuki/Voice_YukiBasic_In_3,어딜 그렇게 빤히\n보시나요-?,0.0,0.0,Why are you staring like that-?,0.0,0.0,どこをそんなにじっと見ているんですかー？,0.0,0.0,你在看哪裡呀-？,0.0,0.0,你在看哪里呀-？,0.0,0.0,464,186516
466,1004,0,0,0,6,Yuki/Voice_YukiBasic_In_1,"쉬고 싶으시면, 제가\n안아 드릴게요-♥",0.0,0.0,"If you want to rest, I’ll hold you-♥",0.0,0.0,休みたいなら、私が抱きしめてあげますよー♥,0.0,0.0,想休息的話，我可以抱你一下喔-♥,0.0,0.0,想休息的话，我可以抱你一下喔-♥,0.0,0.0,465,186812
467,1004,0,0,0,6,Yuki/Voice_YukiBasic_In_4,차가운 핫초코……\n같은 건 없답니다?,0.0,0.0,"There's no such thing as cold hot chocolate, you know?",0.0,0.0,冷たいホットチョコ……なんてないですよ？,0.0,0.0,冰的熱可可……沒有這種東西喔？,0.0,0.0,冰的热可可……没有这种东西喔？,0.0,0.0,466,187180
468,1004,0,0,0,6,Yuki/Voice_YukiBasic_In_5,사랑을 담은 음식\n곧 준비해 드릴게요♥,0.0,0.0,I’ll prepare a meal full of love soon-♥,0.0,0.0,愛を込めた料理を、すぐにご用意しますね♥,0.0,0.0,馬上為您準備充滿愛意的料理♥,0.0,0.0,马上为您准备充满爱意的料理♥,0.0,0.0,467,187560
469,1004,0,0,0,7,Yuki/Voice_YukiBasic_In_2,거긴 만지면\n안 돼요-♥,0.0,0.0,You can’t touch there-♥,0.0,0.0,そこは触っちゃダメですよー♥,0.0,0.0,那裡不可以碰喔-♥,0.0,0.0,那里不可以碰喔-♥,0.0,0.0,468,187924
470,1004,0,0,0,7,Yuki/Voice_YukiBasic_In_3,어딜 그렇게 빤히\n보시나요-?,0.0,0.0,Why are you staring like that-?,0.0,0.0,どこをそんなにじっと見ているんですかー？,0.0,0.0,你在看哪裡呀-？,0.0,0.0,你在看哪里呀-？,0.0,0.0,469,188200
471,1004,0,0,0,7,Yuki/Voice_YukiBasic_In_1,"쉬고 싶으시면, 제가\n안아 드릴게요-♥",0.0,0.0,"If you want to rest, I’ll hold you-♥",0.0,0.0,休みたいなら、私が抱きしめてあげますよー♥,0.0,0.0,想休息的話，我可以抱你一下喔-♥,0.0,0.0,想休息的话，我可以抱你一下喔-♥,0.0,0.0,470,188496
472,1004,0,0,0,7,Yuki/Voice_YukiBasic_In_4,차가운 핫초코……\n같은 건 없답니다?,0.0,0.0,"There's no such thing as cold hot chocolate, you know?",0.0,0.0,冷たいホットチョコ……なんてないですよ？,0.0,0.0,冰的熱可可……沒有這種東西喔？,0.0,0.0,冰的热可可……没有这种东西喔？,0.0,0.0,471,188864
473,1004,0,0,0,7,Yuki/Voice_YukiBasic_In_5,사랑을 담은 음식\n곧 준비해 드릴게요♥,0.0,0.0,I’ll prepare a meal full of love soon-♥,0.0,0.0,愛を込めた料理を、すぐにご用意しますね♥,0.0,0.0,馬上為您準備充滿愛意的料理♥,0.0,0.0,马上为您准备充满爱意的料理♥,0.0,0.0,472,189244
474,1004,0,0,0,7,Yuki/Voice_YukiBasic_Out_2,청소는\n너무 좋아요-♥,0.0,0.0,I just love cleaning-♥,0.0,0.0,お掃除は大好きですー♥,0.0,0.0,我最喜歡打掃了-♥,0.0,0.0,我最喜欢打扫了-♥,0.0,0.0,473,189608
475,1004,0,0,0,7,Yuki/Voice_YukiBasic_Out_3,달콤한 향기♪\n마스터와 디저트라도 먹을까요♥,0.0,0.0,"Such a sweet scent♪ Shall we have dessert together, Master? ♥",0.0,0.0,甘い香り♪ マスターとデザートでも食べましょうか♥,0.0,0.0,甜蜜香氣♪要不要跟大師一起吃甜點呢♥,0.0,0.0,甜蜜香气♪要不要跟大师一起吃甜点呢♥,0.0,0.0,474,189872
476,1004,0,0,0,7,Yuki/Voice_YukiBasic_Out_4,주문하신 메뉴\n나왔습니다-♥,0.0,0.0,Your order is ready-♥,0.0,0.0,ご注文のメニューができましたー♥,0.0,0.0,您點的餐點來囉-♥,0.0,0.0,您点的餐点来啰-♥,0.0,0.0,475,190312
477,1004,0,0,0,7,Yuki/Voice_YukiBasic_Out_5,카페는 청결이\n최우선이에요-,0.0,0.0,Cleanliness is the top priority in the cafe-,0.0,0.0,カフェは、清潔が最優先ですー。,0.0,0.0,咖啡廳最重要的就是整潔了-,0.0,0.0,咖啡厅最重要的就是整洁了-,0.0,0.0,476,190596
478,1004,0,0,0,7,Yuki/Voice_YukiBasic_Out_6,내가 마스터와 같은 공기를 마시며\n일할 수 있다니-♥,0.0,0.0,Working while breathing Master’s air? Unbelievable-♥,0.0,0.0,マスターと同じ空気を吸いながら働けるなんてー♥,0.0,0.0,竟然能和大師呼吸著相同的空氣一起工作-♥,0.0,0.0,竟然能和大师呼吸着相同的空气一起工作-♥,0.0,0.0,477,190924
479,1004,0,0,0,7,Yuki/Voice_YukiBasic_Out_7,마스터의 방은\n어디에 있을까요-♥,0.0,0.0,Where could Master’s room be-? ♥,0.0,0.0,マスターのお部屋はどこにあるんでしょうー♥,0.0,0.0,大師的房間是哪一間呢-♥,0.0,0.0,大师的房间是哪一间呢-♥,0.0,0.0,478,191360
480,1004,0,0,0,7,Yuki/Voice_YukiBasic_Out_1,맛있어지는 주문을\n외워 드릴까요-?,0.0,0.0,Shall I teach you the magic words to make it tastier-?,0.0,0.0,美味しくなる呪文をかけてあげましょうかー？,0.0,0.0,要我幫你唸變好吃的咒語嗎-？,0.0,0.0,要我帮你念变好吃的咒语吗-？,0.0,0.0,479,191696
481,1004,0,0,0,15,,주문 받을게요-,0.0,0.0,I'll take the order-,0.0,0.0,ご注文承りますー,0.0,0.0,我來為您點餐-,0.0,0.0,我来为您点餐-,0.0,0.0,480,192060
482,1004,0,0,0,15,,마스터가 시키는 일이라면\n뭐-든 할거랍니다-,0.0,0.0,"If it's an order from Master, I'll do anything-",0.0,0.0,マスターのご命令なら、なーんでもしますよー,0.0,0.0,只要是大師吩咐的事-我都會做的。,0.0,0.0,只要是大师吩咐的事-我都会做的。,0.0,0.0,481,192252
483,1004,0,0,0,15,,이번엔 어떤 걸\n하면 될까요-?,0.0,0.0,What should I do this time-?,0.0,0.0,次は、何をすればいいでしょうかー？,0.0,0.0,這次要做什麼呢-？,0.0,0.0,这次要做什么呢-？,0.0,0.0,482,192612
484,1004,0,0,0,15,,빨리 일 끝내고 같이…….\n우후훗.,0.0,0.0,Let's finish work quickly and be together… Uhuhut.,0.0,0.0,早くお仕事を終えて、一緒に……。うふふ。,0.0,0.0,快點結束工作然後一起……呵呵呵。,0.0,0.0,快点结束工作然后一起……呵呵呵。,0.0,0.0,483,192876
485,1004,0,0,0,15,,저는 청소가 더 좋은데-,0.0,0.0,I prefer cleaning-,0.0,0.0,私は、お掃除のほうが好きですけどー,0.0,0.0,我比較喜歡打掃-,0.0,0.0,我比较喜欢打扫-,0.0,0.0,484,193220
486,1004,0,7,2,19,Yuki/Voice_Yuki_Effect_1,"우후훗, 선물이군요? 이런 걸 받으면 저도 보답하고 싶어지는데요?",0.0,0.0,"Ufufu, a gift? Now I feel like I should give something in return too.",0.0,0.0,うふふ、プレゼントですね？こういうのをもらったら、私もお礼をしたくなっちゃいますよ？,0.0,0.0,呵呵呵，這是禮物嗎？收到這種東西我也會想回禮耶？,0.0,0.0,呵呵呵，这是礼物吗？收到这种东西我也会想回礼耶？,0.0,0.0,485,193460
487,1004,0,12,7,8,Yuki/Voice_Yuki_Like_1,"뭐예요, 마스터-? 그렇게 쳐다보시고…….\n절 유혹하는 건가요?",0.0,0.0,"What is it, Master? Looking at me like that……Are you trying to tempt me?",0.0,0.0,なんですか、マスター。そんなに見つめて……。私を誘惑しているんですか？,0.0,0.0,怎樣啦-大師？那樣盯著我……是在引誘我嗎？,0.0,0.0,怎样啦-大师？那样盯着我……是在引诱我吗？,0.0,0.0,486,194004
488,1004,0,1,1,8,Yuki/Voice_Yuki_Like_2,"마스터와 함께 있을 수 있다니, 꿈만 같아요-",0.0,0.0,"Just being with you, Master, feels like a dream.",0.0,0.0,マスターと一緒にいられるなんて、夢みたいですー。,0.0,0.0,能和大師在一起，真像做夢一樣。,0.0,0.0,能和大师在一起，真像做梦一样。,0.0,0.0,487,194512
489,1004,0,1,1,8,Yuki/Voice_Yuki_Like_3,어디 한적한 곳에서…둘이 있을까요?,0.0,0.0,Shall we go somewhere quiet… just the two of us?,0.0,0.0,どこか静かな場所で…二人きりになりませんか？,0.0,0.0,我們找個清靜的地方……一起待一下？,0.0,0.0,我们找个清静的地方……一起待一下？,0.0,0.0,488,194900
490,1004,0,1,1,8,Yuki/Voice_Yuki_Hello_1,"아-마스터, 안녕하세요-오늘은 뭐부터 할까요?",0.0,0.0,"Ah, Master, hello! What should we do first today?",0.0,0.0,ああーマスター、こんにちはー。今日は何から始めますか？,0.0,0.0,啊-大師，你好。今天要先做什麼？,0.0,0.0,啊-大师，你好。今天要先做什么？,0.0,0.0,489,195288
491,1004,0,15,2,8,Yuki/Voice_Yuki_Hello_2,무릎 베개? 귀 파주기? 말만 하세요-,0.0,0.0,A lap pillow? Cleaning your ears? Just say the word.,0.0,0.0,膝枕？耳かき？何でもおっしゃってくださいねー,0.0,0.0,需要膝枕？還是幫忙挖耳朵？只要跟我說一聲就行唷-,0.0,0.0,需要膝枕？还是帮忙挖耳朵？只要跟我说一声就行唷-,0.0,0.0,490,195696
492,1004,0,1,1,8,Yuki/Voice_YukiBasic_MaidApp_1,무슨 일이신가요?,0.0,0.0,What’s the matter?,0.0,0.0,何かご用ですか？,0.0,0.0,有什麼事嗎？,0.0,0.0,有什么事吗？,0.0,0.0,491,196120
493,1004,0,15,2,8,Yuki/Voice_YukiBasic_MaidApp_2,"우후훗, 거기는 안돼요-♥",0.0,0.0,"Uhuhut, not there- ♥",0.0,0.0,うふふ、そこはダメですよー♥,0.0,0.0,呵呵呵，那裡不行喔-♥,0.0,0.0,呵呵呵，那里不行喔-♥,0.0,0.0,492,196348
494,1004,0,16,1,8,Yuki/Voice_YukiBasic_MaidApp_3,저한테 시켜볼 것이 있나요-♥,0.0,0.0,Do you have something for me to do-? ♥,0.0,0.0,私にお願いしたいことがありますかー♥,0.0,0.0,有想要我做什麼嗎-♥,0.0,0.0,有想要我做什么吗-♥,0.0,0.0,493,196636
495,1004,0,1,1,8,Yuki/Voice_YukiBasic_MaidApp_4,뭐든지 명령만 해주세요-?,0.0,0.0,Just give me any command-?,0.0,0.0,なんでもご命令くださいー,0.0,0.0,只要下令，什麼都可以喔-,0.0,0.0,只要下令，什么都可以喔-,0.0,0.0,494,196948
496,1004,0,1,1,8,Yuki/Voice_YukiBasic_MaidApp_5,마스터의 명령이라면\n뭐-든 할 수 있답니다-?,0.0,0.0,"If it’s Master’s order, I can do anything-?",0.0,0.0,マスターのご命令ならなーんでもできますよー？,0.0,0.0,只要是大師下令-我都會辦到-,0.0,0.0,只要是大师下令-我都会办到-,0.0,0.0,495,197240
497,1004,0,15,2,8,Yuki/Voice_YukiBasic_MaidApp_6,어디든 괜찮아요-,0.0,0.0,Anywhere is fine-,0.0,0.0,どこでも大丈夫ですよー,0.0,0.0,哪裡都可以-,0.0,0.0,哪里都可以-,0.0,0.0,496,197616
498,1004,0,1,1,9,Yuki/Voice_Yuki_Hello_3,"우후훗, 오늘도 찾아주셨군요.\n역시 마스터도 제가 좋죠?",0.0,0.0,"uhuhut, you came to see me again today. Does that mean you like me too, Master?",0.0,0.0,うふふ、今日も来てくれたんですね。やっぱり、マスターも、私がいいんですか？,0.0,0.0,呵呵呵，你今天也來啦！果然大師也喜歡我吧？,0.0,0.0,呵呵呵，你今天也来啦！果然大师也喜欢我吧？,0.0,0.0,497,197848
499,1004,0,1,1,18,Yuki/Voice_Yuki_Hello_4,매일매일 보고 싶은 절 위해 와주셨군요-♥,0.0,0.0,You came to see me because you miss me every single day–♥,0.0,0.0,毎日会いたい私のために来てくださったんですねー♥,0.0,0.0,特地來找天天都想見到的我啦-♥,0.0,0.0,特地来找天天都想见到的我啦-♥,0.0,0.0,498,198356
500,1004,0,15,2,10,Yuki/Voice_Yuki_Hello_5,마스터는 이런 걸\n좋아하는 걸까요-?,0.0,0.0,"Do you like things like this, Master?",0.0,0.0,マスターは、こういうのが好きなんですかー？,0.0,0.0,大師好像很喜歡這種的對吧-？,0.0,0.0,大师好像很喜欢这种的对吧-？,0.0,0.0,499,198752
501,1004,0,15,2,10,Yuki/Voice_Yuki_Hello_6,마스터가 좋아할 만한 게 뭔지 알 것 같아요-♥,0.0,0.0,I think I know what Master might like-♥,0.0,0.0,マスターが好きそうなもの、わかった気がしますー♥,0.0,0.0,我好像大概知道大師喜歡什麼了-♥,0.0,0.0,我好像大概知道大师喜欢什么了-♥,0.0,0.0,500,199100
502,1004,0,0,0,11,Yuki/Voice_Yuki_Dormitory_1,드디어 제가 궁금해지신 건가요-?,0.0,0.0,Are you finally getting to the point where I'm wondering -?,0.0,0.0,ついに、私のが気になったのでしょうかー？,0.0,0.0,終於開始對我好奇了嗎-？,0.0,0.0,终于开始对我好奇了吗-？,0.0,0.0,501,199488
503,1004,0,0,0,12,Yuki/Voice_Yuki_Dormitory_2,"우후훗, 어디부터 알려 드릴까요-?",0.0,0.0,"Woohoohoo, where do I start -?",0.0,0.0,うふふ、どこから教えますかー？,0.0,0.0,呵呵呵，要先從哪裡說起呢-？,0.0,0.0,呵呵呵，要先从哪里说起呢-？,0.0,0.0,502,199840
504,1004,0,0,0,13,Yuki/Voice_Yuki_Dormitory_3,좋아요-그럼 시작해볼까요-♥,0.0,0.0,Okay - so let's get started - ♥,0.0,0.0,よしー、それじゃあ、始めましょうー♥,0.0,0.0,好-那就開始吧-♥,0.0,0.0,好-那就开始吧-♥,0.0,0.0,503,200164
505,1004,0,0,0,14,Yuki/Voice_Yuki_DormitoryOpen_1,마스터와 함께 잘 수 있는 방을\n만들어 주세요-♥,0.0,0.0,Please make a room where I can sleep with Master-♥,0.0,0.0,マスターと一緒に寝られる部屋を作ってくださいー♥,0.0,0.0,請給我一間可以和大師一起睡覺的房間-♥,0.0,0.0,请给我一间可以和大师一起睡觉的房间-♥,0.0,0.0,504,200460
506,1004,1004101,0,0,5,,마스터-잠시\n괜찮을까요-♥,0.0,0.0,"Master, is it okay for a moment-? ♥",0.0,0.0,マスター、少しよろしいですか-♥,0.0,0.0,大師——可以稍微聊一會兒嗎-♥,0.0,0.0,大师——可以稍微聊一会儿吗-♥,0.0,0.0,505,200884
507,1004,1004101,14,0,17,Yuki/Voice_YukiCasual_MaidApp_1,마스터-오늘은 어디로 가볼까요? 시장? 레스토랑? 아니면…우후후♥,0.0,0.0,"Master, where shall we go today? Market? Restaurant? Or…ufufu♥",0.0,0.0,マスター、今日はどこに行きましょうか？マーケット？レストラン？それとも…うふふ♥,0.0,0.0,大師-今天要去哪裡呢？市場？餐廳？還是……呵呵呵♥,0.0,0.0,大师-今天要去哪里呢？市场？餐厅？还是……呵呵呵♥,0.0,0.0,506,201188
508,1004,1004101,0,0,16,Yuki/Voice_YukiBasic_Complete_1,사랑을 담은 음식-\n맛있게 드세요-,0.0,0.0,Food filled with love—enjoy your meal!,0.0,0.0,愛を込めた料理ー。お召し上がりくださいー。,0.0,0.0,請慢慢享用注入愛意的料理-,0.0,0.0,请慢慢享用注入爱意的料理-,0.0,0.0,507,201740
509,1004,1004101,0,0,0,Yuki/Voice_YukiBasic_Complete_2,다음에도\n찾아주세요-♥,0.0,0.0,I hope to see you again soon-♥,0.0,0.0,また来てくださいねー♥,0.0,0.0,下次請再度光臨-♥,0.0,0.0,下次请再度光临-♥,0.0,0.0,508,202092
510,1004,1004101,0,0,16,Yuki/Voice_Yuki_Effect_1,맛있어져라-♥,0.0,0.0,Tastier- with a sprinkle of magic-♥,0.0,0.0,美味しくなれー♥,0.0,0.0,變好吃吧-♥,0.0,0.0,变好吃吧-♥,0.0,0.0,509,202372
511,1004,1004101,0,0,16,Yuki/Voice_Yuki_Effect_1,맛있게 드세요-♥,0.0,0.0,Enjoy your meal-♥,0.0,0.0,美味しくお召し上がりくださいー♥,0.0,0.0,請慢用-♥,0.0,0.0,请慢用-♥,0.0,0.0,510,202600
512,1004,1004101,0,0,6,Yuki/Voice_YukiBasic_In_2,거긴 만지면\n안 돼요-♥,0.0,0.0,You can’t touch there-♥,0.0,0.0,そこは触っちゃダメですよー♥,0.0,0.0,那裡不可以碰喔-♥,0.0,0.0,那里不可以碰喔-♥,0.0,0.0,511,202836
513,1004,1004101,0,0,6,Yuki/Voice_YukiBasic_In_3,어딜 그렇게 빤히\n보시나요-?,0.0,0.0,Why are you staring like that-?,0.0,0.0,どこをそんなにじっと見ているんですかー？,0.0,0.0,你在看哪裡呀-？,0.0,0.0,你在看哪里呀-？,0.0,0.0,512,203112
514,1004,1004101,0,0,6,Yuki/Voice_YukiBasic_In_1,"쉬고 싶으시면, 제가\n안아 드릴게요-♥",0.0,0.0,"If you want to rest, I’ll hold you-♥",0.0,0.0,休みたいなら、私が抱きしめてあげますよー♥,0.0,0.0,想休息的話，我可以抱你一下喔-♥,0.0,0.0,想休息的话，我可以抱你一下喔-♥,0.0,0.0,513,203408
515,1004,1004101,0,0,6,Yuki/Voice_YukiBasic_In_4,차가운 핫초코……\n같은 건 없답니다?,0.0,0.0,"There's no such thing as cold hot chocolate, you know?",0.0,0.0,冷たいホットチョコ……なんてないですよ？,0.0,0.0,冰的熱可可……沒有這種東西喔？,0.0,0.0,冰的热可可……没有这种东西喔？,0.0,0.0,514,203776
516,1004,1004101,0,0,6,Yuki/Voice_YukiBasic_In_5,사랑을 담은 음식\n곧 준비해 드릴게요♥,0.0,0.0,I’ll prepare a meal full of love soon-♥,0.0,0.0,愛を込めた料理を、すぐにご用意しますね♥,0.0,0.0,馬上為您準備充滿愛意的料理♥,0.0,0.0,马上为您准备充满爱意的料理♥,0.0,0.0,515,204156
517,1004,1004101,0,0,7,Yuki/Voice_YukiBasic_In_2,거긴 만지면\n안 돼요-♥,0.0,0.0,You can’t touch there-♥,0.0,0.0,そこは触っちゃダメですよー♥,0.0,0.0,那裡不可以碰喔-♥,0.0,0.0,那里不可以碰喔-♥,0.0,0.0,516,204520
518,1004,1004101,0,0,7,Yuki/Voice_YukiBasic_In_3,어딜 그렇게 빤히\n보시나요-?,0.0,0.0,Why are you staring like that-?,0.0,0.0,どこをそんなにじっと見ているんですかー？,0.0,0.0,你在看哪裡呀-？,0.0,0.0,你在看哪里呀-？,0.0,0.0,517,204796
519,1004,1004101,0,0,7,Yuki/Voice_YukiBasic_In_1,"쉬고 싶으시면, 제가\n안아 드릴게요-♥",0.0,0.0,"If you want to rest, I’ll hold you-♥",0.0,0.0,休みたいなら、私が抱きしめてあげますよー♥,0.0,0.0,想休息的話，我可以抱你一下喔-♥,0.0,0.0,想休息的话，我可以抱你一下喔-♥,0.0,0.0,518,205092
520,1004,1004101,0,0,7,Yuki/Voice_YukiBasic_In_4,차가운 핫초코……\n같은 건 없답니다?,0.0,0.0,"There's no such thing as cold hot chocolate, you know?",0.0,0.0,冷たいホットチョコ……なんてないですよ？,0.0,0.0,冰的熱可可……沒有這種東西喔？,0.0,0.0,冰的热可可……没有这种东西喔？,0.0,0.0,519,205460
521,1004,1004101,0,0,7,Yuki/Voice_YukiBasic_In_5,사랑을 담은 음식\n곧 준비해 드릴게요♥,0.0,0.0,I’ll prepare a meal full of love soon-♥,0.0,0.0,愛を込めた料理を、すぐにご用意しますね♥,0.0,0.0,馬上為您準備充滿愛意的料理♥,0.0,0.0,马上为您准备充满爱意的料理♥,0.0,0.0,520,205840
522,1004,1004101,0,0,7,Yuki/Voice_YukiBasic_Out_2,청소는\n너무 좋아요-♥,0.0,0.0,I just love cleaning-♥,0.0,0.0,お掃除は大好きですー♥,0.0,0.0,我最喜歡打掃了-♥,0.0,0.0,我最喜欢打扫了-♥,0.0,0.0,521,206204
523,1004,1004101,0,0,7,Yuki/Voice_YukiBasic_Out_3,달콤한 향기♪\n마스터와 디저트라도 먹을까요♥,0.0,0.0,"Such a sweet scent♪ Shall we have dessert together, Master? ♥",0.0,0.0,甘い香り♪ マスターとデザートでも食べましょうか♥,0.0,0.0,甜蜜香氣♪要不要跟大師一起吃甜點呢♥,0.0,0.0,甜蜜香气♪要不要跟大师一起吃甜点呢♥,0.0,0.0,522,206468
524,1004,1004101,0,0,7,Yuki/Voice_YukiBasic_Out_4,주문하신 메뉴\n나왔습니다-♥,0.0,0.0,Your order is ready-♥,0.0,0.0,ご注文のメニューができましたー♥,0.0,0.0,您點的餐點來囉-♥,0.0,0.0,您点的餐点来啰-♥,0.0,0.0,523,206908
525,1004,1004101,0,0,7,Yuki/Voice_YukiBasic_Out_5,카페는 청결이\n최우선이에요-,0.0,0.0,Cleanliness is the top priority in the cafe-,0.0,0.0,カフェは、清潔が最優先ですー。,0.0,0.0,咖啡廳最重要的就是整潔了-,0.0,0.0,咖啡厅最重要的就是整洁了-,0.0,0.0,524,207192
526,1004,1004101,0,0,7,Yuki/Voice_YukiBasic_Out_6,내가 마스터와 같은 공기를 마시며\n일할 수 있다니-♥,0.0,0.0,Working while breathing Master’s air? Unbelievable-♥,0.0,0.0,マスターと同じ空気を吸いながら働けるなんてー♥,0.0,0.0,竟然能和大師呼吸著相同的空氣一起工作-♥,0.0,0.0,竟然能和大师呼吸着相同的空气一起工作-♥,0.0,0.0,525,207520
527,1004,1004101,0,0,7,Yuki/Voice_YukiBasic_Out_7,마스터의 방은\n어디에 있을까요-♥,0.0,0.0,Where could Master’s room be-? ♥,0.0,0.0,マスターのお部屋はどこにあるんでしょうー♥,0.0,0.0,大師的房間是哪一間呢-♥,0.0,0.0,大师的房间是哪一间呢-♥,0.0,0.0,526,207956
528,1004,1004101,0,0,7,Yuki/Voice_YukiBasic_Out_1,맛있어지는 주문을\n외워 드릴까요-?,0.0,0.0,Shall I teach you the magic words to make it tastier-?,0.0,0.0,美味しくなる呪文をかけてあげましょうかー？,0.0,0.0,要我幫你唸變好吃的咒語嗎-？,0.0,0.0,要我帮你念变好吃的咒语吗-？,0.0,0.0,527,208292
529,1004,1004101,0,0,15,,오늘은 마스터와 시간을 보내고 싶네요-,0.0,0.0,"I want to spend time with you today, Master.",0.0,0.0,今日はマスターと一緒に過ごしたいですー。,0.0,0.0,今天想和大師一起度過-,0.0,0.0,今天想和大师一起度过-,0.0,0.0,528,208656
530,1004,1004101,0,0,15,,"모처럼 다른 옷을 입었는데, 하실 말씀 없나요-?",0.0,0.0,I’m wearing something different today—no comments?,0.0,0.0,せっかく違う服を着てるのに、言いたいことありませんかー？,0.0,0.0,我難得才換了套衣服，你沒有話要說嗎？,0.0,0.0,我难得才换了套衣服，你没有话要说吗？,0.0,0.0,529,208968
531,1004,1004101,0,0,15,,이번엔 어떤 주문이 들어왔을까요-,0.0,0.0,I wonder what kind of order came in this time—,0.0,0.0,今回はどんなご注文でしょうかー。,0.0,0.0,這次點了什麼餐呢？,0.0,0.0,这次点了什么餐呢？,0.0,0.0,530,209372
532,1004,1004101,0,0,15,,어서 끝내고 저랑 놀러 가요-,0.0,0.0,Let’s finish quickly and go have fun together!,0.0,0.0,早く終わらせて、一緒に遊びに行きましょうー。,0.0,0.0,快點結束工作，跟我一起出去玩吧-,0.0,0.0,快点结束工作，跟我一起出去玩吧-,0.0,0.0,531,209660
533,1004,1004101,0,0,15,,오늘 끝나고 시간 있으세요?,0.0,0.0,Will you have time after work today?,0.0,0.0,この後、お時間ありますか？,0.0,0.0,今天結束後有時間嗎？,0.0,0.0,今天结束后有时间吗？,0.0,0.0,532,210000
534,1004,1004101,14,0,19,Yuki/Voice_Yuki_Effect_1,"우후훗, 정말…제가 좋아하는 것을 잘 아시네요? 저도 마스터가 좋아하시는 걸 준비하고 싶네요-!",0.0,0.0,"Ufufu, you really do know what I like. I want to prepare something you’ll love too, Master–!",0.0,0.0,うふふ、本当に…私が好きなものをよく知ってるんですね？私も、マスターが好きなものを用意したいですー！,0.0,0.0,呵呵呵，你……真懂我喜歡什麼耶？我也想準備大師喜歡的東西-！,0.0,0.0,呵呵呵，你……真懂我喜欢什么耶？我也想准备大师喜欢的东西-！,0.0,0.0,533,210268
535,1004,1004101,14,0,8,Yuki/Voice_YukiCasual_MaidApp_1,마스터-오늘은 어디로 가볼까요? 시장? 레스토랑? 아니면…우후후♥,0.0,0.0,"Master, where shall we go today? Market? Restaurant? Or…ufufu♥",0.0,0.0,マスター、今日はどこに行きましょうか？マーケット？レストラン？それとも…うふふ♥,0.0,0.0,大師-今天要去哪裡呢？市場？餐廳？還是……呵呵呵♥,0.0,0.0,大师-今天要去哪里呢？市场？餐厅？还是……呵呵呵♥,0.0,0.0,534,210936
536,1004,1004101,7,2,8,Yuki/Voice_YukiCasual_MaidApp_2,"가방 안에요? 우후훗, 오늘을 위한 중요한 게 들어있죠-",0.0,0.0,"In my bag? Ufufut, there’s something important for today in there—",0.0,0.0,バッグの中？うふふ、今日のための大事なものが入ってるのよー。,0.0,0.0,包包裡面嗎？呵呵呵，是為了今天而準備的重要物品啊！,0.0,0.0,包包里面吗？呵呵呵，是为了今天而准备的重要物品啊！,0.0,0.0,535,211488
537,1004,1004101,1,1,8,Yuki/Voice_YukiCasual_MaidApp_3,마스터는 어떤 음식이 좋으신가요?,0.0,0.0,"What kind of food do you like, Master?",0.0,0.0,マスターはどんな食べ物がお好き？,0.0,0.0,大師喜歡什麼食物呢？,0.0,0.0,大师喜欢什么食物呢？,0.0,0.0,536,212000
538,1004,1004101,10,5,8,Yuki/Voice_YukiCasual_MaidApp_4,아아-마스터…저 다리가 좀 아픈 것 같아요-근처에서 좀 쉬다 갈까요?,0.0,0.0,"Aaah…Master, my legs feel a little sore. Should we take a break nearby?",0.0,0.0,あー、マスター…なんだか足がちょっと疲れたかもー。近くで休んでいきませんか？,0.0,0.0,啊啊！大師……我的腿好像有點痛，要不要先在附近休息一下？,0.0,0.0,啊啊！大师……我的腿好像有点痛，要不要先在附近休息一下？,0.0,0.0,537,212320
539,1004,1004101,14,0,8,Yuki/Voice_YukiCasual_MaidApp_5,……옷을 좀 올려 입으라구요? 이게 시원해서 좋아요-아니면 더 내릴까요?,0.0,0.0,…You want me to pull my outfit up? It’s breezy like this—should I pull it lower instead?,0.0,0.0,…服をもう少しあげろって？これが涼しくていいのにー。それとも…もっと下げちゃおっか？,0.0,0.0,……讓我把衣服拉高一點？這樣比較涼快，還是要再往下拉？,0.0,0.0,……让我把衣服拉高一点？这样比较凉快，还是要再往下拉？,0.0,0.0,538,212892
540,1004,1004101,1,1,8,Yuki/Voice_YukiCasual_MaidApp_6,오늘 날씨가 참 좋죠? 마스터도 맑은 날씨 좋아하세요?,0.0,0.0,"The weather is lovely today. Do you like clear days too, Master?",0.0,0.0,今日はいい天気ですね。マスターも晴れの日が好き？,0.0,0.0,今天的天氣很好呢？大師也喜歡晴天嗎？,0.0,0.0,今天的天气很好呢？大师也喜欢晴天吗？,0.0,0.0,539,213504
541,1004,1004101,7,2,8,Yuki/Voice_YukiCasual_MaidApp_7,마스터도 힘들 때가 있나요? 아무도 뭐라 안 그러니까 괜찮아요-,0.0,0.0,"Do you get tired too, Master? It’s okay, no one will judge.",0.0,0.0,マスターも疲れる時ってあるの？誰も文句言わないから大丈夫よー,0.0,0.0,大師也有覺得累的時候嗎？沒有人會說什麼，沒關係的-,0.0,0.0,大师也有觉得累的时候吗？没有人会说什么，没关系的-,0.0,0.0,540,213944
542,1004,1004101,1,1,8,Yuki/Voice_YukiCasual_MaidApp_8,가끔은…이렇게 쉬고 싶을 때가 있는 법이죠-,0.0,0.0,Sometimes…you just need a moment to rest like this—,0.0,0.0,たまには…こうやってのんびりしたくなるものよねー,0.0,0.0,偶爾……也會想要這樣休息吧-,0.0,0.0,偶尔……也会想要这样休息吧-,0.0,0.0,541,214460
543,1004,1004101,14,0,8,Yuki/Voice_YukiCasual_MaidApp_9,좋아하는 음식은 딱히 없지만-정하자면 홍차를 좋아하는 편이에요.,0.0,0.0,"I don’t have a favorite food, but if I had to pick—maybe tea.",0.0,0.0,好きな食べ物は特にないけどー、強いて言えば紅茶が好きかしら。,0.0,0.0,我沒有什麼特別喜歡的食物，硬要說的話，我喜歡紅茶。,0.0,0.0,我没有什么特别喜欢的食物，硬要说的话，我喜欢红茶。,0.0,0.0,542,214848
544,1004,1004101,1,1,9,Yuki/Voice_Yuki_Hello_3,"우후훗, 오늘도 찾아주셨군요.\n역시 마스터도 제가 좋죠?",0.0,0.0,"uhuhut, you came to see me again today. Does that mean you like me too, Master?",0.0,0.0,うふふ、今日も来てくれたんですね。やっぱり、マスターも、私がいいんですか？,0.0,0.0,呵呵呵，你今天也來啦！果然大師也喜歡我吧？,0.0,0.0,呵呵呵，你今天也来啦！果然大师也喜欢我吧？,0.0,0.0,543,215372
545,1004,1004101,1,1,18,Yuki/Voice_Yuki_Hello_4,매일매일 보고 싶은 절 위해 와주셨군요-♥,0.0,0.0,You came to see me because you miss me every single day–♥,0.0,0.0,毎日会いたい私のために来てくださったんですねー♥,0.0,0.0,特地來找天天都想見到的我啦-♥,0.0,0.0,特地来找天天都想见到的我啦-♥,0.0,0.0,544,215880
546,1004,1004101,7,2,10,Yuki/Voice_Yuki_Hello_5,마스터는 이런 걸\n좋아하는 걸까요-?,0.0,0.0,"Do you like things like this, Master?",0.0,0.0,マスターは、こういうのが好きなんですかー？,0.0,0.0,大師好像很喜歡這種的對吧-？,0.0,0.0,大师好像很喜欢这种的对吧-？,0.0,0.0,545,216276
547,1004,1004101,7,2,10,Yuki/Voice_Yuki_Hello_6,마스터가 좋아할 만한 게 뭔지 알 것 같아요-♥,0.0,0.0,I think I know what Master might like-♥,0.0,0.0,マスターが好きそうなもの、わかった気がしますー♥,0.0,0.0,我好像大概知道大師喜歡什麼了-♥,0.0,0.0,我好像大概知道大师喜欢什么了-♥,0.0,0.0,546,216624
548,1004,1004101,0,0,11,Yuki/Voice_Yuki_Dormitory_1,드디어 제가 궁금해지신 건가요-?,0.0,0.0,Are you finally getting to the point where I'm wondering -?,0.0,0.0,ついに、私のが気になったのでしょうかー？,0.0,0.0,終於開始對我好奇了嗎-？,0.0,0.0,终于开始对我好奇了吗-？,0.0,0.0,547,217012
549,1004,1004101,0,0,12,Yuki/Voice_Yuki_Dormitory_2,"우후훗, 어디부터 알려 드릴까요-?",0.0,0.0,"Woohoohoo, where do I start -?",0.0,0.0,うふふ、どこから教えますかー？,0.0,0.0,呵呵呵，要先從哪裡說起呢-？,0.0,0.0,呵呵呵，要先从哪里说起呢-？,0.0,0.0,548,217364
550,1004,1004101,0,0,13,Yuki/Voice_Yuki_Dormitory_3,좋아요-그럼 시작해볼까요-♥,0.0,0.0,Okay - so let's get started - ♥,0.0,0.0,よしー、それじゃあ、始めましょうー♥,0.0,0.0,好-那就開始吧-♥,0.0,0.0,好-那就开始吧-♥,0.0,0.0,549,217688
551,1004,1004101,0,0,14,Yuki/Voice_Yuki_DormitoryOpen_1,마스터와 함께 잘 수 있는 방을\n만들어 주세요-♥,0.0,0.0,Please make a room where I can sleep with Master-♥,0.0,0.0,マスターと一緒に寝られる部屋を作ってくださいー♥,0.0,0.0,請給我一間可以和大師一起睡覺的房間-♥,0.0,0.0,请给我一间可以和大师一起睡觉的房间-♥,0.0,0.0,550,217984
552,1004,1004103,0,0,5,,마스터-잠시\n괜찮을까요-♥,0.0,0.0,"Master, is it okay for a moment-? ♥",0.0,0.0,マスター、少しよろしいですか-♥,0.0,0.0,大師——可以稍微聊一會兒嗎-♥,0.0,0.0,大师——可以稍微聊一会儿吗-♥,0.0,0.0,551,218408
553,1004,1004103,14,0,17,Yuki/Voice_Yuki_Hello_1,"아-마스터, 안녕하세요-오늘은 뭐부터 할까요?",0.0,0.0,"Ah, Master, hello! What should we do first today?",0.0,0.0,ああーマスター、こんにちはー。今日は何から始めますか？,0.0,0.0,啊-大師，你好。今天要先做什麼？,0.0,0.0,啊-大师，你好。今天要先做什么？,0.0,0.0,552,218712
554,1004,1004103,0,0,16,Yuki/Voice_YukiBasic_Complete_1,사랑을 담은 음식-\n맛있게 드세요-,0.0,0.0,Food filled with love—enjoy your meal!,0.0,0.0,愛を込めた料理ー。お召し上がりくださいー。,0.0,0.0,請慢慢享用注入愛意的料理-,0.0,0.0,请慢慢享用注入爱意的料理-,0.0,0.0,553,219120
555,1004,1004103,0,0,0,Yuki/Voice_YukiBasic_Complete_2,다음에도\n찾아주세요-♥,0.0,0.0,I hope to see you again soon-♥,0.0,0.0,また来てくださいねー♥,0.0,0.0,下次請再度光臨-♥,0.0,0.0,下次请再度光临-♥,0.0,0.0,554,219472
556,1004,1004103,0,0,16,Yuki/Voice_Yuki_Effect_1,맛있어져라-♥,0.0,0.0,Tastier- with a sprinkle of magic-♥,0.0,0.0,美味しくなれー♥,0.0,0.0,變好吃吧-♥,0.0,0.0,变好吃吧-♥,0.0,0.0,555,219752
557,1004,1004103,0,0,16,Yuki/Voice_Yuki_Effect_1,맛있게 드세요-♥,0.0,0.0,Enjoy your meal-♥,0.0,0.0,美味しくお召し上がりくださいー♥,0.0,0.0,請慢用-♥,0.0,0.0,请慢用-♥,0.0,0.0,556,219980
558,1004,1004103,0,0,6,Yuki/Voice_YukiBasic_In_2,거긴 만지면\n안 돼요-♥,0.0,0.0,You can’t touch there-♥,0.0,0.0,そこは触っちゃダメですよー♥,0.0,0.0,那裡不可以碰喔-♥,0.0,0.0,那里不可以碰喔-♥,0.0,0.0,557,220216
559,1004,1004103,0,0,6,Yuki/Voice_YukiBasic_In_3,어딜 그렇게 빤히\n보시나요-?,0.0,0.0,Why are you staring like that-?,0.0,0.0,どこをそんなにじっと見ているんですかー？,0.0,0.0,你在看哪裡呀-？,0.0,0.0,你在看哪里呀-？,0.0,0.0,558,220492
560,1004,1004103,0,0,6,Yuki/Voice_YukiBasic_In_1,"쉬고 싶으시면, 제가\n안아 드릴게요-♥",0.0,0.0,"If you want to rest, I’ll hold you-♥",0.0,0.0,休みたいなら、私が抱きしめてあげますよー♥,0.0,0.0,想休息的話，我可以抱你一下喔-♥,0.0,0.0,想休息的话，我可以抱你一下喔-♥,0.0,0.0,559,220788
561,1004,1004103,0,0,6,Yuki/Voice_YukiBasic_In_4,차가운 핫초코……\n같은 건 없답니다?,0.0,0.0,"There's no such thing as cold hot chocolate, you know?",0.0,0.0,冷たいホットチョコ……なんてないですよ？,0.0,0.0,冰的熱可可……沒有這種東西喔？,0.0,0.0,冰的热可可……没有这种东西喔？,0.0,0.0,560,221156
562,1004,1004103,0,0,6,Yuki/Voice_YukiBasic_In_5,사랑을 담은 음식\n곧 준비해 드릴게요♥,0.0,0.0,I’ll prepare a meal full of love soon-♥,0.0,0.0,愛を込めた料理を、すぐにご用意しますね♥,0.0,0.0,馬上為您準備充滿愛意的料理♥,0.0,0.0,马上为您准备充满爱意的料理♥,0.0,0.0,561,221536
563,1004,1004103,0,0,7,Yuki/Voice_YukiBasic_In_2,거긴 만지면\n안 돼요-♥,0.0,0.0,You can’t touch there-♥,0.0,0.0,そこは触っちゃダメですよー♥,0.0,0.0,那裡不可以碰喔-♥,0.0,0.0,那里不可以碰喔-♥,0.0,0.0,562,221900
564,1004,1004103,0,0,7,Yuki/Voice_YukiBasic_In_3,어딜 그렇게 빤히\n보시나요-?,0.0,0.0,Why are you staring like that-?,0.0,0.0,どこをそんなにじっと見ているんですかー？,0.0,0.0,你在看哪裡呀-？,0.0,0.0,你在看哪里呀-？,0.0,0.0,563,222176
565,1004,1004103,0,0,7,Yuki/Voice_YukiBasic_In_1,"쉬고 싶으시면, 제가\n안아 드릴게요-♥",0.0,0.0,"If you want to rest, I’ll hold you-♥",0.0,0.0,休みたいなら、私が抱きしめてあげますよー♥,0.0,0.0,想休息的話，我可以抱你一下喔-♥,0.0,0.0,想休息的话，我可以抱你一下喔-♥,0.0,0.0,564,222472
566,1004,1004103,0,0,7,Yuki/Voice_YukiBasic_In_4,차가운 핫초코……\n같은 건 없답니다?,0.0,0.0,"There's no such thing as cold hot chocolate, you know?",0.0,0.0,冷たいホットチョコ……なんてないですよ？,0.0,0.0,冰的熱可可……沒有這種東西喔？,0.0,0.0,冰的热可可……没有这种东西喔？,0.0,0.0,565,222840
567,1004,1004103,0,0,7,Yuki/Voice_YukiBasic_In_5,사랑을 담은 음식\n곧 준비해 드릴게요♥,0.0,0.0,I’ll prepare a meal full of love soon-♥,0.0,0.0,愛を込めた料理を、すぐにご用意しますね♥,0.0,0.0,馬上為您準備充滿愛意的料理♥,0.0,0.0,马上为您准备充满爱意的料理♥,0.0,0.0,566,223220
568,1004,1004103,0,0,7,Yuki/Voice_YukiBasic_Out_2,청소는\n너무 좋아요-♥,0.0,0.0,I just love cleaning-♥,0.0,0.0,お掃除は大好きですー♥,0.0,0.0,我最喜歡打掃了-♥,0.0,0.0,我最喜欢打扫了-♥,0.0,0.0,567,223584
569,1004,1004103,0,0,7,Yuki/Voice_YukiBasic_Out_3,달콤한 향기♪\n마스터와 디저트라도 먹을까요♥,0.0,0.0,"Such a sweet scent♪ Shall we have dessert together, Master? ♥",0.0,0.0,甘い香り♪ マスターとデザートでも食べましょうか♥,0.0,0.0,甜蜜香氣♪要不要跟大師一起吃甜點呢♥,0.0,0.0,甜蜜香气♪要不要跟大师一起吃甜点呢♥,0.0,0.0,568,223848
570,1004,1004103,0,0,7,Yuki/Voice_YukiBasic_Out_4,주문하신 메뉴\n나왔습니다-♥,0.0,0.0,Your order is ready-♥,0.0,0.0,ご注文のメニューができましたー♥,0.0,0.0,您點的餐點來囉-♥,0.0,0.0,您点的餐点来啰-♥,0.0,0.0,569,224288
571,1004,1004103,0,0,7,Yuki/Voice_YukiBasic_Out_5,카페는 청결이\n최우선이에요-,0.0,0.0,Cleanliness is the top priority in the cafe-,0.0,0.0,カフェは、清潔が最優先ですー。,0.0,0.0,咖啡廳最重要的就是整潔了-,0.0,0.0,咖啡厅最重要的就是整洁了-,0.0,0.0,570,224572
572,1004,1004103,0,0,7,Yuki/Voice_YukiBasic_Out_6,내가 마스터와 같은 공기를 마시며\n일할 수 있다니-♥,0.0,0.0,Working while breathing Master’s air? Unbelievable-♥,0.0,0.0,マスターと同じ空気を吸いながら働けるなんてー♥,0.0,0.0,竟然能和大師呼吸著相同的空氣一起工作-♥,0.0,0.0,竟然能和大师呼吸着相同的空气一起工作-♥,0.0,0.0,571,224900
573,1004,1004103,0,0,7,Yuki/Voice_YukiBasic_Out_7,마스터의 방은\n어디에 있을까요-♥,0.0,0.0,Where could Master’s room be-? ♥,0.0,0.0,マスターのお部屋はどこにあるんでしょうー♥,0.0,0.0,大師的房間是哪一間呢-♥,0.0,0.0,大师的房间是哪一间呢-♥,0.0,0.0,572,225336
574,1004,1004103,0,0,7,Yuki/Voice_YukiBasic_Out_1,맛있어지는 주문을\n외워 드릴까요-?,0.0,0.0,Shall I teach you the magic words to make it tastier-?,0.0,0.0,美味しくなる呪文をかけてあげましょうかー？,0.0,0.0,要我幫你唸變好吃的咒語嗎-？,0.0,0.0,要我帮你念变好吃的咒语吗-？,0.0,0.0,573,225672
575,1004,1004103,0,0,15,,주문받으러 갈까요?,0.0,0.0,Shall we go take the orders?,0.0,0.0,注文を取りに行きましょうか？,0.0,0.0,要點餐了嗎？,0.0,0.0,要点餐了吗？,0.0,0.0,574,226036
576,1004,1004103,0,0,15,,"뭐부터 할까요, 마스터?",0.0,0.0,"What should we start with, Master?",0.0,0.0,何から始めましょうか、マスター？,0.0,0.0,要先做什麼呢，主人？,0.0,0.0,要先做什么呢，主人？,0.0,0.0,575,226264
577,1004,1004103,0,0,15,,오늘도 열심히 일할 수 있답니다-,0.0,0.0,I'm ready to work hard today as well-,0.0,0.0,今日も一生懸命働けますよー。,0.0,0.0,今天也能努力工作喔—,0.0,0.0,今天也能努力工作喔—,0.0,0.0,576,226532
578,1004,1004103,0,0,15,,좋아요- 마스터와 일하는 건 즐겁답니다-,0.0,0.0,"Great- working with you is always a pleasure, Master-",0.0,0.0,いいですよー。マスターと働くのは楽しいですからー。,0.0,0.0,好啊—跟主人一起工作很開心喔—,0.0,0.0,好啊—跟主人一起工作很开心喔—,0.0,0.0,577,226812
579,1004,1004103,0,0,15,,"마스터, 저랑 땡땡이칠까요?",0.0,0.0,"Master, shall we slack off together?",0.0,0.0,マスター、私とサボりませんか？,0.0,0.0,主人，要跟我一起偷懶嗎？,0.0,0.0,主人，要跟我一起偷懒吗？,0.0,0.0,578,227184
580,1004,1004103,12,7,19,Yuki/Voice_Yuki_Effect_2,이렇게 자꾸 받기만 하면 곤란한데… 제 모든 걸 마스터에게 바쳐도 모자랄 테니까요.,0.0,0.0,It's a bit overwhelming to keep receiving things like this… since giving you my everything still wouldn't be enough.,0.0,0.0,こんなに頂いてばかりでは困ります。私のすべてをマスターに捧げても足りないでしょうから。,0.0,0.0,一直收受禮物的話會讓我很為難的……因為即使我把一切都奉獻給主人，恐怕也還不夠呢。,0.0,0.0,一直收受礼物的话会让我很为难的……因为即使我把一切都奉献给主人，恐怕也还不够呢。,0.0,0.0,579,227468
581,1004,1004103,7,2,8,Yuki/Voice_Yuki_Effect_1,"우후훗, 제 머릿결이 마음에 드셨나요? 맘껏 쓰다듬으셔도 되지만… 뒷일은 책임 못 진다구요?",0.0,0.0,"Ufufu, did you take a liking to my hair? You may stroke it as much as you like... but I can't be held responsible for what follows, you know?",0.0,0.0,うふふっ、私の髪質、気に入りましたか？心ゆくまで撫でていただいても構いませんが……後がどうなっても責任は持てませんよ？,0.0,0.0,呵呵呵，你喜歡我的髮質嗎？雖然可以讓你盡情摸個夠……但我可不保證之後會發生什麼事喔？,0.0,0.0,呵呵呵，你喜欢我的发质吗？虽然可以让你尽情摸个够……但我可不保证之后会发生什么事喔？,0.0,0.0,580,228188
582,1004,1004103,14,0,8,,응? 이 교복이요? 그냥 옷장에 있더라구요-,0.0,0.0,Hmm? This uniform? It was just in the closet-,0.0,0.0,えっ？この制服ですか？ただクローゼットにあったんですよー。,0.0,0.0,嗯？這套校服嗎？就只是剛好在衣櫃裡而已喔—,0.0,0.0,嗯？这套校服吗？就只是刚好在衣柜里而已喔—,0.0,0.0,581,229008
583,1004,1004103,14,0,8,,이런 모습을 보니 뭔가 두근거리시나요?,0.0,0.0,Does seeing me like this make your heart flutter?,0.0,0.0,こんな姿を見て、何かドキドキしますか？,0.0,0.0,看到我這個樣子，會讓你心跳加速嗎？,0.0,0.0,看到我这个样子，会让你心跳加速吗？,0.0,0.0,582,229416
584,1004,1004103,13,8,8,Yuki/Voice_Yuki_Effect_6,"날씨가 좋네요- 어디, 저랑 같이 산책하러 나갈 마스터가 없으려나요?",0.0,0.0,The weather is lovely- I wonder if there's a Master who'd like to go for a walk with me?,0.0,0.0,いい天気ですねー。どこか、私と一緒に散歩に行ってくれるマスターはいませんか？,0.0,0.0,天氣真好呢—不知道有沒有主人想跟我一起去散步呢？,0.0,0.0,天气真好呢—不知道有没有主人想跟我一起去散步呢？,0.0,0.0,583,229776
585,1004,1004103,7,2,8,Yuki/Voice_Yuki_Effect_1,마스터- 맛있는 거 먹지 않을래요? 제가 마스터를 위해 준비해둔 게 있답니다-!,0.0,0.0,Master- want to eat something delicious? I've prepared something just for you-!,0.0,0.0,マスター、美味しいものを食べませんか？マスターのために準備しておいたものがあるんですー！,0.0,0.0,主人—要不要吃點好吃的？我有為主人準備了驚喜喔—！,0.0,0.0,主人—要不要吃点好吃的？我有为主人准备了惊喜喔—！,0.0,0.0,584,230328
586,1004,1004103,14,2,9,Yuki/Voice_Yuki_Hello_3,"우후훗, 오늘도 찾아주셨군요.\n역시 마스터도 제가 좋죠?",0.0,0.0,"uhuhut, you came to see me again today. Does that mean you like me too, Master?",0.0,0.0,うふふ、今日も来てくれたんですね。やっぱり、マスターも、私がいいんですか？,0.0,0.0,呵呵呵，你今天也來啦！果然大師也喜歡我吧？,0.0,0.0,呵呵呵，你今天也来啦！果然大师也喜欢我吧？,0.0,0.0,585,230908
587,1004,1004103,14,0,18,Yuki/Voice_Yuki_Hello_4,매일매일 보고 싶은 절 위해 와주셨군요-♥,0.0,0.0,You came to see me because you miss me every single day–♥,0.0,0.0,毎日会いたい私のために来てくださったんですねー♥,0.0,0.0,特地來找天天都想見到的我啦-♥,0.0,0.0,特地来找天天都想见到的我啦-♥,0.0,0.0,586,231416
588,1004,1004103,7,2,10,Yuki/Voice_Yuki_Hello_5,마스터는 이런 걸\n좋아하는 걸까요-?,0.0,0.0,"Do you like things like this, Master?",0.0,0.0,マスターは、こういうのが好きなんですかー？,0.0,0.0,大師好像很喜歡這種的對吧-？,0.0,0.0,大师好像很喜欢这种的对吧-？,0.0,0.0,587,231812
589,1004,1004103,7,2,10,Yuki/Voice_Yuki_Hello_6,마스터가 좋아할 만한 게 뭔지 알 것 같아요-♥,0.0,0.0,I think I know what Master might like-♥,0.0,0.0,マスターが好きそうなもの、わかった気がしますー♥,0.0,0.0,我好像大概知道大師喜歡什麼了-♥,0.0,0.0,我好像大概知道大师喜欢什么了-♥,0.0,0.0,588,232160
590,1004,1004103,0,0,11,Yuki/Voice_Yuki_Dormitory_1,드디어 제가 궁금해지신 건가요-?,0.0,0.0,Are you finally getting to the point where I'm wondering -?,0.0,0.0,ついに、私のが気になったのでしょうかー？,0.0,0.0,終於開始對我好奇了嗎-？,0.0,0.0,终于开始对我好奇了吗-？,0.0,0.0,589,232548
591,1004,1004103,0,0,12,Yuki/Voice_Yuki_Dormitory_2,"우후훗, 어디부터 알려 드릴까요-?",0.0,0.0,"Woohoohoo, where do I start -?",0.0,0.0,うふふ、どこから教えますかー？,0.0,0.0,呵呵呵，要先從哪裡說起呢-？,0.0,0.0,呵呵呵，要先从哪里说起呢-？,0.0,0.0,590,232900
592,1004,1004103,0,0,13,Yuki/Voice_Yuki_Dormitory_3,좋아요-그럼 시작해볼까요-♥,0.0,0.0,Okay - so let's get started - ♥,0.0,0.0,よしー、それじゃあ、始めましょうー♥,0.0,0.0,好-那就開始吧-♥,0.0,0.0,好-那就开始吧-♥,0.0,0.0,591,233224
593,1004,1004103,0,0,14,Yuki/Voice_Yuki_DormitoryOpen_1,마스터와 함께 잘 수 있는 방을\n만들어 주세요-♥,0.0,0.0,Please make a room where I can sleep with Master-♥,0.0,0.0,マスターと一緒に寝られる部屋を作ってくださいー♥,0.0,0.0,請給我一間可以和大師一起睡覺的房間-♥,0.0,0.0,请给我一间可以和大师一起睡觉的房间-♥,0.0,0.0,592,233520
594,1004,1004201,0,0,5,,마스터-잠시\n괜찮을까요-♥,0.0,0.0,"Master, is it okay for a moment-? ♥",0.0,0.0,マスター、少しよろしいですか-♥,0.0,0.0,大師——可以稍微聊一會兒嗎-♥,0.0,0.0,大师——可以稍微聊一会儿吗-♥,0.0,0.0,593,233944
595,1004,1004201,14,0,17,Yuki/Voice_YukiSwimSuit_MaidApp_1,마스터-제 수영복 어떠신가요? 두근두근 거리나요?,0.0,0.0,Master—how do I look in this swimsuit? Does your heart skip a beat?,0.0,0.0,マスター、私の水着、どうですか？ドキドキします？,0.0,0.0,大師，我的泳裝怎麼樣？會讓你心跳加速嗎？,0.0,0.0,大师，我的泳装怎么样？会让你心跳加速吗？,0.0,0.0,594,234248
596,1004,1004201,0,0,16,Yuki/Voice_YukiBasic_Complete_1,사랑을 담은 음식-\n맛있게 드세요-,0.0,0.0,Food filled with love—enjoy your meal!,0.0,0.0,愛を込めた料理ー。お召し上がりくださいー。,0.0,0.0,請慢慢享用注入愛意的料理-,0.0,0.0,请慢慢享用注入爱意的料理-,0.0,0.0,595,234704
597,1004,1004201,0,0,0,Yuki/Voice_YukiBasic_Complete_2,다음에도\n찾아주세요-♥,0.0,0.0,I hope to see you again soon-♥,0.0,0.0,また来てくださいねー♥,0.0,0.0,下次請再度光臨-♥,0.0,0.0,下次请再度光临-♥,0.0,0.0,596,235056
598,1004,1004201,0,0,16,Yuki/Voice_Yuki_Effect_1,맛있어져라-♥,0.0,0.0,Tastier- with a sprinkle of magic-♥,0.0,0.0,美味しくなれー♥,0.0,0.0,變好吃吧-♥,0.0,0.0,变好吃吧-♥,0.0,0.0,597,235336
599,1004,1004201,0,0,16,Yuki/Voice_Yuki_Effect_1,맛있게 드세요-♥,0.0,0.0,Enjoy your meal-♥,0.0,0.0,美味しくお召し上がりくださいー♥,0.0,0.0,請慢用-♥,0.0,0.0,请慢用-♥,0.0,0.0,598,235564
600,1004,1004201,0,0,6,Yuki/Voice_YukiBasic_In_2,거긴 만지면\n안 돼요-♥,0.0,0.0,You can’t touch there-♥,0.0,0.0,そこは触っちゃダメですよー♥,0.0,0.0,那裡不可以碰喔-♥,0.0,0.0,那里不可以碰喔-♥,0.0,0.0,599,235800
601,1004,1004201,0,0,6,Yuki/Voice_YukiBasic_In_3,어딜 그렇게 빤히\n보시나요-?,0.0,0.0,Why are you staring like that-?,0.0,0.0,どこをそんなにじっと見ているんですかー？,0.0,0.0,你在看哪裡呀-？,0.0,0.0,你在看哪里呀-？,0.0,0.0,600,236076
602,1004,1004201,0,0,6,Yuki/Voice_YukiBasic_In_1,"쉬고 싶으시면, 제가\n안아 드릴게요-♥",0.0,0.0,"If you want to rest, I’ll hold you-♥",0.0,0.0,休みたいなら、私が抱きしめてあげますよー♥,0.0,0.0,想休息的話，我可以抱你一下喔-♥,0.0,0.0,想休息的话，我可以抱你一下喔-♥,0.0,0.0,601,236372
603,1004,1004201,0,0,6,Yuki/Voice_YukiBasic_In_4,차가운 핫초코……\n같은 건 없답니다?,0.0,0.0,"There's no such thing as cold hot chocolate, you know?",0.0,0.0,冷たいホットチョコ……なんてないですよ？,0.0,0.0,冰的熱可可……沒有這種東西喔？,0.0,0.0,冰的热可可……没有这种东西喔？,0.0,0.0,602,236740
604,1004,1004201,0,0,6,Yuki/Voice_YukiBasic_In_5,사랑을 담은 음식\n곧 준비해 드릴게요♥,0.0,0.0,I’ll prepare a meal full of love soon-♥,0.0,0.0,愛を込めた料理を、すぐにご用意しますね♥,0.0,0.0,馬上為您準備充滿愛意的料理♥,0.0,0.0,马上为您准备充满爱意的料理♥,0.0,0.0,603,237120
605,1004,1004201,0,0,7,Yuki/Voice_YukiBasic_In_2,거긴 만지면\n안 돼요-♥,0.0,0.0,You can’t touch there-♥,0.0,0.0,そこは触っちゃダメですよー♥,0.0,0.0,那裡不可以碰喔-♥,0.0,0.0,那里不可以碰喔-♥,0.0,0.0,604,237484
606,1004,1004201,0,0,7,Yuki/Voice_YukiBasic_In_3,어딜 그렇게 빤히\n보시나요-?,0.0,0.0,Why are you staring like that-?,0.0,0.0,どこをそんなにじっと見ているんですかー？,0.0,0.0,你在看哪裡呀-？,0.0,0.0,你在看哪里呀-？,0.0,0.0,605,237760
607,1004,1004201,0,0,7,Yuki/Voice_YukiBasic_In_1,"쉬고 싶으시면, 제가\n안아 드릴게요-♥",0.0,0.0,"If you want to rest, I’ll hold you-♥",0.0,0.0,休みたいなら、私が抱きしめてあげますよー♥,0.0,0.0,想休息的話，我可以抱你一下喔-♥,0.0,0.0,想休息的话，我可以抱你一下喔-♥,0.0,0.0,606,238056
608,1004,1004201,0,0,7,Yuki/Voice_YukiBasic_In_4,차가운 핫초코……\n같은 건 없답니다?,0.0,0.0,"There's no such thing as cold hot chocolate, you know?",0.0,0.0,冷たいホットチョコ……なんてないですよ？,0.0,0.0,冰的熱可可……沒有這種東西喔？,0.0,0.0,冰的热可可……没有这种东西喔？,0.0,0.0,607,238424
609,1004,1004201,0,0,7,Yuki/Voice_YukiBasic_In_5,사랑을 담은 음식\n곧 준비해 드릴게요♥,0.0,0.0,I’ll prepare a meal full of love soon-♥,0.0,0.0,愛を込めた料理を、すぐにご用意しますね♥,0.0,0.0,馬上為您準備充滿愛意的料理♥,0.0,0.0,马上为您准备充满爱意的料理♥,0.0,0.0,608,238804
610,1004,1004201,0,0,7,Yuki/Voice_YukiBasic_Out_2,청소는\n너무 좋아요-♥,0.0,0.0,I just love cleaning-♥,0.0,0.0,お掃除は大好きですー♥,0.0,0.0,我最喜歡打掃了-♥,0.0,0.0,我最喜欢打扫了-♥,0.0,0.0,609,239168
611,1004,1004201,0,0,7,Yuki/Voice_YukiBasic_Out_3,달콤한 향기♪\n마스터와 디저트라도 먹을까요♥,0.0,0.0,"Such a sweet scent♪ Shall we have dessert together, Master? ♥",0.0,0.0,甘い香り♪ マスターとデザートでも食べましょうか♥,0.0,0.0,甜蜜香氣♪要不要跟大師一起吃甜點呢♥,0.0,0.0,甜蜜香气♪要不要跟大师一起吃甜点呢♥,0.0,0.0,610,239432
612,1004,1004201,0,0,7,Yuki/Voice_YukiBasic_Out_4,주문하신 메뉴\n나왔습니다-♥,0.0,0.0,Your order is ready-♥,0.0,0.0,ご注文のメニューができましたー♥,0.0,0.0,您點的餐點來囉-♥,0.0,0.0,您点的餐点来啰-♥,0.0,0.0,611,239872
613,1004,1004201,0,0,7,Yuki/Voice_YukiBasic_Out_5,카페는 청결이\n최우선이에요-,0.0,0.0,Cleanliness is the top priority in the cafe-,0.0,0.0,カフェは、清潔が最優先ですー。,0.0,0.0,咖啡廳最重要的就是整潔了-,0.0,0.0,咖啡厅最重要的就是整洁了-,0.0,0.0,612,240156
614,1004,1004201,0,0,7,Yuki/Voice_YukiBasic_Out_6,내가 마스터와 같은 공기를 마시며\n일할 수 있다니-♥,0.0,0.0,Working while breathing Master’s air? Unbelievable-♥,0.0,0.0,マスターと同じ空気を吸いながら働けるなんてー♥,0.0,0.0,竟然能和大師呼吸著相同的空氣一起工作-♥,0.0,0.0,竟然能和大师呼吸着相同的空气一起工作-♥,0.0,0.0,613,240484
615,1004,1004201,0,0,7,Yuki/Voice_YukiBasic_Out_7,마스터의 방은\n어디에 있을까요-♥,0.0,0.0,Where could Master’s room be-? ♥,0.0,0.0,マスターのお部屋はどこにあるんでしょうー♥,0.0,0.0,大師的房間是哪一間呢-♥,0.0,0.0,大师的房间是哪一间呢-♥,0.0,0.0,614,240920
616,1004,1004201,0,0,7,Yuki/Voice_YukiBasic_Out_1,맛있어지는 주문을\n외워 드릴까요-?,0.0,0.0,Shall I teach you the magic words to make it tastier-?,0.0,0.0,美味しくなる呪文をかけてあげましょうかー？,0.0,0.0,要我幫你唸變好吃的咒語嗎-？,0.0,0.0,要我帮你念变好吃的咒语吗-？,0.0,0.0,615,241256
617,1004,1004201,0,0,15,,"이런 더위엔, 둘이 함께 있는 게 제일이죠-",0.0,0.0,"In this heat, being together is the best.",0.0,0.0,こんなに暑いときは、一緒にいるのが一番ですよね－。,0.0,0.0,這種大熱天，兩個人待在一起最棒了-,0.0,0.0,这种大热天，两个人待在一起最棒了-,0.0,0.0,616,241620
618,1004,1004201,0,0,15,,이번엔 어떤 음료를 만들면 좋을까요-?,0.0,0.0,What kind of drink should we make this time?,0.0,0.0,今回はどんなドリンクを作りましょうかー？,0.0,0.0,這次要做什麼飲品好呢？,0.0,0.0,这次要做什么饮品好呢？,0.0,0.0,617,241988
619,1004,1004201,0,0,15,,"얼른 일 끝내고 해 질 때쯤…둘이서 조용한 데라도 가실래요, 마스터?",0.0,0.0,"Let’s finish up work quickly and… go somewhere quiet together at sunset, Master?",0.0,0.0,早くお仕事が終わって、日が暮れるころに…二人で静かな場所にでも行きませんか、マスター？,0.0,0.0,趕快結束工作，黃昏的時候……我們一起去個安靜的地方吧？大師？,0.0,0.0,赶快结束工作，黄昏的时候……我们一起去个安静的地方吧？大师？,0.0,0.0,618,242304
620,1004,1004201,0,0,15,,"이 무더운 여름, 수박화채 같은 거라도 먹어볼까요?",0.0,0.0,"In this scorching summer, how about some watermelon punch?",0.0,0.0,真夏ですから、スイカのフルーツポンチでも食べましょうか？,0.0,0.0,這麼炎熱的夏天，要不要來碗西瓜甜湯呢？,0.0,0.0,这么炎热的夏天，要不要来碗西瓜甜汤呢？,0.0,0.0,619,242884
621,1004,1004201,0,0,15,,"이 여름, 잊지 못할 기억으로\n만들어 드릴게요-",0.0,0.0,I’ll make this summer an unforgettable memory for you.,0.0,0.0,この夏を、忘れられない思い出に\nしてあげますねー,0.0,0.0,今年夏天，我來幫你製造一段\n難忘的回憶-,0.0,0.0,今年夏天，我来帮你制造一段\n难忘的回忆-,0.0,0.0,620,243304
622,1004,1004201,14,0,19,Yuki/Voice_Yuki_Effect_1,"우후훗, 이런 걸 주셨으니 저도 답례하고 싶네요-마스터만을 위한 요리라도 해드릴까요?",0.0,0.0,"Ufufu, since you gave me this, I’d like to return the favor. Should I cook something just for you, Master?",0.0,0.0,うふふ、こんなものをもらったから、私もお礼がしたいですー。マスターだけのための料理でもしようかしら？,0.0,0.0,呵呵呵，既然你準備了這個，我也想回禮……要不要我做道料理獻給大師呢？,0.0,0.0,呵呵呵，既然你准备了这个，我也想回礼……要不要我做道料理献给大师呢？,0.0,0.0,621,243704
623,1004,1004201,7,2,8,Yuki/Voice_YukiSwimSuit_MaidApp_1,마스터-제 수영복 어떠신가요? 두근두근 거리나요?,0.0,0.0,Master—how do I look in this swimsuit? Does your heart skip a beat?,0.0,0.0,マスター、私の水着、どうですか？ドキドキします？,0.0,0.0,大師，我的泳裝怎麼樣？會讓你心跳加速嗎？,0.0,0.0,大师，我的泳装怎么样？会让你心跳加速吗？,0.0,0.0,622,244404
624,1004,1004201,1,1,8,Yuki/Voice_YukiSwimSuit_MaidApp_2,음-뭔가 마스터의 시선이 느껴지는데요?,0.0,0.0,Hm—I feel like Master is staring at me.,0.0,0.0,うーん。なんか、マスターの視線を感じますけど？,0.0,0.0,嗯-好像能感受到大師的目光呢？,0.0,0.0,嗯-好像能感受到大师的目光呢？,0.0,0.0,623,244860
625,1004,1004201,7,2,8,Yuki/Voice_YukiSwimSuit_MaidApp_3,음-이런 날씨에는 역시 썬탠! 마스터-오일 좀 발라주실래요?,0.0,0.0,"Hm—this weather calls for sunbathing! Master, could you apply some oil for me?",0.0,0.0,うーん。こんな天気にはサンタンをしないと！マスター、オイルつけてくれますか？,0.0,0.0,嗯-這種天氣一定要曬曬太陽啊！大師-可以幫我擦助曬油嗎？,0.0,0.0,嗯-这种天气一定要晒晒太阳啊！大师-可以帮我擦助晒油吗？,0.0,0.0,624,245244
626,1004,1004201,14,2,8,Yuki/Voice_YukiSwimSuit_MaidApp_4,이렇게 수영복까지 입은 날에는-근처 호텔에 가서 맛있는 걸 먹고 자야 하는데 말이죠?,0.0,0.0,"On a day like this, wearing a swimsuit—I feel like we should check into a nearby hotel and enjoy a good meal, right?",0.0,0.0,せっかく水着も着てるから、近くのホテルで美味しい物を食べて寝たいんですけどね。,0.0,0.0,今天都穿泳裝了，應該去附近的飯店吃頓好料之後再睡一覺吧？,0.0,0.0,今天都穿泳装了，应该去附近的饭店吃顿好料之后再睡一觉吧？,0.0,0.0,625,245804
627,1004,1004201,14,2,8,Yuki/Voice_YukiSwimSuit_MaidApp_5,여름엔 시원하고 달콤한 수박이죠-이걸로 수박 깨기 놀이나 해볼까요?,0.0,0.0,"In summer, sweet and refreshing watermelon is the best—how about a watermelon-smashing game?",0.0,0.0,夏は冷たくて甘いスイカが一番ですよねー。これでスイカ割りしませんか？,0.0,0.0,夏天就是要吃清涼甜美的西瓜啊-要不要來玩敲西瓜遊戲？,0.0,0.0,夏天就是要吃清凉甜美的西瓜啊-要不要来玩敲西瓜游戏？,0.0,0.0,626,246452
628,1004,1004201,14,2,9,Yuki/Voice_Yuki_Hello_3,"우후훗, 오늘도 찾아주셨군요.\n역시 마스터도 제가 좋죠?",0.0,0.0,"uhuhut, you came to see me again today. Does that mean you like me too, Master?",0.0,0.0,うふふ、今日も来てくれたんですね。やっぱり、マスターも、私がいいんですか？,0.0,0.0,呵呵呵，你今天也來啦！果然大師也喜歡我吧？,0.0,0.0,呵呵呵，你今天也来啦！果然大师也喜欢我吧？,0.0,0.0,627,247024
629,1004,1004201,14,0,18,Yuki/Voice_Yuki_Hello_4,매일매일 보고 싶은 절 위해 와주셨군요-♥,0.0,0.0,You came to see me because you miss me every single day–♥,0.0,0.0,毎日会いたい私のために来てくださったんですねー♥,0.0,0.0,特地來找天天都想見到的我啦-♥,0.0,0.0,特地来找天天都想见到的我啦-♥,0.0,0.0,628,247532
630,1004,1004201,7,2,10,Yuki/Voice_Yuki_Hello_5,마스터는 이런 걸\n좋아하는 걸까요-?,0.0,0.0,"Do you like things like this, Master?",0.0,0.0,マスターは、こういうのが好きなんですかー？,0.0,0.0,大師好像很喜歡這種的對吧-？,0.0,0.0,大师好像很喜欢这种的对吧-？,0.0,0.0,629,247928
631,1004,1004201,7,2,10,Yuki/Voice_Yuki_Hello_6,마스터가 좋아할 만한 게 뭔지 알 것 같아요-♥,0.0,0.0,I think I know what Master might like-♥,0.0,0.0,マスターが好きそうなもの、わかった気がしますー♥,0.0,0.0,我好像大概知道大師喜歡什麼了-♥,0.0,0.0,我好像大概知道大师喜欢什么了-♥,0.0,0.0,630,248276
632,1004,1004201,0,0,11,Yuki/Voice_Yuki_Dormitory_1,드디어 제가 궁금해지신 건가요-?,0.0,0.0,Are you finally getting to the point where I'm wondering -?,0.0,0.0,ついに、私のが気になったのでしょうかー？,0.0,0.0,終於開始對我好奇了嗎-？,0.0,0.0,终于开始对我好奇了吗-？,0.0,0.0,631,248664
633,1004,1004201,0,0,12,Yuki/Voice_Yuki_Dormitory_2,"우후훗, 어디부터 알려 드릴까요-?",0.0,0.0,"Woohoohoo, where do I start -?",0.0,0.0,うふふ、どこから教えますかー？,0.0,0.0,呵呵呵，要先從哪裡說起呢-？,0.0,0.0,呵呵呵，要先从哪里说起呢-？,0.0,0.0,632,249016
634,1004,1004201,0,0,13,Yuki/Voice_Yuki_Dormitory_3,좋아요-그럼 시작해볼까요-♥,0.0,0.0,Okay - so let's get started - ♥,0.0,0.0,よしー、それじゃあ、始めましょうー♥,0.0,0.0,好-那就開始吧-♥,0.0,0.0,好-那就开始吧-♥,0.0,0.0,633,249340
635,1004,1004201,0,0,14,Yuki/Voice_Yuki_DormitoryOpen_1,마스터와 함께 잘 수 있는 방을\n만들어 주세요-♥,0.0,0.0,Please make a room where I can sleep with Master-♥,0.0,0.0,マスターと一緒に寝られる部屋を作ってくださいー♥,0.0,0.0,請給我一間可以和大師一起睡覺的房間-♥,0.0,0.0,请给我一间可以和大师一起睡觉的房间-♥,0.0,0.0,634,249636
636,1004,1004202,0,0,5,,마스터-잠시\n괜찮을까요-♥,0.0,0.0,"Master, is it okay for a moment-? ♥",0.0,0.0,マスター、少しよろしいですか-♥,0.0,0.0,大師——可以稍微聊一會兒嗎-♥,0.0,0.0,大师——可以稍微聊一会儿吗-♥,0.0,0.0,635,250060
637,1004,1004202,14,0,17,Yuki/Voice_Yuki_Effect_1,"트릭 오어 트릿- 어서 저에게 사탕을 주지 않으신다면…우후훗, 무슨 짓을 할지 몰라요-",0.0,0.0,"Trick or Treat— If you don’t give me candy quickly… Ufufu, who knows what I might do—",0.0,0.0,トリック・オア・トリート― 早くキャンディをくれないと……うふふっ、何をするか分かりませんよ―,0.0,0.0,Trick or Treat——要是不快點給我糖果……呵呵，我可能會做點什麼哦——,0.0,0.0,Trick or Treat——要是不快点给我糖果……呵呵，我可能会做点什么哦——,0.0,0.0,636,250364
638,1004,1004202,0,0,16,Yuki/Voice_YukiBasic_Complete_1,사랑을 담은 음식-\n맛있게 드세요-,0.0,0.0,Food filled with love—enjoy your meal!,0.0,0.0,愛を込めた料理ー。お召し上がりくださいー。,0.0,0.0,請慢慢享用注入愛意的料理-,0.0,0.0,请慢慢享用注入爱意的料理-,0.0,0.0,637,251020
639,1004,1004202,0,0,0,Yuki/Voice_YukiBasic_Complete_2,다음에도\n찾아주세요-♥,0.0,0.0,I hope to see you again soon-♥,0.0,0.0,また来てくださいねー♥,0.0,0.0,下次請再度光臨-♥,0.0,0.0,下次请再度光临-♥,0.0,0.0,638,251372
640,1004,1004202,0,0,16,Yuki/Voice_Yuki_Effect_1,맛있어져라-♥,0.0,0.0,Tastier- with a sprinkle of magic-♥,0.0,0.0,美味しくなれー♥,0.0,0.0,變好吃吧-♥,0.0,0.0,变好吃吧-♥,0.0,0.0,639,251652
641,1004,1004202,0,0,16,Yuki/Voice_Yuki_Effect_1,맛있게 드세요-♥,0.0,0.0,Enjoy your meal-♥,0.0,0.0,美味しくお召し上がりくださいー♥,0.0,0.0,請慢用-♥,0.0,0.0,请慢用-♥,0.0,0.0,640,251880
642,1004,1004202,0,0,6,Yuki/Voice_YukiBasic_In_2,거긴 만지면\n안 돼요-♥,0.0,0.0,You can’t touch there-♥,0.0,0.0,そこは触っちゃダメですよー♥,0.0,0.0,那裡不可以碰喔-♥,0.0,0.0,那里不可以碰喔-♥,0.0,0.0,641,252116
643,1004,1004202,0,0,6,Yuki/Voice_YukiBasic_In_3,어딜 그렇게 빤히\n보시나요-?,0.0,0.0,Why are you staring like that-?,0.0,0.0,どこをそんなにじっと見ているんですかー？,0.0,0.0,你在看哪裡呀-？,0.0,0.0,你在看哪里呀-？,0.0,0.0,642,252392
644,1004,1004202,0,0,6,Yuki/Voice_YukiBasic_In_1,"쉬고 싶으시면, 제가\n안아 드릴게요-♥",0.0,0.0,"If you want to rest, I’ll hold you-♥",0.0,0.0,休みたいなら、私が抱きしめてあげますよー♥,0.0,0.0,想休息的話，我可以抱你一下喔-♥,0.0,0.0,想休息的话，我可以抱你一下喔-♥,0.0,0.0,643,252688
645,1004,1004202,0,0,6,Yuki/Voice_YukiBasic_In_4,차가운 핫초코……\n같은 건 없답니다?,0.0,0.0,"There's no such thing as cold hot chocolate, you know?",0.0,0.0,冷たいホットチョコ……なんてないですよ？,0.0,0.0,冰的熱可可……沒有這種東西喔？,0.0,0.0,冰的热可可……没有这种东西喔？,0.0,0.0,644,253056
646,1004,1004202,0,0,6,Yuki/Voice_YukiBasic_In_5,사랑을 담은 음식\n곧 준비해 드릴게요♥,0.0,0.0,I’ll prepare a meal full of love soon-♥,0.0,0.0,愛を込めた料理を、すぐにご用意しますね♥,0.0,0.0,馬上為您準備充滿愛意的料理♥,0.0,0.0,马上为您准备充满爱意的料理♥,0.0,0.0,645,253436
647,1004,1004202,0,0,7,Yuki/Voice_YukiBasic_In_2,거긴 만지면\n안 돼요-♥,0.0,0.0,You can’t touch there-♥,0.0,0.0,そこは触っちゃダメですよー♥,0.0,0.0,那裡不可以碰喔-♥,0.0,0.0,那里不可以碰喔-♥,0.0,0.0,646,253800
648,1004,1004202,0,0,7,Yuki/Voice_YukiBasic_In_3,어딜 그렇게 빤히\n보시나요-?,0.0,0.0,Why are you staring like that-?,0.0,0.0,どこをそんなにじっと見ているんですかー？,0.0,0.0,你在看哪裡呀-？,0.0,0.0,你在看哪里呀-？,0.0,0.0,647,254076
649,1004,1004202,0,0,7,Yuki/Voice_YukiBasic_In_1,"쉬고 싶으시면, 제가\n안아 드릴게요-♥",0.0,0.0,"If you want to rest, I’ll hold you-♥",0.0,0.0,休みたいなら、私が抱きしめてあげますよー♥,0.0,0.0,想休息的話，我可以抱你一下喔-♥,0.0,0.0,想休息的话，我可以抱你一下喔-♥,0.0,0.0,648,254372
650,1004,1004202,0,0,7,Yuki/Voice_YukiBasic_In_4,차가운 핫초코……\n같은 건 없답니다?,0.0,0.0,"There's no such thing as cold hot chocolate, you know?",0.0,0.0,冷たいホットチョコ……なんてないですよ？,0.0,0.0,冰的熱可可……沒有這種東西喔？,0.0,0.0,冰的热可可……没有这种东西喔？,0.0,0.0,649,254740
651,1004,1004202,0,0,7,Yuki/Voice_YukiBasic_In_5,사랑을 담은 음식\n곧 준비해 드릴게요♥,0.0,0.0,I’ll prepare a meal full of love soon-♥,0.0,0.0,愛を込めた料理を、すぐにご用意しますね♥,0.0,0.0,馬上為您準備充滿愛意的料理♥,0.0,0.0,马上为您准备充满爱意的料理♥,0.0,0.0,650,255120
652,1004,1004202,0,0,7,Yuki/Voice_YukiBasic_Out_2,청소는\n너무 좋아요-♥,0.0,0.0,I just love cleaning-♥,0.0,0.0,お掃除は大好きですー♥,0.0,0.0,我最喜歡打掃了-♥,0.0,0.0,我最喜欢打扫了-♥,0.0,0.0,651,255484
653,1004,1004202,0,0,7,Yuki/Voice_YukiBasic_Out_3,달콤한 향기♪\n마스터와 디저트라도 먹을까요♥,0.0,0.0,"Such a sweet scent♪ Shall we have dessert together, Master? ♥",0.0,0.0,甘い香り♪ マスターとデザートでも食べましょうか♥,0.0,0.0,甜蜜香氣♪要不要跟大師一起吃甜點呢♥,0.0,0.0,甜蜜香气♪要不要跟大师一起吃甜点呢♥,0.0,0.0,652,255748
654,1004,1004202,0,0,7,Yuki/Voice_YukiBasic_Out_4,주문하신 메뉴\n나왔습니다-♥,0.0,0.0,Your order is ready-♥,0.0,0.0,ご注文のメニューができましたー♥,0.0,0.0,您點的餐點來囉-♥,0.0,0.0,您点的餐点来啰-♥,0.0,0.0,653,256188
655,1004,1004202,0,0,7,Yuki/Voice_YukiBasic_Out_5,카페는 청결이\n최우선이에요-,0.0,0.0,Cleanliness is the top priority in the cafe-,0.0,0.0,カフェは、清潔が最優先ですー。,0.0,0.0,咖啡廳最重要的就是整潔了-,0.0,0.0,咖啡厅最重要的就是整洁了-,0.0,0.0,654,256472
656,1004,1004202,0,0,7,Yuki/Voice_YukiBasic_Out_6,내가 마스터와 같은 공기를 마시며\n일할 수 있다니-♥,0.0,0.0,Working while breathing Master’s air? Unbelievable-♥,0.0,0.0,マスターと同じ空気を吸いながら働けるなんてー♥,0.0,0.0,竟然能和大師呼吸著相同的空氣一起工作-♥,0.0,0.0,竟然能和大师呼吸着相同的空气一起工作-♥,0.0,0.0,655,256800
657,1004,1004202,0,0,7,Yuki/Voice_YukiBasic_Out_7,마스터의 방은\n어디에 있을까요-♥,0.0,0.0,Where could Master’s room be-? ♥,0.0,0.0,マスターのお部屋はどこにあるんでしょうー♥,0.0,0.0,大師的房間是哪一間呢-♥,0.0,0.0,大师的房间是哪一间呢-♥,0.0,0.0,656,257236
658,1004,1004202,0,0,7,Yuki/Voice_YukiBasic_Out_1,맛있어지는 주문을\n외워 드릴까요-?,0.0,0.0,Shall I teach you the magic words to make it tastier-?,0.0,0.0,美味しくなる呪文をかけてあげましょうかー？,0.0,0.0,要我幫你唸變好吃的咒語嗎-？,0.0,0.0,要我帮你念变好吃的咒语吗-？,0.0,0.0,657,257572
659,1004,1004202,0,0,15,,"우후훗, 무서운 강시 메이드가 주문을 받아드릴게요-",0.0,0.0,"Ufufu, the scary jiangshi maid will take your order—",0.0,0.0,うふふっ、怖いキョンシーメイドがご注文を承ります―,0.0,0.0,呵呵，可怕的殭屍女僕來為您點單囉——,0.0,0.0,呵呵，可怕的僵尸女仆来为您点单咯——,0.0,0.0,658,257936
660,1004,1004202,0,0,15,,"이벤트 카페라는 거, 재밌네요-",0.0,0.0,"An event café, how fun—",0.0,0.0,イベントカフェって、面白いですね―,0.0,0.0,活動咖啡廳，真有趣呢——,0.0,0.0,活动咖啡厅，真有趣呢——,0.0,0.0,659,258340
661,1004,1004202,0,0,15,,담력시험 메뉴를 만들어볼까요?,0.0,0.0,Shall we make a test-of-courage menu?,0.0,0.0,肝試しメニューを作ってみましょうか？,0.0,0.0,要不要來做個試膽菜單呢？,0.0,0.0,要不要来做个试胆菜单呢？,0.0,0.0,660,258624
662,1004,1004202,0,0,15,,오늘만은 달콤한 사탕 서비스-,0.0,0.0,"Just for today, a sweet candy service—",0.0,0.0,今日だけは甘いキャンディサービス―,0.0,0.0,今天提供特別的甜蜜糖果服務——,0.0,0.0,今天提供特别的甜蜜糖果服务——,0.0,0.0,661,258924
663,1004,1004202,0,0,15,,다들 할로윈을 좋아하네요-,0.0,0.0,Everyone seems to love Halloween—,0.0,0.0,みんなハロウィンが好きですね―,0.0,0.0,大家都好喜歡萬聖節呢——,0.0,0.0,大家都好喜欢万圣节呢——,0.0,0.0,662,259240
664,1004,1004202,14,0,19,Yuki/Voice_Yuki_Effect_1,"우후훗, 선물을 받았으니- 저는 장난을 쳐볼까요?",0.0,0.0,"Ufufu, since I got a gift— should I play a trick?",0.0,0.0,うふふっ、プレゼントをいただいたので―いたずらしてみましょうか？,0.0,0.0,呵呵，既然收到了禮物——要不要惡作劇一下呢？,0.0,0.0,呵呵，既然收到了礼物——要不要恶作剧一下呢？,0.0,0.0,663,259520
665,1004,1004202,14,0,8,Yuki/Voice_Yuki_Effect_1,"트릭 오어 트릿- 어서 저에게 사탕을 주지 않으신다면…우후훗, 무슨 짓을 할지 몰라요-",0.0,0.0,"Trick or Treat— If you don’t give me candy quickly… Ufufu, who knows what I might do—",0.0,0.0,トリック・オア・トリート― 早くキャンディをくれないと……うふふっ、何をするか分かりませんよ―,0.0,0.0,Trick or Treat——要是不快點給我糖果……呵呵，我可能會做點什麼哦——,0.0,0.0,Trick or Treat——要是不快点给我糖果……呵呵，我可能会做点什么哦——,0.0,0.0,664,259984
666,1004,1004202,7,2,8,Yuki/Voice_Yuki_Effect_1,"어쩌다가 생긴 옷이긴 한데, 마스터의 마음에 들까요?",0.0,0.0,"It’s a costume I just ended up with, but… will Master like it?",0.0,0.0,なんとなくできた衣装ですが……マスターは気に入ってくださるでしょうか？,0.0,0.0,這身稀裡糊塗得來的衣服……大師會喜歡嗎？,0.0,0.0,这身稀里糊涂得来的衣服……大师会喜欢吗？,0.0,0.0,665,260640
667,1004,1004202,14,0,8,Yuki/Voice_Yuki_Effect_1,사탕보단 마스터의 사랑도 좋아요-,0.0,0.0,"More than candy, I like Master’s love—",0.0,0.0,キャンディよりもマスターの愛の方が好きです―,0.0,0.0,比起糖果，我更喜歡大師的愛——,0.0,0.0,比起糖果，我更喜欢大师的爱——,0.0,0.0,666,261120
668,1004,1004202,13,8,8,Yuki/Voice_Yuki_Effect_1,"음- 끈이 불편한데, 풀어버릴까요?",0.0,0.0,"Mmm— these strings are uncomfortable, should I untie them?",0.0,0.0,んー、この紐が不便ですね、ほどいてしまいましょうか？,0.0,0.0,嗯——這繩子好不舒服啊，要不要解開呢？,0.0,0.0,嗯——这绳子好不舒服啊，要不要解开呢？,0.0,0.0,667,261488
669,1004,1004202,7,2,8,Yuki/Voice_Yuki_Effect_1,할로윈 밤에는 마스터와 어떤 일이 생길까요? 궁금해지네요-우후훗.,0.0,0.0,What might happen with Master on Halloween night? I’m curious—ufufu.,0.0,0.0,ハロウィンの夜にはマスターとどんなことが起こるのでしょうか？気になりますね―うふふっ。,0.0,0.0,萬聖節之夜會和大師發生什麼事呢？真讓人在意——呵呵。,0.0,0.0,万圣节之夜会和大师发生什么事呢？真让人在意——呵呵。,0.0,0.0,668,261908
670,1004,1004202,14,2,9,Yuki/Voice_Yuki_Hello_3,"우후훗, 오늘도 찾아주셨군요.\n역시 마스터도 제가 좋죠?",0.0,0.0,"uhuhut, you came to see me again today. Does that mean you like me too, Master?",0.0,0.0,うふふ、今日も来てくれたんですね。やっぱり、マスターも、私がいいんですか？,0.0,0.0,呵呵呵，你今天也來啦！果然大師也喜歡我吧？,0.0,0.0,呵呵呵，你今天也来啦！果然大师也喜欢我吧？,0.0,0.0,669,262476
671,1004,1004202,14,0,18,Yuki/Voice_Yuki_Hello_4,매일매일 보고 싶은 절 위해 와주셨군요-♥,0.0,0.0,You came to see me because you miss me every single day–♥,0.0,0.0,毎日会いたい私のために来てくださったんですねー♥,0.0,0.0,特地來找天天都想見到的我啦-♥,0.0,0.0,特地来找天天都想见到的我啦-♥,0.0,0.0,670,262984
672,1004,1004202,7,2,10,Yuki/Voice_Yuki_Hello_5,마스터는 이런 걸\n좋아하는 걸까요-?,0.0,0.0,"Do you like things like this, Master?",0.0,0.0,マスターは、こういうのが好きなんですかー？,0.0,0.0,大師好像很喜歡這種的對吧-？,0.0,0.0,大师好像很喜欢这种的对吧-？,0.0,0.0,671,263380
673,1004,1004202,7,2,10,Yuki/Voice_Yuki_Hello_6,마스터가 좋아할 만한 게 뭔지 알 것 같아요-♥,0.0,0.0,I think I know what Master might like-♥,0.0,0.0,マスターが好きそうなもの、わかった気がしますー♥,0.0,0.0,我好像大概知道大師喜歡什麼了-♥,0.0,0.0,我好像大概知道大师喜欢什么了-♥,0.0,0.0,672,263728
674,1004,1004202,0,0,11,Yuki/Voice_Yuki_Dormitory_1,드디어 제가 궁금해지신 건가요-?,0.0,0.0,Are you finally getting to the point where I'm wondering -?,0.0,0.0,ついに、私のが気になったのでしょうかー？,0.0,0.0,終於開始對我好奇了嗎-？,0.0,0.0,终于开始对我好奇了吗-？,0.0,0.0,673,264116
675,1004,1004202,0,0,12,Yuki/Voice_Yuki_Dormitory_2,"우후훗, 어디부터 알려 드릴까요-?",0.0,0.0,"Woohoohoo, where do I start -?",0.0,0.0,うふふ、どこから教えますかー？,0.0,0.0,呵呵呵，要先從哪裡說起呢-？,0.0,0.0,呵呵呵，要先从哪里说起呢-？,0.0,0.0,674,264468
676,1004,1004202,0,0,13,Yuki/Voice_Yuki_Dormitory_3,좋아요-그럼 시작해볼까요-♥,0.0,0.0,Okay - so let's get started - ♥,0.0,0.0,よしー、それじゃあ、始めましょうー♥,0.0,0.0,好-那就開始吧-♥,0.0,0.0,好-那就开始吧-♥,0.0,0.0,675,264792
677,1004,1004202,0,0,14,Yuki/Voice_Yuki_DormitoryOpen_1,마스터와 함께 잘 수 있는 방을\n만들어 주세요-♥,0.0,0.0,Please make a room where I can sleep with Master-♥,0.0,0.0,マスターと一緒に寝られる部屋を作ってくださいー♥,0.0,0.0,請給我一間可以和大師一起睡覺的房間-♥,0.0,0.0,请给我一间可以和大师一起睡觉的房间-♥,0.0,0.0,676,265088
678,1004,1004203,0,0,5,,마스터-잠시\n괜찮을까요-♥,0.0,0.0,"Master, is it okay for a moment-? ♥",0.0,0.0,マスター、少しよろしいですか-♥,0.0,0.0,大師——可以稍微聊一會兒嗎-♥,0.0,0.0,大師——可以稍微聊一会儿吗-♥,0.0,0.0,677,265512
679,1004,1004203,14,0,17,Yuki/Voice_YukiChristmas_In_1,크리스마스니까\n만져도 돼요-♥,0.0,0.0,"It's Christmas, so you can touch it.",0.0,0.0,クリスマスですから、触ってもいいですよ。,0.0,0.0,今天是聖誕節，你可以摸摸它。,0.0,0.0,今天是圣诞节，你可以摸摸它。,0.0,0.0,678,265816
680,1004,1004203,0,0,0,Yuki/Voice_YukiChristmas_Complete_1,벌써 가세요?\n더 있다 가셔도\n되는데-♥,0.0,0.0,You're leaving already? You could stay longer-♥,0.0,0.0,もう帰っちゃうの？もう帰るの？,0.0,0.0,你要走了嗎？你可以待久一點-♥,0.0,0.0,你要走了吗？你可以呆久一点-♥,0.0,0.0,679,266164
681,1004,1004203,0,0,16,Yuki/Voice_YukiChristmas_Complete_2,특별한 요리가\n준비됐어요-,0.0,0.0,I've prepared a special dish for you.,0.0,0.0,特別な料理を用意しました。,0.0,0.0,我為你準備了一道特別的菜。,0.0,0.0,我为你准备了一道特别的菜。,0.0,0.0,680,266532
682,1004,1004203,0,0,0,Yuki/Voice_YukiChristmas_Complete_3,다음엔 좀 더\n머물러 주세요-,0.0,0.0,Please stay a little longer next time.,0.0,0.0,今度はもう少しいてください。,0.0,0.0,下次請多待一會兒。,0.0,0.0,下次请多留一会儿。,0.0,0.0,681,266856
683,1004,1004203,0,0,6,Yuki/Voice_YukiChristmas_In_1,크리스마스니까\n만져도 돼요-♥,0.0,0.0,"It's Christmas, so you can touch it.",0.0,0.0,クリスマスですから、触ってもいいですよ。,0.0,0.0,今天是聖誕節，你可以摸摸它。,0.0,0.0,今天是圣诞节，你可以摸摸它。,0.0,0.0,682,267160
684,1004,1004203,0,0,6,Yuki/Voice_YukiChristmas_In_2,어떤 메뉴로 마스터의 크리스마스를\n완성할까요-?,0.0,0.0,What will make a master's Christmas complete?,0.0,0.0,ご主人様のクリスマスは何が完成するのでしょうか？,0.0,0.0,怎樣才能讓大師的聖誕節圓滿？,0.0,0.0,怎样才能让大師的圣诞节圆满？,0.0,0.0,683,267508
685,1004,1004203,0,0,6,Yuki/Voice_YukiChristmas_In_3,"특별한 날이니까, 제가\n안아 드릴게요-♥",0.0,0.0,"It's a special day, so I'll give you a hug-♥",0.0,0.0,特別な日だからハグしてあげる-♥。,0.0,0.0,今天是個特別的日子，所以我要給你一個擁抱-♥,0.0,0.0,今天是个特别的日子，所以我要给你一个拥抱-♥,0.0,0.0,684,267904
686,1004,1004203,0,0,6,Yuki/Voice_YukiChristmas_In_4,오늘만의 추천 메뉴\n궁금하지 않으신가요?,0.0,0.0,"What's on the menu for today, don't you want to know?",0.0,0.0,今日のメニュー、知りたくない？,0.0,0.0,今天的菜單上有什麼，你不想知道嗎？,0.0,0.0,今天的菜单上有什么，你不想知道吗？,0.0,0.0,685,268308
687,1004,1004203,0,0,6,Yuki/Voice_YukiChristmas_In_5,왜 이렇게 잘 꾸미고\n오셨어요?\n혹시 저 때문에?,0.0,0.0,Why are you all decked out so nicely? Is it because of me?,0.0,0.0,どうしてそんなに素敵にドレスアップしているの？私のせい？,0.0,0.0,為什麼打扮得這麼漂亮？是因為我嗎？,0.0,0.0,你为什么打扮得这么漂亮？是因为我吗？,0.0,0.0,686,268696
688,1004,1004203,0,0,7,Yuki/Voice_YukiChristmas_In_1,크리스마스니까\n만져도 돼요-♥,0.0,0.0,"It's Christmas, so you can touch it.",0.0,0.0,クリスマスですから、触ってもいいですよ。,0.0,0.0,今天是聖誕節，你可以摸摸它。,0.0,0.0,今天是圣诞节，你可以摸摸它。,0.0,0.0,687,269136
689,1004,1004203,0,0,7,Yuki/Voice_YukiChristmas_In_2,어떤 메뉴로 마스터의 크리스마스를\n완성할까요-?,0.0,0.0,What will make a master's Christmas complete?,0.0,0.0,ご主人様のクリスマスは何が完成するのでしょうか？,0.0,0.0,怎樣才能讓大師的聖誕節圓滿？,0.0,0.0,怎样才能让大師的圣诞节圆满？,0.0,0.0,688,269484
690,1004,1004203,0,0,7,Yuki/Voice_YukiChristmas_In_3,"특별한 날이니까, 제가\n안아 드릴게요-♥",0.0,0.0,"It's a special day, so I'll give you a hug-♥",0.0,0.0,特別な日だからハグしてあげる-♥。,0.0,0.0,今天是個特別的日子，所以我要給你一個擁抱-♥,0.0,0.0,今天是个特别的日子，所以我要给你一个拥抱-♥,0.0,0.0,689,269880
691,1004,1004203,0,0,7,Yuki/Voice_YukiChristmas_In_4,오늘만의 추천 메뉴\n궁금하지 않으신가요?,0.0,0.0,"What's on the menu for today, don't you want to know?",0.0,0.0,今日のメニュー、知りたくない？,0.0,0.0,今天的菜單上有什麼，你不想知道嗎？,0.0,0.0,今天的菜单上有什么，你不想知道吗？,0.0,0.0,690,270284
692,1004,1004203,0,0,7,Yuki/Voice_YukiChristmas_In_5,왜 이렇게 잘 꾸미고\n오셨어요?\n혹시 저 때문에?,0.0,0.0,Why are you all decked out so nicely? Is it because of me?,0.0,0.0,どうしてそんなに素敵にドレスアップしているの？私のせい？,0.0,0.0,為什麼打扮得這麼漂亮？是因為我嗎？,0.0,0.0,你为什么打扮得这么漂亮？是因为我吗？,0.0,0.0,691,270672
693,1004,1004203,0,0,7,Yuki/Voice_YukiChristmas_Out_1,고민이 있으신가요\n마스터?,0.0,0.0,"Is there something on your mind, Master?",0.0,0.0,何か気になることでも？,0.0,0.0,大師，你有什麼心事嗎？,0.0,0.0,大師，你有什么心事吗？,0.0,0.0,692,271112
694,1004,1004203,0,0,7,Yuki/Voice_YukiChristmas_Out_1,"우후훗, 그렇게 저만 바라보시면\n부끄럽잖아요-?",0.0,0.0,"Woohoohoo, it's embarrassing if you just look at me like that-?",0.0,0.0,うっひょー、そんな顔されたら照れるー?,0.0,0.0,嗚嗚嗚，你就這樣看著我，真丟臉--♥,0.0,0.0,呜呜呜，你就这样看着我，真丢人--♥,0.0,0.0,693,271420
695,1004,1004203,0,0,7,Yuki/Voice_YukiChristmas_Out_3,크리스마스엔\n뭘 드셔도\n행복하실 거예요-!,0.0,0.0,"Whatever you eat for Christmas, you'll be happy-!",0.0,0.0,クリスマスは何を食べても幸せ-!,0.0,0.0,不管聖誕節吃什麼 你都會開心的,0.0,0.0,不管你圣诞节吃什么 你都会开心的,0.0,0.0,694,271832
696,1004,1004203,0,0,7,Yuki/Voice_YukiChristmas_Out_4,크리스마스에 저랑 있어서 행복하시죠?,0.0,0.0,"You're happy to be with me for Christmas, right?",0.0,0.0,クリスマスを一緒に過ごせて幸せでしょ？,0.0,0.0,跟我一起過聖誕節，你會很開心吧？,0.0,0.0,和我一起过圣诞节，你会很开心吧？,0.0,0.0,695,272200
697,1004,1004203,0,0,7,Yuki/Voice_YukiChristmas_Out_5,크리스마스에도\n함께라니\n꿈만 같아요-♥,0.0,0.0,"We'll be together for Christmas, it's like a dream-♥",0.0,0.0,クリスマスに一緒にいられるなんて、夢のようだ-♥。,0.0,0.0,我們一起過聖誕，就像做夢一樣-♥,0.0,0.0,我们一起过圣诞，就像做梦一样-♥,0.0,0.0,696,272576
698,1004,1004203,0,0,7,Yuki/Voice_YukiChristmas_Out_6,마스터의 방은\n어디에 있을까요-?,0.0,0.0,Where could Master’s room be-?,0.0,0.0,マスターのお部屋はどこにあるんでしょう-?,0.0,0.0,大師的房間在哪裡呢-♥,0.0,0.0,大師的房间在哪里呢-♥,0.0,0.0,697,272984
699,1004,1004203,0,0,7,Yuki/Voice_YukiChristmas_Out_7,모든 것이\n준비되었으니\n마음껏 즐겨주세요-물론 저도.,0.0,0.0,"Everything is ready for you, enjoy it to your heart's content - me too, of course.",0.0,0.0,全部用意してあるから、心ゆくまで楽しんでね-? もちろん、私も。,0.0,0.0,一切都為你準備好了，盡情享受吧--當然，我也是。,0.0,0.0,一切都为你准备好了，尽情享受吧--当然，我也是。,0.0,0.0,698,273308
700,1004,1004203,0,0,15,,크리스마스에도\n메이드 카페는\n정상 운영이랍니다-,0.0,0.0,"Even on Christmas, the maid café operates as usual-",0.0,0.0,クリスマスでもメイドカフェは通常営業ですー,0.0,0.0,即使在聖誕節，女僕咖啡館也正常營業-,0.0,0.0,即使在圣诞节，女仆咖啡馆也正常营业-,0.0,0.0,699,273816
701,1004,1004203,0,0,15,,트리 꾸미기도\n재밌을 것 같네요-\n이런 주문은 없으려나-?,0.0,0.0,Decorating the tree sounds fun- I wonder if there’s an order like that-?,0.0,0.0,ツリーの飾り付けも楽しいですねー こんな注文はないかなー？,0.0,0.0,裝飾聖誕樹好像也很有趣呢- 會不會有這樣的訂單呢？,0.0,0.0,装饰圣诞树好像也很有趣呢- 会不会有这样的订单呢？,0.0,0.0,700,274196
702,1004,1004203,0,0,15,,추운 겨울에는 제가 마스터 옆에 꼭 붙어 있을게요-,0.0,0.0,"In the cold winter, I'll stay right by Master's side-",0.0,0.0,寒い冬には、マスターのそばにぴったりくっついていますー,0.0,0.0,寒冷的冬天，我會緊緊靠在大師的身邊-,0.0,0.0,寒冷的冬天，我会紧紧靠在大師的身边-,0.0,0.0,701,274672
703,1004,1004203,0,0,15,,마음까지 따뜻하게\n만들어 줄 음식을\n가져다 줄게요-,0.0,0.0,I'll bring food that will warm your heart-,0.0,0.0,心まで温まる料理をお届けしますー,0.0,0.0,我會送上能溫暖心靈的食物-,0.0,0.0,我会送上能温暖心灵的食物-,0.0,0.0,702,275072
704,1004,1004203,0,0,15,,이번엔 뭘 만들어\n볼까요-?,0.0,0.0,What should we make this time-?,0.0,0.0,今回は何を作りましょうかー？,0.0,0.0,這次要做什麼呢-？,0.0,0.0,这次要做什么呢-？,0.0,0.0,703,275404
705,1004,1004203,14,0,19,Yuki/Voice_Yuki_Effect_1,"우후훗, 이런 걸 주셨으니 저도 답례하고 싶네요-마스터만을 위한 요리라도 해드릴까요?",0.0,0.0,"Ufufu, since you gave me this, I’d like to return the favor. Should I cook something just for you, Master?",0.0,0.0,うふふ、こんなものをもらったから、私もお礼がしたいですー。マスターだけのための料理でもしようかしら？,0.0,0.0,呵呵呵，既然你準備了這個，我也想回禮……要不要我做道料理獻給大師呢？,0.0,0.0,呵呵呵，既然你准备了这个，我也想回礼……要不要我做道料理献给大师呢？,0.0,0.0,704,275660
706,1004,1004203,1,0,8,Yuki/Voice_YukiChristmas_MaidApp_1,메리 크리스마스-마스터-,0.0,0.0,Merry Christmas - Master - ,0.0,0.0,メリークリスマス-マスター-,0.0,0.0,聖誕快樂 - 大師 - ,0.0,0.0,圣诞快乐 - 大師 - ,0.0,0.0,705,276360
707,1004,1004203,14,0,8,Yuki/Voice_YukiChristmas_MaidApp_2,"우후훗, 어딜 그렇게 보시나요-?",0.0,0.0,"Woohoohoohoo, where do you see that -?",0.0,0.0,ふぉふぉふぉふぉ、どこに見えますか-?,0.0,0.0,嗚嗚嗚，你在哪裡看到的 - ?,0.0,0.0,呜呜呜，你在哪里看到的 - ?,0.0,0.0,706,276636
708,1004,1004203,14,0,8,Yuki/Voice_YukiChristmas_MaidApp_3,저는 마스터만의 루돌프가 될 수 있어요-!,0.0,0.0,I can be your very own Rudolph-!,0.0,0.0,私はあなただけのルドルフになれます-!,0.0,0.0,我可以做你的魯道夫 - !,0.0,0.0,我可以做你的鲁道夫 - !,0.0,0.0,707,276980
709,1004,1004203,14,0,8,Yuki/Voice_YukiChristmas_MaidApp_4,뭐든지 명령만 해주세요-?,0.0,0.0,Just tell me what to do -?,0.0,0.0,どうすればいいのか教えてください-？,0.0,0.0,告訴我該怎麼做,0.0,0.0,告诉我该怎么做,0.0,0.0,708,277312
710,1004,1004203,7,0,8,Yuki/Voice_YukiChristmas_MaidApp_5,마스터의 미소를 보니 저도 기분이 좋네요-,0.0,0.0,Master's smile makes me feel good-,0.0,0.0,ご主人様の笑顔が気持ちいい-,0.0,0.0,大師的微笑讓我感覺很好-,0.0,0.0,大師的微笑让我感觉很好-,0.0,0.0,709,277600
711,1004,1004203,7,0,9,Yuki/Voice_YukiChristmas_MaidApp_1,메리 크리스마스-마스터.\n크리스마스에도 함께네요?,0.0,0.0,"Merry Christmas, Master. We’re together even on Christmas?",0.0,0.0,メリークリスマス、マスター。一緒にクリスマスを過ごせますね？,0.0,0.0,聖誕快樂，大師。聖誕節也在一起呢？,0.0,0.0,圣诞快乐，大師。圣诞节也在一起呢？,0.0,0.0,710,277932
712,1004,1004203,14,0,10,,마스터는 어떤 선물을\n원하나요? 혹시…저?,0.0,0.0,"What kind of gift do you want, Master? Perhaps… me?",0.0,0.0,マスターはどんなプレゼントが欲しいですか？もしかして…私？,0.0,0.0,大師想要什麼禮物呢？難道……是我？,0.0,0.0,大師想要什么礼物呢？难道……是我？,0.0,0.0,711,278384
713,1004,1004203,0,0,11,Yuki/Voice_Yuki_Dormitory_1,드디어 제가 궁금해지신 건가요-?,0.0,0.0,Are you finally getting to the point where I'm wondering -?,0.0,0.0,ついに私が気になったのでしょうか-？,0.0,0.0,你終於到了我想知道的地步了嗎？,0.0,0.0,你终于到了我想知道的地步了吗？,0.0,0.0,712,278780
714,1004,1004203,0,0,12,Yuki/Voice_Yuki_Dormitory_2,"우후훗, 어디부터 알려 드릴까요-?",0.0,0.0,"Woohoohoo, where do I start -?",0.0,0.0,うふふ、どこから教えますかー？,0.0,0.0,嗚嗚嗚，我該從何說起呢？,0.0,0.0,呜呜呜，我该从何说起呢？,0.0,0.0,713,279148
715,1004,1004203,0,0,13,Yuki/Voice_Yuki_Dormitory_3,좋아요-그럼 시작해볼까요-♥,0.0,0.0,Okay - so let's get started - ♥,0.0,0.0,よし-それでは始めようか-♥,0.0,0.0,好了，讓我們開始吧 - ♥,0.0,0.0,好了，让我们开始吧 - ♥,0.0,0.0,714,279464
716,1004,1004203,0,0,14,Yuki/Voice_Yuki_DormitoryOpen_1,마스터와 함께 잘 수 있는 방을 만들어 주세요-♥,0.0,0.0,Please make a room where I can sleep with Master-♥,0.0,0.0,マスターと一緒に寝られる部屋を作ってくださいー♥,0.0,0.0,請給我做一個可以和大師一起睡的房間-♥,0.0,0.0,请给我做一个可以和大師一起睡的房间-♥,0.0,0.0,715,279768
717,1005,0,0,0,5,,잠시 시간 있어?,0.0,0.0,Got a moment?,0.0,0.0,少し時間ある？,0.0,0.0,有空聊一會兒嗎？,0.0,0.0,有空聊一会儿吗？,0.0,0.0,716,280192
718,1005,0,14,0,17,Kaede/Voice_Kaede_Hello_1,"흥, 너무 늦는 거 아니야?\n오늘 뭐할지나 알려줘.",0.0,0.0,"Hmph, isn't it too late? Tell me what we're doing today.",0.0,0.0,ふん、遅くない？今日は何するのか教えて。,0.0,0.0,哼，不會太晚嗎？不如告訴我今天打算幹嘛。,0.0,0.0,哼，不会太晚吗？不如告诉我今天打算干嘛。,0.0,0.0,717,280392
719,1005,0,0,0,0,Kaede/Voice_Kaede_Effect_4,다음에도 또 오던지!,0.0,0.0,"Come back next time, or whatever!",0.0,0.0,また来たら？,0.0,0.0,下次再來！,0.0,0.0,下次再来！,0.0,0.0,718,280812
720,1005,0,0,0,16,Kaede/Voice_KaedeBasic_Complete_2,주문 같은 거\n외워줄 리 없잖아!,0.0,0.0,Why would I memorize your order?!,0.0,0.0,呪文なんて唱えるわけないじゃない！,0.0,0.0,我怎麼可能記得住點餐內容啊！,0.0,0.0,我怎么可能记得住点餐内容啊！,0.0,0.0,719,281044
721,1005,0,0,0,16,Kaede/Voice_KaedeBasic_Complete_1,먹든지 말든지\n알아서 해!,0.0,0.0,"Eat it or not, do as you like!",0.0,0.0,食べるも食べないも勝手にしなさい！,0.0,0.0,想吃就吃，不吃拉倒！,0.0,0.0,想吃就吃，不吃拉倒！,0.0,0.0,720,281388
722,1005,0,0,0,6,Kaede/Voice_KaedeBasic_In_2,……조금 졸리네.,0.0,0.0,……Feeling a bit sleepy.,0.0,0.0,……ちょっと眠いわ。,0.0,0.0,……有點睏了。,0.0,0.0,……有点困了。,0.0,0.0,721,281696
723,1005,0,0,0,6,Kaede/Voice_KaedeBasic_In_1,키…더 크겠지…?,0.0,0.0,I-I'll definitely grow taller… right?,0.0,0.0,身長…もっと大きくなれるかな…？,0.0,0.0,應該會繼續長高吧…？,0.0,0.0,应该会继续长高吧…？,0.0,0.0,722,281944
724,1005,0,0,0,6,Kaede/Voice_KaedeBasic_In_3,"더, 더 클 수 있거든?!",0.0,0.0,I can totally get taller!,0.0,0.0,も、もっと伸びるんだから!?,0.0,0.0,我一定會再長高的好嗎？！,0.0,0.0,我一定会再长高的好吗？ ！,0.0,0.0,723,282236
725,1005,0,0,0,6,Kaede/Voice_KaedeBasic_In_4,차가운 핫초코 따위\n있을 리 없잖아?!,0.0,0.0,"There’s no such thing as cold hot chocolate, okay?!",0.0,0.0,冷たいホットチョコなんてあるわけないでしょ!?,0.0,0.0,根本就沒有冰的熱巧克力啊！？,0.0,0.0,根本就没有冰的热巧克力啊！ ？,0.0,0.0,724,282524
726,1005,0,0,0,6,Kaede/Voice_KaedeBasic_In_5,"먹든지, 말든지\n알아서 해!",0.0,0.0,"Eat it or don’t, do whatever you want!",0.0,0.0,食べるも食べないも好きにしなさい！,0.0,0.0,想吃就吃，不吃拉倒！,0.0,0.0,想吃就吃，不吃拉倒！,0.0,0.0,725,282904
727,1005,0,0,0,6,Kaede/Voice_KaedeBasic_In_6,주문 받을 거니까\n재촉하지 마!,0.0,0.0,"I’ll take your order, so stop rushing me!",0.0,0.0,注文取ってるんだから急かさないでよ！,0.0,0.0,我會去點餐的，不要催！,0.0,0.0,我会去点餐的，不要催！,0.0,0.0,726,283212
728,1005,0,0,0,7,Kaede/Voice_KaedeBasic_In_2,……조금 졸리네.,0.0,0.0,……Feeling a bit sleepy.,0.0,0.0,……ちょっと眠いわ。,0.0,0.0,……有點睏了。,0.0,0.0,……有点困了。,0.0,0.0,727,283544
729,1005,0,0,0,7,Kaede/Voice_KaedeBasic_In_1,키…더 크겠지…?,0.0,0.0,I-I'll definitely grow taller… right?,0.0,0.0,身長…もっと大きくなれるかな…？,0.0,0.0,應該會繼續長高吧…？,0.0,0.0,应该会继续长高吧…？,0.0,0.0,728,283792
730,1005,0,0,0,7,Kaede/Voice_KaedeBasic_In_3,"더, 더 클 수 있거든?!",0.0,0.0,I can totally get taller!,0.0,0.0,も、もっと伸びるんだから!?,0.0,0.0,我一定會再長高的好嗎？！,0.0,0.0,我一定会再长高的好吗？ ！,0.0,0.0,729,284084
731,1005,0,0,0,7,Kaede/Voice_KaedeBasic_In_4,차가운 핫초코 따위\n있을 리 없잖아?!,0.0,0.0,"There’s no such thing as cold hot chocolate, okay?!",0.0,0.0,冷たいホットチョコなんてあるわけないでしょ!?,0.0,0.0,根本就沒有冰的熱巧克力啊！？,0.0,0.0,根本就没有冰的热巧克力啊！ ？,0.0,0.0,730,284372
732,1005,0,0,0,7,Kaede/Voice_KaedeBasic_In_5,"먹든지, 말든지\n알아서 해!",0.0,0.0,"Eat it or don’t, do whatever you want!",0.0,0.0,食べるも食べないも好きにしなさい！,0.0,0.0,想吃就吃，不吃拉倒！,0.0,0.0,想吃就吃，不吃拉倒！,0.0,0.0,731,284752
733,1005,0,0,0,7,Kaede/Voice_KaedeBasic_In_6,주문 받을 거니까\n재촉하지 마!,0.0,0.0,"I’ll take your order, so stop rushing me!",0.0,0.0,注文取ってるんだから急かさないでよ！,0.0,0.0,我會去點餐的，不要催！,0.0,0.0,我会去点餐的，不要催！,0.0,0.0,732,285060
734,1005,0,0,0,7,Kaede/Voice_KaedeBasic_Out_1,알아서 가져다줄\n거라고!,0.0,0.0,"I’ll bring it over when it’s ready, geez!",0.0,0.0,勝手に持って行くんだから！,0.0,0.0,我會自己拿過去！,0.0,0.0,我会自己拿过去！,0.0,0.0,733,285392
735,1005,0,0,0,7,Kaede/Voice_KaedeBasic_Out_2,"흥, 이런 건\n기본이지!",0.0,0.0,"Hmph, this is just basic stuff!",0.0,0.0,ふん、こんなの基本でしょ！,0.0,0.0,哼，這是基本的啊！,0.0,0.0,哼，这是基本的啊！,0.0,0.0,734,285680
736,1005,0,0,0,7,Kaede/Voice_KaedeBasic_Out_3,"너, 지금 내가\n키 작다고\n생각했지?!",0.0,0.0,"You… you just thought I’m short, didn’t you?!",0.0,0.0,あんた、今私のこと背が低いって思ったでしょ!?,0.0,0.0,你！現在是不是覺得我很矮？,0.0,0.0,你！现在是不是觉得我很矮？,0.0,0.0,735,285956
737,1005,0,0,0,7,Kaede/Voice_KaedeBasic_Out_4,주문한 메뉴\n나왔으니까\n알아서 먹어!,0.0,0.0,"Your order’s here, so eat it yourself!",0.0,0.0,注文したメニューできたから勝手に食べてよ！,0.0,0.0,餐點來了，快吃啦！,0.0,0.0,餐点来了，快吃啦！,0.0,0.0,736,286324
738,1005,0,0,0,7,Kaede/Voice_KaedeBasic_Out_5,내 날개는\n만지면 안 돼!,0.0,0.0,Don’t touch my wings!,0.0,0.0,私の翼は触っちゃダメ！,0.0,0.0,不要亂摸我的翅膀！,0.0,0.0,不要乱摸我的翅膀！,0.0,0.0,737,286652
739,1005,0,0,0,7,Kaede/Voice_KaedeBasic_Out_6,카페를 위해서\n일하는 거니까\n감사하라고!,0.0,0.0,"I’m working for the cafe, so you should be grateful!",0.0,0.0,カフェのために働いてるんだから感謝しなさいよ！,0.0,0.0,我是為了咖啡廳才工作的，所以你該感謝我！,0.0,0.0,我是为了咖啡厅才工作的，所以你该感谢我！,0.0,0.0,738,286920
740,1005,0,0,0,7,Kaede/Voice_Kaede_Hello_2,뭐?! 그딴 주문을 외우라고……?,0.0,0.0,What?! You want me to chant that spell……?,0.0,0.0,ああ!? そんな、呪文を唱えろって……？,0.0,0.0,什麼？！要我背下那些餐點……？,0.0,0.0,什么？ ！要我背下那些餐点……？,0.0,0.0,739,287344
741,1005,0,0,0,15,,뭘할지나 얘기해줘.,0.0,0.0,Tell me what you’re going to do.,0.0,0.0,何をするのか話して。,0.0,0.0,說說看你想幹嘛。,0.0,0.0,说说看你想干嘛。,0.0,0.0,740,287704
742,1005,0,0,0,15,,이번엔 뭘 할 생각이야?,0.0,0.0,What are you planning to do this time?,0.0,0.0,次は何をするの？,0.0,0.0,這次打算幹嘛？,0.0,0.0,这次打算干嘛？,0.0,0.0,741,287936
743,1005,0,0,0,15,,할 거 있으면\n얼른 얘기해 줘.\n도와줄테니까.,0.0,0.0,"If there's something to do, just tell me. I'll help.",0.0,0.0,やることあるなら早く言って。手伝うから。,0.0,0.0,要做什麼快點說，我會幫你啦。,0.0,0.0,要做什么快点说，我会帮你啦。,0.0,0.0,742,288168
744,1005,0,0,0,15,,딱히 도와주고 싶은 건\n아니거든!,0.0,0.0,It’s not like I want to help or anything!,0.0,0.0,別に、手伝いたいわけじゃないからね！,0.0,0.0,我沒有真的想幫忙好嗎！？,0.0,0.0,我没有真的想帮忙好吗！ ？,0.0,0.0,743,288520
745,1005,0,0,0,15,,주문이나 받으러 가!,0.0,0.0,Just go take some orders!,0.0,0.0,注文でも取りに行きなさいよ！,0.0,0.0,去幫客人點餐啦！,0.0,0.0,去帮客人点餐啦！,0.0,0.0,744,288832
746,1005,0,13,8,19,Kaede/Voice_Kaede_Effect_2,선물? 뭐…특별히 받아줄게!\n……도로 가져가겠다고? 가져가지 마!,0.0,0.0,"A gift? Hmph… I guess I’ll accept it—just this once!\n…Wait, you’re taking it back?! Don’t!!",0.0,0.0,プレゼント？まあ…特別に受け取ってあげる！……あげないって？やめてよ！,0.0,0.0,禮物？嗯……我就破例收下了！……要拿回去？不准！,0.0,0.0,礼物？嗯……我就破例收下了！ ……要拿回去？不准！,0.0,0.0,745,289068
747,1005,0,13,8,8,Kaede/Voice_Kaede_Like_2,"왜, 왜 그렇게 쳐다보는 거야!",0.0,0.0,W-Why are you looking at me like that?!,0.0,0.0,な、なんでそんなに見つめてるのよ！,0.0,0.0,幹嘛那樣盯著我看啊！,0.0,0.0,干嘛那样盯着我看啊！,0.0,0.0,746,289636
748,1005,0,13,8,8,Kaede/Voice_Kaede_Like_3,"히, 힘들면…나한테 의지하라고.",0.0,0.0,"H-Hey, if you're struggling… rely on me.",0.0,0.0,つ、つらいなら…私に頼ってもいいから。,0.0,0.0,……如果累了……就依靠我。,0.0,0.0,……如果累了……就依靠我。,0.0,0.0,747,289944
749,1005,0,11,6,8,Kaede/Voice_Kaede_Hello_1,"흥, 너무 늦는 거 아니야?\n오늘 뭐할지나 알려줘.",0.0,0.0,"Hmph, isn't it too late? Tell me what we're doing today.",0.0,0.0,ふん、遅くない？今日は何するのか教えて。,0.0,0.0,哼，不會太晚嗎？不如告訴我今天打算幹嘛。,0.0,0.0,哼，不会太晚吗？不如告诉我今天打算干嘛。,0.0,0.0,748,290284
750,1005,0,13,8,8,Kaede/Voice_KaedeBasic_MaidApp_1,"뭐, 뭔데!\n갑자기 왜 그러는데?!",0.0,0.0,W-what?! Why are you acting like that all of a sudden?!,0.0,0.0,な、なによ！突然どうしたの!?,0.0,0.0,怎樣啦？幹嘛突然那樣？！,0.0,0.0,怎样啦？干嘛突然那样？ ！,0.0,0.0,749,290704
751,1005,0,13,8,8,Kaede/Voice_KaedeBasic_MaidApp_2,어린 애 취급하지 말아 줄래?!,0.0,0.0,"Stop treating me like a kid, will you?!",0.0,0.0,子供扱いしないでくれる？,0.0,0.0,別把我當小孩子！！,0.0,0.0,别把我当小孩子！ ！,0.0,0.0,750,291044
752,1005,0,10,5,8,Kaede/Voice_KaedeBasic_MaidApp_3,키…더 클꺼라구…….,0.0,0.0,I… I will grow taller…,0.0,0.0,背…もっと伸びるんだから……。,0.0,0.0,我會…會長高的啦……,0.0,0.0,我会…会长高的啦……,0.0,0.0,751,291336
753,1005,0,9,4,8,Kaede/Voice_KaedeBasic_MaidApp_4,유기농 우유…?\n진짜 커진다고…?!,0.0,0.0,Organic milk…? Will it really help me grow…?,0.0,0.0,オーガニックミルク…？本当に大きくなるの…!?,0.0,0.0,有機牛奶……？喝了真的會長高……？！,0.0,0.0,有机牛奶……？喝了真的会长高……？ ！,0.0,0.0,752,291628
754,1005,0,13,8,8,Kaede/Voice_KaedeBasic_MaidApp_5,히얏-!!\n크읏…언제 온 거야!,0.0,0.0,Hiya-!! Gah… when did you get here?!,0.0,0.0,きゃっ‼くっ… いつ来たのよ！,0.0,0.0,啊！咳……你什麼時候來的啊！,0.0,0.0,啊！咳……你什么时候来的啊！,0.0,0.0,753,292024
755,1005,0,7,2,8,Kaede/Voice_KaedeBasic_MaidApp_6,손…생각보다 따뜻하네.,0.0,0.0,Your hands… they’re warmer than I thought.,0.0,0.0,手…思ったより暖かいわね。,0.0,0.0,你的手……比想像中還溫暖耶。,0.0,0.0,你的手……比想像中还温暖耶。,0.0,0.0,754,292356
756,1005,0,1,1,9,Kaede/Voice_Kaede_Hello_3,"흥, 늦었잖아. 이거나 가져가.",0.0,0.0,"Hmph, you're late. Just take this.",0.0,0.0,ふん、遅かったじゃない。これでも持って行きなさいよ。,0.0,0.0,哼，太晚了吧！這個拿去啦。,0.0,0.0,哼，太晚了吧！这个拿去啦。,0.0,0.0,755,292684
757,1005,0,1,1,18,Kaede/Voice_Kaede_Hello_4,오늘도 제시간에 왔네.\n오늘 보상은 조금 더 특별할지도 모르겠어.,0.0,0.0,You're right on time again today. The reward might be a bit more special.,0.0,0.0,今日も時間通りに来たわね。今日の報酬はちょっと特別かも。,0.0,0.0,今天也準時來啦？說不定今天的獎勵會更特別。,0.0,0.0,今天也准时来啦？说不定今天的奖励会更特别。,0.0,0.0,756,293036
758,1005,0,11,6,10,Kaede/Voice_Kaede_Hello_5,……뭐 들었어?,0.0,0.0,……What did you get?,0.0,0.0,……何が入ってるの？,0.0,0.0,……你聽到了什麼？,0.0,0.0,……你听到了什么？,0.0,0.0,757,293532
759,1005,0,11,6,10,Kaede/Voice_Kaede_Hello_6,"따, 딱히 뭘 받았는지\n궁금한 건 아니야!",0.0,0.0,I-I’m not exactly curious about what you got or anything!,0.0,0.0,べ、別に、何をもらったのか気になってるわけじゃないから！,0.0,0.0,也沒……沒什麼特別想問的！,0.0,0.0,也没……没什么特别想问的！,0.0,0.0,758,293780
760,1005,0,0,0,11,Kaede/Voice_Kaede_Dormitory_1,"뭐야, 할 말이라도 있어?",0.0,0.0,"What, you got something to say?",0.0,0.0,何よ。何か言いたいことでもあるの？,0.0,0.0,幹嘛？有話想說？,0.0,0.0,干嘛？有话想说？,0.0,0.0,759,294176
761,1005,0,0,0,12,Kaede/Voice_Kaede_Dormitory_2,그런 게 왜 궁금한 거야?,0.0,0.0,Why do you want to know that?,0.0,0.0,なぜそんなことが気になるの？,0.0,0.0,幹嘛對那個好奇？,0.0,0.0,干嘛对那个好奇？,0.0,0.0,760,294460
762,1005,0,0,0,13,Kaede/Voice_Kaede_Dormitory_3,"뭐, 너한텐 말해도 상관없겠지.",0.0,0.0,"Well, I don't mind telling you.",0.0,0.0,まあ、あんたには言ってもいいけど。,0.0,0.0,反正，告訴你也無所謂啦。,0.0,0.0,反正，告诉你也无所谓啦。,0.0,0.0,761,294736
763,1005,0,0,0,14,Kaede/Voice_Kaede_DormitoryOpen_1,"뭐…방 여벌 열쇠 정돈 줄게…내, 내가 열쇠를 잃어버릴 수도 있잖아!",0.0,0.0,"Well… I’ll give you a spare key for the room… I-I might lose my key, you know!",0.0,0.0,まぁ…部屋の予備の鍵くらいあげるわよ…わ、私が鍵をなくすかもしれないじゃない！,0.0,0.0,嗯……房間多的備用鑰匙給你……因為我可能會不小心弄丟！,0.0,0.0,嗯……房间多的备用钥匙给你……因为我可能会不小心弄丢！,0.0,0.0,762,295056
764,1005,1005101,0,0,5,,잠시 시간 있어?,0.0,0.0,Got a moment?,0.0,0.0,少し時間ある？,0.0,0.0,有空聊一會兒嗎？,0.0,0.0,有空聊一会儿吗？,0.0,0.0,763,295644
765,1005,1005101,14,0,17,Kaede/Voice_KaedeCasual_MaidApp_9,"그래서, 오늘은 어디로 갈 거야? 장소는 네가 정했겠지?",0.0,0.0,"So, where are we going today? You picked the place, right?",0.0,0.0,で、今日はどこ行くの？場所は決めてるんでしょ？,0.0,0.0,那今天要去哪？你應該選好地點了吧？,0.0,0.0,那今天要去哪？你应该选好地点了吧？,0.0,0.0,764,295844
766,1005,1005101,0,0,0,Kaede/Voice_Kaede_Effect_4,다음에도 또 오던지!,0.0,0.0,"Come back next time, or whatever!",0.0,0.0,また来たら？,0.0,0.0,下次再來！,0.0,0.0,下次再来！,0.0,0.0,765,296280
767,1005,1005101,0,0,16,Kaede/Voice_KaedeBasic_Complete_2,주문 같은 거\n외워줄 리 없잖아!,0.0,0.0,Why would I memorize your order?!,0.0,0.0,呪文なんて唱えるわけないじゃない！,0.0,0.0,我怎麼可能記得住點餐內容啊！,0.0,0.0,我怎么可能记得住点餐内容啊！,0.0,0.0,766,296512
768,1005,1005101,0,0,16,Kaede/Voice_KaedeBasic_Complete_1,먹든지 말든지\n알아서 해!,0.0,0.0,"Eat it or not, do as you like!",0.0,0.0,食べるも食べないも勝手にしなさい！,0.0,0.0,想吃就吃，不吃拉倒！,0.0,0.0,想吃就吃，不吃拉倒！,0.0,0.0,767,296856
769,1005,1005101,0,0,6,Kaede/Voice_KaedeBasic_In_2,……조금 졸리네.,0.0,0.0,……Feeling a bit sleepy.,0.0,0.0,……ちょっと眠いわ。,0.0,0.0,……有點睏了。,0.0,0.0,……有点困了。,0.0,0.0,768,297164
770,1005,1005101,0,0,6,Kaede/Voice_KaedeBasic_In_1,키…더 크겠지…?,0.0,0.0,I-I'll definitely grow taller… right?,0.0,0.0,身長…もっと大きくなれるかな…？,0.0,0.0,應該會繼續長高吧…？,0.0,0.0,应该会继续长高吧…？,0.0,0.0,769,297412
771,1005,1005101,0,0,6,Kaede/Voice_KaedeBasic_In_3,"더, 더 클 수 있거든?!",0.0,0.0,I can totally get taller!,0.0,0.0,も、もっと伸びるんだから!?,0.0,0.0,我一定會再長高的好嗎？！,0.0,0.0,我一定会再长高的好吗？ ！,0.0,0.0,770,297704
772,1005,1005101,0,0,6,Kaede/Voice_KaedeBasic_In_4,차가운 핫초코 따위\n있을 리 없잖아?!,0.0,0.0,"There’s no such thing as cold hot chocolate, okay?!",0.0,0.0,冷たいホットチョコなんてあるわけないでしょ!?,0.0,0.0,根本就沒有冰的熱巧克力啊！？,0.0,0.0,根本就没有冰的热巧克力啊！ ？,0.0,0.0,771,297992
773,1005,1005101,0,0,6,Kaede/Voice_KaedeBasic_In_5,"먹든지, 말든지\n알아서 해!",0.0,0.0,"Eat it or don’t, do whatever you want!",0.0,0.0,食べるも食べないも好きにしなさい！,0.0,0.0,想吃就吃，不吃拉倒！,0.0,0.0,想吃就吃，不吃拉倒！,0.0,0.0,772,298372
774,1005,1005101,0,0,6,Kaede/Voice_KaedeBasic_In_6,주문 받을 거니까\n재촉하지 마!,0.0,0.0,"I’ll take your order, so stop rushing me!",0.0,0.0,注文取ってるんだから急かさないでよ！,0.0,0.0,我會去點餐的，不要催！,0.0,0.0,我会去点餐的，不要催！,0.0,0.0,773,298680
775,1005,1005101,0,0,7,Kaede/Voice_KaedeBasic_In_2,……조금 졸리네.,0.0,0.0,……Feeling a bit sleepy.,0.0,0.0,……ちょっと眠いわ。,0.0,0.0,……有點睏了。,0.0,0.0,……有点困了。,0.0,0.0,774,299012
776,1005,1005101,0,0,7,Kaede/Voice_KaedeBasic_In_1,키…더 크겠지…?,0.0,0.0,I-I'll definitely grow taller… right?,0.0,0.0,身長…もっと大きくなれるかな…？,0.0,0.0,應該會繼續長高吧…？,0.0,0.0,应该会继续长高吧…？,0.0,0.0,775,299260
777,1005,1005101,0,0,7,Kaede/Voice_KaedeBasic_In_3,"더, 더 클 수 있거든?!",0.0,0.0,I can totally get taller!,0.0,0.0,も、もっと伸びるんだから!?,0.0,0.0,我一定會再長高的好嗎？！,0.0,0.0,我一定会再长高的好吗？ ！,0.0,0.0,776,299552
778,1005,1005101,0,0,7,Kaede/Voice_KaedeBasic_In_4,차가운 핫초코 따위\n있을 리 없잖아?!,0.0,0.0,"There’s no such thing as cold hot chocolate, okay?!",0.0,0.0,冷たいホットチョコなんてあるわけないでしょ!?,0.0,0.0,根本就沒有冰的熱巧克力啊！？,0.0,0.0,根本就没有冰的热巧克力啊！ ？,0.0,0.0,777,299840
779,1005,1005101,0,0,7,Kaede/Voice_KaedeBasic_In_5,"먹든지, 말든지\n알아서 해!",0.0,0.0,"Eat it or don’t, do whatever you want!",0.0,0.0,食べるも食べないも好きにしなさい！,0.0,0.0,想吃就吃，不吃拉倒！,0.0,0.0,想吃就吃，不吃拉倒！,0.0,0.0,778,300220
780,1005,1005101,0,0,7,Kaede/Voice_KaedeBasic_In_6,주문 받을 거니까\n재촉하지 마!,0.0,0.0,"I’ll take your order, so stop rushing me!",0.0,0.0,注文取ってるんだから急かさないでよ！,0.0,0.0,我會去點餐的，不要催！,0.0,0.0,我会去点餐的，不要催！,0.0,0.0,779,300528
781,1005,1005101,0,0,7,Kaede/Voice_KaedeBasic_Out_1,알아서 가져다줄\n거라고!,0.0,0.0,"I’ll bring it over when it’s ready, geez!",0.0,0.0,勝手に持って行くんだから！,0.0,0.0,我會自己拿過去！,0.0,0.0,我会自己拿过去！,0.0,0.0,780,300860
782,1005,1005101,0,0,7,Kaede/Voice_KaedeBasic_Out_2,"흥, 이런 건\n기본이지!",0.0,0.0,"Hmph, this is just basic stuff!",0.0,0.0,ふん、こんなの基本でしょ！,0.0,0.0,哼，這是基本的啊！,0.0,0.0,哼，这是基本的啊！,0.0,0.0,781,301148
783,1005,1005101,0,0,7,Kaede/Voice_KaedeBasic_Out_3,"너, 지금 내가\n키 작다고\n생각했지?!",0.0,0.0,"You… you just thought I’m short, didn’t you?!",0.0,0.0,あんた、今私のこと背が低いって思ったでしょ!?,0.0,0.0,你！現在是不是覺得我很矮？,0.0,0.0,你！现在是不是觉得我很矮？,0.0,0.0,782,301424
784,1005,1005101,0,0,7,Kaede/Voice_KaedeBasic_Out_4,주문한 메뉴\n나왔으니까\n알아서 먹어!,0.0,0.0,"Your order’s here, so eat it yourself!",0.0,0.0,注文したメニューできたから勝手に食べてよ！,0.0,0.0,餐點來了，快吃啦！,0.0,0.0,餐点来了，快吃啦！,0.0,0.0,783,301792
785,1005,1005101,0,0,7,Kaede/Voice_KaedeBasic_Out_5,내 날개는\n만지면 안 돼!,0.0,0.0,Don’t touch my wings!,0.0,0.0,私の翼は触っちゃダメ！,0.0,0.0,不要亂摸我的翅膀！,0.0,0.0,不要乱摸我的翅膀！,0.0,0.0,784,302120
786,1005,1005101,0,0,7,Kaede/Voice_KaedeBasic_Out_6,카페를 위해서\n일하는 거니까\n감사하라고!,0.0,0.0,"I’m working for the cafe, so you should be grateful!",0.0,0.0,カフェのために働いてるんだから感謝しなさいよ！,0.0,0.0,我是為了咖啡廳才工作的，所以你該感謝我！,0.0,0.0,我是为了咖啡厅才工作的，所以你该感谢我！,0.0,0.0,785,302388
787,1005,1005101,0,0,7,Kaede/Voice_Kaede_Hello_2,뭐?! 그딴 주문을 외우라고……?,0.0,0.0,What?! You want me to chant that spell……?,0.0,0.0,ああ!? そんな、呪文を唱えろって……？,0.0,0.0,什麼？！要我背下那些餐點……？,0.0,0.0,什么？ ！要我背下那些餐点……？,0.0,0.0,786,302812
788,1005,1005101,0,0,15,,"흥, 얼른 도와줘. 빨리 끝나면…밥이라도 같이 먹을 수 있잖아.",0.0,0.0,"Hmph, hurry and help me. If we finish fast… we could grab a meal together.",0.0,0.0,ふん、早く手伝って。早く終わったら…ご飯くらいは一緒に食べられるじゃない。,0.0,0.0,哼，快來幫忙。快點做完……就可以一起吃飯了。,0.0,0.0,哼，快来帮忙。快点做完……就可以一起吃饭了。,0.0,0.0,787,303172
789,1005,1005101,0,0,15,,옷에 묻지는 않겠지……?,0.0,0.0,It won’t get on my clothes… right?,0.0,0.0,服についてないわよね……？,0.0,0.0,不會沾到衣服吧……？,0.0,0.0,不会沾到衣服吧……？,0.0,0.0,788,303668
790,1005,1005101,0,0,15,,왜 자꾸 주문을 외워달라는 거야…….,0.0,0.0,Why do you keep asking me to memorize the orders…?,0.0,0.0,なんでまたおまじない唱えろって言うのよ……。,0.0,0.0,為什麼一直叫我背餐點啊……,0.0,0.0,为什么一直叫我背餐点啊……,0.0,0.0,789,303936
791,1005,1005101,0,0,15,,오늘 뭐할 거야?\n뭐…북카페 같은 곳도 괜찮고\n디저트 가게 같은 곳도 괜찮아.\n네가 정해줘.,0.0,0.0,What are we doing today? I mean… a book cafe or a dessert place is fine. You choose.,0.0,0.0,今日は何するの？まあ…ブックカフェもいいし…スイーツのお店もいいわ。あんたが決めて。,0.0,0.0,今天要幹嘛？像是……去書咖也不錯……甜點店也可以，你來決定。,0.0,0.0,今天要干嘛？像是……去书咖也不错……甜点店也可以，你来决定。,0.0,0.0,790,304276
792,1005,1005101,0,0,15,,할 일은 다했어? 어서 끝내야 놀지.,0.0,0.0,Done with your work? Hurry and finish so we can hang out.,0.0,0.0,仕事は終わった？早く終わらせないと遊べないでしょ。,0.0,0.0,事情都做完了嗎？快來跟我玩啦。,0.0,0.0,事情都做完了吗？快来跟我玩啦。,0.0,0.0,791,304888
793,1005,1005101,14,0,19,Kaede/Voice_Kaede_Effect_4,딱히 이런 걸 준다고 해서 기뻐할 리가…웃지나 말라고? 나 안 웃었어!,0.0,0.0,Like I’d be happy just because of this… Don’t say I’m smiling! I’m not!,0.0,0.0,別に、こんなのもらったからって喜ぶわけ…笑うなって？笑ってないわよ！,0.0,0.0,我才不會因為你給我這個就開心……我才沒在笑！,0.0,0.0,我才不会因为你给我这个就开心……我才没在笑！,0.0,0.0,792,305256
794,1005,1005101,1,1,8,Kaede/Voice_KaedeCasual_MaidApp_1,머리도 묶고 했는데 알아봐 주겠지…?,0.0,0.0,"I even tied my hair up… You noticed, right…?",0.0,0.0,髪も結んだし、気づいてくれるかな…？,0.0,0.0,把頭髮綁起來，不會認不出我吧……？,0.0,0.0,把头发绑起来，不会认不出我吧……？,0.0,0.0,793,305792
795,1005,1005101,13,8,8,Kaede/Voice_KaedeCasual_MaidApp_2,"뭘 봐! 나, 나도 이 정도 옷은 입을 수 있잖아!",0.0,0.0,What are you looking at! I-I can wear this kind of outfit too!,0.0,0.0,な、なによ！私だってこれくらいの服は着れるんだから！,0.0,0.0,看什麼看啦！我也會穿這種衣服好嗎？,0.0,0.0,看什么看啦！我也会穿这种衣服好吗？,0.0,0.0,794,306176
796,1005,1005101,10,5,8,Kaede/Voice_KaedeCasual_MaidApp_3,음…키가 더 작아 보이진 않겠지?,0.0,0.0,Hmm… Do I look even shorter in this?,0.0,0.0,うーん…背がもっと低く見えちゃわないかしら？,0.0,0.0,嗯……不會看起來更矮吧？,0.0,0.0,嗯……不会看起来更矮吧？,0.0,0.0,795,306608
797,1005,1005101,1,1,8,Kaede/Voice_KaedeCasual_MaidApp_4,유키가 추천해준 건데…잘 어울리는 거겠지?,0.0,0.0,"Yuki picked this for me… It suits me, right?",0.0,0.0,ユキが選んでくれた服、似合ってるかな？,0.0,0.0,這是由紀推薦的……應該滿合適的吧？,0.0,0.0,这是由纪推荐的……应该满合适的吧？,0.0,0.0,796,306956
798,1005,1005101,1,1,8,Kaede/Voice_KaedeCasual_MaidApp_5,"어, 어때? 조금…이상한가…….",0.0,0.0,H-How is it? Is it… weird?,0.0,0.0,ど、どう？ちょっと…変じゃないかな……？,0.0,0.0,怎麼樣？有點……奇怪嗎……,0.0,0.0,怎么样？有点……奇怪吗……,0.0,0.0,797,307352
799,1005,1005101,13,8,8,Kaede/Voice_KaedeCasual_MaidApp_6,흥! 잔말 말고 어서 가자고!,0.0,0.0,"Hmph! Enough talking, let’s just go already!",0.0,0.0,ふん！余計なこと言ってないで、さっさと行くわよ！,0.0,0.0,哼！別說廢話了，快走啦！,0.0,0.0,哼！别说废话了，快走啦！,0.0,0.0,798,307688
800,1005,1005101,14,0,8,Kaede/Voice_KaedeCasual_MaidApp_7,"이봐, 날 너무 기다리게 하는 거 아니야?",0.0,0.0,"Hey, aren’t you keeping me waiting too long?",0.0,0.0,ちょっと待たせすぎじゃない？,0.0,0.0,喂，讓我等太久了吧？,0.0,0.0,喂，让我等太久了吧？,0.0,0.0,799,308040
801,1005,1005101,13,8,8,Kaede/Voice_KaedeCasual_MaidApp_8,조금 칭찬한 걸로 기뻐하거나 하지 않거든?!,0.0,0.0,"Don’t think I’m happy just ’cause you complimented me, okay?!",0.0,0.0,ちょっと褒めたくらいで、調子に乗らないでよね!?,0.0,0.0,我才不會因為你稱讚我一下就開心咧！,0.0,0.0,我才不会因为你称赞我一下就开心咧！,0.0,0.0,800,308376
802,1005,1005101,14,0,8,Kaede/Voice_KaedeCasual_MaidApp_9,"그래서, 오늘은 어디로 갈 거야? 장소는 네가 정했겠지?",0.0,0.0,"So, where are we going today? You picked the place, right?",0.0,0.0,で、今日はどこ行くの？場所は決めてるんでしょ？,0.0,0.0,那今天要去哪？你應該選好地點了吧？,0.0,0.0,那今天要去哪？你应该选好地点了吧？,0.0,0.0,801,308800
803,1005,1005101,10,5,8,Kaede/Voice_KaedeCasual_MaidApp_10,"……전에 괜찮은 음식점을 찾았는데, 거기로 갈래? 뭐, 안 가도 상관없고……. 거기 정말 맛있어 보이긴 했는데…….",0.0,0.0,…I found a nice restaurant before. Want to go? Not that I care or anything… It just looked kinda good…,0.0,0.0,……前に、いいお店見つけたけど、そこ行く？べ、別に行かなくてもいいし……。でも、そこ、すごく美味しそうだったし……。,0.0,0.0,……之前有找到一間不錯的餐廳，要一起去嗎？嗯，不去也沒差……只是看起來真的很好吃……,0.0,0.0,……之前有找到一间不错的餐厅，要一起去吗？嗯，不去也没差……只是看起来真的很好吃……,0.0,0.0,802,309236
804,1005,1005101,1,1,9,Kaede/Voice_Kaede_Hello_3,"흥, 늦었잖아. 이거나 가져가.",0.0,0.0,"Hmph, you're late. Just take this.",0.0,0.0,ふん、遅かったじゃない。これでも持って行きなさいよ。,0.0,0.0,哼，太晚了吧！這個拿去啦。,0.0,0.0,哼，太晚了吧！这个拿去啦。,0.0,0.0,803,310056
805,1005,1005101,1,1,18,Kaede/Voice_Kaede_Hello_4,오늘도 제시간에 왔네.\n오늘 보상은 조금 더 특별할지도 모르겠어.,0.0,0.0,You're right on time again today. The reward might be a bit more special.,0.0,0.0,今日も時間通りに来たわね。今日の報酬はちょっと特別かも。,0.0,0.0,今天也準時來啦？說不定今天的獎勵會更特別。,0.0,0.0,今天也准时来啦？说不定今天的奖励会更特别。,0.0,0.0,804,310408
806,1005,1005101,11,6,10,Kaede/Voice_Kaede_Hello_5,……뭐 들었어?,0.0,0.0,……What did you get?,0.0,0.0,……何が入ってるの？,0.0,0.0,……你聽到了什麼？,0.0,0.0,……你听到了什么？,0.0,0.0,805,310904
807,1005,1005101,11,6,10,Kaede/Voice_Kaede_Hello_6,"따, 딱히 뭘 받았는지\n궁금한 건 아니야!",0.0,0.0,I-I’m not exactly curious about what you got or anything!,0.0,0.0,べ、別に、何をもらったのか気になってるわけじゃないから！,0.0,0.0,也沒……沒什麼特別想問的！,0.0,0.0,也没……没什么特别想问的！,0.0,0.0,806,311152
808,1005,1005101,0,0,11,Kaede/Voice_Kaede_Dormitory_1,"뭐야, 할 말이라도 있어?",0.0,0.0,"What, you got something to say?",0.0,0.0,何よ。何か言いたいことでもあるの？,0.0,0.0,幹嘛？有話想說？,0.0,0.0,干嘛？有话想说？,0.0,0.0,807,311548
809,1005,1005101,0,0,12,Kaede/Voice_Kaede_Dormitory_2,그런 게 왜 궁금한 거야?,0.0,0.0,Why do you want to know that?,0.0,0.0,なぜそんなことが気になるの？,0.0,0.0,幹嘛對那個好奇？,0.0,0.0,干嘛对那个好奇？,0.0,0.0,808,311832
810,1005,1005101,0,0,13,Kaede/Voice_Kaede_Dormitory_3,"뭐, 너한텐 말해도 상관없겠지.",0.0,0.0,"Well, I don't mind telling you.",0.0,0.0,まあ、あんたには言ってもいいけど。,0.0,0.0,反正，告訴你也無所謂啦。,0.0,0.0,反正，告诉你也无所谓啦。,0.0,0.0,809,312108
811,1005,1005101,0,0,14,Kaede/Voice_Kaede_DormitoryOpen_1,"뭐…방 여벌 열쇠 정돈 줄게…내, 내가 열쇠를 잃어버릴 수도 있잖아!",0.0,0.0,"Well… I’ll give you a spare key for the room… I-I might lose my key, you know!",0.0,0.0,まぁ…部屋の予備の鍵くらいあげるわよ…わ、私が鍵をなくすかもしれないじゃない！,0.0,0.0,嗯……房間多的備用鑰匙給你……因為我可能會不小心弄丟！,0.0,0.0,嗯……房间多的备用钥匙给你……因为我可能会不小心弄丢！,0.0,0.0,810,312428
812,1005,1005201,0,0,5,,잠시 시간 있어?,0.0,0.0,Got a moment?,0.0,0.0,少し時間ある？,0.0,0.0,有空聊一會兒嗎？,0.0,0.0,有空聊一会儿吗？,0.0,0.0,811,313016
813,1005,1005201,14,0,17,Kaede/Voice_KaedeSwimSuit_MaidApp_8,난 조용히 튜브 위에서 둥둥 떠다니고 싶어.,0.0,0.0,I just want to float quietly on a tube.,0.0,0.0,私は、静かに浮き輪の上でぷかぷか浮かんでたいの。,0.0,0.0,我想安靜地躺在泳圈上漂浮。,0.0,0.0,我想安静地躺在泳圈上漂浮。,0.0,0.0,812,313216
814,1005,1005201,0,0,0,Kaede/Voice_Kaede_Effect_4,다음에도 또 오던지!,0.0,0.0,"Come back next time, or whatever!",0.0,0.0,また来たら？,0.0,0.0,下次再來！,0.0,0.0,下次再来！,0.0,0.0,813,313592
815,1005,1005201,0,0,16,Kaede/Voice_KaedeBasic_Complete_2,주문 같은 거\n외워줄 리 없잖아!,0.0,0.0,Why would I memorize your order?!,0.0,0.0,呪文なんて唱えるわけないじゃない！,0.0,0.0,我怎麼可能記得住點餐內容啊！,0.0,0.0,我怎么可能记得住点餐内容啊！,0.0,0.0,814,313824
816,1005,1005201,0,0,16,Kaede/Voice_KaedeBasic_Complete_1,먹든지 말든지\n알아서 해!,0.0,0.0,"Eat it or not, do as you like!",0.0,0.0,食べるも食べないも勝手にしなさい！,0.0,0.0,想吃就吃，不吃拉倒！,0.0,0.0,想吃就吃，不吃拉倒！,0.0,0.0,815,314168
817,1005,1005201,0,0,6,Kaede/Voice_KaedeBasic_In_2,……조금 졸리네.,0.0,0.0,……Feeling a bit sleepy.,0.0,0.0,……ちょっと眠いわ。,0.0,0.0,……有點睏了。,0.0,0.0,……有点困了。,0.0,0.0,816,314476
818,1005,1005201,0,0,6,Kaede/Voice_KaedeBasic_In_1,키…더 크겠지…?,0.0,0.0,I-I'll definitely grow taller… right?,0.0,0.0,身長…もっと大きくなれるかな…？,0.0,0.0,應該會繼續長高吧…？,0.0,0.0,应该会继续长高吧…？,0.0,0.0,817,314724
819,1005,1005201,0,0,6,Kaede/Voice_KaedeBasic_In_3,"더, 더 클 수 있거든?!",0.0,0.0,I can totally get taller!,0.0,0.0,も、もっと伸びるんだから!?,0.0,0.0,我一定會再長高的好嗎？！,0.0,0.0,我一定会再长高的好吗？ ！,0.0,0.0,818,315016
820,1005,1005201,0,0,6,Kaede/Voice_KaedeBasic_In_4,차가운 핫초코 따위\n있을 리 없잖아?!,0.0,0.0,"There’s no such thing as cold hot chocolate, okay?!",0.0,0.0,冷たいホットチョコなんてあるわけないでしょ!?,0.0,0.0,根本就沒有冰的熱巧克力啊！？,0.0,0.0,根本就没有冰的热巧克力啊！ ？,0.0,0.0,819,315304
821,1005,1005201,0,0,6,Kaede/Voice_KaedeBasic_In_5,"먹든지, 말든지\n알아서 해!",0.0,0.0,"Eat it or don’t, do whatever you want!",0.0,0.0,食べるも食べないも好きにしなさい！,0.0,0.0,想吃就吃，不吃拉倒！,0.0,0.0,想吃就吃，不吃拉倒！,0.0,0.0,820,315684
822,1005,1005201,0,0,6,Kaede/Voice_KaedeBasic_In_6,주문 받을 거니까\n재촉하지 마!,0.0,0.0,"I’ll take your order, so stop rushing me!",0.0,0.0,注文取ってるんだから急かさないでよ！,0.0,0.0,我會去點餐的，不要催！,0.0,0.0,我会去点餐的，不要催！,0.0,0.0,821,315992
823,1005,1005201,0,0,7,Kaede/Voice_KaedeBasic_In_2,……조금 졸리네.,0.0,0.0,……Feeling a bit sleepy.,0.0,0.0,……ちょっと眠いわ。,0.0,0.0,……有點睏了。,0.0,0.0,……有点困了。,0.0,0.0,822,316324
824,1005,1005201,0,0,7,Kaede/Voice_KaedeBasic_In_1,키…더 크겠지…?,0.0,0.0,I-I'll definitely grow taller… right?,0.0,0.0,身長…もっと大きくなれるかな…？,0.0,0.0,應該會繼續長高吧…？,0.0,0.0,应该会继续长高吧…？,0.0,0.0,823,316572
825,1005,1005201,0,0,7,Kaede/Voice_KaedeBasic_In_3,"더, 더 클 수 있거든?!",0.0,0.0,I can totally get taller!,0.0,0.0,も、もっと伸びるんだから!?,0.0,0.0,我一定會再長高的好嗎？！,0.0,0.0,我一定会再长高的好吗？ ！,0.0,0.0,824,316864
826,1005,1005201,0,0,7,Kaede/Voice_KaedeBasic_In_4,차가운 핫초코 따위\n있을 리 없잖아?!,0.0,0.0,"There’s no such thing as cold hot chocolate, okay?!",0.0,0.0,冷たいホットチョコなんてあるわけないでしょ!?,0.0,0.0,根本就沒有冰的熱巧克力啊！？,0.0,0.0,根本就没有冰的热巧克力啊！ ？,0.0,0.0,825,317152
827,1005,1005201,0,0,7,Kaede/Voice_KaedeBasic_In_5,"먹든지, 말든지\n알아서 해!",0.0,0.0,"Eat it or don’t, do whatever you want!",0.0,0.0,食べるも食べないも好きにしなさい！,0.0,0.0,想吃就吃，不吃拉倒！,0.0,0.0,想吃就吃，不吃拉倒！,0.0,0.0,826,317532
828,1005,1005201,0,0,7,Kaede/Voice_KaedeBasic_In_6,주문 받을 거니까\n재촉하지 마!,0.0,0.0,"I’ll take your order, so stop rushing me!",0.0,0.0,注文取ってるんだから急かさないでよ！,0.0,0.0,我會去點餐的，不要催！,0.0,0.0,我会去点餐的，不要催！,0.0,0.0,827,317840
829,1005,1005201,0,0,7,Kaede/Voice_KaedeBasic_Out_1,알아서 가져다줄\n거라고!,0.0,0.0,"I’ll bring it over when it’s ready, geez!",0.0,0.0,勝手に持って行くんだから！,0.0,0.0,我會自己拿過去！,0.0,0.0,我会自己拿过去！,0.0,0.0,828,318172
830,1005,1005201,0,0,7,Kaede/Voice_KaedeBasic_Out_2,"흥, 이런 건\n기본이지!",0.0,0.0,"Hmph, this is just basic stuff!",0.0,0.0,ふん、こんなの基本でしょ！,0.0,0.0,哼，這是基本的啊！,0.0,0.0,哼，这是基本的啊！,0.0,0.0,829,318460
831,1005,1005201,0,0,7,Kaede/Voice_KaedeBasic_Out_3,"너, 지금 내가\n키 작다고\n생각했지?!",0.0,0.0,"You… you just thought I’m short, didn’t you?!",0.0,0.0,あんた、今私のこと背が低いって思ったでしょ!?,0.0,0.0,你！現在是不是覺得我很矮？,0.0,0.0,你！现在是不是觉得我很矮？,0.0,0.0,830,318736
832,1005,1005201,0,0,7,Kaede/Voice_KaedeBasic_Out_4,주문한 메뉴\n나왔으니까\n알아서 먹어!,0.0,0.0,"Your order’s here, so eat it yourself!",0.0,0.0,注文したメニューできたから勝手に食べてよ！,0.0,0.0,餐點來了，快吃啦！,0.0,0.0,餐点来了，快吃啦！,0.0,0.0,831,319104
833,1005,1005201,0,0,7,Kaede/Voice_KaedeBasic_Out_5,내 날개는\n만지면 안 돼!,0.0,0.0,Don’t touch my wings!,0.0,0.0,私の翼は触っちゃダメ！,0.0,0.0,不要亂摸我的翅膀！,0.0,0.0,不要乱摸我的翅膀！,0.0,0.0,832,319432
834,1005,1005201,0,0,7,Kaede/Voice_KaedeBasic_Out_6,카페를 위해서\n일하는 거니까\n감사하라고!,0.0,0.0,"I’m working for the cafe, so you should be grateful!",0.0,0.0,カフェのために働いてるんだから感謝しなさいよ！,0.0,0.0,我是為了咖啡廳才工作的，所以你該感謝我！,0.0,0.0,我是为了咖啡厅才工作的，所以你该感谢我！,0.0,0.0,833,319700
835,1005,1005201,0,0,7,Kaede/Voice_Kaede_Hello_2,뭐?! 그딴 주문을 외우라고……?,0.0,0.0,What?! You want me to chant that spell……?,0.0,0.0,ああ!? そんな、呪文を唱えろって……？,0.0,0.0,什麼？！要我背下那些餐點……？,0.0,0.0,什么？ ！要我背下那些餐点……？,0.0,0.0,834,320124
836,1005,1005201,0,0,15,,"뭐해, 더운 데 멍하니 있지 말고 주문받으러 가자.",0.0,0.0,What are you doing? Don’t just stand around in the heat—go take some orders.,0.0,0.0,こんなに暑いのに、なにぼうっとしてるの？注文取りに行きましょ。,0.0,0.0,幹嘛坐在這發呆，快去幫客人點餐啦。,0.0,0.0,干嘛坐在这发呆，快去帮客人点餐啦。,0.0,0.0,835,320484
837,1005,1005201,0,0,15,,더운데 혼자서 일하지 마. 도와줄 테니까.\n……귀찮아지는 게 싫은 것뿐이야.,0.0,0.0,"Don’t work alone in this heat. I’ll help… Not because I want to, I just don’t like trouble.",0.0,0.0,暑いから一人で働かないでよ。手伝ってあげるから。\n……あとで面倒になるのが嫌なだけ。,0.0,0.0,天氣那麼熱別自己瞎忙，我來幫你啦\n……我只是嫌麻煩而已。,0.0,0.0,天气那么热别自己瞎忙，我来帮你啦\n……我只是嫌麻烦而已。,0.0,0.0,836,320920
838,1005,1005201,0,0,15,,이런 옷을 입고 일하게 하다니…정말 효과 있는 거 맞아?,0.0,0.0,Making me work in this outfit… Does it really work?,0.0,0.0,こんな服で働かせるなんて…ちゃんと効果あるの？,0.0,0.0,讓我穿這種衣服工作……真的有效果嗎？,0.0,0.0,让我穿这种衣服工作……真的有效果吗？,0.0,0.0,837,321508
839,1005,1005201,0,0,15,,"여름이라 그런지, 시원한 음식들이 인기가 많네. 바빠지겠어.",0.0,0.0,Must be summer—cold dishes are popular. Looks like we’ll be busy.,0.0,0.0,夏だからか、冷たい食べ物が人気ね。忙しくなりそう。,0.0,0.0,大概是因為夏天吧，清涼飲品很受歡迎呢，看來要變忙了。,0.0,0.0,大概是因为夏天吧，清凉饮品很受欢迎呢，看来要变忙了。,0.0,0.0,838,321912
840,1005,1005201,0,0,15,,오늘따라 땀이 많이 나네…에어컨 온도라도 낮춰야 하나…….,0.0,0.0,I’m sweating a lot today… Should we lower the air conditioner?,0.0,0.0,今日はやけに汗が出るわね…冷房の温度を下げた方がいいかな……。,0.0,0.0,今天流好多汗……冷氣溫度要再調低一點嗎……？,0.0,0.0,今天流好多汗……冷气温度要再调低一点吗……？,0.0,0.0,839,322392
841,1005,1005201,14,0,19,Kaede/Voice_Kaede_Effect_4,"뭐, 나쁘지 않네. 오늘은 특별한 날이니까\n감사 인사정돈 해줄게!",0.0,0.0,"Well, not bad. Since today’s special, I’ll at least say thanks!",0.0,0.0,まあ、悪くないわね。今日は特別な日だから\nお礼くらい言ってあげる！,0.0,0.0,嗯，還不錯啦！畢竟今天是特別的日子\n我就道個謝吧！,0.0,0.0,嗯，还不错啦！毕竟今天是特别的日子\n我就道个谢吧！,0.0,0.0,840,322864
842,1005,1005201,1,1,8,Kaede/Voice_KaedeSwimSuit_MaidApp_1,윽…수영복은 무슨 수영복이야…부끄럽게.,0.0,0.0,Ugh… What swimsuit? This is so embarrassing.,0.0,0.0,っ…水着ってなによ…恥ずかしいじゃない。,0.0,0.0,呃……穿什麼泳裝啦……好害羞。,0.0,0.0,呃……穿什么泳装啦……好害羞。,0.0,0.0,841,323388
843,1005,1005201,1,1,8,Kaede/Voice_KaedeSwimSuit_MaidApp_2,"막, 이상하거나 하진 않겠지……?",0.0,0.0,"It’s not… weird or anything, right?",0.0,0.0,なんか、変じゃないわよね…？,0.0,0.0,不會很奇怪吧……？,0.0,0.0,不会很奇怪吧……？,0.0,0.0,842,323776
844,1005,1005201,13,8,8,Kaede/Voice_KaedeSwimSuit_MaidApp_3,"윽, 유키…이런 수영복을 추천하다니…….",0.0,0.0,"Ugh, Yuki… How could she recommend this kind of swimsuit…",0.0,0.0,っ、ユキ…こんな水着を選ぶなんて……。,0.0,0.0,呃，由紀…竟然推薦我這種泳裝……,0.0,0.0,呃，由纪…竟然推荐我这种泳装……,0.0,0.0,843,324084
845,1005,1005201,11,6,8,Kaede/Voice_KaedeSwimSuit_MaidApp_4,날개에 물 닿아서 싫어…….,0.0,0.0,I hate when water touches my wings…,0.0,0.0,翼が濡れるから嫌……。,0.0,0.0,不想讓翅膀碰到水……,0.0,0.0,不想让翅膀碰到水……,0.0,0.0,844,324484
846,1005,1005201,13,8,8,Kaede/Voice_KaedeSwimSuit_MaidApp_5,……뭘 그렇게 빤히 쳐다보는 거야!,0.0,0.0,…Why are you staring like that!,0.0,0.0,……なにじろじろ見てるのよ！,0.0,0.0,……幹嘛那樣直直盯著我看啊！,0.0,0.0,……干嘛那样直直盯着我看啊！,0.0,0.0,845,324788
847,1005,1005201,13,8,8,Kaede/Voice_KaedeSwimSuit_MaidApp_6,"나, 나도 이런 걸 입고 싶어서 입은 게 아니야!",0.0,0.0,I-I didn’t wear this because I wanted to!,0.0,0.0,わ、私も着たくて着てるわけじゃないんだから！,0.0,0.0,我才不是自己想穿的！,0.0,0.0,我才不是自己想穿的！,0.0,0.0,846,325128
848,1005,1005201,14,0,8,Kaede/Voice_KaedeSwimSuit_MaidApp_7,……옷 괜찮다고? 그런가……?,0.0,0.0,…It looks good on me? Really…?,0.0,0.0,……服、似合うって？そうかな……？,0.0,0.0,……衣服好看？是嗎……？,0.0,0.0,……衣服好看？是吗……？,0.0,0.0,847,325492
849,1005,1005201,14,0,8,Kaede/Voice_KaedeSwimSuit_MaidApp_8,난 조용히 튜브 위에서 둥둥 떠다니고 싶어.,0.0,0.0,I just want to float quietly on a tube.,0.0,0.0,私は、静かに浮き輪の上でぷかぷか浮かんでたいの。,0.0,0.0,我想安靜地躺在泳圈上漂浮。,0.0,0.0,我想安静地躺在泳圈上漂浮。,0.0,0.0,848,325816
850,1005,1005201,1,1,9,Kaede/Voice_Kaede_Hello_3,"흥, 늦었잖아. 이거나 가져가.",0.0,0.0,"Hmph, you're late. Just take this.",0.0,0.0,ふん、遅かったじゃない。これでも持って行きなさいよ。,0.0,0.0,哼，太晚了吧！這個拿去啦。,0.0,0.0,哼，太晚了吧！这个拿去啦。,0.0,0.0,849,326192
851,1005,1005201,1,1,18,Kaede/Voice_Kaede_Hello_4,오늘도 제시간에 왔네.\n오늘 보상은 조금 더 특별할지도 모르겠어.,0.0,0.0,You're right on time again today. The reward might be a bit more special.,0.0,0.0,今日も時間通りに来たわね。今日の報酬はちょっと特別かも。,0.0,0.0,今天也準時來啦？說不定今天的獎勵會更特別。,0.0,0.0,今天也准时来啦？说不定今天的奖励会更特别。,0.0,0.0,850,326544
852,1005,1005201,11,6,10,Kaede/Voice_Kaede_Hello_5,……뭐 들었어?,0.0,0.0,……What did you get?,0.0,0.0,……何が入ってるの？,0.0,0.0,……你聽到了什麼？,0.0,0.0,……你听到了什么？,0.0,0.0,851,327040
853,1005,1005201,11,6,10,Kaede/Voice_Kaede_Hello_6,"따, 딱히 뭘 받았는지\n궁금한 건 아니야!",0.0,0.0,I-I’m not exactly curious about what you got or anything!,0.0,0.0,べ、別に、何をもらったのか気になってるわけじゃないから！,0.0,0.0,也沒……沒什麼特別想問的！,0.0,0.0,也没……没什么特别想问的！,0.0,0.0,852,327288
854,1005,1005201,0,0,11,Kaede/Voice_Kaede_Dormitory_1,"뭐야, 할 말이라도 있어?",0.0,0.0,"What, you got something to say?",0.0,0.0,何よ。何か言いたいことでもあるの？,0.0,0.0,幹嘛？有話想說？,0.0,0.0,干嘛？有话想说？,0.0,0.0,853,327684
855,1005,1005201,0,0,12,Kaede/Voice_Kaede_Dormitory_2,그런 게 왜 궁금한 거야?,0.0,0.0,Why do you want to know that?,0.0,0.0,なぜそんなことが気になるの？,0.0,0.0,幹嘛對那個好奇？,0.0,0.0,干嘛对那个好奇？,0.0,0.0,854,327968
856,1005,1005201,0,0,13,Kaede/Voice_Kaede_Dormitory_3,"뭐, 너한텐 말해도 상관없겠지.",0.0,0.0,"Well, I don't mind telling you.",0.0,0.0,まあ、あんたには言ってもいいけど。,0.0,0.0,反正，告訴你也無所謂啦。,0.0,0.0,反正，告诉你也无所谓啦。,0.0,0.0,855,328244
857,1005,1005201,0,0,14,Kaede/Voice_Kaede_DormitoryOpen_1,"뭐…방 여벌 열쇠 정돈 줄게…내, 내가 열쇠를 잃어버릴 수도 있잖아!",0.0,0.0,"Well… I’ll give you a spare key for the room… I-I might lose my key, you know!",0.0,0.0,まぁ…部屋の予備の鍵くらいあげるわよ…わ、私が鍵をなくすかもしれないじゃない！,0.0,0.0,嗯……房間多的備用鑰匙給你……因為我可能會不小心弄丟！,0.0,0.0,嗯……房间多的备用钥匙给你……因为我可能会不小心弄丢！,0.0,0.0,856,328564
858,1005,1005102,0,0,5,,잠시 시간 있어?,0.0,0.0,Got a moment?,0.0,0.0,少し時間ある？,0.0,0.0,有空聊一會兒嗎？,0.0,0.0,有空聊一会儿吗？,0.0,0.0,857,329152
859,1005,1005102,14,0,17,Kaede/Voice_Kaede_Effect_4,선생님도 자랑스러워할 만한 연주를 해낼게요.,0.0,0.0,I’ll play a performance the teacher can be proud of.,0.0,0.0,先生も誇りに思えるような演奏をしてみせます。,0.0,0.0,我要演奏出讓老師也感到自豪的音樂。,0.0,0.0,我要演奏出让老师也感到自豪的音乐。,0.0,0.0,858,329352
860,1005,1005102,0,0,0,Kaede/Voice_Kaede_Effect_4,다음에도 또 오던지!,0.0,0.0,"Come back next time, or whatever!",0.0,0.0,また来たら？,0.0,0.0,下次再來！,0.0,0.0,下次再来！,0.0,0.0,859,329760
861,1005,1005102,0,0,16,Kaede/Voice_KaedeBasic_Complete_2,주문 같은 거\n외워줄 리 없잖아!,0.0,0.0,Why would I memorize your order?!,0.0,0.0,呪文なんて唱えるわけないじゃない！,0.0,0.0,我怎麼可能記得住點餐內容啊！,0.0,0.0,我怎么可能记得住点餐内容啊！,0.0,0.0,860,329992
862,1005,1005102,0,0,16,Kaede/Voice_KaedeBasic_Complete_1,먹든지 말든지\n알아서 해!,0.0,0.0,"Eat it or not, do as you like!",0.0,0.0,食べるも食べないも勝手にしなさい！,0.0,0.0,想吃就吃，不吃拉倒！,0.0,0.0,想吃就吃，不吃拉倒！,0.0,0.0,861,330336
863,1005,1005102,0,0,6,Kaede/Voice_KaedeBasic_In_2,……조금 졸리네.,0.0,0.0,……Feeling a bit sleepy.,0.0,0.0,……ちょっと眠いわ。,0.0,0.0,……有點睏了。,0.0,0.0,……有点困了。,0.0,0.0,862,330644
864,1005,1005102,0,0,6,Kaede/Voice_KaedeBasic_In_1,키…더 크겠지…?,0.0,0.0,I-I'll definitely grow taller… right?,0.0,0.0,身長…もっと大きくなれるかな…？,0.0,0.0,應該會繼續長高吧…？,0.0,0.0,应该会继续长高吧…？,0.0,0.0,863,330892
865,1005,1005102,0,0,6,Kaede/Voice_KaedeBasic_In_3,"더, 더 클 수 있거든?!",0.0,0.0,I can totally get taller!,0.0,0.0,も、もっと伸びるんだから!?,0.0,0.0,我一定會再長高的好嗎？！,0.0,0.0,我一定会再长高的好吗？ ！,0.0,0.0,864,331184
866,1005,1005102,0,0,6,Kaede/Voice_KaedeBasic_In_4,차가운 핫초코 따위\n있을 리 없잖아?!,0.0,0.0,"There’s no such thing as cold hot chocolate, okay?!",0.0,0.0,冷たいホットチョコなんてあるわけないでしょ!?,0.0,0.0,根本就沒有冰的熱巧克力啊！？,0.0,0.0,根本就没有冰的热巧克力啊！ ？,0.0,0.0,865,331472
867,1005,1005102,0,0,6,Kaede/Voice_KaedeBasic_In_5,"먹든지, 말든지\n알아서 해!",0.0,0.0,"Eat it or don’t, do whatever you want!",0.0,0.0,食べるも食べないも好きにしなさい！,0.0,0.0,想吃就吃，不吃拉倒！,0.0,0.0,想吃就吃，不吃拉倒！,0.0,0.0,866,331852
868,1005,1005102,0,0,6,Kaede/Voice_KaedeBasic_In_6,주문 받을 거니까\n재촉하지 마!,0.0,0.0,"I’ll take your order, so stop rushing me!",0.0,0.0,注文取ってるんだから急かさないでよ！,0.0,0.0,我會去點餐的，不要催！,0.0,0.0,我会去点餐的，不要催！,0.0,0.0,867,332160
869,1005,1005102,0,0,7,Kaede/Voice_KaedeBasic_In_2,……조금 졸리네.,0.0,0.0,……Feeling a bit sleepy.,0.0,0.0,……ちょっと眠いわ。,0.0,0.0,……有點睏了。,0.0,0.0,……有点困了。,0.0,0.0,868,332492
870,1005,1005102,0,0,7,Kaede/Voice_KaedeBasic_In_1,키…더 크겠지…?,0.0,0.0,I-I'll definitely grow taller… right?,0.0,0.0,身長…もっと大きくなれるかな…？,0.0,0.0,應該會繼續長高吧…？,0.0,0.0,应该会继续长高吧…？,0.0,0.0,869,332740
871,1005,1005102,0,0,7,Kaede/Voice_KaedeBasic_In_3,"더, 더 클 수 있거든?!",0.0,0.0,I can totally get taller!,0.0,0.0,も、もっと伸びるんだから!?,0.0,0.0,我一定會再長高的好嗎？！,0.0,0.0,我一定会再长高的好吗？ ！,0.0,0.0,870,333032
872,1005,1005102,0,0,7,Kaede/Voice_KaedeBasic_In_4,차가운 핫초코 따위\n있을 리 없잖아?!,0.0,0.0,"There’s no such thing as cold hot chocolate, okay?!",0.0,0.0,冷たいホットチョコなんてあるわけないでしょ!?,0.0,0.0,根本就沒有冰的熱巧克力啊！？,0.0,0.0,根本就没有冰的热巧克力啊！ ？,0.0,0.0,871,333320
873,1005,1005102,0,0,7,Kaede/Voice_KaedeBasic_In_5,"먹든지, 말든지\n알아서 해!",0.0,0.0,"Eat it or don’t, do whatever you want!",0.0,0.0,食べるも食べないも好きにしなさい！,0.0,0.0,想吃就吃，不吃拉倒！,0.0,0.0,想吃就吃，不吃拉倒！,0.0,0.0,872,333700
874,1005,1005102,0,0,7,Kaede/Voice_KaedeBasic_In_6,주문 받을 거니까\n재촉하지 마!,0.0,0.0,"I’ll take your order, so stop rushing me!",0.0,0.0,注文取ってるんだから急かさないでよ！,0.0,0.0,我會去點餐的，不要催！,0.0,0.0,我会去点餐的，不要催！,0.0,0.0,873,334008
875,1005,1005102,0,0,7,Kaede/Voice_KaedeBasic_Out_1,알아서 가져다줄\n거라고!,0.0,0.0,"I’ll bring it over when it’s ready, geez!",0.0,0.0,勝手に持って行くんだから！,0.0,0.0,我會自己拿過去！,0.0,0.0,我会自己拿过去！,0.0,0.0,874,334340
876,1005,1005102,0,0,7,Kaede/Voice_KaedeBasic_Out_2,"흥, 이런 건\n기본이지!",0.0,0.0,"Hmph, this is just basic stuff!",0.0,0.0,ふん、こんなの基本でしょ！,0.0,0.0,哼，這是基本的啊！,0.0,0.0,哼，这是基本的啊！,0.0,0.0,875,334628
877,1005,1005102,0,0,7,Kaede/Voice_KaedeBasic_Out_3,"너, 지금 내가\n키 작다고\n생각했지?!",0.0,0.0,"You… you just thought I’m short, didn’t you?!",0.0,0.0,あんた、今私のこと背が低いって思ったでしょ!?,0.0,0.0,你！現在是不是覺得我很矮？,0.0,0.0,你！现在是不是觉得我很矮？,0.0,0.0,876,334904
878,1005,1005102,0,0,7,Kaede/Voice_KaedeBasic_Out_4,주문한 메뉴\n나왔으니까\n알아서 먹어!,0.0,0.0,"Your order’s here, so eat it yourself!",0.0,0.0,注文したメニューできたから勝手に食べてよ！,0.0,0.0,餐點來了，快吃啦！,0.0,0.0,餐点来了，快吃啦！,0.0,0.0,877,335272
879,1005,1005102,0,0,7,Kaede/Voice_KaedeBasic_Out_5,내 날개는\n만지면 안 돼!,0.0,0.0,Don’t touch my wings!,0.0,0.0,私の翼は触っちゃダメ！,0.0,0.0,不要亂摸我的翅膀！,0.0,0.0,不要乱摸我的翅膀！,0.0,0.0,878,335600
880,1005,1005102,0,0,7,Kaede/Voice_KaedeBasic_Out_6,카페를 위해서\n일하는 거니까\n감사하라고!,0.0,0.0,"I’m working for the cafe, so you should be grateful!",0.0,0.0,カフェのために働いてるんだから感謝しなさいよ！,0.0,0.0,我是為了咖啡廳才工作的，所以你該感謝我！,0.0,0.0,我是为了咖啡厅才工作的，所以你该感谢我！,0.0,0.0,879,335868
881,1005,1005102,0,0,7,Kaede/Voice_Kaede_Hello_2,뭐?! 그딴 주문을 외우라고……?,0.0,0.0,What?! You want me to chant that spell……?,0.0,0.0,ああ!? そんな、呪文を唱えろって……？,0.0,0.0,什麼？！要我背下那些餐點……？,0.0,0.0,什么？ ！要我背下那些餐点……？,0.0,0.0,880,336292
882,1005,1005102,0,0,15,,이번엔 뭘 할 생각이야?,0.0,0.0,What are you planning to do this time?,0.0,0.0,次は何をするの？,0.0,0.0,這次打算幹嘛？,0.0,0.0,这次打算干嘛？,0.0,0.0,881,336652
883,1005,1005102,0,0,15,,할 거 있으면\n얼른 얘기해 줘.\n도와줄테니까.,0.0,0.0,"If there's something to do, just tell me. I'll help.",0.0,0.0,やることあるなら早く言って。手伝うから。,0.0,0.0,要做什麼快點說，我會幫你啦。,0.0,0.0,要做什么快点说，我会帮你啦。,0.0,0.0,882,336884
884,1005,1005102,0,0,15,,딱히 도와주고 싶은 건\n아니거든!,0.0,0.0,It’s not like I want to help or anything!,0.0,0.0,別に、手伝いたいわけじゃないからね！,0.0,0.0,我沒有真的想幫忙好嗎！？,0.0,0.0,我没有真的想帮忙好吗！ ？,0.0,0.0,883,337236
885,1005,1005102,0,0,15,,서빙할 때도 박자에 맞춰서 걷는다면 도움이 되려나…….,0.0,0.0,Would it help if I walked in rhythm even while serving…?,0.0,0.0,サービングのときもリズムに合わせて歩けば役に立つかな……。,0.0,0.0,如果連上菜時都能踩著節奏走路，會有幫助嗎……。,0.0,0.0,如果连上菜时都能踩着节奏走路，会有帮助吗……。,0.0,0.0,884,337548
886,1005,1005102,0,0,15,,무대의 열기를 카페에서도 느껴보고 싶어!,0.0,0.0,I want to feel the heat of the stage even in the café!,0.0,0.0,ステージの熱気をカフェでも感じてみたい！,0.0,0.0,我也想在咖啡廳裡感受舞台的熱情！,0.0,0.0,我也想在咖啡厅里感受舞台的热情！,0.0,0.0,885,338004
887,1005,1005102,7,2,19,Kaede/Voice_Kaede_Effect_4,"선물이요……? 감사합니다, 소중히 할게요.",0.0,0.0,"A present…? Thank you, I’ll treasure it.",0.0,0.0,プレゼントですか……？ありがとうございます、大切にします。,0.0,0.0,禮物嗎……？謝謝，我會珍惜的。,0.0,0.0,礼物吗……？谢谢，我会珍惜的。,0.0,0.0,886,338360
888,1005,1005102,14,6,8,Kaede/Voice_Kaede_Effect_3,"원, 투…원, 투…이 박자가 엄청 어렵네…공연까지 할 수 있을까…….",0.0,0.0,"One, two… one, two… this rhythm is really tough… Will I make it to the performance…?",0.0,0.0,ワン、ツー……ワン、ツー……このリズムは本当に難しいな……公演までできるかな……。,0.0,0.0,一、二……一、二……這個節奏好難啊……能撐到演出嗎……。,0.0,0.0,一、二……一、二……这个节奏好难啊……能撑到演出吗……。,0.0,0.0,887,338764
889,1005,1005102,14,6,8,Kaede/Voice_Kaede_Effect_3,"아, 선생님. 오셨어요? 아직은 무언가 보여 드릴 만한 실력이 아니네요…….",0.0,0.0,"Ah, teacher. You’re here? I’m still not good enough to show you anything yet…",0.0,0.0,あ、先生。来られたんですね？まだお見せできるほどの実力はありません……。,0.0,0.0,啊，老師。您來了？我現在還沒什麼實力可以拿出來給您看呢……。,0.0,0.0,啊，老师。您来了？我现在还没什么实力可以拿出来给您看呢……。,0.0,0.0,888,339356
890,1005,1005102,14,1,8,Kaede/Voice_Kaede_Effect_2,공연 때는 실수하지 않겠어!,0.0,0.0,I won’t make mistakes during the performance!,0.0,0.0,公演のときには失敗しない！,0.0,0.0,演出時我絕不會出錯！,0.0,0.0,演出时我绝不会出错！,0.0,0.0,889,339948
891,1005,1005102,7,2,8,Kaede/Voice_Kaede_Effect_4,「F:rst Chord」라…곡 제목으로는 나쁘지 않네.,0.0,0.0,"“F:rst Chord,” huh… Not a bad title for a song.",0.0,0.0,「F:rst Chord」か……曲のタイトルとしては悪くないね。,0.0,0.0,「F:rst Chord」啊……作為曲名也不錯呢。,0.0,0.0,「F:rst Chord」啊……作为曲名也不错呢。,0.0,0.0,890,340256
892,1005,1005102,14,2,8,Kaede/Voice_Kaede_Effect_4,선생님도 자랑스러워할 만한 연주를 해낼게요.,0.0,0.0,I’ll play a performance the teacher can be proud of.,0.0,0.0,先生も誇りに思えるような演奏をしてみせます。,0.0,0.0,我要演奏出讓老師也感到自豪的音樂。,0.0,0.0,我要演奏出让老师也感到自豪的音乐。,0.0,0.0,891,340676
893,1005,1005102,14,2,8,Kaede/Voice_Kaede_Effect_4,"드, 드디어…성공했어! 공연할 수 있을 것 같아!",0.0,0.0,A-at last… I did it! I think I can perform now!,0.0,0.0,や、やっと……成功した！これで演奏できそう！,0.0,0.0,終、終於……成功了！好像能演出了！,0.0,0.0,终、终于……成功了！好像能演出了！,0.0,0.0,892,341084
894,1005,1005102,14,1,8,Kaede/Voice_Kaede_Effect_3,F…「F:rev」를 위하여……. 구호를 너무 부끄럽게 만들었잖아…….,0.0,0.0,F… For “F:rev”… The chant is way too embarrassing…,0.0,0.0,F……「F:rev」のために……。掛け声、恥ずかしすぎるよ……。,0.0,0.0,F……為了「F:rev」……。口號實在太羞恥了……。,0.0,0.0,F……为了「F:rev」……。口号实在太羞耻了……。,0.0,0.0,893,341488
895,1005,1005102,14,3,8,Kaede/Voice_Kaede_Effect_2,F반을 무시한 걸 후회하게 해주겠어!,0.0,0.0,I’ll make them regret looking down on Class F!,0.0,0.0,F組を侮ったことを後悔させてやる！,0.0,0.0,我要讓他們後悔小看F班！,0.0,0.0,我要让他们后悔小看F班！,0.0,0.0,894,341972
896,1005,1005102,1,1,9,Kaede/Voice_Kaede_Hello_3,"흥, 늦었잖아. 이거나 가져가.",0.0,0.0,"Hmph, you're late. Just take this.",0.0,0.0,ふん、遅かったじゃない。これでも持って行きなさいよ。,0.0,0.0,哼，太晚了吧！這個拿去啦。,0.0,0.0,哼，太晚了吧！这个拿去啦。,0.0,0.0,895,342308
897,1005,1005102,1,1,18,Kaede/Voice_Kaede_Hello_4,오늘도 제시간에 왔네.\n오늘 보상은 조금 더 특별할지도 모르겠어.,0.0,0.0,You're right on time again today. The reward might be a bit more special.,0.0,0.0,今日も時間通りに来たわね。今日の報酬はちょっと特別かも。,0.0,0.0,今天也準時來啦？說不定今天的獎勵會更特別。,0.0,0.0,今天也准时来啦？说不定今天的奖励会更特别。,0.0,0.0,896,342660
898,1005,1005102,11,6,10,Kaede/Voice_Kaede_Hello_5,……뭐 들었어?,0.0,0.0,……What did you get?,0.0,0.0,……何が入ってるの？,0.0,0.0,……你聽到了什麼？,0.0,0.0,……你听到了什么？,0.0,0.0,897,343156
899,1005,1005102,11,6,10,Kaede/Voice_Kaede_Hello_6,"따, 딱히 뭘 받았는지\n궁금한 건 아니야!",0.0,0.0,I-I’m not exactly curious about what you got or anything!,0.0,0.0,べ、別に、何をもらったのか気になってるわけじゃないから！,0.0,0.0,也沒……沒什麼特別想問的！,0.0,0.0,也没……没什么特别想问的！,0.0,0.0,898,343404
900,1005,1005102,0,0,11,Kaede/Voice_Kaede_Dormitory_1,"뭐야, 할 말이라도 있어?",0.0,0.0,"What, you got something to say?",0.0,0.0,何よ。何か言いたいことでもあるの？,0.0,0.0,幹嘛？有話想說？,0.0,0.0,干嘛？有话想说？,0.0,0.0,899,343800
901,1005,1005102,0,0,12,Kaede/Voice_Kaede_Dormitory_2,그런 게 왜 궁금한 거야?,0.0,0.0,Why do you want to know that?,0.0,0.0,なぜそんなことが気になるの？,0.0,0.0,幹嘛對那個好奇？,0.0,0.0,干嘛对那个好奇？,0.0,0.0,900,344084
902,1005,1005102,0,0,13,Kaede/Voice_Kaede_Dormitory_3,"뭐, 너한텐 말해도 상관없겠지.",0.0,0.0,"Well, I don't mind telling you.",0.0,0.0,まあ、あんたには言ってもいいけど。,0.0,0.0,反正，告訴你也無所謂啦。,0.0,0.0,反正，告诉你也无所谓啦。,0.0,0.0,901,344360
903,1005,1005102,0,0,14,Kaede/Voice_Kaede_DormitoryOpen_1,"뭐…방 여벌 열쇠 정돈 줄게…내, 내가 열쇠를 잃어버릴 수도 있잖아!",0.0,0.0,"Well… I’ll give you a spare key for the room… I-I might lose my key, you know!",0.0,0.0,まぁ…部屋の予備の鍵くらいあげるわよ…わ、私が鍵をなくすかもしれないじゃない！,0.0,0.0,嗯……房間多的備用鑰匙給你……因為我可能會不小心弄丟！,0.0,0.0,嗯……房间多的备用钥匙给你……因为我可能会不小心弄丢！,0.0,0.0,902,344680
904,1005,1005103,0,0,5,,잠시 시간 있어?,0.0,0.0,Got a moment?,0.0,0.0,少し時間ある？,0.0,0.0,有空聊一會兒嗎？,0.0,0.0,有空聊一会儿吗？,0.0,0.0,903,345268
905,1005,1005103,14,0,17,Kaede/Voice_Kaede_Effect_4,선생님도 자랑스러워할 만한 연주를 해낼게요.,0.0,0.0,I’ll play a performance the teacher can be proud of.,0.0,0.0,先生も誇りに思えるような演奏をしてみせます。,0.0,0.0,我要演奏出讓老師也感到自豪的音樂。,0.0,0.0,我要演奏出让老师也感到自豪的音乐。,0.0,0.0,904,345468
906,1005,1005103,0,0,0,Kaede/Voice_Kaede_Effect_4,다음에도 또 오던지!,0.0,0.0,"Come back next time, or whatever!",0.0,0.0,また来たら？,0.0,0.0,下次再來！,0.0,0.0,下次再来！,0.0,0.0,905,345876
907,1005,1005103,0,0,16,Kaede/Voice_KaedeBasic_Complete_2,주문 같은 거\n외워줄 리 없잖아!,0.0,0.0,Why would I memorize your order?!,0.0,0.0,呪文なんて唱えるわけないじゃない！,0.0,0.0,我怎麼可能記得住點餐內容啊！,0.0,0.0,我怎么可能记得住点餐内容啊！,0.0,0.0,906,346108
908,1005,1005103,0,0,16,Kaede/Voice_KaedeBasic_Complete_1,먹든지 말든지\n알아서 해!,0.0,0.0,"Eat it or not, do as you like!",0.0,0.0,食べるも食べないも勝手にしなさい！,0.0,0.0,想吃就吃，不吃拉倒！,0.0,0.0,想吃就吃，不吃拉倒！,0.0,0.0,907,346452
909,1005,1005103,0,0,6,Kaede/Voice_KaedeBasic_In_2,……조금 졸리네.,0.0,0.0,……Feeling a bit sleepy.,0.0,0.0,……ちょっと眠いわ。,0.0,0.0,……有點睏了。,0.0,0.0,……有点困了。,0.0,0.0,908,346760
910,1005,1005103,0,0,6,Kaede/Voice_KaedeBasic_In_1,키…더 크겠지…?,0.0,0.0,I-I'll definitely grow taller… right?,0.0,0.0,身長…もっと大きくなれるかな…？,0.0,0.0,應該會繼續長高吧…？,0.0,0.0,应该会继续长高吧…？,0.0,0.0,909,347008
911,1005,1005103,0,0,6,Kaede/Voice_KaedeBasic_In_3,"더, 더 클 수 있거든?!",0.0,0.0,I can totally get taller!,0.0,0.0,も、もっと伸びるんだから!?,0.0,0.0,我一定會再長高的好嗎？！,0.0,0.0,我一定会再长高的好吗？ ！,0.0,0.0,910,347300
912,1005,1005103,0,0,6,Kaede/Voice_KaedeBasic_In_4,차가운 핫초코 따위\n있을 리 없잖아?!,0.0,0.0,"There’s no such thing as cold hot chocolate, okay?!",0.0,0.0,冷たいホットチョコなんてあるわけないでしょ!?,0.0,0.0,根本就沒有冰的熱巧克力啊！？,0.0,0.0,根本就没有冰的热巧克力啊！ ？,0.0,0.0,911,347588
913,1005,1005103,0,0,6,Kaede/Voice_KaedeBasic_In_5,"먹든지, 말든지\n알아서 해!",0.0,0.0,"Eat it or don’t, do whatever you want!",0.0,0.0,食べるも食べないも好きにしなさい！,0.0,0.0,想吃就吃，不吃拉倒！,0.0,0.0,想吃就吃，不吃拉倒！,0.0,0.0,912,347968
914,1005,1005103,0,0,6,Kaede/Voice_KaedeBasic_In_6,주문 받을 거니까\n재촉하지 마!,0.0,0.0,"I’ll take your order, so stop rushing me!",0.0,0.0,注文取ってるんだから急かさないでよ！,0.0,0.0,我會去點餐的，不要催！,0.0,0.0,我会去点餐的，不要催！,0.0,0.0,913,348276
915,1005,1005103,0,0,7,Kaede/Voice_KaedeBasic_In_2,……조금 졸리네.,0.0,0.0,……Feeling a bit sleepy.,0.0,0.0,……ちょっと眠いわ。,0.0,0.0,……有點睏了。,0.0,0.0,……有点困了。,0.0,0.0,914,348608
916,1005,1005103,0,0,7,Kaede/Voice_KaedeBasic_In_1,키…더 크겠지…?,0.0,0.0,I-I'll definitely grow taller… right?,0.0,0.0,身長…もっと大きくなれるかな…？,0.0,0.0,應該會繼續長高吧…？,0.0,0.0,应该会继续长高吧…？,0.0,0.0,915,348856
917,1005,1005103,0,0,7,Kaede/Voice_KaedeBasic_In_3,"더, 더 클 수 있거든?!",0.0,0.0,I can totally get taller!,0.0,0.0,も、もっと伸びるんだから!?,0.0,0.0,我一定會再長高的好嗎？！,0.0,0.0,我一定会再长高的好吗？ ！,0.0,0.0,916,349148
918,1005,1005103,0,0,7,Kaede/Voice_KaedeBasic_In_4,차가운 핫초코 따위\n있을 리 없잖아?!,0.0,0.0,"There’s no such thing as cold hot chocolate, okay?!",0.0,0.0,冷たいホットチョコなんてあるわけないでしょ!?,0.0,0.0,根本就沒有冰的熱巧克力啊！？,0.0,0.0,根本就没有冰的热巧克力啊！ ？,0.0,0.0,917,349436
919,1005,1005103,0,0,7,Kaede/Voice_KaedeBasic_In_5,"먹든지, 말든지\n알아서 해!",0.0,0.0,"Eat it or don’t, do whatever you want!",0.0,0.0,食べるも食べないも好きにしなさい！,0.0,0.0,想吃就吃，不吃拉倒！,0.0,0.0,想吃就吃，不吃拉倒！,0.0,0.0,918,349816
920,1005,1005103,0,0,7,Kaede/Voice_KaedeBasic_In_6,주문 받을 거니까\n재촉하지 마!,0.0,0.0,"I’ll take your order, so stop rushing me!",0.0,0.0,注文取ってるんだから急かさないでよ！,0.0,0.0,我會去點餐的，不要催！,0.0,0.0,我会去点餐的，不要催！,0.0,0.0,919,350124
921,1005,1005103,0,0,7,Kaede/Voice_KaedeBasic_Out_1,알아서 가져다줄\n거라고!,0.0,0.0,"I’ll bring it over when it’s ready, geez!",0.0,0.0,勝手に持って行くんだから！,0.0,0.0,我會自己拿過去！,0.0,0.0,我会自己拿过去！,0.0,0.0,920,350456
922,1005,1005103,0,0,7,Kaede/Voice_KaedeBasic_Out_2,"흥, 이런 건\n기본이지!",0.0,0.0,"Hmph, this is just basic stuff!",0.0,0.0,ふん、こんなの基本でしょ！,0.0,0.0,哼，這是基本的啊！,0.0,0.0,哼，这是基本的啊！,0.0,0.0,921,350744
923,1005,1005103,0,0,7,Kaede/Voice_KaedeBasic_Out_3,"너, 지금 내가\n키 작다고\n생각했지?!",0.0,0.0,"You… you just thought I’m short, didn’t you?!",0.0,0.0,あんた、今私のこと背が低いって思ったでしょ!?,0.0,0.0,你！現在是不是覺得我很矮？,0.0,0.0,你！现在是不是觉得我很矮？,0.0,0.0,922,351020
924,1005,1005103,0,0,7,Kaede/Voice_KaedeBasic_Out_4,주문한 메뉴\n나왔으니까\n알아서 먹어!,0.0,0.0,"Your order’s here, so eat it yourself!",0.0,0.0,注文したメニューできたから勝手に食べてよ！,0.0,0.0,餐點來了，快吃啦！,0.0,0.0,餐点来了，快吃啦！,0.0,0.0,923,351388
925,1005,1005103,0,0,7,Kaede/Voice_KaedeBasic_Out_5,내 날개는\n만지면 안 돼!,0.0,0.0,Don’t touch my wings!,0.0,0.0,私の翼は触っちゃダメ！,0.0,0.0,不要亂摸我的翅膀！,0.0,0.0,不要乱摸我的翅膀！,0.0,0.0,924,351716
926,1005,1005103,0,0,7,Kaede/Voice_KaedeBasic_Out_6,카페를 위해서\n일하는 거니까\n감사하라고!,0.0,0.0,"I’m working for the cafe, so you should be grateful!",0.0,0.0,カフェのために働いてるんだから感謝しなさいよ！,0.0,0.0,我是為了咖啡廳才工作的，所以你該感謝我！,0.0,0.0,我是为了咖啡厅才工作的，所以你该感谢我！,0.0,0.0,925,351984
927,1005,1005103,0,0,7,Kaede/Voice_Kaede_Hello_2,뭐?! 그딴 주문을 외우라고……?,0.0,0.0,What?! You want me to chant that spell……?,0.0,0.0,ああ!? そんな、呪文を唱えろって……？,0.0,0.0,什麼？！要我背下那些餐點……？,0.0,0.0,什么？ ！要我背下那些餐点……？,0.0,0.0,926,352408
928,1005,1005103,0,0,15,,단 게 최고라니까! 시럽 10번 듬뿍 넣은 특제 커피 어때?,0.0,0.0,Sweetness is the best! How about a special coffee with 10 pumps of syrup?,0.0,0.0,甘いのが一番だってば！シロップを10回たっぷり入れた特製コーヒーはどう？,0.0,0.0,甜的才是最棒的！要不要來杯加了10次糖漿的新特製咖啡？,0.0,0.0,甜的才是最棒的！要不要来杯加了10次糖浆的新特制咖啡？,0.0,0.0,927,352768
929,1005,1005103,0,0,15,,주문받으러 가자.,0.0,0.0,Let's go take some orders.,0.0,0.0,注文を取りに行きましょう。,0.0,0.0,去點餐吧。,0.0,0.0,去点餐吧。,0.0,0.0,928,353272
930,1005,1005103,0,0,15,,이런 복장이라도 일은 할 수 있거든?,0.0,0.0,"I can still work even in an outfit like this, you know?",0.0,0.0,こんな格好でも仕事はできるんだからね？,0.0,0.0,穿成這樣我還是能工作的，好嗎？,0.0,0.0,穿成这样我还是能工作的，好吗？,0.0,0.0,929,353484
931,1005,1005103,0,0,15,,오늘은 손님이 얼마나 왔으려나?,0.0,0.0,I wonder how many customers we'll have today?,0.0,0.0,今日はどれくらいお客さんが来るかしら？,0.0,0.0,今天不知道會有多少客人呢？,0.0,0.0,今天不知道会有多少客人呢？,0.0,0.0,930,353832
932,1005,1005103,0,0,15,,"즐겁게 일하자고? 흥, 그러려면 같이 즐겁게 일해줘.",0.0,0.0,"Work happily? Hmph, well then you better work happily with me.",0.0,0.0,楽しく働こうって？ふん、それなら一緒に楽しく働いてよ。,0.0,0.0,要開心地工作？哼，既然這樣，那你就陪我一起開心地工作吧。,0.0,0.0,要开心地工作？哼，既然这样，那你就陪我一起开心地工作吧。,0.0,0.0,931,354152
933,1005,1005103,7,2,19,Kaede/Voice_Kaede_Effect_4,"이걸 나 주겠다고? 이렇게 좋은 걸… 아니, 흥! 딱히 필요 없는데... 뭐, 성의를 봐서 받아는 줄게.",0.0,0.0,"For me? Something this nice… I mean, hmph! I don't really need it... but fine, I'll take it since you went through the trouble.",0.0,0.0,これを私に？こんなに良いものを……。いえ、ふん！別に欲しくなんてないけど……まあ、誠意に免じて受け取ってあげるわ。,0.0,0.0,這個要給我？這麼好的東西……不、哼！我才不需要呢……不過，看在你的誠意上，我就收下吧。,0.0,0.0,这个要给我？这么好的东西……不、哼！我才不需要呢……不过，看在你的诚意上，我就收下吧。,0.0,0.0,932,354628
934,1005,1005103,13,8,8,Kaede/Voice_Kaede_Effect_5,……뭐? 내가 학교 다닐 때를 보는 것 같아서 좋다고? 그게 무슨 말이야!,0.0,0.0,……What? You like it because I look like I'm back in school? What's that supposed to mean!,0.0,0.0,……えっ？私が学生だった頃を見ているみたいで良いって？どういう意味よ！,0.0,0.0,……什麼？你說看到我就像看到我學生時代的樣子，所以覺得很好？那是什麽意思啊！,0.0,0.0,……什么？你说看到我就像看到我学生时代的样子，所以觉得很好？那是什么意思啊！,0.0,0.0,933,355440
935,1005,1005103,14,0,8,Kaede/Voice_Kaede_Effect_4,이 교복? 나도 잘 기억 안 나- 그냥 옷장에 있었어.,0.0,0.0,This uniform? I don't really remember—it was just in the closet.,0.0,0.0,この制服？私もよく覚えてないわ。ただクローゼットにあったのよ。,0.0,0.0,這套校服？我也不太記得了—就在衣櫃裡。,0.0,0.0,这套校服？我也不太记得了—就在衣柜里。,0.0,0.0,934,356088
936,1005,1005103,14,0,8,Kaede/Voice_Kaede_Effect_4,지금 내 모습을 보니까 뭔가 떠오르는 게 있는 거지? 특별히 어울려 줄 테니까 말해 봐.,0.0,0.0,"Seeing me like this brings something to mind, doesn't it? I'll humoring you, so go ahead and tell me.",0.0,0.0,今の私を見て、何か思い出したことがあるんでしょ？特別に付き合ってあげるから、言ってみなさいよ。,0.0,0.0,看到我現在的樣子，你是不是想起了什麼？我會特別配合你的，說說看吧。,0.0,0.0,看到我现在的样子，你是不是想起了什么？我会特别配合你的，说说看吧。,0.0,0.0,935,356556
937,1005,1005103,0,0,8,,"그… 날씨도 좋은데, 어디 안 갈래?",0.0,0.0,"The... weather is so nice, want to go somewhere?",0.0,0.0,その……天気もいいし、どこかに行かない？,0.0,0.0,那個……天氣這麼好，要不要去哪裡走走？,0.0,0.0,那个……天气这么好，要不要去哪里走走？,0.0,0.0,936,357236
938,1005,1005103,0,0,8,,왜 그렇게 봐? 내 얼굴에 뭐 묻었어?,0.0,0.0,Why are you staring? Is there something on my face?,0.0,0.0,どうしてそんなに見るの？顔に何かついてる？,0.0,0.0,幹嘛那樣看著我？我臉上有沾到什麼嗎？,0.0,0.0,干嘛那样看着我？我脸上有沾到什么吗？,0.0,0.0,937,357600
939,1005,1005103,11,6,8,Kaede/Voice_Kaede_Effect_3,……뭔가 할 말 없어? 뭐처럼 기분 좀 내본 건데…….,0.0,0.0,……Don't you have anything to say? I tried to dress up for a change…….,0.0,0.0,……何か言うことはないの？せっかく気分を出してみたのに……。,0.0,0.0,……沒什麼想說的嗎？難得想換個心情……。,0.0,0.0,……没什么想说的吗？难得想换个心情……。,0.0,0.0,938,357964
940,1005,1005103,1,1,9,Kaede/Voice_Kaede_Hello_3,"흥, 늦었잖아. 이거나 가져가.",0.0,0.0,"Hmph, you're late. Just take this.",0.0,0.0,ふん、遅かったじゃない。これでも持って行きなさいよ。,0.0,0.0,哼，太晚了吧！這個拿去啦。,0.0,0.0,哼，太晚了吧！这个拿去啦。,0.0,0.0,939,358444
941,1005,1005103,1,1,18,Kaede/Voice_Kaede_Hello_4,오늘도 제시간에 왔네.\n오늘 보상은 조금 더 특별할지도 모르겠어.,0.0,0.0,You're right on time again today. The reward might be a bit more special.,0.0,0.0,今日も時間通りに来たわね。今日の報酬はちょっと特別かも。,0.0,0.0,今天也準時來啦？說不定今天的獎勵會更特別。,0.0,0.0,今天也准时来啦？说不定今天的奖励会更特别。,0.0,0.0,940,358796
942,1005,1005103,11,6,10,Kaede/Voice_Kaede_Hello_5,……뭐 들었어?,0.0,0.0,……What did you get?,0.0,0.0,……何が入ってるの？,0.0,0.0,……你聽到了什麼？,0.0,0.0,……你听到了什么？,0.0,0.0,941,359292
943,1005,1005103,11,6,10,Kaede/Voice_Kaede_Hello_6,"따, 딱히 뭘 받았는지\n궁금한 건 아니야!",0.0,0.0,I-I’m not exactly curious about what you got or anything!,0.0,0.0,べ、別に、何をもらったのか気になってるわけじゃないから！,0.0,0.0,也沒……沒什麼特別想問的！,0.0,0.0,也没……没什么特别想问的！,0.0,0.0,942,359540
944,1005,1005103,0,0,11,Kaede/Voice_Kaede_Dormitory_1,"뭐야, 할 말이라도 있어?",0.0,0.0,"What, you got something to say?",0.0,0.0,何よ。何か言いたいことでもあるの？,0.0,0.0,幹嘛？有話想說？,0.0,0.0,干嘛？有话想说？,0.0,0.0,943,359936
945,1005,1005103,0,0,12,Kaede/Voice_Kaede_Dormitory_2,그런 게 왜 궁금한 거야?,0.0,0.0,Why do you want to know that?,0.0,0.0,なぜそんなことが気になるの？,0.0,0.0,幹嘛對那個好奇？,0.0,0.0,干嘛对那个好奇？,0.0,0.0,944,360220
946,1005,1005103,0,0,13,Kaede/Voice_Kaede_Dormitory_3,"뭐, 너한텐 말해도 상관없겠지.",0.0,0.0,"Well, I don't mind telling you.",0.0,0.0,まあ、あんたには言ってもいいけど。,0.0,0.0,反正，告訴你也無所謂啦。,0.0,0.0,反正，告诉你也无所谓啦。,0.0,0.0,945,360496
947,1005,1005103,0,0,14,Kaede/Voice_Kaede_DormitoryOpen_1,"뭐…방 여벌 열쇠 정돈 줄게…내, 내가 열쇠를 잃어버릴 수도 있잖아!",0.0,0.0,"Well… I’ll give you a spare key for the room… I-I might lose my key, you know!",0.0,0.0,まぁ…部屋の予備の鍵くらいあげるわよ…わ、私が鍵をなくすかもしれないじゃない！,0.0,0.0,嗯……房間多的備用鑰匙給你……因為我可能會不小心弄丟！,0.0,0.0,嗯……房间多的备用钥匙给你……因为我可能会不小心弄丢！,0.0,0.0,946,360816
948,1005,1005203,0,0,5,,잠시 시간 있어?,0.0,0.0,Got a moment?,0.0,0.0,少し時間ある？,0.0,0.0,有空聊一會兒嗎？,0.0,0.0,有空聊一会儿吗？,0.0,0.0,947,361404
949,1005,1005203,14,0,17,Kaede/Voice_KaedeChristmas_Out_1,"트리? 굳이 그런 걸 꾸며야 돼?\n귀찮게…뭐, 그래도 하면 예쁠지도.",0.0,0.0,A tree? Do we have to? Such a hassle... but it might look nice.,0.0,0.0,ツリー？なんでそんなの飾らなきゃいけないの？めんどくさい...。まあ、それでもきれいだけど。,0.0,0.0,一棵樹？我們為什麼要裝飾那個？真麻煩...還是很漂亮的,0.0,0.0,一棵树？我们为什么要装饰那个？真麻烦...还是很漂亮的,0.0,0.0,948,361604
950,1005,1005203,0,0,0,Kaede/Voice_KaedeChristmas_Complete_1,잘 가. 크리스마스니까 특별히 인사는 해줄게.,0.0,0.0,"Bye. It's Christmas, so I'll give you a special greeting.",0.0,0.0,それじゃあね。クリスマスだから特別に挨拶しておくね。,0.0,0.0,再見今天是聖誕節，所以我要給你一個特別的問候。,0.0,0.0,再见今天是圣诞节，所以我要给你一个特别的问候。,0.0,0.0,949,362164
951,1005,1005203,0,0,0,Kaede/Voice_KaedeChristmas_Complete_2,빨리 가.\n나도 크리스마스\n좀 즐겨야 하거든.,0.0,0.0,Hurry up. I have to enjoy Christmas myself.,0.0,0.0,早くしなさい。私もクリスマスを楽しまなきゃ。,0.0,0.0,快點我自己也要過聖誕節,0.0,0.0,快点我自己也要过圣诞节,0.0,0.0,950,362640
952,1005,1005203,0,0,16,Kaede/Voice_KaedeChristmas_Complete_3,얼른 먹으라고!,0.0,0.0,Hurry up and eat!,0.0,0.0,早く食べて,0.0,0.0,快點吃,0.0,0.0,快点吃,0.0,0.0,951,363016
953,1005,1005203,0,0,6,Kaede/Voice_KaedeChristmas_In_1,빨리 골라!\n크리스마스라고\n특별 대우는 없어!,0.0,0.0,Hurry up! No special treatment because it's Christmas!,0.0,0.0,急いで！クリスマスだからって特別扱いはしない,0.0,0.0,快點因為是聖誕節，所以沒有特殊待遇,0.0,0.0,快点因为是圣诞节，所以没有特殊待遇,0.0,0.0,952,363224
954,1005,1005203,0,0,6,Kaede/Voice_KaedeChristmas_In_2,크리스마스 특별 메뉴? 네가 알아서 고르라고!,0.0,0.0,Special Christmas menu? You choose!,0.0,0.0,クリスマスの特別メニュー？君が選べ,0.0,0.0,聖誕節特別菜單？你選吧,0.0,0.0,圣诞特别菜单？你选吧,0.0,0.0,953,363636
955,1005,1005203,0,0,6,Kaede/Voice_KaedeChristmas_In_3,크리스마스라고\n특별히 들어주는\n거니까 감사해!,0.0,0.0,It's special because it's Christmas. Thank you!,0.0,0.0,クリスマスだから特別ですありがとうございます,0.0,0.0,因為是聖誕節，所以特別！謝謝,0.0,0.0,因为是圣诞节，所以特别！谢谢,0.0,0.0,954,363976
956,1005,1005203,0,0,6,Kaede/Voice_KaedeChristmas_In_4,"어휴, 시간 다 가겠어. 주문 빨리 해.",0.0,0.0,"Ugh, we're running out of time. Hurry up and order.",0.0,0.0,うう、時間がない。急いで注文して。,0.0,0.0,我們沒時間了快點點菜吧,0.0,0.0,我们没时间了快点点菜吧,0.0,0.0,955,364368
957,1005,1005203,0,0,6,Kaede/Voice_KaedeChristmas_In_5,아직도 못 정한거야? 얼른 골라!,0.0,0.0,You still haven't decided? Hurry up!,0.0,0.0,まだ決めてないの？急いで！,0.0,0.0,你還沒決定？快點,0.0,0.0,你还没决定？快点,0.0,0.0,956,364712
958,1005,1005203,0,0,6,Kaede/Voice_KaedeChristmas_In_6,"흥, 금방\n준비해줄테니까\n기다려.",0.0,0.0,"Just wait, I'll have it ready in a minute.",0.0,0.0,待ってて、すぐ用意するから。,0.0,0.0,等著，我馬上就好。,0.0,0.0,等着，我马上就好。,0.0,0.0,957,365000
959,1005,1005203,0,0,7,Kaede/Voice_KaedeChristmas_In_1,빨리 골라!\n크리스마스라고\n특별 대우는 없어!,0.0,0.0,Hurry up! No special treatment because it's Christmas!,0.0,0.0,急いで！クリスマスだからって特別扱いはしない,0.0,0.0,快點因為是聖誕節，所以沒有特殊待遇,0.0,0.0,快点因为是圣诞节，所以没有特殊待遇,0.0,0.0,958,365312
960,1005,1005203,0,0,7,Kaede/Voice_KaedeChristmas_In_2,크리스마스 특별 메뉴? 네가 알아서 고르라고!,0.0,0.0,Special Christmas menu? You choose!,0.0,0.0,クリスマスの特別メニュー？君が選べ,0.0,0.0,聖誕節特別菜單？你選吧,0.0,0.0,圣诞特别菜单？你选吧,0.0,0.0,959,365724
961,1005,1005203,0,0,7,Kaede/Voice_KaedeChristmas_In_3,크리스마스라고\n특별히 들어주는\n거니까 감사해!,0.0,0.0,It's special because it's Christmas. Thank you!,0.0,0.0,クリスマスだから特別ですありがとうございます,0.0,0.0,因為是聖誕節，所以特別！謝謝,0.0,0.0,因为是圣诞节，所以特别！谢谢,0.0,0.0,960,366064
962,1005,1005203,0,0,7,Kaede/Voice_KaedeChristmas_In_4,"어휴, 시간 다 가겠어. 주문 빨리 해.",0.0,0.0,"Ugh, we're running out of time. Hurry up and order.",0.0,0.0,うう、時間がない。急いで注文して。,0.0,0.0,我們沒時間了快點點菜吧,0.0,0.0,我们没时间了快点点菜吧,0.0,0.0,961,366456
963,1005,1005203,0,0,7,Kaede/Voice_KaedeChristmas_In_5,아직도 못 정한거야? 얼른 골라!,0.0,0.0,You still haven't decided? Hurry up!,0.0,0.0,まだ決めてないの？急いで！,0.0,0.0,你還沒決定？快點,0.0,0.0,你还没决定？快点,0.0,0.0,962,366800
964,1005,1005203,0,0,7,Kaede/Voice_KaedeChristmas_In_6,"흥, 금방\n준비해줄테니까\n기다려.",0.0,0.0,"Just wait, I'll have it ready in a minute.",0.0,0.0,待ってて、すぐ用意するから。,0.0,0.0,等著，我馬上就好。,0.0,0.0,等着，我马上就好。,0.0,0.0,963,367088
965,1005,1005203,0,0,7,Kaede/Voice_KaedeChristmas_Out_1,"트리? 굳이 그런 걸 꾸며야 돼?\n귀찮게…뭐, 그래도 하면 예쁠지도.",0.0,0.0,A tree? Do we have to? Such a hassle... but it might look nice.,0.0,0.0,ツリー？なんでそんなの飾らなきゃいけないの？めんどくさい...。まあ、それでもきれいだけど。,0.0,0.0,一棵樹？我們為什麼要裝飾那個？真麻煩...還是很漂亮的,0.0,0.0,一棵树？我们为什么要装饰那个？真麻烦...还是很漂亮的,0.0,0.0,964,367400
966,1005,1005203,0,0,7,Kaede/Voice_KaedeChristmas_Out_2,선물 사러 가자고? ……같이 가면\n생각해볼게.,0.0,0.0,You want to go shopping for presents? ...... I'll think about it.,0.0,0.0,プレゼント買いに行く？......考えておくよ。,0.0,0.0,你想去買禮物嗎？ ……我會考慮的,0.0,0.0,你想去买礼物吗？......我会考虑的,0.0,0.0,965,367960
967,1005,1005203,0,0,7,Kaede/Voice_KaedeChristmas_Out_3,크리스마스만 지나면 키 클꺼야!,0.0,0.0,You'll be tall by Christmas!,0.0,0.0,クリスマスまでには背が伸びるよ！,0.0,0.0,到聖誕節就長高了,0.0,0.0,到圣诞节你就长高了,0.0,0.0,966,368368
968,1005,1005203,0,0,7,Kaede/Voice_KaedeChristmas_Out_4,추운데 왜 이렇게\n얇게 입고 다녀?\n감기 걸리면 누가\n간호해주냐고!,0.0,0.0,Why so lightly dressed in the cold? Who’ll take care of you if you get sick?,0.0,0.0,寒いのに、どうしてそんなに薄着なの？風邪引いたら誰が看病してくれるの？,0.0,0.0,如果天氣冷，為什麼穿得這麼單薄？如果你感冒了，誰來照顧你？,0.0,0.0,如果天气冷，你为什么穿得这么单薄？如果你感冒了，谁来照顾你？,0.0,0.0,967,368660
969,1005,1005203,0,0,7,Kaede/Voice_KaedeChristmas_Out_5,내 날개가 눈 따위에 질 것 같아?,0.0,0.0,Do you think my wings will get caught in the snow?,0.0,0.0,私の羽が雪に埋もれるかしら？,0.0,0.0,你覺得我的翅膀會被雪夾住嗎？,0.0,0.0,你觉得我的翅膀会被雪夹住吗？,0.0,0.0,968,369240
970,1005,1005203,0,0,7,Kaede/Voice_KaedeChristmas_Out_6,"크리스마스라고\n달달한 걸 먹고\n싶다니… 흠, 알았어. 딱 오늘만이다.",0.0,0.0,"I can't believe I want something sweet for Christmas... Hmm, okay, just for today.",0.0,0.0,クリスマスに甘いものが欲しいなんて...。うーん、オーケー、今日だけだよ。,0.0,0.0,我居然想要甜甜的聖誕禮物......好吧，就今天,0.0,0.0,我居然想要甜甜的圣诞礼物......好吧，就今天,0.0,0.0,969,369588
971,1005,1005203,0,0,15,,"크리스마스에도\n우리 카페를 이용해줘서\n고마워……이, 이런 대사는 다른 애들한테나 시켜!\n나는 이런 거에\n완전 재능 없으니까!",0.0,0.0,"Thanks for visiting our café even on Christmas…! Ugh, make someone else say this! I'm totally not good at this!",0.0,0.0,クリスマスでもうちのカフェを利用してくれてありがとう……！ っ、こんなセリフは他のやつに言わせろよ！ 俺はこういうの全然向いてないんだから！,0.0,0.0,感謝你在聖誕節也光顧我們的咖啡館……！呃，這種台詞讓別人來說吧！我完全不擅長這些！,0.0,0.0,感谢你在圣诞节也光顾我们的咖啡馆……！呃，这种台词让别人来说吧！我完全不擅长这些！,0.0,0.0,970,370116
972,1005,1005203,0,0,15,,이번엔 뭐 먹을거야?,0.0,0.0,What are you going to eat this time?,0.0,0.0,今回は何を食べる？,0.0,0.0,這次要吃什麼？,0.0,0.0,这次要吃什么？,0.0,0.0,971,370952
973,1005,1005203,0,0,15,,"얼른 주문해, 안 그럼\n다른 사람 주문부터\n받는다?",0.0,0.0,"Hurry up and order, or I'll take someone else's order first.",0.0,0.0,早く注文しろよ、じゃないと他の客の注文を先に取るぞ？,0.0,0.0,快點點單，不然我先接別人的訂單了？,0.0,0.0,快点点单，不然我先接别人的订单了？,0.0,0.0,972,371180
974,1005,1005203,0,0,15,,"트리에 별 달면\n예쁘겠지……?\n뭐, 굳이 그런 거 안해도\n상관은 없지만.\n일이나 하자!",0.0,0.0,"A star on the tree would look pretty, right…? Well, not like we have to do it or anything. Let’s just get to work!",0.0,0.0,ツリーに星を飾ったら綺麗だろうな……？ まあ、別にやらなくてもいいけどさ。仕事しようぜ！,0.0,0.0,在樹上掛星星應該會很好看吧……？嗯，不過不做也無所謂。還是趕緊幹活吧！,0.0,0.0,在树上挂星星应该会很好看吧……？嗯，不过不做也无所谓。还是赶紧干活吧！,0.0,0.0,973,371580
975,1005,1005203,0,0,15,,"자, 더 추워지기 전에\n얼른 주문하는 게 좋을걸?",0.0,0.0,"Come on, you’d better order before it gets even colder.",0.0,0.0,ほら、もっと寒くなる前に早く注文した方がいいぞ？,0.0,0.0,來吧，最好在天氣變得更冷之前趕緊點單。,0.0,0.0,来吧，最好在天气变得更冷之前赶紧点单。,0.0,0.0,974,372252
976,1005,1005203,14,0,19,Kaede/Voice_Kaede_Effect_4,"뭐, 나쁘지 않네. 오늘은 특별한 날이니까 감사 인사정돈 해줄게!",0.0,0.0,"Well, not bad. Since today’s special, I’ll at least say thanks!",0.0,0.0,まあ、悪くないわね。今日は特別な日だから お礼くらい言ってあげる！,0.0,0.0,嗯，還不錯啦！畢竟今天是特別的日子 我就道個謝吧！,0.0,0.0,嗯，还不错啦！毕竟今天是特别的日子 我就道个谢吧！,0.0,0.0,975,372656
977,1005,1005203,7,2,8,Kaede/Voice_KaedeChristmas_MaidApp_1,"흥, 어차피 크리스마스에 혼자지? 같이 있어줄테니까, 감사하라고.",0.0,0.0,"Well, you're alone for Christmas anyway, so I'll stay with you. Be thankful.",0.0,0.0,どうせクリスマスは一人なんだから、一緒にいてあげるよ。感謝しなさい。,0.0,0.0,反正你一個人過聖誕 我就陪你吧感恩吧,0.0,0.0,反正你一个人过圣诞 我就陪你吧感恩吧,0.0,0.0,976,373180
978,1005,1005203,14,0,8,Kaede/Voice_KaedeChristmas_MaidApp_2,크리스마스니까 이 정도는 해주는 거야.,0.0,0.0,"It's Christmas, it's the least I can do.",0.0,0.0,クリスマスなんだから、私にできるのはそれくらい。,0.0,0.0,今天是聖誕節，這是我唯一能做的了,0.0,0.0,今天是圣诞节，这是我唯一能做的了,0.0,0.0,977,373676
979,1005,1005203,13,8,8,Kaede/Voice_KaedeChristmas_MaidApp_3,끝났으니까 이제 나 신경 쓰지 말고 네 할 일이나 해!,0.0,0.0,"Now that it's over, mind your own business and don't bother me!",0.0,0.0,もう終わったんだから、余計なお世話はしないでよ！,0.0,0.0,現在都結束了，管好你自己的事，別來煩我！,0.0,0.0,现在都结束了，管好你自己的事，别来烦我！,0.0,0.0,978,374064
980,1005,1005203,14,0,8,Kaede/Voice_KaedeChristmas_MaidApp_4,"뭐, 산타? 그런 건 코코미같은 애들이나 믿는 거야.",0.0,0.0,"What, Santa? Only kids like Kokomi believe in that.",0.0,0.0,なんだ、サンタか。そんなの信じてるのはココミみたいなガキだけだ。,0.0,0.0,什麼，聖誕老公公？只有心海那樣的孩子才相信那個,0.0,0.0,什么，圣诞老人？只有心海那样的孩子才信那个,0.0,0.0,979,374516
981,1005,1005203,11,6,8,Kaede/Voice_KaedeChristmas_MaidApp_5,"양말을 걸어두고 자라고…? 흥, 한 번만 속아주는거야!",0.0,0.0,I'm supposed to leave my socks hanging...? You're only fooling me once!,0.0,0.0,靴下をぶら下げておけと？騙されるのは一度だけだ！,0.0,0.0,我應該把襪子晾在一邊......？你只能騙我一次,0.0,0.0,我应该把袜子晾在一边......？你只能骗我一次,0.0,0.0,980,374992
982,1005,1005203,1,1,8,Kaede/Voice_KaedeChristmas_MaidApp_6,"손…시려우니까, 네가 좀 잡아줘.",0.0,0.0,"My hands... they're sore, so I need you to hold them.",0.0,0.0,手が...痛いから、持っていて欲しいんだ。,0.0,0.0,我的手......酸了，所以需要你幫我握住。,0.0,0.0,我的手......酸了，所以需要你帮我握住。,0.0,0.0,981,375452
983,1005,1005203,14,0,9,,"……메리 크리스마스.\n이, 이거나 어서 가져가!",0.0,0.0,"……Merry Christmas. H-here, just take it!",0.0,0.0,……メリークリスマス。こ、これを早く受け取って！,0.0,0.0,……聖誕快樂。這、這個快拿去！,0.0,0.0,……圣诞快乐。这、这个快拿去！,0.0,0.0,982,375848
984,1005,1005203,13,8,10,,크리스마스 특전 선물? 어디? 어딨는데?!,0.0,0.0,A Christmas special gift? Where? Where is it?!,0.0,0.0,クリスマス特典のプレゼント？どこ？どこにあるの？！,0.0,0.0,聖誕特典禮物？哪裡？在哪？！,0.0,0.0,圣诞特典礼物？哪里？在哪？！,0.0,0.0,983,376212
985,1005,1005203,0,0,11,Kaede/Voice_Kaede_Dormitory_1,"뭐야, 할 말이라도 있어?",0.0,0.0,"What, you got something to say?",0.0,0.0,なんだ、何か言いたいことがあるのか？,0.0,0.0,怎麼，你有話要說？,0.0,0.0,怎么，你有话要说？,0.0,0.0,984,376568
986,1005,1005203,0,0,12,Kaede/Voice_Kaede_Dormitory_2,그런 게 왜 궁금한 거야?,0.0,0.0,Why do you want to know that?,0.0,0.0,なぜそんなことが気になるの？,0.0,0.0,為什麼想知道這些？,0.0,0.0,你为什么想知道这些？,0.0,0.0,985,376864
987,1005,1005203,0,0,13,Kaede/Voice_Kaede_Dormitory_3,"뭐, 너한텐 말해도 상관없겠지.",0.0,0.0,"Well, I don't mind telling you.",0.0,0.0,まあ、君には言ってもいいだろうけど。,0.0,0.0,好吧，我不介意告訴你。,0.0,0.0,好吧，我不介意告诉你。,0.0,0.0,986,377152
988,1005,1005203,0,0,14,Kaede/Voice_Kaede_DormitoryOpen_1,"뭐…방 여벌 열쇠 정돈 줄게…내, 내가 열쇠를 잃어버릴 수도 있잖아!",0.0,0.0,"Well… I’ll give you a spare key for the room… I-I might lose my key, you know!",0.0,0.0,ま、部屋の予備の鍵くらいあげるわよ…わ、私が鍵をなくすかもしれないじゃない！,0.0,0.0,嗯…房間的備用鑰匙就給你吧…我、我可能會弄丟鑰匙嘛！,0.0,0.0,嗯…房间的备用钥匙就给你吧…我、我可能会弄丢钥匙嘛！,0.0,0.0,987,377476
989,1006,0,0,0,5,,맛쨩-잠깐 이리로 와봐!,0.0,0.0,"MaChan, come here for a moment!",0.0,0.0,まっちゃん、ちょっとこっちに来て！,0.0,0.0,瑪醬，過來一下！,0.0,0.0,玛酱，过来一下！,0.0,0.0,988,378052
990,1006,0,0,0,17,Akane/Voice_AkaneBasic_MaidApp_2,오늘은 뭐 하고 놀 거야?,0.0,0.0,What are we playing today?,0.0,0.0,今日は何して遊ぶの？,0.0,0.0,今天要玩什麼？,0.0,0.0,今天要玩什么？,0.0,0.0,989,378304
991,1006,0,0,0,16,Akane/Voice_Akane_Complete_1,맛있게 먹어!,0.0,0.0,Enjoy your meal!,0.0,0.0,美味しく食べてね！,0.0,0.0,好好享用喔！,0.0,0.0,好好享用喔！,0.0,0.0,990,378564
992,1006,0,0,0,16,Akane/Voice_Akane_Complete_2,용이 해주는 음식은\n흔하지 않다고?,0.0,0.0,"It's not every day you get food made by a dragon, right?",0.0,0.0,竜が作る料理なんて珍しいよ？,0.0,0.0,龍做的料理不常見嗎？,0.0,0.0,龙做的料理不常见吗？,0.0,0.0,991,378784
993,1006,0,0,0,0,Akane/Voice_Akane_Effect_1,내 실력을 보여주지!,0.0,0.0,I’ll show you my skills!,0.0,0.0,あたしの実力を見せてあげる！,0.0,0.0,讓你看看我的實力！,0.0,0.0,让你看看我的实力！,0.0,0.0,992,379112
994,1006,0,0,0,6,Akane/Voice_AkaneBasic_In_7,차가워?\n뜨겁게 달궈줄까?!,0.0,0.0,Cold? Want me to heat it up?!,0.0,0.0,寒い？熱くしてあげようか!?,0.0,0.0,冰的？要幫你加熱嗎？！,0.0,0.0,冰的？要帮你加热吗？ ！,0.0,0.0,993,379384
995,1006,0,0,0,6,Akane/Voice_AkaneBasic_In_1,뜨거우면서 차가운 게 필요하구나!\n조금만 기다려!,0.0,0.0,So you need something both hot and cold! Just wait a moment!,0.0,0.0,熱くて冷たいものが必要なんだね！少しだけ待って！,0.0,0.0,你要熱熱又冰冰的啊！稍等一下！,0.0,0.0,你要热热又冰冰的啊！稍等一下！,0.0,0.0,994,379680
996,1006,0,0,0,6,Akane/Voice_AkaneBasic_In_2,주문받을게-\n뭐 먹고 싶어?,0.0,0.0,I'll take your order—what do you want to eat?,0.0,0.0,注文を取るよー。何が食べたい？,0.0,0.0,幫你點餐喔-要吃什麼？,0.0,0.0,帮你点餐喔-要吃什么？,0.0,0.0,995,380092
997,1006,0,0,0,6,Akane/Voice_AkaneBasic_In_3,입안이 불타버릴\n정도로 뜨거운 음식을 줄까?!,0.0,0.0,Want me to give you something so hot it burns your mouth?!,0.0,0.0,口の中が燃えるほど、熱い料理をあげようか!?,0.0,0.0,要嚐嚐會讓嘴巴燙到爆炸的料理嗎？,0.0,0.0,要尝尝会让嘴巴烫到爆炸的料理吗？,0.0,0.0,996,380404
998,1006,0,0,0,6,Akane/Voice_AkaneBasic_In_4,재밌는 일 없으려나?,0.0,0.0,Isn't there anything fun to do?,0.0,0.0,面白いこと、ないかな？,0.0,0.0,有什麼好玩的事嗎？,0.0,0.0,有什么好玩的事吗？,0.0,0.0,997,380804
999,1006,0,0,0,6,Akane/Voice_AkaneBasic_In_5,좋아-금방\n준비해줄게!,0.0,0.0,Alright—I'll get it ready right away!,0.0,0.0,いいよー。すぐに準備してあげる！,0.0,0.0,好-馬上幫你準備！,0.0,0.0,好-马上帮你准备！,0.0,0.0,998,381072
1000,1006,0,0,0,6,Akane/Voice_AkaneBasic_In_6,내 뿔은 가짜가\n아니야.,0.0,0.0,My horns aren't fake.,0.0,0.0,私の角は偽物じゃないよ。,0.0,0.0,我的角可不是假的！,0.0,0.0,我的角可不是假的！,0.0,0.0,999,381364
1001,1006,0,0,0,7,Akane/Voice_AkaneBasic_In_7,차가워?\n뜨겁게 달궈줄까?!,0.0,0.0,Cold? Want me to heat it up?!,0.0,0.0,寒い？熱くしてあげようか!?,0.0,0.0,冰的？要幫你加熱嗎？！,0.0,0.0,冰的？要帮你加热吗？ ！,0.0,0.0,1000,381628
1002,1006,0,0,0,7,Akane/Voice_AkaneBasic_In_1,뜨거우면서 차가운 게 필요하구나!\n조금만 기다려!,0.0,0.0,So you need something both hot and cold! Just wait a moment!,0.0,0.0,熱くて冷たいものが必要なんだね！少しだけ待って！,0.0,0.0,你要熱熱又冰冰的啊！稍等一下！,0.0,0.0,你要热热又冰冰的啊！稍等一下！,0.0,0.0,1001,381924
1003,1006,0,0,0,7,Akane/Voice_AkaneBasic_In_2,주문받을게-\n뭐 먹고 싶어?,0.0,0.0,I'll take your order—what do you want to eat?,0.0,0.0,注文を取るよー。何が食べたい？,0.0,0.0,幫你點餐喔-要吃什麼？,0.0,0.0,帮你点餐喔-要吃什么？,0.0,0.0,1002,382336
1004,1006,0,0,0,7,Akane/Voice_AkaneBasic_In_3,입안이 불타버릴\n정도로 뜨거운 음식을 줄까?!,0.0,0.0,Want me to give you something so hot it burns your mouth?!,0.0,0.0,口の中が燃えるほど、熱い料理をあげようか!?,0.0,0.0,要嚐嚐會讓嘴巴燙到爆炸的料理嗎？,0.0,0.0,要尝尝会让嘴巴烫到爆炸的料理吗？,0.0,0.0,1003,382648
1005,1006,0,0,0,7,Akane/Voice_AkaneBasic_In_4,재밌는 일 없으려나?,0.0,0.0,Isn't there anything fun to do?,0.0,0.0,面白いこと、ないかな？,0.0,0.0,有什麼好玩的事嗎？,0.0,0.0,有什么好玩的事吗？,0.0,0.0,1004,383048
1006,1006,0,0,0,7,Akane/Voice_AkaneBasic_In_5,좋아-금방\n준비해줄게!,0.0,0.0,Alright—I'll get it ready right away!,0.0,0.0,いいよー。すぐに準備してあげる！,0.0,0.0,好-馬上幫你準備！,0.0,0.0,好-马上帮你准备！,0.0,0.0,1005,383316
1007,1006,0,0,0,7,Akane/Voice_AkaneBasic_In_6,내 뿔은 가짜가\n아니야.,0.0,0.0,My horns aren't fake.,0.0,0.0,私の角は偽物じゃないよ。,0.0,0.0,我的角可不是假的！,0.0,0.0,我的角可不是假的！,0.0,0.0,1006,383608
1008,1006,0,0,0,7,Akane/Voice_AkaneBasic_Out_1,메이드 카페인데\n공연은 안 하나?,0.0,0.0,"It's a maid cafe, isn't there a performance?",0.0,0.0,メイド喫茶なのに、公演はしないの？,0.0,0.0,女僕咖啡廳沒有演出？,0.0,0.0,女仆咖啡厅没有演出？,0.0,0.0,1007,383872
1009,1006,0,0,0,7,Akane/Voice_AkaneBasic_Out_2,으캬캬-!\n이런 건 금방 하지!,0.0,0.0,Ukyakya-! This is easy!,0.0,0.0,うきゃきゃー！こんなの、すぐだよ！,0.0,0.0,哇哈哈！這種很簡單啊！,0.0,0.0,哇哈哈！这种很简单啊！,0.0,0.0,1008,384196
1010,1006,0,0,0,7,Akane/Voice_AkaneBasic_Out_3,난 식은 죽보단\n뜨거운 죽이 먹기\n편하던데-,0.0,0.0,I find hot porridge easier to eat than cold porridge.,0.0,0.0,あたしは、熱いお粥の方が食べやすいけどー。,0.0,0.0,我覺得吃冷粥比吃熱粥方便。,0.0,0.0,我觉得吃冷粥比吃热粥方便。,0.0,0.0,1009,384500
1011,1006,0,0,0,7,Akane/Voice_AkaneBasic_Out_4,위대한 용족도\n해내지 못하는 게\n있지.,0.0,0.0,Even the mighty dragon race has things they can't do.,0.0,0.0,偉大な竜族にもできないことはあるんだよ。,0.0,0.0,偉大的龍族也有做不到的事啊。,0.0,0.0,伟大的龙族也有做不到的事啊。,0.0,0.0,1010,384876
1012,1006,0,0,0,7,Akane/Voice_AkaneBasic_Out_5,으랴랴-!\n청소는 다했어!,0.0,0.0,Uryarya-! Cleaning is done!,0.0,0.0,うりゃりゃー！掃除は全部終わった！,0.0,0.0,哇哈哈！打掃好了！,0.0,0.0,哇哈哈！打扫好了！,0.0,0.0,1011,385252
1013,1006,0,0,0,7,Akane/Voice_AkaneBasic_Out_6,이번엔 뭘 할까?\n요리? 빨래?!\n말만 해-!,0.0,0.0,What should we do next? Cooking? Laundry?! Just say it!,0.0,0.0,次は何をしよう？料理？洗濯？言ってみてー！,0.0,0.0,這次要做什麼？做飯？洗衣服？！儘管說！,0.0,0.0,这次要做什么？做饭？洗衣服？ ！尽管说！,0.0,0.0,1012,385540
1014,1006,0,0,0,7,Akane/Voice_AkaneBasic_Out_7,나에게 더 재밌는\n경험을 선사해줘!,0.0,0.0,Give me a more fun experience!,0.0,0.0,あたしにもっと面白い経験をさせてよ！,0.0,0.0,給我更多有趣的體驗吧！,0.0,0.0,给我更多有趣的体验吧！,0.0,0.0,1013,385952
1015,1006,0,0,0,7,Akane/Voice_AkaneBasic_Out_8,나랑 같이 노래나\n부를래?,0.0,0.0,Want to sing with me?,0.0,0.0,一緒に歌わない？,0.0,0.0,要不要和我一起唱歌？,0.0,0.0,要不要和我一起唱歌？,0.0,0.0,1014,386276
1016,1006,0,0,0,7,Akane/Voice_AkaneBasic_Out_9,재밌는 거? 어디?!,0.0,0.0,Something fun? Where?!,0.0,0.0,楽しいこと？どこ!?,0.0,0.0,有好玩的？在哪裡？！,0.0,0.0,有好玩的？在哪里？ ！,0.0,0.0,1015,386540
1017,1006,0,0,0,15,,으캬캬-! 맛쨩!\n이번엔 뭐하면 돼?!,0.0,0.0,Ukyakya-! Ma-chan! What should I do this time?!,0.0,0.0,うきゃきゃー！マっちゃん！次は何をすればいい!?,0.0,0.0,哇哈哈！大師君！這次要做什麼？,0.0,0.0,哇哈哈！大师君！这次要做什么？,0.0,0.0,1016,386796
1018,1006,0,0,0,15,,주문 받을 준비 완료야!,0.0,0.0,Ready to take orders!,0.0,0.0,注文を取る準備は終わったよ！,0.0,0.0,我準備好接單了！,0.0,0.0,我准备好接单了！,0.0,0.0,1017,387144
1019,1006,0,0,0,15,,메이드는 역시 신기하지? 뭐든 만들어내니까!,0.0,0.0,"Maids are amazing, right? They can make anything!",0.0,0.0,メイドって、やっぱり不思議だよね？なんでも作れるから！,0.0,0.0,女僕果然很神奇吧？什麼都做得出來！,0.0,0.0,女仆果然很神奇吧？什么都做得出来！,0.0,0.0,1018,387380
1020,1006,0,0,0,15,,이번엔 어떤 재밌는 일을 할거야?,0.0,0.0,What fun thing are we doing this time?,0.0,0.0,次はどんな面白いことをするの？,0.0,0.0,這次要做什麼好玩的事呢？,0.0,0.0,这次要做什么好玩的事呢？,0.0,0.0,1019,387768
1021,1006,0,0,0,15,,특별 이벤트로 음식에\n불을 붙여서 줘볼까?!,0.0,0.0,Should we set the food on fire as a special event?!,0.0,0.0,特別イベントとして、料理に火をつけて出そうかな!?,0.0,0.0,要來場特別活動，在餐點上點火好了？！,0.0,0.0,要来场特别活动，在餐点上点火好了？ ！,0.0,0.0,1020,388060
1022,1006,0,12,7,19,Akane/Voice_Akane_Effect_1,으캬캬-! 맛쨩! 이런 건 또 언제 준비한 거야? 근사하잖아!,0.0,0.0,Ukyakya–! MaChan! When did you even get this ready? It’s awesome!,0.0,0.0,うきゃきゃー！マっちゃん！いつ用意したの？すごいじゃん！,0.0,0.0,哇哈哈！大師君！什麼時候準備的啊？很讚耶！,0.0,0.0,哇哈哈！大师君！什么时候准备的啊？很赞耶！,0.0,0.0,1021,388444
1023,1006,0,14,2,8,Akane/Voice_AkaneBasic_MaidApp_1,"아, 안녕! 맛쨩-!",0.0,0.0,"Ah, hi! MaChan-!",0.0,0.0,あ、こんにちは！マっちゃんー！,0.0,0.0,哈囉！大師君！,0.0,0.0,哈啰！大师君！,0.0,0.0,1022,388920
1024,1006,0,1,1,8,Akane/Voice_AkaneBasic_MaidApp_2,오늘은 뭐 하고 놀 거야?,0.0,0.0,What are we playing today?,0.0,0.0,今日は何して遊ぶの？,0.0,0.0,今天要玩什麼？,0.0,0.0,今天要玩什么？,0.0,0.0,1023,389176
1025,1006,0,1,1,8,Akane/Voice_AkaneBasic_MaidApp_3,내 꼬리? 얼마든지 만져도 돼!,0.0,0.0,My tail? You can touch it as much as you want!,0.0,0.0,あたしの尻尾？いくらでも触っていいよ！,0.0,0.0,我的尾巴？隨便你摸啊！,0.0,0.0,我的尾巴？随便你摸啊！,0.0,0.0,1024,389436
1026,1006,0,14,2,8,Akane/Voice_AkaneBasic_MaidApp_4,"맛쨩도 귀여운 구석이 있잖아?\n그 모습, 계속 보여줘!",0.0,0.0,"MaChan has cute sides too, right? Keep showing me that!",0.0,0.0,マっちゃんも可愛いところあるじゃん？その姿、ずっと見せて！,0.0,0.0,大師君也有可愛的一面吧？快讓我看看！,0.0,0.0,大师君也有可爱的一面吧？快让我看看！,0.0,0.0,1025,389776
1027,1006,0,1,1,8,Akane/Voice_AkaneBasic_MaidApp_5,"손? 장갑 끼고 잡을까, 벗고 잡을까? 네가 정해!",0.0,0.0,Hands? Should I grab with gloves on or off? You decide!,0.0,0.0,手？手袋をはめて掴む？それとも外して掴む？君が決めて！,0.0,0.0,手？要戴手套牽，還是不戴？給你決定！,0.0,0.0,手？要戴手套牵，还是不戴？给你决定！,0.0,0.0,1026,390224
1028,1006,0,14,2,8,Akane/Voice_AkaneBasic_MaidApp_6,난 맛쨩같은 사람은 좋아해!,0.0,0.0,I like people like MaChan!,0.0,0.0,あたしは、マっちゃんみたいな人が好きだよ！,0.0,0.0,我喜歡像大師君這樣的人！,0.0,0.0,我喜欢像大师君这样的人！,0.0,0.0,1027,390660
1029,1006,0,1,1,9,Akane/Voice_Akane_Hello_3,"어서 와, 맛쨩!\n오늘의 보상을 받아!",0.0,0.0,"Welcome, MaChan! Claim today's reward!",0.0,0.0,ようこそ、マっちゃん！今日の報酬を受け取って！,0.0,0.0,大師君快點過來！來領今天的獎勵吧！,0.0,0.0,大师君快点过来！来领今天的奖励吧！,0.0,0.0,1028,390984
1030,1006,0,1,1,18,Akane/Voice_Akane_Hello_4,오-왔구나!\n어서 같이 재밌는 거 하자!,0.0,0.0,"oh! you're here! Come on, let's do something fun!",0.0,0.0,おー、来たんだ。早く一緒に楽しいことしよう！,0.0,0.0,哦-你來了！快來一起玩吧！,0.0,0.0,哦-你来了！快来一起玩吧！,0.0,0.0,1029,391364
1031,1006,0,14,2,10,Akane/Voice_Akane_Hello_5,오-좋은 게 나왔잖아?\n내일도 꼭 와!,0.0,0.0,Oh—something good came out! Be sure to come again tomorrow!,0.0,0.0,おー、いいものが出たじゃない。明日も絶対来てね！,0.0,0.0,哦-有好東西耶？明天也一定要來喔！,0.0,0.0,哦-有好东西耶？明天也一定要来喔！,0.0,0.0,1030,391732
1032,1006,0,14,2,10,Akane/Voice_Akane_Hello_6,뭐야? 재밌는 거야?,0.0,0.0,What is it? Is it fun?,0.0,0.0,なにそれ？面白いの？,0.0,0.0,什麼啊？是好玩的嗎？,0.0,0.0,什么啊？是好玩的吗？,0.0,0.0,1031,392136
1033,1006,0,0,0,11,Akane/Voice_Akane_Dormitory_1,호오-? 나에 관해 관심이 좀 생겼나 봐?,0.0,0.0,Hooh? Are you starting to get interested in me?,0.0,0.0,ほおー？あたしにちょっと興味が出てきたみたいね。,0.0,0.0,哦哦-？對我有點興趣啦？,0.0,0.0,哦哦-？对我有点兴趣啦？,0.0,0.0,1032,392400
1034,1006,0,0,0,12,Akane/Voice_Akane_Dormitory_2,내 비밀을 알고 싶으면 조금 더 힘내봐!,0.0,0.0,"If you want to know my secret, try a little harder!",0.0,0.0,あたしの秘密を知りたいなら、もう少し頑張ってみなさい！,0.0,0.0,想知道我的祕密就繼續努力吧！,0.0,0.0,想知道我的秘密就继续努力吧！,0.0,0.0,1033,392764
1035,1006,0,0,0,13,Akane/Voice_Akane_Dormitory_3,"좋아-맛쨩이라면…내 비밀, 알려줄게!",0.0,0.0,Alright—if it's MaChan… I'll tell you my secret!,0.0,0.0,いいよー。マっちゃんになら…あたしの秘密、教えてあげる！,0.0,0.0,好-大師君的話……就告訴你我的祕密！,0.0,0.0,好-大师君的话……就告诉你我的秘密！,0.0,0.0,1034,393160
1036,1006,0,0,0,14,Akane/Voice_Akane_DormitoryOpen_1,"오오-! 내 방도 있구나? 자, 어서 열어 줘!",0.0,0.0,"Ohh-! I have a room too? Come on, open it up!",0.0,0.0,あー！あたしの部屋もあるの？さあ、早く開けて！,0.0,0.0,哦哦-！也有我的房間啊？好，快幫我打開！,0.0,0.0,哦哦-！也有我的房间啊？好，快帮我打开！,0.0,0.0,1035,393572
1037,1006,1006101,0,0,5,,맛쨩-잠깐 이리로 와봐!,0.0,0.0,"MaChan, come here for a moment!",0.0,0.0,まっちゃん、ちょっとこっちに来て！,0.0,0.0,瑪醬，過來一下！,0.0,0.0,玛酱，过来一下！,0.0,0.0,1036,393992
1038,1006,1006101,14,0,17,Akane/Voice_AkaneCasual_MaidApp_3,"들려줄게, 나의 록 스피릿!",0.0,0.0,I’ll show you—my rock spirit!,0.0,0.0,聞かせてあげる、あたしのロックスピリット！,0.0,0.0,讓你聽聽我的搖滾靈魂！,0.0,0.0,让你听听我的摇滚灵魂！,0.0,0.0,1037,394244
1039,1006,1006101,0,0,16,Akane/Voice_Akane_Complete_1,맛있게 먹어!,0.0,0.0,Enjoy your meal!,0.0,0.0,美味しく食べてね！,0.0,0.0,好好享用喔！,0.0,0.0,好好享用喔！,0.0,0.0,1038,394576
1040,1006,1006101,0,0,16,Akane/Voice_Akane_Complete_2,용이 해주는 음식은\n흔하지 않다고?,0.0,0.0,"It's not every day you get food made by a dragon, right?",0.0,0.0,竜が作る料理なんて珍しいよ？,0.0,0.0,龍做的料理不常見嗎？,0.0,0.0,龙做的料理不常见吗？,0.0,0.0,1039,394796
1041,1006,1006101,0,0,0,Akane/Voice_Akane_Effect_1,내 실력을 보여주지!,0.0,0.0,I’ll show you my skills!,0.0,0.0,あたしの実力を見せてあげる！,0.0,0.0,讓你看看我的實力！,0.0,0.0,让你看看我的实力！,0.0,0.0,1040,395124
1042,1006,1006101,0,0,6,Akane/Voice_AkaneBasic_In_7,차가워?\n뜨겁게 달궈줄까?!,0.0,0.0,Cold? Want me to heat it up?!,0.0,0.0,寒い？熱くしてあげようか!?,0.0,0.0,冰的？要幫你加熱嗎？！,0.0,0.0,冰的？要帮你加热吗？ ！,0.0,0.0,1041,395396
1043,1006,1006101,0,0,6,Akane/Voice_AkaneBasic_In_1,뜨거우면서 차가운 게 필요하구나!\n조금만 기다려!,0.0,0.0,So you need something both hot and cold! Just wait a moment!,0.0,0.0,熱くて冷たいものが必要なんだね！少しだけ待って！,0.0,0.0,你要熱熱又冰冰的啊！稍等一下！,0.0,0.0,你要热热又冰冰的啊！稍等一下！,0.0,0.0,1042,395692
1044,1006,1006101,0,0,6,Akane/Voice_AkaneBasic_In_2,주문받을게-\n뭐 먹고 싶어?,0.0,0.0,I'll take your order—what do you want to eat?,0.0,0.0,注文を取るよー。何が食べたい？,0.0,0.0,幫你點餐喔-要吃什麼？,0.0,0.0,帮你点餐喔-要吃什么？,0.0,0.0,1043,396104
1045,1006,1006101,0,0,6,Akane/Voice_AkaneBasic_In_3,입안이 불타버릴\n정도로 뜨거운 음식을 줄까?!,0.0,0.0,Want me to give you something so hot it burns your mouth?!,0.0,0.0,口の中が燃えるほど、熱い料理をあげようか!?,0.0,0.0,要嚐嚐會讓嘴巴燙到爆炸的料理嗎？,0.0,0.0,要尝尝会让嘴巴烫到爆炸的料理吗？,0.0,0.0,1044,396416
1046,1006,1006101,0,0,6,Akane/Voice_AkaneBasic_In_4,재밌는 일 없으려나?,0.0,0.0,Isn't there anything fun to do?,0.0,0.0,面白いこと、ないかな？,0.0,0.0,有什麼好玩的事嗎？,0.0,0.0,有什么好玩的事吗？,0.0,0.0,1045,396816
1047,1006,1006101,0,0,6,Akane/Voice_AkaneBasic_In_5,좋아-금방\n준비해줄게!,0.0,0.0,Alright—I'll get it ready right away!,0.0,0.0,いいよー。すぐに準備してあげる！,0.0,0.0,好-馬上幫你準備！,0.0,0.0,好-马上帮你准备！,0.0,0.0,1046,397084
1048,1006,1006101,0,0,6,Akane/Voice_AkaneBasic_In_6,내 뿔은 가짜가\n아니야.,0.0,0.0,My horns aren't fake.,0.0,0.0,私の角は偽物じゃないよ。,0.0,0.0,我的角可不是假的！,0.0,0.0,我的角可不是假的！,0.0,0.0,1047,397376
1049,1006,1006101,0,0,7,Akane/Voice_AkaneBasic_In_7,차가워?\n뜨겁게 달궈줄까?!,0.0,0.0,Cold? Want me to heat it up?!,0.0,0.0,寒い？熱くしてあげようか!?,0.0,0.0,冰的？要幫你加熱嗎？！,0.0,0.0,冰的？要帮你加热吗？ ！,0.0,0.0,1048,397640
1050,1006,1006101,0,0,7,Akane/Voice_AkaneBasic_In_1,뜨거우면서 차가운 게 필요하구나!\n조금만 기다려!,0.0,0.0,So you need something both hot and cold! Just wait a moment!,0.0,0.0,熱くて冷たいものが必要なんだね！少しだけ待って！,0.0,0.0,你要熱熱又冰冰的啊！稍等一下！,0.0,0.0,你要热热又冰冰的啊！稍等一下！,0.0,0.0,1049,397936
1051,1006,1006101,0,0,7,Akane/Voice_AkaneBasic_In_2,주문받을게-\n뭐 먹고 싶어?,0.0,0.0,I'll take your order—what do you want to eat?,0.0,0.0,注文を取るよー。何が食べたい？,0.0,0.0,幫你點餐喔-要吃什麼？,0.0,0.0,帮你点餐喔-要吃什么？,0.0,0.0,1050,398348
1052,1006,1006101,0,0,7,Akane/Voice_AkaneBasic_In_3,입안이 불타버릴\n정도로 뜨거운 음식을 줄까?!,0.0,0.0,Want me to give you something so hot it burns your mouth?!,0.0,0.0,口の中が燃えるほど、熱い料理をあげようか!?,0.0,0.0,要嚐嚐會讓嘴巴燙到爆炸的料理嗎？,0.0,0.0,要尝尝会让嘴巴烫到爆炸的料理吗？,0.0,0.0,1051,398660
1053,1006,1006101,0,0,7,Akane/Voice_AkaneBasic_In_4,재밌는 일 없으려나?,0.0,0.0,Isn't there anything fun to do?,0.0,0.0,面白いこと、ないかな？,0.0,0.0,有什麼好玩的事嗎？,0.0,0.0,有什么好玩的事吗？,0.0,0.0,1052,399060
1054,1006,1006101,0,0,7,Akane/Voice_AkaneBasic_In_5,좋아-금방\n준비해줄게!,0.0,0.0,Alright—I'll get it ready right away!,0.0,0.0,いいよー。すぐに準備してあげる！,0.0,0.0,好-馬上幫你準備！,0.0,0.0,好-马上帮你准备！,0.0,0.0,1053,399328
1055,1006,1006101,0,0,7,Akane/Voice_AkaneBasic_In_6,내 뿔은 가짜가\n아니야.,0.0,0.0,My horns aren't fake.,0.0,0.0,私の角は偽物じゃないよ。,0.0,0.0,我的角可不是假的！,0.0,0.0,我的角可不是假的！,0.0,0.0,1054,399620
1056,1006,1006101,0,0,7,Akane/Voice_AkaneBasic_Out_1,메이드 카페인데\n공연은 안 하나?,0.0,0.0,"It's a maid cafe, isn't there a performance?",0.0,0.0,メイド喫茶なのに、公演はしないの？,0.0,0.0,女僕咖啡廳沒有演出？,0.0,0.0,女仆咖啡厅没有演出？,0.0,0.0,1055,399884
1057,1006,1006101,0,0,7,Akane/Voice_AkaneBasic_Out_2,으캬캬-!\n이런 건 금방 하지!,0.0,0.0,Ukyakya-! This is easy!,0.0,0.0,うきゃきゃー！こんなの、すぐだよ！,0.0,0.0,哇哈哈！這種很簡單啊！,0.0,0.0,哇哈哈！这种很简单啊！,0.0,0.0,1056,400208
1058,1006,1006101,0,0,7,Akane/Voice_AkaneBasic_Out_3,난 식은 죽보단\n뜨거운 죽이 먹기\n편하던데-,0.0,0.0,I find hot porridge easier to eat than cold porridge.,0.0,0.0,あたしは、熱いお粥の方が食べやすいけどー。,0.0,0.0,我覺得吃冷粥比吃熱粥方便。,0.0,0.0,我觉得吃冷粥比吃热粥方便。,0.0,0.0,1057,400512
1059,1006,1006101,0,0,7,Akane/Voice_AkaneBasic_Out_4,위대한 용족도\n해내지 못하는 게\n있지.,0.0,0.0,Even the mighty dragon race has things they can't do.,0.0,0.0,偉大な竜族にもできないことはあるんだよ。,0.0,0.0,偉大的龍族也有做不到的事啊。,0.0,0.0,伟大的龙族也有做不到的事啊。,0.0,0.0,1058,400888
1060,1006,1006101,0,0,7,Akane/Voice_AkaneBasic_Out_5,으랴랴-!\n청소는 다했어!,0.0,0.0,Uryarya-! Cleaning is done!,0.0,0.0,うりゃりゃー！掃除は全部終わった！,0.0,0.0,哇哈哈！打掃好了！,0.0,0.0,哇哈哈！打扫好了！,0.0,0.0,1059,401264
1061,1006,1006101,0,0,7,Akane/Voice_AkaneBasic_Out_6,이번엔 뭘 할까?\n요리? 빨래?!\n말만 해-!,0.0,0.0,What should we do next? Cooking? Laundry?! Just say it!,0.0,0.0,次は何をしよう？料理？洗濯？言ってみてー！,0.0,0.0,這次要做什麼？做飯？洗衣服？！儘管說！,0.0,0.0,这次要做什么？做饭？洗衣服？ ！尽管说！,0.0,0.0,1060,401552
1062,1006,1006101,0,0,7,Akane/Voice_AkaneBasic_Out_7,나에게 더 재밌는\n경험을 선사해줘!,0.0,0.0,Give me a more fun experience!,0.0,0.0,あたしにもっと面白い経験をさせてよ！,0.0,0.0,給我更多有趣的體驗吧！,0.0,0.0,给我更多有趣的体验吧！,0.0,0.0,1061,401964
1063,1006,1006101,0,0,7,Akane/Voice_AkaneBasic_Out_8,나랑 같이 노래나\n부를래?,0.0,0.0,Want to sing with me?,0.0,0.0,一緒に歌わない？,0.0,0.0,要不要和我一起唱歌？,0.0,0.0,要不要和我一起唱歌？,0.0,0.0,1062,402288
1064,1006,1006101,0,0,7,Akane/Voice_AkaneBasic_Out_9,재밌는 거? 어디?!,0.0,0.0,Something fun? Where?!,0.0,0.0,楽しいこと？どこ!?,0.0,0.0,有好玩的？在哪裡？！,0.0,0.0,有好玩的？在哪里？ ！,0.0,0.0,1063,402552
1065,1006,1006101,0,0,15,,"음식에 음악을 들려주면, 음식도 맛있어질까?!",0.0,0.0,"If you play music to food, will it taste better too?!",0.0,0.0,食べ物に音楽を聞かせたら、美味しくなるかな!?,0.0,0.0,讓食物聽音樂的話，食物會變好吃嗎？！,0.0,0.0,让食物听音乐的话，食物会变好吃吗？ ！,0.0,0.0,1064,402808
1066,1006,1006101,0,0,15,,오늘은 어떤 주문일까? 특별히 공연도 해줄 수 있는데 말이야!,0.0,0.0,What kind of order today? I could even throw in a special performance!,0.0,0.0,今日はどんな注文かな？特別に公演もしてあげられるよ！,0.0,0.0,今天會點什麼呢？我還可以準備表演耶！,0.0,0.0,今天会点什么呢？我还可以准备表演耶！,0.0,0.0,1065,403196
1067,1006,1006101,0,0,15,,맛있는 디저트 대령이오-! 그런데 음악을 곁들인-,0.0,0.0,"Delicious dessert, coming up—served with a bit of music!",0.0,0.0,美味しいデザートのお出ましですー！おまけに、音楽も一緒ー！,0.0,0.0,好吃的甜點來囉-！還有加一勺音樂-,0.0,0.0,好吃的甜点来啰-！还有加一勺音乐-,0.0,0.0,1066,403632
1068,1006,1006101,0,0,15,,메이드 카페도 소울이지!,0.0,0.0,Even a maid cafe’s gotta have soul!,0.0,0.0,メイドカフェもソウルが要るよね！,0.0,0.0,女僕咖啡廳也要有靈魂啊！,0.0,0.0,女仆咖啡厅也要有灵魂啊！,0.0,0.0,1067,404032
1069,1006,1006101,0,0,15,,시끄럽다고 컴플레인이 들어왔다고?! 그 정도였나…….,0.0,0.0,They complained it was too loud?! Was it really that much…?,0.0,0.0,うるさいって、苦情があった!? そんなにうるさかったかな……。,0.0,0.0,有人投訴太吵？有那麼吵嗎……？,0.0,0.0,有人投诉太吵？有那么吵吗……？,0.0,0.0,1068,404316
1070,1006,1006101,14,0,19,Akane/Voice_Akane_Effect_1,"이런 선물을 준비했을 줄은 꿈에도 몰랐는데…고마워, 맛쨩! 소중히 간직할게!",0.0,0.0,"I never dreamed you’d prepare something like this… Thanks, MaChan! I’ll cherish it!",0.0,0.0,こんなプレゼントをもらえるとは、夢にも思わなかったよ…ありがとう、マっちゃん！大切にするね！,0.0,0.0,沒想到你會準備這種禮物……謝謝你，大師君！我會好好珍惜的！,0.0,0.0,没想到你会准备这种礼物……谢谢你，大师君！我会好好珍惜的！,0.0,0.0,1069,404728
1071,1006,1006101,14,0,8,Akane/Voice_AkaneCasual_MaidApp_1,기타는 오랜만이야!,0.0,0.0,It’s been a while since I played my guitar!,0.0,0.0,ギターは久しぶりだね！,0.0,0.0,好久沒彈吉他了！,0.0,0.0,好久没弹吉他了！,0.0,0.0,1070,405356
1072,1006,1006101,14,0,8,Akane/Voice_AkaneCasual_MaidApp_2,기타를 치면서 노래 부르는 건 쉽지 않거든!,0.0,0.0,"Singing while playing the guitar isn’t easy, you know!",0.0,0.0,ギターを弾きながら歌うのは簡単じゃないんだよ！,0.0,0.0,邊彈邊唱可不容易耶！,0.0,0.0,边弹边唱可不容易耶！,0.0,0.0,1071,405640
1073,1006,1006101,14,0,8,Akane/Voice_AkaneCasual_MaidApp_3,"들려줄게, 나의 록 스피릿!",0.0,0.0,I’ll show you—my rock spirit!,0.0,0.0,聞かせてあげる、あたしのロックスピリット！,0.0,0.0,讓你聽聽我的搖滾靈魂！,0.0,0.0,让你听听我的摇滚灵魂！,0.0,0.0,1072,406016
1074,1006,1006101,14,0,8,Akane/Voice_AkaneCasual_MaidApp_4,버스킹도 나쁘지 않아!,0.0,0.0,Busking’s not bad either!,0.0,0.0,ストリートライブも悪くないね！,0.0,0.0,街頭表演也不錯啊！,0.0,0.0,街头表演也不错啊！,0.0,0.0,1073,406348
1075,1006,1006101,7,0,8,Akane/Voice_AkaneCasual_MaidApp_5,기타? 기타는 재밌어서 시작했지-,0.0,0.0,Guitar? I started because it was fun.,0.0,0.0,ギター？ギターは楽しくて始めたんだー。,0.0,0.0,吉他？吉他是因為好玩才開始玩的啦！,0.0,0.0,吉他？吉他是因为好玩才开始玩的啦！,0.0,0.0,1074,406636
1076,1006,1006101,7,0,8,Akane/Voice_AkaneCasual_MaidApp_6,용의 비늘로 기타를 만들면 단단해질까?,0.0,0.0,"If I made a guitar with dragon scales, would it be tougher?",0.0,0.0,竜の鱗でギターを作ったら、頑丈になるかな？,0.0,0.0,用龍鱗做的吉他會更堅固嗎？,0.0,0.0,用龙鳞做的吉他会更坚固吗？,0.0,0.0,1075,407008
1077,1006,1006101,1,0,8,Akane/Voice_AkaneCasual_MaidApp_7,기타 관리 정돈 잘하지-,0.0,0.0,"I take good care of my guitar, of course—",0.0,0.0,ギターの手入れはちゃんとしてるよー。,0.0,0.0,吉他要好好保養喔-,0.0,0.0,吉他要好好保养喔-,0.0,0.0,1076,407392
1078,1006,1006101,14,0,8,Akane/Voice_AkaneCasual_MaidApp_8,나중에 우리끼리 밴드나 해볼까!,0.0,0.0,"Should we start a band later, just us?",0.0,0.0,今度、みんなでバンドやってみようか！,0.0,0.0,以後我們幾個人來組樂團？,0.0,0.0,以后我们几个人来组乐团？,0.0,0.0,1077,407704
1079,1006,1006101,12,0,8,Akane/Voice_AkaneCasual_MaidApp_9,이 기타를 보면 그때가 그리워져.,0.0,0.0,Looking at this guitar… makes me miss those days.,0.0,0.0,このギターを見ると、あの時が懐かしくなるよ。,0.0,0.0,看到這把吉他就想起那段時光。,0.0,0.0,看到这把吉他就想起那段时光。,0.0,0.0,1078,408040
1080,1006,1006101,1,1,9,Akane/Voice_Akane_Hello_3,"어서 와, 맛쨩!\n오늘의 보상을 받아!",0.0,0.0,"Welcome, MaChan! Claim today's reward!",0.0,0.0,ようこそ、マっちゃん！今日の報酬を受け取って！,0.0,0.0,大師君快點過來！來領今天的獎勵吧！,0.0,0.0,大师君快点过来！来领今天的奖励吧！,0.0,0.0,1079,408416
1081,1006,1006101,1,1,18,Akane/Voice_Akane_Hello_4,오-왔구나!\n어서 같이 재밌는 거 하자!,0.0,0.0,"oh! you're here! Come on, let's do something fun!",0.0,0.0,おー、来たんだ。早く一緒に楽しいことしよう！,0.0,0.0,哦-你來了！快來一起玩吧！,0.0,0.0,哦-你来了！快来一起玩吧！,0.0,0.0,1080,408796
1082,1006,1006101,14,2,10,Akane/Voice_Akane_Hello_5,오-좋은 게 나왔잖아?\n내일도 꼭 와!,0.0,0.0,Oh—something good came out! Be sure to come again tomorrow!,0.0,0.0,おー、いいものが出たじゃない。明日も絶対来てね！,0.0,0.0,哦-有好東西耶？明天也一定要來喔！,0.0,0.0,哦-有好东西耶？明天也一定要来喔！,0.0,0.0,1081,409164
1083,1006,1006101,14,2,10,Akane/Voice_Akane_Hello_6,뭐야? 재밌는 거야?,0.0,0.0,What is it? Is it fun?,0.0,0.0,なにそれ？面白いの？,0.0,0.0,什麼啊？是好玩的嗎？,0.0,0.0,什么啊？是好玩的吗？,0.0,0.0,1082,409568
1084,1006,1006101,0,0,11,Akane/Voice_Akane_Dormitory_1,호오-? 나에 관해 관심이 좀 생겼나 봐?,0.0,0.0,Hooh? Are you starting to get interested in me?,0.0,0.0,ほおー？あたしにちょっと興味が出てきたみたいね。,0.0,0.0,哦哦-？對我有點興趣啦？,0.0,0.0,哦哦-？对我有点兴趣啦？,0.0,0.0,1083,409832
1085,1006,1006101,0,0,12,Akane/Voice_Akane_Dormitory_2,내 비밀을 알고 싶으면 조금 더 힘내봐!,0.0,0.0,"If you want to know my secret, try a little harder!",0.0,0.0,あたしの秘密を知りたいなら、もう少し頑張ってみなさい！,0.0,0.0,想知道我的祕密就繼續努力吧！,0.0,0.0,想知道我的秘密就继续努力吧！,0.0,0.0,1084,410196
1086,1006,1006101,0,0,13,Akane/Voice_Akane_Dormitory_3,"좋아-맛쨩이라면…내 비밀, 알려줄게!",0.0,0.0,Alright—if it's MaChan… I'll tell you my secret!,0.0,0.0,いいよー。マっちゃんになら…あたしの秘密、教えてあげる！,0.0,0.0,好-大師君的話……就告訴你我的祕密！,0.0,0.0,好-大师君的话……就告诉你我的秘密！,0.0,0.0,1085,410592
1087,1006,1006101,0,0,14,Akane/Voice_Akane_DormitoryOpen_1,"오오-! 내 방도 있구나? 자, 어서 열어 줘!",0.0,0.0,"Ohh-! I have a room too? Come on, open it up!",0.0,0.0,あー！あたしの部屋もあるの？さあ、早く開けて！,0.0,0.0,哦哦-！也有我的房間啊？好，快幫我打開！,0.0,0.0,哦哦-！也有我的房间啊？好，快帮我打开！,0.0,0.0,1086,411004
1088,1006,1006201,0,0,5,,맛쨩-잠깐 이리로 와봐!,0.0,0.0,"MaChan, come here for a moment!",0.0,0.0,まっちゃん、ちょっとこっちに来て！,0.0,0.0,瑪醬，過來一下！,0.0,0.0,玛酱，过来一下！,0.0,0.0,1087,411424
1089,1006,1006201,14,0,17,Akane/Voice_AkaneSwimSuit_MaidApp_1,"어때, 맛쨩? 나도 몸매가 나쁘지 않지?",0.0,0.0,"What do you think, MaChan? Not a bad figure, huh?",0.0,0.0,どうかな、マっちゃん？あたしのスタイルも悪くないでしょ？,0.0,0.0,怎麼樣，大師君？我的身材還不錯吧？,0.0,0.0,怎么样，大师君？我的身材还不错吧？,0.0,0.0,1088,411676
1090,1006,1006201,0,0,16,Akane/Voice_Akane_Complete_1,맛있게 먹어!,0.0,0.0,Enjoy your meal!,0.0,0.0,美味しく食べてね！,0.0,0.0,好好享用喔！,0.0,0.0,好好享用喔！,0.0,0.0,1089,412092
1091,1006,1006201,0,0,16,Akane/Voice_Akane_Complete_2,용이 해주는 음식은\n흔하지 않다고?,0.0,0.0,"It's not every day you get food made by a dragon, right?",0.0,0.0,竜が作る料理なんて珍しいよ？,0.0,0.0,龍做的料理不常見嗎？,0.0,0.0,龙做的料理不常见吗？,0.0,0.0,1090,412312
1092,1006,1006201,0,0,0,Akane/Voice_Akane_Effect_1,내 실력을 보여주지!,0.0,0.0,I’ll show you my skills!,0.0,0.0,あたしの実力を見せてあげる！,0.0,0.0,讓你看看我的實力！,0.0,0.0,让你看看我的实力！,0.0,0.0,1091,412640
1093,1006,1006201,0,0,6,Akane/Voice_AkaneBasic_In_7,차가워?\n뜨겁게 달궈줄까?!,0.0,0.0,Cold? Want me to heat it up?!,0.0,0.0,寒い？熱くしてあげようか!?,0.0,0.0,冰的？要幫你加熱嗎？！,0.0,0.0,冰的？要帮你加热吗？ ！,0.0,0.0,1092,412912
1094,1006,1006201,0,0,6,Akane/Voice_AkaneBasic_In_1,뜨거우면서 차가운 게 필요하구나!\n조금만 기다려!,0.0,0.0,So you need something both hot and cold! Just wait a moment!,0.0,0.0,熱くて冷たいものが必要なんだね！少しだけ待って！,0.0,0.0,你要熱熱又冰冰的啊！稍等一下！,0.0,0.0,你要热热又冰冰的啊！稍等一下！,0.0,0.0,1093,413208
1095,1006,1006201,0,0,6,Akane/Voice_AkaneBasic_In_2,주문받을게-\n뭐 먹고 싶어?,0.0,0.0,I'll take your order—what do you want to eat?,0.0,0.0,注文を取るよー。何が食べたい？,0.0,0.0,幫你點餐喔-要吃什麼？,0.0,0.0,帮你点餐喔-要吃什么？,0.0,0.0,1094,413620
1096,1006,1006201,0,0,6,Akane/Voice_AkaneBasic_In_3,입안이 불타버릴\n정도로 뜨거운 음식을 줄까?!,0.0,0.0,Want me to give you something so hot it burns your mouth?!,0.0,0.0,口の中が燃えるほど、熱い料理をあげようか!?,0.0,0.0,要嚐嚐會讓嘴巴燙到爆炸的料理嗎？,0.0,0.0,要尝尝会让嘴巴烫到爆炸的料理吗？,0.0,0.0,1095,413932
1097,1006,1006201,0,0,6,Akane/Voice_AkaneBasic_In_4,재밌는 일 없으려나?,0.0,0.0,Isn't there anything fun to do?,0.0,0.0,面白いこと、ないかな？,0.0,0.0,有什麼好玩的事嗎？,0.0,0.0,有什么好玩的事吗？,0.0,0.0,1096,414332
1098,1006,1006201,0,0,6,Akane/Voice_AkaneBasic_In_5,좋아-금방\n준비해줄게!,0.0,0.0,Alright—I'll get it ready right away!,0.0,0.0,いいよー。すぐに準備してあげる！,0.0,0.0,好-馬上幫你準備！,0.0,0.0,好-马上帮你准备！,0.0,0.0,1097,414600
1099,1006,1006201,0,0,6,Akane/Voice_AkaneBasic_In_6,내 뿔은 가짜가\n아니야.,0.0,0.0,My horns aren't fake.,0.0,0.0,私の角は偽物じゃないよ。,0.0,0.0,我的角可不是假的！,0.0,0.0,我的角可不是假的！,0.0,0.0,1098,414892
1100,1006,1006201,0,0,7,Akane/Voice_AkaneBasic_In_7,차가워?\n뜨겁게 달궈줄까?!,0.0,0.0,Cold? Want me to heat it up?!,0.0,0.0,寒い？熱くしてあげようか!?,0.0,0.0,冰的？要幫你加熱嗎？！,0.0,0.0,冰的？要帮你加热吗？ ！,0.0,0.0,1099,415156
1101,1006,1006201,0,0,7,Akane/Voice_AkaneBasic_In_1,뜨거우면서 차가운 게 필요하구나!\n조금만 기다려!,0.0,0.0,So you need something both hot and cold! Just wait a moment!,0.0,0.0,熱くて冷たいものが必要なんだね！少しだけ待って！,0.0,0.0,你要熱熱又冰冰的啊！稍等一下！,0.0,0.0,你要热热又冰冰的啊！稍等一下！,0.0,0.0,1100,415452
1102,1006,1006201,0,0,7,Akane/Voice_AkaneBasic_In_2,주문받을게-\n뭐 먹고 싶어?,0.0,0.0,I'll take your order—what do you want to eat?,0.0,0.0,注文を取るよー。何が食べたい？,0.0,0.0,幫你點餐喔-要吃什麼？,0.0,0.0,帮你点餐喔-要吃什么？,0.0,0.0,1101,415864
1103,1006,1006201,0,0,7,Akane/Voice_AkaneBasic_In_3,입안이 불타버릴\n정도로 뜨거운 음식을 줄까?!,0.0,0.0,Want me to give you something so hot it burns your mouth?!,0.0,0.0,口の中が燃えるほど、熱い料理をあげようか!?,0.0,0.0,要嚐嚐會讓嘴巴燙到爆炸的料理嗎？,0.0,0.0,要尝尝会让嘴巴烫到爆炸的料理吗？,0.0,0.0,1102,416176
1104,1006,1006201,0,0,7,Akane/Voice_AkaneBasic_In_4,재밌는 일 없으려나?,0.0,0.0,Isn't there anything fun to do?,0.0,0.0,面白いこと、ないかな？,0.0,0.0,有什麼好玩的事嗎？,0.0,0.0,有什么好玩的事吗？,0.0,0.0,1103,416576
1105,1006,1006201,0,0,7,Akane/Voice_AkaneBasic_In_5,좋아-금방\n준비해줄게!,0.0,0.0,Alright—I'll get it ready right away!,0.0,0.0,いいよー。すぐに準備してあげる！,0.0,0.0,好-馬上幫你準備！,0.0,0.0,好-马上帮你准备！,0.0,0.0,1104,416844
1106,1006,1006201,0,0,7,Akane/Voice_AkaneBasic_In_6,내 뿔은 가짜가\n아니야.,0.0,0.0,My horns aren't fake.,0.0,0.0,私の角は偽物じゃないよ。,0.0,0.0,我的角可不是假的！,0.0,0.0,我的角可不是假的！,0.0,0.0,1105,417136
1107,1006,1006201,0,0,7,Akane/Voice_AkaneBasic_Out_1,메이드 카페인데\n공연은 안 하나?,0.0,0.0,"It's a maid cafe, isn't there a performance?",0.0,0.0,メイド喫茶なのに、公演はしないの？,0.0,0.0,女僕咖啡廳沒有演出？,0.0,0.0,女仆咖啡厅没有演出？,0.0,0.0,1106,417400
1108,1006,1006201,0,0,7,Akane/Voice_AkaneBasic_Out_2,으캬캬-!\n이런 건 금방 하지!,0.0,0.0,Ukyakya-! This is easy!,0.0,0.0,うきゃきゃー！こんなの、すぐだよ！,0.0,0.0,哇哈哈！這種很簡單啊！,0.0,0.0,哇哈哈！这种很简单啊！,0.0,0.0,1107,417724
1109,1006,1006201,0,0,7,Akane/Voice_AkaneBasic_Out_3,난 식은 죽보단\n뜨거운 죽이 먹기\n편하던데-,0.0,0.0,I find hot porridge easier to eat than cold porridge.,0.0,0.0,あたしは、熱いお粥の方が食べやすいけどー。,0.0,0.0,我覺得吃冷粥比吃熱粥方便。,0.0,0.0,我觉得吃冷粥比吃热粥方便。,0.0,0.0,1108,418028
1110,1006,1006201,0,0,7,Akane/Voice_AkaneBasic_Out_4,위대한 용족도\n해내지 못하는 게\n있지.,0.0,0.0,Even the mighty dragon race has things they can't do.,0.0,0.0,偉大な竜族にもできないことはあるんだよ。,0.0,0.0,偉大的龍族也有做不到的事啊。,0.0,0.0,伟大的龙族也有做不到的事啊。,0.0,0.0,1109,418404
1111,1006,1006201,0,0,7,Akane/Voice_AkaneBasic_Out_5,으랴랴-!\n청소는 다했어!,0.0,0.0,Uryarya-! Cleaning is done!,0.0,0.0,うりゃりゃー！掃除は全部終わった！,0.0,0.0,哇哈哈！打掃好了！,0.0,0.0,哇哈哈！打扫好了！,0.0,0.0,1110,418780
1112,1006,1006201,0,0,7,Akane/Voice_AkaneBasic_Out_6,이번엔 뭘 할까?\n요리? 빨래?!\n말만 해-!,0.0,0.0,What should we do next? Cooking? Laundry?! Just say it!,0.0,0.0,次は何をしよう？料理？洗濯？言ってみてー！,0.0,0.0,這次要做什麼？做飯？洗衣服？！儘管說！,0.0,0.0,这次要做什么？做饭？洗衣服？ ！尽管说！,0.0,0.0,1111,419068
1113,1006,1006201,0,0,7,Akane/Voice_AkaneBasic_Out_7,나에게 더 재밌는\n경험을 선사해줘!,0.0,0.0,Give me a more fun experience!,0.0,0.0,あたしにもっと面白い経験をさせてよ！,0.0,0.0,給我更多有趣的體驗吧！,0.0,0.0,给我更多有趣的体验吧！,0.0,0.0,1112,419480
1114,1006,1006201,0,0,7,Akane/Voice_AkaneBasic_Out_8,나랑 같이 노래나\n부를래?,0.0,0.0,Want to sing with me?,0.0,0.0,一緒に歌わない？,0.0,0.0,要不要和我一起唱歌？,0.0,0.0,要不要和我一起唱歌？,0.0,0.0,1113,419804
1115,1006,1006201,0,0,7,Akane/Voice_AkaneBasic_Out_9,재밌는 거? 어디?!,0.0,0.0,Something fun? Where?!,0.0,0.0,楽しいこと？どこ!?,0.0,0.0,有好玩的？在哪裡？！,0.0,0.0,有好玩的？在哪里？ ！,0.0,0.0,1114,420068
1116,1006,1006201,0,0,15,,"오늘도 저 타오르는 태양처럼, 일할 준비 완료!",0.0,0.0,"I’m ready to work, burning like today’s blazing sun!",0.0,0.0,今日もあの燃える太陽のように、働く準備完了！,0.0,0.0,今天也像熊熊燃燒的太陽一樣，準備開工！,0.0,0.0,今天也像熊熊燃烧的太阳一样，准备开工！,0.0,0.0,1115,420324
1117,1006,1006201,0,0,15,,"맛쨩도 대왕 얼음이 들어간 음료 한 잔, 어때? 꼭 한입에 먹어야 해!",0.0,0.0,"MaChan, how about a drink packed with giant ice? You’ve gotta chug it in one go!",0.0,0.0,マっちゃんもデカい氷入りのドリンク飲む？絶対一口で飲んでね！,0.0,0.0,大師君要不要來杯裝著大冰塊的飲料？要一口乾喔！,0.0,0.0,大师君要不要来杯装着大冰块的饮料？要一口干喔！,0.0,0.0,1116,420720
1118,1006,1006201,0,0,15,,열정을 담아 일해도 더운 건 해결되지를 않는구나…….,0.0,0.0,"Even with all this passion, it’s still hot…",0.0,0.0,情熱的に働いても、暑いのはどうしようもないね……。,0.0,0.0,即使充滿熱情工作，還是覺得很熱呢……,0.0,0.0,即使充满热情工作，还是觉得很热呢……,0.0,0.0,1117,421220
1119,1006,1006201,0,0,15,,맛쨩도 이따가 같이 서핑이나 탈래?,0.0,0.0,"Want to go surfing with me later, MaChan?",0.0,0.0,マっちゃんも後で一緒にサーフィンする？,0.0,0.0,大師君等一下要不要一起去衝浪？,0.0,0.0,大师君等一下要不要一起去冲浪？,0.0,0.0,1118,421620
1120,1006,1006201,0,0,15,,주문이 들어왔어! 누가 더 빠르게 하는지 대결해볼까?!,0.0,0.0,We got an order! Wanna race to see who’s faster?!,0.0,0.0,注文が入ったよ！誰が早くできるか競走してみる!?,0.0,0.0,有人點餐了！要比看看誰比較快嗎？！,0.0,0.0,有人点餐了！要比看看谁比较快吗？ ！,0.0,0.0,1119,421956
1121,1006,1006201,14,0,19,Akane/Voice_Akane_Effect_1,"몸과 마음이 뜨거워지는데! 고마워, 맛쨩!",0.0,0.0,"My body and heart are heating up! Thanks, MaChan!",0.0,0.0,身も心も熱くなる！ありがとう、マっちゃん！,0.0,0.0,身心都暖和起來了！謝謝你，大師君！,0.0,0.0,身心都暖和起来了！谢谢你，大师君！,0.0,0.0,1120,422340
1122,1006,1006201,14,0,8,Akane/Voice_AkaneSwimSuit_MaidApp_1,"어때, 맛쨩? 나도 몸매가 나쁘지 않지?",0.0,0.0,"What do you think, MaChan? Not a bad figure, huh?",0.0,0.0,どうかな、マっちゃん？あたしのスタイルも悪くないでしょ？,0.0,0.0,怎麼樣，大師君？我的身材還不錯吧？,0.0,0.0,怎么样，大师君？我的身材还不错吧？,0.0,0.0,1121,422732
1123,1006,1006201,14,0,8,Akane/Voice_AkaneSwimSuit_MaidApp_2,타오르는 태양 빛! 나의 시대가 왔어!,0.0,0.0,Blazing sunlight! My time has come!,0.0,0.0,燃える太陽の光！私の時代が来たよ！,0.0,0.0,炙熱的陽光！屬於我的時代來了！,0.0,0.0,炙热的阳光！属于我的时代来了！,0.0,0.0,1122,423148
1124,1006,1006201,1,1,8,Akane/Voice_AkaneSwimSuit_MaidApp_3,모처럼인데 물놀이나 해볼까?,0.0,0.0,"Since we’re here, why not play in the water?",0.0,0.0,せっかくだから、水遊びしてみる？,0.0,0.0,難得來一次，要不要玩個水？,0.0,0.0,难得来一次，要不要玩个水？,0.0,0.0,1123,423508
1125,1006,1006201,7,2,8,Akane/Voice_AkaneSwimSuit_MaidApp_4,수영장에서 비치볼? 그거 재밌는 거야?!,0.0,0.0,Beach ball in the pool? That sounds fun?!,0.0,0.0,プールでビーチボール？それ、面白い？,0.0,0.0,在泳池玩海灘球？那個很好玩嗎？！,0.0,0.0,在泳池玩海滩球？那个很好玩吗？ ！,0.0,0.0,1124,423848
1126,1006,1006201,7,2,8,Akane/Voice_AkaneSwimSuit_MaidApp_5,맛쨩-나한테 반하면 안 된다고-으캬캬!,0.0,0.0,MaChan—don’t fall for me now—ukyakya!,0.0,0.0,マっちゃんー、あたしに惚れちゃいけないよー。うきゃきゃ！,0.0,0.0,大師君-你可不能愛上我唷-哇哈哈！,0.0,0.0,大师君-你可不能爱上我唷-哇哈哈！,0.0,0.0,1125,424224
1127,1006,1006201,1,1,8,Akane/Voice_AkaneSwimSuit_MaidApp_6,오늘 저녁에 캠프파이어 할까!,0.0,0.0,Should we have a campfire tonight?!,0.0,0.0,今夜は、キャンプファイヤーしようか！,0.0,0.0,今天晚上來個營火晚會吧！,0.0,0.0,今天晚上来个营火晚会吧！,0.0,0.0,1126,424624
1128,1006,1006201,7,2,8,Akane/Voice_AkaneSwimSuit_MaidApp_7,맛쨩 방에 먹을 게 많아? 먹으러 갈래-!,0.0,0.0,"Got lots of snacks in your room, MaChan? I’m coming!",0.0,0.0,マっちゃんの部屋、食べ物多い？食べに行くー！,0.0,0.0,大師君的房間裡有很多吃的？我要去吃-！,0.0,0.0,大师君的房间里有很多吃的？我要去吃-！,0.0,0.0,1127,424952
1129,1006,1006201,9,4,8,Akane/Voice_AkaneSwimSuit_MaidApp_8,수박 깨기 놀이? 나 그거 알아! 사람을 모래 안에다가……응? 그게 아니라고?,0.0,0.0,Watermelon smash? I know that game! You bury someone in the sand and… huh? That’s not it?,0.0,0.0,スイカ割り？あたし、知ってる！人を砂に埋めて……え？違うの？,0.0,0.0,敲西瓜遊戲？我知道那個！是把人埋在沙子裡……咦？不是那樣嗎？,0.0,0.0,敲西瓜游戏？我知道那个！是把人埋在沙子里……咦？不是那样吗？,0.0,0.0,1128,425364
1130,1006,1006201,13,8,8,Akane/Voice_AkaneSwimSuit_MaidApp_9,이열치열! 내가 몸을 불로 달궈줄게!,0.0,0.0,Fight heat with heat! I’ll warm up my body with fire!,0.0,0.0,熱を以って熱を制する！あたしが火で体を熱くしてあげるよ！,0.0,0.0,以熱制熱！我來用火把身體加熱吧！,0.0,0.0,以热制热！我来用火把身体加热吧！,0.0,0.0,1129,425964
1131,1006,1006201,1,1,9,Akane/Voice_Akane_Hello_3,"어서 와, 맛쨩!\n오늘의 보상을 받아!",0.0,0.0,"Welcome, MaChan! Claim today's reward!",0.0,0.0,ようこそ、マっちゃん！今日の報酬を受け取って！,0.0,0.0,大師君快點過來！來領今天的獎勵吧！,0.0,0.0,大师君快点过来！来领今天的奖励吧！,0.0,0.0,1130,426372
1132,1006,1006201,1,1,18,Akane/Voice_Akane_Hello_4,오-왔구나!\n어서 같이 재밌는 거 하자!,0.0,0.0,"oh! you're here! Come on, let's do something fun!",0.0,0.0,おー、来たんだ。早く一緒に楽しいことしよう！,0.0,0.0,哦-你來了！快來一起玩吧！,0.0,0.0,哦-你来了！快来一起玩吧！,0.0,0.0,1131,426752
1133,1006,1006201,14,2,10,Akane/Voice_Akane_Hello_5,오-좋은 게 나왔잖아?\n내일도 꼭 와!,0.0,0.0,Oh—something good came out! Be sure to come again tomorrow!,0.0,0.0,おー、いいものが出たじゃない。明日も絶対来てね！,0.0,0.0,哦-有好東西耶？明天也一定要來喔！,0.0,0.0,哦-有好东西耶？明天也一定要来喔！,0.0,0.0,1132,427120
1134,1006,1006201,14,2,10,Akane/Voice_Akane_Hello_6,뭐야? 재밌는 거야?,0.0,0.0,What is it? Is it fun?,0.0,0.0,なにそれ？面白いの？,0.0,0.0,什麼啊？是好玩的嗎？,0.0,0.0,什么啊？是好玩的吗？,0.0,0.0,1133,427524
1135,1006,1006201,0,0,11,Akane/Voice_Akane_Dormitory_1,호오-? 나에 관해 관심이 좀 생겼나 봐?,0.0,0.0,Hooh? Are you starting to get interested in me?,0.0,0.0,ほおー？あたしにちょっと興味が出てきたみたいね。,0.0,0.0,哦哦-？對我有點興趣啦？,0.0,0.0,哦哦-？对我有点兴趣啦？,0.0,0.0,1134,427788
1136,1006,1006201,0,0,12,Akane/Voice_Akane_Dormitory_2,내 비밀을 알고 싶으면 조금 더 힘내봐!,0.0,0.0,"If you want to know my secret, try a little harder!",0.0,0.0,あたしの秘密を知りたいなら、もう少し頑張ってみなさい！,0.0,0.0,想知道我的祕密就繼續努力吧！,0.0,0.0,想知道我的秘密就继续努力吧！,0.0,0.0,1135,428152
1137,1006,1006201,0,0,13,Akane/Voice_Akane_Dormitory_3,"좋아-맛쨩이라면…내 비밀, 알려줄게!",0.0,0.0,Alright—if it's MaChan… I'll tell you my secret!,0.0,0.0,いいよー。マっちゃんになら…あたしの秘密、教えてあげる！,0.0,0.0,好-大師君的話……就告訴你我的祕密！,0.0,0.0,好-大师君的话……就告诉你我的秘密！,0.0,0.0,1136,428548
1138,1006,1006201,0,0,14,Akane/Voice_Akane_DormitoryOpen_1,"오오-! 내 방도 있구나? 자, 어서 열어 줘!",0.0,0.0,"Ohh-! I have a room too? Come on, open it up!",0.0,0.0,あー！あたしの部屋もあるの？さあ、早く開けて！,0.0,0.0,哦哦-！也有我的房間啊？好，快幫我打開！,0.0,0.0,哦哦-！也有我的房间啊？好，快帮我打开！,0.0,0.0,1137,428960
1139,1006,1006202,0,0,5,,맛쨩-잠깐 이리로 와봐!,0.0,0.0,"MaChan, come here for a moment!",0.0,0.0,まっちゃん、ちょっとこっちに来て！,0.0,0.0,瑪醬，過來一下！,0.0,0.0,玛酱，过来一下！,0.0,0.0,1138,429380
1140,1006,1006202,14,0,17,Akane/Voice_Akane_Effect_1,트릭 오어 트릿! 나에게 맛쨩의 특제 사탕을 줘!,0.0,0.0,Trick or Treat! Give me MaChan’s special candy!,0.0,0.0,トリック・オア・トリート！マちゃんの特製キャンディをちょうだい！,0.0,0.0,Trick or Treat! 給我瑪醬的特製糖果！,0.0,0.0,Trick or Treat! 给我玛酱的特制糖果！,0.0,0.0,1139,429632
1141,1006,1006202,0,0,16,Akane/Voice_Akane_Complete_1,맛있게 먹어!,0.0,0.0,Enjoy your meal!,0.0,0.0,美味しく食べてね！,0.0,0.0,好好享用喔！,0.0,0.0,好好享用喔！,0.0,0.0,1140,430056
1142,1006,1006202,0,0,16,Akane/Voice_Akane_Complete_2,용이 해주는 음식은\n흔하지 않다고?,0.0,0.0,"It's not every day you get food made by a dragon, right?",0.0,0.0,竜が作る料理なんて珍しいよ？,0.0,0.0,龍做的料理不常見嗎？,0.0,0.0,龙做的料理不常见吗？,0.0,0.0,1141,430276
1143,1006,1006202,0,0,0,Akane/Voice_Akane_Effect_1,내 실력을 보여주지!,0.0,0.0,I’ll show you my skills!,0.0,0.0,あたしの実力を見せてあげる！,0.0,0.0,讓你看看我的實力！,0.0,0.0,让你看看我的实力！,0.0,0.0,1142,430604
1144,1006,1006202,0,0,6,Akane/Voice_AkaneBasic_In_7,차가워?\n뜨겁게 달궈줄까?!,0.0,0.0,Cold? Want me to heat it up?!,0.0,0.0,寒い？熱くしてあげようか!?,0.0,0.0,冰的？要幫你加熱嗎？！,0.0,0.0,冰的？要帮你加热吗？ ！,0.0,0.0,1143,430876
1145,1006,1006202,0,0,6,Akane/Voice_AkaneBasic_In_1,뜨거우면서 차가운 게 필요하구나!\n조금만 기다려!,0.0,0.0,So you need something both hot and cold! Just wait a moment!,0.0,0.0,熱くて冷たいものが必要なんだね！少しだけ待って！,0.0,0.0,你要熱熱又冰冰的啊！稍等一下！,0.0,0.0,你要热热又冰冰的啊！稍等一下！,0.0,0.0,1144,431172
1146,1006,1006202,0,0,6,Akane/Voice_AkaneBasic_In_2,주문받을게-\n뭐 먹고 싶어?,0.0,0.0,I'll take your order—what do you want to eat?,0.0,0.0,注文を取るよー。何が食べたい？,0.0,0.0,幫你點餐喔-要吃什麼？,0.0,0.0,帮你点餐喔-要吃什么？,0.0,0.0,1145,431584
1147,1006,1006202,0,0,6,Akane/Voice_AkaneBasic_In_3,입안이 불타버릴\n정도로 뜨거운 음식을 줄까?!,0.0,0.0,Want me to give you something so hot it burns your mouth?!,0.0,0.0,口の中が燃えるほど、熱い料理をあげようか!?,0.0,0.0,要嚐嚐會讓嘴巴燙到爆炸的料理嗎？,0.0,0.0,要尝尝会让嘴巴烫到爆炸的料理吗？,0.0,0.0,1146,431896
1148,1006,1006202,0,0,6,Akane/Voice_AkaneBasic_In_4,재밌는 일 없으려나?,0.0,0.0,Isn't there anything fun to do?,0.0,0.0,面白いこと、ないかな？,0.0,0.0,有什麼好玩的事嗎？,0.0,0.0,有什么好玩的事吗？,0.0,0.0,1147,432296
1149,1006,1006202,0,0,6,Akane/Voice_AkaneBasic_In_5,좋아-금방\n준비해줄게!,0.0,0.0,Alright—I'll get it ready right away!,0.0,0.0,いいよー。すぐに準備してあげる！,0.0,0.0,好-馬上幫你準備！,0.0,0.0,好-马上帮你准备！,0.0,0.0,1148,432564
1150,1006,1006202,0,0,6,Akane/Voice_AkaneBasic_In_6,내 뿔은 가짜가\n아니야.,0.0,0.0,My horns aren't fake.,0.0,0.0,私の角は偽物じゃないよ。,0.0,0.0,我的角可不是假的！,0.0,0.0,我的角可不是假的！,0.0,0.0,1149,432856
1151,1006,1006202,0,0,7,Akane/Voice_AkaneBasic_In_7,차가워?\n뜨겁게 달궈줄까?!,0.0,0.0,Cold? Want me to heat it up?!,0.0,0.0,寒い？熱くしてあげようか!?,0.0,0.0,冰的？要幫你加熱嗎？！,0.0,0.0,冰的？要帮你加热吗？ ！,0.0,0.0,1150,433120
1152,1006,1006202,0,0,7,Akane/Voice_AkaneBasic_In_1,뜨거우면서 차가운 게 필요하구나!\n조금만 기다려!,0.0,0.0,So you need something both hot and cold! Just wait a moment!,0.0,0.0,熱くて冷たいものが必要なんだね！少しだけ待って！,0.0,0.0,你要熱熱又冰冰的啊！稍等一下！,0.0,0.0,你要热热又冰冰的啊！稍等一下！,0.0,0.0,1151,433416
1153,1006,1006202,0,0,7,Akane/Voice_AkaneBasic_In_2,주문받을게-\n뭐 먹고 싶어?,0.0,0.0,I'll take your order—what do you want to eat?,0.0,0.0,注文を取るよー。何が食べたい？,0.0,0.0,幫你點餐喔-要吃什麼？,0.0,0.0,帮你点餐喔-要吃什么？,0.0,0.0,1152,433828
1154,1006,1006202,0,0,7,Akane/Voice_AkaneBasic_In_3,입안이 불타버릴\n정도로 뜨거운 음식을 줄까?!,0.0,0.0,Want me to give you something so hot it burns your mouth?!,0.0,0.0,口の中が燃えるほど、熱い料理をあげようか!?,0.0,0.0,要嚐嚐會讓嘴巴燙到爆炸的料理嗎？,0.0,0.0,要尝尝会让嘴巴烫到爆炸的料理吗？,0.0,0.0,1153,434140
1155,1006,1006202,0,0,7,Akane/Voice_AkaneBasic_In_4,재밌는 일 없으려나?,0.0,0.0,Isn't there anything fun to do?,0.0,0.0,面白いこと、ないかな？,0.0,0.0,有什麼好玩的事嗎？,0.0,0.0,有什么好玩的事吗？,0.0,0.0,1154,434540
1156,1006,1006202,0,0,7,Akane/Voice_AkaneBasic_In_5,좋아-금방\n준비해줄게!,0.0,0.0,Alright—I'll get it ready right away!,0.0,0.0,いいよー。すぐに準備してあげる！,0.0,0.0,好-馬上幫你準備！,0.0,0.0,好-马上帮你准备！,0.0,0.0,1155,434808
1157,1006,1006202,0,0,7,Akane/Voice_AkaneBasic_In_6,내 뿔은 가짜가\n아니야.,0.0,0.0,My horns aren't fake.,0.0,0.0,私の角は偽物じゃないよ。,0.0,0.0,我的角可不是假的！,0.0,0.0,我的角可不是假的！,0.0,0.0,1156,435100
1158,1006,1006202,0,0,7,Akane/Voice_AkaneBasic_Out_1,메이드 카페인데\n공연은 안 하나?,0.0,0.0,"It's a maid cafe, isn't there a performance?",0.0,0.0,メイド喫茶なのに、公演はしないの？,0.0,0.0,女僕咖啡廳沒有演出？,0.0,0.0,女仆咖啡厅没有演出？,0.0,0.0,1157,435364
1159,1006,1006202,0,0,7,Akane/Voice_AkaneBasic_Out_2,으캬캬-!\n이런 건 금방 하지!,0.0,0.0,Ukyakya-! This is easy!,0.0,0.0,うきゃきゃー！こんなの、すぐだよ！,0.0,0.0,哇哈哈！這種很簡單啊！,0.0,0.0,哇哈哈！这种很简单啊！,0.0,0.0,1158,435688
1160,1006,1006202,0,0,7,Akane/Voice_AkaneBasic_Out_3,난 식은 죽보단\n뜨거운 죽이 먹기\n편하던데-,0.0,0.0,I find hot porridge easier to eat than cold porridge.,0.0,0.0,あたしは、熱いお粥の方が食べやすいけどー。,0.0,0.0,我覺得吃冷粥比吃熱粥方便。,0.0,0.0,我觉得吃冷粥比吃热粥方便。,0.0,0.0,1159,435992
1161,1006,1006202,0,0,7,Akane/Voice_AkaneBasic_Out_4,위대한 용족도\n해내지 못하는 게\n있지.,0.0,0.0,Even the mighty dragon race has things they can't do.,0.0,0.0,偉大な竜族にもできないことはあるんだよ。,0.0,0.0,偉大的龍族也有做不到的事啊。,0.0,0.0,伟大的龙族也有做不到的事啊。,0.0,0.0,1160,436368
1162,1006,1006202,0,0,7,Akane/Voice_AkaneBasic_Out_5,으랴랴-!\n청소는 다했어!,0.0,0.0,Uryarya-! Cleaning is done!,0.0,0.0,うりゃりゃー！掃除は全部終わった！,0.0,0.0,哇哈哈！打掃好了！,0.0,0.0,哇哈哈！打扫好了！,0.0,0.0,1161,436744
1163,1006,1006202,0,0,7,Akane/Voice_AkaneBasic_Out_6,이번엔 뭘 할까?\n요리? 빨래?!\n말만 해-!,0.0,0.0,What should we do next? Cooking? Laundry?! Just say it!,0.0,0.0,次は何をしよう？料理？洗濯？言ってみてー！,0.0,0.0,這次要做什麼？做飯？洗衣服？！儘管說！,0.0,0.0,这次要做什么？做饭？洗衣服？ ！尽管说！,0.0,0.0,1162,437032
1164,1006,1006202,0,0,7,Akane/Voice_AkaneBasic_Out_7,나에게 더 재밌는\n경험을 선사해줘!,0.0,0.0,Give me a more fun experience!,0.0,0.0,あたしにもっと面白い経験をさせてよ！,0.0,0.0,給我更多有趣的體驗吧！,0.0,0.0,给我更多有趣的体验吧！,0.0,0.0,1163,437444
1165,1006,1006202,0,0,7,Akane/Voice_AkaneBasic_Out_8,나랑 같이 노래나\n부를래?,0.0,0.0,Want to sing with me?,0.0,0.0,一緒に歌わない？,0.0,0.0,要不要和我一起唱歌？,0.0,0.0,要不要和我一起唱歌？,0.0,0.0,1164,437768
1166,1006,1006202,0,0,7,Akane/Voice_AkaneBasic_Out_9,재밌는 거? 어디?!,0.0,0.0,Something fun? Where?!,0.0,0.0,楽しいこと？どこ!?,0.0,0.0,有好玩的？在哪裡？！,0.0,0.0,有好玩的？在哪里？ ！,0.0,0.0,1165,438032
1167,1006,1006202,0,0,15,,온몸이 떨릴만한 음식을 만들어주지!,0.0,0.0,I’ll make you food that will make your whole body tremble!,0.0,0.0,全身が震えるような料理を作ってあげる！,0.0,0.0,我要做出讓你全身發抖的料理！,0.0,0.0,我要做出让你全身发抖的料理！,0.0,0.0,1166,438288
1168,1006,1006202,0,0,15,,오싹오싹 할로윈에는 오싹오싹한 분위기가 어울리겠지?!,0.0,0.0,"A spooky atmosphere fits perfectly with a spooky Halloween, right?!",0.0,0.0,ゾクゾクするハロウィンにはゾクゾクする雰囲気がぴったりでしょ？！,0.0,0.0,毛骨悚然的萬聖節當然要配毛骨悚然的氣氛，對吧？！,0.0,0.0,毛骨悚然的万圣节当然要配毛骨悚然的气氛，对吧？！,0.0,0.0,1167,438636
1169,1006,1006202,0,0,15,,할로윈에 걸맞은 무서운 음식은 어때?,0.0,0.0,How about some scary food fitting for Halloween?,0.0,0.0,ハロウィンにふさわしい怖い料理はどう？,0.0,0.0,來點配得上萬聖節的可怕料理怎麼樣？,0.0,0.0,来点配得上万圣节的可怕料理怎么样？,0.0,0.0,1168,439108
1170,1006,1006202,0,0,15,,어서 주문을 받으러 가볼까!,0.0,0.0,Shall I go take some orders now!,0.0,0.0,さあ、注文を取りに行こうか！,0.0,0.0,那我該去接單了！,0.0,0.0,那我该去接单了！,0.0,0.0,1169,439460
1171,1006,1006202,0,0,15,,서비스로 사탕을 주는 건 어떨까! 맛있겠지?,0.0,0.0,"How about giving candy as a service! Sounds delicious, right?",0.0,0.0,サービスでキャンディをあげるのはどう？おいしそうでしょ？,0.0,0.0,作為服務送糖果怎麼樣！很好吃吧？,0.0,0.0,作为服务送糖果怎么样！很好吃吧？,0.0,0.0,1170,439712
1172,1006,1006202,14,0,19,Akane/Voice_Akane_Effect_1,"고마워, 맛쨩! 나도 사탕 하나 줄까?",0.0,0.0,"Thanks, MaChan! Should I give you a candy too?",0.0,0.0,ありがとう、マちゃん！私もキャンディを一つあげようか？,0.0,0.0,謝謝你，瑪醬！要不要我也給你一顆糖？,0.0,0.0,谢谢你，玛酱！要不要我也给你一颗糖？,0.0,0.0,1171,440104
1173,1006,1006202,14,0,8,Akane/Voice_Akane_Effect_1,이 복장 어때? 진짜 마녀가 된 기분이야! 입에서 불을 뿜는 마녀!,0.0,0.0,How’s this outfit? I feel like a real witch! A witch that breathes fire!,0.0,0.0,この衣装どう？本物の魔女になった気分！炎を吐く魔女よ！,0.0,0.0,這身裝扮怎麼樣？感覺自己像真的女巫！會噴火的女巫！,0.0,0.0,这身装扮怎么样？感觉自己像真的女巫！会喷火的女巫！,0.0,0.0,1172,440512
1174,1006,1006202,14,8,8,Akane/Voice_Akane_Effect_4_2,너…귀엽네? 내 권속이 되지 않을래-? 으캬캬! 내 연기 어때?!,0.0,0.0,You… you’re cute? Want to become my servant—? Ukya-kya! How’s my acting?!,0.0,0.0,あなた……かわいいね？私の眷属にならない？ウキャキャ！私の演技どう？！,0.0,0.0,你……挺可愛的？要不要做我的眷屬——？嗚卡卡！我的演技怎麼樣？！,0.0,0.0,你……挺可爱的？要不要做我的眷属——？呜卡卡！我的演技怎么样？！,0.0,0.0,1173,441028
1175,1006,1006202,7,2,8,Akane/Voice_Akane_Effect_1,트릭 오어 트릿! 나에게 맛쨩의 특제 사탕을 줘!,0.0,0.0,Trick or Treat! Give me MaChan’s special candy!,0.0,0.0,トリック・オア・トリート！マちゃんの特製キャンディをちょうだい！,0.0,0.0,Trick or Treat! 給我瑪醬的特製糖果！,0.0,0.0,Trick or Treat! 给我玛酱的特制糖果！,0.0,0.0,1174,441608
1176,1006,1006202,14,0,8,Akane/Voice_Akane_Effect_4_2,할로윈 이벤트 메뉴로 빨리 먹지 않으면 타오르는 칵테일 같은 건 어떨까!,0.0,0.0,How about a Halloween event menu with a flaming cocktail you have to drink quickly!,0.0,0.0,ハロウィンイベントのメニューで、すぐに飲まないと燃え上がるカクテルなんてどう？,0.0,0.0,萬聖節限定菜單來個必須快喝的燃燒雞尾酒怎麼樣！,0.0,0.0,万圣节限定菜单来个必须快喝的燃烧鸡尾酒怎么样！,0.0,0.0,1175,442032
1177,1006,1006202,14,0,8,Akane/Voice_Akane_Effect_1,마녀의 키스에 당하면 빠져들 수밖에 없지-,0.0,0.0,"If you get hit by a witch’s kiss, you can’t help but fall for it—",0.0,0.0,魔女のキスを受けたら、もう虜になるしかないわね―,0.0,0.0,要是中了女巫的吻，就只能沉醉其中了——,0.0,0.0,要是中了女巫的吻，就只能沉醉其中了——,0.0,0.0,1176,442596
1178,1006,1006202,1,1,9,Akane/Voice_Akane_Hello_3,"어서 와, 맛쨩!\n오늘의 보상을 받아!",0.0,0.0,"Welcome, MaChan! Claim today's reward!",0.0,0.0,ようこそ、マっちゃん！今日の報酬を受け取って！,0.0,0.0,大師君快點過來！來領今天的獎勵吧！,0.0,0.0,大师君快点过来！来领今天的奖励吧！,0.0,0.0,1177,443036
1179,1006,1006202,1,1,18,Akane/Voice_Akane_Hello_4,오-왔구나!\n어서 같이 재밌는 거 하자!,0.0,0.0,"oh! you're here! Come on, let's do something fun!",0.0,0.0,おー、来たんだ。早く一緒に楽しいことしよう！,0.0,0.0,哦-你來了！快來一起玩吧！,0.0,0.0,哦-你来了！快来一起玩吧！,0.0,0.0,1178,443416
1180,1006,1006202,14,2,10,Akane/Voice_Akane_Hello_5,오-좋은 게 나왔잖아?\n내일도 꼭 와!,0.0,0.0,Oh—something good came out! Be sure to come again tomorrow!,0.0,0.0,おー、いいものが出たじゃない。明日も絶対来てね！,0.0,0.0,哦-有好東西耶？明天也一定要來喔！,0.0,0.0,哦-有好东西耶？明天也一定要来喔！,0.0,0.0,1179,443784
1181,1006,1006202,14,2,10,Akane/Voice_Akane_Hello_6,뭐야? 재밌는 거야?,0.0,0.0,What is it? Is it fun?,0.0,0.0,なにそれ？面白いの？,0.0,0.0,什麼啊？是好玩的嗎？,0.0,0.0,什么啊？是好玩的吗？,0.0,0.0,1180,444188
1182,1006,1006202,0,0,11,Akane/Voice_Akane_Dormitory_1,호오-? 나에 관해 관심이 좀 생겼나 봐?,0.0,0.0,Hooh? Are you starting to get interested in me?,0.0,0.0,ほおー？あたしにちょっと興味が出てきたみたいね。,0.0,0.0,哦哦-？對我有點興趣啦？,0.0,0.0,哦哦-？对我有点兴趣啦？,0.0,0.0,1181,444452
1183,1006,1006202,0,0,12,Akane/Voice_Akane_Dormitory_2,내 비밀을 알고 싶으면 조금 더 힘내봐!,0.0,0.0,"If you want to know my secret, try a little harder!",0.0,0.0,あたしの秘密を知りたいなら、もう少し頑張ってみなさい！,0.0,0.0,想知道我的祕密就繼續努力吧！,0.0,0.0,想知道我的秘密就继续努力吧！,0.0,0.0,1182,444816
1184,1006,1006202,0,0,13,Akane/Voice_Akane_Dormitory_3,"좋아-맛쨩이라면…내 비밀, 알려줄게!",0.0,0.0,Alright—if it's MaChan… I'll tell you my secret!,0.0,0.0,いいよー。マっちゃんになら…あたしの秘密、教えてあげる！,0.0,0.0,好-大師君的話……就告訴你我的祕密！,0.0,0.0,好-大师君的话……就告诉你我的秘密！,0.0,0.0,1183,445212
1185,1006,1006202,0,0,14,Akane/Voice_Akane_DormitoryOpen_1,"오오-! 내 방도 있구나? 자, 어서 열어 줘!",0.0,0.0,"Ohh-! I have a room too? Come on, open it up!",0.0,0.0,あー！あたしの部屋もあるの？さあ、早く開けて！,0.0,0.0,哦哦-！也有我的房間啊？好，快幫我打開！,0.0,0.0,哦哦-！也有我的房间啊？好，快帮我打开！,0.0,0.0,1184,445624
1186,1006,1006203,0,0,5,,맛쨩-잠깐 이리로 와봐!,0.0,0.0,"MaChan, come here for a moment!",0.0,0.0,まっちゃん、ちょっとこっちに来て！,0.0,0.0,瑪醬，過來一下！,0.0,0.0,玛酱，过来一下！,0.0,0.0,1185,446044
1187,1006,1006203,14,0,17,Akane/Voice_Akane_Effect_1,"뼛속까지 스며드는 추위도, 내가 있으면 문제없어!",0.0,0.0,Even the cold that seeps into your bones—no problem when I’m here!,0.0,0.0,骨の髄まで染みる寒さだって、私がいれば大丈夫！,0.0,0.0,就算是滲入骨髓的寒冷，只要有我在就沒問題！,0.0,0.0,就算是渗入骨髓的寒冷，只要有我在就没问题！,0.0,0.0,1186,446296
1188,1006,1006203,0,0,16,Akane/Voice_Akane_Complete_1,맛있게 먹어!,0.0,0.0,Enjoy your meal!,0.0,0.0,美味しく食べてね！,0.0,0.0,好好享用喔！,0.0,0.0,好好享用喔！,0.0,0.0,1187,446752
1189,1006,1006203,0,0,16,Akane/Voice_Akane_Complete_2,용이 해주는 음식은\n흔하지 않다고?,0.0,0.0,"It's not every day you get food made by a dragon, right?",0.0,0.0,竜が作る料理なんて珍しいよ？,0.0,0.0,龍做的料理不常見嗎？,0.0,0.0,龙做的料理不常见吗？,0.0,0.0,1188,446972
1190,1006,1006203,0,0,0,Akane/Voice_Akane_Effect_1,내 실력을 보여주지!,0.0,0.0,I’ll show you my skills!,0.0,0.0,あたしの実力を見せてあげる！,0.0,0.0,讓你看看我的實力！,0.0,0.0,让你看看我的实力！,0.0,0.0,1189,447300
1191,1006,1006203,0,0,6,Akane/Voice_AkaneBasic_In_7,차가워?\n뜨겁게 달궈줄까?!,0.0,0.0,Cold? Want me to heat it up?!,0.0,0.0,寒い？熱くしてあげようか!?,0.0,0.0,冰的？要幫你加熱嗎？！,0.0,0.0,冰的？要帮你加热吗？ ！,0.0,0.0,1190,447572
1192,1006,1006203,0,0,6,Akane/Voice_AkaneBasic_In_1,뜨거우면서 차가운 게 필요하구나!\n조금만 기다려!,0.0,0.0,So you need something both hot and cold! Just wait a moment!,0.0,0.0,熱くて冷たいものが必要なんだね！少しだけ待って！,0.0,0.0,你要熱熱又冰冰的啊！稍等一下！,0.0,0.0,你要热热又冰冰的啊！稍等一下！,0.0,0.0,1191,447868
1193,1006,1006203,0,0,6,Akane/Voice_AkaneBasic_In_2,주문받을게-\n뭐 먹고 싶어?,0.0,0.0,I'll take your order—what do you want to eat?,0.0,0.0,注文を取るよー。何が食べたい？,0.0,0.0,幫你點餐喔-要吃什麼？,0.0,0.0,帮你点餐喔-要吃什么？,0.0,0.0,1192,448280
1194,1006,1006203,0,0,6,Akane/Voice_AkaneBasic_In_3,입안이 불타버릴\n정도로 뜨거운 음식을 줄까?!,0.0,0.0,Want me to give you something so hot it burns your mouth?!,0.0,0.0,口の中が燃えるほど、熱い料理をあげようか!?,0.0,0.0,要嚐嚐會讓嘴巴燙到爆炸的料理嗎？,0.0,0.0,要尝尝会让嘴巴烫到爆炸的料理吗？,0.0,0.0,1193,448592
1195,1006,1006203,0,0,6,Akane/Voice_AkaneBasic_In_4,재밌는 일 없으려나?,0.0,0.0,Isn't there anything fun to do?,0.0,0.0,面白いこと、ないかな？,0.0,0.0,有什麼好玩的事嗎？,0.0,0.0,有什么好玩的事吗？,0.0,0.0,1194,448992
1196,1006,1006203,0,0,6,Akane/Voice_AkaneBasic_In_5,좋아-금방\n준비해줄게!,0.0,0.0,Alright—I'll get it ready right away!,0.0,0.0,いいよー。すぐに準備してあげる！,0.0,0.0,好-馬上幫你準備！,0.0,0.0,好-马上帮你准备！,0.0,0.0,1195,449260
1197,1006,1006203,0,0,6,Akane/Voice_AkaneBasic_In_6,내 뿔은 가짜가\n아니야.,0.0,0.0,My horns aren't fake.,0.0,0.0,私の角は偽物じゃないよ。,0.0,0.0,我的角可不是假的！,0.0,0.0,我的角可不是假的！,0.0,0.0,1196,449552
1198,1006,1006203,0,0,7,Akane/Voice_AkaneBasic_In_7,차가워?\n뜨겁게 달궈줄까?!,0.0,0.0,Cold? Want me to heat it up?!,0.0,0.0,寒い？熱くしてあげようか!?,0.0,0.0,冰的？要幫你加熱嗎？！,0.0,0.0,冰的？要帮你加热吗？ ！,0.0,0.0,1197,449816
1199,1006,1006203,0,0,7,Akane/Voice_AkaneBasic_In_1,뜨거우면서 차가운 게 필요하구나!\n조금만 기다려!,0.0,0.0,So you need something both hot and cold! Just wait a moment!,0.0,0.0,熱くて冷たいものが必要なんだね！少しだけ待って！,0.0,0.0,你要熱熱又冰冰的啊！稍等一下！,0.0,0.0,你要热热又冰冰的啊！稍等一下！,0.0,0.0,1198,450112
1200,1006,1006203,0,0,7,Akane/Voice_AkaneBasic_In_2,주문받을게-\n뭐 먹고 싶어?,0.0,0.0,I'll take your order—what do you want to eat?,0.0,0.0,注文を取るよー。何が食べたい？,0.0,0.0,幫你點餐喔-要吃什麼？,0.0,0.0,帮你点餐喔-要吃什么？,0.0,0.0,1199,450524
1201,1006,1006203,0,0,7,Akane/Voice_AkaneBasic_In_3,입안이 불타버릴\n정도로 뜨거운 음식을 줄까?!,0.0,0.0,Want me to give you something so hot it burns your mouth?!,0.0,0.0,口の中が燃えるほど、熱い料理をあげようか!?,0.0,0.0,要嚐嚐會讓嘴巴燙到爆炸的料理嗎？,0.0,0.0,要尝尝会让嘴巴烫到爆炸的料理吗？,0.0,0.0,1200,450836
1202,1006,1006203,0,0,7,Akane/Voice_AkaneBasic_In_4,재밌는 일 없으려나?,0.0,0.0,Isn't there anything fun to do?,0.0,0.0,面白いこと、ないかな？,0.0,0.0,有什麼好玩的事嗎？,0.0,0.0,有什么好玩的事吗？,0.0,0.0,1201,451236
1203,1006,1006203,0,0,7,Akane/Voice_AkaneBasic_In_5,좋아-금방\n준비해줄게!,0.0,0.0,Alright—I'll get it ready right away!,0.0,0.0,いいよー。すぐに準備してあげる！,0.0,0.0,好-馬上幫你準備！,0.0,0.0,好-马上帮你准备！,0.0,0.0,1202,451504
1204,1006,1006203,0,0,7,Akane/Voice_AkaneBasic_In_6,내 뿔은 가짜가\n아니야.,0.0,0.0,My horns aren't fake.,0.0,0.0,私の角は偽物じゃないよ。,0.0,0.0,我的角可不是假的！,0.0,0.0,我的角可不是假的！,0.0,0.0,1203,451796
1205,1006,1006203,0,0,7,Akane/Voice_AkaneBasic_Out_1,메이드 카페인데\n공연은 안 하나?,0.0,0.0,"It's a maid cafe, isn't there a performance?",0.0,0.0,メイド喫茶なのに、公演はしないの？,0.0,0.0,女僕咖啡廳沒有演出？,0.0,0.0,女仆咖啡厅没有演出？,0.0,0.0,1204,452060
1206,1006,1006203,0,0,7,Akane/Voice_AkaneBasic_Out_2,으캬캬-!\n이런 건 금방 하지!,0.0,0.0,Ukyakya-! This is easy!,0.0,0.0,うきゃきゃー！こんなの、すぐだよ！,0.0,0.0,哇哈哈！這種很簡單啊！,0.0,0.0,哇哈哈！这种很简单啊！,0.0,0.0,1205,452384
1207,1006,1006203,0,0,7,Akane/Voice_AkaneBasic_Out_3,난 식은 죽보단\n뜨거운 죽이 먹기\n편하던데-,0.0,0.0,I find hot porridge easier to eat than cold porridge.,0.0,0.0,あたしは、熱いお粥の方が食べやすいけどー。,0.0,0.0,我覺得吃冷粥比吃熱粥方便。,0.0,0.0,我觉得吃冷粥比吃热粥方便。,0.0,0.0,1206,452688
1208,1006,1006203,0,0,7,Akane/Voice_AkaneBasic_Out_4,위대한 용족도\n해내지 못하는 게\n있지.,0.0,0.0,Even the mighty dragon race has things they can't do.,0.0,0.0,偉大な竜族にもできないことはあるんだよ。,0.0,0.0,偉大的龍族也有做不到的事啊。,0.0,0.0,伟大的龙族也有做不到的事啊。,0.0,0.0,1207,453064
1209,1006,1006203,0,0,7,Akane/Voice_AkaneBasic_Out_5,으랴랴-!\n청소는 다했어!,0.0,0.0,Uryarya-! Cleaning is done!,0.0,0.0,うりゃりゃー！掃除は全部終わった！,0.0,0.0,哇哈哈！打掃好了！,0.0,0.0,哇哈哈！打扫好了！,0.0,0.0,1208,453440
1210,1006,1006203,0,0,7,Akane/Voice_AkaneBasic_Out_6,이번엔 뭘 할까?\n요리? 빨래?!\n말만 해-!,0.0,0.0,What should we do next? Cooking? Laundry?! Just say it!,0.0,0.0,次は何をしよう？料理？洗濯？言ってみてー！,0.0,0.0,這次要做什麼？做飯？洗衣服？！儘管說！,0.0,0.0,这次要做什么？做饭？洗衣服？ ！尽管说！,0.0,0.0,1209,453728
1211,1006,1006203,0,0,7,Akane/Voice_AkaneBasic_Out_7,나에게 더 재밌는\n경험을 선사해줘!,0.0,0.0,Give me a more fun experience!,0.0,0.0,あたしにもっと面白い経験をさせてよ！,0.0,0.0,給我更多有趣的體驗吧！,0.0,0.0,给我更多有趣的体验吧！,0.0,0.0,1210,454140
1212,1006,1006203,0,0,7,Akane/Voice_AkaneBasic_Out_8,나랑 같이 노래나\n부를래?,0.0,0.0,Want to sing with me?,0.0,0.0,一緒に歌わない？,0.0,0.0,要不要和我一起唱歌？,0.0,0.0,要不要和我一起唱歌？,0.0,0.0,1211,454464
1213,1006,1006203,0,0,7,Akane/Voice_AkaneBasic_Out_9,재밌는 거? 어디?!,0.0,0.0,Something fun? Where?!,0.0,0.0,楽しいこと？どこ!?,0.0,0.0,有好玩的？在哪裡？！,0.0,0.0,有好玩的？在哪里？ ！,0.0,0.0,1212,454728
1214,1006,1006203,0,0,15,,크리스마스에도 맛있는 음식을 제공할게!,0.0,0.0,I’ll serve delicious food even on Christmas!,0.0,0.0,クリスマスでも美味しい料理を提供するよ！,0.0,0.0,聖誕節也要端上美味的料理給你！,0.0,0.0,圣诞节也要端上美味的料理给你！,0.0,0.0,1213,454984
1215,1006,1006203,0,0,15,,어떤 걸 주문할래? 추운 날엔 역시 펄펄 끓는 용암이 최고지-!,0.0,0.0,"What will you order? On cold days, nothing beats boiling-hot lava!",0.0,0.0,何を注文する？寒い日はやっぱりグツグツ煮えたぎる溶岩が最高だよー！,0.0,0.0,想點什麼？寒冷的日子果然還是滾燙的熔岩最棒吧——！,0.0,0.0,想点什么？寒冷的日子果然还是滚烫的熔岩最棒吧——！,0.0,0.0,1214,455332
1216,1006,1006203,0,0,15,,몸과 마음까지 따뜻한 음식을 먹는 건 어때?,0.0,0.0,How about something that warms both your body and heart?,0.0,0.0,体も心も温まる料理はどう？,0.0,0.0,要不要來點能溫暖身心的料理呢？,0.0,0.0,要不要来点能温暖身心的料理呢？,0.0,0.0,1215,455824
1217,1006,1006203,0,0,15,,눈이 엄청 내렸으면 좋겠다! 눈이랑 관련된 메뉴도 만들까?,0.0,0.0,I hope it snows a lot! Should I make a snow-themed menu too?,0.0,0.0,雪がいっぱい降るといいな！雪にちなんだメニューも作ろっか？,0.0,0.0,希望下很多雪！要不要也做個和雪有關的菜單？,0.0,0.0,希望下很多雪！要不要也做个和雪有关的菜单？,0.0,0.0,1216,456164
1218,1006,1006203,0,0,15,,추우면 말해! 내 불꽃으로 몸을 녹여줄게!,0.0,0.0,"If you get cold, tell me! I’ll warm you up with my flames!",0.0,0.0,寒かったら言って！私の炎で体を温めてあげる！,0.0,0.0,冷的話就告訴我！我用火焰幫你暖暖身！,0.0,0.0,冷的话就告诉我！我用火焰帮你暖暖身！,0.0,0.0,1217,456608
1219,1006,1006203,14,0,19,Akane/Voice_Akane_Effect_1,"고마워, 맛쨩! 이 보따리에 있는 것도 줄까?!",0.0,0.0,"Thanks, MaChan! Want me to give you something from this sack too?!",0.0,0.0,ありがと、マちゃん！この袋の中のものもあげよっか？！,0.0,0.0,謝啦，瑪醬！要不要我把這袋子裡的東西也送給妳？！,0.0,0.0,谢啦，玛酱！要不要我把这袋子里的东西也送给妳？ ！,0.0,0.0,1218,456992
1220,1006,1006203,14,0,8,Akane/Voice_Akane_Effect_1,이 보따리 안에 뭐가 있냐고? 알려고 하면 다칠 텐데……?,0.0,0.0,What’s inside the sack? You might get hurt if you try to find out…?,0.0,0.0,この袋の中身？知ろうとするとケガするかもよ……？,0.0,0.0,問這袋子裡有什麼？想知道的話可要有受傷的覺悟喔……？,0.0,0.0,问这袋子里有什么？想知道的话可要有受伤的觉悟喔……？,0.0,0.0,1219,457464
1221,1006,1006203,14,0,8,Akane/Voice_Akane_Effect_1,보따리가 움직이는 건 기분 탓이야-,0.0,0.0,"If the sack’s moving, it’s just your imagination—",0.0,0.0,袋が動いてるのは気のせいだよー。,0.0,0.0,袋子會動只是妳的錯覺啦——,0.0,0.0,袋子会动只是妳的错觉啦——,0.0,0.0,1220,457960
1222,1006,1006203,1,1,8,Akane/Voice_Akane_Effect_4_2,맛쨩! 크리스마스에 시간 돼? 나랑 놀래?,0.0,0.0,MaChan! Are you free on Christmas? Wanna hang out with me?,0.0,0.0,マちゃん！クリスマス空いてる？一緒に遊ばない？,0.0,0.0,瑪醬！聖誕節有空嗎？要不要一起玩？,0.0,0.0,玛酱！圣诞节有空吗？要不要一起玩？,0.0,0.0,1221,458308
1223,1006,1006203,1,2,8,Akane/Voice_Akane_Effect_1,추울 때는 손을 잡아주거나 안아주는 거라고 배웠어!,0.0,0.0,"I learned that when it’s cold, you should hold hands or give a hug!",0.0,0.0,寒い時は、手をつないだり抱きしめたりするんだって習ったよ！,0.0,0.0,我學到天冷的時候，要牽牽手或抱一抱喔！,0.0,0.0,我学到天冷的时候，要牵牵手或抱一抱喔！,0.0,0.0,1222,458716
1224,1006,1006203,1,2,8,Akane/Voice_Akane_Effect_1,맛쨩은 어떤 선물을 받고 싶어?,0.0,0.0,"MaChan, what kind of present do you want?",0.0,0.0,マちゃんはどんなプレゼントが欲しい？,0.0,0.0,瑪醬想要什麼樣的禮物呢？,0.0,0.0,玛酱想要什么样的礼物呢？,0.0,0.0,1223,459184
1225,1006,1006203,1,1,9,Akane/Voice_Akane_Hello_3,"어서 와, 맛쨩!\n오늘의 보상을 받아!",0.0,0.0,"Welcome, MaChan! Claim today's reward!",0.0,0.0,ようこそ、マっちゃん！今日の報酬を受け取って！,0.0,0.0,大師君快點過來！來領今天的獎勵吧！,0.0,0.0,大师君快点过来！来领今天的奖励吧！,0.0,0.0,1224,459516
1226,1006,1006203,1,1,18,Akane/Voice_Akane_Hello_4,오-왔구나!\n어서 같이 재밌는 거 하자!,0.0,0.0,"oh! you're here! Come on, let's do something fun!",0.0,0.0,おー、来たんだ。早く一緒に楽しいことしよう！,0.0,0.0,哦-你來了！快來一起玩吧！,0.0,0.0,哦-你来了！快来一起玩吧！,0.0,0.0,1225,459896
1227,1006,1006203,14,2,10,Akane/Voice_Akane_Hello_5,오-좋은 게 나왔잖아?\n내일도 꼭 와!,0.0,0.0,Oh—something good came out! Be sure to come again tomorrow!,0.0,0.0,おー、いいものが出たじゃない。明日も絶対来てね！,0.0,0.0,哦-有好東西耶？明天也一定要來喔！,0.0,0.0,哦-有好东西耶？明天也一定要来喔！,0.0,0.0,1226,460264
1228,1006,1006203,14,2,10,Akane/Voice_Akane_Hello_6,뭐야? 재밌는 거야?,0.0,0.0,What is it? Is it fun?,0.0,0.0,なにそれ？面白いの？,0.0,0.0,什麼啊？是好玩的嗎？,0.0,0.0,什么啊？是好玩的吗？,0.0,0.0,1227,460668
1229,1006,1006203,0,0,11,Akane/Voice_Akane_Dormitory_1,호오-? 나에 관해 관심이 좀 생겼나 봐?,0.0,0.0,Hooh? Are you starting to get interested in me?,0.0,0.0,ほおー？あたしにちょっと興味が出てきたみたいね。,0.0,0.0,哦哦-？對我有點興趣啦？,0.0,0.0,哦哦-？对我有点兴趣啦？,0.0,0.0,1228,460932
1230,1006,1006203,0,0,12,Akane/Voice_Akane_Dormitory_2,내 비밀을 알고 싶으면 조금 더 힘내봐!,0.0,0.0,"If you want to know my secret, try a little harder!",0.0,0.0,あたしの秘密を知りたいなら、もう少し頑張ってみなさい！,0.0,0.0,想知道我的祕密就繼續努力吧！,0.0,0.0,想知道我的秘密就继续努力吧！,0.0,0.0,1229,461296
1231,1006,1006203,0,0,13,Akane/Voice_Akane_Dormitory_3,"좋아-맛쨩이라면…내 비밀, 알려줄게!",0.0,0.0,Alright—if it's MaChan… I'll tell you my secret!,0.0,0.0,いいよー。マっちゃんになら…あたしの秘密、教えてあげる！,0.0,0.0,好-大師君的話……就告訴你我的祕密！,0.0,0.0,好-大师君的话……就告诉你我的秘密！,0.0,0.0,1230,461692
1232,1006,1006203,0,0,14,Akane/Voice_Akane_DormitoryOpen_1,"오오-! 내 방도 있구나? 자, 어서 열어 줘!",0.0,0.0,"Ohh-! I have a room too? Come on, open it up!",0.0,0.0,あー！あたしの部屋もあるの？さあ、早く開けて！,0.0,0.0,哦哦-！也有我的房間啊？好，快幫我打開！,0.0,0.0,哦哦-！也有我的房间啊？好，快帮我打开！,0.0,0.0,1231,462104
1233,1007,0,0,0,5,,"마스터…잠시, 시간 될까요……?",0.0,0.0,Master… do you have a moment…?,0.0,0.0,マスター……少し、お時間ありますか……？,0.0,0.0,大師……可以稍微，借我一點時間嗎……？,0.0,0.0,大师……可以稍微，借我一点时间吗……？,0.0,0.0,1232,462524
1234,1007,0,0,0,17,,"안녕하세요…저는 이누즈카 쿠로네라고 해요…앞으로 잘 부탁드릴게요……. 흣, 나…잘 말한 걸까……?",0.0,0.0,"H-Hello… I’m Inuzuka Kurone… I’ll do my best from now on… H-heh, d-did I say it right…?",0.0,0.0,こ、こんにちは……犬塚クロネと申します……これから、よろしくお願いします……。ひゅっ、わ、私……ちゃんと言えたかな……？,0.0,0.0,您、您好……我叫犬塚久音……今後請多多指教……。呼、我、我說得還可以吧……？,0.0,0.0,您、您好……我叫犬冢久音……今后请多多指教……。呼、我、我说得还可以吧……？,0.0,0.0,1233,462872
1235,1007,0,0,0,16,,"조심히 다녀오세요, 주인님…….",0.0,0.0,"Please be careful on your way, Master……",0.0,0.0,お気をつけて、マスター……。,0.0,0.0,路上請小心，大師……。,0.0,0.0,路上请小心，大师……。,0.0,0.0,1234,463612
1236,1007,0,0,0,16,,주문하신 음식 나왔습니다…….,0.0,0.0,Your order is ready……,0.0,0.0,ご注文のお料理ができました……。,0.0,0.0,您點的料理好了……。,0.0,0.0,您点的料理好了……。,0.0,0.0,1235,463904
1237,1007,0,0,0,0,,"마, 맛있게 드세…읏! 혀 깨물었다아…….",0.0,0.0,E-enjoy your me— ouch! I bit my tongue…!,0.0,0.0,お、おいしく召し上がっ……いったぁ！舌噛んじゃった……。,0.0,0.0,請、請慢用——啊！咬到舌頭了……！,0.0,0.0,请、请慢用——啊！咬到舌头了……！,0.0,0.0,1236,464176
1238,1007,0,17,0,6,,입 맛에 맞으세요……?,0.0,0.0,Does it suit your taste……?,0.0,0.0,お口に合いますか……？,0.0,0.0,合您的口味嗎……？,0.0,0.0,合您的口味吗……？,0.0,0.0,1237,464552
1239,1007,0,17,0,6,,물 좀 드릴까요……?,0.0,0.0,Would you like some water……?,0.0,0.0,お水、お持ちしましょうか……？,0.0,0.0,要我給您倒點水嗎……？,0.0,0.0,要我给您倒点水吗……？,0.0,0.0,1238,464796
1240,1007,0,17,0,6,,앗……! 마스터…언제 그곳에 계셨나요……?,0.0,0.0,Ah…! Master… w-when did you get here……?,0.0,0.0,あっ……！マスター……い、いつからそこに……？,0.0,0.0,啊……！大師……您、您什麼時候在那裡的……？,0.0,0.0,啊……！大师……您、您什么时候在那里的……？,0.0,0.0,1239,465064
1241,1007,0,17,0,6,,시도때도없이 변신하면 안 되는데…제어할 수 있을까요?,0.0,0.0,I shouldn’t transform so randomly… C-can I really control it…?,0.0,0.0,むやみに変身しちゃダメなのに……私、ちゃんと制御できるかな……？,0.0,0.0,我不應該隨便變身的……真、真的能控制得住嗎……？,0.0,0.0,我不应该随便变身的……真、真的能控制得住吗……？,0.0,0.0,1240,465468
1242,1007,0,17,0,6,,저도 정식 메이드가 될 수 있을까요?,0.0,0.0,Do you think… I can become a real maid someday?,0.0,0.0,私も……正式なメイドになれるでしょうか……？,0.0,0.0,我……也能成為正式的女僕嗎……？,0.0,0.0,我……也能成为正式的女仆吗……？,0.0,0.0,1241,465940
1243,1007,0,17,0,6,,언제나 미소로……! 코코미 선배는 이런 걸 어떻게 한 걸까…….,0.0,0.0,"Always with a smile…! How did Kokomi-senpai do it so easily, I wonder…",0.0,0.0,いつも笑顔で……！ココミ先輩はどうやってこんなふうにできたんだろう……。,0.0,0.0,要一直保持微笑……！心海學姊是怎麼辦到的呢……？,0.0,0.0,要一直保持微笑……！心海学姊是怎么办到的呢……？,0.0,0.0,1242,466292
1244,1007,0,17,0,6,,맛있어져라…맛…있어져라……. 제발 맛있어져라……!!,0.0,0.0,Please taste good… taste… good… P-please turn out delicious……!!,0.0,0.0,美味しくなれ……おいしく……なれ……。お願い、美味しくなって……！！,0.0,0.0,變好吃吧……變……好吃吧……。拜託，一定要變好吃……！！,0.0,0.0,变好吃吧……变……好吃吧……。拜托，一定要变好吃……！ ！,0.0,0.0,1243,466796
1245,1007,0,17,0,7,,입 맛에 맞으세요……?,0.0,0.0,Does it suit your taste……?,0.0,0.0,お口に合いますか……？,0.0,0.0,合您的口味嗎……？,0.0,0.0,合您的口味吗……？,0.0,0.0,1244,467312
1246,1007,0,17,0,7,,물 좀 드릴까요……?,0.0,0.0,Would you like some water……?,0.0,0.0,お水、お持ちしましょうか……？,0.0,0.0,要我給您倒點水嗎……？,0.0,0.0,要我给您倒点水吗……？,0.0,0.0,1245,467556
1247,1007,0,17,0,7,,앗……! 마스터…언제 그곳에 계셨나요……?,0.0,0.0,Ah…! Master… w-when did you get here……?,0.0,0.0,あっ……！マスター……い、いつからそこに……？,0.0,0.0,啊……！大師……您、您什麼時候在那裡的……？,0.0,0.0,啊……！大师……您、您什么时候在那里的……？,0.0,0.0,1246,467824
1248,1007,0,17,0,7,,시도때도없이 변신하면 안 되는데…제어할 수 있을까요?,0.0,0.0,I shouldn’t transform so randomly… C-can I really control it…?,0.0,0.0,むやみに変身しちゃダメなのに……私、ちゃんと制御できるかな……？,0.0,0.0,我不應該隨便變身的……真、真的能控制得住嗎……？,0.0,0.0,我不应该随便变身的……真、真的能控制得住吗……？,0.0,0.0,1247,468228
1249,1007,0,17,0,7,,저도 정식 메이드가 될 수 있을까요?,0.0,0.0,Do you think… I can become a real maid someday?,0.0,0.0,私も……正式なメイドになれるでしょうか……？,0.0,0.0,我……也能成為正式的女僕嗎……？,0.0,0.0,我……也能成为正式的女仆吗……？,0.0,0.0,1248,468700
1250,1007,0,17,0,7,,언제나 미소로……! 코코미 선배는 이런 걸 어떻게 한 걸까…….,0.0,0.0,"Always with a smile…! How did Kokomi-senpai do it so easily, I wonder…",0.0,0.0,いつも笑顔で……！ココミ先輩はどうやってこんなふうにできたんだろう……。,0.0,0.0,要一直保持微笑……！心海學姊是怎麼辦到的呢……？,0.0,0.0,要一直保持微笑……！心海学姊是怎么办到的呢……？,0.0,0.0,1249,469052
1251,1007,0,17,0,7,,맛있어져라…맛…있어져라……. 제발 맛있어져라……!!,0.0,0.0,Please taste good… taste… good… P-please turn out delicious……!!,0.0,0.0,美味しくなれ……おいしく……なれ……。お願い、美味しくなって……！！,0.0,0.0,變好吃吧……變……好吃吧……。拜託，一定要變好吃……！！,0.0,0.0,变好吃吧……变……好吃吧……。拜托，一定要变好吃……！ ！,0.0,0.0,1250,469556
1252,1007,0,17,0,7,,"앗, 그런 곳은 만지면 안 돼요…마스터가 좋으시다면…으읏, 괜찮을지도…….",0.0,0.0,"Ah, y-you shouldn’t touch there…! But if you like it, Master… m-maybe it’s okay……?",0.0,0.0,あっ、そ、そこは触っちゃダメです……！で、でもマスターがお好きなら……だ、大丈夫かも……？,0.0,0.0,啊，那、那裡不能碰啦……！不、不過要是大師喜歡的話……也、也許沒關係……？,0.0,0.0,啊，那、那里不能碰啦……！不、不过要是大师喜欢的话……也、也许没关系……？,0.0,0.0,1251,470072
1253,1007,0,14,0,7,,끼잉……. (아앗…또…….),0.0,0.0,Whine… (Aah… again……),0.0,0.0,クゥン……。（あぁ……また……。）,0.0,0.0,嗚嗚……。（啊……又來了……。）,0.0,0.0,呜呜……。 （啊……又来了……。）,0.0,0.0,1252,470720
1254,1007,0,14,0,7,,"왕…왕……! (마스터, 저 어떡해요……!)",0.0,0.0,"Woof… woof…! (Master, what should I do……!)",0.0,0.0,ワン……ワン……！（マスター、私どうしたら……！）,0.0,0.0,汪……汪……！（大師，我該怎麼辦……！）,0.0,0.0,汪……汪……！ （大师，我该怎么办……！）,0.0,0.0,1253,471028
1255,1007,0,14,0,7,,"왕……. 왕! (다녀오세요, 주인님……!)",0.0,0.0,"Woof… woof! (Take care, Master……!)",0.0,0.0,ワン……ワン！（いってらっしゃい、マスター……！）,0.0,0.0,汪……汪！（一路順風，大師……！）,0.0,0.0,汪……汪！ （一路顺风，大师……！）,0.0,0.0,1254,471424
1256,1007,0,14,0,7,,끼이잉……. (언제쯤 다시 사람으로 돌아갈까요…….),0.0,0.0,Whimper… (When will I be human again……),0.0,0.0,クゥーン……。（いつになったら人間に戻れるのかな……。）,0.0,0.0,嗚嗚……。（我什麼時候才能變回人類呢……。）,0.0,0.0,呜呜……。 （我什么时候才能变回人类呢……。）,0.0,0.0,1255,471784
1257,1007,0,17,0,7,,으읏…강아지에서 다시 못 돌아오는 꿈을 꿨어요…….,0.0,0.0,Ugh… I had a dream I couldn’t turn back from being a dog……,0.0,0.0,うぅ……犬のまま戻れなくなる夢を見ました……。,0.0,0.0,嗚……我夢到自己再也變不回人類了……。,0.0,0.0,呜……我梦到自己再也变不回人类了……。,0.0,0.0,1256,472212
1258,1007,0,17,0,7,,어떻게 하면 완벽한 머지를 할 수 있을까요?,0.0,0.0,"How can I make a perfect Merge, I wonder?",0.0,0.0,どうすれば完璧なマージができるんでしょうか？,0.0,0.0,要怎麼樣才能做出完美的融合呢？,0.0,0.0,要怎么样才能做出完美的融合呢？,0.0,0.0,1257,472632
1259,1007,0,17,0,7,,저도 강해지고 싶어요……!,0.0,0.0,I… I want to be strong too……!,0.0,0.0,私も……強くなりたいです……！,0.0,0.0,我也想變得更強……！,0.0,0.0,我也想变得更强……！,0.0,0.0,1258,472988
1260,1007,0,17,0,7,,"주인공을 구해주는 모습…낭만적이야……! 역시, 연애 만화는 최고예요!",0.0,0.0,The hero rescuing someone… it’s so romantic…! Romance comics really are the best!,0.0,0.0,主人公が誰かを助ける姿……ロマンチックです……！やっぱり恋愛漫画って最高です！,0.0,0.0,主角拯救別人的樣子……好浪漫喔……！果然戀愛漫畫最棒了！,0.0,0.0,主角拯救别人的样子……好浪漫喔……！果然恋爱漫画最棒了！,0.0,0.0,1259,473260
1261,1007,0,0,0,15,,주문받겠습니다…….,0.0,0.0,I’ll take your order……,0.0,0.0,ご注文をお伺いします……。,0.0,0.0,我來幫您點餐……。,0.0,0.0,我来帮您点餐……。,0.0,0.0,1260,473820
1262,1007,0,0,0,15,,"열심히 할게요, 마스터……!",0.0,0.0,"I’ll do my best, Master……!",0.0,0.0,がんばります、マスター……！,0.0,0.0,我會努力的，大師……！,0.0,0.0,我会努力的，大师……！,0.0,0.0,1261,474060
1263,1007,0,0,0,15,,오늘은 어떤 걸 배우게 될까요……?,0.0,0.0,I wonder what I’ll get to learn today……?,0.0,0.0,今日は何を学べるんでしょうか……？,0.0,0.0,今天能學到什麼呢……？,0.0,0.0,今天能学到什么呢……？,0.0,0.0,1262,474336
1264,1007,0,0,0,15,,실수하지 않도록 노력할게요……!,0.0,0.0,I’ll try my best not to make any mistakes……!,0.0,0.0,失敗しないように頑張ります……！,0.0,0.0,我會努力不出錯的……！,0.0,0.0,我会努力不出错的……！,0.0,0.0,1263,474644
1265,1007,0,0,0,15,,어떤 메뉴로 하시겠어요……?,0.0,0.0,Which menu would you like……?,0.0,0.0,どのメニューになさいますか……？,0.0,0.0,您想選哪個菜單呢……？,0.0,0.0,您想选哪个菜单呢……？,0.0,0.0,1264,474952
1266,1007,0,14,2,19,,"서, 선물이요?! 저 같은 게 이런 걸…감사합니다, 마스터…….",0.0,0.0,"A-a gift?! For someone like me… th-thank you, Master……",0.0,0.0,ぷ、プレゼントですか？！私なんかに……ありがとうございます、マスター……。,0.0,0.0,禮、禮物？！送給我這樣的人……謝、謝謝您，大師……。,0.0,0.0,礼、礼物？ ！送给我这样的人……谢、谢谢您，大师……。,0.0,0.0,1265,475232
1267,1007,0,1,7,8,,마스터가 절 씻겨주던 그날…아직도 생생하게 기억나요…….,0.0,0.0,"The day you helped me bathe, Master… I still remember it vividly……",0.0,0.0,マスターが私を洗ってくれたあの日……今でもはっきり覚えています……。,0.0,0.0,那天大師幫我洗澡的事……我到現在都還記得很清楚……。,0.0,0.0,那天大师帮我洗澡的事……我到现在都还记得很清楚……。,0.0,0.0,1266,475736
1268,1007,0,1,1,8,,마스터도…저처럼 약했던 시절이 있었나요?,0.0,0.0,Master… were you ever weak like me once?,0.0,0.0,マスターも……私みたいに弱かった時があったんですか？,0.0,0.0,大師……以前也有像我這樣軟弱的時候嗎？,0.0,0.0,大师……以前也有像我这样软弱的时候吗？,0.0,0.0,1267,476244
1269,1007,0,14,2,8,,……네? 저도 앞으로 성장할 수 있다구요……?! 빈말이라도…감사합니다…….,0.0,0.0,…Huh? You think I can grow stronger too…?! E-even if it’s just words… thank you……,0.0,0.0,……え？私もこれから成長できるって……？！たとえお世辞でも……ありがとうございます……。,0.0,0.0,……咦？您說我也能變得更強嗎……？！就算只是安慰話……還是謝謝您……。,0.0,0.0,……咦？您说我也能变得更强吗……？ ！就算只是安慰话……还是谢谢您……。,0.0,0.0,1268,476636
1270,1007,0,1,3,8,,저도 마스터의 도움이 되도록 노력할게요……!,0.0,0.0,"I’ll try hard to be someone who can help you, Master……!",0.0,0.0,私もマスターのお役に立てるように頑張ります……！,0.0,0.0,我也會努力成為能幫上大師忙的人……！,0.0,0.0,我也会努力成为能帮上大师忙的人……！,0.0,0.0,1269,477272
1271,1007,0,14,2,8,,강아지가 되었을 때 안겼던 마스터의 품…정말 따뜻했어요…….,0.0,0.0,"When I was a puppy, your arms were so warm, Master……",0.0,0.0,犬になった時に抱かれたマスターの腕……本当に温かかったです……。,0.0,0.0,變成小狗時被大師抱著的懷抱……真的好溫暖……。,0.0,0.0,变成小狗时被大师抱着的怀抱……真的好温暖……。,0.0,0.0,1270,477672
1272,1007,0,0,0,9,,"어서 오세요, 마스터……! 오늘의 보상을 받아주세요…….",0.0,0.0,"Welcome back, Master……! Please receive today’s reward……",0.0,0.0,おかえりなさい、マスター……！今日の報酬をお受け取りください……。,0.0,0.0,歡迎回來，大師……！請收下今天的報酬……。,0.0,0.0,欢迎回来，大师……！请收下今天的报酬……。,0.0,0.0,1271,478144
1273,1007,0,0,0,18,,오늘도 오셨군요……! 마스터한테 좀 더 이것저것 배우고 싶어요……!,0.0,0.0,"You came again today……! I want to learn more from you, Master……!",0.0,0.0,今日も来てくださったんですね……！マスターからもっといろいろ学びたいです……！,0.0,0.0,您今天也來了啊……！我想再多向大師學一點……！,0.0,0.0,您今天也来了啊……！我想再多向大师学一点……！,0.0,0.0,1272,478608
1274,1007,0,0,0,10,,좋은 게 나왔나요……?,0.0,0.0,Did you get something good……?,0.0,0.0,いいもの、出ましたか……？,0.0,0.0,抽到好東西了嗎……？,0.0,0.0,抽到好东西了吗……？,0.0,0.0,1273,479128
1275,1007,0,0,0,10,,마스터의 마음에 들었으면 좋겠어요…….,0.0,0.0,"I hope it’s to your liking, Master……",0.0,0.0,マスターのお気に召すといいな……。,0.0,0.0,希望能合大師的心意……。,0.0,0.0,希望能合大师的心意……。,0.0,0.0,1274,479388
1276,1007,1007101,0,0,5,,"마스터…잠시, 시간 될까요……?",0.0,0.0,Master… do you have a moment…?,0.0,0.0,マスター……少し、お時間ありますか……？,0.0,0.0,大師……可以稍微，借我一點時間嗎……？,0.0,0.0,大师……可以稍微，借我一点时间吗……？,0.0,0.0,1275,479700
1277,1007,1007101,0,0,17,,"안녕하세요…저는 이누즈카 쿠로네라고 해요…앞으로 잘 부탁드릴게요……. 흣, 나…잘 말한 걸까……?",0.0,0.0,"H-Hello… I’m Inuzuka Kurone… I’ll do my best from now on… H-heh, d-did I say it right…?",0.0,0.0,こ、こんにちは……犬塚クロネと申します……これから、よろしくお願いします……。ひゅっ、わ、私……ちゃんと言えたかな……？,0.0,0.0,您、您好……我叫犬塚久音……今後請多多指教……。呼、我、我說得還可以吧……？,0.0,0.0,您、您好……我叫犬冢久音……今后请多多指教……。呼、我、我说得还可以吧……？,0.0,0.0,1276,480048
1278,1007,1007101,0,0,16,,"조심히 다녀오세요, 주인님…….",0.0,0.0,"Please be careful on your way, Master……",0.0,0.0,お気をつけて、マスター……。,0.0,0.0,路上請小心，大師……。,0.0,0.0,路上请小心，大师……。,0.0,0.0,1277,480788
1279,1007,1007101,0,0,16,,주문하신 음식 나왔습니다…….,0.0,0.0,Your order is ready……,0.0,0.0,ご注文のお料理ができました……。,0.0,0.0,您點的料理好了……。,0.0,0.0,您点的料理好了……。,0.0,0.0,1278,481080
1280,1007,1007101,0,0,0,,"마, 맛있게 드세…읏! 혀 깨물었다아…….",0.0,0.0,E-enjoy your me— ouch! I bit my tongue…!,0.0,0.0,お、おいしく召し上がっ……いったぁ！舌噛んじゃった……。,0.0,0.0,請、請慢用——啊！咬到舌頭了……！,0.0,0.0,请、请慢用——啊！咬到舌头了……！,0.0,0.0,1279,481352
1281,1007,1007101,17,0,6,,입 맛에 맞으세요……?,0.0,0.0,Does it suit your taste……?,0.0,0.0,お口に合いますか……？,0.0,0.0,合您的口味嗎……？,0.0,0.0,合您的口味吗……？,0.0,0.0,1280,481728
1282,1007,1007101,17,0,6,,물 좀 드릴까요……?,0.0,0.0,Would you like some water……?,0.0,0.0,お水、お持ちしましょうか……？,0.0,0.0,要我給您倒點水嗎……？,0.0,0.0,要我给您倒点水吗……？,0.0,0.0,1281,481972
1283,1007,1007101,17,0,6,,앗……! 마스터…언제 그곳에 계셨나요……?,0.0,0.0,Ah…! Master… w-when did you get here……?,0.0,0.0,あっ……！マスター……い、いつからそこに……？,0.0,0.0,啊……！大師……您、您什麼時候在那裡的……？,0.0,0.0,啊……！大师……您、您什么时候在那里的……？,0.0,0.0,1282,482240
1284,1007,1007101,17,0,6,,시도때도없이 변신하면 안 되는데…제어할 수 있을까요?,0.0,0.0,I shouldn’t transform so randomly… C-can I really control it…?,0.0,0.0,むやみに変身しちゃダメなのに……私、ちゃんと制御できるかな……？,0.0,0.0,我不應該隨便變身的……真、真的能控制得住嗎……？,0.0,0.0,我不应该随便变身的……真、真的能控制得住吗……？,0.0,0.0,1283,482644
1285,1007,1007101,17,0,6,,저도 정식 메이드가 될 수 있을까요?,0.0,0.0,Do you think… I can become a real maid someday?,0.0,0.0,私も……正式なメイドになれるでしょうか……？,0.0,0.0,我……也能成為正式的女僕嗎……？,0.0,0.0,我……也能成为正式的女仆吗……？,0.0,0.0,1284,483116
1286,1007,1007101,17,0,6,,언제나 미소로……! 코코미 선배는 이런 걸 어떻게 한 걸까…….,0.0,0.0,"Always with a smile…! How did Kokomi-senpai do it so easily, I wonder…",0.0,0.0,いつも笑顔で……！ココミ先輩はどうやってこんなふうにできたんだろう……。,0.0,0.0,要一直保持微笑……！心海學姊是怎麼辦到的呢……？,0.0,0.0,要一直保持微笑……！心海学姊是怎么办到的呢……？,0.0,0.0,1285,483468
1287,1007,1007101,17,0,6,,맛있어져라…맛…있어져라……. 제발 맛있어져라……!!,0.0,0.0,Please taste good… taste… good… P-please turn out delicious……!!,0.0,0.0,美味しくなれ……おいしく……なれ……。お願い、美味しくなって……！！,0.0,0.0,變好吃吧……變……好吃吧……。拜託，一定要變好吃……！！,0.0,0.0,变好吃吧……变……好吃吧……。拜托，一定要变好吃……！ ！,0.0,0.0,1286,483972
1288,1007,1007101,17,0,7,,입 맛에 맞으세요……?,0.0,0.0,Does it suit your taste……?,0.0,0.0,お口に合いますか……？,0.0,0.0,合您的口味嗎……？,0.0,0.0,合您的口味吗……？,0.0,0.0,1287,484488
1289,1007,1007101,17,0,7,,물 좀 드릴까요……?,0.0,0.0,Would you like some water……?,0.0,0.0,お水、お持ちしましょうか……？,0.0,0.0,要我給您倒點水嗎……？,0.0,0.0,要我给您倒点水吗……？,0.0,0.0,1288,484732
1290,1007,1007101,17,0,7,,앗……! 마스터…언제 그곳에 계셨나요……?,0.0,0.0,Ah…! Master… w-when did you get here……?,0.0,0.0,あっ……！マスター……い、いつからそこに……？,0.0,0.0,啊……！大師……您、您什麼時候在那裡的……？,0.0,0.0,啊……！大师……您、您什么时候在那里的……？,0.0,0.0,1289,485000
1291,1007,1007101,17,0,7,,시도때도없이 변신하면 안 되는데…제어할 수 있을까요?,0.0,0.0,I shouldn’t transform so randomly… C-can I really control it…?,0.0,0.0,むやみに変身しちゃダメなのに……私、ちゃんと制御できるかな……？,0.0,0.0,我不應該隨便變身的……真、真的能控制得住嗎……？,0.0,0.0,我不应该随便变身的……真、真的能控制得住吗……？,0.0,0.0,1290,485404
1292,1007,1007101,17,0,7,,저도 정식 메이드가 될 수 있을까요?,0.0,0.0,Do you think… I can become a real maid someday?,0.0,0.0,私も……正式なメイドになれるでしょうか……？,0.0,0.0,我……也能成為正式的女僕嗎……？,0.0,0.0,我……也能成为正式的女仆吗……？,0.0,0.0,1291,485876
1293,1007,1007101,17,0,7,,언제나 미소로……! 코코미 선배는 이런 걸 어떻게 한 걸까…….,0.0,0.0,"Always with a smile…! How did Kokomi-senpai do it so easily, I wonder…",0.0,0.0,いつも笑顔で……！ココミ先輩はどうやってこんなふうにできたんだろう……。,0.0,0.0,要一直保持微笑……！心海學姊是怎麼辦到的呢……？,0.0,0.0,要一直保持微笑……！心海学姊是怎么办到的呢……？,0.0,0.0,1292,486228
1294,1007,1007101,17,0,7,,맛있어져라…맛…있어져라……. 제발 맛있어져라……!!,0.0,0.0,Please taste good… taste… good… P-please turn out delicious……!!,0.0,0.0,美味しくなれ……おいしく……なれ……。お願い、美味しくなって……！！,0.0,0.0,變好吃吧……變……好吃吧……。拜託，一定要變好吃……！！,0.0,0.0,变好吃吧……变……好吃吧……。拜托，一定要变好吃……！ ！,0.0,0.0,1293,486732
1295,1007,1007101,17,0,7,,"앗, 그런 곳은 만지면 안 돼요…마스터가 좋으시다면…으읏, 괜찮을지도…….",0.0,0.0,"Ah, y-you shouldn’t touch there…! But if you like it, Master… m-maybe it’s okay……?",0.0,0.0,あっ、そ、そこは触っちゃダメです……！で、でもマスターがお好きなら……だ、大丈夫かも……？,0.0,0.0,啊，那、那裡不能碰啦……！不、不過要是大師喜歡的話……也、也許沒關係……？,0.0,0.0,啊，那、那里不能碰啦……！不、不过要是大师喜欢的话……也、也许没关系……？,0.0,0.0,1294,487248
1296,1007,1007101,17,0,7,,으읏…강아지에서 다시 못 돌아오는 꿈을 꿨어요…….,0.0,0.0,Ugh… I had a dream I couldn’t turn back from being a dog……,0.0,0.0,うぅ……犬のまま戻れなくなる夢を見ました……。,0.0,0.0,嗚……我夢到自己再也變不回人類了……。,0.0,0.0,呜……我梦到自己再也变不回人类了……。,0.0,0.0,1295,487896
1297,1007,1007101,17,0,7,,어떻게 하면 완벽한 머지를 할 수 있을까요?,0.0,0.0,"How can I make a perfect Merge, I wonder?",0.0,0.0,どうすれば完璧なマージができるんでしょうか？,0.0,0.0,要怎麼樣才能做出完美的融合呢？,0.0,0.0,要怎么样才能做出完美的融合呢？,0.0,0.0,1296,488316
1298,1007,1007101,17,0,7,,저도 강해지고 싶어요……!,0.0,0.0,I… I want to be strong too……!,0.0,0.0,私も……強くなりたいです……！,0.0,0.0,我也想變得更強……！,0.0,0.0,我也想变得更强……！,0.0,0.0,1297,488672
1299,1007,1007101,17,0,7,,"주인공을 구해주는 모습…낭만적이야……! 역시, 연애 만화는 최고예요!",0.0,0.0,The hero rescuing someone… it’s so romantic…! Romance comics really are the best!,0.0,0.0,主人公が誰かを助ける姿……ロマンチックです……！やっぱり恋愛漫画って最高です！,0.0,0.0,主角拯救別人的樣子……好浪漫喔……！果然戀愛漫畫最棒了！,0.0,0.0,主角拯救别人的样子……好浪漫喔……！果然恋爱漫画最棒了！,0.0,0.0,1298,488944
1300,1007,1007101,0,0,15,,어떤 걸 하는 게 좋을까요…….,0.0,0.0,What should I do……?,0.0,0.0,何をしたらいいでしょうか……。,0.0,0.0,我該做什麼才好呢……。,0.0,0.0,我该做什么才好呢……。,0.0,0.0,1299,489504
1301,1007,1007101,0,0,15,,제가 잘할 수 있을까요?,0.0,0.0,Do you think I can do it well?,0.0,0.0,私、ちゃんとできるでしょうか？,0.0,0.0,我能做好嗎？,0.0,0.0,我能做好吗？,0.0,0.0,1300,489780
1302,1007,1007101,0,0,15,,마스터가 시키는 거라면 다 할게요……!,0.0,0.0,"If it’s something you ask, I’ll do anything……!",0.0,0.0,マスターが言うことなら、何でもやります……！,0.0,0.0,只要是大師吩咐的，我什麼都會做……！,0.0,0.0,只要是大师吩咐的，我什么都会做……！,0.0,0.0,1301,490020
1303,1007,1007101,0,0,15,,주문…받을게요…….,0.0,0.0,I-I’ll take your order……,0.0,0.0,ご注文……お伺いします……。,0.0,0.0,我來……為您點單……。,0.0,0.0,我来……为您点单……。,0.0,0.0,1302,490400
1304,1007,1007101,0,0,15,,강아지로 변하지 않도록 노력해볼게요…….,0.0,0.0,I-I’ll try not to turn into a puppy……,0.0,0.0,犬に変わらないよう、頑張ってみます……。,0.0,0.0,我會努力不要變成小狗的……。,0.0,0.0,我会努力不要变成小狗的……。,0.0,0.0,1303,490664
1305,1007,1007101,14,7,19,,"가, 감사합니다……! 소중히 간직할게요, 마스터…….",0.0,0.0,"Th-thank you……! I’ll treasure it, Master……",0.0,0.0,あ、ありがとうございます……！ 大切にします、マスター……。,0.0,0.0,謝、謝謝您……！ 我會好好珍惜的，大師……。,0.0,0.0,谢、谢谢您……！ 我会好好珍惜的，大师……。,0.0,0.0,1304,491004
1306,1007,1007101,10,5,8,,제가 너무 자주 실수하는 건 아니겠죠……?,0.0,0.0,"I’m not making mistakes too often, am I……?",0.0,0.0,私、失敗ばかりしていませんよね……？,0.0,0.0,我不會太常犯錯吧……？,0.0,0.0,我不会太常犯错吧……？,0.0,0.0,1305,491432
1307,1007,1007101,12,7,8,,전 아직 많이 부족하니까…마스터가 많이 가르쳐 주셨으면 좋겠어요…….,0.0,0.0,"I’m still very inexperienced… so I hope you’ll teach me a lot, Master……",0.0,0.0,私はまだまだ未熟なので……マスターにたくさん教えていただけたら嬉しいです……。,0.0,0.0,我還有很多不足……希望大師能多多指導我……。,0.0,0.0,我还有很多不足……希望大师能多多指导我……。,0.0,0.0,1306,491756
1308,1007,1007101,14,0,8,,견습 메이드들은 메이드복을 입지 않고 있어도 괜찮거든요…이건 가끔 입는 평상복이에요.,0.0,0.0,Apprentice maids don’t have to wear maid outfits… this is just something I wear casually sometimes.,0.0,0.0,見習いメイドは、メイド服を着ていなくても大丈夫なんです……これは、たまに着る普段着です。,0.0,0.0,見習女僕就算不穿女僕服也沒關係……這只是我偶爾穿的便服。,0.0,0.0,见习女仆就算不穿女仆服也没关系……这只是我偶尔穿的便服。,0.0,0.0,1307,492284
1309,1007,1007101,12,7,8,,"옷이 잘 어울린다구요……? 그, 그런…감사합니다…….",0.0,0.0,You think these clothes suit me……? Th-thank you……,0.0,0.0,服が似合ってるって……？ そ、そんな……ありがとうございます……。,0.0,0.0,您說衣服很適合我嗎……？ 那、那個……謝謝您……。,0.0,0.0,您说衣服很适合我吗……？ 那、那个……谢谢您……。,0.0,0.0,1308,492900
1310,1007,1007101,12,7,8,,지금 도서실에 가려고 하는데…마스터만 괜찮으시다면……. 같이 가실래요……?,0.0,0.0,"I was about to go to the library… if it’s alright with you, Master…… would you like to go together……?",0.0,0.0,これから図書室に行こうと思っているんですが……マスターさえよろしければ……一緒に行きませんか……？,0.0,0.0,我正打算去圖書室……如果大師不介意的話……要不要一起去呢……？,0.0,0.0,我正打算去图书室……如果大师不介意的话……要不要一起去呢……？,0.0,0.0,1309,493376
1311,1007,1007101,0,0,9,,"어서 오세요, 마스터……! 오늘의 보상을 받아주세요…….",0.0,0.0,"Welcome back, Master……! Please receive today’s reward……",0.0,0.0,おかえりなさい、マスター……！今日の報酬をお受け取りください……。,0.0,0.0,歡迎回來，大師……！請收下今天的報酬……。,0.0,0.0,欢迎回来，大师……！请收下今天的报酬……。,0.0,0.0,1310,494028
1312,1007,1007101,0,0,18,,오늘도 오셨군요……! 마스터한테 좀 더 이것저것 배우고 싶어요……!,0.0,0.0,"You came again today……! I want to learn more from you, Master……!",0.0,0.0,今日も来てくださったんですね……！マスターからもっといろいろ学びたいです……！,0.0,0.0,您今天也來了啊……！我想再多向大師學一點……！,0.0,0.0,您今天也来了啊……！我想再多向大师学一点……！,0.0,0.0,1311,494492
1313,1007,1007101,14,0,10,,좋은 게 나왔나요……?,0.0,0.0,Did you get something good……?,0.0,0.0,いいもの、出ましたか……？,0.0,0.0,抽到好東西了嗎……？,0.0,0.0,抽到好东西了吗……？,0.0,0.0,1312,495012
1314,1007,1007101,14,0,10,,마스터의 마음에 들었으면 좋겠어요…….,0.0,0.0,"I hope it’s to your liking, Master……",0.0,0.0,マスターのお気に召すといいな……。,0.0,0.0,希望能合大師的心意……。,0.0,0.0,希望能合大师的心意……。,0.0,0.0,1313,495272
1315,1008,0,0,0,5,,마스터- 잠시 시간 되세요?,0.0,0.0,Excuse me— do you have a moment?,0.0,0.0,マスター、少しお時間よろしいですか？,0.0,0.0,大師——現在方便嗎？,0.0,0.0,大师——现在方便吗？,0.0,0.0,1314,495584
1316,1008,0,0,0,17,,안녕하세요- 카와사키 아이코라고 해요. 앞으로 잘 부탁드려요!,0.0,0.0,Hello— my name is Kawasaki Aiko. I look forward to working with you!,0.0,0.0,こんにちは—川崎アイコです。これからよろしくお願いします！,0.0,0.0,您好——我是川崎愛子。今後請多多指教！,0.0,0.0,您好——我是川崎爱子。今后请多多指教！,0.0,0.0,1315,495864
1317,1008,0,0,0,16,,맛있게 드세요-,0.0,0.0,Please enjoy your meal—,0.0,0.0,どうぞ、お召し上がりください—,0.0,0.0,請慢用——,0.0,0.0,请慢用——,0.0,0.0,1316,496316
1318,1008,0,0,0,16,,메이드 카페에서만 맛볼 수 있는 메뉴랍니다-,0.0,0.0,This is a menu you can only enjoy at a maid cafe—,0.0,0.0,メイドカフェでしか味わえないメニューなんですよ—,0.0,0.0,這是只有女僕咖啡廳才能品嚐到的餐點——,0.0,0.0,这是只有女仆咖啡厅才能品尝到的餐点——,0.0,0.0,1317,496532
1319,1008,0,0,0,0,,다녀오세요- 주인님-♪,0.0,0.0,Have a nice trip— my lord—♪,0.0,0.0,いってらっしゃいませ—ご主人様—♪,0.0,0.0,一路順風——主人——♪,0.0,0.0,一路顺风——主人——♪,0.0,0.0,1318,496924
1320,1008,0,0,0,6,,메뉴는 어떤 걸로 하시겠어요?,0.0,0.0,What would you like to order?,0.0,0.0,メニューは何になさいますか？,0.0,0.0,請問要點什麼呢？,0.0,0.0,请问要点什么呢？,0.0,0.0,1319,497204
1321,1008,0,0,0,6,,"뜨거우니까, 조심해서 드세요-",0.0,0.0,"It’s hot, so please be careful—",0.0,0.0,熱いので、お気をつけてください—,0.0,0.0,很燙，請小心食用——,0.0,0.0,很烫，请小心食用——,0.0,0.0,1320,497456
1322,1008,0,0,0,6,,음료에 얼음은 얼마나 넣어 드릴까요?,0.0,0.0,How much ice would you like in your drink?,0.0,0.0,お飲み物の氷はどれくらいにしますか？,0.0,0.0,飲料要加多少冰呢？,0.0,0.0,饮料要加多少冰呢？,0.0,0.0,1321,497732
1323,1008,0,0,0,6,,"음료는 단 게 좋으신가요, 향기로운 게 좋으신가요?",0.0,0.0,"Do you prefer something sweet, or something aromatic?",0.0,0.0,お飲み物は甘いものと、香りの良いもの、どちらがよろしいですか？,0.0,0.0,飲料是想要偏甜的，還是香氣濃郁的呢？,0.0,0.0,饮料是想要偏甜的，还是香气浓郁的呢？,0.0,0.0,1322,498028
1324,1008,0,0,0,6,,이 스튜를 먹으면 몸과 마음이 따뜻해질 거예요.,0.0,0.0,This stew will warm both your body and heart.,0.0,0.0,このシチューを食べると、心も体も温まりますよ。,0.0,0.0,喝了這道燉菜，身體和心靈都會變得溫暖喔。,0.0,0.0,喝了这道炖菜，身体和心灵都会变得温暖喔。,0.0,0.0,1323,498448
1325,1008,0,0,0,6,,맛있어지는 마법의 주문을 외워 드릴까요?,0.0,0.0,Shall I chant a magic spell to make it taste even better?,0.0,0.0,美味しくなる魔法の呪文、唱えましょうか？,0.0,0.0,要不要為您唸一段變好吃的魔法咒語呢？,0.0,0.0,要不要为您念一段变好吃的魔法咒语呢？,0.0,0.0,1324,498840
1326,1008,0,0,0,7,,메뉴는 어떤 걸로 하시겠어요?,0.0,0.0,What would you like to order?,0.0,0.0,メニューは何になさいますか？,0.0,0.0,請問要點什麼呢？,0.0,0.0,请问要点什么呢？,0.0,0.0,1325,499216
1327,1008,0,0,0,7,,"뜨거우니까, 조심해서 드세요-",0.0,0.0,"It’s hot, so please be careful—",0.0,0.0,熱いので、お気をつけてください—,0.0,0.0,很燙，請小心食用——,0.0,0.0,很烫，请小心食用——,0.0,0.0,1326,499468
1328,1008,0,0,0,7,,음료에 얼음은 얼마나 넣어 드릴까요?,0.0,0.0,How much ice would you like in your drink?,0.0,0.0,お飲み物の氷はどれくらいにしますか？,0.0,0.0,飲料要加多少冰呢？,0.0,0.0,饮料要加多少冰呢？,0.0,0.0,1327,499744
1329,1008,0,0,0,7,,"음료는 단 게 좋으신가요, 향기로운 게 좋으신가요?",0.0,0.0,"Do you prefer something sweet, or something aromatic?",0.0,0.0,お飲み物は甘いものと、香りの良いもの、どちらがよろしいですか？,0.0,0.0,飲料是想要偏甜的，還是香氣濃郁的呢？,0.0,0.0,饮料是想要偏甜的，还是香气浓郁的呢？,0.0,0.0,1328,500040
1330,1008,0,0,0,7,,이 스튜를 먹으면 몸과 마음이 따뜻해질 거예요.,0.0,0.0,This stew will warm both your body and heart.,0.0,0.0,このシチューを食べると、心も体も温まりますよ。,0.0,0.0,喝了這道燉菜，身體和心靈都會變得溫暖喔。,0.0,0.0,喝了这道炖菜，身体和心灵都会变得温暖喔。,0.0,0.0,1329,500460
1331,1008,0,0,0,7,,맛있어지는 마법의 주문을 외워 드릴까요?,0.0,0.0,Shall I chant a magic spell to make it taste even better?,0.0,0.0,美味しくなる魔法の呪文、唱えましょうか？,0.0,0.0,要不要為您唸一段變好吃的魔法咒語呢？,0.0,0.0,要不要为您念一段变好吃的魔法咒语呢？,0.0,0.0,1330,500852
1332,1008,0,0,0,7,,카페의 따뜻한 분위기가 좋네요-,0.0,0.0,The warm atmosphere of this cafe is really nice—,0.0,0.0,カフェの温かい雰囲気、いいですね—,0.0,0.0,這間咖啡廳溫暖的氛圍真好呢——,0.0,0.0,这间咖啡厅温暖的氛围真好呢——,0.0,0.0,1331,501228
1333,1008,0,0,0,7,,"혼자 자기 무서워진다면, 제가 같이 있어 드릴까요?",0.0,0.0,"If sleeping alone feels scary, shall I stay with you?",0.0,0.0,一人で寝るのが怖くなったら、私が一緒にいましょうか？,0.0,0.0,如果一個人睡覺會害怕的話，要不要我陪著您？,0.0,0.0,如果一个人睡觉会害怕的话，要不要我陪着您？,0.0,0.0,1332,501560
1334,1008,0,0,0,7,,피곤하신가요? 제 무릎에서 잠시 주무시는 건 어떠세요?,0.0,0.0,Are you tired? Would you like to rest on my lap for a bit?,0.0,0.0,お疲れですか？ 私の膝で少し休みませんか？,0.0,0.0,您累了嗎？要不要在我的腿上稍微休息一下？,0.0,0.0,您累了吗？要不要在我的腿上稍微休息一下？,0.0,0.0,1333,501980
1335,1008,0,0,0,7,,"……귀를 파달라구요? 좋아요- 그럼, 여기에 누워보실래요?",0.0,0.0,"…You want me to clean your ears? Alright— then, would you lie down here?",0.0,0.0,……耳かきをしてほしいんですか？ いいですよ—では、ここに横になってください。,0.0,0.0,……想要掏耳朵嗎？可以喔——那請躺在這裡吧。,0.0,0.0,……想要掏耳朵吗？可以喔——那请躺在这里吧。,0.0,0.0,1334,502388
1336,1008,0,0,0,7,,음? 제 얼굴에 뭔가 묻어있었나요?,0.0,0.0,Hm? Was there something on my face?,0.0,0.0,あれ？ 私の顔に何か付いていましたか？,0.0,0.0,咦？我的臉上沾到什麼了嗎？,0.0,0.0,咦？我的脸上沾到什么了吗？,0.0,0.0,1335,502884
1337,1008,0,0,0,7,,"카에데가 지내는 이곳은, 정말 좋은 것 같아요-",0.0,0.0,This place where Kaede lives feels really nice—,0.0,0.0,カエデが過ごしているこの場所、本当に良いところですね—,0.0,0.0,楓生活的這個地方，真的很不錯呢——,0.0,0.0,枫生活的这个地方，真的很不错呢——,0.0,0.0,1336,503192
1338,1008,0,0,0,7,,……그런가요? 저도 마스터와 이야기하는 시간이 좋아요-,0.0,0.0,"…Is that so? I enjoy talking with you too, Master—",0.0,0.0,……そうですか？ 私もマスターとお話しする時間、好きですよ—,0.0,0.0,……是嗎？我也很喜歡和大師聊天的時間——,0.0,0.0,……是吗？我也很喜欢和大师聊天的时间——,0.0,0.0,1337,503584
1339,1008,0,0,0,7,,제가 필요하다면 언제든 불러주세요. 뭐든 도와드릴게요!,0.0,0.0,"If you ever need me, please call anytime. I’ll help with anything!",0.0,0.0,必要な時は、いつでも呼んでください。何でもお手伝いします！,0.0,0.0,只要您需要，隨時叫我。我什麼都會幫忙的！,0.0,0.0,只要您需要，随时叫我。我什么都会帮忙的！,0.0,0.0,1338,504012
1340,1008,0,0,0,7,,오늘도 평화롭네요-,0.0,0.0,It’s peaceful today as well—,0.0,0.0,今日も平和ですね—,0.0,0.0,今天也很和平呢——,0.0,0.0,今天也很和平呢——,0.0,0.0,1339,504452
1341,1008,0,0,0,7,,제가 바랐던 카페의 풍경이에요…….,0.0,0.0,This is exactly the cafe scene I wished for…….,0.0,0.0,私が望んでいたカフェの風景です……。,0.0,0.0,這正是我所期望的咖啡廳景象……。,0.0,0.0,这正是我所期望的咖啡厅景象……。,0.0,0.0,1340,504684
1342,1008,0,0,0,15,,주문받을게요- 오늘은 어떤 걸로 하시겠어요?,0.0,0.0,I’ll take your order— what would you like today?,0.0,0.0,ご注文承ります—今日は何になさいますか？,0.0,0.0,我來幫您點單——今天想要什麼呢？,0.0,0.0,我来帮您点单——今天想要什么呢？,0.0,0.0,1341,505028
1343,1008,0,0,0,15,,반드시 만족할 수 있는 서비스를 제공할게요-,0.0,0.0,I’ll make sure to provide a service you’ll be satisfied with—,0.0,0.0,必ずご満足いただけるサービスを提供します—,0.0,0.0,我一定會提供讓您滿意的服務——,0.0,0.0,我一定会提供让您满意的服务——,0.0,0.0,1342,505384
1344,1008,0,0,0,15,,향기로운 하루- 열심히 일해볼까요?,0.0,0.0,A fragrant day— shall we work hard today?,0.0,0.0,香り豊かな一日—今日も頑張りましょうか？,0.0,0.0,香氣滿滿的一天——一起努力工作吧？,0.0,0.0,香气满满的一天——一起努力工作吧？,0.0,0.0,1343,505760
1345,1008,0,0,0,15,,오늘은 무슨 일이 생길까요?,0.0,0.0,I wonder what will happen today?,0.0,0.0,今日はどんなことが起こるでしょう？,0.0,0.0,今天會發生什麼事呢？,0.0,0.0,今天会发生什么事呢？,0.0,0.0,1344,506104
1346,1008,0,0,0,15,,"자, 이제 일할 시간이네요?",0.0,0.0,"Alright, it’s time to work, isn’t it?",0.0,0.0,さあ、そろそろお仕事の時間ですね？,0.0,0.0,那麼，差不多該開始工作了呢？,0.0,0.0,那么，差不多该开始工作了呢？,0.0,0.0,1345,506380
1347,1008,0,14,7,19,,이런 걸 받을 줄은 몰랐는데…제 마음을 어떻게 아신 건가요?,0.0,0.0,I didn’t expect to receive something like this… how did you know how I feel?,0.0,0.0,こんなものをいただけるなんて……私の気持ち、どうして分かったんですか？,0.0,0.0,沒想到會收到這樣的東西……您怎麼知道我的心意呢？,0.0,0.0,没想到会收到这样的东西……您怎么知道我的心意呢？,0.0,0.0,1346,506688
1348,1008,0,7,2,8,,이곳은 평화롭고 좋네요- 이렇게 계속 있고 싶을 정도예요.,0.0,0.0,This place is peaceful and nice— I almost want to stay here forever.,0.0,0.0,ここは平和で良いですね—ずっとここにいたいくらいです。,0.0,0.0,這裡既和平又舒適——甚至讓人想一直待下去。,0.0,0.0,这里既和平又舒适——甚至让人想一直待下去。,0.0,0.0,1347,507192
1349,1008,0,1,1,8,,카에데가 말썽을 부리진 않나요? 혹시나 그런다면 저한테 말씀만 하세요! 제가 혼내줄…수도 있으니까요! 저보다 훨씬 힘이 세긴 하지만…….,0.0,0.0,"Kaede isn’t causing trouble, right? If she is, just tell me! I might… scold her! Even though she’s way stronger than me…….",0.0,0.0,カエデ、問題を起こしていませんよね？ もし何かあったら私に言ってください！ 私が叱って…あげますから！ 私よりずっと力は強いですけど……。,0.0,0.0,楓沒有惹麻煩吧？如果有的話請告訴我！我會教訓她……也許啦！雖然她比我強得多就是了……。,0.0,0.0,枫没有惹麻烦吧？如果有的话请告诉我！我会教训她……也许啦！虽然她比我强得多就是了……。,0.0,0.0,1348,507644
1350,1008,0,14,0,8,,"후훗, 간지러워요-",0.0,0.0,"Hehe, that tickles—",0.0,0.0,ふふっ、くすぐったいです—,0.0,0.0,呵呵，好癢呢——,0.0,0.0,呵呵，好痒呢——,0.0,0.0,1349,508520
1351,1008,0,14,0,8,,"도와드릴 일이 있을까요? 마스터를 도울 수 있다는 건, 제게 큰 영광이랍니다-",0.0,0.0,"Is there anything I can help with? Being able to assist you, Master, is a great honor to me—",0.0,0.0,何かお手伝いできることはありますか？ マスターをお助けできるなんて、私にとって大きな光栄です—,0.0,0.0,有什麼我能幫忙的嗎？能夠協助大師，對我來說是莫大的榮幸——,0.0,0.0,有什么我能帮忙的吗？能够协助大师，对我来说是莫大的荣幸——,0.0,0.0,1350,508744
1352,1008,0,13,8,8,,여기에 있으니 저도 처음 메이드 학원에 왔을 때가 떠오르네요-,0.0,0.0,Being here reminds me of when I first came to the maid academy—,0.0,0.0,ここにいると、私が初めてメイド学院に来た頃を思い出します—,0.0,0.0,待在這裡，也讓我想起剛來到女僕學院的時候呢——,0.0,0.0,待在这里，也让我想起刚来到女仆学院的时候呢——,0.0,0.0,1351,509348
1353,1008,0,0,0,9,,"어서 오세요, 마스터- 학원에서 선물이 왔네요? 선물을 받고 오늘 하루, 즐겁게 시작해봐요-!",0.0,0.0,"Welcome, Master— looks like a gift arrived from the academy! Let’s start today happily by opening it!",0.0,0.0,いらっしゃいませ、マスター—学院からのプレゼントみたいですね？ 受け取って、今日も楽しく始めましょう！,0.0,0.0,歡迎光臨，大師——學院送來了禮物呢？收下禮物，開心地開始今天吧！,0.0,0.0,欢迎光临，大师——学院送来了礼物呢？收下礼物，开心地开始今天吧！,0.0,0.0,1352,509820
1354,1008,0,0,0,18,,"오늘도 와주셨군요- 오늘도 학원에서 선물이 왔으니, 한 번 확인해보세요-!",0.0,0.0,"You came again today— another gift arrived from the academy, so please check it out!",0.0,0.0,今日も来てくれたんですね—今日も学院からプレゼントが届いているので、確認してみてください！,0.0,0.0,今天也來了呢——學院今天也送來了禮物，請確認看看吧！,0.0,0.0,今天也来了呢——学院今天也送来了礼物，请确认看看吧！,0.0,0.0,1353,510484
1355,1008,0,14,0,10,,마스터의 마음에 들었으면 좋겠어요-,0.0,0.0,"I hope it’s to your liking, Master—",0.0,0.0,マスターの気に入ってもらえると嬉しいです—,0.0,0.0,希望能合大師的心意呢——,0.0,0.0,希望能合大师的心意呢——,0.0,0.0,1354,511056
1356,1008,0,14,0,10,,원하는 물건이 나왔나요?,0.0,0.0,Did you get the item you wanted?,0.0,0.0,欲しいものは出ましたか？,0.0,0.0,有拿到想要的物品嗎？,0.0,0.0,有拿到想要的物品吗？,0.0,0.0,1355,511372
1357,1008,1008101,0,0,5,,마스터- 잠시 시간 되세요?,0.0,0.0,Excuse me— do you have a moment?,0.0,0.0,マスター、少しお時間よろしいですか？,0.0,0.0,大師——現在方便嗎？,0.0,0.0,大师——现在方便吗？,0.0,0.0,1356,511628
1358,1008,1008101,0,0,17,,안녕하세요- 카와사키 아이코라고 해요. 앞으로 잘 부탁드려요!,0.0,0.0,Hello— my name is Kawasaki Aiko. I look forward to working with you!,0.0,0.0,こんにちは—川崎アイコです。これからよろしくお願いします！,0.0,0.0,您好——我是川崎愛子。今後請多多指教！,0.0,0.0,您好——我是川崎爱子。今后请多多指教！,0.0,0.0,1357,511908
1359,1008,1008101,0,0,16,,맛있게 드세요-,0.0,0.0,Please enjoy your meal—,0.0,0.0,どうぞ、お召し上がりください—,0.0,0.0,請慢用——,0.0,0.0,请慢用——,0.0,0.0,1358,512360
1360,1008,1008101,0,0,16,,메이드 카페에서만 맛볼 수 있는 메뉴랍니다-,0.0,0.0,This is a menu you can only enjoy at a maid cafe—,0.0,0.0,メイドカフェでしか味わえないメニューなんですよ—,0.0,0.0,這是只有女僕咖啡廳才能品嚐到的餐點——,0.0,0.0,这是只有女仆咖啡厅才能品尝到的餐点——,0.0,0.0,1359,512576
1361,1008,1008101,0,0,0,,다녀오세요- 주인님-♪,0.0,0.0,Have a nice trip— my lord—♪,0.0,0.0,いってらっしゃいませ—ご主人様—♪,0.0,0.0,一路順風——主人——♪,0.0,0.0,一路顺风——主人——♪,0.0,0.0,1360,512968
1362,1008,1008101,0,0,6,,메뉴는 어떤 걸로 하시겠어요?,0.0,0.0,What would you like to order?,0.0,0.0,メニューは何になさいますか？,0.0,0.0,請問要點什麼呢？,0.0,0.0,请问要点什么呢？,0.0,0.0,1361,513248
1363,1008,1008101,0,0,6,,"뜨거우니까, 조심해서 드세요-",0.0,0.0,"It’s hot, so please be careful—",0.0,0.0,熱いので、お気をつけてください—,0.0,0.0,很燙，請小心食用——,0.0,0.0,很烫，请小心食用——,0.0,0.0,1362,513500
1364,1008,1008101,0,0,6,,음료에 얼음은 얼마나 넣어 드릴까요?,0.0,0.0,How much ice would you like in your drink?,0.0,0.0,お飲み物の氷はどれくらいにしますか？,0.0,0.0,飲料要加多少冰呢？,0.0,0.0,饮料要加多少冰呢？,0.0,0.0,1363,513776
1365,1008,1008101,0,0,6,,"음료는 단 게 좋으신가요, 향기로운 게 좋으신가요?",0.0,0.0,"Do you prefer something sweet, or something aromatic?",0.0,0.0,お飲み物は甘いものと、香りの良いもの、どちらがよろしいですか？,0.0,0.0,飲料是想要偏甜的，還是香氣濃郁的呢？,0.0,0.0,饮料是想要偏甜的，还是香气浓郁的呢？,0.0,0.0,1364,514072
1366,1008,1008101,0,0,6,,이 스튜를 먹으면 몸과 마음이 따뜻해질 거예요.,0.0,0.0,This stew will warm both your body and heart.,0.0,0.0,このシチューを食べると、心も体も温まりますよ。,0.0,0.0,喝了這道燉菜，身體和心靈都會變得溫暖喔。,0.0,0.0,喝了这道炖菜，身体和心灵都会变得温暖喔。,0.0,0.0,1365,514492
1367,1008,1008101,0,0,6,,맛있어지는 마법의 주문을 외워드릴까요?,0.0,0.0,Shall I chant a magic spell to make it taste even better?,0.0,0.0,美味しくなる魔法の呪文、唱えましょうか？,0.0,0.0,要不要為您唸一段變好吃的魔法咒語呢？,0.0,0.0,要不要为您念一段变好吃的魔法咒语呢？,0.0,0.0,1366,514884
1368,1008,1008101,0,0,7,,메뉴는 어떤 걸로 하시겠어요?,0.0,0.0,What would you like to order?,0.0,0.0,メニューは何になさいますか？,0.0,0.0,請問要點什麼呢？,0.0,0.0,请问要点什么呢？,0.0,0.0,1367,515260
1369,1008,1008101,0,0,7,,"뜨거우니까, 조심해서 드세요-",0.0,0.0,"It’s hot, so please be careful—",0.0,0.0,熱いので、お気をつけてください—,0.0,0.0,很燙，請小心食用——,0.0,0.0,很烫，请小心食用——,0.0,0.0,1368,515512
1370,1008,1008101,0,0,7,,음료에 얼음은 얼마나 넣어 드릴까요?,0.0,0.0,How much ice would you like in your drink?,0.0,0.0,お飲み物の氷はどれくらいにしますか？,0.0,0.0,飲料要加多少冰呢？,0.0,0.0,饮料要加多少冰呢？,0.0,0.0,1369,515788
1371,1008,1008101,0,0,7,,"음료는 단 게 좋으신가요, 향기로운 게 좋으신가요?",0.0,0.0,"Do you prefer something sweet, or something aromatic?",0.0,0.0,お飲み物は甘いものと、香りの良いもの、どちらがよろしいですか？,0.0,0.0,飲料是想要偏甜的，還是香氣濃郁的呢？,0.0,0.0,饮料是想要偏甜的，还是香气浓郁的呢？,0.0,0.0,1370,516084
1372,1008,1008101,0,0,7,,이 스튜를 먹으면 몸과 마음이 따뜻해질 거예요.,0.0,0.0,This stew will warm both your body and heart.,0.0,0.0,このシチューを食べると、心も体も温まりますよ。,0.0,0.0,喝了這道燉菜，身體和心靈都會變得溫暖喔。,0.0,0.0,喝了这道炖菜，身体和心灵都会变得温暖喔。,0.0,0.0,1371,516504
1373,1008,1008101,0,0,7,,맛있어지는 마법의 주문을 외워드릴까요?,0.0,0.0,Shall I chant a magic spell to make it taste even better?,0.0,0.0,美味しくなる魔法の呪文、唱えましょうか？,0.0,0.0,要不要為您唸一段變好吃的魔法咒語呢？,0.0,0.0,要不要为您念一段变好吃的魔法咒语呢？,0.0,0.0,1372,516896
1374,1008,1008101,0,0,7,,카페의 따뜻한 분위기가 좋네요-,0.0,0.0,The warm atmosphere of this cafe is really nice—,0.0,0.0,カフェの温かい雰囲気、いいですね—,0.0,0.0,這間咖啡廳溫暖的氛圍真好呢——,0.0,0.0,这间咖啡厅温暖的氛围真好呢——,0.0,0.0,1373,517272
1375,1008,1008101,0,0,7,,"혼자 자기 무서워진다면, 제가 같이 있어드릴까요?",0.0,0.0,"If sleeping alone feels scary, shall I stay with you?",0.0,0.0,一人で寝るのが怖くなったら、私が一緒にいましょうか？,0.0,0.0,如果一個人睡覺會害怕的話，要不要我陪著您？,0.0,0.0,如果一个人睡觉会害怕的话，要不要我陪着您？,0.0,0.0,1374,517604
1376,1008,1008101,0,0,7,,피곤하신가요? 제 무릎에서 잠시 주무시는 건 어떠세요?,0.0,0.0,Are you tired? Would you like to rest on my lap for a bit?,0.0,0.0,お疲れですか？ 私の膝で少し休みませんか？,0.0,0.0,您累了嗎？要不要在我的腿上稍微休息一下？,0.0,0.0,您累了吗？要不要在我的腿上稍微休息一下？,0.0,0.0,1375,518024
1377,1008,1008101,0,0,7,,"……귀를 파달라구요? 좋아요- 그럼, 여기에 누워보실래요?",0.0,0.0,"…You want me to clean your ears? Alright— then, would you lie down here?",0.0,0.0,……耳かきをしてほしいんですか？ いいですよ—では、ここに横になってください。,0.0,0.0,……想要掏耳朵嗎？可以喔——那請躺在這裡吧。,0.0,0.0,……想要掏耳朵吗？可以喔——那请躺在这里吧。,0.0,0.0,1376,518432
1378,1008,1008101,0,0,7,,음? 제 얼굴에 뭔가 묻어있었나요?,0.0,0.0,Hm? Was there something on my face?,0.0,0.0,あれ？ 私の顔に何か付いていましたか？,0.0,0.0,咦？我的臉上沾到什麼了嗎？,0.0,0.0,咦？我的脸上沾到什么了吗？,0.0,0.0,1377,518928
1379,1008,1008101,0,0,7,,"카에데가 지내는 이곳은, 정말 좋은 것 같아요-",0.0,0.0,This place where Kaede lives feels really nice—,0.0,0.0,カエデが過ごしているこの場所、本当に良いところですね—,0.0,0.0,楓生活的這個地方，真的很不錯呢——,0.0,0.0,枫生活的这个地方，真的很不错呢——,0.0,0.0,1378,519236
1380,1008,1008101,0,0,7,,……그런가요? 저도 마스터와 이야기하는 시간이 좋아요-,0.0,0.0,"…Is that so? I enjoy talking with you too, Master—",0.0,0.0,……そうですか？ 私もマスターとお話しする時間、好きですよ—,0.0,0.0,……是嗎？我也很喜歡和大師聊天的時間——,0.0,0.0,……是吗？我也很喜欢和大师聊天的时间——,0.0,0.0,1379,519628
1381,1008,1008101,0,0,7,,제가 필요하다면 언제든 불러주세요. 뭐든 도와드릴게요!,0.0,0.0,"If you ever need me, please call anytime. I’ll help with anything!",0.0,0.0,必要な時は、いつでも呼んでください。何でもお手伝いします！,0.0,0.0,只要您需要，隨時叫我。我什麼都會幫忙的！,0.0,0.0,只要您需要，随时叫我。我什么都会帮忙的！,0.0,0.0,1380,520056
1382,1008,1008101,0,0,7,,오늘도 평화롭네요-,0.0,0.0,It’s peaceful today as well—,0.0,0.0,今日も平和ですね—,0.0,0.0,今天也很和平呢——,0.0,0.0,今天也很和平呢——,0.0,0.0,1381,520496
1383,1008,1008101,0,0,7,,제가 바랐던 카페의 풍경이에요…….,0.0,0.0,This is exactly the cafe scene I wished for…….,0.0,0.0,私が望んでいたカフェの風景です……。,0.0,0.0,這正是我所期望的咖啡廳景象……。,0.0,0.0,这正是我所期望的咖啡厅景象……。,0.0,0.0,1382,520728
1384,1008,1008101,0,0,15,,오늘은 조금 더 여유를 갖고 일해볼까요?,0.0,0.0,Shall we work a little more relaxed today?,0.0,0.0,今日は少し余裕を持って働いてみましょうか？,0.0,0.0,今天要不要稍微放鬆一點來工作呢？,0.0,0.0,今天要不要稍微放松一点来工作呢？,0.0,0.0,1383,521072
1385,1008,1008101,0,0,15,,저는 준비 됐어요. 마스터도 준비되셨나요?,0.0,0.0,"I’m ready. Are you ready too, Master?",0.0,0.0,私は準備できています。マスターも準備はよろしいですか？,0.0,0.0,我已經準備好了。大師也準備好了嗎？,0.0,0.0,我已经准备好了。大师也准备好了吗？,0.0,0.0,1384,521420
1386,1008,1008101,0,0,15,,주문을 받으러 가볼까요?,0.0,0.0,Shall we go take some orders?,0.0,0.0,注文を取りに行きましょうか？,0.0,0.0,要去接單了嗎？,0.0,0.0,要去接单了吗？,0.0,0.0,1385,521796
1387,1008,1008101,0,0,15,,좋은 하루가 될 것 같은 느낌이 들어요-,0.0,0.0,I have a feeling today will be a good day—,0.0,0.0,今日は良い一日になりそうな気がします—,0.0,0.0,總覺得今天會是美好的一天呢——,0.0,0.0,总觉得今天会是美好的一天呢——,0.0,0.0,1386,522044
1388,1008,1008101,0,0,15,,오늘은 날씨가 정말 좋네요. 손님들이 많이 와주실까요?,0.0,0.0,The weather’s really nice today. Do you think many customers will come?,0.0,0.0,今日は本当にいい天気ですね。お客さまたくさん来てくれるでしょうか？,0.0,0.0,今天天氣真的很好呢。客人會來很多嗎？,0.0,0.0,今天天气真的很好呢。客人会来很多吗？,0.0,0.0,1387,522384
1389,1008,1008101,14,1,19,,와아- 이런 깜짝 선물…정말 감사합니다. 마스터-!,0.0,0.0,"Wow— a surprise gift like this… thank you so much, Master!",0.0,0.0,わあ—こんなサプライズのプレゼント……本当にありがとうございます、マスター！,0.0,0.0,哇——這樣的驚喜禮物……真的非常感謝您，大師！,0.0,0.0,哇——这样的惊喜礼物……真的非常感谢您，大师！,0.0,0.0,1388,522836
1390,1008,1008101,12,7,8,,이 옷…학원에 있는 친구들이 예쁘다고 했던 건데……. 마스터가 보시기에도 괜찮나요?,0.0,0.0,"This outfit… my friends at the academy said it was cute… do you think it looks okay too, Master?",0.0,0.0,この服……学院の友達が可愛いって言ってくれたんですけど……マスターから見ても大丈夫ですか？,0.0,0.0,這件衣服……學院裡的朋友們說很可愛……大師覺得也合適嗎？,0.0,0.0,这件衣服……学院里的朋友们说很可爱……大师觉得也合适吗？,0.0,0.0,1389,523316
1391,1008,1008101,7,2,8,,옷을 바꿔 입어서 그럴까요? 마스터와 꽃을 보러 가고 싶네요-,0.0,0.0,"Maybe it’s because I changed clothes? I feel like going to see flowers with you, Master—",0.0,0.0,着替えたからでしょうか？ マスターと一緒にお花を見に行きたいですね—,0.0,0.0,也許是因為換了衣服吧？好想和大師一起去看花呢——,0.0,0.0,也许是因为换了衣服吧？好想和大师一起去看花呢——,0.0,0.0,1390,523924
1392,1008,1008101,13,8,8,,"카에데에게 이 모습을 보여주면, 깜짝 놀라겠죠?",0.0,0.0,"If Kaede saw me like this, she’d be surprised, right?",0.0,0.0,カエデにこの姿を見せたら、きっと驚きますよね？,0.0,0.0,如果讓楓看到我這樣，一定會嚇一跳吧？,0.0,0.0,如果让枫看到我这样，一定会吓一跳吧？,0.0,0.0,1391,524432
1393,1008,1008101,7,2,8,,오늘도 행복한 하루가 되셨으면 좋겠어요-,0.0,0.0,I hope today turns out to be a happy day for you too—,0.0,0.0,今日も幸せな一日になりますように—,0.0,0.0,希望今天您也能度過幸福的一天呢——,0.0,0.0,希望今天您也能度过幸福的一天呢——,0.0,0.0,1392,524824
1394,1008,1008101,14,1,8,,배고프시진 않으세요? 간단하게 스튜라도 드시겠어요? 금방 만들어 드릴 수 있어요-!,0.0,0.0,Aren’t you hungry? Would you like some simple stew? I can make it right away!,0.0,0.0,お腹は空いていませんか？ 簡単なシチューでもいかがですか？ すぐにお作りできますよ！,0.0,0.0,您不餓嗎？要不要來點簡單的燉菜呢？我馬上就能做好喔！,0.0,0.0,您不饿吗？要不要来点简单的炖菜呢？我马上就能做好喔！,0.0,0.0,1393,525180
1395,1008,1008101,0,0,9,,"어서 오세요, 마스터- 학원에서 선물이 왔네요? 선물을 받고 오늘 하루, 즐겁게 시작해봐요-!",0.0,0.0,"Welcome, Master— looks like a gift arrived from the academy! Let’s start today happily by opening it!",0.0,0.0,いらっしゃいませ、マスター—学院からのプレゼントみたいですね？ 受け取って、今日も楽しく始めましょう！,0.0,0.0,歡迎光臨，大師——學院送來了禮物呢？收下禮物，開心地開始今天吧！,0.0,0.0,欢迎光临，大师——学院送来了礼物呢？收下礼物，开心地开始今天吧！,0.0,0.0,1394,525744
1396,1008,1008101,0,0,18,,"오늘도 와주셨군요- 오늘도 학원에서 선물이 왔으니, 한 번 확인해보세요-!",0.0,0.0,"You came again today— another gift arrived from the academy, so please check it out!",0.0,0.0,今日も来てくれたんですね—今日も学院からプレゼントが届いているので、確認してみてください！,0.0,0.0,今天也來了呢——學院今天也送來了禮物，請確認看看吧！,0.0,0.0,今天也来了呢——学院今天也送来了礼物，请确认看看吧！,0.0,0.0,1395,526408
1397,1008,1008101,14,0,10,,마스터의 마음에 들었으면 좋겠어요-,0.0,0.0,"I hope it’s to your liking, Master—",0.0,0.0,マスターの気に入ってもらえると嬉しいです—,0.0,0.0,希望能合大師的心意呢——,0.0,0.0,希望能合大师的心意呢——,0.0,0.0,1396,526980
1398,1008,1008101,14,0,10,,원하는 물건이 나왔나요?,0.0,0.0,Did you get the item you wanted?,0.0,0.0,欲しいものは出ましたか？,0.0,0.0,有拿到想要的物品嗎？,0.0,0.0,有拿到想要的物品吗？,0.0,0.0,1397,527296
1399,1008,1008103,0,0,5,,마스터- 잠시 시간 되세요?,0.0,0.0,Excuse me— do you have a moment?,0.0,0.0,マスター、少しお時間よろしいですか？,0.0,0.0,大師——現在方便嗎？,0.0,0.0,大师——现在方便吗？,0.0,0.0,1398,527552
1400,1008,1008103,0,0,17,,안녕하세요- 카와사키 아이코라고 해요. 앞으로 잘 부탁드려요!,0.0,0.0,Hello— my name is Kawasaki Aiko. I look forward to working with you!,0.0,0.0,こんにちは—川崎アイコです。これからよろしくお願いします！,0.0,0.0,您好——我是川崎愛子。今後請多多指教！,0.0,0.0,您好——我是川崎爱子。今后请多多指教！,0.0,0.0,1399,527832
