source,type,name,path_id,output,kind
files\yoo\Default\BundleFiles\7f\7f985e1dae908dae92d5f38cbc8a5b82\__data,MonoBehaviour,MonoBehaviour_-9170419437062049678,-9170419437062049678,reverse-output\gacha-static\ui-prefab-export\HeroRecruitView\by_type\MonoBehaviour\MonoBehaviour_-9170419437062049678.bin,raw
files\yoo\Default\BundleFiles\7f\7f985e1dae908dae92d5f38cbc8a5b82\__data,GameObject,ring_rotation,-9142651887471218574,reverse-output\gacha-static\ui-prefab-export\HeroRecruitView\by_type\GameObject\ring_rotation.bin,raw
files\yoo\Default\BundleFiles\7f\7f985e1dae908dae92d5f38cbc8a5b82\__data,GameObject,ring_left,-9074856990282600334,reverse-output\gacha-static\ui-prefab-export\HeroRecruitView\by_type\GameObject\ring_left.bin,raw
files\yoo\Default\BundleFiles\7f\7f985e1dae908dae92d5f38cbc8a5b82\__data,MonoBehaviour,MonoBehaviour_-9065668939891396494,-9065668939891396494,reverse-output\gacha-static\ui-prefab-export\HeroRecruitView\by_type\MonoBehaviour\MonoBehaviour_-9065668939891396494.bin,raw
files\yoo\Default\BundleFiles\7f\7f985e1dae908dae92d5f38cbc8a5b82\__data,MonoBehaviour,MonoBehaviour_-9055469415347310478,-9055469415347310478,reverse-output\gacha-static\ui-prefab-export\HeroRecruitView\by_type\MonoBehaviour\MonoBehaviour_-9055469415347310478.bin,raw
files\yoo\Default\BundleFiles\7f\7f985e1dae908dae92d5f38cbc8a5b82\__data,RectTransform,RectTransform_-9013046106350604174,-9013046106350604174,reverse-output\gacha-static\ui-prefab-export\HeroRecruitView\by_type\RectTransform\RectTransform_-9013046106350604174.bin,raw
files\yoo\Default\BundleFiles\7f\7f985e1dae908dae92d5f38cbc8a5b82\__data,MonoBehaviour,MonoBehaviour_-9011853148499398542,-9011853148499398542,reverse-output\gacha-static\ui-prefab-export\HeroRecruitView\by_type\MonoBehaviour\MonoBehaviour_-9011853148499398542.bin,raw
files\yoo\Default\BundleFiles\7f\7f985e1dae908dae92d5f38cbc8a5b82\__data,RectTransform,RectTransform_-9005110576081981326,-9005110576081981326,reverse-output\gacha-static\ui-prefab-export\HeroRecruitView\by_type\RectTransform\RectTransform_-9005110576081981326.bin,raw
files\yoo\Default\BundleFiles\7f\7f985e1dae908dae92d5f38cbc8a5b82\__data,RectTransform,RectTransform_-8972683848552402830,-8972683848552402830,reverse-output\gacha-static\ui-prefab-export\HeroRecruitView\by_type\RectTransform\RectTransform_-8972683848552402830.bin,raw
files\yoo\Default\BundleFiles\7f\7f985e1dae908dae92d5f38cbc8a5b82\__data,MonoBehaviour,MonoBehaviour_-8955280044661985166,-8955280044661985166,reverse-output\gacha-static\ui-prefab-export\HeroRecruitView\by_type\MonoBehaviour\MonoBehaviour_-8955280044661985166.bin,raw
files\yoo\Default\BundleFiles\7f\7f985e1dae908dae92d5f38cbc8a5b82\__data,MonoBehaviour,MonoBehaviour_-8950139282747740046,-8950139282747740046,reverse-output\gacha-static\ui-prefab-export\HeroRecruitView\by_type\MonoBehaviour\MonoBehaviour_-8950139282747740046.bin,raw
files\yoo\Default\BundleFiles\7f\7f985e1dae908dae92d5f38cbc8a5b82\__data,GameObject,@fx_HeroRecruitView_03,-8936880812820516750,reverse-output\gacha-static\ui-prefab-export\HeroRecruitView\by_type\GameObject\@fx_HeroRecruitView_03.bin,raw
files\yoo\Default\BundleFiles\7f\7f985e1dae908dae92d5f38cbc8a5b82\__data,MonoBehaviour,MonoBehaviour_-8915881149466791822,-8915881149466791822,reverse-output\gacha-static\ui-prefab-export\HeroRecruitView\by_type\MonoBehaviour\MonoBehaviour_-8915881149466791822.bin,raw
files\yoo\Default\BundleFiles\7f\7f985e1dae908dae92d5f38cbc8a5b82\__data,MonoBehaviour,MonoBehaviour_-8907559731420450702,-8907559731420450702,reverse-output\gacha-static\ui-prefab-export\HeroRecruitView\by_type\MonoBehaviour\MonoBehaviour_-8907559731420450702.bin,raw
files\yoo\Default\BundleFiles\7f\7f985e1dae908dae92d5f38cbc8a5b82\__data,MonoBehaviour,MonoBehaviour_-8898250882067713934,-8898250882067713934,reverse-output\gacha-static\ui-prefab-export\HeroRecruitView\by_type\MonoBehaviour\MonoBehaviour_-8898250882067713934.bin,raw
files\yoo\Default\BundleFiles\7f\7f985e1dae908dae92d5f38cbc8a5b82\__data,RectTransform,RectTransform_-8882034103358377870,-8882034103358377870,reverse-output\gacha-static\ui-prefab-export\HeroRecruitView\by_type\RectTransform\RectTransform_-8882034103358377870.bin,raw
files\yoo\Default\BundleFiles\7f\7f985e1dae908dae92d5f38cbc8a5b82\__data,GameObject,ImgFrame_red_r,-8869719929203904398,reverse-output\gacha-static\ui-prefab-export\HeroRecruitView\by_type\GameObject\ImgFrame_red_r.bin,raw
files\yoo\Default\BundleFiles\7f\7f985e1dae908dae92d5f38cbc8a5b82\__data,GameObject,Renderer0,-8843869707786309518,reverse-output\gacha-static\ui-prefab-export\HeroRecruitView\by_type\GameObject\Renderer0.bin,raw
files\yoo\Default\BundleFiles\7f\7f985e1dae908dae92d5f38cbc8a5b82\__data,MonoBehaviour,MonoBehaviour_-8836111777024757646,-8836111777024757646,reverse-output\gacha-static\ui-prefab-export\HeroRecruitView\by_type\MonoBehaviour\MonoBehaviour_-8836111777024757646.bin,raw
files\yoo\Default\BundleFiles\7f\7f985e1dae908dae92d5f38cbc8a5b82\__data,RectTransform,RectTransform_-8792621984828346254,-8792621984828346254,reverse-output\gacha-static\ui-prefab-export\HeroRecruitView\by_type\RectTransform\RectTransform_-8792621984828346254.bin,raw
files\yoo\Default\BundleFiles\7f\7f985e1dae908dae92d5f38cbc8a5b82\__data,RectTransform,RectTransform_-8778656661277364110,-8778656661277364110,reverse-output\gacha-static\ui-prefab-export\HeroRecruitView\by_type\RectTransform\RectTransform_-8778656661277364110.bin,raw
files\yoo\Default\BundleFiles\7f\7f985e1dae908dae92d5f38cbc8a5b82\__data,MonoBehaviour,MonoBehaviour_-8697539589454483342,-8697539589454483342,reverse-output\gacha-static\ui-prefab-export\HeroRecruitView\by_type\MonoBehaviour\MonoBehaviour_-8697539589454483342.bin,raw
files\yoo\Default\BundleFiles\7f\7f985e1dae908dae92d5f38cbc8a5b82\__data,MonoBehaviour,MonoBehaviour_-8689231350751547278,-8689231350751547278,reverse-output\gacha-static\ui-prefab-export\HeroRecruitView\by_type\MonoBehaviour\MonoBehaviour_-8689231350751547278.bin,raw
files\yoo\Default\BundleFiles\7f\7f985e1dae908dae92d5f38cbc8a5b82\__data,GameObject,caiguang2 (2),-8667132714520530830,reverse-output\gacha-static\ui-prefab-export\HeroRecruitView\by_type\GameObject\caiguang2 (2).bin,raw
files\yoo\Default\BundleFiles\7f\7f985e1dae908dae92d5f38cbc8a5b82\__data,GameObject,lottery_img_36d,-8621303477657456526,reverse-output\gacha-static\ui-prefab-export\HeroRecruitView\by_type\GameObject\lottery_img_36d.bin,raw
files\yoo\Default\BundleFiles\7f\7f985e1dae908dae92d5f38cbc8a5b82\__data,RectTransform,RectTransform_-8609874675068030862,-8609874675068030862,reverse-output\gacha-static\ui-prefab-export\HeroRecruitView\by_type\RectTransform\RectTransform_-8609874675068030862.bin,raw
files\yoo\Default\BundleFiles\7f\7f985e1dae908dae92d5f38cbc8a5b82\__data,RectTransform,RectTransform_-8595421661190737806,-8595421661190737806,reverse-output\gacha-static\ui-prefab-export\HeroRecruitView\by_type\RectTransform\RectTransform_-8595421661190737806.bin,raw
files\yoo\Default\BundleFiles\7f\7f985e1dae908dae92d5f38cbc8a5b82\__data,MonoBehaviour,MonoBehaviour_-8560163169357909902,-8560163169357909902,reverse-output\gacha-static\ui-prefab-export\HeroRecruitView\by_type\MonoBehaviour\MonoBehaviour_-8560163169357909902.bin,raw
files\yoo\Default\BundleFiles\7f\7f985e1dae908dae92d5f38cbc8a5b82\__data,GameObject,pnlHeroTag,-8544257176996663182,reverse-output\gacha-static\ui-prefab-export\HeroRecruitView\by_type\GameObject\pnlHeroTag.bin,raw
files\yoo\Default\BundleFiles\7f\7f985e1dae908dae92d5f38cbc8a5b82\__data,GameObject,lottery_img_34b,-8501754696257425294,reverse-output\gacha-static\ui-prefab-export\HeroRecruitView\by_type\GameObject\lottery_img_34b.bin,raw
files\yoo\Default\BundleFiles\7f\7f985e1dae908dae92d5f38cbc8a5b82\__data,RectTransform,RectTransform_-8485232098574716814,-8485232098574716814,reverse-output\gacha-static\ui-prefab-export\HeroRecruitView\by_type\RectTransform\RectTransform_-8485232098574716814.bin,raw
files\yoo\Default\BundleFiles\7f\7f985e1dae908dae92d5f38cbc8a5b82\__data,MonoBehaviour,MonoBehaviour_-8485028550937268110,-8485028550937268110,reverse-output\gacha-static\ui-prefab-export\HeroRecruitView\by_type\MonoBehaviour\MonoBehaviour_-8485028550937268110.bin,raw
files\yoo\Default\BundleFiles\7f\7f985e1dae908dae92d5f38cbc8a5b82\__data,RectTransform,RectTransform_-8482734392137928590,-8482734392137928590,reverse-output\gacha-static\ui-prefab-export\HeroRecruitView\by_type\RectTransform\RectTransform_-8482734392137928590.bin,raw
files\yoo\Default\BundleFiles\7f\7f985e1dae908dae92d5f38cbc8a5b82\__data,RectTransform,RectTransform_-8469479371752066958,-8469479371752066958,reverse-output\gacha-static\ui-prefab-export\HeroRecruitView\by_type\RectTransform\RectTransform_-8469479371752066958.bin,raw
files\yoo\Default\BundleFiles\7f\7f985e1dae908dae92d5f38cbc8a5b82\__data,MonoBehaviour,MonoBehaviour_-8468955215382564750,-8468955215382564750,reverse-output\gacha-static\ui-prefab-export\HeroRecruitView\by_type\MonoBehaviour\MonoBehaviour_-8468955215382564750.bin,raw
files\yoo\Default\BundleFiles\7f\7f985e1dae908dae92d5f38cbc8a5b82\__data,RectTransform,RectTransform_-8456688516257402766,-8456688516257402766,reverse-output\gacha-static\ui-prefab-export\HeroRecruitView\by_type\RectTransform\RectTransform_-8456688516257402766.bin,raw
files\yoo\Default\BundleFiles\7f\7f985e1dae908dae92d5f38cbc8a5b82\__data,GameObject,ring_rotation,-8451646043071172494,reverse-output\gacha-static\ui-prefab-export\HeroRecruitView\by_type\GameObject\ring_rotation_1.bin,raw
files\yoo\Default\BundleFiles\7f\7f985e1dae908dae92d5f38cbc8a5b82\__data,RectTransform,RectTransform_-8440085376993841038,-8440085376993841038,reverse-output\gacha-static\ui-prefab-export\HeroRecruitView\by_type\RectTransform\RectTransform_-8440085376993841038.bin,raw
files\yoo\Default\BundleFiles\7f\7f985e1dae908dae92d5f38cbc8a5b82\__data,MonoBehaviour,MonoBehaviour_-8379960687674707854,-8379960687674707854,reverse-output\gacha-static\ui-prefab-export\HeroRecruitView\by_type\MonoBehaviour\MonoBehaviour_-8379960687674707854.bin,raw
files\yoo\Default\BundleFiles\7f\7f985e1dae908dae92d5f38cbc8a5b82\__data,MonoBehaviour,MonoBehaviour_-8365569088770068366,-8365569088770068366,reverse-output\gacha-static\ui-prefab-export\HeroRecruitView\by_type\MonoBehaviour\MonoBehaviour_-8365569088770068366.bin,raw
files\yoo\Default\BundleFiles\7f\7f985e1dae908dae92d5f38cbc8a5b82\__data,RectTransform,RectTransform_-8363004203363389326,-8363004203363389326,reverse-output\gacha-static\ui-prefab-export\HeroRecruitView\by_type\RectTransform\RectTransform_-8363004203363389326.bin,raw
files\yoo\Default\BundleFiles\7f\7f985e1dae908dae92d5f38cbc8a5b82\__data,GameObject,lottery_img_34d,-8348400414543302542,reverse-output\gacha-static\ui-prefab-export\HeroRecruitView\by_type\GameObject\lottery_img_34d.bin,raw
files\yoo\Default\BundleFiles\7f\7f985e1dae908dae92d5f38cbc8a5b82\__data,GameObject,ring_rotation2,-8281045395789238158,reverse-output\gacha-static\ui-prefab-export\HeroRecruitView\by_type\GameObject\ring_rotation2.bin,raw
files\yoo\Default\BundleFiles\7f\7f985e1dae908dae92d5f38cbc8a5b82\__data,GameObject,ring_left,-8267505610951085966,reverse-output\gacha-static\ui-prefab-export\HeroRecruitView\by_type\GameObject\ring_left_1.bin,raw
files\yoo\Default\BundleFiles\7f\7f985e1dae908dae92d5f38cbc8a5b82\__data,GameObject,ImgFrame_blue,-8262304344060579726,reverse-output\gacha-static\ui-prefab-export\HeroRecruitView\by_type\GameObject\ImgFrame_blue.bin,raw
files\yoo\Default\BundleFiles\7f\7f985e1dae908dae92d5f38cbc8a5b82\__data,RectTransform,RectTransform_-8221205721065377678,-8221205721065377678,reverse-output\gacha-static\ui-prefab-export\HeroRecruitView\by_type\RectTransform\RectTransform_-8221205721065377678.bin,raw
files\yoo\Default\BundleFiles\7f\7f985e1dae908dae92d5f38cbc8a5b82\__data,MonoBehaviour,MonoBehaviour_-8166268980551929742,-8166268980551929742,reverse-output\gacha-static\ui-prefab-export\HeroRecruitView\by_type\MonoBehaviour\MonoBehaviour_-8166268980551929742.bin,raw
files\yoo\Default\BundleFiles\7f\7f985e1dae908dae92d5f38cbc8a5b82\__data,MonoBehaviour,MonoBehaviour_-8152563222199586702,-8152563222199586702,reverse-output\gacha-static\ui-prefab-export\HeroRecruitView\by_type\MonoBehaviour\MonoBehaviour_-8152563222199586702.bin,raw
files\yoo\Default\BundleFiles\7f\7f985e1dae908dae92d5f38cbc8a5b82\__data,RectTransform,RectTransform_-8117993787145637774,-8117993787145637774,reverse-output\gacha-static\ui-prefab-export\HeroRecruitView\by_type\RectTransform\RectTransform_-8117993787145637774.bin,raw
files\yoo\Default\BundleFiles\7f\7f985e1dae908dae92d5f38cbc8a5b82\__data,RectTransform,RectTransform_-8103878161264856974,-8103878161264856974,reverse-output\gacha-static\ui-prefab-export\HeroRecruitView\by_type\RectTransform\RectTransform_-8103878161264856974.bin,raw
files\yoo\Default\BundleFiles\7f\7f985e1dae908dae92d5f38cbc8a5b82\__data,MonoBehaviour,MonoBehaviour_-8101742528967987086,-8101742528967987086,reverse-output\gacha-static\ui-prefab-export\HeroRecruitView\by_type\MonoBehaviour\MonoBehaviour_-8101742528967987086.bin,raw
files\yoo\Default\BundleFiles\7f\7f985e1dae908dae92d5f38cbc8a5b82\__data,MonoBehaviour,MonoBehaviour_-8030345569157566350,-8030345569157566350,reverse-output\gacha-static\ui-prefab-export\HeroRecruitView\by_type\MonoBehaviour\MonoBehaviour_-8030345569157566350.bin,raw
files\yoo\Default\BundleFiles\7f\7f985e1dae908dae92d5f38cbc8a5b82\__data,GameObject,pnlTag2,-8004292106595389326,reverse-output\gacha-static\ui-prefab-export\HeroRecruitView\by_type\GameObject\pnlTag2.bin,raw
files\yoo\Default\BundleFiles\7f\7f985e1dae908dae92d5f38cbc8a5b82\__data,GameObject,caiguang2 (1),-7995851981811863438,reverse-output\gacha-static\ui-prefab-export\HeroRecruitView\by_type\GameObject\caiguang2 (1).bin,raw
files\yoo\Default\BundleFiles\7f\7f985e1dae908dae92d5f38cbc8a5b82\__data,RectTransform,RectTransform_-7986632135445827470,-7986632135445827470,reverse-output\gacha-static\ui-prefab-export\HeroRecruitView\by_type\RectTransform\RectTransform_-7986632135445827470.bin,raw
files\yoo\Default\BundleFiles\7f\7f985e1dae908dae92d5f38cbc8a5b82\__data,GameObject,lottery_img_37d,-7977595707089276814,reverse-output\gacha-static\ui-prefab-export\HeroRecruitView\by_type\GameObject\lottery_img_37d.bin,raw
files\yoo\Default\BundleFiles\7f\7f985e1dae908dae92d5f38cbc8a5b82\__data,GameObject,ring_rotation,-7964965178093260686,reverse-output\gacha-static\ui-prefab-export\HeroRecruitView\by_type\GameObject\ring_rotation_2.bin,raw
files\yoo\Default\BundleFiles\7f\7f985e1dae908dae92d5f38cbc8a5b82\__data,GameObject,ring_rotation,-7951192271753432974,reverse-output\gacha-static\ui-prefab-export\HeroRecruitView\by_type\GameObject\ring_rotation_3.bin,raw
files\yoo\Default\BundleFiles\7f\7f985e1dae908dae92d5f38cbc8a5b82\__data,MonoBehaviour,MonoBehaviour_-7948850237107654542,-7948850237107654542,reverse-output\gacha-static\ui-prefab-export\HeroRecruitView\by_type\MonoBehaviour\MonoBehaviour_-7948850237107654542.bin,raw
files\yoo\Default\BundleFiles\7f\7f985e1dae908dae92d5f38cbc8a5b82\__data,MonoBehaviour,MonoBehaviour_-7936641242818793358,-7936641242818793358,reverse-output\gacha-static\ui-prefab-export\HeroRecruitView\by_type\MonoBehaviour\MonoBehaviour_-7936641242818793358.bin,raw
files\yoo\Default\BundleFiles\7f\7f985e1dae908dae92d5f38cbc8a5b82\__data,MonoBehaviour,MonoBehaviour_-7925745842607411086,-7925745842607411086,reverse-output\gacha-static\ui-prefab-export\HeroRecruitView\by_type\MonoBehaviour\MonoBehaviour_-7925745842607411086.bin,raw
files\yoo\Default\BundleFiles\7f\7f985e1dae908dae92d5f38cbc8a5b82\__data,GameObject,lottery_img_33c,-7920916669535014798,reverse-output\gacha-static\ui-prefab-export\HeroRecruitView\by_type\GameObject\lottery_img_33c.bin,raw
files\yoo\Default\BundleFiles\7f\7f985e1dae908dae92d5f38cbc8a5b82\__data,GameObject,btnClose,-7905301675293527950,reverse-output\gacha-static\ui-prefab-export\HeroRecruitView\by_type\GameObject\btnClose.bin,raw
files\yoo\Default\BundleFiles\7f\7f985e1dae908dae92d5f38cbc8a5b82\__data,GameObject,@imgTypeNew_36,-7837535814707695502,reverse-output\gacha-static\ui-prefab-export\HeroRecruitView\by_type\GameObject\@imgTypeNew_36.bin,raw
files\yoo\Default\BundleFiles\7f\7f985e1dae908dae92d5f38cbc8a5b82\__data,GameObject,@ImgFrame_purple,-7835452904697548686,reverse-output\gacha-static\ui-prefab-export\HeroRecruitView\by_type\GameObject\@ImgFrame_purple.bin,raw
files\yoo\Default\BundleFiles\7f\7f985e1dae908dae92d5f38cbc8a5b82\__data,MonoBehaviour,MonoBehaviour_-7809928883462066062,-7809928883462066062,reverse-output\gacha-static\ui-prefab-export\HeroRecruitView\by_type\MonoBehaviour\MonoBehaviour_-7809928883462066062.bin,raw
files\yoo\Default\BundleFiles\7f\7f985e1dae908dae92d5f38cbc8a5b82\__data,MonoBehaviour,MonoBehaviour_-7779185773070110606,-7779185773070110606,reverse-output\gacha-static\ui-prefab-export\HeroRecruitView\by_type\MonoBehaviour\MonoBehaviour_-7779185773070110606.bin,raw
files\yoo\Default\BundleFiles\7f\7f985e1dae908dae92d5f38cbc8a5b82\__data,MonoBehaviour,MonoBehaviour_-7713901371126108046,-7713901371126108046,reverse-output\gacha-static\ui-prefab-export\HeroRecruitView\by_type\MonoBehaviour\MonoBehaviour_-7713901371126108046.bin,raw
files\yoo\Default\BundleFiles\7f\7f985e1dae908dae92d5f38cbc8a5b82\__data,MonoBehaviour,MonoBehaviour_-7661505815706062734,-7661505815706062734,reverse-output\gacha-static\ui-prefab-export\HeroRecruitView\by_type\MonoBehaviour\MonoBehaviour_-7661505815706062734.bin,raw
files\yoo\Default\BundleFiles\7f\7f985e1dae908dae92d5f38cbc8a5b82\__data,MonoBehaviour,MonoBehaviour_-7655452681443200910,-7655452681443200910,reverse-output\gacha-static\ui-prefab-export\HeroRecruitView\by_type\MonoBehaviour\MonoBehaviour_-7655452681443200910.bin,raw
files\yoo\Default\BundleFiles\7f\7f985e1dae908dae92d5f38cbc8a5b82\__data,MonoBehaviour,MonoBehaviour_-7607075790467420046,-7607075790467420046,reverse-output\gacha-static\ui-prefab-export\HeroRecruitView\by_type\MonoBehaviour\MonoBehaviour_-7607075790467420046.bin,raw
files\yoo\Default\BundleFiles\7f\7f985e1dae908dae92d5f38cbc8a5b82\__data,MonoBehaviour,MonoBehaviour_-7575925319567396750,-7575925319567396750,reverse-output\gacha-static\ui-prefab-export\HeroRecruitView\by_type\MonoBehaviour\MonoBehaviour_-7575925319567396750.bin,raw
files\yoo\Default\BundleFiles\7f\7f985e1dae908dae92d5f38cbc8a5b82\__data,GameObject,ring_down,-7506395757875351438,reverse-output\gacha-static\ui-prefab-export\HeroRecruitView\by_type\GameObject\ring_down.bin,raw
files\yoo\Default\BundleFiles\7f\7f985e1dae908dae92d5f38cbc8a5b82\__data,GameObject,spFg,-7482575291353583502,reverse-output\gacha-static\ui-prefab-export\HeroRecruitView\by_type\GameObject\spFg.bin,raw
files\yoo\Default\BundleFiles\7f\7f985e1dae908dae92d5f38cbc8a5b82\__data,MonoBehaviour,MonoBehaviour_-7459050926264602510,-7459050926264602510,reverse-output\gacha-static\ui-prefab-export\HeroRecruitView\by_type\MonoBehaviour\MonoBehaviour_-7459050926264602510.bin,raw
files\yoo\Default\BundleFiles\7f\7f985e1dae908dae92d5f38cbc8a5b82\__data,MonoBehaviour,MonoBehaviour_-7429732364438196110,-7429732364438196110,reverse-output\gacha-static\ui-prefab-export\HeroRecruitView\by_type\MonoBehaviour\MonoBehaviour_-7429732364438196110.bin,raw
files\yoo\Default\BundleFiles\7f\7f985e1dae908dae92d5f38cbc8a5b82\__data,RectTransform,RectTransform_-7407631348644630414,-7407631348644630414,reverse-output\gacha-static\ui-prefab-export\HeroRecruitView\by_type\RectTransform\RectTransform_-7407631348644630414.bin,raw
files\yoo\Default\BundleFiles\7f\7f985e1dae908dae92d5f38cbc8a5b82\__data,GameObject,lottery_img_36b_effect,-7405712291532492686,reverse-output\gacha-static\ui-prefab-export\HeroRecruitView\by_type\GameObject\lottery_img_36b_effect.bin,raw
files\yoo\Default\BundleFiles\7f\7f985e1dae908dae92d5f38cbc8a5b82\__data,GameObject,ring_rotation,-7337433152904548238,reverse-output\gacha-static\ui-prefab-export\HeroRecruitView\by_type\GameObject\ring_rotation_4.bin,raw
files\yoo\Default\BundleFiles\7f\7f985e1dae908dae92d5f38cbc8a5b82\__data,GameObject,imgSpeak,-7336423941255188366,reverse-output\gacha-static\ui-prefab-export\HeroRecruitView\by_type\GameObject\imgSpeak.bin,raw
files\yoo\Default\BundleFiles\7f\7f985e1dae908dae92d5f38cbc8a5b82\__data,MonoBehaviour,MonoBehaviour_-7321452048388837262,-7321452048388837262,reverse-output\gacha-static\ui-prefab-export\HeroRecruitView\by_type\MonoBehaviour\MonoBehaviour_-7321452048388837262.bin,raw
files\yoo\Default\BundleFiles\7f\7f985e1dae908dae92d5f38cbc8a5b82\__data,RectTransform,RectTransform_-7290186713818845070,-7290186713818845070,reverse-output\gacha-static\ui-prefab-export\HeroRecruitView\by_type\RectTransform\RectTransform_-7290186713818845070.bin,raw
files\yoo\Default\BundleFiles\7f\7f985e1dae908dae92d5f38cbc8a5b82\__data,MonoBehaviour,MonoBehaviour_-7273592948502220686,-7273592948502220686,reverse-output\gacha-static\ui-prefab-export\HeroRecruitView\by_type\MonoBehaviour\MonoBehaviour_-7273592948502220686.bin,raw
files\yoo\Default\BundleFiles\7f\7f985e1dae908dae92d5f38cbc8a5b82\__data,MonoBehaviour,MonoBehaviour_-7190536727510110094,-7190536727510110094,reverse-output\gacha-static\ui-prefab-export\HeroRecruitView\by_type\MonoBehaviour\MonoBehaviour_-7190536727510110094.bin,raw
files\yoo\Default\BundleFiles\7f\7f985e1dae908dae92d5f38cbc8a5b82\__data,MonoBehaviour,MonoBehaviour_-7179708431139327886,-7179708431139327886,reverse-output\gacha-static\ui-prefab-export\HeroRecruitView\by_type\MonoBehaviour\MonoBehaviour_-7179708431139327886.bin,raw
files\yoo\Default\BundleFiles\7f\7f985e1dae908dae92d5f38cbc8a5b82\__data,RectTransform,RectTransform_-7138435177882636174,-7138435177882636174,reverse-output\gacha-static\ui-prefab-export\HeroRecruitView\by_type\RectTransform\RectTransform_-7138435177882636174.bin,raw
files\yoo\Default\BundleFiles\7f\7f985e1dae908dae92d5f38cbc8a5b82\__data,GameObject,btn,-7112111805458141070,reverse-output\gacha-static\ui-prefab-export\HeroRecruitView\by_type\GameObject\btn.bin,raw
files\yoo\Default\BundleFiles\7f\7f985e1dae908dae92d5f38cbc8a5b82\__data,GameObject,ring_rotation2,-7089597839385874318,reverse-output\gacha-static\ui-prefab-export\HeroRecruitView\by_type\GameObject\ring_rotation2_1.bin,raw
files\yoo\Default\BundleFiles\7f\7f985e1dae908dae92d5f38cbc8a5b82\__data,MonoBehaviour,MonoBehaviour_-7048930892101635982,-7048930892101635982,reverse-output\gacha-static\ui-prefab-export\HeroRecruitView\by_type\MonoBehaviour\MonoBehaviour_-7048930892101635982.bin,raw
files\yoo\Default\BundleFiles\7f\7f985e1dae908dae92d5f38cbc8a5b82\__data,RectTransform,RectTransform_-7027497768507723662,-7027497768507723662,reverse-output\gacha-static\ui-prefab-export\HeroRecruitView\by_type\RectTransform\RectTransform_-7027497768507723662.bin,raw
files\yoo\Default\BundleFiles\7f\7f985e1dae908dae92d5f38cbc8a5b82\__data,GameObject,ring_down,-7012768088331046798,reverse-output\gacha-static\ui-prefab-export\HeroRecruitView\by_type\GameObject\ring_down_1.bin,raw
files\yoo\Default\BundleFiles\7f\7f985e1dae908dae92d5f38cbc8a5b82\__data,GameObject,lottery_img_33b_effect,-7010928667657162638,reverse-output\gacha-static\ui-prefab-export\HeroRecruitView\by_type\GameObject\lottery_img_33b_effect.bin,raw
files\yoo\Default\BundleFiles\7f\7f985e1dae908dae92d5f38cbc8a5b82\__data,RectTransform,RectTransform_-6999414560054431630,-6999414560054431630,reverse-output\gacha-static\ui-prefab-export\HeroRecruitView\by_type\RectTransform\RectTransform_-6999414560054431630.bin,raw
files\yoo\Default\BundleFiles\7f\7f985e1dae908dae92d5f38cbc8a5b82\__data,RectTransform,RectTransform_-6942258314351660942,-6942258314351660942,reverse-output\gacha-static\ui-prefab-export\HeroRecruitView\by_type\RectTransform\RectTransform_-6942258314351660942.bin,raw
files\yoo\Default\BundleFiles\7f\7f985e1dae908dae92d5f38cbc8a5b82\__data,MonoBehaviour,MonoBehaviour_-6932612779577036686,-6932612779577036686,reverse-output\gacha-static\ui-prefab-export\HeroRecruitView\by_type\MonoBehaviour\MonoBehaviour_-6932612779577036686.bin,raw
files\yoo\Default\BundleFiles\7f\7f985e1dae908dae92d5f38cbc8a5b82\__data,MonoBehaviour,MonoBehaviour_-6930111608090578830,-6930111608090578830,reverse-output\gacha-static\ui-prefab-export\HeroRecruitView\by_type\MonoBehaviour\MonoBehaviour_-6930111608090578830.bin,raw
files\yoo\Default\BundleFiles\7f\7f985e1dae908dae92d5f38cbc8a5b82\__data,RectTransform,RectTransform_-6925195487709286286,-6925195487709286286,reverse-output\gacha-static\ui-prefab-export\HeroRecruitView\by_type\RectTransform\RectTransform_-6925195487709286286.bin,raw
files\yoo\Default\BundleFiles\7f\7f985e1dae908dae92d5f38cbc8a5b82\__data,MonoBehaviour,MonoBehaviour_-6813698064039333774,-6813698064039333774,reverse-output\gacha-static\ui-prefab-export\HeroRecruitView\by_type\MonoBehaviour\MonoBehaviour_-6813698064039333774.bin,raw
files\yoo\Default\BundleFiles\7f\7f985e1dae908dae92d5f38cbc8a5b82\__data,MonoBehaviour,MonoBehaviour_-6800537402441453454,-6800537402441453454,reverse-output\gacha-static\ui-prefab-export\HeroRecruitView\by_type\MonoBehaviour\MonoBehaviour_-6800537402441453454.bin,raw
files\yoo\Default\BundleFiles\7f\7f985e1dae908dae92d5f38cbc8a5b82\__data,RectTransform,RectTransform_-6752954632968064910,-6752954632968064910,reverse-output\gacha-static\ui-prefab-export\HeroRecruitView\by_type\RectTransform\RectTransform_-6752954632968064910.bin,raw
files\yoo\Default\BundleFiles\7f\7f985e1dae908dae92d5f38cbc8a5b82\__data,RectTransform,RectTransform_-6743784831199727502,-6743784831199727502,reverse-output\gacha-static\ui-prefab-export\HeroRecruitView\by_type\RectTransform\RectTransform_-6743784831199727502.bin,raw
files\yoo\Default\BundleFiles\7f\7f985e1dae908dae92d5f38cbc8a5b82\__data,RectTransform,RectTransform_-6742376914574757774,-6742376914574757774,reverse-output\gacha-static\ui-prefab-export\HeroRecruitView\by_type\RectTransform\RectTransform_-6742376914574757774.bin,raw
files\yoo\Default\BundleFiles\7f\7f985e1dae908dae92d5f38cbc8a5b82\__data,RectTransform,RectTransform_-6694058868118048654,-6694058868118048654,reverse-output\gacha-static\ui-prefab-export\HeroRecruitView\by_type\RectTransform\RectTransform_-6694058868118048654.bin,raw
files\yoo\Default\BundleFiles\7f\7f985e1dae908dae92d5f38cbc8a5b82\__data,GameObject,lottery_img_34d,-6638070282725871502,reverse-output\gacha-static\ui-prefab-export\HeroRecruitView\by_type\GameObject\lottery_img_34d_1.bin,raw
files\yoo\Default\BundleFiles\7f\7f985e1dae908dae92d5f38cbc8a5b82\__data,MonoBehaviour,MonoBehaviour_-6513567054643318670,-6513567054643318670,reverse-output\gacha-static\ui-prefab-export\HeroRecruitView\by_type\MonoBehaviour\MonoBehaviour_-6513567054643318670.bin,raw
files\yoo\Default\BundleFiles\7f\7f985e1dae908dae92d5f38cbc8a5b82\__data,MonoBehaviour,MonoBehaviour_-6436497119639555982,-6436497119639555982,reverse-output\gacha-static\ui-prefab-export\HeroRecruitView\by_type\MonoBehaviour\MonoBehaviour_-6436497119639555982.bin,raw
files\yoo\Default\BundleFiles\7f\7f985e1dae908dae92d5f38cbc8a5b82\__data,MonoBehaviour,MonoBehaviour_-6433029324615307150,-6433029324615307150,reverse-output\gacha-static\ui-prefab-export\HeroRecruitView\by_type\MonoBehaviour\MonoBehaviour_-6433029324615307150.bin,raw
files\yoo\Default\BundleFiles\7f\7f985e1dae908dae92d5f38cbc8a5b82\__data,GameObject,@ImgFrame_blue,-6417596521488502670,reverse-output\gacha-static\ui-prefab-export\HeroRecruitView\by_type\GameObject\@ImgFrame_blue.bin,raw
files\yoo\Default\BundleFiles\7f\7f985e1dae908dae92d5f38cbc8a5b82\__data,RectTransform,RectTransform_-6407932146182573966,-6407932146182573966,reverse-output\gacha-static\ui-prefab-export\HeroRecruitView\by_type\RectTransform\RectTransform_-6407932146182573966.bin,raw
files\yoo\Default\BundleFiles\7f\7f985e1dae908dae92d5f38cbc8a5b82\__data,GameObject,lottery_img_36b,-6388397093180002190,reverse-output\gacha-static\ui-prefab-export\HeroRecruitView\by_type\GameObject\lottery_img_36b.bin,raw
files\yoo\Default\BundleFiles\7f\7f985e1dae908dae92d5f38cbc8a5b82\__data,MonoBehaviour,MonoBehaviour_-6344908271530856334,-6344908271530856334,reverse-output\gacha-static\ui-prefab-export\HeroRecruitView\by_type\MonoBehaviour\MonoBehaviour_-6344908271530856334.bin,raw
files\yoo\Default\BundleFiles\7f\7f985e1dae908dae92d5f38cbc8a5b82\__data,RectTransform,RectTransform_-6289512947016978318,-6289512947016978318,reverse-output\gacha-static\ui-prefab-export\HeroRecruitView\by_type\RectTransform\RectTransform_-6289512947016978318.bin,raw
files\yoo\Default\BundleFiles\7f\7f985e1dae908dae92d5f38cbc8a5b82\__data,MonoBehaviour,MonoBehaviour_-6272637273043423118,-6272637273043423118,reverse-output\gacha-static\ui-prefab-export\HeroRecruitView\by_type\MonoBehaviour\MonoBehaviour_-6272637273043423118.bin,raw
files\yoo\Default\BundleFiles\7f\7f985e1dae908dae92d5f38cbc8a5b82\__data,RectTransform,RectTransform_-6267325530741591950,-6267325530741591950,reverse-output\gacha-static\ui-prefab-export\HeroRecruitView\by_type\RectTransform\RectTransform_-6267325530741591950.bin,raw
files\yoo\Default\BundleFiles\7f\7f985e1dae908dae92d5f38cbc8a5b82\__data,MonoBehaviour,MonoBehaviour_-6213421335663136654,-6213421335663136654,reverse-output\gacha-static\ui-prefab-export\HeroRecruitView\by_type\MonoBehaviour\MonoBehaviour_-6213421335663136654.bin,raw
files\yoo\Default\BundleFiles\7f\7f985e1dae908dae92d5f38cbc8a5b82\__data,MonoBehaviour,MonoBehaviour_-6188223184812363662,-6188223184812363662,reverse-output\gacha-static\ui-prefab-export\HeroRecruitView\by_type\MonoBehaviour\MonoBehaviour_-6188223184812363662.bin,raw
files\yoo\Default\BundleFiles\7f\7f985e1dae908dae92d5f38cbc8a5b82\__data,RectTransform,RectTransform_-6156678046494347150,-6156678046494347150,reverse-output\gacha-static\ui-prefab-export\HeroRecruitView\by_type\RectTransform\RectTransform_-6156678046494347150.bin,raw
files\yoo\Default\BundleFiles\7f\7f985e1dae908dae92d5f38cbc8a5b82\__data,RectTransform,RectTransform_-6079837175966650254,-6079837175966650254,reverse-output\gacha-static\ui-prefab-export\HeroRecruitView\by_type\RectTransform\RectTransform_-6079837175966650254.bin,raw
files\yoo\Default\BundleFiles\7f\7f985e1dae908dae92d5f38cbc8a5b82\__data,GameObject,ring_right,-6050105085688401806,reverse-output\gacha-static\ui-prefab-export\HeroRecruitView\by_type\GameObject\ring_right.bin,raw
files\yoo\Default\BundleFiles\7f\7f985e1dae908dae92d5f38cbc8a5b82\__data,MonoBehaviour,MonoBehaviour_-6045131977769602958,-6045131977769602958,reverse-output\gacha-static\ui-prefab-export\HeroRecruitView\by_type\MonoBehaviour\MonoBehaviour_-6045131977769602958.bin,raw
files\yoo\Default\BundleFiles\7f\7f985e1dae908dae92d5f38cbc8a5b82\__data,RectTransform,RectTransform_-6037864637683978126,-6037864637683978126,reverse-output\gacha-static\ui-prefab-export\HeroRecruitView\by_type\RectTransform\RectTransform_-6037864637683978126.bin,raw
files\yoo\Default\BundleFiles\7f\7f985e1dae908dae92d5f38cbc8a5b82\__data,GameObject,pnlTag4,-5979838034221846414,reverse-output\gacha-static\ui-prefab-export\HeroRecruitView\by_type\GameObject\pnlTag4.bin,raw
files\yoo\Default\BundleFiles\7f\7f985e1dae908dae92d5f38cbc8a5b82\__data,GameObject,gyunlizi7,-5938783774422650766,reverse-output\gacha-static\ui-prefab-export\HeroRecruitView\by_type\GameObject\gyunlizi7.bin,raw
files\yoo\Default\BundleFiles\7f\7f985e1dae908dae92d5f38cbc8a5b82\__data,GameObject,glow2,-5936134047353458574,reverse-output\gacha-static\ui-prefab-export\HeroRecruitView\by_type\GameObject\glow2.bin,raw
files\yoo\Default\BundleFiles\7f\7f985e1dae908dae92d5f38cbc8a5b82\__data,GameObject,lottery_img_37b,-5904356234402910094,reverse-output\gacha-static\ui-prefab-export\HeroRecruitView\by_type\GameObject\lottery_img_37b.bin,raw
files\yoo\Default\BundleFiles\7f\7f985e1dae908dae92d5f38cbc8a5b82\__data,MonoBehaviour,MonoBehaviour_-5883364539413680014,-5883364539413680014,reverse-output\gacha-static\ui-prefab-export\HeroRecruitView\by_type\MonoBehaviour\MonoBehaviour_-5883364539413680014.bin,raw
files\yoo\Default\BundleFiles\7f\7f985e1dae908dae92d5f38cbc8a5b82\__data,MonoBehaviour,MonoBehaviour_-5820115696698183566,-5820115696698183566,reverse-output\gacha-static\ui-prefab-export\HeroRecruitView\by_type\MonoBehaviour\MonoBehaviour_-5820115696698183566.bin,raw
files\yoo\Default\BundleFiles\7f\7f985e1dae908dae92d5f38cbc8a5b82\__data,RectTransform,RectTransform_-5817044144119205774,-5817044144119205774,reverse-output\gacha-static\ui-prefab-export\HeroRecruitView\by_type\RectTransform\RectTransform_-5817044144119205774.bin,raw
files\yoo\Default\BundleFiles\7f\7f985e1dae908dae92d5f38cbc8a5b82\__data,MonoBehaviour,MonoBehaviour_-5739824798297477006,-5739824798297477006,reverse-output\gacha-static\ui-prefab-export\HeroRecruitView\by_type\MonoBehaviour\MonoBehaviour_-5739824798297477006.bin,raw
files\yoo\Default\BundleFiles\7f\7f985e1dae908dae92d5f38cbc8a5b82\__data,MonoBehaviour,MonoBehaviour_-5725639961545133966,-5725639961545133966,reverse-output\gacha-static\ui-prefab-export\HeroRecruitView\by_type\MonoBehaviour\MonoBehaviour_-5725639961545133966.bin,raw
files\yoo\Default\BundleFiles\7f\7f985e1dae908dae92d5f38cbc8a5b82\__data,RectTransform,RectTransform_-5702837892095790990,-5702837892095790990,reverse-output\gacha-static\ui-prefab-export\HeroRecruitView\by_type\RectTransform\RectTransform_-5702837892095790990.bin,raw
files\yoo\Default\BundleFiles\7f\7f985e1dae908dae92d5f38cbc8a5b82\__data,MonoBehaviour,MonoBehaviour_-5674421237411532686,-5674421237411532686,reverse-output\gacha-static\ui-prefab-export\HeroRecruitView\by_type\MonoBehaviour\MonoBehaviour_-5674421237411532686.bin,raw
files\yoo\Default\BundleFiles\7f\7f985e1dae908dae92d5f38cbc8a5b82\__data,GameObject,lottery_img_34d,-5661481055898619790,reverse-output\gacha-static\ui-prefab-export\HeroRecruitView\by_type\GameObject\lottery_img_34d_2.bin,raw
files\yoo\Default\BundleFiles\7f\7f985e1dae908dae92d5f38cbc8a5b82\__data,MonoBehaviour,MonoBehaviour_-5655278429800288142,-5655278429800288142,reverse-output\gacha-static\ui-prefab-export\HeroRecruitView\by_type\MonoBehaviour\MonoBehaviour_-5655278429800288142.bin,raw
files\yoo\Default\BundleFiles\7f\7f985e1dae908dae92d5f38cbc8a5b82\__data,GameObject,lottery_img_35d,-5627407602315677582,reverse-output\gacha-static\ui-prefab-export\HeroRecruitView\by_type\GameObject\lottery_img_35d.bin,raw
files\yoo\Default\BundleFiles\7f\7f985e1dae908dae92d5f38cbc8a5b82\__data,MonoBehaviour,MonoBehaviour_-5616909977911414670,-5616909977911414670,reverse-output\gacha-static\ui-prefab-export\HeroRecruitView\by_type\MonoBehaviour\MonoBehaviour_-5616909977911414670.bin,raw
files\yoo\Default\BundleFiles\7f\7f985e1dae908dae92d5f38cbc8a5b82\__data,MonoBehaviour,MonoBehaviour_-5606680727620997006,-5606680727620997006,reverse-output\gacha-static\ui-prefab-export\HeroRecruitView\by_type\MonoBehaviour\MonoBehaviour_-5606680727620997006.bin,raw
files\yoo\Default\BundleFiles\7f\7f985e1dae908dae92d5f38cbc8a5b82\__data,MonoBehaviour,MonoBehaviour_-5567267453465055118,-5567267453465055118,reverse-output\gacha-static\ui-prefab-export\HeroRecruitView\by_type\MonoBehaviour\MonoBehaviour_-5567267453465055118.bin,raw
files\yoo\Default\BundleFiles\7f\7f985e1dae908dae92d5f38cbc8a5b82\__data,GameObject,lottery_img_37a,-5548987054983794574,reverse-output\gacha-static\ui-prefab-export\HeroRecruitView\by_type\GameObject\lottery_img_37a.bin,raw
files\yoo\Default\BundleFiles\7f\7f985e1dae908dae92d5f38cbc8a5b82\__data,RectTransform,RectTransform_-5533887815076794254,-5533887815076794254,reverse-output\gacha-static\ui-prefab-export\HeroRecruitView\by_type\RectTransform\RectTransform_-5533887815076794254.bin,raw
files\yoo\Default\BundleFiles\7f\7f985e1dae908dae92d5f38cbc8a5b82\__data,GameObject,imgMask,-5477080655821459342,reverse-output\gacha-static\ui-prefab-export\HeroRecruitView\by_type\GameObject\imgMask.bin,raw
files\yoo\Default\BundleFiles\7f\7f985e1dae908dae92d5f38cbc8a5b82\__data,MonoBehaviour,MonoBehaviour_-5445148446950870926,-5445148446950870926,reverse-output\gacha-static\ui-prefab-export\HeroRecruitView\by_type\MonoBehaviour\MonoBehaviour_-5445148446950870926.bin,raw
files\yoo\Default\BundleFiles\7f\7f985e1dae908dae92d5f38cbc8a5b82\__data,GameObject,spSilhouette,-5417011571622989710,reverse-output\gacha-static\ui-prefab-export\HeroRecruitView\by_type\GameObject\spSilhouette.bin,raw
files\yoo\Default\BundleFiles\7f\7f985e1dae908dae92d5f38cbc8a5b82\__data,RectTransform,RectTransform_-5412644193331105678,-5412644193331105678,reverse-output\gacha-static\ui-prefab-export\HeroRecruitView\by_type\RectTransform\RectTransform_-5412644193331105678.bin,raw
files\yoo\Default\BundleFiles\7f\7f985e1dae908dae92d5f38cbc8a5b82\__data,RectTransform,RectTransform_-5410084382588522382,-5410084382588522382,reverse-output\gacha-static\ui-prefab-export\HeroRecruitView\by_type\RectTransform\RectTransform_-5410084382588522382.bin,raw
files\yoo\Default\BundleFiles\7f\7f985e1dae908dae92d5f38cbc8a5b82\__data,RectTransform,RectTransform_-5387755739785187214,-5387755739785187214,reverse-output\gacha-static\ui-prefab-export\HeroRecruitView\by_type\RectTransform\RectTransform_-5387755739785187214.bin,raw
files\yoo\Default\BundleFiles\7f\7f985e1dae908dae92d5f38cbc8a5b82\__data,RectTransform,RectTransform_-5247839212925996942,-5247839212925996942,reverse-output\gacha-static\ui-prefab-export\HeroRecruitView\by_type\RectTransform\RectTransform_-5247839212925996942.bin,raw
files\yoo\Default\BundleFiles\7f\7f985e1dae908dae92d5f38cbc8a5b82\__data,GameObject,ring_down,-5237032878888505230,reverse-output\gacha-static\ui-prefab-export\HeroRecruitView\by_type\GameObject\ring_down_2.bin,raw
files\yoo\Default\BundleFiles\7f\7f985e1dae908dae92d5f38cbc8a5b82\__data,MonoBehaviour,MonoBehaviour_-5197308021337411470,-5197308021337411470,reverse-output\gacha-static\ui-prefab-export\HeroRecruitView\by_type\MonoBehaviour\MonoBehaviour_-5197308021337411470.bin,raw
files\yoo\Default\BundleFiles\7f\7f985e1dae908dae92d5f38cbc8a5b82\__data,GameObject,lottery_img_35d,-5166667920385494926,reverse-output\gacha-static\ui-prefab-export\HeroRecruitView\by_type\GameObject\lottery_img_35d_1.bin,raw
files\yoo\Default\BundleFiles\7f\7f985e1dae908dae92d5f38cbc8a5b82\__data,MonoBehaviour,MonoBehaviour_-5128158722053033870,-5128158722053033870,reverse-output\gacha-static\ui-prefab-export\HeroRecruitView\by_type\MonoBehaviour\MonoBehaviour_-5128158722053033870.bin,raw
files\yoo\Default\BundleFiles\7f\7f985e1dae908dae92d5f38cbc8a5b82\__data,RectTransform,RectTransform_-5123884317000126350,-5123884317000126350,reverse-output\gacha-static\ui-prefab-export\HeroRecruitView\by_type\RectTransform\RectTransform_-5123884317000126350.bin,raw
files\yoo\Default\BundleFiles\7f\7f985e1dae908dae92d5f38cbc8a5b82\__data,MonoBehaviour,MonoBehaviour_-5119407739837534094,-5119407739837534094,reverse-output\gacha-static\ui-prefab-export\HeroRecruitView\by_type\MonoBehaviour\MonoBehaviour_-5119407739837534094.bin,raw
files\yoo\Default\BundleFiles\7f\7f985e1dae908dae92d5f38cbc8a5b82\__data,GameObject,ring_rotation1,-5090947077674225550,reverse-output\gacha-static\ui-prefab-export\HeroRecruitView\by_type\GameObject\ring_rotation1.bin,raw
files\yoo\Default\BundleFiles\7f\7f985e1dae908dae92d5f38cbc8a5b82\__data,RectTransform,RectTransform_-5048148490236055438,-5048148490236055438,reverse-output\gacha-static\ui-prefab-export\HeroRecruitView\by_type\RectTransform\RectTransform_-5048148490236055438.bin,raw
files\yoo\Default\BundleFiles\7f\7f985e1dae908dae92d5f38cbc8a5b82\__data,GameObject,ImgFrame_blue_r,-5025182553749245838,reverse-output\gacha-static\ui-prefab-export\HeroRecruitView\by_type\GameObject\ImgFrame_blue_r.bin,raw
files\yoo\Default\BundleFiles\7f\7f985e1dae908dae92d5f38cbc8a5b82\__data,MonoBehaviour,MonoBehaviour_-5022635096073555854,-5022635096073555854,reverse-output\gacha-static\ui-prefab-export\HeroRecruitView\by_type\MonoBehaviour\MonoBehaviour_-5022635096073555854.bin,raw
files\yoo\Default\BundleFiles\7f\7f985e1dae908dae92d5f38cbc8a5b82\__data,MonoBehaviour,MonoBehaviour_-4982794049056722830,-4982794049056722830,reverse-output\gacha-static\ui-prefab-export\HeroRecruitView\by_type\MonoBehaviour\MonoBehaviour_-4982794049056722830.bin,raw
files\yoo\Default\BundleFiles\7f\7f985e1dae908dae92d5f38cbc8a5b82\__data,MonoBehaviour,MonoBehaviour_-4905227485898592142,-4905227485898592142,reverse-output\gacha-static\ui-prefab-export\HeroRecruitView\by_type\MonoBehaviour\MonoBehaviour_-4905227485898592142.bin,raw
files\yoo\Default\BundleFiles\7f\7f985e1dae908dae92d5f38cbc8a5b82\__data,GameObject,@fx_HeroRecruitView_02,-4888438364988493710,reverse-output\gacha-static\ui-prefab-export\HeroRecruitView\by_type\GameObject\@fx_HeroRecruitView_02.bin,raw
files\yoo\Default\BundleFiles\7f\7f985e1dae908dae92d5f38cbc8a5b82\__data,GameObject,ring_rotation2,-4862122625116721038,reverse-output\gacha-static\ui-prefab-export\HeroRecruitView\by_type\GameObject\ring_rotation2_2.bin,raw
files\yoo\Default\BundleFiles\7f\7f985e1dae908dae92d5f38cbc8a5b82\__data,GameObject,txtName,-4808509566424502158,reverse-output\gacha-static\ui-prefab-export\HeroRecruitView\by_type\GameObject\txtName.bin,raw
files\yoo\Default\BundleFiles\7f\7f985e1dae908dae92d5f38cbc8a5b82\__data,RectTransform,RectTransform_-4765956474437357454,-4765956474437357454,reverse-output\gacha-static\ui-prefab-export\HeroRecruitView\by_type\RectTransform\RectTransform_-4765956474437357454.bin,raw
files\yoo\Default\BundleFiles\7f\7f985e1dae908dae92d5f38cbc8a5b82\__data,GameObject,ring_right,-4739088387310866318,reverse-output\gacha-static\ui-prefab-export\HeroRecruitView\by_type\GameObject\ring_right_1.bin,raw
files\yoo\Default\BundleFiles\7f\7f985e1dae908dae92d5f38cbc8a5b82\__data,RectTransform,RectTransform_-4732715502557646734,-4732715502557646734,reverse-output\gacha-static\ui-prefab-export\HeroRecruitView\by_type\RectTransform\RectTransform_-4732715502557646734.bin,raw
files\yoo\Default\BundleFiles\7f\7f985e1dae908dae92d5f38cbc8a5b82\__data,MonoBehaviour,MonoBehaviour_-4718250192686862222,-4718250192686862222,reverse-output\gacha-static\ui-prefab-export\HeroRecruitView\by_type\MonoBehaviour\MonoBehaviour_-4718250192686862222.bin,raw
files\yoo\Default\BundleFiles\7f\7f985e1dae908dae92d5f38cbc8a5b82\__data,MonoBehaviour,MonoBehaviour_-4715232909734367118,-4715232909734367118,reverse-output\gacha-static\ui-prefab-export\HeroRecruitView\by_type\MonoBehaviour\MonoBehaviour_-4715232909734367118.bin,raw
files\yoo\Default\BundleFiles\7f\7f985e1dae908dae92d5f38cbc8a5b82\__data,GameObject,vfx,-4695579302554423182,reverse-output\gacha-static\ui-prefab-export\HeroRecruitView\by_type\GameObject\vfx.bin,raw
files\yoo\Default\BundleFiles\7f\7f985e1dae908dae92d5f38cbc8a5b82\__data,MonoBehaviour,MonoBehaviour_-4636684518954618766,-4636684518954618766,reverse-output\gacha-static\ui-prefab-export\HeroRecruitView\by_type\MonoBehaviour\MonoBehaviour_-4636684518954618766.bin,raw
files\yoo\Default\BundleFiles\7f\7f985e1dae908dae92d5f38cbc8a5b82\__data,GameObject,lottery_img_34d,-4612024154787270542,reverse-output\gacha-static\ui-prefab-export\HeroRecruitView\by_type\GameObject\lottery_img_34d_3.bin,raw
files\yoo\Default\BundleFiles\7f\7f985e1dae908dae92d5f38cbc8a5b82\__data,RectTransform,RectTransform_-4611706639362609038,-4611706639362609038,reverse-output\gacha-static\ui-prefab-export\HeroRecruitView\by_type\RectTransform\RectTransform_-4611706639362609038.bin,raw
files\yoo\Default\BundleFiles\7f\7f985e1dae908dae92d5f38cbc8a5b82\__data,MonoBehaviour,MonoBehaviour_-4601165547710304142,-4601165547710304142,reverse-output\gacha-static\ui-prefab-export\HeroRecruitView\by_type\MonoBehaviour\MonoBehaviour_-4601165547710304142.bin,raw
files\yoo\Default\BundleFiles\7f\7f985e1dae908dae92d5f38cbc8a5b82\__data,MonoBehaviour,MonoBehaviour_-4536027471428964238,-4536027471428964238,reverse-output\gacha-static\ui-prefab-export\HeroRecruitView\by_type\MonoBehaviour\MonoBehaviour_-4536027471428964238.bin,raw
files\yoo\Default\BundleFiles\7f\7f985e1dae908dae92d5f38cbc8a5b82\__data,MonoBehaviour,MonoBehaviour_-4522641309436661646,-4522641309436661646,reverse-output\gacha-static\ui-prefab-export\HeroRecruitView\by_type\MonoBehaviour\MonoBehaviour_-4522641309436661646.bin,raw
files\yoo\Default\BundleFiles\7f\7f985e1dae908dae92d5f38cbc8a5b82\__data,MonoBehaviour,MonoBehaviour_-4488825536685526926,-4488825536685526926,reverse-output\gacha-static\ui-prefab-export\HeroRecruitView\by_type\MonoBehaviour\MonoBehaviour_-4488825536685526926.bin,raw
files\yoo\Default\BundleFiles\7f\7f985e1dae908dae92d5f38cbc8a5b82\__data,GameObject,caiguang2,-4486377639784075150,reverse-output\gacha-static\ui-prefab-export\HeroRecruitView\by_type\GameObject\caiguang2.bin,raw
files\yoo\Default\BundleFiles\7f\7f985e1dae908dae92d5f38cbc8a5b82\__data,RectTransform,RectTransform_-4450406547500879758,-4450406547500879758,reverse-output\gacha-static\ui-prefab-export\HeroRecruitView\by_type\RectTransform\RectTransform_-4450406547500879758.bin,raw
files\yoo\Default\BundleFiles\7f\7f985e1dae908dae92d5f38cbc8a5b82\__data,GameObject,ImgFrame_yellow_r,-4434188479629479822,reverse-output\gacha-static\ui-prefab-export\HeroRecruitView\by_type\GameObject\ImgFrame_yellow_r.bin,raw
files\yoo\Default\BundleFiles\7f\7f985e1dae908dae92d5f38cbc8a5b82\__data,GameObject,ring_rotation1,-4360857439917428622,reverse-output\gacha-static\ui-prefab-export\HeroRecruitView\by_type\GameObject\ring_rotation1_1.bin,raw
files\yoo\Default\BundleFiles\7f\7f985e1dae908dae92d5f38cbc8a5b82\__data,GameObject,ring_rotation1,-4346758471936429966,reverse-output\gacha-static\ui-prefab-export\HeroRecruitView\by_type\GameObject\ring_rotation1_2.bin,raw
files\yoo\Default\BundleFiles\7f\7f985e1dae908dae92d5f38cbc8a5b82\__data,GameObject,@imgBg_purple,-4312683121911582606,reverse-output\gacha-static\ui-prefab-export\HeroRecruitView\by_type\GameObject\@imgBg_purple.bin,raw
files\yoo\Default\BundleFiles\7f\7f985e1dae908dae92d5f38cbc8a5b82\__data,GameObject,caiguang2 (1),-4289439436997316494,reverse-output\gacha-static\ui-prefab-export\HeroRecruitView\by_type\GameObject\caiguang2 (1)_1.bin,raw
files\yoo\Default\BundleFiles\7f\7f985e1dae908dae92d5f38cbc8a5b82\__data,GameObject,irole,-4281006822880366478,reverse-output\gacha-static\ui-prefab-export\HeroRecruitView\by_type\GameObject\irole.bin,raw
files\yoo\Default\BundleFiles\7f\7f985e1dae908dae92d5f38cbc8a5b82\__data,MonoBehaviour,MonoBehaviour_-4209878195552636814,-4209878195552636814,reverse-output\gacha-static\ui-prefab-export\HeroRecruitView\by_type\MonoBehaviour\MonoBehaviour_-4209878195552636814.bin,raw
files\yoo\Default\BundleFiles\7f\7f985e1dae908dae92d5f38cbc8a5b82\__data,RectTransform,RectTransform_-4195868344830119822,-4195868344830119822,reverse-output\gacha-static\ui-prefab-export\HeroRecruitView\by_type\RectTransform\RectTransform_-4195868344830119822.bin,raw
files\yoo\Default\BundleFiles\7f\7f985e1dae908dae92d5f38cbc8a5b82\__data,RectTransform,RectTransform_-4171393631361879950,-4171393631361879950,reverse-output\gacha-static\ui-prefab-export\HeroRecruitView\by_type\RectTransform\RectTransform_-4171393631361879950.bin,raw
files\yoo\Default\BundleFiles\7f\7f985e1dae908dae92d5f38cbc8a5b82\__data,MonoBehaviour,MonoBehaviour_-4101080549353770894,-4101080549353770894,reverse-output\gacha-static\ui-prefab-export\HeroRecruitView\by_type\MonoBehaviour\MonoBehaviour_-4101080549353770894.bin,raw
files\yoo\Default\BundleFiles\7f\7f985e1dae908dae92d5f38cbc8a5b82\__data,GameObject,lottery_img_35d,-4073489850117509006,reverse-output\gacha-static\ui-prefab-export\HeroRecruitView\by_type\GameObject\lottery_img_35d_2.bin,raw
files\yoo\Default\BundleFiles\7f\7f985e1dae908dae92d5f38cbc8a5b82\__data,RectTransform,RectTransform_-4040585587333779342,-4040585587333779342,reverse-output\gacha-static\ui-prefab-export\HeroRecruitView\by_type\RectTransform\RectTransform_-4040585587333779342.bin,raw
files\yoo\Default\BundleFiles\7f\7f985e1dae908dae92d5f38cbc8a5b82\__data,MonoBehaviour,MonoBehaviour_-4018846395096354702,-4018846395096354702,reverse-output\gacha-static\ui-prefab-export\HeroRecruitView\by_type\MonoBehaviour\MonoBehaviour_-4018846395096354702.bin,raw
files\yoo\Default\BundleFiles\7f\7f985e1dae908dae92d5f38cbc8a5b82\__data,GameObject,lottery_img_37d,-3976506705510125454,reverse-output\gacha-static\ui-prefab-export\HeroRecruitView\by_type\GameObject\lottery_img_37d_1.bin,raw
files\yoo\Default\BundleFiles\7f\7f985e1dae908dae92d5f38cbc8a5b82\__data,GameObject,ring_rotation,-3951092139614523278,reverse-output\gacha-static\ui-prefab-export\HeroRecruitView\by_type\GameObject\ring_rotation_5.bin,raw
files\yoo\Default\BundleFiles\7f\7f985e1dae908dae92d5f38cbc8a5b82\__data,MonoBehaviour,MonoBehaviour_-3936156126696034190,-3936156126696034190,reverse-output\gacha-static\ui-prefab-export\HeroRecruitView\by_type\MonoBehaviour\MonoBehaviour_-3936156126696034190.bin,raw
files\yoo\Default\BundleFiles\7f\7f985e1dae908dae92d5f38cbc8a5b82\__data,RectTransform,RectTransform_-3814518934274756494,-3814518934274756494,reverse-output\gacha-static\ui-prefab-export\HeroRecruitView\by_type\RectTransform\RectTransform_-3814518934274756494.bin,raw
files\yoo\Default\BundleFiles\7f\7f985e1dae908dae92d5f38cbc8a5b82\__data,MonoBehaviour,MonoBehaviour_-3758251196561149838,-3758251196561149838,reverse-output\gacha-static\ui-prefab-export\HeroRecruitView\by_type\MonoBehaviour\MonoBehaviour_-3758251196561149838.bin,raw
files\yoo\Default\BundleFiles\7f\7f985e1dae908dae92d5f38cbc8a5b82\__data,RectTransform,RectTransform_-3756944754788323214,-3756944754788323214,reverse-output\gacha-static\ui-prefab-export\HeroRecruitView\by_type\RectTransform\RectTransform_-3756944754788323214.bin,raw
files\yoo\Default\BundleFiles\7f\7f985e1dae908dae92d5f38cbc8a5b82\__data,RectTransform,RectTransform_-3734649723565100942,-3734649723565100942,reverse-output\gacha-static\ui-prefab-export\HeroRecruitView\by_type\RectTransform\RectTransform_-3734649723565100942.bin,raw
files\yoo\Default\BundleFiles\7f\7f985e1dae908dae92d5f38cbc8a5b82\__data,RectTransform,RectTransform_-3620236178451320718,-3620236178451320718,reverse-output\gacha-static\ui-prefab-export\HeroRecruitView\by_type\RectTransform\RectTransform_-3620236178451320718.bin,raw
files\yoo\Default\BundleFiles\7f\7f985e1dae908dae92d5f38cbc8a5b82\__data,RectTransform,RectTransform_-3601251961921130382,-3601251961921130382,reverse-output\gacha-static\ui-prefab-export\HeroRecruitView\by_type\RectTransform\RectTransform_-3601251961921130382.bin,raw
files\yoo\Default\BundleFiles\7f\7f985e1dae908dae92d5f38cbc8a5b82\__data,MonoBehaviour,MonoBehaviour_-3567191509214744462,-3567191509214744462,reverse-output\gacha-static\ui-prefab-export\HeroRecruitView\by_type\MonoBehaviour\MonoBehaviour_-3567191509214744462.bin,raw
files\yoo\Default\BundleFiles\7f\7f985e1dae908dae92d5f38cbc8a5b82\__data,RectTransform,RectTransform_-3555028581884350350,-3555028581884350350,reverse-output\gacha-static\ui-prefab-export\HeroRecruitView\by_type\RectTransform\RectTransform_-3555028581884350350.bin,raw
files\yoo\Default\BundleFiles\7f\7f985e1dae908dae92d5f38cbc8a5b82\__data,MonoBehaviour,MonoBehaviour_-3468656036478635918,-3468656036478635918,reverse-output\gacha-static\ui-prefab-export\HeroRecruitView\by_type\MonoBehaviour\MonoBehaviour_-3468656036478635918.bin,raw
files\yoo\Default\BundleFiles\7f\7f985e1dae908dae92d5f38cbc8a5b82\__data,MonoBehaviour,MonoBehaviour_-3457757292603625358,-3457757292603625358,reverse-output\gacha-static\ui-prefab-export\HeroRecruitView\by_type\MonoBehaviour\MonoBehaviour_-3457757292603625358.bin,raw
files\yoo\Default\BundleFiles\7f\7f985e1dae908dae92d5f38cbc8a5b82\__data,RectTransform,RectTransform_-3453297244462239630,-3453297244462239630,reverse-output\gacha-static\ui-prefab-export\HeroRecruitView\by_type\RectTransform\RectTransform_-3453297244462239630.bin,raw
files\yoo\Default\BundleFiles\7f\7f985e1dae908dae92d5f38cbc8a5b82\__data,MonoBehaviour,MonoBehaviour_-3393536894641622926,-3393536894641622926,reverse-output\gacha-static\ui-prefab-export\HeroRecruitView\by_type\MonoBehaviour\MonoBehaviour_-3393536894641622926.bin,raw
files\yoo\Default\BundleFiles\7f\7f985e1dae908dae92d5f38cbc8a5b82\__data,MonoBehaviour,MonoBehaviour_-3369330252183752590,-3369330252183752590,reverse-output\gacha-static\ui-prefab-export\HeroRecruitView\by_type\MonoBehaviour\MonoBehaviour_-3369330252183752590.bin,raw
files\yoo\Default\BundleFiles\7f\7f985e1dae908dae92d5f38cbc8a5b82\__data,GameObject,spBg,-3356792978405379982,reverse-output\gacha-static\ui-prefab-export\HeroRecruitView\by_type\GameObject\spBg.bin,raw
files\yoo\Default\BundleFiles\7f\7f985e1dae908dae92d5f38cbc8a5b82\__data,MonoBehaviour,MonoBehaviour_-3291595789027233678,-3291595789027233678,reverse-output\gacha-static\ui-prefab-export\HeroRecruitView\by_type\MonoBehaviour\MonoBehaviour_-3291595789027233678.bin,raw
files\yoo\Default\BundleFiles\7f\7f985e1dae908dae92d5f38cbc8a5b82\__data,RectTransform,RectTransform_-3260428753119399822,-3260428753119399822,reverse-output\gacha-static\ui-prefab-export\HeroRecruitView\by_type\RectTransform\RectTransform_-3260428753119399822.bin,raw
files\yoo\Default\BundleFiles\7f\7f985e1dae908dae92d5f38cbc8a5b82\__data,GameObject,ImgFrame_yellow_l,-3256508583820775310,reverse-output\gacha-static\ui-prefab-export\HeroRecruitView\by_type\GameObject\ImgFrame_yellow_l.bin,raw
files\yoo\Default\BundleFiles\7f\7f985e1dae908dae92d5f38cbc8a5b82\__data,GameObject,ring_right,-3062370358462369678,reverse-output\gacha-static\ui-prefab-export\HeroRecruitView\by_type\GameObject\ring_right_2.bin,raw
files\yoo\Default\BundleFiles\7f\7f985e1dae908dae92d5f38cbc8a5b82\__data,RectTransform,RectTransform_-3059772991302586254,-3059772991302586254,reverse-output\gacha-static\ui-prefab-export\HeroRecruitView\by_type\RectTransform\RectTransform_-3059772991302586254.bin,raw
files\yoo\Default\BundleFiles\7f\7f985e1dae908dae92d5f38cbc8a5b82\__data,GameObject,imgOccupation,-3003450541854085006,reverse-output\gacha-static\ui-prefab-export\HeroRecruitView\by_type\GameObject\imgOccupation.bin,raw
files\yoo\Default\BundleFiles\7f\7f985e1dae908dae92d5f38cbc8a5b82\__data,GameObject,lottery_img_35b,-2942587292575911822,reverse-output\gacha-static\ui-prefab-export\HeroRecruitView\by_type\GameObject\lottery_img_35b.bin,raw
files\yoo\Default\BundleFiles\7f\7f985e1dae908dae92d5f38cbc8a5b82\__data,RectTransform,RectTransform_-2925660114253762446,-2925660114253762446,reverse-output\gacha-static\ui-prefab-export\HeroRecruitView\by_type\RectTransform\RectTransform_-2925660114253762446.bin,raw
files\yoo\Default\BundleFiles\7f\7f985e1dae908dae92d5f38cbc8a5b82\__data,RectTransform,RectTransform_-2853325894859018126,-2853325894859018126,reverse-output\gacha-static\ui-prefab-export\HeroRecruitView\by_type\RectTransform\RectTransform_-2853325894859018126.bin,raw
files\yoo\Default\BundleFiles\7f\7f985e1dae908dae92d5f38cbc8a5b82\__data,GameObject,lottery_img_33a,-2808709306807865230,reverse-output\gacha-static\ui-prefab-export\HeroRecruitView\by_type\GameObject\lottery_img_33a.bin,raw
files\yoo\Default\BundleFiles\7f\7f985e1dae908dae92d5f38cbc8a5b82\__data,RectTransform,RectTransform_-2806348932103524238,-2806348932103524238,reverse-output\gacha-static\ui-prefab-export\HeroRecruitView\by_type\RectTransform\RectTransform_-2806348932103524238.bin,raw
files\yoo\Default\BundleFiles\7f\7f985e1dae908dae92d5f38cbc8a5b82\__data,MonoBehaviour,MonoBehaviour_-2779740216059088782,-2779740216059088782,reverse-output\gacha-static\ui-prefab-export\HeroRecruitView\by_type\MonoBehaviour\MonoBehaviour_-2779740216059088782.bin,raw
files\yoo\Default\BundleFiles\7f\7f985e1dae908dae92d5f38cbc8a5b82\__data,MonoBehaviour,MonoBehaviour_-2697109948082212750,-2697109948082212750,reverse-output\gacha-static\ui-prefab-export\HeroRecruitView\by_type\MonoBehaviour\MonoBehaviour_-2697109948082212750.bin,raw
files\yoo\Default\BundleFiles\7f\7f985e1dae908dae92d5f38cbc8a5b82\__data,MonoBehaviour,MonoBehaviour_-2679633042616536974,-2679633042616536974,reverse-output\gacha-static\ui-prefab-export\HeroRecruitView\by_type\MonoBehaviour\MonoBehaviour_-2679633042616536974.bin,raw
files\yoo\Default\BundleFiles\7f\7f985e1dae908dae92d5f38cbc8a5b82\__data,RectTransform,RectTransform_-2654660993726533518,-2654660993726533518,reverse-output\gacha-static\ui-prefab-export\HeroRecruitView\by_type\RectTransform\RectTransform_-2654660993726533518.bin,raw
files\yoo\Default\BundleFiles\7f\7f985e1dae908dae92d5f38cbc8a5b82\__data,RectTransform,RectTransform_-2592623909118726030,-2592623909118726030,reverse-output\gacha-static\ui-prefab-export\HeroRecruitView\by_type\RectTransform\RectTransform_-2592623909118726030.bin,raw
files\yoo\Default\BundleFiles\7f\7f985e1dae908dae92d5f38cbc8a5b82\__data,RectTransform,RectTransform_-2587621448255131534,-2587621448255131534,reverse-output\gacha-static\ui-prefab-export\HeroRecruitView\by_type\RectTransform\RectTransform_-2587621448255131534.bin,raw
files\yoo\Default\BundleFiles\7f\7f985e1dae908dae92d5f38cbc8a5b82\__data,MonoBehaviour,MonoBehaviour_-2543326371382022030,-2543326371382022030,reverse-output\gacha-static\ui-prefab-export\HeroRecruitView\by_type\MonoBehaviour\MonoBehaviour_-2543326371382022030.bin,raw
files\yoo\Default\BundleFiles\7f\7f985e1dae908dae92d5f38cbc8a5b82\__data,RectTransform,RectTransform_-2536223502920241038,-2536223502920241038,reverse-output\gacha-static\ui-prefab-export\HeroRecruitView\by_type\RectTransform\RectTransform_-2536223502920241038.bin,raw
files\yoo\Default\BundleFiles\7f\7f985e1dae908dae92d5f38cbc8a5b82\__data,GameObject,pnlVideo,-2485539382178008974,reverse-output\gacha-static\ui-prefab-export\HeroRecruitView\by_type\GameObject\pnlVideo.bin,raw
files\yoo\Default\BundleFiles\7f\7f985e1dae908dae92d5f38cbc8a5b82\__data,RectTransform,RectTransform_-2469381561693753230,-2469381561693753230,reverse-output\gacha-static\ui-prefab-export\HeroRecruitView\by_type\RectTransform\RectTransform_-2469381561693753230.bin,raw
files\yoo\Default\BundleFiles\7f\7f985e1dae908dae92d5f38cbc8a5b82\__data,MonoBehaviour,MonoBehaviour_-2427779241537425294,-2427779241537425294,reverse-output\gacha-static\ui-prefab-export\HeroRecruitView\by_type\MonoBehaviour\MonoBehaviour_-2427779241537425294.bin,raw
files\yoo\Default\BundleFiles\7f\7f985e1dae908dae92d5f38cbc8a5b82\__data,GameObject,gyunlizi3,-2404516415018618766,reverse-output\gacha-static\ui-prefab-export\HeroRecruitView\by_type\GameObject\gyunlizi3.bin,raw
files\yoo\Default\BundleFiles\7f\7f985e1dae908dae92d5f38cbc8a5b82\__data,MonoBehaviour,MonoBehaviour_-2376420973595905934,-2376420973595905934,reverse-output\gacha-static\ui-prefab-export\HeroRecruitView\by_type\MonoBehaviour\MonoBehaviour_-2376420973595905934.bin,raw
files\yoo\Default\BundleFiles\7f\7f985e1dae908dae92d5f38cbc8a5b82\__data,MonoBehaviour,MonoBehaviour_-2352384681223638926,-2352384681223638926,reverse-output\gacha-static\ui-prefab-export\HeroRecruitView\by_type\MonoBehaviour\MonoBehaviour_-2352384681223638926.bin,raw
files\yoo\Default\BundleFiles\7f\7f985e1dae908dae92d5f38cbc8a5b82\__data,RectTransform,RectTransform_-2342786071157788558,-2342786071157788558,reverse-output\gacha-static\ui-prefab-export\HeroRecruitView\by_type\RectTransform\RectTransform_-2342786071157788558.bin,raw
files\yoo\Default\BundleFiles\7f\7f985e1dae908dae92d5f38cbc8a5b82\__data,RectTransform,RectTransform_-2315751516244332430,-2315751516244332430,reverse-output\gacha-static\ui-prefab-export\HeroRecruitView\by_type\RectTransform\RectTransform_-2315751516244332430.bin,raw
files\yoo\Default\BundleFiles\7f\7f985e1dae908dae92d5f38cbc8a5b82\__data,GameObject,lottery_img_36d,-2296739013672292238,reverse-output\gacha-static\ui-prefab-export\HeroRecruitView\by_type\GameObject\lottery_img_36d_1.bin,raw
files\yoo\Default\BundleFiles\7f\7f985e1dae908dae92d5f38cbc8a5b82\__data,MonoBehaviour,MonoBehaviour_-2285317614854918030,-2285317614854918030,reverse-output\gacha-static\ui-prefab-export\HeroRecruitView\by_type\MonoBehaviour\MonoBehaviour_-2285317614854918030.bin,raw
files\yoo\Default\BundleFiles\7f\7f985e1dae908dae92d5f38cbc8a5b82\__data,MonoBehaviour,MonoBehaviour_-2273431450420694926,-2273431450420694926,reverse-output\gacha-static\ui-prefab-export\HeroRecruitView\by_type\MonoBehaviour\MonoBehaviour_-2273431450420694926.bin,raw
files\yoo\Default\BundleFiles\7f\7f985e1dae908dae92d5f38cbc8a5b82\__data,RectTransform,RectTransform_-2266006005688160142,-2266006005688160142,reverse-output\gacha-static\ui-prefab-export\HeroRecruitView\by_type\RectTransform\RectTransform_-2266006005688160142.bin,raw
files\yoo\Default\BundleFiles\7f\7f985e1dae908dae92d5f38cbc8a5b82\__data,RectTransform,RectTransform_-2253760432505147278,-2253760432505147278,reverse-output\gacha-static\ui-prefab-export\HeroRecruitView\by_type\RectTransform\RectTransform_-2253760432505147278.bin,raw
files\yoo\Default\BundleFiles\7f\7f985e1dae908dae92d5f38cbc8a5b82\__data,GameObject,@ImgFrame_red,-2246564219620872078,reverse-output\gacha-static\ui-prefab-export\HeroRecruitView\by_type\GameObject\@ImgFrame_red.bin,raw
files\yoo\Default\BundleFiles\7f\7f985e1dae908dae92d5f38cbc8a5b82\__data,RectTransform,RectTransform_-2239085991521537934,-2239085991521537934,reverse-output\gacha-static\ui-prefab-export\HeroRecruitView\by_type\RectTransform\RectTransform_-2239085991521537934.bin,raw
files\yoo\Default\BundleFiles\7f\7f985e1dae908dae92d5f38cbc8a5b82\__data,MonoBehaviour,MonoBehaviour_-2195692241711648654,-2195692241711648654,reverse-output\gacha-static\ui-prefab-export\HeroRecruitView\by_type\MonoBehaviour\MonoBehaviour_-2195692241711648654.bin,raw
files\yoo\Default\BundleFiles\7f\7f985e1dae908dae92d5f38cbc8a5b82\__data,RectTransform,RectTransform_-2185798729351024526,-2185798729351024526,reverse-output\gacha-static\ui-prefab-export\HeroRecruitView\by_type\RectTransform\RectTransform_-2185798729351024526.bin,raw
files\yoo\Default\BundleFiles\7f\7f985e1dae908dae92d5f38cbc8a5b82\__data,GameObject,vfx,-2163737729921896334,reverse-output\gacha-static\ui-prefab-export\HeroRecruitView\by_type\GameObject\vfx_1.bin,raw
files\yoo\Default\BundleFiles\7f\7f985e1dae908dae92d5f38cbc8a5b82\__data,MonoBehaviour,MonoBehaviour_-2127653467800129422,-2127653467800129422,reverse-output\gacha-static\ui-prefab-export\HeroRecruitView\by_type\MonoBehaviour\MonoBehaviour_-2127653467800129422.bin,raw
files\yoo\Default\BundleFiles\7f\7f985e1dae908dae92d5f38cbc8a5b82\__data,RectTransform,RectTransform_-2106261511269568398,-2106261511269568398,reverse-output\gacha-static\ui-prefab-export\HeroRecruitView\by_type\RectTransform\RectTransform_-2106261511269568398.bin,raw
files\yoo\Default\BundleFiles\7f\7f985e1dae908dae92d5f38cbc8a5b82\__data,GameObject,ring_right,-2097887926093467534,reverse-output\gacha-static\ui-prefab-export\HeroRecruitView\by_type\GameObject\ring_right_3.bin,raw
files\yoo\Default\BundleFiles\7f\7f985e1dae908dae92d5f38cbc8a5b82\__data,GameObject,ring_top,-2029778748235239310,reverse-output\gacha-static\ui-prefab-export\HeroRecruitView\by_type\GameObject\ring_top.bin,raw
files\yoo\Default\BundleFiles\7f\7f985e1dae908dae92d5f38cbc8a5b82\__data,MonoBehaviour,MonoBehaviour_-2008746776379051918,-2008746776379051918,reverse-output\gacha-static\ui-prefab-export\HeroRecruitView\by_type\MonoBehaviour\MonoBehaviour_-2008746776379051918.bin,raw
files\yoo\Default\BundleFiles\7f\7f985e1dae908dae92d5f38cbc8a5b82\__data,RectTransform,RectTransform_-2002717240429891470,-2002717240429891470,reverse-output\gacha-static\ui-prefab-export\HeroRecruitView\by_type\RectTransform\RectTransform_-2002717240429891470.bin,raw
files\yoo\Default\BundleFiles\7f\7f985e1dae908dae92d5f38cbc8a5b82\__data,MonoBehaviour,MonoBehaviour_-1999475148244701070,-1999475148244701070,reverse-output\gacha-static\ui-prefab-export\HeroRecruitView\by_type\MonoBehaviour\MonoBehaviour_-1999475148244701070.bin,raw
files\yoo\Default\BundleFiles\7f\7f985e1dae908dae92d5f38cbc8a5b82\__data,GameObject,ImgFrame_purple_l,-1992261058953400206,reverse-output\gacha-static\ui-prefab-export\HeroRecruitView\by_type\GameObject\ImgFrame_purple_l.bin,raw
files\yoo\Default\BundleFiles\7f\7f985e1dae908dae92d5f38cbc8a5b82\__data,GameObject,lottery_img_34d,-1967302891075456910,reverse-output\gacha-static\ui-prefab-export\HeroRecruitView\by_type\GameObject\lottery_img_34d_4.bin,raw
files\yoo\Default\BundleFiles\7f\7f985e1dae908dae92d5f38cbc8a5b82\__data,GameObject,lottery_img_35d,-1966368555855892366,reverse-output\gacha-static\ui-prefab-export\HeroRecruitView\by_type\GameObject\lottery_img_35d_3.bin,raw
files\yoo\Default\BundleFiles\7f\7f985e1dae908dae92d5f38cbc8a5b82\__data,GameObject,lottery_img_36a,-1892121042866392974,reverse-output\gacha-static\ui-prefab-export\HeroRecruitView\by_type\GameObject\lottery_img_36a.bin,raw
files\yoo\Default\BundleFiles\7f\7f985e1dae908dae92d5f38cbc8a5b82\__data,GameObject,ring_rotation2,-1857247681373065102,reverse-output\gacha-static\ui-prefab-export\HeroRecruitView\by_type\GameObject\ring_rotation2_3.bin,raw
files\yoo\Default\BundleFiles\7f\7f985e1dae908dae92d5f38cbc8a5b82\__data,RectTransform,RectTransform_-1836304013840076686,-1836304013840076686,reverse-output\gacha-static\ui-prefab-export\HeroRecruitView\by_type\RectTransform\RectTransform_-1836304013840076686.bin,raw
files\yoo\Default\BundleFiles\7f\7f985e1dae908dae92d5f38cbc8a5b82\__data,RectTransform,RectTransform_-1713546050364559246,-1713546050364559246,reverse-output\gacha-static\ui-prefab-export\HeroRecruitView\by_type\RectTransform\RectTransform_-1713546050364559246.bin,raw
files\yoo\Default\BundleFiles\7f\7f985e1dae908dae92d5f38cbc8a5b82\__data,MonoBehaviour,MonoBehaviour_-1663438772302368654,-1663438772302368654,reverse-output\gacha-static\ui-prefab-export\HeroRecruitView\by_type\MonoBehaviour\MonoBehaviour_-1663438772302368654.bin,raw
files\yoo\Default\BundleFiles\7f\7f985e1dae908dae92d5f38cbc8a5b82\__data,RectTransform,RectTransform_-1655178120575766414,-1655178120575766414,reverse-output\gacha-static\ui-prefab-export\HeroRecruitView\by_type\RectTransform\RectTransform_-1655178120575766414.bin,raw
files\yoo\Default\BundleFiles\7f\7f985e1dae908dae92d5f38cbc8a5b82\__data,MonoBehaviour,MonoBehaviour_-1631912465749036942,-1631912465749036942,reverse-output\gacha-static\ui-prefab-export\HeroRecruitView\by_type\MonoBehaviour\MonoBehaviour_-1631912465749036942.bin,raw
files\yoo\Default\BundleFiles\7f\7f985e1dae908dae92d5f38cbc8a5b82\__data,RectTransform,RectTransform_-1599776147037278094,-1599776147037278094,reverse-output\gacha-static\ui-prefab-export\HeroRecruitView\by_type\RectTransform\RectTransform_-1599776147037278094.bin,raw
files\yoo\Default\BundleFiles\7f\7f985e1dae908dae92d5f38cbc8a5b82\__data,GameObject,ring_rotation2,-1541075383769878414,reverse-output\gacha-static\ui-prefab-export\HeroRecruitView\by_type\GameObject\ring_rotation2_4.bin,raw
files\yoo\Default\BundleFiles\7f\7f985e1dae908dae92d5f38cbc8a5b82\__data,RectTransform,RectTransform_-1526214267646955406,-1526214267646955406,reverse-output\gacha-static\ui-prefab-export\HeroRecruitView\by_type\RectTransform\RectTransform_-1526214267646955406.bin,raw
files\yoo\Default\BundleFiles\7f\7f985e1dae908dae92d5f38cbc8a5b82\__data,GameObject,ring_rotation2,-1504399039016849294,reverse-output\gacha-static\ui-prefab-export\HeroRecruitView\by_type\GameObject\ring_rotation2_5.bin,raw
files\yoo\Default\BundleFiles\7f\7f985e1dae908dae92d5f38cbc8a5b82\__data,RectTransform,RectTransform_-1472977943952674702,-1472977943952674702,reverse-output\gacha-static\ui-prefab-export\HeroRecruitView\by_type\RectTransform\RectTransform_-1472977943952674702.bin,raw
files\yoo\Default\BundleFiles\7f\7f985e1dae908dae92d5f38cbc8a5b82\__data,MonoBehaviour,MonoBehaviour_-1465938091374399374,-1465938091374399374,reverse-output\gacha-static\ui-prefab-export\HeroRecruitView\by_type\MonoBehaviour\MonoBehaviour_-1465938091374399374.bin,raw
files\yoo\Default\BundleFiles\7f\7f985e1dae908dae92d5f38cbc8a5b82\__data,GameObject,imgNew,-1455252819246894990,reverse-output\gacha-static\ui-prefab-export\HeroRecruitView\by_type\GameObject\imgNew.bin,raw
files\yoo\Default\BundleFiles\7f\7f985e1dae908dae92d5f38cbc8a5b82\__data,MonoBehaviour,MonoBehaviour_-1454343945403551630,-1454343945403551630,reverse-output\gacha-static\ui-prefab-export\HeroRecruitView\by_type\MonoBehaviour\MonoBehaviour_-1454343945403551630.bin,raw
files\yoo\Default\BundleFiles\7f\7f985e1dae908dae92d5f38cbc8a5b82\__data,MonoBehaviour,MonoBehaviour_-1444191418839650190,-1444191418839650190,reverse-output\gacha-static\ui-prefab-export\HeroRecruitView\by_type\MonoBehaviour\MonoBehaviour_-1444191418839650190.bin,raw
files\yoo\Default\BundleFiles\7f\7f985e1dae908dae92d5f38cbc8a5b82\__data,GameObject,ImgFrame_blue_l,-1428805672018104206,reverse-output\gacha-static\ui-prefab-export\HeroRecruitView\by_type\GameObject\ImgFrame_blue_l.bin,raw
files\yoo\Default\BundleFiles\7f\7f985e1dae908dae92d5f38cbc8a5b82\__data,MonoBehaviour,MonoBehaviour_-1428088868964519822,-1428088868964519822,reverse-output\gacha-static\ui-prefab-export\HeroRecruitView\by_type\MonoBehaviour\MonoBehaviour_-1428088868964519822.bin,raw
files\yoo\Default\BundleFiles\7f\7f985e1dae908dae92d5f38cbc8a5b82\__data,GameObject,spHero,-1361226535596969870,reverse-output\gacha-static\ui-prefab-export\HeroRecruitView\by_type\GameObject\spHero.bin,raw
files\yoo\Default\BundleFiles\7f\7f985e1dae908dae92d5f38cbc8a5b82\__data,RectTransform,RectTransform_-1338388210069262222,-1338388210069262222,reverse-output\gacha-static\ui-prefab-export\HeroRecruitView\by_type\RectTransform\RectTransform_-1338388210069262222.bin,raw
files\yoo\Default\BundleFiles\7f\7f985e1dae908dae92d5f38cbc8a5b82\__data,GameObject,lottery_img_37d,-1270274331721977742,reverse-output\gacha-static\ui-prefab-export\HeroRecruitView\by_type\GameObject\lottery_img_37d_2.bin,raw
files\yoo\Default\BundleFiles\7f\7f985e1dae908dae92d5f38cbc8a5b82\__data,MonoBehaviour,MonoBehaviour_-1218817102218252174,-1218817102218252174,reverse-output\gacha-static\ui-prefab-export\HeroRecruitView\by_type\MonoBehaviour\MonoBehaviour_-1218817102218252174.bin,raw
files\yoo\Default\BundleFiles\7f\7f985e1dae908dae92d5f38cbc8a5b82\__data,MonoBehaviour,MonoBehaviour_-1168466037797080974,-1168466037797080974,reverse-output\gacha-static\ui-prefab-export\HeroRecruitView\by_type\MonoBehaviour\MonoBehaviour_-1168466037797080974.bin,raw
files\yoo\Default\BundleFiles\7f\7f985e1dae908dae92d5f38cbc8a5b82\__data,MonoBehaviour,MonoBehaviour_-1139551770858278798,-1139551770858278798,reverse-output\gacha-static\ui-prefab-export\HeroRecruitView\by_type\MonoBehaviour\MonoBehaviour_-1139551770858278798.bin,raw
files\yoo\Default\BundleFiles\7f\7f985e1dae908dae92d5f38cbc8a5b82\__data,RectTransform,RectTransform_-1135367407300562830,-1135367407300562830,reverse-output\gacha-static\ui-prefab-export\HeroRecruitView\by_type\RectTransform\RectTransform_-1135367407300562830.bin,raw
files\yoo\Default\BundleFiles\7f\7f985e1dae908dae92d5f38cbc8a5b82\__data,GameObject,glow,-1088697658744426382,reverse-output\gacha-static\ui-prefab-export\HeroRecruitView\by_type\GameObject\glow.bin,raw
files\yoo\Default\BundleFiles\7f\7f985e1dae908dae92d5f38cbc8a5b82\__data,MonoBehaviour,MonoBehaviour_-1085153516669030286,-1085153516669030286,reverse-output\gacha-static\ui-prefab-export\HeroRecruitView\by_type\MonoBehaviour\MonoBehaviour_-1085153516669030286.bin,raw
files\yoo\Default\BundleFiles\7f\7f985e1dae908dae92d5f38cbc8a5b82\__data,RectTransform,RectTransform_-1060837870212665230,-1060837870212665230,reverse-output\gacha-static\ui-prefab-export\HeroRecruitView\by_type\RectTransform\RectTransform_-1060837870212665230.bin,raw
files\yoo\Default\BundleFiles\7f\7f985e1dae908dae92d5f38cbc8a5b82\__data,MonoBehaviour,MonoBehaviour_-1007577628489404302,-1007577628489404302,reverse-output\gacha-static\ui-prefab-export\HeroRecruitView\by_type\MonoBehaviour\MonoBehaviour_-1007577628489404302.bin,raw
files\yoo\Default\BundleFiles\7f\7f985e1dae908dae92d5f38cbc8a5b82\__data,RectTransform,RectTransform_-998868440686120846,-998868440686120846,reverse-output\gacha-static\ui-prefab-export\HeroRecruitView\by_type\RectTransform\RectTransform_-998868440686120846.bin,raw
files\yoo\Default\BundleFiles\7f\7f985e1dae908dae92d5f38cbc8a5b82\__data,RectTransform,RectTransform_-972295633201844110,-972295633201844110,reverse-output\gacha-static\ui-prefab-export\HeroRecruitView\by_type\RectTransform\RectTransform_-972295633201844110.bin,raw
files\yoo\Default\BundleFiles\7f\7f985e1dae908dae92d5f38cbc8a5b82\__data,MonoBehaviour,MonoBehaviour_-962936239317503886,-962936239317503886,reverse-output\gacha-static\ui-prefab-export\HeroRecruitView\by_type\MonoBehaviour\MonoBehaviour_-962936239317503886.bin,raw
files\yoo\Default\BundleFiles\7f\7f985e1dae908dae92d5f38cbc8a5b82\__data,RectTransform,RectTransform_-959423006403579790,-959423006403579790,reverse-output\gacha-static\ui-prefab-export\HeroRecruitView\by_type\RectTransform\RectTransform_-959423006403579790.bin,raw
files\yoo\Default\BundleFiles\7f\7f985e1dae908dae92d5f38cbc8a5b82\__data,RectTransform,RectTransform_-899819011410612110,-899819011410612110,reverse-output\gacha-static\ui-prefab-export\HeroRecruitView\by_type\RectTransform\RectTransform_-899819011410612110.bin,raw
files\yoo\Default\BundleFiles\7f\7f985e1dae908dae92d5f38cbc8a5b82\__data,GameObject,caiguang2,-867971678570401678,reverse-output\gacha-static\ui-prefab-export\HeroRecruitView\by_type\GameObject\caiguang2_1.bin,raw
files\yoo\Default\BundleFiles\7f\7f985e1dae908dae92d5f38cbc8a5b82\__data,GameObject,ImgFrame_red,-841087749332389774,reverse-output\gacha-static\ui-prefab-export\HeroRecruitView\by_type\GameObject\ImgFrame_red.bin,raw
files\yoo\Default\BundleFiles\7f\7f985e1dae908dae92d5f38cbc8a5b82\__data,RectTransform,RectTransform_-765061983592697742,-765061983592697742,reverse-output\gacha-static\ui-prefab-export\HeroRecruitView\by_type\RectTransform\RectTransform_-765061983592697742.bin,raw
files\yoo\Default\BundleFiles\7f\7f985e1dae908dae92d5f38cbc8a5b82\__data,MonoBehaviour,MonoBehaviour_-724471082997174158,-724471082997174158,reverse-output\gacha-static\ui-prefab-export\HeroRecruitView\by_type\MonoBehaviour\MonoBehaviour_-724471082997174158.bin,raw
files\yoo\Default\BundleFiles\7f\7f985e1dae908dae92d5f38cbc8a5b82\__data,MonoBehaviour,MonoBehaviour_-708568352572755854,-708568352572755854,reverse-output\gacha-static\ui-prefab-export\HeroRecruitView\by_type\MonoBehaviour\MonoBehaviour_-708568352572755854.bin,raw
files\yoo\Default\BundleFiles\7f\7f985e1dae908dae92d5f38cbc8a5b82\__data,RectTransform,RectTransform_-692393102679330702,-692393102679330702,reverse-output\gacha-static\ui-prefab-export\HeroRecruitView\by_type\RectTransform\RectTransform_-692393102679330702.bin,raw
files\yoo\Default\BundleFiles\7f\7f985e1dae908dae92d5f38cbc8a5b82\__data,GameObject,Renderer0,-551930691306770318,reverse-output\gacha-static\ui-prefab-export\HeroRecruitView\by_type\GameObject\Renderer0_1.bin,raw
files\yoo\Default\BundleFiles\7f\7f985e1dae908dae92d5f38cbc8a5b82\__data,RectTransform,RectTransform_-481207662025625486,-481207662025625486,reverse-output\gacha-static\ui-prefab-export\HeroRecruitView\by_type\RectTransform\RectTransform_-481207662025625486.bin,raw
files\yoo\Default\BundleFiles\7f\7f985e1dae908dae92d5f38cbc8a5b82\__data,GameObject,lottery_img_34d,-479382034873569166,reverse-output\gacha-static\ui-prefab-export\HeroRecruitView\by_type\GameObject\lottery_img_34d_5.bin,raw
files\yoo\Default\BundleFiles\7f\7f985e1dae908dae92d5f38cbc8a5b82\__data,MonoBehaviour,MonoBehaviour_-474494355112578958,-474494355112578958,reverse-output\gacha-static\ui-prefab-export\HeroRecruitView\by_type\MonoBehaviour\MonoBehaviour_-474494355112578958.bin,raw
files\yoo\Default\BundleFiles\7f\7f985e1dae908dae92d5f38cbc8a5b82\__data,GameObject,ring_top,-462360655409106830,reverse-output\gacha-static\ui-prefab-export\HeroRecruitView\by_type\GameObject\ring_top_1.bin,raw
files\yoo\Default\BundleFiles\7f\7f985e1dae908dae92d5f38cbc8a5b82\__data,MonoBehaviour,MonoBehaviour_-407481390723223438,-407481390723223438,reverse-output\gacha-static\ui-prefab-export\HeroRecruitView\by_type\MonoBehaviour\MonoBehaviour_-407481390723223438.bin,raw
files\yoo\Default\BundleFiles\7f\7f985e1dae908dae92d5f38cbc8a5b82\__data,MonoBehaviour,MonoBehaviour_-360282487732227982,-360282487732227982,reverse-output\gacha-static\ui-prefab-export\HeroRecruitView\by_type\MonoBehaviour\MonoBehaviour_-360282487732227982.bin,raw
files\yoo\Default\BundleFiles\7f\7f985e1dae908dae92d5f38cbc8a5b82\__data,GameObject,ring_rotation1,-357113126973263758,reverse-output\gacha-static\ui-prefab-export\HeroRecruitView\by_type\GameObject\ring_rotation1_3.bin,raw
files\yoo\Default\BundleFiles\7f\7f985e1dae908dae92d5f38cbc8a5b82\__data,RectTransform,RectTransform_-345688251735330702,-345688251735330702,reverse-output\gacha-static\ui-prefab-export\HeroRecruitView\by_type\RectTransform\RectTransform_-345688251735330702.bin,raw
files\yoo\Default\BundleFiles\7f\7f985e1dae908dae92d5f38cbc8a5b82\__data,MonoBehaviour,MonoBehaviour_-326352655544405902,-326352655544405902,reverse-output\gacha-static\ui-prefab-export\HeroRecruitView\by_type\MonoBehaviour\MonoBehaviour_-326352655544405902.bin,raw
files\yoo\Default\BundleFiles\7f\7f985e1dae908dae92d5f38cbc8a5b82\__data,RectTransform,RectTransform_-311452502196014990,-311452502196014990,reverse-output\gacha-static\ui-prefab-export\HeroRecruitView\by_type\RectTransform\RectTransform_-311452502196014990.bin,raw
files\yoo\Default\BundleFiles\7f\7f985e1dae908dae92d5f38cbc8a5b82\__data,RectTransform,RectTransform_-217551112846430094,-217551112846430094,reverse-output\gacha-static\ui-prefab-export\HeroRecruitView\by_type\RectTransform\RectTransform_-217551112846430094.bin,raw
files\yoo\Default\BundleFiles\7f\7f985e1dae908dae92d5f38cbc8a5b82\__data,RectTransform,RectTransform_-135853083247562638,-135853083247562638,reverse-output\gacha-static\ui-prefab-export\HeroRecruitView\by_type\RectTransform\RectTransform_-135853083247562638.bin,raw
files\yoo\Default\BundleFiles\7f\7f985e1dae908dae92d5f38cbc8a5b82\__data,MonoBehaviour,MonoBehaviour_-114024849033449358,-114024849033449358,reverse-output\gacha-static\ui-prefab-export\HeroRecruitView\by_type\MonoBehaviour\MonoBehaviour_-114024849033449358.bin,raw
files\yoo\Default\BundleFiles\7f\7f985e1dae908dae92d5f38cbc8a5b82\__data,MonoBehaviour,MonoBehaviour_-28871011079475086,-28871011079475086,reverse-output\gacha-static\ui-prefab-export\HeroRecruitView\by_type\MonoBehaviour\MonoBehaviour_-28871011079475086.bin,raw
files\yoo\Default\BundleFiles\7f\7f985e1dae908dae92d5f38cbc8a5b82\__data,MonoBehaviour,MonoBehaviour_-28463126120484750,-28463126120484750,reverse-output\gacha-static\ui-prefab-export\HeroRecruitView\by_type\MonoBehaviour\MonoBehaviour_-28463126120484750.bin,raw
files\yoo\Default\BundleFiles\7f\7f985e1dae908dae92d5f38cbc8a5b82\__data,MonoBehaviour,MonoBehaviour_77356532110536818,77356532110536818,reverse-output\gacha-static\ui-prefab-export\HeroRecruitView\by_type\MonoBehaviour\MonoBehaviour_77356532110536818.bin,raw
files\yoo\Default\BundleFiles\7f\7f985e1dae908dae92d5f38cbc8a5b82\__data,GameObject,@imgBg_red,115018635682525298,reverse-output\gacha-static\ui-prefab-export\HeroRecruitView\by_type\GameObject\@imgBg_red.bin,raw
files\yoo\Default\BundleFiles\7f\7f985e1dae908dae92d5f38cbc8a5b82\__data,MonoBehaviour,MonoBehaviour_135479021741879410,135479021741879410,reverse-output\gacha-static\ui-prefab-export\HeroRecruitView\by_type\MonoBehaviour\MonoBehaviour_135479021741879410.bin,raw
files\yoo\Default\BundleFiles\7f\7f985e1dae908dae92d5f38cbc8a5b82\__data,RectTransform,RectTransform_152596437787357298,152596437787357298,reverse-output\gacha-static\ui-prefab-export\HeroRecruitView\by_type\RectTransform\RectTransform_152596437787357298.bin,raw
files\yoo\Default\BundleFiles\7f\7f985e1dae908dae92d5f38cbc8a5b82\__data,GameObject,lottery_img_36c,163551879953264754,reverse-output\gacha-static\ui-prefab-export\HeroRecruitView\by_type\GameObject\lottery_img_36c.bin,raw
files\yoo\Default\BundleFiles\7f\7f985e1dae908dae92d5f38cbc8a5b82\__data,MonoBehaviour,MonoBehaviour_205510555355263090,205510555355263090,reverse-output\gacha-static\ui-prefab-export\HeroRecruitView\by_type\MonoBehaviour\MonoBehaviour_205510555355263090.bin,raw
files\yoo\Default\BundleFiles\7f\7f985e1dae908dae92d5f38cbc8a5b82\__data,RectTransform,RectTransform_208313616730697842,208313616730697842,reverse-output\gacha-static\ui-prefab-export\HeroRecruitView\by_type\RectTransform\RectTransform_208313616730697842.bin,raw
files\yoo\Default\BundleFiles\7f\7f985e1dae908dae92d5f38cbc8a5b82\__data,MonoBehaviour,MonoBehaviour_222283199355891826,222283199355891826,reverse-output\gacha-static\ui-prefab-export\HeroRecruitView\by_type\MonoBehaviour\MonoBehaviour_222283199355891826.bin,raw
files\yoo\Default\BundleFiles\7f\7f985e1dae908dae92d5f38cbc8a5b82\__data,MonoBehaviour,MonoBehaviour_223786402794319986,223786402794319986,reverse-output\gacha-static\ui-prefab-export\HeroRecruitView\by_type\MonoBehaviour\MonoBehaviour_223786402794319986.bin,raw
files\yoo\Default\BundleFiles\7f\7f985e1dae908dae92d5f38cbc8a5b82\__data,MonoBehaviour,MonoBehaviour_242789521553895538,242789521553895538,reverse-output\gacha-static\ui-prefab-export\HeroRecruitView\by_type\MonoBehaviour\MonoBehaviour_242789521553895538.bin,raw
files\yoo\Default\BundleFiles\7f\7f985e1dae908dae92d5f38cbc8a5b82\__data,MonoBehaviour,MonoBehaviour_256884419315249266,256884419315249266,reverse-output\gacha-static\ui-prefab-export\HeroRecruitView\by_type\MonoBehaviour\MonoBehaviour_256884419315249266.bin,raw
files\yoo\Default\BundleFiles\7f\7f985e1dae908dae92d5f38cbc8a5b82\__data,RectTransform,RectTransform_267583086195716210,267583086195716210,reverse-output\gacha-static\ui-prefab-export\HeroRecruitView\by_type\RectTransform\RectTransform_267583086195716210.bin,raw
files\yoo\Default\BundleFiles\7f\7f985e1dae908dae92d5f38cbc8a5b82\__data,GameObject,ring_left,288763850234998898,reverse-output\gacha-static\ui-prefab-export\HeroRecruitView\by_type\GameObject\ring_left_2.bin,raw
files\yoo\Default\BundleFiles\7f\7f985e1dae908dae92d5f38cbc8a5b82\__data,RectTransform,RectTransform_325886452221489266,325886452221489266,reverse-output\gacha-static\ui-prefab-export\HeroRecruitView\by_type\RectTransform\RectTransform_325886452221489266.bin,raw
files\yoo\Default\BundleFiles\7f\7f985e1dae908dae92d5f38cbc8a5b82\__data,RectTransform,RectTransform_333185689305493618,333185689305493618,reverse-output\gacha-static\ui-prefab-export\HeroRecruitView\by_type\RectTransform\RectTransform_333185689305493618.bin,raw
files\yoo\Default\BundleFiles\7f\7f985e1dae908dae92d5f38cbc8a5b82\__data,MonoBehaviour,MonoBehaviour_364942464863711346,364942464863711346,reverse-output\gacha-static\ui-prefab-export\HeroRecruitView\by_type\MonoBehaviour\MonoBehaviour_364942464863711346.bin,raw
files\yoo\Default\BundleFiles\7f\7f985e1dae908dae92d5f38cbc8a5b82\__data,MonoBehaviour,MonoBehaviour_370303466916425842,370303466916425842,reverse-output\gacha-static\ui-prefab-export\HeroRecruitView\by_type\MonoBehaviour\MonoBehaviour_370303466916425842.bin,raw
files\yoo\Default\BundleFiles\7f\7f985e1dae908dae92d5f38cbc8a5b82\__data,RectTransform,RectTransform_398363844765429874,398363844765429874,reverse-output\gacha-static\ui-prefab-export\HeroRecruitView\by_type\RectTransform\RectTransform_398363844765429874.bin,raw
files\yoo\Default\BundleFiles\7f\7f985e1dae908dae92d5f38cbc8a5b82\__data,RectTransform,RectTransform_413736981148151922,413736981148151922,reverse-output\gacha-static\ui-prefab-export\HeroRecruitView\by_type\RectTransform\RectTransform_413736981148151922.bin,raw
files\yoo\Default\BundleFiles\7f\7f985e1dae908dae92d5f38cbc8a5b82\__data,RectTransform,RectTransform_441538440942334066,441538440942334066,reverse-output\gacha-static\ui-prefab-export\HeroRecruitView\by_type\RectTransform\RectTransform_441538440942334066.bin,raw
files\yoo\Default\BundleFiles\7f\7f985e1dae908dae92d5f38cbc8a5b82\__data,RectTransform,RectTransform_446262479414636658,446262479414636658,reverse-output\gacha-static\ui-prefab-export\HeroRecruitView\by_type\RectTransform\RectTransform_446262479414636658.bin,raw
files\yoo\Default\BundleFiles\7f\7f985e1dae908dae92d5f38cbc8a5b82\__data,RectTransform,RectTransform_462896639473168498,462896639473168498,reverse-output\gacha-static\ui-prefab-export\HeroRecruitView\by_type\RectTransform\RectTransform_462896639473168498.bin,raw
files\yoo\Default\BundleFiles\7f\7f985e1dae908dae92d5f38cbc8a5b82\__data,MonoBehaviour,MonoBehaviour_512317998803923058,512317998803923058,reverse-output\gacha-static\ui-prefab-export\HeroRecruitView\by_type\MonoBehaviour\MonoBehaviour_512317998803923058.bin,raw
files\yoo\Default\BundleFiles\7f\7f985e1dae908dae92d5f38cbc8a5b82\__data,GameObject,lottery_img_36a_effect,514269416647045234,reverse-output\gacha-static\ui-prefab-export\HeroRecruitView\by_type\GameObject\lottery_img_36a_effect.bin,raw
files\yoo\Default\BundleFiles\7f\7f985e1dae908dae92d5f38cbc8a5b82\__data,RectTransform,RectTransform_618318944378302578,618318944378302578,reverse-output\gacha-static\ui-prefab-export\HeroRecruitView\by_type\RectTransform\RectTransform_618318944378302578.bin,raw
files\yoo\Default\BundleFiles\7f\7f985e1dae908dae92d5f38cbc8a5b82\__data,GameObject,ring_left,677970111944142962,reverse-output\gacha-static\ui-prefab-export\HeroRecruitView\by_type\GameObject\ring_left_3.bin,raw
files\yoo\Default\BundleFiles\7f\7f985e1dae908dae92d5f38cbc8a5b82\__data,GameObject,ImgFrame_purple_r,680043889474089074,reverse-output\gacha-static\ui-prefab-export\HeroRecruitView\by_type\GameObject\ImgFrame_purple_r.bin,raw
files\yoo\Default\BundleFiles\7f\7f985e1dae908dae92d5f38cbc8a5b82\__data,GameObject,@imgBg_yellow,798975394013458546,reverse-output\gacha-static\ui-prefab-export\HeroRecruitView\by_type\GameObject\@imgBg_yellow.bin,raw
files\yoo\Default\BundleFiles\7f\7f985e1dae908dae92d5f38cbc8a5b82\__data,RectTransform,RectTransform_860436271542710386,860436271542710386,reverse-output\gacha-static\ui-prefab-export\HeroRecruitView\by_type\RectTransform\RectTransform_860436271542710386.bin,raw
files\yoo\Default\BundleFiles\7f\7f985e1dae908dae92d5f38cbc8a5b82\__data,RectTransform,RectTransform_898338423357649010,898338423357649010,reverse-output\gacha-static\ui-prefab-export\HeroRecruitView\by_type\RectTransform\RectTransform_898338423357649010.bin,raw
files\yoo\Default\BundleFiles\7f\7f985e1dae908dae92d5f38cbc8a5b82\__data,MonoBehaviour,MonoBehaviour_902987453284036722,902987453284036722,reverse-output\gacha-static\ui-prefab-export\HeroRecruitView\by_type\MonoBehaviour\MonoBehaviour_902987453284036722.bin,raw
files\yoo\Default\BundleFiles\7f\7f985e1dae908dae92d5f38cbc8a5b82\__data,MonoBehaviour,MonoBehaviour_920075067207004274,920075067207004274,reverse-output\gacha-static\ui-prefab-export\HeroRecruitView\by_type\MonoBehaviour\MonoBehaviour_920075067207004274.bin,raw
files\yoo\Default\BundleFiles\7f\7f985e1dae908dae92d5f38cbc8a5b82\__data,GameObject,@txtTag4,920532500784033906,reverse-output\gacha-static\ui-prefab-export\HeroRecruitView\by_type\GameObject\@txtTag4.bin,raw
files\yoo\Default\BundleFiles\7f\7f985e1dae908dae92d5f38cbc8a5b82\__data,MonoBehaviour,MonoBehaviour_1105439519516405874,1105439519516405874,reverse-output\gacha-static\ui-prefab-export\HeroRecruitView\by_type\MonoBehaviour\MonoBehaviour_1105439519516405874.bin,raw
files\yoo\Default\BundleFiles\7f\7f985e1dae908dae92d5f38cbc8a5b82\__data,MonoBehaviour,MonoBehaviour_1111907674528559218,1111907674528559218,reverse-output\gacha-static\ui-prefab-export\HeroRecruitView\by_type\MonoBehaviour\MonoBehaviour_1111907674528559218.bin,raw
files\yoo\Default\BundleFiles\7f\7f985e1dae908dae92d5f38cbc8a5b82\__data,MonoBehaviour,MonoBehaviour_1202016289750134898,1202016289750134898,reverse-output\gacha-static\ui-prefab-export\HeroRecruitView\by_type\MonoBehaviour\MonoBehaviour_1202016289750134898.bin,raw
files\yoo\Default\BundleFiles\7f\7f985e1dae908dae92d5f38cbc8a5b82\__data,GameObject,ring_rotation,1204300569532379250,reverse-output\gacha-static\ui-prefab-export\HeroRecruitView\by_type\GameObject\ring_rotation_6.bin,raw
files\yoo\Default\BundleFiles\7f\7f985e1dae908dae92d5f38cbc8a5b82\__data,MonoBehaviour,MonoBehaviour_1211081146900033650,1211081146900033650,reverse-output\gacha-static\ui-prefab-export\HeroRecruitView\by_type\MonoBehaviour\MonoBehaviour_1211081146900033650.bin,raw
files\yoo\Default\BundleFiles\7f\7f985e1dae908dae92d5f38cbc8a5b82\__data,MonoBehaviour,MonoBehaviour_1219134367345750130,1219134367345750130,reverse-output\gacha-static\ui-prefab-export\HeroRecruitView\by_type\MonoBehaviour\MonoBehaviour_1219134367345750130.bin,raw
files\yoo\Default\BundleFiles\7f\7f985e1dae908dae92d5f38cbc8a5b82\__data,MonoBehaviour,MonoBehaviour_1229959258730279026,1229959258730279026,reverse-output\gacha-static\ui-prefab-export\HeroRecruitView\by_type\MonoBehaviour\MonoBehaviour_1229959258730279026.bin,raw
files\yoo\Default\BundleFiles\7f\7f985e1dae908dae92d5f38cbc8a5b82\__data,RectTransform,RectTransform_1258710246918991986,1258710246918991986,reverse-output\gacha-static\ui-prefab-export\HeroRecruitView\by_type\RectTransform\RectTransform_1258710246918991986.bin,raw
files\yoo\Default\BundleFiles\7f\7f985e1dae908dae92d5f38cbc8a5b82\__data,RectTransform,RectTransform_1273732376507199602,1273732376507199602,reverse-output\gacha-static\ui-prefab-export\HeroRecruitView\by_type\RectTransform\RectTransform_1273732376507199602.bin,raw
files\yoo\Default\BundleFiles\7f\7f985e1dae908dae92d5f38cbc8a5b82\__data,RectTransform,RectTransform_1275850289125666930,1275850289125666930,reverse-output\gacha-static\ui-prefab-export\HeroRecruitView\by_type\RectTransform\RectTransform_1275850289125666930.bin,raw
files\yoo\Default\BundleFiles\7f\7f985e1dae908dae92d5f38cbc8a5b82\__data,MonoBehaviour,MonoBehaviour_1277260215300337778,1277260215300337778,reverse-output\gacha-static\ui-prefab-export\HeroRecruitView\by_type\MonoBehaviour\MonoBehaviour_1277260215300337778.bin,raw
files\yoo\Default\BundleFiles\7f\7f985e1dae908dae92d5f38cbc8a5b82\__data,RectTransform,RectTransform_1300439441550159986,1300439441550159986,reverse-output\gacha-static\ui-prefab-export\HeroRecruitView\by_type\RectTransform\RectTransform_1300439441550159986.bin,raw
files\yoo\Default\BundleFiles\7f\7f985e1dae908dae92d5f38cbc8a5b82\__data,MonoBehaviour,MonoBehaviour_1310672832205828210,1310672832205828210,reverse-output\gacha-static\ui-prefab-export\HeroRecruitView\by_type\MonoBehaviour\MonoBehaviour_1310672832205828210.bin,raw
files\yoo\Default\BundleFiles\7f\7f985e1dae908dae92d5f38cbc8a5b82\__data,MonoBehaviour,MonoBehaviour_1326512357731479666,1326512357731479666,reverse-output\gacha-static\ui-prefab-export\HeroRecruitView\by_type\MonoBehaviour\MonoBehaviour_1326512357731479666.bin,raw
files\yoo\Default\BundleFiles\7f\7f985e1dae908dae92d5f38cbc8a5b82\__data,GameObject,lottery_img_35c,1385096801261858930,reverse-output\gacha-static\ui-prefab-export\HeroRecruitView\by_type\GameObject\lottery_img_35c.bin,raw
files\yoo\Default\BundleFiles\7f\7f985e1dae908dae92d5f38cbc8a5b82\__data,GameObject,pnlTag3,1394825960874520690,reverse-output\gacha-static\ui-prefab-export\HeroRecruitView\by_type\GameObject\pnlTag3.bin,raw
files\yoo\Default\BundleFiles\7f\7f985e1dae908dae92d5f38cbc8a5b82\__data,RectTransform,RectTransform_1418959526139867250,1418959526139867250,reverse-output\gacha-static\ui-prefab-export\HeroRecruitView\by_type\RectTransform\RectTransform_1418959526139867250.bin,raw
files\yoo\Default\BundleFiles\7f\7f985e1dae908dae92d5f38cbc8a5b82\__data,GameObject,imgBg,1595309554109722738,reverse-output\gacha-static\ui-prefab-export\HeroRecruitView\by_type\GameObject\imgBg.bin,raw
files\yoo\Default\BundleFiles\7f\7f985e1dae908dae92d5f38cbc8a5b82\__data,GameObject,lottery_img_34d,1606988297471799410,reverse-output\gacha-static\ui-prefab-export\HeroRecruitView\by_type\GameObject\lottery_img_34d_6.bin,raw
files\yoo\Default\BundleFiles\7f\7f985e1dae908dae92d5f38cbc8a5b82\__data,MonoBehaviour,MonoBehaviour_1607544828002709618,1607544828002709618,reverse-output\gacha-static\ui-prefab-export\HeroRecruitView\by_type\MonoBehaviour\MonoBehaviour_1607544828002709618.bin,raw
files\yoo\Default\BundleFiles\7f\7f985e1dae908dae92d5f38cbc8a5b82\__data,GameObject,lottery_img_35a,1612414449109381234,reverse-output\gacha-static\ui-prefab-export\HeroRecruitView\by_type\GameObject\lottery_img_35a.bin,raw
files\yoo\Default\BundleFiles\7f\7f985e1dae908dae92d5f38cbc8a5b82\__data,MonoBehaviour,MonoBehaviour_1617494473929142386,1617494473929142386,reverse-output\gacha-static\ui-prefab-export\HeroRecruitView\by_type\MonoBehaviour\MonoBehaviour_1617494473929142386.bin,raw
files\yoo\Default\BundleFiles\7f\7f985e1dae908dae92d5f38cbc8a5b82\__data,MonoBehaviour,MonoBehaviour_1620020564185264242,1620020564185264242,reverse-output\gacha-static\ui-prefab-export\HeroRecruitView\by_type\MonoBehaviour\MonoBehaviour_1620020564185264242.bin,raw
files\yoo\Default\BundleFiles\7f\7f985e1dae908dae92d5f38cbc8a5b82\__data,MonoBehaviour,MonoBehaviour_1636902542165618802,1636902542165618802,reverse-output\gacha-static\ui-prefab-export\HeroRecruitView\by_type\MonoBehaviour\MonoBehaviour_1636902542165618802.bin,raw
files\yoo\Default\BundleFiles\7f\7f985e1dae908dae92d5f38cbc8a5b82\__data,MonoBehaviour,MonoBehaviour_1643112705357852786,1643112705357852786,reverse-output\gacha-static\ui-prefab-export\HeroRecruitView\by_type\MonoBehaviour\MonoBehaviour_1643112705357852786.bin,raw
files\yoo\Default\BundleFiles\7f\7f985e1dae908dae92d5f38cbc8a5b82\__data,MonoBehaviour,MonoBehaviour_1662158938624831602,1662158938624831602,reverse-output\gacha-static\ui-prefab-export\HeroRecruitView\by_type\MonoBehaviour\MonoBehaviour_1662158938624831602.bin,raw
files\yoo\Default\BundleFiles\7f\7f985e1dae908dae92d5f38cbc8a5b82\__data,MonoBehaviour,MonoBehaviour_1685965761111470194,1685965761111470194,reverse-output\gacha-static\ui-prefab-export\HeroRecruitView\by_type\MonoBehaviour\MonoBehaviour_1685965761111470194.bin,raw
files\yoo\Default\BundleFiles\7f\7f985e1dae908dae92d5f38cbc8a5b82\__data,RectTransform,RectTransform_1719203130193621106,1719203130193621106,reverse-output\gacha-static\ui-prefab-export\HeroRecruitView\by_type\RectTransform\RectTransform_1719203130193621106.bin,raw
files\yoo\Default\BundleFiles\7f\7f985e1dae908dae92d5f38cbc8a5b82\__data,MonoBehaviour,MonoBehaviour_1719339824095768690,1719339824095768690,reverse-output\gacha-static\ui-prefab-export\HeroRecruitView\by_type\MonoBehaviour\MonoBehaviour_1719339824095768690.bin,raw
files\yoo\Default\BundleFiles\7f\7f985e1dae908dae92d5f38cbc8a5b82\__data,MonoBehaviour,MonoBehaviour_1759623120041816178,1759623120041816178,reverse-output\gacha-static\ui-prefab-export\HeroRecruitView\by_type\MonoBehaviour\MonoBehaviour_1759623120041816178.bin,raw
files\yoo\Default\BundleFiles\7f\7f985e1dae908dae92d5f38cbc8a5b82\__data,GameObject,lottery_img_34c,1846054668961198194,reverse-output\gacha-static\ui-prefab-export\HeroRecruitView\by_type\GameObject\lottery_img_34c.bin,raw
files\yoo\Default\BundleFiles\7f\7f985e1dae908dae92d5f38cbc8a5b82\__data,MonoBehaviour,MonoBehaviour_1901760076783366258,1901760076783366258,reverse-output\gacha-static\ui-prefab-export\HeroRecruitView\by_type\MonoBehaviour\MonoBehaviour_1901760076783366258.bin,raw
files\yoo\Default\BundleFiles\7f\7f985e1dae908dae92d5f38cbc8a5b82\__data,MonoBehaviour,MonoBehaviour_1909790333073502322,1909790333073502322,reverse-output\gacha-static\ui-prefab-export\HeroRecruitView\by_type\MonoBehaviour\MonoBehaviour_1909790333073502322.bin,raw
files\yoo\Default\BundleFiles\7f\7f985e1dae908dae92d5f38cbc8a5b82\__data,RectTransform,RectTransform_1949536713851285618,1949536713851285618,reverse-output\gacha-static\ui-prefab-export\HeroRecruitView\by_type\RectTransform\RectTransform_1949536713851285618.bin,raw
files\yoo\Default\BundleFiles\7f\7f985e1dae908dae92d5f38cbc8a5b82\__data,RectTransform,RectTransform_1968467541528162418,1968467541528162418,reverse-output\gacha-static\ui-prefab-export\HeroRecruitView\by_type\RectTransform\RectTransform_1968467541528162418.bin,raw
files\yoo\Default\BundleFiles\7f\7f985e1dae908dae92d5f38cbc8a5b82\__data,MonoBehaviour,MonoBehaviour_1970939648359936114,1970939648359936114,reverse-output\gacha-static\ui-prefab-export\HeroRecruitView\by_type\MonoBehaviour\MonoBehaviour_1970939648359936114.bin,raw
files\yoo\Default\BundleFiles\7f\7f985e1dae908dae92d5f38cbc8a5b82\__data,MonoBehaviour,MonoBehaviour_1982189630500515954,1982189630500515954,reverse-output\gacha-static\ui-prefab-export\HeroRecruitView\by_type\MonoBehaviour\MonoBehaviour_1982189630500515954.bin,raw
files\yoo\Default\BundleFiles\7f\7f985e1dae908dae92d5f38cbc8a5b82\__data,RectTransform,RectTransform_1984280117657350258,1984280117657350258,reverse-output\gacha-static\ui-prefab-export\HeroRecruitView\by_type\RectTransform\RectTransform_1984280117657350258.bin,raw
files\yoo\Default\BundleFiles\7f\7f985e1dae908dae92d5f38cbc8a5b82\__data,MonoBehaviour,MonoBehaviour_1993137309477646450,1993137309477646450,reverse-output\gacha-static\ui-prefab-export\HeroRecruitView\by_type\MonoBehaviour\MonoBehaviour_1993137309477646450.bin,raw
files\yoo\Default\BundleFiles\7f\7f985e1dae908dae92d5f38cbc8a5b82\__data,RectTransform,RectTransform_2013612947190722674,2013612947190722674,reverse-output\gacha-static\ui-prefab-export\HeroRecruitView\by_type\RectTransform\RectTransform_2013612947190722674.bin,raw
files\yoo\Default\BundleFiles\7f\7f985e1dae908dae92d5f38cbc8a5b82\__data,MonoBehaviour,MonoBehaviour_2047329314157113458,2047329314157113458,reverse-output\gacha-static\ui-prefab-export\HeroRecruitView\by_type\MonoBehaviour\MonoBehaviour_2047329314157113458.bin,raw
files\yoo\Default\BundleFiles\7f\7f985e1dae908dae92d5f38cbc8a5b82\__data,RectTransform,RectTransform_2055858181246169202,2055858181246169202,reverse-output\gacha-static\ui-prefab-export\HeroRecruitView\by_type\RectTransform\RectTransform_2055858181246169202.bin,raw
files\yoo\Default\BundleFiles\7f\7f985e1dae908dae92d5f38cbc8a5b82\__data,MonoBehaviour,MonoBehaviour_2137103114648170610,2137103114648170610,reverse-output\gacha-static\ui-prefab-export\HeroRecruitView\by_type\MonoBehaviour\MonoBehaviour_2137103114648170610.bin,raw
files\yoo\Default\BundleFiles\7f\7f985e1dae908dae92d5f38cbc8a5b82\__data,MonoBehaviour,MonoBehaviour_2181216820814426226,2181216820814426226,reverse-output\gacha-static\ui-prefab-export\HeroRecruitView\by_type\MonoBehaviour\MonoBehaviour_2181216820814426226.bin,raw
files\yoo\Default\BundleFiles\7f\7f985e1dae908dae92d5f38cbc8a5b82\__data,GameObject,lottery_img_34d,2205795604273770610,reverse-output\gacha-static\ui-prefab-export\HeroRecruitView\by_type\GameObject\lottery_img_34d_7.bin,raw
files\yoo\Default\BundleFiles\7f\7f985e1dae908dae92d5f38cbc8a5b82\__data,GameObject,btnSkipVideo,2234025574688239730,reverse-output\gacha-static\ui-prefab-export\HeroRecruitView\by_type\GameObject\btnSkipVideo.bin,raw
files\yoo\Default\BundleFiles\7f\7f985e1dae908dae92d5f38cbc8a5b82\__data,MonoBehaviour,MonoBehaviour_2236425812326953074,2236425812326953074,reverse-output\gacha-static\ui-prefab-export\HeroRecruitView\by_type\MonoBehaviour\MonoBehaviour_2236425812326953074.bin,raw
files\yoo\Default\BundleFiles\7f\7f985e1dae908dae92d5f38cbc8a5b82\__data,GameObject,pnlVideoPlayer,2269602449501139058,reverse-output\gacha-static\ui-prefab-export\HeroRecruitView\by_type\GameObject\pnlVideoPlayer.bin,raw
files\yoo\Default\BundleFiles\7f\7f985e1dae908dae92d5f38cbc8a5b82\__data,RectTransform,RectTransform_2295085514537119858,2295085514537119858,reverse-output\gacha-static\ui-prefab-export\HeroRecruitView\by_type\RectTransform\RectTransform_2295085514537119858.bin,raw
files\yoo\Default\BundleFiles\7f\7f985e1dae908dae92d5f38cbc8a5b82\__data,GameObject,lottery_img_36d,2295633827557093490,reverse-output\gacha-static\ui-prefab-export\HeroRecruitView\by_type\GameObject\lottery_img_36d_2.bin,raw
files\yoo\Default\BundleFiles\7f\7f985e1dae908dae92d5f38cbc8a5b82\__data,MonoBehaviour,MonoBehaviour_2298758729372676210,2298758729372676210,reverse-output\gacha-static\ui-prefab-export\HeroRecruitView\by_type\MonoBehaviour\MonoBehaviour_2298758729372676210.bin,raw
files\yoo\Default\BundleFiles\7f\7f985e1dae908dae92d5f38cbc8a5b82\__data,RectTransform,RectTransform_2395166439230681202,2395166439230681202,reverse-output\gacha-static\ui-prefab-export\HeroRecruitView\by_type\RectTransform\RectTransform_2395166439230681202.bin,raw
files\yoo\Default\BundleFiles\7f\7f985e1dae908dae92d5f38cbc8a5b82\__data,RectTransform,RectTransform_2445103931686596722,2445103931686596722,reverse-output\gacha-static\ui-prefab-export\HeroRecruitView\by_type\RectTransform\RectTransform_2445103931686596722.bin,raw
files\yoo\Default\BundleFiles\7f\7f985e1dae908dae92d5f38cbc8a5b82\__data,GameObject,Text,2467309617013403762,reverse-output\gacha-static\ui-prefab-export\HeroRecruitView\by_type\GameObject\Text.bin,raw
files\yoo\Default\BundleFiles\7f\7f985e1dae908dae92d5f38cbc8a5b82\__data,MonoBehaviour,MonoBehaviour_2484957598806126706,2484957598806126706,reverse-output\gacha-static\ui-prefab-export\HeroRecruitView\by_type\MonoBehaviour\MonoBehaviour_2484957598806126706.bin,raw
files\yoo\Default\BundleFiles\7f\7f985e1dae908dae92d5f38cbc8a5b82\__data,MonoBehaviour,MonoBehaviour_2508409952277639282,2508409952277639282,reverse-output\gacha-static\ui-prefab-export\HeroRecruitView\by_type\MonoBehaviour\MonoBehaviour_2508409952277639282.bin,raw
files\yoo\Default\BundleFiles\7f\7f985e1dae908dae92d5f38cbc8a5b82\__data,MonoBehaviour,MonoBehaviour_2518007508707782770,2518007508707782770,reverse-output\gacha-static\ui-prefab-export\HeroRecruitView\by_type\MonoBehaviour\MonoBehaviour_2518007508707782770.bin,raw
files\yoo\Default\BundleFiles\7f\7f985e1dae908dae92d5f38cbc8a5b82\__data,MonoBehaviour,MonoBehaviour_2611329988778078322,2611329988778078322,reverse-output\gacha-static\ui-prefab-export\HeroRecruitView\by_type\MonoBehaviour\MonoBehaviour_2611329988778078322.bin,raw
files\yoo\Default\BundleFiles\7f\7f985e1dae908dae92d5f38cbc8a5b82\__data,RectTransform,RectTransform_2678420489762844786,2678420489762844786,reverse-output\gacha-static\ui-prefab-export\HeroRecruitView\by_type\RectTransform\RectTransform_2678420489762844786.bin,raw
files\yoo\Default\BundleFiles\7f\7f985e1dae908dae92d5f38cbc8a5b82\__data,GameObject,ring_rotation1,2696692750420750450,reverse-output\gacha-static\ui-prefab-export\HeroRecruitView\by_type\GameObject\ring_rotation1_4.bin,raw
files\yoo\Default\BundleFiles\7f\7f985e1dae908dae92d5f38cbc8a5b82\__data,MonoBehaviour,MonoBehaviour_2702304483939397746,2702304483939397746,reverse-output\gacha-static\ui-prefab-export\HeroRecruitView\by_type\MonoBehaviour\MonoBehaviour_2702304483939397746.bin,raw
files\yoo\Default\BundleFiles\7f\7f985e1dae908dae92d5f38cbc8a5b82\__data,GameObject,ring_rotation1,2770031789437366386,reverse-output\gacha-static\ui-prefab-export\HeroRecruitView\by_type\GameObject\ring_rotation1_5.bin,raw
files\yoo\Default\BundleFiles\7f\7f985e1dae908dae92d5f38cbc8a5b82\__data,MonoBehaviour,MonoBehaviour_2810478843388702834,2810478843388702834,reverse-output\gacha-static\ui-prefab-export\HeroRecruitView\by_type\MonoBehaviour\MonoBehaviour_2810478843388702834.bin,raw
files\yoo\Default\BundleFiles\7f\7f985e1dae908dae92d5f38cbc8a5b82\__data,GameObject,ring_rotation1,2810807985041715314,reverse-output\gacha-static\ui-prefab-export\HeroRecruitView\by_type\GameObject\ring_rotation1_6.bin,raw
files\yoo\Default\BundleFiles\7f\7f985e1dae908dae92d5f38cbc8a5b82\__data,GameObject,lottery_img_37c,2841637288311140466,reverse-output\gacha-static\ui-prefab-export\HeroRecruitView\by_type\GameObject\lottery_img_37c.bin,raw
files\yoo\Default\BundleFiles\7f\7f985e1dae908dae92d5f38cbc8a5b82\__data,GameObject,@fx_HeroRecruitView_01,2894370581564371058,reverse-output\gacha-static\ui-prefab-export\HeroRecruitView\by_type\GameObject\@fx_HeroRecruitView_01.bin,raw
files\yoo\Default\BundleFiles\7f\7f985e1dae908dae92d5f38cbc8a5b82\__data,MonoBehaviour,MonoBehaviour_2901111904577532018,2901111904577532018,reverse-output\gacha-static\ui-prefab-export\HeroRecruitView\by_type\MonoBehaviour\MonoBehaviour_2901111904577532018.bin,raw
files\yoo\Default\BundleFiles\7f\7f985e1dae908dae92d5f38cbc8a5b82\__data,RectTransform,RectTransform_2903370703033544818,2903370703033544818,reverse-output\gacha-static\ui-prefab-export\HeroRecruitView\by_type\RectTransform\RectTransform_2903370703033544818.bin,raw
files\yoo\Default\BundleFiles\7f\7f985e1dae908dae92d5f38cbc8a5b82\__data,GameObject,ring_top,2907548969132044402,reverse-output\gacha-static\ui-prefab-export\HeroRecruitView\by_type\GameObject\ring_top_2.bin,raw
files\yoo\Default\BundleFiles\7f\7f985e1dae908dae92d5f38cbc8a5b82\__data,RectTransform,RectTransform_3023863323156164722,3023863323156164722,reverse-output\gacha-static\ui-prefab-export\HeroRecruitView\by_type\RectTransform\RectTransform_3023863323156164722.bin,raw
files\yoo\Default\BundleFiles\7f\7f985e1dae908dae92d5f38cbc8a5b82\__data,RectTransform,RectTransform_3050658800054775922,3050658800054775922,reverse-output\gacha-static\ui-prefab-export\HeroRecruitView\by_type\RectTransform\RectTransform_3050658800054775922.bin,raw
files\yoo\Default\BundleFiles\7f\7f985e1dae908dae92d5f38cbc8a5b82\__data,MonoBehaviour,MonoBehaviour_3067410341115998322,3067410341115998322,reverse-output\gacha-static\ui-prefab-export\HeroRecruitView\by_type\MonoBehaviour\MonoBehaviour_3067410341115998322.bin,raw
files\yoo\Default\BundleFiles\7f\7f985e1dae908dae92d5f38cbc8a5b82\__data,RectTransform,RectTransform_3228742440653107314,3228742440653107314,reverse-output\gacha-static\ui-prefab-export\HeroRecruitView\by_type\RectTransform\RectTransform_3228742440653107314.bin,raw
files\yoo\Default\BundleFiles\7f\7f985e1dae908dae92d5f38cbc8a5b82\__data,MonoBehaviour,MonoBehaviour_3257342250947653746,3257342250947653746,reverse-output\gacha-static\ui-prefab-export\HeroRecruitView\by_type\MonoBehaviour\MonoBehaviour_3257342250947653746.bin,raw
files\yoo\Default\BundleFiles\7f\7f985e1dae908dae92d5f38cbc8a5b82\__data,GameObject,pnlInfo,3293025769540956274,reverse-output\gacha-static\ui-prefab-export\HeroRecruitView\by_type\GameObject\pnlInfo.bin,raw
files\yoo\Default\BundleFiles\7f\7f985e1dae908dae92d5f38cbc8a5b82\__data,GameObject,ring_right,3349674851507581042,reverse-output\gacha-static\ui-prefab-export\HeroRecruitView\by_type\GameObject\ring_right_4.bin,raw
files\yoo\Default\BundleFiles\7f\7f985e1dae908dae92d5f38cbc8a5b82\__data,GameObject,lottery_img_36d,3434733292737540210,reverse-output\gacha-static\ui-prefab-export\HeroRecruitView\by_type\GameObject\lottery_img_36d_3.bin,raw
files\yoo\Default\BundleFiles\7f\7f985e1dae908dae92d5f38cbc8a5b82\__data,RectTransform,RectTransform_3448392935504097394,3448392935504097394,reverse-output\gacha-static\ui-prefab-export\HeroRecruitView\by_type\RectTransform\RectTransform_3448392935504097394.bin,raw
files\yoo\Default\BundleFiles\7f\7f985e1dae908dae92d5f38cbc8a5b82\__data,GameObject,ring_rotation2,3449560336651595890,reverse-output\gacha-static\ui-prefab-export\HeroRecruitView\by_type\GameObject\ring_rotation2_6.bin,raw
files\yoo\Default\BundleFiles\7f\7f985e1dae908dae92d5f38cbc8a5b82\__data,MonoBehaviour,MonoBehaviour_3453544265046438002,3453544265046438002,reverse-output\gacha-static\ui-prefab-export\HeroRecruitView\by_type\MonoBehaviour\MonoBehaviour_3453544265046438002.bin,raw
files\yoo\Default\BundleFiles\7f\7f985e1dae908dae92d5f38cbc8a5b82\__data,GameObject,@imgTypeNew_35,3473710358625857650,reverse-output\gacha-static\ui-prefab-export\HeroRecruitView\by_type\GameObject\@imgTypeNew_35.bin,raw
files\yoo\Default\BundleFiles\7f\7f985e1dae908dae92d5f38cbc8a5b82\__data,RectTransform,RectTransform_3474884116267479154,3474884116267479154,reverse-output\gacha-static\ui-prefab-export\HeroRecruitView\by_type\RectTransform\RectTransform_3474884116267479154.bin,raw
files\yoo\Default\BundleFiles\7f\7f985e1dae908dae92d5f38cbc8a5b82\__data,GameObject,ring_left,3514493977418477682,reverse-output\gacha-static\ui-prefab-export\HeroRecruitView\by_type\GameObject\ring_left_4.bin,raw
files\yoo\Default\BundleFiles\7f\7f985e1dae908dae92d5f38cbc8a5b82\__data,GameObject,lottery_img_35b_effect,3531910941638799474,reverse-output\gacha-static\ui-prefab-export\HeroRecruitView\by_type\GameObject\lottery_img_35b_effect.bin,raw
files\yoo\Default\BundleFiles\7f\7f985e1dae908dae92d5f38cbc8a5b82\__data,MonoBehaviour,MonoBehaviour_3556679745777184882,3556679745777184882,reverse-output\gacha-static\ui-prefab-export\HeroRecruitView\by_type\MonoBehaviour\MonoBehaviour_3556679745777184882.bin,raw
files\yoo\Default\BundleFiles\7f\7f985e1dae908dae92d5f38cbc8a5b82\__data,MonoBehaviour,MonoBehaviour_3587589549569421426,3587589549569421426,reverse-output\gacha-static\ui-prefab-export\HeroRecruitView\by_type\MonoBehaviour\MonoBehaviour_3587589549569421426.bin,raw
files\yoo\Default\BundleFiles\7f\7f985e1dae908dae92d5f38cbc8a5b82\__data,MonoBehaviour,MonoBehaviour_3588037836438581362,3588037836438581362,reverse-output\gacha-static\ui-prefab-export\HeroRecruitView\by_type\MonoBehaviour\MonoBehaviour_3588037836438581362.bin,raw
files\yoo\Default\BundleFiles\7f\7f985e1dae908dae92d5f38cbc8a5b82\__data,GameObject,ring_rotation2,3686131006054740082,reverse-output\gacha-static\ui-prefab-export\HeroRecruitView\by_type\GameObject\ring_rotation2_7.bin,raw
files\yoo\Default\BundleFiles\7f\7f985e1dae908dae92d5f38cbc8a5b82\__data,RectTransform,RectTransform_3687358367906148466,3687358367906148466,reverse-output\gacha-static\ui-prefab-export\HeroRecruitView\by_type\RectTransform\RectTransform_3687358367906148466.bin,raw
files\yoo\Default\BundleFiles\7f\7f985e1dae908dae92d5f38cbc8a5b82\__data,GameObject,ring_rotation1,3717768444043669618,reverse-output\gacha-static\ui-prefab-export\HeroRecruitView\by_type\GameObject\ring_rotation1_7.bin,raw
files\yoo\Default\BundleFiles\7f\7f985e1dae908dae92d5f38cbc8a5b82\__data,RectTransform,RectTransform_3763285410162421874,3763285410162421874,reverse-output\gacha-static\ui-prefab-export\HeroRecruitView\by_type\RectTransform\RectTransform_3763285410162421874.bin,raw
files\yoo\Default\BundleFiles\7f\7f985e1dae908dae92d5f38cbc8a5b82\__data,GameObject,ring_top,3784165816294977650,reverse-output\gacha-static\ui-prefab-export\HeroRecruitView\by_type\GameObject\ring_top_3.bin,raw
files\yoo\Default\BundleFiles\7f\7f985e1dae908dae92d5f38cbc8a5b82\__data,MonoBehaviour,MonoBehaviour_3888237823675936882,3888237823675936882,reverse-output\gacha-static\ui-prefab-export\HeroRecruitView\by_type\MonoBehaviour\MonoBehaviour_3888237823675936882.bin,raw
files\yoo\Default\BundleFiles\7f\7f985e1dae908dae92d5f38cbc8a5b82\__data,GameObject,lottery_img_34b_effect,3914620979470676082,reverse-output\gacha-static\ui-prefab-export\HeroRecruitView\by_type\GameObject\lottery_img_34b_effect.bin,raw
files\yoo\Default\BundleFiles\7f\7f985e1dae908dae92d5f38cbc8a5b82\__data,GameObject,ring_rotation,3929181081148403826,reverse-output\gacha-static\ui-prefab-export\HeroRecruitView\by_type\GameObject\ring_rotation_7.bin,raw
files\yoo\Default\BundleFiles\7f\7f985e1dae908dae92d5f38cbc8a5b82\__data,RectTransform,RectTransform_3992793561535426674,3992793561535426674,reverse-output\gacha-static\ui-prefab-export\HeroRecruitView\by_type\RectTransform\RectTransform_3992793561535426674.bin,raw
files\yoo\Default\BundleFiles\7f\7f985e1dae908dae92d5f38cbc8a5b82\__data,MonoBehaviour,MonoBehaviour_4037261085318787186,4037261085318787186,reverse-output\gacha-static\ui-prefab-export\HeroRecruitView\by_type\MonoBehaviour\MonoBehaviour_4037261085318787186.bin,raw
files\yoo\Default\BundleFiles\7f\7f985e1dae908dae92d5f38cbc8a5b82\__data,MonoBehaviour,MonoBehaviour_4045502067786723442,4045502067786723442,reverse-output\gacha-static\ui-prefab-export\HeroRecruitView\by_type\MonoBehaviour\MonoBehaviour_4045502067786723442.bin,raw
files\yoo\Default\BundleFiles\7f\7f985e1dae908dae92d5f38cbc8a5b82\__data,MonoBehaviour,MonoBehaviour_4077708795194585202,4077708795194585202,reverse-output\gacha-static\ui-prefab-export\HeroRecruitView\by_type\MonoBehaviour\MonoBehaviour_4077708795194585202.bin,raw
files\yoo\Default\BundleFiles\7f\7f985e1dae908dae92d5f38cbc8a5b82\__data,MonoBehaviour,MonoBehaviour_4082809859655020658,4082809859655020658,reverse-output\gacha-static\ui-prefab-export\HeroRecruitView\by_type\MonoBehaviour\MonoBehaviour_4082809859655020658.bin,raw
files\yoo\Default\BundleFiles\7f\7f985e1dae908dae92d5f38cbc8a5b82\__data,RectTransform,RectTransform_4089316512939520114,4089316512939520114,reverse-output\gacha-static\ui-prefab-export\HeroRecruitView\by_type\RectTransform\RectTransform_4089316512939520114.bin,raw
files\yoo\Default\BundleFiles\7f\7f985e1dae908dae92d5f38cbc8a5b82\__data,MonoBehaviour,MonoBehaviour_4097646447784046706,4097646447784046706,reverse-output\gacha-static\ui-prefab-export\HeroRecruitView\by_type\MonoBehaviour\MonoBehaviour_4097646447784046706.bin,raw
files\yoo\Default\BundleFiles\7f\7f985e1dae908dae92d5f38cbc8a5b82\__data,GameObject,gyunlizi7,4107638608545263730,reverse-output\gacha-static\ui-prefab-export\HeroRecruitView\by_type\GameObject\gyunlizi7_1.bin,raw
files\yoo\Default\BundleFiles\7f\7f985e1dae908dae92d5f38cbc8a5b82\__data,RectTransform,RectTransform_4108794704754978930,4108794704754978930,reverse-output\gacha-static\ui-prefab-export\HeroRecruitView\by_type\RectTransform\RectTransform_4108794704754978930.bin,raw
files\yoo\Default\BundleFiles\7f\7f985e1dae908dae92d5f38cbc8a5b82\__data,RectTransform,RectTransform_4138866977867313266,4138866977867313266,reverse-output\gacha-static\ui-prefab-export\HeroRecruitView\by_type\RectTransform\RectTransform_4138866977867313266.bin,raw
files\yoo\Default\BundleFiles\7f\7f985e1dae908dae92d5f38cbc8a5b82\__data,Texture2D,UISprite,4164811731462459212,reverse-output\gacha-static\ui-prefab-export\HeroRecruitView\by_type\Texture2D\UISprite.png,png
files\yoo\Default\BundleFiles\7f\7f985e1dae908dae92d5f38cbc8a5b82\__data,GameObject,lottery_img_37a_effect,4174340638376996978,reverse-output\gacha-static\ui-prefab-export\HeroRecruitView\by_type\GameObject\lottery_img_37a_effect.bin,raw
files\yoo\Default\BundleFiles\7f\7f985e1dae908dae92d5f38cbc8a5b82\__data,RectTransform,RectTransform_4200489631294107762,4200489631294107762,reverse-output\gacha-static\ui-prefab-export\HeroRecruitView\by_type\RectTransform\RectTransform_4200489631294107762.bin,raw
files\yoo\Default\BundleFiles\7f\7f985e1dae908dae92d5f38cbc8a5b82\__data,GameObject,lottery_img_36d,4221111035367534706,reverse-output\gacha-static\ui-prefab-export\HeroRecruitView\by_type\GameObject\lottery_img_36d_4.bin,raw
files\yoo\Default\BundleFiles\7f\7f985e1dae908dae92d5f38cbc8a5b82\__data,RectTransform,RectTransform_4255509907874197618,4255509907874197618,reverse-output\gacha-static\ui-prefab-export\HeroRecruitView\by_type\RectTransform\RectTransform_4255509907874197618.bin,raw
files\yoo\Default\BundleFiles\7f\7f985e1dae908dae92d5f38cbc8a5b82\__data,MonoBehaviour,MonoBehaviour_4286203907810209906,4286203907810209906,reverse-output\gacha-static\ui-prefab-export\HeroRecruitView\by_type\MonoBehaviour\MonoBehaviour_4286203907810209906.bin,raw
files\yoo\Default\BundleFiles\7f\7f985e1dae908dae92d5f38cbc8a5b82\__data,GameObject,ring_rotation,4288222311223930994,reverse-output\gacha-static\ui-prefab-export\HeroRecruitView\by_type\GameObject\ring_rotation_8.bin,raw
files\yoo\Default\BundleFiles\7f\7f985e1dae908dae92d5f38cbc8a5b82\__data,RectTransform,RectTransform_4377209096730390642,4377209096730390642,reverse-output\gacha-static\ui-prefab-export\HeroRecruitView\by_type\RectTransform\RectTransform_4377209096730390642.bin,raw
files\yoo\Default\BundleFiles\7f\7f985e1dae908dae92d5f38cbc8a5b82\__data,RectTransform,RectTransform_4392714624877670514,4392714624877670514,reverse-output\gacha-static\ui-prefab-export\HeroRecruitView\by_type\RectTransform\RectTransform_4392714624877670514.bin,raw
files\yoo\Default\BundleFiles\7f\7f985e1dae908dae92d5f38cbc8a5b82\__data,GameObject,@imgBg_blue,4461254574676717682,reverse-output\gacha-static\ui-prefab-export\HeroRecruitView\by_type\GameObject\@imgBg_blue.bin,raw
files\yoo\Default\BundleFiles\7f\7f985e1dae908dae92d5f38cbc8a5b82\__data,RectTransform,RectTransform_4493524616456253554,4493524616456253554,reverse-output\gacha-static\ui-prefab-export\HeroRecruitView\by_type\RectTransform\RectTransform_4493524616456253554.bin,raw
files\yoo\Default\BundleFiles\7f\7f985e1dae908dae92d5f38cbc8a5b82\__data,MonoBehaviour,MonoBehaviour_4515310044013080690,4515310044013080690,reverse-output\gacha-static\ui-prefab-export\HeroRecruitView\by_type\MonoBehaviour\MonoBehaviour_4515310044013080690.bin,raw
files\yoo\Default\BundleFiles\7f\7f985e1dae908dae92d5f38cbc8a5b82\__data,MonoBehaviour,MonoBehaviour_4574252322825056370,4574252322825056370,reverse-output\gacha-static\ui-prefab-export\HeroRecruitView\by_type\MonoBehaviour\MonoBehaviour_4574252322825056370.bin,raw
files\yoo\Default\BundleFiles\7f\7f985e1dae908dae92d5f38cbc8a5b82\__data,MonoBehaviour,MonoBehaviour_4625423562868142194,4625423562868142194,reverse-output\gacha-static\ui-prefab-export\HeroRecruitView\by_type\MonoBehaviour\MonoBehaviour_4625423562868142194.bin,raw
files\yoo\Default\BundleFiles\7f\7f985e1dae908dae92d5f38cbc8a5b82\__data,RectTransform,RectTransform_4631849252569100402,4631849252569100402,reverse-output\gacha-static\ui-prefab-export\HeroRecruitView\by_type\RectTransform\RectTransform_4631849252569100402.bin,raw
files\yoo\Default\BundleFiles\7f\7f985e1dae908dae92d5f38cbc8a5b82\__data,GameObject,lottery_img_33b,4684870538219303026,reverse-output\gacha-static\ui-prefab-export\HeroRecruitView\by_type\GameObject\lottery_img_33b.bin,raw
files\yoo\Default\BundleFiles\7f\7f985e1dae908dae92d5f38cbc8a5b82\__data,MonoBehaviour,MonoBehaviour_4726635506729627762,4726635506729627762,reverse-output\gacha-static\ui-prefab-export\HeroRecruitView\by_type\MonoBehaviour\MonoBehaviour_4726635506729627762.bin,raw
files\yoo\Default\BundleFiles\7f\7f985e1dae908dae92d5f38cbc8a5b82\__data,MonoBehaviour,MonoBehaviour_4739805989877198962,4739805989877198962,reverse-output\gacha-static\ui-prefab-export\HeroRecruitView\by_type\MonoBehaviour\MonoBehaviour_4739805989877198962.bin,raw
files\yoo\Default\BundleFiles\7f\7f985e1dae908dae92d5f38cbc8a5b82\__data,GameObject,lottery_img_36d,4763781037491040370,reverse-output\gacha-static\ui-prefab-export\HeroRecruitView\by_type\GameObject\lottery_img_36d_5.bin,raw
files\yoo\Default\BundleFiles\7f\7f985e1dae908dae92d5f38cbc8a5b82\__data,MonoBehaviour,MonoBehaviour_4776527535260774514,4776527535260774514,reverse-output\gacha-static\ui-prefab-export\HeroRecruitView\by_type\MonoBehaviour\MonoBehaviour_4776527535260774514.bin,raw
files\yoo\Default\BundleFiles\7f\7f985e1dae908dae92d5f38cbc8a5b82\__data,MonoBehaviour,MonoBehaviour_4778490763260932210,4778490763260932210,reverse-output\gacha-static\ui-prefab-export\HeroRecruitView\by_type\MonoBehaviour\MonoBehaviour_4778490763260932210.bin,raw
files\yoo\Default\BundleFiles\7f\7f985e1dae908dae92d5f38cbc8a5b82\__data,MonoBehaviour,MonoBehaviour_4786941805732769906,4786941805732769906,reverse-output\gacha-static\ui-prefab-export\HeroRecruitView\by_type\MonoBehaviour\MonoBehaviour_4786941805732769906.bin,raw
files\yoo\Default\BundleFiles\7f\7f985e1dae908dae92d5f38cbc8a5b82\__data,MonoBehaviour,MonoBehaviour_4818375053019132018,4818375053019132018,reverse-output\gacha-static\ui-prefab-export\HeroRecruitView\by_type\MonoBehaviour\MonoBehaviour_4818375053019132018.bin,raw
files\yoo\Default\BundleFiles\7f\7f985e1dae908dae92d5f38cbc8a5b82\__data,GameObject,@txtTag2,4890980666418212978,reverse-output\gacha-static\ui-prefab-export\HeroRecruitView\by_type\GameObject\@txtTag2.bin,raw
files\yoo\Default\BundleFiles\7f\7f985e1dae908dae92d5f38cbc8a5b82\__data,GameObject,lottery_img_37b_effect,4947979548240392306,reverse-output\gacha-static\ui-prefab-export\HeroRecruitView\by_type\GameObject\lottery_img_37b_effect.bin,raw
files\yoo\Default\BundleFiles\7f\7f985e1dae908dae92d5f38cbc8a5b82\__data,MonoBehaviour,MonoBehaviour_4964106719750991986,4964106719750991986,reverse-output\gacha-static\ui-prefab-export\HeroRecruitView\by_type\MonoBehaviour\MonoBehaviour_4964106719750991986.bin,raw
files\yoo\Default\BundleFiles\7f\7f985e1dae908dae92d5f38cbc8a5b82\__data,GameObject,@imgTypeNew_37,4976933689996357746,reverse-output\gacha-static\ui-prefab-export\HeroRecruitView\by_type\GameObject\@imgTypeNew_37.bin,raw
files\yoo\Default\BundleFiles\7f\7f985e1dae908dae92d5f38cbc8a5b82\__data,MonoBehaviour,MonoBehaviour_5002668178497482866,5002668178497482866,reverse-output\gacha-static\ui-prefab-export\HeroRecruitView\by_type\MonoBehaviour\MonoBehaviour_5002668178497482866.bin,raw
files\yoo\Default\BundleFiles\7f\7f985e1dae908dae92d5f38cbc8a5b82\__data,GameObject,imgQuality,5018446848022818930,reverse-output\gacha-static\ui-prefab-export\HeroRecruitView\by_type\GameObject\imgQuality.bin,raw
files\yoo\Default\BundleFiles\7f\7f985e1dae908dae92d5f38cbc8a5b82\__data,RectTransform,RectTransform_5134433167265575026,5134433167265575026,reverse-output\gacha-static\ui-prefab-export\HeroRecruitView\by_type\RectTransform\RectTransform_5134433167265575026.bin,raw
files\yoo\Default\BundleFiles\7f\7f985e1dae908dae92d5f38cbc8a5b82\__data,MonoBehaviour,MonoBehaviour_5227232108963442802,5227232108963442802,reverse-output\gacha-static\ui-prefab-export\HeroRecruitView\by_type\MonoBehaviour\MonoBehaviour_5227232108963442802.bin,raw
files\yoo\Default\BundleFiles\7f\7f985e1dae908dae92d5f38cbc8a5b82\__data,MonoBehaviour,MonoBehaviour_5239011273051746418,5239011273051746418,reverse-output\gacha-static\ui-prefab-export\HeroRecruitView\by_type\MonoBehaviour\MonoBehaviour_5239011273051746418.bin,raw
files\yoo\Default\BundleFiles\7f\7f985e1dae908dae92d5f38cbc8a5b82\__data,RectTransform,RectTransform_5239302897520160882,5239302897520160882,reverse-output\gacha-static\ui-prefab-export\HeroRecruitView\by_type\RectTransform\RectTransform_5239302897520160882.bin,raw
files\yoo\Default\BundleFiles\7f\7f985e1dae908dae92d5f38cbc8a5b82\__data,MonoBehaviour,MonoBehaviour_5280079798829985906,5280079798829985906,reverse-output\gacha-static\ui-prefab-export\HeroRecruitView\by_type\MonoBehaviour\MonoBehaviour_5280079798829985906.bin,raw
files\yoo\Default\BundleFiles\7f\7f985e1dae908dae92d5f38cbc8a5b82\__data,MonoBehaviour,MonoBehaviour_5379470195955937394,5379470195955937394,reverse-output\gacha-static\ui-prefab-export\HeroRecruitView\by_type\MonoBehaviour\MonoBehaviour_5379470195955937394.bin,raw
files\yoo\Default\BundleFiles\7f\7f985e1dae908dae92d5f38cbc8a5b82\__data,GameObject,ring_down,5404760728830685298,reverse-output\gacha-static\ui-prefab-export\HeroRecruitView\by_type\GameObject\ring_down_3.bin,raw
files\yoo\Default\BundleFiles\7f\7f985e1dae908dae92d5f38cbc8a5b82\__data,MonoBehaviour,MonoBehaviour_5447372565217161330,5447372565217161330,reverse-output\gacha-static\ui-prefab-export\HeroRecruitView\by_type\MonoBehaviour\MonoBehaviour_5447372565217161330.bin,raw
files\yoo\Default\BundleFiles\7f\7f985e1dae908dae92d5f38cbc8a5b82\__data,MonoBehaviour,MonoBehaviour_5492898701183103090,5492898701183103090,reverse-output\gacha-static\ui-prefab-export\HeroRecruitView\by_type\MonoBehaviour\MonoBehaviour_5492898701183103090.bin,raw
files\yoo\Default\BundleFiles\7f\7f985e1dae908dae92d5f38cbc8a5b82\__data,RectTransform,RectTransform_5499983613106860146,5499983613106860146,reverse-output\gacha-static\ui-prefab-export\HeroRecruitView\by_type\RectTransform\RectTransform_5499983613106860146.bin,raw
files\yoo\Default\BundleFiles\7f\7f985e1dae908dae92d5f38cbc8a5b82\__data,GameObject,@txtTag1,5618785877451878514,reverse-output\gacha-static\ui-prefab-export\HeroRecruitView\by_type\GameObject\@txtTag1.bin,raw
files\yoo\Default\BundleFiles\7f\7f985e1dae908dae92d5f38cbc8a5b82\__data,MonoBehaviour,MonoBehaviour_5619505338657157234,5619505338657157234,reverse-output\gacha-static\ui-prefab-export\HeroRecruitView\by_type\MonoBehaviour\MonoBehaviour_5619505338657157234.bin,raw
files\yoo\Default\BundleFiles\7f\7f985e1dae908dae92d5f38cbc8a5b82\__data,MonoBehaviour,MonoBehaviour_5625653308906811506,5625653308906811506,reverse-output\gacha-static\ui-prefab-export\HeroRecruitView\by_type\MonoBehaviour\MonoBehaviour_5625653308906811506.bin,raw
files\yoo\Default\BundleFiles\7f\7f985e1dae908dae92d5f38cbc8a5b82\__data,GameObject,ring_rotation,5636173997890482290,reverse-output\gacha-static\ui-prefab-export\HeroRecruitView\by_type\GameObject\ring_rotation_9.bin,raw
files\yoo\Default\BundleFiles\7f\7f985e1dae908dae92d5f38cbc8a5b82\__data,MonoBehaviour,MonoBehaviour_5644116421182369906,5644116421182369906,reverse-output\gacha-static\ui-prefab-export\HeroRecruitView\by_type\MonoBehaviour\MonoBehaviour_5644116421182369906.bin,raw
files\yoo\Default\BundleFiles\7f\7f985e1dae908dae92d5f38cbc8a5b82\__data,GameObject,Text,5668151678382911602,reverse-output\gacha-static\ui-prefab-export\HeroRecruitView\by_type\GameObject\Text_1.bin,raw
files\yoo\Default\BundleFiles\7f\7f985e1dae908dae92d5f38cbc8a5b82\__data,GameObject,ring_rotation2,5753171445305913458,reverse-output\gacha-static\ui-prefab-export\HeroRecruitView\by_type\GameObject\ring_rotation2_8.bin,raw
files\yoo\Default\BundleFiles\7f\7f985e1dae908dae92d5f38cbc8a5b82\__data,MonoBehaviour,MonoBehaviour_5768234589916573810,5768234589916573810,reverse-output\gacha-static\ui-prefab-export\HeroRecruitView\by_type\MonoBehaviour\MonoBehaviour_5768234589916573810.bin,raw
files\yoo\Default\BundleFiles\7f\7f985e1dae908dae92d5f38cbc8a5b82\__data,RectTransform,RectTransform_5774636283823927410,5774636283823927410,reverse-output\gacha-static\ui-prefab-export\HeroRecruitView\by_type\RectTransform\RectTransform_5774636283823927410.bin,raw
files\yoo\Default\BundleFiles\7f\7f985e1dae908dae92d5f38cbc8a5b82\__data,Sprite,UISprite,5837791642106728268,reverse-output\gacha-static\ui-prefab-export\HeroRecruitView\by_type\Sprite\UISprite.png,png
files\yoo\Default\BundleFiles\7f\7f985e1dae908dae92d5f38cbc8a5b82\__data,MonoBehaviour,MonoBehaviour_5863563800231161970,5863563800231161970,reverse-output\gacha-static\ui-prefab-export\HeroRecruitView\by_type\MonoBehaviour\MonoBehaviour_5863563800231161970.bin,raw
files\yoo\Default\BundleFiles\7f\7f985e1dae908dae92d5f38cbc8a5b82\__data,MonoBehaviour,MonoBehaviour_5878885175261868146,5878885175261868146,reverse-output\gacha-static\ui-prefab-export\HeroRecruitView\by_type\MonoBehaviour\MonoBehaviour_5878885175261868146.bin,raw
files\yoo\Default\BundleFiles\7f\7f985e1dae908dae92d5f38cbc8a5b82\__data,RectTransform,RectTransform_5994444327437742194,5994444327437742194,reverse-output\gacha-static\ui-prefab-export\HeroRecruitView\by_type\RectTransform\RectTransform_5994444327437742194.bin,raw
files\yoo\Default\BundleFiles\7f\7f985e1dae908dae92d5f38cbc8a5b82\__data,RectTransform,RectTransform_5998242538929729650,5998242538929729650,reverse-output\gacha-static\ui-prefab-export\HeroRecruitView\by_type\RectTransform\RectTransform_5998242538929729650.bin,raw
files\yoo\Default\BundleFiles\7f\7f985e1dae908dae92d5f38cbc8a5b82\__data,GameObject,lottery_img_34d,6068571301729218674,reverse-output\gacha-static\ui-prefab-export\HeroRecruitView\by_type\GameObject\lottery_img_34d_8.bin,raw
files\yoo\Default\BundleFiles\7f\7f985e1dae908dae92d5f38cbc8a5b82\__data,GameObject,lottery_img_35d,6088094060790755442,reverse-output\gacha-static\ui-prefab-export\HeroRecruitView\by_type\GameObject\lottery_img_35d_4.bin,raw
files\yoo\Default\BundleFiles\7f\7f985e1dae908dae92d5f38cbc8a5b82\__data,MonoBehaviour,MonoBehaviour_6092501453963931762,6092501453963931762,reverse-output\gacha-static\ui-prefab-export\HeroRecruitView\by_type\MonoBehaviour\MonoBehaviour_6092501453963931762.bin,raw
files\yoo\Default\BundleFiles\7f\7f985e1dae908dae92d5f38cbc8a5b82\__data,RectTransform,RectTransform_6105103668373303410,6105103668373303410,reverse-output\gacha-static\ui-prefab-export\HeroRecruitView\by_type\RectTransform\RectTransform_6105103668373303410.bin,raw
files\yoo\Default\BundleFiles\7f\7f985e1dae908dae92d5f38cbc8a5b82\__data,GameObject,lottery_img_34a,6121295645696209010,reverse-output\gacha-static\ui-prefab-export\HeroRecruitView\by_type\GameObject\lottery_img_34a.bin,raw
files\yoo\Default\BundleFiles\7f\7f985e1dae908dae92d5f38cbc8a5b82\__data,MonoBehaviour,MonoBehaviour_6181560059066986610,6181560059066986610,reverse-output\gacha-static\ui-prefab-export\HeroRecruitView\by_type\MonoBehaviour\MonoBehaviour_6181560059066986610.bin,raw
files\yoo\Default\BundleFiles\7f\7f985e1dae908dae92d5f38cbc8a5b82\__data,GameObject,ring_rotation1,6188566448139743346,reverse-output\gacha-static\ui-prefab-export\HeroRecruitView\by_type\GameObject\ring_rotation1_8.bin,raw
files\yoo\Default\BundleFiles\7f\7f985e1dae908dae92d5f38cbc8a5b82\__data,MonoBehaviour,MonoBehaviour_6200042774424989810,6200042774424989810,reverse-output\gacha-static\ui-prefab-export\HeroRecruitView\by_type\MonoBehaviour\MonoBehaviour_6200042774424989810.bin,raw
files\yoo\Default\BundleFiles\7f\7f985e1dae908dae92d5f38cbc8a5b82\__data,RectTransform,RectTransform_6208101955017322610,6208101955017322610,reverse-output\gacha-static\ui-prefab-export\HeroRecruitView\by_type\RectTransform\RectTransform_6208101955017322610.bin,raw
files\yoo\Default\BundleFiles\7f\7f985e1dae908dae92d5f38cbc8a5b82\__data,MonoBehaviour,MonoBehaviour_6217601353660575858,6217601353660575858,reverse-output\gacha-static\ui-prefab-export\HeroRecruitView\by_type\MonoBehaviour\MonoBehaviour_6217601353660575858.bin,raw
files\yoo\Default\BundleFiles\7f\7f985e1dae908dae92d5f38cbc8a5b82\__data,GameObject,vfx2,6247037108452929650,reverse-output\gacha-static\ui-prefab-export\HeroRecruitView\by_type\GameObject\vfx2.bin,raw
files\yoo\Default\BundleFiles\7f\7f985e1dae908dae92d5f38cbc8a5b82\__data,RectTransform,RectTransform_6328185921711779954,6328185921711779954,reverse-output\gacha-static\ui-prefab-export\HeroRecruitView\by_type\RectTransform\RectTransform_6328185921711779954.bin,raw
files\yoo\Default\BundleFiles\7f\7f985e1dae908dae92d5f38cbc8a5b82\__data,MonoBehaviour,MonoBehaviour_6339423889907003506,6339423889907003506,reverse-output\gacha-static\ui-prefab-export\HeroRecruitView\by_type\MonoBehaviour\MonoBehaviour_6339423889907003506.bin,raw
files\yoo\Default\BundleFiles\7f\7f985e1dae908dae92d5f38cbc8a5b82\__data,GameObject,lottery_img_34d,6358733077633183858,reverse-output\gacha-static\ui-prefab-export\HeroRecruitView\by_type\GameObject\lottery_img_34d_9.bin,raw
files\yoo\Default\BundleFiles\7f\7f985e1dae908dae92d5f38cbc8a5b82\__data,GameObject,lottery_img_34d,6372928069701480562,reverse-output\gacha-static\ui-prefab-export\HeroRecruitView\by_type\GameObject\lottery_img_34d_10.bin,raw
files\yoo\Default\BundleFiles\7f\7f985e1dae908dae92d5f38cbc8a5b82\__data,MonoBehaviour,MonoBehaviour_6394401589664821362,6394401589664821362,reverse-output\gacha-static\ui-prefab-export\HeroRecruitView\by_type\MonoBehaviour\MonoBehaviour_6394401589664821362.bin,raw
files\yoo\Default\BundleFiles\7f\7f985e1dae908dae92d5f38cbc8a5b82\__data,RectTransform,RectTransform_6394575531310198898,6394575531310198898,reverse-output\gacha-static\ui-prefab-export\HeroRecruitView\by_type\RectTransform\RectTransform_6394575531310198898.bin,raw
files\yoo\Default\BundleFiles\7f\7f985e1dae908dae92d5f38cbc8a5b82\__data,RectTransform,RectTransform_6461096677454983282,6461096677454983282,reverse-output\gacha-static\ui-prefab-export\HeroRecruitView\by_type\RectTransform\RectTransform_6461096677454983282.bin,raw
files\yoo\Default\BundleFiles\7f\7f985e1dae908dae92d5f38cbc8a5b82\__data,RectTransform,RectTransform_6482550884504449138,6482550884504449138,reverse-output\gacha-static\ui-prefab-export\HeroRecruitView\by_type\RectTransform\RectTransform_6482550884504449138.bin,raw
files\yoo\Default\BundleFiles\7f\7f985e1dae908dae92d5f38cbc8a5b82\__data,RectTransform,RectTransform_6516230916885262450,6516230916885262450,reverse-output\gacha-static\ui-prefab-export\HeroRecruitView\by_type\RectTransform\RectTransform_6516230916885262450.bin,raw
files\yoo\Default\BundleFiles\7f\7f985e1dae908dae92d5f38cbc8a5b82\__data,MonoBehaviour,MonoBehaviour_6555556879024140402,6555556879024140402,reverse-output\gacha-static\ui-prefab-export\HeroRecruitView\by_type\MonoBehaviour\MonoBehaviour_6555556879024140402.bin,raw
files\yoo\Default\BundleFiles\7f\7f985e1dae908dae92d5f38cbc8a5b82\__data,GameObject,glow,6609396341819453554,reverse-output\gacha-static\ui-prefab-export\HeroRecruitView\by_type\GameObject\glow_1.bin,raw
files\yoo\Default\BundleFiles\7f\7f985e1dae908dae92d5f38cbc8a5b82\__data,GameObject,ImgFrame_red_l,6664638599585607794,reverse-output\gacha-static\ui-prefab-export\HeroRecruitView\by_type\GameObject\ImgFrame_red_l.bin,raw
files\yoo\Default\BundleFiles\7f\7f985e1dae908dae92d5f38cbc8a5b82\__data,MonoBehaviour,MonoBehaviour_6752003158598758514,6752003158598758514,reverse-output\gacha-static\ui-prefab-export\HeroRecruitView\by_type\MonoBehaviour\MonoBehaviour_6752003158598758514.bin,raw
files\yoo\Default\BundleFiles\7f\7f985e1dae908dae92d5f38cbc8a5b82\__data,MonoBehaviour,MonoBehaviour_6756617168432017522,6756617168432017522,reverse-output\gacha-static\ui-prefab-export\HeroRecruitView\by_type\MonoBehaviour\MonoBehaviour_6756617168432017522.bin,raw
files\yoo\Default\BundleFiles\7f\7f985e1dae908dae92d5f38cbc8a5b82\__data,MonoBehaviour,MonoBehaviour_6809441702734540914,6809441702734540914,reverse-output\gacha-static\ui-prefab-export\HeroRecruitView\by_type\MonoBehaviour\MonoBehaviour_6809441702734540914.bin,raw
files\yoo\Default\BundleFiles\7f\7f985e1dae908dae92d5f38cbc8a5b82\__data,RectTransform,RectTransform_6832799594755666034,6832799594755666034,reverse-output\gacha-static\ui-prefab-export\HeroRecruitView\by_type\RectTransform\RectTransform_6832799594755666034.bin,raw
files\yoo\Default\BundleFiles\7f\7f985e1dae908dae92d5f38cbc8a5b82\__data,MonoBehaviour,MonoBehaviour_6836287840567439474,6836287840567439474,reverse-output\gacha-static\ui-prefab-export\HeroRecruitView\by_type\MonoBehaviour\MonoBehaviour_6836287840567439474.bin,raw
files\yoo\Default\BundleFiles\7f\7f985e1dae908dae92d5f38cbc8a5b82\__data,RectTransform,RectTransform_6844021717778641010,6844021717778641010,reverse-output\gacha-static\ui-prefab-export\HeroRecruitView\by_type\RectTransform\RectTransform_6844021717778641010.bin,raw
files\yoo\Default\BundleFiles\7f\7f985e1dae908dae92d5f38cbc8a5b82\__data,RectTransform,RectTransform_6849477763194368114,6849477763194368114,reverse-output\gacha-static\ui-prefab-export\HeroRecruitView\by_type\RectTransform\RectTransform_6849477763194368114.bin,raw
files\yoo\Default\BundleFiles\7f\7f985e1dae908dae92d5f38cbc8a5b82\__data,MonoBehaviour,MonoBehaviour_6868625056598667378,6868625056598667378,reverse-output\gacha-static\ui-prefab-export\HeroRecruitView\by_type\MonoBehaviour\MonoBehaviour_6868625056598667378.bin,raw
files\yoo\Default\BundleFiles\7f\7f985e1dae908dae92d5f38cbc8a5b82\__data,MonoBehaviour,MonoBehaviour_6878639632930189426,6878639632930189426,reverse-output\gacha-static\ui-prefab-export\HeroRecruitView\by_type\MonoBehaviour\MonoBehaviour_6878639632930189426.bin,raw
files\yoo\Default\BundleFiles\7f\7f985e1dae908dae92d5f38cbc8a5b82\__data,RectTransform,RectTransform_6884710745153745010,6884710745153745010,reverse-output\gacha-static\ui-prefab-export\HeroRecruitView\by_type\RectTransform\RectTransform_6884710745153745010.bin,raw
files\yoo\Default\BundleFiles\7f\7f985e1dae908dae92d5f38cbc8a5b82\__data,MonoBehaviour,MonoBehaviour_6887091544845463666,6887091544845463666,reverse-output\gacha-static\ui-prefab-export\HeroRecruitView\by_type\MonoBehaviour\MonoBehaviour_6887091544845463666.bin,raw
files\yoo\Default\BundleFiles\7f\7f985e1dae908dae92d5f38cbc8a5b82\__data,RectTransform,RectTransform_6891803594391695474,6891803594391695474,reverse-output\gacha-static\ui-prefab-export\HeroRecruitView\by_type\RectTransform\RectTransform_6891803594391695474.bin,raw
files\yoo\Default\BundleFiles\7f\7f985e1dae908dae92d5f38cbc8a5b82\__data,MonoBehaviour,MonoBehaviour_6919248140252491890,6919248140252491890,reverse-output\gacha-static\ui-prefab-export\HeroRecruitView\by_type\MonoBehaviour\MonoBehaviour_6919248140252491890.bin,raw
files\yoo\Default\BundleFiles\7f\7f985e1dae908dae92d5f38cbc8a5b82\__data,MonoBehaviour,MonoBehaviour_6929149081124876402,6929149081124876402,reverse-output\gacha-static\ui-prefab-export\HeroRecruitView\by_type\MonoBehaviour\MonoBehaviour_6929149081124876402.bin,raw
files\yoo\Default\BundleFiles\7f\7f985e1dae908dae92d5f38cbc8a5b82\__data,RectTransform,RectTransform_6937392560167334002,6937392560167334002,reverse-output\gacha-static\ui-prefab-export\HeroRecruitView\by_type\RectTransform\RectTransform_6937392560167334002.bin,raw
files\yoo\Default\BundleFiles\7f\7f985e1dae908dae92d5f38cbc8a5b82\__data,MonoBehaviour,MonoBehaviour_7005246693974945906,7005246693974945906,reverse-output\gacha-static\ui-prefab-export\HeroRecruitView\by_type\MonoBehaviour\MonoBehaviour_7005246693974945906.bin,raw
files\yoo\Default\BundleFiles\7f\7f985e1dae908dae92d5f38cbc8a5b82\__data,MonoBehaviour,MonoBehaviour_7042271488734605426,7042271488734605426,reverse-output\gacha-static\ui-prefab-export\HeroRecruitView\by_type\MonoBehaviour\MonoBehaviour_7042271488734605426.bin,raw
files\yoo\Default\BundleFiles\7f\7f985e1dae908dae92d5f38cbc8a5b82\__data,MonoBehaviour,MonoBehaviour_7077084167362457714,7077084167362457714,reverse-output\gacha-static\ui-prefab-export\HeroRecruitView\by_type\MonoBehaviour\MonoBehaviour_7077084167362457714.bin,raw
files\yoo\Default\BundleFiles\7f\7f985e1dae908dae92d5f38cbc8a5b82\__data,GameObject,@imgTypeNew_34,7090578226344243314,reverse-output\gacha-static\ui-prefab-export\HeroRecruitView\by_type\GameObject\@imgTypeNew_34.bin,raw
files\yoo\Default\BundleFiles\7f\7f985e1dae908dae92d5f38cbc8a5b82\__data,GameObject,riVideo,7113983823180345458,reverse-output\gacha-static\ui-prefab-export\HeroRecruitView\by_type\GameObject\riVideo.bin,raw
files\yoo\Default\BundleFiles\7f\7f985e1dae908dae92d5f38cbc8a5b82\__data,RectTransform,RectTransform_7163522562533568626,7163522562533568626,reverse-output\gacha-static\ui-prefab-export\HeroRecruitView\by_type\RectTransform\RectTransform_7163522562533568626.bin,raw
files\yoo\Default\BundleFiles\7f\7f985e1dae908dae92d5f38cbc8a5b82\__data,MonoBehaviour,MonoBehaviour_7187004010411274354,7187004010411274354,reverse-output\gacha-static\ui-prefab-export\HeroRecruitView\by_type\MonoBehaviour\MonoBehaviour_7187004010411274354.bin,raw
files\yoo\Default\BundleFiles\7f\7f985e1dae908dae92d5f38cbc8a5b82\__data,GameObject,lottery_img_34d,7208362539266879602,reverse-output\gacha-static\ui-prefab-export\HeroRecruitView\by_type\GameObject\lottery_img_34d_11.bin,raw
files\yoo\Default\BundleFiles\7f\7f985e1dae908dae92d5f38cbc8a5b82\__data,RectTransform,RectTransform_7230978390515855474,7230978390515855474,reverse-output\gacha-static\ui-prefab-export\HeroRecruitView\by_type\RectTransform\RectTransform_7230978390515855474.bin,raw
files\yoo\Default\BundleFiles\7f\7f985e1dae908dae92d5f38cbc8a5b82\__data,GameObject,lottery_img_33a_effect,7233685521609470066,reverse-output\gacha-static\ui-prefab-export\HeroRecruitView\by_type\GameObject\lottery_img_33a_effect.bin,raw
files\yoo\Default\BundleFiles\7f\7f985e1dae908dae92d5f38cbc8a5b82\__data,MonoBehaviour,MonoBehaviour_7247975282834288754,7247975282834288754,reverse-output\gacha-static\ui-prefab-export\HeroRecruitView\by_type\MonoBehaviour\MonoBehaviour_7247975282834288754.bin,raw
files\yoo\Default\BundleFiles\7f\7f985e1dae908dae92d5f38cbc8a5b82\__data,GameObject,lottery_img_35d,7277455470471229554,reverse-output\gacha-static\ui-prefab-export\HeroRecruitView\by_type\GameObject\lottery_img_35d_5.bin,raw
files\yoo\Default\BundleFiles\7f\7f985e1dae908dae92d5f38cbc8a5b82\__data,RectTransform,RectTransform_7321422325303160946,7321422325303160946,reverse-output\gacha-static\ui-prefab-export\HeroRecruitView\by_type\RectTransform\RectTransform_7321422325303160946.bin,raw
files\yoo\Default\BundleFiles\7f\7f985e1dae908dae92d5f38cbc8a5b82\__data,GameObject,@imgTypeNew_33,7343952318908412018,reverse-output\gacha-static\ui-prefab-export\HeroRecruitView\by_type\GameObject\@imgTypeNew_33.bin,raw
files\yoo\Default\BundleFiles\7f\7f985e1dae908dae92d5f38cbc8a5b82\__data,RectTransform,RectTransform_7352161353525571698,7352161353525571698,reverse-output\gacha-static\ui-prefab-export\HeroRecruitView\by_type\RectTransform\RectTransform_7352161353525571698.bin,raw
files\yoo\Default\BundleFiles\7f\7f985e1dae908dae92d5f38cbc8a5b82\__data,RectTransform,RectTransform_7365134972739596402,7365134972739596402,reverse-output\gacha-static\ui-prefab-export\HeroRecruitView\by_type\RectTransform\RectTransform_7365134972739596402.bin,raw
files\yoo\Default\BundleFiles\7f\7f985e1dae908dae92d5f38cbc8a5b82\__data,GameObject,HeroRecruitView,7365850670374531186,reverse-output\gacha-static\ui-prefab-export\HeroRecruitView\by_container\Assets\Game\RawAssets\Prefabs\UI\LotteryDraw\HeroRecruitView.bin,raw
files\yoo\Default\BundleFiles\7f\7f985e1dae908dae92d5f38cbc8a5b82\__data,MonoBehaviour,MonoBehaviour_7389502345250353266,7389502345250353266,reverse-output\gacha-static\ui-prefab-export\HeroRecruitView\by_type\MonoBehaviour\MonoBehaviour_7389502345250353266.bin,raw
files\yoo\Default\BundleFiles\7f\7f985e1dae908dae92d5f38cbc8a5b82\__data,GameObject,ImgFrame_yellow,7441662703686201458,reverse-output\gacha-static\ui-prefab-export\HeroRecruitView\by_type\GameObject\ImgFrame_yellow.bin,raw
files\yoo\Default\BundleFiles\7f\7f985e1dae908dae92d5f38cbc8a5b82\__data,RectTransform,RectTransform_7462972518688567410,7462972518688567410,reverse-output\gacha-static\ui-prefab-export\HeroRecruitView\by_type\RectTransform\RectTransform_7462972518688567410.bin,raw
files\yoo\Default\BundleFiles\7f\7f985e1dae908dae92d5f38cbc8a5b82\__data,MonoBehaviour,MonoBehaviour_7463716497384616050,7463716497384616050,reverse-output\gacha-static\ui-prefab-export\HeroRecruitView\by_type\MonoBehaviour\MonoBehaviour_7463716497384616050.bin,raw
files\yoo\Default\BundleFiles\7f\7f985e1dae908dae92d5f38cbc8a5b82\__data,GameObject,lottery_img_37d,7466988158395297906,reverse-output\gacha-static\ui-prefab-export\HeroRecruitView\by_type\GameObject\lottery_img_37d_3.bin,raw
files\yoo\Default\BundleFiles\7f\7f985e1dae908dae92d5f38cbc8a5b82\__data,MonoBehaviour,MonoBehaviour_7468873589075947634,7468873589075947634,reverse-output\gacha-static\ui-prefab-export\HeroRecruitView\by_type\MonoBehaviour\MonoBehaviour_7468873589075947634.bin,raw
files\yoo\Default\BundleFiles\7f\7f985e1dae908dae92d5f38cbc8a5b82\__data,RectTransform,RectTransform_7479052664798261362,7479052664798261362,reverse-output\gacha-static\ui-prefab-export\HeroRecruitView\by_type\RectTransform\RectTransform_7479052664798261362.bin,raw
files\yoo\Default\BundleFiles\7f\7f985e1dae908dae92d5f38cbc8a5b82\__data,RectTransform,RectTransform_7486262781053644914,7486262781053644914,reverse-output\gacha-static\ui-prefab-export\HeroRecruitView\by_type\RectTransform\RectTransform_7486262781053644914.bin,raw
files\yoo\Default\BundleFiles\7f\7f985e1dae908dae92d5f38cbc8a5b82\__data,GameObject,ring_down,7520317006397780082,reverse-output\gacha-static\ui-prefab-export\HeroRecruitView\by_type\GameObject\ring_down_4.bin,raw
files\yoo\Default\BundleFiles\7f\7f985e1dae908dae92d5f38cbc8a5b82\__data,RectTransform,RectTransform_7529662102169464946,7529662102169464946,reverse-output\gacha-static\ui-prefab-export\HeroRecruitView\by_type\RectTransform\RectTransform_7529662102169464946.bin,raw
files\yoo\Default\BundleFiles\7f\7f985e1dae908dae92d5f38cbc8a5b82\__data,GameObject,spineHeroQReflection,7677083720471031922,reverse-output\gacha-static\ui-prefab-export\HeroRecruitView\by_type\GameObject\spineHeroQReflection.bin,raw
files\yoo\Default\BundleFiles\7f\7f985e1dae908dae92d5f38cbc8a5b82\__data,GameObject,lottery_img_35a_effect,7737898432964735090,reverse-output\gacha-static\ui-prefab-export\HeroRecruitView\by_type\GameObject\lottery_img_35a_effect.bin,raw
files\yoo\Default\BundleFiles\7f\7f985e1dae908dae92d5f38cbc8a5b82\__data,MonoBehaviour,MonoBehaviour_7745643991529500786,7745643991529500786,reverse-output\gacha-static\ui-prefab-export\HeroRecruitView\by_type\MonoBehaviour\MonoBehaviour_7745643991529500786.bin,raw
files\yoo\Default\BundleFiles\7f\7f985e1dae908dae92d5f38cbc8a5b82\__data,RectTransform,RectTransform_7762076395817676914,7762076395817676914,reverse-output\gacha-static\ui-prefab-export\HeroRecruitView\by_type\RectTransform\RectTransform_7762076395817676914.bin,raw
files\yoo\Default\BundleFiles\7f\7f985e1dae908dae92d5f38cbc8a5b82\__data,RectTransform,RectTransform_7778558980024053874,7778558980024053874,reverse-output\gacha-static\ui-prefab-export\HeroRecruitView\by_type\RectTransform\RectTransform_7778558980024053874.bin,raw
files\yoo\Default\BundleFiles\7f\7f985e1dae908dae92d5f38cbc8a5b82\__data,MonoBehaviour,MonoBehaviour_7782120158225772658,7782120158225772658,reverse-output\gacha-static\ui-prefab-export\HeroRecruitView\by_type\MonoBehaviour\MonoBehaviour_7782120158225772658.bin,raw
files\yoo\Default\BundleFiles\7f\7f985e1dae908dae92d5f38cbc8a5b82\__data,MonoBehaviour,MonoBehaviour_7859767815731622002,7859767815731622002,reverse-output\gacha-static\ui-prefab-export\HeroRecruitView\by_type\MonoBehaviour\MonoBehaviour_7859767815731622002.bin,raw
files\yoo\Default\BundleFiles\7f\7f985e1dae908dae92d5f38cbc8a5b82\__data,GameObject,ring_top,7871909243147071602,reverse-output\gacha-static\ui-prefab-export\HeroRecruitView\by_type\GameObject\ring_top_4.bin,raw
files\yoo\Default\BundleFiles\7f\7f985e1dae908dae92d5f38cbc8a5b82\__data,RectTransform,RectTransform_7927137278453166194,7927137278453166194,reverse-output\gacha-static\ui-prefab-export\HeroRecruitView\by_type\RectTransform\RectTransform_7927137278453166194.bin,raw
files\yoo\Default\BundleFiles\7f\7f985e1dae908dae92d5f38cbc8a5b82\__data,RectTransform,RectTransform_7945025302898225266,7945025302898225266,reverse-output\gacha-static\ui-prefab-export\HeroRecruitView\by_type\RectTransform\RectTransform_7945025302898225266.bin,raw
files\yoo\Default\BundleFiles\7f\7f985e1dae908dae92d5f38cbc8a5b82\__data,RectTransform,RectTransform_7966757465932116082,7966757465932116082,reverse-output\gacha-static\ui-prefab-export\HeroRecruitView\by_type\RectTransform\RectTransform_7966757465932116082.bin,raw
files\yoo\Default\BundleFiles\7f\7f985e1dae908dae92d5f38cbc8a5b82\__data,RectTransform,RectTransform_7971222368650408050,7971222368650408050,reverse-output\gacha-static\ui-prefab-export\HeroRecruitView\by_type\RectTransform\RectTransform_7971222368650408050.bin,raw
files\yoo\Default\BundleFiles\7f\7f985e1dae908dae92d5f38cbc8a5b82\__data,MonoBehaviour,MonoBehaviour_7984324666721185906,7984324666721185906,reverse-output\gacha-static\ui-prefab-export\HeroRecruitView\by_type\MonoBehaviour\MonoBehaviour_7984324666721185906.bin,raw
files\yoo\Default\BundleFiles\7f\7f985e1dae908dae92d5f38cbc8a5b82\__data,GameObject,gyunlizi3,8061045161351786610,reverse-output\gacha-static\ui-prefab-export\HeroRecruitView\by_type\GameObject\gyunlizi3_1.bin,raw
files\yoo\Default\BundleFiles\7f\7f985e1dae908dae92d5f38cbc8a5b82\__data,RectTransform,RectTransform_8065324423438807154,8065324423438807154,reverse-output\gacha-static\ui-prefab-export\HeroRecruitView\by_type\RectTransform\RectTransform_8065324423438807154.bin,raw
files\yoo\Default\BundleFiles\7f\7f985e1dae908dae92d5f38cbc8a5b82\__data,GameObject,ring_rotation2,8084945704640786546,reverse-output\gacha-static\ui-prefab-export\HeroRecruitView\by_type\GameObject\ring_rotation2_9.bin,raw
files\yoo\Default\BundleFiles\7f\7f985e1dae908dae92d5f38cbc8a5b82\__data,GameObject,spineHeroQ,8091116980466364530,reverse-output\gacha-static\ui-prefab-export\HeroRecruitView\by_type\GameObject\spineHeroQ.bin,raw
files\yoo\Default\BundleFiles\7f\7f985e1dae908dae92d5f38cbc8a5b82\__data,RectTransform,RectTransform_8156598540577026162,8156598540577026162,reverse-output\gacha-static\ui-prefab-export\HeroRecruitView\by_type\RectTransform\RectTransform_8156598540577026162.bin,raw
files\yoo\Default\BundleFiles\7f\7f985e1dae908dae92d5f38cbc8a5b82\__data,RectTransform,RectTransform_8164763946373623922,8164763946373623922,reverse-output\gacha-static\ui-prefab-export\HeroRecruitView\by_type\RectTransform\RectTransform_8164763946373623922.bin,raw
files\yoo\Default\BundleFiles\7f\7f985e1dae908dae92d5f38cbc8a5b82\__data,MonoBehaviour,MonoBehaviour_8234896166051131506,8234896166051131506,reverse-output\gacha-static\ui-prefab-export\HeroRecruitView\by_type\MonoBehaviour\MonoBehaviour_8234896166051131506.bin,raw
files\yoo\Default\BundleFiles\7f\7f985e1dae908dae92d5f38cbc8a5b82\__data,RectTransform,RectTransform_8253267095195299954,8253267095195299954,reverse-output\gacha-static\ui-prefab-export\HeroRecruitView\by_type\RectTransform\RectTransform_8253267095195299954.bin,raw
files\yoo\Default\BundleFiles\7f\7f985e1dae908dae92d5f38cbc8a5b82\__data,RectTransform,RectTransform_8276769716546121842,8276769716546121842,reverse-output\gacha-static\ui-prefab-export\HeroRecruitView\by_type\RectTransform\RectTransform_8276769716546121842.bin,raw
files\yoo\Default\BundleFiles\7f\7f985e1dae908dae92d5f38cbc8a5b82\__data,RectTransform,RectTransform_8282387401710514290,8282387401710514290,reverse-output\gacha-static\ui-prefab-export\HeroRecruitView\by_type\RectTransform\RectTransform_8282387401710514290.bin,raw
files\yoo\Default\BundleFiles\7f\7f985e1dae908dae92d5f38cbc8a5b82\__data,MonoBehaviour,MonoBehaviour_8324799409938116722,8324799409938116722,reverse-output\gacha-static\ui-prefab-export\HeroRecruitView\by_type\MonoBehaviour\MonoBehaviour_8324799409938116722.bin,raw
files\yoo\Default\BundleFiles\7f\7f985e1dae908dae92d5f38cbc8a5b82\__data,GameObject,@txtTag3,8327161723281617010,reverse-output\gacha-static\ui-prefab-export\HeroRecruitView\by_type\GameObject\@txtTag3.bin,raw
files\yoo\Default\BundleFiles\7f\7f985e1dae908dae92d5f38cbc8a5b82\__data,MonoBehaviour,MonoBehaviour_8352094663834153074,8352094663834153074,reverse-output\gacha-static\ui-prefab-export\HeroRecruitView\by_type\MonoBehaviour\MonoBehaviour_8352094663834153074.bin,raw
files\yoo\Default\BundleFiles\7f\7f985e1dae908dae92d5f38cbc8a5b82\__data,GameObject,pnlMessage,8398401779993555058,reverse-output\gacha-static\ui-prefab-export\HeroRecruitView\by_type\GameObject\pnlMessage.bin,raw
files\yoo\Default\BundleFiles\7f\7f985e1dae908dae92d5f38cbc8a5b82\__data,RectTransform,RectTransform_8428551151948607602,8428551151948607602,reverse-output\gacha-static\ui-prefab-export\HeroRecruitView\by_type\RectTransform\RectTransform_8428551151948607602.bin,raw
files\yoo\Default\BundleFiles\7f\7f985e1dae908dae92d5f38cbc8a5b82\__data,MonoBehaviour,MonoBehaviour_8440263111762784370,8440263111762784370,reverse-output\gacha-static\ui-prefab-export\HeroRecruitView\by_type\MonoBehaviour\MonoBehaviour_8440263111762784370.bin,raw
files\yoo\Default\BundleFiles\7f\7f985e1dae908dae92d5f38cbc8a5b82\__data,GameObject,ImgFrame_purple,8441693909756883058,reverse-output\gacha-static\ui-prefab-export\HeroRecruitView\by_type\GameObject\ImgFrame_purple.bin,raw
files\yoo\Default\BundleFiles\7f\7f985e1dae908dae92d5f38cbc8a5b82\__data,MonoBehaviour,MonoBehaviour_8463790138205614194,8463790138205614194,reverse-output\gacha-static\ui-prefab-export\HeroRecruitView\by_type\MonoBehaviour\MonoBehaviour_8463790138205614194.bin,raw
files\yoo\Default\BundleFiles\7f\7f985e1dae908dae92d5f38cbc8a5b82\__data,MonoBehaviour,MonoBehaviour_8464333114564423794,8464333114564423794,reverse-output\gacha-static\ui-prefab-export\HeroRecruitView\by_type\MonoBehaviour\MonoBehaviour_8464333114564423794.bin,raw
files\yoo\Default\BundleFiles\7f\7f985e1dae908dae92d5f38cbc8a5b82\__data,MonoBehaviour,MonoBehaviour_8498171453748031602,8498171453748031602,reverse-output\gacha-static\ui-prefab-export\HeroRecruitView\by_type\MonoBehaviour\MonoBehaviour_8498171453748031602.bin,raw
files\yoo\Default\BundleFiles\7f\7f985e1dae908dae92d5f38cbc8a5b82\__data,MonoBehaviour,MonoBehaviour_8544360513826336882,8544360513826336882,reverse-output\gacha-static\ui-prefab-export\HeroRecruitView\by_type\MonoBehaviour\MonoBehaviour_8544360513826336882.bin,raw
files\yoo\Default\BundleFiles\7f\7f985e1dae908dae92d5f38cbc8a5b82\__data,GameObject,pnlHeroSilhouette,8558907202108600434,reverse-output\gacha-static\ui-prefab-export\HeroRecruitView\by_type\GameObject\pnlHeroSilhouette.bin,raw
files\yoo\Default\BundleFiles\7f\7f985e1dae908dae92d5f38cbc8a5b82\__data,MonoBehaviour,MonoBehaviour_8566955386980348018,8566955386980348018,reverse-output\gacha-static\ui-prefab-export\HeroRecruitView\by_type\MonoBehaviour\MonoBehaviour_8566955386980348018.bin,raw
files\yoo\Default\BundleFiles\7f\7f985e1dae908dae92d5f38cbc8a5b82\__data,GameObject,ring_rotation1,8776440908979449970,reverse-output\gacha-static\ui-prefab-export\HeroRecruitView\by_type\GameObject\ring_rotation1_9.bin,raw
files\yoo\Default\BundleFiles\7f\7f985e1dae908dae92d5f38cbc8a5b82\__data,GameObject,lottery_img_37d,8780897657265729650,reverse-output\gacha-static\ui-prefab-export\HeroRecruitView\by_type\GameObject\lottery_img_37d_4.bin,raw
files\yoo\Default\BundleFiles\7f\7f985e1dae908dae92d5f38cbc8a5b82\__data,RectTransform,RectTransform_8785361502230556786,8785361502230556786,reverse-output\gacha-static\ui-prefab-export\HeroRecruitView\by_type\RectTransform\RectTransform_8785361502230556786.bin,raw
files\yoo\Default\BundleFiles\7f\7f985e1dae908dae92d5f38cbc8a5b82\__data,RectTransform,RectTransform_8834596420476088434,8834596420476088434,reverse-output\gacha-static\ui-prefab-export\HeroRecruitView\by_type\RectTransform\RectTransform_8834596420476088434.bin,raw
files\yoo\Default\BundleFiles\7f\7f985e1dae908dae92d5f38cbc8a5b82\__data,GameObject,lottery_img_37d,8835304990432505970,reverse-output\gacha-static\ui-prefab-export\HeroRecruitView\by_type\GameObject\lottery_img_37d_5.bin,raw
files\yoo\Default\BundleFiles\7f\7f985e1dae908dae92d5f38cbc8a5b82\__data,GameObject,@ImgFrame_yellow,8898046469318586482,reverse-output\gacha-static\ui-prefab-export\HeroRecruitView\by_type\GameObject\@ImgFrame_yellow.bin,raw
files\yoo\Default\BundleFiles\7f\7f985e1dae908dae92d5f38cbc8a5b82\__data,RectTransform,RectTransform_8976307740397809778,8976307740397809778,reverse-output\gacha-static\ui-prefab-export\HeroRecruitView\by_type\RectTransform\RectTransform_8976307740397809778.bin,raw
files\yoo\Default\BundleFiles\7f\7f985e1dae908dae92d5f38cbc8a5b82\__data,MonoBehaviour,MonoBehaviour_8987755176888250482,8987755176888250482,reverse-output\gacha-static\ui-prefab-export\HeroRecruitView\by_type\MonoBehaviour\MonoBehaviour_8987755176888250482.bin,raw
files\yoo\Default\BundleFiles\7f\7f985e1dae908dae92d5f38cbc8a5b82\__data,GameObject,lottery_img_34a_effect,9054672394293293170,reverse-output\gacha-static\ui-prefab-export\HeroRecruitView\by_type\GameObject\lottery_img_34a_effect.bin,raw
files\yoo\Default\BundleFiles\7f\7f985e1dae908dae92d5f38cbc8a5b82\__data,GameObject,Renderer0,9073805040747819122,reverse-output\gacha-static\ui-prefab-export\HeroRecruitView\by_type\GameObject\Renderer0_2.bin,raw
files\yoo\Default\BundleFiles\7f\7f985e1dae908dae92d5f38cbc8a5b82\__data,GameObject,pnlTag1,9096283544604455026,reverse-output\gacha-static\ui-prefab-export\HeroRecruitView\by_type\GameObject\pnlTag1.bin,raw
files\yoo\Default\BundleFiles\7f\7f985e1dae908dae92d5f38cbc8a5b82\__data,MonoBehaviour,MonoBehaviour_9108234099522744434,9108234099522744434,reverse-output\gacha-static\ui-prefab-export\HeroRecruitView\by_type\MonoBehaviour\MonoBehaviour_9108234099522744434.bin,raw
files\yoo\Default\BundleFiles\7f\7f985e1dae908dae92d5f38cbc8a5b82\__data,MonoBehaviour,MonoBehaviour_9181130304399224946,9181130304399224946,reverse-output\gacha-static\ui-prefab-export\HeroRecruitView\by_type\MonoBehaviour\MonoBehaviour_9181130304399224946.bin,raw
files\yoo\Default\BundleFiles\7f\7f985e1dae908dae92d5f38cbc8a5b82\__data,MonoBehaviour,MonoBehaviour_9196072269633368178,9196072269633368178,reverse-output\gacha-static\ui-prefab-export\HeroRecruitView\by_type\MonoBehaviour\MonoBehaviour_9196072269633368178.bin,raw
files\yoo\Default\BundleFiles\7f\7f985e1dae908dae92d5f38cbc8a5b82\__data,MonoBehaviour,MonoBehaviour_9223060612965347442,9223060612965347442,reverse-output\gacha-static\ui-prefab-export\HeroRecruitView\by_type\MonoBehaviour\MonoBehaviour_9223060612965347442.bin,raw
